{
"type": "FeatureCollection",
"name": "25_HRS_BreadHeight",
"crs": { "type": "name", "properties": { "name": "urn:ogc:def:crs:EPSG::4269" } },
"features": [
{ "type": "Feature", "properties": { "Lower": 4.0216 }, "geometry": { "type": "Polygon", "coordinates": [ [ [ -97.05091609, 45.55504131 ], [ -97.04902678, 45.59391082 ], [ -97.04410844, 45.63278031 ], [ -97.03672214, 45.67164979 ], [ -97.02721996, 45.71051928 ], [ -97.01824501, 45.74123648 ], [ -97.01578486, 45.74938876 ], [ -97.00190576, 45.78825825 ], [ -96.986179, 45.82712774 ], [ -96.97937552, 45.84217982 ], [ -96.9668716, 45.86599722 ], [ -96.94282402, 45.90486673 ], [ -96.94050601, 45.90805055 ], [ -96.90211811, 45.94373622 ], [ -96.90163652, 45.94411444 ], [ -96.86276704, 45.96111777 ], [ -96.82389755, 45.964953 ], [ -96.78502807, 45.95857154 ], [ -96.74615859, 45.94424473 ], [ -96.744992, 45.94373622 ], [ -96.70728907, 45.93013331 ], [ -96.66841959, 45.91898923 ], [ -96.6295501, 45.91338367 ], [ -96.60579449, 45.90486673 ], [ -96.59068062, 45.90041272 ], [ -96.55181114, 45.87755808 ], [ -96.54064329, 45.86599722 ], [ -96.51772906, 45.82712774 ], [ -96.51294165, 45.81097744 ], [ -96.50797368, 45.78825825 ], [ -96.50291798, 45.74938876 ], [ -96.49813101, 45.71051928 ], [ -96.49001946, 45.67164979 ], [ -96.47879809, 45.63278031 ], [ -96.47407214, 45.61795415 ], [ -96.46370869, 45.59391082 ], [ -96.44601139, 45.55504131 ], [ -96.43520265, 45.53117573 ], [ -96.42595149, 45.51617182 ], [ -96.40223249, 45.47730234 ], [ -96.39633317, 45.46755954 ], [ -96.37298396, 45.43843285 ], [ -96.35746368, 45.41940819 ], [ -96.33695771, 45.39956336 ], [ -96.3185942, 45.3815683 ], [ -96.29263139, 45.36069388 ], [ -96.27972472, 45.34993879 ], [ -96.2408552, 45.32304821 ], [ -96.23897457, 45.32182439 ], [ -96.20198572, 45.29559696 ], [ -96.18132672, 45.28295491 ], [ -96.16311623, 45.27104037 ], [ -96.12424675, 45.2477854 ], [ -96.11775583, 45.2440854 ], [ -96.08537727, 45.22421346 ], [ -96.05166331, 45.20521591 ], [ -96.04650778, 45.20208734 ], [ -96.00763827, 45.17920872 ], [ -95.98454829, 45.16634642 ], [ -95.96876878, 45.15687834 ], [ -95.9298993, 45.13458327 ], [ -95.91717582, 45.12747694 ], [ -95.89102981, 45.11128029 ], [ -95.85216033, 45.09013161 ], [ -95.84950015, 45.08860745 ], [ -95.81329085, 45.06423821 ], [ -95.78853218, 45.04973796 ], [ -95.77442133, 45.04016141 ], [ -95.73555185, 45.0155712 ], [ -95.72774762, 45.01086848 ], [ -95.69668236, 44.98963089 ], [ -95.6686552, 44.97199899 ], [ -95.65781288, 44.96431105 ], [ -95.6189434, 44.9385272 ], [ -95.58007391, 44.9622789 ], [ -95.58007391, 44.96223058 ], [ -95.60917794, 44.93312948 ], [ -95.6189434, 44.92336403 ], [ -95.64804946, 44.89426 ], [ -95.6480502, 44.85539051 ], [ -95.65781288, 44.84562783 ], [ -95.68692026, 44.81652102 ], [ -95.68692004, 44.77765154 ], [ -95.69668236, 44.76788921 ], [ -95.7257884, 44.73878205 ], [ -95.725787, 44.69991256 ], [ -95.73555185, 44.69014771 ], [ -95.76465321, 44.66104308 ], [ -95.76470152, 44.66104308 ], [ -95.76904872, 44.69991256 ], [ -95.77442133, 44.70286464 ], [ -95.81329085, 44.72299821 ], [ -95.84820261, 44.73878205 ], [ -95.85216033, 44.74071874 ], [ -95.89102981, 44.75741575 ], [ -95.9298993, 44.77217182 ], [ -95.94548523, 44.77765154 ], [ -95.96876878, 44.78684563 ], [ -96.00763827, 44.80064996 ], [ -96.04650778, 44.81250865 ], [ -96.0605502, 44.81652102 ], [ -96.08537727, 44.82455869 ], [ -96.12424675, 44.83597468 ], [ -96.16311623, 44.84594607 ], [ -96.20198572, 44.85467182 ], [ -96.20529272, 44.85539051 ], [ -96.2408552, 44.86421729 ], [ -96.27972472, 44.87275861 ], [ -96.3185942, 44.88034332 ], [ -96.35746368, 44.8870118 ], [ -96.39633317, 44.89298304 ], [ -96.4049949, 44.89426 ], [ -96.43520265, 44.89945341 ], [ -96.47407214, 44.90566896 ], [ -96.51294165, 44.91153665 ], [ -96.55181114, 44.91740215 ], [ -96.59068062, 44.92373487 ], [ -96.6295501, 44.93123285 ], [ -96.63568858, 44.93312948 ], [ -96.66841959, 44.94458413 ], [ -96.70728907, 44.96531451 ], [ -96.71986706, 44.97199899 ], [ -96.74615859, 44.98740008 ], [ -96.78502807, 45.00834363 ], [ -96.78906483, 45.01086848 ], [ -96.8219054, 45.04973796 ], [ -96.82389755, 45.07850265 ], [ -96.82454185, 45.08860745 ], [ -96.82389755, 45.09375941 ], [ -96.81990166, 45.12747694 ], [ -96.82389755, 45.1409701 ], [ -96.83027258, 45.16634642 ], [ -96.84714203, 45.20521591 ], [ -96.86276704, 45.23217237 ], [ -96.8701075, 45.2440854 ], [ -96.89946576, 45.28295491 ], [ -96.90163652, 45.28563178 ], [ -96.93369012, 45.32182439 ], [ -96.94050601, 45.32960953 ], [ -96.97134109, 45.36069388 ], [ -96.97937552, 45.36965303 ], [ -97.00527734, 45.39956336 ], [ -97.01824501, 45.4203249 ], [ -97.02846832, 45.43843285 ], [ -97.04228185, 45.47730234 ], [ -97.04912419, 45.51617182 ], [ -97.05091609, 45.55504131 ] ] ] } },
{ "type": "Feature", "properties": { "Lower": 4.2 }, "geometry": { "type": "Polygon", "coordinates": [ [ [ -98.81093951, 45.04973796 ], [ -98.81006394, 45.08860745 ], [ -98.80624149, 45.1017277 ], [ -98.79716795, 45.12747694 ], [ -98.76874271, 45.16634642 ], [ -98.767372, 45.16717606 ], [ -98.72850252, 45.18114851 ], [ -98.68963304, 45.17907379 ], [ -98.65076355, 45.17798535 ], [ -98.61189407, 45.17727123 ], [ -98.57965069, 45.16634642 ], [ -98.57302455, 45.14495203 ], [ -98.56884986, 45.12747694 ], [ -98.57302455, 45.11291585 ], [ -98.58222233, 45.08860745 ], [ -98.61008324, 45.04973796 ], [ -98.61189407, 45.04775813 ], [ -98.65076355, 45.01436216 ], [ -98.65695703, 45.01086848 ], [ -98.68963304, 44.99482328 ], [ -98.72850252, 44.98552047 ], [ -98.767372, 44.99019725 ], [ -98.79351529, 45.01086848 ], [ -98.80624149, 45.03197606 ], [ -98.81093951, 45.04973796 ] ] ] } },
{ "type": "Feature", "properties": { "Lower": 4.2 }, "geometry": { "type": "Polygon", "coordinates": [ [ [ -98.59170298, 46.29356162 ], [ -98.58844281, 46.3324311 ], [ -98.58012171, 46.37130059 ], [ -98.57302455, 46.38905383 ], [ -98.56467599, 46.41017008 ], [ -98.54278802, 46.44903956 ], [ -98.53415507, 46.46210262 ], [ -98.50803482, 46.48790905 ], [ -98.49528558, 46.49827045 ], [ -98.4564161, 46.50392629 ], [ -98.41754662, 46.49343687 ], [ -98.40944823, 46.48790905 ], [ -98.37867713, 46.45027879 ], [ -98.37806598, 46.44903956 ], [ -98.36848624, 46.41017008 ], [ -98.3678079, 46.37130059 ], [ -98.37493822, 46.3324311 ], [ -98.37867713, 46.32334425 ], [ -98.39020351, 46.29356162 ], [ -98.40178768, 46.25469213 ], [ -98.41554568, 46.21582265 ], [ -98.41754662, 46.2115092 ], [ -98.44669961, 46.17695314 ], [ -98.4564161, 46.16629217 ], [ -98.49528558, 46.15216482 ], [ -98.53415507, 46.1574845 ], [ -98.55907954, 46.17695314 ], [ -98.57302455, 46.19586917 ], [ -98.58194588, 46.21582265 ], [ -98.59021285, 46.25469213 ], [ -98.59170298, 46.29356162 ] ] ] } },
{ "type": "Feature", "properties": { "Lower": 4.2 }, "geometry": { "type": "Polygon", "coordinates": [ [ [ -97.50950449, 45.32182439 ], [ -97.50310447, 45.36069388 ], [ -97.48467888, 45.39083063 ], [ -97.4794391, 45.39956336 ], [ -97.44580939, 45.43449524 ], [ -97.44238428, 45.43843285 ], [ -97.40693988, 45.47062361 ], [ -97.40061307, 45.47730234 ], [ -97.36807039, 45.50868746 ], [ -97.36173016, 45.51617182 ], [ -97.32974665, 45.55504131 ], [ -97.32920091, 45.55570688 ], [ -97.30241264, 45.59391082 ], [ -97.29033143, 45.61206264 ], [ -97.2782961, 45.63278031 ], [ -97.25637312, 45.67164979 ], [ -97.25146194, 45.68052384 ], [ -97.23643611, 45.71051928 ], [ -97.21767853, 45.74938876 ], [ -97.21259246, 45.76025373 ], [ -97.20032451, 45.78825825 ], [ -97.18409977, 45.82712774 ], [ -97.17372294, 45.85360042 ], [ -97.16900795, 45.86599722 ], [ -97.1554, 45.90486673 ], [ -97.14317418, 45.94373622 ], [ -97.13485346, 45.97423361 ], [ -97.13246419, 45.9826057 ], [ -97.1233614, 46.02147519 ], [ -97.11436733, 46.06034468 ], [ -97.10147478, 46.09921416 ], [ -97.09598397, 46.11164183 ], [ -97.07993463, 46.13808365 ], [ -97.05711449, 46.16612888 ], [ -97.04607804, 46.17695314 ], [ -97.01824501, 46.20547315 ], [ -97.00844022, 46.21582265 ], [ -96.97937552, 46.24742853 ], [ -96.97418377, 46.25469213 ], [ -96.94050601, 46.28349367 ], [ -96.92907121, 46.29356162 ], [ -96.90163652, 46.30091108 ], [ -96.86276704, 46.31047172 ], [ -96.82389755, 46.3203944 ], [ -96.79110017, 46.3324311 ], [ -96.78502807, 46.33362479 ], [ -96.74615859, 46.3383563 ], [ -96.70728907, 46.33665275 ], [ -96.70099313, 46.3324311 ], [ -96.66841959, 46.30435692 ], [ -96.65373502, 46.29356162 ], [ -96.6473063, 46.25469213 ], [ -96.64311925, 46.21582265 ], [ -96.6295501, 46.19105435 ], [ -96.60139725, 46.17695314 ], [ -96.59068062, 46.17192175 ], [ -96.55181114, 46.15250053 ], [ -96.52755979, 46.13808365 ], [ -96.51294165, 46.12349463 ], [ -96.48973727, 46.09921416 ], [ -96.47407214, 46.07733297 ], [ -96.46098686, 46.06034468 ], [ -96.43520265, 46.02225439 ], [ -96.43461559, 46.02147519 ], [ -96.40641506, 45.9826057 ], [ -96.39633317, 45.96800781 ], [ -96.38005573, 45.94373622 ], [ -96.36733511, 45.90486673 ], [ -96.36189575, 45.86599722 ], [ -96.35746368, 45.84778133 ], [ -96.3499277, 45.82712774 ], [ -96.32425812, 45.78825825 ], [ -96.3185942, 45.78190742 ], [ -96.27972472, 45.75223907 ], [ -96.27400535, 45.74938876 ], [ -96.2408552, 45.73409647 ], [ -96.20198572, 45.7199507 ], [ -96.1707245, 45.71051928 ], [ -96.16311623, 45.70804638 ], [ -96.12424675, 45.69725314 ], [ -96.08537727, 45.68753208 ], [ -96.04650778, 45.67861199 ], [ -96.01385891, 45.67164979 ], [ -96.00763827, 45.67022178 ], [ -95.96876878, 45.66231332 ], [ -95.9298993, 45.65464268 ], [ -95.89102981, 45.64676508 ], [ -95.85216033, 45.63840979 ], [ -95.82744368, 45.63278031 ], [ -95.81329085, 45.62944906 ], [ -95.77442133, 45.61990828 ], [ -95.73555185, 45.60938899 ], [ -95.69668236, 45.59771542 ], [ -95.68480286, 45.59391082 ], [ -95.65781288, 45.58526712 ], [ -95.6189434, 45.5717324 ], [ -95.58007391, 45.55673053 ], [ -95.57585503, 45.55504131 ], [ -95.5412044, 45.54135261 ], [ -95.50233491, 45.52467906 ], [ -95.48334823, 45.51617182 ], [ -95.46346543, 45.507353 ], [ -95.42459594, 45.48957178 ], [ -95.39883481, 45.47730234 ], [ -95.38572646, 45.47113884 ], [ -95.34685698, 45.45260899 ], [ -95.31824645, 45.43843285 ], [ -95.30798746, 45.42871515 ], [ -95.30798746, 45.42866103 ], [ -95.3370893, 45.39956336 ], [ -95.34685698, 45.38979569 ], [ -95.37596359, 45.36069388 ], [ -95.37596696, 45.32182439 ], [ -95.38572646, 45.31206488 ], [ -95.41484202, 45.28295491 ], [ -95.4148457, 45.2440854 ], [ -95.42459594, 45.23433517 ], [ -95.45372106, 45.20521591 ], [ -95.46346543, 45.19547155 ], [ -95.49259634, 45.16634642 ], [ -95.49259983, 45.12747694 ], [ -95.50233491, 45.11774186 ], [ -95.53147459, 45.08860745 ], [ -95.53147758, 45.04973796 ], [ -95.5412044, 45.04001112 ], [ -95.57035149, 45.01086848 ], [ -95.57035379, 44.97199899 ], [ -95.58007391, 44.9622789 ], [ -95.6189434, 44.9385272 ], [ -95.65781288, 44.96431105 ], [ -95.6686552, 44.97199899 ], [ -95.69668236, 44.98963089 ], [ -95.72774762, 45.01086848 ], [ -95.73555185, 45.0155712 ], [ -95.77442133, 45.04016141 ], [ -95.78853218, 45.04973796 ], [ -95.81329085, 45.06423821 ], [ -95.84950015, 45.08860745 ], [ -95.85216033, 45.09013161 ], [ -95.89102981, 45.11128029 ], [ -95.91717582, 45.12747694 ], [ -95.9298993, 45.13458327 ], [ -95.96876878, 45.15687834 ], [ -95.98454829, 45.16634642 ], [ -96.00763827, 45.17920872 ], [ -96.04650778, 45.20208734 ], [ -96.05166331, 45.20521591 ], [ -96.08537727, 45.22421346 ], [ -96.11775583, 45.2440854 ], [ -96.12424675, 45.2477854 ], [ -96.16311623, 45.27104037 ], [ -96.18132672, 45.28295491 ], [ -96.20198572, 45.29559696 ], [ -96.23897457, 45.32182439 ], [ -96.2408552, 45.32304821 ], [ -96.27972472, 45.34993879 ], [ -96.29263139, 45.36069388 ], [ -96.3185942, 45.3815683 ], [ -96.33695771, 45.39956336 ], [ -96.35746368, 45.41940819 ], [ -96.37298396, 45.43843285 ], [ -96.39633317, 45.46755954 ], [ -96.40223249, 45.47730234 ], [ -96.42595149, 45.51617182 ], [ -96.43520265, 45.53117573 ], [ -96.44601139, 45.55504131 ], [ -96.46370869, 45.59391082 ], [ -96.47407214, 45.61795415 ], [ -96.47879809, 45.63278031 ], [ -96.49001946, 45.67164979 ], [ -96.49813101, 45.71051928 ], [ -96.50291798, 45.74938876 ], [ -96.50797368, 45.78825825 ], [ -96.51294165, 45.81097744 ], [ -96.51772906, 45.82712774 ], [ -96.54064329, 45.86599722 ], [ -96.55181114, 45.87755808 ], [ -96.59068062, 45.90041272 ], [ -96.60579449, 45.90486673 ], [ -96.6295501, 45.91338367 ], [ -96.66841959, 45.91898923 ], [ -96.70728907, 45.93013331 ], [ -96.744992, 45.94373622 ], [ -96.74615859, 45.94424473 ], [ -96.78502807, 45.95857154 ], [ -96.82389755, 45.964953 ], [ -96.86276704, 45.96111777 ], [ -96.90163652, 45.94411444 ], [ -96.90211811, 45.94373622 ], [ -96.94050601, 45.90805055 ], [ -96.94282402, 45.90486673 ], [ -96.9668716, 45.86599722 ], [ -96.97937552, 45.84217982 ], [ -96.986179, 45.82712774 ], [ -97.00190576, 45.78825825 ], [ -97.01578486, 45.74938876 ], [ -97.01824501, 45.74123648 ], [ -97.02721996, 45.71051928 ], [ -97.03672214, 45.67164979 ], [ -97.04410844, 45.63278031 ], [ -97.04902678, 45.59391082 ], [ -97.05091609, 45.55504131 ], [ -97.04912419, 45.51617182 ], [ -97.04228185, 45.47730234 ], [ -97.02846832, 45.43843285 ], [ -97.01824501, 45.4203249 ], [ -97.00527734, 45.39956336 ], [ -96.97937552, 45.36965303 ], [ -96.97134109, 45.36069388 ], [ -96.94050601, 45.32960953 ], [ -96.93369012, 45.32182439 ], [ -96.90163652, 45.28563178 ], [ -96.89946576, 45.28295491 ], [ -96.8701075, 45.2440854 ], [ -96.86276704, 45.23217237 ], [ -96.84714203, 45.20521591 ], [ -96.83027258, 45.16634642 ], [ -96.82389755, 45.1409701 ], [ -96.81990166, 45.12747694 ], [ -96.82389755, 45.09375941 ], [ -96.82454185, 45.08860745 ], [ -96.82389755, 45.07850265 ], [ -96.8219054, 45.04973796 ], [ -96.78906483, 45.01086848 ], [ -96.78502807, 45.00834363 ], [ -96.74615859, 44.98740008 ], [ -96.71986706, 44.97199899 ], [ -96.70728907, 44.96531451 ], [ -96.66841959, 44.94458413 ], [ -96.63568858, 44.93312948 ], [ -96.6295501, 44.93123285 ], [ -96.59068062, 44.92373487 ], [ -96.55181114, 44.91740215 ], [ -96.51294165, 44.91153665 ], [ -96.47407214, 44.90566896 ], [ -96.43520265, 44.89945341 ], [ -96.4049949, 44.89426 ], [ -96.39633317, 44.89298304 ], [ -96.35746368, 44.8870118 ], [ -96.3185942, 44.88034332 ], [ -96.27972472, 44.87275861 ], [ -96.2408552, 44.86421729 ], [ -96.20529272, 44.85539051 ], [ -96.20198572, 44.85467182 ], [ -96.16311623, 44.84594607 ], [ -96.12424675, 44.83597468 ], [ -96.08537727, 44.82455869 ], [ -96.0605502, 44.81652102 ], [ -96.04650778, 44.81250865 ], [ -96.00763827, 44.80064996 ], [ -95.96876878, 44.78684563 ], [ -95.94548523, 44.77765154 ], [ -95.9298993, 44.77217182 ], [ -95.89102981, 44.75741575 ], [ -95.85216033, 44.74071874 ], [ -95.84820261, 44.73878205 ], [ -95.81329085, 44.72299821 ], [ -95.77442133, 44.70286464 ], [ -95.76904872, 44.69991256 ], [ -95.76470152, 44.66104308 ], [ -95.77442133, 44.65132324 ], [ -95.80356614, 44.62217357 ], [ -95.80356211, 44.58330408 ], [ -95.81329085, 44.57357535 ], [ -95.8424236, 44.5444346 ], [ -95.84241742, 44.50556511 ], [ -95.85216033, 44.49582222 ], [ -95.88127518, 44.46669562 ], [ -95.88126711, 44.42782614 ], [ -95.89102981, 44.41806341 ], [ -95.92012322, 44.38895665 ], [ -95.92017731, 44.38895665 ], [ -95.9298993, 44.41013042 ], [ -95.9603938, 44.42782614 ], [ -95.96876878, 44.43265875 ], [ -96.00763827, 44.45462144 ], [ -96.02955499, 44.46669562 ], [ -96.04650778, 44.47590306 ], [ -96.08537727, 44.49654988 ], [ -96.10268087, 44.50556511 ], [ -96.12424675, 44.51652758 ], [ -96.16311623, 44.53582855 ], [ -96.18074449, 44.5444346 ], [ -96.20198572, 44.55446808 ], [ -96.2408552, 44.57242626 ], [ -96.26486695, 44.58330408 ], [ -96.27972472, 44.58975081 ], [ -96.3185942, 44.60634734 ], [ -96.3569361, 44.62217357 ], [ -96.35746368, 44.62238794 ], [ -96.39633317, 44.63814839 ], [ -96.43520265, 44.65313857 ], [ -96.45575801, 44.66104308 ], [ -96.47407214, 44.66828678 ], [ -96.51294165, 44.68380391 ], [ -96.55181114, 44.69922699 ], [ -96.55339785, 44.69991256 ], [ -96.59068062, 44.71640499 ], [ -96.6295501, 44.73438296 ], [ -96.63762949, 44.73878205 ], [ -96.66841959, 44.75574056 ], [ -96.70393822, 44.77765154 ], [ -96.70728907, 44.77977442 ], [ -96.74615859, 44.80469852 ], [ -96.76486261, 44.81652102 ], [ -96.78502807, 44.82953633 ], [ -96.82389755, 44.85424573 ], [ -96.82564673, 44.85539051 ], [ -96.86276704, 44.87988175 ], [ -96.88448689, 44.89426 ], [ -96.90163652, 44.90572717 ], [ -96.94050601, 44.93156221 ], [ -96.94308539, 44.93312948 ], [ -96.97937552, 44.95554165 ], [ -97.01543572, 44.97199899 ], [ -97.01824501, 44.9735037 ], [ -97.05711449, 44.98909063 ], [ -97.09598397, 45.00118957 ], [ -97.13057988, 45.01086848 ], [ -97.13485346, 45.01232319 ], [ -97.17372294, 45.02573919 ], [ -97.21259246, 45.03949584 ], [ -97.23847269, 45.04973796 ], [ -97.25146194, 45.0566759 ], [ -97.29033143, 45.07923242 ], [ -97.3064885, 45.08860745 ], [ -97.32920091, 45.10558189 ], [ -97.36077912, 45.12747694 ], [ -97.36807039, 45.13422453 ], [ -97.40638198, 45.16634642 ], [ -97.40693988, 45.16696553 ], [ -97.44540055, 45.20521591 ], [ -97.44580939, 45.20577775 ], [ -97.47733449, 45.2440854 ], [ -97.48467888, 45.25797712 ], [ -97.49987329, 45.28295491 ], [ -97.50950449, 45.32182439 ] ] ] } },
{ "type": "Feature", "properties": { "Lower": 4.2 }, "geometry": { "type": "Polygon", "coordinates": [ [ [ -103.65721821, 44.07800074 ], [ -103.65684141, 44.11687022 ], [ -103.65526176, 44.15573971 ], [ -103.65284484, 44.1946092 ], [ -103.64939474, 44.23347868 ], [ -103.64468353, 44.27234817 ], [ -103.638892, 44.31121765 ], [ -103.63181371, 44.35008716 ], [ -103.62605816, 44.37613258 ], [ -103.62320784, 44.38895665 ], [ -103.61320797, 44.42782614 ], [ -103.60138635, 44.46669562 ], [ -103.58968625, 44.50556511 ], [ -103.58718867, 44.51129449 ], [ -103.57170215, 44.5444346 ], [ -103.55311028, 44.58330408 ], [ -103.54831919, 44.59194987 ], [ -103.53115549, 44.62217357 ], [ -103.5094497, 44.65503662 ], [ -103.50533043, 44.66104308 ], [ -103.47427837, 44.69991256 ], [ -103.47058019, 44.7038435 ], [ -103.43564165, 44.73878205 ], [ -103.43171071, 44.74208863 ], [ -103.39284122, 44.77251418 ], [ -103.38564073, 44.77765154 ], [ -103.35397174, 44.79635665 ], [ -103.31510225, 44.81445777 ], [ -103.31065805, 44.81652102 ], [ -103.27623277, 44.82976791 ], [ -103.23736325, 44.84035424 ], [ -103.19849377, 44.84783269 ], [ -103.15962429, 44.85229707 ], [ -103.1207548, 44.85382686 ], [ -103.09930956, 44.85539051 ], [ -103.08188532, 44.85652608 ], [ -103.04301583, 44.85811098 ], [ -103.00414632, 44.85931461 ], [ -102.96527683, 44.85960555 ], [ -102.92640735, 44.85952727 ], [ -102.88753787, 44.85936103 ], [ -102.84866838, 44.85904684 ], [ -102.8097989, 44.85858758 ], [ -102.77092938, 44.85811356 ], [ -102.7320599, 44.85756389 ], [ -102.69319042, 44.85692852 ], [ -102.65432093, 44.85666884 ], [ -102.63548929, 44.85539051 ], [ -102.61545145, 44.85395599 ], [ -102.57658196, 44.85279921 ], [ -102.53771245, 44.84974921 ], [ -102.49884296, 44.84460311 ], [ -102.45997348, 44.83549933 ], [ -102.421104, 44.82114199 ], [ -102.41164841, 44.81652102 ], [ -102.38223451, 44.80188623 ], [ -102.34336503, 44.78057615 ], [ -102.33834247, 44.77765154 ], [ -102.30449551, 44.75718031 ], [ -102.27383248, 44.73878205 ], [ -102.26562603, 44.73364266 ], [ -102.22675655, 44.70961152 ], [ -102.21041441, 44.69991256 ], [ -102.18788706, 44.68588141 ], [ -102.14901758, 44.66280696 ], [ -102.14598579, 44.66104308 ], [ -102.11014809, 44.6391054 ], [ -102.08241147, 44.62217357 ], [ -102.07127858, 44.61499033 ], [ -102.03240909, 44.58819488 ], [ -102.02613051, 44.58330408 ], [ -101.99353961, 44.55549904 ], [ -101.98273249, 44.5444346 ], [ -101.95467013, 44.51099223 ], [ -101.95117331, 44.50556511 ], [ -101.93077177, 44.46669562 ], [ -101.91580064, 44.42979703 ], [ -101.91516508, 44.42782614 ], [ -101.90658521, 44.38895665 ], [ -101.89993466, 44.35008716 ], [ -101.88725306, 44.31121765 ], [ -101.87693116, 44.2947788 ], [ -101.8604638, 44.27234817 ], [ -101.83806164, 44.25343242 ], [ -101.81136652, 44.23347868 ], [ -101.79919216, 44.22370587 ], [ -101.76319068, 44.1946092 ], [ -101.76032268, 44.19192326 ], [ -101.72145319, 44.15627509 ], [ -101.72087606, 44.15573971 ], [ -101.68335743, 44.11687022 ], [ -101.68258371, 44.11601528 ], [ -101.64769872, 44.07800074 ], [ -101.64371422, 44.07335755 ], [ -101.61387283, 44.03913125 ], [ -101.60484471, 44.02817269 ], [ -101.58143429, 44.00026177 ], [ -101.56597522, 43.98082319 ], [ -101.55020722, 43.96139226 ], [ -101.52710574, 43.93142132 ], [ -101.52007798, 43.92252277 ], [ -101.49083236, 43.88365328 ], [ -101.48823626, 43.87996715 ], [ -101.46277755, 43.8447838 ], [ -101.44936677, 43.82528471 ], [ -101.43557928, 43.80591431 ], [ -101.41049729, 43.76898397 ], [ -101.40915701, 43.76704482 ], [ -101.387716, 43.72817534 ], [ -101.37162777, 43.69552166 ], [ -101.36848123, 43.68930585 ], [ -101.35302198, 43.65043634 ], [ -101.34087294, 43.61156686 ], [ -101.33275829, 43.57866264 ], [ -101.33129559, 43.57269737 ], [ -101.32769962, 43.53382788 ], [ -101.32687257, 43.4949584 ], [ -101.33003303, 43.45608891 ], [ -101.33275829, 43.44119444 ], [ -101.33748479, 43.41721942 ], [ -101.34920769, 43.37834994 ], [ -101.36508174, 43.33948043 ], [ -101.37162777, 43.3266793 ], [ -101.38605127, 43.30061094 ], [ -101.41049729, 43.26532468 ], [ -101.41310762, 43.26174146 ], [ -101.44319265, 43.22287197 ], [ -101.44936677, 43.21603632 ], [ -101.48123915, 43.18400248 ], [ -101.48823626, 43.1777938 ], [ -101.52710574, 43.14941084 ], [ -101.53381168, 43.145133 ], [ -101.56597522, 43.12496238 ], [ -101.59749752, 43.10626351 ], [ -101.60484471, 43.10206527 ], [ -101.64371422, 43.08203524 ], [ -101.67465368, 43.06739402 ], [ -101.68258371, 43.06365662 ], [ -101.72145319, 43.04642636 ], [ -101.76032268, 43.03008908 ], [ -101.76422553, 43.02852451 ], [ -101.79919216, 43.01444834 ], [ -101.83806164, 42.99933699 ], [ -101.86406568, 42.98965503 ], [ -101.87693116, 42.98482291 ], [ -101.91580064, 42.97074414 ], [ -101.95467013, 42.95706233 ], [ -101.97333384, 42.95078554 ], [ -101.99353961, 42.94389621 ], [ -102.03240909, 42.9310817 ], [ -102.07127858, 42.91871139 ], [ -102.09347288, 42.91191606 ], [ -102.11014809, 42.90673564 ], [ -102.14901758, 42.89527846 ], [ -102.18788706, 42.88420019 ], [ -102.22675655, 42.87545524 ], [ -102.23580644, 42.87304657 ], [ -102.26562603, 42.86451988 ], [ -102.30449551, 42.85656184 ], [ -102.34336503, 42.84996869 ], [ -102.38223451, 42.84445457 ], [ -102.421104, 42.83994725 ], [ -102.45997348, 42.8366139 ], [ -102.48039147, 42.83417708 ], [ -102.49884296, 42.8320514 ], [ -102.53771245, 42.830842 ], [ -102.57658196, 42.83031186 ], [ -102.61545145, 42.83093624 ], [ -102.63639145, 42.83417708 ], [ -102.65432093, 42.83702247 ], [ -102.69319042, 42.83753868 ], [ -102.7320599, 42.8412156 ], [ -102.77092938, 42.84635094 ], [ -102.8097989, 42.85247152 ], [ -102.84866838, 42.85995449 ], [ -102.88753787, 42.8689571 ], [ -102.90340088, 42.87304657 ], [ -102.92640735, 42.87916961 ], [ -102.96527683, 42.89120554 ], [ -103.00414632, 42.90484888 ], [ -103.02189381, 42.91191606 ], [ -103.04301583, 42.92062159 ], [ -103.08188532, 42.93836817 ], [ -103.10650464, 42.95078554 ], [ -103.1207548, 42.95831249 ], [ -103.15962429, 42.98117575 ], [ -103.17285618, 42.98965503 ], [ -103.19849377, 43.00692371 ], [ -103.22749073, 43.02852451 ], [ -103.23736325, 43.03627317 ], [ -103.26987229, 43.06739402 ], [ -103.27623277, 43.07317051 ], [ -103.31037045, 43.10626351 ], [ -103.31510225, 43.11109738 ], [ -103.34952117, 43.145133 ], [ -103.35397174, 43.15031559 ], [ -103.38112901, 43.18400248 ], [ -103.39284122, 43.19930861 ], [ -103.40999527, 43.22287197 ], [ -103.43171071, 43.25481588 ], [ -103.43615867, 43.26174146 ], [ -103.45988599, 43.30061094 ], [ -103.47058019, 43.31945314 ], [ -103.48145846, 43.33948043 ], [ -103.50143471, 43.37834994 ], [ -103.5094497, 43.39508397 ], [ -103.51962546, 43.41721942 ], [ -103.53643259, 43.45608891 ], [ -103.54831919, 43.48545075 ], [ -103.55202042, 43.4949584 ], [ -103.5659877, 43.53382788 ], [ -103.57897357, 43.57269737 ], [ -103.58718867, 43.59974236 ], [ -103.59067672, 43.61156686 ], [ -103.60137496, 43.65043634 ], [ -103.61106846, 43.68930585 ], [ -103.61983674, 43.72817534 ], [ -103.62605816, 43.75159587 ], [ -103.6298507, 43.76704482 ], [ -103.63461364, 43.80591431 ], [ -103.64056, 43.8447838 ], [ -103.64560854, 43.88365328 ], [ -103.64978872, 43.92252277 ], [ -103.65289399, 43.96139226 ], [ -103.6553822, 44.00026177 ], [ -103.65669257, 44.03913125 ], [ -103.65721821, 44.07800074 ] ] ] } },
{ "type": "Feature", "properties": { "Lower": 4.4 }, "geometry": { "type": "Polygon", "coordinates": [ [ [ -97.77285152, 47.30416833 ], [ -97.76448645, 47.34303782 ], [ -97.7567653, 47.35542484 ], [ -97.73553085, 47.3819073 ], [ -97.71789581, 47.39843481 ], [ -97.67902633, 47.41588718 ], [ -97.64771699, 47.42077679 ], [ -97.64015681, 47.42184807 ], [ -97.61986591, 47.42077679 ], [ -97.60128733, 47.41936777 ], [ -97.56241784, 47.40946351 ], [ -97.52354836, 47.394792 ], [ -97.49803841, 47.3819073 ], [ -97.48467888, 47.37252886 ], [ -97.44758545, 47.34303782 ], [ -97.44580939, 47.34108532 ], [ -97.41109727, 47.30416833 ], [ -97.40693988, 47.29798438 ], [ -97.38046554, 47.26529884 ], [ -97.36807039, 47.24236943 ], [ -97.35648159, 47.22642936 ], [ -97.33949519, 47.18755987 ], [ -97.33187806, 47.14869039 ], [ -97.35279719, 47.10982088 ], [ -97.36807039, 47.10412591 ], [ -97.40693988, 47.09842564 ], [ -97.44580939, 47.10180374 ], [ -97.4742139, 47.10982088 ], [ -97.48467888, 47.11280488 ], [ -97.52354836, 47.13020063 ], [ -97.56241784, 47.14814166 ], [ -97.56322164, 47.14869039 ], [ -97.60128733, 47.17066795 ], [ -97.62934673, 47.18755987 ], [ -97.64015681, 47.19393386 ], [ -97.67902633, 47.21796899 ], [ -97.69084363, 47.22642936 ], [ -97.71789581, 47.24715936 ], [ -97.75249685, 47.26529884 ], [ -97.7567653, 47.27071231 ], [ -97.77285152, 47.30416833 ] ] ] } },
{ "type": "Feature", "properties": { "Lower": 4.4 }, "geometry": { "type": "Polygon", "coordinates": [ [ [ -100.30586453, 45.12747694 ], [ -100.29708054, 45.16634642 ], [ -100.2832821, 45.19082682 ], [ -100.27081351, 45.20521591 ], [ -100.24441261, 45.22399391 ], [ -100.2055431, 45.23737918 ], [ -100.16667361, 45.23816444 ], [ -100.12780413, 45.22887824 ], [ -100.08893465, 45.23082707 ], [ -100.05006516, 45.2330748 ], [ -100.01119568, 45.21236345 ], [ -100.00477896, 45.20521591 ], [ -99.9822105, 45.16634642 ], [ -99.97232616, 45.13917173 ], [ -99.96844643, 45.12747694 ], [ -99.96087145, 45.08860745 ], [ -99.95868397, 45.04973796 ], [ -99.96375865, 45.01086848 ], [ -99.97232616, 44.99008673 ], [ -99.98188506, 44.97199899 ], [ -100.01119568, 44.94589894 ], [ -100.03205841, 44.93312948 ], [ -100.05006516, 44.92500762 ], [ -100.08893465, 44.90738917 ], [ -100.10843779, 44.89426 ], [ -100.12780413, 44.88278793 ], [ -100.16667361, 44.86952075 ], [ -100.2055431, 44.87931818 ], [ -100.22643779, 44.89426 ], [ -100.24441261, 44.91277614 ], [ -100.25756204, 44.93312948 ], [ -100.27651594, 44.97199899 ], [ -100.2832821, 44.98998764 ], [ -100.29037071, 45.01086848 ], [ -100.29999828, 45.04973796 ], [ -100.30569804, 45.08860745 ], [ -100.30586453, 45.12747694 ] ] ] } },
{ "type": "Feature", "properties": { "Lower": 4.4 }, "geometry": { "type": "Polygon", "coordinates": [ [ [ -97.19400728, 48.19816659 ], [ -97.18958692, 48.23703607 ], [ -97.17974537, 48.27590556 ], [ -97.17372294, 48.29190057 ], [ -97.16269336, 48.31477504 ], [ -97.13595996, 48.35364453 ], [ -97.13485346, 48.35496774 ], [ -97.09598397, 48.38909062 ], [ -97.07010574, 48.39251404 ], [ -97.05711449, 48.39385096 ], [ -97.05551317, 48.39251404 ], [ -97.01824501, 48.36983732 ], [ -97.00817514, 48.35364453 ], [ -96.97937552, 48.31964922 ], [ -96.97667371, 48.31477504 ], [ -96.95050409, 48.27590556 ], [ -96.94050601, 48.26754014 ], [ -96.90163652, 48.25303608 ], [ -96.86276704, 48.23938701 ], [ -96.85629705, 48.23703607 ], [ -96.82389755, 48.21556148 ], [ -96.78960892, 48.19816659 ], [ -96.78502807, 48.18965274 ], [ -96.76455636, 48.1592971 ], [ -96.75946918, 48.12042761 ], [ -96.77012296, 48.08155813 ], [ -96.78502807, 48.06392635 ], [ -96.81405274, 48.04268862 ], [ -96.82389755, 48.03825648 ], [ -96.86276704, 48.02730712 ], [ -96.90163652, 48.02242196 ], [ -96.94050601, 48.02206803 ], [ -96.97937552, 48.02548158 ], [ -97.01824501, 48.03186728 ], [ -97.05711449, 48.03820689 ], [ -97.07637845, 48.04268862 ], [ -97.09598397, 48.04756031 ], [ -97.13485346, 48.06331688 ], [ -97.16075232, 48.08155813 ], [ -97.17372294, 48.09683603 ], [ -97.18583307, 48.12042761 ], [ -97.19318262, 48.1592971 ], [ -97.19400728, 48.19816659 ] ] ] } },
{ "type": "Feature", "properties": { "Lower": 4.4 }, "geometry": { "type": "Polygon", "coordinates": [ [ [ -98.26206865, 49.41284021 ], [ -98.26206865, 49.41289423 ], [ -98.22319917, 49.41289096 ], [ -98.18432968, 49.41288698 ], [ -98.1454602, 49.41288324 ], [ -98.10659068, 49.41288026 ], [ -98.0677212, 49.4128783 ], [ -98.02885171, 49.41287747 ], [ -97.98998223, 49.41287756 ], [ -97.95111275, 49.41287841 ], [ -97.91224326, 49.41287993 ], [ -97.87337375, 49.41288196 ], [ -97.83450426, 49.41288447 ], [ -97.79563478, 49.41288739 ], [ -97.7567653, 49.41289077 ], [ -97.71789581, 49.4128946 ], [ -97.71789581, 49.41284059 ], [ -97.74281356, 49.40312075 ], [ -97.75279165, 49.36425127 ], [ -97.7567653, 49.34880274 ], [ -97.76336216, 49.32538178 ], [ -97.77423093, 49.28651227 ], [ -97.78464686, 49.24764278 ], [ -97.79461371, 49.2087733 ], [ -97.79563478, 49.20483152 ], [ -97.80488303, 49.16990381 ], [ -97.81450873, 49.13103433 ], [ -97.82331725, 49.09216484 ], [ -97.83137802, 49.05329535 ], [ -97.83450426, 49.03841785 ], [ -97.83901269, 49.01442587 ], [ -97.84680846, 48.97555636 ], [ -97.85653638, 48.93668687 ], [ -97.8673391, 48.89781738 ], [ -97.87310663, 48.8589479 ], [ -97.87337375, 48.8583073 ], [ -97.89274198, 48.82007841 ], [ -97.91224326, 48.79578052 ], [ -97.93372318, 48.78120893 ], [ -97.95111275, 48.76933856 ], [ -97.98998223, 48.76780285 ], [ -98.02885171, 48.77522746 ], [ -98.04864395, 48.78120893 ], [ -98.0677212, 48.78741072 ], [ -98.10659068, 48.80158674 ], [ -98.1454602, 48.81694613 ], [ -98.15268037, 48.82007841 ], [ -98.18432968, 48.84468117 ], [ -98.2034445, 48.8589479 ], [ -98.21965103, 48.89781738 ], [ -98.22319917, 48.91867573 ], [ -98.22657158, 48.93668687 ], [ -98.22997477, 48.97555636 ], [ -98.23137964, 49.01442587 ], [ -98.23166046, 49.05329535 ], [ -98.23177338, 49.09216484 ], [ -98.23188237, 49.13103433 ], [ -98.23219623, 49.16990381 ], [ -98.23268531, 49.2087733 ], [ -98.23332398, 49.24764278 ], [ -98.23422109, 49.28651227 ], [ -98.235301, 49.32538178 ], [ -98.2363063, 49.36425127 ], [ -98.23720929, 49.40312075 ], [ -98.26206865, 49.41284021 ] ] ] } },
{ "type": "Feature", "properties": { "Lower": 4.4 }, "geometry": { "type": "Polygon", "coordinates": [ [ [ -103.45792122, 48.1592971 ], [ -103.45537808, 48.19816659 ], [ -103.44136656, 48.23703607 ], [ -103.43171071, 48.2523791 ], [ -103.41743794, 48.27590556 ], [ -103.39284122, 48.30355865 ], [ -103.38351207, 48.31477504 ], [ -103.35397174, 48.33813822 ], [ -103.33539219, 48.35364453 ], [ -103.31510225, 48.36389435 ], [ -103.27623277, 48.38301033 ], [ -103.25554766, 48.39251404 ], [ -103.23736325, 48.39849979 ], [ -103.19849377, 48.40431221 ], [ -103.15962429, 48.39841078 ], [ -103.14428971, 48.39251404 ], [ -103.1207548, 48.38131706 ], [ -103.08188532, 48.36641418 ], [ -103.04301583, 48.35435508 ], [ -103.04063667, 48.35364453 ], [ -103.00414632, 48.33974869 ], [ -102.96527683, 48.32764082 ], [ -102.92640735, 48.31705201 ], [ -102.91740892, 48.31477504 ], [ -102.88753787, 48.30506719 ], [ -102.84866838, 48.29374733 ], [ -102.8097989, 48.28316729 ], [ -102.78257786, 48.27590556 ], [ -102.77092938, 48.27195059 ], [ -102.7320599, 48.25906831 ], [ -102.69319042, 48.24712409 ], [ -102.6578837, 48.23703607 ], [ -102.65432093, 48.23578134 ], [ -102.61545145, 48.22265614 ], [ -102.57658196, 48.20949691 ], [ -102.54656976, 48.19816659 ], [ -102.53771245, 48.19423908 ], [ -102.49884296, 48.17461809 ], [ -102.47261114, 48.1592971 ], [ -102.45997348, 48.15087153 ], [ -102.42287995, 48.12042761 ], [ -102.421104, 48.11864074 ], [ -102.39454491, 48.08155813 ], [ -102.38223451, 48.04909084 ], [ -102.38067273, 48.04268862 ], [ -102.38223451, 48.01726273 ], [ -102.38321886, 48.00381913 ], [ -102.39325234, 47.96494964 ], [ -102.40680369, 47.92608016 ], [ -102.421104, 47.88919501 ], [ -102.4220201, 47.88721067 ], [ -102.441714, 47.84834119 ], [ -102.45997348, 47.81552552 ], [ -102.46850535, 47.8094717 ], [ -102.49884296, 47.7981983 ], [ -102.53771245, 47.80821529 ], [ -102.54014991, 47.8094717 ], [ -102.57658196, 47.82987887 ], [ -102.60600693, 47.84834119 ], [ -102.61545145, 47.85498928 ], [ -102.65432093, 47.88477404 ], [ -102.65767525, 47.88721067 ], [ -102.69319042, 47.91135815 ], [ -102.71960346, 47.92608016 ], [ -102.7320599, 47.93417582 ], [ -102.77092938, 47.95603076 ], [ -102.79042764, 47.96494964 ], [ -102.8097989, 47.97637932 ], [ -102.84866838, 47.99397019 ], [ -102.87748475, 48.00381913 ], [ -102.88753787, 48.00827712 ], [ -102.92640735, 48.02076905 ], [ -102.96527683, 48.02953061 ], [ -103.00414632, 48.03549477 ], [ -103.04301583, 48.03929909 ], [ -103.08188532, 48.04118103 ], [ -103.1207548, 48.04171614 ], [ -103.15962429, 48.04133101 ], [ -103.1780389, 48.04268862 ], [ -103.19849377, 48.04453642 ], [ -103.23736325, 48.04727057 ], [ -103.27623277, 48.05288119 ], [ -103.31510225, 48.05979141 ], [ -103.35397174, 48.06755155 ], [ -103.39284122, 48.07744172 ], [ -103.40165871, 48.08155813 ], [ -103.43171071, 48.10496412 ], [ -103.44442572, 48.12042761 ], [ -103.45792122, 48.1592971 ] ] ] } },
{ "type": "Feature", "properties": { "Lower": 4.4 }, "geometry": { "type": "Polygon", "coordinates": [ [ [ -98.84935223, 46.09921416 ], [ -98.84808275, 46.13808365 ], [ -98.845111, 46.15542377 ], [ -98.84182012, 46.17695314 ], [ -98.83117395, 46.21582265 ], [ -98.81589166, 46.25469213 ], [ -98.80624149, 46.27267382 ], [ -98.79643306, 46.29356162 ], [ -98.77199682, 46.3324311 ], [ -98.767372, 46.33834875 ], [ -98.74520528, 46.37130059 ], [ -98.72850252, 46.39042585 ], [ -98.71425272, 46.41017008 ], [ -98.68963304, 46.43739164 ], [ -98.68132844, 46.44903956 ], [ -98.65076355, 46.48301792 ], [ -98.64706517, 46.48790905 ], [ -98.61237755, 46.52677856 ], [ -98.61189407, 46.5273619 ], [ -98.58687241, 46.56564805 ], [ -98.57302455, 46.58369017 ], [ -98.55527536, 46.60451753 ], [ -98.53415507, 46.62718561 ], [ -98.51135088, 46.64338702 ], [ -98.49528558, 46.65601369 ], [ -98.4564161, 46.67637292 ], [ -98.44097544, 46.6822565 ], [ -98.41754662, 46.69251735 ], [ -98.37867713, 46.70317948 ], [ -98.33980762, 46.70967461 ], [ -98.30093813, 46.71157811 ], [ -98.26206865, 46.70831148 ], [ -98.22319917, 46.69898405 ], [ -98.18515945, 46.6822565 ], [ -98.18432968, 46.68172214 ], [ -98.1454602, 46.64792177 ], [ -98.14135797, 46.64338702 ], [ -98.12395872, 46.60451753 ], [ -98.12183382, 46.56564805 ], [ -98.13020569, 46.52677856 ], [ -98.1454602, 46.49101821 ], [ -98.14649568, 46.48790905 ], [ -98.16611246, 46.44903956 ], [ -98.18432968, 46.4206238 ], [ -98.18960379, 46.41017008 ], [ -98.21413046, 46.37130059 ], [ -98.22319917, 46.35972676 ], [ -98.23992757, 46.3324311 ], [ -98.26206865, 46.304968 ], [ -98.26992145, 46.29356162 ], [ -98.30093813, 46.25923704 ], [ -98.30401171, 46.25469213 ], [ -98.32210008, 46.21582265 ], [ -98.33517325, 46.17695314 ], [ -98.33980762, 46.16470665 ], [ -98.35058063, 46.13808365 ], [ -98.36913752, 46.09921416 ], [ -98.37867713, 46.08135526 ], [ -98.39259317, 46.06034468 ], [ -98.41754662, 46.02305304 ], [ -98.41899957, 46.02147519 ], [ -98.45272684, 45.9826057 ], [ -98.4564161, 45.97821923 ], [ -98.49528558, 45.94913318 ], [ -98.50647568, 45.94373622 ], [ -98.53415507, 45.92932024 ], [ -98.57302455, 45.91657429 ], [ -98.61189407, 45.91058392 ], [ -98.65076355, 45.91065948 ], [ -98.68963304, 45.91632545 ], [ -98.72850252, 45.92784115 ], [ -98.76235101, 45.94373622 ], [ -98.767372, 45.9468036 ], [ -98.80624149, 45.97940247 ], [ -98.80919303, 45.9826057 ], [ -98.83272033, 46.02147519 ], [ -98.84460431, 46.06034468 ], [ -98.845111, 46.0644563 ], [ -98.84935223, 46.09921416 ] ], [ [ -98.59170298, 46.29356162 ], [ -98.58844281, 46.3324311 ], [ -98.58012171, 46.37130059 ], [ -98.57302455, 46.38905383 ], [ -98.56467599, 46.41017008 ], [ -98.54278802, 46.44903956 ], [ -98.53415507, 46.46210262 ], [ -98.50803482, 46.48790905 ], [ -98.49528558, 46.49827045 ], [ -98.4564161, 46.50392629 ], [ -98.41754662, 46.49343687 ], [ -98.40944823, 46.48790905 ], [ -98.37867713, 46.45027879 ], [ -98.37806598, 46.44903956 ], [ -98.36848624, 46.41017008 ], [ -98.3678079, 46.37130059 ], [ -98.37493822, 46.3324311 ], [ -98.37867713, 46.32334425 ], [ -98.39020351, 46.29356162 ], [ -98.40178768, 46.25469213 ], [ -98.41554568, 46.21582265 ], [ -98.41754662, 46.2115092 ], [ -98.44669961, 46.17695314 ], [ -98.4564161, 46.16629217 ], [ -98.49528558, 46.15216482 ], [ -98.53415507, 46.1574845 ], [ -98.55907954, 46.17695314 ], [ -98.57302455, 46.19586917 ], [ -98.58194588, 46.21582265 ], [ -98.59021285, 46.25469213 ], [ -98.59170298, 46.29356162 ] ] ] } },
{ "type": "Feature", "properties": { "Lower": 4.4 }, "geometry": { "type": "Polygon", "coordinates": [ [ [ -113.08108621, 43.145133 ], [ -113.07134404, 43.15487518 ], [ -113.04222092, 43.18400248 ], [ -113.04222578, 43.22287197 ], [ -113.04223095, 43.26174146 ], [ -113.0422357, 43.30061094 ], [ -113.04224015, 43.33948043 ], [ -113.04224435, 43.37834994 ], [ -113.04224849, 43.41721942 ], [ -113.04219448, 43.41721942 ], [ -113.03247453, 43.39308903 ], [ -112.99360504, 43.3863355 ], [ -112.95473556, 43.37903547 ], [ -112.95136161, 43.37834994 ], [ -112.91586607, 43.37128155 ], [ -112.87699659, 43.36305537 ], [ -112.8381271, 43.35413523 ], [ -112.79925759, 43.34457191 ], [ -112.780104, 43.33948043 ], [ -112.76038811, 43.33457763 ], [ -112.72151862, 43.32425379 ], [ -112.68264914, 43.31326261 ], [ -112.64377965, 43.30161495 ], [ -112.64055474, 43.30061094 ], [ -112.60491017, 43.29121129 ], [ -112.56604066, 43.28107472 ], [ -112.52717117, 43.27141326 ], [ -112.48830169, 43.26271227 ], [ -112.48330802, 43.26174146 ], [ -112.4494322, 43.25638085 ], [ -112.41056272, 43.25065035 ], [ -112.37169323, 43.2448657 ], [ -112.33282372, 43.23681251 ], [ -112.29395424, 43.22646656 ], [ -112.2793914, 43.22287197 ], [ -112.25508475, 43.21642075 ], [ -112.21621527, 43.20789763 ], [ -112.17734578, 43.20254441 ], [ -112.1384763, 43.20270921 ], [ -112.09960679, 43.21068566 ], [ -112.07248774, 43.22287197 ], [ -112.0607373, 43.22735072 ], [ -112.02186782, 43.25145284 ], [ -112.01041239, 43.26174146 ], [ -111.98299833, 43.28339079 ], [ -111.96682357, 43.30061094 ], [ -111.94412885, 43.32229076 ], [ -111.92994297, 43.33948043 ], [ -111.90525936, 43.36697019 ], [ -111.89678574, 43.37834994 ], [ -111.86638985, 43.41693977 ], [ -111.8661993, 43.41721942 ], [ -111.83673992, 43.45608891 ], [ -111.82752037, 43.46713025 ], [ -111.80798696, 43.4949584 ], [ -111.78865088, 43.52146789 ], [ -111.78079368, 43.53382788 ], [ -111.7559087, 43.57269737 ], [ -111.7497814, 43.57873171 ], [ -111.71974547, 43.61156686 ], [ -111.71091191, 43.62005852 ], [ -111.67968724, 43.65043634 ], [ -111.67204243, 43.65764962 ], [ -111.63584699, 43.68930585 ], [ -111.63317292, 43.69179496 ], [ -111.6235203, 43.68930585 ], [ -111.60352823, 43.65043634 ], [ -111.60083422, 43.61156686 ], [ -111.60003661, 43.57269737 ], [ -111.60791424, 43.53382788 ], [ -111.6170416, 43.4949584 ], [ -111.62658786, 43.45608891 ], [ -111.63317292, 43.42851495 ], [ -111.63546236, 43.41721942 ], [ -111.64283361, 43.37834994 ], [ -111.65049649, 43.33948043 ], [ -111.65839911, 43.30061094 ], [ -111.66660581, 43.26174146 ], [ -111.67204243, 43.23615093 ], [ -111.67454283, 43.22287197 ], [ -111.68184465, 43.18400248 ], [ -111.68967895, 43.145133 ], [ -111.69815079, 43.10626351 ], [ -111.70733203, 43.06739402 ], [ -111.71091191, 43.05281071 ], [ -111.71636592, 43.02852451 ], [ -111.72566115, 42.98965503 ], [ -111.73594511, 42.95078554 ], [ -111.74727863, 42.91191606 ], [ -111.7497814, 42.90364653 ], [ -111.7584501, 42.87304657 ], [ -111.77043397, 42.83417708 ], [ -111.78365792, 42.7953076 ], [ -111.78865088, 42.78133991 ], [ -111.79715518, 42.75643811 ], [ -111.81137472, 42.7175686 ], [ -111.82693242, 42.67869912 ], [ -111.82752037, 42.67726476 ], [ -111.84244558, 42.63982963 ], [ -111.85923292, 42.60096014 ], [ -111.86638985, 42.58506204 ], [ -111.8766255, 42.56209066 ], [ -111.89484491, 42.52322117 ], [ -111.90525936, 42.50196926 ], [ -111.91398785, 42.48435168 ], [ -111.93389141, 42.4454822 ], [ -111.94412885, 42.42630581 ], [ -111.95502137, 42.40661269 ], [ -111.97692983, 42.3677432 ], [ -111.98299833, 42.35718462 ], [ -112.00118455, 42.32887372 ], [ -112.02186782, 42.29607396 ], [ -112.02812397, 42.29000423 ], [ -112.0607373, 42.25608446 ], [ -112.068329, 42.25113474 ], [ -112.09960679, 42.23024046 ], [ -112.12121336, 42.21226526 ], [ -112.1384763, 42.19766341 ], [ -112.16315453, 42.17339577 ], [ -112.17734578, 42.15920453 ], [ -112.20000739, 42.13452628 ], [ -112.21621527, 42.11657231 ], [ -112.23432118, 42.09565677 ], [ -112.25508475, 42.07135694 ], [ -112.26744258, 42.05678729 ], [ -112.29395424, 42.02539144 ], [ -112.30035994, 42.0179178 ], [ -112.33282372, 41.98133371 ], [ -112.33485901, 41.97904832 ], [ -112.36806337, 41.94017883 ], [ -112.37169323, 41.93612409 ], [ -112.40486335, 41.90130934 ], [ -112.41056272, 41.89543308 ], [ -112.44540607, 41.86243986 ], [ -112.4494322, 41.85874227 ], [ -112.48830169, 41.82673012 ], [ -112.49265738, 41.82357037 ], [ -112.52717117, 41.79961373 ], [ -112.55322019, 41.78470086 ], [ -112.56604066, 41.77779439 ], [ -112.60491017, 41.76097042 ], [ -112.63989544, 41.74583137 ], [ -112.64377965, 41.74418003 ], [ -112.68264914, 41.7294865 ], [ -112.69236747, 41.70696189 ], [ -112.69242149, 41.70696189 ], [ -112.69241981, 41.74583137 ], [ -112.69241811, 41.78470086 ], [ -112.72151862, 41.81380386 ], [ -112.73128512, 41.82357037 ], [ -112.73128334, 41.86243986 ], [ -112.73128155, 41.90130934 ], [ -112.76038811, 41.93041845 ], [ -112.77014848, 41.94017883 ], [ -112.77014672, 41.97904832 ], [ -112.79925759, 42.00816168 ], [ -112.80901374, 42.0179178 ], [ -112.80901203, 42.05678729 ], [ -112.80901041, 42.09565677 ], [ -112.8381271, 42.12477575 ], [ -112.84787762, 42.13452628 ], [ -112.84787614, 42.17339577 ], [ -112.84787474, 42.21226526 ], [ -112.87699659, 42.24138904 ], [ -112.8867423, 42.25113474 ], [ -112.88674109, 42.29000423 ], [ -112.88673996, 42.32887372 ], [ -112.91586607, 42.35800133 ], [ -112.92560794, 42.3677432 ], [ -112.92560706, 42.40661269 ], [ -112.92560624, 42.4454822 ], [ -112.95473556, 42.47461253 ], [ -112.9644747, 42.48435168 ], [ -112.96447413, 42.52322117 ], [ -112.96447361, 42.56209066 ], [ -112.99360504, 42.5912227 ], [ -113.00334251, 42.60096014 ], [ -113.00334218, 42.63982963 ], [ -113.00334191, 42.67869912 ], [ -113.03247453, 42.70783201 ], [ -113.04221115, 42.7175686 ], [ -113.04221101, 42.75643811 ], [ -113.04221093, 42.7953076 ], [ -113.07134404, 42.82444075 ], [ -113.08108036, 42.83417708 ], [ -113.08108033, 42.87304657 ], [ -113.08108033, 42.91191606 ], [ -113.08108033, 42.95078554 ], [ -113.08108047, 42.98965503 ], [ -113.08108093, 43.02852451 ], [ -113.08108192, 43.06739402 ], [ -113.08108363, 43.10626351 ], [ -113.08108621, 43.145133 ] ] ] } },
{ "type": "Feature", "properties": { "Lower": 4.4 }, "geometry": { "type": "Polygon", "coordinates": [ [ [ -106.16735056, 41.318267 ], [ -106.16720949, 41.35713649 ], [ -106.16670061, 41.39600597 ], [ -106.16583223, 41.43487546 ], [ -106.16473207, 41.47374495 ], [ -106.16316645, 41.51261446 ], [ -106.16098871, 41.55148394 ], [ -106.15875026, 41.59035343 ], [ -106.1562002, 41.62922292 ], [ -106.15593669, 41.6680924 ], [ -106.15257496, 41.68274202 ], [ -106.14711002, 41.70696189 ], [ -106.14603554, 41.74583137 ], [ -106.14221724, 41.78470086 ], [ -106.13783928, 41.82357037 ], [ -106.13336666, 41.86243986 ], [ -106.12842319, 41.90130934 ], [ -106.12322586, 41.94017883 ], [ -106.11747714, 41.97904832 ], [ -106.11370547, 41.99569747 ], [ -106.10911301, 42.0179178 ], [ -106.10578242, 42.05678729 ], [ -106.09926539, 42.09565677 ], [ -106.09267457, 42.13452628 ], [ -106.08566557, 42.17339577 ], [ -106.07845028, 42.21226526 ], [ -106.07483599, 42.23111659 ], [ -106.07103013, 42.25113474 ], [ -106.06341511, 42.29000423 ], [ -106.05529552, 42.32887372 ], [ -106.0472992, 42.3677432 ], [ -106.03912732, 42.40661269 ], [ -106.03596647, 42.4207171 ], [ -106.03046032, 42.4454822 ], [ -106.02193543, 42.48435168 ], [ -106.0130609, 42.52322117 ], [ -106.00413021, 42.56209066 ], [ -105.99709699, 42.5845742 ], [ -105.99237859, 42.60096014 ], [ -105.98548262, 42.63982963 ], [ -105.97593996, 42.67869912 ], [ -105.96622388, 42.7175686 ], [ -105.95822751, 42.74209109 ], [ -105.95391128, 42.75643811 ], [ -105.94617829, 42.7953076 ], [ -105.93581308, 42.83417708 ], [ -105.9253596, 42.87304657 ], [ -105.91935802, 42.89468979 ], [ -105.91465022, 42.91191606 ], [ -105.90402147, 42.95078554 ], [ -105.89302552, 42.98965503 ], [ -105.88393309, 43.02852451 ], [ -105.88048854, 43.03878245 ], [ -105.87040338, 43.06739402 ], [ -105.85893903, 43.10626351 ], [ -105.84728921, 43.145133 ], [ -105.84161905, 43.16340258 ], [ -105.83527008, 43.18400248 ], [ -105.82341414, 43.22287197 ], [ -105.81099026, 43.26174146 ], [ -105.80274954, 43.28751169 ], [ -105.79864449, 43.30061094 ], [ -105.78605944, 43.33948043 ], [ -105.77338359, 43.37834994 ], [ -105.76388006, 43.40667547 ], [ -105.76038808, 43.41721942 ], [ -105.74711889, 43.45608891 ], [ -105.73382806, 43.4949584 ], [ -105.72501057, 43.5202655 ], [ -105.72037554, 43.53382788 ], [ -105.70671284, 43.57269737 ], [ -105.69273732, 43.61156686 ], [ -105.68614109, 43.62976479 ], [ -105.67874106, 43.65043634 ], [ -105.66447772, 43.68930585 ], [ -105.64991643, 43.72817534 ], [ -105.6472716, 43.73516994 ], [ -105.63536617, 43.76704482 ], [ -105.62054317, 43.80591431 ], [ -105.60840212, 43.83710539 ], [ -105.60546604, 43.8447838 ], [ -105.59025517, 43.88365328 ], [ -105.57476626, 43.92252277 ], [ -105.5695326, 43.93538339 ], [ -105.55907035, 43.96139226 ], [ -105.54313703, 44.00026177 ], [ -105.53066312, 44.03016666 ], [ -105.52700725, 44.03913125 ], [ -105.51071985, 44.07800074 ], [ -105.49420317, 44.11687022 ], [ -105.49179364, 44.12236081 ], [ -105.47746323, 44.15573971 ], [ -105.46052027, 44.1946092 ], [ -105.45292415, 44.21154193 ], [ -105.44318882, 44.23347868 ], [ -105.42566643, 44.27234817 ], [ -105.41405467, 44.29772794 ], [ -105.40798048, 44.31121765 ], [ -105.38999717, 44.35008716 ], [ -105.37518518, 44.38168609 ], [ -105.37182952, 44.38895665 ], [ -105.35320579, 44.42782614 ], [ -105.33631567, 44.46266917 ], [ -105.33440283, 44.46669562 ], [ -105.3152678, 44.50556511 ], [ -105.29744619, 44.53811518 ], [ -105.29418181, 44.5444346 ], [ -105.2760512, 44.58330408 ], [ -105.2585767, 44.61710019 ], [ -105.25599133, 44.62217357 ], [ -105.23547074, 44.66104308 ], [ -105.21970722, 44.69033623 ], [ -105.21462649, 44.69991256 ], [ -105.19339828, 44.73878205 ], [ -105.18083773, 44.76099716 ], [ -105.17150875, 44.77765154 ], [ -105.14883486, 44.81652102 ], [ -105.14196825, 44.82775733 ], [ -105.12515856, 44.85539051 ], [ -105.10309873, 44.89007762 ], [ -105.10046327, 44.89426 ], [ -105.07455283, 44.93312948 ], [ -105.06422925, 44.9478111 ], [ -105.04721953, 44.97199899 ], [ -105.02535977, 45.00154725 ], [ -105.01849642, 45.01086848 ], [ -104.98810715, 45.04973796 ], [ -104.98649028, 45.05168189 ], [ -104.95563527, 45.08860745 ], [ -104.9476208, 45.09765452 ], [ -104.92108179, 45.12747694 ], [ -104.90875131, 45.14039983 ], [ -104.88388085, 45.16634642 ], [ -104.8698818, 45.17990843 ], [ -104.84339253, 45.20521591 ], [ -104.83101232, 45.21616399 ], [ -104.79898954, 45.2440854 ], [ -104.79214283, 45.24957804 ], [ -104.75327335, 45.28021194 ], [ -104.7497179, 45.28295491 ], [ -104.71440386, 45.30786894 ], [ -104.69382291, 45.32182439 ], [ -104.67553438, 45.3331047 ], [ -104.63666486, 45.35619631 ], [ -104.62875837, 45.36069388 ], [ -104.59779538, 45.37651594 ], [ -104.5589259, 45.39519067 ], [ -104.54924348, 45.39956336 ], [ -104.52005641, 45.41132278 ], [ -104.48118693, 45.42570202 ], [ -104.44494464, 45.43843285 ], [ -104.44231744, 45.43923281 ], [ -104.40344793, 45.44887698 ], [ -104.36457845, 45.45803081 ], [ -104.32570896, 45.46624078 ], [ -104.28683948, 45.47378648 ], [ -104.26684095, 45.47730234 ], [ -104.24796999, 45.48048182 ], [ -104.20910051, 45.48647517 ], [ -104.17023099, 45.49177042 ], [ -104.13136151, 45.49627698 ], [ -104.09249203, 45.50002491 ], [ -104.05362254, 45.5029652 ], [ -104.01475306, 45.50510418 ], [ -103.97588357, 45.50655967 ], [ -103.93701406, 45.50742494 ], [ -103.89814458, 45.50770509 ], [ -103.85927509, 45.50741904 ], [ -103.82040561, 45.50663625 ], [ -103.78153612, 45.50528041 ], [ -103.74266664, 45.50330841 ], [ -103.70379712, 45.50084463 ], [ -103.66492764, 45.49777003 ], [ -103.62605816, 45.49414753 ], [ -103.58718867, 45.48993867 ], [ -103.54831919, 45.48523466 ], [ -103.5094497, 45.4800269 ], [ -103.49079453, 45.47730234 ], [ -103.47058019, 45.47440984 ], [ -103.43171071, 45.46851365 ], [ -103.39284122, 45.46229239 ], [ -103.35397174, 45.45589777 ], [ -103.31510225, 45.44950542 ], [ -103.27623277, 45.44327834 ], [ -103.24337547, 45.43843285 ], [ -103.23736325, 45.43756361 ], [ -103.19849377, 45.43275517 ], [ -103.15962429, 45.42930012 ], [ -103.1207548, 45.42803755 ], [ -103.08188532, 45.42784669 ], [ -103.04301583, 45.42749729 ], [ -103.00414632, 45.4269337 ], [ -102.96527683, 45.42604822 ], [ -102.92640735, 45.42462549 ], [ -102.88753787, 45.42240034 ], [ -102.84866838, 45.41887175 ], [ -102.8097989, 45.41321196 ], [ -102.77092938, 45.40434738 ], [ -102.75699654, 45.39956336 ], [ -102.7320599, 45.391319 ], [ -102.69319042, 45.37479316 ], [ -102.66523413, 45.36069388 ], [ -102.65432093, 45.35534054 ], [ -102.61545145, 45.33327478 ], [ -102.59708242, 45.32182439 ], [ -102.57658196, 45.30936157 ], [ -102.53771245, 45.28620006 ], [ -102.53200717, 45.28295491 ], [ -102.49884296, 45.26443213 ], [ -102.46079592, 45.2440854 ], [ -102.45997348, 45.24364851 ], [ -102.421104, 45.22465631 ], [ -102.38223451, 45.20605895 ], [ -102.38040913, 45.20521591 ], [ -102.34336503, 45.18783514 ], [ -102.30449551, 45.16990044 ], [ -102.29660297, 45.16634642 ], [ -102.26562603, 45.15221128 ], [ -102.22675655, 45.13467227 ], [ -102.21066774, 45.12747694 ], [ -102.18788706, 45.11718132 ], [ -102.14901758, 45.09963686 ], [ -102.12484518, 45.08860745 ], [ -102.11014809, 45.08185091 ], [ -102.07127858, 45.06362327 ], [ -102.04267413, 45.04973796 ], [ -102.03240909, 45.04472801 ], [ -101.99353961, 45.02480236 ], [ -101.96792413, 45.01086848 ], [ -101.95467013, 45.00358745 ], [ -101.91580064, 44.98063358 ], [ -101.90298237, 44.97199899 ], [ -101.87693116, 44.95411625 ], [ -101.85122338, 44.93312948 ], [ -101.83806164, 44.92197279 ], [ -101.81028405, 44.89426 ], [ -101.79919216, 44.88255417 ], [ -101.77699693, 44.85539051 ], [ -101.76032268, 44.83338665 ], [ -101.74912849, 44.81652102 ], [ -101.72566595, 44.77765154 ], [ -101.72145319, 44.76993692 ], [ -101.70628272, 44.73878205 ], [ -101.6896384, 44.69991256 ], [ -101.68258371, 44.68103851 ], [ -101.6757813, 44.66104308 ], [ -101.66440537, 44.62217357 ], [ -101.65491189, 44.58330408 ], [ -101.64724583, 44.5444346 ], [ -101.64371422, 44.52134218 ], [ -101.64145201, 44.50556511 ], [ -101.63501572, 44.46669562 ], [ -101.62102213, 44.42782614 ], [ -101.60484471, 44.40070873 ], [ -101.59735717, 44.38895665 ], [ -101.56597522, 44.3543496 ], [ -101.56184161, 44.35008716 ], [ -101.52710574, 44.32242498 ], [ -101.51198234, 44.31121765 ], [ -101.48823626, 44.29466501 ], [ -101.455561, 44.27234817 ], [ -101.44936677, 44.2676742 ], [ -101.41049729, 44.23884322 ], [ -101.40308957, 44.23347868 ], [ -101.37162777, 44.20891401 ], [ -101.35259861, 44.1946092 ], [ -101.33275829, 44.17870468 ], [ -101.30275754, 44.15573971 ], [ -101.29388881, 44.14855339 ], [ -101.25501932, 44.11858565 ], [ -101.25269052, 44.11687022 ], [ -101.21614984, 44.08858468 ], [ -101.20149967, 44.07800074 ], [ -101.17728035, 44.05965484 ], [ -101.14775924, 44.03913125 ], [ -101.13841084, 44.03236958 ], [ -101.09954135, 44.00664242 ], [ -101.08882502, 44.00026177 ], [ -101.06067187, 43.98273897 ], [ -101.02180239, 43.96184916 ], [ -101.02083534, 43.96139226 ], [ -100.9829329, 43.94250331 ], [ -100.94406342, 43.92642379 ], [ -100.93321058, 43.92252277 ], [ -100.9051939, 43.91095819 ], [ -100.86632442, 43.89702653 ], [ -100.82745494, 43.88514456 ], [ -100.82163646, 43.88365328 ], [ -100.78858545, 43.87377485 ], [ -100.74971597, 43.86432224 ], [ -100.71084648, 43.85700495 ], [ -100.67197697, 43.85178268 ], [ -100.63310748, 43.84856284 ], [ -100.594238, 43.84737086 ], [ -100.55536852, 43.84821787 ], [ -100.51649903, 43.85108331 ], [ -100.47762955, 43.85612541 ], [ -100.43876003, 43.86354655 ], [ -100.39989055, 43.87361182 ], [ -100.36926283, 43.88365328 ], [ -100.36102107, 43.88597136 ], [ -100.32215158, 43.89896951 ], [ -100.2832821, 43.9146264 ], [ -100.26627996, 43.92252277 ], [ -100.24441261, 43.93097807 ], [ -100.2055431, 43.94778859 ], [ -100.17726546, 43.96139226 ], [ -100.16667361, 43.9653245 ], [ -100.12780413, 43.97983795 ], [ -100.08893465, 43.9933163 ], [ -100.06234657, 44.00026177 ], [ -100.05006516, 44.00207084 ], [ -100.01119568, 44.00515914 ], [ -99.97232616, 44.01279896 ], [ -99.93893447, 44.03913125 ], [ -99.93345668, 44.04574436 ], [ -99.89747151, 44.07800074 ], [ -99.89458719, 44.08016181 ], [ -99.85571771, 44.09780966 ], [ -99.81684823, 44.10853281 ], [ -99.77797874, 44.11641796 ], [ -99.77600164, 44.11687022 ], [ -99.73910923, 44.12491712 ], [ -99.70023974, 44.1387272 ], [ -99.6628571, 44.15573971 ], [ -99.66137026, 44.15648456 ], [ -99.62250078, 44.17375305 ], [ -99.58363129, 44.1913354 ], [ -99.57521924, 44.1946092 ], [ -99.54476181, 44.21031714 ], [ -99.50589229, 44.22949616 ], [ -99.49594727, 44.23347868 ], [ -99.46702281, 44.25127282 ], [ -99.43082204, 44.27234817 ], [ -99.42815332, 44.27474586 ], [ -99.38928384, 44.30908064 ], [ -99.38721611, 44.31121765 ], [ -99.35976682, 44.35008716 ], [ -99.35041436, 44.36860248 ], [ -99.34215565, 44.38895665 ], [ -99.33161045, 44.42782614 ], [ -99.3259648, 44.46669562 ], [ -99.32465866, 44.50556511 ], [ -99.32754116, 44.5444346 ], [ -99.33235787, 44.58330408 ], [ -99.33631911, 44.62217357 ], [ -99.33873941, 44.66104308 ], [ -99.33951049, 44.69991256 ], [ -99.33759702, 44.73878205 ], [ -99.33239066, 44.77765154 ], [ -99.323657, 44.81652102 ], [ -99.3122729, 44.85539051 ], [ -99.31154487, 44.85702093 ], [ -99.29755787, 44.89426 ], [ -99.28043784, 44.93312948 ], [ -99.27267536, 44.94749703 ], [ -99.26117608, 44.97199899 ], [ -99.24007161, 45.01086848 ], [ -99.23380587, 45.02111862 ], [ -99.21746737, 45.04973796 ], [ -99.19493639, 45.08510918 ], [ -99.19278834, 45.08860745 ], [ -99.16659708, 45.12747694 ], [ -99.15606691, 45.14191666 ], [ -99.13869398, 45.16634642 ], [ -99.11719742, 45.1925717 ], [ -99.10745174, 45.20521591 ], [ -99.07832794, 45.23774441 ], [ -99.07223422, 45.2440854 ], [ -99.03945842, 45.26962791 ], [ -99.01869436, 45.28295491 ], [ -99.00058894, 45.29142959 ], [ -98.96171945, 45.30609007 ], [ -98.92284997, 45.31649816 ], [ -98.89184221, 45.32182439 ], [ -98.88398049, 45.32306338 ], [ -98.845111, 45.32580466 ], [ -98.80624149, 45.3248499 ], [ -98.767372, 45.32267439 ], [ -98.75585965, 45.32182439 ], [ -98.72850252, 45.31987691 ], [ -98.68963304, 45.31626589 ], [ -98.65076355, 45.31185489 ], [ -98.61189407, 45.30967543 ], [ -98.57302455, 45.31214078 ], [ -98.53415507, 45.3181785 ], [ -98.51552623, 45.32182439 ], [ -98.49528558, 45.32571956 ], [ -98.4564161, 45.33373091 ], [ -98.41754662, 45.34118102 ], [ -98.37867713, 45.35093357 ], [ -98.35052046, 45.36069388 ], [ -98.33980762, 45.36481544 ], [ -98.30093813, 45.38102331 ], [ -98.26642794, 45.39956336 ], [ -98.26206865, 45.40261031 ], [ -98.22319917, 45.42971648 ], [ -98.21111543, 45.43843285 ], [ -98.18432968, 45.46744414 ], [ -98.17541261, 45.47730234 ], [ -98.14820753, 45.51617182 ], [ -98.1454602, 45.52012736 ], [ -98.11991773, 45.55504131 ], [ -98.10659068, 45.57052831 ], [ -98.08496132, 45.59391082 ], [ -98.0677212, 45.61060783 ], [ -98.04332615, 45.63278031 ], [ -98.02885171, 45.64500662 ], [ -97.99542053, 45.67164979 ], [ -97.98998223, 45.67579387 ], [ -97.95111275, 45.70304732 ], [ -97.9376451, 45.71051928 ], [ -97.91224326, 45.72513336 ], [ -97.87337375, 45.73920019 ], [ -97.83450426, 45.74501997 ], [ -97.79563478, 45.74244425 ], [ -97.7567653, 45.73448328 ], [ -97.71789581, 45.72492986 ], [ -97.67902633, 45.71646367 ], [ -97.64015681, 45.712151 ], [ -97.60128733, 45.71458164 ], [ -97.56241784, 45.72477829 ], [ -97.52354836, 45.74308759 ], [ -97.51424944, 45.74938876 ], [ -97.48467888, 45.77140657 ], [ -97.46667797, 45.78825825 ], [ -97.44580939, 45.81002284 ], [ -97.43219471, 45.82712774 ], [ -97.40693988, 45.86321783 ], [ -97.40527581, 45.86599722 ], [ -97.38590477, 45.90486673 ], [ -97.37078725, 45.94373622 ], [ -97.36807039, 45.95453206 ], [ -97.36188575, 45.9826057 ], [ -97.35899633, 46.02147519 ], [ -97.36341148, 46.06034468 ], [ -97.36807039, 46.07263188 ], [ -97.37942704, 46.09921416 ], [ -97.40693988, 46.13120274 ], [ -97.4141187, 46.13808365 ], [ -97.44580939, 46.15698609 ], [ -97.48467888, 46.17054684 ], [ -97.52354836, 46.17417654 ], [ -97.56241784, 46.16864218 ], [ -97.60128733, 46.17030977 ], [ -97.61596501, 46.17695314 ], [ -97.64015681, 46.21054409 ], [ -97.64260466, 46.21582265 ], [ -97.65189652, 46.25469213 ], [ -97.65824384, 46.29356162 ], [ -97.66287881, 46.3324311 ], [ -97.66585553, 46.37130059 ], [ -97.6666763, 46.41017008 ], [ -97.6641858, 46.44903956 ], [ -97.65675121, 46.48790905 ], [ -97.64170083, 46.52677856 ], [ -97.64015681, 46.5295312 ], [ -97.61278466, 46.56564805 ], [ -97.60128733, 46.57674241 ], [ -97.56241784, 46.6026949 ], [ -97.55764598, 46.60451753 ], [ -97.52354836, 46.61643903 ], [ -97.48467888, 46.62178832 ], [ -97.44580939, 46.62017115 ], [ -97.40693988, 46.61321691 ], [ -97.36807039, 46.60534026 ], [ -97.32920091, 46.60685311 ], [ -97.29033143, 46.62770009 ], [ -97.26243465, 46.64338702 ], [ -97.25146194, 46.6504252 ], [ -97.21259246, 46.66621327 ], [ -97.17372294, 46.67129089 ], [ -97.13485346, 46.66447316 ], [ -97.09947373, 46.64338702 ], [ -97.09598397, 46.64148797 ], [ -97.06130025, 46.60451753 ], [ -97.05711449, 46.59998583 ], [ -97.03452291, 46.56564805 ], [ -97.01824501, 46.54051247 ], [ -97.01077246, 46.52677856 ], [ -96.98718969, 46.48790905 ], [ -96.97937552, 46.47790139 ], [ -96.95879806, 46.44903956 ], [ -96.94050601, 46.43368006 ], [ -96.91370722, 46.41017008 ], [ -96.90163652, 46.40406742 ], [ -96.86276704, 46.38743389 ], [ -96.82389755, 46.37542282 ], [ -96.81061376, 46.37130059 ], [ -96.78502807, 46.36798745 ], [ -96.74615859, 46.36575864 ], [ -96.70728907, 46.36666332 ], [ -96.66841959, 46.34436491 ], [ -96.63959605, 46.3324311 ], [ -96.6295501, 46.32661428 ], [ -96.59068062, 46.31816982 ], [ -96.55181114, 46.30305286 ], [ -96.54067429, 46.29356162 ], [ -96.53330236, 46.25469213 ], [ -96.51294165, 46.23517946 ], [ -96.48289732, 46.21582265 ], [ -96.47407214, 46.21145961 ], [ -96.43520265, 46.19437772 ], [ -96.39800801, 46.17695314 ], [ -96.39633317, 46.17599619 ], [ -96.35746368, 46.16051071 ], [ -96.3185942, 46.1491284 ], [ -96.27972472, 46.14396392 ], [ -96.2408552, 46.14974218 ], [ -96.203379, 46.17695314 ], [ -96.20198572, 46.17887742 ], [ -96.17503048, 46.21582265 ], [ -96.16311623, 46.24483276 ], [ -96.15948404, 46.25469213 ], [ -96.15082936, 46.29356162 ], [ -96.14448701, 46.3324311 ], [ -96.13872808, 46.37130059 ], [ -96.13299273, 46.41017008 ], [ -96.12655158, 46.44903956 ], [ -96.12424675, 46.46068436 ], [ -96.11823849, 46.48790905 ], [ -96.10641237, 46.52677856 ], [ -96.08761533, 46.56564805 ], [ -96.08537727, 46.56896611 ], [ -96.04650778, 46.59414808 ], [ -96.00763827, 46.59658348 ], [ -95.96876878, 46.5928778 ], [ -95.9298993, 46.58762651 ], [ -95.89102981, 46.58232565 ], [ -95.85216033, 46.57748423 ], [ -95.81329085, 46.57339789 ], [ -95.77442133, 46.56999338 ], [ -95.73555185, 46.56727776 ], [ -95.7105775, 46.56564805 ], [ -95.69668236, 46.56471082 ], [ -95.65781288, 46.56354289 ], [ -95.6189434, 46.56247538 ], [ -95.58007391, 46.56188778 ], [ -95.5412044, 46.56173964 ], [ -95.50233491, 46.56188432 ], [ -95.46346543, 46.56239279 ], [ -95.42459594, 46.56308293 ], [ -95.38572646, 46.56394871 ], [ -95.34685698, 46.56489981 ], [ -95.32489376, 46.56564805 ], [ -95.30798746, 46.56616437 ], [ -95.26911798, 46.56654756 ], [ -95.23024849, 46.56709312 ], [ -95.19137901, 46.5673359 ], [ -95.15250953, 46.56707449 ], [ -95.1427868, 46.60451753 ], [ -95.14273278, 46.60451753 ], [ -95.14273833, 46.56564805 ], [ -95.14274336, 46.52677856 ], [ -95.14274783, 46.48790905 ], [ -95.14275179, 46.44903956 ], [ -95.14275527, 46.41017008 ], [ -95.11364004, 46.38105179 ], [ -95.10388884, 46.37130059 ], [ -95.10389153, 46.3324311 ], [ -95.10389386, 46.29356162 ], [ -95.10389589, 46.25469213 ], [ -95.10389765, 46.21582265 ], [ -95.10389919, 46.17695314 ], [ -95.10390054, 46.13808365 ], [ -95.10390172, 46.09921416 ], [ -95.10390273, 46.06034468 ], [ -95.10390367, 46.02147519 ], [ -95.10390446, 45.9826057 ], [ -95.10390515, 45.94373622 ], [ -95.10390575, 45.90486673 ], [ -95.10390633, 45.86599722 ], [ -95.10390691, 45.82712774 ], [ -95.11364004, 45.81739462 ], [ -95.14277697, 45.78825825 ], [ -95.14277765, 45.74938876 ], [ -95.14277845, 45.71051928 ], [ -95.15250953, 45.7007882 ], [ -95.18164901, 45.67164979 ], [ -95.19137901, 45.66191978 ], [ -95.22051992, 45.63278031 ], [ -95.22052126, 45.59391082 ], [ -95.23024849, 45.58418358 ], [ -95.25939289, 45.55504131 ], [ -95.25939473, 45.51617182 ], [ -95.26911798, 45.50644858 ], [ -95.29826732, 45.47730234 ], [ -95.29826976, 45.43843285 ], [ -95.30798746, 45.42871515 ], [ -95.31824645, 45.43843285 ], [ -95.34685698, 45.45260899 ], [ -95.38572646, 45.47113884 ], [ -95.39883481, 45.47730234 ], [ -95.42459594, 45.48957178 ], [ -95.46346543, 45.507353 ], [ -95.48334823, 45.51617182 ], [ -95.50233491, 45.52467906 ], [ -95.5412044, 45.54135261 ], [ -95.57585503, 45.55504131 ], [ -95.58007391, 45.55673053 ], [ -95.6189434, 45.5717324 ], [ -95.65781288, 45.58526712 ], [ -95.68480286, 45.59391082 ], [ -95.69668236, 45.59771542 ], [ -95.73555185, 45.60938899 ], [ -95.77442133, 45.61990828 ], [ -95.81329085, 45.62944906 ], [ -95.82744368, 45.63278031 ], [ -95.85216033, 45.63840979 ], [ -95.89102981, 45.64676508 ], [ -95.9298993, 45.65464268 ], [ -95.96876878, 45.66231332 ], [ -96.00763827, 45.67022178 ], [ -96.01385891, 45.67164979 ], [ -96.04650778, 45.67861199 ], [ -96.08537727, 45.68753208 ], [ -96.12424675, 45.69725314 ], [ -96.16311623, 45.70804638 ], [ -96.1707245, 45.71051928 ], [ -96.20198572, 45.7199507 ], [ -96.2408552, 45.73409647 ], [ -96.27400535, 45.74938876 ], [ -96.27972472, 45.75223907 ], [ -96.3185942, 45.78190742 ], [ -96.32425812, 45.78825825 ], [ -96.3499277, 45.82712774 ], [ -96.35746368, 45.84778133 ], [ -96.36189575, 45.86599722 ], [ -96.36733511, 45.90486673 ], [ -96.38005573, 45.94373622 ], [ -96.39633317, 45.96800781 ], [ -96.40641506, 45.9826057 ], [ -96.43461559, 46.02147519 ], [ -96.43520265, 46.02225439 ], [ -96.46098686, 46.06034468 ], [ -96.47407214, 46.07733297 ], [ -96.48973727, 46.09921416 ], [ -96.51294165, 46.12349463 ], [ -96.52755979, 46.13808365 ], [ -96.55181114, 46.15250053 ], [ -96.59068062, 46.17192175 ], [ -96.60139725, 46.17695314 ], [ -96.6295501, 46.19105435 ], [ -96.64311925, 46.21582265 ], [ -96.6473063, 46.25469213 ], [ -96.65373502, 46.29356162 ], [ -96.66841959, 46.30435692 ], [ -96.70099313, 46.3324311 ], [ -96.70728907, 46.33665275 ], [ -96.74615859, 46.3383563 ], [ -96.78502807, 46.33362479 ], [ -96.79110017, 46.3324311 ], [ -96.82389755, 46.3203944 ], [ -96.86276704, 46.31047172 ], [ -96.90163652, 46.30091108 ], [ -96.92907121, 46.29356162 ], [ -96.94050601, 46.28349367 ], [ -96.97418377, 46.25469213 ], [ -96.97937552, 46.24742853 ], [ -97.00844022, 46.21582265 ], [ -97.01824501, 46.20547315 ], [ -97.04607804, 46.17695314 ], [ -97.05711449, 46.16612888 ], [ -97.07993463, 46.13808365 ], [ -97.09598397, 46.11164183 ], [ -97.10147478, 46.09921416 ], [ -97.11436733, 46.06034468 ], [ -97.1233614, 46.02147519 ], [ -97.13246419, 45.9826057 ], [ -97.13485346, 45.97423361 ], [ -97.14317418, 45.94373622 ], [ -97.1554, 45.90486673 ], [ -97.16900795, 45.86599722 ], [ -97.17372294, 45.85360042 ], [ -97.18409977, 45.82712774 ], [ -97.20032451, 45.78825825 ], [ -97.21259246, 45.76025373 ], [ -97.21767853, 45.74938876 ], [ -97.23643611, 45.71051928 ], [ -97.25146194, 45.68052384 ], [ -97.25637312, 45.67164979 ], [ -97.2782961, 45.63278031 ], [ -97.29033143, 45.61206264 ], [ -97.30241264, 45.59391082 ], [ -97.32920091, 45.55570688 ], [ -97.32974665, 45.55504131 ], [ -97.36173016, 45.51617182 ], [ -97.36807039, 45.50868746 ], [ -97.40061307, 45.47730234 ], [ -97.40693988, 45.47062361 ], [ -97.44238428, 45.43843285 ], [ -97.44580939, 45.43449524 ], [ -97.4794391, 45.39956336 ], [ -97.48467888, 45.39083063 ], [ -97.50310447, 45.36069388 ], [ -97.50950449, 45.32182439 ], [ -97.49987329, 45.28295491 ], [ -97.48467888, 45.25797712 ], [ -97.47733449, 45.2440854 ], [ -97.44580939, 45.20577775 ], [ -97.44540055, 45.20521591 ], [ -97.40693988, 45.16696553 ], [ -97.40638198, 45.16634642 ], [ -97.36807039, 45.13422453 ], [ -97.36077912, 45.12747694 ], [ -97.32920091, 45.10558189 ], [ -97.3064885, 45.08860745 ], [ -97.29033143, 45.07923242 ], [ -97.25146194, 45.0566759 ], [ -97.23847269, 45.04973796 ], [ -97.21259246, 45.03949584 ], [ -97.17372294, 45.02573919 ], [ -97.13485346, 45.01232319 ], [ -97.13057988, 45.01086848 ], [ -97.09598397, 45.00118957 ], [ -97.05711449, 44.98909063 ], [ -97.01824501, 44.9735037 ], [ -97.01543572, 44.97199899 ], [ -96.97937552, 44.95554165 ], [ -96.94308539, 44.93312948 ], [ -96.94050601, 44.93156221 ], [ -96.90163652, 44.90572717 ], [ -96.88448689, 44.89426 ], [ -96.86276704, 44.87988175 ], [ -96.82564673, 44.85539051 ], [ -96.82389755, 44.85424573 ], [ -96.78502807, 44.82953633 ], [ -96.76486261, 44.81652102 ], [ -96.74615859, 44.80469852 ], [ -96.70728907, 44.77977442 ], [ -96.70393822, 44.77765154 ], [ -96.66841959, 44.75574056 ], [ -96.63762949, 44.73878205 ], [ -96.6295501, 44.73438296 ], [ -96.59068062, 44.71640499 ], [ -96.55339785, 44.69991256 ], [ -96.55181114, 44.69922699 ], [ -96.51294165, 44.68380391 ], [ -96.47407214, 44.66828678 ], [ -96.45575801, 44.66104308 ], [ -96.43520265, 44.65313857 ], [ -96.39633317, 44.63814839 ], [ -96.35746368, 44.62238794 ], [ -96.3569361, 44.62217357 ], [ -96.3185942, 44.60634734 ], [ -96.27972472, 44.58975081 ], [ -96.26486695, 44.58330408 ], [ -96.2408552, 44.57242626 ], [ -96.20198572, 44.55446808 ], [ -96.18074449, 44.5444346 ], [ -96.16311623, 44.53582855 ], [ -96.12424675, 44.51652758 ], [ -96.10268087, 44.50556511 ], [ -96.08537727, 44.49654988 ], [ -96.04650778, 44.47590306 ], [ -96.02955499, 44.46669562 ], [ -96.00763827, 44.45462144 ], [ -95.96876878, 44.43265875 ], [ -95.9603938, 44.42782614 ], [ -95.9298993, 44.41013042 ], [ -95.92017731, 44.38895665 ], [ -95.9298993, 44.37923464 ], [ -95.95903299, 44.35008716 ], [ -95.9590242, 44.31121765 ], [ -95.96876878, 44.30147308 ], [ -95.99787938, 44.27234817 ], [ -95.99787042, 44.23347868 ], [ -96.00763827, 44.22371082 ], [ -96.03672522, 44.1946092 ], [ -96.03677923, 44.1946092 ], [ -96.0321617, 44.23347868 ], [ -96.04650778, 44.24233983 ], [ -96.08537727, 44.26642858 ], [ -96.09484743, 44.27234817 ], [ -96.12424675, 44.29057043 ], [ -96.15738506, 44.31121765 ], [ -96.16311623, 44.31473389 ], [ -96.20198572, 44.33890429 ], [ -96.21973755, 44.35008716 ], [ -96.2408552, 44.36306356 ], [ -96.27972472, 44.38726203 ], [ -96.28237553, 44.38895665 ], [ -96.3185942, 44.41132619 ], [ -96.34481356, 44.42782614 ], [ -96.35746368, 44.43545298 ], [ -96.39633317, 44.45953437 ], [ -96.40748638, 44.46669562 ], [ -96.43520265, 44.48350853 ], [ -96.47048226, 44.50556511 ], [ -96.47407214, 44.50766326 ], [ -96.51294165, 44.53166881 ], [ -96.53232581, 44.5444346 ], [ -96.55181114, 44.5561858 ], [ -96.59068062, 44.58129113 ], [ -96.59347467, 44.58330408 ], [ -96.6295501, 44.60634352 ], [ -96.65219515, 44.62217357 ], [ -96.66841959, 44.63231582 ], [ -96.70728907, 44.65707791 ], [ -96.713485, 44.66104308 ], [ -96.74615859, 44.68216011 ], [ -96.77354469, 44.69991256 ], [ -96.78502807, 44.70746267 ], [ -96.82389755, 44.73332049 ], [ -96.83190955, 44.73878205 ], [ -96.86276704, 44.75996458 ], [ -96.88784414, 44.77765154 ], [ -96.90163652, 44.78739802 ], [ -96.94050601, 44.81590985 ], [ -96.94129632, 44.81652102 ], [ -96.97937552, 44.8452845 ], [ -96.99358397, 44.85539051 ], [ -97.01824501, 44.87072028 ], [ -97.05711449, 44.8871045 ], [ -97.08058363, 44.89426 ], [ -97.09598397, 44.89910501 ], [ -97.13485346, 44.90979869 ], [ -97.17372294, 44.92008309 ], [ -97.21259246, 44.93086265 ], [ -97.21998929, 44.93312948 ], [ -97.25146194, 44.94368447 ], [ -97.29033143, 44.95821613 ], [ -97.32291988, 44.97199899 ], [ -97.32920091, 44.97493246 ], [ -97.36807039, 44.99437478 ], [ -97.4028315, 45.01086848 ], [ -97.40693988, 45.01303537 ], [ -97.44580939, 45.03253014 ], [ -97.48442272, 45.04973796 ], [ -97.48467888, 45.04987258 ], [ -97.52354836, 45.06710614 ], [ -97.56241784, 45.08153331 ], [ -97.58575569, 45.08860745 ], [ -97.60128733, 45.09426878 ], [ -97.64015681, 45.10560332 ], [ -97.67902633, 45.11443833 ], [ -97.71789581, 45.12112442 ], [ -97.7567653, 45.12613746 ], [ -97.77256845, 45.12747694 ], [ -97.79563478, 45.12986892 ], [ -97.83450426, 45.13115438 ], [ -97.87337375, 45.12938912 ], [ -97.89040626, 45.12747694 ], [ -97.91224326, 45.12511963 ], [ -97.95111275, 45.11831577 ], [ -97.98998223, 45.10835224 ], [ -98.02885171, 45.09450395 ], [ -98.04191618, 45.08860745 ], [ -98.0677212, 45.07667651 ], [ -98.10659068, 45.0530983 ], [ -98.11116395, 45.04973796 ], [ -98.1454602, 45.02219596 ], [ -98.15724996, 45.01086848 ], [ -98.18432968, 44.98205027 ], [ -98.19287248, 44.97199899 ], [ -98.22254306, 44.93312948 ], [ -98.22319917, 44.93219571 ], [ -98.24908028, 44.89426 ], [ -98.26206865, 44.87391331 ], [ -98.27429961, 44.85539051 ], [ -98.29895491, 44.81652102 ], [ -98.30093813, 44.81331476 ], [ -98.32411308, 44.77765154 ], [ -98.33980762, 44.75229851 ], [ -98.34869585, 44.73878205 ], [ -98.37313204, 44.69991256 ], [ -98.37867713, 44.69049504 ], [ -98.39725247, 44.66104308 ], [ -98.41754662, 44.62583072 ], [ -98.41982956, 44.62217357 ], [ -98.44237992, 44.58330408 ], [ -98.4564161, 44.55657539 ], [ -98.46341277, 44.5444346 ], [ -98.48383576, 44.50556511 ], [ -98.49528558, 44.48122326 ], [ -98.50290563, 44.46669562 ], [ -98.52116689, 44.42782614 ], [ -98.53415507, 44.3964373 ], [ -98.53766547, 44.38895665 ], [ -98.55371212, 44.35008716 ], [ -98.5675201, 44.31121765 ], [ -98.57302455, 44.29310236 ], [ -98.58035109, 44.27234817 ], [ -98.59190038, 44.23347868 ], [ -98.60150043, 44.1946092 ], [ -98.60933541, 44.15573971 ], [ -98.61189407, 44.1398891 ], [ -98.6162974, 44.11687022 ], [ -98.62212288, 44.07800074 ], [ -98.62679547, 44.03913125 ], [ -98.63074688, 44.00026177 ], [ -98.63441776, 43.96139226 ], [ -98.6382543, 43.92252277 ], [ -98.64270193, 43.88365328 ], [ -98.64836552, 43.8447838 ], [ -98.65076355, 43.83234704 ], [ -98.65652919, 43.80591431 ], [ -98.66786375, 43.76704482 ], [ -98.68307072, 43.72817534 ], [ -98.68963304, 43.71338864 ], [ -98.70093487, 43.68930585 ], [ -98.71778646, 43.65043634 ], [ -98.72850252, 43.63740413 ], [ -98.75914345, 43.61156686 ], [ -98.767372, 43.6059056 ], [ -98.80624149, 43.58102558 ], [ -98.81901821, 43.57269737 ], [ -98.845111, 43.55443257 ], [ -98.87242455, 43.53382788 ], [ -98.88398049, 43.5243028 ], [ -98.91666431, 43.4949584 ], [ -98.92284997, 43.4888694 ], [ -98.95377735, 43.45608891 ], [ -98.96171945, 43.44688003 ], [ -98.98587422, 43.41721942 ], [ -99.00058894, 43.39752283 ], [ -99.01430857, 43.37834994 ], [ -99.03945842, 43.34149139 ], [ -99.04076929, 43.33948043 ], [ -99.06418065, 43.30061094 ], [ -99.07832794, 43.27641534 ], [ -99.08682034, 43.26174146 ], [ -99.10848758, 43.22287197 ], [ -99.11719742, 43.20676059 ], [ -99.12954959, 43.18400248 ], [ -99.15011494, 43.145133 ], [ -99.15606691, 43.13369419 ], [ -99.17065042, 43.10626351 ], [ -99.19171103, 43.06739402 ], [ -99.19493639, 43.06168505 ], [ -99.21585264, 43.02852451 ], [ -99.23380587, 43.00129434 ], [ -99.24234326, 42.98965503 ], [ -99.2716175, 42.95078554 ], [ -99.27267536, 42.94941728 ], [ -99.30471799, 42.91191606 ], [ -99.31154487, 42.90407463 ], [ -99.34128323, 42.87304657 ], [ -99.35041436, 42.86363641 ], [ -99.38189541, 42.83417708 ], [ -99.38928384, 42.82734652 ], [ -99.42610282, 42.7953076 ], [ -99.42815332, 42.79359089 ], [ -99.46702281, 42.76537122 ], [ -99.48018278, 42.75643811 ], [ -99.50589229, 42.73914346 ], [ -99.54128606, 42.7175686 ], [ -99.54476181, 42.71548118 ], [ -99.58363129, 42.69462368 ], [ -99.61666956, 42.67869912 ], [ -99.62250078, 42.67591347 ], [ -99.66137026, 42.65947914 ], [ -99.70023974, 42.64497726 ], [ -99.71631468, 42.63982963 ], [ -99.73910923, 42.6326172 ], [ -99.77797874, 42.62243012 ], [ -99.81684823, 42.61393808 ], [ -99.85571771, 42.60695744 ], [ -99.89458719, 42.60247761 ], [ -99.90546629, 42.60096014 ], [ -99.93345668, 42.59699523 ], [ -99.97232616, 42.59347975 ], [ -100.01119568, 42.59076972 ], [ -100.05006516, 42.58851297 ], [ -100.08893465, 42.58659482 ], [ -100.12780413, 42.58489835 ], [ -100.16667361, 42.58311513 ], [ -100.2055431, 42.58106975 ], [ -100.24441261, 42.57869313 ], [ -100.2832821, 42.57581867 ], [ -100.32215158, 42.57222616 ], [ -100.36102107, 42.56783867 ], [ -100.39989055, 42.56354404 ], [ -100.40758899, 42.56209066 ], [ -100.43876003, 42.55618627 ], [ -100.47762955, 42.54890938 ], [ -100.51649903, 42.54042187 ], [ -100.55536852, 42.53068172 ], [ -100.58164502, 42.52322117 ], [ -100.594238, 42.51971213 ], [ -100.63310748, 42.50755754 ], [ -100.67197697, 42.49404898 ], [ -100.69731487, 42.48435168 ], [ -100.71084648, 42.47925203 ], [ -100.74971597, 42.4633029 ], [ -100.78858545, 42.4469638 ], [ -100.79158351, 42.4454822 ], [ -100.82745494, 42.4274872 ], [ -100.86632442, 42.40864593 ], [ -100.86998361, 42.40661269 ], [ -100.9051939, 42.38657638 ], [ -100.93795877, 42.3677432 ], [ -100.94406342, 42.36424467 ], [ -100.9829329, 42.34060866 ], [ -101.00133378, 42.32887372 ], [ -101.02180239, 42.31601291 ], [ -101.06067187, 42.29294061 ], [ -101.06511527, 42.29000423 ], [ -101.09954135, 42.2659163 ], [ -101.11783497, 42.25113474 ], [ -101.13841084, 42.23369932 ], [ -101.16141333, 42.21226526 ], [ -101.17728035, 42.19693215 ], [ -101.20105692, 42.17339577 ], [ -101.21614984, 42.1582517 ], [ -101.23995592, 42.13452628 ], [ -101.25501932, 42.11930649 ], [ -101.27866904, 42.09565677 ], [ -101.29388881, 42.08016867 ], [ -101.31702574, 42.05678729 ], [ -101.33275829, 42.0407188 ], [ -101.35531843, 42.0179178 ], [ -101.37162777, 42.00113656 ], [ -101.39324607, 41.97904832 ], [ -101.41049729, 41.96116193 ], [ -101.43102749, 41.94017883 ], [ -101.44936677, 41.92108498 ], [ -101.46870779, 41.90130934 ], [ -101.48823626, 41.88103724 ], [ -101.50648615, 41.86243986 ], [ -101.52710574, 41.84110375 ], [ -101.54437291, 41.82357037 ], [ -101.56597522, 41.80120256 ], [ -101.58222152, 41.78470086 ], [ -101.60484471, 41.76135501 ], [ -101.62012302, 41.74583137 ], [ -101.64371422, 41.72157022 ], [ -101.65814722, 41.70696189 ], [ -101.68258371, 41.68182221 ], [ -101.69614607, 41.6680924 ], [ -101.72145319, 41.64204485 ], [ -101.7341162, 41.62922292 ], [ -101.76032268, 41.60223665 ], [ -101.77205612, 41.59035343 ], [ -101.79919216, 41.56239339 ], [ -101.81000864, 41.55148394 ], [ -101.83806164, 41.52268939 ], [ -101.8480483, 41.51261446 ], [ -101.87693116, 41.48295445 ], [ -101.88605849, 41.47374495 ], [ -101.91580064, 41.44346548 ], [ -101.92435223, 41.43487546 ], [ -101.95467013, 41.40385796 ], [ -101.96252211, 41.39600597 ], [ -101.99353961, 41.36455365 ], [ -102.00095677, 41.35713649 ], [ -102.03240909, 41.32523694 ], [ -102.039412, 41.318267 ], [ -102.07127858, 41.28609622 ], [ -102.07804257, 41.27939752 ], [ -102.11014809, 41.2469761 ], [ -102.11666024, 41.24052803 ], [ -102.14901758, 41.20801087 ], [ -102.1554333, 41.20165854 ], [ -102.18788706, 41.16920477 ], [ -102.19443485, 41.16278903 ], [ -102.22675655, 41.13063109 ], [ -102.23357241, 41.12391955 ], [ -102.26562603, 41.09202996 ], [ -102.27279005, 41.08505006 ], [ -102.30449551, 41.05367777 ], [ -102.31219456, 41.04618058 ], [ -102.34336503, 41.01534291 ], [ -102.35166161, 41.00731109 ], [ -102.38223451, 40.97739448 ], [ -102.39153713, 40.9684416 ], [ -102.421104, 40.93951984 ], [ -102.43144823, 40.92957212 ], [ -102.45997348, 40.90183601 ], [ -102.47162075, 40.89070263 ], [ -102.49884296, 40.86439285 ], [ -102.51206758, 40.85183312 ], [ -102.53771245, 40.82706246 ], [ -102.55257107, 40.81296363 ], [ -102.57658196, 40.78991773 ], [ -102.59337185, 40.77409415 ], [ -102.61545145, 40.7530425 ], [ -102.63448498, 40.73522466 ], [ -102.65432093, 40.7164388 ], [ -102.67592984, 40.69635518 ], [ -102.69319042, 40.68012127 ], [ -102.71772675, 40.65748569 ], [ -102.7320599, 40.64410297 ], [ -102.75989162, 40.6186162 ], [ -102.77092938, 40.60838604 ], [ -102.80224311, 40.57974672 ], [ -102.8097989, 40.57275062 ], [ -102.84492467, 40.54087721 ], [ -102.84866838, 40.53745876 ], [ -102.88753787, 40.50475845 ], [ -102.8906391, 40.50200772 ], [ -102.92640735, 40.46804903 ], [ -102.93203538, 40.46313823 ], [ -102.96527683, 40.43375743 ], [ -102.9762527, 40.42426875 ], [ -103.00414632, 40.39984166 ], [ -103.02088639, 40.38539926 ], [ -103.04301583, 40.36605341 ], [ -103.06586799, 40.34652978 ], [ -103.08188532, 40.33275487 ], [ -103.11152627, 40.30766029 ], [ -103.1207548, 40.29968661 ], [ -103.15488856, 40.2687908 ], [ -103.15962429, 40.26472747 ], [ -103.19849377, 40.2344654 ], [ -103.20408651, 40.22992129 ], [ -103.23736325, 40.20250591 ], [ -103.25150623, 40.19105181 ], [ -103.27623277, 40.17088228 ], [ -103.29956929, 40.15218232 ], [ -103.31510225, 40.13955577 ], [ -103.3482599, 40.11331283 ], [ -103.35397174, 40.10872662 ], [ -103.39284122, 40.07814077 ], [ -103.3976877, 40.07444335 ], [ -103.43171071, 40.04829034 ], [ -103.44841489, 40.03557386 ], [ -103.47058019, 40.01857674 ], [ -103.49996745, 39.99670438 ], [ -103.5094497, 39.98953763 ], [ -103.54831919, 39.96080032 ], [ -103.55243253, 39.95783489 ], [ -103.58718867, 39.93258379 ], [ -103.60634229, 39.91896538 ], [ -103.62605816, 39.90483523 ], [ -103.65810708, 39.88009589 ], [ -103.66492764, 39.87510733 ], [ -103.70379712, 39.85097278 ], [ -103.71841796, 39.84122641 ], [ -103.74266664, 39.82492764 ], [ -103.77708909, 39.80235692 ], [ -103.78153612, 39.79939223 ], [ -103.82040561, 39.77421636 ], [ -103.83765827, 39.76348743 ], [ -103.85927509, 39.74981391 ], [ -103.89814458, 39.72865572 ], [ -103.90464461, 39.72461795 ], [ -103.93701406, 39.70274007 ], [ -103.96636321, 39.68574846 ], [ -103.97588357, 39.68018824 ], [ -104.01475306, 39.65838184 ], [ -104.03603339, 39.64687898 ], [ -104.05362254, 39.63719624 ], [ -104.09249203, 39.61659276 ], [ -104.10934208, 39.60800947 ], [ -104.13136151, 39.59668887 ], [ -104.17023099, 39.57788405 ], [ -104.18914373, 39.56913998 ], [ -104.17023099, 39.55942247 ], [ -104.17023099, 39.55936845 ], [ -104.20910051, 39.55936876 ], [ -104.21887173, 39.56913998 ], [ -104.24796999, 39.59823912 ], [ -104.28683948, 39.59823935 ], [ -104.32570896, 39.59823959 ], [ -104.36457845, 39.59823978 ], [ -104.40344793, 39.59823997 ], [ -104.44231744, 39.59824014 ], [ -104.48118693, 39.59824025 ], [ -104.49095614, 39.60800947 ], [ -104.52005641, 39.6371104 ], [ -104.5589259, 39.6371105 ], [ -104.59779538, 39.63711057 ], [ -104.63666486, 39.63711062 ], [ -104.67553438, 39.63711066 ], [ -104.71440386, 39.63711066 ], [ -104.75327335, 39.63711066 ], [ -104.76304163, 39.64687898 ], [ -104.79214283, 39.67598062 ], [ -104.83101232, 39.67598058 ], [ -104.8698818, 39.67598053 ], [ -104.90875131, 39.67598043 ], [ -104.9476208, 39.67598036 ], [ -104.98649028, 39.67598024 ], [ -105.02535977, 39.67598013 ], [ -105.0351281, 39.68574846 ], [ -105.06422925, 39.7148499 ], [ -105.10309873, 39.71484973 ], [ -105.14196825, 39.71484957 ], [ -105.18083773, 39.71484938 ], [ -105.21970722, 39.71484919 ], [ -105.2585767, 39.71484897 ], [ -105.29744619, 39.71484874 ], [ -105.30721538, 39.72461795 ], [ -105.33631567, 39.75371836 ], [ -105.37518518, 39.7537181 ], [ -105.41405467, 39.75371784 ], [ -105.45292415, 39.75371756 ], [ -105.49179364, 39.75371728 ], [ -105.53066312, 39.75371697 ], [ -105.5695326, 39.75371664 ], [ -105.57930342, 39.76348743 ], [ -105.60840212, 39.79258612 ], [ -105.6472716, 39.79258579 ], [ -105.68614109, 39.79258544 ], [ -105.68614109, 39.79263945 ], [ -105.67570574, 39.80235692 ], [ -105.68614109, 39.81443065 ], [ -105.70854676, 39.84122641 ], [ -105.72501057, 39.86131569 ], [ -105.73968004, 39.88009589 ], [ -105.76388006, 39.90724424 ], [ -105.77278976, 39.91896538 ], [ -105.79646332, 39.95783489 ], [ -105.80274954, 39.96699136 ], [ -105.82227419, 39.99670438 ], [ -105.84161905, 40.02679327 ], [ -105.84710692, 40.03557386 ], [ -105.87045509, 40.07444335 ], [ -105.88048854, 40.09147801 ], [ -105.89284153, 40.11331283 ], [ -105.91432409, 40.15218232 ], [ -105.91935802, 40.16199111 ], [ -105.93388837, 40.19105181 ], [ -105.95289623, 40.22992129 ], [ -105.95822751, 40.24161943 ], [ -105.97030366, 40.2687908 ], [ -105.98674271, 40.30766029 ], [ -105.99709699, 40.33338685 ], [ -106.00232205, 40.34652978 ], [ -106.01707105, 40.38539926 ], [ -106.03101155, 40.42426875 ], [ -106.03596647, 40.43931306 ], [ -106.04363238, 40.46313823 ], [ -106.05569533, 40.50200772 ], [ -106.06695341, 40.54087721 ], [ -106.07483599, 40.56187335 ], [ -106.08086067, 40.57974672 ], [ -106.08742894, 40.6186162 ], [ -106.09668622, 40.65748569 ], [ -106.10523273, 40.69635518 ], [ -106.10956203, 40.73522466 ], [ -106.11370547, 40.75085932 ], [ -106.12038895, 40.77409415 ], [ -106.1270041, 40.81296363 ], [ -106.13299893, 40.85183312 ], [ -106.13887276, 40.89070263 ], [ -106.14382197, 40.92957212 ], [ -106.14823305, 40.9684416 ], [ -106.14898579, 41.00731109 ], [ -106.15257496, 41.02149613 ], [ -106.15876333, 41.04618058 ], [ -106.15885884, 41.08505006 ], [ -106.1614867, 41.12391955 ], [ -106.16341357, 41.16278903 ], [ -106.16520795, 41.20165854 ], [ -106.16635116, 41.24052803 ], [ -106.16697588, 41.27939752 ], [ -106.16735056, 41.318267 ] ], [ [ -98.81093951, 45.04973796 ], [ -98.81006394, 45.08860745 ], [ -98.80624149, 45.1017277 ], [ -98.79716795, 45.12747694 ], [ -98.76874271, 45.16634642 ], [ -98.767372, 45.16717606 ], [ -98.72850252, 45.18114851 ], [ -98.68963304, 45.17907379 ], [ -98.65076355, 45.17798535 ], [ -98.61189407, 45.17727123 ], [ -98.57965069, 45.16634642 ], [ -98.57302455, 45.14495203 ], [ -98.56884986, 45.12747694 ], [ -98.57302455, 45.11291585 ], [ -98.58222233, 45.08860745 ], [ -98.61008324, 45.04973796 ], [ -98.61189407, 45.04775813 ], [ -98.65076355, 45.01436216 ], [ -98.65695703, 45.01086848 ], [ -98.68963304, 44.99482328 ], [ -98.72850252, 44.98552047 ], [ -98.767372, 44.99019725 ], [ -98.79351529, 45.01086848 ], [ -98.80624149, 45.03197606 ], [ -98.81093951, 45.04973796 ] ], [ [ -103.65721821, 44.07800074 ], [ -103.65684141, 44.11687022 ], [ -103.65526176, 44.15573971 ], [ -103.65284484, 44.1946092 ], [ -103.64939474, 44.23347868 ], [ -103.64468353, 44.27234817 ], [ -103.638892, 44.31121765 ], [ -103.63181371, 44.35008716 ], [ -103.62605816, 44.37613258 ], [ -103.62320784, 44.38895665 ], [ -103.61320797, 44.42782614 ], [ -103.60138635, 44.46669562 ], [ -103.58968625, 44.50556511 ], [ -103.58718867, 44.51129449 ], [ -103.57170215, 44.5444346 ], [ -103.55311028, 44.58330408 ], [ -103.54831919, 44.59194987 ], [ -103.53115549, 44.62217357 ], [ -103.5094497, 44.65503662 ], [ -103.50533043, 44.66104308 ], [ -103.47427837, 44.69991256 ], [ -103.47058019, 44.7038435 ], [ -103.43564165, 44.73878205 ], [ -103.43171071, 44.74208863 ], [ -103.39284122, 44.77251418 ], [ -103.38564073, 44.77765154 ], [ -103.35397174, 44.79635665 ], [ -103.31510225, 44.81445777 ], [ -103.31065805, 44.81652102 ], [ -103.27623277, 44.82976791 ], [ -103.23736325, 44.84035424 ], [ -103.19849377, 44.84783269 ], [ -103.15962429, 44.85229707 ], [ -103.1207548, 44.85382686 ], [ -103.09930956, 44.85539051 ], [ -103.08188532, 44.85652608 ], [ -103.04301583, 44.85811098 ], [ -103.00414632, 44.85931461 ], [ -102.96527683, 44.85960555 ], [ -102.92640735, 44.85952727 ], [ -102.88753787, 44.85936103 ], [ -102.84866838, 44.85904684 ], [ -102.8097989, 44.85858758 ], [ -102.77092938, 44.85811356 ], [ -102.7320599, 44.85756389 ], [ -102.69319042, 44.85692852 ], [ -102.65432093, 44.85666884 ], [ -102.63548929, 44.85539051 ], [ -102.61545145, 44.85395599 ], [ -102.57658196, 44.85279921 ], [ -102.53771245, 44.84974921 ], [ -102.49884296, 44.84460311 ], [ -102.45997348, 44.83549933 ], [ -102.421104, 44.82114199 ], [ -102.41164841, 44.81652102 ], [ -102.38223451, 44.80188623 ], [ -102.34336503, 44.78057615 ], [ -102.33834247, 44.77765154 ], [ -102.30449551, 44.75718031 ], [ -102.27383248, 44.73878205 ], [ -102.26562603, 44.73364266 ], [ -102.22675655, 44.70961152 ], [ -102.21041441, 44.69991256 ], [ -102.18788706, 44.68588141 ], [ -102.14901758, 44.66280696 ], [ -102.14598579, 44.66104308 ], [ -102.11014809, 44.6391054 ], [ -102.08241147, 44.62217357 ], [ -102.07127858, 44.61499033 ], [ -102.03240909, 44.58819488 ], [ -102.02613051, 44.58330408 ], [ -101.99353961, 44.55549904 ], [ -101.98273249, 44.5444346 ], [ -101.95467013, 44.51099223 ], [ -101.95117331, 44.50556511 ], [ -101.93077177, 44.46669562 ], [ -101.91580064, 44.42979703 ], [ -101.91516508, 44.42782614 ], [ -101.90658521, 44.38895665 ], [ -101.89993466, 44.35008716 ], [ -101.88725306, 44.31121765 ], [ -101.87693116, 44.2947788 ], [ -101.8604638, 44.27234817 ], [ -101.83806164, 44.25343242 ], [ -101.81136652, 44.23347868 ], [ -101.79919216, 44.22370587 ], [ -101.76319068, 44.1946092 ], [ -101.76032268, 44.19192326 ], [ -101.72145319, 44.15627509 ], [ -101.72087606, 44.15573971 ], [ -101.68335743, 44.11687022 ], [ -101.68258371, 44.11601528 ], [ -101.64769872, 44.07800074 ], [ -101.64371422, 44.07335755 ], [ -101.61387283, 44.03913125 ], [ -101.60484471, 44.02817269 ], [ -101.58143429, 44.00026177 ], [ -101.56597522, 43.98082319 ], [ -101.55020722, 43.96139226 ], [ -101.52710574, 43.93142132 ], [ -101.52007798, 43.92252277 ], [ -101.49083236, 43.88365328 ], [ -101.48823626, 43.87996715 ], [ -101.46277755, 43.8447838 ], [ -101.44936677, 43.82528471 ], [ -101.43557928, 43.80591431 ], [ -101.41049729, 43.76898397 ], [ -101.40915701, 43.76704482 ], [ -101.387716, 43.72817534 ], [ -101.37162777, 43.69552166 ], [ -101.36848123, 43.68930585 ], [ -101.35302198, 43.65043634 ], [ -101.34087294, 43.61156686 ], [ -101.33275829, 43.57866264 ], [ -101.33129559, 43.57269737 ], [ -101.32769962, 43.53382788 ], [ -101.32687257, 43.4949584 ], [ -101.33003303, 43.45608891 ], [ -101.33275829, 43.44119444 ], [ -101.33748479, 43.41721942 ], [ -101.34920769, 43.37834994 ], [ -101.36508174, 43.33948043 ], [ -101.37162777, 43.3266793 ], [ -101.38605127, 43.30061094 ], [ -101.41049729, 43.26532468 ], [ -101.41310762, 43.26174146 ], [ -101.44319265, 43.22287197 ], [ -101.44936677, 43.21603632 ], [ -101.48123915, 43.18400248 ], [ -101.48823626, 43.1777938 ], [ -101.52710574, 43.14941084 ], [ -101.53381168, 43.145133 ], [ -101.56597522, 43.12496238 ], [ -101.59749752, 43.10626351 ], [ -101.60484471, 43.10206527 ], [ -101.64371422, 43.08203524 ], [ -101.67465368, 43.06739402 ], [ -101.68258371, 43.06365662 ], [ -101.72145319, 43.04642636 ], [ -101.76032268, 43.03008908 ], [ -101.76422553, 43.02852451 ], [ -101.79919216, 43.01444834 ], [ -101.83806164, 42.99933699 ], [ -101.86406568, 42.98965503 ], [ -101.87693116, 42.98482291 ], [ -101.91580064, 42.97074414 ], [ -101.95467013, 42.95706233 ], [ -101.97333384, 42.95078554 ], [ -101.99353961, 42.94389621 ], [ -102.03240909, 42.9310817 ], [ -102.07127858, 42.91871139 ], [ -102.09347288, 42.91191606 ], [ -102.11014809, 42.90673564 ], [ -102.14901758, 42.89527846 ], [ -102.18788706, 42.88420019 ], [ -102.22675655, 42.87545524 ], [ -102.23580644, 42.87304657 ], [ -102.26562603, 42.86451988 ], [ -102.30449551, 42.85656184 ], [ -102.34336503, 42.84996869 ], [ -102.38223451, 42.84445457 ], [ -102.421104, 42.83994725 ], [ -102.45997348, 42.8366139 ], [ -102.48039147, 42.83417708 ], [ -102.49884296, 42.8320514 ], [ -102.53771245, 42.830842 ], [ -102.57658196, 42.83031186 ], [ -102.61545145, 42.83093624 ], [ -102.63639145, 42.83417708 ], [ -102.65432093, 42.83702247 ], [ -102.69319042, 42.83753868 ], [ -102.7320599, 42.8412156 ], [ -102.77092938, 42.84635094 ], [ -102.8097989, 42.85247152 ], [ -102.84866838, 42.85995449 ], [ -102.88753787, 42.8689571 ], [ -102.90340088, 42.87304657 ], [ -102.92640735, 42.87916961 ], [ -102.96527683, 42.89120554 ], [ -103.00414632, 42.90484888 ], [ -103.02189381, 42.91191606 ], [ -103.04301583, 42.92062159 ], [ -103.08188532, 42.93836817 ], [ -103.10650464, 42.95078554 ], [ -103.1207548, 42.95831249 ], [ -103.15962429, 42.98117575 ], [ -103.17285618, 42.98965503 ], [ -103.19849377, 43.00692371 ], [ -103.22749073, 43.02852451 ], [ -103.23736325, 43.03627317 ], [ -103.26987229, 43.06739402 ], [ -103.27623277, 43.07317051 ], [ -103.31037045, 43.10626351 ], [ -103.31510225, 43.11109738 ], [ -103.34952117, 43.145133 ], [ -103.35397174, 43.15031559 ], [ -103.38112901, 43.18400248 ], [ -103.39284122, 43.19930861 ], [ -103.40999527, 43.22287197 ], [ -103.43171071, 43.25481588 ], [ -103.43615867, 43.26174146 ], [ -103.45988599, 43.30061094 ], [ -103.47058019, 43.31945314 ], [ -103.48145846, 43.33948043 ], [ -103.50143471, 43.37834994 ], [ -103.5094497, 43.39508397 ], [ -103.51962546, 43.41721942 ], [ -103.53643259, 43.45608891 ], [ -103.54831919, 43.48545075 ], [ -103.55202042, 43.4949584 ], [ -103.5659877, 43.53382788 ], [ -103.57897357, 43.57269737 ], [ -103.58718867, 43.59974236 ], [ -103.59067672, 43.61156686 ], [ -103.60137496, 43.65043634 ], [ -103.61106846, 43.68930585 ], [ -103.61983674, 43.72817534 ], [ -103.62605816, 43.75159587 ], [ -103.6298507, 43.76704482 ], [ -103.63461364, 43.80591431 ], [ -103.64056, 43.8447838 ], [ -103.64560854, 43.88365328 ], [ -103.64978872, 43.92252277 ], [ -103.65289399, 43.96139226 ], [ -103.6553822, 44.00026177 ], [ -103.65669257, 44.03913125 ], [ -103.65721821, 44.07800074 ] ] ] } },
{ "type": "Feature", "properties": { "Lower": 4.6 }, "geometry": { "type": "Polygon", "coordinates": [ [ [ -104.24235144, 48.19816659 ], [ -104.2421337, 48.23703607 ], [ -104.23868601, 48.27590556 ], [ -104.23257818, 48.31477504 ], [ -104.22421056, 48.35364453 ], [ -104.21368391, 48.39251404 ], [ -104.20910051, 48.40681715 ], [ -104.20102582, 48.43138353 ], [ -104.18616327, 48.47025301 ], [ -104.17023099, 48.50651761 ], [ -104.16903736, 48.5091225 ], [ -104.14944691, 48.54799199 ], [ -104.13136151, 48.57978755 ], [ -104.1270893, 48.58686147 ], [ -104.10159078, 48.62573096 ], [ -104.09249203, 48.6384531 ], [ -104.07222919, 48.66460044 ], [ -104.05362254, 48.68668808 ], [ -104.03803013, 48.70346995 ], [ -104.01475306, 48.72674701 ], [ -103.99709399, 48.74233944 ], [ -103.97588357, 48.75988449 ], [ -103.94560865, 48.78120893 ], [ -103.93701406, 48.78695718 ], [ -103.89814458, 48.8086446 ], [ -103.87211256, 48.82007841 ], [ -103.85927509, 48.82547663 ], [ -103.82040561, 48.83793334 ], [ -103.78153612, 48.8461764 ], [ -103.74266664, 48.85065399 ], [ -103.70379712, 48.85152077 ], [ -103.66492764, 48.84913487 ], [ -103.62605816, 48.84360187 ], [ -103.58718867, 48.83512017 ], [ -103.54831919, 48.82377837 ], [ -103.53847832, 48.82007841 ], [ -103.5094497, 48.81004533 ], [ -103.47058019, 48.79378724 ], [ -103.44516773, 48.78120893 ], [ -103.43171071, 48.775139 ], [ -103.39284122, 48.75442242 ], [ -103.37341823, 48.74233944 ], [ -103.35397174, 48.73153036 ], [ -103.31510225, 48.70656803 ], [ -103.31100843, 48.70346995 ], [ -103.27623277, 48.68048507 ], [ -103.25397025, 48.66460044 ], [ -103.23736325, 48.6545516 ], [ -103.19849377, 48.63276502 ], [ -103.17954792, 48.62573096 ], [ -103.15962429, 48.62078865 ], [ -103.1207548, 48.62282213 ], [ -103.08188532, 48.61879475 ], [ -103.04301583, 48.60662111 ], [ -103.00414632, 48.59685357 ], [ -102.96527683, 48.58905985 ], [ -102.95040094, 48.58686147 ], [ -102.92640735, 48.58339906 ], [ -102.88753787, 48.57993464 ], [ -102.84866838, 48.57864033 ], [ -102.8097989, 48.57957022 ], [ -102.77092938, 48.58275842 ], [ -102.74062445, 48.58686147 ], [ -102.7320599, 48.58818767 ], [ -102.69319042, 48.59595519 ], [ -102.65432093, 48.60458057 ], [ -102.61545145, 48.61323029 ], [ -102.57658196, 48.62132978 ], [ -102.55116354, 48.62573096 ], [ -102.53771245, 48.62861341 ], [ -102.49884296, 48.63446516 ], [ -102.45997348, 48.63719955 ], [ -102.421104, 48.63529846 ], [ -102.38223451, 48.62698633 ], [ -102.37956939, 48.62573096 ], [ -102.34336503, 48.60871499 ], [ -102.31677222, 48.58686147 ], [ -102.30449551, 48.57681935 ], [ -102.28110986, 48.54799199 ], [ -102.26562603, 48.52836243 ], [ -102.25428647, 48.5091225 ], [ -102.23233503, 48.47025301 ], [ -102.22675655, 48.46072596 ], [ -102.21323971, 48.43138353 ], [ -102.19576582, 48.39251404 ], [ -102.18788706, 48.37503944 ], [ -102.18009481, 48.35364453 ], [ -102.16641702, 48.31477504 ], [ -102.15371066, 48.27590556 ], [ -102.14901758, 48.26091751 ], [ -102.14211642, 48.23703607 ], [ -102.13152451, 48.19816659 ], [ -102.12193931, 48.1592971 ], [ -102.11375752, 48.12042761 ], [ -102.11014809, 48.09753013 ], [ -102.10764574, 48.08155813 ], [ -102.10436581, 48.04268862 ], [ -102.10546492, 48.00381913 ], [ -102.11014809, 47.97712104 ], [ -102.11236043, 47.96494964 ], [ -102.12392202, 47.92608016 ], [ -102.13757945, 47.88721067 ], [ -102.14869688, 47.84834119 ], [ -102.14901758, 47.84695898 ], [ -102.15807277, 47.8094717 ], [ -102.16599371, 47.77060221 ], [ -102.17346076, 47.7317327 ], [ -102.18101081, 47.69286322 ], [ -102.18788706, 47.66379665 ], [ -102.19030338, 47.65399373 ], [ -102.20314887, 47.61512424 ], [ -102.22147862, 47.57625476 ], [ -102.22675655, 47.56756445 ], [ -102.24812876, 47.53738527 ], [ -102.26562603, 47.51866356 ], [ -102.2909987, 47.49851579 ], [ -102.30449551, 47.48986941 ], [ -102.34336503, 47.47467764 ], [ -102.38223451, 47.47025668 ], [ -102.421104, 47.47668179 ], [ -102.45997348, 47.49573389 ], [ -102.46376869, 47.49851579 ], [ -102.49884296, 47.52234302 ], [ -102.51776124, 47.53738527 ], [ -102.53771245, 47.55238092 ], [ -102.56782131, 47.57625476 ], [ -102.57658196, 47.58305525 ], [ -102.61545145, 47.60963051 ], [ -102.62578049, 47.61512424 ], [ -102.65432093, 47.63124526 ], [ -102.69319042, 47.6488434 ], [ -102.70753312, 47.65399373 ], [ -102.7320599, 47.66350206 ], [ -102.77092938, 47.67550373 ], [ -102.8097989, 47.68333718 ], [ -102.84866838, 47.68522958 ], [ -102.88753787, 47.68216928 ], [ -102.92640735, 47.67498904 ], [ -102.96527683, 47.66501697 ], [ -103.00103298, 47.65399373 ], [ -103.00414632, 47.65301652 ], [ -103.04301583, 47.63979347 ], [ -103.08188532, 47.62547154 ], [ -103.10915792, 47.61512424 ], [ -103.1207548, 47.61062389 ], [ -103.15962429, 47.59578277 ], [ -103.19849377, 47.58122912 ], [ -103.2127765, 47.57625476 ], [ -103.23736325, 47.56743937 ], [ -103.27623277, 47.5548731 ], [ -103.31510225, 47.54379249 ], [ -103.34283676, 47.53738527 ], [ -103.35397174, 47.53470987 ], [ -103.39284122, 47.52793255 ], [ -103.43171071, 47.523857 ], [ -103.47058019, 47.52279675 ], [ -103.5094497, 47.52482057 ], [ -103.54831919, 47.52985491 ], [ -103.58352673, 47.53738527 ], [ -103.58718867, 47.53816844 ], [ -103.62605816, 47.54796841 ], [ -103.66492764, 47.5604784 ], [ -103.70379712, 47.57491874 ], [ -103.7070107, 47.57625476 ], [ -103.74266664, 47.59093697 ], [ -103.78153612, 47.60833369 ], [ -103.79565727, 47.61512424 ], [ -103.82040561, 47.62689642 ], [ -103.85927509, 47.64637228 ], [ -103.87377713, 47.65399373 ], [ -103.89814458, 47.66668065 ], [ -103.93701406, 47.68777969 ], [ -103.9458491, 47.69286322 ], [ -103.97588357, 47.71210461 ], [ -104.00364922, 47.7317327 ], [ -104.01475306, 47.74081232 ], [ -104.04890681, 47.77060221 ], [ -104.05362254, 47.77537385 ], [ -104.08593158, 47.8094717 ], [ -104.09249203, 47.81759984 ], [ -104.11680411, 47.84834119 ], [ -104.13136151, 47.87013842 ], [ -104.14280546, 47.88721067 ], [ -104.16526415, 47.92608016 ], [ -104.17023099, 47.93618151 ], [ -104.18464257, 47.96494964 ], [ -104.20112506, 48.00381913 ], [ -104.20910051, 48.0266594 ], [ -104.21483912, 48.04268862 ], [ -104.22584756, 48.08155813 ], [ -104.2341284, 48.12042761 ], [ -104.23968665, 48.1592971 ], [ -104.24235144, 48.19816659 ] ], [ [ -103.45792122, 48.1592971 ], [ -103.45537808, 48.19816659 ], [ -103.44136656, 48.23703607 ], [ -103.43171071, 48.2523791 ], [ -103.41743794, 48.27590556 ], [ -103.39284122, 48.30355865 ], [ -103.38351207, 48.31477504 ], [ -103.35397174, 48.33813822 ], [ -103.33539219, 48.35364453 ], [ -103.31510225, 48.36389435 ], [ -103.27623277, 48.38301033 ], [ -103.25554766, 48.39251404 ], [ -103.23736325, 48.39849979 ], [ -103.19849377, 48.40431221 ], [ -103.15962429, 48.39841078 ], [ -103.14428971, 48.39251404 ], [ -103.1207548, 48.38131706 ], [ -103.08188532, 48.36641418 ], [ -103.04301583, 48.35435508 ], [ -103.04063667, 48.35364453 ], [ -103.00414632, 48.33974869 ], [ -102.96527683, 48.32764082 ], [ -102.92640735, 48.31705201 ], [ -102.91740892, 48.31477504 ], [ -102.88753787, 48.30506719 ], [ -102.84866838, 48.29374733 ], [ -102.8097989, 48.28316729 ], [ -102.78257786, 48.27590556 ], [ -102.77092938, 48.27195059 ], [ -102.7320599, 48.25906831 ], [ -102.69319042, 48.24712409 ], [ -102.6578837, 48.23703607 ], [ -102.65432093, 48.23578134 ], [ -102.61545145, 48.22265614 ], [ -102.57658196, 48.20949691 ], [ -102.54656976, 48.19816659 ], [ -102.53771245, 48.19423908 ], [ -102.49884296, 48.17461809 ], [ -102.47261114, 48.1592971 ], [ -102.45997348, 48.15087153 ], [ -102.42287995, 48.12042761 ], [ -102.421104, 48.11864074 ], [ -102.39454491, 48.08155813 ], [ -102.38223451, 48.04909084 ], [ -102.38067273, 48.04268862 ], [ -102.38223451, 48.01726273 ], [ -102.38321886, 48.00381913 ], [ -102.39325234, 47.96494964 ], [ -102.40680369, 47.92608016 ], [ -102.421104, 47.88919501 ], [ -102.4220201, 47.88721067 ], [ -102.441714, 47.84834119 ], [ -102.45997348, 47.81552552 ], [ -102.46850535, 47.8094717 ], [ -102.49884296, 47.7981983 ], [ -102.53771245, 47.80821529 ], [ -102.54014991, 47.8094717 ], [ -102.57658196, 47.82987887 ], [ -102.60600693, 47.84834119 ], [ -102.61545145, 47.85498928 ], [ -102.65432093, 47.88477404 ], [ -102.65767525, 47.88721067 ], [ -102.69319042, 47.91135815 ], [ -102.71960346, 47.92608016 ], [ -102.7320599, 47.93417582 ], [ -102.77092938, 47.95603076 ], [ -102.79042764, 47.96494964 ], [ -102.8097989, 47.97637932 ], [ -102.84866838, 47.99397019 ], [ -102.87748475, 48.00381913 ], [ -102.88753787, 48.00827712 ], [ -102.92640735, 48.02076905 ], [ -102.96527683, 48.02953061 ], [ -103.00414632, 48.03549477 ], [ -103.04301583, 48.03929909 ], [ -103.08188532, 48.04118103 ], [ -103.1207548, 48.04171614 ], [ -103.15962429, 48.04133101 ], [ -103.1780389, 48.04268862 ], [ -103.19849377, 48.04453642 ], [ -103.23736325, 48.04727057 ], [ -103.27623277, 48.05288119 ], [ -103.31510225, 48.05979141 ], [ -103.35397174, 48.06755155 ], [ -103.39284122, 48.07744172 ], [ -103.40165871, 48.08155813 ], [ -103.43171071, 48.10496412 ], [ -103.44442572, 48.12042761 ], [ -103.45792122, 48.1592971 ] ] ] } },
{ "type": "Feature", "properties": { "Lower": 4.6 }, "geometry": { "type": "Polygon", "coordinates": [ [ [ -104.18914373, 39.56913998 ], [ -104.17023099, 39.57788405 ], [ -104.13136151, 39.59668887 ], [ -104.10934208, 39.60800947 ], [ -104.09249203, 39.61659276 ], [ -104.05362254, 39.63719624 ], [ -104.03603339, 39.64687898 ], [ -104.01475306, 39.65838184 ], [ -103.97588357, 39.68018824 ], [ -103.96636321, 39.68574846 ], [ -103.93701406, 39.70274007 ], [ -103.90464461, 39.72461795 ], [ -103.89814458, 39.72865572 ], [ -103.85927509, 39.74981391 ], [ -103.83765827, 39.76348743 ], [ -103.82040561, 39.77421636 ], [ -103.78153612, 39.79939223 ], [ -103.77708909, 39.80235692 ], [ -103.74266664, 39.82492764 ], [ -103.71841796, 39.84122641 ], [ -103.70379712, 39.85097278 ], [ -103.66492764, 39.87510733 ], [ -103.65810708, 39.88009589 ], [ -103.62605816, 39.90483523 ], [ -103.60634229, 39.91896538 ], [ -103.58718867, 39.93258379 ], [ -103.55243253, 39.95783489 ], [ -103.54831919, 39.96080032 ], [ -103.5094497, 39.98953763 ], [ -103.49996745, 39.99670438 ], [ -103.47058019, 40.01857674 ], [ -103.44841489, 40.03557386 ], [ -103.43171071, 40.04829034 ], [ -103.3976877, 40.07444335 ], [ -103.39284122, 40.07814077 ], [ -103.35397174, 40.10872662 ], [ -103.3482599, 40.11331283 ], [ -103.31510225, 40.13955577 ], [ -103.29956929, 40.15218232 ], [ -103.27623277, 40.17088228 ], [ -103.25150623, 40.19105181 ], [ -103.23736325, 40.20250591 ], [ -103.20408651, 40.22992129 ], [ -103.19849377, 40.2344654 ], [ -103.15962429, 40.26472747 ], [ -103.15488856, 40.2687908 ], [ -103.1207548, 40.29968661 ], [ -103.11152627, 40.30766029 ], [ -103.08188532, 40.33275487 ], [ -103.06586799, 40.34652978 ], [ -103.04301583, 40.36605341 ], [ -103.02088639, 40.38539926 ], [ -103.00414632, 40.39984166 ], [ -102.9762527, 40.42426875 ], [ -102.96527683, 40.43375743 ], [ -102.93203538, 40.46313823 ], [ -102.92640735, 40.46804903 ], [ -102.8906391, 40.50200772 ], [ -102.88753787, 40.50475845 ], [ -102.84866838, 40.53745876 ], [ -102.84492467, 40.54087721 ], [ -102.8097989, 40.57275062 ], [ -102.80224311, 40.57974672 ], [ -102.77092938, 40.60838604 ], [ -102.75989162, 40.6186162 ], [ -102.7320599, 40.64410297 ], [ -102.71772675, 40.65748569 ], [ -102.69319042, 40.68012127 ], [ -102.67592984, 40.69635518 ], [ -102.65432093, 40.7164388 ], [ -102.63448498, 40.73522466 ], [ -102.61545145, 40.7530425 ], [ -102.59337185, 40.77409415 ], [ -102.57658196, 40.78991773 ], [ -102.55257107, 40.81296363 ], [ -102.53771245, 40.82706246 ], [ -102.51206758, 40.85183312 ], [ -102.49884296, 40.86439285 ], [ -102.47162075, 40.89070263 ], [ -102.45997348, 40.90183601 ], [ -102.43144823, 40.92957212 ], [ -102.421104, 40.93951984 ], [ -102.39153713, 40.9684416 ], [ -102.38223451, 40.97739448 ], [ -102.35166161, 41.00731109 ], [ -102.34336503, 41.01534291 ], [ -102.31219456, 41.04618058 ], [ -102.30449551, 41.05367777 ], [ -102.27279005, 41.08505006 ], [ -102.26562603, 41.09202996 ], [ -102.23357241, 41.12391955 ], [ -102.22675655, 41.13063109 ], [ -102.19443485, 41.16278903 ], [ -102.18788706, 41.16920477 ], [ -102.1554333, 41.20165854 ], [ -102.14901758, 41.20801087 ], [ -102.11666024, 41.24052803 ], [ -102.11014809, 41.2469761 ], [ -102.07804257, 41.27939752 ], [ -102.07127858, 41.28609622 ], [ -102.039412, 41.318267 ], [ -102.03240909, 41.32523694 ], [ -102.00095677, 41.35713649 ], [ -101.99353961, 41.36455365 ], [ -101.96252211, 41.39600597 ], [ -101.95467013, 41.40385796 ], [ -101.92435223, 41.43487546 ], [ -101.91580064, 41.44346548 ], [ -101.88605849, 41.47374495 ], [ -101.87693116, 41.48295445 ], [ -101.8480483, 41.51261446 ], [ -101.83806164, 41.52268939 ], [ -101.81000864, 41.55148394 ], [ -101.79919216, 41.56239339 ], [ -101.77205612, 41.59035343 ], [ -101.76032268, 41.60223665 ], [ -101.7341162, 41.62922292 ], [ -101.72145319, 41.64204485 ], [ -101.69614607, 41.6680924 ], [ -101.68258371, 41.68182221 ], [ -101.65814722, 41.70696189 ], [ -101.64371422, 41.72157022 ], [ -101.62012302, 41.74583137 ], [ -101.60484471, 41.76135501 ], [ -101.58222152, 41.78470086 ], [ -101.56597522, 41.80120256 ], [ -101.54437291, 41.82357037 ], [ -101.52710574, 41.84110375 ], [ -101.50648615, 41.86243986 ], [ -101.48823626, 41.88103724 ], [ -101.46870779, 41.90130934 ], [ -101.44936677, 41.92108498 ], [ -101.43102749, 41.94017883 ], [ -101.41049729, 41.96116193 ], [ -101.39324607, 41.97904832 ], [ -101.37162777, 42.00113656 ], [ -101.35531843, 42.0179178 ], [ -101.33275829, 42.0407188 ], [ -101.31702574, 42.05678729 ], [ -101.29388881, 42.08016867 ], [ -101.27866904, 42.09565677 ], [ -101.25501932, 42.11930649 ], [ -101.23995592, 42.13452628 ], [ -101.21614984, 42.1582517 ], [ -101.20105692, 42.17339577 ], [ -101.17728035, 42.19693215 ], [ -101.16141333, 42.21226526 ], [ -101.13841084, 42.23369932 ], [ -101.11783497, 42.25113474 ], [ -101.09954135, 42.2659163 ], [ -101.06511527, 42.29000423 ], [ -101.06067187, 42.29294061 ], [ -101.02180239, 42.31601291 ], [ -101.00133378, 42.32887372 ], [ -100.9829329, 42.34060866 ], [ -100.94406342, 42.36424467 ], [ -100.93795877, 42.3677432 ], [ -100.9051939, 42.38657638 ], [ -100.86998361, 42.40661269 ], [ -100.86632442, 42.40864593 ], [ -100.82745494, 42.4274872 ], [ -100.79158351, 42.4454822 ], [ -100.78858545, 42.4469638 ], [ -100.74971597, 42.4633029 ], [ -100.71084648, 42.47925203 ], [ -100.69731487, 42.48435168 ], [ -100.67197697, 42.49404898 ], [ -100.63310748, 42.50755754 ], [ -100.594238, 42.51971213 ], [ -100.58164502, 42.52322117 ], [ -100.55536852, 42.53068172 ], [ -100.51649903, 42.54042187 ], [ -100.47762955, 42.54890938 ], [ -100.43876003, 42.55618627 ], [ -100.40758899, 42.56209066 ], [ -100.39989055, 42.56354404 ], [ -100.36102107, 42.56783867 ], [ -100.32215158, 42.57222616 ], [ -100.2832821, 42.57581867 ], [ -100.24441261, 42.57869313 ], [ -100.2055431, 42.58106975 ], [ -100.16667361, 42.58311513 ], [ -100.12780413, 42.58489835 ], [ -100.08893465, 42.58659482 ], [ -100.05006516, 42.58851297 ], [ -100.01119568, 42.59076972 ], [ -99.97232616, 42.59347975 ], [ -99.93345668, 42.59699523 ], [ -99.90546629, 42.60096014 ], [ -99.89458719, 42.60247761 ], [ -99.85571771, 42.60695744 ], [ -99.81684823, 42.61393808 ], [ -99.77797874, 42.62243012 ], [ -99.73910923, 42.6326172 ], [ -99.71631468, 42.63982963 ], [ -99.70023974, 42.64497726 ], [ -99.66137026, 42.65947914 ], [ -99.62250078, 42.67591347 ], [ -99.61666956, 42.67869912 ], [ -99.58363129, 42.69462368 ], [ -99.54476181, 42.71548118 ], [ -99.54128606, 42.7175686 ], [ -99.50589229, 42.73914346 ], [ -99.48018278, 42.75643811 ], [ -99.46702281, 42.76537122 ], [ -99.42815332, 42.79359089 ], [ -99.42610282, 42.7953076 ], [ -99.38928384, 42.82734652 ], [ -99.38189541, 42.83417708 ], [ -99.35041436, 42.86363641 ], [ -99.34128323, 42.87304657 ], [ -99.31154487, 42.90407463 ], [ -99.30471799, 42.91191606 ], [ -99.27267536, 42.94941728 ], [ -99.2716175, 42.95078554 ], [ -99.24234326, 42.98965503 ], [ -99.23380587, 43.00129434 ], [ -99.21585264, 43.02852451 ], [ -99.19493639, 43.06168505 ], [ -99.19171103, 43.06739402 ], [ -99.17065042, 43.10626351 ], [ -99.15606691, 43.13369419 ], [ -99.15011494, 43.145133 ], [ -99.12954959, 43.18400248 ], [ -99.11719742, 43.20676059 ], [ -99.10848758, 43.22287197 ], [ -99.08682034, 43.26174146 ], [ -99.07832794, 43.27641534 ], [ -99.06418065, 43.30061094 ], [ -99.04076929, 43.33948043 ], [ -99.03945842, 43.34149139 ], [ -99.01430857, 43.37834994 ], [ -99.00058894, 43.39752283 ], [ -98.98587422, 43.41721942 ], [ -98.96171945, 43.44688003 ], [ -98.95377735, 43.45608891 ], [ -98.92284997, 43.4888694 ], [ -98.91666431, 43.4949584 ], [ -98.88398049, 43.5243028 ], [ -98.87242455, 43.53382788 ], [ -98.845111, 43.55443257 ], [ -98.81901821, 43.57269737 ], [ -98.80624149, 43.58102558 ], [ -98.767372, 43.6059056 ], [ -98.75914345, 43.61156686 ], [ -98.72850252, 43.63740413 ], [ -98.71778646, 43.65043634 ], [ -98.70093487, 43.68930585 ], [ -98.68963304, 43.71338864 ], [ -98.68307072, 43.72817534 ], [ -98.66786375, 43.76704482 ], [ -98.65652919, 43.80591431 ], [ -98.65076355, 43.83234704 ], [ -98.64836552, 43.8447838 ], [ -98.64270193, 43.88365328 ], [ -98.6382543, 43.92252277 ], [ -98.63441776, 43.96139226 ], [ -98.63074688, 44.00026177 ], [ -98.62679547, 44.03913125 ], [ -98.62212288, 44.07800074 ], [ -98.6162974, 44.11687022 ], [ -98.61189407, 44.1398891 ], [ -98.60933541, 44.15573971 ], [ -98.60150043, 44.1946092 ], [ -98.59190038, 44.23347868 ], [ -98.58035109, 44.27234817 ], [ -98.57302455, 44.29310236 ], [ -98.5675201, 44.31121765 ], [ -98.55371212, 44.35008716 ], [ -98.53766547, 44.38895665 ], [ -98.53415507, 44.3964373 ], [ -98.52116689, 44.42782614 ], [ -98.50290563, 44.46669562 ], [ -98.49528558, 44.48122326 ], [ -98.48383576, 44.50556511 ], [ -98.46341277, 44.5444346 ], [ -98.4564161, 44.55657539 ], [ -98.44237992, 44.58330408 ], [ -98.41982956, 44.62217357 ], [ -98.41754662, 44.62583072 ], [ -98.39725247, 44.66104308 ], [ -98.37867713, 44.69049504 ], [ -98.37313204, 44.69991256 ], [ -98.34869585, 44.73878205 ], [ -98.33980762, 44.75229851 ], [ -98.32411308, 44.77765154 ], [ -98.30093813, 44.81331476 ], [ -98.29895491, 44.81652102 ], [ -98.27429961, 44.85539051 ], [ -98.26206865, 44.87391331 ], [ -98.24908028, 44.89426 ], [ -98.22319917, 44.93219571 ], [ -98.22254306, 44.93312948 ], [ -98.19287248, 44.97199899 ], [ -98.18432968, 44.98205027 ], [ -98.15724996, 45.01086848 ], [ -98.1454602, 45.02219596 ], [ -98.11116395, 45.04973796 ], [ -98.10659068, 45.0530983 ], [ -98.0677212, 45.07667651 ], [ -98.04191618, 45.08860745 ], [ -98.02885171, 45.09450395 ], [ -97.98998223, 45.10835224 ], [ -97.95111275, 45.11831577 ], [ -97.91224326, 45.12511963 ], [ -97.89040626, 45.12747694 ], [ -97.87337375, 45.12938912 ], [ -97.83450426, 45.13115438 ], [ -97.79563478, 45.12986892 ], [ -97.77256845, 45.12747694 ], [ -97.7567653, 45.12613746 ], [ -97.71789581, 45.12112442 ], [ -97.67902633, 45.11443833 ], [ -97.64015681, 45.10560332 ], [ -97.60128733, 45.09426878 ], [ -97.58575569, 45.08860745 ], [ -97.56241784, 45.08153331 ], [ -97.52354836, 45.06710614 ], [ -97.48467888, 45.04987258 ], [ -97.48442272, 45.04973796 ], [ -97.44580939, 45.03253014 ], [ -97.40693988, 45.01303537 ], [ -97.4028315, 45.01086848 ], [ -97.36807039, 44.99437478 ], [ -97.32920091, 44.97493246 ], [ -97.32291988, 44.97199899 ], [ -97.29033143, 44.95821613 ], [ -97.25146194, 44.94368447 ], [ -97.21998929, 44.93312948 ], [ -97.21259246, 44.93086265 ], [ -97.17372294, 44.92008309 ], [ -97.13485346, 44.90979869 ], [ -97.09598397, 44.89910501 ], [ -97.08058363, 44.89426 ], [ -97.05711449, 44.8871045 ], [ -97.01824501, 44.87072028 ], [ -96.99358397, 44.85539051 ], [ -96.97937552, 44.8452845 ], [ -96.94129632, 44.81652102 ], [ -96.94050601, 44.81590985 ], [ -96.90163652, 44.78739802 ], [ -96.88784414, 44.77765154 ], [ -96.86276704, 44.75996458 ], [ -96.83190955, 44.73878205 ], [ -96.82389755, 44.73332049 ], [ -96.78502807, 44.70746267 ], [ -96.77354469, 44.69991256 ], [ -96.74615859, 44.68216011 ], [ -96.713485, 44.66104308 ], [ -96.70728907, 44.65707791 ], [ -96.66841959, 44.63231582 ], [ -96.65219515, 44.62217357 ], [ -96.6295501, 44.60634352 ], [ -96.59347467, 44.58330408 ], [ -96.59068062, 44.58129113 ], [ -96.55181114, 44.5561858 ], [ -96.53232581, 44.5444346 ], [ -96.51294165, 44.53166881 ], [ -96.47407214, 44.50766326 ], [ -96.47048226, 44.50556511 ], [ -96.43520265, 44.48350853 ], [ -96.40748638, 44.46669562 ], [ -96.39633317, 44.45953437 ], [ -96.35746368, 44.43545298 ], [ -96.34481356, 44.42782614 ], [ -96.3185942, 44.41132619 ], [ -96.28237553, 44.38895665 ], [ -96.27972472, 44.38726203 ], [ -96.2408552, 44.36306356 ], [ -96.21973755, 44.35008716 ], [ -96.20198572, 44.33890429 ], [ -96.16311623, 44.31473389 ], [ -96.15738506, 44.31121765 ], [ -96.12424675, 44.29057043 ], [ -96.09484743, 44.27234817 ], [ -96.08537727, 44.26642858 ], [ -96.04650778, 44.24233983 ], [ -96.0321617, 44.23347868 ], [ -96.03677923, 44.1946092 ], [ -96.03677006, 44.15573971 ], [ -96.04650778, 44.146002 ], [ -96.0756245, 44.11687022 ], [ -96.08537727, 44.10711746 ], [ -96.11447869, 44.07800074 ], [ -96.11446927, 44.03913125 ], [ -96.1145232, 44.03913125 ], [ -96.12424675, 44.06454878 ], [ -96.14514284, 44.07800074 ], [ -96.16311623, 44.08965205 ], [ -96.20198572, 44.11554154 ], [ -96.20391743, 44.11687022 ], [ -96.2408552, 44.14224448 ], [ -96.25985216, 44.15573971 ], [ -96.27972472, 44.16976811 ], [ -96.31370216, 44.1946092 ], [ -96.3185942, 44.19813909 ], [ -96.35746368, 44.22731512 ], [ -96.36530729, 44.23347868 ], [ -96.39633317, 44.2573436 ], [ -96.41492048, 44.27234817 ], [ -96.43520265, 44.28827801 ], [ -96.46287639, 44.31121765 ], [ -96.47407214, 44.32018199 ], [ -96.50918096, 44.35008716 ], [ -96.51294165, 44.35315291 ], [ -96.55181114, 44.38718652 ], [ -96.55369655, 44.38895665 ], [ -96.59068062, 44.42266629 ], [ -96.59602994, 44.42782614 ], [ -96.6295501, 44.45897476 ], [ -96.63745747, 44.46669562 ], [ -96.66841959, 44.49535982 ], [ -96.6789402, 44.50556511 ], [ -96.70728907, 44.53105162 ], [ -96.72159948, 44.5444346 ], [ -96.74615859, 44.56499101 ], [ -96.76753377, 44.58330408 ], [ -96.78502807, 44.596015 ], [ -96.82143312, 44.62217357 ], [ -96.82389755, 44.62379862 ], [ -96.86276704, 44.64995792 ], [ -96.87870373, 44.66104308 ], [ -96.90163652, 44.67712392 ], [ -96.93271027, 44.69991256 ], [ -96.94050601, 44.70566569 ], [ -96.97937552, 44.73601788 ], [ -96.98269381, 44.73878205 ], [ -97.01824501, 44.76812385 ], [ -97.02975351, 44.77765154 ], [ -97.05711449, 44.7978356 ], [ -97.09327788, 44.81652102 ], [ -97.09598397, 44.81765408 ], [ -97.13485346, 44.82936375 ], [ -97.17372294, 44.83894673 ], [ -97.21259246, 44.84841792 ], [ -97.23843664, 44.85539051 ], [ -97.25146194, 44.8590194 ], [ -97.29033143, 44.87141878 ], [ -97.32920091, 44.8859467 ], [ -97.34856769, 44.89426 ], [ -97.36807039, 44.90293106 ], [ -97.40693988, 44.92142865 ], [ -97.4343663, 44.93312948 ], [ -97.44580939, 44.93809023 ], [ -97.48467888, 44.95246464 ], [ -97.52354836, 44.96477381 ], [ -97.55067518, 44.97199899 ], [ -97.56241784, 44.97527163 ], [ -97.60128733, 44.98408628 ], [ -97.64015681, 44.99102185 ], [ -97.67902633, 44.99564222 ], [ -97.71789581, 44.99745724 ], [ -97.7567653, 44.99616527 ], [ -97.79563478, 44.99172028 ], [ -97.83450426, 44.98384469 ], [ -97.87337375, 44.97226399 ], [ -97.87407269, 44.97199899 ], [ -97.91224326, 44.95596312 ], [ -97.95111275, 44.93554144 ], [ -97.95509485, 44.93312948 ], [ -97.98998223, 44.90975357 ], [ -98.0097693, 44.89426 ], [ -98.02885171, 44.87767753 ], [ -98.05159252, 44.85539051 ], [ -98.0677212, 44.83781893 ], [ -98.08547372, 44.81652102 ], [ -98.10659068, 44.78831085 ], [ -98.11398425, 44.77765154 ], [ -98.13850139, 44.73878205 ], [ -98.1454602, 44.7266442 ], [ -98.16077791, 44.69991256 ], [ -98.18122471, 44.66104308 ], [ -98.18432968, 44.65463588 ], [ -98.20057754, 44.62217357 ], [ -98.21817614, 44.58330408 ], [ -98.22319917, 44.57102564 ], [ -98.23456518, 44.5444346 ], [ -98.24935835, 44.50556511 ], [ -98.26206865, 44.46755291 ], [ -98.2623716, 44.46669562 ], [ -98.27429428, 44.42782614 ], [ -98.28438603, 44.38895665 ], [ -98.29273067, 44.35008716 ], [ -98.29935071, 44.31121765 ], [ -98.30093813, 44.29878656 ], [ -98.30457137, 44.27234817 ], [ -98.30821008, 44.23347868 ], [ -98.31023183, 44.1946092 ], [ -98.31074283, 44.15573971 ], [ -98.30983554, 44.11687022 ], [ -98.30760395, 44.07800074 ], [ -98.30419356, 44.03913125 ], [ -98.30093813, 44.01046114 ], [ -98.29981722, 44.00026177 ], [ -98.29479878, 43.96139226 ], [ -98.28902106, 43.92252277 ], [ -98.28208, 43.88365328 ], [ -98.27392616, 43.8447838 ], [ -98.26496414, 43.80591431 ], [ -98.26206865, 43.79336753 ], [ -98.25567525, 43.76704482 ], [ -98.24633058, 43.72817534 ], [ -98.23738685, 43.68930585 ], [ -98.22966097, 43.65043634 ], [ -98.22419774, 43.61156686 ], [ -98.22319917, 43.58987442 ], [ -98.22232104, 43.57269737 ], [ -98.22319917, 43.56631853 ], [ -98.22822862, 43.53382788 ], [ -98.23988404, 43.4949584 ], [ -98.25413879, 43.45608891 ], [ -98.26206865, 43.4355222 ], [ -98.26887403, 43.41721942 ], [ -98.28308047, 43.37834994 ], [ -98.30009417, 43.33948043 ], [ -98.30093813, 43.3372666 ], [ -98.31733434, 43.30061094 ], [ -98.33269583, 43.26174146 ], [ -98.33980762, 43.24128896 ], [ -98.34683691, 43.22287197 ], [ -98.36001595, 43.18400248 ], [ -98.37253563, 43.145133 ], [ -98.37867713, 43.12484944 ], [ -98.38448879, 43.10626351 ], [ -98.39580562, 43.06739402 ], [ -98.40686464, 43.02852451 ], [ -98.41754662, 42.99514261 ], [ -98.41923403, 42.98965503 ], [ -98.42818133, 42.95078554 ], [ -98.43861525, 42.91191606 ], [ -98.44940136, 42.87304657 ], [ -98.4564161, 42.84804455 ], [ -98.46018752, 42.83417708 ], [ -98.47103534, 42.7953076 ], [ -98.48247214, 42.75643811 ], [ -98.49298103, 42.7175686 ], [ -98.49528558, 42.71104681 ], [ -98.50682449, 42.67869912 ], [ -98.51992556, 42.63982963 ], [ -98.53234372, 42.60096014 ], [ -98.53415507, 42.59657779 ], [ -98.54847937, 42.56209066 ], [ -98.56417966, 42.52322117 ], [ -98.57302455, 42.50274964 ], [ -98.58071259, 42.48435168 ], [ -98.59839854, 42.4454822 ], [ -98.61189407, 42.41809425 ], [ -98.61739226, 42.40661269 ], [ -98.63745446, 42.3677432 ], [ -98.65076355, 42.34399484 ], [ -98.65899903, 42.32887372 ], [ -98.68192023, 42.29000423 ], [ -98.68963304, 42.27787591 ], [ -98.70623685, 42.25113474 ], [ -98.72850252, 42.2180493 ], [ -98.73230481, 42.21226526 ], [ -98.75973282, 42.17339577 ], [ -98.767372, 42.16333992 ], [ -98.78884657, 42.13452628 ], [ -98.80624149, 42.11283396 ], [ -98.81988797, 42.09565677 ], [ -98.845111, 42.0658349 ], [ -98.85265756, 42.05678729 ], [ -98.88398049, 42.0219278 ], [ -98.88756723, 42.0179178 ], [ -98.92284997, 41.98214992 ], [ -98.92592289, 41.97904832 ], [ -98.96171945, 41.94341122 ], [ -98.96535171, 41.94017883 ], [ -99.00058894, 41.91032516 ], [ -99.01206007, 41.90130934 ], [ -99.03945842, 41.88058976 ], [ -99.06547753, 41.86243986 ], [ -99.07832794, 41.8537677 ], [ -99.11719742, 41.82942633 ], [ -99.12734577, 41.82357037 ], [ -99.15606691, 41.80744304 ], [ -99.19493639, 41.78748468 ], [ -99.20078927, 41.78470086 ], [ -99.23380587, 41.76922861 ], [ -99.27267536, 41.75272454 ], [ -99.29019358, 41.74583137 ], [ -99.31154487, 41.73751997 ], [ -99.35041436, 41.7237548 ], [ -99.38928384, 41.7111335 ], [ -99.40318854, 41.70696189 ], [ -99.42815332, 41.69949819 ], [ -99.46702281, 41.68879549 ], [ -99.50589229, 41.67893374 ], [ -99.54476181, 41.66978698 ], [ -99.55248994, 41.6680924 ], [ -99.58363129, 41.6612413 ], [ -99.62250078, 41.65322737 ], [ -99.66137026, 41.64575162 ], [ -99.70023974, 41.63857665 ], [ -99.73910923, 41.63173707 ], [ -99.75386539, 41.62922292 ], [ -99.77797874, 41.62506106 ], [ -99.81684823, 41.61842025 ], [ -99.85571771, 41.61193556 ], [ -99.89458719, 41.60544305 ], [ -99.93345668, 41.59893838 ], [ -99.97232616, 41.59234927 ], [ -99.98372159, 41.59035343 ], [ -100.01119568, 41.58544774 ], [ -100.05006516, 41.57846822 ], [ -100.08893465, 41.57175761 ], [ -100.12780413, 41.56542602 ], [ -100.16667361, 41.55912184 ], [ -100.2055431, 41.55277399 ], [ -100.2132578, 41.55148394 ], [ -100.24441261, 41.54615193 ], [ -100.2832821, 41.5391988 ], [ -100.32215158, 41.53160713 ], [ -100.36102107, 41.52339894 ], [ -100.39989055, 41.51446808 ], [ -100.40711029, 41.51261446 ], [ -100.43876003, 41.50429191 ], [ -100.47762955, 41.49292629 ], [ -100.51649903, 41.48037468 ], [ -100.53468341, 41.47374495 ], [ -100.55536852, 41.46601525 ], [ -100.594238, 41.44997065 ], [ -100.62686693, 41.43487546 ], [ -100.63310748, 41.43191472 ], [ -100.67197697, 41.41145756 ], [ -100.69926625, 41.39600597 ], [ -100.71084648, 41.38937596 ], [ -100.74971597, 41.36393556 ], [ -100.75754677, 41.35713649 ], [ -100.78858545, 41.32840641 ], [ -100.79802291, 41.318267 ], [ -100.82745494, 41.28528091 ], [ -100.83227804, 41.27939752 ], [ -100.86319312, 41.24052803 ], [ -100.86632442, 41.23650404 ], [ -100.89216704, 41.20165854 ], [ -100.9051939, 41.18377021 ], [ -100.9200241, 41.16278903 ], [ -100.94406342, 41.12830242 ], [ -100.94707911, 41.12391955 ], [ -100.97351417, 41.08505006 ], [ -100.9829329, 41.07112482 ], [ -100.9999137, 41.04618058 ], [ -101.02180239, 41.01387335 ], [ -101.02626317, 41.00731109 ], [ -101.05247657, 40.9684416 ], [ -101.06067187, 40.95626919 ], [ -101.07870653, 40.92957212 ], [ -101.09954135, 40.89857571 ], [ -101.10485086, 40.89070263 ], [ -101.13065316, 40.85183312 ], [ -101.13841084, 40.84007993 ], [ -101.15624857, 40.81296363 ], [ -101.17728035, 40.78049639 ], [ -101.18140042, 40.77409415 ], [ -101.2059364, 40.73522466 ], [ -101.21614984, 40.71871037 ], [ -101.22975158, 40.69635518 ], [ -101.2527712, 40.65748569 ], [ -101.25501932, 40.65364787 ], [ -101.27573986, 40.6186162 ], [ -101.29388881, 40.58759184 ], [ -101.2985388, 40.57974672 ], [ -101.32140906, 40.54087721 ], [ -101.33275829, 40.5213586 ], [ -101.34412326, 40.50200772 ], [ -101.36690133, 40.46313823 ], [ -101.37162777, 40.45498463 ], [ -101.38961594, 40.42426875 ], [ -101.41049729, 40.38860813 ], [ -101.41239574, 40.38539926 ], [ -101.43524867, 40.34652978 ], [ -101.44936677, 40.32249601 ], [ -101.45817405, 40.30766029 ], [ -101.48105944, 40.2687908 ], [ -101.48823626, 40.25664282 ], [ -101.50419324, 40.22992129 ], [ -101.52710574, 40.1933221 ], [ -101.5284969, 40.19105181 ], [ -101.55041758, 40.15218232 ], [ -101.56597522, 40.12605872 ], [ -101.57362234, 40.11331283 ], [ -101.59688426, 40.07444335 ], [ -101.60484471, 40.06111112 ], [ -101.62032324, 40.03557386 ], [ -101.64371422, 39.99882605 ], [ -101.64502967, 39.99670438 ], [ -101.66735343, 39.95783489 ], [ -101.68258371, 39.932613 ], [ -101.69092104, 39.91896538 ], [ -101.71464013, 39.88009589 ], [ -101.72145319, 39.86884264 ], [ -101.73837113, 39.84122641 ], [ -101.76032268, 39.8053985 ], [ -101.76220861, 39.80235692 ], [ -101.7860998, 39.76348743 ], [ -101.79919216, 39.74218023 ], [ -101.81007114, 39.72461795 ], [ -101.83411375, 39.68574846 ], [ -101.83806164, 39.67930003 ], [ -101.85807645, 39.64687898 ], [ -101.87693116, 39.61633266 ], [ -101.88213285, 39.60800947 ], [ -101.90622456, 39.56913998 ], [ -101.91580064, 39.55367609 ], [ -101.93041741, 39.53027049 ], [ -101.95309536, 39.49140101 ], [ -101.95467013, 39.48891216 ], [ -101.97877623, 39.45253152 ], [ -101.99353961, 39.42854103 ], [ -102.00273579, 39.41366204 ], [ -102.02656547, 39.37479255 ], [ -102.03240909, 39.36517779 ], [ -102.05042241, 39.33592306 ], [ -102.07127858, 39.30180587 ], [ -102.07419664, 39.29705355 ], [ -102.07127858, 39.28733609 ], [ -102.07127858, 39.28728214 ], [ -102.11014809, 39.28728351 ], [ -102.14901758, 39.28728484 ], [ -102.18788706, 39.28728619 ], [ -102.22675655, 39.28728751 ], [ -102.26562603, 39.28728884 ], [ -102.27539074, 39.29705355 ], [ -102.30449551, 39.3261605 ], [ -102.34336503, 39.3261618 ], [ -102.38223451, 39.32616308 ], [ -102.421104, 39.32616436 ], [ -102.45997348, 39.32616562 ], [ -102.49884296, 39.32616685 ], [ -102.53771245, 39.32616808 ], [ -102.54746744, 39.33592306 ], [ -102.57658196, 39.36503965 ], [ -102.61545145, 39.36504085 ], [ -102.65432093, 39.36504204 ], [ -102.69319042, 39.36504317 ], [ -102.7320599, 39.36504433 ], [ -102.77092938, 39.36504545 ], [ -102.8097989, 39.36504656 ], [ -102.81954488, 39.37479255 ], [ -102.84866838, 39.40391799 ], [ -102.88753787, 39.40391905 ], [ -102.92640735, 39.40392007 ], [ -102.96527683, 39.40392109 ], [ -103.00414632, 39.4039221 ], [ -103.04301583, 39.40392308 ], [ -103.08188532, 39.40392402 ], [ -103.1207548, 39.40392497 ], [ -103.13049186, 39.41366204 ], [ -103.15962429, 39.44279621 ], [ -103.19849377, 39.44279708 ], [ -103.23736325, 39.44279793 ], [ -103.27623277, 39.44279879 ], [ -103.31510225, 39.44279962 ], [ -103.35397174, 39.4428004 ], [ -103.39284122, 39.44280118 ], [ -103.40257155, 39.45253152 ], [ -103.43171071, 39.4816722 ], [ -103.47058019, 39.48167294 ], [ -103.5094497, 39.48167365 ], [ -103.54831919, 39.48167433 ], [ -103.58718867, 39.48167497 ], [ -103.62605816, 39.48167561 ], [ -103.66492764, 39.48167623 ], [ -103.67465243, 39.49140101 ], [ -103.70379712, 39.52054706 ], [ -103.74266664, 39.52054761 ], [ -103.78153612, 39.52054815 ], [ -103.82040561, 39.52054867 ], [ -103.85927509, 39.52054917 ], [ -103.89814458, 39.52054964 ], [ -103.93701406, 39.52055009 ], [ -103.94673448, 39.53027049 ], [ -103.97588357, 39.55942069 ], [ -104.01475306, 39.55942109 ], [ -104.05362254, 39.55942147 ], [ -104.09249203, 39.55942183 ], [ -104.13136151, 39.55942216 ], [ -104.17023099, 39.55942247 ], [ -104.18914373, 39.56913998 ] ] ] } },
{ "type": "Feature", "properties": { "Lower": 4.6 }, "geometry": { "type": "Polygon", "coordinates": [ [ [ -113.04219448, 43.41721942 ], [ -113.03247453, 43.42693935 ], [ -113.00332983, 43.45608891 ], [ -113.00333403, 43.4949584 ], [ -113.00333834, 43.53382788 ], [ -113.00334271, 43.57269737 ], [ -113.00334691, 43.61156686 ], [ -113.00335067, 43.65043634 ], [ -113.00335397, 43.68930585 ], [ -112.99360504, 43.69905475 ], [ -112.96448775, 43.72817534 ], [ -112.96449017, 43.76704482 ], [ -112.96449222, 43.80591431 ], [ -112.96449401, 43.8447838 ], [ -112.96449552, 43.88365328 ], [ -112.96449684, 43.92252277 ], [ -112.96449794, 43.96139226 ], [ -112.9644989, 44.00026177 ], [ -112.95473556, 44.01002511 ], [ -112.92563037, 44.03913125 ], [ -112.92563106, 44.07800074 ], [ -112.92563164, 44.11687022 ], [ -112.92563216, 44.15573971 ], [ -112.9256326, 44.1946092 ], [ -112.92563296, 44.23347868 ], [ -112.92563329, 44.27234817 ], [ -112.91586607, 44.28211539 ], [ -112.8867641, 44.31121765 ], [ -112.88676432, 44.35008716 ], [ -112.88676449, 44.38895665 ], [ -112.88676462, 44.42782614 ], [ -112.88676476, 44.46669562 ], [ -112.88676484, 44.50556511 ], [ -112.8867649, 44.5444346 ], [ -112.87699659, 44.55420291 ], [ -112.84789544, 44.58330408 ], [ -112.84789544, 44.62217357 ], [ -112.84789544, 44.66104308 ], [ -112.84789541, 44.69991256 ], [ -112.84789539, 44.73878205 ], [ -112.84789533, 44.77765154 ], [ -112.84789525, 44.81652102 ], [ -112.8381271, 44.82628917 ], [ -112.80902563, 44.85539051 ], [ -112.80902552, 44.89426 ], [ -112.80902541, 44.93312948 ], [ -112.80902527, 44.97199899 ], [ -112.80902513, 45.01086848 ], [ -112.809025, 45.04973796 ], [ -112.80902483, 45.08860745 ], [ -112.79925759, 45.09837467 ], [ -112.77015513, 45.12747694 ], [ -112.77015494, 45.16634642 ], [ -112.77015474, 45.20521591 ], [ -112.77015452, 45.2440854 ], [ -112.7701543, 45.28295491 ], [ -112.77015408, 45.32182439 ], [ -112.77015386, 45.36069388 ], [ -112.76038811, 45.37045961 ], [ -112.73128411, 45.39956336 ], [ -112.73128386, 45.43843285 ], [ -112.73128361, 45.47730234 ], [ -112.73128334, 45.51617182 ], [ -112.73128309, 45.55504131 ], [ -112.73128281, 45.59391082 ], [ -112.73128254, 45.63278031 ], [ -112.72151862, 45.64254421 ], [ -112.69241275, 45.67164979 ], [ -112.69241245, 45.71051928 ], [ -112.69241215, 45.74938876 ], [ -112.69241185, 45.78825825 ], [ -112.69241154, 45.82712774 ], [ -112.69241124, 45.86599722 ], [ -112.69241091, 45.90486673 ], [ -112.68264914, 45.91462851 ], [ -112.6535411, 45.94373622 ], [ -112.65354077, 45.9826057 ], [ -112.65354044, 46.02147519 ], [ -112.65354011, 46.06034468 ], [ -112.65353975, 46.09921416 ], [ -112.65353942, 46.13808365 ], [ -112.65353907, 46.17695314 ], [ -112.64377965, 46.18671255 ], [ -112.61466923, 46.21582265 ], [ -112.61466887, 46.25469213 ], [ -112.61466851, 46.29356162 ], [ -112.61466815, 46.3324311 ], [ -112.61466777, 46.37130059 ], [ -112.61466741, 46.41017008 ], [ -112.61466706, 46.44903956 ], [ -112.60491017, 46.45879647 ], [ -112.57579721, 46.48790905 ], [ -112.57579686, 46.52677856 ], [ -112.5757965, 46.56564805 ], [ -112.57579612, 46.60451753 ], [ -112.57579579, 46.64338702 ], [ -112.57579543, 46.6822565 ], [ -112.57579507, 46.72112599 ], [ -112.56604066, 46.73088041 ], [ -112.53692526, 46.75999548 ], [ -112.53692496, 46.79886496 ], [ -112.53692463, 46.83773447 ], [ -112.53692432, 46.87660396 ], [ -112.53692402, 46.91547345 ], [ -112.53692375, 46.95434293 ], [ -112.53692347, 46.99321242 ], [ -112.52717117, 47.00296473 ], [ -112.49805374, 47.0320819 ], [ -112.49805349, 47.07095139 ], [ -112.49805327, 47.10982088 ], [ -112.49805305, 47.14869039 ], [ -112.49805284, 47.18755987 ], [ -112.49805264, 47.22642936 ], [ -112.49805248, 47.26529884 ], [ -112.48830169, 47.27504962 ], [ -112.4591828, 47.30416833 ], [ -112.45918266, 47.34303782 ], [ -112.45918253, 47.3819073 ], [ -112.45918239, 47.42077679 ], [ -112.45918228, 47.4596463 ], [ -112.4591822, 47.49851579 ], [ -112.45918211, 47.53738527 ], [ -112.4494322, 47.54713517 ], [ -112.42031252, 47.57625476 ], [ -112.42031247, 47.61512424 ], [ -112.42031244, 47.65399373 ], [ -112.42031241, 47.69286322 ], [ -112.42031238, 47.7317327 ], [ -112.42031238, 47.77060221 ], [ -112.42031238, 47.8094717 ], [ -112.41056272, 47.81922136 ], [ -112.3814429, 47.84834119 ], [ -112.3814429, 47.88721067 ], [ -112.38144295, 47.92608016 ], [ -112.38144298, 47.96494964 ], [ -112.38144304, 48.00381913 ], [ -112.38144312, 48.04268862 ], [ -112.38144317, 48.08155813 ], [ -112.37169323, 48.09130807 ], [ -112.34257374, 48.12042761 ], [ -112.34257383, 48.1592971 ], [ -112.34257394, 48.19816659 ], [ -112.34257402, 48.23703607 ], [ -112.34257413, 48.27590556 ], [ -112.33282372, 48.28565597 ], [ -112.30370473, 48.31477504 ], [ -112.30370484, 48.35364453 ], [ -112.30370495, 48.39251404 ], [ -112.29395424, 48.40226472 ], [ -112.26483554, 48.43138353 ], [ -112.26483565, 48.47025301 ], [ -112.25508475, 48.4800039 ], [ -112.22596625, 48.5091225 ], [ -112.21621527, 48.51887346 ], [ -112.18709682, 48.54799199 ], [ -112.17734578, 48.55774304 ], [ -112.14822745, 48.58686147 ], [ -112.1384763, 48.59661262 ], [ -112.1093581, 48.62573096 ], [ -112.09960679, 48.63548225 ], [ -112.0607373, 48.63548237 ], [ -112.03161965, 48.66460044 ], [ -112.02186782, 48.6743523 ], [ -111.98299833, 48.67435273 ], [ -111.95388217, 48.70346995 ], [ -111.94412885, 48.71322326 ], [ -111.90525936, 48.71322425 ], [ -111.86638985, 48.71322555 ], [ -111.83727838, 48.74233944 ], [ -111.82752037, 48.75209746 ], [ -111.78865088, 48.75209966 ], [ -111.7497814, 48.75210231 ], [ -111.72067907, 48.78120893 ], [ -111.71091191, 48.79097608 ], [ -111.67204243, 48.79097987 ], [ -111.63317292, 48.79098415 ], [ -111.63317292, 48.79093023 ], [ -111.66870182, 48.78120893 ], [ -111.65641242, 48.74233944 ], [ -111.64366516, 48.70346995 ], [ -111.63317292, 48.67231793 ], [ -111.63078041, 48.66460044 ], [ -111.61874039, 48.62573096 ], [ -111.60640071, 48.58686147 ], [ -111.59430343, 48.5506832 ], [ -111.59348017, 48.54799199 ], [ -111.58251531, 48.5091225 ], [ -111.57101062, 48.47025301 ], [ -111.55953543, 48.43138353 ], [ -111.55543395, 48.41738142 ], [ -111.54849991, 48.39251404 ], [ -111.51656446, 48.35701954 ], [ -111.5096993, 48.35364453 ], [ -111.47769498, 48.34044958 ], [ -111.43882549, 48.3228873 ], [ -111.42102321, 48.31477504 ], [ -111.39995598, 48.3031253 ], [ -111.3610865, 48.28310456 ], [ -111.34595972, 48.27590556 ], [ -111.32221701, 48.26304847 ], [ -111.28334753, 48.24427873 ], [ -111.26648316, 48.23703607 ], [ -111.24447804, 48.22653165 ], [ -111.20560856, 48.21040968 ], [ -111.17061296, 48.19816659 ], [ -111.16673905, 48.19667331 ], [ -111.12786956, 48.18387678 ], [ -111.08900008, 48.17370458 ], [ -111.05013059, 48.16603541 ], [ -111.01126111, 48.16083984 ], [ -110.99030583, 48.1592971 ], [ -110.97239162, 48.15783219 ], [ -110.93352211, 48.15740454 ], [ -110.90945836, 48.1592971 ], [ -110.89465263, 48.1602682 ], [ -110.85578314, 48.16412202 ], [ -110.81691366, 48.170782 ], [ -110.77804417, 48.18018359 ], [ -110.73917469, 48.19273721 ], [ -110.72574774, 48.19816659 ], [ -110.70030518, 48.20710931 ], [ -110.66143569, 48.2243925 ], [ -110.63845045, 48.23703607 ], [ -110.62256621, 48.24475427 ], [ -110.58369672, 48.26785312 ], [ -110.57238514, 48.27590556 ], [ -110.54482724, 48.29350557 ], [ -110.51748529, 48.31477504 ], [ -110.50595775, 48.32284154 ], [ -110.46942311, 48.35364453 ], [ -110.46708824, 48.35541703 ], [ -110.42821876, 48.39044051 ], [ -110.42624778, 48.39251404 ], [ -110.38934927, 48.42805505 ], [ -110.38640053, 48.43138353 ], [ -110.35047979, 48.46807803 ], [ -110.34866108, 48.47025301 ], [ -110.3116103, 48.50872018 ], [ -110.31128285, 48.5091225 ], [ -110.27274082, 48.54645187 ], [ -110.27139705, 48.54799199 ], [ -110.23387131, 48.57272939 ], [ -110.21582177, 48.58686147 ], [ -110.19500182, 48.60353548 ], [ -110.17574489, 48.62573096 ], [ -110.17789876, 48.66460044 ], [ -110.18001073, 48.70346995 ], [ -110.18208774, 48.74233944 ], [ -110.18412679, 48.78120893 ], [ -110.18617587, 48.82007841 ], [ -110.18839974, 48.8589479 ], [ -110.1907755, 48.89781738 ], [ -110.19335159, 48.93668687 ], [ -110.19500182, 48.96046446 ], [ -110.19593831, 48.97555636 ], [ -110.19837983, 49.01442587 ], [ -110.20081337, 49.05329535 ], [ -110.20319385, 49.09216484 ], [ -110.20548209, 49.13103433 ], [ -110.20765719, 49.16990381 ], [ -110.20967802, 49.2087733 ], [ -110.23387131, 49.21850201 ], [ -110.23387131, 49.21855593 ], [ -110.19500182, 49.21853775 ], [ -110.15613234, 49.21852234 ], [ -110.11726285, 49.21851062 ], [ -110.07839337, 49.21850385 ], [ -110.03952388, 49.21850125 ], [ -110.00065437, 49.21850009 ], [ -109.96178489, 49.21849955 ], [ -109.9229154, 49.21849929 ], [ -109.88404592, 49.21849917 ], [ -109.84517643, 49.21849914 ], [ -109.80630695, 49.21849919 ], [ -109.76743744, 49.21849929 ], [ -109.72856795, 49.2184994 ], [ -109.68969847, 49.21849955 ], [ -109.65082898, 49.21849971 ], [ -109.6119595, 49.21849988 ], [ -109.57309001, 49.21850009 ], [ -109.5342205, 49.2185003 ], [ -109.49535102, 49.21850056 ], [ -109.45648153, 49.21850082 ], [ -109.41761205, 49.21850113 ], [ -109.37874256, 49.21850146 ], [ -109.33987308, 49.2185018 ], [ -109.30100357, 49.21850217 ], [ -109.26213408, 49.21850258 ], [ -109.2232646, 49.21850303 ], [ -109.18439511, 49.2185035 ], [ -109.14552563, 49.218504 ], [ -109.11638733, 49.24764278 ], [ -109.10665614, 49.257374 ], [ -109.06778663, 49.25737457 ], [ -109.02891715, 49.25737516 ], [ -108.99004766, 49.2573758 ], [ -108.95117818, 49.25737647 ], [ -108.91230869, 49.25737718 ], [ -108.87343921, 49.25737791 ], [ -108.8345697, 49.25737869 ], [ -108.79570021, 49.25737952 ], [ -108.75683073, 49.25738037 ], [ -108.71796124, 49.25738127 ], [ -108.67909176, 49.25738219 ], [ -108.64022227, 49.25738319 ], [ -108.60135276, 49.25738421 ], [ -108.56248328, 49.25738525 ], [ -108.52361379, 49.25738634 ], [ -108.48474431, 49.25738747 ], [ -108.44587482, 49.25738863 ], [ -108.40700534, 49.25738982 ], [ -108.36813583, 49.25739105 ], [ -108.32926634, 49.2573923 ], [ -108.29039686, 49.2573936 ], [ -108.25152737, 49.25739493 ], [ -108.21265789, 49.25739626 ], [ -108.1737884, 49.25739763 ], [ -108.13491889, 49.25739902 ], [ -108.09604941, 49.25740045 ], [ -108.05717992, 49.25740187 ], [ -108.01831044, 49.25740331 ], [ -107.97944095, 49.25740478 ], [ -107.94057147, 49.25740624 ], [ -107.90170196, 49.25740771 ], [ -107.86283247, 49.25740918 ], [ -107.82396299, 49.25741065 ], [ -107.7850935, 49.25741212 ], [ -107.75599477, 49.28651227 ], [ -107.74622402, 49.29628305 ], [ -107.70735453, 49.29628449 ], [ -107.70735453, 49.29623057 ], [ -107.73133162, 49.28651227 ], [ -107.7322814, 49.24764278 ], [ -107.73318042, 49.2087733 ], [ -107.7342967, 49.16990381 ], [ -107.73541069, 49.13103433 ], [ -107.73652469, 49.09216484 ], [ -107.73792466, 49.05329535 ], [ -107.73920549, 49.01442587 ], [ -107.74078166, 48.97555636 ], [ -107.74222716, 48.93668687 ], [ -107.7439857, 48.89781738 ], [ -107.74437197, 48.8589479 ], [ -107.74622402, 48.84301919 ], [ -107.74889136, 48.82007841 ], [ -107.74946835, 48.78120893 ], [ -107.75158954, 48.74233944 ], [ -107.75372551, 48.70346995 ], [ -107.75600282, 48.66460044 ], [ -107.75832865, 48.62573096 ], [ -107.76084078, 48.58686147 ], [ -107.76346592, 48.54799199 ], [ -107.76617421, 48.5091225 ], [ -107.76907162, 48.47025301 ], [ -107.77199002, 48.43138353 ], [ -107.77510517, 48.39251404 ], [ -107.7782446, 48.35364453 ], [ -107.78158137, 48.31477504 ], [ -107.7850935, 48.28777304 ], [ -107.7865788, 48.27590556 ], [ -107.78866424, 48.23703607 ], [ -107.79241312, 48.19816659 ], [ -107.79624394, 48.1592971 ], [ -107.80025005, 48.12042761 ], [ -107.80437658, 48.08155813 ], [ -107.80875303, 48.04268862 ], [ -107.81325489, 48.00381913 ], [ -107.81780062, 47.96494964 ], [ -107.82123622, 47.92608016 ], [ -107.82396299, 47.9093733 ], [ -107.82774787, 47.88721067 ], [ -107.83284433, 47.84834119 ], [ -107.83815438, 47.8094717 ], [ -107.84369593, 47.77060221 ], [ -107.84946519, 47.7317327 ], [ -107.85534309, 47.69286322 ], [ -107.85993989, 47.65399373 ], [ -107.86283247, 47.63961494 ], [ -107.86802691, 47.61512424 ], [ -107.87465233, 47.57625476 ], [ -107.88150662, 47.53738527 ], [ -107.88870367, 47.49851579 ], [ -107.89602746, 47.4596463 ], [ -107.90170196, 47.43112875 ], [ -107.90378371, 47.42077679 ], [ -107.91181384, 47.3819073 ], [ -107.92019579, 47.34303782 ], [ -107.92895943, 47.30416833 ], [ -107.93835062, 47.26529884 ], [ -107.94057147, 47.25636647 ], [ -107.94810201, 47.22642936 ], [ -107.95839654, 47.18755987 ], [ -107.96933143, 47.14869039 ], [ -107.97944095, 47.1201596 ], [ -107.98297135, 47.10982088 ], [ -107.99335444, 47.07095139 ], [ -108.00660399, 47.0320819 ], [ -108.01831044, 47.00036697 ], [ -108.02104273, 46.99321242 ], [ -108.03665096, 46.95434293 ], [ -108.05397681, 46.91547345 ], [ -108.05717992, 46.90876217 ], [ -108.07338673, 46.87660396 ], [ -108.09152164, 46.83773447 ], [ -108.09604941, 46.82990391 ], [ -108.1171313, 46.79886496 ], [ -108.13491889, 46.7703574 ], [ -108.14196474, 46.75999548 ], [ -108.1689308, 46.72112599 ], [ -108.1737884, 46.71423869 ], [ -108.19841569, 46.6822565 ], [ -108.21265789, 46.66429898 ], [ -108.23069282, 46.64338702 ], [ -108.25152737, 46.61957887 ], [ -108.2657761, 46.60451753 ], [ -108.29039686, 46.57848468 ], [ -108.30341821, 46.56564805 ], [ -108.32926634, 46.54053055 ], [ -108.34452573, 46.52677856 ], [ -108.36813583, 46.50549429 ], [ -108.3889408, 46.48790905 ], [ -108.40700534, 46.47242837 ], [ -108.43624357, 46.44903956 ], [ -108.44587482, 46.4413328 ], [ -108.48474431, 46.41545699 ], [ -108.49173647, 46.41017008 ], [ -108.52361379, 46.382315 ], [ -108.53894447, 46.37130059 ], [ -108.56248328, 46.35415441 ], [ -108.58914632, 46.3324311 ], [ -108.60135276, 46.32339169 ], [ -108.64022227, 46.3008489 ], [ -108.65107289, 46.29356162 ], [ -108.67909176, 46.27419472 ], [ -108.70923039, 46.25469213 ], [ -108.71796124, 46.24878169 ], [ -108.75683073, 46.22285796 ], [ -108.76805613, 46.21582265 ], [ -108.79570021, 46.19767916 ], [ -108.82219987, 46.17695314 ], [ -108.8345697, 46.1681159 ], [ -108.87343921, 46.14741821 ], [ -108.88813581, 46.13808365 ], [ -108.91230869, 46.12169136 ], [ -108.93991545, 46.09921416 ], [ -108.95117818, 46.09089604 ], [ -108.99004766, 46.06945168 ], [ -109.00383567, 46.06034468 ], [ -109.02891715, 46.04249924 ], [ -109.05318497, 46.02147519 ], [ -109.06778663, 46.01014247 ], [ -109.10665614, 45.99192869 ], [ -109.11915534, 45.9826057 ], [ -109.14552563, 45.95736152 ], [ -109.16396086, 45.94373622 ], [ -109.18439511, 45.92757963 ], [ -109.20708523, 45.90486673 ], [ -109.2232646, 45.89066704 ], [ -109.25273348, 45.86599722 ], [ -109.26213408, 45.85761862 ], [ -109.30100357, 45.83800407 ], [ -109.31346962, 45.82712774 ], [ -109.33987308, 45.80252247 ], [ -109.35517973, 45.78825825 ], [ -109.37874256, 45.76525183 ], [ -109.39540091, 45.74938876 ], [ -109.41761205, 45.72661283 ], [ -109.43412551, 45.71051928 ], [ -109.45648153, 45.68691828 ], [ -109.47095281, 45.67164979 ], [ -109.49535102, 45.64438939 ], [ -109.50601976, 45.63278031 ], [ -109.51988381, 45.59391082 ], [ -109.5342205, 45.57532915 ], [ -109.5561727, 45.55504131 ], [ -109.57309001, 45.5381532 ], [ -109.58974474, 45.51617182 ], [ -109.59507679, 45.47730234 ], [ -109.6119595, 45.45803192 ], [ -109.62969134, 45.43843285 ], [ -109.62818879, 45.39956336 ], [ -109.63487661, 45.36069388 ], [ -109.65082898, 45.33972032 ], [ -109.66492253, 45.32182439 ], [ -109.66543993, 45.28295491 ], [ -109.66451542, 45.2440854 ], [ -109.65082898, 45.22795304 ], [ -109.62992877, 45.20521591 ], [ -109.63324351, 45.16634642 ], [ -109.6119595, 45.14745369 ], [ -109.5945492, 45.12747694 ], [ -109.57309001, 45.10601773 ], [ -109.55567972, 45.08860745 ], [ -109.5342205, 45.06959129 ], [ -109.51026975, 45.04973796 ], [ -109.49535102, 45.03479705 ], [ -109.45648153, 45.03330356 ], [ -109.43168393, 45.01086848 ], [ -109.41761205, 44.9992594 ], [ -109.37874256, 44.99574001 ], [ -109.33987308, 44.9907995 ], [ -109.30100357, 44.98315495 ], [ -109.28407763, 44.97199899 ], [ -109.26213408, 44.95858583 ], [ -109.2232646, 44.95928928 ], [ -109.18439511, 44.95356373 ], [ -109.14552563, 44.94918531 ], [ -109.10665614, 44.94487422 ], [ -109.06778663, 44.94793521 ], [ -109.02891715, 44.94628805 ], [ -108.99004766, 44.94439222 ], [ -108.95117818, 44.9441642 ], [ -108.91230869, 44.94394055 ], [ -108.87343921, 44.9444863 ], [ -108.8345697, 44.94576894 ], [ -108.79570021, 44.94338285 ], [ -108.75683073, 44.94685032 ], [ -108.71796124, 44.9507676 ], [ -108.67909176, 44.95618706 ], [ -108.64022227, 44.96158812 ], [ -108.60135276, 44.9633329 ], [ -108.58312805, 44.97199899 ], [ -108.56248328, 44.98165349 ], [ -108.52361379, 44.98461665 ], [ -108.48474431, 44.99317463 ], [ -108.44587482, 45.00213759 ], [ -108.42542102, 45.01086848 ], [ -108.40700534, 45.01749738 ], [ -108.36813583, 45.02209167 ], [ -108.32926634, 45.03260653 ], [ -108.29039686, 45.04362122 ], [ -108.27677482, 45.04973796 ], [ -108.25152737, 45.05940295 ], [ -108.21265789, 45.06650218 ], [ -108.1737884, 45.07896914 ], [ -108.15354506, 45.08860745 ], [ -108.13491889, 45.09622312 ], [ -108.09604941, 45.1049287 ], [ -108.05717992, 45.11916411 ], [ -108.03522772, 45.12747694 ], [ -108.01831044, 45.13388316 ], [ -107.97944095, 45.14887081 ], [ -107.94057147, 45.1602057 ], [ -107.92780361, 45.16634642 ], [ -107.90170196, 45.18036474 ], [ -107.86283247, 45.19626263 ], [ -107.84122867, 45.20521591 ], [ -107.82396299, 45.21226915 ], [ -107.7850935, 45.22836751 ], [ -107.75610791, 45.2440854 ], [ -107.74622402, 45.24884704 ], [ -107.70735453, 45.26135443 ], [ -107.66848502, 45.27777745 ], [ -107.65656234, 45.28295491 ], [ -107.62961554, 45.29450244 ], [ -107.59074605, 45.31093881 ], [ -107.56468902, 45.32182439 ], [ -107.55187657, 45.32710903 ], [ -107.51300708, 45.34357085 ], [ -107.4741376, 45.35603241 ], [ -107.46428685, 45.36069388 ], [ -107.43526809, 45.37572643 ], [ -107.3963986, 45.3915569 ], [ -107.37682405, 45.39956336 ], [ -107.35752912, 45.40745739 ], [ -107.31865963, 45.42326722 ], [ -107.28835744, 45.43843285 ], [ -107.27979015, 45.44228963 ], [ -107.24092066, 45.45492295 ], [ -107.20205115, 45.47044354 ], [ -107.18499332, 45.47730234 ], [ -107.16318167, 45.48598185 ], [ -107.12431218, 45.50150128 ], [ -107.09409938, 45.51617182 ], [ -107.0854427, 45.51996069 ], [ -107.04657321, 45.5318953 ], [ -107.00770373, 45.54715197 ], [ -106.98723032, 45.55504131 ], [ -106.96883422, 45.5619403 ], [ -106.92996473, 45.57663144 ], [ -106.89109525, 45.58866085 ], [ -106.87851844, 45.59391082 ], [ -106.85222576, 45.60534059 ], [ -106.81335628, 45.61937193 ], [ -106.78176099, 45.63278031 ], [ -106.77448679, 45.63555539 ], [ -106.73561728, 45.64656328 ], [ -106.6967478, 45.6595906 ], [ -106.6668436, 45.67164979 ], [ -106.65787831, 45.67489071 ], [ -106.61900883, 45.68500441 ], [ -106.58013934, 45.69703219 ], [ -106.54126986, 45.70661958 ], [ -106.52977813, 45.71051928 ], [ -106.50240035, 45.71970326 ], [ -106.46353086, 45.73036172 ], [ -106.42466138, 45.74074958 ], [ -106.39613813, 45.74938876 ], [ -106.38579189, 45.75218889 ], [ -106.34692241, 45.75993177 ], [ -106.30805292, 45.76889244 ], [ -106.26918341, 45.77750736 ], [ -106.23031393, 45.78602117 ], [ -106.21968775, 45.78825825 ], [ -106.19144444, 45.79388364 ], [ -106.15257496, 45.80145522 ], [ -106.11370547, 45.80887984 ], [ -106.07483599, 45.81594301 ], [ -106.03596647, 45.82276046 ], [ -106.01076423, 45.82712774 ], [ -105.99709699, 45.82939779 ], [ -105.95822751, 45.83559023 ], [ -105.91935802, 45.84170414 ], [ -105.88048854, 45.84752539 ], [ -105.84161905, 45.85310448 ], [ -105.80274954, 45.85855298 ], [ -105.76388006, 45.86386747 ], [ -105.74771941, 45.86599722 ], [ -105.72501057, 45.86882786 ], [ -105.68614109, 45.87355433 ], [ -105.6472716, 45.87818114 ], [ -105.60840212, 45.88268517 ], [ -105.5695326, 45.88700903 ], [ -105.53066312, 45.8911743 ], [ -105.49179364, 45.89527035 ], [ -105.45292415, 45.8992915 ], [ -105.41405467, 45.90319245 ], [ -105.39741417, 45.90486673 ], [ -105.37518518, 45.90697257 ], [ -105.33631567, 45.91065028 ], [ -105.29744619, 45.91427751 ], [ -105.2585767, 45.91793445 ], [ -105.21970722, 45.9216167 ], [ -105.18083773, 45.9253955 ], [ -105.14196825, 45.9293294 ], [ -105.10309873, 45.93354407 ], [ -105.06422925, 45.9380818 ], [ -105.02535977, 45.94307827 ], [ -105.02078515, 45.94373622 ], [ -104.98649028, 45.94868534 ], [ -104.9476208, 45.95491715 ], [ -104.90875131, 45.96164311 ], [ -104.8698818, 45.96858149 ], [ -104.83101232, 45.97582673 ], [ -104.79581968, 45.9826057 ], [ -104.79214283, 45.98332972 ], [ -104.75327335, 45.99125736 ], [ -104.71440386, 45.99952651 ], [ -104.67553438, 46.00814616 ], [ -104.63666486, 46.01710893 ], [ -104.61835384, 46.02147519 ], [ -104.59779538, 46.02656764 ], [ -104.5589259, 46.03656181 ], [ -104.52005641, 46.0471315 ], [ -104.48118693, 46.05814716 ], [ -104.47364125, 46.06034468 ], [ -104.44231744, 46.06999186 ], [ -104.40344793, 46.08262758 ], [ -104.36457845, 46.09594333 ], [ -104.35536062, 46.09921416 ], [ -104.32570896, 46.1104619 ], [ -104.28683948, 46.12600651 ], [ -104.25820699, 46.13808365 ], [ -104.24796999, 46.14273207 ], [ -104.20910051, 46.16120694 ], [ -104.17793902, 46.17695314 ], [ -104.17023099, 46.18114771 ], [ -104.13136151, 46.20335074 ], [ -104.11075887, 46.21582265 ], [ -104.09249203, 46.22772847 ], [ -104.05532215, 46.25469213 ], [ -104.05362254, 46.25596138 ], [ -104.01475306, 46.28458578 ], [ -104.00360259, 46.29356162 ], [ -103.97588357, 46.31579478 ], [ -103.95541288, 46.3324311 ], [ -103.93701406, 46.3457385 ], [ -103.90040769, 46.37130059 ], [ -103.89814458, 46.37242721 ], [ -103.85927509, 46.38629401 ], [ -103.82040561, 46.39609293 ], [ -103.78153612, 46.40415827 ], [ -103.75492044, 46.41017008 ], [ -103.74266664, 46.41304325 ], [ -103.70379712, 46.42303396 ], [ -103.66492764, 46.43341459 ], [ -103.62605816, 46.44011476 ], [ -103.58718867, 46.44139357 ], [ -103.54831919, 46.43755137 ], [ -103.5094497, 46.42876959 ], [ -103.47058019, 46.4155843 ], [ -103.45878015, 46.41017008 ], [ -103.43171071, 46.3976869 ], [ -103.39284122, 46.37579742 ], [ -103.386191, 46.37130059 ], [ -103.35397174, 46.34933969 ], [ -103.33227174, 46.3324311 ], [ -103.31510225, 46.31867845 ], [ -103.28758752, 46.29356162 ], [ -103.27623277, 46.28244718 ], [ -103.25187163, 46.25469213 ], [ -103.23736325, 46.23372501 ], [ -103.22722059, 46.21582265 ], [ -103.22240253, 46.17695314 ], [ -103.23680398, 46.13808365 ], [ -103.23736325, 46.1347876 ], [ -103.24350376, 46.09921416 ], [ -103.23736325, 46.09334857 ], [ -103.19849377, 46.06149163 ], [ -103.1968844, 46.06034468 ], [ -103.15962429, 46.03455524 ], [ -103.13742194, 46.02147519 ], [ -103.1207548, 46.01104374 ], [ -103.08188532, 45.98863863 ], [ -103.07113216, 45.9826057 ], [ -103.04301583, 45.96635031 ], [ -103.00414632, 45.94461197 ], [ -103.00258421, 45.94373622 ], [ -102.96527683, 45.92265178 ], [ -102.93311672, 45.90486673 ], [ -102.92640735, 45.90119073 ], [ -102.88753787, 45.88079846 ], [ -102.85897584, 45.86599722 ], [ -102.84866838, 45.86074406 ], [ -102.8097989, 45.84202645 ], [ -102.77813262, 45.82712774 ], [ -102.77092938, 45.823783 ], [ -102.7320599, 45.80725358 ], [ -102.69319042, 45.79117252 ], [ -102.68521502, 45.78825825 ], [ -102.65432093, 45.77690984 ], [ -102.61545145, 45.76359094 ], [ -102.57658196, 45.75103457 ], [ -102.5704649, 45.74938876 ], [ -102.53771245, 45.74041506 ], [ -102.49884296, 45.73081855 ], [ -102.45997348, 45.72180051 ], [ -102.421104, 45.71314054 ], [ -102.40799444, 45.71051928 ], [ -102.38223451, 45.70538777 ], [ -102.34336503, 45.69712411 ], [ -102.30449551, 45.68704532 ], [ -102.26562603, 45.67409683 ], [ -102.25997634, 45.67164979 ], [ -102.22675655, 45.66099254 ], [ -102.18788706, 45.6392992 ], [ -102.18078895, 45.63278031 ], [ -102.14901758, 45.61136139 ], [ -102.13102746, 45.59391082 ], [ -102.11014809, 45.57814485 ], [ -102.08627854, 45.55504131 ], [ -102.07127858, 45.54307031 ], [ -102.04280687, 45.51617182 ], [ -102.03240909, 45.50772888 ], [ -101.99953754, 45.47730234 ], [ -101.99353961, 45.47241677 ], [ -101.95623081, 45.43843285 ], [ -101.95467013, 45.43715525 ], [ -101.91580064, 45.40196915 ], [ -101.91336304, 45.39956336 ], [ -101.87693116, 45.36642355 ], [ -101.87114924, 45.36069388 ], [ -101.83806164, 45.32998638 ], [ -101.82997937, 45.32182439 ], [ -101.79919216, 45.29219558 ], [ -101.79037799, 45.28295491 ], [ -101.76032268, 45.25234997 ], [ -101.75288358, 45.2440854 ], [ -101.72145319, 45.20961813 ], [ -101.71777209, 45.20521591 ], [ -101.68537402, 45.16634642 ], [ -101.68258371, 45.16296644 ], [ -101.65581507, 45.12747694 ], [ -101.64371422, 45.11089168 ], [ -101.6288126, 45.08860745 ], [ -101.60484471, 45.05084927 ], [ -101.60419415, 45.04973796 ], [ -101.5823212, 45.01086848 ], [ -101.56597522, 44.97950239 ], [ -101.56234146, 44.97199899 ], [ -101.54463107, 44.93312948 ], [ -101.52848034, 44.89426 ], [ -101.52710574, 44.89070645 ], [ -101.51422527, 44.85539051 ], [ -101.50134598, 44.81652102 ], [ -101.48974643, 44.77765154 ], [ -101.48823626, 44.77211292 ], [ -101.47950746, 44.73878205 ], [ -101.4703935, 44.69991256 ], [ -101.46231859, 44.66104308 ], [ -101.45522545, 44.62217357 ], [ -101.44936677, 44.58505528 ], [ -101.44909515, 44.58330408 ], [ -101.44366397, 44.5444346 ], [ -101.43278169, 44.50556511 ], [ -101.41380212, 44.46669562 ], [ -101.41049729, 44.46185873 ], [ -101.38632036, 44.42782614 ], [ -101.37162777, 44.41208036 ], [ -101.34926003, 44.38895665 ], [ -101.33275829, 44.37526651 ], [ -101.30127578, 44.35008716 ], [ -101.29388881, 44.34510161 ], [ -101.25501932, 44.31946884 ], [ -101.24215521, 44.31121765 ], [ -101.21614984, 44.29413889 ], [ -101.18146954, 44.27234817 ], [ -101.17728035, 44.26956534 ], [ -101.13841084, 44.24464539 ], [ -101.11994548, 44.23347868 ], [ -101.09954135, 44.22056312 ], [ -101.06067187, 44.19764164 ], [ -101.05520056, 44.1946092 ], [ -101.02180239, 44.17534664 ], [ -100.98372181, 44.15573971 ], [ -100.9829329, 44.15531921 ], [ -100.94406342, 44.13643762 ], [ -100.9051939, 44.12045414 ], [ -100.895012, 44.11687022 ], [ -100.86632442, 44.10640656 ], [ -100.82745494, 44.09512796 ], [ -100.78858545, 44.08701234 ], [ -100.74971597, 44.08169151 ], [ -100.71311432, 44.07800074 ], [ -100.71084648, 44.07773943 ], [ -100.67197697, 44.07489792 ], [ -100.63310748, 44.07323971 ], [ -100.594238, 44.07291389 ], [ -100.55536852, 44.07405964 ], [ -100.51649903, 44.07657147 ], [ -100.50179386, 44.07800074 ], [ -100.47762955, 44.07994464 ], [ -100.43876003, 44.08395772 ], [ -100.39989055, 44.08870673 ], [ -100.36102107, 44.0938643 ], [ -100.32215158, 44.09898788 ], [ -100.2832821, 44.10346201 ], [ -100.24441261, 44.10651348 ], [ -100.2055431, 44.10900927 ], [ -100.16667361, 44.11215978 ], [ -100.13033378, 44.11687022 ], [ -100.12780413, 44.11723557 ], [ -100.08893465, 44.12710484 ], [ -100.05006516, 44.15295764 ], [ -100.0476938, 44.15573971 ], [ -100.02174784, 44.1946092 ], [ -100.01119568, 44.21125259 ], [ -99.99516196, 44.23347868 ], [ -99.97232616, 44.26875902 ], [ -99.96926019, 44.27234817 ], [ -99.94123778, 44.31121765 ], [ -99.93345668, 44.32528024 ], [ -99.91195877, 44.35008716 ], [ -99.89458719, 44.37944828 ], [ -99.88420317, 44.38895665 ], [ -99.86136655, 44.42782614 ], [ -99.85571771, 44.45524259 ], [ -99.85121109, 44.46669562 ], [ -99.84098385, 44.50556511 ], [ -99.84091204, 44.5444346 ], [ -99.84785719, 44.58330408 ], [ -99.85571771, 44.61001715 ], [ -99.85995606, 44.62217357 ], [ -99.87586867, 44.66104308 ], [ -99.89458719, 44.69744737 ], [ -99.89614153, 44.69991256 ], [ -99.93248688, 44.73878205 ], [ -99.93345668, 44.73946649 ], [ -99.97232616, 44.76067681 ], [ -100.01119568, 44.77699785 ], [ -100.01313702, 44.77765154 ], [ -100.05006516, 44.78489512 ], [ -100.08893465, 44.77846752 ], [ -100.09290426, 44.77765154 ], [ -100.12780413, 44.77047758 ], [ -100.16667361, 44.77318226 ], [ -100.18692643, 44.77765154 ], [ -100.2055431, 44.78083822 ], [ -100.24441261, 44.79829587 ], [ -100.26995225, 44.81652102 ], [ -100.2832821, 44.82743681 ], [ -100.30892202, 44.85539051 ], [ -100.32215158, 44.87504537 ], [ -100.33363935, 44.89426 ], [ -100.35324985, 44.93312948 ], [ -100.36102107, 44.950691 ], [ -100.37035972, 44.97199899 ], [ -100.3855114, 45.01086848 ], [ -100.39915615, 45.04973796 ], [ -100.39989055, 45.05225323 ], [ -100.41094875, 45.08860745 ], [ -100.42055622, 45.12747694 ], [ -100.42732106, 45.16634642 ], [ -100.43008021, 45.20521591 ], [ -100.42822569, 45.2440854 ], [ -100.42117168, 45.28295491 ], [ -100.40714319, 45.32182439 ], [ -100.39989055, 45.33548802 ], [ -100.37987901, 45.36069388 ], [ -100.36102107, 45.37884529 ], [ -100.32215158, 45.3985773 ], [ -100.31536708, 45.39956336 ], [ -100.2832821, 45.40428997 ], [ -100.2577262, 45.39956336 ], [ -100.24441261, 45.39755057 ], [ -100.2055431, 45.38118451 ], [ -100.17009021, 45.36069388 ], [ -100.16667361, 45.3594538 ], [ -100.12780413, 45.34964626 ], [ -100.08893465, 45.3460427 ], [ -100.05006516, 45.34122625 ], [ -100.01119568, 45.33177959 ], [ -99.98588743, 45.32182439 ], [ -99.97232616, 45.31734702 ], [ -99.93345668, 45.29082689 ], [ -99.92571534, 45.28295491 ], [ -99.89815966, 45.2440854 ], [ -99.89458719, 45.23730893 ], [ -99.87661004, 45.20521591 ], [ -99.85602333, 45.16634642 ], [ -99.85571771, 45.16573866 ], [ -99.82948775, 45.12747694 ], [ -99.81684823, 45.1079031 ], [ -99.79827799, 45.08860745 ], [ -99.77797874, 45.06655847 ], [ -99.74778955, 45.04973796 ], [ -99.73910923, 45.04470036 ], [ -99.70023974, 45.03958388 ], [ -99.66137026, 45.04847 ], [ -99.65868139, 45.04973796 ], [ -99.62250078, 45.06563557 ], [ -99.58411974, 45.08860745 ], [ -99.58363129, 45.08890753 ], [ -99.54476181, 45.11723515 ], [ -99.53288257, 45.12747694 ], [ -99.50589229, 45.15460495 ], [ -99.49545412, 45.16634642 ], [ -99.46870396, 45.20521591 ], [ -99.46702281, 45.20857023 ], [ -99.45003926, 45.2440854 ], [ -99.43938068, 45.28295491 ], [ -99.4350772, 45.32182439 ], [ -99.43376737, 45.36069388 ], [ -99.42936192, 45.39956336 ], [ -99.451699, 45.43843285 ], [ -99.46702281, 45.4631543 ], [ -99.47691978, 45.47730234 ], [ -99.49098356, 45.51617182 ], [ -99.50000602, 45.55504131 ], [ -99.50399694, 45.59391082 ], [ -99.50254221, 45.63278031 ], [ -99.49480444, 45.67164979 ], [ -99.48378087, 45.71051928 ], [ -99.47263398, 45.74938876 ], [ -99.46702281, 45.77055861 ], [ -99.46184097, 45.78825825 ], [ -99.45204075, 45.82712774 ], [ -99.44352099, 45.86599722 ], [ -99.43623093, 45.90486673 ], [ -99.42950324, 45.94373622 ], [ -99.42815332, 45.95204111 ], [ -99.42318525, 45.9826057 ], [ -99.41693388, 46.02147519 ], [ -99.41057903, 46.06034468 ], [ -99.40379823, 46.09921416 ], [ -99.39641016, 46.13808365 ], [ -99.38928384, 46.17209337 ], [ -99.38828496, 46.17695314 ], [ -99.37942938, 46.21582265 ], [ -99.3694483, 46.25469213 ], [ -99.35799925, 46.29356162 ], [ -99.35041436, 46.31647435 ], [ -99.34515612, 46.3324311 ], [ -99.33073633, 46.37130059 ], [ -99.31416265, 46.41017008 ], [ -99.31154487, 46.41575556 ], [ -99.29578764, 46.44903956 ], [ -99.27487394, 46.48790905 ], [ -99.27267536, 46.49175387 ], [ -99.25203262, 46.52677856 ], [ -99.23380587, 46.55490461 ], [ -99.22656021, 46.56564805 ], [ -99.19899273, 46.60451753 ], [ -99.19493639, 46.61000139 ], [ -99.16917896, 46.64338702 ], [ -99.15606691, 46.6596819 ], [ -99.13721594, 46.6822565 ], [ -99.11719742, 46.70528243 ], [ -99.10303341, 46.72112599 ], [ -99.07832794, 46.74750963 ], [ -99.06646891, 46.75999548 ], [ -99.03945842, 46.78589214 ], [ -99.02573011, 46.79886496 ], [ -99.00058894, 46.81950305 ], [ -98.97821801, 46.83773447 ], [ -98.96171945, 46.84997435 ], [ -98.92501496, 46.87660396 ], [ -98.92284997, 46.87803824 ], [ -98.88398049, 46.90278518 ], [ -98.86314857, 46.91547345 ], [ -98.845111, 46.92579217 ], [ -98.80624149, 46.94657595 ], [ -98.79003924, 46.95434293 ], [ -98.767372, 46.96426215 ], [ -98.72850252, 46.97910353 ], [ -98.68963304, 46.99170267 ], [ -98.68261343, 46.99321242 ], [ -98.65076355, 46.99952857 ], [ -98.61189407, 47.0021283 ], [ -98.57302455, 46.99799556 ], [ -98.54274765, 46.99321242 ], [ -98.53415507, 46.99194519 ], [ -98.49528558, 46.98795088 ], [ -98.4564161, 46.98753949 ], [ -98.41754662, 46.98952269 ], [ -98.37867713, 46.99215975 ], [ -98.36680712, 46.99321242 ], [ -98.33980762, 46.99577046 ], [ -98.30093813, 47.00089849 ], [ -98.26206865, 47.00820515 ], [ -98.22319917, 47.01881702 ], [ -98.19028716, 47.0320819 ], [ -98.18432968, 47.03472038 ], [ -98.1454602, 47.06033957 ], [ -98.13298744, 47.07095139 ], [ -98.10659068, 47.09718268 ], [ -98.09566727, 47.10982088 ], [ -98.0677212, 47.14673133 ], [ -98.06641206, 47.14869039 ], [ -98.0395377, 47.18755987 ], [ -98.02885171, 47.20012071 ], [ -98.00656487, 47.22642936 ], [ -97.98998223, 47.24268426 ], [ -97.96947982, 47.26529884 ], [ -97.95111275, 47.29051744 ], [ -97.94402081, 47.30416833 ], [ -97.93044038, 47.34303782 ], [ -97.91659568, 47.3819073 ], [ -97.91224326, 47.39200486 ], [ -97.90068395, 47.42077679 ], [ -97.87690931, 47.4596463 ], [ -97.87337375, 47.46402847 ], [ -97.84193353, 47.49851579 ], [ -97.83450426, 47.50472506 ], [ -97.79563478, 47.53204431 ], [ -97.78633713, 47.53738527 ], [ -97.7567653, 47.55283884 ], [ -97.71789581, 47.5691333 ], [ -97.69410359, 47.57625476 ], [ -97.67902633, 47.58100118 ], [ -97.64015681, 47.58981238 ], [ -97.60128733, 47.59956609 ], [ -97.56241784, 47.60765396 ], [ -97.52354836, 47.61249611 ], [ -97.50778827, 47.61512424 ], [ -97.48467888, 47.62038299 ], [ -97.44580939, 47.63248849 ], [ -97.40693988, 47.64663224 ], [ -97.38658697, 47.65399373 ], [ -97.36807039, 47.66335335 ], [ -97.32920091, 47.68201752 ], [ -97.3089986, 47.69286322 ], [ -97.29033143, 47.70611181 ], [ -97.25755936, 47.7317327 ], [ -97.25146194, 47.73833069 ], [ -97.22604621, 47.77060221 ], [ -97.21259246, 47.80333043 ], [ -97.21053379, 47.8094717 ], [ -97.21149098, 47.84834119 ], [ -97.21259246, 47.85035106 ], [ -97.23230231, 47.88721067 ], [ -97.25146194, 47.9052625 ], [ -97.27094507, 47.92608016 ], [ -97.29033143, 47.94799525 ], [ -97.29633408, 47.96494964 ], [ -97.29928463, 48.00381913 ], [ -97.29996987, 48.04268862 ], [ -97.30081623, 48.08155813 ], [ -97.30407426, 48.12042761 ], [ -97.30938827, 48.1592971 ], [ -97.31642762, 48.19816659 ], [ -97.32492593, 48.23703607 ], [ -97.32920091, 48.25461589 ], [ -97.33560126, 48.27590556 ], [ -97.34787264, 48.31477504 ], [ -97.36148073, 48.35364453 ], [ -97.36807039, 48.37136112 ], [ -97.37750681, 48.39251404 ], [ -97.3950119, 48.43138353 ], [ -97.40693988, 48.45780047 ], [ -97.41320954, 48.47025301 ], [ -97.43017699, 48.5091225 ], [ -97.44580939, 48.54452591 ], [ -97.44727961, 48.54799199 ], [ -97.46656337, 48.58686147 ], [ -97.48467888, 48.62109591 ], [ -97.48726447, 48.62573096 ], [ -97.50492002, 48.66460044 ], [ -97.52216203, 48.70346995 ], [ -97.52354836, 48.71362591 ], [ -97.53158705, 48.74233944 ], [ -97.5418925, 48.78120893 ], [ -97.56241784, 48.80363513 ], [ -97.60128733, 48.81462151 ], [ -97.64015681, 48.81215624 ], [ -97.67902633, 48.80456682 ], [ -97.71789581, 48.79532061 ], [ -97.7567653, 48.78790922 ], [ -97.76126983, 48.78120893 ], [ -97.79563478, 48.74296709 ], [ -97.79591068, 48.74233944 ], [ -97.82471102, 48.70346995 ], [ -97.83450426, 48.69587414 ], [ -97.86465331, 48.66460044 ], [ -97.87337375, 48.65917185 ], [ -97.91224326, 48.62759071 ], [ -97.91419172, 48.62573096 ], [ -97.95111275, 48.60563403 ], [ -97.98006387, 48.58686147 ], [ -97.98998223, 48.58066429 ], [ -98.02885171, 48.57341004 ], [ -98.0677212, 48.5640029 ], [ -98.10659068, 48.54882634 ], [ -98.108325, 48.54799199 ], [ -98.1454602, 48.52921114 ], [ -98.17662283, 48.5091225 ], [ -98.18432968, 48.50334662 ], [ -98.22319917, 48.47272207 ], [ -98.22642307, 48.47025301 ], [ -98.26206865, 48.43846238 ], [ -98.27105764, 48.43138353 ], [ -98.30093813, 48.40347334 ], [ -98.31580554, 48.39251404 ], [ -98.33980762, 48.37129465 ], [ -98.36900373, 48.35364453 ], [ -98.37867713, 48.34636994 ], [ -98.41754662, 48.33078057 ], [ -98.4564161, 48.32411398 ], [ -98.49528558, 48.3235937 ], [ -98.53415507, 48.32664477 ], [ -98.57302455, 48.3315301 ], [ -98.61189407, 48.33680303 ], [ -98.65076355, 48.34137925 ], [ -98.68963304, 48.34335871 ], [ -98.72850252, 48.33894778 ], [ -98.767372, 48.32842797 ], [ -98.80286998, 48.31477504 ], [ -98.80624149, 48.31317906 ], [ -98.845111, 48.29177423 ], [ -98.8712424, 48.27590556 ], [ -98.88398049, 48.26737044 ], [ -98.92284997, 48.24137045 ], [ -98.9295151, 48.23703607 ], [ -98.96171945, 48.21642923 ], [ -98.99455119, 48.19816659 ], [ -99.00058894, 48.19508543 ], [ -99.03945842, 48.17885103 ], [ -99.07832794, 48.16796897 ], [ -99.11719742, 48.16256303 ], [ -99.15606691, 48.16277385 ], [ -99.19493639, 48.168144 ], [ -99.23380587, 48.17759679 ], [ -99.27267536, 48.19053143 ], [ -99.29114162, 48.19816659 ], [ -99.31154487, 48.20679064 ], [ -99.35041436, 48.22471315 ], [ -99.38634175, 48.23703607 ], [ -99.38928384, 48.23807362 ], [ -99.42815332, 48.25076584 ], [ -99.46702281, 48.26231489 ], [ -99.50589229, 48.27258139 ], [ -99.52043662, 48.27590556 ], [ -99.54476181, 48.28183056 ], [ -99.58363129, 48.28949935 ], [ -99.62250078, 48.29504862 ], [ -99.66137026, 48.29792878 ], [ -99.70023974, 48.29722309 ], [ -99.73910923, 48.2914982 ], [ -99.77797874, 48.28143717 ], [ -99.79279318, 48.27590556 ], [ -99.81684823, 48.26679027 ], [ -99.85571771, 48.24386436 ], [ -99.86379734, 48.23703607 ], [ -99.89458719, 48.20736643 ], [ -99.90151856, 48.19816659 ], [ -99.92673072, 48.1592971 ], [ -99.93345668, 48.14712932 ], [ -99.94582143, 48.12042761 ], [ -99.96113758, 48.08155813 ], [ -99.97232616, 48.04833221 ], [ -99.97409061, 48.04268862 ], [ -99.98595707, 48.00381913 ], [ -99.99676048, 47.96494964 ], [ -100.00722409, 47.92608016 ], [ -100.01119568, 47.91290024 ], [ -100.01894893, 47.88721067 ], [ -100.03241628, 47.84834119 ], [ -100.04773318, 47.8094717 ], [ -100.05006516, 47.80287655 ], [ -100.0618767, 47.77060221 ], [ -100.07769213, 47.7317327 ], [ -100.08893465, 47.70743945 ], [ -100.09673785, 47.69286322 ], [ -100.11788462, 47.65399373 ], [ -100.12780413, 47.63514625 ], [ -100.13956094, 47.61512424 ], [ -100.16018838, 47.57625476 ], [ -100.16667361, 47.5627035 ], [ -100.17997803, 47.53738527 ], [ -100.19770595, 47.49851579 ], [ -100.2055431, 47.47898768 ], [ -100.21372945, 47.4596463 ], [ -100.22803662, 47.42077679 ], [ -100.24153187, 47.3819073 ], [ -100.24441261, 47.37267532 ], [ -100.25357892, 47.34303782 ], [ -100.26536506, 47.30416833 ], [ -100.27812275, 47.26529884 ], [ -100.2832821, 47.25056576 ], [ -100.29094517, 47.22642936 ], [ -100.30486917, 47.18755987 ], [ -100.3212542, 47.14869039 ], [ -100.32215158, 47.14692927 ], [ -100.33768072, 47.10982088 ], [ -100.35716649, 47.07095139 ], [ -100.36102107, 47.06438209 ], [ -100.37616506, 47.0320819 ], [ -100.39799234, 46.99321242 ], [ -100.39989055, 46.98985686 ], [ -100.42019392, 46.95434293 ], [ -100.43876003, 46.93385459 ], [ -100.45948922, 46.91547345 ], [ -100.47762955, 46.90124966 ], [ -100.51649903, 46.87758472 ], [ -100.51835151, 46.87660396 ], [ -100.55536852, 46.85389994 ], [ -100.594238, 46.83871234 ], [ -100.59755571, 46.83773447 ], [ -100.63310748, 46.8269383 ], [ -100.67197697, 46.82136095 ], [ -100.71084648, 46.82049737 ], [ -100.74971597, 46.82385465 ], [ -100.78858545, 46.83107643 ], [ -100.81179851, 46.83773447 ], [ -100.82745494, 46.8417057 ], [ -100.86632442, 46.8553182 ], [ -100.9051939, 46.87291984 ], [ -100.91184632, 46.87660396 ], [ -100.94406342, 46.89395334 ], [ -100.97669979, 46.91547345 ], [ -100.9829329, 46.9199824 ], [ -101.02008573, 46.95434293 ], [ -101.02180239, 46.9562465 ], [ -101.05151702, 46.99321242 ], [ -101.06067187, 47.00595742 ], [ -101.07847039, 47.0320819 ], [ -101.09954135, 47.06691279 ], [ -101.10189471, 47.07095139 ], [ -101.12182867, 47.10982088 ], [ -101.12829311, 47.14869039 ], [ -101.1251614, 47.18755987 ], [ -101.12133178, 47.22642936 ], [ -101.11647413, 47.26529884 ], [ -101.11034262, 47.30416833 ], [ -101.10287433, 47.34303782 ], [ -101.09954135, 47.36074248 ], [ -101.09427431, 47.3819073 ], [ -101.08601779, 47.42077679 ], [ -101.08502968, 47.4596463 ], [ -101.09954135, 47.48068472 ], [ -101.11234793, 47.49851579 ], [ -101.13841084, 47.51412088 ], [ -101.17127847, 47.53738527 ], [ -101.17728035, 47.54038187 ], [ -101.21614984, 47.56635779 ], [ -101.22789045, 47.57625476 ], [ -101.25501932, 47.60060193 ], [ -101.26796913, 47.61512424 ], [ -101.29388881, 47.65304431 ], [ -101.2944522, 47.65399373 ], [ -101.30884867, 47.69286322 ], [ -101.30873982, 47.7317327 ], [ -101.29388881, 47.7684504 ], [ -101.2932271, 47.77060221 ], [ -101.25977636, 47.8094717 ], [ -101.25501932, 47.81249126 ], [ -101.21614984, 47.83787821 ], [ -101.19981643, 47.84834119 ], [ -101.17728035, 47.86120356 ], [ -101.13841084, 47.88244091 ], [ -101.1275826, 47.88721067 ], [ -101.09954135, 47.89876372 ], [ -101.06067187, 47.91039328 ], [ -101.02180239, 47.91780052 ], [ -100.9829329, 47.92576646 ], [ -100.98158831, 47.92608016 ], [ -100.94406342, 47.93739533 ], [ -100.9051939, 47.95220869 ], [ -100.87786709, 47.96494964 ], [ -100.86632442, 47.97171594 ], [ -100.82745494, 47.99717889 ], [ -100.81815673, 48.00381913 ], [ -100.78858545, 48.02963029 ], [ -100.77413559, 48.04268862 ], [ -100.74971597, 48.06917044 ], [ -100.73800493, 48.08155813 ], [ -100.71084648, 48.11516437 ], [ -100.70630707, 48.12042761 ], [ -100.67664756, 48.1592971 ], [ -100.67197697, 48.16614605 ], [ -100.64755094, 48.19816659 ], [ -100.63310748, 48.21893318 ], [ -100.61877063, 48.23703607 ], [ -100.594238, 48.27023176 ], [ -100.58942066, 48.27590556 ], [ -100.55790116, 48.31477504 ], [ -100.55536852, 48.31803717 ], [ -100.5212441, 48.35364453 ], [ -100.51649903, 48.3588805 ], [ -100.4792245, 48.39251404 ], [ -100.47762955, 48.39404097 ], [ -100.43876003, 48.42438575 ], [ -100.42763052, 48.43138353 ], [ -100.39989055, 48.44999542 ], [ -100.36386658, 48.47025301 ], [ -100.36102107, 48.47196229 ], [ -100.32215158, 48.49224151 ], [ -100.28657814, 48.5091225 ], [ -100.2832821, 48.51081892 ], [ -100.24441261, 48.52947885 ], [ -100.2055431, 48.54595391 ], [ -100.20143709, 48.54799199 ], [ -100.16667361, 48.56851886 ], [ -100.13963657, 48.58686147 ], [ -100.12780413, 48.59687268 ], [ -100.10141199, 48.62573096 ], [ -100.08893465, 48.64732106 ], [ -100.08075612, 48.66460044 ], [ -100.06818561, 48.70346995 ], [ -100.05909809, 48.74233944 ], [ -100.05165476, 48.78120893 ], [ -100.05006516, 48.79104338 ], [ -100.04554198, 48.82007841 ], [ -100.04012145, 48.8589479 ], [ -100.03505427, 48.89781738 ], [ -100.03019906, 48.93668687 ], [ -100.02582417, 48.97555636 ], [ -100.02187908, 49.01442587 ], [ -100.01817417, 49.05329535 ], [ -100.01474845, 49.09216484 ], [ -100.01257819, 49.13103433 ], [ -100.01119568, 49.14314515 ], [ -100.00817999, 49.16990381 ], [ -100.0051342, 49.2087733 ], [ -100.00219271, 49.24764278 ], [ -99.99938806, 49.28651227 ], [ -99.99655963, 49.32538178 ], [ -99.99380123, 49.36425127 ], [ -99.99116436, 49.40312075 ], [ -100.01119568, 49.41283914 ], [ -100.01119568, 49.41289309 ], [ -99.97232616, 49.4128911 ], [ -99.93345668, 49.41288916 ], [ -99.89458719, 49.41288734 ], [ -99.85571771, 49.41288563 ], [ -99.81684823, 49.41288407 ], [ -99.77797874, 49.4128826 ], [ -99.73910923, 49.41288128 ], [ -99.70023974, 49.41288005 ], [ -99.66137026, 49.41287893 ], [ -99.62250078, 49.41287792 ], [ -99.58363129, 49.41287697 ], [ -99.54476181, 49.41287609 ], [ -99.50589229, 49.41287527 ], [ -99.46702281, 49.41287448 ], [ -99.42815332, 49.41287375 ], [ -99.38928384, 49.41287302 ], [ -99.35041436, 49.41287231 ], [ -99.31154487, 49.41287157 ], [ -99.27267536, 49.41287084 ], [ -99.23380587, 49.41287006 ], [ -99.19493639, 49.41286925 ], [ -99.15606691, 49.4128684 ], [ -99.11719742, 49.41286748 ], [ -99.07832794, 49.41286648 ], [ -99.03945842, 49.41286539 ], [ -99.00058894, 49.41286423 ], [ -98.96171945, 49.41286298 ], [ -98.92284997, 49.41286163 ], [ -98.88398049, 49.41286016 ], [ -98.845111, 49.41285865 ], [ -98.80624149, 49.41285704 ], [ -98.767372, 49.41285548 ], [ -98.72850252, 49.41285406 ], [ -98.68963304, 49.41285282 ], [ -98.65076355, 49.41285174 ], [ -98.61189407, 49.41285079 ], [ -98.57302455, 49.41284991 ], [ -98.53415507, 49.41284913 ], [ -98.49528558, 49.41284835 ], [ -98.4564161, 49.41284755 ], [ -98.41754662, 49.41284665 ], [ -98.37867713, 49.4128456 ], [ -98.33980762, 49.4128443 ], [ -98.30093813, 49.41284257 ], [ -98.26206865, 49.41284021 ], [ -98.23720929, 49.40312075 ], [ -98.2363063, 49.36425127 ], [ -98.235301, 49.32538178 ], [ -98.23422109, 49.28651227 ], [ -98.23332398, 49.24764278 ], [ -98.23268531, 49.2087733 ], [ -98.23219623, 49.16990381 ], [ -98.23188237, 49.13103433 ], [ -98.23177338, 49.09216484 ], [ -98.23166046, 49.05329535 ], [ -98.23137964, 49.01442587 ], [ -98.22997477, 48.97555636 ], [ -98.22657158, 48.93668687 ], [ -98.22319917, 48.91867573 ], [ -98.21965103, 48.89781738 ], [ -98.2034445, 48.8589479 ], [ -98.18432968, 48.84468117 ], [ -98.15268037, 48.82007841 ], [ -98.1454602, 48.81694613 ], [ -98.10659068, 48.80158674 ], [ -98.0677212, 48.78741072 ], [ -98.04864395, 48.78120893 ], [ -98.02885171, 48.77522746 ], [ -97.98998223, 48.76780285 ], [ -97.95111275, 48.76933856 ], [ -97.93372318, 48.78120893 ], [ -97.91224326, 48.79578052 ], [ -97.89274198, 48.82007841 ], [ -97.87337375, 48.8583073 ], [ -97.87310663, 48.8589479 ], [ -97.8673391, 48.89781738 ], [ -97.85653638, 48.93668687 ], [ -97.84680846, 48.97555636 ], [ -97.83901269, 49.01442587 ], [ -97.83450426, 49.03841785 ], [ -97.83137802, 49.05329535 ], [ -97.82331725, 49.09216484 ], [ -97.81450873, 49.13103433 ], [ -97.80488303, 49.16990381 ], [ -97.79563478, 49.20483152 ], [ -97.79461371, 49.2087733 ], [ -97.78464686, 49.24764278 ], [ -97.77423093, 49.28651227 ], [ -97.76336216, 49.32538178 ], [ -97.7567653, 49.34880274 ], [ -97.75279165, 49.36425127 ], [ -97.74281356, 49.40312075 ], [ -97.71789581, 49.41284059 ], [ -97.67902633, 49.41284494 ], [ -97.64015681, 49.41284989 ], [ -97.63042769, 49.40312075 ], [ -97.60128733, 49.37398717 ], [ -97.56241784, 49.3739929 ], [ -97.52354836, 49.37399806 ], [ -97.48467888, 49.37400249 ], [ -97.44580939, 49.37400616 ], [ -97.40693988, 49.37400907 ], [ -97.36807039, 49.37401127 ], [ -97.32920091, 49.37401281 ], [ -97.29033143, 49.3740138 ], [ -97.25146194, 49.37401442 ], [ -97.21259246, 49.3740147 ], [ -97.20282898, 49.36425127 ], [ -97.17372294, 49.33514534 ], [ -97.13485346, 49.33514524 ], [ -97.09598397, 49.3351451 ], [ -97.05711449, 49.33514491 ], [ -97.01824501, 49.33514472 ], [ -96.97937552, 49.33514453 ], [ -96.94050601, 49.33514439 ], [ -96.90163652, 49.33514425 ], [ -96.89187403, 49.32538178 ], [ -96.86276704, 49.29627452 ], [ -96.82389755, 49.29627445 ], [ -96.81413539, 49.28651227 ], [ -96.78502807, 49.25740473 ], [ -96.74615859, 49.25740463 ], [ -96.73639673, 49.24764278 ], [ -96.70728907, 49.21853475 ], [ -96.69752765, 49.2087733 ], [ -96.66841959, 49.17966453 ], [ -96.65865888, 49.16990381 ], [ -96.6295501, 49.14079379 ], [ -96.61979064, 49.13103433 ], [ -96.59068062, 49.10192233 ], [ -96.55181114, 49.10192106 ], [ -96.54205491, 49.09216484 ], [ -96.51294165, 49.06304859 ], [ -96.50318842, 49.05329535 ], [ -96.47407214, 49.02417579 ], [ -96.46432223, 49.01442587 ], [ -96.43520265, 48.98530287 ], [ -96.42545615, 48.97555636 ], [ -96.39633317, 48.94643007 ], [ -96.38658998, 48.93668687 ], [ -96.35746368, 48.90755755 ], [ -96.34772352, 48.89781738 ], [ -96.3185942, 48.86868546 ], [ -96.30885665, 48.8589479 ], [ -96.27972472, 48.82981389 ], [ -96.26998922, 48.82007841 ], [ -96.2408552, 48.79094292 ], [ -96.23112122, 48.78120893 ], [ -96.20198572, 48.75207251 ], [ -96.19225264, 48.74233944 ], [ -96.16311623, 48.71320259 ], [ -96.15338357, 48.70346995 ], [ -96.12424675, 48.67433306 ], [ -96.11451414, 48.66460044 ], [ -96.08537727, 48.63546383 ], [ -96.07564438, 48.62573096 ], [ -96.04650778, 48.59659494 ], [ -96.03677429, 48.58686147 ], [ -96.00763827, 48.5577264 ], [ -95.99790387, 48.54799199 ], [ -95.96876878, 48.51885826 ], [ -95.95903301, 48.5091225 ], [ -95.9298993, 48.47999065 ], [ -95.92016166, 48.47025301 ], [ -95.89102981, 48.44112367 ], [ -95.88128965, 48.43138353 ], [ -95.85216033, 48.40225755 ], [ -95.84241682, 48.39251404 ], [ -95.81329085, 48.36339244 ], [ -95.80354294, 48.35364453 ], [ -95.77442133, 48.32452866 ], [ -95.76466774, 48.31477504 ], [ -95.73555185, 48.28566649 ], [ -95.72579095, 48.27590556 ], [ -95.69668236, 48.24680592 ], [ -95.68691251, 48.23703607 ], [ -95.65781288, 48.20794699 ], [ -95.65781288, 48.20789307 ], [ -95.69668236, 48.22471786 ], [ -95.71887471, 48.19816659 ], [ -95.73555185, 48.17707732 ], [ -95.74943318, 48.1592971 ], [ -95.77442133, 48.12501118 ], [ -95.77772342, 48.12042761 ], [ -95.80395642, 48.08155813 ], [ -95.81329085, 48.06620468 ], [ -95.8274913, 48.04268862 ], [ -95.84781469, 48.00381913 ], [ -95.85216033, 47.9942453 ], [ -95.86544572, 47.96494964 ], [ -95.87946834, 47.92608016 ], [ -95.88973013, 47.88721067 ], [ -95.89102981, 47.88034378 ], [ -95.89737521, 47.84834119 ], [ -95.90174837, 47.8094717 ], [ -95.90349993, 47.77060221 ], [ -95.90470617, 47.7317327 ], [ -95.91020604, 47.69286322 ], [ -95.9298993, 47.66360851 ], [ -95.93599777, 47.65399373 ], [ -95.95443481, 47.61512424 ], [ -95.96574694, 47.57625476 ], [ -95.96876878, 47.56560423 ], [ -95.98045593, 47.53738527 ], [ -95.99325061, 47.49851579 ], [ -96.00189581, 47.4596463 ], [ -96.00750028, 47.42077679 ], [ -96.00763827, 47.4193859 ], [ -96.01228774, 47.3819073 ], [ -96.01204515, 47.34303782 ], [ -96.00780792, 47.30416833 ], [ -96.00763827, 47.30323518 ], [ -96.00031871, 47.26529884 ], [ -95.98831194, 47.22642936 ], [ -95.96943104, 47.18755987 ], [ -95.96876878, 47.18608952 ], [ -95.94813725, 47.14869039 ], [ -95.9298993, 47.11454332 ], [ -95.9267814, 47.10982088 ], [ -95.90081136, 47.07095139 ], [ -95.89102981, 47.05751937 ], [ -95.86801104, 47.0320819 ], [ -95.85216033, 47.015967 ], [ -95.82437249, 46.99321242 ], [ -95.81329085, 46.9846336 ], [ -95.77442133, 46.96032399 ], [ -95.7626107, 46.95434293 ], [ -95.73555185, 46.94118552 ], [ -95.69668236, 46.9259965 ], [ -95.66310588, 46.91547345 ], [ -95.65781288, 46.9138613 ], [ -95.6189434, 46.90405679 ], [ -95.58007391, 46.89613109 ], [ -95.5412044, 46.88970229 ], [ -95.50233491, 46.88445938 ], [ -95.46346543, 46.88016894 ], [ -95.42763454, 46.87660396 ], [ -95.42459594, 46.87630416 ], [ -95.38572646, 46.87345323 ], [ -95.34685698, 46.87068449 ], [ -95.30798746, 46.8681189 ], [ -95.26911798, 46.86559365 ], [ -95.23024849, 46.86296628 ], [ -95.19137901, 46.86010981 ], [ -95.18165793, 46.87660396 ], [ -95.181604, 46.87660396 ], [ -95.18161268, 46.83773447 ], [ -95.15250953, 46.80862343 ], [ -95.14275107, 46.79886496 ], [ -95.1427592, 46.75999548 ], [ -95.14276686, 46.72112599 ], [ -95.14277406, 46.6822565 ], [ -95.1427807, 46.64338702 ], [ -95.1427868, 46.60451753 ], [ -95.15250953, 46.56707449 ], [ -95.19137901, 46.5673359 ], [ -95.23024849, 46.56709312 ], [ -95.26911798, 46.56654756 ], [ -95.30798746, 46.56616437 ], [ -95.32489376, 46.56564805 ], [ -95.34685698, 46.56489981 ], [ -95.38572646, 46.56394871 ], [ -95.42459594, 46.56308293 ], [ -95.46346543, 46.56239279 ], [ -95.50233491, 46.56188432 ], [ -95.5412044, 46.56173964 ], [ -95.58007391, 46.56188778 ], [ -95.6189434, 46.56247538 ], [ -95.65781288, 46.56354289 ], [ -95.69668236, 46.56471082 ], [ -95.7105775, 46.56564805 ], [ -95.73555185, 46.56727776 ], [ -95.77442133, 46.56999338 ], [ -95.81329085, 46.57339789 ], [ -95.85216033, 46.57748423 ], [ -95.89102981, 46.58232565 ], [ -95.9298993, 46.58762651 ], [ -95.96876878, 46.5928778 ], [ -96.00763827, 46.59658348 ], [ -96.04650778, 46.59414808 ], [ -96.08537727, 46.56896611 ], [ -96.08761533, 46.56564805 ], [ -96.10641237, 46.52677856 ], [ -96.11823849, 46.48790905 ], [ -96.12424675, 46.46068436 ], [ -96.12655158, 46.44903956 ], [ -96.13299273, 46.41017008 ], [ -96.13872808, 46.37130059 ], [ -96.14448701, 46.3324311 ], [ -96.15082936, 46.29356162 ], [ -96.15948404, 46.25469213 ], [ -96.16311623, 46.24483276 ], [ -96.17503048, 46.21582265 ], [ -96.20198572, 46.17887742 ], [ -96.203379, 46.17695314 ], [ -96.2408552, 46.14974218 ], [ -96.27972472, 46.14396392 ], [ -96.3185942, 46.1491284 ], [ -96.35746368, 46.16051071 ], [ -96.39633317, 46.17599619 ], [ -96.39800801, 46.17695314 ], [ -96.43520265, 46.19437772 ], [ -96.47407214, 46.21145961 ], [ -96.48289732, 46.21582265 ], [ -96.51294165, 46.23517946 ], [ -96.53330236, 46.25469213 ], [ -96.54067429, 46.29356162 ], [ -96.55181114, 46.30305286 ], [ -96.59068062, 46.31816982 ], [ -96.6295501, 46.32661428 ], [ -96.63959605, 46.3324311 ], [ -96.66841959, 46.34436491 ], [ -96.70728907, 46.36666332 ], [ -96.74615859, 46.36575864 ], [ -96.78502807, 46.36798745 ], [ -96.81061376, 46.37130059 ], [ -96.82389755, 46.37542282 ], [ -96.86276704, 46.38743389 ], [ -96.90163652, 46.40406742 ], [ -96.91370722, 46.41017008 ], [ -96.94050601, 46.43368006 ], [ -96.95879806, 46.44903956 ], [ -96.97937552, 46.47790139 ], [ -96.98718969, 46.48790905 ], [ -97.01077246, 46.52677856 ], [ -97.01824501, 46.54051247 ], [ -97.03452291, 46.56564805 ], [ -97.05711449, 46.59998583 ], [ -97.06130025, 46.60451753 ], [ -97.09598397, 46.64148797 ], [ -97.09947373, 46.64338702 ], [ -97.13485346, 46.66447316 ], [ -97.17372294, 46.67129089 ], [ -97.21259246, 46.66621327 ], [ -97.25146194, 46.6504252 ], [ -97.26243465, 46.64338702 ], [ -97.29033143, 46.62770009 ], [ -97.32920091, 46.60685311 ], [ -97.36807039, 46.60534026 ], [ -97.40693988, 46.61321691 ], [ -97.44580939, 46.62017115 ], [ -97.48467888, 46.62178832 ], [ -97.52354836, 46.61643903 ], [ -97.55764598, 46.60451753 ], [ -97.56241784, 46.6026949 ], [ -97.60128733, 46.57674241 ], [ -97.61278466, 46.56564805 ], [ -97.64015681, 46.5295312 ], [ -97.64170083, 46.52677856 ], [ -97.65675121, 46.48790905 ], [ -97.6641858, 46.44903956 ], [ -97.6666763, 46.41017008 ], [ -97.66585553, 46.37130059 ], [ -97.66287881, 46.3324311 ], [ -97.65824384, 46.29356162 ], [ -97.65189652, 46.25469213 ], [ -97.64260466, 46.21582265 ], [ -97.64015681, 46.21054409 ], [ -97.61596501, 46.17695314 ], [ -97.60128733, 46.17030977 ], [ -97.56241784, 46.16864218 ], [ -97.52354836, 46.17417654 ], [ -97.48467888, 46.17054684 ], [ -97.44580939, 46.15698609 ], [ -97.4141187, 46.13808365 ], [ -97.40693988, 46.13120274 ], [ -97.37942704, 46.09921416 ], [ -97.36807039, 46.07263188 ], [ -97.36341148, 46.06034468 ], [ -97.35899633, 46.02147519 ], [ -97.36188575, 45.9826057 ], [ -97.36807039, 45.95453206 ], [ -97.37078725, 45.94373622 ], [ -97.38590477, 45.90486673 ], [ -97.40527581, 45.86599722 ], [ -97.40693988, 45.86321783 ], [ -97.43219471, 45.82712774 ], [ -97.44580939, 45.81002284 ], [ -97.46667797, 45.78825825 ], [ -97.48467888, 45.77140657 ], [ -97.51424944, 45.74938876 ], [ -97.52354836, 45.74308759 ], [ -97.56241784, 45.72477829 ], [ -97.60128733, 45.71458164 ], [ -97.64015681, 45.712151 ], [ -97.67902633, 45.71646367 ], [ -97.71789581, 45.72492986 ], [ -97.7567653, 45.73448328 ], [ -97.79563478, 45.74244425 ], [ -97.83450426, 45.74501997 ], [ -97.87337375, 45.73920019 ], [ -97.91224326, 45.72513336 ], [ -97.9376451, 45.71051928 ], [ -97.95111275, 45.70304732 ], [ -97.98998223, 45.67579387 ], [ -97.99542053, 45.67164979 ], [ -98.02885171, 45.64500662 ], [ -98.04332615, 45.63278031 ], [ -98.0677212, 45.61060783 ], [ -98.08496132, 45.59391082 ], [ -98.10659068, 45.57052831 ], [ -98.11991773, 45.55504131 ], [ -98.1454602, 45.52012736 ], [ -98.14820753, 45.51617182 ], [ -98.17541261, 45.47730234 ], [ -98.18432968, 45.46744414 ], [ -98.21111543, 45.43843285 ], [ -98.22319917, 45.42971648 ], [ -98.26206865, 45.40261031 ], [ -98.26642794, 45.39956336 ], [ -98.30093813, 45.38102331 ], [ -98.33980762, 45.36481544 ], [ -98.35052046, 45.36069388 ], [ -98.37867713, 45.35093357 ], [ -98.41754662, 45.34118102 ], [ -98.4564161, 45.33373091 ], [ -98.49528558, 45.32571956 ], [ -98.51552623, 45.32182439 ], [ -98.53415507, 45.3181785 ], [ -98.57302455, 45.31214078 ], [ -98.61189407, 45.30967543 ], [ -98.65076355, 45.31185489 ], [ -98.68963304, 45.31626589 ], [ -98.72850252, 45.31987691 ], [ -98.75585965, 45.32182439 ], [ -98.767372, 45.32267439 ], [ -98.80624149, 45.3248499 ], [ -98.845111, 45.32580466 ], [ -98.88398049, 45.32306338 ], [ -98.89184221, 45.32182439 ], [ -98.92284997, 45.31649816 ], [ -98.96171945, 45.30609007 ], [ -99.00058894, 45.29142959 ], [ -99.01869436, 45.28295491 ], [ -99.03945842, 45.26962791 ], [ -99.07223422, 45.2440854 ], [ -99.07832794, 45.23774441 ], [ -99.10745174, 45.20521591 ], [ -99.11719742, 45.1925717 ], [ -99.13869398, 45.16634642 ], [ -99.15606691, 45.14191666 ], [ -99.16659708, 45.12747694 ], [ -99.19278834, 45.08860745 ], [ -99.19493639, 45.08510918 ], [ -99.21746737, 45.04973796 ], [ -99.23380587, 45.02111862 ], [ -99.24007161, 45.01086848 ], [ -99.26117608, 44.97199899 ], [ -99.27267536, 44.94749703 ], [ -99.28043784, 44.93312948 ], [ -99.29755787, 44.89426 ], [ -99.31154487, 44.85702093 ], [ -99.3122729, 44.85539051 ], [ -99.323657, 44.81652102 ], [ -99.33239066, 44.77765154 ], [ -99.33759702, 44.73878205 ], [ -99.33951049, 44.69991256 ], [ -99.33873941, 44.66104308 ], [ -99.33631911, 44.62217357 ], [ -99.33235787, 44.58330408 ], [ -99.32754116, 44.5444346 ], [ -99.32465866, 44.50556511 ], [ -99.3259648, 44.46669562 ], [ -99.33161045, 44.42782614 ], [ -99.34215565, 44.38895665 ], [ -99.35041436, 44.36860248 ], [ -99.35976682, 44.35008716 ], [ -99.38721611, 44.31121765 ], [ -99.38928384, 44.30908064 ], [ -99.42815332, 44.27474586 ], [ -99.43082204, 44.27234817 ], [ -99.46702281, 44.25127282 ], [ -99.49594727, 44.23347868 ], [ -99.50589229, 44.22949616 ], [ -99.54476181, 44.21031714 ], [ -99.57521924, 44.1946092 ], [ -99.58363129, 44.1913354 ], [ -99.62250078, 44.17375305 ], [ -99.66137026, 44.15648456 ], [ -99.6628571, 44.15573971 ], [ -99.70023974, 44.1387272 ], [ -99.73910923, 44.12491712 ], [ -99.77600164, 44.11687022 ], [ -99.77797874, 44.11641796 ], [ -99.81684823, 44.10853281 ], [ -99.85571771, 44.09780966 ], [ -99.89458719, 44.08016181 ], [ -99.89747151, 44.07800074 ], [ -99.93345668, 44.04574436 ], [ -99.93893447, 44.03913125 ], [ -99.97232616, 44.01279896 ], [ -100.01119568, 44.00515914 ], [ -100.05006516, 44.00207084 ], [ -100.06234657, 44.00026177 ], [ -100.08893465, 43.9933163 ], [ -100.12780413, 43.97983795 ], [ -100.16667361, 43.9653245 ], [ -100.17726546, 43.96139226 ], [ -100.2055431, 43.94778859 ], [ -100.24441261, 43.93097807 ], [ -100.26627996, 43.92252277 ], [ -100.2832821, 43.9146264 ], [ -100.32215158, 43.89896951 ], [ -100.36102107, 43.88597136 ], [ -100.36926283, 43.88365328 ], [ -100.39989055, 43.87361182 ], [ -100.43876003, 43.86354655 ], [ -100.47762955, 43.85612541 ], [ -100.51649903, 43.85108331 ], [ -100.55536852, 43.84821787 ], [ -100.594238, 43.84737086 ], [ -100.63310748, 43.84856284 ], [ -100.67197697, 43.85178268 ], [ -100.71084648, 43.85700495 ], [ -100.74971597, 43.86432224 ], [ -100.78858545, 43.87377485 ], [ -100.82163646, 43.88365328 ], [ -100.82745494, 43.88514456 ], [ -100.86632442, 43.89702653 ], [ -100.9051939, 43.91095819 ], [ -100.93321058, 43.92252277 ], [ -100.94406342, 43.92642379 ], [ -100.9829329, 43.94250331 ], [ -101.02083534, 43.96139226 ], [ -101.02180239, 43.96184916 ], [ -101.06067187, 43.98273897 ], [ -101.08882502, 44.00026177 ], [ -101.09954135, 44.00664242 ], [ -101.13841084, 44.03236958 ], [ -101.14775924, 44.03913125 ], [ -101.17728035, 44.05965484 ], [ -101.20149967, 44.07800074 ], [ -101.21614984, 44.08858468 ], [ -101.25269052, 44.11687022 ], [ -101.25501932, 44.11858565 ], [ -101.29388881, 44.14855339 ], [ -101.30275754, 44.15573971 ], [ -101.33275829, 44.17870468 ], [ -101.35259861, 44.1946092 ], [ -101.37162777, 44.20891401 ], [ -101.40308957, 44.23347868 ], [ -101.41049729, 44.23884322 ], [ -101.44936677, 44.2676742 ], [ -101.455561, 44.27234817 ], [ -101.48823626, 44.29466501 ], [ -101.51198234, 44.31121765 ], [ -101.52710574, 44.32242498 ], [ -101.56184161, 44.35008716 ], [ -101.56597522, 44.3543496 ], [ -101.59735717, 44.38895665 ], [ -101.60484471, 44.40070873 ], [ -101.62102213, 44.42782614 ], [ -101.63501572, 44.46669562 ], [ -101.64145201, 44.50556511 ], [ -101.64371422, 44.52134218 ], [ -101.64724583, 44.5444346 ], [ -101.65491189, 44.58330408 ], [ -101.66440537, 44.62217357 ], [ -101.6757813, 44.66104308 ], [ -101.68258371, 44.68103851 ], [ -101.6896384, 44.69991256 ], [ -101.70628272, 44.73878205 ], [ -101.72145319, 44.76993692 ], [ -101.72566595, 44.77765154 ], [ -101.74912849, 44.81652102 ], [ -101.76032268, 44.83338665 ], [ -101.77699693, 44.85539051 ], [ -101.79919216, 44.88255417 ], [ -101.81028405, 44.89426 ], [ -101.83806164, 44.92197279 ], [ -101.85122338, 44.93312948 ], [ -101.87693116, 44.95411625 ], [ -101.90298237, 44.97199899 ], [ -101.91580064, 44.98063358 ], [ -101.95467013, 45.00358745 ], [ -101.96792413, 45.01086848 ], [ -101.99353961, 45.02480236 ], [ -102.03240909, 45.04472801 ], [ -102.04267413, 45.04973796 ], [ -102.07127858, 45.06362327 ], [ -102.11014809, 45.08185091 ], [ -102.12484518, 45.08860745 ], [ -102.14901758, 45.09963686 ], [ -102.18788706, 45.11718132 ], [ -102.21066774, 45.12747694 ], [ -102.22675655, 45.13467227 ], [ -102.26562603, 45.15221128 ], [ -102.29660297, 45.16634642 ], [ -102.30449551, 45.16990044 ], [ -102.34336503, 45.18783514 ], [ -102.38040913, 45.20521591 ], [ -102.38223451, 45.20605895 ], [ -102.421104, 45.22465631 ], [ -102.45997348, 45.24364851 ], [ -102.46079592, 45.2440854 ], [ -102.49884296, 45.26443213 ], [ -102.53200717, 45.28295491 ], [ -102.53771245, 45.28620006 ], [ -102.57658196, 45.30936157 ], [ -102.59708242, 45.32182439 ], [ -102.61545145, 45.33327478 ], [ -102.65432093, 45.35534054 ], [ -102.66523413, 45.36069388 ], [ -102.69319042, 45.37479316 ], [ -102.7320599, 45.391319 ], [ -102.75699654, 45.39956336 ], [ -102.77092938, 45.40434738 ], [ -102.8097989, 45.41321196 ], [ -102.84866838, 45.41887175 ], [ -102.88753787, 45.42240034 ], [ -102.92640735, 45.42462549 ], [ -102.96527683, 45.42604822 ], [ -103.00414632, 45.4269337 ], [ -103.04301583, 45.42749729 ], [ -103.08188532, 45.42784669 ], [ -103.1207548, 45.42803755 ], [ -103.15962429, 45.42930012 ], [ -103.19849377, 45.43275517 ], [ -103.23736325, 45.43756361 ], [ -103.24337547, 45.43843285 ], [ -103.27623277, 45.44327834 ], [ -103.31510225, 45.44950542 ], [ -103.35397174, 45.45589777 ], [ -103.39284122, 45.46229239 ], [ -103.43171071, 45.46851365 ], [ -103.47058019, 45.47440984 ], [ -103.49079453, 45.47730234 ], [ -103.5094497, 45.4800269 ], [ -103.54831919, 45.48523466 ], [ -103.58718867, 45.48993867 ], [ -103.62605816, 45.49414753 ], [ -103.66492764, 45.49777003 ], [ -103.70379712, 45.50084463 ], [ -103.74266664, 45.50330841 ], [ -103.78153612, 45.50528041 ], [ -103.82040561, 45.50663625 ], [ -103.85927509, 45.50741904 ], [ -103.89814458, 45.50770509 ], [ -103.93701406, 45.50742494 ], [ -103.97588357, 45.50655967 ], [ -104.01475306, 45.50510418 ], [ -104.05362254, 45.5029652 ], [ -104.09249203, 45.50002491 ], [ -104.13136151, 45.49627698 ], [ -104.17023099, 45.49177042 ], [ -104.20910051, 45.48647517 ], [ -104.24796999, 45.48048182 ], [ -104.26684095, 45.47730234 ], [ -104.28683948, 45.47378648 ], [ -104.32570896, 45.46624078 ], [ -104.36457845, 45.45803081 ], [ -104.40344793, 45.44887698 ], [ -104.44231744, 45.43923281 ], [ -104.44494464, 45.43843285 ], [ -104.48118693, 45.42570202 ], [ -104.52005641, 45.41132278 ], [ -104.54924348, 45.39956336 ], [ -104.5589259, 45.39519067 ], [ -104.59779538, 45.37651594 ], [ -104.62875837, 45.36069388 ], [ -104.63666486, 45.35619631 ], [ -104.67553438, 45.3331047 ], [ -104.69382291, 45.32182439 ], [ -104.71440386, 45.30786894 ], [ -104.7497179, 45.28295491 ], [ -104.75327335, 45.28021194 ], [ -104.79214283, 45.24957804 ], [ -104.79898954, 45.2440854 ], [ -104.83101232, 45.21616399 ], [ -104.84339253, 45.20521591 ], [ -104.8698818, 45.17990843 ], [ -104.88388085, 45.16634642 ], [ -104.90875131, 45.14039983 ], [ -104.92108179, 45.12747694 ], [ -104.9476208, 45.09765452 ], [ -104.95563527, 45.08860745 ], [ -104.98649028, 45.05168189 ], [ -104.98810715, 45.04973796 ], [ -105.01849642, 45.01086848 ], [ -105.02535977, 45.00154725 ], [ -105.04721953, 44.97199899 ], [ -105.06422925, 44.9478111 ], [ -105.07455283, 44.93312948 ], [ -105.10046327, 44.89426 ], [ -105.10309873, 44.89007762 ], [ -105.12515856, 44.85539051 ], [ -105.14196825, 44.82775733 ], [ -105.14883486, 44.81652102 ], [ -105.17150875, 44.77765154 ], [ -105.18083773, 44.76099716 ], [ -105.19339828, 44.73878205 ], [ -105.21462649, 44.69991256 ], [ -105.21970722, 44.69033623 ], [ -105.23547074, 44.66104308 ], [ -105.25599133, 44.62217357 ], [ -105.2585767, 44.61710019 ], [ -105.2760512, 44.58330408 ], [ -105.29418181, 44.5444346 ], [ -105.29744619, 44.53811518 ], [ -105.3152678, 44.50556511 ], [ -105.33440283, 44.46669562 ], [ -105.33631567, 44.46266917 ], [ -105.35320579, 44.42782614 ], [ -105.37182952, 44.38895665 ], [ -105.37518518, 44.38168609 ], [ -105.38999717, 44.35008716 ], [ -105.40798048, 44.31121765 ], [ -105.41405467, 44.29772794 ], [ -105.42566643, 44.27234817 ], [ -105.44318882, 44.23347868 ], [ -105.45292415, 44.21154193 ], [ -105.46052027, 44.1946092 ], [ -105.47746323, 44.15573971 ], [ -105.49179364, 44.12236081 ], [ -105.49420317, 44.11687022 ], [ -105.51071985, 44.07800074 ], [ -105.52700725, 44.03913125 ], [ -105.53066312, 44.03016666 ], [ -105.54313703, 44.00026177 ], [ -105.55907035, 43.96139226 ], [ -105.5695326, 43.93538339 ], [ -105.57476626, 43.92252277 ], [ -105.59025517, 43.88365328 ], [ -105.60546604, 43.8447838 ], [ -105.60840212, 43.83710539 ], [ -105.62054317, 43.80591431 ], [ -105.63536617, 43.76704482 ], [ -105.6472716, 43.73516994 ], [ -105.64991643, 43.72817534 ], [ -105.66447772, 43.68930585 ], [ -105.67874106, 43.65043634 ], [ -105.68614109, 43.62976479 ], [ -105.69273732, 43.61156686 ], [ -105.70671284, 43.57269737 ], [ -105.72037554, 43.53382788 ], [ -105.72501057, 43.5202655 ], [ -105.73382806, 43.4949584 ], [ -105.74711889, 43.45608891 ], [ -105.76038808, 43.41721942 ], [ -105.76388006, 43.40667547 ], [ -105.77338359, 43.37834994 ], [ -105.78605944, 43.33948043 ], [ -105.79864449, 43.30061094 ], [ -105.80274954, 43.28751169 ], [ -105.81099026, 43.26174146 ], [ -105.82341414, 43.22287197 ], [ -105.83527008, 43.18400248 ], [ -105.84161905, 43.16340258 ], [ -105.84728921, 43.145133 ], [ -105.85893903, 43.10626351 ], [ -105.87040338, 43.06739402 ], [ -105.88048854, 43.03878245 ], [ -105.88393309, 43.02852451 ], [ -105.89302552, 42.98965503 ], [ -105.90402147, 42.95078554 ], [ -105.91465022, 42.91191606 ], [ -105.91935802, 42.89468979 ], [ -105.9253596, 42.87304657 ], [ -105.93581308, 42.83417708 ], [ -105.94617829, 42.7953076 ], [ -105.95391128, 42.75643811 ], [ -105.95822751, 42.74209109 ], [ -105.96622388, 42.7175686 ], [ -105.97593996, 42.67869912 ], [ -105.98548262, 42.63982963 ], [ -105.99237859, 42.60096014 ], [ -105.99709699, 42.5845742 ], [ -106.00413021, 42.56209066 ], [ -106.0130609, 42.52322117 ], [ -106.02193543, 42.48435168 ], [ -106.03046032, 42.4454822 ], [ -106.03596647, 42.4207171 ], [ -106.03912732, 42.40661269 ], [ -106.0472992, 42.3677432 ], [ -106.05529552, 42.32887372 ], [ -106.06341511, 42.29000423 ], [ -106.07103013, 42.25113474 ], [ -106.07483599, 42.23111659 ], [ -106.07845028, 42.21226526 ], [ -106.08566557, 42.17339577 ], [ -106.09267457, 42.13452628 ], [ -106.09926539, 42.09565677 ], [ -106.10578242, 42.05678729 ], [ -106.10911301, 42.0179178 ], [ -106.11370547, 41.99569747 ], [ -106.11747714, 41.97904832 ], [ -106.12322586, 41.94017883 ], [ -106.12842319, 41.90130934 ], [ -106.13336666, 41.86243986 ], [ -106.13783928, 41.82357037 ], [ -106.14221724, 41.78470086 ], [ -106.14603554, 41.74583137 ], [ -106.14711002, 41.70696189 ], [ -106.15257496, 41.68274202 ], [ -106.15593669, 41.6680924 ], [ -106.1562002, 41.62922292 ], [ -106.15875026, 41.59035343 ], [ -106.16098871, 41.55148394 ], [ -106.16316645, 41.51261446 ], [ -106.16473207, 41.47374495 ], [ -106.16583223, 41.43487546 ], [ -106.16670061, 41.39600597 ], [ -106.16720949, 41.35713649 ], [ -106.16735056, 41.318267 ], [ -106.16697588, 41.27939752 ], [ -106.16635116, 41.24052803 ], [ -106.16520795, 41.20165854 ], [ -106.16341357, 41.16278903 ], [ -106.1614867, 41.12391955 ], [ -106.15885884, 41.08505006 ], [ -106.15876333, 41.04618058 ], [ -106.15257496, 41.02149613 ], [ -106.14898579, 41.00731109 ], [ -106.14823305, 40.9684416 ], [ -106.14382197, 40.92957212 ], [ -106.13887276, 40.89070263 ], [ -106.13299893, 40.85183312 ], [ -106.1270041, 40.81296363 ], [ -106.12038895, 40.77409415 ], [ -106.11370547, 40.75085932 ], [ -106.10956203, 40.73522466 ], [ -106.10523273, 40.69635518 ], [ -106.09668622, 40.65748569 ], [ -106.08742894, 40.6186162 ], [ -106.08086067, 40.57974672 ], [ -106.07483599, 40.56187335 ], [ -106.06695341, 40.54087721 ], [ -106.05569533, 40.50200772 ], [ -106.04363238, 40.46313823 ], [ -106.03596647, 40.43931306 ], [ -106.03101155, 40.42426875 ], [ -106.01707105, 40.38539926 ], [ -106.00232205, 40.34652978 ], [ -105.99709699, 40.33338685 ], [ -105.98674271, 40.30766029 ], [ -105.97030366, 40.2687908 ], [ -105.95822751, 40.24161943 ], [ -105.95289623, 40.22992129 ], [ -105.93388837, 40.19105181 ], [ -105.91935802, 40.16199111 ], [ -105.91432409, 40.15218232 ], [ -105.89284153, 40.11331283 ], [ -105.88048854, 40.09147801 ], [ -105.87045509, 40.07444335 ], [ -105.84710692, 40.03557386 ], [ -105.84161905, 40.02679327 ], [ -105.82227419, 39.99670438 ], [ -105.80274954, 39.96699136 ], [ -105.79646332, 39.95783489 ], [ -105.77278976, 39.91896538 ], [ -105.76388006, 39.90724424 ], [ -105.73968004, 39.88009589 ], [ -105.72501057, 39.86131569 ], [ -105.70854676, 39.84122641 ], [ -105.68614109, 39.81443065 ], [ -105.67570574, 39.80235692 ], [ -105.68614109, 39.79263945 ], [ -105.72501057, 39.7926391 ], [ -105.76388006, 39.79263872 ], [ -105.80274954, 39.79263834 ], [ -105.84161905, 39.79263794 ], [ -105.85133802, 39.80235692 ], [ -105.88048854, 39.83150733 ], [ -105.91935802, 39.83150691 ], [ -105.95822751, 39.8315065 ], [ -105.99709699, 39.83150608 ], [ -106.03596647, 39.83150563 ], [ -106.07483599, 39.8315052 ], [ -106.11370547, 39.83150475 ], [ -106.12342713, 39.84122641 ], [ -106.15257496, 39.87037402 ], [ -106.19144444, 39.87037357 ], [ -106.23031393, 39.8703731 ], [ -106.26918341, 39.87037263 ], [ -106.30805292, 39.87037215 ], [ -106.34692241, 39.87037166 ], [ -106.38579189, 39.87037118 ], [ -106.39551662, 39.88009589 ], [ -106.42466138, 39.90924039 ], [ -106.46353086, 39.90923989 ], [ -106.50240035, 39.90923939 ], [ -106.54126986, 39.90923887 ], [ -106.58013934, 39.90923837 ], [ -106.61900883, 39.90923785 ], [ -106.65787831, 39.90923736 ], [ -106.66760636, 39.91896538 ], [ -106.6967478, 39.94810651 ], [ -106.73561728, 39.94810599 ], [ -106.77448679, 39.94810547 ], [ -106.81335628, 39.94810495 ], [ -106.85222576, 39.94810443 ], [ -106.89109525, 39.94810393 ], [ -106.92996473, 39.94810341 ], [ -106.93969622, 39.95783489 ], [ -106.96883422, 39.98697252 ], [ -107.00770373, 39.986972 ], [ -107.04657321, 39.98697148 ], [ -107.0854427, 39.98697096 ], [ -107.12431218, 39.98697046 ], [ -107.16318167, 39.98696994 ], [ -107.20205115, 39.98696942 ], [ -107.2117861, 39.99670438 ], [ -107.24092066, 40.02583852 ], [ -107.27979015, 40.02583803 ], [ -107.31865963, 40.02583753 ], [ -107.35752912, 40.02583701 ], [ -107.3963986, 40.02583654 ], [ -107.43526809, 40.02583604 ], [ -107.4741376, 40.02583554 ], [ -107.48387589, 40.03557386 ], [ -107.51300708, 40.06470465 ], [ -107.55187657, 40.06470418 ], [ -107.59074605, 40.06470368 ], [ -107.62961554, 40.06470323 ], [ -107.66848502, 40.06470276 ], [ -107.70735453, 40.06470228 ], [ -107.74622402, 40.06470183 ], [ -107.75596553, 40.07444335 ], [ -107.7850935, 40.10357096 ], [ -107.82396299, 40.10357051 ], [ -107.86283247, 40.10357009 ], [ -107.90170196, 40.10356964 ], [ -107.94057147, 40.10356921 ], [ -107.97944095, 40.10356881 ], [ -108.01831044, 40.10356838 ], [ -108.05717992, 40.10356798 ], [ -108.06692478, 40.11331283 ], [ -108.09604941, 40.14243716 ], [ -108.13491889, 40.14243676 ], [ -108.1737884, 40.14243638 ], [ -108.21265789, 40.14243602 ], [ -108.25152737, 40.14243564 ], [ -108.29039686, 40.14243529 ], [ -108.32926634, 40.14243496 ], [ -108.33901373, 40.15218232 ], [ -108.36813583, 40.18130416 ], [ -108.40700534, 40.18130383 ], [ -108.44587482, 40.18130352 ], [ -108.48474431, 40.18130319 ], [ -108.52361379, 40.18130291 ], [ -108.56248328, 40.1813026 ], [ -108.60135276, 40.18130231 ], [ -108.61110226, 40.19105181 ], [ -108.64022227, 40.22017159 ], [ -108.67909176, 40.22017133 ], [ -108.71796124, 40.22017107 ], [ -108.75683073, 40.22017083 ], [ -108.79570021, 40.22017059 ], [ -108.8345697, 40.22017038 ], [ -108.87343921, 40.22017017 ], [ -108.88319036, 40.22992129 ], [ -108.91230869, 40.25903949 ], [ -108.95117818, 40.2590393 ], [ -108.99004766, 40.25903911 ], [ -109.02891715, 40.25903894 ], [ -109.06778663, 40.25903878 ], [ -109.10665614, 40.25903863 ], [ -109.14552563, 40.25903849 ], [ -109.15527793, 40.2687908 ], [ -109.18439511, 40.29790788 ], [ -109.2232646, 40.29790779 ], [ -109.26213408, 40.29790767 ], [ -109.30100357, 40.29790758 ], [ -109.33987308, 40.29790748 ], [ -109.37874256, 40.29790741 ], [ -109.41761205, 40.29790734 ], [ -109.42736498, 40.30766029 ], [ -109.45648153, 40.33677683 ], [ -109.49535102, 40.33677678 ], [ -109.5342205, 40.33677673 ], [ -109.57309001, 40.33677671 ], [ -109.6119595, 40.33677671 ], [ -109.65082898, 40.33677671 ], [ -109.68969847, 40.33677671 ], [ -109.69945151, 40.34652978 ], [ -109.72856795, 40.37564626 ], [ -109.76743744, 40.37564629 ], [ -109.80630695, 40.37564634 ], [ -109.84517643, 40.37564638 ], [ -109.88404592, 40.37564643 ], [ -109.9229154, 40.3756465 ], [ -109.96178489, 40.3756466 ], [ -109.97153757, 40.38539926 ], [ -110.00065437, 40.4145162 ], [ -110.03952388, 40.4145163 ], [ -110.07839337, 40.41451641 ], [ -110.11726285, 40.41451653 ], [ -110.15613234, 40.41451665 ], [ -110.19500182, 40.41451679 ], [ -110.23387131, 40.41451693 ], [ -110.24362314, 40.42426875 ], [ -110.27274082, 40.45338661 ], [ -110.3116103, 40.45338678 ], [ -110.35047979, 40.45338694 ], [ -110.38934927, 40.45338711 ], [ -110.42821876, 40.4533873 ], [ -110.46708824, 40.45338749 ], [ -110.50595775, 40.4533877 ], [ -110.5157083, 40.46313823 ], [ -110.54482724, 40.49225742 ], [ -110.58369672, 40.49225764 ], [ -110.62256621, 40.49225785 ], [ -110.66143569, 40.49225808 ], [ -110.70030518, 40.4922583 ], [ -110.73917469, 40.49225856 ], [ -110.77804417, 40.49225879 ], [ -110.7877931, 40.50200772 ], [ -110.81691366, 40.53112857 ], [ -110.85578314, 40.53112883 ], [ -110.89465263, 40.53112909 ], [ -110.93352211, 40.53112935 ], [ -110.97239162, 40.53112961 ], [ -111.01126111, 40.53112987 ], [ -111.05013059, 40.53113015 ], [ -111.05987768, 40.54087721 ], [ -111.08900008, 40.56999997 ], [ -111.12786956, 40.57000023 ], [ -111.16673905, 40.57000051 ], [ -111.20560856, 40.5700008 ], [ -111.24447804, 40.57000108 ], [ -111.28334753, 40.57000137 ], [ -111.32221701, 40.57000167 ], [ -111.33196206, 40.57974672 ], [ -111.3610865, 40.60887151 ], [ -111.39995598, 40.6088718 ], [ -111.43882549, 40.60887211 ], [ -111.47769498, 40.60887239 ], [ -111.51656446, 40.6088727 ], [ -111.55543395, 40.60887298 ], [ -111.59430343, 40.60887329 ], [ -111.60404634, 40.6186162 ], [ -111.63317292, 40.64774313 ], [ -111.67204243, 40.64774344 ], [ -111.71091191, 40.64774375 ], [ -111.7497814, 40.64774405 ], [ -111.78865088, 40.64774436 ], [ -111.82752037, 40.64774465 ], [ -111.86638985, 40.64774495 ], [ -111.87613059, 40.65748569 ], [ -111.90525936, 40.6866148 ], [ -111.94412885, 40.6866151 ], [ -111.98299833, 40.68661539 ], [ -112.02186782, 40.68661567 ], [ -112.0607373, 40.68661598 ], [ -112.09960679, 40.68661626 ], [ -112.10934569, 40.69635518 ], [ -112.1384763, 40.72548613 ], [ -112.17734578, 40.72548641 ], [ -112.18708402, 40.73522466 ], [ -112.21621527, 40.76435628 ], [ -112.25508475, 40.76435656 ], [ -112.26482233, 40.77409415 ], [ -112.29395424, 40.80322643 ], [ -112.30369146, 40.81296363 ], [ -112.33282372, 40.84209627 ], [ -112.34256059, 40.85183312 ], [ -112.37169323, 40.88096613 ], [ -112.38142972, 40.89070263 ], [ -112.38142966, 40.92957212 ], [ -112.41056272, 40.95870553 ], [ -112.42029879, 40.9684416 ], [ -112.42029871, 41.00731109 ], [ -112.4494322, 41.036445 ], [ -112.45916778, 41.04618058 ], [ -112.45916764, 41.08505006 ], [ -112.45916745, 41.12391955 ], [ -112.48830169, 41.15305441 ], [ -112.49803633, 41.16278903 ], [ -112.498036, 41.20165854 ], [ -112.52717117, 41.23079449 ], [ -112.53690472, 41.24052803 ], [ -112.5369042, 41.27939752 ], [ -112.53690359, 41.318267 ], [ -112.56604066, 41.34740522 ], [ -112.57577192, 41.35713649 ], [ -112.5757711, 41.39600597 ], [ -112.57577019, 41.43487546 ], [ -112.60491017, 41.46401699 ], [ -112.61463811, 41.47374495 ], [ -112.61463696, 41.51261446 ], [ -112.6146357, 41.55148394 ], [ -112.64377965, 41.58062983 ], [ -112.65350323, 41.59035343 ], [ -112.65350177, 41.62922292 ], [ -112.65350026, 41.6680924 ], [ -112.68264914, 41.69724355 ], [ -112.69236747, 41.70696189 ], [ -112.68264914, 41.7294865 ], [ -112.64377965, 41.74418003 ], [ -112.63989544, 41.74583137 ], [ -112.60491017, 41.76097042 ], [ -112.56604066, 41.77779439 ], [ -112.55322019, 41.78470086 ], [ -112.52717117, 41.79961373 ], [ -112.49265738, 41.82357037 ], [ -112.48830169, 41.82673012 ], [ -112.4494322, 41.85874227 ], [ -112.44540607, 41.86243986 ], [ -112.41056272, 41.89543308 ], [ -112.40486335, 41.90130934 ], [ -112.37169323, 41.93612409 ], [ -112.36806337, 41.94017883 ], [ -112.33485901, 41.97904832 ], [ -112.33282372, 41.98133371 ], [ -112.30035994, 42.0179178 ], [ -112.29395424, 42.02539144 ], [ -112.26744258, 42.05678729 ], [ -112.25508475, 42.07135694 ], [ -112.23432118, 42.09565677 ], [ -112.21621527, 42.11657231 ], [ -112.20000739, 42.13452628 ], [ -112.17734578, 42.15920453 ], [ -112.16315453, 42.17339577 ], [ -112.1384763, 42.19766341 ], [ -112.12121336, 42.21226526 ], [ -112.09960679, 42.23024046 ], [ -112.068329, 42.25113474 ], [ -112.0607373, 42.25608446 ], [ -112.02812397, 42.29000423 ], [ -112.02186782, 42.29607396 ], [ -112.00118455, 42.32887372 ], [ -111.98299833, 42.35718462 ], [ -111.97692983, 42.3677432 ], [ -111.95502137, 42.40661269 ], [ -111.94412885, 42.42630581 ], [ -111.93389141, 42.4454822 ], [ -111.91398785, 42.48435168 ], [ -111.90525936, 42.50196926 ], [ -111.89484491, 42.52322117 ], [ -111.8766255, 42.56209066 ], [ -111.86638985, 42.58506204 ], [ -111.85923292, 42.60096014 ], [ -111.84244558, 42.63982963 ], [ -111.82752037, 42.67726476 ], [ -111.82693242, 42.67869912 ], [ -111.81137472, 42.7175686 ], [ -111.79715518, 42.75643811 ], [ -111.78865088, 42.78133991 ], [ -111.78365792, 42.7953076 ], [ -111.77043397, 42.83417708 ], [ -111.7584501, 42.87304657 ], [ -111.7497814, 42.90364653 ], [ -111.74727863, 42.91191606 ], [ -111.73594511, 42.95078554 ], [ -111.72566115, 42.98965503 ], [ -111.71636592, 43.02852451 ], [ -111.71091191, 43.05281071 ], [ -111.70733203, 43.06739402 ], [ -111.69815079, 43.10626351 ], [ -111.68967895, 43.145133 ], [ -111.68184465, 43.18400248 ], [ -111.67454283, 43.22287197 ], [ -111.67204243, 43.23615093 ], [ -111.66660581, 43.26174146 ], [ -111.65839911, 43.30061094 ], [ -111.65049649, 43.33948043 ], [ -111.64283361, 43.37834994 ], [ -111.63546236, 43.41721942 ], [ -111.63317292, 43.42851495 ], [ -111.62658786, 43.45608891 ], [ -111.6170416, 43.4949584 ], [ -111.60791424, 43.53382788 ], [ -111.60003661, 43.57269737 ], [ -111.60083422, 43.61156686 ], [ -111.60352823, 43.65043634 ], [ -111.6235203, 43.68930585 ], [ -111.63317292, 43.69179496 ], [ -111.63584699, 43.68930585 ], [ -111.67204243, 43.65764962 ], [ -111.67968724, 43.65043634 ], [ -111.71091191, 43.62005852 ], [ -111.71974547, 43.61156686 ], [ -111.7497814, 43.57873171 ], [ -111.7559087, 43.57269737 ], [ -111.78079368, 43.53382788 ], [ -111.78865088, 43.52146789 ], [ -111.80798696, 43.4949584 ], [ -111.82752037, 43.46713025 ], [ -111.83673992, 43.45608891 ], [ -111.8661993, 43.41721942 ], [ -111.86638985, 43.41693977 ], [ -111.89678574, 43.37834994 ], [ -111.90525936, 43.36697019 ], [ -111.92994297, 43.33948043 ], [ -111.94412885, 43.32229076 ], [ -111.96682357, 43.30061094 ], [ -111.98299833, 43.28339079 ], [ -112.01041239, 43.26174146 ], [ -112.02186782, 43.25145284 ], [ -112.0607373, 43.22735072 ], [ -112.07248774, 43.22287197 ], [ -112.09960679, 43.21068566 ], [ -112.1384763, 43.20270921 ], [ -112.17734578, 43.20254441 ], [ -112.21621527, 43.20789763 ], [ -112.25508475, 43.21642075 ], [ -112.2793914, 43.22287197 ], [ -112.29395424, 43.22646656 ], [ -112.33282372, 43.23681251 ], [ -112.37169323, 43.2448657 ], [ -112.41056272, 43.25065035 ], [ -112.4494322, 43.25638085 ], [ -112.48330802, 43.26174146 ], [ -112.48830169, 43.26271227 ], [ -112.52717117, 43.27141326 ], [ -112.56604066, 43.28107472 ], [ -112.60491017, 43.29121129 ], [ -112.64055474, 43.30061094 ], [ -112.64377965, 43.30161495 ], [ -112.68264914, 43.31326261 ], [ -112.72151862, 43.32425379 ], [ -112.76038811, 43.33457763 ], [ -112.780104, 43.33948043 ], [ -112.79925759, 43.34457191 ], [ -112.8381271, 43.35413523 ], [ -112.87699659, 43.36305537 ], [ -112.91586607, 43.37128155 ], [ -112.95136161, 43.37834994 ], [ -112.95473556, 43.37903547 ], [ -112.99360504, 43.3863355 ], [ -113.03247453, 43.39308903 ], [ -113.04219448, 43.41721942 ] ], [ [ -97.19400728, 48.19816659 ], [ -97.18958692, 48.23703607 ], [ -97.17974537, 48.27590556 ], [ -97.17372294, 48.29190057 ], [ -97.16269336, 48.31477504 ], [ -97.13595996, 48.35364453 ], [ -97.13485346, 48.35496774 ], [ -97.09598397, 48.38909062 ], [ -97.07010574, 48.39251404 ], [ -97.05711449, 48.39385096 ], [ -97.05551317, 48.39251404 ], [ -97.01824501, 48.36983732 ], [ -97.00817514, 48.35364453 ], [ -96.97937552, 48.31964922 ], [ -96.97667371, 48.31477504 ], [ -96.95050409, 48.27590556 ], [ -96.94050601, 48.26754014 ], [ -96.90163652, 48.25303608 ], [ -96.86276704, 48.23938701 ], [ -96.85629705, 48.23703607 ], [ -96.82389755, 48.21556148 ], [ -96.78960892, 48.19816659 ], [ -96.78502807, 48.18965274 ], [ -96.76455636, 48.1592971 ], [ -96.75946918, 48.12042761 ], [ -96.77012296, 48.08155813 ], [ -96.78502807, 48.06392635 ], [ -96.81405274, 48.04268862 ], [ -96.82389755, 48.03825648 ], [ -96.86276704, 48.02730712 ], [ -96.90163652, 48.02242196 ], [ -96.94050601, 48.02206803 ], [ -96.97937552, 48.02548158 ], [ -97.01824501, 48.03186728 ], [ -97.05711449, 48.03820689 ], [ -97.07637845, 48.04268862 ], [ -97.09598397, 48.04756031 ], [ -97.13485346, 48.06331688 ], [ -97.16075232, 48.08155813 ], [ -97.17372294, 48.09683603 ], [ -97.18583307, 48.12042761 ], [ -97.19318262, 48.1592971 ], [ -97.19400728, 48.19816659 ] ], [ [ -100.9557823, 47.53738527 ], [ -100.94406342, 47.55243719 ], [ -100.92512668, 47.57625476 ], [ -100.9051939, 47.58285239 ], [ -100.86632442, 47.5923005 ], [ -100.82745494, 47.58673603 ], [ -100.81441672, 47.57625476 ], [ -100.81441082, 47.53738527 ], [ -100.82745494, 47.52418303 ], [ -100.85777888, 47.49851579 ], [ -100.86632442, 47.49342246 ], [ -100.9051939, 47.49093995 ], [ -100.93316853, 47.49851579 ], [ -100.94406342, 47.51133678 ], [ -100.9557823, 47.53738527 ] ], [ [ -97.77285152, 47.30416833 ], [ -97.76448645, 47.34303782 ], [ -97.7567653, 47.35542484 ], [ -97.73553085, 47.3819073 ], [ -97.71789581, 47.39843481 ], [ -97.67902633, 47.41588718 ], [ -97.64771699, 47.42077679 ], [ -97.64015681, 47.42184807 ], [ -97.61986591, 47.42077679 ], [ -97.60128733, 47.41936777 ], [ -97.56241784, 47.40946351 ], [ -97.52354836, 47.394792 ], [ -97.49803841, 47.3819073 ], [ -97.48467888, 47.37252886 ], [ -97.44758545, 47.34303782 ], [ -97.44580939, 47.34108532 ], [ -97.41109727, 47.30416833 ], [ -97.40693988, 47.29798438 ], [ -97.38046554, 47.26529884 ], [ -97.36807039, 47.24236943 ], [ -97.35648159, 47.22642936 ], [ -97.33949519, 47.18755987 ], [ -97.33187806, 47.14869039 ], [ -97.35279719, 47.10982088 ], [ -97.36807039, 47.10412591 ], [ -97.40693988, 47.09842564 ], [ -97.44580939, 47.10180374 ], [ -97.4742139, 47.10982088 ], [ -97.48467888, 47.11280488 ], [ -97.52354836, 47.13020063 ], [ -97.56241784, 47.14814166 ], [ -97.56322164, 47.14869039 ], [ -97.60128733, 47.17066795 ], [ -97.62934673, 47.18755987 ], [ -97.64015681, 47.19393386 ], [ -97.67902633, 47.21796899 ], [ -97.69084363, 47.22642936 ], [ -97.71789581, 47.24715936 ], [ -97.75249685, 47.26529884 ], [ -97.7567653, 47.27071231 ], [ -97.77285152, 47.30416833 ] ], [ [ -100.30586453, 45.12747694 ], [ -100.29708054, 45.16634642 ], [ -100.2832821, 45.19082682 ], [ -100.27081351, 45.20521591 ], [ -100.24441261, 45.22399391 ], [ -100.2055431, 45.23737918 ], [ -100.16667361, 45.23816444 ], [ -100.12780413, 45.22887824 ], [ -100.08893465, 45.23082707 ], [ -100.05006516, 45.2330748 ], [ -100.01119568, 45.21236345 ], [ -100.00477896, 45.20521591 ], [ -99.9822105, 45.16634642 ], [ -99.97232616, 45.13917173 ], [ -99.96844643, 45.12747694 ], [ -99.96087145, 45.08860745 ], [ -99.95868397, 45.04973796 ], [ -99.96375865, 45.01086848 ], [ -99.97232616, 44.99008673 ], [ -99.98188506, 44.97199899 ], [ -100.01119568, 44.94589894 ], [ -100.03205841, 44.93312948 ], [ -100.05006516, 44.92500762 ], [ -100.08893465, 44.90738917 ], [ -100.10843779, 44.89426 ], [ -100.12780413, 44.88278793 ], [ -100.16667361, 44.86952075 ], [ -100.2055431, 44.87931818 ], [ -100.22643779, 44.89426 ], [ -100.24441261, 44.91277614 ], [ -100.25756204, 44.93312948 ], [ -100.27651594, 44.97199899 ], [ -100.2832821, 44.98998764 ], [ -100.29037071, 45.01086848 ], [ -100.29999828, 45.04973796 ], [ -100.30569804, 45.08860745 ], [ -100.30586453, 45.12747694 ] ], [ [ -98.68671047, 45.51617182 ], [ -98.665304, 45.55504131 ], [ -98.65076355, 45.57056831 ], [ -98.62925543, 45.59391082 ], [ -98.61189407, 45.60882222 ], [ -98.58546246, 45.63278031 ], [ -98.57302455, 45.64212057 ], [ -98.53517839, 45.67164979 ], [ -98.53415507, 45.67235736 ], [ -98.49528558, 45.70203711 ], [ -98.48642133, 45.71051928 ], [ -98.4564161, 45.73823583 ], [ -98.44693369, 45.74938876 ], [ -98.41754662, 45.78509124 ], [ -98.41551481, 45.78825825 ], [ -98.39030545, 45.82712774 ], [ -98.37867713, 45.84682675 ], [ -98.36962284, 45.86599722 ], [ -98.35228875, 45.90486673 ], [ -98.33980762, 45.93589574 ], [ -98.33712251, 45.94373622 ], [ -98.32355616, 45.9826057 ], [ -98.31118065, 46.02147519 ], [ -98.30093813, 46.05377656 ], [ -98.29869578, 46.06034468 ], [ -98.2830078, 46.09921416 ], [ -98.26614662, 46.13808365 ], [ -98.26206865, 46.14804183 ], [ -98.24733553, 46.17695314 ], [ -98.22319917, 46.20864182 ], [ -98.21398714, 46.21582265 ], [ -98.18432968, 46.23466688 ], [ -98.1454602, 46.25308287 ], [ -98.14110758, 46.25469213 ], [ -98.10659068, 46.26921087 ], [ -98.0677212, 46.2818356 ], [ -98.02885171, 46.29048861 ], [ -97.9963828, 46.29356162 ], [ -97.98998223, 46.29427659 ], [ -97.98146272, 46.29356162 ], [ -97.95111275, 46.29082015 ], [ -97.91224326, 46.27700808 ], [ -97.88108735, 46.25469213 ], [ -97.87337375, 46.24770437 ], [ -97.848741, 46.21582265 ], [ -97.83450426, 46.1914046 ], [ -97.82742562, 46.17695314 ], [ -97.81542633, 46.13808365 ], [ -97.81691544, 46.09921416 ], [ -97.83450426, 46.06105042 ], [ -97.83484358, 46.06034468 ], [ -97.85871659, 46.02147519 ], [ -97.87337375, 45.99846299 ], [ -97.88310084, 45.9826057 ], [ -97.91224326, 45.94533343 ], [ -97.9135463, 45.94373622 ], [ -97.95111275, 45.9059849 ], [ -97.95226414, 45.90486673 ], [ -97.98998223, 45.87208904 ], [ -97.99704846, 45.86599722 ], [ -98.02885171, 45.84032596 ], [ -98.04494401, 45.82712774 ], [ -98.0677212, 45.8091157 ], [ -98.09328772, 45.78825825 ], [ -98.10659068, 45.7775276 ], [ -98.14130566, 45.74938876 ], [ -98.1454602, 45.74589151 ], [ -98.18432968, 45.71539492 ], [ -98.1909381, 45.71051928 ], [ -98.22319917, 45.68391599 ], [ -98.23820138, 45.67164979 ], [ -98.26206865, 45.64895101 ], [ -98.27933541, 45.63278031 ], [ -98.30093813, 45.60875892 ], [ -98.31515853, 45.59391082 ], [ -98.33980762, 45.56356897 ], [ -98.34735794, 45.55504131 ], [ -98.37768265, 45.51617182 ], [ -98.37867713, 45.51494834 ], [ -98.41155926, 45.47730234 ], [ -98.41754662, 45.47167618 ], [ -98.45523787, 45.43843285 ], [ -98.4564161, 45.43785905 ], [ -98.49528558, 45.42586545 ], [ -98.53415507, 45.42218881 ], [ -98.57302455, 45.42241466 ], [ -98.61189407, 45.4274661 ], [ -98.64726119, 45.43843285 ], [ -98.65076355, 45.44193519 ], [ -98.68374629, 45.47730234 ], [ -98.68671047, 45.51617182 ] ], [ [ -98.84935223, 46.09921416 ], [ -98.84808275, 46.13808365 ], [ -98.845111, 46.15542377 ], [ -98.84182012, 46.17695314 ], [ -98.83117395, 46.21582265 ], [ -98.81589166, 46.25469213 ], [ -98.80624149, 46.27267382 ], [ -98.79643306, 46.29356162 ], [ -98.77199682, 46.3324311 ], [ -98.767372, 46.33834875 ], [ -98.74520528, 46.37130059 ], [ -98.72850252, 46.39042585 ], [ -98.71425272, 46.41017008 ], [ -98.68963304, 46.43739164 ], [ -98.68132844, 46.44903956 ], [ -98.65076355, 46.48301792 ], [ -98.64706517, 46.48790905 ], [ -98.61237755, 46.52677856 ], [ -98.61189407, 46.5273619 ], [ -98.58687241, 46.56564805 ], [ -98.57302455, 46.58369017 ], [ -98.55527536, 46.60451753 ], [ -98.53415507, 46.62718561 ], [ -98.51135088, 46.64338702 ], [ -98.49528558, 46.65601369 ], [ -98.4564161, 46.67637292 ], [ -98.44097544, 46.6822565 ], [ -98.41754662, 46.69251735 ], [ -98.37867713, 46.70317948 ], [ -98.33980762, 46.70967461 ], [ -98.30093813, 46.71157811 ], [ -98.26206865, 46.70831148 ], [ -98.22319917, 46.69898405 ], [ -98.18515945, 46.6822565 ], [ -98.18432968, 46.68172214 ], [ -98.1454602, 46.64792177 ], [ -98.14135797, 46.64338702 ], [ -98.12395872, 46.60451753 ], [ -98.12183382, 46.56564805 ], [ -98.13020569, 46.52677856 ], [ -98.1454602, 46.49101821 ], [ -98.14649568, 46.48790905 ], [ -98.16611246, 46.44903956 ], [ -98.18432968, 46.4206238 ], [ -98.18960379, 46.41017008 ], [ -98.21413046, 46.37130059 ], [ -98.22319917, 46.35972676 ], [ -98.23992757, 46.3324311 ], [ -98.26206865, 46.304968 ], [ -98.26992145, 46.29356162 ], [ -98.30093813, 46.25923704 ], [ -98.30401171, 46.25469213 ], [ -98.32210008, 46.21582265 ], [ -98.33517325, 46.17695314 ], [ -98.33980762, 46.16470665 ], [ -98.35058063, 46.13808365 ], [ -98.36913752, 46.09921416 ], [ -98.37867713, 46.08135526 ], [ -98.39259317, 46.06034468 ], [ -98.41754662, 46.02305304 ], [ -98.41899957, 46.02147519 ], [ -98.45272684, 45.9826057 ], [ -98.4564161, 45.97821923 ], [ -98.49528558, 45.94913318 ], [ -98.50647568, 45.94373622 ], [ -98.53415507, 45.92932024 ], [ -98.57302455, 45.91657429 ], [ -98.61189407, 45.91058392 ], [ -98.65076355, 45.91065948 ], [ -98.68963304, 45.91632545 ], [ -98.72850252, 45.92784115 ], [ -98.76235101, 45.94373622 ], [ -98.767372, 45.9468036 ], [ -98.80624149, 45.97940247 ], [ -98.80919303, 45.9826057 ], [ -98.83272033, 46.02147519 ], [ -98.84460431, 46.06034468 ], [ -98.845111, 46.0644563 ], [ -98.84935223, 46.09921416 ] ] ] } },
{ "type": "Feature", "properties": { "Lower": 4.8 }, "geometry": { "type": "Polygon", "coordinates": [ [ [ -100.9557823, 47.53738527 ], [ -100.94406342, 47.55243719 ], [ -100.92512668, 47.57625476 ], [ -100.9051939, 47.58285239 ], [ -100.86632442, 47.5923005 ], [ -100.82745494, 47.58673603 ], [ -100.81441672, 47.57625476 ], [ -100.81441082, 47.53738527 ], [ -100.82745494, 47.52418303 ], [ -100.85777888, 47.49851579 ], [ -100.86632442, 47.49342246 ], [ -100.9051939, 47.49093995 ], [ -100.93316853, 47.49851579 ], [ -100.94406342, 47.51133678 ], [ -100.9557823, 47.53738527 ] ] ] } },
{ "type": "Feature", "properties": { "Lower": 4.8 }, "geometry": { "type": "Polygon", "coordinates": [ [ [ -98.68671047, 45.51617182 ], [ -98.665304, 45.55504131 ], [ -98.65076355, 45.57056831 ], [ -98.62925543, 45.59391082 ], [ -98.61189407, 45.60882222 ], [ -98.58546246, 45.63278031 ], [ -98.57302455, 45.64212057 ], [ -98.53517839, 45.67164979 ], [ -98.53415507, 45.67235736 ], [ -98.49528558, 45.70203711 ], [ -98.48642133, 45.71051928 ], [ -98.4564161, 45.73823583 ], [ -98.44693369, 45.74938876 ], [ -98.41754662, 45.78509124 ], [ -98.41551481, 45.78825825 ], [ -98.39030545, 45.82712774 ], [ -98.37867713, 45.84682675 ], [ -98.36962284, 45.86599722 ], [ -98.35228875, 45.90486673 ], [ -98.33980762, 45.93589574 ], [ -98.33712251, 45.94373622 ], [ -98.32355616, 45.9826057 ], [ -98.31118065, 46.02147519 ], [ -98.30093813, 46.05377656 ], [ -98.29869578, 46.06034468 ], [ -98.2830078, 46.09921416 ], [ -98.26614662, 46.13808365 ], [ -98.26206865, 46.14804183 ], [ -98.24733553, 46.17695314 ], [ -98.22319917, 46.20864182 ], [ -98.21398714, 46.21582265 ], [ -98.18432968, 46.23466688 ], [ -98.1454602, 46.25308287 ], [ -98.14110758, 46.25469213 ], [ -98.10659068, 46.26921087 ], [ -98.0677212, 46.2818356 ], [ -98.02885171, 46.29048861 ], [ -97.9963828, 46.29356162 ], [ -97.98998223, 46.29427659 ], [ -97.98146272, 46.29356162 ], [ -97.95111275, 46.29082015 ], [ -97.91224326, 46.27700808 ], [ -97.88108735, 46.25469213 ], [ -97.87337375, 46.24770437 ], [ -97.848741, 46.21582265 ], [ -97.83450426, 46.1914046 ], [ -97.82742562, 46.17695314 ], [ -97.81542633, 46.13808365 ], [ -97.81691544, 46.09921416 ], [ -97.83450426, 46.06105042 ], [ -97.83484358, 46.06034468 ], [ -97.85871659, 46.02147519 ], [ -97.87337375, 45.99846299 ], [ -97.88310084, 45.9826057 ], [ -97.91224326, 45.94533343 ], [ -97.9135463, 45.94373622 ], [ -97.95111275, 45.9059849 ], [ -97.95226414, 45.90486673 ], [ -97.98998223, 45.87208904 ], [ -97.99704846, 45.86599722 ], [ -98.02885171, 45.84032596 ], [ -98.04494401, 45.82712774 ], [ -98.0677212, 45.8091157 ], [ -98.09328772, 45.78825825 ], [ -98.10659068, 45.7775276 ], [ -98.14130566, 45.74938876 ], [ -98.1454602, 45.74589151 ], [ -98.18432968, 45.71539492 ], [ -98.1909381, 45.71051928 ], [ -98.22319917, 45.68391599 ], [ -98.23820138, 45.67164979 ], [ -98.26206865, 45.64895101 ], [ -98.27933541, 45.63278031 ], [ -98.30093813, 45.60875892 ], [ -98.31515853, 45.59391082 ], [ -98.33980762, 45.56356897 ], [ -98.34735794, 45.55504131 ], [ -98.37768265, 45.51617182 ], [ -98.37867713, 45.51494834 ], [ -98.41155926, 45.47730234 ], [ -98.41754662, 45.47167618 ], [ -98.45523787, 45.43843285 ], [ -98.4564161, 45.43785905 ], [ -98.49528558, 45.42586545 ], [ -98.53415507, 45.42218881 ], [ -98.57302455, 45.42241466 ], [ -98.61189407, 45.4274661 ], [ -98.64726119, 45.43843285 ], [ -98.65076355, 45.44193519 ], [ -98.68374629, 45.47730234 ], [ -98.68671047, 45.51617182 ] ] ] } },
{ "type": "Feature", "properties": { "Lower": 4.8 }, "geometry": { "type": "Polygon", "coordinates": [ [ [ -96.01228774, 47.3819073 ], [ -96.00763827, 47.4193859 ], [ -96.00750028, 47.42077679 ], [ -96.00189581, 47.4596463 ], [ -95.99325061, 47.49851579 ], [ -95.98045593, 47.53738527 ], [ -95.96876878, 47.56560423 ], [ -95.96574694, 47.57625476 ], [ -95.95443481, 47.61512424 ], [ -95.93599777, 47.65399373 ], [ -95.9298993, 47.66360851 ], [ -95.91020604, 47.69286322 ], [ -95.90470617, 47.7317327 ], [ -95.90349993, 47.77060221 ], [ -95.90174837, 47.8094717 ], [ -95.89737521, 47.84834119 ], [ -95.89102981, 47.88034378 ], [ -95.88973013, 47.88721067 ], [ -95.87946834, 47.92608016 ], [ -95.86544572, 47.96494964 ], [ -95.85216033, 47.9942453 ], [ -95.84781469, 48.00381913 ], [ -95.8274913, 48.04268862 ], [ -95.81329085, 48.06620468 ], [ -95.80395642, 48.08155813 ], [ -95.77772342, 48.12042761 ], [ -95.77442133, 48.12501118 ], [ -95.74943318, 48.1592971 ], [ -95.73555185, 48.17707732 ], [ -95.71887471, 48.19816659 ], [ -95.69668236, 48.22471786 ], [ -95.65781288, 48.20789307 ], [ -95.64808639, 48.19816659 ], [ -95.6189434, 48.16903521 ], [ -95.58007391, 48.16904169 ], [ -95.5703293, 48.1592971 ], [ -95.5412044, 48.1301843 ], [ -95.5314477, 48.12042761 ], [ -95.50233491, 48.09132658 ], [ -95.49256646, 48.08155813 ], [ -95.46346543, 48.05246834 ], [ -95.46346543, 48.05241449 ], [ -95.50233491, 48.06158516 ], [ -95.51889657, 48.04268862 ], [ -95.5412044, 48.01743089 ], [ -95.55267284, 48.00381913 ], [ -95.58007391, 47.97185652 ], [ -95.58563166, 47.96494964 ], [ -95.61771401, 47.92608016 ], [ -95.6189434, 47.92466041 ], [ -95.64848406, 47.88721067 ], [ -95.65781288, 47.87609486 ], [ -95.67843898, 47.84834119 ], [ -95.69668236, 47.82562839 ], [ -95.70772537, 47.8094717 ], [ -95.73555185, 47.77242797 ], [ -95.73665903, 47.77060221 ], [ -95.76378769, 47.7317327 ], [ -95.77442133, 47.7199881 ], [ -95.79264204, 47.69286322 ], [ -95.81329085, 47.67139519 ], [ -95.82862927, 47.65399373 ], [ -95.85216033, 47.62762574 ], [ -95.86219021, 47.61512424 ], [ -95.88296476, 47.57625476 ], [ -95.89102981, 47.55799024 ], [ -95.89881075, 47.53738527 ], [ -95.9092944, 47.49851579 ], [ -95.91465186, 47.4596463 ], [ -95.9125972, 47.42077679 ], [ -95.90169111, 47.3819073 ], [ -95.89102981, 47.36116949 ], [ -95.87492887, 47.34303782 ], [ -95.85216033, 47.3201695 ], [ -95.83127802, 47.30416833 ], [ -95.81329085, 47.29056464 ], [ -95.77442133, 47.26572017 ], [ -95.77365816, 47.26529884 ], [ -95.73555185, 47.24426114 ], [ -95.69940416, 47.22642936 ], [ -95.69668236, 47.22504337 ], [ -95.65781288, 47.2080966 ], [ -95.6189434, 47.19311293 ], [ -95.60290331, 47.18755987 ], [ -95.58007391, 47.17961261 ], [ -95.5412044, 47.16766619 ], [ -95.50233491, 47.15698176 ], [ -95.46908958, 47.14869039 ], [ -95.46346543, 47.14732565 ], [ -95.42459594, 47.1388552 ], [ -95.38572646, 47.13120883 ], [ -95.34685698, 47.12428169 ], [ -95.30798746, 47.11801193 ], [ -95.26911798, 47.11239073 ], [ -95.24893137, 47.10982088 ], [ -95.23024849, 47.10757888 ], [ -95.19137901, 47.10351201 ], [ -95.18166038, 47.10982088 ], [ -95.1816065, 47.10982088 ], [ -95.18161432, 47.07095139 ], [ -95.18162259, 47.0320819 ], [ -95.18163121, 46.99321242 ], [ -95.18164008, 46.95434293 ], [ -95.18164906, 46.91547345 ], [ -95.18165793, 46.87660396 ], [ -95.19137901, 46.86010981 ], [ -95.23024849, 46.86296628 ], [ -95.26911798, 46.86559365 ], [ -95.30798746, 46.8681189 ], [ -95.34685698, 46.87068449 ], [ -95.38572646, 46.87345323 ], [ -95.42459594, 46.87630416 ], [ -95.42763454, 46.87660396 ], [ -95.46346543, 46.88016894 ], [ -95.50233491, 46.88445938 ], [ -95.5412044, 46.88970229 ], [ -95.58007391, 46.89613109 ], [ -95.6189434, 46.90405679 ], [ -95.65781288, 46.9138613 ], [ -95.66310588, 46.91547345 ], [ -95.69668236, 46.9259965 ], [ -95.73555185, 46.94118552 ], [ -95.7626107, 46.95434293 ], [ -95.77442133, 46.96032399 ], [ -95.81329085, 46.9846336 ], [ -95.82437249, 46.99321242 ], [ -95.85216033, 47.015967 ], [ -95.86801104, 47.0320819 ], [ -95.89102981, 47.05751937 ], [ -95.90081136, 47.07095139 ], [ -95.9267814, 47.10982088 ], [ -95.9298993, 47.11454332 ], [ -95.94813725, 47.14869039 ], [ -95.96876878, 47.18608952 ], [ -95.96943104, 47.18755987 ], [ -95.98831194, 47.22642936 ], [ -96.00031871, 47.26529884 ], [ -96.00763827, 47.30323518 ], [ -96.00780792, 47.30416833 ], [ -96.01204515, 47.34303782 ], [ -96.01228774, 47.3819073 ] ] ] } },
{ "type": "Feature", "properties": { "Lower": 4.8 }, "geometry": { "type": "Polygon", "coordinates": [ [ [ -111.66870182, 48.78120893 ], [ -111.63317292, 48.79093023 ], [ -111.60403116, 48.82007841 ], [ -111.59430343, 48.82980613 ], [ -111.55543395, 48.82981148 ], [ -111.52630529, 48.8589479 ], [ -111.51656446, 48.86868873 ], [ -111.47769498, 48.86869486 ], [ -111.43882549, 48.86870123 ], [ -111.40971822, 48.89781738 ], [ -111.39995598, 48.90757961 ], [ -111.3610865, 48.90758624 ], [ -111.32221701, 48.90759282 ], [ -111.32221701, 48.90753897 ], [ -111.34699882, 48.89781738 ], [ -111.33222317, 48.8589479 ], [ -111.32221701, 48.83252928 ], [ -111.31742282, 48.82007841 ], [ -111.30258073, 48.78120893 ], [ -111.28777102, 48.74233944 ], [ -111.28334753, 48.73062779 ], [ -111.27290411, 48.70346995 ], [ -111.25802368, 48.66460044 ], [ -111.24447804, 48.62902535 ], [ -111.24319656, 48.62573096 ], [ -111.22821541, 48.58686147 ], [ -111.21332169, 48.54799199 ], [ -111.20560856, 48.5373237 ], [ -111.17447915, 48.5091225 ], [ -111.16673905, 48.50614384 ], [ -111.12786956, 48.49433336 ], [ -111.08900008, 48.48475236 ], [ -111.05013059, 48.47622889 ], [ -111.01858756, 48.47025301 ], [ -111.01126111, 48.46876812 ], [ -110.97239162, 48.46210312 ], [ -110.93352211, 48.45689828 ], [ -110.89465263, 48.45320168 ], [ -110.85578314, 48.45105259 ], [ -110.81691366, 48.45053625 ], [ -110.77804417, 48.45173135 ], [ -110.73917469, 48.45476228 ], [ -110.70030518, 48.4598851 ], [ -110.66143569, 48.46750709 ], [ -110.65194328, 48.47025301 ], [ -110.62256621, 48.47720039 ], [ -110.58369672, 48.4904162 ], [ -110.54482724, 48.50824982 ], [ -110.54317261, 48.5091225 ], [ -110.50595775, 48.52496819 ], [ -110.46708824, 48.54471275 ], [ -110.46141693, 48.54799199 ], [ -110.42821876, 48.56190196 ], [ -110.38934927, 48.57996963 ], [ -110.37606201, 48.58686147 ], [ -110.35047979, 48.59706804 ], [ -110.3116103, 48.61463508 ], [ -110.29118325, 48.62573096 ], [ -110.28820367, 48.66460044 ], [ -110.2888935, 48.70346995 ], [ -110.28968216, 48.74233944 ], [ -110.29096902, 48.78120893 ], [ -110.29289906, 48.82007841 ], [ -110.29533427, 48.8589479 ], [ -110.29806818, 48.89781738 ], [ -110.30093824, 48.93668687 ], [ -110.30384568, 48.97555636 ], [ -110.30669127, 49.01442587 ], [ -110.30944243, 49.05329535 ], [ -110.3116103, 49.08594292 ], [ -110.31205888, 49.09216484 ], [ -110.31463939, 49.13103433 ], [ -110.31692629, 49.16990381 ], [ -110.31890328, 49.2087733 ], [ -110.35047979, 49.21850537 ], [ -110.35047979, 49.21855922 ], [ -110.3116103, 49.21854116 ], [ -110.27274082, 49.21852163 ], [ -110.23387131, 49.21850201 ], [ -110.20967802, 49.2087733 ], [ -110.20765719, 49.16990381 ], [ -110.20548209, 49.13103433 ], [ -110.20319385, 49.09216484 ], [ -110.20081337, 49.05329535 ], [ -110.19837983, 49.01442587 ], [ -110.19593831, 48.97555636 ], [ -110.19500182, 48.96046446 ], [ -110.19335159, 48.93668687 ], [ -110.1907755, 48.89781738 ], [ -110.18839974, 48.8589479 ], [ -110.18617587, 48.82007841 ], [ -110.18412679, 48.78120893 ], [ -110.18208774, 48.74233944 ], [ -110.18001073, 48.70346995 ], [ -110.17789876, 48.66460044 ], [ -110.17574489, 48.62573096 ], [ -110.19500182, 48.60353548 ], [ -110.21582177, 48.58686147 ], [ -110.23387131, 48.57272939 ], [ -110.27139705, 48.54799199 ], [ -110.27274082, 48.54645187 ], [ -110.31128285, 48.5091225 ], [ -110.3116103, 48.50872018 ], [ -110.34866108, 48.47025301 ], [ -110.35047979, 48.46807803 ], [ -110.38640053, 48.43138353 ], [ -110.38934927, 48.42805505 ], [ -110.42624778, 48.39251404 ], [ -110.42821876, 48.39044051 ], [ -110.46708824, 48.35541703 ], [ -110.46942311, 48.35364453 ], [ -110.50595775, 48.32284154 ], [ -110.51748529, 48.31477504 ], [ -110.54482724, 48.29350557 ], [ -110.57238514, 48.27590556 ], [ -110.58369672, 48.26785312 ], [ -110.62256621, 48.24475427 ], [ -110.63845045, 48.23703607 ], [ -110.66143569, 48.2243925 ], [ -110.70030518, 48.20710931 ], [ -110.72574774, 48.19816659 ], [ -110.73917469, 48.19273721 ], [ -110.77804417, 48.18018359 ], [ -110.81691366, 48.170782 ], [ -110.85578314, 48.16412202 ], [ -110.89465263, 48.1602682 ], [ -110.90945836, 48.1592971 ], [ -110.93352211, 48.15740454 ], [ -110.97239162, 48.15783219 ], [ -110.99030583, 48.1592971 ], [ -111.01126111, 48.16083984 ], [ -111.05013059, 48.16603541 ], [ -111.08900008, 48.17370458 ], [ -111.12786956, 48.18387678 ], [ -111.16673905, 48.19667331 ], [ -111.17061296, 48.19816659 ], [ -111.20560856, 48.21040968 ], [ -111.24447804, 48.22653165 ], [ -111.26648316, 48.23703607 ], [ -111.28334753, 48.24427873 ], [ -111.32221701, 48.26304847 ], [ -111.34595972, 48.27590556 ], [ -111.3610865, 48.28310456 ], [ -111.39995598, 48.3031253 ], [ -111.42102321, 48.31477504 ], [ -111.43882549, 48.3228873 ], [ -111.47769498, 48.34044958 ], [ -111.5096993, 48.35364453 ], [ -111.51656446, 48.35701954 ], [ -111.54849991, 48.39251404 ], [ -111.55543395, 48.41738142 ], [ -111.55953543, 48.43138353 ], [ -111.57101062, 48.47025301 ], [ -111.58251531, 48.5091225 ], [ -111.59348017, 48.54799199 ], [ -111.59430343, 48.5506832 ], [ -111.60640071, 48.58686147 ], [ -111.61874039, 48.62573096 ], [ -111.63078041, 48.66460044 ], [ -111.63317292, 48.67231793 ], [ -111.64366516, 48.70346995 ], [ -111.65641242, 48.74233944 ], [ -111.66870182, 48.78120893 ] ] ] } },
{ "type": "Feature", "properties": { "Lower": 4.8 }, "geometry": { "type": "Polygon", "coordinates": [ [ [ -102.07419664, 39.29705355 ], [ -102.07127858, 39.30180587 ], [ -102.05042241, 39.33592306 ], [ -102.03240909, 39.36517779 ], [ -102.02656547, 39.37479255 ], [ -102.00273579, 39.41366204 ], [ -101.99353961, 39.42854103 ], [ -101.97877623, 39.45253152 ], [ -101.95467013, 39.48891216 ], [ -101.95309536, 39.49140101 ], [ -101.93041741, 39.53027049 ], [ -101.91580064, 39.55367609 ], [ -101.90622456, 39.56913998 ], [ -101.88213285, 39.60800947 ], [ -101.87693116, 39.61633266 ], [ -101.85807645, 39.64687898 ], [ -101.83806164, 39.67930003 ], [ -101.83411375, 39.68574846 ], [ -101.81007114, 39.72461795 ], [ -101.79919216, 39.74218023 ], [ -101.7860998, 39.76348743 ], [ -101.76220861, 39.80235692 ], [ -101.76032268, 39.8053985 ], [ -101.73837113, 39.84122641 ], [ -101.72145319, 39.86884264 ], [ -101.71464013, 39.88009589 ], [ -101.69092104, 39.91896538 ], [ -101.68258371, 39.932613 ], [ -101.66735343, 39.95783489 ], [ -101.64502967, 39.99670438 ], [ -101.64371422, 39.99882605 ], [ -101.62032324, 40.03557386 ], [ -101.60484471, 40.06111112 ], [ -101.59688426, 40.07444335 ], [ -101.57362234, 40.11331283 ], [ -101.56597522, 40.12605872 ], [ -101.55041758, 40.15218232 ], [ -101.5284969, 40.19105181 ], [ -101.52710574, 40.1933221 ], [ -101.50419324, 40.22992129 ], [ -101.48823626, 40.25664282 ], [ -101.48105944, 40.2687908 ], [ -101.45817405, 40.30766029 ], [ -101.44936677, 40.32249601 ], [ -101.43524867, 40.34652978 ], [ -101.41239574, 40.38539926 ], [ -101.41049729, 40.38860813 ], [ -101.38961594, 40.42426875 ], [ -101.37162777, 40.45498463 ], [ -101.36690133, 40.46313823 ], [ -101.34412326, 40.50200772 ], [ -101.33275829, 40.5213586 ], [ -101.32140906, 40.54087721 ], [ -101.2985388, 40.57974672 ], [ -101.29388881, 40.58759184 ], [ -101.27573986, 40.6186162 ], [ -101.25501932, 40.65364787 ], [ -101.2527712, 40.65748569 ], [ -101.22975158, 40.69635518 ], [ -101.21614984, 40.71871037 ], [ -101.2059364, 40.73522466 ], [ -101.18140042, 40.77409415 ], [ -101.17728035, 40.78049639 ], [ -101.15624857, 40.81296363 ], [ -101.13841084, 40.84007993 ], [ -101.13065316, 40.85183312 ], [ -101.10485086, 40.89070263 ], [ -101.09954135, 40.89857571 ], [ -101.07870653, 40.92957212 ], [ -101.06067187, 40.95626919 ], [ -101.05247657, 40.9684416 ], [ -101.02626317, 41.00731109 ], [ -101.02180239, 41.01387335 ], [ -100.9999137, 41.04618058 ], [ -100.9829329, 41.07112482 ], [ -100.97351417, 41.08505006 ], [ -100.94707911, 41.12391955 ], [ -100.94406342, 41.12830242 ], [ -100.9200241, 41.16278903 ], [ -100.9051939, 41.18377021 ], [ -100.89216704, 41.20165854 ], [ -100.86632442, 41.23650404 ], [ -100.86319312, 41.24052803 ], [ -100.83227804, 41.27939752 ], [ -100.82745494, 41.28528091 ], [ -100.79802291, 41.318267 ], [ -100.78858545, 41.32840641 ], [ -100.75754677, 41.35713649 ], [ -100.74971597, 41.36393556 ], [ -100.71084648, 41.38937596 ], [ -100.69926625, 41.39600597 ], [ -100.67197697, 41.41145756 ], [ -100.63310748, 41.43191472 ], [ -100.62686693, 41.43487546 ], [ -100.594238, 41.44997065 ], [ -100.55536852, 41.46601525 ], [ -100.53468341, 41.47374495 ], [ -100.51649903, 41.48037468 ], [ -100.47762955, 41.49292629 ], [ -100.43876003, 41.50429191 ], [ -100.40711029, 41.51261446 ], [ -100.39989055, 41.51446808 ], [ -100.36102107, 41.52339894 ], [ -100.32215158, 41.53160713 ], [ -100.2832821, 41.5391988 ], [ -100.24441261, 41.54615193 ], [ -100.2132578, 41.55148394 ], [ -100.2055431, 41.55277399 ], [ -100.16667361, 41.55912184 ], [ -100.12780413, 41.56542602 ], [ -100.08893465, 41.57175761 ], [ -100.05006516, 41.57846822 ], [ -100.01119568, 41.58544774 ], [ -99.98372159, 41.59035343 ], [ -99.97232616, 41.59234927 ], [ -99.93345668, 41.59893838 ], [ -99.89458719, 41.60544305 ], [ -99.85571771, 41.61193556 ], [ -99.81684823, 41.61842025 ], [ -99.77797874, 41.62506106 ], [ -99.75386539, 41.62922292 ], [ -99.73910923, 41.63173707 ], [ -99.70023974, 41.63857665 ], [ -99.66137026, 41.64575162 ], [ -99.62250078, 41.65322737 ], [ -99.58363129, 41.6612413 ], [ -99.55248994, 41.6680924 ], [ -99.54476181, 41.66978698 ], [ -99.50589229, 41.67893374 ], [ -99.46702281, 41.68879549 ], [ -99.42815332, 41.69949819 ], [ -99.40318854, 41.70696189 ], [ -99.38928384, 41.7111335 ], [ -99.35041436, 41.7237548 ], [ -99.31154487, 41.73751997 ], [ -99.29019358, 41.74583137 ], [ -99.27267536, 41.75272454 ], [ -99.23380587, 41.76922861 ], [ -99.20078927, 41.78470086 ], [ -99.19493639, 41.78748468 ], [ -99.15606691, 41.80744304 ], [ -99.12734577, 41.82357037 ], [ -99.11719742, 41.82942633 ], [ -99.07832794, 41.8537677 ], [ -99.06547753, 41.86243986 ], [ -99.03945842, 41.88058976 ], [ -99.01206007, 41.90130934 ], [ -99.00058894, 41.91032516 ], [ -98.96535171, 41.94017883 ], [ -98.96171945, 41.94341122 ], [ -98.92592289, 41.97904832 ], [ -98.92284997, 41.98214992 ], [ -98.88756723, 42.0179178 ], [ -98.88398049, 42.0219278 ], [ -98.85265756, 42.05678729 ], [ -98.845111, 42.0658349 ], [ -98.81988797, 42.09565677 ], [ -98.80624149, 42.11283396 ], [ -98.78884657, 42.13452628 ], [ -98.767372, 42.16333992 ], [ -98.75973282, 42.17339577 ], [ -98.73230481, 42.21226526 ], [ -98.72850252, 42.2180493 ], [ -98.70623685, 42.25113474 ], [ -98.68963304, 42.27787591 ], [ -98.68192023, 42.29000423 ], [ -98.65899903, 42.32887372 ], [ -98.65076355, 42.34399484 ], [ -98.63745446, 42.3677432 ], [ -98.61739226, 42.40661269 ], [ -98.61189407, 42.41809425 ], [ -98.59839854, 42.4454822 ], [ -98.58071259, 42.48435168 ], [ -98.57302455, 42.50274964 ], [ -98.56417966, 42.52322117 ], [ -98.54847937, 42.56209066 ], [ -98.53415507, 42.59657779 ], [ -98.53234372, 42.60096014 ], [ -98.51992556, 42.63982963 ], [ -98.50682449, 42.67869912 ], [ -98.49528558, 42.71104681 ], [ -98.49298103, 42.7175686 ], [ -98.48247214, 42.75643811 ], [ -98.47103534, 42.7953076 ], [ -98.46018752, 42.83417708 ], [ -98.4564161, 42.84804455 ], [ -98.44940136, 42.87304657 ], [ -98.43861525, 42.91191606 ], [ -98.42818133, 42.95078554 ], [ -98.41923403, 42.98965503 ], [ -98.41754662, 42.99514261 ], [ -98.40686464, 43.02852451 ], [ -98.39580562, 43.06739402 ], [ -98.38448879, 43.10626351 ], [ -98.37867713, 43.12484944 ], [ -98.37253563, 43.145133 ], [ -98.36001595, 43.18400248 ], [ -98.34683691, 43.22287197 ], [ -98.33980762, 43.24128896 ], [ -98.33269583, 43.26174146 ], [ -98.31733434, 43.30061094 ], [ -98.30093813, 43.3372666 ], [ -98.30009417, 43.33948043 ], [ -98.28308047, 43.37834994 ], [ -98.26887403, 43.41721942 ], [ -98.26206865, 43.4355222 ], [ -98.25413879, 43.45608891 ], [ -98.23988404, 43.4949584 ], [ -98.22822862, 43.53382788 ], [ -98.22319917, 43.56631853 ], [ -98.22232104, 43.57269737 ], [ -98.22319917, 43.58987442 ], [ -98.22419774, 43.61156686 ], [ -98.22966097, 43.65043634 ], [ -98.23738685, 43.68930585 ], [ -98.24633058, 43.72817534 ], [ -98.25567525, 43.76704482 ], [ -98.26206865, 43.79336753 ], [ -98.26496414, 43.80591431 ], [ -98.27392616, 43.8447838 ], [ -98.28208, 43.88365328 ], [ -98.28902106, 43.92252277 ], [ -98.29479878, 43.96139226 ], [ -98.29981722, 44.00026177 ], [ -98.30093813, 44.01046114 ], [ -98.30419356, 44.03913125 ], [ -98.30760395, 44.07800074 ], [ -98.30983554, 44.11687022 ], [ -98.31074283, 44.15573971 ], [ -98.31023183, 44.1946092 ], [ -98.30821008, 44.23347868 ], [ -98.30457137, 44.27234817 ], [ -98.30093813, 44.29878656 ], [ -98.29935071, 44.31121765 ], [ -98.29273067, 44.35008716 ], [ -98.28438603, 44.38895665 ], [ -98.27429428, 44.42782614 ], [ -98.2623716, 44.46669562 ], [ -98.26206865, 44.46755291 ], [ -98.24935835, 44.50556511 ], [ -98.23456518, 44.5444346 ], [ -98.22319917, 44.57102564 ], [ -98.21817614, 44.58330408 ], [ -98.20057754, 44.62217357 ], [ -98.18432968, 44.65463588 ], [ -98.18122471, 44.66104308 ], [ -98.16077791, 44.69991256 ], [ -98.1454602, 44.7266442 ], [ -98.13850139, 44.73878205 ], [ -98.11398425, 44.77765154 ], [ -98.10659068, 44.78831085 ], [ -98.08547372, 44.81652102 ], [ -98.0677212, 44.83781893 ], [ -98.05159252, 44.85539051 ], [ -98.02885171, 44.87767753 ], [ -98.0097693, 44.89426 ], [ -97.98998223, 44.90975357 ], [ -97.95509485, 44.93312948 ], [ -97.95111275, 44.93554144 ], [ -97.91224326, 44.95596312 ], [ -97.87407269, 44.97199899 ], [ -97.87337375, 44.97226399 ], [ -97.83450426, 44.98384469 ], [ -97.79563478, 44.99172028 ], [ -97.7567653, 44.99616527 ], [ -97.71789581, 44.99745724 ], [ -97.67902633, 44.99564222 ], [ -97.64015681, 44.99102185 ], [ -97.60128733, 44.98408628 ], [ -97.56241784, 44.97527163 ], [ -97.55067518, 44.97199899 ], [ -97.52354836, 44.96477381 ], [ -97.48467888, 44.95246464 ], [ -97.44580939, 44.93809023 ], [ -97.4343663, 44.93312948 ], [ -97.40693988, 44.92142865 ], [ -97.36807039, 44.90293106 ], [ -97.34856769, 44.89426 ], [ -97.32920091, 44.8859467 ], [ -97.29033143, 44.87141878 ], [ -97.25146194, 44.8590194 ], [ -97.23843664, 44.85539051 ], [ -97.21259246, 44.84841792 ], [ -97.17372294, 44.83894673 ], [ -97.13485346, 44.82936375 ], [ -97.09598397, 44.81765408 ], [ -97.09327788, 44.81652102 ], [ -97.05711449, 44.7978356 ], [ -97.02975351, 44.77765154 ], [ -97.01824501, 44.76812385 ], [ -96.98269381, 44.73878205 ], [ -96.97937552, 44.73601788 ], [ -96.94050601, 44.70566569 ], [ -96.93271027, 44.69991256 ], [ -96.90163652, 44.67712392 ], [ -96.87870373, 44.66104308 ], [ -96.86276704, 44.64995792 ], [ -96.82389755, 44.62379862 ], [ -96.82143312, 44.62217357 ], [ -96.78502807, 44.596015 ], [ -96.76753377, 44.58330408 ], [ -96.74615859, 44.56499101 ], [ -96.72159948, 44.5444346 ], [ -96.70728907, 44.53105162 ], [ -96.6789402, 44.50556511 ], [ -96.66841959, 44.49535982 ], [ -96.63745747, 44.46669562 ], [ -96.6295501, 44.45897476 ], [ -96.59602994, 44.42782614 ], [ -96.59068062, 44.42266629 ], [ -96.55369655, 44.38895665 ], [ -96.55181114, 44.38718652 ], [ -96.51294165, 44.35315291 ], [ -96.50918096, 44.35008716 ], [ -96.47407214, 44.32018199 ], [ -96.46287639, 44.31121765 ], [ -96.43520265, 44.28827801 ], [ -96.41492048, 44.27234817 ], [ -96.39633317, 44.2573436 ], [ -96.36530729, 44.23347868 ], [ -96.35746368, 44.22731512 ], [ -96.3185942, 44.19813909 ], [ -96.31370216, 44.1946092 ], [ -96.27972472, 44.16976811 ], [ -96.25985216, 44.15573971 ], [ -96.2408552, 44.14224448 ], [ -96.20391743, 44.11687022 ], [ -96.20198572, 44.11554154 ], [ -96.16311623, 44.08965205 ], [ -96.14514284, 44.07800074 ], [ -96.12424675, 44.06454878 ], [ -96.1145232, 44.03913125 ], [ -96.12424675, 44.0294077 ], [ -96.15337714, 44.00026177 ], [ -96.15336764, 43.96139226 ], [ -96.16311623, 43.95164366 ], [ -96.19222221, 43.92252277 ], [ -96.20198572, 43.91275926 ], [ -96.23107835, 43.88365328 ], [ -96.2311322, 43.88365328 ], [ -96.2408552, 43.91160265 ], [ -96.2565972, 43.92252277 ], [ -96.27972472, 43.93833842 ], [ -96.31110364, 43.96139226 ], [ -96.3185942, 43.96683043 ], [ -96.35746368, 43.99676089 ], [ -96.36175789, 44.00026177 ], [ -96.39633317, 44.02809881 ], [ -96.40920431, 44.03913125 ], [ -96.43520265, 44.06115907 ], [ -96.45391077, 44.07800074 ], [ -96.47407214, 44.09593061 ], [ -96.49629234, 44.11687022 ], [ -96.51294165, 44.13236049 ], [ -96.53671217, 44.15573971 ], [ -96.55181114, 44.17040343 ], [ -96.57545748, 44.1946092 ], [ -96.59068062, 44.20997649 ], [ -96.61278136, 44.23347868 ], [ -96.6295501, 44.25101667 ], [ -96.64893621, 44.27234817 ], [ -96.66841959, 44.29355896 ], [ -96.68370422, 44.31121765 ], [ -96.70728907, 44.33817899 ], [ -96.717132, 44.35008716 ], [ -96.74615859, 44.38457467 ], [ -96.74965021, 44.38895665 ], [ -96.78176185, 44.42782614 ], [ -96.78502807, 44.43157653 ], [ -96.81414297, 44.46669562 ], [ -96.82389755, 44.47763153 ], [ -96.84776106, 44.50556511 ], [ -96.86276704, 44.52118651 ], [ -96.8844811, 44.5444346 ], [ -96.90163652, 44.55957133 ], [ -96.92896309, 44.58330408 ], [ -96.94050601, 44.59153306 ], [ -96.97937552, 44.62003977 ], [ -96.9821392, 44.62217357 ], [ -97.01824501, 44.65064955 ], [ -97.03037156, 44.66104308 ], [ -97.05711449, 44.68434821 ], [ -97.07427903, 44.69991256 ], [ -97.09598397, 44.71838949 ], [ -97.12385683, 44.73878205 ], [ -97.13485346, 44.74492481 ], [ -97.17372294, 44.75843488 ], [ -97.21259246, 44.76790029 ], [ -97.25146194, 44.77712901 ], [ -97.25338813, 44.77765154 ], [ -97.29033143, 44.78742051 ], [ -97.32920091, 44.80009465 ], [ -97.36807039, 44.81533165 ], [ -97.37100779, 44.81652102 ], [ -97.40693988, 44.83093949 ], [ -97.44580939, 44.8467741 ], [ -97.47033246, 44.85539051 ], [ -97.48467888, 44.86028481 ], [ -97.52354836, 44.87115276 ], [ -97.56241784, 44.87974374 ], [ -97.60128733, 44.88524704 ], [ -97.64015681, 44.88703628 ], [ -97.67902633, 44.88512629 ], [ -97.71789581, 44.8791053 ], [ -97.7567653, 44.86871807 ], [ -97.79224897, 44.85539051 ], [ -97.79563478, 44.85393353 ], [ -97.83450426, 44.8336374 ], [ -97.86179955, 44.81652102 ], [ -97.87337375, 44.80834703 ], [ -97.91152809, 44.77765154 ], [ -97.91224326, 44.77700538 ], [ -97.95046658, 44.73878205 ], [ -97.95111275, 44.73805621 ], [ -97.98230361, 44.69991256 ], [ -97.98998223, 44.68931634 ], [ -98.00900571, 44.66104308 ], [ -98.02885171, 44.62740684 ], [ -98.03174171, 44.62217357 ], [ -98.05055976, 44.58330408 ], [ -98.06666073, 44.5444346 ], [ -98.0677212, 44.54147767 ], [ -98.08031932, 44.50556511 ], [ -98.09205116, 44.46669562 ], [ -98.10190916, 44.42782614 ], [ -98.10659068, 44.40509637 ], [ -98.10997224, 44.38895665 ], [ -98.11622919, 44.35008716 ], [ -98.12062044, 44.31121765 ], [ -98.12317945, 44.27234817 ], [ -98.12392483, 44.23347868 ], [ -98.12283972, 44.1946092 ], [ -98.11984683, 44.15573971 ], [ -98.1148581, 44.11687022 ], [ -98.1076675, 44.07800074 ], [ -98.10659068, 44.07346419 ], [ -98.09787653, 44.03913125 ], [ -98.08539518, 44.00026177 ], [ -98.07002583, 43.96139226 ], [ -98.0677212, 43.95631545 ], [ -98.05084906, 43.92252277 ], [ -98.02885171, 43.88523075 ], [ -98.02780808, 43.88365328 ], [ -97.99928895, 43.8447838 ], [ -97.98998223, 43.833118 ], [ -97.96495598, 43.80591431 ], [ -97.95111275, 43.79169161 ], [ -97.92268558, 43.76704482 ], [ -97.91224326, 43.75833598 ], [ -97.87337375, 43.73194131 ], [ -97.86667061, 43.72817534 ], [ -97.83450426, 43.71020148 ], [ -97.79563478, 43.69085122 ], [ -97.79241472, 43.68930585 ], [ -97.7567653, 43.67181539 ], [ -97.71789581, 43.6534947 ], [ -97.71140105, 43.65043634 ], [ -97.67902633, 43.63445549 ], [ -97.64015681, 43.61462488 ], [ -97.63443646, 43.61156686 ], [ -97.60128733, 43.59311663 ], [ -97.56384674, 43.57269737 ], [ -97.56241784, 43.57189713 ], [ -97.52354836, 43.55013126 ], [ -97.49373221, 43.53382788 ], [ -97.48467888, 43.52874068 ], [ -97.44580939, 43.50706541 ], [ -97.42251708, 43.4949584 ], [ -97.40693988, 43.48650385 ], [ -97.36807039, 43.46714713 ], [ -97.34430665, 43.45608891 ], [ -97.32920091, 43.44870913 ], [ -97.29033143, 43.43074959 ], [ -97.25975948, 43.41721942 ], [ -97.25146194, 43.41335997 ], [ -97.21259246, 43.39593466 ], [ -97.17372294, 43.37901759 ], [ -97.17215534, 43.37834994 ], [ -97.13485346, 43.36172134 ], [ -97.09598397, 43.34473243 ], [ -97.08384817, 43.33948043 ], [ -97.05711449, 43.32738634 ], [ -97.01824501, 43.31006745 ], [ -96.99691354, 43.30061094 ], [ -96.97937552, 43.29249552 ], [ -96.94050601, 43.27466329 ], [ -96.91237024, 43.26174146 ], [ -96.90163652, 43.25658021 ], [ -96.86276704, 43.23812343 ], [ -96.83081747, 43.22287197 ], [ -96.82389755, 43.21940307 ], [ -96.78502807, 43.20017735 ], [ -96.75259612, 43.18400248 ], [ -96.74615859, 43.18063445 ], [ -96.70728907, 43.16056865 ], [ -96.67779328, 43.145133 ], [ -96.66841959, 43.14002923 ], [ -96.6295501, 43.1354126 ], [ -96.6295501, 43.13535872 ], [ -96.65865218, 43.10626351 ], [ -96.66841959, 43.0964961 ], [ -96.69752746, 43.06739402 ], [ -96.69753062, 43.02852451 ], [ -96.70728907, 43.01876607 ], [ -96.73640431, 42.98965503 ], [ -96.73640659, 42.95078554 ], [ -96.74615859, 42.94103356 ], [ -96.77527917, 42.91191606 ], [ -96.78502807, 42.90216718 ], [ -96.81415127, 42.87304657 ], [ -96.81415267, 42.83417708 ], [ -96.82389755, 42.82443218 ], [ -96.8530241, 42.7953076 ], [ -96.85302515, 42.75643811 ], [ -96.86276704, 42.74669619 ], [ -96.89189611, 42.7175686 ], [ -96.8918968, 42.67869912 ], [ -96.90163652, 42.6689594 ], [ -96.93076733, 42.63982963 ], [ -96.94050601, 42.63009093 ], [ -96.96963764, 42.60096014 ], [ -96.96963799, 42.56209066 ], [ -96.97937552, 42.55235312 ], [ -97.00850803, 42.52322117 ], [ -97.00850825, 42.48435168 ], [ -97.01824501, 42.47461493 ], [ -97.04737812, 42.4454822 ], [ -97.04737823, 42.40661269 ], [ -97.05711449, 42.39687645 ], [ -97.08624798, 42.3677432 ], [ -97.09598397, 42.3580072 ], [ -97.12511763, 42.32887372 ], [ -97.12511766, 42.29000423 ], [ -97.13485346, 42.28026842 ], [ -97.16398723, 42.25113474 ], [ -97.1639872, 42.21226526 ], [ -97.17372294, 42.20252949 ], [ -97.20285669, 42.17339577 ], [ -97.20285663, 42.13452628 ], [ -97.21259246, 42.12479045 ], [ -97.24172606, 42.09565677 ], [ -97.25146194, 42.08592092 ], [ -97.28059549, 42.05678729 ], [ -97.28059533, 42.0179178 ], [ -97.29033143, 42.00818171 ], [ -97.3194647, 41.97904832 ], [ -97.31946451, 41.94017883 ], [ -97.32920091, 41.93044243 ], [ -97.35833383, 41.90130934 ], [ -97.36807039, 41.89157275 ], [ -97.39720312, 41.86243986 ], [ -97.39720287, 41.82357037 ], [ -97.40693988, 41.81383333 ], [ -97.43607211, 41.78470086 ], [ -97.43607181, 41.74583137 ], [ -97.44580939, 41.73609381 ], [ -97.47494102, 41.70696189 ], [ -97.47494066, 41.6680924 ], [ -97.48467888, 41.6583542 ], [ -97.51380982, 41.62922292 ], [ -97.52354836, 41.61948436 ], [ -97.55267892, 41.59035343 ], [ -97.55267848, 41.55148394 ], [ -97.56241784, 41.54174458 ], [ -97.59154752, 41.51261446 ], [ -97.59154706, 41.47374495 ], [ -97.60128733, 41.46400466 ], [ -97.63041602, 41.43487546 ], [ -97.63041547, 41.39600597 ], [ -97.64015681, 41.38626465 ], [ -97.66928438, 41.35713649 ], [ -97.67902633, 41.34739455 ], [ -97.70815323, 41.318267 ], [ -97.70815263, 41.27939752 ], [ -97.71789581, 41.26965434 ], [ -97.74702142, 41.24052803 ], [ -97.74702079, 41.20165854 ], [ -97.7567653, 41.19191402 ], [ -97.78588951, 41.16278903 ], [ -97.78588885, 41.12391955 ], [ -97.79563478, 41.1141736 ], [ -97.82475751, 41.08505006 ], [ -97.83450426, 41.07530331 ], [ -97.86362617, 41.04618058 ], [ -97.86362546, 41.00731109 ], [ -97.87337375, 40.99756278 ], [ -97.90249406, 40.9684416 ], [ -97.90249332, 40.92957212 ], [ -97.91224326, 40.91982217 ], [ -97.9413619, 40.89070263 ], [ -97.95111275, 40.88095176 ], [ -97.98023045, 40.85183312 ], [ -97.98022968, 40.81296363 ], [ -97.98998223, 40.80321111 ], [ -98.01909823, 40.77409415 ], [ -98.01909746, 40.73522466 ], [ -98.02885171, 40.72547041 ], [ -98.05796601, 40.69635518 ], [ -98.05796525, 40.65748569 ], [ -98.0677212, 40.64772973 ], [ -98.0968338, 40.6186162 ], [ -98.10659068, 40.6088593 ], [ -98.13570237, 40.57974672 ], [ -98.13570161, 40.54087721 ], [ -98.1454602, 40.53111865 ], [ -98.17457021, 40.50200772 ], [ -98.17456947, 40.46313823 ], [ -98.18432968, 40.45337804 ], [ -98.21343808, 40.42426875 ], [ -98.21343739, 40.38539926 ], [ -98.22319917, 40.37563748 ], [ -98.25230602, 40.34652978 ], [ -98.26206865, 40.33676714 ], [ -98.29117471, 40.30766029 ], [ -98.29117405, 40.2687908 ], [ -98.30093813, 40.2590267 ], [ -98.33004277, 40.22992129 ], [ -98.33004216, 40.19105181 ], [ -98.33980762, 40.18128634 ], [ -98.36891093, 40.15218232 ], [ -98.36891036, 40.11331283 ], [ -98.37867713, 40.10354608 ], [ -98.40777918, 40.07444335 ], [ -98.41754662, 40.06467591 ], [ -98.44664801, 40.03557386 ], [ -98.44664754, 39.99670438 ], [ -98.4564161, 39.9869358 ], [ -98.48551642, 39.95783489 ], [ -98.48551598, 39.91896538 ], [ -98.49528558, 39.90919579 ], [ -98.52438497, 39.88009589 ], [ -98.53415507, 39.87032578 ], [ -98.56325396, 39.84122641 ], [ -98.56325361, 39.80235692 ], [ -98.57302455, 39.79258596 ], [ -98.60212268, 39.76348743 ], [ -98.60217653, 39.76348743 ], [ -98.61189407, 39.78075597 ], [ -98.65076355, 39.79155319 ], [ -98.68963304, 39.79601194 ], [ -98.7075392, 39.80235692 ], [ -98.72850252, 39.81027938 ], [ -98.767372, 39.81792672 ], [ -98.80624149, 39.82456613 ], [ -98.845111, 39.83083596 ], [ -98.88398049, 39.83172447 ], [ -98.92284997, 39.83549728 ], [ -98.94072266, 39.84122641 ], [ -98.96171945, 39.84751958 ], [ -99.00058894, 39.84942814 ], [ -99.03945842, 39.84646413 ], [ -99.07832794, 39.84646413 ], [ -99.11719742, 39.84960293 ], [ -99.15606691, 39.84760752 ], [ -99.17780038, 39.84122641 ], [ -99.19493639, 39.83600419 ], [ -99.23380587, 39.83599102 ], [ -99.27267536, 39.82974484 ], [ -99.31154487, 39.82279276 ], [ -99.35041436, 39.81418013 ], [ -99.38928384, 39.80792761 ], [ -99.40395828, 39.80235692 ], [ -99.42815332, 39.79183645 ], [ -99.46702281, 39.77765209 ], [ -99.4921165, 39.76348743 ], [ -99.50589229, 39.75626866 ], [ -99.54476181, 39.73779442 ], [ -99.56151564, 39.72461795 ], [ -99.58363129, 39.70286837 ], [ -99.59444162, 39.68574846 ], [ -99.61285626, 39.64687898 ], [ -99.62250078, 39.6250673 ], [ -99.62952458, 39.60800947 ], [ -99.64421585, 39.56913998 ], [ -99.6575775, 39.53027049 ], [ -99.66137026, 39.51744908 ], [ -99.66849355, 39.49140101 ], [ -99.67818841, 39.45253152 ], [ -99.68782883, 39.41366204 ], [ -99.69467707, 39.37479255 ], [ -99.70023974, 39.35747731 ], [ -99.70723068, 39.33592306 ], [ -99.71594733, 39.29705355 ], [ -99.7251738, 39.25818407 ], [ -99.73377918, 39.21931458 ], [ -99.73910923, 39.19637939 ], [ -99.74250372, 39.18044509 ], [ -99.75063317, 39.14157561 ], [ -99.75870846, 39.10270612 ], [ -99.76715528, 39.06383664 ], [ -99.77257197, 39.02496715 ], [ -99.77797874, 39.00606293 ], [ -99.7836378, 38.98609764 ], [ -99.79172803, 38.94722815 ], [ -99.77797874, 38.93751057 ], [ -99.77797874, 38.93745669 ], [ -99.81684823, 38.93745731 ], [ -99.82661906, 38.94722815 ], [ -99.85571771, 38.97632765 ], [ -99.89458719, 38.97632843 ], [ -99.93345668, 38.97632928 ], [ -99.97232616, 38.97633016 ], [ -100.01119568, 38.97633108 ], [ -100.05006516, 38.97633203 ], [ -100.08893465, 38.97633297 ], [ -100.09869933, 38.98609764 ], [ -100.12780413, 39.01520355 ], [ -100.16667361, 39.01520445 ], [ -100.2055431, 39.01520528 ], [ -100.24441261, 39.01520606 ], [ -100.2832821, 39.01520677 ], [ -100.32215158, 39.01520741 ], [ -100.36102107, 39.01520795 ], [ -100.37078026, 39.02496715 ], [ -100.39989055, 39.05407808 ], [ -100.43876003, 39.05407848 ], [ -100.47762955, 39.05407879 ], [ -100.51649903, 39.05407902 ], [ -100.55536852, 39.05407919 ], [ -100.594238, 39.05407928 ], [ -100.63310748, 39.05407935 ], [ -100.64286476, 39.06383664 ], [ -100.67197697, 39.09294908 ], [ -100.71084648, 39.09294924 ], [ -100.74971597, 39.0929495 ], [ -100.78858545, 39.09294981 ], [ -100.82745494, 39.09295019 ], [ -100.86632442, 39.09295064 ], [ -100.9051939, 39.09295116 ], [ -100.91494887, 39.10270612 ], [ -100.94406342, 39.13182152 ], [ -100.9829329, 39.13182221 ], [ -101.02180239, 39.13182294 ], [ -101.06067187, 39.13182375 ], [ -101.09954135, 39.13182462 ], [ -101.13841084, 39.13182555 ], [ -101.17728035, 39.13182649 ], [ -101.18702944, 39.14157561 ], [ -101.21614984, 39.17069747 ], [ -101.25501932, 39.17069854 ], [ -101.29388881, 39.17069962 ], [ -101.33275829, 39.17070074 ], [ -101.37162777, 39.17070187 ], [ -101.41049729, 39.17070306 ], [ -101.44936677, 39.17070426 ], [ -101.45910759, 39.18044509 ], [ -101.48823626, 39.2095756 ], [ -101.52710574, 39.20957685 ], [ -101.56597522, 39.20957813 ], [ -101.60484471, 39.20957941 ], [ -101.64371422, 39.20958071 ], [ -101.68258371, 39.20958201 ], [ -101.72145319, 39.20958334 ], [ -101.73118443, 39.21931458 ], [ -101.76032268, 39.24845491 ], [ -101.79919216, 39.24845626 ], [ -101.83806164, 39.24845763 ], [ -101.87693116, 39.24845898 ], [ -101.91580064, 39.24846035 ], [ -101.95467013, 39.2484617 ], [ -101.99353961, 39.24846307 ], [ -102.00326061, 39.25818407 ], [ -102.03240909, 39.28733474 ], [ -102.07127858, 39.28733609 ], [ -102.07419664, 39.29705355 ] ] ] } },
{ "type": "Feature", "properties": { "Lower": 4.8 }, "geometry": { "type": "Polygon", "coordinates": [ [ [ -109.66543993, 45.28295491 ], [ -109.66492253, 45.32182439 ], [ -109.65082898, 45.33972032 ], [ -109.63487661, 45.36069388 ], [ -109.62818879, 45.39956336 ], [ -109.62969134, 45.43843285 ], [ -109.6119595, 45.45803192 ], [ -109.59507679, 45.47730234 ], [ -109.58974474, 45.51617182 ], [ -109.57309001, 45.5381532 ], [ -109.5561727, 45.55504131 ], [ -109.5342205, 45.57532915 ], [ -109.51988381, 45.59391082 ], [ -109.50601976, 45.63278031 ], [ -109.49535102, 45.64438939 ], [ -109.47095281, 45.67164979 ], [ -109.45648153, 45.68691828 ], [ -109.43412551, 45.71051928 ], [ -109.41761205, 45.72661283 ], [ -109.39540091, 45.74938876 ], [ -109.37874256, 45.76525183 ], [ -109.35517973, 45.78825825 ], [ -109.33987308, 45.80252247 ], [ -109.31346962, 45.82712774 ], [ -109.30100357, 45.83800407 ], [ -109.26213408, 45.85761862 ], [ -109.25273348, 45.86599722 ], [ -109.2232646, 45.89066704 ], [ -109.20708523, 45.90486673 ], [ -109.18439511, 45.92757963 ], [ -109.16396086, 45.94373622 ], [ -109.14552563, 45.95736152 ], [ -109.11915534, 45.9826057 ], [ -109.10665614, 45.99192869 ], [ -109.06778663, 46.01014247 ], [ -109.05318497, 46.02147519 ], [ -109.02891715, 46.04249924 ], [ -109.00383567, 46.06034468 ], [ -108.99004766, 46.06945168 ], [ -108.95117818, 46.09089604 ], [ -108.93991545, 46.09921416 ], [ -108.91230869, 46.12169136 ], [ -108.88813581, 46.13808365 ], [ -108.87343921, 46.14741821 ], [ -108.8345697, 46.1681159 ], [ -108.82219987, 46.17695314 ], [ -108.79570021, 46.19767916 ], [ -108.76805613, 46.21582265 ], [ -108.75683073, 46.22285796 ], [ -108.71796124, 46.24878169 ], [ -108.70923039, 46.25469213 ], [ -108.67909176, 46.27419472 ], [ -108.65107289, 46.29356162 ], [ -108.64022227, 46.3008489 ], [ -108.60135276, 46.32339169 ], [ -108.58914632, 46.3324311 ], [ -108.56248328, 46.35415441 ], [ -108.53894447, 46.37130059 ], [ -108.52361379, 46.382315 ], [ -108.49173647, 46.41017008 ], [ -108.48474431, 46.41545699 ], [ -108.44587482, 46.4413328 ], [ -108.43624357, 46.44903956 ], [ -108.40700534, 46.47242837 ], [ -108.3889408, 46.48790905 ], [ -108.36813583, 46.50549429 ], [ -108.34452573, 46.52677856 ], [ -108.32926634, 46.54053055 ], [ -108.30341821, 46.56564805 ], [ -108.29039686, 46.57848468 ], [ -108.2657761, 46.60451753 ], [ -108.25152737, 46.61957887 ], [ -108.23069282, 46.64338702 ], [ -108.21265789, 46.66429898 ], [ -108.19841569, 46.6822565 ], [ -108.1737884, 46.71423869 ], [ -108.1689308, 46.72112599 ], [ -108.14196474, 46.75999548 ], [ -108.13491889, 46.7703574 ], [ -108.1171313, 46.79886496 ], [ -108.09604941, 46.82990391 ], [ -108.09152164, 46.83773447 ], [ -108.07338673, 46.87660396 ], [ -108.05717992, 46.90876217 ], [ -108.05397681, 46.91547345 ], [ -108.03665096, 46.95434293 ], [ -108.02104273, 46.99321242 ], [ -108.01831044, 47.00036697 ], [ -108.00660399, 47.0320819 ], [ -107.99335444, 47.07095139 ], [ -107.98297135, 47.10982088 ], [ -107.97944095, 47.1201596 ], [ -107.96933143, 47.14869039 ], [ -107.95839654, 47.18755987 ], [ -107.94810201, 47.22642936 ], [ -107.94057147, 47.25636647 ], [ -107.93835062, 47.26529884 ], [ -107.92895943, 47.30416833 ], [ -107.92019579, 47.34303782 ], [ -107.91181384, 47.3819073 ], [ -107.90378371, 47.42077679 ], [ -107.90170196, 47.43112875 ], [ -107.89602746, 47.4596463 ], [ -107.88870367, 47.49851579 ], [ -107.88150662, 47.53738527 ], [ -107.87465233, 47.57625476 ], [ -107.86802691, 47.61512424 ], [ -107.86283247, 47.63961494 ], [ -107.85993989, 47.65399373 ], [ -107.85534309, 47.69286322 ], [ -107.84946519, 47.7317327 ], [ -107.84369593, 47.77060221 ], [ -107.83815438, 47.8094717 ], [ -107.83284433, 47.84834119 ], [ -107.82774787, 47.88721067 ], [ -107.82396299, 47.9093733 ], [ -107.82123622, 47.92608016 ], [ -107.81780062, 47.96494964 ], [ -107.81325489, 48.00381913 ], [ -107.80875303, 48.04268862 ], [ -107.80437658, 48.08155813 ], [ -107.80025005, 48.12042761 ], [ -107.79624394, 48.1592971 ], [ -107.79241312, 48.19816659 ], [ -107.78866424, 48.23703607 ], [ -107.7865788, 48.27590556 ], [ -107.7850935, 48.28777304 ], [ -107.78158137, 48.31477504 ], [ -107.7782446, 48.35364453 ], [ -107.77510517, 48.39251404 ], [ -107.77199002, 48.43138353 ], [ -107.76907162, 48.47025301 ], [ -107.76617421, 48.5091225 ], [ -107.76346592, 48.54799199 ], [ -107.76084078, 48.58686147 ], [ -107.75832865, 48.62573096 ], [ -107.75600282, 48.66460044 ], [ -107.75372551, 48.70346995 ], [ -107.75158954, 48.74233944 ], [ -107.74946835, 48.78120893 ], [ -107.74889136, 48.82007841 ], [ -107.74622402, 48.84301919 ], [ -107.74437197, 48.8589479 ], [ -107.7439857, 48.89781738 ], [ -107.74222716, 48.93668687 ], [ -107.74078166, 48.97555636 ], [ -107.73920549, 49.01442587 ], [ -107.73792466, 49.05329535 ], [ -107.73652469, 49.09216484 ], [ -107.73541069, 49.13103433 ], [ -107.7342967, 49.16990381 ], [ -107.73318042, 49.2087733 ], [ -107.7322814, 49.24764278 ], [ -107.73133162, 49.28651227 ], [ -107.70735453, 49.29623057 ], [ -107.66848502, 49.29623201 ], [ -107.62961554, 49.29623343 ], [ -107.59074605, 49.29623485 ], [ -107.55187657, 49.29623625 ], [ -107.51300708, 49.29623764 ], [ -107.4741376, 49.29623899 ], [ -107.43526809, 49.29624032 ], [ -107.3963986, 49.29624162 ], [ -107.35752912, 49.2962429 ], [ -107.31865963, 49.29624413 ], [ -107.27979015, 49.29624534 ], [ -107.24092066, 49.29624652 ], [ -107.20205115, 49.29624766 ], [ -107.16318167, 49.29624877 ], [ -107.12431218, 49.29624983 ], [ -107.0854427, 49.29625088 ], [ -107.04657321, 49.29625187 ], [ -107.00770373, 49.29625284 ], [ -106.96883422, 49.29625376 ], [ -106.92996473, 49.29625466 ], [ -106.89109525, 49.29625552 ], [ -106.85222576, 49.29625632 ], [ -106.81335628, 49.2962571 ], [ -106.77448679, 49.29625786 ], [ -106.73561728, 49.29625857 ], [ -106.6967478, 49.29625923 ], [ -106.65787831, 49.29625989 ], [ -106.61900883, 49.29626051 ], [ -106.58013934, 49.29626108 ], [ -106.54126986, 49.29626165 ], [ -106.50240035, 49.29626217 ], [ -106.46353086, 49.29626264 ], [ -106.42466138, 49.29626311 ], [ -106.39554318, 49.32538178 ], [ -106.38579189, 49.33513305 ], [ -106.34692241, 49.33513348 ], [ -106.30805292, 49.33513385 ], [ -106.26918341, 49.33513423 ], [ -106.23031393, 49.33513456 ], [ -106.19144444, 49.3351349 ], [ -106.15257496, 49.33513518 ], [ -106.11370547, 49.33513546 ], [ -106.07483599, 49.33513572 ], [ -106.03596647, 49.33513596 ], [ -105.99709699, 49.33513617 ], [ -105.95822751, 49.33513634 ], [ -105.91935802, 49.33513651 ], [ -105.88048854, 49.33513667 ], [ -105.84161905, 49.33513681 ], [ -105.80274954, 49.33513693 ], [ -105.76388006, 49.33513703 ], [ -105.72501057, 49.3351371 ], [ -105.68614109, 49.33513717 ], [ -105.6472716, 49.33513722 ], [ -105.60840212, 49.33513724 ], [ -105.5695326, 49.33513726 ], [ -105.53066312, 49.33513729 ], [ -105.49179364, 49.33513729 ], [ -105.45292415, 49.33513729 ], [ -105.41405467, 49.33513726 ], [ -105.37518518, 49.33513724 ], [ -105.33631567, 49.33513719 ], [ -105.29744619, 49.33513715 ], [ -105.2585767, 49.33513707 ], [ -105.21970722, 49.33513698 ], [ -105.18083773, 49.33513686 ], [ -105.14196825, 49.33513674 ], [ -105.10309873, 49.33513655 ], [ -105.06422925, 49.33513636 ], [ -105.03511426, 49.36425127 ], [ -105.02535977, 49.37400576 ], [ -104.98649028, 49.37400552 ], [ -104.9476208, 49.37400526 ], [ -104.90875131, 49.37400495 ], [ -104.8698818, 49.37400464 ], [ -104.83101232, 49.37400426 ], [ -104.79214283, 49.37400386 ], [ -104.75327335, 49.37400344 ], [ -104.71440386, 49.37400299 ], [ -104.67553438, 49.37400249 ], [ -104.63666486, 49.37400197 ], [ -104.59779538, 49.37400142 ], [ -104.5589259, 49.37400086 ], [ -104.52005641, 49.37400026 ], [ -104.48118693, 49.37399967 ], [ -104.44231744, 49.37399906 ], [ -104.40344793, 49.37399844 ], [ -104.36457845, 49.37399783 ], [ -104.32570896, 49.37399723 ], [ -104.28683948, 49.37399667 ], [ -104.24796999, 49.3739961 ], [ -104.20910051, 49.3739956 ], [ -104.17023099, 49.37399513 ], [ -104.13136151, 49.37399475 ], [ -104.09249203, 49.37399442 ], [ -104.05362254, 49.37399416 ], [ -104.01475306, 49.37399399 ], [ -103.97588357, 49.37399394 ], [ -103.93701406, 49.37399399 ], [ -103.89814458, 49.37399416 ], [ -103.85927509, 49.37399444 ], [ -103.82040561, 49.37399484 ], [ -103.78153612, 49.37399536 ], [ -103.74266664, 49.373996 ], [ -103.70379712, 49.37399676 ], [ -103.67467544, 49.40312075 ], [ -103.66492764, 49.41286854 ], [ -103.62605816, 49.41286942 ], [ -103.58718867, 49.41287039 ], [ -103.54831919, 49.41287138 ], [ -103.5094497, 49.4128724 ], [ -103.47058019, 49.41287344 ], [ -103.43171071, 49.41287444 ], [ -103.39284122, 49.41287536 ], [ -103.35397174, 49.41287624 ], [ -103.31510225, 49.41287697 ], [ -103.27623277, 49.41287759 ], [ -103.23736325, 49.41287803 ], [ -103.19849377, 49.41287832 ], [ -103.15962429, 49.41287846 ], [ -103.1207548, 49.41287848 ], [ -103.08188532, 49.41287846 ], [ -103.04301583, 49.41287839 ], [ -103.00414632, 49.4128782 ], [ -102.96527683, 49.41287782 ], [ -102.92640735, 49.41287699 ], [ -102.88753787, 49.41287579 ], [ -102.84866838, 49.41287418 ], [ -102.8097989, 49.41287216 ], [ -102.77092938, 49.41286982 ], [ -102.7320599, 49.41286717 ], [ -102.69319042, 49.41286433 ], [ -102.65432093, 49.41286139 ], [ -102.61545145, 49.41285853 ], [ -102.57658196, 49.41285583 ], [ -102.53771245, 49.41285342 ], [ -102.49884296, 49.41285138 ], [ -102.45997348, 49.41284994 ], [ -102.421104, 49.41284899 ], [ -102.38223451, 49.41284842 ], [ -102.34336503, 49.41284809 ], [ -102.30449551, 49.41284797 ], [ -102.26562603, 49.41284804 ], [ -102.22675655, 49.41284826 ], [ -102.18788706, 49.41284861 ], [ -102.14901758, 49.41284913 ], [ -102.11014809, 49.41284982 ], [ -102.07127858, 49.41285067 ], [ -102.03240909, 49.41285171 ], [ -101.99353961, 49.41285294 ], [ -101.95467013, 49.41285439 ], [ -101.91580064, 49.41285585 ], [ -101.87693116, 49.41285725 ], [ -101.83806164, 49.41285855 ], [ -101.79919216, 49.41285974 ], [ -101.76032268, 49.4128608 ], [ -101.72145319, 49.41286175 ], [ -101.68258371, 49.41286258 ], [ -101.64371422, 49.41286331 ], [ -101.60484471, 49.41286395 ], [ -101.56597522, 49.41286449 ], [ -101.52710574, 49.41286494 ], [ -101.48823626, 49.4128653 ], [ -101.44936677, 49.41286558 ], [ -101.41049729, 49.4128658 ], [ -101.37162777, 49.41286594 ], [ -101.33275829, 49.41286599 ], [ -101.29388881, 49.41286596 ], [ -101.25501932, 49.41286589 ], [ -101.21614984, 49.41286573 ], [ -101.17728035, 49.41286549 ], [ -101.13841084, 49.41286518 ], [ -101.09954135, 49.41286478 ], [ -101.06067187, 49.41286431 ], [ -101.02180239, 49.41286374 ], [ -100.9829329, 49.4128631 ], [ -100.94406342, 49.41286236 ], [ -100.9051939, 49.41286154 ], [ -100.86632442, 49.41286061 ], [ -100.82745494, 49.41285964 ], [ -100.78858545, 49.41285865 ], [ -100.74971597, 49.41285768 ], [ -100.71084648, 49.41285673 ], [ -100.67197697, 49.41285583 ], [ -100.63310748, 49.41285498 ], [ -100.594238, 49.4128542 ], [ -100.55536852, 49.41285351 ], [ -100.51649903, 49.41285292 ], [ -100.47762955, 49.41285235 ], [ -100.43876003, 49.41285181 ], [ -100.39989055, 49.41285126 ], [ -100.36102107, 49.41285069 ], [ -100.32215158, 49.41285003 ], [ -100.2832821, 49.4128493 ], [ -100.24441261, 49.41284842 ], [ -100.2055431, 49.41284733 ], [ -100.16667361, 49.41284603 ], [ -100.12780413, 49.41284452 ], [ -100.08893465, 49.41284288 ], [ -100.05006516, 49.41284106 ], [ -100.01119568, 49.41283914 ], [ -99.99116436, 49.40312075 ], [ -99.99380123, 49.36425127 ], [ -99.99655963, 49.32538178 ], [ -99.99938806, 49.28651227 ], [ -100.00219271, 49.24764278 ], [ -100.0051342, 49.2087733 ], [ -100.00817999, 49.16990381 ], [ -100.01119568, 49.14314515 ], [ -100.01257819, 49.13103433 ], [ -100.01474845, 49.09216484 ], [ -100.01817417, 49.05329535 ], [ -100.02187908, 49.01442587 ], [ -100.02582417, 48.97555636 ], [ -100.03019906, 48.93668687 ], [ -100.03505427, 48.89781738 ], [ -100.04012145, 48.8589479 ], [ -100.04554198, 48.82007841 ], [ -100.05006516, 48.79104338 ], [ -100.05165476, 48.78120893 ], [ -100.05909809, 48.74233944 ], [ -100.06818561, 48.70346995 ], [ -100.08075612, 48.66460044 ], [ -100.08893465, 48.64732106 ], [ -100.10141199, 48.62573096 ], [ -100.12780413, 48.59687268 ], [ -100.13963657, 48.58686147 ], [ -100.16667361, 48.56851886 ], [ -100.20143709, 48.54799199 ], [ -100.2055431, 48.54595391 ], [ -100.24441261, 48.52947885 ], [ -100.2832821, 48.51081892 ], [ -100.28657814, 48.5091225 ], [ -100.32215158, 48.49224151 ], [ -100.36102107, 48.47196229 ], [ -100.36386658, 48.47025301 ], [ -100.39989055, 48.44999542 ], [ -100.42763052, 48.43138353 ], [ -100.43876003, 48.42438575 ], [ -100.47762955, 48.39404097 ], [ -100.4792245, 48.39251404 ], [ -100.51649903, 48.3588805 ], [ -100.5212441, 48.35364453 ], [ -100.55536852, 48.31803717 ], [ -100.55790116, 48.31477504 ], [ -100.58942066, 48.27590556 ], [ -100.594238, 48.27023176 ], [ -100.61877063, 48.23703607 ], [ -100.63310748, 48.21893318 ], [ -100.64755094, 48.19816659 ], [ -100.67197697, 48.16614605 ], [ -100.67664756, 48.1592971 ], [ -100.70630707, 48.12042761 ], [ -100.71084648, 48.11516437 ], [ -100.73800493, 48.08155813 ], [ -100.74971597, 48.06917044 ], [ -100.77413559, 48.04268862 ], [ -100.78858545, 48.02963029 ], [ -100.81815673, 48.00381913 ], [ -100.82745494, 47.99717889 ], [ -100.86632442, 47.97171594 ], [ -100.87786709, 47.96494964 ], [ -100.9051939, 47.95220869 ], [ -100.94406342, 47.93739533 ], [ -100.98158831, 47.92608016 ], [ -100.9829329, 47.92576646 ], [ -101.02180239, 47.91780052 ], [ -101.06067187, 47.91039328 ], [ -101.09954135, 47.89876372 ], [ -101.1275826, 47.88721067 ], [ -101.13841084, 47.88244091 ], [ -101.17728035, 47.86120356 ], [ -101.19981643, 47.84834119 ], [ -101.21614984, 47.83787821 ], [ -101.25501932, 47.81249126 ], [ -101.25977636, 47.8094717 ], [ -101.2932271, 47.77060221 ], [ -101.29388881, 47.7684504 ], [ -101.30873982, 47.7317327 ], [ -101.30884867, 47.69286322 ], [ -101.2944522, 47.65399373 ], [ -101.29388881, 47.65304431 ], [ -101.26796913, 47.61512424 ], [ -101.25501932, 47.60060193 ], [ -101.22789045, 47.57625476 ], [ -101.21614984, 47.56635779 ], [ -101.17728035, 47.54038187 ], [ -101.17127847, 47.53738527 ], [ -101.13841084, 47.51412088 ], [ -101.11234793, 47.49851579 ], [ -101.09954135, 47.48068472 ], [ -101.08502968, 47.4596463 ], [ -101.08601779, 47.42077679 ], [ -101.09427431, 47.3819073 ], [ -101.09954135, 47.36074248 ], [ -101.10287433, 47.34303782 ], [ -101.11034262, 47.30416833 ], [ -101.11647413, 47.26529884 ], [ -101.12133178, 47.22642936 ], [ -101.1251614, 47.18755987 ], [ -101.12829311, 47.14869039 ], [ -101.12182867, 47.10982088 ], [ -101.10189471, 47.07095139 ], [ -101.09954135, 47.06691279 ], [ -101.07847039, 47.0320819 ], [ -101.06067187, 47.00595742 ], [ -101.05151702, 46.99321242 ], [ -101.02180239, 46.9562465 ], [ -101.02008573, 46.95434293 ], [ -100.9829329, 46.9199824 ], [ -100.97669979, 46.91547345 ], [ -100.94406342, 46.89395334 ], [ -100.91184632, 46.87660396 ], [ -100.9051939, 46.87291984 ], [ -100.86632442, 46.8553182 ], [ -100.82745494, 46.8417057 ], [ -100.81179851, 46.83773447 ], [ -100.78858545, 46.83107643 ], [ -100.74971597, 46.82385465 ], [ -100.71084648, 46.82049737 ], [ -100.67197697, 46.82136095 ], [ -100.63310748, 46.8269383 ], [ -100.59755571, 46.83773447 ], [ -100.594238, 46.83871234 ], [ -100.55536852, 46.85389994 ], [ -100.51835151, 46.87660396 ], [ -100.51649903, 46.87758472 ], [ -100.47762955, 46.90124966 ], [ -100.45948922, 46.91547345 ], [ -100.43876003, 46.93385459 ], [ -100.42019392, 46.95434293 ], [ -100.39989055, 46.98985686 ], [ -100.39799234, 46.99321242 ], [ -100.37616506, 47.0320819 ], [ -100.36102107, 47.06438209 ], [ -100.35716649, 47.07095139 ], [ -100.33768072, 47.10982088 ], [ -100.32215158, 47.14692927 ], [ -100.3212542, 47.14869039 ], [ -100.30486917, 47.18755987 ], [ -100.29094517, 47.22642936 ], [ -100.2832821, 47.25056576 ], [ -100.27812275, 47.26529884 ], [ -100.26536506, 47.30416833 ], [ -100.25357892, 47.34303782 ], [ -100.24441261, 47.37267532 ], [ -100.24153187, 47.3819073 ], [ -100.22803662, 47.42077679 ], [ -100.21372945, 47.4596463 ], [ -100.2055431, 47.47898768 ], [ -100.19770595, 47.49851579 ], [ -100.17997803, 47.53738527 ], [ -100.16667361, 47.5627035 ], [ -100.16018838, 47.57625476 ], [ -100.13956094, 47.61512424 ], [ -100.12780413, 47.63514625 ], [ -100.11788462, 47.65399373 ], [ -100.09673785, 47.69286322 ], [ -100.08893465, 47.70743945 ], [ -100.07769213, 47.7317327 ], [ -100.0618767, 47.77060221 ], [ -100.05006516, 47.80287655 ], [ -100.04773318, 47.8094717 ], [ -100.03241628, 47.84834119 ], [ -100.01894893, 47.88721067 ], [ -100.01119568, 47.91290024 ], [ -100.00722409, 47.92608016 ], [ -99.99676048, 47.96494964 ], [ -99.98595707, 48.00381913 ], [ -99.97409061, 48.04268862 ], [ -99.97232616, 48.04833221 ], [ -99.96113758, 48.08155813 ], [ -99.94582143, 48.12042761 ], [ -99.93345668, 48.14712932 ], [ -99.92673072, 48.1592971 ], [ -99.90151856, 48.19816659 ], [ -99.89458719, 48.20736643 ], [ -99.86379734, 48.23703607 ], [ -99.85571771, 48.24386436 ], [ -99.81684823, 48.26679027 ], [ -99.79279318, 48.27590556 ], [ -99.77797874, 48.28143717 ], [ -99.73910923, 48.2914982 ], [ -99.70023974, 48.29722309 ], [ -99.66137026, 48.29792878 ], [ -99.62250078, 48.29504862 ], [ -99.58363129, 48.28949935 ], [ -99.54476181, 48.28183056 ], [ -99.52043662, 48.27590556 ], [ -99.50589229, 48.27258139 ], [ -99.46702281, 48.26231489 ], [ -99.42815332, 48.25076584 ], [ -99.38928384, 48.23807362 ], [ -99.38634175, 48.23703607 ], [ -99.35041436, 48.22471315 ], [ -99.31154487, 48.20679064 ], [ -99.29114162, 48.19816659 ], [ -99.27267536, 48.19053143 ], [ -99.23380587, 48.17759679 ], [ -99.19493639, 48.168144 ], [ -99.15606691, 48.16277385 ], [ -99.11719742, 48.16256303 ], [ -99.07832794, 48.16796897 ], [ -99.03945842, 48.17885103 ], [ -99.00058894, 48.19508543 ], [ -98.99455119, 48.19816659 ], [ -98.96171945, 48.21642923 ], [ -98.9295151, 48.23703607 ], [ -98.92284997, 48.24137045 ], [ -98.88398049, 48.26737044 ], [ -98.8712424, 48.27590556 ], [ -98.845111, 48.29177423 ], [ -98.80624149, 48.31317906 ], [ -98.80286998, 48.31477504 ], [ -98.767372, 48.32842797 ], [ -98.72850252, 48.33894778 ], [ -98.68963304, 48.34335871 ], [ -98.65076355, 48.34137925 ], [ -98.61189407, 48.33680303 ], [ -98.57302455, 48.3315301 ], [ -98.53415507, 48.32664477 ], [ -98.49528558, 48.3235937 ], [ -98.4564161, 48.32411398 ], [ -98.41754662, 48.33078057 ], [ -98.37867713, 48.34636994 ], [ -98.36900373, 48.35364453 ], [ -98.33980762, 48.37129465 ], [ -98.31580554, 48.39251404 ], [ -98.30093813, 48.40347334 ], [ -98.27105764, 48.43138353 ], [ -98.26206865, 48.43846238 ], [ -98.22642307, 48.47025301 ], [ -98.22319917, 48.47272207 ], [ -98.18432968, 48.50334662 ], [ -98.17662283, 48.5091225 ], [ -98.1454602, 48.52921114 ], [ -98.108325, 48.54799199 ], [ -98.10659068, 48.54882634 ], [ -98.0677212, 48.5640029 ], [ -98.02885171, 48.57341004 ], [ -97.98998223, 48.58066429 ], [ -97.98006387, 48.58686147 ], [ -97.95111275, 48.60563403 ], [ -97.91419172, 48.62573096 ], [ -97.91224326, 48.62759071 ], [ -97.87337375, 48.65917185 ], [ -97.86465331, 48.66460044 ], [ -97.83450426, 48.69587414 ], [ -97.82471102, 48.70346995 ], [ -97.79591068, 48.74233944 ], [ -97.79563478, 48.74296709 ], [ -97.76126983, 48.78120893 ], [ -97.7567653, 48.78790922 ], [ -97.71789581, 48.79532061 ], [ -97.67902633, 48.80456682 ], [ -97.64015681, 48.81215624 ], [ -97.60128733, 48.81462151 ], [ -97.56241784, 48.80363513 ], [ -97.5418925, 48.78120893 ], [ -97.53158705, 48.74233944 ], [ -97.52354836, 48.71362591 ], [ -97.52216203, 48.70346995 ], [ -97.50492002, 48.66460044 ], [ -97.48726447, 48.62573096 ], [ -97.48467888, 48.62109591 ], [ -97.46656337, 48.58686147 ], [ -97.44727961, 48.54799199 ], [ -97.44580939, 48.54452591 ], [ -97.43017699, 48.5091225 ], [ -97.41320954, 48.47025301 ], [ -97.40693988, 48.45780047 ], [ -97.3950119, 48.43138353 ], [ -97.37750681, 48.39251404 ], [ -97.36807039, 48.37136112 ], [ -97.36148073, 48.35364453 ], [ -97.34787264, 48.31477504 ], [ -97.33560126, 48.27590556 ], [ -97.32920091, 48.25461589 ], [ -97.32492593, 48.23703607 ], [ -97.31642762, 48.19816659 ], [ -97.30938827, 48.1592971 ], [ -97.30407426, 48.12042761 ], [ -97.30081623, 48.08155813 ], [ -97.29996987, 48.04268862 ], [ -97.29928463, 48.00381913 ], [ -97.29633408, 47.96494964 ], [ -97.29033143, 47.94799525 ], [ -97.27094507, 47.92608016 ], [ -97.25146194, 47.9052625 ], [ -97.23230231, 47.88721067 ], [ -97.21259246, 47.85035106 ], [ -97.21149098, 47.84834119 ], [ -97.21053379, 47.8094717 ], [ -97.21259246, 47.80333043 ], [ -97.22604621, 47.77060221 ], [ -97.25146194, 47.73833069 ], [ -97.25755936, 47.7317327 ], [ -97.29033143, 47.70611181 ], [ -97.3089986, 47.69286322 ], [ -97.32920091, 47.68201752 ], [ -97.36807039, 47.66335335 ], [ -97.38658697, 47.65399373 ], [ -97.40693988, 47.64663224 ], [ -97.44580939, 47.63248849 ], [ -97.48467888, 47.62038299 ], [ -97.50778827, 47.61512424 ], [ -97.52354836, 47.61249611 ], [ -97.56241784, 47.60765396 ], [ -97.60128733, 47.59956609 ], [ -97.64015681, 47.58981238 ], [ -97.67902633, 47.58100118 ], [ -97.69410359, 47.57625476 ], [ -97.71789581, 47.5691333 ], [ -97.7567653, 47.55283884 ], [ -97.78633713, 47.53738527 ], [ -97.79563478, 47.53204431 ], [ -97.83450426, 47.50472506 ], [ -97.84193353, 47.49851579 ], [ -97.87337375, 47.46402847 ], [ -97.87690931, 47.4596463 ], [ -97.90068395, 47.42077679 ], [ -97.91224326, 47.39200486 ], [ -97.91659568, 47.3819073 ], [ -97.93044038, 47.34303782 ], [ -97.94402081, 47.30416833 ], [ -97.95111275, 47.29051744 ], [ -97.96947982, 47.26529884 ], [ -97.98998223, 47.24268426 ], [ -98.00656487, 47.22642936 ], [ -98.02885171, 47.20012071 ], [ -98.0395377, 47.18755987 ], [ -98.06641206, 47.14869039 ], [ -98.0677212, 47.14673133 ], [ -98.09566727, 47.10982088 ], [ -98.10659068, 47.09718268 ], [ -98.13298744, 47.07095139 ], [ -98.1454602, 47.06033957 ], [ -98.18432968, 47.03472038 ], [ -98.19028716, 47.0320819 ], [ -98.22319917, 47.01881702 ], [ -98.26206865, 47.00820515 ], [ -98.30093813, 47.00089849 ], [ -98.33980762, 46.99577046 ], [ -98.36680712, 46.99321242 ], [ -98.37867713, 46.99215975 ], [ -98.41754662, 46.98952269 ], [ -98.4564161, 46.98753949 ], [ -98.49528558, 46.98795088 ], [ -98.53415507, 46.99194519 ], [ -98.54274765, 46.99321242 ], [ -98.57302455, 46.99799556 ], [ -98.61189407, 47.0021283 ], [ -98.65076355, 46.99952857 ], [ -98.68261343, 46.99321242 ], [ -98.68963304, 46.99170267 ], [ -98.72850252, 46.97910353 ], [ -98.767372, 46.96426215 ], [ -98.79003924, 46.95434293 ], [ -98.80624149, 46.94657595 ], [ -98.845111, 46.92579217 ], [ -98.86314857, 46.91547345 ], [ -98.88398049, 46.90278518 ], [ -98.92284997, 46.87803824 ], [ -98.92501496, 46.87660396 ], [ -98.96171945, 46.84997435 ], [ -98.97821801, 46.83773447 ], [ -99.00058894, 46.81950305 ], [ -99.02573011, 46.79886496 ], [ -99.03945842, 46.78589214 ], [ -99.06646891, 46.75999548 ], [ -99.07832794, 46.74750963 ], [ -99.10303341, 46.72112599 ], [ -99.11719742, 46.70528243 ], [ -99.13721594, 46.6822565 ], [ -99.15606691, 46.6596819 ], [ -99.16917896, 46.64338702 ], [ -99.19493639, 46.61000139 ], [ -99.19899273, 46.60451753 ], [ -99.22656021, 46.56564805 ], [ -99.23380587, 46.55490461 ], [ -99.25203262, 46.52677856 ], [ -99.27267536, 46.49175387 ], [ -99.27487394, 46.48790905 ], [ -99.29578764, 46.44903956 ], [ -99.31154487, 46.41575556 ], [ -99.31416265, 46.41017008 ], [ -99.33073633, 46.37130059 ], [ -99.34515612, 46.3324311 ], [ -99.35041436, 46.31647435 ], [ -99.35799925, 46.29356162 ], [ -99.3694483, 46.25469213 ], [ -99.37942938, 46.21582265 ], [ -99.38828496, 46.17695314 ], [ -99.38928384, 46.17209337 ], [ -99.39641016, 46.13808365 ], [ -99.40379823, 46.09921416 ], [ -99.41057903, 46.06034468 ], [ -99.41693388, 46.02147519 ], [ -99.42318525, 45.9826057 ], [ -99.42815332, 45.95204111 ], [ -99.42950324, 45.94373622 ], [ -99.43623093, 45.90486673 ], [ -99.44352099, 45.86599722 ], [ -99.45204075, 45.82712774 ], [ -99.46184097, 45.78825825 ], [ -99.46702281, 45.77055861 ], [ -99.47263398, 45.74938876 ], [ -99.48378087, 45.71051928 ], [ -99.49480444, 45.67164979 ], [ -99.50254221, 45.63278031 ], [ -99.50399694, 45.59391082 ], [ -99.50000602, 45.55504131 ], [ -99.49098356, 45.51617182 ], [ -99.47691978, 45.47730234 ], [ -99.46702281, 45.4631543 ], [ -99.451699, 45.43843285 ], [ -99.42936192, 45.39956336 ], [ -99.43376737, 45.36069388 ], [ -99.4350772, 45.32182439 ], [ -99.43938068, 45.28295491 ], [ -99.45003926, 45.2440854 ], [ -99.46702281, 45.20857023 ], [ -99.46870396, 45.20521591 ], [ -99.49545412, 45.16634642 ], [ -99.50589229, 45.15460495 ], [ -99.53288257, 45.12747694 ], [ -99.54476181, 45.11723515 ], [ -99.58363129, 45.08890753 ], [ -99.58411974, 45.08860745 ], [ -99.62250078, 45.06563557 ], [ -99.65868139, 45.04973796 ], [ -99.66137026, 45.04847 ], [ -99.70023974, 45.03958388 ], [ -99.73910923, 45.04470036 ], [ -99.74778955, 45.04973796 ], [ -99.77797874, 45.06655847 ], [ -99.79827799, 45.08860745 ], [ -99.81684823, 45.1079031 ], [ -99.82948775, 45.12747694 ], [ -99.85571771, 45.16573866 ], [ -99.85602333, 45.16634642 ], [ -99.87661004, 45.20521591 ], [ -99.89458719, 45.23730893 ], [ -99.89815966, 45.2440854 ], [ -99.92571534, 45.28295491 ], [ -99.93345668, 45.29082689 ], [ -99.97232616, 45.31734702 ], [ -99.98588743, 45.32182439 ], [ -100.01119568, 45.33177959 ], [ -100.05006516, 45.34122625 ], [ -100.08893465, 45.3460427 ], [ -100.12780413, 45.34964626 ], [ -100.16667361, 45.3594538 ], [ -100.17009021, 45.36069388 ], [ -100.2055431, 45.38118451 ], [ -100.24441261, 45.39755057 ], [ -100.2577262, 45.39956336 ], [ -100.2832821, 45.40428997 ], [ -100.31536708, 45.39956336 ], [ -100.32215158, 45.3985773 ], [ -100.36102107, 45.37884529 ], [ -100.37987901, 45.36069388 ], [ -100.39989055, 45.33548802 ], [ -100.40714319, 45.32182439 ], [ -100.42117168, 45.28295491 ], [ -100.42822569, 45.2440854 ], [ -100.43008021, 45.20521591 ], [ -100.42732106, 45.16634642 ], [ -100.42055622, 45.12747694 ], [ -100.41094875, 45.08860745 ], [ -100.39989055, 45.05225323 ], [ -100.39915615, 45.04973796 ], [ -100.3855114, 45.01086848 ], [ -100.37035972, 44.97199899 ], [ -100.36102107, 44.950691 ], [ -100.35324985, 44.93312948 ], [ -100.33363935, 44.89426 ], [ -100.32215158, 44.87504537 ], [ -100.30892202, 44.85539051 ], [ -100.2832821, 44.82743681 ], [ -100.26995225, 44.81652102 ], [ -100.24441261, 44.79829587 ], [ -100.2055431, 44.78083822 ], [ -100.18692643, 44.77765154 ], [ -100.16667361, 44.77318226 ], [ -100.12780413, 44.77047758 ], [ -100.09290426, 44.77765154 ], [ -100.08893465, 44.77846752 ], [ -100.05006516, 44.78489512 ], [ -100.01313702, 44.77765154 ], [ -100.01119568, 44.77699785 ], [ -99.97232616, 44.76067681 ], [ -99.93345668, 44.73946649 ], [ -99.93248688, 44.73878205 ], [ -99.89614153, 44.69991256 ], [ -99.89458719, 44.69744737 ], [ -99.87586867, 44.66104308 ], [ -99.85995606, 44.62217357 ], [ -99.85571771, 44.61001715 ], [ -99.84785719, 44.58330408 ], [ -99.84091204, 44.5444346 ], [ -99.84098385, 44.50556511 ], [ -99.85121109, 44.46669562 ], [ -99.85571771, 44.45524259 ], [ -99.86136655, 44.42782614 ], [ -99.88420317, 44.38895665 ], [ -99.89458719, 44.37944828 ], [ -99.91195877, 44.35008716 ], [ -99.93345668, 44.32528024 ], [ -99.94123778, 44.31121765 ], [ -99.96926019, 44.27234817 ], [ -99.97232616, 44.26875902 ], [ -99.99516196, 44.23347868 ], [ -100.01119568, 44.21125259 ], [ -100.02174784, 44.1946092 ], [ -100.0476938, 44.15573971 ], [ -100.05006516, 44.15295764 ], [ -100.08893465, 44.12710484 ], [ -100.12780413, 44.11723557 ], [ -100.13033378, 44.11687022 ], [ -100.16667361, 44.11215978 ], [ -100.2055431, 44.10900927 ], [ -100.24441261, 44.10651348 ], [ -100.2832821, 44.10346201 ], [ -100.32215158, 44.09898788 ], [ -100.36102107, 44.0938643 ], [ -100.39989055, 44.08870673 ], [ -100.43876003, 44.08395772 ], [ -100.47762955, 44.07994464 ], [ -100.50179386, 44.07800074 ], [ -100.51649903, 44.07657147 ], [ -100.55536852, 44.07405964 ], [ -100.594238, 44.07291389 ], [ -100.63310748, 44.07323971 ], [ -100.67197697, 44.07489792 ], [ -100.71084648, 44.07773943 ], [ -100.71311432, 44.07800074 ], [ -100.74971597, 44.08169151 ], [ -100.78858545, 44.08701234 ], [ -100.82745494, 44.09512796 ], [ -100.86632442, 44.10640656 ], [ -100.895012, 44.11687022 ], [ -100.9051939, 44.12045414 ], [ -100.94406342, 44.13643762 ], [ -100.9829329, 44.15531921 ], [ -100.98372181, 44.15573971 ], [ -101.02180239, 44.17534664 ], [ -101.05520056, 44.1946092 ], [ -101.06067187, 44.19764164 ], [ -101.09954135, 44.22056312 ], [ -101.11994548, 44.23347868 ], [ -101.13841084, 44.24464539 ], [ -101.17728035, 44.26956534 ], [ -101.18146954, 44.27234817 ], [ -101.21614984, 44.29413889 ], [ -101.24215521, 44.31121765 ], [ -101.25501932, 44.31946884 ], [ -101.29388881, 44.34510161 ], [ -101.30127578, 44.35008716 ], [ -101.33275829, 44.37526651 ], [ -101.34926003, 44.38895665 ], [ -101.37162777, 44.41208036 ], [ -101.38632036, 44.42782614 ], [ -101.41049729, 44.46185873 ], [ -101.41380212, 44.46669562 ], [ -101.43278169, 44.50556511 ], [ -101.44366397, 44.5444346 ], [ -101.44909515, 44.58330408 ], [ -101.44936677, 44.58505528 ], [ -101.45522545, 44.62217357 ], [ -101.46231859, 44.66104308 ], [ -101.4703935, 44.69991256 ], [ -101.47950746, 44.73878205 ], [ -101.48823626, 44.77211292 ], [ -101.48974643, 44.77765154 ], [ -101.50134598, 44.81652102 ], [ -101.51422527, 44.85539051 ], [ -101.52710574, 44.89070645 ], [ -101.52848034, 44.89426 ], [ -101.54463107, 44.93312948 ], [ -101.56234146, 44.97199899 ], [ -101.56597522, 44.97950239 ], [ -101.5823212, 45.01086848 ], [ -101.60419415, 45.04973796 ], [ -101.60484471, 45.05084927 ], [ -101.6288126, 45.08860745 ], [ -101.64371422, 45.11089168 ], [ -101.65581507, 45.12747694 ], [ -101.68258371, 45.16296644 ], [ -101.68537402, 45.16634642 ], [ -101.71777209, 45.20521591 ], [ -101.72145319, 45.20961813 ], [ -101.75288358, 45.2440854 ], [ -101.76032268, 45.25234997 ], [ -101.79037799, 45.28295491 ], [ -101.79919216, 45.29219558 ], [ -101.82997937, 45.32182439 ], [ -101.83806164, 45.32998638 ], [ -101.87114924, 45.36069388 ], [ -101.87693116, 45.36642355 ], [ -101.91336304, 45.39956336 ], [ -101.91580064, 45.40196915 ], [ -101.95467013, 45.43715525 ], [ -101.95623081, 45.43843285 ], [ -101.99353961, 45.47241677 ], [ -101.99953754, 45.47730234 ], [ -102.03240909, 45.50772888 ], [ -102.04280687, 45.51617182 ], [ -102.07127858, 45.54307031 ], [ -102.08627854, 45.55504131 ], [ -102.11014809, 45.57814485 ], [ -102.13102746, 45.59391082 ], [ -102.14901758, 45.61136139 ], [ -102.18078895, 45.63278031 ], [ -102.18788706, 45.6392992 ], [ -102.22675655, 45.66099254 ], [ -102.25997634, 45.67164979 ], [ -102.26562603, 45.67409683 ], [ -102.30449551, 45.68704532 ], [ -102.34336503, 45.69712411 ], [ -102.38223451, 45.70538777 ], [ -102.40799444, 45.71051928 ], [ -102.421104, 45.71314054 ], [ -102.45997348, 45.72180051 ], [ -102.49884296, 45.73081855 ], [ -102.53771245, 45.74041506 ], [ -102.5704649, 45.74938876 ], [ -102.57658196, 45.75103457 ], [ -102.61545145, 45.76359094 ], [ -102.65432093, 45.77690984 ], [ -102.68521502, 45.78825825 ], [ -102.69319042, 45.79117252 ], [ -102.7320599, 45.80725358 ], [ -102.77092938, 45.823783 ], [ -102.77813262, 45.82712774 ], [ -102.8097989, 45.84202645 ], [ -102.84866838, 45.86074406 ], [ -102.85897584, 45.86599722 ], [ -102.88753787, 45.88079846 ], [ -102.92640735, 45.90119073 ], [ -102.93311672, 45.90486673 ], [ -102.96527683, 45.92265178 ], [ -103.00258421, 45.94373622 ], [ -103.00414632, 45.94461197 ], [ -103.04301583, 45.96635031 ], [ -103.07113216, 45.9826057 ], [ -103.08188532, 45.98863863 ], [ -103.1207548, 46.01104374 ], [ -103.13742194, 46.02147519 ], [ -103.15962429, 46.03455524 ], [ -103.1968844, 46.06034468 ], [ -103.19849377, 46.06149163 ], [ -103.23736325, 46.09334857 ], [ -103.24350376, 46.09921416 ], [ -103.23736325, 46.1347876 ], [ -103.23680398, 46.13808365 ], [ -103.22240253, 46.17695314 ], [ -103.22722059, 46.21582265 ], [ -103.23736325, 46.23372501 ], [ -103.25187163, 46.25469213 ], [ -103.27623277, 46.28244718 ], [ -103.28758752, 46.29356162 ], [ -103.31510225, 46.31867845 ], [ -103.33227174, 46.3324311 ], [ -103.35397174, 46.34933969 ], [ -103.386191, 46.37130059 ], [ -103.39284122, 46.37579742 ], [ -103.43171071, 46.3976869 ], [ -103.45878015, 46.41017008 ], [ -103.47058019, 46.4155843 ], [ -103.5094497, 46.42876959 ], [ -103.54831919, 46.43755137 ], [ -103.58718867, 46.44139357 ], [ -103.62605816, 46.44011476 ], [ -103.66492764, 46.43341459 ], [ -103.70379712, 46.42303396 ], [ -103.74266664, 46.41304325 ], [ -103.75492044, 46.41017008 ], [ -103.78153612, 46.40415827 ], [ -103.82040561, 46.39609293 ], [ -103.85927509, 46.38629401 ], [ -103.89814458, 46.37242721 ], [ -103.90040769, 46.37130059 ], [ -103.93701406, 46.3457385 ], [ -103.95541288, 46.3324311 ], [ -103.97588357, 46.31579478 ], [ -104.00360259, 46.29356162 ], [ -104.01475306, 46.28458578 ], [ -104.05362254, 46.25596138 ], [ -104.05532215, 46.25469213 ], [ -104.09249203, 46.22772847 ], [ -104.11075887, 46.21582265 ], [ -104.13136151, 46.20335074 ], [ -104.17023099, 46.18114771 ], [ -104.17793902, 46.17695314 ], [ -104.20910051, 46.16120694 ], [ -104.24796999, 46.14273207 ], [ -104.25820699, 46.13808365 ], [ -104.28683948, 46.12600651 ], [ -104.32570896, 46.1104619 ], [ -104.35536062, 46.09921416 ], [ -104.36457845, 46.09594333 ], [ -104.40344793, 46.08262758 ], [ -104.44231744, 46.06999186 ], [ -104.47364125, 46.06034468 ], [ -104.48118693, 46.05814716 ], [ -104.52005641, 46.0471315 ], [ -104.5589259, 46.03656181 ], [ -104.59779538, 46.02656764 ], [ -104.61835384, 46.02147519 ], [ -104.63666486, 46.01710893 ], [ -104.67553438, 46.00814616 ], [ -104.71440386, 45.99952651 ], [ -104.75327335, 45.99125736 ], [ -104.79214283, 45.98332972 ], [ -104.79581968, 45.9826057 ], [ -104.83101232, 45.97582673 ], [ -104.8698818, 45.96858149 ], [ -104.90875131, 45.96164311 ], [ -104.9476208, 45.95491715 ], [ -104.98649028, 45.94868534 ], [ -105.02078515, 45.94373622 ], [ -105.02535977, 45.94307827 ], [ -105.06422925, 45.9380818 ], [ -105.10309873, 45.93354407 ], [ -105.14196825, 45.9293294 ], [ -105.18083773, 45.9253955 ], [ -105.21970722, 45.9216167 ], [ -105.2585767, 45.91793445 ], [ -105.29744619, 45.91427751 ], [ -105.33631567, 45.91065028 ], [ -105.37518518, 45.90697257 ], [ -105.39741417, 45.90486673 ], [ -105.41405467, 45.90319245 ], [ -105.45292415, 45.8992915 ], [ -105.49179364, 45.89527035 ], [ -105.53066312, 45.8911743 ], [ -105.5695326, 45.88700903 ], [ -105.60840212, 45.88268517 ], [ -105.6472716, 45.87818114 ], [ -105.68614109, 45.87355433 ], [ -105.72501057, 45.86882786 ], [ -105.74771941, 45.86599722 ], [ -105.76388006, 45.86386747 ], [ -105.80274954, 45.85855298 ], [ -105.84161905, 45.85310448 ], [ -105.88048854, 45.84752539 ], [ -105.91935802, 45.84170414 ], [ -105.95822751, 45.83559023 ], [ -105.99709699, 45.82939779 ], [ -106.01076423, 45.82712774 ], [ -106.03596647, 45.82276046 ], [ -106.07483599, 45.81594301 ], [ -106.11370547, 45.80887984 ], [ -106.15257496, 45.80145522 ], [ -106.19144444, 45.79388364 ], [ -106.21968775, 45.78825825 ], [ -106.23031393, 45.78602117 ], [ -106.26918341, 45.77750736 ], [ -106.30805292, 45.76889244 ], [ -106.34692241, 45.75993177 ], [ -106.38579189, 45.75218889 ], [ -106.39613813, 45.74938876 ], [ -106.42466138, 45.74074958 ], [ -106.46353086, 45.73036172 ], [ -106.50240035, 45.71970326 ], [ -106.52977813, 45.71051928 ], [ -106.54126986, 45.70661958 ], [ -106.58013934, 45.69703219 ], [ -106.61900883, 45.68500441 ], [ -106.65787831, 45.67489071 ], [ -106.6668436, 45.67164979 ], [ -106.6967478, 45.6595906 ], [ -106.73561728, 45.64656328 ], [ -106.77448679, 45.63555539 ], [ -106.78176099, 45.63278031 ], [ -106.81335628, 45.61937193 ], [ -106.85222576, 45.60534059 ], [ -106.87851844, 45.59391082 ], [ -106.89109525, 45.58866085 ], [ -106.92996473, 45.57663144 ], [ -106.96883422, 45.5619403 ], [ -106.98723032, 45.55504131 ], [ -107.00770373, 45.54715197 ], [ -107.04657321, 45.5318953 ], [ -107.0854427, 45.51996069 ], [ -107.09409938, 45.51617182 ], [ -107.12431218, 45.50150128 ], [ -107.16318167, 45.48598185 ], [ -107.18499332, 45.47730234 ], [ -107.20205115, 45.47044354 ], [ -107.24092066, 45.45492295 ], [ -107.27979015, 45.44228963 ], [ -107.28835744, 45.43843285 ], [ -107.31865963, 45.42326722 ], [ -107.35752912, 45.40745739 ], [ -107.37682405, 45.39956336 ], [ -107.3963986, 45.3915569 ], [ -107.43526809, 45.37572643 ], [ -107.46428685, 45.36069388 ], [ -107.4741376, 45.35603241 ], [ -107.51300708, 45.34357085 ], [ -107.55187657, 45.32710903 ], [ -107.56468902, 45.32182439 ], [ -107.59074605, 45.31093881 ], [ -107.62961554, 45.29450244 ], [ -107.65656234, 45.28295491 ], [ -107.66848502, 45.27777745 ], [ -107.70735453, 45.26135443 ], [ -107.74622402, 45.24884704 ], [ -107.75610791, 45.2440854 ], [ -107.7850935, 45.22836751 ], [ -107.82396299, 45.21226915 ], [ -107.84122867, 45.20521591 ], [ -107.86283247, 45.19626263 ], [ -107.90170196, 45.18036474 ], [ -107.92780361, 45.16634642 ], [ -107.94057147, 45.1602057 ], [ -107.97944095, 45.14887081 ], [ -108.01831044, 45.13388316 ], [ -108.03522772, 45.12747694 ], [ -108.05717992, 45.11916411 ], [ -108.09604941, 45.1049287 ], [ -108.13491889, 45.09622312 ], [ -108.15354506, 45.08860745 ], [ -108.1737884, 45.07896914 ], [ -108.21265789, 45.06650218 ], [ -108.25152737, 45.05940295 ], [ -108.27677482, 45.04973796 ], [ -108.29039686, 45.04362122 ], [ -108.32926634, 45.03260653 ], [ -108.36813583, 45.02209167 ], [ -108.40700534, 45.01749738 ], [ -108.42542102, 45.01086848 ], [ -108.44587482, 45.00213759 ], [ -108.48474431, 44.99317463 ], [ -108.52361379, 44.98461665 ], [ -108.56248328, 44.98165349 ], [ -108.58312805, 44.97199899 ], [ -108.60135276, 44.9633329 ], [ -108.64022227, 44.96158812 ], [ -108.67909176, 44.95618706 ], [ -108.71796124, 44.9507676 ], [ -108.75683073, 44.94685032 ], [ -108.79570021, 44.94338285 ], [ -108.8345697, 44.94576894 ], [ -108.87343921, 44.9444863 ], [ -108.91230869, 44.94394055 ], [ -108.95117818, 44.9441642 ], [ -108.99004766, 44.94439222 ], [ -109.02891715, 44.94628805 ], [ -109.06778663, 44.94793521 ], [ -109.10665614, 44.94487422 ], [ -109.14552563, 44.94918531 ], [ -109.18439511, 44.95356373 ], [ -109.2232646, 44.95928928 ], [ -109.26213408, 44.95858583 ], [ -109.28407763, 44.97199899 ], [ -109.30100357, 44.98315495 ], [ -109.33987308, 44.9907995 ], [ -109.37874256, 44.99574001 ], [ -109.41761205, 44.9992594 ], [ -109.43168393, 45.01086848 ], [ -109.45648153, 45.03330356 ], [ -109.49535102, 45.03479705 ], [ -109.51026975, 45.04973796 ], [ -109.5342205, 45.06959129 ], [ -109.55567972, 45.08860745 ], [ -109.57309001, 45.10601773 ], [ -109.5945492, 45.12747694 ], [ -109.6119595, 45.14745369 ], [ -109.63324351, 45.16634642 ], [ -109.62992877, 45.20521591 ], [ -109.65082898, 45.22795304 ], [ -109.66451542, 45.2440854 ], [ -109.66543993, 45.28295491 ] ], [ [ -98.02644726, 48.39251404 ], [ -98.02000728, 48.43138353 ], [ -98.00361421, 48.47025301 ], [ -97.98998223, 48.48487515 ], [ -97.97644032, 48.5091225 ], [ -97.95111275, 48.53224619 ], [ -97.93124464, 48.54799199 ], [ -97.91224326, 48.55636607 ], [ -97.87337375, 48.56465775 ], [ -97.83450426, 48.55910157 ], [ -97.82039817, 48.54799199 ], [ -97.79563478, 48.5096664 ], [ -97.79527364, 48.5091225 ], [ -97.77114526, 48.47025301 ], [ -97.7567653, 48.44491028 ], [ -97.74687558, 48.43138353 ], [ -97.72249322, 48.39251404 ], [ -97.71789581, 48.38429742 ], [ -97.69934118, 48.35364453 ], [ -97.67902633, 48.32075049 ], [ -97.67511188, 48.31477504 ], [ -97.64979847, 48.27590556 ], [ -97.64015681, 48.26188527 ], [ -97.62066726, 48.23703607 ], [ -97.60128733, 48.21378018 ], [ -97.58736577, 48.19816659 ], [ -97.56241784, 48.17113814 ], [ -97.55213543, 48.1592971 ], [ -97.52354836, 48.12757996 ], [ -97.51849721, 48.12042761 ], [ -97.49082842, 48.08155813 ], [ -97.48467888, 48.07316475 ], [ -97.47394365, 48.04268862 ], [ -97.46313206, 48.00381913 ], [ -97.45902566, 47.96494964 ], [ -97.47169866, 47.92608016 ], [ -97.48467888, 47.91365155 ], [ -97.52354836, 47.91402728 ], [ -97.54096115, 47.92608016 ], [ -97.56241784, 47.94941826 ], [ -97.58102754, 47.96494964 ], [ -97.60128733, 47.98623299 ], [ -97.62264755, 48.00381913 ], [ -97.64015681, 48.01996635 ], [ -97.66899293, 48.04268862 ], [ -97.67902633, 48.05106897 ], [ -97.71789581, 48.07983295 ], [ -97.72005806, 48.08155813 ], [ -97.7567653, 48.11182784 ], [ -97.76775228, 48.12042761 ], [ -97.79563478, 48.14143225 ], [ -97.81995461, 48.1592971 ], [ -97.83450426, 48.16916502 ], [ -97.87337375, 48.19570887 ], [ -97.87676689, 48.19816659 ], [ -97.91224326, 48.22258615 ], [ -97.93223618, 48.23703607 ], [ -97.95111275, 48.25119327 ], [ -97.97474613, 48.27590556 ], [ -97.98998223, 48.29398937 ], [ -98.00383936, 48.31477504 ], [ -98.02121761, 48.35364453 ], [ -98.02644726, 48.39251404 ] ], [ [ -105.83621236, 47.0320819 ], [ -105.83583499, 47.07095139 ], [ -105.83056673, 47.10982088 ], [ -105.82038082, 47.14869039 ], [ -105.80493362, 47.18755987 ], [ -105.80274954, 47.19156595 ], [ -105.78439545, 47.22642936 ], [ -105.76388006, 47.25544195 ], [ -105.7571407, 47.26529884 ], [ -105.72501057, 47.30170588 ], [ -105.72287598, 47.30416833 ], [ -105.6876148, 47.34303782 ], [ -105.68614109, 47.34457694 ], [ -105.64984269, 47.3819073 ], [ -105.6472716, 47.38460323 ], [ -105.61189852, 47.42077679 ], [ -105.60840212, 47.42435261 ], [ -105.57252704, 47.4596463 ], [ -105.5695326, 47.46261144 ], [ -105.53291777, 47.49851579 ], [ -105.53066312, 47.50067697 ], [ -105.49179364, 47.53508007 ], [ -105.48916048, 47.53738527 ], [ -105.45292415, 47.56941343 ], [ -105.44479794, 47.57625476 ], [ -105.41405467, 47.60247665 ], [ -105.39838663, 47.61512424 ], [ -105.37518518, 47.63416322 ], [ -105.34923206, 47.65399373 ], [ -105.33631567, 47.66376562 ], [ -105.29744619, 47.68961553 ], [ -105.29189406, 47.69286322 ], [ -105.2585767, 47.71164209 ], [ -105.21970722, 47.72923271 ], [ -105.21263019, 47.7317327 ], [ -105.18083773, 47.74189335 ], [ -105.14196825, 47.7493072 ], [ -105.10309873, 47.75140466 ], [ -105.06422925, 47.75020925 ], [ -105.02535977, 47.74725376 ], [ -104.98649028, 47.7428385 ], [ -104.9476208, 47.73712247 ], [ -104.91859325, 47.7317327 ], [ -104.90875131, 47.73001275 ], [ -104.8698818, 47.72186083 ], [ -104.83101232, 47.71229299 ], [ -104.79214283, 47.70121574 ], [ -104.76647907, 47.69286322 ], [ -104.75327335, 47.68877226 ], [ -104.71440386, 47.67510302 ], [ -104.67553438, 47.65902736 ], [ -104.66500909, 47.65399373 ], [ -104.63666486, 47.64086144 ], [ -104.59779538, 47.62090142 ], [ -104.58737692, 47.61512424 ], [ -104.5589259, 47.59951828 ], [ -104.52005641, 47.57722207 ], [ -104.51843606, 47.57625476 ], [ -104.48118693, 47.55299635 ], [ -104.4567436, 47.53738527 ], [ -104.44231744, 47.52764681 ], [ -104.40344793, 47.50095989 ], [ -104.39995062, 47.49851579 ], [ -104.36457845, 47.47233961 ], [ -104.34750606, 47.4596463 ], [ -104.32570896, 47.44232987 ], [ -104.29870528, 47.42077679 ], [ -104.28683948, 47.41058942 ], [ -104.25335471, 47.3819073 ], [ -104.24796999, 47.37687377 ], [ -104.21168959, 47.34303782 ], [ -104.20910051, 47.34036774 ], [ -104.17391605, 47.30416833 ], [ -104.17023099, 47.29984721 ], [ -104.14048923, 47.26529884 ], [ -104.13136151, 47.25273367 ], [ -104.11211806, 47.22642936 ], [ -104.09249203, 47.19256597 ], [ -104.08954872, 47.18755987 ], [ -104.07419932, 47.14869039 ], [ -104.06701816, 47.10982088 ], [ -104.06725798, 47.07095139 ], [ -104.07502856, 47.0320819 ], [ -104.09049452, 46.99321242 ], [ -104.09249203, 46.9897804 ], [ -104.11356269, 46.95434293 ], [ -104.13136151, 46.931396 ], [ -104.14409056, 46.91547345 ], [ -104.17023099, 46.88835135 ], [ -104.18211556, 46.87660396 ], [ -104.20910051, 46.85553351 ], [ -104.23635988, 46.83773447 ], [ -104.24796999, 46.83145761 ], [ -104.28683948, 46.81245971 ], [ -104.31728817, 46.79886496 ], [ -104.32570896, 46.79547998 ], [ -104.36457845, 46.78067766 ], [ -104.40344793, 46.76672046 ], [ -104.42317431, 46.75999548 ], [ -104.44231744, 46.75400422 ], [ -104.48118693, 46.74234455 ], [ -104.52005641, 46.731261 ], [ -104.55580992, 46.72112599 ], [ -104.5589259, 46.72030206 ], [ -104.59779538, 46.71099811 ], [ -104.63666486, 46.70103993 ], [ -104.67553438, 46.69071197 ], [ -104.70570119, 46.6822565 ], [ -104.71440386, 46.67956875 ], [ -104.75327335, 46.66746162 ], [ -104.79214283, 46.65681284 ], [ -104.83101232, 46.64899951 ], [ -104.86541247, 46.64338702 ], [ -104.8698818, 46.64262371 ], [ -104.90875131, 46.63918738 ], [ -104.9476208, 46.63655378 ], [ -104.98649028, 46.63532713 ], [ -105.02535977, 46.63533844 ], [ -105.06422925, 46.63650689 ], [ -105.10309873, 46.63879351 ], [ -105.14196825, 46.64208871 ], [ -105.15350485, 46.64338702 ], [ -105.18083773, 46.64646978 ], [ -105.21970722, 46.65184504 ], [ -105.2585767, 46.65819921 ], [ -105.29744619, 46.66563581 ], [ -105.33631567, 46.67420717 ], [ -105.36904915, 46.6822565 ], [ -105.37518518, 46.68377962 ], [ -105.41405467, 46.69451594 ], [ -105.45292415, 46.70646115 ], [ -105.49179364, 46.71970357 ], [ -105.49565859, 46.72112599 ], [ -105.53066312, 46.73437745 ], [ -105.5695326, 46.75062693 ], [ -105.59009919, 46.75999548 ], [ -105.60840212, 46.76873294 ], [ -105.6472716, 46.78901413 ], [ -105.66467635, 46.79886496 ], [ -105.68614109, 46.81197456 ], [ -105.72263717, 46.83773447 ], [ -105.72501057, 46.83963148 ], [ -105.76388006, 46.87208433 ], [ -105.76862474, 46.87660396 ], [ -105.7993484, 46.91547345 ], [ -105.80274954, 46.92165332 ], [ -105.81944713, 46.95434293 ], [ -105.83119658, 46.99321242 ], [ -105.83621236, 47.0320819 ] ], [ [ -99.81339749, 45.47730234 ], [ -99.80681472, 45.51617182 ], [ -99.77797874, 45.52451019 ], [ -99.73910923, 45.5185741 ], [ -99.73376021, 45.51617182 ], [ -99.70023974, 45.50078943 ], [ -99.66137026, 45.48323361 ], [ -99.65307044, 45.47730234 ], [ -99.62250078, 45.45471895 ], [ -99.60251942, 45.43843285 ], [ -99.58363129, 45.40746063 ], [ -99.57937924, 45.39956336 ], [ -99.58363129, 45.38570563 ], [ -99.59763685, 45.36069388 ], [ -99.62250078, 45.33262705 ], [ -99.64483771, 45.32182439 ], [ -99.66137026, 45.3147957 ], [ -99.70023974, 45.31531631 ], [ -99.71633138, 45.32182439 ], [ -99.73910923, 45.33431659 ], [ -99.76421926, 45.36069388 ], [ -99.77797874, 45.3799926 ], [ -99.79057461, 45.39956336 ], [ -99.80731658, 45.43843285 ], [ -99.81339749, 45.47730234 ] ], [ [ -104.24235144, 48.19816659 ], [ -104.2421337, 48.23703607 ], [ -104.23868601, 48.27590556 ], [ -104.23257818, 48.31477504 ], [ -104.22421056, 48.35364453 ], [ -104.21368391, 48.39251404 ], [ -104.20910051, 48.40681715 ], [ -104.20102582, 48.43138353 ], [ -104.18616327, 48.47025301 ], [ -104.17023099, 48.50651761 ], [ -104.16903736, 48.5091225 ], [ -104.14944691, 48.54799199 ], [ -104.13136151, 48.57978755 ], [ -104.1270893, 48.58686147 ], [ -104.10159078, 48.62573096 ], [ -104.09249203, 48.6384531 ], [ -104.07222919, 48.66460044 ], [ -104.05362254, 48.68668808 ], [ -104.03803013, 48.70346995 ], [ -104.01475306, 48.72674701 ], [ -103.99709399, 48.74233944 ], [ -103.97588357, 48.75988449 ], [ -103.94560865, 48.78120893 ], [ -103.93701406, 48.78695718 ], [ -103.89814458, 48.8086446 ], [ -103.87211256, 48.82007841 ], [ -103.85927509, 48.82547663 ], [ -103.82040561, 48.83793334 ], [ -103.78153612, 48.8461764 ], [ -103.74266664, 48.85065399 ], [ -103.70379712, 48.85152077 ], [ -103.66492764, 48.84913487 ], [ -103.62605816, 48.84360187 ], [ -103.58718867, 48.83512017 ], [ -103.54831919, 48.82377837 ], [ -103.53847832, 48.82007841 ], [ -103.5094497, 48.81004533 ], [ -103.47058019, 48.79378724 ], [ -103.44516773, 48.78120893 ], [ -103.43171071, 48.775139 ], [ -103.39284122, 48.75442242 ], [ -103.37341823, 48.74233944 ], [ -103.35397174, 48.73153036 ], [ -103.31510225, 48.70656803 ], [ -103.31100843, 48.70346995 ], [ -103.27623277, 48.68048507 ], [ -103.25397025, 48.66460044 ], [ -103.23736325, 48.6545516 ], [ -103.19849377, 48.63276502 ], [ -103.17954792, 48.62573096 ], [ -103.15962429, 48.62078865 ], [ -103.1207548, 48.62282213 ], [ -103.08188532, 48.61879475 ], [ -103.04301583, 48.60662111 ], [ -103.00414632, 48.59685357 ], [ -102.96527683, 48.58905985 ], [ -102.95040094, 48.58686147 ], [ -102.92640735, 48.58339906 ], [ -102.88753787, 48.57993464 ], [ -102.84866838, 48.57864033 ], [ -102.8097989, 48.57957022 ], [ -102.77092938, 48.58275842 ], [ -102.74062445, 48.58686147 ], [ -102.7320599, 48.58818767 ], [ -102.69319042, 48.59595519 ], [ -102.65432093, 48.60458057 ], [ -102.61545145, 48.61323029 ], [ -102.57658196, 48.62132978 ], [ -102.55116354, 48.62573096 ], [ -102.53771245, 48.62861341 ], [ -102.49884296, 48.63446516 ], [ -102.45997348, 48.63719955 ], [ -102.421104, 48.63529846 ], [ -102.38223451, 48.62698633 ], [ -102.37956939, 48.62573096 ], [ -102.34336503, 48.60871499 ], [ -102.31677222, 48.58686147 ], [ -102.30449551, 48.57681935 ], [ -102.28110986, 48.54799199 ], [ -102.26562603, 48.52836243 ], [ -102.25428647, 48.5091225 ], [ -102.23233503, 48.47025301 ], [ -102.22675655, 48.46072596 ], [ -102.21323971, 48.43138353 ], [ -102.19576582, 48.39251404 ], [ -102.18788706, 48.37503944 ], [ -102.18009481, 48.35364453 ], [ -102.16641702, 48.31477504 ], [ -102.15371066, 48.27590556 ], [ -102.14901758, 48.26091751 ], [ -102.14211642, 48.23703607 ], [ -102.13152451, 48.19816659 ], [ -102.12193931, 48.1592971 ], [ -102.11375752, 48.12042761 ], [ -102.11014809, 48.09753013 ], [ -102.10764574, 48.08155813 ], [ -102.10436581, 48.04268862 ], [ -102.10546492, 48.00381913 ], [ -102.11014809, 47.97712104 ], [ -102.11236043, 47.96494964 ], [ -102.12392202, 47.92608016 ], [ -102.13757945, 47.88721067 ], [ -102.14869688, 47.84834119 ], [ -102.14901758, 47.84695898 ], [ -102.15807277, 47.8094717 ], [ -102.16599371, 47.77060221 ], [ -102.17346076, 47.7317327 ], [ -102.18101081, 47.69286322 ], [ -102.18788706, 47.66379665 ], [ -102.19030338, 47.65399373 ], [ -102.20314887, 47.61512424 ], [ -102.22147862, 47.57625476 ], [ -102.22675655, 47.56756445 ], [ -102.24812876, 47.53738527 ], [ -102.26562603, 47.51866356 ], [ -102.2909987, 47.49851579 ], [ -102.30449551, 47.48986941 ], [ -102.34336503, 47.47467764 ], [ -102.38223451, 47.47025668 ], [ -102.421104, 47.47668179 ], [ -102.45997348, 47.49573389 ], [ -102.46376869, 47.49851579 ], [ -102.49884296, 47.52234302 ], [ -102.51776124, 47.53738527 ], [ -102.53771245, 47.55238092 ], [ -102.56782131, 47.57625476 ], [ -102.57658196, 47.58305525 ], [ -102.61545145, 47.60963051 ], [ -102.62578049, 47.61512424 ], [ -102.65432093, 47.63124526 ], [ -102.69319042, 47.6488434 ], [ -102.70753312, 47.65399373 ], [ -102.7320599, 47.66350206 ], [ -102.77092938, 47.67550373 ], [ -102.8097989, 47.68333718 ], [ -102.84866838, 47.68522958 ], [ -102.88753787, 47.68216928 ], [ -102.92640735, 47.67498904 ], [ -102.96527683, 47.66501697 ], [ -103.00103298, 47.65399373 ], [ -103.00414632, 47.65301652 ], [ -103.04301583, 47.63979347 ], [ -103.08188532, 47.62547154 ], [ -103.10915792, 47.61512424 ], [ -103.1207548, 47.61062389 ], [ -103.15962429, 47.59578277 ], [ -103.19849377, 47.58122912 ], [ -103.2127765, 47.57625476 ], [ -103.23736325, 47.56743937 ], [ -103.27623277, 47.5548731 ], [ -103.31510225, 47.54379249 ], [ -103.34283676, 47.53738527 ], [ -103.35397174, 47.53470987 ], [ -103.39284122, 47.52793255 ], [ -103.43171071, 47.523857 ], [ -103.47058019, 47.52279675 ], [ -103.5094497, 47.52482057 ], [ -103.54831919, 47.52985491 ], [ -103.58352673, 47.53738527 ], [ -103.58718867, 47.53816844 ], [ -103.62605816, 47.54796841 ], [ -103.66492764, 47.5604784 ], [ -103.70379712, 47.57491874 ], [ -103.7070107, 47.57625476 ], [ -103.74266664, 47.59093697 ], [ -103.78153612, 47.60833369 ], [ -103.79565727, 47.61512424 ], [ -103.82040561, 47.62689642 ], [ -103.85927509, 47.64637228 ], [ -103.87377713, 47.65399373 ], [ -103.89814458, 47.66668065 ], [ -103.93701406, 47.68777969 ], [ -103.9458491, 47.69286322 ], [ -103.97588357, 47.71210461 ], [ -104.00364922, 47.7317327 ], [ -104.01475306, 47.74081232 ], [ -104.04890681, 47.77060221 ], [ -104.05362254, 47.77537385 ], [ -104.08593158, 47.8094717 ], [ -104.09249203, 47.81759984 ], [ -104.11680411, 47.84834119 ], [ -104.13136151, 47.87013842 ], [ -104.14280546, 47.88721067 ], [ -104.16526415, 47.92608016 ], [ -104.17023099, 47.93618151 ], [ -104.18464257, 47.96494964 ], [ -104.20112506, 48.00381913 ], [ -104.20910051, 48.0266594 ], [ -104.21483912, 48.04268862 ], [ -104.22584756, 48.08155813 ], [ -104.2341284, 48.12042761 ], [ -104.23968665, 48.1592971 ], [ -104.24235144, 48.19816659 ] ], [ [ -101.56341726, 46.02147519 ], [ -101.56302055, 46.06034468 ], [ -101.55938976, 46.09921416 ], [ -101.55159578, 46.13808365 ], [ -101.53866401, 46.17695314 ], [ -101.52710574, 46.20112145 ], [ -101.51873235, 46.21582265 ], [ -101.49011334, 46.25469213 ], [ -101.48823626, 46.25683947 ], [ -101.45136345, 46.29356162 ], [ -101.44936677, 46.29532522 ], [ -101.41049729, 46.32625253 ], [ -101.40183553, 46.3324311 ], [ -101.37162777, 46.35253776 ], [ -101.34012036, 46.37130059 ], [ -101.33275829, 46.37548512 ], [ -101.29388881, 46.39564218 ], [ -101.2605729, 46.41017008 ], [ -101.25501932, 46.41251017 ], [ -101.21614984, 46.4251496 ], [ -101.17728035, 46.43349398 ], [ -101.13841084, 46.43754995 ], [ -101.09954135, 46.4374965 ], [ -101.06067187, 46.43338298 ], [ -101.02180239, 46.42531481 ], [ -100.9829329, 46.4131564 ], [ -100.97604915, 46.41017008 ], [ -100.94406342, 46.3961416 ], [ -100.9051939, 46.37482448 ], [ -100.90000031, 46.37130059 ], [ -100.86632442, 46.34776421 ], [ -100.84695009, 46.3324311 ], [ -100.82745494, 46.31616271 ], [ -100.80253678, 46.29356162 ], [ -100.78858545, 46.28004921 ], [ -100.76423129, 46.25469213 ], [ -100.74971597, 46.23843825 ], [ -100.73071261, 46.21582265 ], [ -100.71084648, 46.1900304 ], [ -100.70123637, 46.17695314 ], [ -100.67522127, 46.13808365 ], [ -100.67197697, 46.13276269 ], [ -100.65223128, 46.09921416 ], [ -100.63310748, 46.06404593 ], [ -100.63115057, 46.06034468 ], [ -100.61247307, 46.02147519 ], [ -100.59553697, 45.9826057 ], [ -100.594238, 45.97923263 ], [ -100.58107245, 45.94373622 ], [ -100.56924561, 45.90486673 ], [ -100.56063397, 45.86599722 ], [ -100.55664324, 45.82712774 ], [ -100.55660636, 45.78825825 ], [ -100.55871207, 45.74938876 ], [ -100.56372754, 45.71051928 ], [ -100.57356055, 45.67164979 ], [ -100.58842873, 45.63278031 ], [ -100.594238, 45.62072916 ], [ -100.60692753, 45.59391082 ], [ -100.62488516, 45.55504131 ], [ -100.63310748, 45.52935127 ], [ -100.63699318, 45.51617182 ], [ -100.64163564, 45.47730234 ], [ -100.63953096, 45.43843285 ], [ -100.63310748, 45.40488389 ], [ -100.63228993, 45.39956336 ], [ -100.62203693, 45.36069388 ], [ -100.60953715, 45.32182439 ], [ -100.594238, 45.2839051 ], [ -100.59393142, 45.28295491 ], [ -100.57962826, 45.2440854 ], [ -100.5631232, 45.20521591 ], [ -100.55536852, 45.18960147 ], [ -100.5465061, 45.16634642 ], [ -100.5303317, 45.12747694 ], [ -100.51649903, 45.09945885 ], [ -100.51211637, 45.08860745 ], [ -100.49524685, 45.04973796 ], [ -100.47762955, 45.01276826 ], [ -100.47682405, 45.01086848 ], [ -100.45920826, 44.97199899 ], [ -100.44033689, 44.93312948 ], [ -100.43876003, 44.9300888 ], [ -100.42123072, 44.89426 ], [ -100.40005208, 44.85539051 ], [ -100.39989055, 44.85512577 ], [ -100.37572535, 44.81652102 ], [ -100.36102107, 44.79785378 ], [ -100.342239, 44.77765154 ], [ -100.32215158, 44.75920591 ], [ -100.29630993, 44.73878205 ], [ -100.2832821, 44.72843959 ], [ -100.24441261, 44.70085808 ], [ -100.2430594, 44.69991256 ], [ -100.20688423, 44.66104308 ], [ -100.2055431, 44.65918451 ], [ -100.17854483, 44.62217357 ], [ -100.16667361, 44.60445352 ], [ -100.1505693, 44.58330408 ], [ -100.12780413, 44.55355774 ], [ -100.1210394, 44.5444346 ], [ -100.09876197, 44.50556511 ], [ -100.08893465, 44.47963033 ], [ -100.08400015, 44.46669562 ], [ -100.07627875, 44.42782614 ], [ -100.07586266, 44.38895665 ], [ -100.08246669, 44.35008716 ], [ -100.08893465, 44.33102182 ], [ -100.09583965, 44.31121765 ], [ -100.11586909, 44.27234817 ], [ -100.12780413, 44.25404026 ], [ -100.14525298, 44.23347868 ], [ -100.16667361, 44.21872238 ], [ -100.2055431, 44.20550463 ], [ -100.24441261, 44.19770439 ], [ -100.26732788, 44.1946092 ], [ -100.2832821, 44.19271538 ], [ -100.32215158, 44.18955379 ], [ -100.36102107, 44.18756739 ], [ -100.39989055, 44.18629098 ], [ -100.43876003, 44.18567332 ], [ -100.47762955, 44.18538242 ], [ -100.51649903, 44.18526889 ], [ -100.55536852, 44.18566129 ], [ -100.594238, 44.18668073 ], [ -100.63310748, 44.18854119 ], [ -100.67197697, 44.19125613 ], [ -100.70166735, 44.1946092 ], [ -100.71084648, 44.19562478 ], [ -100.74971597, 44.20296927 ], [ -100.78858545, 44.21319098 ], [ -100.82745494, 44.2260805 ], [ -100.84656671, 44.23347868 ], [ -100.86632442, 44.24109362 ], [ -100.9051939, 44.25799767 ], [ -100.93467948, 44.27234817 ], [ -100.94406342, 44.27687883 ], [ -100.9829329, 44.29682947 ], [ -101.00911966, 44.31121765 ], [ -101.02180239, 44.31853618 ], [ -101.06067187, 44.34152271 ], [ -101.07476742, 44.35008716 ], [ -101.09954135, 44.36807146 ], [ -101.12781174, 44.38895665 ], [ -101.13841084, 44.39853389 ], [ -101.17031383, 44.42782614 ], [ -101.17728035, 44.43579478 ], [ -101.20384124, 44.46669562 ], [ -101.21614984, 44.48521982 ], [ -101.22937481, 44.50556511 ], [ -101.24721012, 44.5444346 ], [ -101.25501932, 44.57512084 ], [ -101.25702284, 44.58330408 ], [ -101.26195871, 44.62217357 ], [ -101.26690605, 44.66104308 ], [ -101.27183519, 44.69991256 ], [ -101.27681362, 44.73878205 ], [ -101.28184642, 44.77765154 ], [ -101.28705734, 44.81652102 ], [ -101.29249698, 44.85539051 ], [ -101.29388881, 44.86516723 ], [ -101.29805644, 44.89426 ], [ -101.30394851, 44.93312948 ], [ -101.31028553, 44.97199899 ], [ -101.31723091, 45.01086848 ], [ -101.32487366, 45.04973796 ], [ -101.33275829, 45.08596924 ], [ -101.33333976, 45.08860745 ], [ -101.34214934, 45.12747694 ], [ -101.35190186, 45.16634642 ], [ -101.36269744, 45.20521591 ], [ -101.37162777, 45.2350856 ], [ -101.37433403, 45.2440854 ], [ -101.38632706, 45.28295491 ], [ -101.39919095, 45.32182439 ], [ -101.41049729, 45.35422687 ], [ -101.41279379, 45.36069388 ], [ -101.42672213, 45.39956336 ], [ -101.44161923, 45.43843285 ], [ -101.44936677, 45.45885574 ], [ -101.45638695, 45.47730234 ], [ -101.47015934, 45.51617182 ], [ -101.48307768, 45.55504131 ], [ -101.48823626, 45.57214737 ], [ -101.4946223, 45.59391082 ], [ -101.50571254, 45.63278031 ], [ -101.5164032, 45.67164979 ], [ -101.52629698, 45.71051928 ], [ -101.52710574, 45.71426641 ], [ -101.53434748, 45.74938876 ], [ -101.54051418, 45.78825825 ], [ -101.544023, 45.82712774 ], [ -101.54677289, 45.86599722 ], [ -101.55077125, 45.90486673 ], [ -101.5562349, 45.94373622 ], [ -101.56100267, 45.9826057 ], [ -101.56341726, 46.02147519 ] ], [ [ -103.29768311, 46.95434293 ], [ -103.29600968, 46.99321242 ], [ -103.28881798, 47.0320819 ], [ -103.27623277, 47.06893493 ], [ -103.27558668, 47.07095139 ], [ -103.25742692, 47.10982088 ], [ -103.23736325, 47.14153853 ], [ -103.23305614, 47.14869039 ], [ -103.20382079, 47.18755987 ], [ -103.19849377, 47.19344184 ], [ -103.16970453, 47.22642936 ], [ -103.15962429, 47.23632966 ], [ -103.130774, 47.26529884 ], [ -103.1207548, 47.27412295 ], [ -103.08691787, 47.30416833 ], [ -103.08188532, 47.30816503 ], [ -103.04301583, 47.33884573 ], [ -103.03757699, 47.34303782 ], [ -103.00414632, 47.36635313 ], [ -102.98065854, 47.3819073 ], [ -102.96527683, 47.39118431 ], [ -102.92640735, 47.41179068 ], [ -102.90494171, 47.42077679 ], [ -102.88753787, 47.42744707 ], [ -102.84866838, 47.43803236 ], [ -102.8097989, 47.44357803 ], [ -102.77092938, 47.4452814 ], [ -102.7320599, 47.44394602 ], [ -102.69319042, 47.43933128 ], [ -102.65432093, 47.4309812 ], [ -102.62410563, 47.42077679 ], [ -102.61545145, 47.41785061 ], [ -102.57658196, 47.39755321 ], [ -102.55720404, 47.3819073 ], [ -102.53771245, 47.36574609 ], [ -102.5184528, 47.34303782 ], [ -102.49884296, 47.31635746 ], [ -102.48973957, 47.30416833 ], [ -102.46703614, 47.26529884 ], [ -102.45997348, 47.24792457 ], [ -102.45037139, 47.22642936 ], [ -102.4411461, 47.18755987 ], [ -102.4393526, 47.14869039 ], [ -102.44408608, 47.10982088 ], [ -102.45571533, 47.07095139 ], [ -102.45997348, 47.06270909 ], [ -102.46864128, 47.0320819 ], [ -102.48301713, 46.99321242 ], [ -102.49774171, 46.95434293 ], [ -102.49411542, 46.91547345 ], [ -102.49292629, 46.87660396 ], [ -102.48778993, 46.83773447 ], [ -102.4817178, 46.79886496 ], [ -102.47639783, 46.75999548 ], [ -102.471934, 46.72112599 ], [ -102.46822206, 46.6822565 ], [ -102.46514164, 46.64338702 ], [ -102.46250478, 46.60451753 ], [ -102.46047273, 46.56564805 ], [ -102.45997348, 46.55729669 ], [ -102.45681392, 46.52677856 ], [ -102.45322196, 46.48790905 ], [ -102.44903504, 46.44903956 ], [ -102.44398288, 46.41017008 ], [ -102.43820156, 46.37130059 ], [ -102.43214695, 46.3324311 ], [ -102.42691552, 46.29356162 ], [ -102.4238777, 46.25469213 ], [ -102.42444598, 46.21582265 ], [ -102.43043718, 46.17695314 ], [ -102.44263244, 46.13808365 ], [ -102.45997348, 46.11867201 ], [ -102.49884296, 46.13057957 ], [ -102.50800446, 46.13808365 ], [ -102.53771245, 46.16815801 ], [ -102.54386913, 46.17695314 ], [ -102.57658196, 46.21401677 ], [ -102.57778792, 46.21582265 ], [ -102.61354742, 46.25469213 ], [ -102.61545145, 46.2559779 ], [ -102.65432093, 46.28862985 ], [ -102.65927588, 46.29356162 ], [ -102.69319042, 46.31734122 ], [ -102.71286857, 46.3324311 ], [ -102.7320599, 46.34302484 ], [ -102.77092938, 46.35887311 ], [ -102.8097989, 46.36689198 ], [ -102.83951328, 46.37130059 ], [ -102.84866838, 46.37244196 ], [ -102.88753787, 46.37869792 ], [ -102.92640735, 46.38964881 ], [ -102.96527683, 46.4095131 ], [ -102.96623304, 46.41017008 ], [ -103.00414632, 46.4405733 ], [ -103.01343845, 46.44903956 ], [ -103.04301583, 46.47877483 ], [ -103.05172312, 46.48790905 ], [ -103.08188532, 46.52198477 ], [ -103.08610293, 46.52677856 ], [ -103.11804, 46.56564805 ], [ -103.1207548, 46.56921523 ], [ -103.14805976, 46.60451753 ], [ -103.15962429, 46.62115951 ], [ -103.17550784, 46.64338702 ], [ -103.19849377, 46.67971463 ], [ -103.2001744, 46.6822565 ], [ -103.2226233, 46.72112599 ], [ -103.23736325, 46.75067067 ], [ -103.2423868, 46.75999548 ], [ -103.26009272, 46.79886496 ], [ -103.27461821, 46.83773447 ], [ -103.27623277, 46.84353281 ], [ -103.28645345, 46.87660396 ], [ -103.29435187, 46.91547345 ], [ -103.29768311, 46.95434293 ] ], [ [ -101.91051775, 48.27590556 ], [ -101.90721525, 48.31477504 ], [ -101.89621124, 48.35364453 ], [ -101.87801684, 48.39251404 ], [ -101.87693116, 48.39414032 ], [ -101.84327534, 48.43138353 ], [ -101.83806164, 48.4354403 ], [ -101.79919216, 48.45648277 ], [ -101.76032268, 48.46643579 ], [ -101.72145319, 48.46793978 ], [ -101.68258371, 48.46303841 ], [ -101.64371422, 48.45326474 ], [ -101.60484471, 48.44142612 ], [ -101.56597522, 48.43183044 ], [ -101.55514746, 48.43138353 ], [ -101.52710574, 48.43063671 ], [ -101.52130116, 48.43138353 ], [ -101.48823626, 48.4361277 ], [ -101.44936677, 48.44770999 ], [ -101.41049729, 48.46223019 ], [ -101.38786668, 48.47025301 ], [ -101.37162777, 48.47656753 ], [ -101.33275829, 48.48952677 ], [ -101.29388881, 48.4963934 ], [ -101.25501932, 48.49745128 ], [ -101.21614984, 48.49422881 ], [ -101.17728035, 48.4871176 ], [ -101.13841084, 48.47578074 ], [ -101.12449639, 48.47025301 ], [ -101.09954135, 48.45935853 ], [ -101.06067187, 48.43557717 ], [ -101.05525947, 48.43138353 ], [ -101.02180239, 48.39817319 ], [ -101.01725356, 48.39251404 ], [ -100.99525303, 48.35364453 ], [ -100.98395726, 48.31477504 ], [ -100.9829329, 48.30200497 ], [ -100.9810169, 48.27590556 ], [ -100.9829329, 48.25837703 ], [ -100.98502194, 48.23703607 ], [ -100.99506478, 48.19816659 ], [ -101.01055526, 48.1592971 ], [ -101.02180239, 48.13952203 ], [ -101.03148664, 48.12042761 ], [ -101.05765316, 48.08155813 ], [ -101.06067187, 48.07817585 ], [ -101.08782464, 48.04268862 ], [ -101.09954135, 48.03080921 ], [ -101.12371765, 48.00381913 ], [ -101.13841084, 47.99198425 ], [ -101.17392799, 47.96494964 ], [ -101.17728035, 47.96307311 ], [ -101.21614984, 47.93596195 ], [ -101.22769415, 47.92608016 ], [ -101.25501932, 47.90645805 ], [ -101.28431956, 47.88721067 ], [ -101.29388881, 47.88132335 ], [ -101.33275829, 47.86222245 ], [ -101.36838413, 47.84834119 ], [ -101.37162777, 47.84695882 ], [ -101.41049729, 47.83544608 ], [ -101.44936677, 47.82894709 ], [ -101.48823626, 47.82786823 ], [ -101.52710574, 47.83283532 ], [ -101.56597522, 47.84369011 ], [ -101.57856491, 47.84834119 ], [ -101.60484471, 47.86001387 ], [ -101.64371422, 47.88210776 ], [ -101.65285773, 47.88721067 ], [ -101.68258371, 47.91169535 ], [ -101.69947784, 47.92608016 ], [ -101.72145319, 47.95424808 ], [ -101.73126319, 47.96494964 ], [ -101.76032268, 48.00097464 ], [ -101.76518728, 48.00381913 ], [ -101.79919216, 48.02221926 ], [ -101.8335065, 48.04268862 ], [ -101.83806164, 48.04572534 ], [ -101.86386065, 48.08155813 ], [ -101.87693116, 48.10604224 ], [ -101.88189303, 48.12042761 ], [ -101.89278481, 48.1592971 ], [ -101.90129781, 48.19816659 ], [ -101.90737464, 48.23703607 ], [ -101.91051775, 48.27590556 ] ] ] } },
{ "type": "Feature", "properties": { "Lower": 5.0 }, "geometry": { "type": "Polygon", "coordinates": [ [ [ -99.81339749, 45.47730234 ], [ -99.80681472, 45.51617182 ], [ -99.77797874, 45.52451019 ], [ -99.73910923, 45.5185741 ], [ -99.73376021, 45.51617182 ], [ -99.70023974, 45.50078943 ], [ -99.66137026, 45.48323361 ], [ -99.65307044, 45.47730234 ], [ -99.62250078, 45.45471895 ], [ -99.60251942, 45.43843285 ], [ -99.58363129, 45.40746063 ], [ -99.57937924, 45.39956336 ], [ -99.58363129, 45.38570563 ], [ -99.59763685, 45.36069388 ], [ -99.62250078, 45.33262705 ], [ -99.64483771, 45.32182439 ], [ -99.66137026, 45.3147957 ], [ -99.70023974, 45.31531631 ], [ -99.71633138, 45.32182439 ], [ -99.73910923, 45.33431659 ], [ -99.76421926, 45.36069388 ], [ -99.77797874, 45.3799926 ], [ -99.79057461, 45.39956336 ], [ -99.80731658, 45.43843285 ], [ -99.81339749, 45.47730234 ] ] ] } },
{ "type": "Feature", "properties": { "Lower": 5.0 }, "geometry": { "type": "Polygon", "coordinates": [ [ [ -98.02644726, 48.39251404 ], [ -98.02000728, 48.43138353 ], [ -98.00361421, 48.47025301 ], [ -97.98998223, 48.48487515 ], [ -97.97644032, 48.5091225 ], [ -97.95111275, 48.53224619 ], [ -97.93124464, 48.54799199 ], [ -97.91224326, 48.55636607 ], [ -97.87337375, 48.56465775 ], [ -97.83450426, 48.55910157 ], [ -97.82039817, 48.54799199 ], [ -97.79563478, 48.5096664 ], [ -97.79527364, 48.5091225 ], [ -97.77114526, 48.47025301 ], [ -97.7567653, 48.44491028 ], [ -97.74687558, 48.43138353 ], [ -97.72249322, 48.39251404 ], [ -97.71789581, 48.38429742 ], [ -97.69934118, 48.35364453 ], [ -97.67902633, 48.32075049 ], [ -97.67511188, 48.31477504 ], [ -97.64979847, 48.27590556 ], [ -97.64015681, 48.26188527 ], [ -97.62066726, 48.23703607 ], [ -97.60128733, 48.21378018 ], [ -97.58736577, 48.19816659 ], [ -97.56241784, 48.17113814 ], [ -97.55213543, 48.1592971 ], [ -97.52354836, 48.12757996 ], [ -97.51849721, 48.12042761 ], [ -97.49082842, 48.08155813 ], [ -97.48467888, 48.07316475 ], [ -97.47394365, 48.04268862 ], [ -97.46313206, 48.00381913 ], [ -97.45902566, 47.96494964 ], [ -97.47169866, 47.92608016 ], [ -97.48467888, 47.91365155 ], [ -97.52354836, 47.91402728 ], [ -97.54096115, 47.92608016 ], [ -97.56241784, 47.94941826 ], [ -97.58102754, 47.96494964 ], [ -97.60128733, 47.98623299 ], [ -97.62264755, 48.00381913 ], [ -97.64015681, 48.01996635 ], [ -97.66899293, 48.04268862 ], [ -97.67902633, 48.05106897 ], [ -97.71789581, 48.07983295 ], [ -97.72005806, 48.08155813 ], [ -97.7567653, 48.11182784 ], [ -97.76775228, 48.12042761 ], [ -97.79563478, 48.14143225 ], [ -97.81995461, 48.1592971 ], [ -97.83450426, 48.16916502 ], [ -97.87337375, 48.19570887 ], [ -97.87676689, 48.19816659 ], [ -97.91224326, 48.22258615 ], [ -97.93223618, 48.23703607 ], [ -97.95111275, 48.25119327 ], [ -97.97474613, 48.27590556 ], [ -97.98998223, 48.29398937 ], [ -98.00383936, 48.31477504 ], [ -98.02121761, 48.35364453 ], [ -98.02644726, 48.39251404 ] ] ] } },
{ "type": "Feature", "properties": { "Lower": 5.0 }, "geometry": { "type": "Polygon", "coordinates": [ [ [ -111.34699882, 48.89781738 ], [ -111.32221701, 48.90753897 ], [ -111.29307813, 48.93668687 ], [ -111.28334753, 48.9464175 ], [ -111.24447804, 48.94642377 ], [ -111.21535391, 48.97555636 ], [ -111.20560856, 48.98530173 ], [ -111.16673905, 48.98530734 ], [ -111.12786956, 48.98531255 ], [ -111.09876306, 49.01442587 ], [ -111.08900008, 49.02418883 ], [ -111.05013059, 49.024193 ], [ -111.01126111, 49.02419671 ], [ -110.98216702, 49.05329535 ], [ -110.98211322, 49.05329535 ], [ -111.00742633, 49.01442587 ], [ -110.98984874, 48.97555636 ], [ -110.97319253, 48.93668687 ], [ -110.97239162, 48.93482603 ], [ -110.95544839, 48.89781738 ], [ -110.93844367, 48.8589479 ], [ -110.93352211, 48.84771491 ], [ -110.92068154, 48.82007841 ], [ -110.90301874, 48.78120893 ], [ -110.89465263, 48.76279118 ], [ -110.88485029, 48.74233944 ], [ -110.86632674, 48.70346995 ], [ -110.85578314, 48.68125674 ], [ -110.84745468, 48.66460044 ], [ -110.82580266, 48.62573096 ], [ -110.81691366, 48.62105934 ], [ -110.77804417, 48.60593319 ], [ -110.73917469, 48.5965253 ], [ -110.70030518, 48.59151513 ], [ -110.66143569, 48.58969 ], [ -110.62256621, 48.59046598 ], [ -110.58369672, 48.59359055 ], [ -110.54482724, 48.60004528 ], [ -110.50595775, 48.61069843 ], [ -110.46708824, 48.62095807 ], [ -110.45122264, 48.62573096 ], [ -110.42821876, 48.64953707 ], [ -110.41788342, 48.66460044 ], [ -110.41822227, 48.70346995 ], [ -110.42068346, 48.74233944 ], [ -110.42433526, 48.78120893 ], [ -110.42821876, 48.81798301 ], [ -110.42853044, 48.82007841 ], [ -110.43438769, 48.8589479 ], [ -110.44003851, 48.89781738 ], [ -110.44536504, 48.93668687 ], [ -110.45029797, 48.97555636 ], [ -110.45482562, 49.01442587 ], [ -110.45893007, 49.05329535 ], [ -110.46258357, 49.09216484 ], [ -110.46579399, 49.13103433 ], [ -110.46708824, 49.1496827 ], [ -110.46902423, 49.16990381 ], [ -110.50595775, 49.17962779 ], [ -110.50595775, 49.17968157 ], [ -110.46708824, 49.17967463 ], [ -110.43797927, 49.2087733 ], [ -110.42821876, 49.2185338 ], [ -110.38934927, 49.21852104 ], [ -110.35047979, 49.21850537 ], [ -110.31890328, 49.2087733 ], [ -110.31692629, 49.16990381 ], [ -110.31463939, 49.13103433 ], [ -110.31205888, 49.09216484 ], [ -110.3116103, 49.08594292 ], [ -110.30944243, 49.05329535 ], [ -110.30669127, 49.01442587 ], [ -110.30384568, 48.97555636 ], [ -110.30093824, 48.93668687 ], [ -110.29806818, 48.89781738 ], [ -110.29533427, 48.8589479 ], [ -110.29289906, 48.82007841 ], [ -110.29096902, 48.78120893 ], [ -110.28968216, 48.74233944 ], [ -110.2888935, 48.70346995 ], [ -110.28820367, 48.66460044 ], [ -110.29118325, 48.62573096 ], [ -110.3116103, 48.61463508 ], [ -110.35047979, 48.59706804 ], [ -110.37606201, 48.58686147 ], [ -110.38934927, 48.57996963 ], [ -110.42821876, 48.56190196 ], [ -110.46141693, 48.54799199 ], [ -110.46708824, 48.54471275 ], [ -110.50595775, 48.52496819 ], [ -110.54317261, 48.5091225 ], [ -110.54482724, 48.50824982 ], [ -110.58369672, 48.4904162 ], [ -110.62256621, 48.47720039 ], [ -110.65194328, 48.47025301 ], [ -110.66143569, 48.46750709 ], [ -110.70030518, 48.4598851 ], [ -110.73917469, 48.45476228 ], [ -110.77804417, 48.45173135 ], [ -110.81691366, 48.45053625 ], [ -110.85578314, 48.45105259 ], [ -110.89465263, 48.45320168 ], [ -110.93352211, 48.45689828 ], [ -110.97239162, 48.46210312 ], [ -111.01126111, 48.46876812 ], [ -111.01858756, 48.47025301 ], [ -111.05013059, 48.47622889 ], [ -111.08900008, 48.48475236 ], [ -111.12786956, 48.49433336 ], [ -111.16673905, 48.50614384 ], [ -111.17447915, 48.5091225 ], [ -111.20560856, 48.5373237 ], [ -111.21332169, 48.54799199 ], [ -111.22821541, 48.58686147 ], [ -111.24319656, 48.62573096 ], [ -111.24447804, 48.62902535 ], [ -111.25802368, 48.66460044 ], [ -111.27290411, 48.70346995 ], [ -111.28334753, 48.73062779 ], [ -111.28777102, 48.74233944 ], [ -111.30258073, 48.78120893 ], [ -111.31742282, 48.82007841 ], [ -111.32221701, 48.83252928 ], [ -111.33222317, 48.8589479 ], [ -111.34699882, 48.89781738 ] ] ] } },
{ "type": "Feature", "properties": { "Lower": 5.0 }, "geometry": { "type": "Polygon", "coordinates": [ [ [ -95.91465186, 47.4596463 ], [ -95.9092944, 47.49851579 ], [ -95.89881075, 47.53738527 ], [ -95.89102981, 47.55799024 ], [ -95.88296476, 47.57625476 ], [ -95.86219021, 47.61512424 ], [ -95.85216033, 47.62762574 ], [ -95.82862927, 47.65399373 ], [ -95.81329085, 47.67139519 ], [ -95.79264204, 47.69286322 ], [ -95.77442133, 47.7199881 ], [ -95.76378769, 47.7317327 ], [ -95.73665903, 47.77060221 ], [ -95.73555185, 47.77242797 ], [ -95.70772537, 47.8094717 ], [ -95.69668236, 47.82562839 ], [ -95.67843898, 47.84834119 ], [ -95.65781288, 47.87609486 ], [ -95.64848406, 47.88721067 ], [ -95.6189434, 47.92466041 ], [ -95.61771401, 47.92608016 ], [ -95.58563166, 47.96494964 ], [ -95.58007391, 47.97185652 ], [ -95.55267284, 48.00381913 ], [ -95.5412044, 48.01743089 ], [ -95.51889657, 48.04268862 ], [ -95.50233491, 48.06158516 ], [ -95.46346543, 48.05241449 ], [ -95.45373957, 48.04268862 ], [ -95.42459594, 48.01355558 ], [ -95.41485949, 48.00381913 ], [ -95.38572646, 47.9746958 ], [ -95.37598028, 47.96494964 ], [ -95.37597583, 47.92608016 ], [ -95.34685698, 47.89696871 ], [ -95.33709893, 47.88721067 ], [ -95.30798746, 47.85810301 ], [ -95.29822563, 47.84834119 ], [ -95.29822484, 47.8094717 ], [ -95.26911798, 47.78036529 ], [ -95.25935491, 47.77060221 ], [ -95.25935488, 47.7317327 ], [ -95.25935497, 47.69286322 ], [ -95.2593551, 47.65399373 ], [ -95.23024849, 47.62488678 ], [ -95.22048595, 47.61512424 ], [ -95.22048642, 47.57625476 ], [ -95.22048716, 47.53738527 ], [ -95.2204882, 47.49851579 ], [ -95.22048968, 47.4596463 ], [ -95.22049161, 47.42077679 ], [ -95.22049408, 47.3819073 ], [ -95.22049718, 47.34303782 ], [ -95.22050097, 47.30416833 ], [ -95.22050545, 47.26529884 ], [ -95.22051069, 47.22642936 ], [ -95.19137901, 47.19729237 ], [ -95.18164651, 47.18755987 ], [ -95.1816531, 47.14869039 ], [ -95.18166038, 47.10982088 ], [ -95.19137901, 47.10351201 ], [ -95.23024849, 47.10757888 ], [ -95.24893137, 47.10982088 ], [ -95.26911798, 47.11239073 ], [ -95.30798746, 47.11801193 ], [ -95.34685698, 47.12428169 ], [ -95.38572646, 47.13120883 ], [ -95.42459594, 47.1388552 ], [ -95.46346543, 47.14732565 ], [ -95.46908958, 47.14869039 ], [ -95.50233491, 47.15698176 ], [ -95.5412044, 47.16766619 ], [ -95.58007391, 47.17961261 ], [ -95.60290331, 47.18755987 ], [ -95.6189434, 47.19311293 ], [ -95.65781288, 47.2080966 ], [ -95.69668236, 47.22504337 ], [ -95.69940416, 47.22642936 ], [ -95.73555185, 47.24426114 ], [ -95.77365816, 47.26529884 ], [ -95.77442133, 47.26572017 ], [ -95.81329085, 47.29056464 ], [ -95.83127802, 47.30416833 ], [ -95.85216033, 47.3201695 ], [ -95.87492887, 47.34303782 ], [ -95.89102981, 47.36116949 ], [ -95.90169111, 47.3819073 ], [ -95.9125972, 47.42077679 ], [ -95.91465186, 47.4596463 ] ] ] } },
{ "type": "Feature", "properties": { "Lower": 5.0 }, "geometry": { "type": "Polygon", "coordinates": [ [ [ -101.91051775, 48.27590556 ], [ -101.90721525, 48.31477504 ], [ -101.89621124, 48.35364453 ], [ -101.87801684, 48.39251404 ], [ -101.87693116, 48.39414032 ], [ -101.84327534, 48.43138353 ], [ -101.83806164, 48.4354403 ], [ -101.79919216, 48.45648277 ], [ -101.76032268, 48.46643579 ], [ -101.72145319, 48.46793978 ], [ -101.68258371, 48.46303841 ], [ -101.64371422, 48.45326474 ], [ -101.60484471, 48.44142612 ], [ -101.56597522, 48.43183044 ], [ -101.55514746, 48.43138353 ], [ -101.52710574, 48.43063671 ], [ -101.52130116, 48.43138353 ], [ -101.48823626, 48.4361277 ], [ -101.44936677, 48.44770999 ], [ -101.41049729, 48.46223019 ], [ -101.38786668, 48.47025301 ], [ -101.37162777, 48.47656753 ], [ -101.33275829, 48.48952677 ], [ -101.29388881, 48.4963934 ], [ -101.25501932, 48.49745128 ], [ -101.21614984, 48.49422881 ], [ -101.17728035, 48.4871176 ], [ -101.13841084, 48.47578074 ], [ -101.12449639, 48.47025301 ], [ -101.09954135, 48.45935853 ], [ -101.06067187, 48.43557717 ], [ -101.05525947, 48.43138353 ], [ -101.02180239, 48.39817319 ], [ -101.01725356, 48.39251404 ], [ -100.99525303, 48.35364453 ], [ -100.98395726, 48.31477504 ], [ -100.9829329, 48.30200497 ], [ -100.9810169, 48.27590556 ], [ -100.9829329, 48.25837703 ], [ -100.98502194, 48.23703607 ], [ -100.99506478, 48.19816659 ], [ -101.01055526, 48.1592971 ], [ -101.02180239, 48.13952203 ], [ -101.03148664, 48.12042761 ], [ -101.05765316, 48.08155813 ], [ -101.06067187, 48.07817585 ], [ -101.08782464, 48.04268862 ], [ -101.09954135, 48.03080921 ], [ -101.12371765, 48.00381913 ], [ -101.13841084, 47.99198425 ], [ -101.17392799, 47.96494964 ], [ -101.17728035, 47.96307311 ], [ -101.21614984, 47.93596195 ], [ -101.22769415, 47.92608016 ], [ -101.25501932, 47.90645805 ], [ -101.28431956, 47.88721067 ], [ -101.29388881, 47.88132335 ], [ -101.33275829, 47.86222245 ], [ -101.36838413, 47.84834119 ], [ -101.37162777, 47.84695882 ], [ -101.41049729, 47.83544608 ], [ -101.44936677, 47.82894709 ], [ -101.48823626, 47.82786823 ], [ -101.52710574, 47.83283532 ], [ -101.56597522, 47.84369011 ], [ -101.57856491, 47.84834119 ], [ -101.60484471, 47.86001387 ], [ -101.64371422, 47.88210776 ], [ -101.65285773, 47.88721067 ], [ -101.68258371, 47.91169535 ], [ -101.69947784, 47.92608016 ], [ -101.72145319, 47.95424808 ], [ -101.73126319, 47.96494964 ], [ -101.76032268, 48.00097464 ], [ -101.76518728, 48.00381913 ], [ -101.79919216, 48.02221926 ], [ -101.8335065, 48.04268862 ], [ -101.83806164, 48.04572534 ], [ -101.86386065, 48.08155813 ], [ -101.87693116, 48.10604224 ], [ -101.88189303, 48.12042761 ], [ -101.89278481, 48.1592971 ], [ -101.90129781, 48.19816659 ], [ -101.90737464, 48.23703607 ], [ -101.91051775, 48.27590556 ] ], [ [ -101.53338611, 48.12042761 ], [ -101.52710574, 48.1557196 ], [ -101.52630112, 48.1592971 ], [ -101.50582472, 48.19816659 ], [ -101.48823626, 48.21672695 ], [ -101.45921854, 48.23703607 ], [ -101.44936677, 48.24154325 ], [ -101.41049729, 48.25004755 ], [ -101.37162777, 48.25825927 ], [ -101.33275829, 48.26549239 ], [ -101.29388881, 48.25664695 ], [ -101.26148475, 48.23703607 ], [ -101.25501932, 48.23130816 ], [ -101.23291567, 48.19816659 ], [ -101.2225905, 48.1592971 ], [ -101.22318001, 48.12042761 ], [ -101.23128988, 48.08155813 ], [ -101.24718796, 48.04268862 ], [ -101.25501932, 48.03343452 ], [ -101.28198104, 48.00381913 ], [ -101.29388881, 47.99275513 ], [ -101.33275829, 47.96986201 ], [ -101.35217395, 47.96494964 ], [ -101.37162777, 47.96096828 ], [ -101.41049729, 47.96264179 ], [ -101.42000244, 47.96494964 ], [ -101.44936677, 47.97598853 ], [ -101.48823626, 48.00037421 ], [ -101.49219867, 48.00381913 ], [ -101.51998379, 48.04268862 ], [ -101.52710574, 48.06396209 ], [ -101.53204891, 48.08155813 ], [ -101.53338611, 48.12042761 ] ] ] } },
{ "type": "Feature", "properties": { "Lower": 5.0 }, "geometry": { "type": "Polygon", "coordinates": [ [ [ -99.79172803, 38.94722815 ], [ -99.7836378, 38.98609764 ], [ -99.77797874, 39.00606293 ], [ -99.77257197, 39.02496715 ], [ -99.76715528, 39.06383664 ], [ -99.75870846, 39.10270612 ], [ -99.75063317, 39.14157561 ], [ -99.74250372, 39.18044509 ], [ -99.73910923, 39.19637939 ], [ -99.73377918, 39.21931458 ], [ -99.7251738, 39.25818407 ], [ -99.71594733, 39.29705355 ], [ -99.70723068, 39.33592306 ], [ -99.70023974, 39.35747731 ], [ -99.69467707, 39.37479255 ], [ -99.68782883, 39.41366204 ], [ -99.67818841, 39.45253152 ], [ -99.66849355, 39.49140101 ], [ -99.66137026, 39.51744908 ], [ -99.6575775, 39.53027049 ], [ -99.64421585, 39.56913998 ], [ -99.62952458, 39.60800947 ], [ -99.62250078, 39.6250673 ], [ -99.61285626, 39.64687898 ], [ -99.59444162, 39.68574846 ], [ -99.58363129, 39.70286837 ], [ -99.56151564, 39.72461795 ], [ -99.54476181, 39.73779442 ], [ -99.50589229, 39.75626866 ], [ -99.4921165, 39.76348743 ], [ -99.46702281, 39.77765209 ], [ -99.42815332, 39.79183645 ], [ -99.40395828, 39.80235692 ], [ -99.38928384, 39.80792761 ], [ -99.35041436, 39.81418013 ], [ -99.31154487, 39.82279276 ], [ -99.27267536, 39.82974484 ], [ -99.23380587, 39.83599102 ], [ -99.19493639, 39.83600419 ], [ -99.17780038, 39.84122641 ], [ -99.15606691, 39.84760752 ], [ -99.11719742, 39.84960293 ], [ -99.07832794, 39.84646413 ], [ -99.03945842, 39.84646413 ], [ -99.00058894, 39.84942814 ], [ -98.96171945, 39.84751958 ], [ -98.94072266, 39.84122641 ], [ -98.92284997, 39.83549728 ], [ -98.88398049, 39.83172447 ], [ -98.845111, 39.83083596 ], [ -98.80624149, 39.82456613 ], [ -98.767372, 39.81792672 ], [ -98.72850252, 39.81027938 ], [ -98.7075392, 39.80235692 ], [ -98.68963304, 39.79601194 ], [ -98.65076355, 39.79155319 ], [ -98.61189407, 39.78075597 ], [ -98.60217653, 39.76348743 ], [ -98.60217623, 39.72461795 ], [ -98.61189407, 39.71490013 ], [ -98.64104536, 39.68574846 ], [ -98.64104511, 39.64687898 ], [ -98.65076355, 39.63716054 ], [ -98.67991429, 39.60800947 ], [ -98.68963304, 39.59829075 ], [ -98.7187835, 39.56913998 ], [ -98.71878334, 39.53027049 ], [ -98.72850252, 39.52055132 ], [ -98.75765263, 39.49140101 ], [ -98.75765249, 39.45253152 ], [ -98.767372, 39.442812 ], [ -98.79652181, 39.41366204 ], [ -98.79652173, 39.37479255 ], [ -98.80624149, 39.36507276 ], [ -98.8353911, 39.33592306 ], [ -98.845111, 39.32620316 ], [ -98.87426051, 39.29705355 ], [ -98.87426048, 39.25818407 ], [ -98.88398049, 39.24846407 ], [ -98.91312991, 39.21931458 ], [ -98.91312991, 39.18044509 ], [ -98.92284997, 39.17072505 ], [ -98.95199939, 39.14157561 ], [ -98.96171945, 39.13185554 ], [ -98.99086888, 39.10270612 ], [ -98.99086888, 39.06383664 ], [ -99.00058894, 39.05411657 ], [ -99.03945842, 39.05411657 ], [ -99.06860785, 39.02496715 ], [ -99.07832794, 39.01524708 ], [ -99.10747736, 38.98609764 ], [ -99.11719742, 38.97637759 ], [ -99.14634684, 38.94722815 ], [ -99.15606691, 38.93750811 ], [ -99.19493639, 38.93750811 ], [ -99.23380587, 38.93750811 ], [ -99.2629553, 38.90835867 ], [ -99.27267536, 38.8986386 ], [ -99.31154487, 38.8986386 ], [ -99.35041436, 38.89863862 ], [ -99.38928384, 38.89863862 ], [ -99.42815332, 38.89863867 ], [ -99.46702281, 38.89863872 ], [ -99.50589229, 38.89863881 ], [ -99.54476181, 38.89863895 ], [ -99.55448151, 38.90835867 ], [ -99.58363129, 38.93750865 ], [ -99.62250078, 38.93750889 ], [ -99.66137026, 38.9375092 ], [ -99.70023974, 38.93750957 ], [ -99.73910923, 38.93751002 ], [ -99.77797874, 38.93751057 ], [ -99.79172803, 38.94722815 ] ] ] } },
{ "type": "Feature", "properties": { "Lower": 5.0 }, "geometry": { "type": "Polygon", "coordinates": [ [ [ -103.29768311, 46.95434293 ], [ -103.29600968, 46.99321242 ], [ -103.28881798, 47.0320819 ], [ -103.27623277, 47.06893493 ], [ -103.27558668, 47.07095139 ], [ -103.25742692, 47.10982088 ], [ -103.23736325, 47.14153853 ], [ -103.23305614, 47.14869039 ], [ -103.20382079, 47.18755987 ], [ -103.19849377, 47.19344184 ], [ -103.16970453, 47.22642936 ], [ -103.15962429, 47.23632966 ], [ -103.130774, 47.26529884 ], [ -103.1207548, 47.27412295 ], [ -103.08691787, 47.30416833 ], [ -103.08188532, 47.30816503 ], [ -103.04301583, 47.33884573 ], [ -103.03757699, 47.34303782 ], [ -103.00414632, 47.36635313 ], [ -102.98065854, 47.3819073 ], [ -102.96527683, 47.39118431 ], [ -102.92640735, 47.41179068 ], [ -102.90494171, 47.42077679 ], [ -102.88753787, 47.42744707 ], [ -102.84866838, 47.43803236 ], [ -102.8097989, 47.44357803 ], [ -102.77092938, 47.4452814 ], [ -102.7320599, 47.44394602 ], [ -102.69319042, 47.43933128 ], [ -102.65432093, 47.4309812 ], [ -102.62410563, 47.42077679 ], [ -102.61545145, 47.41785061 ], [ -102.57658196, 47.39755321 ], [ -102.55720404, 47.3819073 ], [ -102.53771245, 47.36574609 ], [ -102.5184528, 47.34303782 ], [ -102.49884296, 47.31635746 ], [ -102.48973957, 47.30416833 ], [ -102.46703614, 47.26529884 ], [ -102.45997348, 47.24792457 ], [ -102.45037139, 47.22642936 ], [ -102.4411461, 47.18755987 ], [ -102.4393526, 47.14869039 ], [ -102.44408608, 47.10982088 ], [ -102.45571533, 47.07095139 ], [ -102.45997348, 47.06270909 ], [ -102.46864128, 47.0320819 ], [ -102.48301713, 46.99321242 ], [ -102.49774171, 46.95434293 ], [ -102.49411542, 46.91547345 ], [ -102.49292629, 46.87660396 ], [ -102.48778993, 46.83773447 ], [ -102.4817178, 46.79886496 ], [ -102.47639783, 46.75999548 ], [ -102.471934, 46.72112599 ], [ -102.46822206, 46.6822565 ], [ -102.46514164, 46.64338702 ], [ -102.46250478, 46.60451753 ], [ -102.46047273, 46.56564805 ], [ -102.45997348, 46.55729669 ], [ -102.45681392, 46.52677856 ], [ -102.45322196, 46.48790905 ], [ -102.44903504, 46.44903956 ], [ -102.44398288, 46.41017008 ], [ -102.43820156, 46.37130059 ], [ -102.43214695, 46.3324311 ], [ -102.42691552, 46.29356162 ], [ -102.4238777, 46.25469213 ], [ -102.42444598, 46.21582265 ], [ -102.43043718, 46.17695314 ], [ -102.44263244, 46.13808365 ], [ -102.45997348, 46.11867201 ], [ -102.49884296, 46.13057957 ], [ -102.50800446, 46.13808365 ], [ -102.53771245, 46.16815801 ], [ -102.54386913, 46.17695314 ], [ -102.57658196, 46.21401677 ], [ -102.57778792, 46.21582265 ], [ -102.61354742, 46.25469213 ], [ -102.61545145, 46.2559779 ], [ -102.65432093, 46.28862985 ], [ -102.65927588, 46.29356162 ], [ -102.69319042, 46.31734122 ], [ -102.71286857, 46.3324311 ], [ -102.7320599, 46.34302484 ], [ -102.77092938, 46.35887311 ], [ -102.8097989, 46.36689198 ], [ -102.83951328, 46.37130059 ], [ -102.84866838, 46.37244196 ], [ -102.88753787, 46.37869792 ], [ -102.92640735, 46.38964881 ], [ -102.96527683, 46.4095131 ], [ -102.96623304, 46.41017008 ], [ -103.00414632, 46.4405733 ], [ -103.01343845, 46.44903956 ], [ -103.04301583, 46.47877483 ], [ -103.05172312, 46.48790905 ], [ -103.08188532, 46.52198477 ], [ -103.08610293, 46.52677856 ], [ -103.11804, 46.56564805 ], [ -103.1207548, 46.56921523 ], [ -103.14805976, 46.60451753 ], [ -103.15962429, 46.62115951 ], [ -103.17550784, 46.64338702 ], [ -103.19849377, 46.67971463 ], [ -103.2001744, 46.6822565 ], [ -103.2226233, 46.72112599 ], [ -103.23736325, 46.75067067 ], [ -103.2423868, 46.75999548 ], [ -103.26009272, 46.79886496 ], [ -103.27461821, 46.83773447 ], [ -103.27623277, 46.84353281 ], [ -103.28645345, 46.87660396 ], [ -103.29435187, 46.91547345 ], [ -103.29768311, 46.95434293 ] ], [ [ -102.87227441, 46.91547345 ], [ -102.86767105, 46.95434293 ], [ -102.85784158, 46.99321242 ], [ -102.84866838, 47.01692749 ], [ -102.84224521, 47.0320819 ], [ -102.82014379, 47.07095139 ], [ -102.8097989, 47.0847881 ], [ -102.78693657, 47.10982088 ], [ -102.77092938, 47.1228427 ], [ -102.7320599, 47.14562923 ], [ -102.72308508, 47.14869039 ], [ -102.69319042, 47.15676533 ], [ -102.65432093, 47.15979659 ], [ -102.61545145, 47.15302968 ], [ -102.60798406, 47.14869039 ], [ -102.57658196, 47.12894197 ], [ -102.56568337, 47.10982088 ], [ -102.54943411, 47.07095139 ], [ -102.53993583, 47.0320819 ], [ -102.53771245, 47.01404844 ], [ -102.53696344, 46.99321242 ], [ -102.53684206, 46.95434293 ], [ -102.53662674, 46.91547345 ], [ -102.53771245, 46.90883903 ], [ -102.55081212, 46.87660396 ], [ -102.56359126, 46.83773447 ], [ -102.57491221, 46.79886496 ], [ -102.57658196, 46.79305562 ], [ -102.59518864, 46.75999548 ], [ -102.61408621, 46.72112599 ], [ -102.61545145, 46.71833521 ], [ -102.64728032, 46.6822565 ], [ -102.65432093, 46.67429118 ], [ -102.69319042, 46.65050684 ], [ -102.7320599, 46.64474493 ], [ -102.77092938, 46.66250537 ], [ -102.79360245, 46.6822565 ], [ -102.8097989, 46.70066797 ], [ -102.82435069, 46.72112599 ], [ -102.84520779, 46.75999548 ], [ -102.84866838, 46.76888588 ], [ -102.85896867, 46.79886496 ], [ -102.86768014, 46.83773447 ], [ -102.87214073, 46.87660396 ], [ -102.87227441, 46.91547345 ] ] ] } },
{ "type": "Feature", "properties": { "Lower": 5.0 }, "geometry": { "type": "Polygon", "coordinates": [ [ [ -105.83621236, 47.0320819 ], [ -105.83583499, 47.07095139 ], [ -105.83056673, 47.10982088 ], [ -105.82038082, 47.14869039 ], [ -105.80493362, 47.18755987 ], [ -105.80274954, 47.19156595 ], [ -105.78439545, 47.22642936 ], [ -105.76388006, 47.25544195 ], [ -105.7571407, 47.26529884 ], [ -105.72501057, 47.30170588 ], [ -105.72287598, 47.30416833 ], [ -105.6876148, 47.34303782 ], [ -105.68614109, 47.34457694 ], [ -105.64984269, 47.3819073 ], [ -105.6472716, 47.38460323 ], [ -105.61189852, 47.42077679 ], [ -105.60840212, 47.42435261 ], [ -105.57252704, 47.4596463 ], [ -105.5695326, 47.46261144 ], [ -105.53291777, 47.49851579 ], [ -105.53066312, 47.50067697 ], [ -105.49179364, 47.53508007 ], [ -105.48916048, 47.53738527 ], [ -105.45292415, 47.56941343 ], [ -105.44479794, 47.57625476 ], [ -105.41405467, 47.60247665 ], [ -105.39838663, 47.61512424 ], [ -105.37518518, 47.63416322 ], [ -105.34923206, 47.65399373 ], [ -105.33631567, 47.66376562 ], [ -105.29744619, 47.68961553 ], [ -105.29189406, 47.69286322 ], [ -105.2585767, 47.71164209 ], [ -105.21970722, 47.72923271 ], [ -105.21263019, 47.7317327 ], [ -105.18083773, 47.74189335 ], [ -105.14196825, 47.7493072 ], [ -105.10309873, 47.75140466 ], [ -105.06422925, 47.75020925 ], [ -105.02535977, 47.74725376 ], [ -104.98649028, 47.7428385 ], [ -104.9476208, 47.73712247 ], [ -104.91859325, 47.7317327 ], [ -104.90875131, 47.73001275 ], [ -104.8698818, 47.72186083 ], [ -104.83101232, 47.71229299 ], [ -104.79214283, 47.70121574 ], [ -104.76647907, 47.69286322 ], [ -104.75327335, 47.68877226 ], [ -104.71440386, 47.67510302 ], [ -104.67553438, 47.65902736 ], [ -104.66500909, 47.65399373 ], [ -104.63666486, 47.64086144 ], [ -104.59779538, 47.62090142 ], [ -104.58737692, 47.61512424 ], [ -104.5589259, 47.59951828 ], [ -104.52005641, 47.57722207 ], [ -104.51843606, 47.57625476 ], [ -104.48118693, 47.55299635 ], [ -104.4567436, 47.53738527 ], [ -104.44231744, 47.52764681 ], [ -104.40344793, 47.50095989 ], [ -104.39995062, 47.49851579 ], [ -104.36457845, 47.47233961 ], [ -104.34750606, 47.4596463 ], [ -104.32570896, 47.44232987 ], [ -104.29870528, 47.42077679 ], [ -104.28683948, 47.41058942 ], [ -104.25335471, 47.3819073 ], [ -104.24796999, 47.37687377 ], [ -104.21168959, 47.34303782 ], [ -104.20910051, 47.34036774 ], [ -104.17391605, 47.30416833 ], [ -104.17023099, 47.29984721 ], [ -104.14048923, 47.26529884 ], [ -104.13136151, 47.25273367 ], [ -104.11211806, 47.22642936 ], [ -104.09249203, 47.19256597 ], [ -104.08954872, 47.18755987 ], [ -104.07419932, 47.14869039 ], [ -104.06701816, 47.10982088 ], [ -104.06725798, 47.07095139 ], [ -104.07502856, 47.0320819 ], [ -104.09049452, 46.99321242 ], [ -104.09249203, 46.9897804 ], [ -104.11356269, 46.95434293 ], [ -104.13136151, 46.931396 ], [ -104.14409056, 46.91547345 ], [ -104.17023099, 46.88835135 ], [ -104.18211556, 46.87660396 ], [ -104.20910051, 46.85553351 ], [ -104.23635988, 46.83773447 ], [ -104.24796999, 46.83145761 ], [ -104.28683948, 46.81245971 ], [ -104.31728817, 46.79886496 ], [ -104.32570896, 46.79547998 ], [ -104.36457845, 46.78067766 ], [ -104.40344793, 46.76672046 ], [ -104.42317431, 46.75999548 ], [ -104.44231744, 46.75400422 ], [ -104.48118693, 46.74234455 ], [ -104.52005641, 46.731261 ], [ -104.55580992, 46.72112599 ], [ -104.5589259, 46.72030206 ], [ -104.59779538, 46.71099811 ], [ -104.63666486, 46.70103993 ], [ -104.67553438, 46.69071197 ], [ -104.70570119, 46.6822565 ], [ -104.71440386, 46.67956875 ], [ -104.75327335, 46.66746162 ], [ -104.79214283, 46.65681284 ], [ -104.83101232, 46.64899951 ], [ -104.86541247, 46.64338702 ], [ -104.8698818, 46.64262371 ], [ -104.90875131, 46.63918738 ], [ -104.9476208, 46.63655378 ], [ -104.98649028, 46.63532713 ], [ -105.02535977, 46.63533844 ], [ -105.06422925, 46.63650689 ], [ -105.10309873, 46.63879351 ], [ -105.14196825, 46.64208871 ], [ -105.15350485, 46.64338702 ], [ -105.18083773, 46.64646978 ], [ -105.21970722, 46.65184504 ], [ -105.2585767, 46.65819921 ], [ -105.29744619, 46.66563581 ], [ -105.33631567, 46.67420717 ], [ -105.36904915, 46.6822565 ], [ -105.37518518, 46.68377962 ], [ -105.41405467, 46.69451594 ], [ -105.45292415, 46.70646115 ], [ -105.49179364, 46.71970357 ], [ -105.49565859, 46.72112599 ], [ -105.53066312, 46.73437745 ], [ -105.5695326, 46.75062693 ], [ -105.59009919, 46.75999548 ], [ -105.60840212, 46.76873294 ], [ -105.6472716, 46.78901413 ], [ -105.66467635, 46.79886496 ], [ -105.68614109, 46.81197456 ], [ -105.72263717, 46.83773447 ], [ -105.72501057, 46.83963148 ], [ -105.76388006, 46.87208433 ], [ -105.76862474, 46.87660396 ], [ -105.7993484, 46.91547345 ], [ -105.80274954, 46.92165332 ], [ -105.81944713, 46.95434293 ], [ -105.83119658, 46.99321242 ], [ -105.83621236, 47.0320819 ] ] ] } },
{ "type": "Feature", "properties": { "Lower": 5.0 }, "geometry": { "type": "Polygon", "coordinates": [ [ [ -101.56341726, 46.02147519 ], [ -101.56302055, 46.06034468 ], [ -101.55938976, 46.09921416 ], [ -101.55159578, 46.13808365 ], [ -101.53866401, 46.17695314 ], [ -101.52710574, 46.20112145 ], [ -101.51873235, 46.21582265 ], [ -101.49011334, 46.25469213 ], [ -101.48823626, 46.25683947 ], [ -101.45136345, 46.29356162 ], [ -101.44936677, 46.29532522 ], [ -101.41049729, 46.32625253 ], [ -101.40183553, 46.3324311 ], [ -101.37162777, 46.35253776 ], [ -101.34012036, 46.37130059 ], [ -101.33275829, 46.37548512 ], [ -101.29388881, 46.39564218 ], [ -101.2605729, 46.41017008 ], [ -101.25501932, 46.41251017 ], [ -101.21614984, 46.4251496 ], [ -101.17728035, 46.43349398 ], [ -101.13841084, 46.43754995 ], [ -101.09954135, 46.4374965 ], [ -101.06067187, 46.43338298 ], [ -101.02180239, 46.42531481 ], [ -100.9829329, 46.4131564 ], [ -100.97604915, 46.41017008 ], [ -100.94406342, 46.3961416 ], [ -100.9051939, 46.37482448 ], [ -100.90000031, 46.37130059 ], [ -100.86632442, 46.34776421 ], [ -100.84695009, 46.3324311 ], [ -100.82745494, 46.31616271 ], [ -100.80253678, 46.29356162 ], [ -100.78858545, 46.28004921 ], [ -100.76423129, 46.25469213 ], [ -100.74971597, 46.23843825 ], [ -100.73071261, 46.21582265 ], [ -100.71084648, 46.1900304 ], [ -100.70123637, 46.17695314 ], [ -100.67522127, 46.13808365 ], [ -100.67197697, 46.13276269 ], [ -100.65223128, 46.09921416 ], [ -100.63310748, 46.06404593 ], [ -100.63115057, 46.06034468 ], [ -100.61247307, 46.02147519 ], [ -100.59553697, 45.9826057 ], [ -100.594238, 45.97923263 ], [ -100.58107245, 45.94373622 ], [ -100.56924561, 45.90486673 ], [ -100.56063397, 45.86599722 ], [ -100.55664324, 45.82712774 ], [ -100.55660636, 45.78825825 ], [ -100.55871207, 45.74938876 ], [ -100.56372754, 45.71051928 ], [ -100.57356055, 45.67164979 ], [ -100.58842873, 45.63278031 ], [ -100.594238, 45.62072916 ], [ -100.60692753, 45.59391082 ], [ -100.62488516, 45.55504131 ], [ -100.63310748, 45.52935127 ], [ -100.63699318, 45.51617182 ], [ -100.64163564, 45.47730234 ], [ -100.63953096, 45.43843285 ], [ -100.63310748, 45.40488389 ], [ -100.63228993, 45.39956336 ], [ -100.62203693, 45.36069388 ], [ -100.60953715, 45.32182439 ], [ -100.594238, 45.2839051 ], [ -100.59393142, 45.28295491 ], [ -100.57962826, 45.2440854 ], [ -100.5631232, 45.20521591 ], [ -100.55536852, 45.18960147 ], [ -100.5465061, 45.16634642 ], [ -100.5303317, 45.12747694 ], [ -100.51649903, 45.09945885 ], [ -100.51211637, 45.08860745 ], [ -100.49524685, 45.04973796 ], [ -100.47762955, 45.01276826 ], [ -100.47682405, 45.01086848 ], [ -100.45920826, 44.97199899 ], [ -100.44033689, 44.93312948 ], [ -100.43876003, 44.9300888 ], [ -100.42123072, 44.89426 ], [ -100.40005208, 44.85539051 ], [ -100.39989055, 44.85512577 ], [ -100.37572535, 44.81652102 ], [ -100.36102107, 44.79785378 ], [ -100.342239, 44.77765154 ], [ -100.32215158, 44.75920591 ], [ -100.29630993, 44.73878205 ], [ -100.2832821, 44.72843959 ], [ -100.24441261, 44.70085808 ], [ -100.2430594, 44.69991256 ], [ -100.20688423, 44.66104308 ], [ -100.2055431, 44.65918451 ], [ -100.17854483, 44.62217357 ], [ -100.16667361, 44.60445352 ], [ -100.1505693, 44.58330408 ], [ -100.12780413, 44.55355774 ], [ -100.1210394, 44.5444346 ], [ -100.09876197, 44.50556511 ], [ -100.08893465, 44.47963033 ], [ -100.08400015, 44.46669562 ], [ -100.07627875, 44.42782614 ], [ -100.07586266, 44.38895665 ], [ -100.08246669, 44.35008716 ], [ -100.08893465, 44.33102182 ], [ -100.09583965, 44.31121765 ], [ -100.11586909, 44.27234817 ], [ -100.12780413, 44.25404026 ], [ -100.14525298, 44.23347868 ], [ -100.16667361, 44.21872238 ], [ -100.2055431, 44.20550463 ], [ -100.24441261, 44.19770439 ], [ -100.26732788, 44.1946092 ], [ -100.2832821, 44.19271538 ], [ -100.32215158, 44.18955379 ], [ -100.36102107, 44.18756739 ], [ -100.39989055, 44.18629098 ], [ -100.43876003, 44.18567332 ], [ -100.47762955, 44.18538242 ], [ -100.51649903, 44.18526889 ], [ -100.55536852, 44.18566129 ], [ -100.594238, 44.18668073 ], [ -100.63310748, 44.18854119 ], [ -100.67197697, 44.19125613 ], [ -100.70166735, 44.1946092 ], [ -100.71084648, 44.19562478 ], [ -100.74971597, 44.20296927 ], [ -100.78858545, 44.21319098 ], [ -100.82745494, 44.2260805 ], [ -100.84656671, 44.23347868 ], [ -100.86632442, 44.24109362 ], [ -100.9051939, 44.25799767 ], [ -100.93467948, 44.27234817 ], [ -100.94406342, 44.27687883 ], [ -100.9829329, 44.29682947 ], [ -101.00911966, 44.31121765 ], [ -101.02180239, 44.31853618 ], [ -101.06067187, 44.34152271 ], [ -101.07476742, 44.35008716 ], [ -101.09954135, 44.36807146 ], [ -101.12781174, 44.38895665 ], [ -101.13841084, 44.39853389 ], [ -101.17031383, 44.42782614 ], [ -101.17728035, 44.43579478 ], [ -101.20384124, 44.46669562 ], [ -101.21614984, 44.48521982 ], [ -101.22937481, 44.50556511 ], [ -101.24721012, 44.5444346 ], [ -101.25501932, 44.57512084 ], [ -101.25702284, 44.58330408 ], [ -101.26195871, 44.62217357 ], [ -101.26690605, 44.66104308 ], [ -101.27183519, 44.69991256 ], [ -101.27681362, 44.73878205 ], [ -101.28184642, 44.77765154 ], [ -101.28705734, 44.81652102 ], [ -101.29249698, 44.85539051 ], [ -101.29388881, 44.86516723 ], [ -101.29805644, 44.89426 ], [ -101.30394851, 44.93312948 ], [ -101.31028553, 44.97199899 ], [ -101.31723091, 45.01086848 ], [ -101.32487366, 45.04973796 ], [ -101.33275829, 45.08596924 ], [ -101.33333976, 45.08860745 ], [ -101.34214934, 45.12747694 ], [ -101.35190186, 45.16634642 ], [ -101.36269744, 45.20521591 ], [ -101.37162777, 45.2350856 ], [ -101.37433403, 45.2440854 ], [ -101.38632706, 45.28295491 ], [ -101.39919095, 45.32182439 ], [ -101.41049729, 45.35422687 ], [ -101.41279379, 45.36069388 ], [ -101.42672213, 45.39956336 ], [ -101.44161923, 45.43843285 ], [ -101.44936677, 45.45885574 ], [ -101.45638695, 45.47730234 ], [ -101.47015934, 45.51617182 ], [ -101.48307768, 45.55504131 ], [ -101.48823626, 45.57214737 ], [ -101.4946223, 45.59391082 ], [ -101.50571254, 45.63278031 ], [ -101.5164032, 45.67164979 ], [ -101.52629698, 45.71051928 ], [ -101.52710574, 45.71426641 ], [ -101.53434748, 45.74938876 ], [ -101.54051418, 45.78825825 ], [ -101.544023, 45.82712774 ], [ -101.54677289, 45.86599722 ], [ -101.55077125, 45.90486673 ], [ -101.5562349, 45.94373622 ], [ -101.56100267, 45.9826057 ], [ -101.56341726, 46.02147519 ] ], [ [ -101.03567028, 44.62217357 ], [ -101.03445976, 44.66104308 ], [ -101.03147211, 44.69991256 ], [ -101.02645364, 44.73878205 ], [ -101.02180239, 44.76398883 ], [ -101.01889857, 44.77765154 ], [ -101.00788036, 44.81652102 ], [ -100.99332483, 44.85539051 ], [ -100.9829329, 44.87775323 ], [ -100.97355289, 44.89426 ], [ -100.94645796, 44.93312948 ], [ -100.94406342, 44.93609394 ], [ -100.90642774, 44.97199899 ], [ -100.9051939, 44.9730109 ], [ -100.86632442, 44.9957143 ], [ -100.82745494, 45.0096841 ], [ -100.82084648, 45.01086848 ], [ -100.78858545, 45.01625257 ], [ -100.74971597, 45.01612758 ], [ -100.71937824, 45.01086848 ], [ -100.71084648, 45.00952131 ], [ -100.67197697, 44.9967096 ], [ -100.63310748, 44.97687483 ], [ -100.62691612, 44.97199899 ], [ -100.594238, 44.94891488 ], [ -100.5783107, 44.93312948 ], [ -100.55536852, 44.91278459 ], [ -100.54034373, 44.89426 ], [ -100.51649903, 44.86822372 ], [ -100.50829846, 44.85539051 ], [ -100.48010944, 44.81652102 ], [ -100.47762955, 44.81343634 ], [ -100.45543772, 44.77765154 ], [ -100.43876003, 44.75530416 ], [ -100.42552232, 44.73878205 ], [ -100.39989055, 44.71119313 ], [ -100.38825372, 44.69991256 ], [ -100.36102107, 44.67395904 ], [ -100.34640323, 44.66104308 ], [ -100.32215158, 44.63760082 ], [ -100.30816203, 44.62217357 ], [ -100.2832821, 44.58417261 ], [ -100.2827505, 44.58330408 ], [ -100.25972522, 44.5444346 ], [ -100.24441261, 44.52200631 ], [ -100.23292701, 44.50556511 ], [ -100.21103777, 44.46669562 ], [ -100.2055431, 44.44605827 ], [ -100.20113347, 44.42782614 ], [ -100.20277618, 44.38895665 ], [ -100.2055431, 44.38036843 ], [ -100.21778743, 44.35008716 ], [ -100.24441261, 44.31569197 ], [ -100.25016534, 44.31121765 ], [ -100.2832821, 44.2968119 ], [ -100.32215158, 44.28677835 ], [ -100.36102107, 44.27985391 ], [ -100.39989055, 44.27497417 ], [ -100.4312611, 44.27234817 ], [ -100.43876003, 44.27183118 ], [ -100.47762955, 44.27039295 ], [ -100.51649903, 44.2701768 ], [ -100.55536852, 44.27122039 ], [ -100.57606354, 44.27234817 ], [ -100.594238, 44.27351884 ], [ -100.63310748, 44.27732795 ], [ -100.67197697, 44.28474336 ], [ -100.71084648, 44.29527673 ], [ -100.74971597, 44.30784399 ], [ -100.75897583, 44.31121765 ], [ -100.78858545, 44.32468284 ], [ -100.82745494, 44.34354926 ], [ -100.84017479, 44.35008716 ], [ -100.86632442, 44.36697741 ], [ -100.89964172, 44.38895665 ], [ -100.9051939, 44.39359071 ], [ -100.94406342, 44.42644557 ], [ -100.94567265, 44.42782614 ], [ -100.98127284, 44.46669562 ], [ -100.9829329, 44.4691229 ], [ -101.00771548, 44.50556511 ], [ -101.02180239, 44.53522259 ], [ -101.02612614, 44.5444346 ], [ -101.03505084, 44.58330408 ], [ -101.03567028, 44.62217357 ] ] ] } },
{ "type": "Feature", "properties": { "Lower": 5.0 }, "geometry": { "type": "Polygon", "coordinates": [ [ [ -98.12392483, 44.23347868 ], [ -98.12317945, 44.27234817 ], [ -98.12062044, 44.31121765 ], [ -98.11622919, 44.35008716 ], [ -98.10997224, 44.38895665 ], [ -98.10659068, 44.40509637 ], [ -98.10190916, 44.42782614 ], [ -98.09205116, 44.46669562 ], [ -98.08031932, 44.50556511 ], [ -98.0677212, 44.54147767 ], [ -98.06666073, 44.5444346 ], [ -98.05055976, 44.58330408 ], [ -98.03174171, 44.62217357 ], [ -98.02885171, 44.62740684 ], [ -98.00900571, 44.66104308 ], [ -97.98998223, 44.68931634 ], [ -97.98230361, 44.69991256 ], [ -97.95111275, 44.73805621 ], [ -97.95046658, 44.73878205 ], [ -97.91224326, 44.77700538 ], [ -97.91152809, 44.77765154 ], [ -97.87337375, 44.80834703 ], [ -97.86179955, 44.81652102 ], [ -97.83450426, 44.8336374 ], [ -97.79563478, 44.85393353 ], [ -97.79224897, 44.85539051 ], [ -97.7567653, 44.86871807 ], [ -97.71789581, 44.8791053 ], [ -97.67902633, 44.88512629 ], [ -97.64015681, 44.88703628 ], [ -97.60128733, 44.88524704 ], [ -97.56241784, 44.87974374 ], [ -97.52354836, 44.87115276 ], [ -97.48467888, 44.86028481 ], [ -97.47033246, 44.85539051 ], [ -97.44580939, 44.8467741 ], [ -97.40693988, 44.83093949 ], [ -97.37100779, 44.81652102 ], [ -97.36807039, 44.81533165 ], [ -97.32920091, 44.80009465 ], [ -97.29033143, 44.78742051 ], [ -97.25338813, 44.77765154 ], [ -97.25146194, 44.77712901 ], [ -97.21259246, 44.76790029 ], [ -97.17372294, 44.75843488 ], [ -97.13485346, 44.74492481 ], [ -97.12385683, 44.73878205 ], [ -97.09598397, 44.71838949 ], [ -97.07427903, 44.69991256 ], [ -97.05711449, 44.68434821 ], [ -97.03037156, 44.66104308 ], [ -97.01824501, 44.65064955 ], [ -96.9821392, 44.62217357 ], [ -96.97937552, 44.62003977 ], [ -96.94050601, 44.59153306 ], [ -96.92896309, 44.58330408 ], [ -96.90163652, 44.55957133 ], [ -96.8844811, 44.5444346 ], [ -96.86276704, 44.52118651 ], [ -96.84776106, 44.50556511 ], [ -96.82389755, 44.47763153 ], [ -96.81414297, 44.46669562 ], [ -96.78502807, 44.43157653 ], [ -96.78176185, 44.42782614 ], [ -96.74965021, 44.38895665 ], [ -96.74615859, 44.38457467 ], [ -96.717132, 44.35008716 ], [ -96.70728907, 44.33817899 ], [ -96.68370422, 44.31121765 ], [ -96.66841959, 44.29355896 ], [ -96.64893621, 44.27234817 ], [ -96.6295501, 44.25101667 ], [ -96.61278136, 44.23347868 ], [ -96.59068062, 44.20997649 ], [ -96.57545748, 44.1946092 ], [ -96.55181114, 44.17040343 ], [ -96.53671217, 44.15573971 ], [ -96.51294165, 44.13236049 ], [ -96.49629234, 44.11687022 ], [ -96.47407214, 44.09593061 ], [ -96.45391077, 44.07800074 ], [ -96.43520265, 44.06115907 ], [ -96.40920431, 44.03913125 ], [ -96.39633317, 44.02809881 ], [ -96.36175789, 44.00026177 ], [ -96.35746368, 43.99676089 ], [ -96.3185942, 43.96683043 ], [ -96.31110364, 43.96139226 ], [ -96.27972472, 43.93833842 ], [ -96.2565972, 43.92252277 ], [ -96.2408552, 43.91160265 ], [ -96.2311322, 43.88365328 ], [ -96.23112495, 43.8447838 ], [ -96.2408552, 43.83505355 ], [ -96.26998395, 43.80591431 ], [ -96.26997857, 43.76704482 ], [ -96.27972472, 43.75729869 ], [ -96.30884064, 43.72817534 ], [ -96.30883718, 43.68930585 ], [ -96.3185942, 43.67954881 ], [ -96.34770232, 43.65043634 ], [ -96.35746368, 43.64067501 ], [ -96.38656933, 43.61156686 ], [ -96.38656889, 43.57269737 ], [ -96.39633317, 43.5629331 ], [ -96.42543868, 43.53382788 ], [ -96.42543992, 43.4949584 ], [ -96.43520265, 43.48519565 ], [ -96.46431212, 43.45608891 ], [ -96.4643147, 43.41721942 ], [ -96.47407214, 43.40746195 ], [ -96.50318885, 43.37834994 ], [ -96.51294165, 43.36859713 ], [ -96.54206391, 43.33948043 ], [ -96.54206798, 43.30061094 ], [ -96.55181114, 43.29086779 ], [ -96.58094405, 43.26174146 ], [ -96.58094858, 43.22287197 ], [ -96.59068062, 43.21313992 ], [ -96.6198251, 43.18400248 ], [ -96.61982971, 43.145133 ], [ -96.6295501, 43.1354126 ], [ -96.66841959, 43.14002923 ], [ -96.67779328, 43.145133 ], [ -96.70728907, 43.16056865 ], [ -96.74615859, 43.18063445 ], [ -96.75259612, 43.18400248 ], [ -96.78502807, 43.20017735 ], [ -96.82389755, 43.21940307 ], [ -96.83081747, 43.22287197 ], [ -96.86276704, 43.23812343 ], [ -96.90163652, 43.25658021 ], [ -96.91237024, 43.26174146 ], [ -96.94050601, 43.27466329 ], [ -96.97937552, 43.29249552 ], [ -96.99691354, 43.30061094 ], [ -97.01824501, 43.31006745 ], [ -97.05711449, 43.32738634 ], [ -97.08384817, 43.33948043 ], [ -97.09598397, 43.34473243 ], [ -97.13485346, 43.36172134 ], [ -97.17215534, 43.37834994 ], [ -97.17372294, 43.37901759 ], [ -97.21259246, 43.39593466 ], [ -97.25146194, 43.41335997 ], [ -97.25975948, 43.41721942 ], [ -97.29033143, 43.43074959 ], [ -97.32920091, 43.44870913 ], [ -97.34430665, 43.45608891 ], [ -97.36807039, 43.46714713 ], [ -97.40693988, 43.48650385 ], [ -97.42251708, 43.4949584 ], [ -97.44580939, 43.50706541 ], [ -97.48467888, 43.52874068 ], [ -97.49373221, 43.53382788 ], [ -97.52354836, 43.55013126 ], [ -97.56241784, 43.57189713 ], [ -97.56384674, 43.57269737 ], [ -97.60128733, 43.59311663 ], [ -97.63443646, 43.61156686 ], [ -97.64015681, 43.61462488 ], [ -97.67902633, 43.63445549 ], [ -97.71140105, 43.65043634 ], [ -97.71789581, 43.6534947 ], [ -97.7567653, 43.67181539 ], [ -97.79241472, 43.68930585 ], [ -97.79563478, 43.69085122 ], [ -97.83450426, 43.71020148 ], [ -97.86667061, 43.72817534 ], [ -97.87337375, 43.73194131 ], [ -97.91224326, 43.75833598 ], [ -97.92268558, 43.76704482 ], [ -97.95111275, 43.79169161 ], [ -97.96495598, 43.80591431 ], [ -97.98998223, 43.833118 ], [ -97.99928895, 43.8447838 ], [ -98.02780808, 43.88365328 ], [ -98.02885171, 43.88523075 ], [ -98.05084906, 43.92252277 ], [ -98.0677212, 43.95631545 ], [ -98.07002583, 43.96139226 ], [ -98.08539518, 44.00026177 ], [ -98.09787653, 44.03913125 ], [ -98.10659068, 44.07346419 ], [ -98.1076675, 44.07800074 ], [ -98.1148581, 44.11687022 ], [ -98.11984683, 44.15573971 ], [ -98.12283972, 44.1946092 ], [ -98.12392483, 44.23347868 ] ], [ [ -97.94296674, 44.31121765 ], [ -97.94101943, 44.35008716 ], [ -97.93616702, 44.38895665 ], [ -97.92847665, 44.42782614 ], [ -97.91777191, 44.46669562 ], [ -97.91224326, 44.48196482 ], [ -97.90297658, 44.50556511 ], [ -97.88417235, 44.5444346 ], [ -97.87337375, 44.56318821 ], [ -97.86079974, 44.58330408 ], [ -97.83450426, 44.61944292 ], [ -97.83233452, 44.62217357 ], [ -97.79663209, 44.66104308 ], [ -97.79563478, 44.66199072 ], [ -97.7567653, 44.69512214 ], [ -97.75037088, 44.69991256 ], [ -97.71789581, 44.72081217 ], [ -97.68408459, 44.73878205 ], [ -97.67902633, 44.74105987 ], [ -97.64015681, 44.7545243 ], [ -97.60128733, 44.7628686 ], [ -97.56241784, 44.76552223 ], [ -97.52354836, 44.76254542 ], [ -97.48467888, 44.75441392 ], [ -97.44580939, 44.74188513 ], [ -97.43709474, 44.73878205 ], [ -97.40693988, 44.72736596 ], [ -97.36807039, 44.71365395 ], [ -97.32920091, 44.70137045 ], [ -97.32373046, 44.69991256 ], [ -97.29033143, 44.69034816 ], [ -97.25146194, 44.68143275 ], [ -97.21259246, 44.67096116 ], [ -97.19260769, 44.66104308 ], [ -97.17372294, 44.6477857 ], [ -97.14513134, 44.62217357 ], [ -97.13485346, 44.61228908 ], [ -97.10381253, 44.58330408 ], [ -97.09598397, 44.57624355 ], [ -97.05732276, 44.5444346 ], [ -97.05711449, 44.54422986 ], [ -97.02052124, 44.50556511 ], [ -97.01824501, 44.50228774 ], [ -96.99335156, 44.46669562 ], [ -96.97937552, 44.44355205 ], [ -96.96958285, 44.42782614 ], [ -96.94751627, 44.38895665 ], [ -96.94050601, 44.37571073 ], [ -96.92634504, 44.35008716 ], [ -96.90540748, 44.31121765 ], [ -96.90163652, 44.30385884 ], [ -96.88465567, 44.27234817 ], [ -96.86355241, 44.23347868 ], [ -96.86276704, 44.2319548 ], [ -96.84235822, 44.1946092 ], [ -96.82389755, 44.16142393 ], [ -96.82053528, 44.15573971 ], [ -96.79902095, 44.11687022 ], [ -96.78502807, 44.09086997 ], [ -96.77762906, 44.07800074 ], [ -96.75666259, 44.03913125 ], [ -96.74615859, 44.01849906 ], [ -96.73613164, 44.00026177 ], [ -96.71624431, 43.96139226 ], [ -96.70728907, 43.94204396 ], [ -96.6973781, 43.92252277 ], [ -96.68001471, 43.88365328 ], [ -96.66841959, 43.85335154 ], [ -96.66473533, 43.8447838 ], [ -96.65351742, 43.80591431 ], [ -96.64870878, 43.76704482 ], [ -96.65738498, 43.72817534 ], [ -96.66841959, 43.71486373 ], [ -96.70728907, 43.6913135 ], [ -96.71284905, 43.68930585 ], [ -96.74615859, 43.68146523 ], [ -96.78502807, 43.67762668 ], [ -96.82389755, 43.67666782 ], [ -96.86276704, 43.67754331 ], [ -96.90163652, 43.67980034 ], [ -96.94050601, 43.68315253 ], [ -96.97937552, 43.68734417 ], [ -96.99417211, 43.68930585 ], [ -97.01824501, 43.69245445 ], [ -97.05711449, 43.69829068 ], [ -97.09598397, 43.70470522 ], [ -97.13485346, 43.71169234 ], [ -97.17372294, 43.71927376 ], [ -97.21259246, 43.72752903 ], [ -97.21529671, 43.72817534 ], [ -97.25146194, 43.73665185 ], [ -97.29033143, 43.74656939 ], [ -97.32920091, 43.75747812 ], [ -97.35973614, 43.76704482 ], [ -97.36807039, 43.76962059 ], [ -97.40693988, 43.7835056 ], [ -97.44580939, 43.79959683 ], [ -97.45841393, 43.80591431 ], [ -97.48467888, 43.81895175 ], [ -97.52354836, 43.839804 ], [ -97.53353933, 43.8447838 ], [ -97.56241784, 43.85916652 ], [ -97.60128733, 43.87808274 ], [ -97.61290623, 43.88365328 ], [ -97.64015681, 43.89679992 ], [ -97.67902633, 43.91535941 ], [ -97.69383497, 43.92252277 ], [ -97.71789581, 43.93432641 ], [ -97.7567653, 43.95454134 ], [ -97.76818057, 43.96139226 ], [ -97.79563478, 43.97975141 ], [ -97.82021665, 44.00026177 ], [ -97.83450426, 44.01400947 ], [ -97.8564633, 44.03913125 ], [ -97.87337375, 44.06203276 ], [ -97.88357117, 44.07800074 ], [ -97.90407539, 44.11687022 ], [ -97.91224326, 44.13635768 ], [ -97.91943348, 44.15573971 ], [ -97.93036088, 44.1946092 ], [ -97.93779762, 44.23347868 ], [ -97.9419385, 44.27234817 ], [ -97.94296674, 44.31121765 ] ] ] } },
{ "type": "Feature", "properties": { "Lower": 5.2 }, "geometry": { "type": "Polygon", "coordinates": [ [ [ -101.53338611, 48.12042761 ], [ -101.52710574, 48.1557196 ], [ -101.52630112, 48.1592971 ], [ -101.50582472, 48.19816659 ], [ -101.48823626, 48.21672695 ], [ -101.45921854, 48.23703607 ], [ -101.44936677, 48.24154325 ], [ -101.41049729, 48.25004755 ], [ -101.37162777, 48.25825927 ], [ -101.33275829, 48.26549239 ], [ -101.29388881, 48.25664695 ], [ -101.26148475, 48.23703607 ], [ -101.25501932, 48.23130816 ], [ -101.23291567, 48.19816659 ], [ -101.2225905, 48.1592971 ], [ -101.22318001, 48.12042761 ], [ -101.23128988, 48.08155813 ], [ -101.24718796, 48.04268862 ], [ -101.25501932, 48.03343452 ], [ -101.28198104, 48.00381913 ], [ -101.29388881, 47.99275513 ], [ -101.33275829, 47.96986201 ], [ -101.35217395, 47.96494964 ], [ -101.37162777, 47.96096828 ], [ -101.41049729, 47.96264179 ], [ -101.42000244, 47.96494964 ], [ -101.44936677, 47.97598853 ], [ -101.48823626, 48.00037421 ], [ -101.49219867, 48.00381913 ], [ -101.51998379, 48.04268862 ], [ -101.52710574, 48.06396209 ], [ -101.53204891, 48.08155813 ], [ -101.53338611, 48.12042761 ] ] ] } },
{ "type": "Feature", "properties": { "Lower": 5.2 }, "geometry": { "type": "Polygon", "coordinates": [ [ [ -102.87227441, 46.91547345 ], [ -102.86767105, 46.95434293 ], [ -102.85784158, 46.99321242 ], [ -102.84866838, 47.01692749 ], [ -102.84224521, 47.0320819 ], [ -102.82014379, 47.07095139 ], [ -102.8097989, 47.0847881 ], [ -102.78693657, 47.10982088 ], [ -102.77092938, 47.1228427 ], [ -102.7320599, 47.14562923 ], [ -102.72308508, 47.14869039 ], [ -102.69319042, 47.15676533 ], [ -102.65432093, 47.15979659 ], [ -102.61545145, 47.15302968 ], [ -102.60798406, 47.14869039 ], [ -102.57658196, 47.12894197 ], [ -102.56568337, 47.10982088 ], [ -102.54943411, 47.07095139 ], [ -102.53993583, 47.0320819 ], [ -102.53771245, 47.01404844 ], [ -102.53696344, 46.99321242 ], [ -102.53684206, 46.95434293 ], [ -102.53662674, 46.91547345 ], [ -102.53771245, 46.90883903 ], [ -102.55081212, 46.87660396 ], [ -102.56359126, 46.83773447 ], [ -102.57491221, 46.79886496 ], [ -102.57658196, 46.79305562 ], [ -102.59518864, 46.75999548 ], [ -102.61408621, 46.72112599 ], [ -102.61545145, 46.71833521 ], [ -102.64728032, 46.6822565 ], [ -102.65432093, 46.67429118 ], [ -102.69319042, 46.65050684 ], [ -102.7320599, 46.64474493 ], [ -102.77092938, 46.66250537 ], [ -102.79360245, 46.6822565 ], [ -102.8097989, 46.70066797 ], [ -102.82435069, 46.72112599 ], [ -102.84520779, 46.75999548 ], [ -102.84866838, 46.76888588 ], [ -102.85896867, 46.79886496 ], [ -102.86768014, 46.83773447 ], [ -102.87214073, 46.87660396 ], [ -102.87227441, 46.91547345 ] ] ] } },
{ "type": "Feature", "properties": { "Lower": 5.2 }, "geometry": { "type": "Polygon", "coordinates": [ [ [ -111.00742633, 49.01442587 ], [ -110.98211322, 49.05329535 ], [ -110.97239162, 49.06301696 ], [ -110.93352211, 49.06301961 ], [ -110.89465263, 49.06302186 ], [ -110.86551221, 49.09216484 ], [ -110.85578314, 49.1018939 ], [ -110.81691366, 49.1018953 ], [ -110.78777599, 49.13103433 ], [ -110.77804417, 49.14076616 ], [ -110.73917469, 49.14076678 ], [ -110.70030518, 49.14076708 ], [ -110.67116847, 49.16990381 ], [ -110.66143569, 49.17963657 ], [ -110.62256621, 49.17963595 ], [ -110.58369672, 49.17963463 ], [ -110.54482724, 49.17963214 ], [ -110.50595775, 49.17962779 ], [ -110.46902423, 49.16990381 ], [ -110.46708824, 49.1496827 ], [ -110.46579399, 49.13103433 ], [ -110.46258357, 49.09216484 ], [ -110.45893007, 49.05329535 ], [ -110.45482562, 49.01442587 ], [ -110.45029797, 48.97555636 ], [ -110.44536504, 48.93668687 ], [ -110.44003851, 48.89781738 ], [ -110.43438769, 48.8589479 ], [ -110.42853044, 48.82007841 ], [ -110.42821876, 48.81798301 ], [ -110.42433526, 48.78120893 ], [ -110.42068346, 48.74233944 ], [ -110.41822227, 48.70346995 ], [ -110.41788342, 48.66460044 ], [ -110.42821876, 48.64953707 ], [ -110.45122264, 48.62573096 ], [ -110.46708824, 48.62095807 ], [ -110.50595775, 48.61069843 ], [ -110.54482724, 48.60004528 ], [ -110.58369672, 48.59359055 ], [ -110.62256621, 48.59046598 ], [ -110.66143569, 48.58969 ], [ -110.70030518, 48.59151513 ], [ -110.73917469, 48.5965253 ], [ -110.77804417, 48.60593319 ], [ -110.81691366, 48.62105934 ], [ -110.82580266, 48.62573096 ], [ -110.84745468, 48.66460044 ], [ -110.85578314, 48.68125674 ], [ -110.86632674, 48.70346995 ], [ -110.88485029, 48.74233944 ], [ -110.89465263, 48.76279118 ], [ -110.90301874, 48.78120893 ], [ -110.92068154, 48.82007841 ], [ -110.93352211, 48.84771491 ], [ -110.93844367, 48.8589479 ], [ -110.95544839, 48.89781738 ], [ -110.97239162, 48.93482603 ], [ -110.97319253, 48.93668687 ], [ -110.98984874, 48.97555636 ], [ -111.00742633, 49.01442587 ] ] ] } },
{ "type": "Feature", "properties": { "Lower": 5.2 }, "geometry": { "type": "Polygon", "coordinates": [ [ [ -101.03567028, 44.62217357 ], [ -101.03445976, 44.66104308 ], [ -101.03147211, 44.69991256 ], [ -101.02645364, 44.73878205 ], [ -101.02180239, 44.76398883 ], [ -101.01889857, 44.77765154 ], [ -101.00788036, 44.81652102 ], [ -100.99332483, 44.85539051 ], [ -100.9829329, 44.87775323 ], [ -100.97355289, 44.89426 ], [ -100.94645796, 44.93312948 ], [ -100.94406342, 44.93609394 ], [ -100.90642774, 44.97199899 ], [ -100.9051939, 44.9730109 ], [ -100.86632442, 44.9957143 ], [ -100.82745494, 45.0096841 ], [ -100.82084648, 45.01086848 ], [ -100.78858545, 45.01625257 ], [ -100.74971597, 45.01612758 ], [ -100.71937824, 45.01086848 ], [ -100.71084648, 45.00952131 ], [ -100.67197697, 44.9967096 ], [ -100.63310748, 44.97687483 ], [ -100.62691612, 44.97199899 ], [ -100.594238, 44.94891488 ], [ -100.5783107, 44.93312948 ], [ -100.55536852, 44.91278459 ], [ -100.54034373, 44.89426 ], [ -100.51649903, 44.86822372 ], [ -100.50829846, 44.85539051 ], [ -100.48010944, 44.81652102 ], [ -100.47762955, 44.81343634 ], [ -100.45543772, 44.77765154 ], [ -100.43876003, 44.75530416 ], [ -100.42552232, 44.73878205 ], [ -100.39989055, 44.71119313 ], [ -100.38825372, 44.69991256 ], [ -100.36102107, 44.67395904 ], [ -100.34640323, 44.66104308 ], [ -100.32215158, 44.63760082 ], [ -100.30816203, 44.62217357 ], [ -100.2832821, 44.58417261 ], [ -100.2827505, 44.58330408 ], [ -100.25972522, 44.5444346 ], [ -100.24441261, 44.52200631 ], [ -100.23292701, 44.50556511 ], [ -100.21103777, 44.46669562 ], [ -100.2055431, 44.44605827 ], [ -100.20113347, 44.42782614 ], [ -100.20277618, 44.38895665 ], [ -100.2055431, 44.38036843 ], [ -100.21778743, 44.35008716 ], [ -100.24441261, 44.31569197 ], [ -100.25016534, 44.31121765 ], [ -100.2832821, 44.2968119 ], [ -100.32215158, 44.28677835 ], [ -100.36102107, 44.27985391 ], [ -100.39989055, 44.27497417 ], [ -100.4312611, 44.27234817 ], [ -100.43876003, 44.27183118 ], [ -100.47762955, 44.27039295 ], [ -100.51649903, 44.2701768 ], [ -100.55536852, 44.27122039 ], [ -100.57606354, 44.27234817 ], [ -100.594238, 44.27351884 ], [ -100.63310748, 44.27732795 ], [ -100.67197697, 44.28474336 ], [ -100.71084648, 44.29527673 ], [ -100.74971597, 44.30784399 ], [ -100.75897583, 44.31121765 ], [ -100.78858545, 44.32468284 ], [ -100.82745494, 44.34354926 ], [ -100.84017479, 44.35008716 ], [ -100.86632442, 44.36697741 ], [ -100.89964172, 44.38895665 ], [ -100.9051939, 44.39359071 ], [ -100.94406342, 44.42644557 ], [ -100.94567265, 44.42782614 ], [ -100.98127284, 44.46669562 ], [ -100.9829329, 44.4691229 ], [ -101.00771548, 44.50556511 ], [ -101.02180239, 44.53522259 ], [ -101.02612614, 44.5444346 ], [ -101.03505084, 44.58330408 ], [ -101.03567028, 44.62217357 ] ], [ [ -100.66735551, 44.50556511 ], [ -100.66172787, 44.5444346 ], [ -100.63443584, 44.58330408 ], [ -100.63310748, 44.58437224 ], [ -100.594238, 44.59937541 ], [ -100.55536852, 44.59967455 ], [ -100.51649903, 44.58581125 ], [ -100.51408192, 44.58330408 ], [ -100.47762955, 44.54449505 ], [ -100.47757501, 44.5444346 ], [ -100.45127733, 44.50556511 ], [ -100.43876003, 44.48192183 ], [ -100.43196751, 44.46669562 ], [ -100.43876003, 44.44468182 ], [ -100.45261275, 44.42782614 ], [ -100.47762955, 44.42172322 ], [ -100.51649903, 44.41731603 ], [ -100.55536852, 44.41744151 ], [ -100.594238, 44.42705118 ], [ -100.59604833, 44.42782614 ], [ -100.63310748, 44.455947 ], [ -100.6456928, 44.46669562 ], [ -100.66735551, 44.50556511 ] ] ] } },
{ "type": "Feature", "properties": { "Lower": 5.2 }, "geometry": { "type": "Polygon", "coordinates": [ [ [ -97.94296674, 44.31121765 ], [ -97.94101943, 44.35008716 ], [ -97.93616702, 44.38895665 ], [ -97.92847665, 44.42782614 ], [ -97.91777191, 44.46669562 ], [ -97.91224326, 44.48196482 ], [ -97.90297658, 44.50556511 ], [ -97.88417235, 44.5444346 ], [ -97.87337375, 44.56318821 ], [ -97.86079974, 44.58330408 ], [ -97.83450426, 44.61944292 ], [ -97.83233452, 44.62217357 ], [ -97.79663209, 44.66104308 ], [ -97.79563478, 44.66199072 ], [ -97.7567653, 44.69512214 ], [ -97.75037088, 44.69991256 ], [ -97.71789581, 44.72081217 ], [ -97.68408459, 44.73878205 ], [ -97.67902633, 44.74105987 ], [ -97.64015681, 44.7545243 ], [ -97.60128733, 44.7628686 ], [ -97.56241784, 44.76552223 ], [ -97.52354836, 44.76254542 ], [ -97.48467888, 44.75441392 ], [ -97.44580939, 44.74188513 ], [ -97.43709474, 44.73878205 ], [ -97.40693988, 44.72736596 ], [ -97.36807039, 44.71365395 ], [ -97.32920091, 44.70137045 ], [ -97.32373046, 44.69991256 ], [ -97.29033143, 44.69034816 ], [ -97.25146194, 44.68143275 ], [ -97.21259246, 44.67096116 ], [ -97.19260769, 44.66104308 ], [ -97.17372294, 44.6477857 ], [ -97.14513134, 44.62217357 ], [ -97.13485346, 44.61228908 ], [ -97.10381253, 44.58330408 ], [ -97.09598397, 44.57624355 ], [ -97.05732276, 44.5444346 ], [ -97.05711449, 44.54422986 ], [ -97.02052124, 44.50556511 ], [ -97.01824501, 44.50228774 ], [ -96.99335156, 44.46669562 ], [ -96.97937552, 44.44355205 ], [ -96.96958285, 44.42782614 ], [ -96.94751627, 44.38895665 ], [ -96.94050601, 44.37571073 ], [ -96.92634504, 44.35008716 ], [ -96.90540748, 44.31121765 ], [ -96.90163652, 44.30385884 ], [ -96.88465567, 44.27234817 ], [ -96.86355241, 44.23347868 ], [ -96.86276704, 44.2319548 ], [ -96.84235822, 44.1946092 ], [ -96.82389755, 44.16142393 ], [ -96.82053528, 44.15573971 ], [ -96.79902095, 44.11687022 ], [ -96.78502807, 44.09086997 ], [ -96.77762906, 44.07800074 ], [ -96.75666259, 44.03913125 ], [ -96.74615859, 44.01849906 ], [ -96.73613164, 44.00026177 ], [ -96.71624431, 43.96139226 ], [ -96.70728907, 43.94204396 ], [ -96.6973781, 43.92252277 ], [ -96.68001471, 43.88365328 ], [ -96.66841959, 43.85335154 ], [ -96.66473533, 43.8447838 ], [ -96.65351742, 43.80591431 ], [ -96.64870878, 43.76704482 ], [ -96.65738498, 43.72817534 ], [ -96.66841959, 43.71486373 ], [ -96.70728907, 43.6913135 ], [ -96.71284905, 43.68930585 ], [ -96.74615859, 43.68146523 ], [ -96.78502807, 43.67762668 ], [ -96.82389755, 43.67666782 ], [ -96.86276704, 43.67754331 ], [ -96.90163652, 43.67980034 ], [ -96.94050601, 43.68315253 ], [ -96.97937552, 43.68734417 ], [ -96.99417211, 43.68930585 ], [ -97.01824501, 43.69245445 ], [ -97.05711449, 43.69829068 ], [ -97.09598397, 43.70470522 ], [ -97.13485346, 43.71169234 ], [ -97.17372294, 43.71927376 ], [ -97.21259246, 43.72752903 ], [ -97.21529671, 43.72817534 ], [ -97.25146194, 43.73665185 ], [ -97.29033143, 43.74656939 ], [ -97.32920091, 43.75747812 ], [ -97.35973614, 43.76704482 ], [ -97.36807039, 43.76962059 ], [ -97.40693988, 43.7835056 ], [ -97.44580939, 43.79959683 ], [ -97.45841393, 43.80591431 ], [ -97.48467888, 43.81895175 ], [ -97.52354836, 43.839804 ], [ -97.53353933, 43.8447838 ], [ -97.56241784, 43.85916652 ], [ -97.60128733, 43.87808274 ], [ -97.61290623, 43.88365328 ], [ -97.64015681, 43.89679992 ], [ -97.67902633, 43.91535941 ], [ -97.69383497, 43.92252277 ], [ -97.71789581, 43.93432641 ], [ -97.7567653, 43.95454134 ], [ -97.76818057, 43.96139226 ], [ -97.79563478, 43.97975141 ], [ -97.82021665, 44.00026177 ], [ -97.83450426, 44.01400947 ], [ -97.8564633, 44.03913125 ], [ -97.87337375, 44.06203276 ], [ -97.88357117, 44.07800074 ], [ -97.90407539, 44.11687022 ], [ -97.91224326, 44.13635768 ], [ -97.91943348, 44.15573971 ], [ -97.93036088, 44.1946092 ], [ -97.93779762, 44.23347868 ], [ -97.9419385, 44.27234817 ], [ -97.94296674, 44.31121765 ] ], [ [ -97.66511397, 44.35008716 ], [ -97.66209605, 44.38895665 ], [ -97.65157596, 44.42782614 ], [ -97.64015681, 44.45322307 ], [ -97.63332041, 44.46669562 ], [ -97.60552101, 44.50556511 ], [ -97.60128733, 44.51005515 ], [ -97.56344531, 44.5444346 ], [ -97.56241784, 44.54514342 ], [ -97.52354836, 44.56498008 ], [ -97.48467888, 44.57621053 ], [ -97.44580939, 44.5758624 ], [ -97.40693988, 44.56596065 ], [ -97.36807039, 44.55428145 ], [ -97.32920091, 44.54550692 ], [ -97.32492219, 44.5444346 ], [ -97.29033143, 44.53176877 ], [ -97.25996876, 44.50556511 ], [ -97.25146194, 44.49689641 ], [ -97.22157752, 44.46669562 ], [ -97.21259246, 44.45183436 ], [ -97.20092152, 44.42782614 ], [ -97.19043097, 44.38895665 ], [ -97.18426415, 44.35008716 ], [ -97.18180788, 44.31121765 ], [ -97.18342774, 44.27234817 ], [ -97.19014919, 44.23347868 ], [ -97.20402717, 44.1946092 ], [ -97.21259246, 44.18001883 ], [ -97.23296777, 44.15573971 ], [ -97.25146194, 44.14058383 ], [ -97.29033143, 44.12113978 ], [ -97.30740963, 44.11687022 ], [ -97.32920091, 44.11240391 ], [ -97.36807039, 44.11114598 ], [ -97.40693988, 44.11524212 ], [ -97.41367158, 44.11687022 ], [ -97.44580939, 44.12528928 ], [ -97.48467888, 44.14380848 ], [ -97.50947752, 44.15573971 ], [ -97.52354836, 44.16305265 ], [ -97.56241784, 44.18449021 ], [ -97.57854169, 44.1946092 ], [ -97.60128733, 44.21279863 ], [ -97.6213737, 44.23347868 ], [ -97.64015681, 44.26112332 ], [ -97.64645712, 44.27234817 ], [ -97.65991596, 44.31121765 ], [ -97.66511397, 44.35008716 ] ] ] } },
{ "type": "Feature", "properties": { "Lower": 5.4 }, "geometry": { "type": "Polygon", "coordinates": [ [ [ -100.66735551, 44.50556511 ], [ -100.66172787, 44.5444346 ], [ -100.63443584, 44.58330408 ], [ -100.63310748, 44.58437224 ], [ -100.594238, 44.59937541 ], [ -100.55536852, 44.59967455 ], [ -100.51649903, 44.58581125 ], [ -100.51408192, 44.58330408 ], [ -100.47762955, 44.54449505 ], [ -100.47757501, 44.5444346 ], [ -100.45127733, 44.50556511 ], [ -100.43876003, 44.48192183 ], [ -100.43196751, 44.46669562 ], [ -100.43876003, 44.44468182 ], [ -100.45261275, 44.42782614 ], [ -100.47762955, 44.42172322 ], [ -100.51649903, 44.41731603 ], [ -100.55536852, 44.41744151 ], [ -100.594238, 44.42705118 ], [ -100.59604833, 44.42782614 ], [ -100.63310748, 44.455947 ], [ -100.6456928, 44.46669562 ], [ -100.66735551, 44.50556511 ] ] ] } },
{ "type": "Feature", "properties": { "Lower": 5.4 }, "geometry": { "type": "Polygon", "coordinates": [ [ [ -97.66511397, 44.35008716 ], [ -97.66209605, 44.38895665 ], [ -97.65157596, 44.42782614 ], [ -97.64015681, 44.45322307 ], [ -97.63332041, 44.46669562 ], [ -97.60552101, 44.50556511 ], [ -97.60128733, 44.51005515 ], [ -97.56344531, 44.5444346 ], [ -97.56241784, 44.54514342 ], [ -97.52354836, 44.56498008 ], [ -97.48467888, 44.57621053 ], [ -97.44580939, 44.5758624 ], [ -97.40693988, 44.56596065 ], [ -97.36807039, 44.55428145 ], [ -97.32920091, 44.54550692 ], [ -97.32492219, 44.5444346 ], [ -97.29033143, 44.53176877 ], [ -97.25996876, 44.50556511 ], [ -97.25146194, 44.49689641 ], [ -97.22157752, 44.46669562 ], [ -97.21259246, 44.45183436 ], [ -97.20092152, 44.42782614 ], [ -97.19043097, 44.38895665 ], [ -97.18426415, 44.35008716 ], [ -97.18180788, 44.31121765 ], [ -97.18342774, 44.27234817 ], [ -97.19014919, 44.23347868 ], [ -97.20402717, 44.1946092 ], [ -97.21259246, 44.18001883 ], [ -97.23296777, 44.15573971 ], [ -97.25146194, 44.14058383 ], [ -97.29033143, 44.12113978 ], [ -97.30740963, 44.11687022 ], [ -97.32920091, 44.11240391 ], [ -97.36807039, 44.11114598 ], [ -97.40693988, 44.11524212 ], [ -97.41367158, 44.11687022 ], [ -97.44580939, 44.12528928 ], [ -97.48467888, 44.14380848 ], [ -97.50947752, 44.15573971 ], [ -97.52354836, 44.16305265 ], [ -97.56241784, 44.18449021 ], [ -97.57854169, 44.1946092 ], [ -97.60128733, 44.21279863 ], [ -97.6213737, 44.23347868 ], [ -97.64015681, 44.26112332 ], [ -97.64645712, 44.27234817 ], [ -97.65991596, 44.31121765 ], [ -97.66511397, 44.35008716 ] ] ] } }
]
}
