{
"type": "FeatureCollection",
"name": "25_HRS_MTI",
"crs": { "type": "name", "properties": { "name": "urn:ogc:def:crs:EPSG::4269" } },
"features": [
{ "type": "Feature", "properties": { "Lower": 16.0167 }, "geometry": { "type": "Polygon", "coordinates": [ [ [ -96.75626864, 48.23703606 ], [ -96.754238, 48.27590556 ], [ -96.74615858, 48.30396297 ], [ -96.73366178, 48.31477505 ], [ -96.70728909, 48.33899783 ], [ -96.66841959, 48.34995511 ], [ -96.62955009, 48.34121965 ], [ -96.59908528, 48.31477505 ], [ -96.59068062, 48.30309535 ], [ -96.57907447, 48.27590556 ], [ -96.56996843, 48.23703606 ], [ -96.56734717, 48.19816659 ], [ -96.57190113, 48.1592971 ], [ -96.5873739, 48.12042761 ], [ -96.59068062, 48.11698154 ], [ -96.62955009, 48.0945793 ], [ -96.66841959, 48.10138243 ], [ -96.69611639, 48.12042761 ], [ -96.70728909, 48.12788855 ], [ -96.72824687, 48.1592971 ], [ -96.74615858, 48.18058336 ], [ -96.75615522, 48.19816659 ], [ -96.75626864, 48.23703606 ] ] ] } },
{ "type": "Feature", "properties": { "Lower": 16.0167 }, "geometry": { "type": "Polygon", "coordinates": [ [ [ -101.2059526, 47.65399374 ], [ -101.20220826, 47.69286323 ], [ -101.19881845, 47.7317327 ], [ -101.197298, 47.7706022 ], [ -101.18710863, 47.80947169 ], [ -101.17728033, 47.81949094 ], [ -101.14028303, 47.84834118 ], [ -101.13841086, 47.84947732 ], [ -101.09954137, 47.86590156 ], [ -101.06067187, 47.87537691 ], [ -101.02180237, 47.87818161 ], [ -100.9829329, 47.87937243 ], [ -100.9440634, 47.87898632 ], [ -100.90519391, 47.8761837 ], [ -100.86632444, 47.87013568 ], [ -100.82745494, 47.86001134 ], [ -100.79704628, 47.84834118 ], [ -100.78858544, 47.84488933 ], [ -100.74971595, 47.82420097 ], [ -100.72763659, 47.80947169 ], [ -100.71084648, 47.79715244 ], [ -100.68540086, 47.7706022 ], [ -100.67197698, 47.75177222 ], [ -100.66076883, 47.7317327 ], [ -100.64512874, 47.69286323 ], [ -100.63347342, 47.65399374 ], [ -100.63310748, 47.65117463 ], [ -100.6285268, 47.61512425 ], [ -100.63310748, 47.58328018 ], [ -100.63404571, 47.57625476 ], [ -100.65035553, 47.53738526 ], [ -100.67197698, 47.51134875 ], [ -100.6829022, 47.49851577 ], [ -100.71084648, 47.48073832 ], [ -100.74788189, 47.4596463 ], [ -100.74971595, 47.45878366 ], [ -100.78858544, 47.43855863 ], [ -100.81346561, 47.42077681 ], [ -100.82745494, 47.4110282 ], [ -100.86632444, 47.38867367 ], [ -100.89820382, 47.38190731 ], [ -100.90519391, 47.38048052 ], [ -100.9440634, 47.38065845 ], [ -100.9560475, 47.38190731 ], [ -100.9829329, 47.38529087 ], [ -101.02180237, 47.39405001 ], [ -101.06067187, 47.40731123 ], [ -101.08904394, 47.42077681 ], [ -101.09954137, 47.42723991 ], [ -101.13841086, 47.457708 ], [ -101.14050588, 47.4596463 ], [ -101.17088653, 47.49851577 ], [ -101.17728033, 47.51116032 ], [ -101.1900521, 47.53738526 ], [ -101.20099718, 47.57625476 ], [ -101.20582392, 47.61512425 ], [ -101.2059526, 47.65399374 ] ] ] } },
{ "type": "Feature", "properties": { "Lower": 16.0167 }, "geometry": { "type": "Polygon", "coordinates": [ [ [ -100.49349651, 43.68930584 ], [ -100.49066814, 43.72817534 ], [ -100.48689105, 43.76704483 ], [ -100.48209544, 43.8059143 ], [ -100.47762952, 43.83421026 ], [ -100.47585545, 43.84478379 ], [ -100.46758674, 43.88365328 ], [ -100.45707884, 43.92252278 ], [ -100.44368993, 43.96139227 ], [ -100.43876005, 43.9725478 ], [ -100.42571122, 44.00026176 ], [ -100.40167496, 44.03913123 ], [ -100.39989056, 44.0413018 ], [ -100.36682685, 44.07800072 ], [ -100.36102106, 44.08261056 ], [ -100.32215159, 44.10908704 ], [ -100.30782654, 44.11687022 ], [ -100.28328209, 44.12560383 ], [ -100.2444126, 44.13614543 ], [ -100.2055431, 44.14494413 ], [ -100.16667363, 44.15303186 ], [ -100.15352825, 44.15573971 ], [ -100.12780413, 44.16072852 ], [ -100.08893464, 44.16895632 ], [ -100.05006517, 44.17641159 ], [ -100.01119567, 44.17921615 ], [ -99.97232617, 44.17705986 ], [ -99.93345668, 44.16936025 ], [ -99.89733112, 44.15573971 ], [ -99.89458721, 44.15461659 ], [ -99.85571771, 44.14057202 ], [ -99.81684821, 44.13037661 ], [ -99.77797872, 44.11895518 ], [ -99.772917, 44.11687022 ], [ -99.73910925, 44.10003668 ], [ -99.70672946, 44.07800072 ], [ -99.70023975, 44.07257365 ], [ -99.66992218, 44.03913123 ], [ -99.66137025, 44.02592259 ], [ -99.6499745, 44.00026176 ], [ -99.63958501, 43.96139227 ], [ -99.63495382, 43.92252278 ], [ -99.63533412, 43.88365328 ], [ -99.64064216, 43.84478379 ], [ -99.64798285, 43.8059143 ], [ -99.65542819, 43.76704483 ], [ -99.66137025, 43.73549517 ], [ -99.66312519, 43.72817534 ], [ -99.67773263, 43.68930584 ], [ -99.69550646, 43.65043635 ], [ -99.70023975, 43.63960409 ], [ -99.71765597, 43.61156686 ], [ -99.73910925, 43.57651333 ], [ -99.74235768, 43.57269736 ], [ -99.7719585, 43.53382789 ], [ -99.77797872, 43.52521831 ], [ -99.80403589, 43.4949584 ], [ -99.81684821, 43.47875543 ], [ -99.83845232, 43.45608891 ], [ -99.85571771, 43.43655643 ], [ -99.87624702, 43.41721942 ], [ -99.89458721, 43.39873046 ], [ -99.91931109, 43.37834992 ], [ -99.93345668, 43.36598775 ], [ -99.97036804, 43.33948043 ], [ -99.97232617, 43.33803541 ], [ -100.01119567, 43.31691144 ], [ -100.05006517, 43.30149718 ], [ -100.05368236, 43.30061094 ], [ -100.08893464, 43.29153416 ], [ -100.12780413, 43.28757869 ], [ -100.16667363, 43.28948962 ], [ -100.2055431, 43.2971588 ], [ -100.21558323, 43.30061094 ], [ -100.2444126, 43.30988576 ], [ -100.28328209, 43.32827042 ], [ -100.30113141, 43.33948043 ], [ -100.32215159, 43.35220179 ], [ -100.35570828, 43.37834992 ], [ -100.36102106, 43.38247902 ], [ -100.39640325, 43.41721942 ], [ -100.39989056, 43.42097424 ], [ -100.42591233, 43.45608891 ], [ -100.43876005, 43.47649913 ], [ -100.44847718, 43.4949584 ], [ -100.46560917, 43.53382789 ], [ -100.47762952, 43.56854676 ], [ -100.47888877, 43.57269736 ], [ -100.48770453, 43.61156686 ], [ -100.4927979, 43.65043635 ], [ -100.49349651, 43.68930584 ] ] ] } },
{ "type": "Feature", "properties": { "Lower": 16.0167 }, "geometry": { "type": "Polygon", "coordinates": [ [ [ -100.12780413, 39.01521319 ], [ -100.12780413, 39.01524959 ], [ -100.12312052, 39.02496714 ], [ -100.1174914, 39.06383663 ], [ -100.11180788, 39.10270613 ], [ -100.1061732, 39.1415756 ], [ -100.10046305, 39.18044509 ], [ -100.0947478, 39.21931458 ], [ -100.08893464, 39.25122405 ], [ -100.08774609, 39.25818408 ], [ -100.08354439, 39.29705357 ], [ -100.07801742, 39.33592306 ], [ -100.07251493, 39.37479253 ], [ -100.06703806, 39.41366202 ], [ -100.06153713, 39.45253152 ], [ -100.05613783, 39.49140101 ], [ -100.05187963, 39.5302705 ], [ -100.05006517, 39.54124633 ], [ -100.04540003, 39.56914 ], [ -100.03918829, 39.60800946 ], [ -100.02942085, 39.64687896 ], [ -100.01617351, 39.68574845 ], [ -100.01119567, 39.69887199 ], [ -100.00161865, 39.72461794 ], [ -99.98668608, 39.76348744 ], [ -99.97232617, 39.7960104 ], [ -99.9696634, 39.80235693 ], [ -99.95519999, 39.84122642 ], [ -99.93838861, 39.88009589 ], [ -99.93345668, 39.89126352 ], [ -99.92134592, 39.91896538 ], [ -99.90380322, 39.95783488 ], [ -99.89458721, 39.97770025 ], [ -99.88572511, 39.99670437 ], [ -99.8669411, 40.03557386 ], [ -99.85571771, 40.05766604 ], [ -99.84681363, 40.07444336 ], [ -99.82336571, 40.11331283 ], [ -99.81684821, 40.12251751 ], [ -99.78979428, 40.15218232 ], [ -99.77797872, 40.16399789 ], [ -99.74381963, 40.19105181 ], [ -99.73910925, 40.19455802 ], [ -99.70023975, 40.21806615 ], [ -99.67565801, 40.2299213 ], [ -99.66137025, 40.23666843 ], [ -99.62250078, 40.25154319 ], [ -99.58363129, 40.2630954 ], [ -99.55946552, 40.2687908 ], [ -99.54476179, 40.27217008 ], [ -99.50589229, 40.27885854 ], [ -99.46702282, 40.28393108 ], [ -99.42815332, 40.28745612 ], [ -99.38928383, 40.28950635 ], [ -99.35041436, 40.29061517 ], [ -99.31154486, 40.29065402 ], [ -99.27267536, 40.28981121 ], [ -99.23380587, 40.28832153 ], [ -99.1949364, 40.28604436 ], [ -99.1560669, 40.28329633 ], [ -99.1171974, 40.28010408 ], [ -99.07832793, 40.27645704 ], [ -99.03945844, 40.27246693 ], [ -99.01444713, 40.2687908 ], [ -99.00058894, 40.26680431 ], [ -98.96171944, 40.26323743 ], [ -98.92284997, 40.25829894 ], [ -98.88398048, 40.25307355 ], [ -98.84511098, 40.24760377 ], [ -98.80624151, 40.24194392 ], [ -98.76737201, 40.23610096 ], [ -98.72850252, 40.23126985 ], [ -98.72115465, 40.2299213 ], [ -98.68963302, 40.22382656 ], [ -98.65076355, 40.21734533 ], [ -98.61189405, 40.21080977 ], [ -98.57302456, 40.2040613 ], [ -98.53415509, 40.19710487 ], [ -98.50554924, 40.19105181 ], [ -98.49528559, 40.1888856 ], [ -98.45641609, 40.1827222 ], [ -98.4175466, 40.17511313 ], [ -98.37867713, 40.16740564 ], [ -98.36895888, 40.19105181 ], [ -98.36892248, 40.19105181 ], [ -98.36892391, 40.15218232 ], [ -98.37867713, 40.14242912 ], [ -98.40779505, 40.11331283 ], [ -98.40779637, 40.07444336 ], [ -98.4175466, 40.06469312 ], [ -98.44666737, 40.03557386 ], [ -98.44666855, 39.99670437 ], [ -98.45641609, 39.98695682 ], [ -98.48553939, 39.95783488 ], [ -98.49528559, 39.94808868 ], [ -98.52441015, 39.91896538 ], [ -98.5244111, 39.88009589 ], [ -98.53415509, 39.87035194 ], [ -98.56328172, 39.84122642 ], [ -98.56328255, 39.80235693 ], [ -98.57302456, 39.79261489 ], [ -98.602153, 39.76348744 ], [ -98.60215369, 39.72461794 ], [ -98.61189405, 39.71487756 ], [ -98.64102398, 39.68574845 ], [ -98.65076355, 39.67600889 ], [ -98.67989419, 39.64687896 ], [ -98.67989468, 39.60800946 ], [ -98.68963302, 39.59827114 ], [ -98.71876475, 39.56914 ], [ -98.71876514, 39.5302705 ], [ -98.72850252, 39.52053312 ], [ -98.75763507, 39.49140101 ], [ -98.76737201, 39.48166407 ], [ -98.79650495, 39.45253152 ], [ -98.7965052, 39.41366202 ], [ -98.80624151, 39.40392573 ], [ -98.83537497, 39.37479253 ], [ -98.83537514, 39.33592306 ], [ -98.84511098, 39.32618719 ], [ -98.8742448, 39.29705357 ], [ -98.87424485, 39.25818408 ], [ -98.88398048, 39.24844846 ], [ -98.91311443, 39.21931458 ], [ -98.92284997, 39.20957904 ], [ -98.95198396, 39.18044509 ], [ -98.95198396, 39.1415756 ], [ -98.96171944, 39.1318401 ], [ -98.99085345, 39.10270613 ], [ -99.00058894, 39.09297061 ], [ -99.02972295, 39.06383663 ], [ -99.03945844, 39.05410112 ], [ -99.06859242, 39.02496714 ], [ -99.07832793, 39.01523165 ], [ -99.10746192, 38.98609765 ], [ -99.1171974, 38.97636216 ], [ -99.1560669, 38.97636216 ], [ -99.18520088, 38.94722816 ], [ -99.1949364, 38.93749266 ], [ -99.23380587, 38.93749266 ], [ -99.27267536, 38.93749266 ], [ -99.30180935, 38.90835866 ], [ -99.31154486, 38.89862317 ], [ -99.35041436, 38.89862315 ], [ -99.38928383, 38.89862312 ], [ -99.42815332, 38.89862305 ], [ -99.46702282, 38.89862293 ], [ -99.47675856, 38.90835866 ], [ -99.50589229, 38.93749219 ], [ -99.54476179, 38.93749191 ], [ -99.58363129, 38.93749155 ], [ -99.62250078, 38.93749106 ], [ -99.66137025, 38.93749046 ], [ -99.70023975, 38.93748973 ], [ -99.73910925, 38.93748886 ], [ -99.74884854, 38.94722816 ], [ -99.77797872, 38.97635712 ], [ -99.81684821, 38.97635594 ], [ -99.85571771, 38.97635466 ], [ -99.89458721, 38.97635325 ], [ -99.93345668, 38.97635173 ], [ -99.97232617, 38.97635017 ], [ -100.01119567, 38.97634859 ], [ -100.02094472, 38.98609765 ], [ -100.05006517, 39.01521622 ], [ -100.08893464, 39.01521468 ], [ -100.12780413, 39.01521319 ] ] ] } },
{ "type": "Feature", "properties": { "Lower": 16.0167 }, "geometry": { "type": "Polygon", "coordinates": [ [ [ -112.56604067, 41.38625091 ], [ -112.56604067, 41.38628731 ], [ -112.52717117, 41.39378285 ], [ -112.51890486, 41.39600597 ], [ -112.4883017, 41.40338134 ], [ -112.4494322, 41.41292475 ], [ -112.4105627, 41.4226753 ], [ -112.37169324, 41.43260586 ], [ -112.3627751, 41.43487547 ], [ -112.33282374, 41.44188895 ], [ -112.29395424, 41.45352286 ], [ -112.25508474, 41.47180124 ], [ -112.25193888, 41.47374496 ], [ -112.21621527, 41.49891876 ], [ -112.20140344, 41.51261445 ], [ -112.17734578, 41.53772301 ], [ -112.16605144, 41.55148394 ], [ -112.13847628, 41.58802094 ], [ -112.13679522, 41.59035341 ], [ -112.10877152, 41.62922291 ], [ -112.09960681, 41.64202783 ], [ -112.0786375, 41.6680924 ], [ -112.06073731, 41.68978467 ], [ -112.04784703, 41.70696189 ], [ -112.02186782, 41.74412043 ], [ -112.02072996, 41.74583139 ], [ -111.99498913, 41.78470088 ], [ -111.98299832, 41.80363226 ], [ -111.96813223, 41.82357035 ], [ -111.94412885, 41.85718699 ], [ -111.93997754, 41.86243984 ], [ -111.91000602, 41.90130933 ], [ -111.90525935, 41.90763449 ], [ -111.8788754, 41.94017883 ], [ -111.86638986, 41.95618359 ], [ -111.84735152, 41.97904832 ], [ -111.82752039, 42.00358693 ], [ -111.81485283, 42.01791781 ], [ -111.78865089, 42.04913704 ], [ -111.7812563, 42.05678731 ], [ -111.74978139, 42.0909876 ], [ -111.74492219, 42.09565677 ], [ -111.7109119, 42.12956861 ], [ -111.70530407, 42.13452627 ], [ -111.67204243, 42.16499109 ], [ -111.66075714, 42.17339576 ], [ -111.63317293, 42.19604766 ], [ -111.60518601, 42.21226525 ], [ -111.59430343, 42.21916544 ], [ -111.55543396, 42.23361787 ], [ -111.51656447, 42.24132233 ], [ -111.47769497, 42.24261158 ], [ -111.43882547, 42.23802952 ], [ -111.399956, 42.22861813 ], [ -111.36108651, 42.21497034 ], [ -111.35489225, 42.21226525 ], [ -111.32221701, 42.19660839 ], [ -111.28334754, 42.17698369 ], [ -111.2776903, 42.17339576 ], [ -111.24447804, 42.14965754 ], [ -111.223164, 42.13452627 ], [ -111.20560855, 42.12135957 ], [ -111.17308643, 42.09565677 ], [ -111.16673905, 42.09038525 ], [ -111.13057598, 42.05678731 ], [ -111.12786958, 42.05432769 ], [ -111.08900008, 42.02267008 ], [ -111.08404058, 42.01791781 ], [ -111.05013059, 41.98225622 ], [ -111.04695181, 41.97904832 ], [ -111.01126112, 41.94419156 ], [ -111.00745133, 41.94017883 ], [ -110.97649678, 41.90130933 ], [ -110.97239162, 41.89674648 ], [ -110.93971481, 41.86243984 ], [ -110.93352212, 41.85529919 ], [ -110.90624658, 41.82357035 ], [ -110.89465263, 41.80965776 ], [ -110.87403612, 41.78470088 ], [ -110.85578316, 41.76237039 ], [ -110.84238085, 41.74583139 ], [ -110.81691366, 41.71372057 ], [ -110.81159907, 41.70696189 ], [ -110.78139604, 41.6680924 ], [ -110.77804416, 41.66372369 ], [ -110.75180007, 41.62922291 ], [ -110.73917466, 41.61224384 ], [ -110.72303499, 41.59035341 ], [ -110.7003052, 41.55952474 ], [ -110.69442665, 41.55148394 ], [ -110.66670724, 41.51261445 ], [ -110.6614357, 41.50520914 ], [ -110.63922566, 41.47374496 ], [ -110.6225662, 41.4498602 ], [ -110.61211473, 41.43487547 ], [ -110.58760582, 41.39600597 ], [ -110.58369673, 41.39033695 ], [ -110.55952738, 41.35713648 ], [ -110.54482723, 41.33499389 ], [ -110.53381515, 41.31826701 ], [ -110.50887437, 41.27939752 ], [ -110.50595774, 41.27479232 ], [ -110.48425649, 41.24052803 ], [ -110.46708824, 41.21305897 ], [ -110.46002191, 41.20165853 ], [ -110.43625116, 41.16278904 ], [ -110.42821877, 41.14947552 ], [ -110.4128002, 41.12391955 ], [ -110.39195853, 41.08505005 ], [ -110.38934927, 41.0807816 ], [ -110.36686386, 41.04618058 ], [ -110.35047978, 41.01785938 ], [ -110.34442758, 41.00731109 ], [ -110.32221261, 40.9684416 ], [ -110.31161031, 40.9492948 ], [ -110.30077876, 40.92957211 ], [ -110.27948825, 40.89070261 ], [ -110.27274081, 40.87814245 ], [ -110.25872322, 40.85183312 ], [ -110.2383696, 40.81296365 ], [ -110.23387131, 40.80418483 ], [ -110.21845277, 40.77409416 ], [ -110.19885764, 40.73522466 ], [ -110.19500182, 40.72757617 ], [ -110.17939132, 40.69635517 ], [ -110.16030985, 40.65748568 ], [ -110.15613235, 40.64891856 ], [ -110.14135627, 40.61861619 ], [ -110.12277077, 40.57974672 ], [ -110.11726285, 40.56815138 ], [ -110.10441422, 40.54087722 ], [ -110.08623362, 40.50200773 ], [ -110.07839335, 40.48504398 ], [ -110.06843634, 40.46313824 ], [ -110.05086223, 40.42426874 ], [ -110.03952388, 40.41455116 ], [ -110.03952388, 40.41451477 ], [ -110.07839335, 40.4145155 ], [ -110.11726285, 40.41451619 ], [ -110.15613235, 40.4145169 ], [ -110.16588419, 40.42426874 ], [ -110.19500182, 40.45338677 ], [ -110.23387131, 40.45338743 ], [ -110.27274081, 40.45338812 ], [ -110.31161031, 40.45338875 ], [ -110.35047978, 40.45338939 ], [ -110.38934927, 40.45339003 ], [ -110.42821877, 40.45339064 ], [ -110.46708824, 40.45339126 ], [ -110.47683524, 40.46313824 ], [ -110.50595774, 40.49226108 ], [ -110.54482723, 40.49226167 ], [ -110.58369673, 40.49226224 ], [ -110.6225662, 40.49226281 ], [ -110.6614357, 40.49226335 ], [ -110.7003052, 40.49226389 ], [ -110.73917466, 40.49226439 ], [ -110.74891802, 40.50200773 ], [ -110.77804416, 40.53113419 ], [ -110.81691366, 40.53113469 ], [ -110.85578316, 40.53113516 ], [ -110.89465263, 40.53113563 ], [ -110.93352212, 40.53113608 ], [ -110.97239162, 40.53113653 ], [ -111.01126112, 40.53113693 ], [ -111.02100137, 40.54087722 ], [ -111.05013059, 40.57000669 ], [ -111.08900008, 40.57000709 ], [ -111.12786958, 40.57000747 ], [ -111.16673905, 40.57000782 ], [ -111.20560855, 40.57000815 ], [ -111.24447804, 40.57000848 ], [ -111.28334754, 40.57000879 ], [ -111.29308544, 40.57974672 ], [ -111.32221701, 40.60887847 ], [ -111.36108651, 40.60887875 ], [ -111.399956, 40.60887901 ], [ -111.43882547, 40.60887925 ], [ -111.47769497, 40.60887946 ], [ -111.51656447, 40.60887968 ], [ -111.55543396, 40.60887984 ], [ -111.5651703, 40.61861619 ], [ -111.59430343, 40.64774945 ], [ -111.63317293, 40.64774962 ], [ -111.67204243, 40.64774974 ], [ -111.7109119, 40.64774985 ], [ -111.74978139, 40.64774993 ], [ -111.78865089, 40.64775 ], [ -111.82752039, 40.64775007 ], [ -111.83725598, 40.65748568 ], [ -111.86638986, 40.68661961 ], [ -111.90525935, 40.68661963 ], [ -111.94412885, 40.68661965 ], [ -111.98299832, 40.68661968 ], [ -112.02186782, 40.68661968 ], [ -112.06073731, 40.68661968 ], [ -112.0704728, 40.69635517 ], [ -112.09960681, 40.72548917 ], [ -112.13847628, 40.72548917 ], [ -112.1482118, 40.73522466 ], [ -112.17734578, 40.76435866 ], [ -112.21621527, 40.76435866 ], [ -112.22595076, 40.77409416 ], [ -112.25508474, 40.80322813 ], [ -112.26482026, 40.81296365 ], [ -112.29395424, 40.84209763 ], [ -112.33282374, 40.84209763 ], [ -112.34255923, 40.85183312 ], [ -112.34255923, 40.89070261 ], [ -112.37169324, 40.91983661 ], [ -112.38142872, 40.92957211 ], [ -112.4105627, 40.95870608 ], [ -112.42029822, 40.9684416 ], [ -112.42029827, 41.00731109 ], [ -112.4494322, 41.03644476 ], [ -112.45916802, 41.04618058 ], [ -112.4591684, 41.08505005 ], [ -112.459169, 41.12391955 ], [ -112.4883017, 41.15305097 ], [ -112.49803976, 41.16278904 ], [ -112.49804111, 41.20165853 ], [ -112.49804283, 41.24052803 ], [ -112.52717117, 41.26965349 ], [ -112.53691518, 41.27939752 ], [ -112.53691797, 41.31826701 ], [ -112.53692129, 41.35713648 ], [ -112.56604067, 41.38625091 ] ] ] } },
{ "type": "Feature", "properties": { "Lower": 20.0 }, "geometry": { "type": "Polygon", "coordinates": [ [ [ -97.43132677, 48.66460046 ], [ -97.40693989, 48.68094178 ], [ -97.3680704, 48.69029282 ], [ -97.3292009, 48.69181414 ], [ -97.29033143, 48.68943696 ], [ -97.25146193, 48.68478085 ], [ -97.21259244, 48.67861276 ], [ -97.17372294, 48.67065718 ], [ -97.15241596, 48.66460046 ], [ -97.13485347, 48.64976906 ], [ -97.12416217, 48.62573097 ], [ -97.12128839, 48.58686148 ], [ -97.11940662, 48.54799198 ], [ -97.13027336, 48.50912249 ], [ -97.13485347, 48.50239595 ], [ -97.1675374, 48.470253 ], [ -97.17372294, 48.46570055 ], [ -97.21259244, 48.45036463 ], [ -97.25146193, 48.44393178 ], [ -97.29033143, 48.44820641 ], [ -97.3292009, 48.46638008 ], [ -97.33393756, 48.470253 ], [ -97.3680704, 48.50704601 ], [ -97.36944816, 48.50912249 ], [ -97.38884781, 48.54799198 ], [ -97.40693989, 48.57687808 ], [ -97.41235684, 48.58686148 ], [ -97.42888703, 48.62573097 ], [ -97.43132677, 48.66460046 ] ] ] } },
{ "type": "Feature", "properties": { "Lower": 20.0 }, "geometry": { "type": "Polygon", "coordinates": [ [ [ -96.42744255, 47.26529884 ], [ -96.39633317, 47.2954411 ], [ -96.35746367, 47.30262131 ], [ -96.3185942, 47.29817866 ], [ -96.2797247, 47.28702138 ], [ -96.2408552, 47.27598595 ], [ -96.20533772, 47.26529884 ], [ -96.20198574, 47.26421216 ], [ -96.16311624, 47.2508254 ], [ -96.12424674, 47.2457794 ], [ -96.08537724, 47.24566103 ], [ -96.05523042, 47.22642937 ], [ -96.04650777, 47.21085864 ], [ -96.03911955, 47.18755987 ], [ -96.03667988, 47.14869038 ], [ -96.04282933, 47.10982089 ], [ -96.04650777, 47.09861521 ], [ -96.05584934, 47.07095139 ], [ -96.07496992, 47.0320819 ], [ -96.08537724, 47.01664496 ], [ -96.10532454, 46.99321241 ], [ -96.12424674, 46.97572876 ], [ -96.16311624, 46.95853105 ], [ -96.20198574, 46.96852357 ], [ -96.22321089, 46.99321241 ], [ -96.2408552, 47.01009115 ], [ -96.27572376, 47.0320819 ], [ -96.2797247, 47.03564909 ], [ -96.3185942, 47.07002823 ], [ -96.31972496, 47.07095139 ], [ -96.35426072, 47.10982089 ], [ -96.35746367, 47.11462087 ], [ -96.38464354, 47.14869038 ], [ -96.39633317, 47.16846609 ], [ -96.41040224, 47.18755987 ], [ -96.42729531, 47.22642937 ], [ -96.42744255, 47.26529884 ] ] ] } },
{ "type": "Feature", "properties": { "Lower": 20.0 }, "geometry": { "type": "Polygon", "coordinates": [ [ [ -98.19819539, 48.12042761 ], [ -98.18739954, 48.1592971 ], [ -98.18432967, 48.16819664 ], [ -98.17304819, 48.19816659 ], [ -98.16112495, 48.23703606 ], [ -98.15151801, 48.27590556 ], [ -98.14546017, 48.3006726 ], [ -98.14119462, 48.31477505 ], [ -98.12781558, 48.35364454 ], [ -98.11483169, 48.39251404 ], [ -98.1065907, 48.41426529 ], [ -98.09854368, 48.43138353 ], [ -98.07656368, 48.470253 ], [ -98.06772121, 48.48282954 ], [ -98.04487816, 48.50912249 ], [ -98.02885171, 48.52516941 ], [ -97.99589964, 48.54799198 ], [ -97.98998224, 48.55136361 ], [ -97.95111274, 48.57677301 ], [ -97.91224325, 48.58005272 ], [ -97.87337375, 48.54825969 ], [ -97.87320823, 48.54799198 ], [ -97.8534769, 48.50912249 ], [ -97.85025552, 48.470253 ], [ -97.85633671, 48.43138353 ], [ -97.86617575, 48.39251404 ], [ -97.87337375, 48.36918474 ], [ -97.88085438, 48.35364454 ], [ -97.89998901, 48.31477505 ], [ -97.91224325, 48.29026657 ], [ -97.92344671, 48.27590556 ], [ -97.95056098, 48.23703606 ], [ -97.95111274, 48.23623081 ], [ -97.98866928, 48.19816659 ], [ -97.98998224, 48.19672273 ], [ -98.02885171, 48.16703294 ], [ -98.04256529, 48.1592971 ], [ -98.06772121, 48.14335468 ], [ -98.1065907, 48.12271003 ], [ -98.11306987, 48.12042761 ], [ -98.14546017, 48.1054407 ], [ -98.18432967, 48.09168851 ], [ -98.19819539, 48.12042761 ] ] ] } },
{ "type": "Feature", "properties": { "Lower": 20.0 }, "geometry": { "type": "Polygon", "coordinates": [ [ [ -112.31795649, 43.61156686 ], [ -112.31623153, 43.65043635 ], [ -112.30404564, 43.68930584 ], [ -112.29395424, 43.70658095 ], [ -112.27726349, 43.72817534 ], [ -112.25508474, 43.74873777 ], [ -112.22682325, 43.76704483 ], [ -112.21621527, 43.77304225 ], [ -112.17734578, 43.78951563 ], [ -112.13847628, 43.80020006 ], [ -112.10664034, 43.8059143 ], [ -112.09960681, 43.80724141 ], [ -112.06073731, 43.8121397 ], [ -112.02186782, 43.81460948 ], [ -111.98299832, 43.81494944 ], [ -111.94412885, 43.81348653 ], [ -111.90525935, 43.81024087 ], [ -111.87278237, 43.8059143 ], [ -111.86638986, 43.80532818 ], [ -111.82752039, 43.80012182 ], [ -111.78865089, 43.79301234 ], [ -111.74978139, 43.78203651 ], [ -111.7109119, 43.76949906 ], [ -111.70419504, 43.76704483 ], [ -111.67204243, 43.75155939 ], [ -111.66745972, 43.72817534 ], [ -111.67204243, 43.72099914 ], [ -111.69065018, 43.68930584 ], [ -111.7109119, 43.65685302 ], [ -111.71468869, 43.65043635 ], [ -111.74693779, 43.61156686 ], [ -111.74978139, 43.60820514 ], [ -111.7824126, 43.57269736 ], [ -111.78865089, 43.56360222 ], [ -111.81518364, 43.53382789 ], [ -111.82752039, 43.51811611 ], [ -111.85081446, 43.4949584 ], [ -111.86638986, 43.47729581 ], [ -111.8907584, 43.45608891 ], [ -111.90525935, 43.44148542 ], [ -111.93767621, 43.41721942 ], [ -111.94412885, 43.41167118 ], [ -111.98299832, 43.39122171 ], [ -112.02186782, 43.37882695 ], [ -112.02815957, 43.37834992 ], [ -112.06073731, 43.37602159 ], [ -112.09755784, 43.37834992 ], [ -112.09960681, 43.37854196 ], [ -112.13847628, 43.38772542 ], [ -112.17734578, 43.40649731 ], [ -112.19632164, 43.41721942 ], [ -112.21621527, 43.43594288 ], [ -112.23826353, 43.45608891 ], [ -112.25508474, 43.47816974 ], [ -112.26941163, 43.4949584 ], [ -112.29346066, 43.53382789 ], [ -112.29395424, 43.53518157 ], [ -112.31054546, 43.57269736 ], [ -112.31795649, 43.61156686 ] ] ] } },
{ "type": "Feature", "properties": { "Lower": 20.0 }, "geometry": { "type": "Polygon", "coordinates": [ [ [ -99.4580943, 47.4596463 ], [ -99.45803374, 47.49851577 ], [ -99.4482589, 47.53738526 ], [ -99.42815332, 47.5743407 ], [ -99.42701139, 47.57625476 ], [ -99.39512562, 47.61512425 ], [ -99.38928383, 47.62170493 ], [ -99.35857308, 47.65399374 ], [ -99.35041436, 47.66181433 ], [ -99.3142882, 47.69286323 ], [ -99.31154486, 47.69482217 ], [ -99.27267536, 47.71710606 ], [ -99.23380587, 47.73128647 ], [ -99.23143474, 47.7317327 ], [ -99.1949364, 47.73723446 ], [ -99.1560669, 47.73745058 ], [ -99.1171974, 47.73267862 ], [ -99.11332843, 47.7317327 ], [ -99.07832793, 47.72282008 ], [ -99.03945844, 47.71037576 ], [ -99.00058894, 47.69878645 ], [ -98.98194825, 47.69286323 ], [ -98.96171944, 47.68598542 ], [ -98.92284997, 47.67226941 ], [ -98.88398048, 47.65810211 ], [ -98.87360521, 47.65399374 ], [ -98.84511098, 47.64099106 ], [ -98.80624151, 47.61961377 ], [ -98.79991427, 47.61512425 ], [ -98.76737201, 47.5769224 ], [ -98.76698127, 47.57625476 ], [ -98.75741815, 47.53738526 ], [ -98.75611709, 47.49851577 ], [ -98.75932041, 47.4596463 ], [ -98.76525012, 47.42077681 ], [ -98.76737201, 47.41073142 ], [ -98.77431437, 47.38190731 ], [ -98.78625204, 47.34303782 ], [ -98.80134939, 47.30416833 ], [ -98.80624151, 47.29442721 ], [ -98.82491983, 47.26529884 ], [ -98.84511098, 47.243485 ], [ -98.87189329, 47.22642937 ], [ -98.88398048, 47.22052257 ], [ -98.92284997, 47.20778807 ], [ -98.96171944, 47.1988002 ], [ -99.00058894, 47.19450012 ], [ -99.03945844, 47.19324164 ], [ -99.07832793, 47.19432361 ], [ -99.1171974, 47.19772293 ], [ -99.1560669, 47.2037761 ], [ -99.1949364, 47.212557 ], [ -99.23380587, 47.22434612 ], [ -99.23933946, 47.22642937 ], [ -99.27267536, 47.2408125 ], [ -99.31154486, 47.26158182 ], [ -99.31746714, 47.26529884 ], [ -99.35041436, 47.28965701 ], [ -99.3674657, 47.30416833 ], [ -99.38928383, 47.3267174 ], [ -99.40357018, 47.34303782 ], [ -99.42815332, 47.37863386 ], [ -99.430277, 47.38190731 ], [ -99.44865276, 47.42077681 ], [ -99.4580943, 47.4596463 ] ] ] } },
{ "type": "Feature", "properties": { "Lower": 20.0 }, "geometry": { "type": "Polygon", "coordinates": [ [ [ -96.83740084, 48.39251404 ], [ -96.83700766, 48.43138353 ], [ -96.83333122, 48.470253 ], [ -96.82538685, 48.50912249 ], [ -96.82389755, 48.51401457 ], [ -96.81047948, 48.54799198 ], [ -96.78984131, 48.58686148 ], [ -96.78502805, 48.59444522 ], [ -96.76121633, 48.62573097 ], [ -96.74615858, 48.64442423 ], [ -96.72551676, 48.66460046 ], [ -96.70728909, 48.68273512 ], [ -96.68321783, 48.70346996 ], [ -96.66841959, 48.71702385 ], [ -96.63805187, 48.74233942 ], [ -96.62955009, 48.74992766 ], [ -96.59206346, 48.78120892 ], [ -96.59068062, 48.7824506 ], [ -96.55181113, 48.81524809 ], [ -96.5458661, 48.82007841 ], [ -96.51294163, 48.84857969 ], [ -96.50064914, 48.8589479 ], [ -96.47407216, 48.88255011 ], [ -96.45666356, 48.8978174 ], [ -96.43520266, 48.91743479 ], [ -96.42548299, 48.93668689 ], [ -96.42543736, 48.93668689 ], [ -96.39633317, 48.90757411 ], [ -96.38657644, 48.8978174 ], [ -96.35746367, 48.86869743 ], [ -96.34771415, 48.8589479 ], [ -96.3185942, 48.82982274 ], [ -96.30884986, 48.82007841 ], [ -96.2797247, 48.79095027 ], [ -96.2408552, 48.79095001 ], [ -96.23111413, 48.78120892 ], [ -96.20198574, 48.75208113 ], [ -96.192244, 48.74233942 ], [ -96.16311624, 48.71321436 ], [ -96.15337182, 48.70346996 ], [ -96.12424674, 48.67434884 ], [ -96.11449837, 48.66460046 ], [ -96.08537724, 48.63548428 ], [ -96.07562394, 48.62573097 ], [ -96.04650777, 48.59662051 ], [ -96.03674872, 48.58686148 ], [ -96.00763828, 48.5577574 ], [ -96.00763828, 48.55771176 ], [ -96.03430046, 48.54799198 ], [ -96.04650777, 48.53369345 ], [ -96.06649905, 48.50912249 ], [ -96.08537724, 48.48568609 ], [ -96.09714143, 48.470253 ], [ -96.12424674, 48.43447844 ], [ -96.12644975, 48.43138353 ], [ -96.15463784, 48.39251404 ], [ -96.16311624, 48.38099976 ], [ -96.18180382, 48.35364454 ], [ -96.20198574, 48.32458704 ], [ -96.20825258, 48.31477505 ], [ -96.23392696, 48.27590556 ], [ -96.2408552, 48.26588338 ], [ -96.25883464, 48.23703606 ], [ -96.2797247, 48.20465482 ], [ -96.2834152, 48.19816659 ], [ -96.30698533, 48.1592971 ], [ -96.3185942, 48.1413093 ], [ -96.33002111, 48.12042761 ], [ -96.35309169, 48.08155812 ], [ -96.35746367, 48.07539902 ], [ -96.3805782, 48.04268862 ], [ -96.39633317, 48.02524685 ], [ -96.41630671, 48.00381913 ], [ -96.43520266, 47.98357635 ], [ -96.45358045, 47.96494966 ], [ -96.47407216, 47.94397112 ], [ -96.4963797, 47.92608017 ], [ -96.51294163, 47.91285434 ], [ -96.55181113, 47.90252293 ], [ -96.59068062, 47.91255882 ], [ -96.6189963, 47.92608017 ], [ -96.62955009, 47.93022713 ], [ -96.66841959, 47.95089376 ], [ -96.68633175, 47.96494966 ], [ -96.70728909, 47.98059426 ], [ -96.72796253, 48.00381913 ], [ -96.74615858, 48.02712116 ], [ -96.75454154, 48.04268862 ], [ -96.77249817, 48.08155812 ], [ -96.78502805, 48.11505281 ], [ -96.78662411, 48.12042761 ], [ -96.8004436, 48.1592971 ], [ -96.82006453, 48.19816659 ], [ -96.82389755, 48.21216984 ], [ -96.83052181, 48.23703606 ], [ -96.82389755, 48.25614153 ], [ -96.81816991, 48.27590556 ], [ -96.82389755, 48.29378233 ], [ -96.82927043, 48.31477505 ], [ -96.83398823, 48.35364454 ], [ -96.83740084, 48.39251404 ] ], [ [ -96.75626864, 48.23703606 ], [ -96.754238, 48.27590556 ], [ -96.74615858, 48.30396297 ], [ -96.73366178, 48.31477505 ], [ -96.70728909, 48.33899783 ], [ -96.66841959, 48.34995511 ], [ -96.62955009, 48.34121965 ], [ -96.59908528, 48.31477505 ], [ -96.59068062, 48.30309535 ], [ -96.57907447, 48.27590556 ], [ -96.56996843, 48.23703606 ], [ -96.56734717, 48.19816659 ], [ -96.57190113, 48.1592971 ], [ -96.5873739, 48.12042761 ], [ -96.59068062, 48.11698154 ], [ -96.62955009, 48.0945793 ], [ -96.66841959, 48.10138243 ], [ -96.69611639, 48.12042761 ], [ -96.70728909, 48.12788855 ], [ -96.72824687, 48.1592971 ], [ -96.74615858, 48.18058336 ], [ -96.75615522, 48.19816659 ], [ -96.75626864, 48.23703606 ] ] ] } },
{ "type": "Feature", "properties": { "Lower": 20.0 }, "geometry": { "type": "Polygon", "coordinates": [ [ [ -101.68878306, 47.61512425 ], [ -101.68694342, 47.65399374 ], [ -101.68258371, 47.67367083 ], [ -101.67738986, 47.69286323 ], [ -101.65091013, 47.7317327 ], [ -101.64371421, 47.74037034 ], [ -101.61980135, 47.7706022 ], [ -101.60484472, 47.79122031 ], [ -101.5891627, 47.80947169 ], [ -101.56597522, 47.84117489 ], [ -101.55962395, 47.84834118 ], [ -101.52834968, 47.88721068 ], [ -101.52710575, 47.8888773 ], [ -101.49327018, 47.92608017 ], [ -101.48823625, 47.93217739 ], [ -101.45510968, 47.96494966 ], [ -101.44936676, 47.97144779 ], [ -101.41408179, 48.00381913 ], [ -101.41049729, 48.00780194 ], [ -101.37162779, 48.04114931 ], [ -101.36920131, 48.04268862 ], [ -101.33275829, 48.07711147 ], [ -101.32791002, 48.08155812 ], [ -101.2938888, 48.09739388 ], [ -101.25694699, 48.12042761 ], [ -101.25501933, 48.12096584 ], [ -101.21614983, 48.13467212 ], [ -101.17728033, 48.1475686 ], [ -101.13841086, 48.15886479 ], [ -101.13678529, 48.1592971 ], [ -101.09954137, 48.167611 ], [ -101.06067187, 48.1752771 ], [ -101.02180237, 48.18181769 ], [ -100.9829329, 48.18690455 ], [ -100.9440634, 48.18998637 ], [ -100.90519391, 48.19107344 ], [ -100.86632444, 48.19047008 ], [ -100.82745494, 48.18830396 ], [ -100.78858544, 48.18475223 ], [ -100.74971595, 48.1800223 ], [ -100.71084648, 48.17429934 ], [ -100.67197698, 48.16784867 ], [ -100.63310748, 48.16091662 ], [ -100.62380346, 48.1592971 ], [ -100.59423801, 48.15361288 ], [ -100.55536852, 48.14635827 ], [ -100.51649902, 48.13953614 ], [ -100.47762952, 48.13398481 ], [ -100.43876005, 48.13076302 ], [ -100.39989056, 48.12873477 ], [ -100.36102106, 48.12658864 ], [ -100.32215159, 48.12367837 ], [ -100.29191976, 48.12042761 ], [ -100.28328209, 48.11934564 ], [ -100.2444126, 48.11259331 ], [ -100.2055431, 48.10350368 ], [ -100.16667363, 48.09093272 ], [ -100.14720994, 48.08155812 ], [ -100.12780413, 48.0701097 ], [ -100.10023722, 48.04268862 ], [ -100.08893464, 48.02689029 ], [ -100.07671775, 48.00381913 ], [ -100.06319545, 47.96494966 ], [ -100.05691471, 47.92608017 ], [ -100.0576556, 47.88721068 ], [ -100.06581832, 47.84834118 ], [ -100.08088123, 47.80947169 ], [ -100.08893464, 47.79403593 ], [ -100.10268918, 47.7706022 ], [ -100.12780413, 47.73930772 ], [ -100.13483919, 47.7317327 ], [ -100.16667363, 47.70275364 ], [ -100.17763041, 47.69286323 ], [ -100.2055431, 47.67100448 ], [ -100.22557134, 47.65399374 ], [ -100.2444126, 47.64024469 ], [ -100.274913, 47.61512425 ], [ -100.28328209, 47.6092578 ], [ -100.32215159, 47.57841977 ], [ -100.32452392, 47.57625476 ], [ -100.36102106, 47.54856996 ], [ -100.37404208, 47.53738526 ], [ -100.39989056, 47.51864571 ], [ -100.425144, 47.49851577 ], [ -100.43876005, 47.4891415 ], [ -100.47762952, 47.46083665 ], [ -100.47918944, 47.4596463 ], [ -100.51649902, 47.43473196 ], [ -100.5377351, 47.42077681 ], [ -100.55536852, 47.41022663 ], [ -100.59423801, 47.38844767 ], [ -100.60737057, 47.38190731 ], [ -100.63310748, 47.36966288 ], [ -100.67197698, 47.35490115 ], [ -100.71084648, 47.34370594 ], [ -100.71335276, 47.34303782 ], [ -100.74971595, 47.33317632 ], [ -100.78858544, 47.31931093 ], [ -100.81167814, 47.30416833 ], [ -100.82745494, 47.29376538 ], [ -100.86632444, 47.27617224 ], [ -100.90292439, 47.26529884 ], [ -100.90519391, 47.26453701 ], [ -100.9440634, 47.25541547 ], [ -100.9829329, 47.2494582 ], [ -101.02180237, 47.24553074 ], [ -101.06067187, 47.24332584 ], [ -101.09954137, 47.24302726 ], [ -101.13841086, 47.24500997 ], [ -101.17728033, 47.2497753 ], [ -101.21614983, 47.2579134 ], [ -101.24170906, 47.26529884 ], [ -101.25501933, 47.26946097 ], [ -101.2938888, 47.28394911 ], [ -101.33275829, 47.30130996 ], [ -101.33941171, 47.30416833 ], [ -101.37162779, 47.31962373 ], [ -101.41049729, 47.33467572 ], [ -101.44559156, 47.34303782 ], [ -101.44936676, 47.34407114 ], [ -101.48823625, 47.35094755 ], [ -101.52710575, 47.36308044 ], [ -101.56334963, 47.38190731 ], [ -101.56597522, 47.38336455 ], [ -101.60484472, 47.41434346 ], [ -101.61050658, 47.42077681 ], [ -101.64235461, 47.4596463 ], [ -101.64371421, 47.46154162 ], [ -101.66174385, 47.49851577 ], [ -101.67641845, 47.53738526 ], [ -101.68258371, 47.56245003 ], [ -101.6854647, 47.57625476 ], [ -101.68878306, 47.61512425 ] ], [ [ -101.2059526, 47.65399374 ], [ -101.20220826, 47.69286323 ], [ -101.19881845, 47.7317327 ], [ -101.197298, 47.7706022 ], [ -101.18710863, 47.80947169 ], [ -101.17728033, 47.81949094 ], [ -101.14028303, 47.84834118 ], [ -101.13841086, 47.84947732 ], [ -101.09954137, 47.86590156 ], [ -101.06067187, 47.87537691 ], [ -101.02180237, 47.87818161 ], [ -100.9829329, 47.87937243 ], [ -100.9440634, 47.87898632 ], [ -100.90519391, 47.8761837 ], [ -100.86632444, 47.87013568 ], [ -100.82745494, 47.86001134 ], [ -100.79704628, 47.84834118 ], [ -100.78858544, 47.84488933 ], [ -100.74971595, 47.82420097 ], [ -100.72763659, 47.80947169 ], [ -100.71084648, 47.79715244 ], [ -100.68540086, 47.7706022 ], [ -100.67197698, 47.75177222 ], [ -100.66076883, 47.7317327 ], [ -100.64512874, 47.69286323 ], [ -100.63347342, 47.65399374 ], [ -100.63310748, 47.65117463 ], [ -100.6285268, 47.61512425 ], [ -100.63310748, 47.58328018 ], [ -100.63404571, 47.57625476 ], [ -100.65035553, 47.53738526 ], [ -100.67197698, 47.51134875 ], [ -100.6829022, 47.49851577 ], [ -100.71084648, 47.48073832 ], [ -100.74788189, 47.4596463 ], [ -100.74971595, 47.45878366 ], [ -100.78858544, 47.43855863 ], [ -100.81346561, 47.42077681 ], [ -100.82745494, 47.4110282 ], [ -100.86632444, 47.38867367 ], [ -100.89820382, 47.38190731 ], [ -100.90519391, 47.38048052 ], [ -100.9440634, 47.38065845 ], [ -100.9560475, 47.38190731 ], [ -100.9829329, 47.38529087 ], [ -101.02180237, 47.39405001 ], [ -101.06067187, 47.40731123 ], [ -101.08904394, 47.42077681 ], [ -101.09954137, 47.42723991 ], [ -101.13841086, 47.457708 ], [ -101.14050588, 47.4596463 ], [ -101.17088653, 47.49851577 ], [ -101.17728033, 47.51116032 ], [ -101.1900521, 47.53738526 ], [ -101.20099718, 47.57625476 ], [ -101.20582392, 47.61512425 ], [ -101.2059526, 47.65399374 ] ] ] } },
{ "type": "Feature", "properties": { "Lower": 20.0 }, "geometry": { "type": "Polygon", "coordinates": [ [ [ -110.35047978, 49.17962873 ], [ -110.37963382, 49.16990382 ], [ -110.37747767, 49.13103433 ], [ -110.37496528, 49.09216484 ], [ -110.3721132, 49.05329534 ], [ -110.36899809, 49.01442585 ], [ -110.36566854, 48.97555636 ], [ -110.36215825, 48.93668689 ], [ -110.35856958, 48.8978174 ], [ -110.35501538, 48.8589479 ], [ -110.35166641, 48.82007841 ], [ -110.35047978, 48.80409872 ], [ -110.34904989, 48.78120892 ], [ -110.34735926, 48.74233942 ], [ -110.34677793, 48.70346996 ], [ -110.34685332, 48.66460046 ], [ -110.35047978, 48.6527697 ], [ -110.36141828, 48.62573097 ], [ -110.38934927, 48.61389798 ], [ -110.42821877, 48.59886783 ], [ -110.4590282, 48.58686148 ], [ -110.46708824, 48.58290981 ], [ -110.50595774, 48.56520549 ], [ -110.54482723, 48.54814933 ], [ -110.5452448, 48.54799198 ], [ -110.58369673, 48.52903917 ], [ -110.6225662, 48.51387142 ], [ -110.63672955, 48.50912249 ], [ -110.6614357, 48.49872472 ], [ -110.7003052, 48.48392418 ], [ -110.73801996, 48.470253 ], [ -110.73917466, 48.46973327 ], [ -110.77804416, 48.45390445 ], [ -110.81691366, 48.43878527 ], [ -110.83719173, 48.43138353 ], [ -110.85578316, 48.42307145 ], [ -110.89465263, 48.40692615 ], [ -110.93124101, 48.39251404 ], [ -110.93352212, 48.39141602 ], [ -110.97239162, 48.37448062 ], [ -111.01126112, 48.35851838 ], [ -111.02428214, 48.35364454 ], [ -111.05013059, 48.34180957 ], [ -111.08900008, 48.32552564 ], [ -111.11701852, 48.31477505 ], [ -111.12786958, 48.30966863 ], [ -111.16673905, 48.29332856 ], [ -111.20560855, 48.27837758 ], [ -111.21290454, 48.27590556 ], [ -111.24447804, 48.26273924 ], [ -111.28334754, 48.24836608 ], [ -111.31733793, 48.23703606 ], [ -111.32221701, 48.23502703 ], [ -111.36108651, 48.22160799 ], [ -111.399956, 48.20990826 ], [ -111.43882547, 48.20142528 ], [ -111.452216, 48.19816659 ], [ -111.47769497, 48.18990124 ], [ -111.51656447, 48.18184648 ], [ -111.55543396, 48.17556163 ], [ -111.59430343, 48.17116109 ], [ -111.63317293, 48.16852657 ], [ -111.67204243, 48.16752363 ], [ -111.7109119, 48.16817575 ], [ -111.74978139, 48.16995113 ], [ -111.78865089, 48.16986836 ], [ -111.82752039, 48.17497101 ], [ -111.84989342, 48.1592971 ], [ -111.86638986, 48.1466435 ], [ -111.90525935, 48.1395819 ], [ -111.94412885, 48.13390046 ], [ -111.96169546, 48.12042761 ], [ -111.98299832, 48.10408918 ], [ -112.02186782, 48.09667403 ], [ -112.06073731, 48.09134615 ], [ -112.07935222, 48.08155812 ], [ -112.09960681, 48.06808415 ], [ -112.13847628, 48.06107695 ], [ -112.16245195, 48.04268862 ], [ -112.17734578, 48.03161526 ], [ -112.21621527, 48.02610529 ], [ -112.25508474, 48.01974973 ], [ -112.27674758, 48.00381913 ], [ -112.29395424, 47.99155388 ], [ -112.33282374, 47.98568126 ], [ -112.37169324, 47.97920192 ], [ -112.38141066, 47.96494966 ], [ -112.38145629, 47.96494966 ], [ -112.3814561, 48.00381913 ], [ -112.37169324, 48.01358201 ], [ -112.34258652, 48.04268862 ], [ -112.34258635, 48.08155812 ], [ -112.34258622, 48.12042761 ], [ -112.34258608, 48.1592971 ], [ -112.34258594, 48.19816659 ], [ -112.34258581, 48.23703606 ], [ -112.34258567, 48.27590556 ], [ -112.33282374, 48.2856675 ], [ -112.30371609, 48.31477505 ], [ -112.30371595, 48.35364454 ], [ -112.30371582, 48.39251404 ], [ -112.29395424, 48.4022756 ], [ -112.26484624, 48.43138353 ], [ -112.25508474, 48.44114499 ], [ -112.22597666, 48.470253 ], [ -112.22597652, 48.50912249 ], [ -112.21621527, 48.51888374 ], [ -112.18710694, 48.54799198 ], [ -112.17734578, 48.55775314 ], [ -112.14823736, 48.58686148 ], [ -112.13847628, 48.59662256 ], [ -112.09960681, 48.59662261 ], [ -112.07049831, 48.62573097 ], [ -112.06073731, 48.63549199 ], [ -112.02186782, 48.63549199 ], [ -111.99275918, 48.66460046 ], [ -111.98299832, 48.67436129 ], [ -111.94412885, 48.67436124 ], [ -111.91501983, 48.70346996 ], [ -111.90525935, 48.71323041 ], [ -111.86638986, 48.71323024 ], [ -111.82752039, 48.71322998 ], [ -111.79841036, 48.74233942 ], [ -111.78865089, 48.75209888 ], [ -111.74978139, 48.75209846 ], [ -111.7109119, 48.75209796 ], [ -111.6818, 48.78120892 ], [ -111.67204243, 48.79096651 ], [ -111.63317293, 48.7909658 ], [ -111.60405912, 48.82007841 ], [ -111.59430343, 48.82983409 ], [ -111.55543396, 48.82983319 ], [ -111.51656447, 48.82983222 ], [ -111.48744728, 48.8589479 ], [ -111.47769497, 48.8687002 ], [ -111.43882547, 48.86869911 ], [ -111.399956, 48.86869798 ], [ -111.37083496, 48.8978174 ], [ -111.36108651, 48.90756584 ], [ -111.32221701, 48.90756468 ], [ -111.29309319, 48.93668689 ], [ -111.28334754, 48.94643254 ], [ -111.24447804, 48.94643146 ], [ -111.20560855, 48.94643039 ], [ -111.17648111, 48.97555636 ], [ -111.16673905, 48.98529842 ], [ -111.12786958, 48.98529752 ], [ -111.08900008, 48.98529667 ], [ -111.0598698, 49.01442585 ], [ -111.05013059, 49.02416506 ], [ -111.01126112, 49.02416439 ], [ -110.97239162, 49.02416383 ], [ -110.94325939, 49.05329534 ], [ -110.93352212, 49.06303261 ], [ -110.89465263, 49.06303221 ], [ -110.86551955, 49.09216484 ], [ -110.85578316, 49.10190125 ], [ -110.81691366, 49.10190102 ], [ -110.77804416, 49.10190083 ], [ -110.74891051, 49.13103433 ], [ -110.73917466, 49.14077015 ], [ -110.7003052, 49.14077015 ], [ -110.6614357, 49.1407703 ], [ -110.63230262, 49.16990382 ], [ -110.6225662, 49.17964024 ], [ -110.58369673, 49.17964109 ], [ -110.54482723, 49.17964267 ], [ -110.50595774, 49.17964546 ], [ -110.46708824, 49.17964993 ], [ -110.42821877, 49.17965614 ], [ -110.38934927, 49.1796643 ], [ -110.35047978, 49.17967434 ], [ -110.35047978, 49.17962873 ] ] ] } },
{ "type": "Feature", "properties": { "Lower": 20.0 }, "geometry": { "type": "Polygon", "coordinates": [ [ [ -112.653546, 41.6680924 ], [ -112.65350038, 41.6680924 ], [ -112.64377966, 41.65169508 ], [ -112.60491016, 41.66240225 ], [ -112.58407822, 41.6680924 ], [ -112.56604067, 41.67288007 ], [ -112.52717117, 41.68343108 ], [ -112.4883017, 41.69761835 ], [ -112.46897971, 41.70696189 ], [ -112.4494322, 41.71706116 ], [ -112.4105627, 41.7420266 ], [ -112.40549132, 41.74583139 ], [ -112.37169324, 41.77254335 ], [ -112.35828131, 41.78470088 ], [ -112.33282374, 41.80876688 ], [ -112.31867251, 41.82357035 ], [ -112.29395424, 41.85028687 ], [ -112.28351261, 41.86243984 ], [ -112.25508474, 41.89627641 ], [ -112.25105201, 41.90130933 ], [ -112.22016147, 41.94017883 ], [ -112.21621527, 41.94517189 ], [ -112.18980605, 41.97904832 ], [ -112.17734578, 41.99515484 ], [ -112.15930609, 42.01791781 ], [ -112.13847628, 42.04434672 ], [ -112.12793619, 42.05678731 ], [ -112.09960681, 42.09033617 ], [ -112.09470009, 42.09565677 ], [ -112.06073731, 42.1325662 ], [ -112.05936174, 42.13452627 ], [ -112.03171478, 42.17339576 ], [ -112.02186782, 42.18714413 ], [ -112.00620424, 42.21226525 ], [ -111.98299832, 42.25079699 ], [ -111.98277375, 42.25113475 ], [ -111.95753607, 42.29000424 ], [ -111.94412885, 42.31155573 ], [ -111.93233345, 42.32887371 ], [ -111.90701589, 42.3677432 ], [ -111.90525935, 42.37049934 ], [ -111.88030825, 42.40661269 ], [ -111.86638986, 42.42777892 ], [ -111.85379446, 42.44548219 ], [ -111.82752039, 42.48365894 ], [ -111.82700686, 42.48435168 ], [ -111.79892712, 42.52322117 ], [ -111.78865089, 42.53789797 ], [ -111.77038069, 42.56209064 ], [ -111.74978139, 42.59034763 ], [ -111.74148264, 42.60096014 ], [ -111.71204213, 42.63982963 ], [ -111.7109119, 42.64135483 ], [ -111.68124972, 42.67869912 ], [ -111.67204243, 42.69069222 ], [ -111.64997548, 42.71756861 ], [ -111.63317293, 42.73868292 ], [ -111.61807405, 42.75643811 ], [ -111.59430343, 42.78526765 ], [ -111.58547937, 42.7953076 ], [ -111.55543396, 42.83045188 ], [ -111.55205043, 42.83417707 ], [ -111.51754892, 42.87304656 ], [ -111.51656447, 42.87418601 ], [ -111.48183901, 42.91191606 ], [ -111.47769497, 42.91654335 ], [ -111.44474942, 42.95078555 ], [ -111.43882547, 42.95717551 ], [ -111.40604843, 42.98965504 ], [ -111.399956, 42.99594929 ], [ -111.36559216, 43.02852453 ], [ -111.36108651, 43.03297099 ], [ -111.32317754, 43.067394 ], [ -111.32221701, 43.06830043 ], [ -111.28334754, 43.10209073 ], [ -111.27819345, 43.1062635 ], [ -111.24447804, 43.13451484 ], [ -111.23091173, 43.14513299 ], [ -111.20560855, 43.16561656 ], [ -111.18141658, 43.18400248 ], [ -111.16673905, 43.19555339 ], [ -111.12990252, 43.22287197 ], [ -111.12786958, 43.22443513 ], [ -111.08900008, 43.25228366 ], [ -111.07499074, 43.26174147 ], [ -111.05013059, 43.27922563 ], [ -111.01791089, 43.30061094 ], [ -111.01126112, 43.30521696 ], [ -110.97239162, 43.329851 ], [ -110.95558172, 43.33948043 ], [ -110.93352212, 43.35291304 ], [ -110.89465263, 43.3745371 ], [ -110.88680271, 43.37834992 ], [ -110.85578316, 43.39447625 ], [ -110.81691366, 43.41308538 ], [ -110.80701786, 43.41721942 ], [ -110.77804416, 43.42995155 ], [ -110.73917466, 43.44455088 ], [ -110.70611627, 43.45608891 ], [ -110.7003052, 43.45811243 ], [ -110.6614357, 43.46705592 ], [ -110.6225662, 43.47507032 ], [ -110.58369673, 43.4810565 ], [ -110.54482723, 43.48500953 ], [ -110.50595774, 43.48712418 ], [ -110.46708824, 43.48723421 ], [ -110.42821877, 43.48561174 ], [ -110.38934927, 43.48206878 ], [ -110.35047978, 43.47669526 ], [ -110.31161031, 43.46968602 ], [ -110.27274081, 43.46106658 ], [ -110.25399464, 43.45608891 ], [ -110.23387131, 43.45052548 ], [ -110.19500182, 43.43834228 ], [ -110.15613235, 43.42438155 ], [ -110.13782921, 43.41721942 ], [ -110.11726285, 43.40886031 ], [ -110.07839335, 43.39164939 ], [ -110.05088322, 43.37834992 ], [ -110.03952388, 43.37267026 ], [ -110.00065439, 43.35225444 ], [ -109.97798052, 43.33948043 ], [ -109.96178489, 43.33009149 ], [ -109.92291539, 43.30627306 ], [ -109.91402701, 43.30061094 ], [ -109.88404592, 43.28092915 ], [ -109.85642393, 43.26174147 ], [ -109.84517643, 43.25368207 ], [ -109.80630693, 43.22706197 ], [ -109.80089213, 43.22287197 ], [ -109.76743746, 43.19472856 ], [ -109.7540845, 43.18400248 ], [ -109.72856796, 43.16281087 ], [ -109.7079148, 43.14513299 ], [ -109.68969847, 43.12927246 ], [ -109.6637851, 43.1062635 ], [ -109.65082897, 43.09445365 ], [ -109.62198272, 43.067394 ], [ -109.6119595, 43.05773527 ], [ -109.58220777, 43.02852453 ], [ -109.57309, 43.01940675 ], [ -109.54387924, 42.98965504 ], [ -109.53422051, 42.97963182 ], [ -109.50691962, 42.95078555 ], [ -109.49535104, 42.93832738 ], [ -109.47125649, 42.91191606 ], [ -109.45648154, 42.89556297 ], [ -109.43648832, 42.87304656 ], [ -109.41761204, 42.85115001 ], [ -109.4031055, 42.83417707 ], [ -109.37874255, 42.80538444 ], [ -109.37035931, 42.7953076 ], [ -109.33987308, 42.76063437 ], [ -109.33643299, 42.75643811 ], [ -109.3075359, 42.71756861 ], [ -109.30100358, 42.70924872 ], [ -109.2772146, 42.67869912 ], [ -109.26213408, 42.65912654 ], [ -109.24750579, 42.63982963 ], [ -109.22326461, 42.60715673 ], [ -109.21870385, 42.60096014 ], [ -109.19005117, 42.56209064 ], [ -109.18439512, 42.5542593 ], [ -109.16215457, 42.52322117 ], [ -109.14552562, 42.49975537 ], [ -109.134695, 42.48435168 ], [ -109.10977516, 42.44548219 ], [ -109.10665612, 42.44102583 ], [ -109.08134143, 42.40661269 ], [ -109.06778665, 42.38658901 ], [ -109.05512672, 42.3677432 ], [ -109.03141244, 42.32887371 ], [ -109.02891715, 42.32515246 ], [ -109.00398602, 42.29000424 ], [ -108.99004766, 42.26835888 ], [ -108.97903982, 42.25113475 ], [ -108.95417599, 42.21226525 ], [ -108.95117819, 42.20753936 ], [ -108.92983806, 42.17339576 ], [ -108.91230869, 42.14501486 ], [ -108.90583043, 42.13452627 ], [ -108.881823, 42.09565677 ], [ -108.87343919, 42.08191954 ], [ -108.85832338, 42.05678731 ], [ -108.8369622, 42.01791781 ], [ -108.8345697, 42.01403048 ], [ -108.81184925, 41.97904832 ], [ -108.79570023, 41.95153526 ], [ -108.78908249, 41.94017883 ], [ -108.76636281, 41.90130933 ], [ -108.75683073, 41.88483419 ], [ -108.74387424, 41.86243984 ], [ -108.72161104, 41.82357035 ], [ -108.71796123, 41.81717197 ], [ -108.69943895, 41.78470088 ], [ -108.67909176, 41.75172896 ], [ -108.67563792, 41.74583139 ], [ -108.65580646, 41.70696189 ], [ -108.64022227, 41.67910543 ], [ -108.63410392, 41.6680924 ], [ -108.61277952, 41.62922291 ], [ -108.60135277, 41.60839444 ], [ -108.59145544, 41.59035341 ], [ -108.57029282, 41.55148394 ], [ -108.56248327, 41.53705111 ], [ -108.54916961, 41.51261445 ], [ -108.52822852, 41.47374496 ], [ -108.5236138, 41.4651073 ], [ -108.50746254, 41.43487547 ], [ -108.48850575, 41.39600597 ], [ -108.48474431, 41.38921367 ], [ -108.466185, 41.35713648 ], [ -108.44587481, 41.32203316 ], [ -108.44380257, 41.31826701 ], [ -108.42547707, 41.27939752 ], [ -108.40700534, 41.24709452 ], [ -108.40343451, 41.24052803 ], [ -108.38517946, 41.20165853 ], [ -108.36813584, 41.16867773 ], [ -108.36509266, 41.16278904 ], [ -108.34515997, 41.12391955 ], [ -108.32926635, 41.0925512 ], [ -108.32544023, 41.08505005 ], [ -108.3055127, 41.04618058 ], [ -108.29039685, 41.01634614 ], [ -108.28581918, 41.00731109 ], [ -108.26638443, 40.9684416 ], [ -108.25152738, 40.93911901 ], [ -108.24672227, 40.92957211 ], [ -108.22741642, 40.89070261 ], [ -108.21265788, 40.86098848 ], [ -108.20808021, 40.85183312 ], [ -108.18854692, 40.81296365 ], [ -108.17378839, 40.78284854 ], [ -108.16946948, 40.77409416 ], [ -108.15019227, 40.73522466 ], [ -108.13491889, 40.70447398 ], [ -108.13088635, 40.69635517 ], [ -108.11183762, 40.65748568 ], [ -108.09604942, 40.62526953 ], [ -108.09278882, 40.61861619 ], [ -108.07374032, 40.57974672 ], [ -108.05717992, 40.5459542 ], [ -108.0546919, 40.54087722 ], [ -108.03564315, 40.50200773 ], [ -108.01831043, 40.46994595 ], [ -108.0148072, 40.46313824 ], [ -107.99780332, 40.42426874 ], [ -107.97944096, 40.39030229 ], [ -107.97691785, 40.38539925 ], [ -107.95996349, 40.34652976 ], [ -107.94276784, 40.30766029 ], [ -107.94057146, 40.30333911 ], [ -107.92212366, 40.2687908 ], [ -107.90512388, 40.2299213 ], [ -107.90170196, 40.22318928 ], [ -107.88442665, 40.19105181 ], [ -107.86551053, 40.15218232 ], [ -107.86283247, 40.14660305 ], [ -107.84685288, 40.11331283 ], [ -107.823963, 40.10359494 ], [ -107.823963, 40.1035493 ], [ -107.86283247, 40.1035502 ], [ -107.90170196, 40.1035511 ], [ -107.94057146, 40.103552 ], [ -107.97944096, 40.10355292 ], [ -107.98920086, 40.11331283 ], [ -108.01831043, 40.14242286 ], [ -108.05717992, 40.14242378 ], [ -108.09604942, 40.14242468 ], [ -108.13491889, 40.1424256 ], [ -108.17378839, 40.1424265 ], [ -108.21265788, 40.14242742 ], [ -108.25152738, 40.14242832 ], [ -108.26128136, 40.15218232 ], [ -108.29039685, 40.18129829 ], [ -108.32926635, 40.18129921 ], [ -108.36813584, 40.18130013 ], [ -108.40700534, 40.18130103 ], [ -108.44587481, 40.18130195 ], [ -108.48474431, 40.18130285 ], [ -108.5236138, 40.18130377 ], [ -108.53336184, 40.19105181 ], [ -108.56248327, 40.22017373 ], [ -108.60135277, 40.22017463 ], [ -108.64022227, 40.22017555 ], [ -108.67909176, 40.22017645 ], [ -108.71796123, 40.22017735 ], [ -108.75683073, 40.22017827 ], [ -108.79570023, 40.22017917 ], [ -108.80544235, 40.2299213 ], [ -108.8345697, 40.25904914 ], [ -108.87343919, 40.25905003 ], [ -108.91230869, 40.25905091 ], [ -108.95117819, 40.25905181 ], [ -108.99004766, 40.2590527 ], [ -109.02891715, 40.25905358 ], [ -109.06778665, 40.25905445 ], [ -109.07752296, 40.2687908 ], [ -109.10665612, 40.29792442 ], [ -109.14552562, 40.29792529 ], [ -109.18439512, 40.29792617 ], [ -109.22326461, 40.29792702 ], [ -109.26213408, 40.29792789 ], [ -109.30100358, 40.29792874 ], [ -109.33987308, 40.29792959 ], [ -109.34960377, 40.30766029 ], [ -109.37874255, 40.33679954 ], [ -109.41761204, 40.33680036 ], [ -109.45648154, 40.33680121 ], [ -109.49535104, 40.33680204 ], [ -109.53422051, 40.33680284 ], [ -109.57309, 40.33680367 ], [ -109.6119595, 40.33680447 ], [ -109.62168479, 40.34652976 ], [ -109.65082897, 40.37567439 ], [ -109.68969847, 40.3756752 ], [ -109.72856796, 40.375676 ], [ -109.76743746, 40.37567678 ], [ -109.80630693, 40.37567756 ], [ -109.84517643, 40.37567832 ], [ -109.88404592, 40.37567907 ], [ -109.89376612, 40.38539925 ], [ -109.92291539, 40.41454897 ], [ -109.96178489, 40.41454972 ], [ -110.00065439, 40.41455043 ], [ -110.03952388, 40.41455116 ], [ -110.05086223, 40.42426874 ], [ -110.06843634, 40.46313824 ], [ -110.07839335, 40.48504398 ], [ -110.08623362, 40.50200773 ], [ -110.10441422, 40.54087722 ], [ -110.11726285, 40.56815138 ], [ -110.12277077, 40.57974672 ], [ -110.14135627, 40.61861619 ], [ -110.15613235, 40.64891856 ], [ -110.16030985, 40.65748568 ], [ -110.17939132, 40.69635517 ], [ -110.19500182, 40.72757617 ], [ -110.19885764, 40.73522466 ], [ -110.21845277, 40.77409416 ], [ -110.23387131, 40.80418483 ], [ -110.2383696, 40.81296365 ], [ -110.25872322, 40.85183312 ], [ -110.27274081, 40.87814245 ], [ -110.27948825, 40.89070261 ], [ -110.30077876, 40.92957211 ], [ -110.31161031, 40.9492948 ], [ -110.32221261, 40.9684416 ], [ -110.34442758, 41.00731109 ], [ -110.35047978, 41.01785938 ], [ -110.36686386, 41.04618058 ], [ -110.38934927, 41.0807816 ], [ -110.39195853, 41.08505005 ], [ -110.4128002, 41.12391955 ], [ -110.42821877, 41.14947552 ], [ -110.43625116, 41.16278904 ], [ -110.46002191, 41.20165853 ], [ -110.46708824, 41.21305897 ], [ -110.48425649, 41.24052803 ], [ -110.50595774, 41.27479232 ], [ -110.50887437, 41.27939752 ], [ -110.53381515, 41.31826701 ], [ -110.54482723, 41.33499389 ], [ -110.55952738, 41.35713648 ], [ -110.58369673, 41.39033695 ], [ -110.58760582, 41.39600597 ], [ -110.61211473, 41.43487547 ], [ -110.6225662, 41.4498602 ], [ -110.63922566, 41.47374496 ], [ -110.6614357, 41.50520914 ], [ -110.66670724, 41.51261445 ], [ -110.69442665, 41.55148394 ], [ -110.7003052, 41.55952474 ], [ -110.72303499, 41.59035341 ], [ -110.73917466, 41.61224384 ], [ -110.75180007, 41.62922291 ], [ -110.77804416, 41.66372369 ], [ -110.78139604, 41.6680924 ], [ -110.81159907, 41.70696189 ], [ -110.81691366, 41.71372057 ], [ -110.84238085, 41.74583139 ], [ -110.85578316, 41.76237039 ], [ -110.87403612, 41.78470088 ], [ -110.89465263, 41.80965776 ], [ -110.90624658, 41.82357035 ], [ -110.93352212, 41.85529919 ], [ -110.93971481, 41.86243984 ], [ -110.97239162, 41.89674648 ], [ -110.97649678, 41.90130933 ], [ -111.00745133, 41.94017883 ], [ -111.01126112, 41.94419156 ], [ -111.04695181, 41.97904832 ], [ -111.05013059, 41.98225622 ], [ -111.08404058, 42.01791781 ], [ -111.08900008, 42.02267008 ], [ -111.12786958, 42.05432769 ], [ -111.13057598, 42.05678731 ], [ -111.16673905, 42.09038525 ], [ -111.17308643, 42.09565677 ], [ -111.20560855, 42.12135957 ], [ -111.223164, 42.13452627 ], [ -111.24447804, 42.14965754 ], [ -111.2776903, 42.17339576 ], [ -111.28334754, 42.17698369 ], [ -111.32221701, 42.19660839 ], [ -111.35489225, 42.21226525 ], [ -111.36108651, 42.21497034 ], [ -111.399956, 42.22861813 ], [ -111.43882547, 42.23802952 ], [ -111.47769497, 42.24261158 ], [ -111.51656447, 42.24132233 ], [ -111.55543396, 42.23361787 ], [ -111.59430343, 42.21916544 ], [ -111.60518601, 42.21226525 ], [ -111.63317293, 42.19604766 ], [ -111.66075714, 42.17339576 ], [ -111.67204243, 42.16499109 ], [ -111.70530407, 42.13452627 ], [ -111.7109119, 42.12956861 ], [ -111.74492219, 42.09565677 ], [ -111.74978139, 42.0909876 ], [ -111.7812563, 42.05678731 ], [ -111.78865089, 42.04913704 ], [ -111.81485283, 42.01791781 ], [ -111.82752039, 42.00358693 ], [ -111.84735152, 41.97904832 ], [ -111.86638986, 41.95618359 ], [ -111.8788754, 41.94017883 ], [ -111.90525935, 41.90763449 ], [ -111.91000602, 41.90130933 ], [ -111.93997754, 41.86243984 ], [ -111.94412885, 41.85718699 ], [ -111.96813223, 41.82357035 ], [ -111.98299832, 41.80363226 ], [ -111.99498913, 41.78470088 ], [ -112.02072996, 41.74583139 ], [ -112.02186782, 41.74412043 ], [ -112.04784703, 41.70696189 ], [ -112.06073731, 41.68978467 ], [ -112.0786375, 41.6680924 ], [ -112.09960681, 41.64202783 ], [ -112.10877152, 41.62922291 ], [ -112.13679522, 41.59035341 ], [ -112.13847628, 41.58802094 ], [ -112.16605144, 41.55148394 ], [ -112.17734578, 41.53772301 ], [ -112.20140344, 41.51261445 ], [ -112.21621527, 41.49891876 ], [ -112.25193888, 41.47374496 ], [ -112.25508474, 41.47180124 ], [ -112.29395424, 41.45352286 ], [ -112.33282374, 41.44188895 ], [ -112.3627751, 41.43487547 ], [ -112.37169324, 41.43260586 ], [ -112.4105627, 41.4226753 ], [ -112.4494322, 41.41292475 ], [ -112.4883017, 41.40338134 ], [ -112.51890486, 41.39600597 ], [ -112.52717117, 41.39378285 ], [ -112.56604067, 41.38628731 ], [ -112.57575933, 41.39600597 ], [ -112.57576393, 41.43487547 ], [ -112.57576906, 41.47374496 ], [ -112.60491016, 41.50287879 ], [ -112.61464581, 41.51261445 ], [ -112.6146522, 41.55148394 ], [ -112.61465913, 41.59035341 ], [ -112.64377966, 41.61946451 ], [ -112.65353806, 41.62922291 ], [ -112.653546, 41.6680924 ] ] ] } },
{ "type": "Feature", "properties": { "Lower": 20.0 }, "geometry": { "type": "Polygon", "coordinates": [ [ [ -102.38223449, 39.32615904 ], [ -102.38223449, 39.32620468 ], [ -102.34608518, 39.33592306 ], [ -102.34336502, 39.33965296 ], [ -102.31801821, 39.37479253 ], [ -102.30449552, 39.39326036 ], [ -102.28979763, 39.41366202 ], [ -102.26562603, 39.44696496 ], [ -102.26162875, 39.45253152 ], [ -102.23351057, 39.49140101 ], [ -102.22675656, 39.50066926 ], [ -102.20552398, 39.5302705 ], [ -102.18788706, 39.55450562 ], [ -102.17729254, 39.56914 ], [ -102.150625, 39.60800946 ], [ -102.14901756, 39.6101793 ], [ -102.12090051, 39.64687896 ], [ -102.11014807, 39.66156899 ], [ -102.09271919, 39.68574845 ], [ -102.0712786, 39.71528574 ], [ -102.06457259, 39.72461794 ], [ -102.03642567, 39.76348744 ], [ -102.0324091, 39.7690275 ], [ -102.00848443, 39.80235693 ], [ -101.9935396, 39.8230341 ], [ -101.98058311, 39.84122642 ], [ -101.95467013, 39.87736318 ], [ -101.9527388, 39.88009589 ], [ -101.92508184, 39.91896538 ], [ -101.91580064, 39.93192163 ], [ -101.89758795, 39.95783488 ], [ -101.87693114, 39.98702999 ], [ -101.87015008, 39.99670437 ], [ -101.84288271, 40.03557386 ], [ -101.83806164, 40.04239321 ], [ -101.81571459, 40.07444336 ], [ -101.79919217, 40.09813981 ], [ -101.78875654, 40.11331283 ], [ -101.76183332, 40.15218232 ], [ -101.76032268, 40.15435569 ], [ -101.73515489, 40.19105181 ], [ -101.72145318, 40.21090184 ], [ -101.70849669, 40.2299213 ], [ -101.68258371, 40.26640907 ], [ -101.68096052, 40.2687908 ], [ -101.6559508, 40.30766029 ], [ -101.64371421, 40.32578294 ], [ -101.62988299, 40.34652976 ], [ -101.60484472, 40.38257425 ], [ -101.6029666, 40.38539925 ], [ -101.57855826, 40.42426874 ], [ -101.56597522, 40.44337922 ], [ -101.55312393, 40.46313824 ], [ -101.52911951, 40.50200773 ], [ -101.52710575, 40.50505433 ], [ -101.50308739, 40.54087722 ], [ -101.48823625, 40.56407066 ], [ -101.47839324, 40.57974672 ], [ -101.45410076, 40.61861619 ], [ -101.44936676, 40.62612128 ], [ -101.42988293, 40.65748568 ], [ -101.41049729, 40.68888326 ], [ -101.40595277, 40.69635517 ], [ -101.38208907, 40.73522466 ], [ -101.37162779, 40.75213808 ], [ -101.35824562, 40.77409416 ], [ -101.33467587, 40.81296365 ], [ -101.33275829, 40.81608817 ], [ -101.31113325, 40.85183312 ], [ -101.2938888, 40.88017079 ], [ -101.28741062, 40.89070261 ], [ -101.26333183, 40.92957211 ], [ -101.25501933, 40.94274934 ], [ -101.23875382, 40.9684416 ], [ -101.21614983, 41.00414526 ], [ -101.21415273, 41.00731109 ], [ -101.18954501, 41.04618058 ], [ -101.17728033, 41.0654342 ], [ -101.16491687, 41.08505005 ], [ -101.14053991, 41.12391955 ], [ -101.13841086, 41.1273213 ], [ -101.11651878, 41.16278904 ], [ -101.09954137, 41.19044879 ], [ -101.09280042, 41.20165853 ], [ -101.06956874, 41.24052803 ], [ -101.06067187, 41.25552261 ], [ -101.04682889, 41.27939752 ], [ -101.02462625, 41.31826701 ], [ -101.02180237, 41.32321675 ], [ -101.00299337, 41.35713648 ], [ -100.9829329, 41.3941441 ], [ -100.98193606, 41.39600597 ], [ -100.96127314, 41.43487547 ], [ -100.9440634, 41.46760368 ], [ -100.94083407, 41.47374496 ], [ -100.92056277, 41.51261445 ], [ -100.90519391, 41.54254312 ], [ -100.90058881, 41.55148394 ], [ -100.88070331, 41.59035341 ], [ -100.86632444, 41.61885753 ], [ -100.86103281, 41.62922291 ], [ -100.84148796, 41.6680924 ], [ -100.82745494, 41.69641041 ], [ -100.82227224, 41.70696189 ], [ -100.80446515, 41.74583139 ], [ -100.78981537, 41.78470088 ], [ -100.78858544, 41.7879386 ], [ -100.77516631, 41.82357035 ], [ -100.76212186, 41.86243984 ], [ -100.75058739, 41.90130933 ], [ -100.74971595, 41.90409664 ], [ -100.73808086, 41.94017883 ], [ -100.72706587, 41.97904832 ], [ -100.71695271, 42.01791781 ], [ -100.71084648, 42.0431892 ], [ -100.70749668, 42.05678731 ], [ -100.6986339, 42.09565677 ], [ -100.69074247, 42.13452627 ], [ -100.68367951, 42.17339576 ], [ -100.6773999, 42.21226525 ], [ -100.67276479, 42.25113475 ], [ -100.67197698, 42.25709412 ], [ -100.66743181, 42.29000424 ], [ -100.6636189, 42.32887371 ], [ -100.66075757, 42.3677432 ], [ -100.65871328, 42.40661269 ], [ -100.65762047, 42.44548219 ], [ -100.65732348, 42.48435168 ], [ -100.65793188, 42.52322117 ], [ -100.65938473, 42.56209064 ], [ -100.66171448, 42.60096014 ], [ -100.66485722, 42.63982963 ], [ -100.66883082, 42.67869912 ], [ -100.67197698, 42.70401382 ], [ -100.67355309, 42.71756861 ], [ -100.67886574, 42.75643811 ], [ -100.68493347, 42.7953076 ], [ -100.69168664, 42.83417707 ], [ -100.69914447, 42.87304656 ], [ -100.70719311, 42.91191606 ], [ -100.71084648, 42.92806507 ], [ -100.7156554, 42.95078555 ], [ -100.72438742, 42.98965504 ], [ -100.73352988, 43.02852453 ], [ -100.74297632, 43.067394 ], [ -100.74971595, 43.0944303 ], [ -100.75246381, 43.1062635 ], [ -100.76153771, 43.14513299 ], [ -100.77037049, 43.18400248 ], [ -100.77879181, 43.22287197 ], [ -100.78678597, 43.26174147 ], [ -100.78858544, 43.27105375 ], [ -100.79394119, 43.30061094 ], [ -100.80035623, 43.33948043 ], [ -100.80583757, 43.37834992 ], [ -100.81027412, 43.41721942 ], [ -100.81330746, 43.45608891 ], [ -100.81461201, 43.4949584 ], [ -100.81404578, 43.53382789 ], [ -100.81271553, 43.57269736 ], [ -100.81121349, 43.61156686 ], [ -100.80945504, 43.65043635 ], [ -100.80736682, 43.68930584 ], [ -100.80489107, 43.72817534 ], [ -100.80193347, 43.76704483 ], [ -100.79836415, 43.8059143 ], [ -100.79400965, 43.84478379 ], [ -100.78900216, 43.88365328 ], [ -100.78858544, 43.8860706 ], [ -100.78213242, 43.92252278 ], [ -100.77403484, 43.96139227 ], [ -100.76397849, 44.00026176 ], [ -100.75144083, 44.03913123 ], [ -100.74971595, 44.04346102 ], [ -100.73538838, 44.07800072 ], [ -100.7149238, 44.11687022 ], [ -100.71084648, 44.12310933 ], [ -100.68796684, 44.15573971 ], [ -100.67197698, 44.17371768 ], [ -100.65127709, 44.1946092 ], [ -100.63310748, 44.20921765 ], [ -100.59702016, 44.2334787 ], [ -100.59423801, 44.23506069 ], [ -100.55536852, 44.25407455 ], [ -100.51649902, 44.26977126 ], [ -100.50917058, 44.27234819 ], [ -100.47762952, 44.28363658 ], [ -100.43876005, 44.2954855 ], [ -100.39989056, 44.30557688 ], [ -100.37523946, 44.31121766 ], [ -100.36102106, 44.31460717 ], [ -100.32215159, 44.32295311 ], [ -100.28328209, 44.33053014 ], [ -100.2444126, 44.33704973 ], [ -100.2055431, 44.34171148 ], [ -100.16667363, 44.34408451 ], [ -100.12780413, 44.34407326 ], [ -100.08893464, 44.3416108 ], [ -100.05006517, 44.33647888 ], [ -100.01119567, 44.32825595 ], [ -99.97232617, 44.31625789 ], [ -99.96050003, 44.31121766 ], [ -99.93345668, 44.30165537 ], [ -99.89458721, 44.28309906 ], [ -99.87847959, 44.27234819 ], [ -99.85571771, 44.26005023 ], [ -99.81684821, 44.24966867 ], [ -99.77797872, 44.2423446 ], [ -99.74153279, 44.2334787 ], [ -99.73910925, 44.23282911 ], [ -99.70023975, 44.22161017 ], [ -99.66137025, 44.20826429 ], [ -99.63643756, 44.1946092 ], [ -99.62250078, 44.18509541 ], [ -99.59887803, 44.15573971 ], [ -99.58363129, 44.13080294 ], [ -99.57761578, 44.11687022 ], [ -99.5637249, 44.07800072 ], [ -99.55284041, 44.03913123 ], [ -99.54476179, 44.00218399 ], [ -99.5443919, 44.00026176 ], [ -99.53863599, 43.96139227 ], [ -99.53467678, 43.92252278 ], [ -99.53259957, 43.88365328 ], [ -99.53396205, 43.84478379 ], [ -99.54021717, 43.8059143 ], [ -99.54476179, 43.78280996 ], [ -99.5480425, 43.76704483 ], [ -99.55552185, 43.72817534 ], [ -99.55486393, 43.68930584 ], [ -99.54840839, 43.65043635 ], [ -99.54476179, 43.63476663 ], [ -99.53920756, 43.61156686 ], [ -99.53032787, 43.57269736 ], [ -99.52205518, 43.53382789 ], [ -99.51484811, 43.4949584 ], [ -99.50866619, 43.45608891 ], [ -99.50589229, 43.43449441 ], [ -99.50371833, 43.41721942 ], [ -99.49984851, 43.37834992 ], [ -99.49671259, 43.33948043 ], [ -99.49432401, 43.30061094 ], [ -99.49265914, 43.26174147 ], [ -99.49168727, 43.22287197 ], [ -99.4914202, 43.18400248 ], [ -99.49174133, 43.14513299 ], [ -99.49262804, 43.1062635 ], [ -99.49398632, 43.067394 ], [ -99.49577651, 43.02852453 ], [ -99.49792915, 42.98965504 ], [ -99.50035634, 42.95078555 ], [ -99.50299963, 42.91191606 ], [ -99.50534823, 42.87304656 ], [ -99.50589229, 42.86621994 ], [ -99.50871313, 42.83417707 ], [ -99.51164412, 42.7953076 ], [ -99.51446888, 42.75643811 ], [ -99.51714349, 42.71756861 ], [ -99.51952744, 42.67869912 ], [ -99.52161744, 42.63982963 ], [ -99.52325625, 42.60096014 ], [ -99.52418247, 42.56209064 ], [ -99.52424934, 42.52322117 ], [ -99.52337132, 42.48435168 ], [ -99.52140474, 42.44548219 ], [ -99.51840378, 42.40661269 ], [ -99.51427763, 42.3677432 ], [ -99.50901977, 42.32887371 ], [ -99.50589229, 42.30977995 ], [ -99.50267395, 42.29000424 ], [ -99.49525766, 42.25113475 ], [ -99.4866207, 42.21226525 ], [ -99.476702, 42.17339576 ], [ -99.46702282, 42.13983631 ], [ -99.46549491, 42.13452627 ], [ -99.4533413, 42.09565677 ], [ -99.43980784, 42.05678731 ], [ -99.42815332, 42.02627134 ], [ -99.42495496, 42.01791781 ], [ -99.40915738, 41.97904832 ], [ -99.39182625, 41.94017883 ], [ -99.38928383, 41.93474329 ], [ -99.37356098, 41.90130933 ], [ -99.3538069, 41.86243984 ], [ -99.35041436, 41.8560633 ], [ -99.33298132, 41.82357035 ], [ -99.31154486, 41.7861614 ], [ -99.31069841, 41.78470088 ], [ -99.28726099, 41.74583139 ], [ -99.27267536, 41.72284384 ], [ -99.26241832, 41.70696189 ], [ -99.23611106, 41.6680924 ], [ -99.23380587, 41.66481077 ], [ -99.20833832, 41.62922291 ], [ -99.1949364, 41.6112789 ], [ -99.17905968, 41.59035341 ], [ -99.1560669, 41.5613826 ], [ -99.14803223, 41.55148394 ], [ -99.1171974, 41.5148156 ], [ -99.11529073, 41.51261445 ], [ -99.08052491, 41.47374496 ], [ -99.07832793, 41.47136695 ], [ -99.04365416, 41.43487547 ], [ -99.03945844, 41.4306037 ], [ -99.00422255, 41.39600597 ], [ -99.00058894, 41.39255086 ], [ -98.96171944, 41.35857776 ], [ -98.95998834, 41.35713648 ], [ -98.92284997, 41.32655408 ], [ -98.91160581, 41.31826701 ], [ -98.88398048, 41.29848492 ], [ -98.8548905, 41.27939752 ], [ -98.84511098, 41.27311927 ], [ -98.80624151, 41.24994372 ], [ -98.78910798, 41.24052803 ], [ -98.76737201, 41.22879458 ], [ -98.72850252, 41.20926014 ], [ -98.71216628, 41.20165853 ], [ -98.68963302, 41.19129325 ], [ -98.65076355, 41.17462039 ], [ -98.62101854, 41.16278904 ], [ -98.61189405, 41.15917996 ], [ -98.57302456, 41.14476411 ], [ -98.53415509, 41.13129799 ], [ -98.51120662, 41.12391955 ], [ -98.49528559, 41.11881449 ], [ -98.45641609, 41.10701672 ], [ -98.4175466, 41.09603193 ], [ -98.37867713, 41.08639719 ], [ -98.37359198, 41.08505005 ], [ -98.33980763, 41.0758941 ], [ -98.30093813, 41.06666345 ], [ -98.26206866, 41.05797155 ], [ -98.22319917, 41.04965161 ], [ -98.20598074, 41.04618058 ], [ -98.18432967, 41.04180438 ], [ -98.14546017, 41.03436119 ], [ -98.1065907, 41.02712473 ], [ -98.06772121, 41.02023298 ], [ -98.02885171, 41.01352875 ], [ -97.99554499, 41.00731109 ], [ -97.98998224, 41.00628808 ], [ -97.95111274, 41.00074509 ], [ -97.91224325, 40.99446034 ], [ -97.87337375, 40.99759264 ], [ -97.87337375, 40.99754703 ], [ -97.90248172, 40.9684416 ], [ -97.91224325, 40.95868006 ], [ -97.94135377, 40.92957211 ], [ -97.94135596, 40.89070261 ], [ -97.95111274, 40.88094585 ], [ -97.98022801, 40.85183312 ], [ -97.9802302, 40.81296365 ], [ -97.98998224, 40.80321159 ], [ -98.01910225, 40.77409416 ], [ -98.01910436, 40.73522466 ], [ -98.02885171, 40.72547731 ], [ -98.05797637, 40.69635517 ], [ -98.06772121, 40.68661034 ], [ -98.09684836, 40.65748568 ], [ -98.09685042, 40.61861619 ], [ -98.1065907, 40.60887592 ], [ -98.13572233, 40.57974672 ], [ -98.1357243, 40.54087722 ], [ -98.14546017, 40.53114133 ], [ -98.1745961, 40.50200773 ], [ -98.18432967, 40.49227415 ], [ -98.21346787, 40.46313824 ], [ -98.21346971, 40.42426874 ], [ -98.22319917, 40.41453928 ], [ -98.25234134, 40.38539925 ], [ -98.25234307, 40.34652976 ], [ -98.26206866, 40.33680419 ], [ -98.29121459, 40.30766029 ], [ -98.29121621, 40.2687908 ], [ -98.30093813, 40.25906887 ], [ -98.33008757, 40.2299213 ], [ -98.33980763, 40.22020127 ], [ -98.36895888, 40.19105181 ], [ -98.37867713, 40.16740564 ], [ -98.4175466, 40.17511313 ], [ -98.45641609, 40.1827222 ], [ -98.49528559, 40.1888856 ], [ -98.50554924, 40.19105181 ], [ -98.53415509, 40.19710487 ], [ -98.57302456, 40.2040613 ], [ -98.61189405, 40.21080977 ], [ -98.65076355, 40.21734533 ], [ -98.68963302, 40.22382656 ], [ -98.72115465, 40.2299213 ], [ -98.72850252, 40.23126985 ], [ -98.76737201, 40.23610096 ], [ -98.80624151, 40.24194392 ], [ -98.84511098, 40.24760377 ], [ -98.88398048, 40.25307355 ], [ -98.92284997, 40.25829894 ], [ -98.96171944, 40.26323743 ], [ -99.00058894, 40.26680431 ], [ -99.01444713, 40.2687908 ], [ -99.03945844, 40.27246693 ], [ -99.07832793, 40.27645704 ], [ -99.1171974, 40.28010408 ], [ -99.1560669, 40.28329633 ], [ -99.1949364, 40.28604436 ], [ -99.23380587, 40.28832153 ], [ -99.27267536, 40.28981121 ], [ -99.31154486, 40.29065402 ], [ -99.35041436, 40.29061517 ], [ -99.38928383, 40.28950635 ], [ -99.42815332, 40.28745612 ], [ -99.46702282, 40.28393108 ], [ -99.50589229, 40.27885854 ], [ -99.54476179, 40.27217008 ], [ -99.55946552, 40.2687908 ], [ -99.58363129, 40.2630954 ], [ -99.62250078, 40.25154319 ], [ -99.66137025, 40.23666843 ], [ -99.67565801, 40.2299213 ], [ -99.70023975, 40.21806615 ], [ -99.73910925, 40.19455802 ], [ -99.74381963, 40.19105181 ], [ -99.77797872, 40.16399789 ], [ -99.78979428, 40.15218232 ], [ -99.81684821, 40.12251751 ], [ -99.82336571, 40.11331283 ], [ -99.84681363, 40.07444336 ], [ -99.85571771, 40.05766604 ], [ -99.8669411, 40.03557386 ], [ -99.88572511, 39.99670437 ], [ -99.89458721, 39.97770025 ], [ -99.90380322, 39.95783488 ], [ -99.92134592, 39.91896538 ], [ -99.93345668, 39.89126352 ], [ -99.93838861, 39.88009589 ], [ -99.95519999, 39.84122642 ], [ -99.9696634, 39.80235693 ], [ -99.97232617, 39.7960104 ], [ -99.98668608, 39.76348744 ], [ -100.00161865, 39.72461794 ], [ -100.01119567, 39.69887199 ], [ -100.01617351, 39.68574845 ], [ -100.02942085, 39.64687896 ], [ -100.03918829, 39.60800946 ], [ -100.04540003, 39.56914 ], [ -100.05006517, 39.54124633 ], [ -100.05187963, 39.5302705 ], [ -100.05613783, 39.49140101 ], [ -100.06153713, 39.45253152 ], [ -100.06703806, 39.41366202 ], [ -100.07251493, 39.37479253 ], [ -100.07801742, 39.33592306 ], [ -100.08354439, 39.29705357 ], [ -100.08774609, 39.25818408 ], [ -100.08893464, 39.25122405 ], [ -100.0947478, 39.21931458 ], [ -100.10046305, 39.18044509 ], [ -100.1061732, 39.1415756 ], [ -100.11180788, 39.10270613 ], [ -100.1174914, 39.06383663 ], [ -100.12312052, 39.02496714 ], [ -100.12780413, 39.01524959 ], [ -100.16667363, 39.01524819 ], [ -100.2055431, 39.01524689 ], [ -100.2444126, 39.01524573 ], [ -100.28328209, 39.01524472 ], [ -100.29300451, 39.02496714 ], [ -100.32215159, 39.05411322 ], [ -100.36102106, 39.05411251 ], [ -100.39989056, 39.05411196 ], [ -100.43876005, 39.05411154 ], [ -100.47762952, 39.05411128 ], [ -100.51649902, 39.05411114 ], [ -100.55536852, 39.05411111 ], [ -100.56509403, 39.06383663 ], [ -100.59423801, 39.09298063 ], [ -100.63310748, 39.0929808 ], [ -100.67197698, 39.09298091 ], [ -100.71084648, 39.09298099 ], [ -100.74971595, 39.09298099 ], [ -100.78858544, 39.09298091 ], [ -100.82745494, 39.0929808 ], [ -100.86632444, 39.09298061 ], [ -100.87604992, 39.10270613 ], [ -100.90519391, 39.13184967 ], [ -100.9440634, 39.13184934 ], [ -100.9829329, 39.13184894 ], [ -101.02180237, 39.13184847 ], [ -101.06067187, 39.13184795 ], [ -101.09954137, 39.13184736 ], [ -101.13841086, 39.13184674 ], [ -101.14813972, 39.1415756 ], [ -101.17728033, 39.17071522 ], [ -101.21614983, 39.17071449 ], [ -101.25501933, 39.17071373 ], [ -101.2938888, 39.17071293 ], [ -101.33275829, 39.1707121 ], [ -101.37162779, 39.17071125 ], [ -101.41049729, 39.17071035 ], [ -101.42023201, 39.18044509 ], [ -101.44936676, 39.20957843 ], [ -101.48823625, 39.20957748 ], [ -101.52710575, 39.20957651 ], [ -101.56597522, 39.20957552 ], [ -101.60484472, 39.20957453 ], [ -101.64371421, 39.20957349 ], [ -101.68258371, 39.20957247 ], [ -101.69232583, 39.21931458 ], [ -101.72145318, 39.24844026 ], [ -101.76032268, 39.2484392 ], [ -101.79919217, 39.24843811 ], [ -101.83806164, 39.24843703 ], [ -101.87693114, 39.24843592 ], [ -101.91580064, 39.24843483 ], [ -101.95467013, 39.24843372 ], [ -101.96442047, 39.25818408 ], [ -101.9935396, 39.28730139 ], [ -102.0324091, 39.28730026 ], [ -102.0712786, 39.28729915 ], [ -102.11014807, 39.28729801 ], [ -102.14901756, 39.2872969 ], [ -102.18788706, 39.28729579 ], [ -102.22675656, 39.2872947 ], [ -102.23651542, 39.29705357 ], [ -102.26562603, 39.3261623 ], [ -102.30449552, 39.32616122 ], [ -102.34336502, 39.32616013 ], [ -102.38223449, 39.32615904 ] ], [ [ -100.49349651, 43.68930584 ], [ -100.49066814, 43.72817534 ], [ -100.48689105, 43.76704483 ], [ -100.48209544, 43.8059143 ], [ -100.47762952, 43.83421026 ], [ -100.47585545, 43.84478379 ], [ -100.46758674, 43.88365328 ], [ -100.45707884, 43.92252278 ], [ -100.44368993, 43.96139227 ], [ -100.43876005, 43.9725478 ], [ -100.42571122, 44.00026176 ], [ -100.40167496, 44.03913123 ], [ -100.39989056, 44.0413018 ], [ -100.36682685, 44.07800072 ], [ -100.36102106, 44.08261056 ], [ -100.32215159, 44.10908704 ], [ -100.30782654, 44.11687022 ], [ -100.28328209, 44.12560383 ], [ -100.2444126, 44.13614543 ], [ -100.2055431, 44.14494413 ], [ -100.16667363, 44.15303186 ], [ -100.15352825, 44.15573971 ], [ -100.12780413, 44.16072852 ], [ -100.08893464, 44.16895632 ], [ -100.05006517, 44.17641159 ], [ -100.01119567, 44.17921615 ], [ -99.97232617, 44.17705986 ], [ -99.93345668, 44.16936025 ], [ -99.89733112, 44.15573971 ], [ -99.89458721, 44.15461659 ], [ -99.85571771, 44.14057202 ], [ -99.81684821, 44.13037661 ], [ -99.77797872, 44.11895518 ], [ -99.772917, 44.11687022 ], [ -99.73910925, 44.10003668 ], [ -99.70672946, 44.07800072 ], [ -99.70023975, 44.07257365 ], [ -99.66992218, 44.03913123 ], [ -99.66137025, 44.02592259 ], [ -99.6499745, 44.00026176 ], [ -99.63958501, 43.96139227 ], [ -99.63495382, 43.92252278 ], [ -99.63533412, 43.88365328 ], [ -99.64064216, 43.84478379 ], [ -99.64798285, 43.8059143 ], [ -99.65542819, 43.76704483 ], [ -99.66137025, 43.73549517 ], [ -99.66312519, 43.72817534 ], [ -99.67773263, 43.68930584 ], [ -99.69550646, 43.65043635 ], [ -99.70023975, 43.63960409 ], [ -99.71765597, 43.61156686 ], [ -99.73910925, 43.57651333 ], [ -99.74235768, 43.57269736 ], [ -99.7719585, 43.53382789 ], [ -99.77797872, 43.52521831 ], [ -99.80403589, 43.4949584 ], [ -99.81684821, 43.47875543 ], [ -99.83845232, 43.45608891 ], [ -99.85571771, 43.43655643 ], [ -99.87624702, 43.41721942 ], [ -99.89458721, 43.39873046 ], [ -99.91931109, 43.37834992 ], [ -99.93345668, 43.36598775 ], [ -99.97036804, 43.33948043 ], [ -99.97232617, 43.33803541 ], [ -100.01119567, 43.31691144 ], [ -100.05006517, 43.30149718 ], [ -100.05368236, 43.30061094 ], [ -100.08893464, 43.29153416 ], [ -100.12780413, 43.28757869 ], [ -100.16667363, 43.28948962 ], [ -100.2055431, 43.2971588 ], [ -100.21558323, 43.30061094 ], [ -100.2444126, 43.30988576 ], [ -100.28328209, 43.32827042 ], [ -100.30113141, 43.33948043 ], [ -100.32215159, 43.35220179 ], [ -100.35570828, 43.37834992 ], [ -100.36102106, 43.38247902 ], [ -100.39640325, 43.41721942 ], [ -100.39989056, 43.42097424 ], [ -100.42591233, 43.45608891 ], [ -100.43876005, 43.47649913 ], [ -100.44847718, 43.4949584 ], [ -100.46560917, 43.53382789 ], [ -100.47762952, 43.56854676 ], [ -100.47888877, 43.57269736 ], [ -100.48770453, 43.61156686 ], [ -100.4927979, 43.65043635 ], [ -100.49349651, 43.68930584 ] ] ] } },
{ "type": "Feature", "properties": { "Lower": 25.0 }, "geometry": { "type": "Polygon", "coordinates": [ [ [ -96.19039197, 45.94373622 ], [ -96.18320134, 45.98260571 ], [ -96.16311624, 46.01643535 ], [ -96.15980357, 46.02147518 ], [ -96.12827117, 46.06034467 ], [ -96.12424674, 46.07432433 ], [ -96.11267723, 46.09921417 ], [ -96.08537724, 46.12064773 ], [ -96.04650777, 46.11503391 ], [ -96.02540873, 46.09921417 ], [ -96.00763828, 46.08669732 ], [ -95.98562439, 46.06034467 ], [ -95.96876878, 46.0360687 ], [ -95.96208577, 46.02147518 ], [ -95.96876878, 46.0096417 ], [ -95.99231628, 45.98260571 ], [ -96.00763828, 45.97194467 ], [ -96.04650777, 45.95155617 ], [ -96.06457857, 45.94373622 ], [ -96.08537724, 45.93659987 ], [ -96.12424674, 45.92778725 ], [ -96.16311624, 45.92694851 ], [ -96.19039197, 45.94373622 ] ] ] } },
{ "type": "Feature", "properties": { "Lower": 25.0 }, "geometry": { "type": "Polygon", "coordinates": [ [ [ -97.91563974, 47.14869038 ], [ -97.91512914, 47.18755987 ], [ -97.91224325, 47.1922714 ], [ -97.89124869, 47.22642937 ], [ -97.87337375, 47.23847084 ], [ -97.83450428, 47.25520597 ], [ -97.79563478, 47.25979498 ], [ -97.75676528, 47.25343846 ], [ -97.71789582, 47.23247961 ], [ -97.71040165, 47.22642937 ], [ -97.67902632, 47.19332357 ], [ -97.67277246, 47.18755987 ], [ -97.65833602, 47.14869038 ], [ -97.66373989, 47.10982089 ], [ -97.67902632, 47.0741617 ], [ -97.68133398, 47.07095139 ], [ -97.71789582, 47.03590557 ], [ -97.7249101, 47.0320819 ], [ -97.75676528, 47.01578979 ], [ -97.79563478, 47.00953687 ], [ -97.83450428, 47.01835006 ], [ -97.8549522, 47.0320819 ], [ -97.87337375, 47.04788827 ], [ -97.88935594, 47.07095139 ], [ -97.90722592, 47.10982089 ], [ -97.91224325, 47.12957074 ], [ -97.91563974, 47.14869038 ] ] ] } },
{ "type": "Feature", "properties": { "Lower": 25.0 }, "geometry": { "type": "Polygon", "coordinates": [ [ [ -102.56527002, 45.67164979 ], [ -102.56089522, 45.71051928 ], [ -102.55055357, 45.74938878 ], [ -102.53771245, 45.78169726 ], [ -102.53534867, 45.78825825 ], [ -102.51743224, 45.82712774 ], [ -102.49884298, 45.86415039 ], [ -102.49791175, 45.86599723 ], [ -102.45997348, 45.89196654 ], [ -102.42110399, 45.89301309 ], [ -102.38223449, 45.88741602 ], [ -102.34336502, 45.87972289 ], [ -102.30449552, 45.88437616 ], [ -102.26562603, 45.9011629 ], [ -102.25500685, 45.90486673 ], [ -102.22675656, 45.91458064 ], [ -102.18788706, 45.92579348 ], [ -102.14901756, 45.93597701 ], [ -102.11334553, 45.94373622 ], [ -102.11014807, 45.94456034 ], [ -102.0712786, 45.9501141 ], [ -102.0324091, 45.95050903 ], [ -101.99671961, 45.94373622 ], [ -101.9935396, 45.94299243 ], [ -101.95467013, 45.92252686 ], [ -101.93588412, 45.90486673 ], [ -101.91580064, 45.87327408 ], [ -101.91240543, 45.86599723 ], [ -101.90249205, 45.82712774 ], [ -101.89820035, 45.78825825 ], [ -101.89752027, 45.74938878 ], [ -101.89902721, 45.71051928 ], [ -101.90147474, 45.67164979 ], [ -101.90512783, 45.6327803 ], [ -101.91053269, 45.59391081 ], [ -101.91580064, 45.56829332 ], [ -101.91881634, 45.55504131 ], [ -101.93016043, 45.51617182 ], [ -101.94313358, 45.47730235 ], [ -101.95467013, 45.44800507 ], [ -101.95892283, 45.43843286 ], [ -101.97908869, 45.39956337 ], [ -101.9935396, 45.37567983 ], [ -102.00530113, 45.36069387 ], [ -102.0324091, 45.33375147 ], [ -102.05401871, 45.32182438 ], [ -102.0712786, 45.31368976 ], [ -102.11014807, 45.30476161 ], [ -102.14901756, 45.30255245 ], [ -102.18788706, 45.30544149 ], [ -102.22675656, 45.31238907 ], [ -102.2616618, 45.32182438 ], [ -102.26562603, 45.32291202 ], [ -102.30449552, 45.33698768 ], [ -102.34336502, 45.3540661 ], [ -102.35603627, 45.36069387 ], [ -102.38223449, 45.3751467 ], [ -102.41891523, 45.39956337 ], [ -102.42110399, 45.40115058 ], [ -102.45997348, 45.43432288 ], [ -102.46411808, 45.43843286 ], [ -102.49753696, 45.47730235 ], [ -102.49884298, 45.47921473 ], [ -102.52133856, 45.51617182 ], [ -102.53771245, 45.54930375 ], [ -102.54056036, 45.55504131 ], [ -102.55480013, 45.59391081 ], [ -102.5631629, 45.6327803 ], [ -102.56527002, 45.67164979 ] ] ] } },
{ "type": "Feature", "properties": { "Lower": 25.0 }, "geometry": { "type": "Polygon", "coordinates": [ [ [ -106.29237646, 46.29356161 ], [ -106.2835695, 46.3324311 ], [ -106.26918342, 46.3484387 ], [ -106.24483057, 46.37130059 ], [ -106.23031392, 46.38525811 ], [ -106.20797794, 46.41017009 ], [ -106.19144445, 46.42427268 ], [ -106.1659281, 46.44903958 ], [ -106.15257496, 46.45978712 ], [ -106.12552851, 46.48790907 ], [ -106.11370546, 46.49696891 ], [ -106.07483599, 46.51786823 ], [ -106.06458774, 46.52677854 ], [ -106.03596649, 46.55149425 ], [ -106.01776847, 46.56564803 ], [ -105.997097, 46.57988021 ], [ -105.96798927, 46.60451753 ], [ -105.9582275, 46.61118156 ], [ -105.91935803, 46.63371947 ], [ -105.90557649, 46.64338702 ], [ -105.88048853, 46.6593214 ], [ -105.85051914, 46.68225651 ], [ -105.84161903, 46.68794317 ], [ -105.80274957, 46.70865704 ], [ -105.78279879, 46.72112601 ], [ -105.76388007, 46.73199837 ], [ -105.72501057, 46.75472428 ], [ -105.71612195, 46.75999548 ], [ -105.68614107, 46.77661483 ], [ -105.6472716, 46.79520278 ], [ -105.64100377, 46.79886497 ], [ -105.60840211, 46.81823381 ], [ -105.57500148, 46.83773446 ], [ -105.56953261, 46.84063903 ], [ -105.53066314, 46.8571052 ], [ -105.49179364, 46.87285147 ], [ -105.48433285, 46.87660395 ], [ -105.45292415, 46.89471668 ], [ -105.41405465, 46.91038943 ], [ -105.4038495, 46.91547345 ], [ -105.37518518, 46.93215465 ], [ -105.33631568, 46.95051615 ], [ -105.3278968, 46.95434294 ], [ -105.29744619, 46.96938054 ], [ -105.25857669, 46.98754587 ], [ -105.24598381, 46.99321241 ], [ -105.21970722, 47.00616995 ], [ -105.18083772, 47.02427391 ], [ -105.16302608, 47.0320819 ], [ -105.14196823, 47.04261084 ], [ -105.10309876, 47.06067003 ], [ -105.07910812, 47.07095139 ], [ -105.06422926, 47.07812513 ], [ -105.02535976, 47.09566711 ], [ -104.9995639, 47.10982089 ], [ -104.98649027, 47.11718069 ], [ -104.9476208, 47.12910825 ], [ -104.9087513, 47.13886364 ], [ -104.88558648, 47.14869038 ], [ -104.8698818, 47.1582197 ], [ -104.83101233, 47.1691728 ], [ -104.79214284, 47.17765529 ], [ -104.75327334, 47.1785336 ], [ -104.73160719, 47.18755987 ], [ -104.71440384, 47.19360745 ], [ -104.67553437, 47.19656112 ], [ -104.63666488, 47.19517032 ], [ -104.59779538, 47.1977412 ], [ -104.55892591, 47.19898321 ], [ -104.52005641, 47.19989286 ], [ -104.48118692, 47.20022969 ], [ -104.44231742, 47.20011701 ], [ -104.40344795, 47.19938551 ], [ -104.36457845, 47.19827922 ], [ -104.32570895, 47.19705457 ], [ -104.28683949, 47.19556652 ], [ -104.24796999, 47.19368723 ], [ -104.20910049, 47.19194314 ], [ -104.17023099, 47.19009762 ], [ -104.13136152, 47.19003286 ], [ -104.11396022, 47.18755987 ], [ -104.09249203, 47.18463942 ], [ -104.05362253, 47.18500121 ], [ -104.01475306, 47.18393609 ], [ -103.97588356, 47.18361426 ], [ -103.93701407, 47.18374578 ], [ -103.89814457, 47.18447891 ], [ -103.8592751, 47.18597564 ], [ -103.84237921, 47.18755987 ], [ -103.8204056, 47.18945278 ], [ -103.78153611, 47.19055543 ], [ -103.74266664, 47.19381293 ], [ -103.70379714, 47.1981036 ], [ -103.66492764, 47.20336114 ], [ -103.62605815, 47.20969944 ], [ -103.58718868, 47.21743599 ], [ -103.55504059, 47.22642937 ], [ -103.54831918, 47.2281692 ], [ -103.50944968, 47.23733739 ], [ -103.47058021, 47.24973952 ], [ -103.43171072, 47.26278054 ], [ -103.42607746, 47.26529884 ], [ -103.39284122, 47.28006504 ], [ -103.35397172, 47.29804388 ], [ -103.34225538, 47.30416833 ], [ -103.31510225, 47.31774491 ], [ -103.27623276, 47.33932849 ], [ -103.270175, 47.34303782 ], [ -103.23736326, 47.36228158 ], [ -103.20676259, 47.38190731 ], [ -103.19849379, 47.38703735 ], [ -103.15962429, 47.41296045 ], [ -103.14869047, 47.42077681 ], [ -103.1207548, 47.44010834 ], [ -103.09420856, 47.4596463 ], [ -103.0818853, 47.46846917 ], [ -103.04301583, 47.49653334 ], [ -103.04050314, 47.49851577 ], [ -103.00414633, 47.52771906 ], [ -102.99213393, 47.53738526 ], [ -102.96527684, 47.55891279 ], [ -102.94415409, 47.57625476 ], [ -102.92640737, 47.59105534 ], [ -102.89727122, 47.61512425 ], [ -102.88753787, 47.62342737 ], [ -102.85136014, 47.65399374 ], [ -102.84866837, 47.65638513 ], [ -102.80979888, 47.69005771 ], [ -102.80633982, 47.69286323 ], [ -102.77092941, 47.72482311 ], [ -102.76256061, 47.7317327 ], [ -102.73205991, 47.76131497 ], [ -102.72096852, 47.7706022 ], [ -102.69319041, 47.80076724 ], [ -102.68324269, 47.80947169 ], [ -102.65702518, 47.84834118 ], [ -102.65432091, 47.85356305 ], [ -102.62510111, 47.88721068 ], [ -102.61545145, 47.90692955 ], [ -102.59342824, 47.92608017 ], [ -102.57658195, 47.95046831 ], [ -102.55162317, 47.92608017 ], [ -102.53771245, 47.90694521 ], [ -102.53302479, 47.88721068 ], [ -102.52926748, 47.84834118 ], [ -102.52297173, 47.80947169 ], [ -102.51903904, 47.7706022 ], [ -102.51684579, 47.7317327 ], [ -102.51625643, 47.69286323 ], [ -102.51659236, 47.65399374 ], [ -102.51760447, 47.61512425 ], [ -102.5190423, 47.57625476 ], [ -102.52071007, 47.53738526 ], [ -102.52256117, 47.49851577 ], [ -102.52449177, 47.4596463 ], [ -102.52651592, 47.42077681 ], [ -102.52855626, 47.38190731 ], [ -102.53054402, 47.34303782 ], [ -102.53236273, 47.30416833 ], [ -102.5339948, 47.26529884 ], [ -102.53533045, 47.22642937 ], [ -102.53631917, 47.18755987 ], [ -102.53692733, 47.14869038 ], [ -102.53718464, 47.10982089 ], [ -102.53729771, 47.07095139 ], [ -102.53743311, 47.0320819 ], [ -102.53766987, 46.99321241 ], [ -102.53771245, 46.99101531 ], [ -102.53953209, 46.95434294 ], [ -102.53939595, 46.91547345 ], [ -102.55501122, 46.87660395 ], [ -102.56757839, 46.83773446 ], [ -102.57658195, 46.80748566 ], [ -102.58200007, 46.79886497 ], [ -102.60284273, 46.75999548 ], [ -102.61545145, 46.7334649 ], [ -102.62522765, 46.72112601 ], [ -102.65404793, 46.68225651 ], [ -102.65432091, 46.68189593 ], [ -102.69319041, 46.64522859 ], [ -102.69598897, 46.64338702 ], [ -102.73205991, 46.61946029 ], [ -102.76130071, 46.60451753 ], [ -102.77092941, 46.59981834 ], [ -102.80979888, 46.58723185 ], [ -102.84866837, 46.57723101 ], [ -102.88753787, 46.56915524 ], [ -102.90793131, 46.56564803 ], [ -102.92640737, 46.56280956 ], [ -102.96527684, 46.5572532 ], [ -103.00414633, 46.55097797 ], [ -103.04301583, 46.54252252 ], [ -103.0818853, 46.53074386 ], [ -103.09210916, 46.52677854 ], [ -103.1207548, 46.51592203 ], [ -103.15962429, 46.49496959 ], [ -103.16974622, 46.48790907 ], [ -103.19849379, 46.46657751 ], [ -103.21639485, 46.44903958 ], [ -103.23736326, 46.42533601 ], [ -103.24816004, 46.41017009 ], [ -103.27027307, 46.37130059 ], [ -103.27623276, 46.35762388 ], [ -103.28683549, 46.3324311 ], [ -103.29948929, 46.29356161 ], [ -103.30861613, 46.25469211 ], [ -103.31510225, 46.21927105 ], [ -103.31583575, 46.21582265 ], [ -103.32678579, 46.17695315 ], [ -103.34577154, 46.13808366 ], [ -103.35397172, 46.11708567 ], [ -103.36300832, 46.09921417 ], [ -103.35397172, 46.08562577 ], [ -103.33837981, 46.06034467 ], [ -103.31510225, 46.02944936 ], [ -103.30854532, 46.02147518 ], [ -103.28131294, 45.98260571 ], [ -103.27623276, 45.97262831 ], [ -103.26052476, 45.94373622 ], [ -103.24478276, 45.90486673 ], [ -103.24620963, 45.86599723 ], [ -103.27364073, 45.82712774 ], [ -103.27623276, 45.82509713 ], [ -103.31510225, 45.80910101 ], [ -103.35397172, 45.80268017 ], [ -103.39284122, 45.80013086 ], [ -103.43171072, 45.79969267 ], [ -103.47058021, 45.80062353 ], [ -103.50944968, 45.80236233 ], [ -103.54831918, 45.80482462 ], [ -103.58718868, 45.80771231 ], [ -103.62605815, 45.81100897 ], [ -103.66492764, 45.81447411 ], [ -103.70379714, 45.81832751 ], [ -103.74266664, 45.82232866 ], [ -103.78153611, 45.82573788 ], [ -103.79190038, 45.82712774 ], [ -103.8204056, 45.83130304 ], [ -103.8592751, 45.83613889 ], [ -103.89814457, 45.84127571 ], [ -103.93701407, 45.84669583 ], [ -103.97588356, 45.85235458 ], [ -104.01475306, 45.85820786 ], [ -104.05362253, 45.86447706 ], [ -104.06304776, 45.86599723 ], [ -104.09249203, 45.87108976 ], [ -104.13136152, 45.8778232 ], [ -104.17023099, 45.88443188 ], [ -104.20910049, 45.89087665 ], [ -104.24796999, 45.89721934 ], [ -104.28683949, 45.9035233 ], [ -104.29547959, 45.90486673 ], [ -104.32570895, 45.90992139 ], [ -104.36457845, 45.91638334 ], [ -104.40344795, 45.92273443 ], [ -104.44231742, 45.9289587 ], [ -104.48118692, 45.93492873 ], [ -104.52005641, 45.94088043 ], [ -104.53934908, 45.94373622 ], [ -104.55892591, 45.94687123 ], [ -104.59779538, 45.95288425 ], [ -104.63666488, 45.95878953 ], [ -104.67553437, 45.96460765 ], [ -104.71440384, 45.97017078 ], [ -104.75327334, 45.97564722 ], [ -104.79214284, 45.98095535 ], [ -104.80473289, 45.98260571 ], [ -104.83101233, 45.98639072 ], [ -104.8698818, 45.99190589 ], [ -104.9087513, 45.99714721 ], [ -104.9476208, 46.00240129 ], [ -104.98649027, 46.00749978 ], [ -105.02535976, 46.01243401 ], [ -105.06422926, 46.01754687 ], [ -105.08859655, 46.02147518 ], [ -105.10309876, 46.02397573 ], [ -105.14196823, 46.02781908 ], [ -105.18083772, 46.03306742 ], [ -105.21970722, 46.03824195 ], [ -105.25857669, 46.04340068 ], [ -105.29744619, 46.04832842 ], [ -105.33631568, 46.05330401 ], [ -105.37518518, 46.05798165 ], [ -105.39431545, 46.06034467 ], [ -105.41405465, 46.06310804 ], [ -105.45292415, 46.06824181 ], [ -105.49179364, 46.07320861 ], [ -105.53066314, 46.07812375 ], [ -105.56953261, 46.08304187 ], [ -105.60840211, 46.0879641 ], [ -105.6472716, 46.0928398 ], [ -105.68614107, 46.09526515 ], [ -105.70944186, 46.09921417 ], [ -105.72501057, 46.1025157 ], [ -105.76388007, 46.10780629 ], [ -105.80274957, 46.11313413 ], [ -105.84161903, 46.1185037 ], [ -105.88048853, 46.12375372 ], [ -105.91935803, 46.12928518 ], [ -105.9582275, 46.13166959 ], [ -105.978899, 46.13808366 ], [ -105.997097, 46.14504667 ], [ -106.03596649, 46.14808344 ], [ -106.07483599, 46.15583677 ], [ -106.11370546, 46.16399511 ], [ -106.15257496, 46.16755544 ], [ -106.17176839, 46.17695315 ], [ -106.19144445, 46.19068453 ], [ -106.23031392, 46.20094377 ], [ -106.24978706, 46.21582265 ], [ -106.26918342, 46.23521898 ], [ -106.28618522, 46.25469211 ], [ -106.29237646, 46.29356161 ] ] ] } },
{ "type": "Feature", "properties": { "Lower": 25.0 }, "geometry": { "type": "Polygon", "coordinates": [ [ [ -102.18006123, 47.88721068 ], [ -102.16147025, 47.92608017 ], [ -102.14901756, 47.93697621 ], [ -102.11641236, 47.96494966 ], [ -102.11014807, 47.96815607 ], [ -102.0712786, 47.98822165 ], [ -102.03489798, 48.00381913 ], [ -102.0324091, 48.00456455 ], [ -101.9935396, 48.01486127 ], [ -101.95467013, 48.0246049 ], [ -101.91580064, 48.03386991 ], [ -101.88150037, 48.04268862 ], [ -101.87693114, 48.04380595 ], [ -101.83806164, 48.05529298 ], [ -101.79919217, 48.06695248 ], [ -101.76032268, 48.07996223 ], [ -101.75697732, 48.08155812 ], [ -101.72145318, 48.09784798 ], [ -101.68903202, 48.12042761 ], [ -101.68258371, 48.12513649 ], [ -101.6493606, 48.1592971 ], [ -101.64371421, 48.1657029 ], [ -101.61857597, 48.19816659 ], [ -101.60484472, 48.21412995 ], [ -101.58473421, 48.23703606 ], [ -101.56597522, 48.25318787 ], [ -101.53598985, 48.27590556 ], [ -101.52710575, 48.28067576 ], [ -101.48823625, 48.29829574 ], [ -101.44936676, 48.31053386 ], [ -101.43350971, 48.31477505 ], [ -101.41049729, 48.32089647 ], [ -101.37162779, 48.33470094 ], [ -101.33275829, 48.34735833 ], [ -101.2938888, 48.35272878 ], [ -101.28298816, 48.35364454 ], [ -101.25501933, 48.35602312 ], [ -101.21614983, 48.35936369 ], [ -101.17728033, 48.3635582 ], [ -101.13841086, 48.36879234 ], [ -101.09954137, 48.37504542 ], [ -101.06067187, 48.38231768 ], [ -101.02180237, 48.39053197 ], [ -101.01303087, 48.39251404 ], [ -100.9829329, 48.4000269 ], [ -100.9440634, 48.41052271 ], [ -100.90519391, 48.42170222 ], [ -100.87289537, 48.43138353 ], [ -100.86632444, 48.43366935 ], [ -100.82745494, 48.4471 ], [ -100.78858544, 48.46084208 ], [ -100.76172695, 48.470253 ], [ -100.74971595, 48.47525757 ], [ -100.71084648, 48.49065736 ], [ -100.67197698, 48.50570708 ], [ -100.66251133, 48.50912249 ], [ -100.63310748, 48.52171678 ], [ -100.59423801, 48.53724208 ], [ -100.56529177, 48.54799198 ], [ -100.55536852, 48.55232021 ], [ -100.51649902, 48.56657351 ], [ -100.47762952, 48.57813994 ], [ -100.44247869, 48.58686148 ], [ -100.43876005, 48.58789956 ], [ -100.39989056, 48.59459139 ], [ -100.36102106, 48.59844112 ], [ -100.32215159, 48.59892365 ], [ -100.28328209, 48.59595246 ], [ -100.2444126, 48.58856194 ], [ -100.23926462, 48.58686148 ], [ -100.2055431, 48.57716989 ], [ -100.16667363, 48.56112342 ], [ -100.14276058, 48.54799198 ], [ -100.12780413, 48.54061727 ], [ -100.08893464, 48.51579314 ], [ -100.08000408, 48.50912249 ], [ -100.05006517, 48.48790746 ], [ -100.02794205, 48.470253 ], [ -100.01119567, 48.45735881 ], [ -99.98068809, 48.43138353 ], [ -99.97232617, 48.42438685 ], [ -99.9372607, 48.39251404 ], [ -99.93345668, 48.38905095 ], [ -99.89672171, 48.35364454 ], [ -99.89458721, 48.35154767 ], [ -99.8581648, 48.31477505 ], [ -99.85571771, 48.31221412 ], [ -99.82074538, 48.27590556 ], [ -99.81684821, 48.27164726 ], [ -99.78340634, 48.23703606 ], [ -99.77797872, 48.23108584 ], [ -99.74450144, 48.19816659 ], [ -99.73910925, 48.19256334 ], [ -99.70124936, 48.1592971 ], [ -99.70023975, 48.158385 ], [ -99.66137025, 48.12994117 ], [ -99.64531413, 48.12042761 ], [ -99.62250078, 48.10698961 ], [ -99.58363129, 48.08900713 ], [ -99.56312735, 48.08155812 ], [ -99.54476179, 48.07525207 ], [ -99.50589229, 48.0650682 ], [ -99.46702282, 48.05735956 ], [ -99.42815332, 48.05023094 ], [ -99.39496729, 48.04268862 ], [ -99.38928383, 48.04154157 ], [ -99.35041436, 48.0325462 ], [ -99.31154486, 48.02279738 ], [ -99.27267536, 48.01182214 ], [ -99.24849234, 48.00381913 ], [ -99.23380587, 47.99958924 ], [ -99.1949364, 47.98643774 ], [ -99.1560669, 47.97159651 ], [ -99.14075674, 47.96494966 ], [ -99.1171974, 47.95567188 ], [ -99.07832793, 47.9386543 ], [ -99.052064, 47.92608017 ], [ -99.03945844, 47.92038538 ], [ -99.00058894, 47.90136337 ], [ -98.97161984, 47.88721068 ], [ -98.96171944, 47.88277173 ], [ -98.92284997, 47.86713564 ], [ -98.88398048, 47.85191652 ], [ -98.87472572, 47.84834118 ], [ -98.84511098, 47.83711582 ], [ -98.80624151, 47.82273908 ], [ -98.76919253, 47.80947169 ], [ -98.76737201, 47.80880929 ], [ -98.72850252, 47.79535161 ], [ -98.68963302, 47.78297684 ], [ -98.65076355, 47.77278614 ], [ -98.62734841, 47.7706022 ], [ -98.61189405, 47.76851782 ], [ -98.57302456, 47.76841781 ], [ -98.56474318, 47.7706022 ], [ -98.53415509, 47.78345566 ], [ -98.52229806, 47.80947169 ], [ -98.50893053, 47.84834118 ], [ -98.49800046, 47.88721068 ], [ -98.49528559, 47.89581977 ], [ -98.48800179, 47.92608017 ], [ -98.47834813, 47.96494966 ], [ -98.4682361, 48.00381913 ], [ -98.45641609, 48.03502503 ], [ -98.4535108, 48.04268862 ], [ -98.4291057, 48.08155812 ], [ -98.4175466, 48.10355049 ], [ -98.40796528, 48.12042761 ], [ -98.38773527, 48.1592971 ], [ -98.37867713, 48.17722355 ], [ -98.36746486, 48.19816659 ], [ -98.34795415, 48.23703606 ], [ -98.33980763, 48.25358036 ], [ -98.32828612, 48.27590556 ], [ -98.30933093, 48.31477505 ], [ -98.30093813, 48.3323464 ], [ -98.29026735, 48.35364454 ], [ -98.27191028, 48.39251404 ], [ -98.26206866, 48.41415379 ], [ -98.2537179, 48.43138353 ], [ -98.23643588, 48.470253 ], [ -98.22319917, 48.50258535 ], [ -98.22025866, 48.50912249 ], [ -98.2054517, 48.54799198 ], [ -98.19250946, 48.58686148 ], [ -98.18432967, 48.6127566 ], [ -98.17983374, 48.62573097 ], [ -98.16665775, 48.66460046 ], [ -98.15005708, 48.70346996 ], [ -98.14546017, 48.70891721 ], [ -98.1065907, 48.74008123 ], [ -98.09774195, 48.74233942 ], [ -98.06772121, 48.74608948 ], [ -98.02885171, 48.74396797 ], [ -98.01169111, 48.74233942 ], [ -97.98998224, 48.73982378 ], [ -97.95111274, 48.74014804 ], [ -97.94105642, 48.74233942 ], [ -97.91224325, 48.74787875 ], [ -97.87337375, 48.76205865 ], [ -97.84769273, 48.78120892 ], [ -97.83450428, 48.79221486 ], [ -97.80946545, 48.82007841 ], [ -97.79563478, 48.84798625 ], [ -97.78401907, 48.8589479 ], [ -97.75676528, 48.88126327 ], [ -97.73026226, 48.8978174 ], [ -97.71789582, 48.90757532 ], [ -97.67902632, 48.9357784 ], [ -97.6777275, 48.93668689 ], [ -97.64015682, 48.96825602 ], [ -97.63113992, 48.97555636 ], [ -97.60128732, 49.00439578 ], [ -97.59002187, 49.01442585 ], [ -97.56241785, 49.0437041 ], [ -97.55224101, 49.05329534 ], [ -97.52354836, 49.08561448 ], [ -97.51675817, 49.09216484 ], [ -97.48467886, 49.12983285 ], [ -97.48344386, 49.13103433 ], [ -97.45089963, 49.16990382 ], [ -97.44580939, 49.17745195 ], [ -97.41962666, 49.20877329 ], [ -97.40693989, 49.22795343 ], [ -97.39026961, 49.24764279 ], [ -97.3680704, 49.28144882 ], [ -97.36361725, 49.28651228 ], [ -97.33641646, 49.32538177 ], [ -97.3292009, 49.33833906 ], [ -97.31948298, 49.36425126 ], [ -97.31943741, 49.36425126 ], [ -97.29033143, 49.33514347 ], [ -97.25146193, 49.33514293 ], [ -97.21259244, 49.33514272 ], [ -97.17372294, 49.33514274 ], [ -97.13485347, 49.33514291 ], [ -97.09598397, 49.33514314 ], [ -97.05711448, 49.33514345 ], [ -97.01824501, 49.33514376 ], [ -96.97937551, 49.33514404 ], [ -96.96961322, 49.32538177 ], [ -96.94050601, 49.29627478 ], [ -96.90163652, 49.296275 ], [ -96.86276705, 49.29627511 ], [ -96.82389755, 49.29627519 ], [ -96.81413466, 49.28651228 ], [ -96.78502805, 49.25740565 ], [ -96.74615858, 49.25740562 ], [ -96.73639575, 49.24764279 ], [ -96.70728909, 49.21853573 ], [ -96.69752666, 49.20877329 ], [ -96.66841959, 49.17966508 ], [ -96.65865834, 49.16990382 ], [ -96.62955009, 49.14079308 ], [ -96.61979134, 49.13103433 ], [ -96.59068062, 49.101919 ], [ -96.58092645, 49.09216484 ], [ -96.55181113, 49.06304235 ], [ -96.54206413, 49.05329534 ], [ -96.51294163, 49.02416425 ], [ -96.50320324, 49.01442585 ], [ -96.47407216, 48.9852854 ], [ -96.46434311, 48.97555636 ], [ -96.43520266, 48.94640657 ], [ -96.42548299, 48.93668689 ], [ -96.43520266, 48.91743479 ], [ -96.45666356, 48.8978174 ], [ -96.47407216, 48.88255011 ], [ -96.50064914, 48.8589479 ], [ -96.51294163, 48.84857969 ], [ -96.5458661, 48.82007841 ], [ -96.55181113, 48.81524809 ], [ -96.59068062, 48.7824506 ], [ -96.59206346, 48.78120892 ], [ -96.62955009, 48.74992766 ], [ -96.63805187, 48.74233942 ], [ -96.66841959, 48.71702385 ], [ -96.68321783, 48.70346996 ], [ -96.70728909, 48.68273512 ], [ -96.72551676, 48.66460046 ], [ -96.74615858, 48.64442423 ], [ -96.76121633, 48.62573097 ], [ -96.78502805, 48.59444522 ], [ -96.78984131, 48.58686148 ], [ -96.81047948, 48.54799198 ], [ -96.82389755, 48.51401457 ], [ -96.82538685, 48.50912249 ], [ -96.83333122, 48.470253 ], [ -96.83700766, 48.43138353 ], [ -96.83740084, 48.39251404 ], [ -96.83398823, 48.35364454 ], [ -96.82927043, 48.31477505 ], [ -96.82389755, 48.29378233 ], [ -96.81816991, 48.27590556 ], [ -96.82389755, 48.25614153 ], [ -96.83052181, 48.23703606 ], [ -96.82389755, 48.21216984 ], [ -96.82006453, 48.19816659 ], [ -96.8004436, 48.1592971 ], [ -96.78662411, 48.12042761 ], [ -96.78502805, 48.11505281 ], [ -96.77249817, 48.08155812 ], [ -96.75454154, 48.04268862 ], [ -96.74615858, 48.02712116 ], [ -96.72796253, 48.00381913 ], [ -96.70728909, 47.98059426 ], [ -96.68633175, 47.96494966 ], [ -96.66841959, 47.95089376 ], [ -96.62955009, 47.93022713 ], [ -96.6189963, 47.92608017 ], [ -96.59068062, 47.91255882 ], [ -96.55181113, 47.90252293 ], [ -96.51294163, 47.91285434 ], [ -96.4963797, 47.92608017 ], [ -96.47407216, 47.94397112 ], [ -96.45358045, 47.96494966 ], [ -96.43520266, 47.98357635 ], [ -96.41630671, 48.00381913 ], [ -96.39633317, 48.02524685 ], [ -96.3805782, 48.04268862 ], [ -96.35746367, 48.07539902 ], [ -96.35309169, 48.08155812 ], [ -96.33002111, 48.12042761 ], [ -96.3185942, 48.1413093 ], [ -96.30698533, 48.1592971 ], [ -96.2834152, 48.19816659 ], [ -96.2797247, 48.20465482 ], [ -96.25883464, 48.23703606 ], [ -96.2408552, 48.26588338 ], [ -96.23392696, 48.27590556 ], [ -96.20825258, 48.31477505 ], [ -96.20198574, 48.32458704 ], [ -96.18180382, 48.35364454 ], [ -96.16311624, 48.38099976 ], [ -96.15463784, 48.39251404 ], [ -96.12644975, 48.43138353 ], [ -96.12424674, 48.43447844 ], [ -96.09714143, 48.470253 ], [ -96.08537724, 48.48568609 ], [ -96.06649905, 48.50912249 ], [ -96.04650777, 48.53369345 ], [ -96.03430046, 48.54799198 ], [ -96.00763828, 48.55771176 ], [ -95.99791849, 48.54799198 ], [ -95.96876878, 48.51884922 ], [ -95.95904206, 48.50912249 ], [ -95.92989931, 48.47998714 ], [ -95.92016517, 48.470253 ], [ -95.89102981, 48.4411255 ], [ -95.88128783, 48.43138353 ], [ -95.85216032, 48.40226418 ], [ -95.84241017, 48.39251404 ], [ -95.81329082, 48.36340308 ], [ -95.80353229, 48.35364454 ], [ -95.77442135, 48.32454197 ], [ -95.77442135, 48.32449639 ], [ -95.81269659, 48.31477505 ], [ -95.81329082, 48.31423585 ], [ -95.85216032, 48.27911471 ], [ -95.85568527, 48.27590556 ], [ -95.89102981, 48.24533847 ], [ -95.90047941, 48.23703606 ], [ -95.92989931, 48.21273868 ], [ -95.94715037, 48.19816659 ], [ -95.96876878, 48.18122116 ], [ -95.99587064, 48.1592971 ], [ -96.00763828, 48.15060338 ], [ -96.04650777, 48.12079727 ], [ -96.04696466, 48.12042761 ], [ -96.08537724, 48.09258362 ], [ -96.09974841, 48.08155812 ], [ -96.12424674, 48.06508706 ], [ -96.15551276, 48.04268862 ], [ -96.16311624, 48.0380177 ], [ -96.20198574, 48.01234177 ], [ -96.21364187, 48.00381913 ], [ -96.2408552, 47.98495075 ], [ -96.26505925, 47.96494966 ], [ -96.2797247, 47.95150632 ], [ -96.30307723, 47.92608017 ], [ -96.3185942, 47.90769052 ], [ -96.33516783, 47.88721068 ], [ -96.35746367, 47.85116431 ], [ -96.35909595, 47.84834118 ], [ -96.36590705, 47.80947169 ], [ -96.35746367, 47.78054159 ], [ -96.35488957, 47.7706022 ], [ -96.33760217, 47.7317327 ], [ -96.31889336, 47.69286323 ], [ -96.3185942, 47.69219788 ], [ -96.30277667, 47.65399374 ], [ -96.28497391, 47.61512425 ], [ -96.2797247, 47.60516831 ], [ -96.26579447, 47.57625476 ], [ -96.24232825, 47.53738526 ], [ -96.2408552, 47.5353784 ], [ -96.21150046, 47.49851577 ], [ -96.20198574, 47.48916201 ], [ -96.16705155, 47.4596463 ], [ -96.16311624, 47.45667946 ], [ -96.12424674, 47.43588585 ], [ -96.08537724, 47.42700533 ], [ -96.04650777, 47.42867276 ], [ -96.00763828, 47.4395197 ], [ -95.96876878, 47.45941014 ], [ -95.96842211, 47.4596463 ], [ -95.92989931, 47.48750707 ], [ -95.91515626, 47.49851577 ], [ -95.89102981, 47.51916792 ], [ -95.86839971, 47.53738526 ], [ -95.85216032, 47.55340851 ], [ -95.82682124, 47.57625476 ], [ -95.81329082, 47.59167563 ], [ -95.79021361, 47.61512425 ], [ -95.77442135, 47.63126516 ], [ -95.74689176, 47.65399374 ], [ -95.73555185, 47.66292242 ], [ -95.69668236, 47.68799368 ], [ -95.68873289, 47.69286323 ], [ -95.65781289, 47.71149753 ], [ -95.62575353, 47.7317327 ], [ -95.61894339, 47.73655868 ], [ -95.58007389, 47.76132246 ], [ -95.56567244, 47.7706022 ], [ -95.5412044, 47.78765764 ], [ -95.50954449, 47.80947169 ], [ -95.50233493, 47.81488149 ], [ -95.46346543, 47.84296201 ], [ -95.45598296, 47.84834118 ], [ -95.42459593, 47.87213546 ], [ -95.40493111, 47.88721068 ], [ -95.38572646, 47.90264291 ], [ -95.37600706, 47.92608017 ], [ -95.37596149, 47.92608017 ], [ -95.34685697, 47.89696994 ], [ -95.33709769, 47.88721068 ], [ -95.33710008, 47.84834118 ], [ -95.30798747, 47.81922588 ], [ -95.29823329, 47.80947169 ], [ -95.29823453, 47.7706022 ], [ -95.26911797, 47.74148408 ], [ -95.25936662, 47.7317327 ], [ -95.25936761, 47.69286323 ], [ -95.25936848, 47.65399374 ], [ -95.25936925, 47.61512425 ], [ -95.25936988, 47.57625476 ], [ -95.2593704, 47.53738526 ], [ -95.2302485, 47.50826273 ], [ -95.22050153, 47.49851577 ], [ -95.22050156, 47.4596463 ], [ -95.22050126, 47.42077681 ], [ -95.22050057, 47.38190731 ], [ -95.22049945, 47.34303782 ], [ -95.22049781, 47.30416833 ], [ -95.22049553, 47.26529884 ], [ -95.22049255, 47.22642937 ], [ -95.22048885, 47.18755987 ], [ -95.22048435, 47.14869038 ], [ -95.22052992, 47.14869038 ], [ -95.2302485, 47.15899689 ], [ -95.26911797, 47.15373089 ], [ -95.30003879, 47.14869038 ], [ -95.30798747, 47.14755892 ], [ -95.34685697, 47.14097723 ], [ -95.38572646, 47.13292511 ], [ -95.42459593, 47.1227595 ], [ -95.46179135, 47.10982089 ], [ -95.46346543, 47.1092944 ], [ -95.50233493, 47.09577603 ], [ -95.5412044, 47.0789548 ], [ -95.55699255, 47.07095139 ], [ -95.58007389, 47.06043118 ], [ -95.61894339, 47.03984884 ], [ -95.63175969, 47.0320819 ], [ -95.65781289, 47.01787386 ], [ -95.69668236, 46.99384203 ], [ -95.69757997, 46.99321241 ], [ -95.73555185, 46.96892606 ], [ -95.7560594, 46.95434294 ], [ -95.77442135, 46.9424244 ], [ -95.81179637, 46.91547345 ], [ -95.81329082, 46.91447667 ], [ -95.85216032, 46.88629937 ], [ -95.86442148, 46.87660395 ], [ -95.89102981, 46.85692963 ], [ -95.91511058, 46.83773446 ], [ -95.92989931, 46.82647414 ], [ -95.96378333, 46.79886497 ], [ -95.96876878, 46.79488502 ], [ -96.00763828, 46.76216616 ], [ -96.01016851, 46.75999548 ], [ -96.04650777, 46.72817832 ], [ -96.05473056, 46.72112601 ], [ -96.08537724, 46.69300389 ], [ -96.10145211, 46.68225651 ], [ -96.12424674, 46.66629795 ], [ -96.16311624, 46.66399304 ], [ -96.18720278, 46.68225651 ], [ -96.20198574, 46.69311832 ], [ -96.21829462, 46.72112601 ], [ -96.24056035, 46.75999548 ], [ -96.2408552, 46.76047914 ], [ -96.2591723, 46.79886497 ], [ -96.2797247, 46.8353832 ], [ -96.28132391, 46.83773446 ], [ -96.31828087, 46.87660395 ], [ -96.3185942, 46.87684607 ], [ -96.35746367, 46.8931958 ], [ -96.39633317, 46.9082109 ], [ -96.42506186, 46.91547345 ], [ -96.43520266, 46.91847701 ], [ -96.47407216, 46.92316231 ], [ -96.51294163, 46.92228865 ], [ -96.54983951, 46.91547345 ], [ -96.55181113, 46.91508859 ], [ -96.59068062, 46.902789 ], [ -96.62955009, 46.88472832 ], [ -96.64388566, 46.87660395 ], [ -96.66841959, 46.8617639 ], [ -96.70370642, 46.83773446 ], [ -96.70728909, 46.83509937 ], [ -96.74615858, 46.80654069 ], [ -96.75718346, 46.79886497 ], [ -96.78502805, 46.77876193 ], [ -96.81721969, 46.75999548 ], [ -96.82389755, 46.75579149 ], [ -96.86276705, 46.7395555 ], [ -96.90163652, 46.73332735 ], [ -96.94050601, 46.73730938 ], [ -96.97937551, 46.75063794 ], [ -96.99520329, 46.75999548 ], [ -97.01824501, 46.77159769 ], [ -97.05711448, 46.79852962 ], [ -97.05746704, 46.79886497 ], [ -97.09598397, 46.83086811 ], [ -97.10261763, 46.83773446 ], [ -97.13485347, 46.86714851 ], [ -97.14339098, 46.87660395 ], [ -97.17372294, 46.9066009 ], [ -97.18131234, 46.91547345 ], [ -97.21259244, 46.94809295 ], [ -97.21769885, 46.95434294 ], [ -97.25146193, 46.98977332 ], [ -97.25514643, 46.99321241 ], [ -97.29033143, 47.01946864 ], [ -97.30986524, 47.0320819 ], [ -97.3292009, 47.04458022 ], [ -97.3680704, 47.06802995 ], [ -97.37309441, 47.07095139 ], [ -97.40693989, 47.09577969 ], [ -97.43044722, 47.10982089 ], [ -97.44580939, 47.12508158 ], [ -97.47659936, 47.14869038 ], [ -97.48467886, 47.16095594 ], [ -97.50701359, 47.18755987 ], [ -97.51763304, 47.22642937 ], [ -97.51841279, 47.26529884 ], [ -97.51678812, 47.30416833 ], [ -97.51740425, 47.34303782 ], [ -97.51826742, 47.38190731 ], [ -97.5204168, 47.42077681 ], [ -97.52354836, 47.44807427 ], [ -97.52532952, 47.4596463 ], [ -97.53515709, 47.49851577 ], [ -97.55049923, 47.53738526 ], [ -97.56241785, 47.55935595 ], [ -97.5909225, 47.57625476 ], [ -97.60128732, 47.58142745 ], [ -97.64015682, 47.58654087 ], [ -97.67902632, 47.59631989 ], [ -97.71789582, 47.61350182 ], [ -97.72086213, 47.61512425 ], [ -97.75676528, 47.63278323 ], [ -97.79563478, 47.64946906 ], [ -97.80656611, 47.65399374 ], [ -97.83450428, 47.6665216 ], [ -97.87337375, 47.68087623 ], [ -97.91224325, 47.69159428 ], [ -97.91763388, 47.69286323 ], [ -97.95111274, 47.70077251 ], [ -97.98998224, 47.70763196 ], [ -98.02885171, 47.71274968 ], [ -98.06772121, 47.71666642 ], [ -98.1065907, 47.71985167 ], [ -98.14546017, 47.72157979 ], [ -98.18432967, 47.72260013 ], [ -98.22319917, 47.72467517 ], [ -98.26206866, 47.72655276 ], [ -98.30093813, 47.7281231 ], [ -98.33980763, 47.72996961 ], [ -98.37480629, 47.7317327 ], [ -98.37867713, 47.73196088 ], [ -98.4175466, 47.73394857 ], [ -98.45641609, 47.73511522 ], [ -98.48830827, 47.7317327 ], [ -98.49528559, 47.73064551 ], [ -98.52866646, 47.69286323 ], [ -98.53415509, 47.68240796 ], [ -98.54269167, 47.65399374 ], [ -98.55428974, 47.61512425 ], [ -98.56454963, 47.57625476 ], [ -98.57302456, 47.54128798 ], [ -98.57388312, 47.53738526 ], [ -98.5826501, 47.49851577 ], [ -98.59128109, 47.4596463 ], [ -98.60001247, 47.42077681 ], [ -98.60916633, 47.38190731 ], [ -98.61189405, 47.37122848 ], [ -98.61916505, 47.34303782 ], [ -98.63027269, 47.30416833 ], [ -98.64286535, 47.26529884 ], [ -98.65076355, 47.24419571 ], [ -98.65776937, 47.22642937 ], [ -98.6757354, 47.18755987 ], [ -98.68963302, 47.16209657 ], [ -98.69786408, 47.14869038 ], [ -98.7255545, 47.10982089 ], [ -98.72850252, 47.10606781 ], [ -98.76682513, 47.07095139 ], [ -98.76737201, 47.0705171 ], [ -98.80624151, 47.05004012 ], [ -98.84511098, 47.03540886 ], [ -98.8548762, 47.0320819 ], [ -98.88398048, 47.02176259 ], [ -98.92284997, 47.00868485 ], [ -98.96171944, 46.99667317 ], [ -98.97596404, 46.99321241 ], [ -99.00058894, 46.98690372 ], [ -99.03945844, 46.97904293 ], [ -99.07832793, 46.97276341 ], [ -99.1171974, 46.96797491 ], [ -99.1560669, 46.96446114 ], [ -99.1949364, 46.96223178 ], [ -99.23380587, 46.96145549 ], [ -99.27267536, 46.96249422 ], [ -99.31154486, 46.96565223 ], [ -99.35041436, 46.97134734 ], [ -99.38928383, 46.98003577 ], [ -99.42815332, 46.99225434 ], [ -99.43057791, 46.99321241 ], [ -99.46702282, 47.00786226 ], [ -99.50589229, 47.02797566 ], [ -99.51259621, 47.0320819 ], [ -99.54476179, 47.05277588 ], [ -99.56891703, 47.07095139 ], [ -99.58363129, 47.08266187 ], [ -99.61448757, 47.10982089 ], [ -99.62250078, 47.11724745 ], [ -99.65459349, 47.14869038 ], [ -99.66137025, 47.15565537 ], [ -99.69164247, 47.18755987 ], [ -99.70023975, 47.19695858 ], [ -99.72732347, 47.22642937 ], [ -99.73910925, 47.23954282 ], [ -99.76311766, 47.26529884 ], [ -99.77797872, 47.2812141 ], [ -99.80101265, 47.30416833 ], [ -99.81684821, 47.31939581 ], [ -99.84574938, 47.34303782 ], [ -99.85571771, 47.35094155 ], [ -99.89458721, 47.3759443 ], [ -99.90664485, 47.38190731 ], [ -99.93345668, 47.39492319 ], [ -99.97232617, 47.40660435 ], [ -100.01119567, 47.41146309 ], [ -100.05006517, 47.4112813 ], [ -100.08893464, 47.40751372 ], [ -100.12780413, 47.40103657 ], [ -100.16667363, 47.3923796 ], [ -100.20423729, 47.38190731 ], [ -100.2055431, 47.38155117 ], [ -100.2444126, 47.3688269 ], [ -100.28328209, 47.35377699 ], [ -100.30696981, 47.34303782 ], [ -100.32215159, 47.3360759 ], [ -100.36102106, 47.31631048 ], [ -100.38395427, 47.30416833 ], [ -100.39989056, 47.29520999 ], [ -100.43876005, 47.27259596 ], [ -100.45112902, 47.26529884 ], [ -100.47762952, 47.24785548 ], [ -100.5100916, 47.22642937 ], [ -100.51649902, 47.22140528 ], [ -100.55536852, 47.19037386 ], [ -100.55893318, 47.18755987 ], [ -100.59379718, 47.14869038 ], [ -100.59423801, 47.14801049 ], [ -100.62131565, 47.10982089 ], [ -100.63310748, 47.09839259 ], [ -100.6688338, 47.07095139 ], [ -100.67197698, 47.0688375 ], [ -100.71084648, 47.04502224 ], [ -100.73058721, 47.0320819 ], [ -100.74971595, 47.01849923 ], [ -100.78153805, 46.99321241 ], [ -100.78858544, 46.98732797 ], [ -100.82529871, 46.95434294 ], [ -100.82745494, 46.95235231 ], [ -100.86543469, 46.91547345 ], [ -100.86632444, 46.91460573 ], [ -100.9041062, 46.87660395 ], [ -100.90519391, 46.87552096 ], [ -100.94287181, 46.83773446 ], [ -100.9440634, 46.83655139 ], [ -100.9829329, 46.79934284 ], [ -100.98343613, 46.79886497 ], [ -101.02180237, 46.76334675 ], [ -101.02562295, 46.75999548 ], [ -101.06067187, 46.730365 ], [ -101.0721686, 46.72112601 ], [ -101.09954137, 46.6997827 ], [ -101.12261855, 46.68225651 ], [ -101.13841086, 46.67053221 ], [ -101.17632391, 46.64338702 ], [ -101.17728033, 46.64272412 ], [ -101.21614983, 46.61714169 ], [ -101.23571987, 46.60451753 ], [ -101.25501933, 46.59245852 ], [ -101.2938888, 46.56868601 ], [ -101.29924772, 46.56564803 ], [ -101.33275829, 46.54728417 ], [ -101.37162779, 46.52752441 ], [ -101.37327194, 46.52677854 ], [ -101.41049729, 46.51033022 ], [ -101.44936676, 46.4944897 ], [ -101.46780839, 46.48790907 ], [ -101.48823625, 46.48075353 ], [ -101.52710575, 46.46952963 ], [ -101.56597522, 46.46116937 ], [ -101.60484472, 46.45610858 ], [ -101.64371421, 46.4561155 ], [ -101.68258371, 46.46364933 ], [ -101.72145318, 46.48235169 ], [ -101.72823128, 46.48790907 ], [ -101.76032268, 46.52135374 ], [ -101.76384719, 46.52677854 ], [ -101.78384855, 46.56564803 ], [ -101.7978004, 46.60451753 ], [ -101.79919217, 46.61020685 ], [ -101.80567915, 46.64338702 ], [ -101.80948608, 46.68225651 ], [ -101.81016737, 46.72112601 ], [ -101.80842578, 46.75999548 ], [ -101.80466244, 46.79886497 ], [ -101.7996318, 46.83773446 ], [ -101.79919217, 46.84014778 ], [ -101.79202147, 46.87660395 ], [ -101.78343699, 46.91547345 ], [ -101.77392837, 46.95434294 ], [ -101.76629795, 46.99321241 ], [ -101.76175317, 47.0320819 ], [ -101.76124185, 47.07095139 ], [ -101.76510069, 47.10982089 ], [ -101.77370375, 47.14869038 ], [ -101.78708115, 47.18755987 ], [ -101.79919217, 47.2172296 ], [ -101.80277873, 47.22642937 ], [ -101.81984931, 47.26529884 ], [ -101.83806164, 47.3028687 ], [ -101.83868309, 47.30416833 ], [ -101.85863915, 47.34303782 ], [ -101.87693114, 47.37645548 ], [ -101.87996846, 47.38190731 ], [ -101.90232719, 47.42077681 ], [ -101.91580064, 47.44372576 ], [ -101.92567032, 47.4596463 ], [ -101.94973549, 47.49851577 ], [ -101.95467013, 47.50680624 ], [ -101.97532281, 47.53738526 ], [ -101.9935396, 47.56586969 ], [ -102.00141794, 47.57625476 ], [ -102.02835628, 47.61512425 ], [ -102.0324091, 47.62175907 ], [ -102.05674465, 47.65399374 ], [ -102.0712786, 47.67569551 ], [ -102.08603207, 47.69286323 ], [ -102.11014807, 47.72678481 ], [ -102.11482611, 47.7317327 ], [ -102.14150317, 47.7706022 ], [ -102.14901756, 47.78654173 ], [ -102.16403128, 47.80947169 ], [ -102.17856785, 47.84834118 ], [ -102.18006123, 47.88721068 ] ], [ [ -96.42744255, 47.26529884 ], [ -96.39633317, 47.2954411 ], [ -96.35746367, 47.30262131 ], [ -96.3185942, 47.29817866 ], [ -96.2797247, 47.28702138 ], [ -96.2408552, 47.27598595 ], [ -96.20533772, 47.26529884 ], [ -96.20198574, 47.26421216 ], [ -96.16311624, 47.2508254 ], [ -96.12424674, 47.2457794 ], [ -96.08537724, 47.24566103 ], [ -96.05523042, 47.22642937 ], [ -96.04650777, 47.21085864 ], [ -96.03911955, 47.18755987 ], [ -96.03667988, 47.14869038 ], [ -96.04282933, 47.10982089 ], [ -96.04650777, 47.09861521 ], [ -96.05584934, 47.07095139 ], [ -96.07496992, 47.0320819 ], [ -96.08537724, 47.01664496 ], [ -96.10532454, 46.99321241 ], [ -96.12424674, 46.97572876 ], [ -96.16311624, 46.95853105 ], [ -96.20198574, 46.96852357 ], [ -96.22321089, 46.99321241 ], [ -96.2408552, 47.01009115 ], [ -96.27572376, 47.0320819 ], [ -96.2797247, 47.03564909 ], [ -96.3185942, 47.07002823 ], [ -96.31972496, 47.07095139 ], [ -96.35426072, 47.10982089 ], [ -96.35746367, 47.11462087 ], [ -96.38464354, 47.14869038 ], [ -96.39633317, 47.16846609 ], [ -96.41040224, 47.18755987 ], [ -96.42729531, 47.22642937 ], [ -96.42744255, 47.26529884 ] ], [ [ -101.68878306, 47.61512425 ], [ -101.68694342, 47.65399374 ], [ -101.68258371, 47.67367083 ], [ -101.67738986, 47.69286323 ], [ -101.65091013, 47.7317327 ], [ -101.64371421, 47.74037034 ], [ -101.61980135, 47.7706022 ], [ -101.60484472, 47.79122031 ], [ -101.5891627, 47.80947169 ], [ -101.56597522, 47.84117489 ], [ -101.55962395, 47.84834118 ], [ -101.52834968, 47.88721068 ], [ -101.52710575, 47.8888773 ], [ -101.49327018, 47.92608017 ], [ -101.48823625, 47.93217739 ], [ -101.45510968, 47.96494966 ], [ -101.44936676, 47.97144779 ], [ -101.41408179, 48.00381913 ], [ -101.41049729, 48.00780194 ], [ -101.37162779, 48.04114931 ], [ -101.36920131, 48.04268862 ], [ -101.33275829, 48.07711147 ], [ -101.32791002, 48.08155812 ], [ -101.2938888, 48.09739388 ], [ -101.25694699, 48.12042761 ], [ -101.25501933, 48.12096584 ], [ -101.21614983, 48.13467212 ], [ -101.17728033, 48.1475686 ], [ -101.13841086, 48.15886479 ], [ -101.13678529, 48.1592971 ], [ -101.09954137, 48.167611 ], [ -101.06067187, 48.1752771 ], [ -101.02180237, 48.18181769 ], [ -100.9829329, 48.18690455 ], [ -100.9440634, 48.18998637 ], [ -100.90519391, 48.19107344 ], [ -100.86632444, 48.19047008 ], [ -100.82745494, 48.18830396 ], [ -100.78858544, 48.18475223 ], [ -100.74971595, 48.1800223 ], [ -100.71084648, 48.17429934 ], [ -100.67197698, 48.16784867 ], [ -100.63310748, 48.16091662 ], [ -100.62380346, 48.1592971 ], [ -100.59423801, 48.15361288 ], [ -100.55536852, 48.14635827 ], [ -100.51649902, 48.13953614 ], [ -100.47762952, 48.13398481 ], [ -100.43876005, 48.13076302 ], [ -100.39989056, 48.12873477 ], [ -100.36102106, 48.12658864 ], [ -100.32215159, 48.12367837 ], [ -100.29191976, 48.12042761 ], [ -100.28328209, 48.11934564 ], [ -100.2444126, 48.11259331 ], [ -100.2055431, 48.10350368 ], [ -100.16667363, 48.09093272 ], [ -100.14720994, 48.08155812 ], [ -100.12780413, 48.0701097 ], [ -100.10023722, 48.04268862 ], [ -100.08893464, 48.02689029 ], [ -100.07671775, 48.00381913 ], [ -100.06319545, 47.96494966 ], [ -100.05691471, 47.92608017 ], [ -100.0576556, 47.88721068 ], [ -100.06581832, 47.84834118 ], [ -100.08088123, 47.80947169 ], [ -100.08893464, 47.79403593 ], [ -100.10268918, 47.7706022 ], [ -100.12780413, 47.73930772 ], [ -100.13483919, 47.7317327 ], [ -100.16667363, 47.70275364 ], [ -100.17763041, 47.69286323 ], [ -100.2055431, 47.67100448 ], [ -100.22557134, 47.65399374 ], [ -100.2444126, 47.64024469 ], [ -100.274913, 47.61512425 ], [ -100.28328209, 47.6092578 ], [ -100.32215159, 47.57841977 ], [ -100.32452392, 47.57625476 ], [ -100.36102106, 47.54856996 ], [ -100.37404208, 47.53738526 ], [ -100.39989056, 47.51864571 ], [ -100.425144, 47.49851577 ], [ -100.43876005, 47.4891415 ], [ -100.47762952, 47.46083665 ], [ -100.47918944, 47.4596463 ], [ -100.51649902, 47.43473196 ], [ -100.5377351, 47.42077681 ], [ -100.55536852, 47.41022663 ], [ -100.59423801, 47.38844767 ], [ -100.60737057, 47.38190731 ], [ -100.63310748, 47.36966288 ], [ -100.67197698, 47.35490115 ], [ -100.71084648, 47.34370594 ], [ -100.71335276, 47.34303782 ], [ -100.74971595, 47.33317632 ], [ -100.78858544, 47.31931093 ], [ -100.81167814, 47.30416833 ], [ -100.82745494, 47.29376538 ], [ -100.86632444, 47.27617224 ], [ -100.90292439, 47.26529884 ], [ -100.90519391, 47.26453701 ], [ -100.9440634, 47.25541547 ], [ -100.9829329, 47.2494582 ], [ -101.02180237, 47.24553074 ], [ -101.06067187, 47.24332584 ], [ -101.09954137, 47.24302726 ], [ -101.13841086, 47.24500997 ], [ -101.17728033, 47.2497753 ], [ -101.21614983, 47.2579134 ], [ -101.24170906, 47.26529884 ], [ -101.25501933, 47.26946097 ], [ -101.2938888, 47.28394911 ], [ -101.33275829, 47.30130996 ], [ -101.33941171, 47.30416833 ], [ -101.37162779, 47.31962373 ], [ -101.41049729, 47.33467572 ], [ -101.44559156, 47.34303782 ], [ -101.44936676, 47.34407114 ], [ -101.48823625, 47.35094755 ], [ -101.52710575, 47.36308044 ], [ -101.56334963, 47.38190731 ], [ -101.56597522, 47.38336455 ], [ -101.60484472, 47.41434346 ], [ -101.61050658, 47.42077681 ], [ -101.64235461, 47.4596463 ], [ -101.64371421, 47.46154162 ], [ -101.66174385, 47.49851577 ], [ -101.67641845, 47.53738526 ], [ -101.68258371, 47.56245003 ], [ -101.6854647, 47.57625476 ], [ -101.68878306, 47.61512425 ] ], [ [ -97.43132677, 48.66460046 ], [ -97.40693989, 48.68094178 ], [ -97.3680704, 48.69029282 ], [ -97.3292009, 48.69181414 ], [ -97.29033143, 48.68943696 ], [ -97.25146193, 48.68478085 ], [ -97.21259244, 48.67861276 ], [ -97.17372294, 48.67065718 ], [ -97.15241596, 48.66460046 ], [ -97.13485347, 48.64976906 ], [ -97.12416217, 48.62573097 ], [ -97.12128839, 48.58686148 ], [ -97.11940662, 48.54799198 ], [ -97.13027336, 48.50912249 ], [ -97.13485347, 48.50239595 ], [ -97.1675374, 48.470253 ], [ -97.17372294, 48.46570055 ], [ -97.21259244, 48.45036463 ], [ -97.25146193, 48.44393178 ], [ -97.29033143, 48.44820641 ], [ -97.3292009, 48.46638008 ], [ -97.33393756, 48.470253 ], [ -97.3680704, 48.50704601 ], [ -97.36944816, 48.50912249 ], [ -97.38884781, 48.54799198 ], [ -97.40693989, 48.57687808 ], [ -97.41235684, 48.58686148 ], [ -97.42888703, 48.62573097 ], [ -97.43132677, 48.66460046 ] ], [ [ -99.4580943, 47.4596463 ], [ -99.45803374, 47.49851577 ], [ -99.4482589, 47.53738526 ], [ -99.42815332, 47.5743407 ], [ -99.42701139, 47.57625476 ], [ -99.39512562, 47.61512425 ], [ -99.38928383, 47.62170493 ], [ -99.35857308, 47.65399374 ], [ -99.35041436, 47.66181433 ], [ -99.3142882, 47.69286323 ], [ -99.31154486, 47.69482217 ], [ -99.27267536, 47.71710606 ], [ -99.23380587, 47.73128647 ], [ -99.23143474, 47.7317327 ], [ -99.1949364, 47.73723446 ], [ -99.1560669, 47.73745058 ], [ -99.1171974, 47.73267862 ], [ -99.11332843, 47.7317327 ], [ -99.07832793, 47.72282008 ], [ -99.03945844, 47.71037576 ], [ -99.00058894, 47.69878645 ], [ -98.98194825, 47.69286323 ], [ -98.96171944, 47.68598542 ], [ -98.92284997, 47.67226941 ], [ -98.88398048, 47.65810211 ], [ -98.87360521, 47.65399374 ], [ -98.84511098, 47.64099106 ], [ -98.80624151, 47.61961377 ], [ -98.79991427, 47.61512425 ], [ -98.76737201, 47.5769224 ], [ -98.76698127, 47.57625476 ], [ -98.75741815, 47.53738526 ], [ -98.75611709, 47.49851577 ], [ -98.75932041, 47.4596463 ], [ -98.76525012, 47.42077681 ], [ -98.76737201, 47.41073142 ], [ -98.77431437, 47.38190731 ], [ -98.78625204, 47.34303782 ], [ -98.80134939, 47.30416833 ], [ -98.80624151, 47.29442721 ], [ -98.82491983, 47.26529884 ], [ -98.84511098, 47.243485 ], [ -98.87189329, 47.22642937 ], [ -98.88398048, 47.22052257 ], [ -98.92284997, 47.20778807 ], [ -98.96171944, 47.1988002 ], [ -99.00058894, 47.19450012 ], [ -99.03945844, 47.19324164 ], [ -99.07832793, 47.19432361 ], [ -99.1171974, 47.19772293 ], [ -99.1560669, 47.2037761 ], [ -99.1949364, 47.212557 ], [ -99.23380587, 47.22434612 ], [ -99.23933946, 47.22642937 ], [ -99.27267536, 47.2408125 ], [ -99.31154486, 47.26158182 ], [ -99.31746714, 47.26529884 ], [ -99.35041436, 47.28965701 ], [ -99.3674657, 47.30416833 ], [ -99.38928383, 47.3267174 ], [ -99.40357018, 47.34303782 ], [ -99.42815332, 47.37863386 ], [ -99.430277, 47.38190731 ], [ -99.44865276, 47.42077681 ], [ -99.4580943, 47.4596463 ] ], [ [ -97.69922687, 48.04268862 ], [ -97.69896613, 48.08155812 ], [ -97.69370772, 48.12042761 ], [ -97.68466218, 48.1592971 ], [ -97.67902632, 48.17789368 ], [ -97.67155361, 48.19816659 ], [ -97.65506043, 48.23703606 ], [ -97.64015682, 48.27114091 ], [ -97.63726126, 48.27590556 ], [ -97.61380142, 48.31477505 ], [ -97.60128732, 48.33713262 ], [ -97.56846334, 48.35364454 ], [ -97.56241785, 48.35616986 ], [ -97.55800411, 48.35364454 ], [ -97.52354836, 48.34128431 ], [ -97.48467886, 48.31723667 ], [ -97.48131827, 48.31477505 ], [ -97.44580939, 48.29162909 ], [ -97.41888472, 48.27590556 ], [ -97.40693989, 48.26899152 ], [ -97.3680704, 48.25158539 ], [ -97.3292009, 48.24387814 ], [ -97.29033143, 48.24686332 ], [ -97.25146193, 48.25953177 ], [ -97.21940589, 48.27590556 ], [ -97.21259244, 48.27875192 ], [ -97.17372294, 48.30165531 ], [ -97.15626184, 48.31477505 ], [ -97.13485347, 48.32957963 ], [ -97.10838742, 48.35364454 ], [ -97.09598397, 48.36492835 ], [ -97.06717806, 48.39251404 ], [ -97.05711448, 48.4028052 ], [ -97.03013434, 48.43138353 ], [ -97.01824501, 48.45233902 ], [ -97.00695648, 48.470253 ], [ -96.99000603, 48.50912249 ], [ -96.97937551, 48.53178403 ], [ -96.95128651, 48.50912249 ], [ -96.94050601, 48.50422711 ], [ -96.92470723, 48.470253 ], [ -96.90723599, 48.43138353 ], [ -96.90163652, 48.42434287 ], [ -96.89030563, 48.39251404 ], [ -96.8794416, 48.35364454 ], [ -96.86292478, 48.31477505 ], [ -96.86631987, 48.27590556 ], [ -96.88090174, 48.23703606 ], [ -96.86859983, 48.19816659 ], [ -96.86276705, 48.16518915 ], [ -96.86171617, 48.1592971 ], [ -96.86276705, 48.12415696 ], [ -96.86294977, 48.12042761 ], [ -96.87173213, 48.08155812 ], [ -96.89255791, 48.04268862 ], [ -96.90163652, 48.03074825 ], [ -96.93667154, 48.00381913 ], [ -96.94050601, 48.00085571 ], [ -96.97937551, 47.98192977 ], [ -97.01824501, 47.97190158 ], [ -97.05711448, 47.96788311 ], [ -97.09598397, 47.96812343 ], [ -97.13485347, 47.97138244 ], [ -97.17372294, 47.97823797 ], [ -97.21259244, 47.98684992 ], [ -97.25146193, 47.99344097 ], [ -97.29033143, 47.99434345 ], [ -97.3292009, 47.98387904 ], [ -97.35298179, 47.96494966 ], [ -97.3680704, 47.95516626 ], [ -97.39688766, 47.92608017 ], [ -97.40693989, 47.9184114 ], [ -97.44580939, 47.88747092 ], [ -97.44611419, 47.88721068 ], [ -97.48467886, 47.86125479 ], [ -97.50804553, 47.84834118 ], [ -97.52354836, 47.83742155 ], [ -97.56241785, 47.83751982 ], [ -97.58110456, 47.84834118 ], [ -97.60128732, 47.8632242 ], [ -97.62922686, 47.88721068 ], [ -97.64015682, 47.90001893 ], [ -97.66127537, 47.92608017 ], [ -97.67902632, 47.96093488 ], [ -97.68087706, 47.96494966 ], [ -97.69352354, 48.00381913 ], [ -97.69922687, 48.04268862 ] ], [ [ -98.19819539, 48.12042761 ], [ -98.18739954, 48.1592971 ], [ -98.18432967, 48.16819664 ], [ -98.17304819, 48.19816659 ], [ -98.16112495, 48.23703606 ], [ -98.15151801, 48.27590556 ], [ -98.14546017, 48.3006726 ], [ -98.14119462, 48.31477505 ], [ -98.12781558, 48.35364454 ], [ -98.11483169, 48.39251404 ], [ -98.1065907, 48.41426529 ], [ -98.09854368, 48.43138353 ], [ -98.07656368, 48.470253 ], [ -98.06772121, 48.48282954 ], [ -98.04487816, 48.50912249 ], [ -98.02885171, 48.52516941 ], [ -97.99589964, 48.54799198 ], [ -97.98998224, 48.55136361 ], [ -97.95111274, 48.57677301 ], [ -97.91224325, 48.58005272 ], [ -97.87337375, 48.54825969 ], [ -97.87320823, 48.54799198 ], [ -97.8534769, 48.50912249 ], [ -97.85025552, 48.470253 ], [ -97.85633671, 48.43138353 ], [ -97.86617575, 48.39251404 ], [ -97.87337375, 48.36918474 ], [ -97.88085438, 48.35364454 ], [ -97.89998901, 48.31477505 ], [ -97.91224325, 48.29026657 ], [ -97.92344671, 48.27590556 ], [ -97.95056098, 48.23703606 ], [ -97.95111274, 48.23623081 ], [ -97.98866928, 48.19816659 ], [ -97.98998224, 48.19672273 ], [ -98.02885171, 48.16703294 ], [ -98.04256529, 48.1592971 ], [ -98.06772121, 48.14335468 ], [ -98.1065907, 48.12271003 ], [ -98.11306987, 48.12042761 ], [ -98.14546017, 48.1054407 ], [ -98.18432967, 48.09168851 ], [ -98.19819539, 48.12042761 ] ], [ [ -97.75771554, 48.62573097 ], [ -97.75676528, 48.62820136 ], [ -97.72987698, 48.66460046 ], [ -97.71789582, 48.67149557 ], [ -97.67902632, 48.66729352 ], [ -97.67282091, 48.66460046 ], [ -97.64015682, 48.64624983 ], [ -97.61047557, 48.62573097 ], [ -97.60128732, 48.60829423 ], [ -97.59089978, 48.58686148 ], [ -97.58992599, 48.54799198 ], [ -97.60046115, 48.50912249 ], [ -97.60128732, 48.5066408 ], [ -97.64015682, 48.48703369 ], [ -97.67615583, 48.50912249 ], [ -97.67902632, 48.51027508 ], [ -97.71789582, 48.54487266 ], [ -97.72013754, 48.54799198 ], [ -97.74270281, 48.58686148 ], [ -97.75676528, 48.62272714 ], [ -97.75771554, 48.62573097 ] ] ] } },
{ "type": "Feature", "properties": { "Lower": 25.0 }, "geometry": { "type": "Polygon", "coordinates": [ [ [ -112.38141066, 47.96494966 ], [ -112.37169324, 47.97920192 ], [ -112.33282374, 47.98568126 ], [ -112.29395424, 47.99155388 ], [ -112.27674758, 48.00381913 ], [ -112.25508474, 48.01974973 ], [ -112.21621527, 48.02610529 ], [ -112.17734578, 48.03161526 ], [ -112.16245195, 48.04268862 ], [ -112.13847628, 48.06107695 ], [ -112.09960681, 48.06808415 ], [ -112.07935222, 48.08155812 ], [ -112.06073731, 48.09134615 ], [ -112.02186782, 48.09667403 ], [ -111.98299832, 48.10408918 ], [ -111.96169546, 48.12042761 ], [ -111.94412885, 48.13390046 ], [ -111.90525935, 48.1395819 ], [ -111.86638986, 48.1466435 ], [ -111.84989342, 48.1592971 ], [ -111.82752039, 48.17497101 ], [ -111.78865089, 48.16986836 ], [ -111.74978139, 48.16995113 ], [ -111.7109119, 48.16817575 ], [ -111.67204243, 48.16752363 ], [ -111.63317293, 48.16852657 ], [ -111.59430343, 48.17116109 ], [ -111.55543396, 48.17556163 ], [ -111.51656447, 48.18184648 ], [ -111.47769497, 48.18990124 ], [ -111.452216, 48.19816659 ], [ -111.43882547, 48.20142528 ], [ -111.399956, 48.20990826 ], [ -111.36108651, 48.22160799 ], [ -111.32221701, 48.23502703 ], [ -111.31733793, 48.23703606 ], [ -111.28334754, 48.24836608 ], [ -111.24447804, 48.26273924 ], [ -111.21290454, 48.27590556 ], [ -111.20560855, 48.27837758 ], [ -111.16673905, 48.29332856 ], [ -111.12786958, 48.30966863 ], [ -111.11701852, 48.31477505 ], [ -111.08900008, 48.32552564 ], [ -111.05013059, 48.34180957 ], [ -111.02428214, 48.35364454 ], [ -111.01126112, 48.35851838 ], [ -110.97239162, 48.37448062 ], [ -110.93352212, 48.39141602 ], [ -110.93124101, 48.39251404 ], [ -110.89465263, 48.40692615 ], [ -110.85578316, 48.42307145 ], [ -110.83719173, 48.43138353 ], [ -110.81691366, 48.43878527 ], [ -110.77804416, 48.45390445 ], [ -110.73917466, 48.46973327 ], [ -110.73801996, 48.470253 ], [ -110.7003052, 48.48392418 ], [ -110.6614357, 48.49872472 ], [ -110.63672955, 48.50912249 ], [ -110.6225662, 48.51387142 ], [ -110.58369673, 48.52903917 ], [ -110.5452448, 48.54799198 ], [ -110.54482723, 48.54814933 ], [ -110.50595774, 48.56520549 ], [ -110.46708824, 48.58290981 ], [ -110.4590282, 48.58686148 ], [ -110.42821877, 48.59886783 ], [ -110.38934927, 48.61389798 ], [ -110.36141828, 48.62573097 ], [ -110.35047978, 48.6527697 ], [ -110.34685332, 48.66460046 ], [ -110.34677793, 48.70346996 ], [ -110.34735926, 48.74233942 ], [ -110.34904989, 48.78120892 ], [ -110.35047978, 48.80409872 ], [ -110.35166641, 48.82007841 ], [ -110.35501538, 48.8589479 ], [ -110.35856958, 48.8978174 ], [ -110.36215825, 48.93668689 ], [ -110.36566854, 48.97555636 ], [ -110.36899809, 49.01442585 ], [ -110.3721132, 49.05329534 ], [ -110.37496528, 49.09216484 ], [ -110.37747767, 49.13103433 ], [ -110.37963382, 49.16990382 ], [ -110.35047978, 49.17962873 ], [ -110.31161031, 49.17964036 ], [ -110.27274081, 49.17965295 ], [ -110.23387131, 49.17966564 ], [ -110.19500182, 49.17967748 ], [ -110.19500182, 49.17963192 ], [ -110.23023664, 49.16990382 ], [ -110.22799439, 49.13103433 ], [ -110.22559098, 49.09216484 ], [ -110.22308059, 49.05329534 ], [ -110.22050767, 49.01442585 ], [ -110.2179122, 48.97555636 ], [ -110.2153495, 48.93668689 ], [ -110.21289674, 48.8978174 ], [ -110.21063574, 48.8589479 ], [ -110.20858433, 48.82007841 ], [ -110.20673575, 48.78120892 ], [ -110.20496828, 48.74233942 ], [ -110.2031855, 48.70346996 ], [ -110.20135388, 48.66460046 ], [ -110.19947368, 48.62573097 ], [ -110.23387131, 48.59578604 ], [ -110.2485962, 48.58686148 ], [ -110.27274081, 48.56864349 ], [ -110.30485777, 48.54799198 ], [ -110.31161031, 48.54044395 ], [ -110.34388996, 48.50912249 ], [ -110.35047978, 48.50038616 ], [ -110.37609944, 48.470253 ], [ -110.38934927, 48.45085896 ], [ -110.40406613, 48.43138353 ], [ -110.42821877, 48.39340955 ], [ -110.42883487, 48.39251404 ], [ -110.44916841, 48.35364454 ], [ -110.46631241, 48.31477505 ], [ -110.46708824, 48.31260848 ], [ -110.48108525, 48.27590556 ], [ -110.49250364, 48.23703606 ], [ -110.50121795, 48.19816659 ], [ -110.50595774, 48.16818418 ], [ -110.50741352, 48.1592971 ], [ -110.51140753, 48.12042761 ], [ -110.51328883, 48.08155812 ], [ -110.51345583, 48.04268862 ], [ -110.51205298, 48.00381913 ], [ -110.50916748, 47.96494966 ], [ -110.50595774, 47.93462741 ], [ -110.50501697, 47.92608017 ], [ -110.49968111, 47.88721068 ], [ -110.49335025, 47.84834118 ], [ -110.48605193, 47.80947169 ], [ -110.47798994, 47.7706022 ], [ -110.46908375, 47.7317327 ], [ -110.46708824, 47.72351471 ], [ -110.45940477, 47.69286323 ], [ -110.44911259, 47.65399374 ], [ -110.43811788, 47.61512425 ], [ -110.42821877, 47.58156137 ], [ -110.42660369, 47.57625476 ], [ -110.41438021, 47.53738526 ], [ -110.40168289, 47.49851577 ], [ -110.38934927, 47.46446885 ], [ -110.38757364, 47.4596463 ], [ -110.37450033, 47.42077681 ], [ -110.36012355, 47.38190731 ], [ -110.35047978, 47.35643794 ], [ -110.34520095, 47.34303782 ], [ -110.329536, 47.30416833 ], [ -110.31358938, 47.26529884 ], [ -110.31161031, 47.26054896 ], [ -110.29677573, 47.22642937 ], [ -110.27943388, 47.18755987 ], [ -110.27274081, 47.17269269 ], [ -110.26143464, 47.14869038 ], [ -110.2428487, 47.10982089 ], [ -110.23387131, 47.09128221 ], [ -110.22358034, 47.07095139 ], [ -110.20343928, 47.0320819 ], [ -110.19500182, 47.01588727 ], [ -110.18261561, 46.99321241 ], [ -110.16110626, 46.95434294 ], [ -110.15613235, 46.94542967 ], [ -110.13846945, 46.91547345 ], [ -110.11726285, 46.88007356 ], [ -110.11508146, 46.87660395 ], [ -110.09056003, 46.83773446 ], [ -110.07839335, 46.81871195 ], [ -110.06502053, 46.79886497 ], [ -110.03952388, 46.76345007 ], [ -110.03699116, 46.75999548 ], [ -110.01046463, 46.72112601 ], [ -110.00065439, 46.70765639 ], [ -109.98102039, 46.68225651 ], [ -109.96178489, 46.6573727 ], [ -109.95034184, 46.64338702 ], [ -109.92291539, 46.61012924 ], [ -109.91796625, 46.60451753 ], [ -109.88404592, 46.56796571 ], [ -109.88187446, 46.56564803 ], [ -109.84770846, 46.52677854 ], [ -109.84517643, 46.52406272 ], [ -109.80931159, 46.48790907 ], [ -109.80630693, 46.48488022 ], [ -109.77064797, 46.44903958 ], [ -109.76743746, 46.44595285 ], [ -109.72856796, 46.41340974 ], [ -109.72466783, 46.41017009 ], [ -109.68969847, 46.38064719 ], [ -109.6778205, 46.37130059 ], [ -109.65082897, 46.34988558 ], [ -109.62736193, 46.3324311 ], [ -109.6119595, 46.32087937 ], [ -109.57309, 46.29598823 ], [ -109.56951498, 46.29356161 ], [ -109.53422051, 46.26786701 ], [ -109.51303328, 46.25469211 ], [ -109.49535104, 46.24341223 ], [ -109.45648154, 46.2205851 ], [ -109.44777512, 46.21582265 ], [ -109.41761204, 46.19888933 ], [ -109.37874255, 46.18077692 ], [ -109.37143318, 46.17695315 ], [ -109.33987308, 46.15902332 ], [ -109.30100358, 46.14100241 ], [ -109.29425381, 46.13808366 ], [ -109.26213408, 46.12380871 ], [ -109.22326461, 46.10761295 ], [ -109.20166774, 46.09921417 ], [ -109.18439512, 46.09230502 ], [ -109.14552562, 46.07803636 ], [ -109.10665612, 46.06458154 ], [ -109.09369632, 46.06034467 ], [ -109.06778665, 46.05153539 ], [ -109.02891715, 46.03966748 ], [ -108.99004766, 46.02835122 ], [ -108.96413032, 46.02147518 ], [ -108.95117819, 46.01789268 ], [ -108.91230869, 46.00796855 ], [ -108.87343919, 45.99880244 ], [ -108.8345697, 45.99001077 ], [ -108.8082785, 45.98260571 ], [ -108.79570023, 45.97916253 ], [ -108.75683073, 45.9745288 ], [ -108.71796123, 45.96730877 ], [ -108.67909176, 45.96048624 ], [ -108.64022227, 45.95410282 ], [ -108.60135277, 45.94838871 ], [ -108.58187248, 45.94373622 ], [ -108.56248327, 45.93931126 ], [ -108.5236138, 45.93797935 ], [ -108.48474431, 45.93322222 ], [ -108.44587481, 45.92849493 ], [ -108.40700534, 45.9244995 ], [ -108.36813584, 45.92111502 ], [ -108.32926635, 45.91782446 ], [ -108.29039685, 45.91447387 ], [ -108.25152738, 45.91191441 ], [ -108.21265788, 45.91367473 ], [ -108.17378839, 45.91213726 ], [ -108.13491889, 45.91102126 ], [ -108.11472697, 45.90486673 ], [ -108.09604942, 45.89809824 ], [ -108.05717992, 45.8960979 ], [ -108.01831043, 45.89525535 ], [ -107.97944096, 45.89379013 ], [ -107.94057146, 45.89320137 ], [ -107.90170196, 45.89363685 ], [ -107.86283247, 45.89412554 ], [ -107.823963, 45.89412554 ], [ -107.7850935, 45.89379681 ], [ -107.746224, 45.89221669 ], [ -107.70735453, 45.89053589 ], [ -107.66848504, 45.88817506 ], [ -107.62961554, 45.8847583 ], [ -107.59074604, 45.88608555 ], [ -107.55187657, 45.88566156 ], [ -107.51300707, 45.87857089 ], [ -107.49772177, 45.86599723 ], [ -107.47413758, 45.84577475 ], [ -107.43526811, 45.84596492 ], [ -107.41694252, 45.82712774 ], [ -107.39639861, 45.80396292 ], [ -107.37900788, 45.78825825 ], [ -107.35752911, 45.7667795 ], [ -107.34182443, 45.74938878 ], [ -107.31865962, 45.72969047 ], [ -107.29810727, 45.71051928 ], [ -107.2976122, 45.67164979 ], [ -107.27979015, 45.65277699 ], [ -107.26232502, 45.6327803 ], [ -107.255104, 45.59391081 ], [ -107.24092065, 45.57485616 ], [ -107.23080985, 45.55504131 ], [ -107.226404, 45.51617182 ], [ -107.21500331, 45.47730235 ], [ -107.21109921, 45.43843286 ], [ -107.20205115, 45.42457314 ], [ -107.1869914, 45.39956337 ], [ -107.18281017, 45.36069387 ], [ -107.17422876, 45.32182438 ], [ -107.17146084, 45.28295489 ], [ -107.16318168, 45.26742462 ], [ -107.15128498, 45.24408542 ], [ -107.14827887, 45.20521592 ], [ -107.14065914, 45.16634643 ], [ -107.13304664, 45.12747694 ], [ -107.13055629, 45.08860745 ], [ -107.12431219, 45.07474772 ], [ -107.11366319, 45.04973795 ], [ -107.11055972, 45.01086848 ], [ -107.10347737, 44.97199899 ], [ -107.09640369, 44.9331295 ], [ -107.09396464, 44.89426 ], [ -107.08544269, 44.8738038 ], [ -107.07824658, 44.85539051 ], [ -107.07583556, 44.81652102 ], [ -107.06941043, 44.77765153 ], [ -107.062551, 44.73878206 ], [ -107.05576632, 44.69991256 ], [ -107.05278789, 44.66104307 ], [ -107.04657319, 44.64432746 ], [ -107.03856344, 44.62217358 ], [ -107.0357748, 44.58330408 ], [ -107.02897434, 44.54443459 ], [ -107.02216025, 44.50556512 ], [ -107.01573168, 44.46669563 ], [ -107.01272847, 44.42782614 ], [ -107.00770372, 44.40842978 ], [ -107.00227503, 44.38895664 ], [ -106.99560925, 44.35008715 ], [ -106.9888725, 44.31121766 ], [ -106.9822943, 44.27234819 ], [ -106.97514492, 44.2334787 ], [ -106.96883423, 44.21072199 ], [ -106.96485701, 44.1946092 ], [ -106.96147469, 44.15573971 ], [ -106.95445448, 44.11687022 ], [ -106.94760258, 44.07800072 ], [ -106.94045199, 44.03913123 ], [ -106.93346867, 44.00026176 ], [ -106.92996473, 43.98164401 ], [ -106.92624088, 43.96139227 ], [ -106.91909237, 43.92252278 ], [ -106.91170658, 43.88365328 ], [ -106.90448743, 43.84478379 ], [ -106.89699595, 43.8059143 ], [ -106.89109526, 43.78519246 ], [ -106.88642711, 43.76704483 ], [ -106.88176024, 43.72817534 ], [ -106.874237, 43.68930584 ], [ -106.86655939, 43.65043635 ], [ -106.85863412, 43.61156686 ], [ -106.85222576, 43.58870496 ], [ -106.84807232, 43.57269736 ], [ -106.84277713, 43.53382789 ], [ -106.83464085, 43.4949584 ], [ -106.82644536, 43.45608891 ], [ -106.8183284, 43.41721942 ], [ -106.81335627, 43.39484516 ], [ -106.80972732, 43.37834992 ], [ -106.80129646, 43.33948043 ], [ -106.7928297, 43.30061094 ], [ -106.78397867, 43.26174147 ], [ -106.77781193, 43.22287197 ], [ -106.77448677, 43.21107924 ], [ -106.76643492, 43.18400248 ], [ -106.75737782, 43.14513299 ], [ -106.74832075, 43.1062635 ], [ -106.73919419, 43.067394 ], [ -106.7356173, 43.0523704 ], [ -106.72993995, 43.02852453 ], [ -106.72045956, 42.98965504 ], [ -106.71092553, 42.95078555 ], [ -106.70134819, 42.91191606 ], [ -106.6967478, 42.8936842 ], [ -106.69154039, 42.87304656 ], [ -106.681511, 42.83417707 ], [ -106.67143344, 42.7953076 ], [ -106.66135588, 42.75643811 ], [ -106.65787831, 42.7434868 ], [ -106.65098289, 42.71756861 ], [ -106.64064185, 42.67869912 ], [ -106.63019729, 42.63982963 ], [ -106.62207951, 42.60096014 ], [ -106.61900884, 42.59160966 ], [ -106.60864259, 42.56209064 ], [ -106.59768843, 42.52322117 ], [ -106.58667501, 42.48435168 ], [ -106.58013934, 42.46168135 ], [ -106.57546924, 42.44548219 ], [ -106.56391381, 42.40661269 ], [ -106.55235737, 42.3677432 ], [ -106.54126984, 42.33745196 ], [ -106.53833191, 42.32887371 ], [ -106.5288958, 42.29000424 ], [ -106.51685959, 42.25113475 ], [ -106.5070448, 42.21226525 ], [ -106.50240035, 42.19953094 ], [ -106.49221923, 42.17339576 ], [ -106.47972547, 42.13452627 ], [ -106.46688424, 42.09565677 ], [ -106.46353088, 42.08577263 ], [ -106.45378421, 42.05678731 ], [ -106.44071287, 42.01791781 ], [ -106.42732065, 41.97904832 ], [ -106.42466138, 41.97141138 ], [ -106.41378617, 41.94017883 ], [ -106.3999042, 41.90130933 ], [ -106.38846441, 41.86243984 ], [ -106.38579188, 41.85581034 ], [ -106.37166745, 41.82357035 ], [ -106.35721695, 41.78470088 ], [ -106.34692241, 41.75724759 ], [ -106.34260288, 41.74583139 ], [ -106.32754474, 41.70696189 ], [ -106.31213692, 41.6680924 ], [ -106.30805292, 41.65778927 ], [ -106.29672992, 41.62922291 ], [ -106.28107862, 41.59035341 ], [ -106.26918342, 41.56127611 ], [ -106.26514085, 41.55148394 ], [ -106.24873701, 41.51261445 ], [ -106.2347064, 41.47374496 ], [ -106.23031392, 41.46445681 ], [ -106.21521712, 41.43487547 ], [ -106.19810004, 41.39600597 ], [ -106.19144445, 41.38120043 ], [ -106.18052658, 41.35713648 ], [ -106.16262388, 41.31826701 ], [ -106.15257496, 41.29676135 ], [ -106.14438472, 41.27939752 ], [ -106.12557125, 41.24052803 ], [ -106.11370546, 41.21611219 ], [ -106.10654736, 41.20165853 ], [ -106.0869278, 41.16278904 ], [ -106.07483599, 41.13927751 ], [ -106.06686166, 41.12391955 ], [ -106.04640566, 41.08505005 ], [ -106.03596649, 41.06584871 ], [ -106.02516854, 41.04618058 ], [ -106.00382783, 41.00731109 ], [ -105.997097, 40.9952665 ], [ -105.9818072, 40.9684416 ], [ -105.9619451, 40.92957211 ], [ -105.9582275, 40.92356684 ], [ -105.93588291, 40.89070261 ], [ -105.91935803, 40.86371143 ], [ -105.9119342, 40.85183312 ], [ -105.88723553, 40.81296365 ], [ -105.88048853, 40.80251667 ], [ -105.86174176, 40.77409416 ], [ -105.84161903, 40.74406909 ], [ -105.83556248, 40.73522466 ], [ -105.80852198, 40.69635517 ], [ -105.80274957, 40.68830866 ], [ -105.78014629, 40.65748568 ], [ -105.76388007, 40.63530419 ], [ -105.75122054, 40.61861619 ], [ -105.72501057, 40.58458217 ], [ -105.72119912, 40.57974672 ], [ -105.68964501, 40.54087722 ], [ -105.68614107, 40.53662233 ], [ -105.65659221, 40.50200773 ], [ -105.6472716, 40.49124322 ], [ -105.62232894, 40.46313824 ], [ -105.60840211, 40.44787566 ], [ -105.58630806, 40.42426874 ], [ -105.56953261, 40.40658649 ], [ -105.54862832, 40.38539925 ], [ -105.53066314, 40.36767079 ], [ -105.5083476, 40.34652976 ], [ -105.49179364, 40.33105047 ], [ -105.46606385, 40.30766029 ], [ -105.45292415, 40.2961631 ], [ -105.42024129, 40.2687908 ], [ -105.41405465, 40.26367348 ], [ -105.37518518, 40.23597767 ], [ -105.36738917, 40.2299213 ], [ -105.33631568, 40.20385381 ], [ -105.31830597, 40.19105181 ], [ -105.29744619, 40.17674089 ], [ -105.26425347, 40.15218232 ], [ -105.25857669, 40.14836534 ], [ -105.21970722, 40.12803741 ], [ -105.19379197, 40.11331283 ], [ -105.18083772, 40.10603506 ], [ -105.14196823, 40.08538565 ], [ -105.11958626, 40.07444336 ], [ -105.10309876, 40.06647124 ], [ -105.06422926, 40.04895895 ], [ -105.03753593, 40.03557386 ], [ -105.02535976, 40.03005257 ], [ -104.98649027, 40.01816076 ], [ -104.9476208, 40.0047 ], [ -104.92170258, 39.99670437 ], [ -104.9087513, 39.99275096 ], [ -104.8698818, 39.98185957 ], [ -104.83101233, 39.97264345 ], [ -104.79214284, 39.96431389 ], [ -104.76636309, 39.95783488 ], [ -104.75327334, 39.95481146 ], [ -104.71440384, 39.95213515 ], [ -104.67553437, 39.94757327 ], [ -104.63666488, 39.94449446 ], [ -104.59779538, 39.94248923 ], [ -104.55892591, 39.94151585 ], [ -104.52005641, 39.94167149 ], [ -104.48118692, 39.94315227 ], [ -104.44231742, 39.94560633 ], [ -104.40344795, 39.94931852 ], [ -104.36457845, 39.95403212 ], [ -104.34703761, 39.95783488 ], [ -104.32570895, 39.96211962 ], [ -104.28683949, 39.96662781 ], [ -104.24796999, 39.97446118 ], [ -104.20910049, 39.98318075 ], [ -104.17023099, 39.99310001 ], [ -104.15727804, 39.99670437 ], [ -104.13136152, 40.00385377 ], [ -104.09249203, 40.01542003 ], [ -104.05362253, 40.02810836 ], [ -104.03213571, 40.03557386 ], [ -104.01475306, 40.04151287 ], [ -103.97588356, 40.05559823 ], [ -103.93701407, 40.07072762 ], [ -103.92794738, 40.07444336 ], [ -103.89814457, 40.08646018 ], [ -103.8592751, 40.10284522 ], [ -103.83590896, 40.11331283 ], [ -103.8204056, 40.12020302 ], [ -103.78153611, 40.1382068 ], [ -103.75290782, 40.15218232 ], [ -103.74266664, 40.15710438 ], [ -103.70379714, 40.17638858 ], [ -103.67556466, 40.19105181 ], [ -103.66492764, 40.19649219 ], [ -103.62605815, 40.21706396 ], [ -103.60280931, 40.2299213 ], [ -103.58718868, 40.23849497 ], [ -103.54831918, 40.2604761 ], [ -103.53403526, 40.2687908 ], [ -103.50944968, 40.28289134 ], [ -103.47058021, 40.30408779 ], [ -103.46494131, 40.30766029 ], [ -103.43171072, 40.32972475 ], [ -103.40474417, 40.34652976 ], [ -103.39284122, 40.35384149 ], [ -103.35397172, 40.37860014 ], [ -103.34355143, 40.38539925 ], [ -103.31510225, 40.40383114 ], [ -103.2842284, 40.42426874 ], [ -103.27623276, 40.42948823 ], [ -103.23736326, 40.45577357 ], [ -103.22671736, 40.46313824 ], [ -103.19849379, 40.48252987 ], [ -103.17042222, 40.50200773 ], [ -103.15962429, 40.50944949 ], [ -103.1207548, 40.53707733 ], [ -103.11547728, 40.54087722 ], [ -103.0818853, 40.5649035 ], [ -103.0616931, 40.57974672 ], [ -103.04301583, 40.59320898 ], [ -103.00838938, 40.61861619 ], [ -103.00414633, 40.62170949 ], [ -102.96527684, 40.65084193 ], [ -102.95656743, 40.65748568 ], [ -102.92640737, 40.68020133 ], [ -102.90548669, 40.69635517 ], [ -102.88753787, 40.71012729 ], [ -102.85535667, 40.73522466 ], [ -102.84866837, 40.74037583 ], [ -102.80979888, 40.77105561 ], [ -102.80601238, 40.77409416 ], [ -102.77092941, 40.80190371 ], [ -102.75729168, 40.81296365 ], [ -102.73205991, 40.83317959 ], [ -102.70929153, 40.85183312 ], [ -102.69319041, 40.86486731 ], [ -102.66173863, 40.89070261 ], [ -102.65432091, 40.89672402 ], [ -102.61545145, 40.92734459 ], [ -102.61284693, 40.92957211 ], [ -102.57658195, 40.96159158 ], [ -102.56852851, 40.9684416 ], [ -102.53771245, 40.99450331 ], [ -102.52286924, 41.00731109 ], [ -102.49884298, 41.02780804 ], [ -102.47758846, 41.04618058 ], [ -102.45997348, 41.06123692 ], [ -102.43282342, 41.08505005 ], [ -102.42110399, 41.09515977 ], [ -102.38838967, 41.12391955 ], [ -102.38223449, 41.12930106 ], [ -102.34631882, 41.16278904 ], [ -102.34336502, 41.16539199 ], [ -102.30449552, 41.19861053 ], [ -102.30116233, 41.20165853 ], [ -102.26562603, 41.23381037 ], [ -102.25832921, 41.24052803 ], [ -102.22675656, 41.26914071 ], [ -102.21569304, 41.27939752 ], [ -102.18788706, 41.30504256 ], [ -102.17378584, 41.31826701 ], [ -102.14901756, 41.34113952 ], [ -102.13216053, 41.35713648 ], [ -102.11014807, 41.37771106 ], [ -102.09098669, 41.39600597 ], [ -102.0712786, 41.41463566 ], [ -102.05030862, 41.43487547 ], [ -102.0324091, 41.45198127 ], [ -102.01009567, 41.47374496 ], [ -101.9935396, 41.48965805 ], [ -101.97024413, 41.51261445 ], [ -101.95467013, 41.52781417 ], [ -101.93100036, 41.55148394 ], [ -101.91580064, 41.56646745 ], [ -101.89224936, 41.59035341 ], [ -101.87693114, 41.60567162 ], [ -101.85391773, 41.62922291 ], [ -101.83806164, 41.6452993 ], [ -101.81627684, 41.6680924 ], [ -101.79919217, 41.68572307 ], [ -101.7791436, 41.70696189 ], [ -101.76032268, 41.72663059 ], [ -101.74241271, 41.74583139 ], [ -101.72145318, 41.7681009 ], [ -101.70621388, 41.78470088 ], [ -101.68258371, 41.81021313 ], [ -101.67050877, 41.82357035 ], [ -101.64371421, 41.85282192 ], [ -101.63517733, 41.86243984 ], [ -101.60484472, 41.89617183 ], [ -101.60034698, 41.90130933 ], [ -101.56725362, 41.94017883 ], [ -101.56597522, 41.94161529 ], [ -101.53258399, 41.97904832 ], [ -101.52710575, 41.98533557 ], [ -101.49972304, 42.01791781 ], [ -101.48823625, 42.03147118 ], [ -101.46758572, 42.05678731 ], [ -101.44936676, 42.07902981 ], [ -101.43628325, 42.09565677 ], [ -101.41049729, 42.1282903 ], [ -101.40578611, 42.13452627 ], [ -101.37639103, 42.17339576 ], [ -101.37162779, 42.17968798 ], [ -101.34820686, 42.21226525 ], [ -101.33275829, 42.23402187 ], [ -101.32125383, 42.25113475 ], [ -101.29564278, 42.29000424 ], [ -101.2938888, 42.29271765 ], [ -101.27213954, 42.32887371 ], [ -101.25501933, 42.35847268 ], [ -101.25007654, 42.3677432 ], [ -101.2301587, 42.40661269 ], [ -101.21614983, 42.4352281 ], [ -101.21137368, 42.44548219 ], [ -101.19402641, 42.48435168 ], [ -101.17847825, 42.52322117 ], [ -101.17728033, 42.52621014 ], [ -101.1642515, 42.56209064 ], [ -101.153497, 42.60096014 ], [ -101.14545351, 42.63982963 ], [ -101.13929951, 42.67869912 ], [ -101.13841086, 42.68436753 ], [ -101.13336279, 42.71756861 ], [ -101.12854381, 42.75643811 ], [ -101.12451985, 42.7953076 ], [ -101.12111774, 42.83417707 ], [ -101.11833628, 42.87304656 ], [ -101.11616555, 42.91191606 ], [ -101.11444229, 42.95078555 ], [ -101.11316961, 42.98965504 ], [ -101.11227411, 43.02852453 ], [ -101.11160715, 43.067394 ], [ -101.11109397, 43.1062635 ], [ -101.11062366, 43.14513299 ], [ -101.11003424, 43.18400248 ], [ -101.10920941, 43.22287197 ], [ -101.1079138, 43.26174147 ], [ -101.10613483, 43.30061094 ], [ -101.10420631, 43.33948043 ], [ -101.10237445, 43.37834992 ], [ -101.10063905, 43.41721942 ], [ -101.09954137, 43.44251812 ], [ -101.09897138, 43.45608891 ], [ -101.09738209, 43.4949584 ], [ -101.09579899, 43.53382789 ], [ -101.09421173, 43.57269736 ], [ -101.09258569, 43.61156686 ], [ -101.09083491, 43.65043635 ], [ -101.08899247, 43.68930584 ], [ -101.0869355, 43.72817534 ], [ -101.0846317, 43.76704483 ], [ -101.08202598, 43.8059143 ], [ -101.07901384, 43.84478379 ], [ -101.07551552, 43.88365328 ], [ -101.07150271, 43.92252278 ], [ -101.06691134, 43.96139227 ], [ -101.0616441, 44.00026176 ], [ -101.06067187, 44.00656097 ], [ -101.05566641, 44.03913123 ], [ -101.04870671, 44.07800072 ], [ -101.04057558, 44.11687022 ], [ -101.03109571, 44.15573971 ], [ -101.02180237, 44.18888107 ], [ -101.02014424, 44.1946092 ], [ -101.0077513, 44.2334787 ], [ -100.99373593, 44.27234819 ], [ -100.9829329, 44.3006256 ], [ -100.97853239, 44.31121766 ], [ -100.96327424, 44.35008715 ], [ -100.94875518, 44.38895664 ], [ -100.9440634, 44.40203609 ], [ -100.93382463, 44.42782614 ], [ -100.91683437, 44.46669563 ], [ -100.90519391, 44.48833822 ], [ -100.89499375, 44.50556512 ], [ -100.86632444, 44.54157946 ], [ -100.86380884, 44.54443459 ], [ -100.82745494, 44.57171657 ], [ -100.80997808, 44.58330408 ], [ -100.78858544, 44.59528399 ], [ -100.74971595, 44.61545708 ], [ -100.73576961, 44.62217358 ], [ -100.71084648, 44.63304282 ], [ -100.67197698, 44.64821319 ], [ -100.63437353, 44.66104307 ], [ -100.63310748, 44.66143431 ], [ -100.59423801, 44.67017352 ], [ -100.55536852, 44.6761618 ], [ -100.51649902, 44.67767015 ], [ -100.47762952, 44.67141735 ], [ -100.44279282, 44.66104307 ], [ -100.43876005, 44.6598266 ], [ -100.39989056, 44.64893788 ], [ -100.36102106, 44.6423322 ], [ -100.32215159, 44.64101851 ], [ -100.28328209, 44.64392171 ], [ -100.2444126, 44.64818854 ], [ -100.2055431, 44.65104646 ], [ -100.16667363, 44.65213564 ], [ -100.12780413, 44.65158741 ], [ -100.08893464, 44.652861 ], [ -100.05295128, 44.66104307 ], [ -100.05006517, 44.6619357 ], [ -100.01119567, 44.67095805 ], [ -99.97232617, 44.68239378 ], [ -99.93345668, 44.69334037 ], [ -99.91193176, 44.69991256 ], [ -99.89458721, 44.70414782 ], [ -99.85571771, 44.71632655 ], [ -99.81684821, 44.73279943 ], [ -99.80611421, 44.73878206 ], [ -99.77797872, 44.75340932 ], [ -99.74372966, 44.77765153 ], [ -99.73910925, 44.78086034 ], [ -99.70023975, 44.81458926 ], [ -99.69836862, 44.81652102 ], [ -99.66243215, 44.85539051 ], [ -99.66137025, 44.85658382 ], [ -99.62900316, 44.89426 ], [ -99.62250078, 44.90219426 ], [ -99.59572524, 44.9331295 ], [ -99.58363129, 44.94821738 ], [ -99.563379, 44.97199899 ], [ -99.54476179, 44.99694885 ], [ -99.53360124, 45.01086848 ], [ -99.50812528, 45.04973795 ], [ -99.50589229, 45.05383588 ], [ -99.48587638, 45.08860745 ], [ -99.47135967, 45.12747694 ], [ -99.46702282, 45.14423223 ], [ -99.46100488, 45.16634643 ], [ -99.45451481, 45.20521592 ], [ -99.45122922, 45.24408542 ], [ -99.44982764, 45.28295489 ], [ -99.44914204, 45.32182438 ], [ -99.44762164, 45.36069387 ], [ -99.44532086, 45.39956337 ], [ -99.46702282, 45.43144681 ], [ -99.47171408, 45.43843286 ], [ -99.50478162, 45.47730235 ], [ -99.50589229, 45.47921849 ], [ -99.53009675, 45.51617182 ], [ -99.54476179, 45.53973012 ], [ -99.55603299, 45.55504131 ], [ -99.58363129, 45.592759 ], [ -99.58478079, 45.59391081 ], [ -99.6205621, 45.6327803 ], [ -99.62250078, 45.63508351 ], [ -99.66137025, 45.6653274 ], [ -99.67554182, 45.67164979 ], [ -99.70023975, 45.68585509 ], [ -99.73910925, 45.69803796 ], [ -99.77797872, 45.70400996 ], [ -99.81684821, 45.70663072 ], [ -99.85571771, 45.70711876 ], [ -99.89458721, 45.70602109 ], [ -99.93345668, 45.70312517 ], [ -99.97232617, 45.6729947 ], [ -99.97269491, 45.67164979 ], [ -99.97299355, 45.6327803 ], [ -99.97232617, 45.6225187 ], [ -99.97085874, 45.59391081 ], [ -99.9676247, 45.55504131 ], [ -99.9635758, 45.51617182 ], [ -99.96190835, 45.47730235 ], [ -99.96536984, 45.43843286 ], [ -99.97232617, 45.41411876 ], [ -99.9769028, 45.39956337 ], [ -100.0013632, 45.36069387 ], [ -100.01119567, 45.35195575 ], [ -100.05006517, 45.32377915 ], [ -100.05387446, 45.32182438 ], [ -100.08893464, 45.30644943 ], [ -100.12780413, 45.303405 ], [ -100.16667363, 45.31700296 ], [ -100.17793777, 45.32182438 ], [ -100.2055431, 45.33781461 ], [ -100.23688193, 45.36069387 ], [ -100.2444126, 45.37011879 ], [ -100.26624253, 45.39956337 ], [ -100.28328209, 45.4339778 ], [ -100.28534326, 45.43843286 ], [ -100.29791973, 45.47730235 ], [ -100.30539066, 45.51617182 ], [ -100.30771208, 45.55504131 ], [ -100.3035357, 45.59391081 ], [ -100.29231423, 45.6327803 ], [ -100.28328209, 45.655089 ], [ -100.27396886, 45.67164979 ], [ -100.25497308, 45.71051928 ], [ -100.2444126, 45.74386221 ], [ -100.24216744, 45.74938878 ], [ -100.23294982, 45.78825825 ], [ -100.22755822, 45.82712774 ], [ -100.22356089, 45.86599723 ], [ -100.21895725, 45.90486673 ], [ -100.21227845, 45.94373622 ], [ -100.2055431, 45.97045064 ], [ -100.20130906, 45.98260571 ], [ -100.1797972, 46.02147518 ], [ -100.16667363, 46.03761129 ], [ -100.13888023, 46.06034467 ], [ -100.12780413, 46.06821985 ], [ -100.08893464, 46.08521548 ], [ -100.05006517, 46.09379577 ], [ -100.01119567, 46.09664185 ], [ -99.97232617, 46.09503398 ], [ -99.93345668, 46.08903901 ], [ -99.89458721, 46.07976308 ], [ -99.85571771, 46.06813241 ], [ -99.83277072, 46.06034467 ], [ -99.81684821, 46.05431617 ], [ -99.77797872, 46.03894824 ], [ -99.73910925, 46.02370173 ], [ -99.73325421, 46.02147518 ], [ -99.70023975, 46.00788712 ], [ -99.66137025, 45.99354051 ], [ -99.62758982, 45.98260571 ], [ -99.62250078, 45.98089917 ], [ -99.58363129, 45.96929368 ], [ -99.54476179, 45.95849259 ], [ -99.50589229, 45.94818561 ], [ -99.4897772, 45.94373622 ], [ -99.46702282, 45.93779811 ], [ -99.42815332, 45.92767041 ], [ -99.38928383, 45.91770481 ], [ -99.35041436, 45.90795908 ], [ -99.33876896, 45.90486673 ], [ -99.31154486, 45.89799546 ], [ -99.27267536, 45.88798878 ], [ -99.23380587, 45.87784279 ], [ -99.1949364, 45.86757502 ], [ -99.18937461, 45.86599723 ], [ -99.1560669, 45.85693584 ], [ -99.1171974, 45.8461939 ], [ -99.07832793, 45.8352292 ], [ -99.05078308, 45.82712774 ], [ -99.03945844, 45.8237897 ], [ -99.00058894, 45.8111814 ], [ -98.96171944, 45.79789233 ], [ -98.93326788, 45.78825825 ], [ -98.92284997, 45.78457756 ], [ -98.88398048, 45.77192464 ], [ -98.84511098, 45.76130367 ], [ -98.80624151, 45.75277966 ], [ -98.78664958, 45.74938878 ], [ -98.76737201, 45.74600418 ], [ -98.72850252, 45.740897 ], [ -98.68963302, 45.73751718 ], [ -98.65076355, 45.73574473 ], [ -98.61189405, 45.73466339 ], [ -98.57302456, 45.73339661 ], [ -98.53415509, 45.73112563 ], [ -98.49528559, 45.72540211 ], [ -98.45641609, 45.71199399 ], [ -98.45402206, 45.71051928 ], [ -98.4175466, 45.68544793 ], [ -98.40549005, 45.67164979 ], [ -98.37867713, 45.63471555 ], [ -98.37755116, 45.6327803 ], [ -98.35370881, 45.59391081 ], [ -98.33980763, 45.57393536 ], [ -98.32608736, 45.55504131 ], [ -98.30555307, 45.51617182 ], [ -98.30539331, 45.47730235 ], [ -98.32560351, 45.43843286 ], [ -98.33980763, 45.4257572 ], [ -98.37057327, 45.39956337 ], [ -98.37867713, 45.39545341 ], [ -98.4175466, 45.37842942 ], [ -98.45641609, 45.364828 ], [ -98.47116663, 45.36069387 ], [ -98.49528559, 45.35522424 ], [ -98.53415509, 45.34826092 ], [ -98.57302456, 45.34368378 ], [ -98.61189405, 45.34276995 ], [ -98.65076355, 45.34423309 ], [ -98.68963302, 45.34598879 ], [ -98.72850252, 45.34821361 ], [ -98.76737201, 45.35098038 ], [ -98.80624151, 45.35350437 ], [ -98.84511098, 45.35511699 ], [ -98.88398048, 45.35490241 ], [ -98.92284997, 45.35111213 ], [ -98.96171944, 45.34329821 ], [ -99.00058894, 45.33132487 ], [ -99.02448788, 45.32182438 ], [ -99.03945844, 45.31580498 ], [ -99.07832793, 45.29657783 ], [ -99.0998492, 45.28295489 ], [ -99.1171974, 45.26779962 ], [ -99.14156565, 45.24408542 ], [ -99.1560669, 45.22719486 ], [ -99.17556109, 45.20521592 ], [ -99.1949364, 45.17815517 ], [ -99.2041446, 45.16634643 ], [ -99.22977174, 45.12747694 ], [ -99.23380587, 45.12004813 ], [ -99.2546608, 45.08860745 ], [ -99.27213558, 45.04973795 ], [ -99.27267536, 45.04812063 ], [ -99.28828446, 45.01086848 ], [ -99.29764198, 44.97199899 ], [ -99.30296603, 44.9331295 ], [ -99.30550549, 44.89426 ], [ -99.30565421, 44.85539051 ], [ -99.30440907, 44.81652102 ], [ -99.30266805, 44.77765153 ], [ -99.30138997, 44.73878206 ], [ -99.30123566, 44.69991256 ], [ -99.30287505, 44.66104307 ], [ -99.30636822, 44.62217358 ], [ -99.31154486, 44.5873266 ], [ -99.31227066, 44.58330408 ], [ -99.32274759, 44.54443459 ], [ -99.33720612, 44.50556512 ], [ -99.35041436, 44.48050324 ], [ -99.35934277, 44.46669563 ], [ -99.38887048, 44.42782614 ], [ -99.38928383, 44.42731496 ], [ -99.42358355, 44.38895664 ], [ -99.42815332, 44.38342237 ], [ -99.45531281, 44.35008715 ], [ -99.46702282, 44.33008592 ], [ -99.47590567, 44.31121766 ], [ -99.48581248, 44.27234819 ], [ -99.48899769, 44.2334787 ], [ -99.48840436, 44.1946092 ], [ -99.48559657, 44.15573971 ], [ -99.48148165, 44.11687022 ], [ -99.47658257, 44.07800072 ], [ -99.47120372, 44.03913123 ], [ -99.46702282, 44.01037318 ], [ -99.46561483, 44.00026176 ], [ -99.4601356, 43.96139227 ], [ -99.45486661, 43.92252278 ], [ -99.44997043, 43.88365328 ], [ -99.44685614, 43.84478379 ], [ -99.45117381, 43.8059143 ], [ -99.4585887, 43.76704483 ], [ -99.46260102, 43.72817534 ], [ -99.45521978, 43.68930584 ], [ -99.44229179, 43.65043635 ], [ -99.42815332, 43.61505919 ], [ -99.4266746, 43.61156686 ], [ -99.40975079, 43.57269736 ], [ -99.39225108, 43.53382789 ], [ -99.38928383, 43.52702429 ], [ -99.37463268, 43.4949584 ], [ -99.35724187, 43.45608891 ], [ -99.35041436, 43.44010976 ], [ -99.34018419, 43.41721942 ], [ -99.32367077, 43.37834992 ], [ -99.31154486, 43.34846986 ], [ -99.3077234, 43.33948043 ], [ -99.29254382, 43.30061094 ], [ -99.27802509, 43.26174147 ], [ -99.27267536, 43.24638578 ], [ -99.2643665, 43.22287197 ], [ -99.25168895, 43.18400248 ], [ -99.23949687, 43.14513299 ], [ -99.23380587, 43.12540055 ], [ -99.22820845, 43.1062635 ], [ -99.21769373, 43.067394 ], [ -99.2076102, 43.02852453 ], [ -99.19792283, 42.98965504 ], [ -99.1949364, 42.97669896 ], [ -99.18881638, 42.95078555 ], [ -99.17994104, 42.91191606 ], [ -99.17074997, 42.87304656 ], [ -99.16104378, 42.83417707 ], [ -99.1560669, 42.81487404 ], [ -99.15078506, 42.7953076 ], [ -99.13987858, 42.75643811 ], [ -99.128247, 42.71756861 ], [ -99.1171974, 42.68273929 ], [ -99.11585241, 42.67869912 ], [ -99.10257835, 42.63982963 ], [ -99.08842884, 42.60096014 ], [ -99.07832793, 42.57458163 ], [ -99.07331711, 42.56209064 ], [ -99.05718102, 42.52322117 ], [ -99.04004344, 42.48435168 ], [ -99.03945844, 42.48305659 ], [ -99.02171169, 42.44548219 ], [ -99.00226822, 42.40661269 ], [ -99.00058894, 42.40333144 ], [ -98.98147448, 42.3677432 ], [ -98.96171944, 42.33258165 ], [ -98.95953184, 42.32887371 ], [ -98.93602881, 42.29000424 ], [ -98.92284997, 42.26895024 ], [ -98.9107766, 42.25113475 ], [ -98.88398048, 42.21339246 ], [ -98.88310539, 42.21226525 ], [ -98.85336413, 42.17339576 ], [ -98.84511098, 42.16306116 ], [ -98.8196387, 42.13452627 ], [ -98.80624151, 42.11977782 ], [ -98.78176771, 42.09565677 ], [ -98.76737201, 42.08163016 ], [ -98.73878253, 42.05678731 ], [ -98.72850252, 42.04798003 ], [ -98.68963302, 42.01897719 ], [ -98.68809368, 42.01791781 ], [ -98.65076355, 41.99189739 ], [ -98.62938788, 41.97904832 ], [ -98.61189405, 41.96859066 ], [ -98.57302456, 41.94803165 ], [ -98.5561573, 41.94017883 ], [ -98.53415509, 41.92996342 ], [ -98.49528559, 41.91408763 ], [ -98.4596046, 41.90130933 ], [ -98.45641609, 41.90016748 ], [ -98.4175466, 41.88820959 ], [ -98.37867713, 41.87800237 ], [ -98.33980763, 41.86930373 ], [ -98.30644731, 41.86243984 ], [ -98.30093813, 41.86133031 ], [ -98.26206866, 41.85646319 ], [ -98.22319917, 41.8520825 ], [ -98.18432967, 41.8489486 ], [ -98.14546017, 41.84700108 ], [ -98.1065907, 41.84624462 ], [ -98.06772121, 41.84647537 ], [ -98.02885171, 41.84776706 ], [ -97.98998224, 41.8501087 ], [ -97.95111274, 41.853307 ], [ -97.91224325, 41.85741355 ], [ -97.87337375, 41.86136389 ], [ -97.86687803, 41.86243984 ], [ -97.83450428, 41.86817818 ], [ -97.79563478, 41.87468739 ], [ -97.75676528, 41.88185064 ], [ -97.71789582, 41.88959425 ], [ -97.67902632, 41.89771651 ], [ -97.66260151, 41.90130933 ], [ -97.64015682, 41.90646042 ], [ -97.60128732, 41.91540947 ], [ -97.56241785, 41.92455363 ], [ -97.52354836, 41.9334171 ], [ -97.49532785, 41.94017883 ], [ -97.48467886, 41.94276866 ], [ -97.44580939, 41.94881708 ], [ -97.40693989, 41.95523379 ], [ -97.3680704, 41.96080888 ], [ -97.3292009, 41.96933053 ], [ -97.3292009, 41.96928496 ], [ -97.35830811, 41.94017883 ], [ -97.35830937, 41.90130933 ], [ -97.3680704, 41.89154832 ], [ -97.39718005, 41.86243984 ], [ -97.39718139, 41.82357035 ], [ -97.40693989, 41.81381186 ], [ -97.43605217, 41.78470088 ], [ -97.44580939, 41.77494367 ], [ -97.47492301, 41.74583139 ], [ -97.47492452, 41.70696189 ], [ -97.48467886, 41.69720754 ], [ -97.51379547, 41.6680924 ], [ -97.51379709, 41.62922291 ], [ -97.52354836, 41.61947165 ], [ -97.5526682, 41.59035341 ], [ -97.5526699, 41.55148394 ], [ -97.56241785, 41.541736 ], [ -97.59154115, 41.51261445 ], [ -97.60128732, 41.50286825 ], [ -97.63041248, 41.47374496 ], [ -97.63041435, 41.43487547 ], [ -97.64015682, 41.425133 ], [ -97.66928582, 41.39600597 ], [ -97.66928779, 41.35713648 ], [ -97.67902632, 41.34739796 ], [ -97.7081594, 41.31826701 ], [ -97.70816142, 41.27939752 ], [ -97.71789582, 41.26966314 ], [ -97.74703317, 41.24052803 ], [ -97.75676528, 41.23079589 ], [ -97.78590497, 41.20165853 ], [ -97.78590708, 41.16278904 ], [ -97.79563478, 41.15306134 ], [ -97.82477898, 41.12391955 ], [ -97.82478115, 41.08505005 ], [ -97.83450428, 41.07532694 ], [ -97.86365314, 41.04618058 ], [ -97.86365531, 41.00731109 ], [ -97.87337375, 40.99759264 ], [ -97.91224325, 40.99446034 ], [ -97.95111274, 41.00074509 ], [ -97.98998224, 41.00628808 ], [ -97.99554499, 41.00731109 ], [ -98.02885171, 41.01352875 ], [ -98.06772121, 41.02023298 ], [ -98.1065907, 41.02712473 ], [ -98.14546017, 41.03436119 ], [ -98.18432967, 41.04180438 ], [ -98.20598074, 41.04618058 ], [ -98.22319917, 41.04965161 ], [ -98.26206866, 41.05797155 ], [ -98.30093813, 41.06666345 ], [ -98.33980763, 41.0758941 ], [ -98.37359198, 41.08505005 ], [ -98.37867713, 41.08639719 ], [ -98.4175466, 41.09603193 ], [ -98.45641609, 41.10701672 ], [ -98.49528559, 41.11881449 ], [ -98.51120662, 41.12391955 ], [ -98.53415509, 41.13129799 ], [ -98.57302456, 41.14476411 ], [ -98.61189405, 41.15917996 ], [ -98.62101854, 41.16278904 ], [ -98.65076355, 41.17462039 ], [ -98.68963302, 41.19129325 ], [ -98.71216628, 41.20165853 ], [ -98.72850252, 41.20926014 ], [ -98.76737201, 41.22879458 ], [ -98.78910798, 41.24052803 ], [ -98.80624151, 41.24994372 ], [ -98.84511098, 41.27311927 ], [ -98.8548905, 41.27939752 ], [ -98.88398048, 41.29848492 ], [ -98.91160581, 41.31826701 ], [ -98.92284997, 41.32655408 ], [ -98.95998834, 41.35713648 ], [ -98.96171944, 41.35857776 ], [ -99.00058894, 41.39255086 ], [ -99.00422255, 41.39600597 ], [ -99.03945844, 41.4306037 ], [ -99.04365416, 41.43487547 ], [ -99.07832793, 41.47136695 ], [ -99.08052491, 41.47374496 ], [ -99.11529073, 41.51261445 ], [ -99.1171974, 41.5148156 ], [ -99.14803223, 41.55148394 ], [ -99.1560669, 41.5613826 ], [ -99.17905968, 41.59035341 ], [ -99.1949364, 41.6112789 ], [ -99.20833832, 41.62922291 ], [ -99.23380587, 41.66481077 ], [ -99.23611106, 41.6680924 ], [ -99.26241832, 41.70696189 ], [ -99.27267536, 41.72284384 ], [ -99.28726099, 41.74583139 ], [ -99.31069841, 41.78470088 ], [ -99.31154486, 41.7861614 ], [ -99.33298132, 41.82357035 ], [ -99.35041436, 41.8560633 ], [ -99.3538069, 41.86243984 ], [ -99.37356098, 41.90130933 ], [ -99.38928383, 41.93474329 ], [ -99.39182625, 41.94017883 ], [ -99.40915738, 41.97904832 ], [ -99.42495496, 42.01791781 ], [ -99.42815332, 42.02627134 ], [ -99.43980784, 42.05678731 ], [ -99.4533413, 42.09565677 ], [ -99.46549491, 42.13452627 ], [ -99.46702282, 42.13983631 ], [ -99.476702, 42.17339576 ], [ -99.4866207, 42.21226525 ], [ -99.49525766, 42.25113475 ], [ -99.50267395, 42.29000424 ], [ -99.50589229, 42.30977995 ], [ -99.50901977, 42.32887371 ], [ -99.51427763, 42.3677432 ], [ -99.51840378, 42.40661269 ], [ -99.52140474, 42.44548219 ], [ -99.52337132, 42.48435168 ], [ -99.52424934, 42.52322117 ], [ -99.52418247, 42.56209064 ], [ -99.52325625, 42.60096014 ], [ -99.52161744, 42.63982963 ], [ -99.51952744, 42.67869912 ], [ -99.51714349, 42.71756861 ], [ -99.51446888, 42.75643811 ], [ -99.51164412, 42.7953076 ], [ -99.50871313, 42.83417707 ], [ -99.50589229, 42.86621994 ], [ -99.50534823, 42.87304656 ], [ -99.50299963, 42.91191606 ], [ -99.50035634, 42.95078555 ], [ -99.49792915, 42.98965504 ], [ -99.49577651, 43.02852453 ], [ -99.49398632, 43.067394 ], [ -99.49262804, 43.1062635 ], [ -99.49174133, 43.14513299 ], [ -99.4914202, 43.18400248 ], [ -99.49168727, 43.22287197 ], [ -99.49265914, 43.26174147 ], [ -99.49432401, 43.30061094 ], [ -99.49671259, 43.33948043 ], [ -99.49984851, 43.37834992 ], [ -99.50371833, 43.41721942 ], [ -99.50589229, 43.43449441 ], [ -99.50866619, 43.45608891 ], [ -99.51484811, 43.4949584 ], [ -99.52205518, 43.53382789 ], [ -99.53032787, 43.57269736 ], [ -99.53920756, 43.61156686 ], [ -99.54476179, 43.63476663 ], [ -99.54840839, 43.65043635 ], [ -99.55486393, 43.68930584 ], [ -99.55552185, 43.72817534 ], [ -99.5480425, 43.76704483 ], [ -99.54476179, 43.78280996 ], [ -99.54021717, 43.8059143 ], [ -99.53396205, 43.84478379 ], [ -99.53259957, 43.88365328 ], [ -99.53467678, 43.92252278 ], [ -99.53863599, 43.96139227 ], [ -99.5443919, 44.00026176 ], [ -99.54476179, 44.00218399 ], [ -99.55284041, 44.03913123 ], [ -99.5637249, 44.07800072 ], [ -99.57761578, 44.11687022 ], [ -99.58363129, 44.13080294 ], [ -99.59887803, 44.15573971 ], [ -99.62250078, 44.18509541 ], [ -99.63643756, 44.1946092 ], [ -99.66137025, 44.20826429 ], [ -99.70023975, 44.22161017 ], [ -99.73910925, 44.23282911 ], [ -99.74153279, 44.2334787 ], [ -99.77797872, 44.2423446 ], [ -99.81684821, 44.24966867 ], [ -99.85571771, 44.26005023 ], [ -99.87847959, 44.27234819 ], [ -99.89458721, 44.28309906 ], [ -99.93345668, 44.30165537 ], [ -99.96050003, 44.31121766 ], [ -99.97232617, 44.31625789 ], [ -100.01119567, 44.32825595 ], [ -100.05006517, 44.33647888 ], [ -100.08893464, 44.3416108 ], [ -100.12780413, 44.34407326 ], [ -100.16667363, 44.34408451 ], [ -100.2055431, 44.34171148 ], [ -100.2444126, 44.33704973 ], [ -100.28328209, 44.33053014 ], [ -100.32215159, 44.32295311 ], [ -100.36102106, 44.31460717 ], [ -100.37523946, 44.31121766 ], [ -100.39989056, 44.30557688 ], [ -100.43876005, 44.2954855 ], [ -100.47762952, 44.28363658 ], [ -100.50917058, 44.27234819 ], [ -100.51649902, 44.26977126 ], [ -100.55536852, 44.25407455 ], [ -100.59423801, 44.23506069 ], [ -100.59702016, 44.2334787 ], [ -100.63310748, 44.20921765 ], [ -100.65127709, 44.1946092 ], [ -100.67197698, 44.17371768 ], [ -100.68796684, 44.15573971 ], [ -100.71084648, 44.12310933 ], [ -100.7149238, 44.11687022 ], [ -100.73538838, 44.07800072 ], [ -100.74971595, 44.04346102 ], [ -100.75144083, 44.03913123 ], [ -100.76397849, 44.00026176 ], [ -100.77403484, 43.96139227 ], [ -100.78213242, 43.92252278 ], [ -100.78858544, 43.8860706 ], [ -100.78900216, 43.88365328 ], [ -100.79400965, 43.84478379 ], [ -100.79836415, 43.8059143 ], [ -100.80193347, 43.76704483 ], [ -100.80489107, 43.72817534 ], [ -100.80736682, 43.68930584 ], [ -100.80945504, 43.65043635 ], [ -100.81121349, 43.61156686 ], [ -100.81271553, 43.57269736 ], [ -100.81404578, 43.53382789 ], [ -100.81461201, 43.4949584 ], [ -100.81330746, 43.45608891 ], [ -100.81027412, 43.41721942 ], [ -100.80583757, 43.37834992 ], [ -100.80035623, 43.33948043 ], [ -100.79394119, 43.30061094 ], [ -100.78858544, 43.27105375 ], [ -100.78678597, 43.26174147 ], [ -100.77879181, 43.22287197 ], [ -100.77037049, 43.18400248 ], [ -100.76153771, 43.14513299 ], [ -100.75246381, 43.1062635 ], [ -100.74971595, 43.0944303 ], [ -100.74297632, 43.067394 ], [ -100.73352988, 43.02852453 ], [ -100.72438742, 42.98965504 ], [ -100.7156554, 42.95078555 ], [ -100.71084648, 42.92806507 ], [ -100.70719311, 42.91191606 ], [ -100.69914447, 42.87304656 ], [ -100.69168664, 42.83417707 ], [ -100.68493347, 42.7953076 ], [ -100.67886574, 42.75643811 ], [ -100.67355309, 42.71756861 ], [ -100.67197698, 42.70401382 ], [ -100.66883082, 42.67869912 ], [ -100.66485722, 42.63982963 ], [ -100.66171448, 42.60096014 ], [ -100.65938473, 42.56209064 ], [ -100.65793188, 42.52322117 ], [ -100.65732348, 42.48435168 ], [ -100.65762047, 42.44548219 ], [ -100.65871328, 42.40661269 ], [ -100.66075757, 42.3677432 ], [ -100.6636189, 42.32887371 ], [ -100.66743181, 42.29000424 ], [ -100.67197698, 42.25709412 ], [ -100.67276479, 42.25113475 ], [ -100.6773999, 42.21226525 ], [ -100.68367951, 42.17339576 ], [ -100.69074247, 42.13452627 ], [ -100.6986339, 42.09565677 ], [ -100.70749668, 42.05678731 ], [ -100.71084648, 42.0431892 ], [ -100.71695271, 42.01791781 ], [ -100.72706587, 41.97904832 ], [ -100.73808086, 41.94017883 ], [ -100.74971595, 41.90409664 ], [ -100.75058739, 41.90130933 ], [ -100.76212186, 41.86243984 ], [ -100.77516631, 41.82357035 ], [ -100.78858544, 41.7879386 ], [ -100.78981537, 41.78470088 ], [ -100.80446515, 41.74583139 ], [ -100.82227224, 41.70696189 ], [ -100.82745494, 41.69641041 ], [ -100.84148796, 41.6680924 ], [ -100.86103281, 41.62922291 ], [ -100.86632444, 41.61885753 ], [ -100.88070331, 41.59035341 ], [ -100.90058881, 41.55148394 ], [ -100.90519391, 41.54254312 ], [ -100.92056277, 41.51261445 ], [ -100.94083407, 41.47374496 ], [ -100.9440634, 41.46760368 ], [ -100.96127314, 41.43487547 ], [ -100.98193606, 41.39600597 ], [ -100.9829329, 41.3941441 ], [ -101.00299337, 41.35713648 ], [ -101.02180237, 41.32321675 ], [ -101.02462625, 41.31826701 ], [ -101.04682889, 41.27939752 ], [ -101.06067187, 41.25552261 ], [ -101.06956874, 41.24052803 ], [ -101.09280042, 41.20165853 ], [ -101.09954137, 41.19044879 ], [ -101.11651878, 41.16278904 ], [ -101.13841086, 41.1273213 ], [ -101.14053991, 41.12391955 ], [ -101.16491687, 41.08505005 ], [ -101.17728033, 41.0654342 ], [ -101.18954501, 41.04618058 ], [ -101.21415273, 41.00731109 ], [ -101.21614983, 41.00414526 ], [ -101.23875382, 40.9684416 ], [ -101.25501933, 40.94274934 ], [ -101.26333183, 40.92957211 ], [ -101.28741062, 40.89070261 ], [ -101.2938888, 40.88017079 ], [ -101.31113325, 40.85183312 ], [ -101.33275829, 40.81608817 ], [ -101.33467587, 40.81296365 ], [ -101.35824562, 40.77409416 ], [ -101.37162779, 40.75213808 ], [ -101.38208907, 40.73522466 ], [ -101.40595277, 40.69635517 ], [ -101.41049729, 40.68888326 ], [ -101.42988293, 40.65748568 ], [ -101.44936676, 40.62612128 ], [ -101.45410076, 40.61861619 ], [ -101.47839324, 40.57974672 ], [ -101.48823625, 40.56407066 ], [ -101.50308739, 40.54087722 ], [ -101.52710575, 40.50505433 ], [ -101.52911951, 40.50200773 ], [ -101.55312393, 40.46313824 ], [ -101.56597522, 40.44337922 ], [ -101.57855826, 40.42426874 ], [ -101.6029666, 40.38539925 ], [ -101.60484472, 40.38257425 ], [ -101.62988299, 40.34652976 ], [ -101.64371421, 40.32578294 ], [ -101.6559508, 40.30766029 ], [ -101.68096052, 40.2687908 ], [ -101.68258371, 40.26640907 ], [ -101.70849669, 40.2299213 ], [ -101.72145318, 40.21090184 ], [ -101.73515489, 40.19105181 ], [ -101.76032268, 40.15435569 ], [ -101.76183332, 40.15218232 ], [ -101.78875654, 40.11331283 ], [ -101.79919217, 40.09813981 ], [ -101.81571459, 40.07444336 ], [ -101.83806164, 40.04239321 ], [ -101.84288271, 40.03557386 ], [ -101.87015008, 39.99670437 ], [ -101.87693114, 39.98702999 ], [ -101.89758795, 39.95783488 ], [ -101.91580064, 39.93192163 ], [ -101.92508184, 39.91896538 ], [ -101.9527388, 39.88009589 ], [ -101.95467013, 39.87736318 ], [ -101.98058311, 39.84122642 ], [ -101.9935396, 39.8230341 ], [ -102.00848443, 39.80235693 ], [ -102.0324091, 39.7690275 ], [ -102.03642567, 39.76348744 ], [ -102.06457259, 39.72461794 ], [ -102.0712786, 39.71528574 ], [ -102.09271919, 39.68574845 ], [ -102.11014807, 39.66156899 ], [ -102.12090051, 39.64687896 ], [ -102.14901756, 39.6101793 ], [ -102.150625, 39.60800946 ], [ -102.17729254, 39.56914 ], [ -102.18788706, 39.55450562 ], [ -102.20552398, 39.5302705 ], [ -102.22675656, 39.50066926 ], [ -102.23351057, 39.49140101 ], [ -102.26162875, 39.45253152 ], [ -102.26562603, 39.44696496 ], [ -102.28979763, 39.41366202 ], [ -102.30449552, 39.39326036 ], [ -102.31801821, 39.37479253 ], [ -102.34336502, 39.33965296 ], [ -102.34608518, 39.33592306 ], [ -102.38223449, 39.32620468 ], [ -102.42110399, 39.32620359 ], [ -102.45997348, 39.32620253 ], [ -102.49884298, 39.32620149 ], [ -102.50856455, 39.33592306 ], [ -102.53771245, 39.36506914 ], [ -102.57658195, 39.3650681 ], [ -102.61545145, 39.36506708 ], [ -102.65432091, 39.36506609 ], [ -102.69319041, 39.3650651 ], [ -102.73205991, 39.36506413 ], [ -102.77092941, 39.36506318 ], [ -102.78065875, 39.37479253 ], [ -102.80979888, 39.4039309 ], [ -102.84866837, 39.40392998 ], [ -102.88753787, 39.40392906 ], [ -102.92640737, 39.40392818 ], [ -102.96527684, 39.40392729 ], [ -103.00414633, 39.40392644 ], [ -103.04301583, 39.40392558 ], [ -103.05275225, 39.41366202 ], [ -103.0818853, 39.44279345 ], [ -103.1207548, 39.44279264 ], [ -103.15962429, 39.44279186 ], [ -103.19849379, 39.44279108 ], [ -103.23736326, 39.44279035 ], [ -103.27623276, 39.44278959 ], [ -103.31510225, 39.44278889 ], [ -103.32484487, 39.45253152 ], [ -103.35397172, 39.48165689 ], [ -103.39284122, 39.48165623 ], [ -103.43171072, 39.48165557 ], [ -103.47058021, 39.48165495 ], [ -103.50944968, 39.48165434 ], [ -103.54831918, 39.48165372 ], [ -103.58718868, 39.48165316 ], [ -103.59693652, 39.49140101 ], [ -103.62605815, 39.52052133 ], [ -103.66492764, 39.52052081 ], [ -103.70379714, 39.52052029 ], [ -103.74266664, 39.52051981 ], [ -103.78153611, 39.52051934 ], [ -103.8204056, 39.52051887 ], [ -103.8592751, 39.52051844 ], [ -103.86902714, 39.5302705 ], [ -103.89814457, 39.5593868 ], [ -103.93701407, 39.55938642 ], [ -103.97588356, 39.55938604 ], [ -104.01475306, 39.55938571 ], [ -104.05362253, 39.55938538 ], [ -104.09249203, 39.55938508 ], [ -104.13136152, 39.55938479 ], [ -104.14111672, 39.56914 ], [ -104.17023099, 39.59825334 ], [ -104.20910049, 39.5982531 ], [ -104.24796999, 39.59825289 ], [ -104.28683949, 39.59825268 ], [ -104.32570895, 39.59825251 ], [ -104.36457845, 39.59825235 ], [ -104.40344795, 39.59825221 ], [ -104.41320522, 39.60800946 ], [ -104.44231742, 39.63712094 ], [ -104.48118692, 39.63712085 ], [ -104.52005641, 39.63712078 ], [ -104.55892591, 39.63712073 ], [ -104.59779538, 39.63712068 ], [ -104.63666488, 39.63712068 ], [ -104.67553437, 39.63712068 ], [ -104.68529266, 39.64687896 ], [ -104.71440384, 39.67598961 ], [ -104.75327334, 39.67598966 ], [ -104.79214284, 39.67598973 ], [ -104.83101233, 39.6759898 ], [ -104.8698818, 39.67598989 ], [ -104.9087513, 39.67599001 ], [ -104.9476208, 39.67599015 ], [ -104.95737908, 39.68574845 ], [ -104.98649027, 39.71485922 ], [ -105.02535976, 39.71485941 ], [ -105.06422926, 39.7148596 ], [ -105.10309876, 39.71485981 ], [ -105.14196823, 39.71486002 ], [ -105.18083772, 39.71486026 ], [ -105.21970722, 39.71486052 ], [ -105.22946463, 39.72461794 ], [ -105.25857669, 39.75372975 ], [ -105.29744619, 39.75373004 ], [ -105.33631568, 39.75373034 ], [ -105.37518518, 39.75373067 ], [ -105.41405465, 39.753731 ], [ -105.45292415, 39.75373136 ], [ -105.49179364, 39.75373171 ], [ -105.53066314, 39.75373209 ], [ -105.54041847, 39.76348744 ], [ -105.56953261, 39.79260147 ], [ -105.60840211, 39.79260189 ], [ -105.6472716, 39.79260232 ], [ -105.68614107, 39.79260274 ], [ -105.72501057, 39.79260319 ], [ -105.76388007, 39.79260366 ], [ -105.80274957, 39.79260414 ], [ -105.81250232, 39.80235693 ], [ -105.84161903, 39.83147365 ], [ -105.88048853, 39.83147415 ], [ -105.91935803, 39.83147467 ], [ -105.9582275, 39.83147521 ], [ -105.997097, 39.83147576 ], [ -106.03596649, 39.83147632 ], [ -106.07483599, 39.83147689 ], [ -106.08458551, 39.84122642 ], [ -106.11370546, 39.87034648 ], [ -106.15257496, 39.87034709 ], [ -106.19144445, 39.87034768 ], [ -106.23031392, 39.8703483 ], [ -106.26918342, 39.87034894 ], [ -106.30805292, 39.87034957 ], [ -106.34692241, 39.87035021 ], [ -106.35666807, 39.88009589 ], [ -106.38579188, 39.90921992 ], [ -106.42466138, 39.9092206 ], [ -106.46353088, 39.90922126 ], [ -106.50240035, 39.90922195 ], [ -106.54126984, 39.90922266 ], [ -106.58013934, 39.90922337 ], [ -106.61900884, 39.90922408 ], [ -106.62875013, 39.91896538 ], [ -106.65787831, 39.94809385 ], [ -106.6967478, 39.94809459 ], [ -106.7356173, 39.94809534 ], [ -106.77448677, 39.9480961 ], [ -106.81335627, 39.94809685 ], [ -106.85222576, 39.94809761 ], [ -106.89109526, 39.94809839 ], [ -106.90083173, 39.95783488 ], [ -106.92996473, 39.98696821 ], [ -106.96883423, 39.98696902 ], [ -107.00770372, 39.98696982 ], [ -107.04657319, 39.9869706 ], [ -107.08544269, 39.98697143 ], [ -107.12431219, 39.98697223 ], [ -107.16318168, 39.98697306 ], [ -107.17291298, 39.99670437 ], [ -107.20205115, 40.02584295 ], [ -107.24092065, 40.02584378 ], [ -107.27979015, 40.02584461 ], [ -107.31865962, 40.02584546 ], [ -107.35752911, 40.02584631 ], [ -107.39639861, 40.02584716 ], [ -107.43526811, 40.02584804 ], [ -107.44499392, 40.03557386 ], [ -107.47413758, 40.06471795 ], [ -107.51300707, 40.0647188 ], [ -107.55187657, 40.06471968 ], [ -107.59074604, 40.06472055 ], [ -107.62961554, 40.06472143 ], [ -107.66848504, 40.06472233 ], [ -107.70735453, 40.0647232 ], [ -107.71707467, 40.07444336 ], [ -107.746224, 40.10359314 ], [ -107.7850935, 40.10359404 ], [ -107.823963, 40.10359494 ], [ -107.84685288, 40.11331283 ], [ -107.86283247, 40.14660305 ], [ -107.86551053, 40.15218232 ], [ -107.88442665, 40.19105181 ], [ -107.90170196, 40.22318928 ], [ -107.90512388, 40.2299213 ], [ -107.92212366, 40.2687908 ], [ -107.94057146, 40.30333911 ], [ -107.94276784, 40.30766029 ], [ -107.95996349, 40.34652976 ], [ -107.97691785, 40.38539925 ], [ -107.97944096, 40.39030229 ], [ -107.99780332, 40.42426874 ], [ -108.0148072, 40.46313824 ], [ -108.01831043, 40.46994595 ], [ -108.03564315, 40.50200773 ], [ -108.0546919, 40.54087722 ], [ -108.05717992, 40.5459542 ], [ -108.07374032, 40.57974672 ], [ -108.09278882, 40.61861619 ], [ -108.09604942, 40.62526953 ], [ -108.11183762, 40.65748568 ], [ -108.13088635, 40.69635517 ], [ -108.13491889, 40.70447398 ], [ -108.15019227, 40.73522466 ], [ -108.16946948, 40.77409416 ], [ -108.17378839, 40.78284854 ], [ -108.18854692, 40.81296365 ], [ -108.20808021, 40.85183312 ], [ -108.21265788, 40.86098848 ], [ -108.22741642, 40.89070261 ], [ -108.24672227, 40.92957211 ], [ -108.25152738, 40.93911901 ], [ -108.26638443, 40.9684416 ], [ -108.28581918, 41.00731109 ], [ -108.29039685, 41.01634614 ], [ -108.3055127, 41.04618058 ], [ -108.32544023, 41.08505005 ], [ -108.32926635, 41.0925512 ], [ -108.34515997, 41.12391955 ], [ -108.36509266, 41.16278904 ], [ -108.36813584, 41.16867773 ], [ -108.38517946, 41.20165853 ], [ -108.40343451, 41.24052803 ], [ -108.40700534, 41.24709452 ], [ -108.42547707, 41.27939752 ], [ -108.44380257, 41.31826701 ], [ -108.44587481, 41.32203316 ], [ -108.466185, 41.35713648 ], [ -108.48474431, 41.38921367 ], [ -108.48850575, 41.39600597 ], [ -108.50746254, 41.43487547 ], [ -108.5236138, 41.4651073 ], [ -108.52822852, 41.47374496 ], [ -108.54916961, 41.51261445 ], [ -108.56248327, 41.53705111 ], [ -108.57029282, 41.55148394 ], [ -108.59145544, 41.59035341 ], [ -108.60135277, 41.60839444 ], [ -108.61277952, 41.62922291 ], [ -108.63410392, 41.6680924 ], [ -108.64022227, 41.67910543 ], [ -108.65580646, 41.70696189 ], [ -108.67563792, 41.74583139 ], [ -108.67909176, 41.75172896 ], [ -108.69943895, 41.78470088 ], [ -108.71796123, 41.81717197 ], [ -108.72161104, 41.82357035 ], [ -108.74387424, 41.86243984 ], [ -108.75683073, 41.88483419 ], [ -108.76636281, 41.90130933 ], [ -108.78908249, 41.94017883 ], [ -108.79570023, 41.95153526 ], [ -108.81184925, 41.97904832 ], [ -108.8345697, 42.01403048 ], [ -108.8369622, 42.01791781 ], [ -108.85832338, 42.05678731 ], [ -108.87343919, 42.08191954 ], [ -108.881823, 42.09565677 ], [ -108.90583043, 42.13452627 ], [ -108.91230869, 42.14501486 ], [ -108.92983806, 42.17339576 ], [ -108.95117819, 42.20753936 ], [ -108.95417599, 42.21226525 ], [ -108.97903982, 42.25113475 ], [ -108.99004766, 42.26835888 ], [ -109.00398602, 42.29000424 ], [ -109.02891715, 42.32515246 ], [ -109.03141244, 42.32887371 ], [ -109.05512672, 42.3677432 ], [ -109.06778665, 42.38658901 ], [ -109.08134143, 42.40661269 ], [ -109.10665612, 42.44102583 ], [ -109.10977516, 42.44548219 ], [ -109.134695, 42.48435168 ], [ -109.14552562, 42.49975537 ], [ -109.16215457, 42.52322117 ], [ -109.18439512, 42.5542593 ], [ -109.19005117, 42.56209064 ], [ -109.21870385, 42.60096014 ], [ -109.22326461, 42.60715673 ], [ -109.24750579, 42.63982963 ], [ -109.26213408, 42.65912654 ], [ -109.2772146, 42.67869912 ], [ -109.30100358, 42.70924872 ], [ -109.3075359, 42.71756861 ], [ -109.33643299, 42.75643811 ], [ -109.33987308, 42.76063437 ], [ -109.37035931, 42.7953076 ], [ -109.37874255, 42.80538444 ], [ -109.4031055, 42.83417707 ], [ -109.41761204, 42.85115001 ], [ -109.43648832, 42.87304656 ], [ -109.45648154, 42.89556297 ], [ -109.47125649, 42.91191606 ], [ -109.49535104, 42.93832738 ], [ -109.50691962, 42.95078555 ], [ -109.53422051, 42.97963182 ], [ -109.54387924, 42.98965504 ], [ -109.57309, 43.01940675 ], [ -109.58220777, 43.02852453 ], [ -109.6119595, 43.05773527 ], [ -109.62198272, 43.067394 ], [ -109.65082897, 43.09445365 ], [ -109.6637851, 43.1062635 ], [ -109.68969847, 43.12927246 ], [ -109.7079148, 43.14513299 ], [ -109.72856796, 43.16281087 ], [ -109.7540845, 43.18400248 ], [ -109.76743746, 43.19472856 ], [ -109.80089213, 43.22287197 ], [ -109.80630693, 43.22706197 ], [ -109.84517643, 43.25368207 ], [ -109.85642393, 43.26174147 ], [ -109.88404592, 43.28092915 ], [ -109.91402701, 43.30061094 ], [ -109.92291539, 43.30627306 ], [ -109.96178489, 43.33009149 ], [ -109.97798052, 43.33948043 ], [ -110.00065439, 43.35225444 ], [ -110.03952388, 43.37267026 ], [ -110.05088322, 43.37834992 ], [ -110.07839335, 43.39164939 ], [ -110.11726285, 43.40886031 ], [ -110.13782921, 43.41721942 ], [ -110.15613235, 43.42438155 ], [ -110.19500182, 43.43834228 ], [ -110.23387131, 43.45052548 ], [ -110.25399464, 43.45608891 ], [ -110.27274081, 43.46106658 ], [ -110.31161031, 43.46968602 ], [ -110.35047978, 43.47669526 ], [ -110.38934927, 43.48206878 ], [ -110.42821877, 43.48561174 ], [ -110.46708824, 43.48723421 ], [ -110.50595774, 43.48712418 ], [ -110.54482723, 43.48500953 ], [ -110.58369673, 43.4810565 ], [ -110.6225662, 43.47507032 ], [ -110.6614357, 43.46705592 ], [ -110.7003052, 43.45811243 ], [ -110.70611627, 43.45608891 ], [ -110.73917466, 43.44455088 ], [ -110.77804416, 43.42995155 ], [ -110.80701786, 43.41721942 ], [ -110.81691366, 43.41308538 ], [ -110.85578316, 43.39447625 ], [ -110.88680271, 43.37834992 ], [ -110.89465263, 43.3745371 ], [ -110.93352212, 43.35291304 ], [ -110.95558172, 43.33948043 ], [ -110.97239162, 43.329851 ], [ -111.01126112, 43.30521696 ], [ -111.01791089, 43.30061094 ], [ -111.05013059, 43.27922563 ], [ -111.07499074, 43.26174147 ], [ -111.08900008, 43.25228366 ], [ -111.12786958, 43.22443513 ], [ -111.12990252, 43.22287197 ], [ -111.16673905, 43.19555339 ], [ -111.18141658, 43.18400248 ], [ -111.20560855, 43.16561656 ], [ -111.23091173, 43.14513299 ], [ -111.24447804, 43.13451484 ], [ -111.27819345, 43.1062635 ], [ -111.28334754, 43.10209073 ], [ -111.32221701, 43.06830043 ], [ -111.32317754, 43.067394 ], [ -111.36108651, 43.03297099 ], [ -111.36559216, 43.02852453 ], [ -111.399956, 42.99594929 ], [ -111.40604843, 42.98965504 ], [ -111.43882547, 42.95717551 ], [ -111.44474942, 42.95078555 ], [ -111.47769497, 42.91654335 ], [ -111.48183901, 42.91191606 ], [ -111.51656447, 42.87418601 ], [ -111.51754892, 42.87304656 ], [ -111.55205043, 42.83417707 ], [ -111.55543396, 42.83045188 ], [ -111.58547937, 42.7953076 ], [ -111.59430343, 42.78526765 ], [ -111.61807405, 42.75643811 ], [ -111.63317293, 42.73868292 ], [ -111.64997548, 42.71756861 ], [ -111.67204243, 42.69069222 ], [ -111.68124972, 42.67869912 ], [ -111.7109119, 42.64135483 ], [ -111.71204213, 42.63982963 ], [ -111.74148264, 42.60096014 ], [ -111.74978139, 42.59034763 ], [ -111.77038069, 42.56209064 ], [ -111.78865089, 42.53789797 ], [ -111.79892712, 42.52322117 ], [ -111.82700686, 42.48435168 ], [ -111.82752039, 42.48365894 ], [ -111.85379446, 42.44548219 ], [ -111.86638986, 42.42777892 ], [ -111.88030825, 42.40661269 ], [ -111.90525935, 42.37049934 ], [ -111.90701589, 42.3677432 ], [ -111.93233345, 42.32887371 ], [ -111.94412885, 42.31155573 ], [ -111.95753607, 42.29000424 ], [ -111.98277375, 42.25113475 ], [ -111.98299832, 42.25079699 ], [ -112.00620424, 42.21226525 ], [ -112.02186782, 42.18714413 ], [ -112.03171478, 42.17339576 ], [ -112.05936174, 42.13452627 ], [ -112.06073731, 42.1325662 ], [ -112.09470009, 42.09565677 ], [ -112.09960681, 42.09033617 ], [ -112.12793619, 42.05678731 ], [ -112.13847628, 42.04434672 ], [ -112.15930609, 42.01791781 ], [ -112.17734578, 41.99515484 ], [ -112.18980605, 41.97904832 ], [ -112.21621527, 41.94517189 ], [ -112.22016147, 41.94017883 ], [ -112.25105201, 41.90130933 ], [ -112.25508474, 41.89627641 ], [ -112.28351261, 41.86243984 ], [ -112.29395424, 41.85028687 ], [ -112.31867251, 41.82357035 ], [ -112.33282374, 41.80876688 ], [ -112.35828131, 41.78470088 ], [ -112.37169324, 41.77254335 ], [ -112.40549132, 41.74583139 ], [ -112.4105627, 41.7420266 ], [ -112.4494322, 41.71706116 ], [ -112.46897971, 41.70696189 ], [ -112.4883017, 41.69761835 ], [ -112.52717117, 41.68343108 ], [ -112.56604067, 41.67288007 ], [ -112.58407822, 41.6680924 ], [ -112.60491016, 41.66240225 ], [ -112.64377966, 41.65169508 ], [ -112.65350038, 41.6680924 ], [ -112.65350873, 41.70696189 ], [ -112.68264913, 41.73609102 ], [ -112.69238949, 41.74583139 ], [ -112.69239859, 41.78470088 ], [ -112.72151863, 41.81380862 ], [ -112.73128037, 41.82357035 ], [ -112.73128993, 41.86243984 ], [ -112.73124436, 41.86243984 ], [ -112.72151863, 41.82845541 ], [ -112.68264913, 41.84082665 ], [ -112.64377966, 41.85317932 ], [ -112.6173694, 41.86243984 ], [ -112.60491016, 41.86703233 ], [ -112.56604067, 41.88575978 ], [ -112.53977046, 41.90130933 ], [ -112.52717117, 41.90910445 ], [ -112.4883017, 41.93680902 ], [ -112.48406722, 41.94017883 ], [ -112.4494322, 41.96855684 ], [ -112.437807, 41.97904832 ], [ -112.4105627, 42.00413707 ], [ -112.39671422, 42.01791781 ], [ -112.37169324, 42.04318735 ], [ -112.35906544, 42.05678731 ], [ -112.33282374, 42.08530903 ], [ -112.32378925, 42.09565677 ], [ -112.29395424, 42.13002968 ], [ -112.29020447, 42.13452627 ], [ -112.25787379, 42.17339576 ], [ -112.25508474, 42.17674902 ], [ -112.22630886, 42.21226525 ], [ -112.21621527, 42.22477432 ], [ -112.19514079, 42.25113475 ], [ -112.17734578, 42.27357773 ], [ -112.16413885, 42.29000424 ], [ -112.13847628, 42.32232484 ], [ -112.13302577, 42.32887371 ], [ -112.10124173, 42.3677432 ], [ -112.09960681, 42.36977589 ], [ -112.06732042, 42.40661269 ], [ -112.06073731, 42.41437094 ], [ -112.03511111, 42.44548219 ], [ -112.02186782, 42.46125927 ], [ -112.00711679, 42.48435168 ], [ -111.98299832, 42.52083647 ], [ -111.98158677, 42.52322117 ], [ -111.95917833, 42.56209064 ], [ -111.94412885, 42.58876522 ], [ -111.9368376, 42.60096014 ], [ -111.91414154, 42.63982963 ], [ -111.90525935, 42.65541491 ], [ -111.89097352, 42.67869912 ], [ -111.86812699, 42.71756861 ], [ -111.86638986, 42.72058293 ], [ -111.84421851, 42.75643811 ], [ -111.82752039, 42.78489978 ], [ -111.82094101, 42.7953076 ], [ -111.79732914, 42.83417707 ], [ -111.78865089, 42.84917357 ], [ -111.77368743, 42.87304656 ], [ -111.75080939, 42.91191606 ], [ -111.74978139, 42.9137353 ], [ -111.72695643, 42.95078555 ], [ -111.7109119, 42.97881113 ], [ -111.70410206, 42.98965504 ], [ -111.68106968, 43.02852453 ], [ -111.67204243, 43.04485042 ], [ -111.65826215, 43.067394 ], [ -111.63628613, 43.1062635 ], [ -111.63317293, 43.11215448 ], [ -111.61373328, 43.14513299 ], [ -111.59430343, 43.18132913 ], [ -111.59269943, 43.18400248 ], [ -111.57094044, 43.22287197 ], [ -111.55543396, 43.25354956 ], [ -111.5507717, 43.26174147 ], [ -111.53051497, 43.30061094 ], [ -111.51656447, 43.33067954 ], [ -111.51192851, 43.33948043 ], [ -111.49356042, 43.37834992 ], [ -111.4780813, 43.41721942 ], [ -111.47769497, 43.41832729 ], [ -111.46234316, 43.45608891 ], [ -111.45000924, 43.4949584 ], [ -111.44147748, 43.53382789 ], [ -111.43882547, 43.56788658 ], [ -111.43837587, 43.57269736 ], [ -111.43882547, 43.57423509 ], [ -111.44807393, 43.61156686 ], [ -111.47038931, 43.65043635 ], [ -111.47769497, 43.65926929 ], [ -111.49859992, 43.68930584 ], [ -111.51656447, 43.70702031 ], [ -111.53044, 43.72817534 ], [ -111.55543396, 43.76607882 ], [ -111.59430343, 43.75271631 ], [ -111.61623385, 43.72817534 ], [ -111.63317293, 43.71399811 ], [ -111.65502331, 43.68930584 ], [ -111.67204243, 43.67227325 ], [ -111.69136326, 43.65043635 ], [ -111.7109119, 43.62883951 ], [ -111.72638069, 43.61156686 ], [ -111.74978139, 43.58390241 ], [ -111.7600787, 43.57269736 ], [ -111.78601683, 43.53382789 ], [ -111.78865089, 43.52970934 ], [ -111.81427567, 43.4949584 ], [ -111.82752039, 43.47646578 ], [ -111.84512527, 43.45608891 ], [ -111.86638986, 43.42929752 ], [ -111.87837431, 43.41721942 ], [ -111.90525935, 43.38721789 ], [ -111.915684, 43.37834992 ], [ -111.94412885, 43.35126357 ], [ -111.96152915, 43.33948043 ], [ -111.98299832, 43.32306314 ], [ -112.02186782, 43.30399688 ], [ -112.03430551, 43.30061094 ], [ -112.06073731, 43.29245124 ], [ -112.09960681, 43.28933738 ], [ -112.13847628, 43.29179452 ], [ -112.17734578, 43.29729877 ], [ -112.19559521, 43.30061094 ], [ -112.21621527, 43.30439604 ], [ -112.25508474, 43.31260512 ], [ -112.29395424, 43.32102496 ], [ -112.33282374, 43.33003014 ], [ -112.36469303, 43.33948043 ], [ -112.37169324, 43.3425842 ], [ -112.4105627, 43.3602557 ], [ -112.4494322, 43.37786635 ], [ -112.45053336, 43.37834992 ], [ -112.4883017, 43.39810812 ], [ -112.52717117, 43.41672634 ], [ -112.52827403, 43.41721942 ], [ -112.56604067, 43.43609018 ], [ -112.60491016, 43.45335943 ], [ -112.61161332, 43.45608891 ], [ -112.64377966, 43.47039004 ], [ -112.68264913, 43.48569119 ], [ -112.70895948, 43.4949584 ], [ -112.72151863, 43.49976828 ], [ -112.76038812, 43.51316325 ], [ -112.79925759, 43.52496329 ], [ -112.83215748, 43.53382789 ], [ -112.83812709, 43.53558496 ], [ -112.87699659, 43.54593547 ], [ -112.91586608, 43.55498826 ], [ -112.95473555, 43.56293155 ], [ -112.99360505, 43.56985904 ], [ -113.00333078, 43.53382789 ], [ -113.00337635, 43.53382789 ], [ -113.00336734, 43.57269736 ], [ -113.00335953, 43.61156686 ], [ -113.00335306, 43.65043635 ], [ -112.99360505, 43.66018437 ], [ -112.96447753, 43.68930584 ], [ -112.96447353, 43.72817534 ], [ -112.96447041, 43.76704483 ], [ -112.96446797, 43.8059143 ], [ -112.96446608, 43.84478379 ], [ -112.96446463, 43.88365328 ], [ -112.96446353, 43.92252278 ], [ -112.95473555, 43.93225075 ], [ -112.92559313, 43.96139227 ], [ -112.92559261, 44.00026176 ], [ -112.92559223, 44.03913123 ], [ -112.92559198, 44.07800072 ], [ -112.92559184, 44.11687022 ], [ -112.92559179, 44.15573971 ], [ -112.92559179, 44.1946092 ], [ -112.91586608, 44.20433491 ], [ -112.88672246, 44.2334787 ], [ -112.88672254, 44.27234819 ], [ -112.88672265, 44.31121766 ], [ -112.88672278, 44.35008715 ], [ -112.88672295, 44.38895664 ], [ -112.88672309, 44.42782614 ], [ -112.88672322, 44.46669563 ], [ -112.87699659, 44.47642228 ], [ -112.84785405, 44.50556512 ], [ -112.84785419, 44.54443459 ], [ -112.84785436, 44.58330408 ], [ -112.84785449, 44.62217358 ], [ -112.8478546, 44.66104307 ], [ -112.84785474, 44.69991256 ], [ -112.84785485, 44.73878206 ], [ -112.83812709, 44.7485098 ], [ -112.8089856, 44.77765153 ], [ -112.80898568, 44.81652102 ], [ -112.80898576, 44.85539051 ], [ -112.80898582, 44.89426 ], [ -112.80898587, 44.9331295 ], [ -112.80898593, 44.97199899 ], [ -112.80898596, 45.01086848 ], [ -112.79925759, 45.02059682 ], [ -112.77011662, 45.04973795 ], [ -112.77011662, 45.08860745 ], [ -112.77011662, 45.12747694 ], [ -112.77011662, 45.16634643 ], [ -112.7701166, 45.20521592 ], [ -112.77011657, 45.24408542 ], [ -112.77011651, 45.28295489 ], [ -112.76038812, 45.29268331 ], [ -112.73124707, 45.32182438 ], [ -112.73124702, 45.36069387 ], [ -112.73124693, 45.39956337 ], [ -112.73124688, 45.43843286 ], [ -112.73124677, 45.47730235 ], [ -112.73124669, 45.51617182 ], [ -112.73124658, 45.55504131 ], [ -112.72151863, 45.56476927 ], [ -112.69237705, 45.59391081 ], [ -112.69237692, 45.6327803 ], [ -112.69237681, 45.67164979 ], [ -112.69237667, 45.71051928 ], [ -112.69237653, 45.74938878 ], [ -112.6923764, 45.78825825 ], [ -112.69237623, 45.82712774 ], [ -112.68264913, 45.83685484 ], [ -112.65350665, 45.86599723 ], [ -112.65350651, 45.90486673 ], [ -112.65350635, 45.94373622 ], [ -112.65350619, 45.98260571 ], [ -112.65350599, 46.02147518 ], [ -112.65350583, 46.06034467 ], [ -112.65350564, 46.09921417 ], [ -112.64377966, 46.10894016 ], [ -112.61463606, 46.13808366 ], [ -112.61463587, 46.17695315 ], [ -112.61463568, 46.21582265 ], [ -112.61463548, 46.25469211 ], [ -112.61463529, 46.29356161 ], [ -112.6146351, 46.3324311 ], [ -112.61463491, 46.37130059 ], [ -112.60491016, 46.38102536 ], [ -112.5757653, 46.41017009 ], [ -112.57576511, 46.44903958 ], [ -112.57576492, 46.48790907 ], [ -112.5757647, 46.52677854 ], [ -112.57576451, 46.56564803 ], [ -112.57576429, 46.60451753 ], [ -112.5757641, 46.64338702 ], [ -112.56604067, 46.65311044 ], [ -112.53689449, 46.68225651 ], [ -112.53689427, 46.72112601 ], [ -112.53689405, 46.75999548 ], [ -112.53689386, 46.79886497 ], [ -112.53689364, 46.83773446 ], [ -112.53689345, 46.87660395 ], [ -112.53689323, 46.91547345 ], [ -112.52717117, 46.92519549 ], [ -112.49802362, 46.95434294 ], [ -112.4980234, 46.99321241 ], [ -112.49802321, 47.0320819 ], [ -112.49802299, 47.07095139 ], [ -112.4980228, 47.10982089 ], [ -112.49802258, 47.14869038 ], [ -112.49802239, 47.18755987 ], [ -112.4883017, 47.19728057 ], [ -112.45915278, 47.22642937 ], [ -112.45915259, 47.26529884 ], [ -112.4591524, 47.30416833 ], [ -112.45915221, 47.34303782 ], [ -112.45915201, 47.38190731 ], [ -112.45915182, 47.42077681 ], [ -112.45915163, 47.4596463 ], [ -112.4494322, 47.46936572 ], [ -112.42028202, 47.49851577 ], [ -112.42028186, 47.53738526 ], [ -112.42028167, 47.57625476 ], [ -112.4202815, 47.61512425 ], [ -112.42028134, 47.65399374 ], [ -112.42028118, 47.69286323 ], [ -112.42028101, 47.7317327 ], [ -112.4105627, 47.74145099 ], [ -112.3814114, 47.7706022 ], [ -112.38141124, 47.80947169 ], [ -112.38141108, 47.84834118 ], [ -112.38141094, 47.88721068 ], [ -112.38141077, 47.92608017 ], [ -112.38141066, 47.96494966 ] ], [ [ -99.827021, 44.42782614 ], [ -99.81684821, 44.45460772 ], [ -99.80770457, 44.46669563 ], [ -99.77797872, 44.49113262 ], [ -99.73910925, 44.50111658 ], [ -99.70023975, 44.50066903 ], [ -99.66137025, 44.49027352 ], [ -99.63584538, 44.46669563 ], [ -99.64333248, 44.42782614 ], [ -99.66137025, 44.40119892 ], [ -99.66969876, 44.38895664 ], [ -99.70023975, 44.36198026 ], [ -99.72790014, 44.35008715 ], [ -99.73910925, 44.34738428 ], [ -99.77797872, 44.34840522 ], [ -99.78199284, 44.35008715 ], [ -99.81684821, 44.38272762 ], [ -99.81999032, 44.38895664 ], [ -99.827021, 44.42782614 ] ], [ [ -112.31795649, 43.61156686 ], [ -112.31623153, 43.65043635 ], [ -112.30404564, 43.68930584 ], [ -112.29395424, 43.70658095 ], [ -112.27726349, 43.72817534 ], [ -112.25508474, 43.74873777 ], [ -112.22682325, 43.76704483 ], [ -112.21621527, 43.77304225 ], [ -112.17734578, 43.78951563 ], [ -112.13847628, 43.80020006 ], [ -112.10664034, 43.8059143 ], [ -112.09960681, 43.80724141 ], [ -112.06073731, 43.8121397 ], [ -112.02186782, 43.81460948 ], [ -111.98299832, 43.81494944 ], [ -111.94412885, 43.81348653 ], [ -111.90525935, 43.81024087 ], [ -111.87278237, 43.8059143 ], [ -111.86638986, 43.80532818 ], [ -111.82752039, 43.80012182 ], [ -111.78865089, 43.79301234 ], [ -111.74978139, 43.78203651 ], [ -111.7109119, 43.76949906 ], [ -111.70419504, 43.76704483 ], [ -111.67204243, 43.75155939 ], [ -111.66745972, 43.72817534 ], [ -111.67204243, 43.72099914 ], [ -111.69065018, 43.68930584 ], [ -111.7109119, 43.65685302 ], [ -111.71468869, 43.65043635 ], [ -111.74693779, 43.61156686 ], [ -111.74978139, 43.60820514 ], [ -111.7824126, 43.57269736 ], [ -111.78865089, 43.56360222 ], [ -111.81518364, 43.53382789 ], [ -111.82752039, 43.51811611 ], [ -111.85081446, 43.4949584 ], [ -111.86638986, 43.47729581 ], [ -111.8907584, 43.45608891 ], [ -111.90525935, 43.44148542 ], [ -111.93767621, 43.41721942 ], [ -111.94412885, 43.41167118 ], [ -111.98299832, 43.39122171 ], [ -112.02186782, 43.37882695 ], [ -112.02815957, 43.37834992 ], [ -112.06073731, 43.37602159 ], [ -112.09755784, 43.37834992 ], [ -112.09960681, 43.37854196 ], [ -112.13847628, 43.38772542 ], [ -112.17734578, 43.40649731 ], [ -112.19632164, 43.41721942 ], [ -112.21621527, 43.43594288 ], [ -112.23826353, 43.45608891 ], [ -112.25508474, 43.47816974 ], [ -112.26941163, 43.4949584 ], [ -112.29346066, 43.53382789 ], [ -112.29395424, 43.53518157 ], [ -112.31054546, 43.57269736 ], [ -112.31795649, 43.61156686 ] ] ] } },
{ "type": "Feature", "properties": { "Lower": 30.0 }, "geometry": { "type": "Polygon", "coordinates": [ [ [ -97.75771554, 48.62573097 ], [ -97.75676528, 48.62820136 ], [ -97.72987698, 48.66460046 ], [ -97.71789582, 48.67149557 ], [ -97.67902632, 48.66729352 ], [ -97.67282091, 48.66460046 ], [ -97.64015682, 48.64624983 ], [ -97.61047557, 48.62573097 ], [ -97.60128732, 48.60829423 ], [ -97.59089978, 48.58686148 ], [ -97.58992599, 48.54799198 ], [ -97.60046115, 48.50912249 ], [ -97.60128732, 48.5066408 ], [ -97.64015682, 48.48703369 ], [ -97.67615583, 48.50912249 ], [ -97.67902632, 48.51027508 ], [ -97.71789582, 48.54487266 ], [ -97.72013754, 48.54799198 ], [ -97.74270281, 48.58686148 ], [ -97.75676528, 48.62272714 ], [ -97.75771554, 48.62573097 ] ] ] } },
{ "type": "Feature", "properties": { "Lower": 30.0 }, "geometry": { "type": "Polygon", "coordinates": [ [ [ -99.827021, 44.42782614 ], [ -99.81684821, 44.45460772 ], [ -99.80770457, 44.46669563 ], [ -99.77797872, 44.49113262 ], [ -99.73910925, 44.50111658 ], [ -99.70023975, 44.50066903 ], [ -99.66137025, 44.49027352 ], [ -99.63584538, 44.46669563 ], [ -99.64333248, 44.42782614 ], [ -99.66137025, 44.40119892 ], [ -99.66969876, 44.38895664 ], [ -99.70023975, 44.36198026 ], [ -99.72790014, 44.35008715 ], [ -99.73910925, 44.34738428 ], [ -99.77797872, 44.34840522 ], [ -99.78199284, 44.35008715 ], [ -99.81684821, 44.38272762 ], [ -99.81999032, 44.38895664 ], [ -99.827021, 44.42782614 ] ] ] } },
{ "type": "Feature", "properties": { "Lower": 30.0 }, "geometry": { "type": "Polygon", "coordinates": [ [ [ -97.69922687, 48.04268862 ], [ -97.69896613, 48.08155812 ], [ -97.69370772, 48.12042761 ], [ -97.68466218, 48.1592971 ], [ -97.67902632, 48.17789368 ], [ -97.67155361, 48.19816659 ], [ -97.65506043, 48.23703606 ], [ -97.64015682, 48.27114091 ], [ -97.63726126, 48.27590556 ], [ -97.61380142, 48.31477505 ], [ -97.60128732, 48.33713262 ], [ -97.56846334, 48.35364454 ], [ -97.56241785, 48.35616986 ], [ -97.55800411, 48.35364454 ], [ -97.52354836, 48.34128431 ], [ -97.48467886, 48.31723667 ], [ -97.48131827, 48.31477505 ], [ -97.44580939, 48.29162909 ], [ -97.41888472, 48.27590556 ], [ -97.40693989, 48.26899152 ], [ -97.3680704, 48.25158539 ], [ -97.3292009, 48.24387814 ], [ -97.29033143, 48.24686332 ], [ -97.25146193, 48.25953177 ], [ -97.21940589, 48.27590556 ], [ -97.21259244, 48.27875192 ], [ -97.17372294, 48.30165531 ], [ -97.15626184, 48.31477505 ], [ -97.13485347, 48.32957963 ], [ -97.10838742, 48.35364454 ], [ -97.09598397, 48.36492835 ], [ -97.06717806, 48.39251404 ], [ -97.05711448, 48.4028052 ], [ -97.03013434, 48.43138353 ], [ -97.01824501, 48.45233902 ], [ -97.00695648, 48.470253 ], [ -96.99000603, 48.50912249 ], [ -96.97937551, 48.53178403 ], [ -96.95128651, 48.50912249 ], [ -96.94050601, 48.50422711 ], [ -96.92470723, 48.470253 ], [ -96.90723599, 48.43138353 ], [ -96.90163652, 48.42434287 ], [ -96.89030563, 48.39251404 ], [ -96.8794416, 48.35364454 ], [ -96.86292478, 48.31477505 ], [ -96.86631987, 48.27590556 ], [ -96.88090174, 48.23703606 ], [ -96.86859983, 48.19816659 ], [ -96.86276705, 48.16518915 ], [ -96.86171617, 48.1592971 ], [ -96.86276705, 48.12415696 ], [ -96.86294977, 48.12042761 ], [ -96.87173213, 48.08155812 ], [ -96.89255791, 48.04268862 ], [ -96.90163652, 48.03074825 ], [ -96.93667154, 48.00381913 ], [ -96.94050601, 48.00085571 ], [ -96.97937551, 47.98192977 ], [ -97.01824501, 47.97190158 ], [ -97.05711448, 47.96788311 ], [ -97.09598397, 47.96812343 ], [ -97.13485347, 47.97138244 ], [ -97.17372294, 47.97823797 ], [ -97.21259244, 47.98684992 ], [ -97.25146193, 47.99344097 ], [ -97.29033143, 47.99434345 ], [ -97.3292009, 47.98387904 ], [ -97.35298179, 47.96494966 ], [ -97.3680704, 47.95516626 ], [ -97.39688766, 47.92608017 ], [ -97.40693989, 47.9184114 ], [ -97.44580939, 47.88747092 ], [ -97.44611419, 47.88721068 ], [ -97.48467886, 47.86125479 ], [ -97.50804553, 47.84834118 ], [ -97.52354836, 47.83742155 ], [ -97.56241785, 47.83751982 ], [ -97.58110456, 47.84834118 ], [ -97.60128732, 47.8632242 ], [ -97.62922686, 47.88721068 ], [ -97.64015682, 47.90001893 ], [ -97.66127537, 47.92608017 ], [ -97.67902632, 47.96093488 ], [ -97.68087706, 47.96494966 ], [ -97.69352354, 48.00381913 ], [ -97.69922687, 48.04268862 ] ] ] } },
{ "type": "Feature", "properties": { "Lower": 30.0 }, "geometry": { "type": "Polygon", "coordinates": [ [ [ -96.36590705, 47.80947169 ], [ -96.35909595, 47.84834118 ], [ -96.35746367, 47.85116431 ], [ -96.33516783, 47.88721068 ], [ -96.3185942, 47.90769052 ], [ -96.30307723, 47.92608017 ], [ -96.2797247, 47.95150632 ], [ -96.26505925, 47.96494966 ], [ -96.2408552, 47.98495075 ], [ -96.21364187, 48.00381913 ], [ -96.20198574, 48.01234177 ], [ -96.16311624, 48.0380177 ], [ -96.15551276, 48.04268862 ], [ -96.12424674, 48.06508706 ], [ -96.09974841, 48.08155812 ], [ -96.08537724, 48.09258362 ], [ -96.04696466, 48.12042761 ], [ -96.04650777, 48.12079727 ], [ -96.00763828, 48.15060338 ], [ -95.99587064, 48.1592971 ], [ -95.96876878, 48.18122116 ], [ -95.94715037, 48.19816659 ], [ -95.92989931, 48.21273868 ], [ -95.90047941, 48.23703606 ], [ -95.89102981, 48.24533847 ], [ -95.85568527, 48.27590556 ], [ -95.85216032, 48.27911471 ], [ -95.81329082, 48.31423585 ], [ -95.81269659, 48.31477505 ], [ -95.77442135, 48.32449639 ], [ -95.7647, 48.31477505 ], [ -95.73555185, 48.28563498 ], [ -95.72582245, 48.27590556 ], [ -95.69668236, 48.24677274 ], [ -95.68694569, 48.23703606 ], [ -95.65781289, 48.20790892 ], [ -95.64807052, 48.19816659 ], [ -95.61894339, 48.16904226 ], [ -95.60919823, 48.1592971 ], [ -95.58007389, 48.1301727 ], [ -95.57032882, 48.12042761 ], [ -95.5412044, 48.09130063 ], [ -95.53146189, 48.08155812 ], [ -95.50233493, 48.05242667 ], [ -95.49259689, 48.04268862 ], [ -95.46346543, 48.01355143 ], [ -95.45373315, 48.00381913 ], [ -95.42459593, 47.97467551 ], [ -95.41487009, 47.96494966 ], [ -95.38572646, 47.93579954 ], [ -95.37600706, 47.92608017 ], [ -95.38572646, 47.90264291 ], [ -95.40493111, 47.88721068 ], [ -95.42459593, 47.87213546 ], [ -95.45598296, 47.84834118 ], [ -95.46346543, 47.84296201 ], [ -95.50233493, 47.81488149 ], [ -95.50954449, 47.80947169 ], [ -95.5412044, 47.78765764 ], [ -95.56567244, 47.7706022 ], [ -95.58007389, 47.76132246 ], [ -95.61894339, 47.73655868 ], [ -95.62575353, 47.7317327 ], [ -95.65781289, 47.71149753 ], [ -95.68873289, 47.69286323 ], [ -95.69668236, 47.68799368 ], [ -95.73555185, 47.66292242 ], [ -95.74689176, 47.65399374 ], [ -95.77442135, 47.63126516 ], [ -95.79021361, 47.61512425 ], [ -95.81329082, 47.59167563 ], [ -95.82682124, 47.57625476 ], [ -95.85216032, 47.55340851 ], [ -95.86839971, 47.53738526 ], [ -95.89102981, 47.51916792 ], [ -95.91515626, 47.49851577 ], [ -95.92989931, 47.48750707 ], [ -95.96842211, 47.4596463 ], [ -95.96876878, 47.45941014 ], [ -96.00763828, 47.4395197 ], [ -96.04650777, 47.42867276 ], [ -96.08537724, 47.42700533 ], [ -96.12424674, 47.43588585 ], [ -96.16311624, 47.45667946 ], [ -96.16705155, 47.4596463 ], [ -96.20198574, 47.48916201 ], [ -96.21150046, 47.49851577 ], [ -96.2408552, 47.5353784 ], [ -96.24232825, 47.53738526 ], [ -96.26579447, 47.57625476 ], [ -96.2797247, 47.60516831 ], [ -96.28497391, 47.61512425 ], [ -96.30277667, 47.65399374 ], [ -96.3185942, 47.69219788 ], [ -96.31889336, 47.69286323 ], [ -96.33760217, 47.7317327 ], [ -96.35488957, 47.7706022 ], [ -96.35746367, 47.78054159 ], [ -96.36590705, 47.80947169 ] ], [ [ -96.19175519, 47.7317327 ], [ -96.19040731, 47.7706022 ], [ -96.17045879, 47.80947169 ], [ -96.16311624, 47.81702362 ], [ -96.12424674, 47.84194368 ], [ -96.10951879, 47.84834118 ], [ -96.08537724, 47.85782052 ], [ -96.04650777, 47.86886432 ], [ -96.00763828, 47.8758026 ], [ -95.96876878, 47.87720433 ], [ -95.92989931, 47.86900552 ], [ -95.90059834, 47.84834118 ], [ -95.89102981, 47.83547313 ], [ -95.88089479, 47.80947169 ], [ -95.87549824, 47.7706022 ], [ -95.87742711, 47.7317327 ], [ -95.88684436, 47.69286323 ], [ -95.89102981, 47.68785342 ], [ -95.91728484, 47.65399374 ], [ -95.92989931, 47.6356688 ], [ -95.94341923, 47.61512425 ], [ -95.96876878, 47.58122172 ], [ -95.9753583, 47.57625476 ], [ -96.00763828, 47.55867488 ], [ -96.04650777, 47.55479685 ], [ -96.08537724, 47.56467235 ], [ -96.10542968, 47.57625476 ], [ -96.12424674, 47.59200296 ], [ -96.14252103, 47.61512425 ], [ -96.15890588, 47.65399374 ], [ -96.16311624, 47.66345219 ], [ -96.1742812, 47.69286323 ], [ -96.19175519, 47.7317327 ] ] ] } },
{ "type": "Feature", "properties": { "Lower": 30.0 }, "geometry": { "type": "Polygon", "coordinates": [ [ [ -113.03247455, 43.38807681 ], [ -113.03247455, 43.38812233 ], [ -113.00336293, 43.41721942 ], [ -113.00335147, 43.45608891 ], [ -113.00334073, 43.4949584 ], [ -113.00333078, 43.53382789 ], [ -112.99360505, 43.56985904 ], [ -112.95473555, 43.56293155 ], [ -112.91586608, 43.55498826 ], [ -112.87699659, 43.54593547 ], [ -112.83812709, 43.53558496 ], [ -112.83215748, 43.53382789 ], [ -112.79925759, 43.52496329 ], [ -112.76038812, 43.51316325 ], [ -112.72151863, 43.49976828 ], [ -112.70895948, 43.4949584 ], [ -112.68264913, 43.48569119 ], [ -112.64377966, 43.47039004 ], [ -112.61161332, 43.45608891 ], [ -112.60491016, 43.45335943 ], [ -112.56604067, 43.43609018 ], [ -112.52827403, 43.41721942 ], [ -112.52717117, 43.41672634 ], [ -112.4883017, 43.39810812 ], [ -112.45053336, 43.37834992 ], [ -112.4494322, 43.37786635 ], [ -112.4105627, 43.3602557 ], [ -112.37169324, 43.3425842 ], [ -112.36469303, 43.33948043 ], [ -112.33282374, 43.33003014 ], [ -112.29395424, 43.32102496 ], [ -112.25508474, 43.31260512 ], [ -112.21621527, 43.30439604 ], [ -112.19559521, 43.30061094 ], [ -112.17734578, 43.29729877 ], [ -112.13847628, 43.29179452 ], [ -112.09960681, 43.28933738 ], [ -112.06073731, 43.29245124 ], [ -112.03430551, 43.30061094 ], [ -112.02186782, 43.30399688 ], [ -111.98299832, 43.32306314 ], [ -111.96152915, 43.33948043 ], [ -111.94412885, 43.35126357 ], [ -111.915684, 43.37834992 ], [ -111.90525935, 43.38721789 ], [ -111.87837431, 43.41721942 ], [ -111.86638986, 43.42929752 ], [ -111.84512527, 43.45608891 ], [ -111.82752039, 43.47646578 ], [ -111.81427567, 43.4949584 ], [ -111.78865089, 43.52970934 ], [ -111.78601683, 43.53382789 ], [ -111.7600787, 43.57269736 ], [ -111.74978139, 43.58390241 ], [ -111.72638069, 43.61156686 ], [ -111.7109119, 43.62883951 ], [ -111.69136326, 43.65043635 ], [ -111.67204243, 43.67227325 ], [ -111.65502331, 43.68930584 ], [ -111.63317293, 43.71399811 ], [ -111.61623385, 43.72817534 ], [ -111.59430343, 43.75271631 ], [ -111.55543396, 43.76607882 ], [ -111.53044, 43.72817534 ], [ -111.51656447, 43.70702031 ], [ -111.49859992, 43.68930584 ], [ -111.47769497, 43.65926929 ], [ -111.47038931, 43.65043635 ], [ -111.44807393, 43.61156686 ], [ -111.43882547, 43.57423509 ], [ -111.43837587, 43.57269736 ], [ -111.43882547, 43.56788658 ], [ -111.44147748, 43.53382789 ], [ -111.45000924, 43.4949584 ], [ -111.46234316, 43.45608891 ], [ -111.47769497, 43.41832729 ], [ -111.4780813, 43.41721942 ], [ -111.49356042, 43.37834992 ], [ -111.51192851, 43.33948043 ], [ -111.51656447, 43.33067954 ], [ -111.53051497, 43.30061094 ], [ -111.5507717, 43.26174147 ], [ -111.55543396, 43.25354956 ], [ -111.57094044, 43.22287197 ], [ -111.59269943, 43.18400248 ], [ -111.59430343, 43.18132913 ], [ -111.61373328, 43.14513299 ], [ -111.63317293, 43.11215448 ], [ -111.63628613, 43.1062635 ], [ -111.65826215, 43.067394 ], [ -111.67204243, 43.04485042 ], [ -111.68106968, 43.02852453 ], [ -111.70410206, 42.98965504 ], [ -111.7109119, 42.97881113 ], [ -111.72695643, 42.95078555 ], [ -111.74978139, 42.9137353 ], [ -111.75080939, 42.91191606 ], [ -111.77368743, 42.87304656 ], [ -111.78865089, 42.84917357 ], [ -111.79732914, 42.83417707 ], [ -111.82094101, 42.7953076 ], [ -111.82752039, 42.78489978 ], [ -111.84421851, 42.75643811 ], [ -111.86638986, 42.72058293 ], [ -111.86812699, 42.71756861 ], [ -111.89097352, 42.67869912 ], [ -111.90525935, 42.65541491 ], [ -111.91414154, 42.63982963 ], [ -111.9368376, 42.60096014 ], [ -111.94412885, 42.58876522 ], [ -111.95917833, 42.56209064 ], [ -111.98158677, 42.52322117 ], [ -111.98299832, 42.52083647 ], [ -112.00711679, 42.48435168 ], [ -112.02186782, 42.46125927 ], [ -112.03511111, 42.44548219 ], [ -112.06073731, 42.41437094 ], [ -112.06732042, 42.40661269 ], [ -112.09960681, 42.36977589 ], [ -112.10124173, 42.3677432 ], [ -112.13302577, 42.32887371 ], [ -112.13847628, 42.32232484 ], [ -112.16413885, 42.29000424 ], [ -112.17734578, 42.27357773 ], [ -112.19514079, 42.25113475 ], [ -112.21621527, 42.22477432 ], [ -112.22630886, 42.21226525 ], [ -112.25508474, 42.17674902 ], [ -112.25787379, 42.17339576 ], [ -112.29020447, 42.13452627 ], [ -112.29395424, 42.13002968 ], [ -112.32378925, 42.09565677 ], [ -112.33282374, 42.08530903 ], [ -112.35906544, 42.05678731 ], [ -112.37169324, 42.04318735 ], [ -112.39671422, 42.01791781 ], [ -112.4105627, 42.00413707 ], [ -112.437807, 41.97904832 ], [ -112.4494322, 41.96855684 ], [ -112.48406722, 41.94017883 ], [ -112.4883017, 41.93680902 ], [ -112.52717117, 41.90910445 ], [ -112.53977046, 41.90130933 ], [ -112.56604067, 41.88575978 ], [ -112.60491016, 41.86703233 ], [ -112.6173694, 41.86243984 ], [ -112.64377966, 41.85317932 ], [ -112.68264913, 41.84082665 ], [ -112.72151863, 41.82845541 ], [ -112.73124436, 41.86243984 ], [ -112.73125398, 41.90130933 ], [ -112.76038812, 41.93043048 ], [ -112.77013649, 41.94017883 ], [ -112.77014608, 41.97904832 ], [ -112.77015553, 42.01791781 ], [ -112.77011005, 42.01791781 ], [ -112.76038812, 41.99926641 ], [ -112.72151863, 42.01356638 ], [ -112.70975858, 42.01791781 ], [ -112.68264913, 42.02831712 ], [ -112.64377966, 42.04695844 ], [ -112.6268171, 42.05678731 ], [ -112.60491016, 42.06998066 ], [ -112.567513, 42.09565677 ], [ -112.56604067, 42.09669538 ], [ -112.52717117, 42.12679241 ], [ -112.51796996, 42.13452627 ], [ -112.4883017, 42.15981472 ], [ -112.47344188, 42.17339576 ], [ -112.4494322, 42.19551991 ], [ -112.43234175, 42.21226525 ], [ -112.4105627, 42.23368452 ], [ -112.39376815, 42.25113475 ], [ -112.37169324, 42.27410589 ], [ -112.35716069, 42.29000424 ], [ -112.33282374, 42.31664863 ], [ -112.32216989, 42.32887371 ], [ -112.29395424, 42.36127492 ], [ -112.2885484, 42.3677432 ], [ -112.25615719, 42.40661269 ], [ -112.25508474, 42.40790658 ], [ -112.22505151, 42.44548219 ], [ -112.21621527, 42.45665582 ], [ -112.1948932, 42.48435168 ], [ -112.17734578, 42.50760682 ], [ -112.16568734, 42.52322117 ], [ -112.13847628, 42.56093002 ], [ -112.1376264, 42.56209064 ], [ -112.11036772, 42.60096014 ], [ -112.09960681, 42.61732473 ], [ -112.08406863, 42.63982963 ], [ -112.06073731, 42.67682167 ], [ -112.05940638, 42.67869912 ], [ -112.03386704, 42.71756861 ], [ -112.02186782, 42.73657834 ], [ -112.00649797, 42.75643811 ], [ -111.98299832, 42.78631216 ], [ -111.97702921, 42.7953076 ], [ -111.94810697, 42.83417707 ], [ -111.94412885, 42.838955 ], [ -111.92440141, 42.87304656 ], [ -111.90525935, 42.90085446 ], [ -111.89930068, 42.91191606 ], [ -111.87841911, 42.95078555 ], [ -111.86638986, 42.97082053 ], [ -111.85641213, 42.98965504 ], [ -111.83619234, 43.02852453 ], [ -111.82752039, 43.04478538 ], [ -111.8160304, 43.067394 ], [ -111.79695323, 43.1062635 ], [ -111.78865089, 43.12324287 ], [ -111.77807336, 43.14513299 ], [ -111.76023629, 43.18400248 ], [ -111.74978139, 43.20750858 ], [ -111.74275869, 43.22287197 ], [ -111.72589955, 43.26174147 ], [ -111.7109119, 43.2989981 ], [ -111.71021635, 43.30061094 ], [ -111.69384356, 43.33948043 ], [ -111.67905614, 43.37834992 ], [ -111.67204243, 43.39761162 ], [ -111.6641853, 43.41721942 ], [ -111.64934185, 43.45608891 ], [ -111.63634165, 43.4949584 ], [ -111.63317293, 43.50459024 ], [ -111.62206927, 43.53382789 ], [ -111.60940029, 43.57269736 ], [ -111.60750726, 43.61156686 ], [ -111.60822884, 43.65043635 ], [ -111.63317293, 43.68437432 ], [ -111.66702905, 43.65043635 ], [ -111.67204243, 43.64755929 ], [ -111.70235624, 43.61156686 ], [ -111.7109119, 43.60215586 ], [ -111.73383581, 43.57269736 ], [ -111.74978139, 43.54346527 ], [ -111.75524834, 43.53382789 ], [ -111.77559164, 43.4949584 ], [ -111.78865089, 43.47221826 ], [ -111.79839575, 43.45608891 ], [ -111.82168761, 43.41721942 ], [ -111.82752039, 43.40711584 ], [ -111.84544156, 43.37834992 ], [ -111.86638986, 43.34662893 ], [ -111.87189912, 43.33948043 ], [ -111.90047652, 43.30061094 ], [ -111.90525935, 43.29386556 ], [ -111.93439087, 43.26174147 ], [ -111.94412885, 43.25078698 ], [ -111.98107907, 43.22287197 ], [ -111.98299832, 43.22132297 ], [ -112.02186782, 43.20119608 ], [ -112.06073731, 43.19293161 ], [ -112.09960681, 43.19195669 ], [ -112.13847628, 43.19637058 ], [ -112.17734578, 43.20461582 ], [ -112.21621527, 43.21431901 ], [ -112.2485653, 43.22287197 ], [ -112.25508474, 43.22441025 ], [ -112.29395424, 43.23438833 ], [ -112.33282374, 43.24462391 ], [ -112.37169324, 43.25199595 ], [ -112.4105627, 43.25774235 ], [ -112.43761472, 43.26174147 ], [ -112.4494322, 43.2637285 ], [ -112.4883017, 43.27121428 ], [ -112.52717117, 43.28013979 ], [ -112.56604067, 43.28995115 ], [ -112.60491016, 43.30019075 ], [ -112.60651702, 43.30061094 ], [ -112.64377966, 43.31241781 ], [ -112.68264913, 43.32424706 ], [ -112.72151863, 43.33545596 ], [ -112.73638974, 43.33948043 ], [ -112.76038812, 43.34675921 ], [ -112.79925759, 43.35758543 ], [ -112.83812709, 43.36753364 ], [ -112.87699659, 43.37668009 ], [ -112.88470486, 43.37834992 ], [ -112.91586608, 43.38560649 ], [ -112.95473555, 43.39386329 ], [ -112.99360505, 43.40135071 ], [ -113.03247455, 43.38807681 ] ] ] } },
{ "type": "Feature", "properties": { "Lower": 30.0 }, "geometry": { "type": "Polygon", "coordinates": [ [ [ -110.51345583, 48.04268862 ], [ -110.51328883, 48.08155812 ], [ -110.51140753, 48.12042761 ], [ -110.50741352, 48.1592971 ], [ -110.50595774, 48.16818418 ], [ -110.50121795, 48.19816659 ], [ -110.49250364, 48.23703606 ], [ -110.48108525, 48.27590556 ], [ -110.46708824, 48.31260848 ], [ -110.46631241, 48.31477505 ], [ -110.44916841, 48.35364454 ], [ -110.42883487, 48.39251404 ], [ -110.42821877, 48.39340955 ], [ -110.40406613, 48.43138353 ], [ -110.38934927, 48.45085896 ], [ -110.37609944, 48.470253 ], [ -110.35047978, 48.50038616 ], [ -110.34388996, 48.50912249 ], [ -110.31161031, 48.54044395 ], [ -110.30485777, 48.54799198 ], [ -110.27274081, 48.56864349 ], [ -110.2485962, 48.58686148 ], [ -110.23387131, 48.59578604 ], [ -110.19947368, 48.62573097 ], [ -110.20135388, 48.66460046 ], [ -110.2031855, 48.70346996 ], [ -110.20496828, 48.74233942 ], [ -110.20673575, 48.78120892 ], [ -110.20858433, 48.82007841 ], [ -110.21063574, 48.8589479 ], [ -110.21289674, 48.8978174 ], [ -110.2153495, 48.93668689 ], [ -110.2179122, 48.97555636 ], [ -110.22050767, 49.01442585 ], [ -110.22308059, 49.05329534 ], [ -110.22559098, 49.09216484 ], [ -110.22799439, 49.13103433 ], [ -110.23023664, 49.16990382 ], [ -110.19500182, 49.17963192 ], [ -110.16587099, 49.20877329 ], [ -110.15613235, 49.21851195 ], [ -110.11726285, 49.21851949 ], [ -110.07839335, 49.21852391 ], [ -110.03952388, 49.21852559 ], [ -110.00065439, 49.2185263 ], [ -109.96178489, 49.21852665 ], [ -109.92291539, 49.21852684 ], [ -109.88404592, 49.21852694 ], [ -109.84517643, 49.21852698 ], [ -109.80630693, 49.21852698 ], [ -109.76743746, 49.21852698 ], [ -109.72856796, 49.21852698 ], [ -109.68969847, 49.21852696 ], [ -109.65082897, 49.21852694 ], [ -109.6119595, 49.21852689 ], [ -109.57309, 49.21852684 ], [ -109.53422051, 49.21852682 ], [ -109.49535104, 49.21852677 ], [ -109.45648154, 49.2185267 ], [ -109.41761204, 49.21852665 ], [ -109.37874255, 49.21852658 ], [ -109.33987308, 49.21852651 ], [ -109.30100358, 49.21852644 ], [ -109.26213408, 49.21852635 ], [ -109.22326461, 49.21852625 ], [ -109.18439512, 49.21852616 ], [ -109.14552562, 49.21852606 ], [ -109.10665612, 49.21852594 ], [ -109.06778665, 49.21852583 ], [ -109.02891715, 49.21852571 ], [ -108.99004766, 49.21852557 ], [ -108.95117819, 49.21852542 ], [ -108.91230869, 49.21852528 ], [ -108.87343919, 49.21852514 ], [ -108.8345697, 49.21852497 ], [ -108.80545175, 49.24764279 ], [ -108.79570023, 49.25739433 ], [ -108.75683073, 49.25739414 ], [ -108.71796123, 49.25739397 ], [ -108.67909176, 49.25739378 ], [ -108.64022227, 49.25739357 ], [ -108.60135277, 49.25739338 ], [ -108.56248327, 49.25739317 ], [ -108.5236138, 49.25739293 ], [ -108.48474431, 49.25739272 ], [ -108.44587481, 49.25739248 ], [ -108.40700534, 49.25739225 ], [ -108.36813584, 49.25739201 ], [ -108.32926635, 49.25739175 ], [ -108.29039685, 49.25739149 ], [ -108.25152738, 49.25739123 ], [ -108.21265788, 49.25739097 ], [ -108.17378839, 49.25739071 ], [ -108.13491889, 49.25739043 ], [ -108.09604942, 49.25739017 ], [ -108.05717992, 49.25738988 ], [ -108.01831043, 49.2573896 ], [ -107.97944096, 49.25738932 ], [ -107.94057146, 49.25738903 ], [ -107.90170196, 49.25738875 ], [ -107.86283247, 49.25738849 ], [ -107.823963, 49.2573882 ], [ -107.7850935, 49.25738792 ], [ -107.746224, 49.25738764 ], [ -107.70735453, 49.25738735 ], [ -107.66848504, 49.25738709 ], [ -107.62961554, 49.25738681 ], [ -107.59074604, 49.25738655 ], [ -107.55187657, 49.25738629 ], [ -107.51300707, 49.25738603 ], [ -107.47413758, 49.25738579 ], [ -107.44501094, 49.28651228 ], [ -107.43526811, 49.29625512 ], [ -107.39639861, 49.29625486 ], [ -107.35752911, 49.29625465 ], [ -107.31865962, 49.29625441 ], [ -107.27979015, 49.29625418 ], [ -107.24092065, 49.29625396 ], [ -107.20205115, 49.29625375 ], [ -107.16318168, 49.29625356 ], [ -107.12431219, 49.29625337 ], [ -107.08544269, 49.29625316 ], [ -107.04657319, 49.29625299 ], [ -107.00770372, 49.29625281 ], [ -106.96883423, 49.29625264 ], [ -106.92996473, 49.29625247 ], [ -106.89109526, 49.29625231 ], [ -106.85222576, 49.29625217 ], [ -106.81335627, 49.29625203 ], [ -106.77448677, 49.29625188 ], [ -106.7356173, 49.29625177 ], [ -106.6967478, 49.29625162 ], [ -106.65787831, 49.29625151 ], [ -106.61900884, 49.29625141 ], [ -106.58013934, 49.29625129 ], [ -106.54126984, 49.29625117 ], [ -106.50240035, 49.29625108 ], [ -106.46353088, 49.29625099 ], [ -106.42466138, 49.29625089 ], [ -106.38579188, 49.29625082 ], [ -106.34692241, 49.29625075 ], [ -106.30805292, 49.29625065 ], [ -106.26918342, 49.29625058 ], [ -106.23031392, 49.29625051 ], [ -106.19144445, 49.29625044 ], [ -106.15257496, 49.2962504 ], [ -106.11370546, 49.29625032 ], [ -106.08457403, 49.32538177 ], [ -106.07483599, 49.33511984 ], [ -106.03596649, 49.33511977 ], [ -105.997097, 49.33511975 ], [ -105.9582275, 49.3351197 ], [ -105.91935803, 49.33511965 ], [ -105.88048853, 49.33511963 ], [ -105.84161903, 49.3351196 ], [ -105.80274957, 49.33511956 ], [ -105.76388007, 49.33511956 ], [ -105.72501057, 49.33511953 ], [ -105.68614107, 49.33511953 ], [ -105.6472716, 49.33511951 ], [ -105.60840211, 49.33511953 ], [ -105.56953261, 49.33511953 ], [ -105.53066314, 49.33511953 ], [ -105.49179364, 49.33511956 ], [ -105.45292415, 49.33511958 ], [ -105.41405465, 49.33511963 ], [ -105.37518518, 49.33511968 ], [ -105.33631568, 49.33511975 ], [ -105.29744619, 49.33511982 ], [ -105.25857669, 49.33511991 ], [ -105.21970722, 49.33512005 ], [ -105.18083772, 49.33512022 ], [ -105.14196823, 49.33512038 ], [ -105.10309876, 49.33512055 ], [ -105.06422926, 49.33512076 ], [ -105.02535976, 49.335121 ], [ -104.98649027, 49.33512126 ], [ -104.9476208, 49.33512152 ], [ -104.9087513, 49.33512183 ], [ -104.8698818, 49.33512216 ], [ -104.83101233, 49.33512251 ], [ -104.79214284, 49.33512289 ], [ -104.75327334, 49.33512329 ], [ -104.72414599, 49.36425126 ], [ -104.71440384, 49.3739934 ], [ -104.67553437, 49.37399387 ], [ -104.63666488, 49.37399439 ], [ -104.59779538, 49.37399496 ], [ -104.55892591, 49.37399555 ], [ -104.52005641, 49.37399619 ], [ -104.48118692, 49.37399685 ], [ -104.44231742, 49.37399756 ], [ -104.40344795, 49.37399829 ], [ -104.36457845, 49.37399907 ], [ -104.32570895, 49.37399987 ], [ -104.28683949, 49.37400075 ], [ -104.24796999, 49.37400162 ], [ -104.20910049, 49.37400252 ], [ -104.17023099, 49.37400347 ], [ -104.13136152, 49.37400443 ], [ -104.09249203, 49.37400543 ], [ -104.05362253, 49.37400644 ], [ -104.01475306, 49.37400746 ], [ -103.97588356, 49.3740085 ], [ -103.93701407, 49.37400954 ], [ -103.89814457, 49.37401058 ], [ -103.8592751, 49.37401164 ], [ -103.8204056, 49.37401266 ], [ -103.78153611, 49.37401368 ], [ -103.74266664, 49.37401467 ], [ -103.74266664, 49.37396915 ], [ -103.76314758, 49.36425126 ], [ -103.74266664, 49.32848661 ], [ -103.74094661, 49.32538177 ], [ -103.72112276, 49.28651228 ], [ -103.70379714, 49.25655392 ], [ -103.69854881, 49.24764279 ], [ -103.67511731, 49.20877329 ], [ -103.66492764, 49.19254875 ], [ -103.65044031, 49.16990382 ], [ -103.62605815, 49.13566004 ], [ -103.62289496, 49.13103433 ], [ -103.59758502, 49.09216484 ], [ -103.58718868, 49.07784711 ], [ -103.56924745, 49.05329534 ], [ -103.54831918, 49.02585963 ], [ -103.53959706, 49.01442585 ], [ -103.50944968, 48.97923315 ], [ -103.50646533, 48.97555636 ], [ -103.475151, 48.93668689 ], [ -103.47058021, 48.93165581 ], [ -103.44062195, 48.8978174 ], [ -103.43171072, 48.88849004 ], [ -103.40452498, 48.8589479 ], [ -103.39284122, 48.84726413 ], [ -103.36692734, 48.82007841 ], [ -103.35397172, 48.80770183 ], [ -103.32805792, 48.78120892 ], [ -103.31510225, 48.76923466 ], [ -103.28765246, 48.74233942 ], [ -103.27623276, 48.73226948 ], [ -103.24486647, 48.70346996 ], [ -103.23736326, 48.69747922 ], [ -103.19849379, 48.66694818 ], [ -103.19505647, 48.66460046 ], [ -103.15962429, 48.64707799 ], [ -103.1207548, 48.64386501 ], [ -103.0818853, 48.64274851 ], [ -103.04301583, 48.63217822 ], [ -103.0148942, 48.62573097 ], [ -103.00414633, 48.62353467 ], [ -102.96527684, 48.61691221 ], [ -102.92640737, 48.61120457 ], [ -102.88753787, 48.60599534 ], [ -102.84866837, 48.60109469 ], [ -102.80979888, 48.59619607 ], [ -102.77092941, 48.59124833 ], [ -102.73768204, 48.58686148 ], [ -102.73205991, 48.58622659 ], [ -102.69319041, 48.58144745 ], [ -102.65432091, 48.57601716 ], [ -102.61545145, 48.56977753 ], [ -102.57658195, 48.56284395 ], [ -102.53771245, 48.55527311 ], [ -102.50253003, 48.54799198 ], [ -102.49884298, 48.54729234 ], [ -102.45997348, 48.5398265 ], [ -102.42110399, 48.53244444 ], [ -102.38223449, 48.52540666 ], [ -102.34336502, 48.51910807 ], [ -102.30449552, 48.51389527 ], [ -102.26562603, 48.51041867 ], [ -102.22675656, 48.50960646 ], [ -102.18788706, 48.51225448 ], [ -102.14901756, 48.51905605 ], [ -102.11014807, 48.53056803 ], [ -102.0712786, 48.54340571 ], [ -102.05684276, 48.54799198 ], [ -102.0324091, 48.5553748 ], [ -101.9935396, 48.56499773 ], [ -101.95467013, 48.57156966 ], [ -101.91580064, 48.57463952 ], [ -101.87693114, 48.57408857 ], [ -101.83806164, 48.56981815 ], [ -101.79919217, 48.56148989 ], [ -101.76032268, 48.54992877 ], [ -101.75445485, 48.54799198 ], [ -101.72145318, 48.53694183 ], [ -101.68258371, 48.52249918 ], [ -101.65272796, 48.50912249 ], [ -101.64371421, 48.50462997 ], [ -101.60484472, 48.4830929 ], [ -101.58264385, 48.470253 ], [ -101.56597522, 48.46210919 ], [ -101.52710575, 48.45208162 ], [ -101.48823625, 48.45452601 ], [ -101.44936676, 48.46620896 ], [ -101.43909494, 48.470253 ], [ -101.41049729, 48.48327705 ], [ -101.37162779, 48.4997486 ], [ -101.34889556, 48.50912249 ], [ -101.33275829, 48.51661125 ], [ -101.2938888, 48.53253141 ], [ -101.25501933, 48.54602941 ], [ -101.24929369, 48.54799198 ], [ -101.21614983, 48.56360551 ], [ -101.17728033, 48.58459577 ], [ -101.17345992, 48.58686148 ], [ -101.13841086, 48.62145289 ], [ -101.13427178, 48.62573097 ], [ -101.10908388, 48.66460046 ], [ -101.09954137, 48.68525077 ], [ -101.09127158, 48.70346996 ], [ -101.07788585, 48.74233942 ], [ -101.06712725, 48.78120892 ], [ -101.06067187, 48.80871893 ], [ -101.05806283, 48.82007841 ], [ -101.0505871, 48.8589479 ], [ -101.04462057, 48.8978174 ], [ -101.04048135, 48.93668689 ], [ -101.03800524, 48.97555636 ], [ -101.03700191, 49.01442585 ], [ -101.03729923, 49.05329534 ], [ -101.03839877, 49.09216484 ], [ -101.03959954, 49.13103433 ], [ -101.0408794, 49.16990382 ], [ -101.04196081, 49.20877329 ], [ -101.04283091, 49.24764279 ], [ -101.04338691, 49.28651228 ], [ -101.04358084, 49.32538177 ], [ -101.04335633, 49.36425126 ], [ -101.04266868, 49.40312076 ], [ -101.06067187, 49.41283928 ], [ -101.06067187, 49.4128848 ], [ -101.02180237, 49.41288229 ], [ -100.9829329, 49.41287958 ], [ -100.9440634, 49.41287662 ], [ -100.90519391, 49.41287348 ], [ -100.86632444, 49.41287017 ], [ -100.82745494, 49.41286686 ], [ -100.78858544, 49.41286377 ], [ -100.74971595, 49.41286088 ], [ -100.71084648, 49.41285831 ], [ -100.67197698, 49.41285606 ], [ -100.63310748, 49.41285415 ], [ -100.59423801, 49.41285259 ], [ -100.55536852, 49.41285145 ], [ -100.51649902, 49.4128507 ], [ -100.47762952, 49.41285018 ], [ -100.43876005, 49.41284987 ], [ -100.39989056, 49.41284968 ], [ -100.36102106, 49.41284963 ], [ -100.32215159, 49.4128497 ], [ -100.28328209, 49.41284987 ], [ -100.2444126, 49.41285018 ], [ -100.2055431, 49.41285063 ], [ -100.16667363, 49.41285124 ], [ -100.12780413, 49.412852 ], [ -100.08893464, 49.41285289 ], [ -100.05006517, 49.41285391 ], [ -100.01119567, 49.41285507 ], [ -99.97232617, 49.41285632 ], [ -99.93345668, 49.4128576 ], [ -99.89458721, 49.41285885 ], [ -99.85571771, 49.41286006 ], [ -99.81684821, 49.41286121 ], [ -99.77797872, 49.4128623 ], [ -99.73910925, 49.41286334 ], [ -99.70023975, 49.41286436 ], [ -99.66137025, 49.4128653 ], [ -99.62250078, 49.4128662 ], [ -99.58363129, 49.4128671 ], [ -99.54476179, 49.41286795 ], [ -99.50589229, 49.4128688 ], [ -99.46702282, 49.41286965 ], [ -99.42815332, 49.4128705 ], [ -99.38928383, 49.41287135 ], [ -99.35041436, 49.41287223 ], [ -99.31154486, 49.41287315 ], [ -99.27267536, 49.41287409 ], [ -99.23380587, 49.41287511 ], [ -99.1949364, 49.41287617 ], [ -99.1560669, 49.41287728 ], [ -99.1171974, 49.41287849 ], [ -99.07832793, 49.41287979 ], [ -99.03945844, 49.41288118 ], [ -99.00058894, 49.41288267 ], [ -98.96171944, 49.41288426 ], [ -98.96171944, 49.41283874 ], [ -98.97694704, 49.40312076 ], [ -98.97448173, 49.36425126 ], [ -98.97168901, 49.32538177 ], [ -98.96845978, 49.28651228 ], [ -98.96486213, 49.24764279 ], [ -98.96171944, 49.22365423 ], [ -98.95995565, 49.20877329 ], [ -98.95712273, 49.16990382 ], [ -98.95316763, 49.13103433 ], [ -98.94922968, 49.09216484 ], [ -98.94541853, 49.05329534 ], [ -98.94148724, 49.01442585 ], [ -98.93751471, 48.97555636 ], [ -98.93392204, 48.93668689 ], [ -98.93041978, 48.8978174 ], [ -98.92658911, 48.8589479 ], [ -98.92284997, 48.83084464 ], [ -98.92148374, 48.82007841 ], [ -98.91767415, 48.78120892 ], [ -98.91269506, 48.74233942 ], [ -98.90751756, 48.70346996 ], [ -98.90251427, 48.66460046 ], [ -98.89821803, 48.62573097 ], [ -98.89582268, 48.58686148 ], [ -98.89729808, 48.54799198 ], [ -98.90390557, 48.50912249 ], [ -98.91503598, 48.470253 ], [ -98.92284997, 48.44831831 ], [ -98.92913882, 48.43138353 ], [ -98.94390342, 48.39251404 ], [ -98.95678638, 48.35364454 ], [ -98.96171944, 48.33251726 ], [ -98.96574963, 48.31477505 ], [ -98.9694022, 48.27590556 ], [ -98.96653557, 48.23703606 ], [ -98.96171944, 48.21887756 ], [ -98.95652025, 48.19816659 ], [ -98.938885, 48.1592971 ], [ -98.92284997, 48.13540364 ], [ -98.91330743, 48.12042761 ], [ -98.88398048, 48.08720221 ], [ -98.87923014, 48.08155812 ], [ -98.84511098, 48.05192705 ], [ -98.8348784, 48.04268862 ], [ -98.80624151, 48.02496657 ], [ -98.76911945, 48.00381913 ], [ -98.76737201, 48.00302987 ], [ -98.72850252, 47.9869919 ], [ -98.68963302, 47.97360531 ], [ -98.65076355, 47.96581568 ], [ -98.61189405, 47.96896395 ], [ -98.57302456, 47.99522023 ], [ -98.56740456, 48.00381913 ], [ -98.54188777, 48.04268862 ], [ -98.53415509, 48.05237917 ], [ -98.51574184, 48.08155812 ], [ -98.49739968, 48.12042761 ], [ -98.49528559, 48.12518117 ], [ -98.48226089, 48.1592971 ], [ -98.46725304, 48.19816659 ], [ -98.45641609, 48.22485185 ], [ -98.4522724, 48.23703606 ], [ -98.43960296, 48.27590556 ], [ -98.42412109, 48.31477505 ], [ -98.4175466, 48.33035045 ], [ -98.40964774, 48.35364454 ], [ -98.39511221, 48.39251404 ], [ -98.37867713, 48.43052881 ], [ -98.37838846, 48.43138353 ], [ -98.3662955, 48.470253 ], [ -98.35369401, 48.50912249 ], [ -98.34137727, 48.54799198 ], [ -98.33980763, 48.55377385 ], [ -98.3336932, 48.58686148 ], [ -98.32732261, 48.62573097 ], [ -98.32032262, 48.66460046 ], [ -98.31142391, 48.70346996 ], [ -98.30093813, 48.7321616 ], [ -98.29721075, 48.74233942 ], [ -98.26385323, 48.78120892 ], [ -98.26206866, 48.78227711 ], [ -98.22319917, 48.7996209 ], [ -98.18432967, 48.80831212 ], [ -98.14546017, 48.81236044 ], [ -98.1065907, 48.81425826 ], [ -98.06772121, 48.81508826 ], [ -98.02885171, 48.81513893 ], [ -97.98998224, 48.81430878 ], [ -97.95111274, 48.81306632 ], [ -97.92063421, 48.82007841 ], [ -97.91224325, 48.82351909 ], [ -97.88596715, 48.8589479 ], [ -97.87976371, 48.8978174 ], [ -97.87337375, 48.93148922 ], [ -97.87215464, 48.93668689 ], [ -97.86924672, 48.97555636 ], [ -97.86551191, 49.01442585 ], [ -97.85965546, 49.05329534 ], [ -97.85162323, 49.09216484 ], [ -97.84163821, 49.13103433 ], [ -97.83450428, 49.15571731 ], [ -97.83033787, 49.16990382 ], [ -97.8182423, 49.20877329 ], [ -97.80512211, 49.24764279 ], [ -97.79563478, 49.2742976 ], [ -97.79144344, 49.28651228 ], [ -97.77793689, 49.32538177 ], [ -97.76382671, 49.36425126 ], [ -97.75676528, 49.38340283 ], [ -97.75008392, 49.40312076 ], [ -97.75676528, 49.41283874 ], [ -97.75676528, 49.41288426 ], [ -97.71789582, 49.41288066 ], [ -97.70813588, 49.40312076 ], [ -97.67902632, 49.37400557 ], [ -97.64015682, 49.37400072 ], [ -97.60128732, 49.37399527 ], [ -97.56241785, 49.37398971 ], [ -97.52354836, 49.37398461 ], [ -97.48467886, 49.37398012 ], [ -97.44580939, 49.37397631 ], [ -97.40693989, 49.37397324 ], [ -97.3680704, 49.37397088 ], [ -97.3292009, 49.3739692 ], [ -97.31948298, 49.36425126 ], [ -97.3292009, 49.33833906 ], [ -97.33641646, 49.32538177 ], [ -97.36361725, 49.28651228 ], [ -97.3680704, 49.28144882 ], [ -97.39026961, 49.24764279 ], [ -97.40693989, 49.22795343 ], [ -97.41962666, 49.20877329 ], [ -97.44580939, 49.17745195 ], [ -97.45089963, 49.16990382 ], [ -97.48344386, 49.13103433 ], [ -97.48467886, 49.12983285 ], [ -97.51675817, 49.09216484 ], [ -97.52354836, 49.08561448 ], [ -97.55224101, 49.05329534 ], [ -97.56241785, 49.0437041 ], [ -97.59002187, 49.01442585 ], [ -97.60128732, 49.00439578 ], [ -97.63113992, 48.97555636 ], [ -97.64015682, 48.96825602 ], [ -97.6777275, 48.93668689 ], [ -97.67902632, 48.9357784 ], [ -97.71789582, 48.90757532 ], [ -97.73026226, 48.8978174 ], [ -97.75676528, 48.88126327 ], [ -97.78401907, 48.8589479 ], [ -97.79563478, 48.84798625 ], [ -97.80946545, 48.82007841 ], [ -97.83450428, 48.79221486 ], [ -97.84769273, 48.78120892 ], [ -97.87337375, 48.76205865 ], [ -97.91224325, 48.74787875 ], [ -97.94105642, 48.74233942 ], [ -97.95111274, 48.74014804 ], [ -97.98998224, 48.73982378 ], [ -98.01169111, 48.74233942 ], [ -98.02885171, 48.74396797 ], [ -98.06772121, 48.74608948 ], [ -98.09774195, 48.74233942 ], [ -98.1065907, 48.74008123 ], [ -98.14546017, 48.70891721 ], [ -98.15005708, 48.70346996 ], [ -98.16665775, 48.66460046 ], [ -98.17983374, 48.62573097 ], [ -98.18432967, 48.6127566 ], [ -98.19250946, 48.58686148 ], [ -98.2054517, 48.54799198 ], [ -98.22025866, 48.50912249 ], [ -98.22319917, 48.50258535 ], [ -98.23643588, 48.470253 ], [ -98.2537179, 48.43138353 ], [ -98.26206866, 48.41415379 ], [ -98.27191028, 48.39251404 ], [ -98.29026735, 48.35364454 ], [ -98.30093813, 48.3323464 ], [ -98.30933093, 48.31477505 ], [ -98.32828612, 48.27590556 ], [ -98.33980763, 48.25358036 ], [ -98.34795415, 48.23703606 ], [ -98.36746486, 48.19816659 ], [ -98.37867713, 48.17722355 ], [ -98.38773527, 48.1592971 ], [ -98.40796528, 48.12042761 ], [ -98.4175466, 48.10355049 ], [ -98.4291057, 48.08155812 ], [ -98.4535108, 48.04268862 ], [ -98.45641609, 48.03502503 ], [ -98.4682361, 48.00381913 ], [ -98.47834813, 47.96494966 ], [ -98.48800179, 47.92608017 ], [ -98.49528559, 47.89581977 ], [ -98.49800046, 47.88721068 ], [ -98.50893053, 47.84834118 ], [ -98.52229806, 47.80947169 ], [ -98.53415509, 47.78345566 ], [ -98.56474318, 47.7706022 ], [ -98.57302456, 47.76841781 ], [ -98.61189405, 47.76851782 ], [ -98.62734841, 47.7706022 ], [ -98.65076355, 47.77278614 ], [ -98.68963302, 47.78297684 ], [ -98.72850252, 47.79535161 ], [ -98.76737201, 47.80880929 ], [ -98.76919253, 47.80947169 ], [ -98.80624151, 47.82273908 ], [ -98.84511098, 47.83711582 ], [ -98.87472572, 47.84834118 ], [ -98.88398048, 47.85191652 ], [ -98.92284997, 47.86713564 ], [ -98.96171944, 47.88277173 ], [ -98.97161984, 47.88721068 ], [ -99.00058894, 47.90136337 ], [ -99.03945844, 47.92038538 ], [ -99.052064, 47.92608017 ], [ -99.07832793, 47.9386543 ], [ -99.1171974, 47.95567188 ], [ -99.14075674, 47.96494966 ], [ -99.1560669, 47.97159651 ], [ -99.1949364, 47.98643774 ], [ -99.23380587, 47.99958924 ], [ -99.24849234, 48.00381913 ], [ -99.27267536, 48.01182214 ], [ -99.31154486, 48.02279738 ], [ -99.35041436, 48.0325462 ], [ -99.38928383, 48.04154157 ], [ -99.39496729, 48.04268862 ], [ -99.42815332, 48.05023094 ], [ -99.46702282, 48.05735956 ], [ -99.50589229, 48.0650682 ], [ -99.54476179, 48.07525207 ], [ -99.56312735, 48.08155812 ], [ -99.58363129, 48.08900713 ], [ -99.62250078, 48.10698961 ], [ -99.64531413, 48.12042761 ], [ -99.66137025, 48.12994117 ], [ -99.70023975, 48.158385 ], [ -99.70124936, 48.1592971 ], [ -99.73910925, 48.19256334 ], [ -99.74450144, 48.19816659 ], [ -99.77797872, 48.23108584 ], [ -99.78340634, 48.23703606 ], [ -99.81684821, 48.27164726 ], [ -99.82074538, 48.27590556 ], [ -99.85571771, 48.31221412 ], [ -99.8581648, 48.31477505 ], [ -99.89458721, 48.35154767 ], [ -99.89672171, 48.35364454 ], [ -99.93345668, 48.38905095 ], [ -99.9372607, 48.39251404 ], [ -99.97232617, 48.42438685 ], [ -99.98068809, 48.43138353 ], [ -100.01119567, 48.45735881 ], [ -100.02794205, 48.470253 ], [ -100.05006517, 48.48790746 ], [ -100.08000408, 48.50912249 ], [ -100.08893464, 48.51579314 ], [ -100.12780413, 48.54061727 ], [ -100.14276058, 48.54799198 ], [ -100.16667363, 48.56112342 ], [ -100.2055431, 48.57716989 ], [ -100.23926462, 48.58686148 ], [ -100.2444126, 48.58856194 ], [ -100.28328209, 48.59595246 ], [ -100.32215159, 48.59892365 ], [ -100.36102106, 48.59844112 ], [ -100.39989056, 48.59459139 ], [ -100.43876005, 48.58789956 ], [ -100.44247869, 48.58686148 ], [ -100.47762952, 48.57813994 ], [ -100.51649902, 48.56657351 ], [ -100.55536852, 48.55232021 ], [ -100.56529177, 48.54799198 ], [ -100.59423801, 48.53724208 ], [ -100.63310748, 48.52171678 ], [ -100.66251133, 48.50912249 ], [ -100.67197698, 48.50570708 ], [ -100.71084648, 48.49065736 ], [ -100.74971595, 48.47525757 ], [ -100.76172695, 48.470253 ], [ -100.78858544, 48.46084208 ], [ -100.82745494, 48.4471 ], [ -100.86632444, 48.43366935 ], [ -100.87289537, 48.43138353 ], [ -100.90519391, 48.42170222 ], [ -100.9440634, 48.41052271 ], [ -100.9829329, 48.4000269 ], [ -101.01303087, 48.39251404 ], [ -101.02180237, 48.39053197 ], [ -101.06067187, 48.38231768 ], [ -101.09954137, 48.37504542 ], [ -101.13841086, 48.36879234 ], [ -101.17728033, 48.3635582 ], [ -101.21614983, 48.35936369 ], [ -101.25501933, 48.35602312 ], [ -101.28298816, 48.35364454 ], [ -101.2938888, 48.35272878 ], [ -101.33275829, 48.34735833 ], [ -101.37162779, 48.33470094 ], [ -101.41049729, 48.32089647 ], [ -101.43350971, 48.31477505 ], [ -101.44936676, 48.31053386 ], [ -101.48823625, 48.29829574 ], [ -101.52710575, 48.28067576 ], [ -101.53598985, 48.27590556 ], [ -101.56597522, 48.25318787 ], [ -101.58473421, 48.23703606 ], [ -101.60484472, 48.21412995 ], [ -101.61857597, 48.19816659 ], [ -101.64371421, 48.1657029 ], [ -101.6493606, 48.1592971 ], [ -101.68258371, 48.12513649 ], [ -101.68903202, 48.12042761 ], [ -101.72145318, 48.09784798 ], [ -101.75697732, 48.08155812 ], [ -101.76032268, 48.07996223 ], [ -101.79919217, 48.06695248 ], [ -101.83806164, 48.05529298 ], [ -101.87693114, 48.04380595 ], [ -101.88150037, 48.04268862 ], [ -101.91580064, 48.03386991 ], [ -101.95467013, 48.0246049 ], [ -101.9935396, 48.01486127 ], [ -102.0324091, 48.00456455 ], [ -102.03489798, 48.00381913 ], [ -102.0712786, 47.98822165 ], [ -102.11014807, 47.96815607 ], [ -102.11641236, 47.96494966 ], [ -102.14901756, 47.93697621 ], [ -102.16147025, 47.92608017 ], [ -102.18006123, 47.88721068 ], [ -102.17856785, 47.84834118 ], [ -102.16403128, 47.80947169 ], [ -102.14901756, 47.78654173 ], [ -102.14150317, 47.7706022 ], [ -102.11482611, 47.7317327 ], [ -102.11014807, 47.72678481 ], [ -102.08603207, 47.69286323 ], [ -102.0712786, 47.67569551 ], [ -102.05674465, 47.65399374 ], [ -102.0324091, 47.62175907 ], [ -102.02835628, 47.61512425 ], [ -102.00141794, 47.57625476 ], [ -101.9935396, 47.56586969 ], [ -101.97532281, 47.53738526 ], [ -101.95467013, 47.50680624 ], [ -101.94973549, 47.49851577 ], [ -101.92567032, 47.4596463 ], [ -101.91580064, 47.44372576 ], [ -101.90232719, 47.42077681 ], [ -101.87996846, 47.38190731 ], [ -101.87693114, 47.37645548 ], [ -101.85863915, 47.34303782 ], [ -101.83868309, 47.30416833 ], [ -101.83806164, 47.3028687 ], [ -101.81984931, 47.26529884 ], [ -101.80277873, 47.22642937 ], [ -101.79919217, 47.2172296 ], [ -101.78708115, 47.18755987 ], [ -101.77370375, 47.14869038 ], [ -101.76510069, 47.10982089 ], [ -101.76124185, 47.07095139 ], [ -101.76175317, 47.0320819 ], [ -101.76629795, 46.99321241 ], [ -101.77392837, 46.95434294 ], [ -101.78343699, 46.91547345 ], [ -101.79202147, 46.87660395 ], [ -101.79919217, 46.84014778 ], [ -101.7996318, 46.83773446 ], [ -101.80466244, 46.79886497 ], [ -101.80842578, 46.75999548 ], [ -101.81016737, 46.72112601 ], [ -101.80948608, 46.68225651 ], [ -101.80567915, 46.64338702 ], [ -101.79919217, 46.61020685 ], [ -101.7978004, 46.60451753 ], [ -101.78384855, 46.56564803 ], [ -101.76384719, 46.52677854 ], [ -101.76032268, 46.52135374 ], [ -101.72823128, 46.48790907 ], [ -101.72145318, 46.48235169 ], [ -101.68258371, 46.46364933 ], [ -101.64371421, 46.4561155 ], [ -101.60484472, 46.45610858 ], [ -101.56597522, 46.46116937 ], [ -101.52710575, 46.46952963 ], [ -101.48823625, 46.48075353 ], [ -101.46780839, 46.48790907 ], [ -101.44936676, 46.4944897 ], [ -101.41049729, 46.51033022 ], [ -101.37327194, 46.52677854 ], [ -101.37162779, 46.52752441 ], [ -101.33275829, 46.54728417 ], [ -101.29924772, 46.56564803 ], [ -101.2938888, 46.56868601 ], [ -101.25501933, 46.59245852 ], [ -101.23571987, 46.60451753 ], [ -101.21614983, 46.61714169 ], [ -101.17728033, 46.64272412 ], [ -101.17632391, 46.64338702 ], [ -101.13841086, 46.67053221 ], [ -101.12261855, 46.68225651 ], [ -101.09954137, 46.6997827 ], [ -101.0721686, 46.72112601 ], [ -101.06067187, 46.730365 ], [ -101.02562295, 46.75999548 ], [ -101.02180237, 46.76334675 ], [ -100.98343613, 46.79886497 ], [ -100.9829329, 46.79934284 ], [ -100.9440634, 46.83655139 ], [ -100.94287181, 46.83773446 ], [ -100.90519391, 46.87552096 ], [ -100.9041062, 46.87660395 ], [ -100.86632444, 46.91460573 ], [ -100.86543469, 46.91547345 ], [ -100.82745494, 46.95235231 ], [ -100.82529871, 46.95434294 ], [ -100.78858544, 46.98732797 ], [ -100.78153805, 46.99321241 ], [ -100.74971595, 47.01849923 ], [ -100.73058721, 47.0320819 ], [ -100.71084648, 47.04502224 ], [ -100.67197698, 47.0688375 ], [ -100.6688338, 47.07095139 ], [ -100.63310748, 47.09839259 ], [ -100.62131565, 47.10982089 ], [ -100.59423801, 47.14801049 ], [ -100.59379718, 47.14869038 ], [ -100.55893318, 47.18755987 ], [ -100.55536852, 47.19037386 ], [ -100.51649902, 47.22140528 ], [ -100.5100916, 47.22642937 ], [ -100.47762952, 47.24785548 ], [ -100.45112902, 47.26529884 ], [ -100.43876005, 47.27259596 ], [ -100.39989056, 47.29520999 ], [ -100.38395427, 47.30416833 ], [ -100.36102106, 47.31631048 ], [ -100.32215159, 47.3360759 ], [ -100.30696981, 47.34303782 ], [ -100.28328209, 47.35377699 ], [ -100.2444126, 47.3688269 ], [ -100.2055431, 47.38155117 ], [ -100.20423729, 47.38190731 ], [ -100.16667363, 47.3923796 ], [ -100.12780413, 47.40103657 ], [ -100.08893464, 47.40751372 ], [ -100.05006517, 47.4112813 ], [ -100.01119567, 47.41146309 ], [ -99.97232617, 47.40660435 ], [ -99.93345668, 47.39492319 ], [ -99.90664485, 47.38190731 ], [ -99.89458721, 47.3759443 ], [ -99.85571771, 47.35094155 ], [ -99.84574938, 47.34303782 ], [ -99.81684821, 47.31939581 ], [ -99.80101265, 47.30416833 ], [ -99.77797872, 47.2812141 ], [ -99.76311766, 47.26529884 ], [ -99.73910925, 47.23954282 ], [ -99.72732347, 47.22642937 ], [ -99.70023975, 47.19695858 ], [ -99.69164247, 47.18755987 ], [ -99.66137025, 47.15565537 ], [ -99.65459349, 47.14869038 ], [ -99.62250078, 47.11724745 ], [ -99.61448757, 47.10982089 ], [ -99.58363129, 47.08266187 ], [ -99.56891703, 47.07095139 ], [ -99.54476179, 47.05277588 ], [ -99.51259621, 47.0320819 ], [ -99.50589229, 47.02797566 ], [ -99.46702282, 47.00786226 ], [ -99.43057791, 46.99321241 ], [ -99.42815332, 46.99225434 ], [ -99.38928383, 46.98003577 ], [ -99.35041436, 46.97134734 ], [ -99.31154486, 46.96565223 ], [ -99.27267536, 46.96249422 ], [ -99.23380587, 46.96145549 ], [ -99.1949364, 46.96223178 ], [ -99.1560669, 46.96446114 ], [ -99.1171974, 46.96797491 ], [ -99.07832793, 46.97276341 ], [ -99.03945844, 46.97904293 ], [ -99.00058894, 46.98690372 ], [ -98.97596404, 46.99321241 ], [ -98.96171944, 46.99667317 ], [ -98.92284997, 47.00868485 ], [ -98.88398048, 47.02176259 ], [ -98.8548762, 47.0320819 ], [ -98.84511098, 47.03540886 ], [ -98.80624151, 47.05004012 ], [ -98.76737201, 47.0705171 ], [ -98.76682513, 47.07095139 ], [ -98.72850252, 47.10606781 ], [ -98.7255545, 47.10982089 ], [ -98.69786408, 47.14869038 ], [ -98.68963302, 47.16209657 ], [ -98.6757354, 47.18755987 ], [ -98.65776937, 47.22642937 ], [ -98.65076355, 47.24419571 ], [ -98.64286535, 47.26529884 ], [ -98.63027269, 47.30416833 ], [ -98.61916505, 47.34303782 ], [ -98.61189405, 47.37122848 ], [ -98.60916633, 47.38190731 ], [ -98.60001247, 47.42077681 ], [ -98.59128109, 47.4596463 ], [ -98.5826501, 47.49851577 ], [ -98.57388312, 47.53738526 ], [ -98.57302456, 47.54128798 ], [ -98.56454963, 47.57625476 ], [ -98.55428974, 47.61512425 ], [ -98.54269167, 47.65399374 ], [ -98.53415509, 47.68240796 ], [ -98.52866646, 47.69286323 ], [ -98.49528559, 47.73064551 ], [ -98.48830827, 47.7317327 ], [ -98.45641609, 47.73511522 ], [ -98.4175466, 47.73394857 ], [ -98.37867713, 47.73196088 ], [ -98.37480629, 47.7317327 ], [ -98.33980763, 47.72996961 ], [ -98.30093813, 47.7281231 ], [ -98.26206866, 47.72655276 ], [ -98.22319917, 47.72467517 ], [ -98.18432967, 47.72260013 ], [ -98.14546017, 47.72157979 ], [ -98.1065907, 47.71985167 ], [ -98.06772121, 47.71666642 ], [ -98.02885171, 47.71274968 ], [ -97.98998224, 47.70763196 ], [ -97.95111274, 47.70077251 ], [ -97.91763388, 47.69286323 ], [ -97.91224325, 47.69159428 ], [ -97.87337375, 47.68087623 ], [ -97.83450428, 47.6665216 ], [ -97.80656611, 47.65399374 ], [ -97.79563478, 47.64946906 ], [ -97.75676528, 47.63278323 ], [ -97.72086213, 47.61512425 ], [ -97.71789582, 47.61350182 ], [ -97.67902632, 47.59631989 ], [ -97.64015682, 47.58654087 ], [ -97.60128732, 47.58142745 ], [ -97.5909225, 47.57625476 ], [ -97.56241785, 47.55935595 ], [ -97.55049923, 47.53738526 ], [ -97.53515709, 47.49851577 ], [ -97.52532952, 47.4596463 ], [ -97.52354836, 47.44807427 ], [ -97.5204168, 47.42077681 ], [ -97.51826742, 47.38190731 ], [ -97.51740425, 47.34303782 ], [ -97.51678812, 47.30416833 ], [ -97.51841279, 47.26529884 ], [ -97.51763304, 47.22642937 ], [ -97.50701359, 47.18755987 ], [ -97.48467886, 47.16095594 ], [ -97.47659936, 47.14869038 ], [ -97.44580939, 47.12508158 ], [ -97.43044722, 47.10982089 ], [ -97.40693989, 47.09577969 ], [ -97.37309441, 47.07095139 ], [ -97.3680704, 47.06802995 ], [ -97.3292009, 47.04458022 ], [ -97.30986524, 47.0320819 ], [ -97.29033143, 47.01946864 ], [ -97.25514643, 46.99321241 ], [ -97.25146193, 46.98977332 ], [ -97.21769885, 46.95434294 ], [ -97.21259244, 46.94809295 ], [ -97.18131234, 46.91547345 ], [ -97.17372294, 46.9066009 ], [ -97.14339098, 46.87660395 ], [ -97.13485347, 46.86714851 ], [ -97.10261763, 46.83773446 ], [ -97.09598397, 46.83086811 ], [ -97.05746704, 46.79886497 ], [ -97.05711448, 46.79852962 ], [ -97.01824501, 46.77159769 ], [ -96.99520329, 46.75999548 ], [ -96.97937551, 46.75063794 ], [ -96.94050601, 46.73730938 ], [ -96.90163652, 46.73332735 ], [ -96.86276705, 46.7395555 ], [ -96.82389755, 46.75579149 ], [ -96.81721969, 46.75999548 ], [ -96.78502805, 46.77876193 ], [ -96.75718346, 46.79886497 ], [ -96.74615858, 46.80654069 ], [ -96.70728909, 46.83509937 ], [ -96.70370642, 46.83773446 ], [ -96.66841959, 46.8617639 ], [ -96.64388566, 46.87660395 ], [ -96.62955009, 46.88472832 ], [ -96.59068062, 46.902789 ], [ -96.55181113, 46.91508859 ], [ -96.54983951, 46.91547345 ], [ -96.51294163, 46.92228865 ], [ -96.47407216, 46.92316231 ], [ -96.43520266, 46.91847701 ], [ -96.42506186, 46.91547345 ], [ -96.39633317, 46.9082109 ], [ -96.35746367, 46.8931958 ], [ -96.3185942, 46.87684607 ], [ -96.31828087, 46.87660395 ], [ -96.28132391, 46.83773446 ], [ -96.2797247, 46.8353832 ], [ -96.2591723, 46.79886497 ], [ -96.2408552, 46.76047914 ], [ -96.24056035, 46.75999548 ], [ -96.21829462, 46.72112601 ], [ -96.20198574, 46.69311832 ], [ -96.18720278, 46.68225651 ], [ -96.16311624, 46.66399304 ], [ -96.12424674, 46.66629795 ], [ -96.10145211, 46.68225651 ], [ -96.08537724, 46.69300389 ], [ -96.05473056, 46.72112601 ], [ -96.04650777, 46.72817832 ], [ -96.01016851, 46.75999548 ], [ -96.00763828, 46.76216616 ], [ -95.96876878, 46.79488502 ], [ -95.96378333, 46.79886497 ], [ -95.92989931, 46.82647414 ], [ -95.91511058, 46.83773446 ], [ -95.89102981, 46.85692963 ], [ -95.86442148, 46.87660395 ], [ -95.85216032, 46.88629937 ], [ -95.81329082, 46.91447667 ], [ -95.81179637, 46.91547345 ], [ -95.77442135, 46.9424244 ], [ -95.7560594, 46.95434294 ], [ -95.73555185, 46.96892606 ], [ -95.69757997, 46.99321241 ], [ -95.69668236, 46.99384203 ], [ -95.65781289, 47.01787386 ], [ -95.63175969, 47.0320819 ], [ -95.61894339, 47.03984884 ], [ -95.58007389, 47.06043118 ], [ -95.55699255, 47.07095139 ], [ -95.5412044, 47.0789548 ], [ -95.50233493, 47.09577603 ], [ -95.46346543, 47.1092944 ], [ -95.46179135, 47.10982089 ], [ -95.42459593, 47.1227595 ], [ -95.38572646, 47.13292511 ], [ -95.34685697, 47.14097723 ], [ -95.30798747, 47.14755892 ], [ -95.30003879, 47.14869038 ], [ -95.26911797, 47.15373089 ], [ -95.2302485, 47.15899689 ], [ -95.22052992, 47.14869038 ], [ -95.19137901, 47.11954542 ], [ -95.18165448, 47.10982089 ], [ -95.18164831, 47.07095139 ], [ -95.18164146, 47.0320819 ], [ -95.18163396, 46.99321241 ], [ -95.18162595, 46.95434294 ], [ -95.18161751, 46.91547345 ], [ -95.18160883, 46.87660395 ], [ -95.18165434, 46.87660395 ], [ -95.19137901, 46.90923067 ], [ -95.2302485, 46.90305248 ], [ -95.26911797, 46.89534644 ], [ -95.30798747, 46.88646869 ], [ -95.34540272, 46.87660395 ], [ -95.34685697, 46.87622857 ], [ -95.38572646, 46.86569007 ], [ -95.42459593, 46.85391569 ], [ -95.46346543, 46.84110925 ], [ -95.47296092, 46.83773446 ], [ -95.50233493, 46.82753489 ], [ -95.5412044, 46.8130145 ], [ -95.57629853, 46.79886497 ], [ -95.58007389, 46.79737202 ], [ -95.61894339, 46.78095934 ], [ -95.65781289, 46.76327408 ], [ -95.66451999, 46.75999548 ], [ -95.69668236, 46.74449725 ], [ -95.73555185, 46.72429997 ], [ -95.74121792, 46.72112601 ], [ -95.77442135, 46.70261918 ], [ -95.8081507, 46.68225651 ], [ -95.81329082, 46.67912663 ], [ -95.85216032, 46.65344415 ], [ -95.86608405, 46.64338702 ], [ -95.89102981, 46.62479968 ], [ -95.91559742, 46.60451753 ], [ -95.92989931, 46.59193461 ], [ -95.9564196, 46.56564803 ], [ -95.96876878, 46.5517734 ], [ -95.98805358, 46.52677854 ], [ -96.00763828, 46.49366544 ], [ -96.01056325, 46.48790907 ], [ -96.02409142, 46.44903958 ], [ -96.03072574, 46.41017009 ], [ -96.03104117, 46.37130059 ], [ -96.02446415, 46.3324311 ], [ -96.01066592, 46.29356161 ], [ -96.00763828, 46.28808302 ], [ -95.99326335, 46.25469211 ], [ -95.97158041, 46.21582265 ], [ -95.96876878, 46.21177109 ], [ -95.94867222, 46.17695315 ], [ -95.92989931, 46.14844509 ], [ -95.9239219, 46.13808366 ], [ -95.90016611, 46.09921417 ], [ -95.89102981, 46.08387308 ], [ -95.87857614, 46.06034467 ], [ -95.86219699, 46.02147518 ], [ -95.87482766, 45.98260571 ], [ -95.89102981, 45.96620775 ], [ -95.9149101, 45.94373622 ], [ -95.92989931, 45.92979969 ], [ -95.9613743, 45.90486673 ], [ -95.96876878, 45.89778246 ], [ -96.00763828, 45.86847079 ], [ -96.01168216, 45.86599723 ], [ -96.04650777, 45.84153654 ], [ -96.07162733, 45.82712774 ], [ -96.08537724, 45.8184866 ], [ -96.12424674, 45.79786395 ], [ -96.14515465, 45.78825825 ], [ -96.16311624, 45.77953425 ], [ -96.20198574, 45.76300924 ], [ -96.23775469, 45.74938878 ], [ -96.2408552, 45.7481678 ], [ -96.2797247, 45.73433948 ], [ -96.3185942, 45.72255854 ], [ -96.35746367, 45.71212456 ], [ -96.36951391, 45.71051928 ], [ -96.39633317, 45.70705533 ], [ -96.43520266, 45.70878633 ], [ -96.44131271, 45.71051928 ], [ -96.47005439, 45.74938878 ], [ -96.45944094, 45.78825825 ], [ -96.44236813, 45.82712774 ], [ -96.43520266, 45.84017982 ], [ -96.42239407, 45.86599723 ], [ -96.40183396, 45.90486673 ], [ -96.39633317, 45.91437 ], [ -96.37942401, 45.94373622 ], [ -96.35746367, 45.9815317 ], [ -96.35681394, 45.98260571 ], [ -96.33121843, 46.02147518 ], [ -96.3185942, 46.04305158 ], [ -96.30675693, 46.06034467 ], [ -96.28086299, 46.09921417 ], [ -96.2797247, 46.10140553 ], [ -96.26158179, 46.13808366 ], [ -96.25268625, 46.17695315 ], [ -96.24760878, 46.21582265 ], [ -96.24149517, 46.25469211 ], [ -96.2408552, 46.25955134 ], [ -96.23428049, 46.29356161 ], [ -96.23277401, 46.3324311 ], [ -96.23601565, 46.37130059 ], [ -96.2408552, 46.39625937 ], [ -96.24316465, 46.41017009 ], [ -96.25436795, 46.44903958 ], [ -96.27085992, 46.48790907 ], [ -96.2797247, 46.50546756 ], [ -96.29080066, 46.52677854 ], [ -96.31269214, 46.56564803 ], [ -96.3185942, 46.57679633 ], [ -96.33815325, 46.60451753 ], [ -96.35746367, 46.63935907 ], [ -96.36238133, 46.64338702 ], [ -96.39200023, 46.68225651 ], [ -96.39633317, 46.69575697 ], [ -96.41478694, 46.68225651 ], [ -96.43520266, 46.67263694 ], [ -96.44730478, 46.64338702 ], [ -96.46797625, 46.60451753 ], [ -96.47407216, 46.59763998 ], [ -96.49266531, 46.56564803 ], [ -96.51225762, 46.52677854 ], [ -96.51294163, 46.52587336 ], [ -96.53788605, 46.48790907 ], [ -96.55181113, 46.46597126 ], [ -96.56309113, 46.44903958 ], [ -96.58611082, 46.41017009 ], [ -96.59068062, 46.40256319 ], [ -96.61313324, 46.37130059 ], [ -96.62955009, 46.36085593 ], [ -96.66841959, 46.35637166 ], [ -96.70728909, 46.37011324 ], [ -96.74615858, 46.36827101 ], [ -96.78502805, 46.36953741 ], [ -96.81049678, 46.37130059 ], [ -96.82389755, 46.37360475 ], [ -96.86276705, 46.37748086 ], [ -96.90163652, 46.38245979 ], [ -96.94050601, 46.38936125 ], [ -96.97937551, 46.39931712 ], [ -97.01009793, 46.41017009 ], [ -97.01824501, 46.41500069 ], [ -97.05711448, 46.44826185 ], [ -97.05778179, 46.44903958 ], [ -97.07898475, 46.48790907 ], [ -97.09077494, 46.52677854 ], [ -97.09598397, 46.54884314 ], [ -97.09980932, 46.56564803 ], [ -97.10970092, 46.60451753 ], [ -97.12177783, 46.64338702 ], [ -97.13485347, 46.67653394 ], [ -97.13685942, 46.68225651 ], [ -97.15518657, 46.72112601 ], [ -97.17372294, 46.75586342 ], [ -97.17566926, 46.75999548 ], [ -97.19839802, 46.79886497 ], [ -97.21259244, 46.82023515 ], [ -97.22293542, 46.83773446 ], [ -97.24810304, 46.87660395 ], [ -97.25146193, 46.88119228 ], [ -97.27457452, 46.91547345 ], [ -97.29033143, 46.93465746 ], [ -97.31128787, 46.95434294 ], [ -97.3292009, 46.96793786 ], [ -97.36539036, 46.99321241 ], [ -97.3680704, 46.99488071 ], [ -97.40693989, 47.01558256 ], [ -97.44222568, 47.0320819 ], [ -97.44580939, 47.03371232 ], [ -97.48467886, 47.03746249 ], [ -97.49565918, 47.0320819 ], [ -97.52316666, 46.99321241 ], [ -97.52354836, 46.992361 ], [ -97.53917067, 46.95434294 ], [ -97.55501631, 46.91547345 ], [ -97.56241785, 46.89792654 ], [ -97.57242121, 46.87660395 ], [ -97.59266629, 46.83773446 ], [ -97.60128732, 46.82412506 ], [ -97.62497598, 46.79886497 ], [ -97.64015682, 46.78615821 ], [ -97.67902632, 46.76741466 ], [ -97.71416339, 46.75999548 ], [ -97.71789582, 46.7593007 ], [ -97.75676528, 46.7584088 ], [ -97.77081611, 46.75999548 ], [ -97.79563478, 46.76270772 ], [ -97.83450428, 46.77113905 ], [ -97.87337375, 46.78280904 ], [ -97.91224325, 46.79709602 ], [ -97.9163572, 46.79886497 ], [ -97.95111274, 46.81556304 ], [ -97.98998224, 46.83698975 ], [ -97.99121447, 46.83773446 ], [ -98.02885171, 46.86593937 ], [ -98.04168075, 46.87660395 ], [ -98.06772121, 46.90650318 ], [ -98.07487796, 46.91547345 ], [ -98.09447406, 46.95434294 ], [ -98.10380615, 46.99321241 ], [ -98.1056131, 47.0320819 ], [ -98.10184656, 47.07095139 ], [ -98.09372237, 47.10982089 ], [ -98.08139127, 47.14869038 ], [ -98.06772121, 47.17822446 ], [ -98.06382708, 47.18755987 ], [ -98.03914191, 47.22642937 ], [ -98.02885171, 47.23665722 ], [ -97.99799731, 47.26529884 ], [ -97.98998224, 47.27153845 ], [ -97.95111274, 47.29874116 ], [ -97.94252259, 47.30416833 ], [ -97.91224325, 47.33784878 ], [ -97.90720616, 47.34303782 ], [ -97.89454713, 47.38190731 ], [ -97.89874168, 47.42077681 ], [ -97.91224325, 47.44989864 ], [ -97.91746664, 47.4596463 ], [ -97.95111274, 47.49747083 ], [ -97.95226208, 47.49851577 ], [ -97.98998224, 47.52457459 ], [ -98.01420492, 47.53738526 ], [ -98.02885171, 47.54389785 ], [ -98.06772121, 47.55669482 ], [ -98.1065907, 47.56484253 ], [ -98.14546017, 47.5681005 ], [ -98.18432967, 47.56881995 ], [ -98.22319917, 47.56848077 ], [ -98.26206866, 47.56619278 ], [ -98.30093813, 47.56021613 ], [ -98.33980763, 47.54909843 ], [ -98.36386669, 47.53738526 ], [ -98.37867713, 47.52749722 ], [ -98.40494478, 47.49851577 ], [ -98.4175466, 47.47862003 ], [ -98.4267386, 47.4596463 ], [ -98.44198461, 47.42077681 ], [ -98.4553591, 47.38190731 ], [ -98.45641609, 47.37866097 ], [ -98.46667473, 47.34303782 ], [ -98.47824356, 47.30416833 ], [ -98.49093432, 47.26529884 ], [ -98.49528559, 47.25329744 ], [ -98.50423141, 47.22642937 ], [ -98.5190028, 47.18755987 ], [ -98.53415509, 47.15331869 ], [ -98.53610733, 47.14869038 ], [ -98.55358962, 47.10982089 ], [ -98.57302456, 47.07253183 ], [ -98.57383966, 47.07095139 ], [ -98.5939477, 47.0320819 ], [ -98.61189405, 47.00137276 ], [ -98.61671424, 46.99321241 ], [ -98.64068613, 46.95434294 ], [ -98.65076355, 46.93930277 ], [ -98.66759414, 46.91547345 ], [ -98.68963302, 46.88715208 ], [ -98.70327716, 46.87660395 ], [ -98.72850252, 46.85772664 ], [ -98.76658404, 46.83773446 ], [ -98.76737201, 46.83729073 ], [ -98.80624151, 46.818082 ], [ -98.84511098, 46.79962927 ], [ -98.84667547, 46.79886497 ], [ -98.88398048, 46.77715231 ], [ -98.91313183, 46.75999548 ], [ -98.92284997, 46.7526254 ], [ -98.96171944, 46.72383887 ], [ -98.96546639, 46.72112601 ], [ -99.00058894, 46.69123153 ], [ -99.01155148, 46.68225651 ], [ -99.03945844, 46.6558281 ], [ -99.05300593, 46.64338702 ], [ -99.07832793, 46.61588351 ], [ -99.08902368, 46.60451753 ], [ -99.1171974, 46.56692136 ], [ -99.11816591, 46.56564803 ], [ -99.13954202, 46.52677854 ], [ -99.15227, 46.48790907 ], [ -99.1560669, 46.45767351 ], [ -99.1571562, 46.44903958 ], [ -99.1560669, 46.43039236 ], [ -99.15498193, 46.41017009 ], [ -99.14697259, 46.37130059 ], [ -99.13378843, 46.3324311 ], [ -99.1171974, 46.29689908 ], [ -99.11575469, 46.29356161 ], [ -99.09417108, 46.25469211 ], [ -99.07832793, 46.23130858 ], [ -99.06861026, 46.21582265 ], [ -99.03945844, 46.17777389 ], [ -99.03888593, 46.17695315 ], [ -99.00688675, 46.13808366 ], [ -99.00058894, 46.13176632 ], [ -98.97046193, 46.09921417 ], [ -98.96171944, 46.09139084 ], [ -98.92886197, 46.06034467 ], [ -98.92284997, 46.05555975 ], [ -98.88398048, 46.02372877 ], [ -98.88126944, 46.02147518 ], [ -98.84511098, 45.99633645 ], [ -98.82490848, 45.98260571 ], [ -98.80624151, 45.97171891 ], [ -98.76737201, 45.94965603 ], [ -98.7568234, 45.94373622 ], [ -98.72850252, 45.92964561 ], [ -98.68963302, 45.91110735 ], [ -98.6763441, 45.90486673 ], [ -98.65076355, 45.89401721 ], [ -98.61189405, 45.8783733 ], [ -98.57608032, 45.86599723 ], [ -98.57302456, 45.86504682 ], [ -98.53415509, 45.85325701 ], [ -98.49528559, 45.84176306 ], [ -98.45641609, 45.82886207 ], [ -98.4533338, 45.82712774 ], [ -98.4175466, 45.80667241 ], [ -98.3969216, 45.78825825 ], [ -98.37867713, 45.77133644 ], [ -98.3630652, 45.74938878 ], [ -98.33980763, 45.71461333 ], [ -98.33731955, 45.71051928 ], [ -98.31245534, 45.67164979 ], [ -98.30093813, 45.65536413 ], [ -98.28331324, 45.6327803 ], [ -98.26206866, 45.60753172 ], [ -98.24858127, 45.59391081 ], [ -98.22319917, 45.56573693 ], [ -98.21263901, 45.55504131 ], [ -98.18706945, 45.51617182 ], [ -98.18432967, 45.50382062 ], [ -98.17707495, 45.47730235 ], [ -98.18432967, 45.45359356 ], [ -98.18912903, 45.43843286 ], [ -98.22319917, 45.40601014 ], [ -98.23018654, 45.39956337 ], [ -98.26206866, 45.37718258 ], [ -98.29253517, 45.36069387 ], [ -98.30093813, 45.35613606 ], [ -98.33980763, 45.33870724 ], [ -98.37867713, 45.3271275 ], [ -98.40178429, 45.32182438 ], [ -98.4175466, 45.31730818 ], [ -98.45641609, 45.30712856 ], [ -98.49528559, 45.29848284 ], [ -98.53415509, 45.29079204 ], [ -98.56748913, 45.28295489 ], [ -98.57302456, 45.28142841 ], [ -98.61189405, 45.2743721 ], [ -98.65076355, 45.27320271 ], [ -98.68963302, 45.2778711 ], [ -98.72850252, 45.2815883 ], [ -98.76122273, 45.28295489 ], [ -98.76737201, 45.2831689 ], [ -98.77295581, 45.28295489 ], [ -98.80624151, 45.28110688 ], [ -98.84511098, 45.27226641 ], [ -98.88398048, 45.25840638 ], [ -98.91479793, 45.24408542 ], [ -98.92284997, 45.23889044 ], [ -98.96171944, 45.21034832 ], [ -98.9679291, 45.20521592 ], [ -99.00058894, 45.17073525 ], [ -99.00437179, 45.16634643 ], [ -99.03123409, 45.12747694 ], [ -99.03945844, 45.1119635 ], [ -99.05128146, 45.08860745 ], [ -99.06595096, 45.04973795 ], [ -99.07723223, 45.01086848 ], [ -99.07832793, 45.005945 ], [ -99.08590478, 44.97199899 ], [ -99.0926352, 44.9331295 ], [ -99.09817373, 44.89426 ], [ -99.10314784, 44.85539051 ], [ -99.10803409, 44.81652102 ], [ -99.11316722, 44.77765153 ], [ -99.1171974, 44.75010763 ], [ -99.11886751, 44.73878206 ], [ -99.12541271, 44.69991256 ], [ -99.13246931, 44.66104307 ], [ -99.14009093, 44.62217358 ], [ -99.14882977, 44.58330408 ], [ -99.1560669, 44.55575239 ], [ -99.15902944, 44.54443459 ], [ -99.17053913, 44.50556512 ], [ -99.18437756, 44.46669563 ], [ -99.1949364, 44.44218654 ], [ -99.20166575, 44.42782614 ], [ -99.22299673, 44.38895664 ], [ -99.23380587, 44.37086925 ], [ -99.24763224, 44.35008715 ], [ -99.27267536, 44.31373359 ], [ -99.27455811, 44.31121766 ], [ -99.30363263, 44.27234819 ], [ -99.31154486, 44.26143213 ], [ -99.3319049, 44.2334787 ], [ -99.35041436, 44.20480695 ], [ -99.35643112, 44.1946092 ], [ -99.37468631, 44.15573971 ], [ -99.38635648, 44.11687022 ], [ -99.38928383, 44.09723243 ], [ -99.39147848, 44.07800072 ], [ -99.39198971, 44.03913123 ], [ -99.38979613, 44.00026176 ], [ -99.38928383, 43.99564151 ], [ -99.38541521, 43.96139227 ], [ -99.37959654, 43.92252278 ], [ -99.37270365, 43.88365328 ], [ -99.36527832, 43.84478379 ], [ -99.36620361, 43.8059143 ], [ -99.37271809, 43.76704483 ], [ -99.37113403, 43.72817534 ], [ -99.35685329, 43.68930584 ], [ -99.35041436, 43.67587742 ], [ -99.33718874, 43.65043635 ], [ -99.31519297, 43.61156686 ], [ -99.31154486, 43.60515392 ], [ -99.29171987, 43.57269736 ], [ -99.27267536, 43.54135038 ], [ -99.26775656, 43.53382789 ], [ -99.24343432, 43.4949584 ], [ -99.23380587, 43.47888898 ], [ -99.21906679, 43.45608891 ], [ -99.19518563, 43.41721942 ], [ -99.1949364, 43.41678944 ], [ -99.17067774, 43.37834992 ], [ -99.1560669, 43.35380865 ], [ -99.14671451, 43.33948043 ], [ -99.12282274, 43.30061094 ], [ -99.1171974, 43.29084129 ], [ -99.09860982, 43.26174147 ], [ -99.07832793, 43.22820905 ], [ -99.07469219, 43.22287197 ], [ -99.04994586, 43.18400248 ], [ -99.03945844, 43.16658382 ], [ -99.02464575, 43.14513299 ], [ -99.00058894, 43.10844141 ], [ -98.99891687, 43.1062635 ], [ -98.97085735, 43.067394 ], [ -98.96171944, 43.05408386 ], [ -98.94091065, 43.02852453 ], [ -98.92284997, 43.00501778 ], [ -98.90875952, 42.98965504 ], [ -98.88398048, 42.96097765 ], [ -98.8734454, 42.95078555 ], [ -98.84511098, 42.9216899 ], [ -98.83359024, 42.91191606 ], [ -98.80624151, 42.88724643 ], [ -98.78712634, 42.87304656 ], [ -98.76737201, 42.85751618 ], [ -98.73098821, 42.83417707 ], [ -98.72850252, 42.83249156 ], [ -98.68963302, 42.8116025 ], [ -98.65076355, 42.79601183 ], [ -98.64849055, 42.7953076 ], [ -98.61189405, 42.78308059 ], [ -98.57302456, 42.77520319 ], [ -98.53415509, 42.7715549 ], [ -98.49528559, 42.77225799 ], [ -98.45641609, 42.77742373 ], [ -98.4175466, 42.78735779 ], [ -98.39661852, 42.7953076 ], [ -98.37867713, 42.80259617 ], [ -98.33980763, 42.82373538 ], [ -98.32459905, 42.83417707 ], [ -98.30093813, 42.85194724 ], [ -98.2777569, 42.87304656 ], [ -98.26206866, 42.8891684 ], [ -98.24301008, 42.91191606 ], [ -98.22319917, 42.9392086 ], [ -98.21571988, 42.95078555 ], [ -98.19417096, 42.98965504 ], [ -98.18432967, 43.01110162 ], [ -98.17698564, 43.02852453 ], [ -98.16364167, 43.067394 ], [ -98.15358277, 43.1062635 ], [ -98.14661981, 43.14513299 ], [ -98.14546017, 43.15504672 ], [ -98.14221464, 43.18400248 ], [ -98.14029378, 43.22287197 ], [ -98.14021628, 43.26174147 ], [ -98.13964148, 43.30061094 ], [ -98.13649597, 43.33948043 ], [ -98.12642754, 43.37834992 ], [ -98.10945741, 43.41721942 ], [ -98.1065907, 43.42361292 ], [ -98.0903794, 43.45608891 ], [ -98.0684176, 43.4949584 ], [ -98.06772121, 43.49618564 ], [ -98.04486095, 43.53382789 ], [ -98.02885171, 43.56497426 ], [ -98.02451787, 43.57269736 ], [ -98.00444565, 43.61156686 ], [ -97.98998224, 43.64322867 ], [ -97.98630489, 43.65043635 ], [ -97.96788696, 43.68930584 ], [ -97.95197128, 43.72817534 ], [ -97.95111274, 43.73029949 ], [ -97.93412579, 43.76704483 ], [ -97.91857457, 43.8059143 ], [ -97.91224325, 43.8228867 ], [ -97.90291491, 43.84478379 ], [ -97.88773746, 43.88365328 ], [ -97.87401032, 43.92252278 ], [ -97.87337375, 43.92443596 ], [ -97.85922506, 43.96139227 ], [ -97.84590017, 44.00026176 ], [ -97.83450428, 44.03711348 ], [ -97.83378163, 44.03913123 ], [ -97.82090908, 44.07800072 ], [ -97.80946315, 44.11687022 ], [ -97.79916881, 44.15573971 ], [ -97.79563478, 44.17040287 ], [ -97.78885468, 44.1946092 ], [ -97.77889745, 44.2334787 ], [ -97.76993418, 44.27234819 ], [ -97.7615798, 44.31121766 ], [ -97.75676528, 44.33507227 ], [ -97.75322304, 44.35008715 ], [ -97.74391238, 44.38895664 ], [ -97.73346444, 44.42782614 ], [ -97.72164183, 44.46669563 ], [ -97.71789582, 44.47711942 ], [ -97.70570472, 44.50556512 ], [ -97.68519657, 44.54443459 ], [ -97.67902632, 44.55373425 ], [ -97.65327647, 44.58330408 ], [ -97.64015682, 44.59454949 ], [ -97.60128732, 44.61514055 ], [ -97.56900932, 44.62217358 ], [ -97.56241785, 44.62314311 ], [ -97.55228217, 44.62217358 ], [ -97.52354836, 44.61923871 ], [ -97.48467886, 44.6068812 ], [ -97.44580939, 44.5879881 ], [ -97.43844147, 44.58330408 ], [ -97.40693989, 44.5630247 ], [ -97.37515407, 44.54443459 ], [ -97.3680704, 44.53995223 ], [ -97.3292009, 44.52524316 ], [ -97.29033143, 44.52227336 ], [ -97.25146193, 44.50958657 ], [ -97.24399037, 44.50556512 ], [ -97.21259244, 44.48341991 ], [ -97.19311264, 44.46669563 ], [ -97.17372294, 44.43447792 ], [ -97.17010843, 44.42782614 ], [ -97.15494274, 44.38895664 ], [ -97.14069308, 44.35008715 ], [ -97.13485347, 44.33428166 ], [ -97.12639452, 44.31121766 ], [ -97.11092521, 44.27234819 ], [ -97.09598397, 44.23965317 ], [ -97.09314702, 44.2334787 ], [ -97.07337642, 44.1946092 ], [ -97.05711448, 44.16720738 ], [ -97.05020632, 44.15573971 ], [ -97.02431345, 44.11687022 ], [ -97.01824501, 44.10852959 ], [ -96.99550403, 44.07800072 ], [ -96.97937551, 44.058243 ], [ -96.96339351, 44.03913123 ], [ -96.94050601, 44.01406018 ], [ -96.92754843, 44.00026176 ], [ -96.90163652, 43.97453401 ], [ -96.88800969, 43.96139227 ], [ -96.86276705, 43.93843662 ], [ -96.84466688, 43.92252278 ], [ -96.82389755, 43.90524809 ], [ -96.79711642, 43.88365328 ], [ -96.78502805, 43.87432061 ], [ -96.74615858, 43.84614246 ], [ -96.74432954, 43.84478379 ], [ -96.70728909, 43.81759698 ], [ -96.69025369, 43.8059143 ], [ -96.66841959, 43.79137757 ], [ -96.6316716, 43.76704483 ], [ -96.62955009, 43.76569599 ], [ -96.59068062, 43.74208499 ], [ -96.567611, 43.72817534 ], [ -96.55181113, 43.71880969 ], [ -96.51294163, 43.69625991 ], [ -96.50071581, 43.68930584 ], [ -96.47407216, 43.67428866 ], [ -96.43520266, 43.65312915 ], [ -96.43022639, 43.65043635 ], [ -96.39633317, 43.6321749 ], [ -96.35746367, 43.64071615 ], [ -96.35746367, 43.64067063 ], [ -96.38657175, 43.61156686 ], [ -96.38657439, 43.57269736 ], [ -96.39633317, 43.56293859 ], [ -96.42544758, 43.53382789 ], [ -96.43520266, 43.52407281 ], [ -96.46432037, 43.4949584 ], [ -96.4643225, 43.45608891 ], [ -96.47407216, 43.44633926 ], [ -96.50319474, 43.41721942 ], [ -96.5031966, 43.37834992 ], [ -96.51294163, 43.36860488 ], [ -96.54206835, 43.33948043 ], [ -96.54206997, 43.30061094 ], [ -96.55181113, 43.2908698 ], [ -96.58094127, 43.26174147 ], [ -96.59068062, 43.25200212 ], [ -96.61981233, 43.22287197 ], [ -96.61981365, 43.18400248 ], [ -96.62955009, 43.17426602 ], [ -96.65868438, 43.14513299 ], [ -96.65868553, 43.1062635 ], [ -96.66841959, 43.09652944 ], [ -96.69755585, 43.067394 ], [ -96.69755675, 43.02852453 ], [ -96.70728909, 43.01879218 ], [ -96.73642669, 42.98965504 ], [ -96.74615858, 42.97992316 ], [ -96.77529651, 42.95078555 ], [ -96.7752972, 42.91191606 ], [ -96.78502805, 42.90218519 ], [ -96.81416686, 42.87304656 ], [ -96.81416749, 42.83417707 ], [ -96.82389755, 42.82444701 ], [ -96.85303709, 42.7953076 ], [ -96.86276705, 42.78557764 ], [ -96.89190667, 42.75643811 ], [ -96.89190728, 42.71756861 ], [ -96.90163652, 42.70783936 ], [ -96.93077683, 42.67869912 ], [ -96.93077743, 42.63982963 ], [ -96.94050601, 42.63010106 ], [ -96.96964704, 42.60096014 ], [ -96.96964764, 42.56209064 ], [ -96.97937551, 42.55236281 ], [ -97.00851727, 42.52322117 ], [ -97.01824501, 42.51349345 ], [ -97.04738699, 42.48435168 ], [ -97.04738765, 42.44548219 ], [ -97.05711448, 42.43575537 ], [ -97.08625742, 42.40661269 ], [ -97.08625816, 42.3677432 ], [ -97.09598397, 42.3580174 ], [ -97.12512804, 42.32887371 ], [ -97.12512883, 42.29000424 ], [ -97.13485347, 42.28027962 ], [ -97.16399885, 42.25113475 ], [ -97.17372294, 42.24141064 ], [ -97.20286898, 42.21226525 ], [ -97.20286991, 42.17339576 ], [ -97.21259244, 42.16367322 ], [ -97.24174012, 42.13452627 ], [ -97.24174113, 42.09565677 ], [ -97.25146193, 42.08593598 ], [ -97.28061151, 42.05678731 ], [ -97.2806126, 42.01791781 ], [ -97.29033143, 42.008199 ], [ -97.31948312, 41.97904832 ], [ -97.3292009, 41.96933053 ], [ -97.3680704, 41.96080888 ], [ -97.40693989, 41.95523379 ], [ -97.44580939, 41.94881708 ], [ -97.48467886, 41.94276866 ], [ -97.49532785, 41.94017883 ], [ -97.52354836, 41.9334171 ], [ -97.56241785, 41.92455363 ], [ -97.60128732, 41.91540947 ], [ -97.64015682, 41.90646042 ], [ -97.66260151, 41.90130933 ], [ -97.67902632, 41.89771651 ], [ -97.71789582, 41.88959425 ], [ -97.75676528, 41.88185064 ], [ -97.79563478, 41.87468739 ], [ -97.83450428, 41.86817818 ], [ -97.86687803, 41.86243984 ], [ -97.87337375, 41.86136389 ], [ -97.91224325, 41.85741355 ], [ -97.95111274, 41.853307 ], [ -97.98998224, 41.8501087 ], [ -98.02885171, 41.84776706 ], [ -98.06772121, 41.84647537 ], [ -98.1065907, 41.84624462 ], [ -98.14546017, 41.84700108 ], [ -98.18432967, 41.8489486 ], [ -98.22319917, 41.8520825 ], [ -98.26206866, 41.85646319 ], [ -98.30093813, 41.86133031 ], [ -98.30644731, 41.86243984 ], [ -98.33980763, 41.86930373 ], [ -98.37867713, 41.87800237 ], [ -98.4175466, 41.88820959 ], [ -98.45641609, 41.90016748 ], [ -98.4596046, 41.90130933 ], [ -98.49528559, 41.91408763 ], [ -98.53415509, 41.92996342 ], [ -98.5561573, 41.94017883 ], [ -98.57302456, 41.94803165 ], [ -98.61189405, 41.96859066 ], [ -98.62938788, 41.97904832 ], [ -98.65076355, 41.99189739 ], [ -98.68809368, 42.01791781 ], [ -98.68963302, 42.01897719 ], [ -98.72850252, 42.04798003 ], [ -98.73878253, 42.05678731 ], [ -98.76737201, 42.08163016 ], [ -98.78176771, 42.09565677 ], [ -98.80624151, 42.11977782 ], [ -98.8196387, 42.13452627 ], [ -98.84511098, 42.16306116 ], [ -98.85336413, 42.17339576 ], [ -98.88310539, 42.21226525 ], [ -98.88398048, 42.21339246 ], [ -98.9107766, 42.25113475 ], [ -98.92284997, 42.26895024 ], [ -98.93602881, 42.29000424 ], [ -98.95953184, 42.32887371 ], [ -98.96171944, 42.33258165 ], [ -98.98147448, 42.3677432 ], [ -99.00058894, 42.40333144 ], [ -99.00226822, 42.40661269 ], [ -99.02171169, 42.44548219 ], [ -99.03945844, 42.48305659 ], [ -99.04004344, 42.48435168 ], [ -99.05718102, 42.52322117 ], [ -99.07331711, 42.56209064 ], [ -99.07832793, 42.57458163 ], [ -99.08842884, 42.60096014 ], [ -99.10257835, 42.63982963 ], [ -99.11585241, 42.67869912 ], [ -99.1171974, 42.68273929 ], [ -99.128247, 42.71756861 ], [ -99.13987858, 42.75643811 ], [ -99.15078506, 42.7953076 ], [ -99.1560669, 42.81487404 ], [ -99.16104378, 42.83417707 ], [ -99.17074997, 42.87304656 ], [ -99.17994104, 42.91191606 ], [ -99.18881638, 42.95078555 ], [ -99.1949364, 42.97669896 ], [ -99.19792283, 42.98965504 ], [ -99.2076102, 43.02852453 ], [ -99.21769373, 43.067394 ], [ -99.22820845, 43.1062635 ], [ -99.23380587, 43.12540055 ], [ -99.23949687, 43.14513299 ], [ -99.25168895, 43.18400248 ], [ -99.2643665, 43.22287197 ], [ -99.27267536, 43.24638578 ], [ -99.27802509, 43.26174147 ], [ -99.29254382, 43.30061094 ], [ -99.3077234, 43.33948043 ], [ -99.31154486, 43.34846986 ], [ -99.32367077, 43.37834992 ], [ -99.34018419, 43.41721942 ], [ -99.35041436, 43.44010976 ], [ -99.35724187, 43.45608891 ], [ -99.37463268, 43.4949584 ], [ -99.38928383, 43.52702429 ], [ -99.39225108, 43.53382789 ], [ -99.40975079, 43.57269736 ], [ -99.4266746, 43.61156686 ], [ -99.42815332, 43.61505919 ], [ -99.44229179, 43.65043635 ], [ -99.45521978, 43.68930584 ], [ -99.46260102, 43.72817534 ], [ -99.4585887, 43.76704483 ], [ -99.45117381, 43.8059143 ], [ -99.44685614, 43.84478379 ], [ -99.44997043, 43.88365328 ], [ -99.45486661, 43.92252278 ], [ -99.4601356, 43.96139227 ], [ -99.46561483, 44.00026176 ], [ -99.46702282, 44.01037318 ], [ -99.47120372, 44.03913123 ], [ -99.47658257, 44.07800072 ], [ -99.48148165, 44.11687022 ], [ -99.48559657, 44.15573971 ], [ -99.48840436, 44.1946092 ], [ -99.48899769, 44.2334787 ], [ -99.48581248, 44.27234819 ], [ -99.47590567, 44.31121766 ], [ -99.46702282, 44.33008592 ], [ -99.45531281, 44.35008715 ], [ -99.42815332, 44.38342237 ], [ -99.42358355, 44.38895664 ], [ -99.38928383, 44.42731496 ], [ -99.38887048, 44.42782614 ], [ -99.35934277, 44.46669563 ], [ -99.35041436, 44.48050324 ], [ -99.33720612, 44.50556512 ], [ -99.32274759, 44.54443459 ], [ -99.31227066, 44.58330408 ], [ -99.31154486, 44.5873266 ], [ -99.30636822, 44.62217358 ], [ -99.30287505, 44.66104307 ], [ -99.30123566, 44.69991256 ], [ -99.30138997, 44.73878206 ], [ -99.30266805, 44.77765153 ], [ -99.30440907, 44.81652102 ], [ -99.30565421, 44.85539051 ], [ -99.30550549, 44.89426 ], [ -99.30296603, 44.9331295 ], [ -99.29764198, 44.97199899 ], [ -99.28828446, 45.01086848 ], [ -99.27267536, 45.04812063 ], [ -99.27213558, 45.04973795 ], [ -99.2546608, 45.08860745 ], [ -99.23380587, 45.12004813 ], [ -99.22977174, 45.12747694 ], [ -99.2041446, 45.16634643 ], [ -99.1949364, 45.17815517 ], [ -99.17556109, 45.20521592 ], [ -99.1560669, 45.22719486 ], [ -99.14156565, 45.24408542 ], [ -99.1171974, 45.26779962 ], [ -99.0998492, 45.28295489 ], [ -99.07832793, 45.29657783 ], [ -99.03945844, 45.31580498 ], [ -99.02448788, 45.32182438 ], [ -99.00058894, 45.33132487 ], [ -98.96171944, 45.34329821 ], [ -98.92284997, 45.35111213 ], [ -98.88398048, 45.35490241 ], [ -98.84511098, 45.35511699 ], [ -98.80624151, 45.35350437 ], [ -98.76737201, 45.35098038 ], [ -98.72850252, 45.34821361 ], [ -98.68963302, 45.34598879 ], [ -98.65076355, 45.34423309 ], [ -98.61189405, 45.34276995 ], [ -98.57302456, 45.34368378 ], [ -98.53415509, 45.34826092 ], [ -98.49528559, 45.35522424 ], [ -98.47116663, 45.36069387 ], [ -98.45641609, 45.364828 ], [ -98.4175466, 45.37842942 ], [ -98.37867713, 45.39545341 ], [ -98.37057327, 45.39956337 ], [ -98.33980763, 45.4257572 ], [ -98.32560351, 45.43843286 ], [ -98.30539331, 45.47730235 ], [ -98.30555307, 45.51617182 ], [ -98.32608736, 45.55504131 ], [ -98.33980763, 45.57393536 ], [ -98.35370881, 45.59391081 ], [ -98.37755116, 45.6327803 ], [ -98.37867713, 45.63471555 ], [ -98.40549005, 45.67164979 ], [ -98.4175466, 45.68544793 ], [ -98.45402206, 45.71051928 ], [ -98.45641609, 45.71199399 ], [ -98.49528559, 45.72540211 ], [ -98.53415509, 45.73112563 ], [ -98.57302456, 45.73339661 ], [ -98.61189405, 45.73466339 ], [ -98.65076355, 45.73574473 ], [ -98.68963302, 45.73751718 ], [ -98.72850252, 45.740897 ], [ -98.76737201, 45.74600418 ], [ -98.78664958, 45.74938878 ], [ -98.80624151, 45.75277966 ], [ -98.84511098, 45.76130367 ], [ -98.88398048, 45.77192464 ], [ -98.92284997, 45.78457756 ], [ -98.93326788, 45.78825825 ], [ -98.96171944, 45.79789233 ], [ -99.00058894, 45.8111814 ], [ -99.03945844, 45.8237897 ], [ -99.05078308, 45.82712774 ], [ -99.07832793, 45.8352292 ], [ -99.1171974, 45.8461939 ], [ -99.1560669, 45.85693584 ], [ -99.18937461, 45.86599723 ], [ -99.1949364, 45.86757502 ], [ -99.23380587, 45.87784279 ], [ -99.27267536, 45.88798878 ], [ -99.31154486, 45.89799546 ], [ -99.33876896, 45.90486673 ], [ -99.35041436, 45.90795908 ], [ -99.38928383, 45.91770481 ], [ -99.42815332, 45.92767041 ], [ -99.46702282, 45.93779811 ], [ -99.4897772, 45.94373622 ], [ -99.50589229, 45.94818561 ], [ -99.54476179, 45.95849259 ], [ -99.58363129, 45.96929368 ], [ -99.62250078, 45.98089917 ], [ -99.62758982, 45.98260571 ], [ -99.66137025, 45.99354051 ], [ -99.70023975, 46.00788712 ], [ -99.73325421, 46.02147518 ], [ -99.73910925, 46.02370173 ], [ -99.77797872, 46.03894824 ], [ -99.81684821, 46.05431617 ], [ -99.83277072, 46.06034467 ], [ -99.85571771, 46.06813241 ], [ -99.89458721, 46.07976308 ], [ -99.93345668, 46.08903901 ], [ -99.97232617, 46.09503398 ], [ -100.01119567, 46.09664185 ], [ -100.05006517, 46.09379577 ], [ -100.08893464, 46.08521548 ], [ -100.12780413, 46.06821985 ], [ -100.13888023, 46.06034467 ], [ -100.16667363, 46.03761129 ], [ -100.1797972, 46.02147518 ], [ -100.20130906, 45.98260571 ], [ -100.2055431, 45.97045064 ], [ -100.21227845, 45.94373622 ], [ -100.21895725, 45.90486673 ], [ -100.22356089, 45.86599723 ], [ -100.22755822, 45.82712774 ], [ -100.23294982, 45.78825825 ], [ -100.24216744, 45.74938878 ], [ -100.2444126, 45.74386221 ], [ -100.25497308, 45.71051928 ], [ -100.27396886, 45.67164979 ], [ -100.28328209, 45.655089 ], [ -100.29231423, 45.6327803 ], [ -100.3035357, 45.59391081 ], [ -100.30771208, 45.55504131 ], [ -100.30539066, 45.51617182 ], [ -100.29791973, 45.47730235 ], [ -100.28534326, 45.43843286 ], [ -100.28328209, 45.4339778 ], [ -100.26624253, 45.39956337 ], [ -100.2444126, 45.37011879 ], [ -100.23688193, 45.36069387 ], [ -100.2055431, 45.33781461 ], [ -100.17793777, 45.32182438 ], [ -100.16667363, 45.31700296 ], [ -100.12780413, 45.303405 ], [ -100.08893464, 45.30644943 ], [ -100.05387446, 45.32182438 ], [ -100.05006517, 45.32377915 ], [ -100.01119567, 45.35195575 ], [ -100.0013632, 45.36069387 ], [ -99.9769028, 45.39956337 ], [ -99.97232617, 45.41411876 ], [ -99.96536984, 45.43843286 ], [ -99.96190835, 45.47730235 ], [ -99.9635758, 45.51617182 ], [ -99.9676247, 45.55504131 ], [ -99.97085874, 45.59391081 ], [ -99.97232617, 45.6225187 ], [ -99.97299355, 45.6327803 ], [ -99.97269491, 45.67164979 ], [ -99.97232617, 45.6729947 ], [ -99.93345668, 45.70312517 ], [ -99.89458721, 45.70602109 ], [ -99.85571771, 45.70711876 ], [ -99.81684821, 45.70663072 ], [ -99.77797872, 45.70400996 ], [ -99.73910925, 45.69803796 ], [ -99.70023975, 45.68585509 ], [ -99.67554182, 45.67164979 ], [ -99.66137025, 45.6653274 ], [ -99.62250078, 45.63508351 ], [ -99.6205621, 45.6327803 ], [ -99.58478079, 45.59391081 ], [ -99.58363129, 45.592759 ], [ -99.55603299, 45.55504131 ], [ -99.54476179, 45.53973012 ], [ -99.53009675, 45.51617182 ], [ -99.50589229, 45.47921849 ], [ -99.50478162, 45.47730235 ], [ -99.47171408, 45.43843286 ], [ -99.46702282, 45.43144681 ], [ -99.44532086, 45.39956337 ], [ -99.44762164, 45.36069387 ], [ -99.44914204, 45.32182438 ], [ -99.44982764, 45.28295489 ], [ -99.45122922, 45.24408542 ], [ -99.45451481, 45.20521592 ], [ -99.46100488, 45.16634643 ], [ -99.46702282, 45.14423223 ], [ -99.47135967, 45.12747694 ], [ -99.48587638, 45.08860745 ], [ -99.50589229, 45.05383588 ], [ -99.50812528, 45.04973795 ], [ -99.53360124, 45.01086848 ], [ -99.54476179, 44.99694885 ], [ -99.563379, 44.97199899 ], [ -99.58363129, 44.94821738 ], [ -99.59572524, 44.9331295 ], [ -99.62250078, 44.90219426 ], [ -99.62900316, 44.89426 ], [ -99.66137025, 44.85658382 ], [ -99.66243215, 44.85539051 ], [ -99.69836862, 44.81652102 ], [ -99.70023975, 44.81458926 ], [ -99.73910925, 44.78086034 ], [ -99.74372966, 44.77765153 ], [ -99.77797872, 44.75340932 ], [ -99.80611421, 44.73878206 ], [ -99.81684821, 44.73279943 ], [ -99.85571771, 44.71632655 ], [ -99.89458721, 44.70414782 ], [ -99.91193176, 44.69991256 ], [ -99.93345668, 44.69334037 ], [ -99.97232617, 44.68239378 ], [ -100.01119567, 44.67095805 ], [ -100.05006517, 44.6619357 ], [ -100.05295128, 44.66104307 ], [ -100.08893464, 44.652861 ], [ -100.12780413, 44.65158741 ], [ -100.16667363, 44.65213564 ], [ -100.2055431, 44.65104646 ], [ -100.2444126, 44.64818854 ], [ -100.28328209, 44.64392171 ], [ -100.32215159, 44.64101851 ], [ -100.36102106, 44.6423322 ], [ -100.39989056, 44.64893788 ], [ -100.43876005, 44.6598266 ], [ -100.44279282, 44.66104307 ], [ -100.47762952, 44.67141735 ], [ -100.51649902, 44.67767015 ], [ -100.55536852, 44.6761618 ], [ -100.59423801, 44.67017352 ], [ -100.63310748, 44.66143431 ], [ -100.63437353, 44.66104307 ], [ -100.67197698, 44.64821319 ], [ -100.71084648, 44.63304282 ], [ -100.73576961, 44.62217358 ], [ -100.74971595, 44.61545708 ], [ -100.78858544, 44.59528399 ], [ -100.80997808, 44.58330408 ], [ -100.82745494, 44.57171657 ], [ -100.86380884, 44.54443459 ], [ -100.86632444, 44.54157946 ], [ -100.89499375, 44.50556512 ], [ -100.90519391, 44.48833822 ], [ -100.91683437, 44.46669563 ], [ -100.93382463, 44.42782614 ], [ -100.9440634, 44.40203609 ], [ -100.94875518, 44.38895664 ], [ -100.96327424, 44.35008715 ], [ -100.97853239, 44.31121766 ], [ -100.9829329, 44.3006256 ], [ -100.99373593, 44.27234819 ], [ -101.0077513, 44.2334787 ], [ -101.02014424, 44.1946092 ], [ -101.02180237, 44.18888107 ], [ -101.03109571, 44.15573971 ], [ -101.04057558, 44.11687022 ], [ -101.04870671, 44.07800072 ], [ -101.05566641, 44.03913123 ], [ -101.06067187, 44.00656097 ], [ -101.0616441, 44.00026176 ], [ -101.06691134, 43.96139227 ], [ -101.07150271, 43.92252278 ], [ -101.07551552, 43.88365328 ], [ -101.07901384, 43.84478379 ], [ -101.08202598, 43.8059143 ], [ -101.0846317, 43.76704483 ], [ -101.0869355, 43.72817534 ], [ -101.08899247, 43.68930584 ], [ -101.09083491, 43.65043635 ], [ -101.09258569, 43.61156686 ], [ -101.09421173, 43.57269736 ], [ -101.09579899, 43.53382789 ], [ -101.09738209, 43.4949584 ], [ -101.09897138, 43.45608891 ], [ -101.09954137, 43.44251812 ], [ -101.10063905, 43.41721942 ], [ -101.10237445, 43.37834992 ], [ -101.10420631, 43.33948043 ], [ -101.10613483, 43.30061094 ], [ -101.1079138, 43.26174147 ], [ -101.10920941, 43.22287197 ], [ -101.11003424, 43.18400248 ], [ -101.11062366, 43.14513299 ], [ -101.11109397, 43.1062635 ], [ -101.11160715, 43.067394 ], [ -101.11227411, 43.02852453 ], [ -101.11316961, 42.98965504 ], [ -101.11444229, 42.95078555 ], [ -101.11616555, 42.91191606 ], [ -101.11833628, 42.87304656 ], [ -101.12111774, 42.83417707 ], [ -101.12451985, 42.7953076 ], [ -101.12854381, 42.75643811 ], [ -101.13336279, 42.71756861 ], [ -101.13841086, 42.68436753 ], [ -101.13929951, 42.67869912 ], [ -101.14545351, 42.63982963 ], [ -101.153497, 42.60096014 ], [ -101.1642515, 42.56209064 ], [ -101.17728033, 42.52621014 ], [ -101.17847825, 42.52322117 ], [ -101.19402641, 42.48435168 ], [ -101.21137368, 42.44548219 ], [ -101.21614983, 42.4352281 ], [ -101.2301587, 42.40661269 ], [ -101.25007654, 42.3677432 ], [ -101.25501933, 42.35847268 ], [ -101.27213954, 42.32887371 ], [ -101.2938888, 42.29271765 ], [ -101.29564278, 42.29000424 ], [ -101.32125383, 42.25113475 ], [ -101.33275829, 42.23402187 ], [ -101.34820686, 42.21226525 ], [ -101.37162779, 42.17968798 ], [ -101.37639103, 42.17339576 ], [ -101.40578611, 42.13452627 ], [ -101.41049729, 42.1282903 ], [ -101.43628325, 42.09565677 ], [ -101.44936676, 42.07902981 ], [ -101.46758572, 42.05678731 ], [ -101.48823625, 42.03147118 ], [ -101.49972304, 42.01791781 ], [ -101.52710575, 41.98533557 ], [ -101.53258399, 41.97904832 ], [ -101.56597522, 41.94161529 ], [ -101.56725362, 41.94017883 ], [ -101.60034698, 41.90130933 ], [ -101.60484472, 41.89617183 ], [ -101.63517733, 41.86243984 ], [ -101.64371421, 41.85282192 ], [ -101.67050877, 41.82357035 ], [ -101.68258371, 41.81021313 ], [ -101.70621388, 41.78470088 ], [ -101.72145318, 41.7681009 ], [ -101.74241271, 41.74583139 ], [ -101.76032268, 41.72663059 ], [ -101.7791436, 41.70696189 ], [ -101.79919217, 41.68572307 ], [ -101.81627684, 41.6680924 ], [ -101.83806164, 41.6452993 ], [ -101.85391773, 41.62922291 ], [ -101.87693114, 41.60567162 ], [ -101.89224936, 41.59035341 ], [ -101.91580064, 41.56646745 ], [ -101.93100036, 41.55148394 ], [ -101.95467013, 41.52781417 ], [ -101.97024413, 41.51261445 ], [ -101.9935396, 41.48965805 ], [ -102.01009567, 41.47374496 ], [ -102.0324091, 41.45198127 ], [ -102.05030862, 41.43487547 ], [ -102.0712786, 41.41463566 ], [ -102.09098669, 41.39600597 ], [ -102.11014807, 41.37771106 ], [ -102.13216053, 41.35713648 ], [ -102.14901756, 41.34113952 ], [ -102.17378584, 41.31826701 ], [ -102.18788706, 41.30504256 ], [ -102.21569304, 41.27939752 ], [ -102.22675656, 41.26914071 ], [ -102.25832921, 41.24052803 ], [ -102.26562603, 41.23381037 ], [ -102.30116233, 41.20165853 ], [ -102.30449552, 41.19861053 ], [ -102.34336502, 41.16539199 ], [ -102.34631882, 41.16278904 ], [ -102.38223449, 41.12930106 ], [ -102.38838967, 41.12391955 ], [ -102.42110399, 41.09515977 ], [ -102.43282342, 41.08505005 ], [ -102.45997348, 41.06123692 ], [ -102.47758846, 41.04618058 ], [ -102.49884298, 41.02780804 ], [ -102.52286924, 41.00731109 ], [ -102.53771245, 40.99450331 ], [ -102.56852851, 40.9684416 ], [ -102.57658195, 40.96159158 ], [ -102.61284693, 40.92957211 ], [ -102.61545145, 40.92734459 ], [ -102.65432091, 40.89672402 ], [ -102.66173863, 40.89070261 ], [ -102.69319041, 40.86486731 ], [ -102.70929153, 40.85183312 ], [ -102.73205991, 40.83317959 ], [ -102.75729168, 40.81296365 ], [ -102.77092941, 40.80190371 ], [ -102.80601238, 40.77409416 ], [ -102.80979888, 40.77105561 ], [ -102.84866837, 40.74037583 ], [ -102.85535667, 40.73522466 ], [ -102.88753787, 40.71012729 ], [ -102.90548669, 40.69635517 ], [ -102.92640737, 40.68020133 ], [ -102.95656743, 40.65748568 ], [ -102.96527684, 40.65084193 ], [ -103.00414633, 40.62170949 ], [ -103.00838938, 40.61861619 ], [ -103.04301583, 40.59320898 ], [ -103.0616931, 40.57974672 ], [ -103.0818853, 40.5649035 ], [ -103.11547728, 40.54087722 ], [ -103.1207548, 40.53707733 ], [ -103.15962429, 40.50944949 ], [ -103.17042222, 40.50200773 ], [ -103.19849379, 40.48252987 ], [ -103.22671736, 40.46313824 ], [ -103.23736326, 40.45577357 ], [ -103.27623276, 40.42948823 ], [ -103.2842284, 40.42426874 ], [ -103.31510225, 40.40383114 ], [ -103.34355143, 40.38539925 ], [ -103.35397172, 40.37860014 ], [ -103.39284122, 40.35384149 ], [ -103.40474417, 40.34652976 ], [ -103.43171072, 40.32972475 ], [ -103.46494131, 40.30766029 ], [ -103.47058021, 40.30408779 ], [ -103.50944968, 40.28289134 ], [ -103.53403526, 40.2687908 ], [ -103.54831918, 40.2604761 ], [ -103.58718868, 40.23849497 ], [ -103.60280931, 40.2299213 ], [ -103.62605815, 40.21706396 ], [ -103.66492764, 40.19649219 ], [ -103.67556466, 40.19105181 ], [ -103.70379714, 40.17638858 ], [ -103.74266664, 40.15710438 ], [ -103.75290782, 40.15218232 ], [ -103.78153611, 40.1382068 ], [ -103.8204056, 40.12020302 ], [ -103.83590896, 40.11331283 ], [ -103.8592751, 40.10284522 ], [ -103.89814457, 40.08646018 ], [ -103.92794738, 40.07444336 ], [ -103.93701407, 40.07072762 ], [ -103.97588356, 40.05559823 ], [ -104.01475306, 40.04151287 ], [ -104.03213571, 40.03557386 ], [ -104.05362253, 40.02810836 ], [ -104.09249203, 40.01542003 ], [ -104.13136152, 40.00385377 ], [ -104.15727804, 39.99670437 ], [ -104.17023099, 39.99310001 ], [ -104.20910049, 39.98318075 ], [ -104.24796999, 39.97446118 ], [ -104.28683949, 39.96662781 ], [ -104.32570895, 39.96211962 ], [ -104.34703761, 39.95783488 ], [ -104.36457845, 39.95403212 ], [ -104.40344795, 39.94931852 ], [ -104.44231742, 39.94560633 ], [ -104.48118692, 39.94315227 ], [ -104.52005641, 39.94167149 ], [ -104.55892591, 39.94151585 ], [ -104.59779538, 39.94248923 ], [ -104.63666488, 39.94449446 ], [ -104.67553437, 39.94757327 ], [ -104.71440384, 39.95213515 ], [ -104.75327334, 39.95481146 ], [ -104.76636309, 39.95783488 ], [ -104.79214284, 39.96431389 ], [ -104.83101233, 39.97264345 ], [ -104.8698818, 39.98185957 ], [ -104.9087513, 39.99275096 ], [ -104.92170258, 39.99670437 ], [ -104.9476208, 40.0047 ], [ -104.98649027, 40.01816076 ], [ -105.02535976, 40.03005257 ], [ -105.03753593, 40.03557386 ], [ -105.06422926, 40.04895895 ], [ -105.10309876, 40.06647124 ], [ -105.11958626, 40.07444336 ], [ -105.14196823, 40.08538565 ], [ -105.18083772, 40.10603506 ], [ -105.19379197, 40.11331283 ], [ -105.21970722, 40.12803741 ], [ -105.25857669, 40.14836534 ], [ -105.26425347, 40.15218232 ], [ -105.29744619, 40.17674089 ], [ -105.31830597, 40.19105181 ], [ -105.33631568, 40.20385381 ], [ -105.36738917, 40.2299213 ], [ -105.37518518, 40.23597767 ], [ -105.41405465, 40.26367348 ], [ -105.42024129, 40.2687908 ], [ -105.45292415, 40.2961631 ], [ -105.46606385, 40.30766029 ], [ -105.49179364, 40.33105047 ], [ -105.5083476, 40.34652976 ], [ -105.53066314, 40.36767079 ], [ -105.54862832, 40.38539925 ], [ -105.56953261, 40.40658649 ], [ -105.58630806, 40.42426874 ], [ -105.60840211, 40.44787566 ], [ -105.62232894, 40.46313824 ], [ -105.6472716, 40.49124322 ], [ -105.65659221, 40.50200773 ], [ -105.68614107, 40.53662233 ], [ -105.68964501, 40.54087722 ], [ -105.72119912, 40.57974672 ], [ -105.72501057, 40.58458217 ], [ -105.75122054, 40.61861619 ], [ -105.76388007, 40.63530419 ], [ -105.78014629, 40.65748568 ], [ -105.80274957, 40.68830866 ], [ -105.80852198, 40.69635517 ], [ -105.83556248, 40.73522466 ], [ -105.84161903, 40.74406909 ], [ -105.86174176, 40.77409416 ], [ -105.88048853, 40.80251667 ], [ -105.88723553, 40.81296365 ], [ -105.9119342, 40.85183312 ], [ -105.91935803, 40.86371143 ], [ -105.93588291, 40.89070261 ], [ -105.9582275, 40.92356684 ], [ -105.9619451, 40.92957211 ], [ -105.9818072, 40.9684416 ], [ -105.997097, 40.9952665 ], [ -106.00382783, 41.00731109 ], [ -106.02516854, 41.04618058 ], [ -106.03596649, 41.06584871 ], [ -106.04640566, 41.08505005 ], [ -106.06686166, 41.12391955 ], [ -106.07483599, 41.13927751 ], [ -106.0869278, 41.16278904 ], [ -106.10654736, 41.20165853 ], [ -106.11370546, 41.21611219 ], [ -106.12557125, 41.24052803 ], [ -106.14438472, 41.27939752 ], [ -106.15257496, 41.29676135 ], [ -106.16262388, 41.31826701 ], [ -106.18052658, 41.35713648 ], [ -106.19144445, 41.38120043 ], [ -106.19810004, 41.39600597 ], [ -106.21521712, 41.43487547 ], [ -106.23031392, 41.46445681 ], [ -106.2347064, 41.47374496 ], [ -106.24873701, 41.51261445 ], [ -106.26514085, 41.55148394 ], [ -106.26918342, 41.56127611 ], [ -106.28107862, 41.59035341 ], [ -106.29672992, 41.62922291 ], [ -106.30805292, 41.65778927 ], [ -106.31213692, 41.6680924 ], [ -106.32754474, 41.70696189 ], [ -106.34260288, 41.74583139 ], [ -106.34692241, 41.75724759 ], [ -106.35721695, 41.78470088 ], [ -106.37166745, 41.82357035 ], [ -106.38579188, 41.85581034 ], [ -106.38846441, 41.86243984 ], [ -106.3999042, 41.90130933 ], [ -106.41378617, 41.94017883 ], [ -106.42466138, 41.97141138 ], [ -106.42732065, 41.97904832 ], [ -106.44071287, 42.01791781 ], [ -106.45378421, 42.05678731 ], [ -106.46353088, 42.08577263 ], [ -106.46688424, 42.09565677 ], [ -106.47972547, 42.13452627 ], [ -106.49221923, 42.17339576 ], [ -106.50240035, 42.19953094 ], [ -106.5070448, 42.21226525 ], [ -106.51685959, 42.25113475 ], [ -106.5288958, 42.29000424 ], [ -106.53833191, 42.32887371 ], [ -106.54126984, 42.33745196 ], [ -106.55235737, 42.3677432 ], [ -106.56391381, 42.40661269 ], [ -106.57546924, 42.44548219 ], [ -106.58013934, 42.46168135 ], [ -106.58667501, 42.48435168 ], [ -106.59768843, 42.52322117 ], [ -106.60864259, 42.56209064 ], [ -106.61900884, 42.59160966 ], [ -106.62207951, 42.60096014 ], [ -106.63019729, 42.63982963 ], [ -106.64064185, 42.67869912 ], [ -106.65098289, 42.71756861 ], [ -106.65787831, 42.7434868 ], [ -106.66135588, 42.75643811 ], [ -106.67143344, 42.7953076 ], [ -106.681511, 42.83417707 ], [ -106.69154039, 42.87304656 ], [ -106.6967478, 42.8936842 ], [ -106.70134819, 42.91191606 ], [ -106.71092553, 42.95078555 ], [ -106.72045956, 42.98965504 ], [ -106.72993995, 43.02852453 ], [ -106.7356173, 43.0523704 ], [ -106.73919419, 43.067394 ], [ -106.74832075, 43.1062635 ], [ -106.75737782, 43.14513299 ], [ -106.76643492, 43.18400248 ], [ -106.77448677, 43.21107924 ], [ -106.77781193, 43.22287197 ], [ -106.78397867, 43.26174147 ], [ -106.7928297, 43.30061094 ], [ -106.80129646, 43.33948043 ], [ -106.80972732, 43.37834992 ], [ -106.81335627, 43.39484516 ], [ -106.8183284, 43.41721942 ], [ -106.82644536, 43.45608891 ], [ -106.83464085, 43.4949584 ], [ -106.84277713, 43.53382789 ], [ -106.84807232, 43.57269736 ], [ -106.85222576, 43.58870496 ], [ -106.85863412, 43.61156686 ], [ -106.86655939, 43.65043635 ], [ -106.874237, 43.68930584 ], [ -106.88176024, 43.72817534 ], [ -106.88642711, 43.76704483 ], [ -106.89109526, 43.78519246 ], [ -106.89699595, 43.8059143 ], [ -106.90448743, 43.84478379 ], [ -106.91170658, 43.88365328 ], [ -106.91909237, 43.92252278 ], [ -106.92624088, 43.96139227 ], [ -106.92996473, 43.98164401 ], [ -106.93346867, 44.00026176 ], [ -106.94045199, 44.03913123 ], [ -106.94760258, 44.07800072 ], [ -106.95445448, 44.11687022 ], [ -106.96147469, 44.15573971 ], [ -106.96485701, 44.1946092 ], [ -106.96883423, 44.21072199 ], [ -106.97514492, 44.2334787 ], [ -106.9822943, 44.27234819 ], [ -106.9888725, 44.31121766 ], [ -106.99560925, 44.35008715 ], [ -107.00227503, 44.38895664 ], [ -107.00770372, 44.40842978 ], [ -107.01272847, 44.42782614 ], [ -107.01573168, 44.46669563 ], [ -107.02216025, 44.50556512 ], [ -107.02897434, 44.54443459 ], [ -107.0357748, 44.58330408 ], [ -107.03856344, 44.62217358 ], [ -107.04657319, 44.64432746 ], [ -107.05278789, 44.66104307 ], [ -107.05576632, 44.69991256 ], [ -107.062551, 44.73878206 ], [ -107.06941043, 44.77765153 ], [ -107.07583556, 44.81652102 ], [ -107.07824658, 44.85539051 ], [ -107.08544269, 44.8738038 ], [ -107.09396464, 44.89426 ], [ -107.09640369, 44.9331295 ], [ -107.10347737, 44.97199899 ], [ -107.11055972, 45.01086848 ], [ -107.11366319, 45.04973795 ], [ -107.12431219, 45.07474772 ], [ -107.13055629, 45.08860745 ], [ -107.13304664, 45.12747694 ], [ -107.14065914, 45.16634643 ], [ -107.14827887, 45.20521592 ], [ -107.15128498, 45.24408542 ], [ -107.16318168, 45.26742462 ], [ -107.17146084, 45.28295489 ], [ -107.17422876, 45.32182438 ], [ -107.18281017, 45.36069387 ], [ -107.1869914, 45.39956337 ], [ -107.20205115, 45.42457314 ], [ -107.21109921, 45.43843286 ], [ -107.21500331, 45.47730235 ], [ -107.226404, 45.51617182 ], [ -107.23080985, 45.55504131 ], [ -107.24092065, 45.57485616 ], [ -107.255104, 45.59391081 ], [ -107.26232502, 45.6327803 ], [ -107.27979015, 45.65277699 ], [ -107.2976122, 45.67164979 ], [ -107.29810727, 45.71051928 ], [ -107.31865962, 45.72969047 ], [ -107.34182443, 45.74938878 ], [ -107.35752911, 45.7667795 ], [ -107.37900788, 45.78825825 ], [ -107.39639861, 45.80396292 ], [ -107.41694252, 45.82712774 ], [ -107.43526811, 45.84596492 ], [ -107.47413758, 45.84577475 ], [ -107.49772177, 45.86599723 ], [ -107.51300707, 45.87857089 ], [ -107.55187657, 45.88566156 ], [ -107.59074604, 45.88608555 ], [ -107.62961554, 45.8847583 ], [ -107.66848504, 45.88817506 ], [ -107.70735453, 45.89053589 ], [ -107.746224, 45.89221669 ], [ -107.7850935, 45.89379681 ], [ -107.823963, 45.89412554 ], [ -107.86283247, 45.89412554 ], [ -107.90170196, 45.89363685 ], [ -107.94057146, 45.89320137 ], [ -107.97944096, 45.89379013 ], [ -108.01831043, 45.89525535 ], [ -108.05717992, 45.8960979 ], [ -108.09604942, 45.89809824 ], [ -108.11472697, 45.90486673 ], [ -108.13491889, 45.91102126 ], [ -108.17378839, 45.91213726 ], [ -108.21265788, 45.91367473 ], [ -108.25152738, 45.91191441 ], [ -108.29039685, 45.91447387 ], [ -108.32926635, 45.91782446 ], [ -108.36813584, 45.92111502 ], [ -108.40700534, 45.9244995 ], [ -108.44587481, 45.92849493 ], [ -108.48474431, 45.93322222 ], [ -108.5236138, 45.93797935 ], [ -108.56248327, 45.93931126 ], [ -108.58187248, 45.94373622 ], [ -108.60135277, 45.94838871 ], [ -108.64022227, 45.95410282 ], [ -108.67909176, 45.96048624 ], [ -108.71796123, 45.96730877 ], [ -108.75683073, 45.9745288 ], [ -108.79570023, 45.97916253 ], [ -108.8082785, 45.98260571 ], [ -108.8345697, 45.99001077 ], [ -108.87343919, 45.99880244 ], [ -108.91230869, 46.00796855 ], [ -108.95117819, 46.01789268 ], [ -108.96413032, 46.02147518 ], [ -108.99004766, 46.02835122 ], [ -109.02891715, 46.03966748 ], [ -109.06778665, 46.05153539 ], [ -109.09369632, 46.06034467 ], [ -109.10665612, 46.06458154 ], [ -109.14552562, 46.07803636 ], [ -109.18439512, 46.09230502 ], [ -109.20166774, 46.09921417 ], [ -109.22326461, 46.10761295 ], [ -109.26213408, 46.12380871 ], [ -109.29425381, 46.13808366 ], [ -109.30100358, 46.14100241 ], [ -109.33987308, 46.15902332 ], [ -109.37143318, 46.17695315 ], [ -109.37874255, 46.18077692 ], [ -109.41761204, 46.19888933 ], [ -109.44777512, 46.21582265 ], [ -109.45648154, 46.2205851 ], [ -109.49535104, 46.24341223 ], [ -109.51303328, 46.25469211 ], [ -109.53422051, 46.26786701 ], [ -109.56951498, 46.29356161 ], [ -109.57309, 46.29598823 ], [ -109.6119595, 46.32087937 ], [ -109.62736193, 46.3324311 ], [ -109.65082897, 46.34988558 ], [ -109.6778205, 46.37130059 ], [ -109.68969847, 46.38064719 ], [ -109.72466783, 46.41017009 ], [ -109.72856796, 46.41340974 ], [ -109.76743746, 46.44595285 ], [ -109.77064797, 46.44903958 ], [ -109.80630693, 46.48488022 ], [ -109.80931159, 46.48790907 ], [ -109.84517643, 46.52406272 ], [ -109.84770846, 46.52677854 ], [ -109.88187446, 46.56564803 ], [ -109.88404592, 46.56796571 ], [ -109.91796625, 46.60451753 ], [ -109.92291539, 46.61012924 ], [ -109.95034184, 46.64338702 ], [ -109.96178489, 46.6573727 ], [ -109.98102039, 46.68225651 ], [ -110.00065439, 46.70765639 ], [ -110.01046463, 46.72112601 ], [ -110.03699116, 46.75999548 ], [ -110.03952388, 46.76345007 ], [ -110.06502053, 46.79886497 ], [ -110.07839335, 46.81871195 ], [ -110.09056003, 46.83773446 ], [ -110.11508146, 46.87660395 ], [ -110.11726285, 46.88007356 ], [ -110.13846945, 46.91547345 ], [ -110.15613235, 46.94542967 ], [ -110.16110626, 46.95434294 ], [ -110.18261561, 46.99321241 ], [ -110.19500182, 47.01588727 ], [ -110.20343928, 47.0320819 ], [ -110.22358034, 47.07095139 ], [ -110.23387131, 47.09128221 ], [ -110.2428487, 47.10982089 ], [ -110.26143464, 47.14869038 ], [ -110.27274081, 47.17269269 ], [ -110.27943388, 47.18755987 ], [ -110.29677573, 47.22642937 ], [ -110.31161031, 47.26054896 ], [ -110.31358938, 47.26529884 ], [ -110.329536, 47.30416833 ], [ -110.34520095, 47.34303782 ], [ -110.35047978, 47.35643794 ], [ -110.36012355, 47.38190731 ], [ -110.37450033, 47.42077681 ], [ -110.38757364, 47.4596463 ], [ -110.38934927, 47.46446885 ], [ -110.40168289, 47.49851577 ], [ -110.41438021, 47.53738526 ], [ -110.42660369, 47.57625476 ], [ -110.42821877, 47.58156137 ], [ -110.43811788, 47.61512425 ], [ -110.44911259, 47.65399374 ], [ -110.45940477, 47.69286323 ], [ -110.46708824, 47.72351471 ], [ -110.46908375, 47.7317327 ], [ -110.47798994, 47.7706022 ], [ -110.48605193, 47.80947169 ], [ -110.49335025, 47.84834118 ], [ -110.49968111, 47.88721068 ], [ -110.50501697, 47.92608017 ], [ -110.50595774, 47.93462741 ], [ -110.50916748, 47.96494966 ], [ -110.51205298, 48.00381913 ], [ -110.51345583, 48.04268862 ] ], [ [ -96.19039197, 45.94373622 ], [ -96.18320134, 45.98260571 ], [ -96.16311624, 46.01643535 ], [ -96.15980357, 46.02147518 ], [ -96.12827117, 46.06034467 ], [ -96.12424674, 46.07432433 ], [ -96.11267723, 46.09921417 ], [ -96.08537724, 46.12064773 ], [ -96.04650777, 46.11503391 ], [ -96.02540873, 46.09921417 ], [ -96.00763828, 46.08669732 ], [ -95.98562439, 46.06034467 ], [ -95.96876878, 46.0360687 ], [ -95.96208577, 46.02147518 ], [ -95.96876878, 46.0096417 ], [ -95.99231628, 45.98260571 ], [ -96.00763828, 45.97194467 ], [ -96.04650777, 45.95155617 ], [ -96.06457857, 45.94373622 ], [ -96.08537724, 45.93659987 ], [ -96.12424674, 45.92778725 ], [ -96.16311624, 45.92694851 ], [ -96.19039197, 45.94373622 ] ], [ [ -106.29237646, 46.29356161 ], [ -106.2835695, 46.3324311 ], [ -106.26918342, 46.3484387 ], [ -106.24483057, 46.37130059 ], [ -106.23031392, 46.38525811 ], [ -106.20797794, 46.41017009 ], [ -106.19144445, 46.42427268 ], [ -106.1659281, 46.44903958 ], [ -106.15257496, 46.45978712 ], [ -106.12552851, 46.48790907 ], [ -106.11370546, 46.49696891 ], [ -106.07483599, 46.51786823 ], [ -106.06458774, 46.52677854 ], [ -106.03596649, 46.55149425 ], [ -106.01776847, 46.56564803 ], [ -105.997097, 46.57988021 ], [ -105.96798927, 46.60451753 ], [ -105.9582275, 46.61118156 ], [ -105.91935803, 46.63371947 ], [ -105.90557649, 46.64338702 ], [ -105.88048853, 46.6593214 ], [ -105.85051914, 46.68225651 ], [ -105.84161903, 46.68794317 ], [ -105.80274957, 46.70865704 ], [ -105.78279879, 46.72112601 ], [ -105.76388007, 46.73199837 ], [ -105.72501057, 46.75472428 ], [ -105.71612195, 46.75999548 ], [ -105.68614107, 46.77661483 ], [ -105.6472716, 46.79520278 ], [ -105.64100377, 46.79886497 ], [ -105.60840211, 46.81823381 ], [ -105.57500148, 46.83773446 ], [ -105.56953261, 46.84063903 ], [ -105.53066314, 46.8571052 ], [ -105.49179364, 46.87285147 ], [ -105.48433285, 46.87660395 ], [ -105.45292415, 46.89471668 ], [ -105.41405465, 46.91038943 ], [ -105.4038495, 46.91547345 ], [ -105.37518518, 46.93215465 ], [ -105.33631568, 46.95051615 ], [ -105.3278968, 46.95434294 ], [ -105.29744619, 46.96938054 ], [ -105.25857669, 46.98754587 ], [ -105.24598381, 46.99321241 ], [ -105.21970722, 47.00616995 ], [ -105.18083772, 47.02427391 ], [ -105.16302608, 47.0320819 ], [ -105.14196823, 47.04261084 ], [ -105.10309876, 47.06067003 ], [ -105.07910812, 47.07095139 ], [ -105.06422926, 47.07812513 ], [ -105.02535976, 47.09566711 ], [ -104.9995639, 47.10982089 ], [ -104.98649027, 47.11718069 ], [ -104.9476208, 47.12910825 ], [ -104.9087513, 47.13886364 ], [ -104.88558648, 47.14869038 ], [ -104.8698818, 47.1582197 ], [ -104.83101233, 47.1691728 ], [ -104.79214284, 47.17765529 ], [ -104.75327334, 47.1785336 ], [ -104.73160719, 47.18755987 ], [ -104.71440384, 47.19360745 ], [ -104.67553437, 47.19656112 ], [ -104.63666488, 47.19517032 ], [ -104.59779538, 47.1977412 ], [ -104.55892591, 47.19898321 ], [ -104.52005641, 47.19989286 ], [ -104.48118692, 47.20022969 ], [ -104.44231742, 47.20011701 ], [ -104.40344795, 47.19938551 ], [ -104.36457845, 47.19827922 ], [ -104.32570895, 47.19705457 ], [ -104.28683949, 47.19556652 ], [ -104.24796999, 47.19368723 ], [ -104.20910049, 47.19194314 ], [ -104.17023099, 47.19009762 ], [ -104.13136152, 47.19003286 ], [ -104.11396022, 47.18755987 ], [ -104.09249203, 47.18463942 ], [ -104.05362253, 47.18500121 ], [ -104.01475306, 47.18393609 ], [ -103.97588356, 47.18361426 ], [ -103.93701407, 47.18374578 ], [ -103.89814457, 47.18447891 ], [ -103.8592751, 47.18597564 ], [ -103.84237921, 47.18755987 ], [ -103.8204056, 47.18945278 ], [ -103.78153611, 47.19055543 ], [ -103.74266664, 47.19381293 ], [ -103.70379714, 47.1981036 ], [ -103.66492764, 47.20336114 ], [ -103.62605815, 47.20969944 ], [ -103.58718868, 47.21743599 ], [ -103.55504059, 47.22642937 ], [ -103.54831918, 47.2281692 ], [ -103.50944968, 47.23733739 ], [ -103.47058021, 47.24973952 ], [ -103.43171072, 47.26278054 ], [ -103.42607746, 47.26529884 ], [ -103.39284122, 47.28006504 ], [ -103.35397172, 47.29804388 ], [ -103.34225538, 47.30416833 ], [ -103.31510225, 47.31774491 ], [ -103.27623276, 47.33932849 ], [ -103.270175, 47.34303782 ], [ -103.23736326, 47.36228158 ], [ -103.20676259, 47.38190731 ], [ -103.19849379, 47.38703735 ], [ -103.15962429, 47.41296045 ], [ -103.14869047, 47.42077681 ], [ -103.1207548, 47.44010834 ], [ -103.09420856, 47.4596463 ], [ -103.0818853, 47.46846917 ], [ -103.04301583, 47.49653334 ], [ -103.04050314, 47.49851577 ], [ -103.00414633, 47.52771906 ], [ -102.99213393, 47.53738526 ], [ -102.96527684, 47.55891279 ], [ -102.94415409, 47.57625476 ], [ -102.92640737, 47.59105534 ], [ -102.89727122, 47.61512425 ], [ -102.88753787, 47.62342737 ], [ -102.85136014, 47.65399374 ], [ -102.84866837, 47.65638513 ], [ -102.80979888, 47.69005771 ], [ -102.80633982, 47.69286323 ], [ -102.77092941, 47.72482311 ], [ -102.76256061, 47.7317327 ], [ -102.73205991, 47.76131497 ], [ -102.72096852, 47.7706022 ], [ -102.69319041, 47.80076724 ], [ -102.68324269, 47.80947169 ], [ -102.65702518, 47.84834118 ], [ -102.65432091, 47.85356305 ], [ -102.62510111, 47.88721068 ], [ -102.61545145, 47.90692955 ], [ -102.59342824, 47.92608017 ], [ -102.57658195, 47.95046831 ], [ -102.55162317, 47.92608017 ], [ -102.53771245, 47.90694521 ], [ -102.53302479, 47.88721068 ], [ -102.52926748, 47.84834118 ], [ -102.52297173, 47.80947169 ], [ -102.51903904, 47.7706022 ], [ -102.51684579, 47.7317327 ], [ -102.51625643, 47.69286323 ], [ -102.51659236, 47.65399374 ], [ -102.51760447, 47.61512425 ], [ -102.5190423, 47.57625476 ], [ -102.52071007, 47.53738526 ], [ -102.52256117, 47.49851577 ], [ -102.52449177, 47.4596463 ], [ -102.52651592, 47.42077681 ], [ -102.52855626, 47.38190731 ], [ -102.53054402, 47.34303782 ], [ -102.53236273, 47.30416833 ], [ -102.5339948, 47.26529884 ], [ -102.53533045, 47.22642937 ], [ -102.53631917, 47.18755987 ], [ -102.53692733, 47.14869038 ], [ -102.53718464, 47.10982089 ], [ -102.53729771, 47.07095139 ], [ -102.53743311, 47.0320819 ], [ -102.53766987, 46.99321241 ], [ -102.53771245, 46.99101531 ], [ -102.53953209, 46.95434294 ], [ -102.53939595, 46.91547345 ], [ -102.55501122, 46.87660395 ], [ -102.56757839, 46.83773446 ], [ -102.57658195, 46.80748566 ], [ -102.58200007, 46.79886497 ], [ -102.60284273, 46.75999548 ], [ -102.61545145, 46.7334649 ], [ -102.62522765, 46.72112601 ], [ -102.65404793, 46.68225651 ], [ -102.65432091, 46.68189593 ], [ -102.69319041, 46.64522859 ], [ -102.69598897, 46.64338702 ], [ -102.73205991, 46.61946029 ], [ -102.76130071, 46.60451753 ], [ -102.77092941, 46.59981834 ], [ -102.80979888, 46.58723185 ], [ -102.84866837, 46.57723101 ], [ -102.88753787, 46.56915524 ], [ -102.90793131, 46.56564803 ], [ -102.92640737, 46.56280956 ], [ -102.96527684, 46.5572532 ], [ -103.00414633, 46.55097797 ], [ -103.04301583, 46.54252252 ], [ -103.0818853, 46.53074386 ], [ -103.09210916, 46.52677854 ], [ -103.1207548, 46.51592203 ], [ -103.15962429, 46.49496959 ], [ -103.16974622, 46.48790907 ], [ -103.19849379, 46.46657751 ], [ -103.21639485, 46.44903958 ], [ -103.23736326, 46.42533601 ], [ -103.24816004, 46.41017009 ], [ -103.27027307, 46.37130059 ], [ -103.27623276, 46.35762388 ], [ -103.28683549, 46.3324311 ], [ -103.29948929, 46.29356161 ], [ -103.30861613, 46.25469211 ], [ -103.31510225, 46.21927105 ], [ -103.31583575, 46.21582265 ], [ -103.32678579, 46.17695315 ], [ -103.34577154, 46.13808366 ], [ -103.35397172, 46.11708567 ], [ -103.36300832, 46.09921417 ], [ -103.35397172, 46.08562577 ], [ -103.33837981, 46.06034467 ], [ -103.31510225, 46.02944936 ], [ -103.30854532, 46.02147518 ], [ -103.28131294, 45.98260571 ], [ -103.27623276, 45.97262831 ], [ -103.26052476, 45.94373622 ], [ -103.24478276, 45.90486673 ], [ -103.24620963, 45.86599723 ], [ -103.27364073, 45.82712774 ], [ -103.27623276, 45.82509713 ], [ -103.31510225, 45.80910101 ], [ -103.35397172, 45.80268017 ], [ -103.39284122, 45.80013086 ], [ -103.43171072, 45.79969267 ], [ -103.47058021, 45.80062353 ], [ -103.50944968, 45.80236233 ], [ -103.54831918, 45.80482462 ], [ -103.58718868, 45.80771231 ], [ -103.62605815, 45.81100897 ], [ -103.66492764, 45.81447411 ], [ -103.70379714, 45.81832751 ], [ -103.74266664, 45.82232866 ], [ -103.78153611, 45.82573788 ], [ -103.79190038, 45.82712774 ], [ -103.8204056, 45.83130304 ], [ -103.8592751, 45.83613889 ], [ -103.89814457, 45.84127571 ], [ -103.93701407, 45.84669583 ], [ -103.97588356, 45.85235458 ], [ -104.01475306, 45.85820786 ], [ -104.05362253, 45.86447706 ], [ -104.06304776, 45.86599723 ], [ -104.09249203, 45.87108976 ], [ -104.13136152, 45.8778232 ], [ -104.17023099, 45.88443188 ], [ -104.20910049, 45.89087665 ], [ -104.24796999, 45.89721934 ], [ -104.28683949, 45.9035233 ], [ -104.29547959, 45.90486673 ], [ -104.32570895, 45.90992139 ], [ -104.36457845, 45.91638334 ], [ -104.40344795, 45.92273443 ], [ -104.44231742, 45.9289587 ], [ -104.48118692, 45.93492873 ], [ -104.52005641, 45.94088043 ], [ -104.53934908, 45.94373622 ], [ -104.55892591, 45.94687123 ], [ -104.59779538, 45.95288425 ], [ -104.63666488, 45.95878953 ], [ -104.67553437, 45.96460765 ], [ -104.71440384, 45.97017078 ], [ -104.75327334, 45.97564722 ], [ -104.79214284, 45.98095535 ], [ -104.80473289, 45.98260571 ], [ -104.83101233, 45.98639072 ], [ -104.8698818, 45.99190589 ], [ -104.9087513, 45.99714721 ], [ -104.9476208, 46.00240129 ], [ -104.98649027, 46.00749978 ], [ -105.02535976, 46.01243401 ], [ -105.06422926, 46.01754687 ], [ -105.08859655, 46.02147518 ], [ -105.10309876, 46.02397573 ], [ -105.14196823, 46.02781908 ], [ -105.18083772, 46.03306742 ], [ -105.21970722, 46.03824195 ], [ -105.25857669, 46.04340068 ], [ -105.29744619, 46.04832842 ], [ -105.33631568, 46.05330401 ], [ -105.37518518, 46.05798165 ], [ -105.39431545, 46.06034467 ], [ -105.41405465, 46.06310804 ], [ -105.45292415, 46.06824181 ], [ -105.49179364, 46.07320861 ], [ -105.53066314, 46.07812375 ], [ -105.56953261, 46.08304187 ], [ -105.60840211, 46.0879641 ], [ -105.6472716, 46.0928398 ], [ -105.68614107, 46.09526515 ], [ -105.70944186, 46.09921417 ], [ -105.72501057, 46.1025157 ], [ -105.76388007, 46.10780629 ], [ -105.80274957, 46.11313413 ], [ -105.84161903, 46.1185037 ], [ -105.88048853, 46.12375372 ], [ -105.91935803, 46.12928518 ], [ -105.9582275, 46.13166959 ], [ -105.978899, 46.13808366 ], [ -105.997097, 46.14504667 ], [ -106.03596649, 46.14808344 ], [ -106.07483599, 46.15583677 ], [ -106.11370546, 46.16399511 ], [ -106.15257496, 46.16755544 ], [ -106.17176839, 46.17695315 ], [ -106.19144445, 46.19068453 ], [ -106.23031392, 46.20094377 ], [ -106.24978706, 46.21582265 ], [ -106.26918342, 46.23521898 ], [ -106.28618522, 46.25469211 ], [ -106.29237646, 46.29356161 ] ], [ [ -97.91563974, 47.14869038 ], [ -97.91512914, 47.18755987 ], [ -97.91224325, 47.1922714 ], [ -97.89124869, 47.22642937 ], [ -97.87337375, 47.23847084 ], [ -97.83450428, 47.25520597 ], [ -97.79563478, 47.25979498 ], [ -97.75676528, 47.25343846 ], [ -97.71789582, 47.23247961 ], [ -97.71040165, 47.22642937 ], [ -97.67902632, 47.19332357 ], [ -97.67277246, 47.18755987 ], [ -97.65833602, 47.14869038 ], [ -97.66373989, 47.10982089 ], [ -97.67902632, 47.0741617 ], [ -97.68133398, 47.07095139 ], [ -97.71789582, 47.03590557 ], [ -97.7249101, 47.0320819 ], [ -97.75676528, 47.01578979 ], [ -97.79563478, 47.00953687 ], [ -97.83450428, 47.01835006 ], [ -97.8549522, 47.0320819 ], [ -97.87337375, 47.04788827 ], [ -97.88935594, 47.07095139 ], [ -97.90722592, 47.10982089 ], [ -97.91224325, 47.12957074 ], [ -97.91563974, 47.14869038 ] ], [ [ -104.38401147, 44.27234819 ], [ -104.3831417, 44.31121766 ], [ -104.38140038, 44.35008715 ], [ -104.37850046, 44.38895664 ], [ -104.37472904, 44.42782614 ], [ -104.3697973, 44.46669563 ], [ -104.36457845, 44.49112245 ], [ -104.36163825, 44.50556512 ], [ -104.35610112, 44.54443459 ], [ -104.34733375, 44.58330408 ], [ -104.33689658, 44.62217358 ], [ -104.32570895, 44.65254037 ], [ -104.32272641, 44.66104307 ], [ -104.31105564, 44.69991256 ], [ -104.29497302, 44.73878206 ], [ -104.28683949, 44.75626861 ], [ -104.27673718, 44.77765153 ], [ -104.25568067, 44.81652102 ], [ -104.24796999, 44.82897656 ], [ -104.23121884, 44.85539051 ], [ -104.20910049, 44.88630556 ], [ -104.20321817, 44.89426 ], [ -104.17023099, 44.9303961 ], [ -104.16780975, 44.9331295 ], [ -104.13136152, 44.96928246 ], [ -104.12850638, 44.97199899 ], [ -104.09249203, 45.00361444 ], [ -104.08314569, 45.01086848 ], [ -104.05362253, 45.03080655 ], [ -104.02293384, 45.04973795 ], [ -104.01475306, 45.05410411 ], [ -103.97588356, 45.07335047 ], [ -103.941278, 45.08860745 ], [ -103.93701407, 45.09021139 ], [ -103.89814457, 45.10333231 ], [ -103.8592751, 45.11457401 ], [ -103.8204056, 45.1237594 ], [ -103.80096614, 45.12747694 ], [ -103.78153611, 45.13056518 ], [ -103.74266664, 45.1353473 ], [ -103.70379714, 45.13838709 ], [ -103.66492764, 45.13993184 ], [ -103.62605815, 45.14036399 ], [ -103.58718868, 45.13983032 ], [ -103.54831918, 45.13867943 ], [ -103.50944968, 45.13695682 ], [ -103.47058021, 45.13471857 ], [ -103.43171072, 45.13199196 ], [ -103.39284122, 45.12876341 ], [ -103.3795967, 45.12747694 ], [ -103.35397172, 45.12489682 ], [ -103.31510225, 45.12086764 ], [ -103.27623276, 45.11704787 ], [ -103.23736326, 45.11349029 ], [ -103.19849379, 45.11040129 ], [ -103.15962429, 45.1079562 ], [ -103.1207548, 45.10644743 ], [ -103.0818853, 45.1062198 ], [ -103.04301583, 45.10760186 ], [ -103.00414633, 45.10950937 ], [ -102.96527684, 45.11144502 ], [ -102.92640737, 45.11346516 ], [ -102.88753787, 45.11543225 ], [ -102.84866837, 45.11720886 ], [ -102.80979888, 45.11856292 ], [ -102.77092941, 45.11920643 ], [ -102.73205991, 45.11830369 ], [ -102.69319041, 45.1151087 ], [ -102.65432091, 45.10816757 ], [ -102.61545145, 45.09693056 ], [ -102.59546798, 45.08860745 ], [ -102.57658195, 45.08106738 ], [ -102.53771245, 45.06083393 ], [ -102.51877677, 45.04973795 ], [ -102.49884298, 45.03823006 ], [ -102.45997348, 45.01470711 ], [ -102.45378583, 45.01086848 ], [ -102.42110399, 44.9902757 ], [ -102.39128145, 44.97199899 ], [ -102.38223449, 44.96629357 ], [ -102.34336502, 44.9427854 ], [ -102.32616301, 44.9331295 ], [ -102.30449552, 44.92044867 ], [ -102.26562603, 44.89999241 ], [ -102.25321587, 44.89426 ], [ -102.22675656, 44.88143527 ], [ -102.18788706, 44.86566764 ], [ -102.15597387, 44.85539051 ], [ -102.14901756, 44.85303034 ], [ -102.11014807, 44.84356939 ], [ -102.0712786, 44.83798268 ], [ -102.0324091, 44.83662791 ], [ -101.9935396, 44.83992895 ], [ -101.95467013, 44.84889938 ], [ -101.93879273, 44.85539051 ], [ -101.91580064, 44.86491835 ], [ -101.87693114, 44.8875636 ], [ -101.86627064, 44.89426 ], [ -101.83806164, 44.91317132 ], [ -101.81141076, 44.9331295 ], [ -101.79919217, 44.9431812 ], [ -101.76807526, 44.97199899 ], [ -101.76032268, 44.98014131 ], [ -101.73419357, 45.01086848 ], [ -101.72145318, 45.02862908 ], [ -101.70786069, 45.04973795 ], [ -101.68729478, 45.08860745 ], [ -101.68258371, 45.09910308 ], [ -101.67094947, 45.12747694 ], [ -101.65791494, 45.16634643 ], [ -101.64743713, 45.20521592 ], [ -101.64371421, 45.22145068 ], [ -101.63882193, 45.24408542 ], [ -101.6317234, 45.28295489 ], [ -101.6258396, 45.32182438 ], [ -101.62091586, 45.36069387 ], [ -101.61670073, 45.39956337 ], [ -101.61300535, 45.43843286 ], [ -101.6097544, 45.47730235 ], [ -101.60672009, 45.51617182 ], [ -101.60484472, 45.54154104 ], [ -101.60384878, 45.55504131 ], [ -101.60212431, 45.59391081 ], [ -101.60136413, 45.6327803 ], [ -101.60111298, 45.67164979 ], [ -101.60085687, 45.71051928 ], [ -101.60013074, 45.74938878 ], [ -101.59819215, 45.78825825 ], [ -101.59417287, 45.82712774 ], [ -101.58950326, 45.86599723 ], [ -101.58465367, 45.90486673 ], [ -101.57856158, 45.94373622 ], [ -101.56856335, 45.98260571 ], [ -101.56597522, 45.98923866 ], [ -101.55227663, 46.02147518 ], [ -101.52812684, 46.06034467 ], [ -101.52710575, 46.06162192 ], [ -101.49362604, 46.09921417 ], [ -101.48823625, 46.10414784 ], [ -101.44936676, 46.13684774 ], [ -101.44780637, 46.13808366 ], [ -101.41049729, 46.16470766 ], [ -101.39295586, 46.17695315 ], [ -101.37162779, 46.19097216 ], [ -101.33401381, 46.21582265 ], [ -101.33275829, 46.21662074 ], [ -101.2938888, 46.24167925 ], [ -101.27383726, 46.25469211 ], [ -101.25501933, 46.26664544 ], [ -101.21614983, 46.29042674 ], [ -101.21083938, 46.29356161 ], [ -101.17728033, 46.31324529 ], [ -101.14408638, 46.3324311 ], [ -101.13841086, 46.33572556 ], [ -101.09954137, 46.3579162 ], [ -101.0760994, 46.37130059 ], [ -101.06067187, 46.38024685 ], [ -101.02180237, 46.40293521 ], [ -101.00936076, 46.41017009 ], [ -100.9829329, 46.42599534 ], [ -100.9440634, 46.44862476 ], [ -100.94333111, 46.44903958 ], [ -100.90519391, 46.47193352 ], [ -100.87726426, 46.48790907 ], [ -100.86632444, 46.49456745 ], [ -100.82745494, 46.51659252 ], [ -100.80818557, 46.52677854 ], [ -100.78858544, 46.53816867 ], [ -100.74971595, 46.55937371 ], [ -100.73704963, 46.56564803 ], [ -100.71084648, 46.58040792 ], [ -100.67197698, 46.60162369 ], [ -100.66599625, 46.60451753 ], [ -100.63310748, 46.62310638 ], [ -100.59846969, 46.64338702 ], [ -100.59423801, 46.64626515 ], [ -100.55536852, 46.67105324 ], [ -100.53848959, 46.68225651 ], [ -100.51649902, 46.69931026 ], [ -100.48994081, 46.72112601 ], [ -100.47762952, 46.73271709 ], [ -100.44935969, 46.75999548 ], [ -100.43876005, 46.77120676 ], [ -100.41212572, 46.79886497 ], [ -100.39989056, 46.81216779 ], [ -100.37287324, 46.83773446 ], [ -100.36102106, 46.84805011 ], [ -100.32215159, 46.86606089 ], [ -100.28328209, 46.86305155 ], [ -100.2444126, 46.8452072 ], [ -100.2353755, 46.83773446 ], [ -100.21547863, 46.79886497 ], [ -100.21950887, 46.75999548 ], [ -100.23740595, 46.72112601 ], [ -100.2444126, 46.71173255 ], [ -100.26971641, 46.68225651 ], [ -100.28328209, 46.67046989 ], [ -100.31665822, 46.64338702 ], [ -100.32215159, 46.6394173 ], [ -100.35766414, 46.60451753 ], [ -100.36102106, 46.60134889 ], [ -100.38648142, 46.56564803 ], [ -100.39989056, 46.54170317 ], [ -100.40655033, 46.52677854 ], [ -100.42208465, 46.48790907 ], [ -100.43443066, 46.44903958 ], [ -100.43876005, 46.43398438 ], [ -100.44486484, 46.41017009 ], [ -100.45359337, 46.37130059 ], [ -100.46076465, 46.3324311 ], [ -100.46686519, 46.29356161 ], [ -100.47205474, 46.25469211 ], [ -100.47658963, 46.21582265 ], [ -100.47762952, 46.2059973 ], [ -100.48050421, 46.17695315 ], [ -100.48282603, 46.13808366 ], [ -100.48371869, 46.09921417 ], [ -100.48362075, 46.06034467 ], [ -100.48278027, 46.02147518 ], [ -100.48156925, 45.98260571 ], [ -100.48027994, 45.94373622 ], [ -100.47933161, 45.90486673 ], [ -100.47924435, 45.86599723 ], [ -100.48069392, 45.82712774 ], [ -100.48322672, 45.78825825 ], [ -100.48551388, 45.74938878 ], [ -100.48643693, 45.71051928 ], [ -100.48538287, 45.67164979 ], [ -100.48294872, 45.6327803 ], [ -100.48054175, 45.59391081 ], [ -100.47841056, 45.55504131 ], [ -100.47762952, 45.54388217 ], [ -100.47581802, 45.51617182 ], [ -100.47229419, 45.47730235 ], [ -100.46751609, 45.43843286 ], [ -100.4611161, 45.39956337 ], [ -100.45260298, 45.36069387 ], [ -100.44102003, 45.32182438 ], [ -100.43876005, 45.31577766 ], [ -100.42440612, 45.28295489 ], [ -100.39989056, 45.24786924 ], [ -100.39600402, 45.24408542 ], [ -100.36102106, 45.21986387 ], [ -100.32215159, 45.20772538 ], [ -100.30329335, 45.20521592 ], [ -100.28328209, 45.2024864 ], [ -100.2444126, 45.20148851 ], [ -100.2055431, 45.20201691 ], [ -100.16667363, 45.20007653 ], [ -100.12780413, 45.19184138 ], [ -100.08893464, 45.20298876 ], [ -100.08500798, 45.20521592 ], [ -100.05006517, 45.22380168 ], [ -100.01382614, 45.24408542 ], [ -100.01119567, 45.24550295 ], [ -99.97232617, 45.26505089 ], [ -99.94586352, 45.28295489 ], [ -99.93345668, 45.29119436 ], [ -99.89702528, 45.32182438 ], [ -99.89458721, 45.32443754 ], [ -99.862811, 45.36069387 ], [ -99.85571771, 45.37163742 ], [ -99.83596736, 45.39956337 ], [ -99.82135595, 45.43843286 ], [ -99.81763536, 45.47730235 ], [ -99.81684821, 45.48371831 ], [ -99.80642387, 45.51617182 ], [ -99.77797872, 45.52528972 ], [ -99.73910925, 45.52246255 ], [ -99.71861022, 45.51617182 ], [ -99.70023975, 45.51006651 ], [ -99.66137025, 45.49450101 ], [ -99.63210917, 45.47730235 ], [ -99.62250078, 45.47100231 ], [ -99.58363129, 45.44205451 ], [ -99.57925656, 45.43843286 ], [ -99.55566974, 45.39956337 ], [ -99.56290366, 45.36069387 ], [ -99.57765003, 45.32182438 ], [ -99.58363129, 45.30780251 ], [ -99.59722081, 45.28295489 ], [ -99.6178394, 45.24408542 ], [ -99.62250078, 45.23536613 ], [ -99.64234981, 45.20521592 ], [ -99.66137025, 45.17504485 ], [ -99.66796908, 45.16634643 ], [ -99.69737819, 45.12747694 ], [ -99.70023975, 45.1237695 ], [ -99.73203566, 45.08860745 ], [ -99.73910925, 45.08085008 ], [ -99.77189098, 45.04973795 ], [ -99.77797872, 45.04413503 ], [ -99.81684821, 45.01309834 ], [ -99.82002296, 45.01086848 ], [ -99.85571771, 44.98806735 ], [ -99.88451028, 44.97199899 ], [ -99.89458721, 44.96714047 ], [ -99.93345668, 44.95198724 ], [ -99.97232617, 44.94001903 ], [ -99.9982021, 44.9331295 ], [ -100.01119567, 44.93021758 ], [ -100.05006517, 44.92021208 ], [ -100.08893464, 44.90545741 ], [ -100.10409005, 44.89426 ], [ -100.12780413, 44.87817543 ], [ -100.15845369, 44.85539051 ], [ -100.16667363, 44.85000281 ], [ -100.2055431, 44.83453614 ], [ -100.2444126, 44.83453926 ], [ -100.28328209, 44.8466712 ], [ -100.29891766, 44.85539051 ], [ -100.32215159, 44.87333698 ], [ -100.34626707, 44.89426 ], [ -100.36102106, 44.90951419 ], [ -100.38656816, 44.9331295 ], [ -100.39989056, 44.94670066 ], [ -100.43280218, 44.97199899 ], [ -100.43876005, 44.97680663 ], [ -100.47762952, 44.99755387 ], [ -100.51649902, 45.00768897 ], [ -100.55536852, 45.00849638 ], [ -100.59423801, 45.00353915 ], [ -100.63310748, 44.99497153 ], [ -100.67197698, 44.98388936 ], [ -100.71084648, 44.97247266 ], [ -100.71247907, 44.97199899 ], [ -100.74971595, 44.96138299 ], [ -100.78858544, 44.9502768 ], [ -100.82745494, 44.93915975 ], [ -100.84847876, 44.9331295 ], [ -100.86632444, 44.92794719 ], [ -100.90519391, 44.91661933 ], [ -100.9440634, 44.90500835 ], [ -100.97915241, 44.89426 ], [ -100.9829329, 44.89306348 ], [ -101.02180237, 44.88067343 ], [ -101.06067187, 44.86768726 ], [ -101.09568524, 44.85539051 ], [ -101.09954137, 44.85394932 ], [ -101.13841086, 44.83893484 ], [ -101.17728033, 44.82240898 ], [ -101.19037869, 44.81652102 ], [ -101.21614983, 44.8037738 ], [ -101.25501933, 44.78240509 ], [ -101.26305287, 44.77765153 ], [ -101.2938888, 44.75691014 ], [ -101.31780936, 44.73878206 ], [ -101.33275829, 44.72558939 ], [ -101.35912331, 44.69991256 ], [ -101.37162779, 44.68556126 ], [ -101.39154883, 44.66104307 ], [ -101.41049729, 44.63338122 ], [ -101.41775711, 44.62217358 ], [ -101.43973365, 44.58330408 ], [ -101.44936676, 44.56361362 ], [ -101.45851311, 44.54443459 ], [ -101.47007032, 44.50556512 ], [ -101.47331212, 44.46669563 ], [ -101.46999362, 44.42782614 ], [ -101.46188715, 44.38895664 ], [ -101.45106437, 44.35008715 ], [ -101.44936676, 44.34412707 ], [ -101.44071289, 44.31121766 ], [ -101.43458391, 44.27234819 ], [ -101.4320373, 44.2334787 ], [ -101.43147493, 44.1946092 ], [ -101.43194988, 44.15573971 ], [ -101.43303926, 44.11687022 ], [ -101.43445745, 44.07800072 ], [ -101.43602597, 44.03913123 ], [ -101.43770012, 44.00026176 ], [ -101.43946167, 43.96139227 ], [ -101.44128233, 43.92252278 ], [ -101.44294026, 43.88365328 ], [ -101.44457762, 43.84478379 ], [ -101.44630664, 43.8059143 ], [ -101.44814672, 43.76704483 ], [ -101.44936676, 43.74349546 ], [ -101.45021937, 43.72817534 ], [ -101.45264437, 43.68930584 ], [ -101.45528629, 43.65043635 ], [ -101.45827618, 43.61156686 ], [ -101.46161732, 43.57269736 ], [ -101.46540751, 43.53382789 ], [ -101.46960611, 43.4949584 ], [ -101.47435477, 43.45608891 ], [ -101.47962938, 43.41721942 ], [ -101.48554416, 43.37834992 ], [ -101.48823625, 43.36239571 ], [ -101.49253855, 43.33948043 ], [ -101.50064696, 43.30061094 ], [ -101.50965476, 43.26174147 ], [ -101.52068383, 43.22287197 ], [ -101.52710575, 43.20526842 ], [ -101.53734707, 43.18400248 ], [ -101.5597845, 43.14513299 ], [ -101.56597522, 43.13537166 ], [ -101.5882462, 43.1062635 ], [ -101.60484472, 43.08641609 ], [ -101.62394822, 43.067394 ], [ -101.64371421, 43.04851537 ], [ -101.66796043, 43.02852453 ], [ -101.68258371, 43.01661382 ], [ -101.7197269, 42.98965504 ], [ -101.72145318, 42.9884071 ], [ -101.76032268, 42.96279507 ], [ -101.78001844, 42.95078555 ], [ -101.79919217, 42.93899836 ], [ -101.83806164, 42.91659456 ], [ -101.84673491, 42.91191606 ], [ -101.87693114, 42.89535278 ], [ -101.91580064, 42.87504943 ], [ -101.91985861, 42.87304656 ], [ -101.95467013, 42.85564081 ], [ -101.9935396, 42.83692994 ], [ -101.99957988, 42.83417707 ], [ -102.0324091, 42.81901391 ], [ -102.0712786, 42.8015206 ], [ -102.08575351, 42.7953076 ], [ -102.11014807, 42.78464233 ], [ -102.14901756, 42.76822905 ], [ -102.17794731, 42.75643811 ], [ -102.18788706, 42.75232841 ], [ -102.22675656, 42.73700446 ], [ -102.26562603, 42.72223422 ], [ -102.27914885, 42.71756861 ], [ -102.30449552, 42.70864535 ], [ -102.34336502, 42.69620182 ], [ -102.38223449, 42.68472857 ], [ -102.40478315, 42.67869912 ], [ -102.42110399, 42.67426386 ], [ -102.45997348, 42.66466386 ], [ -102.49884298, 42.65595324 ], [ -102.53771245, 42.6479196 ], [ -102.57658195, 42.64239096 ], [ -102.58927805, 42.63982963 ], [ -102.61545145, 42.6342112 ], [ -102.65432091, 42.62838469 ], [ -102.69319041, 42.62331152 ], [ -102.73205991, 42.61878759 ], [ -102.77092941, 42.61493433 ], [ -102.80979888, 42.61184455 ], [ -102.84866837, 42.6096289 ], [ -102.88753787, 42.60793085 ], [ -102.92640737, 42.60698445 ], [ -102.96527684, 42.6068346 ], [ -103.00414633, 42.60753519 ], [ -103.04301583, 42.609084 ], [ -103.0818853, 42.61156262 ], [ -103.1207548, 42.61482194 ], [ -103.15962429, 42.61916271 ], [ -103.19849379, 42.62447129 ], [ -103.23736326, 42.63083703 ], [ -103.27623276, 42.63595324 ], [ -103.29040454, 42.63982963 ], [ -103.31510225, 42.64720436 ], [ -103.35397172, 42.65722054 ], [ -103.39284122, 42.66854542 ], [ -103.42330071, 42.67869912 ], [ -103.43171072, 42.68158044 ], [ -103.47058021, 42.69630301 ], [ -103.50944968, 42.71228861 ], [ -103.5212729, 42.71756861 ], [ -103.54831918, 42.72988576 ], [ -103.58718868, 42.74930206 ], [ -103.60063848, 42.75643811 ], [ -103.62605815, 42.77035069 ], [ -103.66492764, 42.79081659 ], [ -103.67171046, 42.7953076 ], [ -103.70379714, 42.81880238 ], [ -103.72600518, 42.83417707 ], [ -103.74266664, 42.84624217 ], [ -103.77391262, 42.87304656 ], [ -103.78153611, 42.87925599 ], [ -103.8204056, 42.90600761 ], [ -103.82697366, 42.91191606 ], [ -103.8592751, 42.94447138 ], [ -103.86583516, 42.95078555 ], [ -103.89814457, 42.98309497 ], [ -103.90445874, 42.98965504 ], [ -103.93701407, 43.02156018 ], [ -103.94321819, 43.02852453 ], [ -103.97022063, 43.067394 ], [ -103.97588356, 43.074224 ], [ -104.00414972, 43.1062635 ], [ -104.01475306, 43.12019057 ], [ -104.03311715, 43.14513299 ], [ -104.05362253, 43.17428864 ], [ -104.06016669, 43.18400248 ], [ -104.08560593, 43.22287197 ], [ -104.09249203, 43.23370882 ], [ -104.10959234, 43.26174147 ], [ -104.13136152, 43.29491086 ], [ -104.13477388, 43.30061094 ], [ -104.15340975, 43.33948043 ], [ -104.17023099, 43.37187517 ], [ -104.17349886, 43.37834992 ], [ -104.1921835, 43.41721942 ], [ -104.20910049, 43.44892212 ], [ -104.21258207, 43.45608891 ], [ -104.22679748, 43.4949584 ], [ -104.24246412, 43.53382789 ], [ -104.24796999, 43.54796738 ], [ -104.25743202, 43.57269736 ], [ -104.27142396, 43.61156686 ], [ -104.28227428, 43.65043635 ], [ -104.28683949, 43.66318493 ], [ -104.29655448, 43.68930584 ], [ -104.30803899, 43.72817534 ], [ -104.31869711, 43.76704483 ], [ -104.32570895, 43.79463668 ], [ -104.32852878, 43.8059143 ], [ -104.33752299, 43.84478379 ], [ -104.3456081, 43.88365328 ], [ -104.35294665, 43.92252278 ], [ -104.35967967, 43.96139227 ], [ -104.36457845, 43.98475305 ], [ -104.36760141, 44.00026176 ], [ -104.37060292, 44.03913123 ], [ -104.37496139, 44.07800072 ], [ -104.378522, 44.11687022 ], [ -104.38106683, 44.15573971 ], [ -104.38283356, 44.1946092 ], [ -104.38386514, 44.2334787 ], [ -104.38401147, 44.27234819 ] ], [ [ -102.56527002, 45.67164979 ], [ -102.56089522, 45.71051928 ], [ -102.55055357, 45.74938878 ], [ -102.53771245, 45.78169726 ], [ -102.53534867, 45.78825825 ], [ -102.51743224, 45.82712774 ], [ -102.49884298, 45.86415039 ], [ -102.49791175, 45.86599723 ], [ -102.45997348, 45.89196654 ], [ -102.42110399, 45.89301309 ], [ -102.38223449, 45.88741602 ], [ -102.34336502, 45.87972289 ], [ -102.30449552, 45.88437616 ], [ -102.26562603, 45.9011629 ], [ -102.25500685, 45.90486673 ], [ -102.22675656, 45.91458064 ], [ -102.18788706, 45.92579348 ], [ -102.14901756, 45.93597701 ], [ -102.11334553, 45.94373622 ], [ -102.11014807, 45.94456034 ], [ -102.0712786, 45.9501141 ], [ -102.0324091, 45.95050903 ], [ -101.99671961, 45.94373622 ], [ -101.9935396, 45.94299243 ], [ -101.95467013, 45.92252686 ], [ -101.93588412, 45.90486673 ], [ -101.91580064, 45.87327408 ], [ -101.91240543, 45.86599723 ], [ -101.90249205, 45.82712774 ], [ -101.89820035, 45.78825825 ], [ -101.89752027, 45.74938878 ], [ -101.89902721, 45.71051928 ], [ -101.90147474, 45.67164979 ], [ -101.90512783, 45.6327803 ], [ -101.91053269, 45.59391081 ], [ -101.91580064, 45.56829332 ], [ -101.91881634, 45.55504131 ], [ -101.93016043, 45.51617182 ], [ -101.94313358, 45.47730235 ], [ -101.95467013, 45.44800507 ], [ -101.95892283, 45.43843286 ], [ -101.97908869, 45.39956337 ], [ -101.9935396, 45.37567983 ], [ -102.00530113, 45.36069387 ], [ -102.0324091, 45.33375147 ], [ -102.05401871, 45.32182438 ], [ -102.0712786, 45.31368976 ], [ -102.11014807, 45.30476161 ], [ -102.14901756, 45.30255245 ], [ -102.18788706, 45.30544149 ], [ -102.22675656, 45.31238907 ], [ -102.2616618, 45.32182438 ], [ -102.26562603, 45.32291202 ], [ -102.30449552, 45.33698768 ], [ -102.34336502, 45.3540661 ], [ -102.35603627, 45.36069387 ], [ -102.38223449, 45.3751467 ], [ -102.41891523, 45.39956337 ], [ -102.42110399, 45.40115058 ], [ -102.45997348, 45.43432288 ], [ -102.46411808, 45.43843286 ], [ -102.49753696, 45.47730235 ], [ -102.49884298, 45.47921473 ], [ -102.52133856, 45.51617182 ], [ -102.53771245, 45.54930375 ], [ -102.54056036, 45.55504131 ], [ -102.55480013, 45.59391081 ], [ -102.5631629, 45.6327803 ], [ -102.56527002, 45.67164979 ] ], [ [ -103.23306628, 46.09921417 ], [ -103.22033225, 46.13808366 ], [ -103.19849379, 46.16342526 ], [ -103.18655113, 46.17695315 ], [ -103.15962429, 46.20298532 ], [ -103.14279088, 46.21582265 ], [ -103.1207548, 46.23331378 ], [ -103.08713229, 46.25469211 ], [ -103.0818853, 46.2584654 ], [ -103.04301583, 46.28140816 ], [ -103.02085481, 46.29356161 ], [ -103.00414633, 46.30309136 ], [ -102.96527684, 46.32157958 ], [ -102.94143955, 46.3324311 ], [ -102.92640737, 46.33923657 ], [ -102.88753787, 46.35440557 ], [ -102.84866837, 46.36923701 ], [ -102.84268794, 46.37130059 ], [ -102.80979888, 46.38234864 ], [ -102.77092941, 46.39603807 ], [ -102.73667232, 46.41017009 ], [ -102.73205991, 46.41204716 ], [ -102.69319041, 46.43137968 ], [ -102.66852049, 46.44903958 ], [ -102.65432091, 46.459341 ], [ -102.62792474, 46.48790907 ], [ -102.61545145, 46.50222403 ], [ -102.60008714, 46.52677854 ], [ -102.57889997, 46.56564803 ], [ -102.57658195, 46.57018546 ], [ -102.56014484, 46.60451753 ], [ -102.54549496, 46.64338702 ], [ -102.53771245, 46.669364 ], [ -102.53361677, 46.68225651 ], [ -102.52381015, 46.72112601 ], [ -102.51720655, 46.75999548 ], [ -102.51295884, 46.79886497 ], [ -102.51028781, 46.83773446 ], [ -102.50871968, 46.87660395 ], [ -102.50688406, 46.91547345 ], [ -102.50831872, 46.95434294 ], [ -102.50141757, 46.99321241 ], [ -102.49884298, 47.00349403 ], [ -102.48619146, 47.0320819 ], [ -102.47148225, 47.07095139 ], [ -102.45997348, 47.10369259 ], [ -102.45655633, 47.10982089 ], [ -102.43861877, 47.14869038 ], [ -102.42275759, 47.18755987 ], [ -102.42110399, 47.19176653 ], [ -102.40222716, 47.22642937 ], [ -102.3823942, 47.26529884 ], [ -102.38223449, 47.26562253 ], [ -102.35439103, 47.30416833 ], [ -102.34336502, 47.31957696 ], [ -102.31686696, 47.34303782 ], [ -102.30449552, 47.3539683 ], [ -102.26562603, 47.37248297 ], [ -102.22675656, 47.37824021 ], [ -102.18788706, 47.37307123 ], [ -102.14901756, 47.3578148 ], [ -102.12558886, 47.34303782 ], [ -102.11014807, 47.33233096 ], [ -102.08007666, 47.30416833 ], [ -102.0712786, 47.29469161 ], [ -102.04918847, 47.26529884 ], [ -102.0324091, 47.23814823 ], [ -102.02629889, 47.22642937 ], [ -102.01071081, 47.18755987 ], [ -102.00094671, 47.14869038 ], [ -101.99710062, 47.10982089 ], [ -101.99789166, 47.07095139 ], [ -102.0023649, 47.0320819 ], [ -102.00969832, 46.99321241 ], [ -102.01931803, 46.95434294 ], [ -102.03063139, 46.91547345 ], [ -102.0324091, 46.90957254 ], [ -102.04267308, 46.87660395 ], [ -102.05441968, 46.83773446 ], [ -102.06551693, 46.79886497 ], [ -102.0712786, 46.77610994 ], [ -102.07549394, 46.75999548 ], [ -102.08352439, 46.72112601 ], [ -102.08925595, 46.68225651 ], [ -102.09283694, 46.64338702 ], [ -102.09464617, 46.60451753 ], [ -102.09580364, 46.56564803 ], [ -102.09684463, 46.52677854 ], [ -102.09818578, 46.48790907 ], [ -102.10032571, 46.44903958 ], [ -102.10380233, 46.41017009 ], [ -102.10932853, 46.37130059 ], [ -102.11014807, 46.36732468 ], [ -102.11730647, 46.3324311 ], [ -102.12848228, 46.29356161 ], [ -102.14366598, 46.25469211 ], [ -102.14901756, 46.24412695 ], [ -102.16269475, 46.21582265 ], [ -102.1861102, 46.17695315 ], [ -102.18788706, 46.17454338 ], [ -102.21251854, 46.13808366 ], [ -102.22675656, 46.1205479 ], [ -102.24234198, 46.09921417 ], [ -102.26562603, 46.07277034 ], [ -102.27538522, 46.06034467 ], [ -102.30449552, 46.03148212 ], [ -102.31413337, 46.02147518 ], [ -102.34336502, 46.00008837 ], [ -102.37510982, 45.98260571 ], [ -102.38223449, 45.97996301 ], [ -102.42110399, 45.98160714 ], [ -102.42927679, 45.98260571 ], [ -102.45997348, 45.98682478 ], [ -102.49884298, 45.99120922 ], [ -102.53771245, 45.99461868 ], [ -102.57658195, 45.99702229 ], [ -102.61545145, 45.99643585 ], [ -102.65432091, 45.99219657 ], [ -102.68865705, 45.98260571 ], [ -102.69319041, 45.98016231 ], [ -102.73205991, 45.95966498 ], [ -102.76827282, 45.94373622 ], [ -102.77092941, 45.94252287 ], [ -102.80979888, 45.93028156 ], [ -102.84866837, 45.92466299 ], [ -102.88753787, 45.92555411 ], [ -102.92640737, 45.93228618 ], [ -102.96365274, 45.94373622 ], [ -102.96527684, 45.94417758 ], [ -103.00414633, 45.95902926 ], [ -103.04301583, 45.97696947 ], [ -103.05299192, 45.98260571 ], [ -103.0818853, 45.99665707 ], [ -103.1207548, 46.01807896 ], [ -103.12587044, 46.02147518 ], [ -103.15962429, 46.04094907 ], [ -103.18642919, 46.06034467 ], [ -103.19849379, 46.06909903 ], [ -103.23306628, 46.09921417 ] ] ] } },
{ "type": "Feature", "properties": { "Lower": 35.0 }, "geometry": { "type": "Polygon", "coordinates": [ [ [ -96.19175519, 47.7317327 ], [ -96.19040731, 47.7706022 ], [ -96.17045879, 47.80947169 ], [ -96.16311624, 47.81702362 ], [ -96.12424674, 47.84194368 ], [ -96.10951879, 47.84834118 ], [ -96.08537724, 47.85782052 ], [ -96.04650777, 47.86886432 ], [ -96.00763828, 47.8758026 ], [ -95.96876878, 47.87720433 ], [ -95.92989931, 47.86900552 ], [ -95.90059834, 47.84834118 ], [ -95.89102981, 47.83547313 ], [ -95.88089479, 47.80947169 ], [ -95.87549824, 47.7706022 ], [ -95.87742711, 47.7317327 ], [ -95.88684436, 47.69286323 ], [ -95.89102981, 47.68785342 ], [ -95.91728484, 47.65399374 ], [ -95.92989931, 47.6356688 ], [ -95.94341923, 47.61512425 ], [ -95.96876878, 47.58122172 ], [ -95.9753583, 47.57625476 ], [ -96.00763828, 47.55867488 ], [ -96.04650777, 47.55479685 ], [ -96.08537724, 47.56467235 ], [ -96.10542968, 47.57625476 ], [ -96.12424674, 47.59200296 ], [ -96.14252103, 47.61512425 ], [ -96.15890588, 47.65399374 ], [ -96.16311624, 47.66345219 ], [ -96.1742812, 47.69286323 ], [ -96.19175519, 47.7317327 ] ] ] } },
{ "type": "Feature", "properties": { "Lower": 35.0 }, "geometry": { "type": "Polygon", "coordinates": [ [ [ -113.03247455, 43.38807681 ], [ -112.99360505, 43.40135071 ], [ -112.95473555, 43.39386329 ], [ -112.91586608, 43.38560649 ], [ -112.88470486, 43.37834992 ], [ -112.87699659, 43.37668009 ], [ -112.83812709, 43.36753364 ], [ -112.79925759, 43.35758543 ], [ -112.76038812, 43.34675921 ], [ -112.73638974, 43.33948043 ], [ -112.72151863, 43.33545596 ], [ -112.68264913, 43.32424706 ], [ -112.64377966, 43.31241781 ], [ -112.60651702, 43.30061094 ], [ -112.60491016, 43.30019075 ], [ -112.56604067, 43.28995115 ], [ -112.52717117, 43.28013979 ], [ -112.4883017, 43.27121428 ], [ -112.4494322, 43.2637285 ], [ -112.43761472, 43.26174147 ], [ -112.4105627, 43.25774235 ], [ -112.37169324, 43.25199595 ], [ -112.33282374, 43.24462391 ], [ -112.29395424, 43.23438833 ], [ -112.25508474, 43.22441025 ], [ -112.2485653, 43.22287197 ], [ -112.21621527, 43.21431901 ], [ -112.17734578, 43.20461582 ], [ -112.13847628, 43.19637058 ], [ -112.09960681, 43.19195669 ], [ -112.06073731, 43.19293161 ], [ -112.02186782, 43.20119608 ], [ -111.98299832, 43.22132297 ], [ -111.98107907, 43.22287197 ], [ -111.94412885, 43.25078698 ], [ -111.93439087, 43.26174147 ], [ -111.90525935, 43.29386556 ], [ -111.90047652, 43.30061094 ], [ -111.87189912, 43.33948043 ], [ -111.86638986, 43.34662893 ], [ -111.84544156, 43.37834992 ], [ -111.82752039, 43.40711584 ], [ -111.82168761, 43.41721942 ], [ -111.79839575, 43.45608891 ], [ -111.78865089, 43.47221826 ], [ -111.77559164, 43.4949584 ], [ -111.75524834, 43.53382789 ], [ -111.74978139, 43.54346527 ], [ -111.73383581, 43.57269736 ], [ -111.7109119, 43.60215586 ], [ -111.70235624, 43.61156686 ], [ -111.67204243, 43.64755929 ], [ -111.66702905, 43.65043635 ], [ -111.63317293, 43.68437432 ], [ -111.60822884, 43.65043635 ], [ -111.60750726, 43.61156686 ], [ -111.60940029, 43.57269736 ], [ -111.62206927, 43.53382789 ], [ -111.63317293, 43.50459024 ], [ -111.63634165, 43.4949584 ], [ -111.64934185, 43.45608891 ], [ -111.6641853, 43.41721942 ], [ -111.67204243, 43.39761162 ], [ -111.67905614, 43.37834992 ], [ -111.69384356, 43.33948043 ], [ -111.71021635, 43.30061094 ], [ -111.7109119, 43.2989981 ], [ -111.72589955, 43.26174147 ], [ -111.74275869, 43.22287197 ], [ -111.74978139, 43.20750858 ], [ -111.76023629, 43.18400248 ], [ -111.77807336, 43.14513299 ], [ -111.78865089, 43.12324287 ], [ -111.79695323, 43.1062635 ], [ -111.8160304, 43.067394 ], [ -111.82752039, 43.04478538 ], [ -111.83619234, 43.02852453 ], [ -111.85641213, 42.98965504 ], [ -111.86638986, 42.97082053 ], [ -111.87841911, 42.95078555 ], [ -111.89930068, 42.91191606 ], [ -111.90525935, 42.90085446 ], [ -111.92440141, 42.87304656 ], [ -111.94412885, 42.838955 ], [ -111.94810697, 42.83417707 ], [ -111.97702921, 42.7953076 ], [ -111.98299832, 42.78631216 ], [ -112.00649797, 42.75643811 ], [ -112.02186782, 42.73657834 ], [ -112.03386704, 42.71756861 ], [ -112.05940638, 42.67869912 ], [ -112.06073731, 42.67682167 ], [ -112.08406863, 42.63982963 ], [ -112.09960681, 42.61732473 ], [ -112.11036772, 42.60096014 ], [ -112.1376264, 42.56209064 ], [ -112.13847628, 42.56093002 ], [ -112.16568734, 42.52322117 ], [ -112.17734578, 42.50760682 ], [ -112.1948932, 42.48435168 ], [ -112.21621527, 42.45665582 ], [ -112.22505151, 42.44548219 ], [ -112.25508474, 42.40790658 ], [ -112.25615719, 42.40661269 ], [ -112.2885484, 42.3677432 ], [ -112.29395424, 42.36127492 ], [ -112.32216989, 42.32887371 ], [ -112.33282374, 42.31664863 ], [ -112.35716069, 42.29000424 ], [ -112.37169324, 42.27410589 ], [ -112.39376815, 42.25113475 ], [ -112.4105627, 42.23368452 ], [ -112.43234175, 42.21226525 ], [ -112.4494322, 42.19551991 ], [ -112.47344188, 42.17339576 ], [ -112.4883017, 42.15981472 ], [ -112.51796996, 42.13452627 ], [ -112.52717117, 42.12679241 ], [ -112.56604067, 42.09669538 ], [ -112.567513, 42.09565677 ], [ -112.60491016, 42.06998066 ], [ -112.6268171, 42.05678731 ], [ -112.64377966, 42.04695844 ], [ -112.68264913, 42.02831712 ], [ -112.70975858, 42.01791781 ], [ -112.72151863, 42.01356638 ], [ -112.76038812, 41.99926641 ], [ -112.77011005, 42.01791781 ], [ -112.79925759, 42.04705259 ], [ -112.80899231, 42.05678731 ], [ -112.8090013, 42.09565677 ], [ -112.80900996, 42.13452627 ], [ -112.83812709, 42.16363172 ], [ -112.83812709, 42.16367719 ], [ -112.82432574, 42.17339576 ], [ -112.79925759, 42.18408273 ], [ -112.76038812, 42.20048513 ], [ -112.73261177, 42.21226525 ], [ -112.72151863, 42.21717068 ], [ -112.68264913, 42.23773832 ], [ -112.66093648, 42.25113475 ], [ -112.64377966, 42.26203164 ], [ -112.60491016, 42.28926319 ], [ -112.60393936, 42.29000424 ], [ -112.56604067, 42.3193705 ], [ -112.55454358, 42.32887371 ], [ -112.52717117, 42.35169869 ], [ -112.50901356, 42.3677432 ], [ -112.4883017, 42.38613333 ], [ -112.46644768, 42.40661269 ], [ -112.4494322, 42.42262244 ], [ -112.42638579, 42.44548219 ], [ -112.4105627, 42.46124091 ], [ -112.38856106, 42.48435168 ], [ -112.37169324, 42.50215661 ], [ -112.35280455, 42.52322117 ], [ -112.33282374, 42.54570568 ], [ -112.31906947, 42.56209064 ], [ -112.29395424, 42.59253666 ], [ -112.28740019, 42.60096014 ], [ -112.25812201, 42.63982963 ], [ -112.25508474, 42.64405708 ], [ -112.23176009, 42.67869912 ], [ -112.21621527, 42.70367968 ], [ -112.20810733, 42.71756861 ], [ -112.1883922, 42.75643811 ], [ -112.17734578, 42.78435528 ], [ -112.17318661, 42.7953076 ], [ -112.16155475, 42.83417707 ], [ -112.15227558, 42.87304656 ], [ -112.14630773, 42.91191606 ], [ -112.14507256, 42.95078555 ], [ -112.15083963, 42.98965504 ], [ -112.16753518, 43.02852453 ], [ -112.17734578, 43.04067689 ], [ -112.19987062, 43.067394 ], [ -112.21621527, 43.07998744 ], [ -112.25013787, 43.1062635 ], [ -112.25508474, 43.10907399 ], [ -112.29395424, 43.13038227 ], [ -112.32518847, 43.14513299 ], [ -112.33282374, 43.1479629 ], [ -112.37169324, 43.16257322 ], [ -112.4105627, 43.17627004 ], [ -112.44862696, 43.18400248 ], [ -112.4494322, 43.18413527 ], [ -112.4883017, 43.1903509 ], [ -112.52717117, 43.19660027 ], [ -112.56604067, 43.20289927 ], [ -112.60491016, 43.20926791 ], [ -112.64377966, 43.21572305 ], [ -112.68264913, 43.22207889 ], [ -112.68763688, 43.22287197 ], [ -112.72151863, 43.22856437 ], [ -112.76038812, 43.23511014 ], [ -112.79925759, 43.24160517 ], [ -112.83812709, 43.24803543 ], [ -112.87699659, 43.25437101 ], [ -112.91586608, 43.26062149 ], [ -112.92299853, 43.26174147 ], [ -112.95473555, 43.26727571 ], [ -112.99360505, 43.27384758 ], [ -113.03247455, 43.28023799 ], [ -113.0421994, 43.26174147 ], [ -113.04224484, 43.26174147 ], [ -113.04222916, 43.30061094 ], [ -113.04221475, 43.33948043 ], [ -113.04220143, 43.37834992 ], [ -113.03247455, 43.38807681 ] ] ] } },
{ "type": "Feature", "properties": { "Lower": 35.0 }, "geometry": { "type": "Polygon", "coordinates": [ [ [ -103.23306628, 46.09921417 ], [ -103.22033225, 46.13808366 ], [ -103.19849379, 46.16342526 ], [ -103.18655113, 46.17695315 ], [ -103.15962429, 46.20298532 ], [ -103.14279088, 46.21582265 ], [ -103.1207548, 46.23331378 ], [ -103.08713229, 46.25469211 ], [ -103.0818853, 46.2584654 ], [ -103.04301583, 46.28140816 ], [ -103.02085481, 46.29356161 ], [ -103.00414633, 46.30309136 ], [ -102.96527684, 46.32157958 ], [ -102.94143955, 46.3324311 ], [ -102.92640737, 46.33923657 ], [ -102.88753787, 46.35440557 ], [ -102.84866837, 46.36923701 ], [ -102.84268794, 46.37130059 ], [ -102.80979888, 46.38234864 ], [ -102.77092941, 46.39603807 ], [ -102.73667232, 46.41017009 ], [ -102.73205991, 46.41204716 ], [ -102.69319041, 46.43137968 ], [ -102.66852049, 46.44903958 ], [ -102.65432091, 46.459341 ], [ -102.62792474, 46.48790907 ], [ -102.61545145, 46.50222403 ], [ -102.60008714, 46.52677854 ], [ -102.57889997, 46.56564803 ], [ -102.57658195, 46.57018546 ], [ -102.56014484, 46.60451753 ], [ -102.54549496, 46.64338702 ], [ -102.53771245, 46.669364 ], [ -102.53361677, 46.68225651 ], [ -102.52381015, 46.72112601 ], [ -102.51720655, 46.75999548 ], [ -102.51295884, 46.79886497 ], [ -102.51028781, 46.83773446 ], [ -102.50871968, 46.87660395 ], [ -102.50688406, 46.91547345 ], [ -102.50831872, 46.95434294 ], [ -102.50141757, 46.99321241 ], [ -102.49884298, 47.00349403 ], [ -102.48619146, 47.0320819 ], [ -102.47148225, 47.07095139 ], [ -102.45997348, 47.10369259 ], [ -102.45655633, 47.10982089 ], [ -102.43861877, 47.14869038 ], [ -102.42275759, 47.18755987 ], [ -102.42110399, 47.19176653 ], [ -102.40222716, 47.22642937 ], [ -102.3823942, 47.26529884 ], [ -102.38223449, 47.26562253 ], [ -102.35439103, 47.30416833 ], [ -102.34336502, 47.31957696 ], [ -102.31686696, 47.34303782 ], [ -102.30449552, 47.3539683 ], [ -102.26562603, 47.37248297 ], [ -102.22675656, 47.37824021 ], [ -102.18788706, 47.37307123 ], [ -102.14901756, 47.3578148 ], [ -102.12558886, 47.34303782 ], [ -102.11014807, 47.33233096 ], [ -102.08007666, 47.30416833 ], [ -102.0712786, 47.29469161 ], [ -102.04918847, 47.26529884 ], [ -102.0324091, 47.23814823 ], [ -102.02629889, 47.22642937 ], [ -102.01071081, 47.18755987 ], [ -102.00094671, 47.14869038 ], [ -101.99710062, 47.10982089 ], [ -101.99789166, 47.07095139 ], [ -102.0023649, 47.0320819 ], [ -102.00969832, 46.99321241 ], [ -102.01931803, 46.95434294 ], [ -102.03063139, 46.91547345 ], [ -102.0324091, 46.90957254 ], [ -102.04267308, 46.87660395 ], [ -102.05441968, 46.83773446 ], [ -102.06551693, 46.79886497 ], [ -102.0712786, 46.77610994 ], [ -102.07549394, 46.75999548 ], [ -102.08352439, 46.72112601 ], [ -102.08925595, 46.68225651 ], [ -102.09283694, 46.64338702 ], [ -102.09464617, 46.60451753 ], [ -102.09580364, 46.56564803 ], [ -102.09684463, 46.52677854 ], [ -102.09818578, 46.48790907 ], [ -102.10032571, 46.44903958 ], [ -102.10380233, 46.41017009 ], [ -102.10932853, 46.37130059 ], [ -102.11014807, 46.36732468 ], [ -102.11730647, 46.3324311 ], [ -102.12848228, 46.29356161 ], [ -102.14366598, 46.25469211 ], [ -102.14901756, 46.24412695 ], [ -102.16269475, 46.21582265 ], [ -102.1861102, 46.17695315 ], [ -102.18788706, 46.17454338 ], [ -102.21251854, 46.13808366 ], [ -102.22675656, 46.1205479 ], [ -102.24234198, 46.09921417 ], [ -102.26562603, 46.07277034 ], [ -102.27538522, 46.06034467 ], [ -102.30449552, 46.03148212 ], [ -102.31413337, 46.02147518 ], [ -102.34336502, 46.00008837 ], [ -102.37510982, 45.98260571 ], [ -102.38223449, 45.97996301 ], [ -102.42110399, 45.98160714 ], [ -102.42927679, 45.98260571 ], [ -102.45997348, 45.98682478 ], [ -102.49884298, 45.99120922 ], [ -102.53771245, 45.99461868 ], [ -102.57658195, 45.99702229 ], [ -102.61545145, 45.99643585 ], [ -102.65432091, 45.99219657 ], [ -102.68865705, 45.98260571 ], [ -102.69319041, 45.98016231 ], [ -102.73205991, 45.95966498 ], [ -102.76827282, 45.94373622 ], [ -102.77092941, 45.94252287 ], [ -102.80979888, 45.93028156 ], [ -102.84866837, 45.92466299 ], [ -102.88753787, 45.92555411 ], [ -102.92640737, 45.93228618 ], [ -102.96365274, 45.94373622 ], [ -102.96527684, 45.94417758 ], [ -103.00414633, 45.95902926 ], [ -103.04301583, 45.97696947 ], [ -103.05299192, 45.98260571 ], [ -103.0818853, 45.99665707 ], [ -103.1207548, 46.01807896 ], [ -103.12587044, 46.02147518 ], [ -103.15962429, 46.04094907 ], [ -103.18642919, 46.06034467 ], [ -103.19849379, 46.06909903 ], [ -103.23306628, 46.09921417 ] ] ] } },
{ "type": "Feature", "properties": { "Lower": 35.0 }, "geometry": { "type": "Polygon", "coordinates": [ [ [ -98.97694704, 49.40312076 ], [ -98.96171944, 49.41283874 ], [ -98.92284997, 49.41284044 ], [ -98.88398048, 49.41284226 ], [ -98.84511098, 49.41284415 ], [ -98.80624151, 49.41284609 ], [ -98.76737201, 49.41284798 ], [ -98.72850252, 49.41284966 ], [ -98.68963302, 49.41285108 ], [ -98.65076355, 49.41285228 ], [ -98.61189405, 49.41285327 ], [ -98.57302456, 49.4128541 ], [ -98.53415509, 49.41285476 ], [ -98.49528559, 49.41285528 ], [ -98.45641609, 49.41285566 ], [ -98.4175466, 49.41285594 ], [ -98.37867713, 49.41285613 ], [ -98.33980763, 49.41285625 ], [ -98.30093813, 49.4128563 ], [ -98.26206866, 49.41285632 ], [ -98.22319917, 49.41285632 ], [ -98.18432967, 49.41285632 ], [ -98.14546017, 49.41285627 ], [ -98.1065907, 49.41285609 ], [ -98.06772121, 49.41285554 ], [ -98.02885171, 49.41285453 ], [ -97.98998224, 49.41285315 ], [ -97.95111274, 49.41285145 ], [ -97.91224325, 49.41284949 ], [ -97.87337375, 49.41284725 ], [ -97.83450428, 49.41284474 ], [ -97.79563478, 49.41284191 ], [ -97.75676528, 49.41283874 ], [ -97.75008392, 49.40312076 ], [ -97.75676528, 49.38340283 ], [ -97.76382671, 49.36425126 ], [ -97.77793689, 49.32538177 ], [ -97.79144344, 49.28651228 ], [ -97.79563478, 49.2742976 ], [ -97.80512211, 49.24764279 ], [ -97.8182423, 49.20877329 ], [ -97.83033787, 49.16990382 ], [ -97.83450428, 49.15571731 ], [ -97.84163821, 49.13103433 ], [ -97.85162323, 49.09216484 ], [ -97.85965546, 49.05329534 ], [ -97.86551191, 49.01442585 ], [ -97.86924672, 48.97555636 ], [ -97.87215464, 48.93668689 ], [ -97.87337375, 48.93148922 ], [ -97.87976371, 48.8978174 ], [ -97.88596715, 48.8589479 ], [ -97.91224325, 48.82351909 ], [ -97.92063421, 48.82007841 ], [ -97.95111274, 48.81306632 ], [ -97.98998224, 48.81430878 ], [ -98.02885171, 48.81513893 ], [ -98.06772121, 48.81508826 ], [ -98.1065907, 48.81425826 ], [ -98.14546017, 48.81236044 ], [ -98.18432967, 48.80831212 ], [ -98.22319917, 48.7996209 ], [ -98.26206866, 48.78227711 ], [ -98.26385323, 48.78120892 ], [ -98.29721075, 48.74233942 ], [ -98.30093813, 48.7321616 ], [ -98.31142391, 48.70346996 ], [ -98.32032262, 48.66460046 ], [ -98.32732261, 48.62573097 ], [ -98.3336932, 48.58686148 ], [ -98.33980763, 48.55377385 ], [ -98.34137727, 48.54799198 ], [ -98.35369401, 48.50912249 ], [ -98.3662955, 48.470253 ], [ -98.37838846, 48.43138353 ], [ -98.37867713, 48.43052881 ], [ -98.39511221, 48.39251404 ], [ -98.40964774, 48.35364454 ], [ -98.4175466, 48.33035045 ], [ -98.42412109, 48.31477505 ], [ -98.43960296, 48.27590556 ], [ -98.4522724, 48.23703606 ], [ -98.45641609, 48.22485185 ], [ -98.46725304, 48.19816659 ], [ -98.48226089, 48.1592971 ], [ -98.49528559, 48.12518117 ], [ -98.49739968, 48.12042761 ], [ -98.51574184, 48.08155812 ], [ -98.53415509, 48.05237917 ], [ -98.54188777, 48.04268862 ], [ -98.56740456, 48.00381913 ], [ -98.57302456, 47.99522023 ], [ -98.61189405, 47.96896395 ], [ -98.65076355, 47.96581568 ], [ -98.68963302, 47.97360531 ], [ -98.72850252, 47.9869919 ], [ -98.76737201, 48.00302987 ], [ -98.76911945, 48.00381913 ], [ -98.80624151, 48.02496657 ], [ -98.8348784, 48.04268862 ], [ -98.84511098, 48.05192705 ], [ -98.87923014, 48.08155812 ], [ -98.88398048, 48.08720221 ], [ -98.91330743, 48.12042761 ], [ -98.92284997, 48.13540364 ], [ -98.938885, 48.1592971 ], [ -98.95652025, 48.19816659 ], [ -98.96171944, 48.21887756 ], [ -98.96653557, 48.23703606 ], [ -98.9694022, 48.27590556 ], [ -98.96574963, 48.31477505 ], [ -98.96171944, 48.33251726 ], [ -98.95678638, 48.35364454 ], [ -98.94390342, 48.39251404 ], [ -98.92913882, 48.43138353 ], [ -98.92284997, 48.44831831 ], [ -98.91503598, 48.470253 ], [ -98.90390557, 48.50912249 ], [ -98.89729808, 48.54799198 ], [ -98.89582268, 48.58686148 ], [ -98.89821803, 48.62573097 ], [ -98.90251427, 48.66460046 ], [ -98.90751756, 48.70346996 ], [ -98.91269506, 48.74233942 ], [ -98.91767415, 48.78120892 ], [ -98.92148374, 48.82007841 ], [ -98.92284997, 48.83084464 ], [ -98.92658911, 48.8589479 ], [ -98.93041978, 48.8978174 ], [ -98.93392204, 48.93668689 ], [ -98.93751471, 48.97555636 ], [ -98.94148724, 49.01442585 ], [ -98.94541853, 49.05329534 ], [ -98.94922968, 49.09216484 ], [ -98.95316763, 49.13103433 ], [ -98.95712273, 49.16990382 ], [ -98.95995565, 49.20877329 ], [ -98.96171944, 49.22365423 ], [ -98.96486213, 49.24764279 ], [ -98.96845978, 49.28651228 ], [ -98.97168901, 49.32538177 ], [ -98.97448173, 49.36425126 ], [ -98.97694704, 49.40312076 ] ] ] } },
{ "type": "Feature", "properties": { "Lower": 35.0 }, "geometry": { "type": "Polygon", "coordinates": [ [ [ -103.76314758, 49.36425126 ], [ -103.74266664, 49.37396915 ], [ -103.70379714, 49.37397014 ], [ -103.66492764, 49.37397109 ], [ -103.62605815, 49.37397199 ], [ -103.58718868, 49.37397286 ], [ -103.54831918, 49.37397369 ], [ -103.50944968, 49.37397445 ], [ -103.47058021, 49.37397518 ], [ -103.43171072, 49.37397582 ], [ -103.39284122, 49.37397641 ], [ -103.36369765, 49.40312076 ], [ -103.35397172, 49.41284666 ], [ -103.31510225, 49.41284708 ], [ -103.27623276, 49.41284741 ], [ -103.23736326, 49.41284765 ], [ -103.19849379, 49.41284781 ], [ -103.15962429, 49.41284793 ], [ -103.1207548, 49.412848 ], [ -103.0818853, 49.41284807 ], [ -103.04301583, 49.4128481 ], [ -103.00414633, 49.41284814 ], [ -102.96527684, 49.41284824 ], [ -102.92640737, 49.41284845 ], [ -102.88753787, 49.41284876 ], [ -102.84866837, 49.41284914 ], [ -102.80979888, 49.41284963 ], [ -102.77092941, 49.41285022 ], [ -102.73205991, 49.41285091 ], [ -102.69319041, 49.41285162 ], [ -102.65432091, 49.41285237 ], [ -102.61545145, 49.41285313 ], [ -102.57658195, 49.41285384 ], [ -102.53771245, 49.41285448 ], [ -102.49884298, 49.41285502 ], [ -102.45997348, 49.41285545 ], [ -102.42110399, 49.41285573 ], [ -102.38223449, 49.41285592 ], [ -102.34336502, 49.41285606 ], [ -102.30449552, 49.41285616 ], [ -102.26562603, 49.41285623 ], [ -102.22675656, 49.41285627 ], [ -102.18788706, 49.4128563 ], [ -102.14901756, 49.41285632 ], [ -102.11014807, 49.41285632 ], [ -102.0712786, 49.41285632 ], [ -102.0324091, 49.41285632 ], [ -101.9935396, 49.41285632 ], [ -101.95467013, 49.41285632 ], [ -101.91580064, 49.41285632 ], [ -101.87693114, 49.41285632 ], [ -101.83806164, 49.41285632 ], [ -101.79919217, 49.4128563 ], [ -101.76032268, 49.41285625 ], [ -101.72145318, 49.41285618 ], [ -101.68258371, 49.41285606 ], [ -101.64371421, 49.41285587 ], [ -101.60484472, 49.41285564 ], [ -101.56597522, 49.41285533 ], [ -101.52710575, 49.41285493 ], [ -101.48823625, 49.41285443 ], [ -101.44936676, 49.41285382 ], [ -101.41049729, 49.41285308 ], [ -101.37162779, 49.41285223 ], [ -101.33275829, 49.41285122 ], [ -101.2938888, 49.41285006 ], [ -101.25501933, 49.41284874 ], [ -101.21614983, 49.41284722 ], [ -101.17728033, 49.41284554 ], [ -101.13841086, 49.41284368 ], [ -101.09954137, 49.41284157 ], [ -101.06067187, 49.41283928 ], [ -101.04266868, 49.40312076 ], [ -101.04335633, 49.36425126 ], [ -101.04358084, 49.32538177 ], [ -101.04338691, 49.28651228 ], [ -101.04283091, 49.24764279 ], [ -101.04196081, 49.20877329 ], [ -101.0408794, 49.16990382 ], [ -101.03959954, 49.13103433 ], [ -101.03839877, 49.09216484 ], [ -101.03729923, 49.05329534 ], [ -101.03700191, 49.01442585 ], [ -101.03800524, 48.97555636 ], [ -101.04048135, 48.93668689 ], [ -101.04462057, 48.8978174 ], [ -101.0505871, 48.8589479 ], [ -101.05806283, 48.82007841 ], [ -101.06067187, 48.80871893 ], [ -101.06712725, 48.78120892 ], [ -101.07788585, 48.74233942 ], [ -101.09127158, 48.70346996 ], [ -101.09954137, 48.68525077 ], [ -101.10908388, 48.66460046 ], [ -101.13427178, 48.62573097 ], [ -101.13841086, 48.62145289 ], [ -101.17345992, 48.58686148 ], [ -101.17728033, 48.58459577 ], [ -101.21614983, 48.56360551 ], [ -101.24929369, 48.54799198 ], [ -101.25501933, 48.54602941 ], [ -101.2938888, 48.53253141 ], [ -101.33275829, 48.51661125 ], [ -101.34889556, 48.50912249 ], [ -101.37162779, 48.4997486 ], [ -101.41049729, 48.48327705 ], [ -101.43909494, 48.470253 ], [ -101.44936676, 48.46620896 ], [ -101.48823625, 48.45452601 ], [ -101.52710575, 48.45208162 ], [ -101.56597522, 48.46210919 ], [ -101.58264385, 48.470253 ], [ -101.60484472, 48.4830929 ], [ -101.64371421, 48.50462997 ], [ -101.65272796, 48.50912249 ], [ -101.68258371, 48.52249918 ], [ -101.72145318, 48.53694183 ], [ -101.75445485, 48.54799198 ], [ -101.76032268, 48.54992877 ], [ -101.79919217, 48.56148989 ], [ -101.83806164, 48.56981815 ], [ -101.87693114, 48.57408857 ], [ -101.91580064, 48.57463952 ], [ -101.95467013, 48.57156966 ], [ -101.9935396, 48.56499773 ], [ -102.0324091, 48.5553748 ], [ -102.05684276, 48.54799198 ], [ -102.0712786, 48.54340571 ], [ -102.11014807, 48.53056803 ], [ -102.14901756, 48.51905605 ], [ -102.18788706, 48.51225448 ], [ -102.22675656, 48.50960646 ], [ -102.26562603, 48.51041867 ], [ -102.30449552, 48.51389527 ], [ -102.34336502, 48.51910807 ], [ -102.38223449, 48.52540666 ], [ -102.42110399, 48.53244444 ], [ -102.45997348, 48.5398265 ], [ -102.49884298, 48.54729234 ], [ -102.50253003, 48.54799198 ], [ -102.53771245, 48.55527311 ], [ -102.57658195, 48.56284395 ], [ -102.61545145, 48.56977753 ], [ -102.65432091, 48.57601716 ], [ -102.69319041, 48.58144745 ], [ -102.73205991, 48.58622659 ], [ -102.73768204, 48.58686148 ], [ -102.77092941, 48.59124833 ], [ -102.80979888, 48.59619607 ], [ -102.84866837, 48.60109469 ], [ -102.88753787, 48.60599534 ], [ -102.92640737, 48.61120457 ], [ -102.96527684, 48.61691221 ], [ -103.00414633, 48.62353467 ], [ -103.0148942, 48.62573097 ], [ -103.04301583, 48.63217822 ], [ -103.0818853, 48.64274851 ], [ -103.1207548, 48.64386501 ], [ -103.15962429, 48.64707799 ], [ -103.19505647, 48.66460046 ], [ -103.19849379, 48.66694818 ], [ -103.23736326, 48.69747922 ], [ -103.24486647, 48.70346996 ], [ -103.27623276, 48.73226948 ], [ -103.28765246, 48.74233942 ], [ -103.31510225, 48.76923466 ], [ -103.32805792, 48.78120892 ], [ -103.35397172, 48.80770183 ], [ -103.36692734, 48.82007841 ], [ -103.39284122, 48.84726413 ], [ -103.40452498, 48.8589479 ], [ -103.43171072, 48.88849004 ], [ -103.44062195, 48.8978174 ], [ -103.47058021, 48.93165581 ], [ -103.475151, 48.93668689 ], [ -103.50646533, 48.97555636 ], [ -103.50944968, 48.97923315 ], [ -103.53959706, 49.01442585 ], [ -103.54831918, 49.02585963 ], [ -103.56924745, 49.05329534 ], [ -103.58718868, 49.07784711 ], [ -103.59758502, 49.09216484 ], [ -103.62289496, 49.13103433 ], [ -103.62605815, 49.13566004 ], [ -103.65044031, 49.16990382 ], [ -103.66492764, 49.19254875 ], [ -103.67511731, 49.20877329 ], [ -103.69854881, 49.24764279 ], [ -103.70379714, 49.25655392 ], [ -103.72112276, 49.28651228 ], [ -103.74094661, 49.32538177 ], [ -103.74266664, 49.32848661 ], [ -103.76314758, 49.36425126 ] ] ] } },
{ "type": "Feature", "properties": { "Lower": 35.0 }, "geometry": { "type": "Polygon", "coordinates": [ [ [ -99.39198971, 44.03913123 ], [ -99.39147848, 44.07800072 ], [ -99.38928383, 44.09723243 ], [ -99.38635648, 44.11687022 ], [ -99.37468631, 44.15573971 ], [ -99.35643112, 44.1946092 ], [ -99.35041436, 44.20480695 ], [ -99.3319049, 44.2334787 ], [ -99.31154486, 44.26143213 ], [ -99.30363263, 44.27234819 ], [ -99.27455811, 44.31121766 ], [ -99.27267536, 44.31373359 ], [ -99.24763224, 44.35008715 ], [ -99.23380587, 44.37086925 ], [ -99.22299673, 44.38895664 ], [ -99.20166575, 44.42782614 ], [ -99.1949364, 44.44218654 ], [ -99.18437756, 44.46669563 ], [ -99.17053913, 44.50556512 ], [ -99.15902944, 44.54443459 ], [ -99.1560669, 44.55575239 ], [ -99.14882977, 44.58330408 ], [ -99.14009093, 44.62217358 ], [ -99.13246931, 44.66104307 ], [ -99.12541271, 44.69991256 ], [ -99.11886751, 44.73878206 ], [ -99.1171974, 44.75010763 ], [ -99.11316722, 44.77765153 ], [ -99.10803409, 44.81652102 ], [ -99.10314784, 44.85539051 ], [ -99.09817373, 44.89426 ], [ -99.0926352, 44.9331295 ], [ -99.08590478, 44.97199899 ], [ -99.07832793, 45.005945 ], [ -99.07723223, 45.01086848 ], [ -99.06595096, 45.04973795 ], [ -99.05128146, 45.08860745 ], [ -99.03945844, 45.1119635 ], [ -99.03123409, 45.12747694 ], [ -99.00437179, 45.16634643 ], [ -99.00058894, 45.17073525 ], [ -98.9679291, 45.20521592 ], [ -98.96171944, 45.21034832 ], [ -98.92284997, 45.23889044 ], [ -98.91479793, 45.24408542 ], [ -98.88398048, 45.25840638 ], [ -98.84511098, 45.27226641 ], [ -98.80624151, 45.28110688 ], [ -98.77295581, 45.28295489 ], [ -98.76737201, 45.2831689 ], [ -98.76122273, 45.28295489 ], [ -98.72850252, 45.2815883 ], [ -98.68963302, 45.2778711 ], [ -98.65076355, 45.27320271 ], [ -98.61189405, 45.2743721 ], [ -98.57302456, 45.28142841 ], [ -98.56748913, 45.28295489 ], [ -98.53415509, 45.29079204 ], [ -98.49528559, 45.29848284 ], [ -98.45641609, 45.30712856 ], [ -98.4175466, 45.31730818 ], [ -98.40178429, 45.32182438 ], [ -98.37867713, 45.3271275 ], [ -98.33980763, 45.33870724 ], [ -98.30093813, 45.35613606 ], [ -98.29253517, 45.36069387 ], [ -98.26206866, 45.37718258 ], [ -98.23018654, 45.39956337 ], [ -98.22319917, 45.40601014 ], [ -98.18912903, 45.43843286 ], [ -98.18432967, 45.45359356 ], [ -98.17707495, 45.47730235 ], [ -98.18432967, 45.50382062 ], [ -98.18706945, 45.51617182 ], [ -98.21263901, 45.55504131 ], [ -98.22319917, 45.56573693 ], [ -98.24858127, 45.59391081 ], [ -98.26206866, 45.60753172 ], [ -98.28331324, 45.6327803 ], [ -98.30093813, 45.65536413 ], [ -98.31245534, 45.67164979 ], [ -98.33731955, 45.71051928 ], [ -98.33980763, 45.71461333 ], [ -98.3630652, 45.74938878 ], [ -98.37867713, 45.77133644 ], [ -98.3969216, 45.78825825 ], [ -98.4175466, 45.80667241 ], [ -98.4533338, 45.82712774 ], [ -98.45641609, 45.82886207 ], [ -98.49528559, 45.84176306 ], [ -98.53415509, 45.85325701 ], [ -98.57302456, 45.86504682 ], [ -98.57608032, 45.86599723 ], [ -98.61189405, 45.8783733 ], [ -98.65076355, 45.89401721 ], [ -98.6763441, 45.90486673 ], [ -98.68963302, 45.91110735 ], [ -98.72850252, 45.92964561 ], [ -98.7568234, 45.94373622 ], [ -98.76737201, 45.94965603 ], [ -98.80624151, 45.97171891 ], [ -98.82490848, 45.98260571 ], [ -98.84511098, 45.99633645 ], [ -98.88126944, 46.02147518 ], [ -98.88398048, 46.02372877 ], [ -98.92284997, 46.05555975 ], [ -98.92886197, 46.06034467 ], [ -98.96171944, 46.09139084 ], [ -98.97046193, 46.09921417 ], [ -99.00058894, 46.13176632 ], [ -99.00688675, 46.13808366 ], [ -99.03888593, 46.17695315 ], [ -99.03945844, 46.17777389 ], [ -99.06861026, 46.21582265 ], [ -99.07832793, 46.23130858 ], [ -99.09417108, 46.25469211 ], [ -99.11575469, 46.29356161 ], [ -99.1171974, 46.29689908 ], [ -99.13378843, 46.3324311 ], [ -99.14697259, 46.37130059 ], [ -99.15498193, 46.41017009 ], [ -99.1560669, 46.43039236 ], [ -99.1571562, 46.44903958 ], [ -99.1560669, 46.45767351 ], [ -99.15227, 46.48790907 ], [ -99.13954202, 46.52677854 ], [ -99.11816591, 46.56564803 ], [ -99.1171974, 46.56692136 ], [ -99.08902368, 46.60451753 ], [ -99.07832793, 46.61588351 ], [ -99.05300593, 46.64338702 ], [ -99.03945844, 46.6558281 ], [ -99.01155148, 46.68225651 ], [ -99.00058894, 46.69123153 ], [ -98.96546639, 46.72112601 ], [ -98.96171944, 46.72383887 ], [ -98.92284997, 46.7526254 ], [ -98.91313183, 46.75999548 ], [ -98.88398048, 46.77715231 ], [ -98.84667547, 46.79886497 ], [ -98.84511098, 46.79962927 ], [ -98.80624151, 46.818082 ], [ -98.76737201, 46.83729073 ], [ -98.76658404, 46.83773446 ], [ -98.72850252, 46.85772664 ], [ -98.70327716, 46.87660395 ], [ -98.68963302, 46.88715208 ], [ -98.66759414, 46.91547345 ], [ -98.65076355, 46.93930277 ], [ -98.64068613, 46.95434294 ], [ -98.61671424, 46.99321241 ], [ -98.61189405, 47.00137276 ], [ -98.5939477, 47.0320819 ], [ -98.57383966, 47.07095139 ], [ -98.57302456, 47.07253183 ], [ -98.55358962, 47.10982089 ], [ -98.53610733, 47.14869038 ], [ -98.53415509, 47.15331869 ], [ -98.5190028, 47.18755987 ], [ -98.50423141, 47.22642937 ], [ -98.49528559, 47.25329744 ], [ -98.49093432, 47.26529884 ], [ -98.47824356, 47.30416833 ], [ -98.46667473, 47.34303782 ], [ -98.45641609, 47.37866097 ], [ -98.4553591, 47.38190731 ], [ -98.44198461, 47.42077681 ], [ -98.4267386, 47.4596463 ], [ -98.4175466, 47.47862003 ], [ -98.40494478, 47.49851577 ], [ -98.37867713, 47.52749722 ], [ -98.36386669, 47.53738526 ], [ -98.33980763, 47.54909843 ], [ -98.30093813, 47.56021613 ], [ -98.26206866, 47.56619278 ], [ -98.22319917, 47.56848077 ], [ -98.18432967, 47.56881995 ], [ -98.14546017, 47.5681005 ], [ -98.1065907, 47.56484253 ], [ -98.06772121, 47.55669482 ], [ -98.02885171, 47.54389785 ], [ -98.01420492, 47.53738526 ], [ -97.98998224, 47.52457459 ], [ -97.95226208, 47.49851577 ], [ -97.95111274, 47.49747083 ], [ -97.91746664, 47.4596463 ], [ -97.91224325, 47.44989864 ], [ -97.89874168, 47.42077681 ], [ -97.89454713, 47.38190731 ], [ -97.90720616, 47.34303782 ], [ -97.91224325, 47.33784878 ], [ -97.94252259, 47.30416833 ], [ -97.95111274, 47.29874116 ], [ -97.98998224, 47.27153845 ], [ -97.99799731, 47.26529884 ], [ -98.02885171, 47.23665722 ], [ -98.03914191, 47.22642937 ], [ -98.06382708, 47.18755987 ], [ -98.06772121, 47.17822446 ], [ -98.08139127, 47.14869038 ], [ -98.09372237, 47.10982089 ], [ -98.10184656, 47.07095139 ], [ -98.1056131, 47.0320819 ], [ -98.10380615, 46.99321241 ], [ -98.09447406, 46.95434294 ], [ -98.07487796, 46.91547345 ], [ -98.06772121, 46.90650318 ], [ -98.04168075, 46.87660395 ], [ -98.02885171, 46.86593937 ], [ -97.99121447, 46.83773446 ], [ -97.98998224, 46.83698975 ], [ -97.95111274, 46.81556304 ], [ -97.9163572, 46.79886497 ], [ -97.91224325, 46.79709602 ], [ -97.87337375, 46.78280904 ], [ -97.83450428, 46.77113905 ], [ -97.79563478, 46.76270772 ], [ -97.77081611, 46.75999548 ], [ -97.75676528, 46.7584088 ], [ -97.71789582, 46.7593007 ], [ -97.71416339, 46.75999548 ], [ -97.67902632, 46.76741466 ], [ -97.64015682, 46.78615821 ], [ -97.62497598, 46.79886497 ], [ -97.60128732, 46.82412506 ], [ -97.59266629, 46.83773446 ], [ -97.57242121, 46.87660395 ], [ -97.56241785, 46.89792654 ], [ -97.55501631, 46.91547345 ], [ -97.53917067, 46.95434294 ], [ -97.52354836, 46.992361 ], [ -97.52316666, 46.99321241 ], [ -97.49565918, 47.0320819 ], [ -97.48467886, 47.03746249 ], [ -97.44580939, 47.03371232 ], [ -97.44222568, 47.0320819 ], [ -97.40693989, 47.01558256 ], [ -97.3680704, 46.99488071 ], [ -97.36539036, 46.99321241 ], [ -97.3292009, 46.96793786 ], [ -97.31128787, 46.95434294 ], [ -97.29033143, 46.93465746 ], [ -97.27457452, 46.91547345 ], [ -97.25146193, 46.88119228 ], [ -97.24810304, 46.87660395 ], [ -97.22293542, 46.83773446 ], [ -97.21259244, 46.82023515 ], [ -97.19839802, 46.79886497 ], [ -97.17566926, 46.75999548 ], [ -97.17372294, 46.75586342 ], [ -97.15518657, 46.72112601 ], [ -97.13685942, 46.68225651 ], [ -97.13485347, 46.67653394 ], [ -97.12177783, 46.64338702 ], [ -97.10970092, 46.60451753 ], [ -97.09980932, 46.56564803 ], [ -97.09598397, 46.54884314 ], [ -97.09077494, 46.52677854 ], [ -97.07898475, 46.48790907 ], [ -97.05778179, 46.44903958 ], [ -97.05711448, 46.44826185 ], [ -97.01824501, 46.41500069 ], [ -97.01009793, 46.41017009 ], [ -96.97937551, 46.39931712 ], [ -96.94050601, 46.38936125 ], [ -96.90163652, 46.38245979 ], [ -96.86276705, 46.37748086 ], [ -96.82389755, 46.37360475 ], [ -96.81049678, 46.37130059 ], [ -96.78502805, 46.36953741 ], [ -96.74615858, 46.36827101 ], [ -96.70728909, 46.37011324 ], [ -96.66841959, 46.35637166 ], [ -96.62955009, 46.36085593 ], [ -96.61313324, 46.37130059 ], [ -96.59068062, 46.40256319 ], [ -96.58611082, 46.41017009 ], [ -96.56309113, 46.44903958 ], [ -96.55181113, 46.46597126 ], [ -96.53788605, 46.48790907 ], [ -96.51294163, 46.52587336 ], [ -96.51225762, 46.52677854 ], [ -96.49266531, 46.56564803 ], [ -96.47407216, 46.59763998 ], [ -96.46797625, 46.60451753 ], [ -96.44730478, 46.64338702 ], [ -96.43520266, 46.67263694 ], [ -96.41478694, 46.68225651 ], [ -96.39633317, 46.69575697 ], [ -96.39200023, 46.68225651 ], [ -96.36238133, 46.64338702 ], [ -96.35746367, 46.63935907 ], [ -96.33815325, 46.60451753 ], [ -96.3185942, 46.57679633 ], [ -96.31269214, 46.56564803 ], [ -96.29080066, 46.52677854 ], [ -96.2797247, 46.50546756 ], [ -96.27085992, 46.48790907 ], [ -96.25436795, 46.44903958 ], [ -96.24316465, 46.41017009 ], [ -96.2408552, 46.39625937 ], [ -96.23601565, 46.37130059 ], [ -96.23277401, 46.3324311 ], [ -96.23428049, 46.29356161 ], [ -96.2408552, 46.25955134 ], [ -96.24149517, 46.25469211 ], [ -96.24760878, 46.21582265 ], [ -96.25268625, 46.17695315 ], [ -96.26158179, 46.13808366 ], [ -96.2797247, 46.10140553 ], [ -96.28086299, 46.09921417 ], [ -96.30675693, 46.06034467 ], [ -96.3185942, 46.04305158 ], [ -96.33121843, 46.02147518 ], [ -96.35681394, 45.98260571 ], [ -96.35746367, 45.9815317 ], [ -96.37942401, 45.94373622 ], [ -96.39633317, 45.91437 ], [ -96.40183396, 45.90486673 ], [ -96.42239407, 45.86599723 ], [ -96.43520266, 45.84017982 ], [ -96.44236813, 45.82712774 ], [ -96.45944094, 45.78825825 ], [ -96.47005439, 45.74938878 ], [ -96.44131271, 45.71051928 ], [ -96.43520266, 45.70878633 ], [ -96.39633317, 45.70705533 ], [ -96.36951391, 45.71051928 ], [ -96.35746367, 45.71212456 ], [ -96.3185942, 45.72255854 ], [ -96.2797247, 45.73433948 ], [ -96.2408552, 45.7481678 ], [ -96.23775469, 45.74938878 ], [ -96.20198574, 45.76300924 ], [ -96.16311624, 45.77953425 ], [ -96.14515465, 45.78825825 ], [ -96.12424674, 45.79786395 ], [ -96.08537724, 45.8184866 ], [ -96.07162733, 45.82712774 ], [ -96.04650777, 45.84153654 ], [ -96.01168216, 45.86599723 ], [ -96.00763828, 45.86847079 ], [ -95.96876878, 45.89778246 ], [ -95.9613743, 45.90486673 ], [ -95.92989931, 45.92979969 ], [ -95.9149101, 45.94373622 ], [ -95.89102981, 45.96620775 ], [ -95.87482766, 45.98260571 ], [ -95.86219699, 46.02147518 ], [ -95.87857614, 46.06034467 ], [ -95.89102981, 46.08387308 ], [ -95.90016611, 46.09921417 ], [ -95.9239219, 46.13808366 ], [ -95.92989931, 46.14844509 ], [ -95.94867222, 46.17695315 ], [ -95.96876878, 46.21177109 ], [ -95.97158041, 46.21582265 ], [ -95.99326335, 46.25469211 ], [ -96.00763828, 46.28808302 ], [ -96.01066592, 46.29356161 ], [ -96.02446415, 46.3324311 ], [ -96.03104117, 46.37130059 ], [ -96.03072574, 46.41017009 ], [ -96.02409142, 46.44903958 ], [ -96.01056325, 46.48790907 ], [ -96.00763828, 46.49366544 ], [ -95.98805358, 46.52677854 ], [ -95.96876878, 46.5517734 ], [ -95.9564196, 46.56564803 ], [ -95.92989931, 46.59193461 ], [ -95.91559742, 46.60451753 ], [ -95.89102981, 46.62479968 ], [ -95.86608405, 46.64338702 ], [ -95.85216032, 46.65344415 ], [ -95.81329082, 46.67912663 ], [ -95.8081507, 46.68225651 ], [ -95.77442135, 46.70261918 ], [ -95.74121792, 46.72112601 ], [ -95.73555185, 46.72429997 ], [ -95.69668236, 46.74449725 ], [ -95.66451999, 46.75999548 ], [ -95.65781289, 46.76327408 ], [ -95.61894339, 46.78095934 ], [ -95.58007389, 46.79737202 ], [ -95.57629853, 46.79886497 ], [ -95.5412044, 46.8130145 ], [ -95.50233493, 46.82753489 ], [ -95.47296092, 46.83773446 ], [ -95.46346543, 46.84110925 ], [ -95.42459593, 46.85391569 ], [ -95.38572646, 46.86569007 ], [ -95.34685697, 46.87622857 ], [ -95.34540272, 46.87660395 ], [ -95.30798747, 46.88646869 ], [ -95.26911797, 46.89534644 ], [ -95.2302485, 46.90305248 ], [ -95.19137901, 46.90923067 ], [ -95.18165434, 46.87660395 ], [ -95.18164557, 46.83773446 ], [ -95.1816368, 46.79886497 ], [ -95.1816282, 46.75999548 ], [ -95.18161984, 46.72112601 ], [ -95.15250951, 46.69202514 ], [ -95.15250951, 46.69197969 ], [ -95.19137901, 46.70324439 ], [ -95.2302485, 46.69504045 ], [ -95.26911797, 46.68606137 ], [ -95.28435984, 46.68225651 ], [ -95.30798747, 46.67615213 ], [ -95.34685697, 46.66544491 ], [ -95.38572646, 46.65417575 ], [ -95.42094684, 46.64338702 ], [ -95.42459593, 46.64223231 ], [ -95.46346543, 46.62917387 ], [ -95.50233493, 46.61548709 ], [ -95.53172628, 46.60451753 ], [ -95.5412044, 46.60085685 ], [ -95.58007389, 46.58485464 ], [ -95.61894339, 46.56780716 ], [ -95.62349612, 46.56564803 ], [ -95.65781289, 46.54865257 ], [ -95.69668236, 46.52798024 ], [ -95.69876202, 46.52677854 ], [ -95.73555185, 46.50420709 ], [ -95.75968665, 46.48790907 ], [ -95.77442135, 46.47705263 ], [ -95.80803704, 46.44903958 ], [ -95.81329082, 46.44402683 ], [ -95.84329879, 46.41017009 ], [ -95.85216032, 46.39738589 ], [ -95.86653502, 46.37130059 ], [ -95.87930095, 46.3324311 ], [ -95.88293637, 46.29356161 ], [ -95.87859593, 46.25469211 ], [ -95.86860806, 46.21582265 ], [ -95.85523323, 46.17695315 ], [ -95.85216032, 46.17003474 ], [ -95.83858786, 46.13808366 ], [ -95.8214263, 46.09921417 ], [ -95.81329082, 46.08204878 ], [ -95.80303111, 46.06034467 ], [ -95.78467048, 46.02147518 ], [ -95.79265549, 45.98260571 ], [ -95.81329082, 45.95800467 ], [ -95.82632631, 45.94373622 ], [ -95.85216032, 45.90599923 ], [ -95.85311342, 45.90486673 ], [ -95.87810374, 45.86599723 ], [ -95.89102981, 45.84629198 ], [ -95.9055942, 45.82712774 ], [ -95.92989931, 45.79655406 ], [ -95.93764131, 45.78825825 ], [ -95.96876878, 45.75620507 ], [ -95.97696674, 45.74938878 ], [ -96.00763828, 45.72439853 ], [ -96.02889782, 45.71051928 ], [ -96.04650777, 45.69911133 ], [ -96.08537724, 45.6783293 ], [ -96.10022449, 45.67164979 ], [ -96.12424674, 45.66065255 ], [ -96.16311624, 45.64546467 ], [ -96.20125147, 45.6327803 ], [ -96.20198574, 45.63252693 ], [ -96.2408552, 45.61974954 ], [ -96.2797247, 45.60794635 ], [ -96.3185942, 45.59646516 ], [ -96.3266216, 45.59391081 ], [ -96.35746367, 45.58363008 ], [ -96.39633317, 45.56962306 ], [ -96.43231672, 45.55504131 ], [ -96.43520266, 45.55383706 ], [ -96.47407216, 45.53469228 ], [ -96.50829378, 45.51617182 ], [ -96.51294163, 45.51359664 ], [ -96.55181113, 45.49243594 ], [ -96.57887503, 45.47730235 ], [ -96.59068062, 45.47092454 ], [ -96.62955009, 45.45030512 ], [ -96.64954329, 45.43843286 ], [ -96.66841959, 45.42725783 ], [ -96.70728909, 45.40460485 ], [ -96.72520174, 45.39956337 ], [ -96.74615858, 45.3942282 ], [ -96.75383737, 45.39956337 ], [ -96.78502805, 45.42403032 ], [ -96.79574827, 45.43843286 ], [ -96.82389755, 45.47405972 ], [ -96.82662538, 45.47730235 ], [ -96.85506505, 45.51617182 ], [ -96.86276705, 45.52913802 ], [ -96.87835195, 45.55504131 ], [ -96.89971359, 45.59391081 ], [ -96.90163652, 45.59813651 ], [ -96.91957594, 45.6327803 ], [ -96.935848, 45.67164979 ], [ -96.94050601, 45.68921332 ], [ -96.94755952, 45.71051928 ], [ -96.95126163, 45.74938878 ], [ -96.94050601, 45.77923918 ], [ -96.93404335, 45.78825825 ], [ -96.90163652, 45.80172789 ], [ -96.86276705, 45.80365445 ], [ -96.82389755, 45.79919865 ], [ -96.78502805, 45.79030554 ], [ -96.78024412, 45.78825825 ], [ -96.74615858, 45.77444981 ], [ -96.70728909, 45.76318779 ], [ -96.66841959, 45.77087364 ], [ -96.63944526, 45.78825825 ], [ -96.62955009, 45.79340175 ], [ -96.59068062, 45.81743115 ], [ -96.57842899, 45.82712774 ], [ -96.55181113, 45.84813426 ], [ -96.53381657, 45.86599723 ], [ -96.51294163, 45.88738599 ], [ -96.49819937, 45.90486673 ], [ -96.47407216, 45.93510316 ], [ -96.46759735, 45.94373622 ], [ -96.44118978, 45.98260571 ], [ -96.43520266, 45.99329228 ], [ -96.41868787, 46.02147518 ], [ -96.40046863, 46.06034467 ], [ -96.39633317, 46.07145311 ], [ -96.38438209, 46.09921417 ], [ -96.36918924, 46.13808366 ], [ -96.35746367, 46.16743683 ], [ -96.3534642, 46.17695315 ], [ -96.34130237, 46.21582265 ], [ -96.33371566, 46.25469211 ], [ -96.332625, 46.29356161 ], [ -96.33799362, 46.3324311 ], [ -96.35267209, 46.37130059 ], [ -96.35746367, 46.38109396 ], [ -96.37250372, 46.41017009 ], [ -96.39633317, 46.44469382 ], [ -96.40076765, 46.44903958 ], [ -96.43520266, 46.47938782 ], [ -96.47407216, 46.47844805 ], [ -96.4986208, 46.44903958 ], [ -96.51294163, 46.43293334 ], [ -96.52706127, 46.41017009 ], [ -96.55157815, 46.37130059 ], [ -96.55181113, 46.37101369 ], [ -96.58887482, 46.3324311 ], [ -96.59068062, 46.33126022 ], [ -96.62955009, 46.31816528 ], [ -96.66841959, 46.32291246 ], [ -96.68640034, 46.3324311 ], [ -96.70728909, 46.34205961 ], [ -96.74615858, 46.34275145 ], [ -96.78502805, 46.33749948 ], [ -96.80401961, 46.3324311 ], [ -96.82389755, 46.32338535 ], [ -96.86276705, 46.30874551 ], [ -96.89800724, 46.29356161 ], [ -96.90163652, 46.29082535 ], [ -96.94050601, 46.26082661 ], [ -96.94817504, 46.25469211 ], [ -96.97937551, 46.22121122 ], [ -96.9854519, 46.21582265 ], [ -97.01824501, 46.18113181 ], [ -97.02295827, 46.17695315 ], [ -97.05670697, 46.13808366 ], [ -97.05711448, 46.13740408 ], [ -97.08825915, 46.09921417 ], [ -97.09598397, 46.08605839 ], [ -97.11986752, 46.06034467 ], [ -97.13485347, 46.04191548 ], [ -97.1706438, 46.02147518 ], [ -97.17372294, 46.01966107 ], [ -97.21259244, 46.01164535 ], [ -97.25146193, 46.01448816 ], [ -97.27766281, 46.02147518 ], [ -97.29033143, 46.02461353 ], [ -97.3292009, 46.04035318 ], [ -97.36361944, 46.06034467 ], [ -97.3680704, 46.06267421 ], [ -97.40693989, 46.0873545 ], [ -97.4228404, 46.09921417 ], [ -97.44580939, 46.11164565 ], [ -97.48467886, 46.13163483 ], [ -97.50102779, 46.13808366 ], [ -97.52354836, 46.143007 ], [ -97.56241785, 46.14451238 ], [ -97.60128732, 46.1497787 ], [ -97.61510994, 46.17695315 ], [ -97.61750872, 46.21582265 ], [ -97.61657194, 46.25469211 ], [ -97.61711121, 46.29356161 ], [ -97.61983148, 46.3324311 ], [ -97.62531095, 46.37130059 ], [ -97.63569112, 46.41017009 ], [ -97.64015682, 46.42074364 ], [ -97.65195121, 46.44903958 ], [ -97.67902632, 46.48589753 ], [ -97.68052921, 46.48790907 ], [ -97.71789582, 46.52437449 ], [ -97.7204541, 46.52677854 ], [ -97.75676528, 46.55386484 ], [ -97.77353844, 46.56564803 ], [ -97.79563478, 46.57881473 ], [ -97.83450428, 46.60097915 ], [ -97.84082637, 46.60451753 ], [ -97.87337375, 46.62125426 ], [ -97.91224325, 46.64013191 ], [ -97.91920149, 46.64338702 ], [ -97.95111274, 46.65796676 ], [ -97.98998224, 46.67462563 ], [ -98.00922021, 46.68225651 ], [ -98.02885171, 46.69033621 ], [ -98.06772121, 46.70494275 ], [ -98.1065907, 46.71796554 ], [ -98.11781116, 46.72112601 ], [ -98.14546017, 46.73014096 ], [ -98.18432967, 46.7404262 ], [ -98.22319917, 46.7477238 ], [ -98.26206866, 46.75108708 ], [ -98.30093813, 46.74932633 ], [ -98.33980763, 46.74142889 ], [ -98.37867713, 46.72606672 ], [ -98.38719255, 46.72112601 ], [ -98.4175466, 46.70625672 ], [ -98.4513278, 46.68225651 ], [ -98.45641609, 46.67920353 ], [ -98.49528559, 46.65086782 ], [ -98.50291757, 46.64338702 ], [ -98.53415509, 46.61732009 ], [ -98.54476972, 46.60451753 ], [ -98.57302456, 46.56838498 ], [ -98.5749982, 46.56564803 ], [ -98.60047298, 46.52677854 ], [ -98.61189405, 46.50944217 ], [ -98.62998696, 46.48790907 ], [ -98.65076355, 46.45735229 ], [ -98.65752063, 46.44903958 ], [ -98.68162137, 46.41017009 ], [ -98.68963302, 46.39305823 ], [ -98.70227591, 46.37130059 ], [ -98.71795472, 46.3324311 ], [ -98.72646236, 46.29356161 ], [ -98.72850252, 46.26163352 ], [ -98.72903101, 46.25469211 ], [ -98.72850252, 46.24908113 ], [ -98.72577649, 46.21582265 ], [ -98.71631983, 46.17695315 ], [ -98.69910574, 46.13808366 ], [ -98.68963302, 46.12368637 ], [ -98.67391878, 46.09921417 ], [ -98.65076355, 46.07278407 ], [ -98.63997557, 46.06034467 ], [ -98.61189405, 46.03487281 ], [ -98.5970056, 46.02147518 ], [ -98.57302456, 46.00368991 ], [ -98.54224497, 45.98260571 ], [ -98.53415509, 45.97795887 ], [ -98.49528559, 45.95674866 ], [ -98.4720869, 45.94373622 ], [ -98.45641609, 45.9360367 ], [ -98.4175466, 45.91211649 ], [ -98.41005928, 45.90486673 ], [ -98.37867713, 45.87617258 ], [ -98.37101591, 45.86599723 ], [ -98.34118405, 45.82712774 ], [ -98.33980763, 45.82530238 ], [ -98.31791127, 45.78825825 ], [ -98.30093813, 45.76072635 ], [ -98.29298113, 45.74938878 ], [ -98.26435081, 45.71051928 ], [ -98.26206866, 45.70754275 ], [ -98.22741021, 45.67164979 ], [ -98.22319917, 45.66739171 ], [ -98.18432967, 45.6379922 ], [ -98.17485163, 45.6327803 ], [ -98.14546017, 45.61323052 ], [ -98.10982735, 45.59391081 ], [ -98.1065907, 45.59153955 ], [ -98.06772121, 45.57126057 ], [ -98.02885171, 45.55804408 ], [ -97.98998224, 45.55594276 ], [ -97.95111274, 45.57013615 ], [ -97.91224325, 45.59182012 ], [ -97.90737305, 45.59391081 ], [ -97.87337375, 45.60882899 ], [ -97.83450428, 45.61809107 ], [ -97.79563478, 45.59798453 ], [ -97.79342668, 45.59391081 ], [ -97.78388353, 45.55504131 ], [ -97.78273178, 45.51617182 ], [ -97.78607204, 45.47730235 ], [ -97.79036801, 45.43843286 ], [ -97.79182456, 45.39956337 ], [ -97.78782408, 45.36069387 ], [ -97.7786412, 45.32182438 ], [ -97.77003302, 45.28295489 ], [ -97.76012182, 45.24408542 ], [ -97.75676528, 45.23447742 ], [ -97.74864641, 45.20521592 ], [ -97.73279049, 45.16634643 ], [ -97.71789582, 45.14098442 ], [ -97.71134379, 45.12747694 ], [ -97.68538028, 45.08860745 ], [ -97.67902632, 45.08126199 ], [ -97.65539864, 45.04973795 ], [ -97.64015682, 45.03336301 ], [ -97.62154134, 45.01086848 ], [ -97.60128732, 44.9903116 ], [ -97.58505862, 44.97199899 ], [ -97.56241785, 44.94980789 ], [ -97.54693412, 44.9331295 ], [ -97.52354836, 44.91059097 ], [ -97.50805413, 44.89426 ], [ -97.48467886, 44.87164732 ], [ -97.4692909, 44.85539051 ], [ -97.44580939, 44.83214371 ], [ -97.43083799, 44.81652102 ], [ -97.40693989, 44.79349216 ], [ -97.38870334, 44.77765153 ], [ -97.3680704, 44.76067842 ], [ -97.33635897, 44.73878206 ], [ -97.3292009, 44.73393663 ], [ -97.29033143, 44.71593049 ], [ -97.25146193, 44.70784867 ], [ -97.21259244, 44.7069195 ], [ -97.17372294, 44.7102255 ], [ -97.13485347, 44.7126586 ], [ -97.09598397, 44.70974301 ], [ -97.05711448, 44.70011424 ], [ -97.05656795, 44.69991256 ], [ -97.01824501, 44.68170994 ], [ -96.9821613, 44.66104307 ], [ -96.97937551, 44.65928513 ], [ -96.94050601, 44.63429136 ], [ -96.92164728, 44.62217358 ], [ -96.90163652, 44.60886785 ], [ -96.86378518, 44.58330408 ], [ -96.86276705, 44.58244719 ], [ -96.82389755, 44.54939029 ], [ -96.81805581, 44.54443459 ], [ -96.78502805, 44.51206824 ], [ -96.77818221, 44.50556512 ], [ -96.74615858, 44.47226922 ], [ -96.74056963, 44.46669563 ], [ -96.70728909, 44.43168367 ], [ -96.70344267, 44.42782614 ], [ -96.66841959, 44.39160263 ], [ -96.66573358, 44.38895664 ], [ -96.62955009, 44.35277319 ], [ -96.62672295, 44.35008715 ], [ -96.59068062, 44.31574021 ], [ -96.58572159, 44.31121766 ], [ -96.55181113, 44.2801503 ], [ -96.54295615, 44.27234819 ], [ -96.51294163, 44.24582163 ], [ -96.49844912, 44.2334787 ], [ -96.47407216, 44.21278056 ], [ -96.4518742, 44.1946092 ], [ -96.43520266, 44.181024 ], [ -96.40309784, 44.15573971 ], [ -96.39633317, 44.15045224 ], [ -96.35746367, 44.12109911 ], [ -96.35167498, 44.11687022 ], [ -96.3185942, 44.09291853 ], [ -96.29738185, 44.07800072 ], [ -96.2797247, 44.06572871 ], [ -96.2408552, 44.03988913 ], [ -96.23970968, 44.03913123 ], [ -96.20198574, 44.01433139 ], [ -96.17976545, 44.00026176 ], [ -96.16311624, 43.99054326 ], [ -96.16311624, 43.99049781 ], [ -96.19222854, 43.96139227 ], [ -96.19223263, 43.92252278 ], [ -96.20198574, 43.9127697 ], [ -96.23110854, 43.88365328 ], [ -96.23111237, 43.84478379 ], [ -96.2408552, 43.83504095 ], [ -96.26998773, 43.8059143 ], [ -96.2797247, 43.79617734 ], [ -96.30886274, 43.76704483 ], [ -96.30886606, 43.72817534 ], [ -96.3185942, 43.71844719 ], [ -96.34774048, 43.68930584 ], [ -96.34774347, 43.65043635 ], [ -96.35746367, 43.64071615 ], [ -96.39633317, 43.6321749 ], [ -96.43022639, 43.65043635 ], [ -96.43520266, 43.65312915 ], [ -96.47407216, 43.67428866 ], [ -96.50071581, 43.68930584 ], [ -96.51294163, 43.69625991 ], [ -96.55181113, 43.71880969 ], [ -96.567611, 43.72817534 ], [ -96.59068062, 43.74208499 ], [ -96.62955009, 43.76569599 ], [ -96.6316716, 43.76704483 ], [ -96.66841959, 43.79137757 ], [ -96.69025369, 43.8059143 ], [ -96.70728909, 43.81759698 ], [ -96.74432954, 43.84478379 ], [ -96.74615858, 43.84614246 ], [ -96.78502805, 43.87432061 ], [ -96.79711642, 43.88365328 ], [ -96.82389755, 43.90524809 ], [ -96.84466688, 43.92252278 ], [ -96.86276705, 43.93843662 ], [ -96.88800969, 43.96139227 ], [ -96.90163652, 43.97453401 ], [ -96.92754843, 44.00026176 ], [ -96.94050601, 44.01406018 ], [ -96.96339351, 44.03913123 ], [ -96.97937551, 44.058243 ], [ -96.99550403, 44.07800072 ], [ -97.01824501, 44.10852959 ], [ -97.02431345, 44.11687022 ], [ -97.05020632, 44.15573971 ], [ -97.05711448, 44.16720738 ], [ -97.07337642, 44.1946092 ], [ -97.09314702, 44.2334787 ], [ -97.09598397, 44.23965317 ], [ -97.11092521, 44.27234819 ], [ -97.12639452, 44.31121766 ], [ -97.13485347, 44.33428166 ], [ -97.14069308, 44.35008715 ], [ -97.15494274, 44.38895664 ], [ -97.17010843, 44.42782614 ], [ -97.17372294, 44.43447792 ], [ -97.19311264, 44.46669563 ], [ -97.21259244, 44.48341991 ], [ -97.24399037, 44.50556512 ], [ -97.25146193, 44.50958657 ], [ -97.29033143, 44.52227336 ], [ -97.3292009, 44.52524316 ], [ -97.3680704, 44.53995223 ], [ -97.37515407, 44.54443459 ], [ -97.40693989, 44.5630247 ], [ -97.43844147, 44.58330408 ], [ -97.44580939, 44.5879881 ], [ -97.48467886, 44.6068812 ], [ -97.52354836, 44.61923871 ], [ -97.55228217, 44.62217358 ], [ -97.56241785, 44.62314311 ], [ -97.56900932, 44.62217358 ], [ -97.60128732, 44.61514055 ], [ -97.64015682, 44.59454949 ], [ -97.65327647, 44.58330408 ], [ -97.67902632, 44.55373425 ], [ -97.68519657, 44.54443459 ], [ -97.70570472, 44.50556512 ], [ -97.71789582, 44.47711942 ], [ -97.72164183, 44.46669563 ], [ -97.73346444, 44.42782614 ], [ -97.74391238, 44.38895664 ], [ -97.75322304, 44.35008715 ], [ -97.75676528, 44.33507227 ], [ -97.7615798, 44.31121766 ], [ -97.76993418, 44.27234819 ], [ -97.77889745, 44.2334787 ], [ -97.78885468, 44.1946092 ], [ -97.79563478, 44.17040287 ], [ -97.79916881, 44.15573971 ], [ -97.80946315, 44.11687022 ], [ -97.82090908, 44.07800072 ], [ -97.83378163, 44.03913123 ], [ -97.83450428, 44.03711348 ], [ -97.84590017, 44.00026176 ], [ -97.85922506, 43.96139227 ], [ -97.87337375, 43.92443596 ], [ -97.87401032, 43.92252278 ], [ -97.88773746, 43.88365328 ], [ -97.90291491, 43.84478379 ], [ -97.91224325, 43.8228867 ], [ -97.91857457, 43.8059143 ], [ -97.93412579, 43.76704483 ], [ -97.95111274, 43.73029949 ], [ -97.95197128, 43.72817534 ], [ -97.96788696, 43.68930584 ], [ -97.98630489, 43.65043635 ], [ -97.98998224, 43.64322867 ], [ -98.00444565, 43.61156686 ], [ -98.02451787, 43.57269736 ], [ -98.02885171, 43.56497426 ], [ -98.04486095, 43.53382789 ], [ -98.06772121, 43.49618564 ], [ -98.0684176, 43.4949584 ], [ -98.0903794, 43.45608891 ], [ -98.1065907, 43.42361292 ], [ -98.10945741, 43.41721942 ], [ -98.12642754, 43.37834992 ], [ -98.13649597, 43.33948043 ], [ -98.13964148, 43.30061094 ], [ -98.14021628, 43.26174147 ], [ -98.14029378, 43.22287197 ], [ -98.14221464, 43.18400248 ], [ -98.14546017, 43.15504672 ], [ -98.14661981, 43.14513299 ], [ -98.15358277, 43.1062635 ], [ -98.16364167, 43.067394 ], [ -98.17698564, 43.02852453 ], [ -98.18432967, 43.01110162 ], [ -98.19417096, 42.98965504 ], [ -98.21571988, 42.95078555 ], [ -98.22319917, 42.9392086 ], [ -98.24301008, 42.91191606 ], [ -98.26206866, 42.8891684 ], [ -98.2777569, 42.87304656 ], [ -98.30093813, 42.85194724 ], [ -98.32459905, 42.83417707 ], [ -98.33980763, 42.82373538 ], [ -98.37867713, 42.80259617 ], [ -98.39661852, 42.7953076 ], [ -98.4175466, 42.78735779 ], [ -98.45641609, 42.77742373 ], [ -98.49528559, 42.77225799 ], [ -98.53415509, 42.7715549 ], [ -98.57302456, 42.77520319 ], [ -98.61189405, 42.78308059 ], [ -98.64849055, 42.7953076 ], [ -98.65076355, 42.79601183 ], [ -98.68963302, 42.8116025 ], [ -98.72850252, 42.83249156 ], [ -98.73098821, 42.83417707 ], [ -98.76737201, 42.85751618 ], [ -98.78712634, 42.87304656 ], [ -98.80624151, 42.88724643 ], [ -98.83359024, 42.91191606 ], [ -98.84511098, 42.9216899 ], [ -98.8734454, 42.95078555 ], [ -98.88398048, 42.96097765 ], [ -98.90875952, 42.98965504 ], [ -98.92284997, 43.00501778 ], [ -98.94091065, 43.02852453 ], [ -98.96171944, 43.05408386 ], [ -98.97085735, 43.067394 ], [ -98.99891687, 43.1062635 ], [ -99.00058894, 43.10844141 ], [ -99.02464575, 43.14513299 ], [ -99.03945844, 43.16658382 ], [ -99.04994586, 43.18400248 ], [ -99.07469219, 43.22287197 ], [ -99.07832793, 43.22820905 ], [ -99.09860982, 43.26174147 ], [ -99.1171974, 43.29084129 ], [ -99.12282274, 43.30061094 ], [ -99.14671451, 43.33948043 ], [ -99.1560669, 43.35380865 ], [ -99.17067774, 43.37834992 ], [ -99.1949364, 43.41678944 ], [ -99.19518563, 43.41721942 ], [ -99.21906679, 43.45608891 ], [ -99.23380587, 43.47888898 ], [ -99.24343432, 43.4949584 ], [ -99.26775656, 43.53382789 ], [ -99.27267536, 43.54135038 ], [ -99.29171987, 43.57269736 ], [ -99.31154486, 43.60515392 ], [ -99.31519297, 43.61156686 ], [ -99.33718874, 43.65043635 ], [ -99.35041436, 43.67587742 ], [ -99.35685329, 43.68930584 ], [ -99.37113403, 43.72817534 ], [ -99.37271809, 43.76704483 ], [ -99.36620361, 43.8059143 ], [ -99.36527832, 43.84478379 ], [ -99.37270365, 43.88365328 ], [ -99.37959654, 43.92252278 ], [ -99.38541521, 43.96139227 ], [ -99.38928383, 43.99564151 ], [ -99.38979613, 44.00026176 ], [ -99.39198971, 44.03913123 ] ], [ [ -99.30223678, 43.96139227 ], [ -99.30063192, 44.00026176 ], [ -99.29244194, 44.03913123 ], [ -99.27797351, 44.07800072 ], [ -99.27267536, 44.08881701 ], [ -99.25727253, 44.11687022 ], [ -99.23380587, 44.15472445 ], [ -99.23316604, 44.15573971 ], [ -99.20778459, 44.1946092 ], [ -99.1949364, 44.21419885 ], [ -99.1826532, 44.2334787 ], [ -99.1582903, 44.27234819 ], [ -99.1560669, 44.27597148 ], [ -99.1330052, 44.31121766 ], [ -99.1171974, 44.33756825 ], [ -99.10923442, 44.35008715 ], [ -99.08675274, 44.38895664 ], [ -99.07832793, 44.40518646 ], [ -99.0655622, 44.42782614 ], [ -99.04689418, 44.46669563 ], [ -99.03945844, 44.48482081 ], [ -99.02978935, 44.50556512 ], [ -99.01413523, 44.54443459 ], [ -99.00079183, 44.58330408 ], [ -99.00058894, 44.58396379 ], [ -98.98692998, 44.62217358 ], [ -98.97488581, 44.66104307 ], [ -98.96414905, 44.69991256 ], [ -98.96171944, 44.7095851 ], [ -98.95301206, 44.73878206 ], [ -98.94224765, 44.77765153 ], [ -98.93192763, 44.81652102 ], [ -98.92284997, 44.851409 ], [ -98.92157861, 44.85539051 ], [ -98.90898351, 44.89426 ], [ -98.89583449, 44.9331295 ], [ -98.88398048, 44.96641961 ], [ -98.88147601, 44.97199899 ], [ -98.86234014, 45.01086848 ], [ -98.84511098, 45.04403745 ], [ -98.84136444, 45.04973795 ], [ -98.81401127, 45.08860745 ], [ -98.80624151, 45.09882559 ], [ -98.7793993, 45.12747694 ], [ -98.76737201, 45.13753112 ], [ -98.72850252, 45.16523655 ], [ -98.72554286, 45.16634643 ], [ -98.68963302, 45.17101367 ], [ -98.65076355, 45.17382082 ], [ -98.61189405, 45.17717928 ], [ -98.57302456, 45.17745333 ], [ -98.53415509, 45.17583466 ], [ -98.49528559, 45.17304024 ], [ -98.45641609, 45.16945441 ], [ -98.42819729, 45.16634643 ], [ -98.4175466, 45.16465242 ], [ -98.37867713, 45.15739741 ], [ -98.33980763, 45.14814055 ], [ -98.30093813, 45.13550053 ], [ -98.28254426, 45.12747694 ], [ -98.26206866, 45.11493143 ], [ -98.23119385, 45.08860745 ], [ -98.22319917, 45.07924842 ], [ -98.20342103, 45.04973795 ], [ -98.18559503, 45.01086848 ], [ -98.18432967, 45.00775436 ], [ -98.17155544, 44.97199899 ], [ -98.1611685, 44.9331295 ], [ -98.15292905, 44.89426 ], [ -98.14633257, 44.85539051 ], [ -98.14546017, 44.84938475 ], [ -98.14098091, 44.81652102 ], [ -98.13681713, 44.77765153 ], [ -98.1336041, 44.73878206 ], [ -98.13128995, 44.69991256 ], [ -98.12951643, 44.66104307 ], [ -98.12822821, 44.62217358 ], [ -98.12747786, 44.58330408 ], [ -98.12725889, 44.54443459 ], [ -98.12752903, 44.50556512 ], [ -98.1283153, 44.46669563 ], [ -98.12962483, 44.42782614 ], [ -98.13145357, 44.38895664 ], [ -98.13387956, 44.35008715 ], [ -98.13689934, 44.31121766 ], [ -98.1405632, 44.27234819 ], [ -98.14492159, 44.2334787 ], [ -98.14546017, 44.22942655 ], [ -98.15000967, 44.1946092 ], [ -98.15588917, 44.15573971 ], [ -98.16255325, 44.11687022 ], [ -98.17003885, 44.07800072 ], [ -98.17846507, 44.03913123 ], [ -98.18432967, 44.0146177 ], [ -98.18768618, 44.00026176 ], [ -98.19760434, 43.96139227 ], [ -98.20838889, 43.92252278 ], [ -98.22007744, 43.88365328 ], [ -98.22319917, 43.87398013 ], [ -98.23250917, 43.84478379 ], [ -98.24588725, 43.8059143 ], [ -98.26032476, 43.76704483 ], [ -98.26206866, 43.76266022 ], [ -98.27578422, 43.72817534 ], [ -98.29261261, 43.68930584 ], [ -98.30093813, 43.67164741 ], [ -98.31105589, 43.65043635 ], [ -98.33169062, 43.61156686 ], [ -98.33980763, 43.5967974 ], [ -98.35263648, 43.57269736 ], [ -98.37089196, 43.53382789 ], [ -98.37867713, 43.51690692 ], [ -98.38866785, 43.4949584 ], [ -98.40715801, 43.45608891 ], [ -98.4175466, 43.43981937 ], [ -98.43542105, 43.41721942 ], [ -98.45641609, 43.39511934 ], [ -98.47554193, 43.37834992 ], [ -98.49528559, 43.36232323 ], [ -98.52954977, 43.33948043 ], [ -98.53415509, 43.33648648 ], [ -98.57302456, 43.31570494 ], [ -98.61056632, 43.30061094 ], [ -98.61189405, 43.30007043 ], [ -98.65076355, 43.28868978 ], [ -98.68963302, 43.28221694 ], [ -98.72850252, 43.28062055 ], [ -98.76737201, 43.28400387 ], [ -98.80624151, 43.29256976 ], [ -98.82848523, 43.30061094 ], [ -98.84511098, 43.30615769 ], [ -98.88398048, 43.3245869 ], [ -98.90794675, 43.33948043 ], [ -98.92284997, 43.34807343 ], [ -98.96171944, 43.37614552 ], [ -98.96424575, 43.37834992 ], [ -99.00058894, 43.40793854 ], [ -99.01025532, 43.41721942 ], [ -99.03945844, 43.44344265 ], [ -99.05164167, 43.45608891 ], [ -99.07832793, 43.48210496 ], [ -99.08993132, 43.4949584 ], [ -99.1171974, 43.52348393 ], [ -99.12601648, 43.53382789 ], [ -99.1560669, 43.56741788 ], [ -99.16032546, 43.57269736 ], [ -99.19282448, 43.61156686 ], [ -99.1949364, 43.61404824 ], [ -99.22293436, 43.65043635 ], [ -99.23380587, 43.66490917 ], [ -99.25039221, 43.68930584 ], [ -99.27267536, 43.72747612 ], [ -99.27304098, 43.72817534 ], [ -99.28195128, 43.76704483 ], [ -99.27721952, 43.8059143 ], [ -99.28220012, 43.84478379 ], [ -99.29185376, 43.88365328 ], [ -99.29877288, 43.92252278 ], [ -99.30223678, 43.96139227 ] ] ] } },
{ "type": "Feature", "properties": { "Lower": 35.0 }, "geometry": { "type": "Polygon", "coordinates": [ [ [ -104.38401147, 44.27234819 ], [ -104.3831417, 44.31121766 ], [ -104.38140038, 44.35008715 ], [ -104.37850046, 44.38895664 ], [ -104.37472904, 44.42782614 ], [ -104.3697973, 44.46669563 ], [ -104.36457845, 44.49112245 ], [ -104.36163825, 44.50556512 ], [ -104.35610112, 44.54443459 ], [ -104.34733375, 44.58330408 ], [ -104.33689658, 44.62217358 ], [ -104.32570895, 44.65254037 ], [ -104.32272641, 44.66104307 ], [ -104.31105564, 44.69991256 ], [ -104.29497302, 44.73878206 ], [ -104.28683949, 44.75626861 ], [ -104.27673718, 44.77765153 ], [ -104.25568067, 44.81652102 ], [ -104.24796999, 44.82897656 ], [ -104.23121884, 44.85539051 ], [ -104.20910049, 44.88630556 ], [ -104.20321817, 44.89426 ], [ -104.17023099, 44.9303961 ], [ -104.16780975, 44.9331295 ], [ -104.13136152, 44.96928246 ], [ -104.12850638, 44.97199899 ], [ -104.09249203, 45.00361444 ], [ -104.08314569, 45.01086848 ], [ -104.05362253, 45.03080655 ], [ -104.02293384, 45.04973795 ], [ -104.01475306, 45.05410411 ], [ -103.97588356, 45.07335047 ], [ -103.941278, 45.08860745 ], [ -103.93701407, 45.09021139 ], [ -103.89814457, 45.10333231 ], [ -103.8592751, 45.11457401 ], [ -103.8204056, 45.1237594 ], [ -103.80096614, 45.12747694 ], [ -103.78153611, 45.13056518 ], [ -103.74266664, 45.1353473 ], [ -103.70379714, 45.13838709 ], [ -103.66492764, 45.13993184 ], [ -103.62605815, 45.14036399 ], [ -103.58718868, 45.13983032 ], [ -103.54831918, 45.13867943 ], [ -103.50944968, 45.13695682 ], [ -103.47058021, 45.13471857 ], [ -103.43171072, 45.13199196 ], [ -103.39284122, 45.12876341 ], [ -103.3795967, 45.12747694 ], [ -103.35397172, 45.12489682 ], [ -103.31510225, 45.12086764 ], [ -103.27623276, 45.11704787 ], [ -103.23736326, 45.11349029 ], [ -103.19849379, 45.11040129 ], [ -103.15962429, 45.1079562 ], [ -103.1207548, 45.10644743 ], [ -103.0818853, 45.1062198 ], [ -103.04301583, 45.10760186 ], [ -103.00414633, 45.10950937 ], [ -102.96527684, 45.11144502 ], [ -102.92640737, 45.11346516 ], [ -102.88753787, 45.11543225 ], [ -102.84866837, 45.11720886 ], [ -102.80979888, 45.11856292 ], [ -102.77092941, 45.11920643 ], [ -102.73205991, 45.11830369 ], [ -102.69319041, 45.1151087 ], [ -102.65432091, 45.10816757 ], [ -102.61545145, 45.09693056 ], [ -102.59546798, 45.08860745 ], [ -102.57658195, 45.08106738 ], [ -102.53771245, 45.06083393 ], [ -102.51877677, 45.04973795 ], [ -102.49884298, 45.03823006 ], [ -102.45997348, 45.01470711 ], [ -102.45378583, 45.01086848 ], [ -102.42110399, 44.9902757 ], [ -102.39128145, 44.97199899 ], [ -102.38223449, 44.96629357 ], [ -102.34336502, 44.9427854 ], [ -102.32616301, 44.9331295 ], [ -102.30449552, 44.92044867 ], [ -102.26562603, 44.89999241 ], [ -102.25321587, 44.89426 ], [ -102.22675656, 44.88143527 ], [ -102.18788706, 44.86566764 ], [ -102.15597387, 44.85539051 ], [ -102.14901756, 44.85303034 ], [ -102.11014807, 44.84356939 ], [ -102.0712786, 44.83798268 ], [ -102.0324091, 44.83662791 ], [ -101.9935396, 44.83992895 ], [ -101.95467013, 44.84889938 ], [ -101.93879273, 44.85539051 ], [ -101.91580064, 44.86491835 ], [ -101.87693114, 44.8875636 ], [ -101.86627064, 44.89426 ], [ -101.83806164, 44.91317132 ], [ -101.81141076, 44.9331295 ], [ -101.79919217, 44.9431812 ], [ -101.76807526, 44.97199899 ], [ -101.76032268, 44.98014131 ], [ -101.73419357, 45.01086848 ], [ -101.72145318, 45.02862908 ], [ -101.70786069, 45.04973795 ], [ -101.68729478, 45.08860745 ], [ -101.68258371, 45.09910308 ], [ -101.67094947, 45.12747694 ], [ -101.65791494, 45.16634643 ], [ -101.64743713, 45.20521592 ], [ -101.64371421, 45.22145068 ], [ -101.63882193, 45.24408542 ], [ -101.6317234, 45.28295489 ], [ -101.6258396, 45.32182438 ], [ -101.62091586, 45.36069387 ], [ -101.61670073, 45.39956337 ], [ -101.61300535, 45.43843286 ], [ -101.6097544, 45.47730235 ], [ -101.60672009, 45.51617182 ], [ -101.60484472, 45.54154104 ], [ -101.60384878, 45.55504131 ], [ -101.60212431, 45.59391081 ], [ -101.60136413, 45.6327803 ], [ -101.60111298, 45.67164979 ], [ -101.60085687, 45.71051928 ], [ -101.60013074, 45.74938878 ], [ -101.59819215, 45.78825825 ], [ -101.59417287, 45.82712774 ], [ -101.58950326, 45.86599723 ], [ -101.58465367, 45.90486673 ], [ -101.57856158, 45.94373622 ], [ -101.56856335, 45.98260571 ], [ -101.56597522, 45.98923866 ], [ -101.55227663, 46.02147518 ], [ -101.52812684, 46.06034467 ], [ -101.52710575, 46.06162192 ], [ -101.49362604, 46.09921417 ], [ -101.48823625, 46.10414784 ], [ -101.44936676, 46.13684774 ], [ -101.44780637, 46.13808366 ], [ -101.41049729, 46.16470766 ], [ -101.39295586, 46.17695315 ], [ -101.37162779, 46.19097216 ], [ -101.33401381, 46.21582265 ], [ -101.33275829, 46.21662074 ], [ -101.2938888, 46.24167925 ], [ -101.27383726, 46.25469211 ], [ -101.25501933, 46.26664544 ], [ -101.21614983, 46.29042674 ], [ -101.21083938, 46.29356161 ], [ -101.17728033, 46.31324529 ], [ -101.14408638, 46.3324311 ], [ -101.13841086, 46.33572556 ], [ -101.09954137, 46.3579162 ], [ -101.0760994, 46.37130059 ], [ -101.06067187, 46.38024685 ], [ -101.02180237, 46.40293521 ], [ -101.00936076, 46.41017009 ], [ -100.9829329, 46.42599534 ], [ -100.9440634, 46.44862476 ], [ -100.94333111, 46.44903958 ], [ -100.90519391, 46.47193352 ], [ -100.87726426, 46.48790907 ], [ -100.86632444, 46.49456745 ], [ -100.82745494, 46.51659252 ], [ -100.80818557, 46.52677854 ], [ -100.78858544, 46.53816867 ], [ -100.74971595, 46.55937371 ], [ -100.73704963, 46.56564803 ], [ -100.71084648, 46.58040792 ], [ -100.67197698, 46.60162369 ], [ -100.66599625, 46.60451753 ], [ -100.63310748, 46.62310638 ], [ -100.59846969, 46.64338702 ], [ -100.59423801, 46.64626515 ], [ -100.55536852, 46.67105324 ], [ -100.53848959, 46.68225651 ], [ -100.51649902, 46.69931026 ], [ -100.48994081, 46.72112601 ], [ -100.47762952, 46.73271709 ], [ -100.44935969, 46.75999548 ], [ -100.43876005, 46.77120676 ], [ -100.41212572, 46.79886497 ], [ -100.39989056, 46.81216779 ], [ -100.37287324, 46.83773446 ], [ -100.36102106, 46.84805011 ], [ -100.32215159, 46.86606089 ], [ -100.28328209, 46.86305155 ], [ -100.2444126, 46.8452072 ], [ -100.2353755, 46.83773446 ], [ -100.21547863, 46.79886497 ], [ -100.21950887, 46.75999548 ], [ -100.23740595, 46.72112601 ], [ -100.2444126, 46.71173255 ], [ -100.26971641, 46.68225651 ], [ -100.28328209, 46.67046989 ], [ -100.31665822, 46.64338702 ], [ -100.32215159, 46.6394173 ], [ -100.35766414, 46.60451753 ], [ -100.36102106, 46.60134889 ], [ -100.38648142, 46.56564803 ], [ -100.39989056, 46.54170317 ], [ -100.40655033, 46.52677854 ], [ -100.42208465, 46.48790907 ], [ -100.43443066, 46.44903958 ], [ -100.43876005, 46.43398438 ], [ -100.44486484, 46.41017009 ], [ -100.45359337, 46.37130059 ], [ -100.46076465, 46.3324311 ], [ -100.46686519, 46.29356161 ], [ -100.47205474, 46.25469211 ], [ -100.47658963, 46.21582265 ], [ -100.47762952, 46.2059973 ], [ -100.48050421, 46.17695315 ], [ -100.48282603, 46.13808366 ], [ -100.48371869, 46.09921417 ], [ -100.48362075, 46.06034467 ], [ -100.48278027, 46.02147518 ], [ -100.48156925, 45.98260571 ], [ -100.48027994, 45.94373622 ], [ -100.47933161, 45.90486673 ], [ -100.47924435, 45.86599723 ], [ -100.48069392, 45.82712774 ], [ -100.48322672, 45.78825825 ], [ -100.48551388, 45.74938878 ], [ -100.48643693, 45.71051928 ], [ -100.48538287, 45.67164979 ], [ -100.48294872, 45.6327803 ], [ -100.48054175, 45.59391081 ], [ -100.47841056, 45.55504131 ], [ -100.47762952, 45.54388217 ], [ -100.47581802, 45.51617182 ], [ -100.47229419, 45.47730235 ], [ -100.46751609, 45.43843286 ], [ -100.4611161, 45.39956337 ], [ -100.45260298, 45.36069387 ], [ -100.44102003, 45.32182438 ], [ -100.43876005, 45.31577766 ], [ -100.42440612, 45.28295489 ], [ -100.39989056, 45.24786924 ], [ -100.39600402, 45.24408542 ], [ -100.36102106, 45.21986387 ], [ -100.32215159, 45.20772538 ], [ -100.30329335, 45.20521592 ], [ -100.28328209, 45.2024864 ], [ -100.2444126, 45.20148851 ], [ -100.2055431, 45.20201691 ], [ -100.16667363, 45.20007653 ], [ -100.12780413, 45.19184138 ], [ -100.08893464, 45.20298876 ], [ -100.08500798, 45.20521592 ], [ -100.05006517, 45.22380168 ], [ -100.01382614, 45.24408542 ], [ -100.01119567, 45.24550295 ], [ -99.97232617, 45.26505089 ], [ -99.94586352, 45.28295489 ], [ -99.93345668, 45.29119436 ], [ -99.89702528, 45.32182438 ], [ -99.89458721, 45.32443754 ], [ -99.862811, 45.36069387 ], [ -99.85571771, 45.37163742 ], [ -99.83596736, 45.39956337 ], [ -99.82135595, 45.43843286 ], [ -99.81763536, 45.47730235 ], [ -99.81684821, 45.48371831 ], [ -99.80642387, 45.51617182 ], [ -99.77797872, 45.52528972 ], [ -99.73910925, 45.52246255 ], [ -99.71861022, 45.51617182 ], [ -99.70023975, 45.51006651 ], [ -99.66137025, 45.49450101 ], [ -99.63210917, 45.47730235 ], [ -99.62250078, 45.47100231 ], [ -99.58363129, 45.44205451 ], [ -99.57925656, 45.43843286 ], [ -99.55566974, 45.39956337 ], [ -99.56290366, 45.36069387 ], [ -99.57765003, 45.32182438 ], [ -99.58363129, 45.30780251 ], [ -99.59722081, 45.28295489 ], [ -99.6178394, 45.24408542 ], [ -99.62250078, 45.23536613 ], [ -99.64234981, 45.20521592 ], [ -99.66137025, 45.17504485 ], [ -99.66796908, 45.16634643 ], [ -99.69737819, 45.12747694 ], [ -99.70023975, 45.1237695 ], [ -99.73203566, 45.08860745 ], [ -99.73910925, 45.08085008 ], [ -99.77189098, 45.04973795 ], [ -99.77797872, 45.04413503 ], [ -99.81684821, 45.01309834 ], [ -99.82002296, 45.01086848 ], [ -99.85571771, 44.98806735 ], [ -99.88451028, 44.97199899 ], [ -99.89458721, 44.96714047 ], [ -99.93345668, 44.95198724 ], [ -99.97232617, 44.94001903 ], [ -99.9982021, 44.9331295 ], [ -100.01119567, 44.93021758 ], [ -100.05006517, 44.92021208 ], [ -100.08893464, 44.90545741 ], [ -100.10409005, 44.89426 ], [ -100.12780413, 44.87817543 ], [ -100.15845369, 44.85539051 ], [ -100.16667363, 44.85000281 ], [ -100.2055431, 44.83453614 ], [ -100.2444126, 44.83453926 ], [ -100.28328209, 44.8466712 ], [ -100.29891766, 44.85539051 ], [ -100.32215159, 44.87333698 ], [ -100.34626707, 44.89426 ], [ -100.36102106, 44.90951419 ], [ -100.38656816, 44.9331295 ], [ -100.39989056, 44.94670066 ], [ -100.43280218, 44.97199899 ], [ -100.43876005, 44.97680663 ], [ -100.47762952, 44.99755387 ], [ -100.51649902, 45.00768897 ], [ -100.55536852, 45.00849638 ], [ -100.59423801, 45.00353915 ], [ -100.63310748, 44.99497153 ], [ -100.67197698, 44.98388936 ], [ -100.71084648, 44.97247266 ], [ -100.71247907, 44.97199899 ], [ -100.74971595, 44.96138299 ], [ -100.78858544, 44.9502768 ], [ -100.82745494, 44.93915975 ], [ -100.84847876, 44.9331295 ], [ -100.86632444, 44.92794719 ], [ -100.90519391, 44.91661933 ], [ -100.9440634, 44.90500835 ], [ -100.97915241, 44.89426 ], [ -100.9829329, 44.89306348 ], [ -101.02180237, 44.88067343 ], [ -101.06067187, 44.86768726 ], [ -101.09568524, 44.85539051 ], [ -101.09954137, 44.85394932 ], [ -101.13841086, 44.83893484 ], [ -101.17728033, 44.82240898 ], [ -101.19037869, 44.81652102 ], [ -101.21614983, 44.8037738 ], [ -101.25501933, 44.78240509 ], [ -101.26305287, 44.77765153 ], [ -101.2938888, 44.75691014 ], [ -101.31780936, 44.73878206 ], [ -101.33275829, 44.72558939 ], [ -101.35912331, 44.69991256 ], [ -101.37162779, 44.68556126 ], [ -101.39154883, 44.66104307 ], [ -101.41049729, 44.63338122 ], [ -101.41775711, 44.62217358 ], [ -101.43973365, 44.58330408 ], [ -101.44936676, 44.56361362 ], [ -101.45851311, 44.54443459 ], [ -101.47007032, 44.50556512 ], [ -101.47331212, 44.46669563 ], [ -101.46999362, 44.42782614 ], [ -101.46188715, 44.38895664 ], [ -101.45106437, 44.35008715 ], [ -101.44936676, 44.34412707 ], [ -101.44071289, 44.31121766 ], [ -101.43458391, 44.27234819 ], [ -101.4320373, 44.2334787 ], [ -101.43147493, 44.1946092 ], [ -101.43194988, 44.15573971 ], [ -101.43303926, 44.11687022 ], [ -101.43445745, 44.07800072 ], [ -101.43602597, 44.03913123 ], [ -101.43770012, 44.00026176 ], [ -101.43946167, 43.96139227 ], [ -101.44128233, 43.92252278 ], [ -101.44294026, 43.88365328 ], [ -101.44457762, 43.84478379 ], [ -101.44630664, 43.8059143 ], [ -101.44814672, 43.76704483 ], [ -101.44936676, 43.74349546 ], [ -101.45021937, 43.72817534 ], [ -101.45264437, 43.68930584 ], [ -101.45528629, 43.65043635 ], [ -101.45827618, 43.61156686 ], [ -101.46161732, 43.57269736 ], [ -101.46540751, 43.53382789 ], [ -101.46960611, 43.4949584 ], [ -101.47435477, 43.45608891 ], [ -101.47962938, 43.41721942 ], [ -101.48554416, 43.37834992 ], [ -101.48823625, 43.36239571 ], [ -101.49253855, 43.33948043 ], [ -101.50064696, 43.30061094 ], [ -101.50965476, 43.26174147 ], [ -101.52068383, 43.22287197 ], [ -101.52710575, 43.20526842 ], [ -101.53734707, 43.18400248 ], [ -101.5597845, 43.14513299 ], [ -101.56597522, 43.13537166 ], [ -101.5882462, 43.1062635 ], [ -101.60484472, 43.08641609 ], [ -101.62394822, 43.067394 ], [ -101.64371421, 43.04851537 ], [ -101.66796043, 43.02852453 ], [ -101.68258371, 43.01661382 ], [ -101.7197269, 42.98965504 ], [ -101.72145318, 42.9884071 ], [ -101.76032268, 42.96279507 ], [ -101.78001844, 42.95078555 ], [ -101.79919217, 42.93899836 ], [ -101.83806164, 42.91659456 ], [ -101.84673491, 42.91191606 ], [ -101.87693114, 42.89535278 ], [ -101.91580064, 42.87504943 ], [ -101.91985861, 42.87304656 ], [ -101.95467013, 42.85564081 ], [ -101.9935396, 42.83692994 ], [ -101.99957988, 42.83417707 ], [ -102.0324091, 42.81901391 ], [ -102.0712786, 42.8015206 ], [ -102.08575351, 42.7953076 ], [ -102.11014807, 42.78464233 ], [ -102.14901756, 42.76822905 ], [ -102.17794731, 42.75643811 ], [ -102.18788706, 42.75232841 ], [ -102.22675656, 42.73700446 ], [ -102.26562603, 42.72223422 ], [ -102.27914885, 42.71756861 ], [ -102.30449552, 42.70864535 ], [ -102.34336502, 42.69620182 ], [ -102.38223449, 42.68472857 ], [ -102.40478315, 42.67869912 ], [ -102.42110399, 42.67426386 ], [ -102.45997348, 42.66466386 ], [ -102.49884298, 42.65595324 ], [ -102.53771245, 42.6479196 ], [ -102.57658195, 42.64239096 ], [ -102.58927805, 42.63982963 ], [ -102.61545145, 42.6342112 ], [ -102.65432091, 42.62838469 ], [ -102.69319041, 42.62331152 ], [ -102.73205991, 42.61878759 ], [ -102.77092941, 42.61493433 ], [ -102.80979888, 42.61184455 ], [ -102.84866837, 42.6096289 ], [ -102.88753787, 42.60793085 ], [ -102.92640737, 42.60698445 ], [ -102.96527684, 42.6068346 ], [ -103.00414633, 42.60753519 ], [ -103.04301583, 42.609084 ], [ -103.0818853, 42.61156262 ], [ -103.1207548, 42.61482194 ], [ -103.15962429, 42.61916271 ], [ -103.19849379, 42.62447129 ], [ -103.23736326, 42.63083703 ], [ -103.27623276, 42.63595324 ], [ -103.29040454, 42.63982963 ], [ -103.31510225, 42.64720436 ], [ -103.35397172, 42.65722054 ], [ -103.39284122, 42.66854542 ], [ -103.42330071, 42.67869912 ], [ -103.43171072, 42.68158044 ], [ -103.47058021, 42.69630301 ], [ -103.50944968, 42.71228861 ], [ -103.5212729, 42.71756861 ], [ -103.54831918, 42.72988576 ], [ -103.58718868, 42.74930206 ], [ -103.60063848, 42.75643811 ], [ -103.62605815, 42.77035069 ], [ -103.66492764, 42.79081659 ], [ -103.67171046, 42.7953076 ], [ -103.70379714, 42.81880238 ], [ -103.72600518, 42.83417707 ], [ -103.74266664, 42.84624217 ], [ -103.77391262, 42.87304656 ], [ -103.78153611, 42.87925599 ], [ -103.8204056, 42.90600761 ], [ -103.82697366, 42.91191606 ], [ -103.8592751, 42.94447138 ], [ -103.86583516, 42.95078555 ], [ -103.89814457, 42.98309497 ], [ -103.90445874, 42.98965504 ], [ -103.93701407, 43.02156018 ], [ -103.94321819, 43.02852453 ], [ -103.97022063, 43.067394 ], [ -103.97588356, 43.074224 ], [ -104.00414972, 43.1062635 ], [ -104.01475306, 43.12019057 ], [ -104.03311715, 43.14513299 ], [ -104.05362253, 43.17428864 ], [ -104.06016669, 43.18400248 ], [ -104.08560593, 43.22287197 ], [ -104.09249203, 43.23370882 ], [ -104.10959234, 43.26174147 ], [ -104.13136152, 43.29491086 ], [ -104.13477388, 43.30061094 ], [ -104.15340975, 43.33948043 ], [ -104.17023099, 43.37187517 ], [ -104.17349886, 43.37834992 ], [ -104.1921835, 43.41721942 ], [ -104.20910049, 43.44892212 ], [ -104.21258207, 43.45608891 ], [ -104.22679748, 43.4949584 ], [ -104.24246412, 43.53382789 ], [ -104.24796999, 43.54796738 ], [ -104.25743202, 43.57269736 ], [ -104.27142396, 43.61156686 ], [ -104.28227428, 43.65043635 ], [ -104.28683949, 43.66318493 ], [ -104.29655448, 43.68930584 ], [ -104.30803899, 43.72817534 ], [ -104.31869711, 43.76704483 ], [ -104.32570895, 43.79463668 ], [ -104.32852878, 43.8059143 ], [ -104.33752299, 43.84478379 ], [ -104.3456081, 43.88365328 ], [ -104.35294665, 43.92252278 ], [ -104.35967967, 43.96139227 ], [ -104.36457845, 43.98475305 ], [ -104.36760141, 44.00026176 ], [ -104.37060292, 44.03913123 ], [ -104.37496139, 44.07800072 ], [ -104.378522, 44.11687022 ], [ -104.38106683, 44.15573971 ], [ -104.38283356, 44.1946092 ], [ -104.38386514, 44.2334787 ], [ -104.38401147, 44.27234819 ] ], [ [ -101.23549716, 45.71051928 ], [ -101.23393631, 45.74938878 ], [ -101.22686552, 45.78825825 ], [ -101.21614983, 45.81806273 ], [ -101.2122281, 45.82712774 ], [ -101.18822807, 45.86599723 ], [ -101.17728033, 45.87937423 ], [ -101.15140541, 45.90486673 ], [ -101.13841086, 45.91531881 ], [ -101.09954137, 45.94066594 ], [ -101.09370634, 45.94373622 ], [ -101.06067187, 45.95957761 ], [ -101.02180237, 45.97444831 ], [ -100.99060703, 45.98260571 ], [ -100.9829329, 45.98449358 ], [ -100.9440634, 45.98788943 ], [ -100.90519391, 45.98352259 ], [ -100.90310498, 45.98260571 ], [ -100.86632444, 45.96190058 ], [ -100.84822131, 45.94373622 ], [ -100.82745494, 45.91749065 ], [ -100.8203408, 45.90486673 ], [ -100.8026985, 45.86599723 ], [ -100.78962859, 45.82712774 ], [ -100.78858544, 45.82244959 ], [ -100.78253347, 45.78825825 ], [ -100.77725516, 45.74938878 ], [ -100.77350939, 45.71051928 ], [ -100.77045653, 45.67164979 ], [ -100.76622463, 45.6327803 ], [ -100.76229348, 45.59391081 ], [ -100.76069397, 45.55504131 ], [ -100.76261612, 45.51617182 ], [ -100.77075509, 45.47730235 ], [ -100.78761143, 45.43843286 ], [ -100.78858544, 45.43689097 ], [ -100.82438901, 45.39956337 ], [ -100.82745494, 45.39719381 ], [ -100.86632444, 45.37699005 ], [ -100.90519391, 45.36428559 ], [ -100.92648768, 45.36069387 ], [ -100.9440634, 45.35815714 ], [ -100.9829329, 45.35720132 ], [ -101.01350877, 45.36069387 ], [ -101.02180237, 45.36177854 ], [ -101.06067187, 45.37104393 ], [ -101.09954137, 45.38809 ], [ -101.11736315, 45.39956337 ], [ -101.13841086, 45.41576024 ], [ -101.15974976, 45.43843286 ], [ -101.17728033, 45.46135762 ], [ -101.18651843, 45.47730235 ], [ -101.20435786, 45.51617182 ], [ -101.21614983, 45.55099576 ], [ -101.2172354, 45.55504131 ], [ -101.2249877, 45.59391081 ], [ -101.23044238, 45.6327803 ], [ -101.23409679, 45.67164979 ], [ -101.23549716, 45.71051928 ] ] ] } },
{ "type": "Feature", "properties": { "Lower": 40.0 }, "geometry": { "type": "Polygon", "coordinates": [ [ [ -101.23549716, 45.71051928 ], [ -101.23393631, 45.74938878 ], [ -101.22686552, 45.78825825 ], [ -101.21614983, 45.81806273 ], [ -101.2122281, 45.82712774 ], [ -101.18822807, 45.86599723 ], [ -101.17728033, 45.87937423 ], [ -101.15140541, 45.90486673 ], [ -101.13841086, 45.91531881 ], [ -101.09954137, 45.94066594 ], [ -101.09370634, 45.94373622 ], [ -101.06067187, 45.95957761 ], [ -101.02180237, 45.97444831 ], [ -100.99060703, 45.98260571 ], [ -100.9829329, 45.98449358 ], [ -100.9440634, 45.98788943 ], [ -100.90519391, 45.98352259 ], [ -100.90310498, 45.98260571 ], [ -100.86632444, 45.96190058 ], [ -100.84822131, 45.94373622 ], [ -100.82745494, 45.91749065 ], [ -100.8203408, 45.90486673 ], [ -100.8026985, 45.86599723 ], [ -100.78962859, 45.82712774 ], [ -100.78858544, 45.82244959 ], [ -100.78253347, 45.78825825 ], [ -100.77725516, 45.74938878 ], [ -100.77350939, 45.71051928 ], [ -100.77045653, 45.67164979 ], [ -100.76622463, 45.6327803 ], [ -100.76229348, 45.59391081 ], [ -100.76069397, 45.55504131 ], [ -100.76261612, 45.51617182 ], [ -100.77075509, 45.47730235 ], [ -100.78761143, 45.43843286 ], [ -100.78858544, 45.43689097 ], [ -100.82438901, 45.39956337 ], [ -100.82745494, 45.39719381 ], [ -100.86632444, 45.37699005 ], [ -100.90519391, 45.36428559 ], [ -100.92648768, 45.36069387 ], [ -100.9440634, 45.35815714 ], [ -100.9829329, 45.35720132 ], [ -101.01350877, 45.36069387 ], [ -101.02180237, 45.36177854 ], [ -101.06067187, 45.37104393 ], [ -101.09954137, 45.38809 ], [ -101.11736315, 45.39956337 ], [ -101.13841086, 45.41576024 ], [ -101.15974976, 45.43843286 ], [ -101.17728033, 45.46135762 ], [ -101.18651843, 45.47730235 ], [ -101.20435786, 45.51617182 ], [ -101.21614983, 45.55099576 ], [ -101.2172354, 45.55504131 ], [ -101.2249877, 45.59391081 ], [ -101.23044238, 45.6327803 ], [ -101.23409679, 45.67164979 ], [ -101.23549716, 45.71051928 ] ] ] } },
{ "type": "Feature", "properties": { "Lower": 40.0 }, "geometry": { "type": "Polygon", "coordinates": [ [ [ -113.0421994, 43.26174147 ], [ -113.03247455, 43.28023799 ], [ -112.99360505, 43.27384758 ], [ -112.95473555, 43.26727571 ], [ -112.92299853, 43.26174147 ], [ -112.91586608, 43.26062149 ], [ -112.87699659, 43.25437101 ], [ -112.83812709, 43.24803543 ], [ -112.79925759, 43.24160517 ], [ -112.76038812, 43.23511014 ], [ -112.72151863, 43.22856437 ], [ -112.68763688, 43.22287197 ], [ -112.68264913, 43.22207889 ], [ -112.64377966, 43.21572305 ], [ -112.60491016, 43.20926791 ], [ -112.56604067, 43.20289927 ], [ -112.52717117, 43.19660027 ], [ -112.4883017, 43.1903509 ], [ -112.4494322, 43.18413527 ], [ -112.44862696, 43.18400248 ], [ -112.4105627, 43.17627004 ], [ -112.37169324, 43.16257322 ], [ -112.33282374, 43.1479629 ], [ -112.32518847, 43.14513299 ], [ -112.29395424, 43.13038227 ], [ -112.25508474, 43.10907399 ], [ -112.25013787, 43.1062635 ], [ -112.21621527, 43.07998744 ], [ -112.19987062, 43.067394 ], [ -112.17734578, 43.04067689 ], [ -112.16753518, 43.02852453 ], [ -112.15083963, 42.98965504 ], [ -112.14507256, 42.95078555 ], [ -112.14630773, 42.91191606 ], [ -112.15227558, 42.87304656 ], [ -112.16155475, 42.83417707 ], [ -112.17318661, 42.7953076 ], [ -112.17734578, 42.78435528 ], [ -112.1883922, 42.75643811 ], [ -112.20810733, 42.71756861 ], [ -112.21621527, 42.70367968 ], [ -112.23176009, 42.67869912 ], [ -112.25508474, 42.64405708 ], [ -112.25812201, 42.63982963 ], [ -112.28740019, 42.60096014 ], [ -112.29395424, 42.59253666 ], [ -112.31906947, 42.56209064 ], [ -112.33282374, 42.54570568 ], [ -112.35280455, 42.52322117 ], [ -112.37169324, 42.50215661 ], [ -112.38856106, 42.48435168 ], [ -112.4105627, 42.46124091 ], [ -112.42638579, 42.44548219 ], [ -112.4494322, 42.42262244 ], [ -112.46644768, 42.40661269 ], [ -112.4883017, 42.38613333 ], [ -112.50901356, 42.3677432 ], [ -112.52717117, 42.35169869 ], [ -112.55454358, 42.32887371 ], [ -112.56604067, 42.3193705 ], [ -112.60393936, 42.29000424 ], [ -112.60491016, 42.28926319 ], [ -112.64377966, 42.26203164 ], [ -112.66093648, 42.25113475 ], [ -112.68264913, 42.23773832 ], [ -112.72151863, 42.21717068 ], [ -112.73261177, 42.21226525 ], [ -112.76038812, 42.20048513 ], [ -112.79925759, 42.18408273 ], [ -112.82432574, 42.17339576 ], [ -112.83812709, 42.16367719 ], [ -112.84784567, 42.17339576 ], [ -112.84785348, 42.21226525 ], [ -112.84786088, 42.25113475 ], [ -112.87699659, 42.28026059 ], [ -112.88674021, 42.29000424 ], [ -112.88674652, 42.32887371 ], [ -112.88675232, 42.3677432 ], [ -112.91586608, 42.39684941 ], [ -112.91586608, 42.39689483 ], [ -112.90721844, 42.40661269 ], [ -112.87699659, 42.42067632 ], [ -112.83812709, 42.43823871 ], [ -112.82195839, 42.44548219 ], [ -112.79925759, 42.45620994 ], [ -112.76038812, 42.47431437 ], [ -112.73896, 42.48435168 ], [ -112.72151863, 42.49289845 ], [ -112.68264913, 42.51481665 ], [ -112.66950364, 42.52322117 ], [ -112.64377966, 42.54004188 ], [ -112.61262791, 42.56209064 ], [ -112.60491016, 42.56764632 ], [ -112.56604067, 42.59791041 ], [ -112.56241004, 42.60096014 ], [ -112.52717117, 42.63114725 ], [ -112.51769343, 42.63982963 ], [ -112.4883017, 42.66746357 ], [ -112.47718584, 42.67869912 ], [ -112.4494322, 42.70786791 ], [ -112.44091763, 42.71756861 ], [ -112.4105627, 42.75449442 ], [ -112.4091035, 42.75643811 ], [ -112.38340744, 42.7953076 ], [ -112.37169324, 42.81725779 ], [ -112.36382063, 42.83417707 ], [ -112.35344632, 42.87304656 ], [ -112.35410301, 42.91191606 ], [ -112.3628789, 42.95078555 ], [ -112.37169324, 42.97138589 ], [ -112.37970039, 42.98965504 ], [ -112.40370138, 43.02852453 ], [ -112.4105627, 43.03555225 ], [ -112.44650082, 43.067394 ], [ -112.4494322, 43.06908853 ], [ -112.4883017, 43.08698745 ], [ -112.52717117, 43.0958532 ], [ -112.56604067, 43.10362496 ], [ -112.57909022, 43.1062635 ], [ -112.60491016, 43.11055166 ], [ -112.64377966, 43.11658619 ], [ -112.68264913, 43.12205887 ], [ -112.72151863, 43.12717232 ], [ -112.76038812, 43.13215788 ], [ -112.79925759, 43.13719017 ], [ -112.83812709, 43.14242922 ], [ -112.85753937, 43.14513299 ], [ -112.87699659, 43.14729134 ], [ -112.91586608, 43.15176221 ], [ -112.95473555, 43.15656221 ], [ -112.99360505, 43.16175116 ], [ -113.03247455, 43.16741387 ], [ -113.04219885, 43.14513299 ], [ -113.04224426, 43.14513299 ], [ -113.04223215, 43.18400248 ], [ -113.04221647, 43.22287197 ], [ -113.0421994, 43.26174147 ] ] ] } },
{ "type": "Feature", "properties": { "Lower": 40.0 }, "geometry": { "type": "Polygon", "coordinates": [ [ [ -99.30223678, 43.96139227 ], [ -99.30063192, 44.00026176 ], [ -99.29244194, 44.03913123 ], [ -99.27797351, 44.07800072 ], [ -99.27267536, 44.08881701 ], [ -99.25727253, 44.11687022 ], [ -99.23380587, 44.15472445 ], [ -99.23316604, 44.15573971 ], [ -99.20778459, 44.1946092 ], [ -99.1949364, 44.21419885 ], [ -99.1826532, 44.2334787 ], [ -99.1582903, 44.27234819 ], [ -99.1560669, 44.27597148 ], [ -99.1330052, 44.31121766 ], [ -99.1171974, 44.33756825 ], [ -99.10923442, 44.35008715 ], [ -99.08675274, 44.38895664 ], [ -99.07832793, 44.40518646 ], [ -99.0655622, 44.42782614 ], [ -99.04689418, 44.46669563 ], [ -99.03945844, 44.48482081 ], [ -99.02978935, 44.50556512 ], [ -99.01413523, 44.54443459 ], [ -99.00079183, 44.58330408 ], [ -99.00058894, 44.58396379 ], [ -98.98692998, 44.62217358 ], [ -98.97488581, 44.66104307 ], [ -98.96414905, 44.69991256 ], [ -98.96171944, 44.7095851 ], [ -98.95301206, 44.73878206 ], [ -98.94224765, 44.77765153 ], [ -98.93192763, 44.81652102 ], [ -98.92284997, 44.851409 ], [ -98.92157861, 44.85539051 ], [ -98.90898351, 44.89426 ], [ -98.89583449, 44.9331295 ], [ -98.88398048, 44.96641961 ], [ -98.88147601, 44.97199899 ], [ -98.86234014, 45.01086848 ], [ -98.84511098, 45.04403745 ], [ -98.84136444, 45.04973795 ], [ -98.81401127, 45.08860745 ], [ -98.80624151, 45.09882559 ], [ -98.7793993, 45.12747694 ], [ -98.76737201, 45.13753112 ], [ -98.72850252, 45.16523655 ], [ -98.72554286, 45.16634643 ], [ -98.68963302, 45.17101367 ], [ -98.65076355, 45.17382082 ], [ -98.61189405, 45.17717928 ], [ -98.57302456, 45.17745333 ], [ -98.53415509, 45.17583466 ], [ -98.49528559, 45.17304024 ], [ -98.45641609, 45.16945441 ], [ -98.42819729, 45.16634643 ], [ -98.4175466, 45.16465242 ], [ -98.37867713, 45.15739741 ], [ -98.33980763, 45.14814055 ], [ -98.30093813, 45.13550053 ], [ -98.28254426, 45.12747694 ], [ -98.26206866, 45.11493143 ], [ -98.23119385, 45.08860745 ], [ -98.22319917, 45.07924842 ], [ -98.20342103, 45.04973795 ], [ -98.18559503, 45.01086848 ], [ -98.18432967, 45.00775436 ], [ -98.17155544, 44.97199899 ], [ -98.1611685, 44.9331295 ], [ -98.15292905, 44.89426 ], [ -98.14633257, 44.85539051 ], [ -98.14546017, 44.84938475 ], [ -98.14098091, 44.81652102 ], [ -98.13681713, 44.77765153 ], [ -98.1336041, 44.73878206 ], [ -98.13128995, 44.69991256 ], [ -98.12951643, 44.66104307 ], [ -98.12822821, 44.62217358 ], [ -98.12747786, 44.58330408 ], [ -98.12725889, 44.54443459 ], [ -98.12752903, 44.50556512 ], [ -98.1283153, 44.46669563 ], [ -98.12962483, 44.42782614 ], [ -98.13145357, 44.38895664 ], [ -98.13387956, 44.35008715 ], [ -98.13689934, 44.31121766 ], [ -98.1405632, 44.27234819 ], [ -98.14492159, 44.2334787 ], [ -98.14546017, 44.22942655 ], [ -98.15000967, 44.1946092 ], [ -98.15588917, 44.15573971 ], [ -98.16255325, 44.11687022 ], [ -98.17003885, 44.07800072 ], [ -98.17846507, 44.03913123 ], [ -98.18432967, 44.0146177 ], [ -98.18768618, 44.00026176 ], [ -98.19760434, 43.96139227 ], [ -98.20838889, 43.92252278 ], [ -98.22007744, 43.88365328 ], [ -98.22319917, 43.87398013 ], [ -98.23250917, 43.84478379 ], [ -98.24588725, 43.8059143 ], [ -98.26032476, 43.76704483 ], [ -98.26206866, 43.76266022 ], [ -98.27578422, 43.72817534 ], [ -98.29261261, 43.68930584 ], [ -98.30093813, 43.67164741 ], [ -98.31105589, 43.65043635 ], [ -98.33169062, 43.61156686 ], [ -98.33980763, 43.5967974 ], [ -98.35263648, 43.57269736 ], [ -98.37089196, 43.53382789 ], [ -98.37867713, 43.51690692 ], [ -98.38866785, 43.4949584 ], [ -98.40715801, 43.45608891 ], [ -98.4175466, 43.43981937 ], [ -98.43542105, 43.41721942 ], [ -98.45641609, 43.39511934 ], [ -98.47554193, 43.37834992 ], [ -98.49528559, 43.36232323 ], [ -98.52954977, 43.33948043 ], [ -98.53415509, 43.33648648 ], [ -98.57302456, 43.31570494 ], [ -98.61056632, 43.30061094 ], [ -98.61189405, 43.30007043 ], [ -98.65076355, 43.28868978 ], [ -98.68963302, 43.28221694 ], [ -98.72850252, 43.28062055 ], [ -98.76737201, 43.28400387 ], [ -98.80624151, 43.29256976 ], [ -98.82848523, 43.30061094 ], [ -98.84511098, 43.30615769 ], [ -98.88398048, 43.3245869 ], [ -98.90794675, 43.33948043 ], [ -98.92284997, 43.34807343 ], [ -98.96171944, 43.37614552 ], [ -98.96424575, 43.37834992 ], [ -99.00058894, 43.40793854 ], [ -99.01025532, 43.41721942 ], [ -99.03945844, 43.44344265 ], [ -99.05164167, 43.45608891 ], [ -99.07832793, 43.48210496 ], [ -99.08993132, 43.4949584 ], [ -99.1171974, 43.52348393 ], [ -99.12601648, 43.53382789 ], [ -99.1560669, 43.56741788 ], [ -99.16032546, 43.57269736 ], [ -99.19282448, 43.61156686 ], [ -99.1949364, 43.61404824 ], [ -99.22293436, 43.65043635 ], [ -99.23380587, 43.66490917 ], [ -99.25039221, 43.68930584 ], [ -99.27267536, 43.72747612 ], [ -99.27304098, 43.72817534 ], [ -99.28195128, 43.76704483 ], [ -99.27721952, 43.8059143 ], [ -99.28220012, 43.84478379 ], [ -99.29185376, 43.88365328 ], [ -99.29877288, 43.92252278 ], [ -99.30223678, 43.96139227 ] ], [ [ -99.18985728, 43.88365328 ], [ -99.18747651, 43.92252278 ], [ -99.17651781, 43.96139227 ], [ -99.16018708, 44.00026176 ], [ -99.1560669, 44.00859154 ], [ -99.13970134, 44.03913123 ], [ -99.11769913, 44.07800072 ], [ -99.1171974, 44.07882406 ], [ -99.08903116, 44.11687022 ], [ -99.07832793, 44.13119557 ], [ -99.05639198, 44.15573971 ], [ -99.03945844, 44.17555254 ], [ -99.02106637, 44.1946092 ], [ -99.00058894, 44.21734887 ], [ -98.98471222, 44.2334787 ], [ -98.96171944, 44.25905182 ], [ -98.94882508, 44.27234819 ], [ -98.92284997, 44.30205975 ], [ -98.91377986, 44.31121766 ], [ -98.88398048, 44.34378276 ], [ -98.87716604, 44.35008715 ], [ -98.84511098, 44.38224613 ], [ -98.83698983, 44.38895664 ], [ -98.80624151, 44.41651111 ], [ -98.7905277, 44.42782614 ], [ -98.76737201, 44.44586567 ], [ -98.73243315, 44.46669563 ], [ -98.72850252, 44.46922704 ], [ -98.68963302, 44.48567073 ], [ -98.65076355, 44.49393701 ], [ -98.61189405, 44.49257364 ], [ -98.57302456, 44.47920638 ], [ -98.55515189, 44.46669563 ], [ -98.53415509, 44.4495482 ], [ -98.51700613, 44.42782614 ], [ -98.49528559, 44.39399874 ], [ -98.4928827, 44.38895664 ], [ -98.47728879, 44.35008715 ], [ -98.4652971, 44.31121766 ], [ -98.45641609, 44.27460605 ], [ -98.45596857, 44.27234819 ], [ -98.45092577, 44.2334787 ], [ -98.44749776, 44.1946092 ], [ -98.44597862, 44.15573971 ], [ -98.4462127, 44.11687022 ], [ -98.448165, 44.07800072 ], [ -98.4516834, 44.03913123 ], [ -98.45641609, 44.00296446 ], [ -98.45678716, 44.00026176 ], [ -98.4639734, 43.96139227 ], [ -98.47278132, 43.92252278 ], [ -98.48335816, 43.88365328 ], [ -98.49528559, 43.84621127 ], [ -98.49575887, 43.84478379 ], [ -98.51099219, 43.8059143 ], [ -98.52824018, 43.76704483 ], [ -98.53415509, 43.75489592 ], [ -98.54776955, 43.72817534 ], [ -98.5694682, 43.68930584 ], [ -98.57302456, 43.68276648 ], [ -98.59051564, 43.65043635 ], [ -98.6083597, 43.61156686 ], [ -98.61189405, 43.60514839 ], [ -98.6355852, 43.57269736 ], [ -98.65076355, 43.56078285 ], [ -98.68963302, 43.5397643 ], [ -98.70725977, 43.53382789 ], [ -98.72850252, 43.52773417 ], [ -98.76737201, 43.52232328 ], [ -98.80624151, 43.52253052 ], [ -98.84511098, 43.52790371 ], [ -98.86721801, 43.53382789 ], [ -98.88398048, 43.53812733 ], [ -98.92284997, 43.55283696 ], [ -98.96171944, 43.57188932 ], [ -98.96302347, 43.57269736 ], [ -99.00058894, 43.59496083 ], [ -99.02415927, 43.61156686 ], [ -99.03945844, 43.62202752 ], [ -99.07503875, 43.65043635 ], [ -99.07832793, 43.65306111 ], [ -99.1171974, 43.68897491 ], [ -99.11751144, 43.68930584 ], [ -99.15183139, 43.72817534 ], [ -99.1560669, 43.73561865 ], [ -99.17106324, 43.76704483 ], [ -99.17074326, 43.8059143 ], [ -99.18275944, 43.84478379 ], [ -99.18985728, 43.88365328 ] ] ] } },
{ "type": "Feature", "properties": { "Lower": 40.0 }, "geometry": { "type": "Polygon", "coordinates": [ [ [ -98.72903101, 46.25469211 ], [ -98.72850252, 46.26163352 ], [ -98.72646236, 46.29356161 ], [ -98.71795472, 46.3324311 ], [ -98.70227591, 46.37130059 ], [ -98.68963302, 46.39305823 ], [ -98.68162137, 46.41017009 ], [ -98.65752063, 46.44903958 ], [ -98.65076355, 46.45735229 ], [ -98.62998696, 46.48790907 ], [ -98.61189405, 46.50944217 ], [ -98.60047298, 46.52677854 ], [ -98.5749982, 46.56564803 ], [ -98.57302456, 46.56838498 ], [ -98.54476972, 46.60451753 ], [ -98.53415509, 46.61732009 ], [ -98.50291757, 46.64338702 ], [ -98.49528559, 46.65086782 ], [ -98.45641609, 46.67920353 ], [ -98.4513278, 46.68225651 ], [ -98.4175466, 46.70625672 ], [ -98.38719255, 46.72112601 ], [ -98.37867713, 46.72606672 ], [ -98.33980763, 46.74142889 ], [ -98.30093813, 46.74932633 ], [ -98.26206866, 46.75108708 ], [ -98.22319917, 46.7477238 ], [ -98.18432967, 46.7404262 ], [ -98.14546017, 46.73014096 ], [ -98.11781116, 46.72112601 ], [ -98.1065907, 46.71796554 ], [ -98.06772121, 46.70494275 ], [ -98.02885171, 46.69033621 ], [ -98.00922021, 46.68225651 ], [ -97.98998224, 46.67462563 ], [ -97.95111274, 46.65796676 ], [ -97.91920149, 46.64338702 ], [ -97.91224325, 46.64013191 ], [ -97.87337375, 46.62125426 ], [ -97.84082637, 46.60451753 ], [ -97.83450428, 46.60097915 ], [ -97.79563478, 46.57881473 ], [ -97.77353844, 46.56564803 ], [ -97.75676528, 46.55386484 ], [ -97.7204541, 46.52677854 ], [ -97.71789582, 46.52437449 ], [ -97.68052921, 46.48790907 ], [ -97.67902632, 46.48589753 ], [ -97.65195121, 46.44903958 ], [ -97.64015682, 46.42074364 ], [ -97.63569112, 46.41017009 ], [ -97.62531095, 46.37130059 ], [ -97.61983148, 46.3324311 ], [ -97.61711121, 46.29356161 ], [ -97.61657194, 46.25469211 ], [ -97.61750872, 46.21582265 ], [ -97.61510994, 46.17695315 ], [ -97.60128732, 46.1497787 ], [ -97.56241785, 46.14451238 ], [ -97.52354836, 46.143007 ], [ -97.50102779, 46.13808366 ], [ -97.48467886, 46.13163483 ], [ -97.44580939, 46.11164565 ], [ -97.4228404, 46.09921417 ], [ -97.40693989, 46.0873545 ], [ -97.3680704, 46.06267421 ], [ -97.36361944, 46.06034467 ], [ -97.3292009, 46.04035318 ], [ -97.29033143, 46.02461353 ], [ -97.27766281, 46.02147518 ], [ -97.25146193, 46.01448816 ], [ -97.21259244, 46.01164535 ], [ -97.17372294, 46.01966107 ], [ -97.1706438, 46.02147518 ], [ -97.13485347, 46.04191548 ], [ -97.11986752, 46.06034467 ], [ -97.09598397, 46.08605839 ], [ -97.08825915, 46.09921417 ], [ -97.05711448, 46.13740408 ], [ -97.05670697, 46.13808366 ], [ -97.02295827, 46.17695315 ], [ -97.01824501, 46.18113181 ], [ -96.9854519, 46.21582265 ], [ -96.97937551, 46.22121122 ], [ -96.94817504, 46.25469211 ], [ -96.94050601, 46.26082661 ], [ -96.90163652, 46.29082535 ], [ -96.89800724, 46.29356161 ], [ -96.86276705, 46.30874551 ], [ -96.82389755, 46.32338535 ], [ -96.80401961, 46.3324311 ], [ -96.78502805, 46.33749948 ], [ -96.74615858, 46.34275145 ], [ -96.70728909, 46.34205961 ], [ -96.68640034, 46.3324311 ], [ -96.66841959, 46.32291246 ], [ -96.62955009, 46.31816528 ], [ -96.59068062, 46.33126022 ], [ -96.58887482, 46.3324311 ], [ -96.55181113, 46.37101369 ], [ -96.55157815, 46.37130059 ], [ -96.52706127, 46.41017009 ], [ -96.51294163, 46.43293334 ], [ -96.4986208, 46.44903958 ], [ -96.47407216, 46.47844805 ], [ -96.43520266, 46.47938782 ], [ -96.40076765, 46.44903958 ], [ -96.39633317, 46.44469382 ], [ -96.37250372, 46.41017009 ], [ -96.35746367, 46.38109396 ], [ -96.35267209, 46.37130059 ], [ -96.33799362, 46.3324311 ], [ -96.332625, 46.29356161 ], [ -96.33371566, 46.25469211 ], [ -96.34130237, 46.21582265 ], [ -96.3534642, 46.17695315 ], [ -96.35746367, 46.16743683 ], [ -96.36918924, 46.13808366 ], [ -96.38438209, 46.09921417 ], [ -96.39633317, 46.07145311 ], [ -96.40046863, 46.06034467 ], [ -96.41868787, 46.02147518 ], [ -96.43520266, 45.99329228 ], [ -96.44118978, 45.98260571 ], [ -96.46759735, 45.94373622 ], [ -96.47407216, 45.93510316 ], [ -96.49819937, 45.90486673 ], [ -96.51294163, 45.88738599 ], [ -96.53381657, 45.86599723 ], [ -96.55181113, 45.84813426 ], [ -96.57842899, 45.82712774 ], [ -96.59068062, 45.81743115 ], [ -96.62955009, 45.79340175 ], [ -96.63944526, 45.78825825 ], [ -96.66841959, 45.77087364 ], [ -96.70728909, 45.76318779 ], [ -96.74615858, 45.77444981 ], [ -96.78024412, 45.78825825 ], [ -96.78502805, 45.79030554 ], [ -96.82389755, 45.79919865 ], [ -96.86276705, 45.80365445 ], [ -96.90163652, 45.80172789 ], [ -96.93404335, 45.78825825 ], [ -96.94050601, 45.77923918 ], [ -96.95126163, 45.74938878 ], [ -96.94755952, 45.71051928 ], [ -96.94050601, 45.68921332 ], [ -96.935848, 45.67164979 ], [ -96.91957594, 45.6327803 ], [ -96.90163652, 45.59813651 ], [ -96.89971359, 45.59391081 ], [ -96.87835195, 45.55504131 ], [ -96.86276705, 45.52913802 ], [ -96.85506505, 45.51617182 ], [ -96.82662538, 45.47730235 ], [ -96.82389755, 45.47405972 ], [ -96.79574827, 45.43843286 ], [ -96.78502805, 45.42403032 ], [ -96.75383737, 45.39956337 ], [ -96.74615858, 45.3942282 ], [ -96.72520174, 45.39956337 ], [ -96.70728909, 45.40460485 ], [ -96.66841959, 45.42725783 ], [ -96.64954329, 45.43843286 ], [ -96.62955009, 45.45030512 ], [ -96.59068062, 45.47092454 ], [ -96.57887503, 45.47730235 ], [ -96.55181113, 45.49243594 ], [ -96.51294163, 45.51359664 ], [ -96.50829378, 45.51617182 ], [ -96.47407216, 45.53469228 ], [ -96.43520266, 45.55383706 ], [ -96.43231672, 45.55504131 ], [ -96.39633317, 45.56962306 ], [ -96.35746367, 45.58363008 ], [ -96.3266216, 45.59391081 ], [ -96.3185942, 45.59646516 ], [ -96.2797247, 45.60794635 ], [ -96.2408552, 45.61974954 ], [ -96.20198574, 45.63252693 ], [ -96.20125147, 45.6327803 ], [ -96.16311624, 45.64546467 ], [ -96.12424674, 45.66065255 ], [ -96.10022449, 45.67164979 ], [ -96.08537724, 45.6783293 ], [ -96.04650777, 45.69911133 ], [ -96.02889782, 45.71051928 ], [ -96.00763828, 45.72439853 ], [ -95.97696674, 45.74938878 ], [ -95.96876878, 45.75620507 ], [ -95.93764131, 45.78825825 ], [ -95.92989931, 45.79655406 ], [ -95.9055942, 45.82712774 ], [ -95.89102981, 45.84629198 ], [ -95.87810374, 45.86599723 ], [ -95.85311342, 45.90486673 ], [ -95.85216032, 45.90599923 ], [ -95.82632631, 45.94373622 ], [ -95.81329082, 45.95800467 ], [ -95.79265549, 45.98260571 ], [ -95.78467048, 46.02147518 ], [ -95.80303111, 46.06034467 ], [ -95.81329082, 46.08204878 ], [ -95.8214263, 46.09921417 ], [ -95.83858786, 46.13808366 ], [ -95.85216032, 46.17003474 ], [ -95.85523323, 46.17695315 ], [ -95.86860806, 46.21582265 ], [ -95.87859593, 46.25469211 ], [ -95.88293637, 46.29356161 ], [ -95.87930095, 46.3324311 ], [ -95.86653502, 46.37130059 ], [ -95.85216032, 46.39738589 ], [ -95.84329879, 46.41017009 ], [ -95.81329082, 46.44402683 ], [ -95.80803704, 46.44903958 ], [ -95.77442135, 46.47705263 ], [ -95.75968665, 46.48790907 ], [ -95.73555185, 46.50420709 ], [ -95.69876202, 46.52677854 ], [ -95.69668236, 46.52798024 ], [ -95.65781289, 46.54865257 ], [ -95.62349612, 46.56564803 ], [ -95.61894339, 46.56780716 ], [ -95.58007389, 46.58485464 ], [ -95.5412044, 46.60085685 ], [ -95.53172628, 46.60451753 ], [ -95.50233493, 46.61548709 ], [ -95.46346543, 46.62917387 ], [ -95.42459593, 46.64223231 ], [ -95.42094684, 46.64338702 ], [ -95.38572646, 46.65417575 ], [ -95.34685697, 46.66544491 ], [ -95.30798747, 46.67615213 ], [ -95.28435984, 46.68225651 ], [ -95.26911797, 46.68606137 ], [ -95.2302485, 46.69504045 ], [ -95.19137901, 46.70324439 ], [ -95.15250951, 46.69197969 ], [ -95.14278633, 46.68225651 ], [ -95.14277879, 46.64338702 ], [ -95.14277175, 46.60451753 ], [ -95.14276528, 46.56564803 ], [ -95.14275936, 46.52677854 ], [ -95.14275407, 46.48790907 ], [ -95.14274939, 46.44903958 ], [ -95.1427453, 46.41017009 ], [ -95.14279071, 46.41017009 ], [ -95.15250951, 46.42367277 ], [ -95.19137901, 46.41671137 ], [ -95.2241315, 46.41017009 ], [ -95.2302485, 46.40881499 ], [ -95.26911797, 46.39954395 ], [ -95.30798747, 46.38990497 ], [ -95.34685697, 46.37979471 ], [ -95.3775373, 46.37130059 ], [ -95.38572646, 46.36881794 ], [ -95.42459593, 46.35592332 ], [ -95.46346543, 46.34214341 ], [ -95.48832734, 46.3324311 ], [ -95.50233493, 46.32650235 ], [ -95.5412044, 46.30802094 ], [ -95.56804656, 46.29356161 ], [ -95.58007389, 46.28653943 ], [ -95.61894339, 46.25972136 ], [ -95.62490998, 46.25469211 ], [ -95.65781289, 46.22383541 ], [ -95.66434381, 46.21582265 ], [ -95.69127177, 46.17695315 ], [ -95.69668236, 46.16727249 ], [ -95.70690691, 46.13808366 ], [ -95.71307954, 46.09921417 ], [ -95.70884109, 46.06034467 ], [ -95.69668236, 46.0233752 ], [ -95.69596659, 46.02147518 ], [ -95.69434242, 45.98260571 ], [ -95.69668236, 45.976768 ], [ -95.71038758, 45.94373622 ], [ -95.71050407, 45.90486673 ], [ -95.70724835, 45.86599723 ], [ -95.70465339, 45.82712774 ], [ -95.70424876, 45.78825825 ], [ -95.70666253, 45.74938878 ], [ -95.71260889, 45.71051928 ], [ -95.72309204, 45.67164979 ], [ -95.73555185, 45.64099097 ], [ -95.73919785, 45.6327803 ], [ -95.76227177, 45.59391081 ], [ -95.77442135, 45.57832704 ], [ -95.79571934, 45.55504131 ], [ -95.81329082, 45.53920751 ], [ -95.84486087, 45.51617182 ], [ -95.85216032, 45.51145701 ], [ -95.89102981, 45.49023612 ], [ -95.92185146, 45.47730235 ], [ -95.92989931, 45.47406754 ], [ -95.96876878, 45.46071341 ], [ -96.00763828, 45.45025597 ], [ -96.04650777, 45.44198853 ], [ -96.06637681, 45.43843286 ], [ -96.08537724, 45.43485069 ], [ -96.12424674, 45.42858405 ], [ -96.16311624, 45.42320632 ], [ -96.20198574, 45.41855846 ], [ -96.2408552, 45.41427918 ], [ -96.2797247, 45.41002679 ], [ -96.3185942, 45.40553151 ], [ -96.35746367, 45.40047029 ], [ -96.36303231, 45.39956337 ], [ -96.39633317, 45.39366428 ], [ -96.43520266, 45.38538401 ], [ -96.47407216, 45.37549155 ], [ -96.51294163, 45.36357918 ], [ -96.51979799, 45.36069387 ], [ -96.55181113, 45.34643013 ], [ -96.59068062, 45.325457 ], [ -96.59641368, 45.32182438 ], [ -96.62955009, 45.29916554 ], [ -96.65567232, 45.28295489 ], [ -96.66841959, 45.27447826 ], [ -96.70728909, 45.25437321 ], [ -96.74615858, 45.25832066 ], [ -96.77297183, 45.28295489 ], [ -96.78502805, 45.29253192 ], [ -96.80916535, 45.32182438 ], [ -96.82389755, 45.33995492 ], [ -96.83992106, 45.36069387 ], [ -96.86276705, 45.38881405 ], [ -96.8726256, 45.39956337 ], [ -96.90163652, 45.42967384 ], [ -96.91165935, 45.43843286 ], [ -96.94050601, 45.46795665 ], [ -96.95061073, 45.47730235 ], [ -96.97937551, 45.50764956 ], [ -96.98885289, 45.51617182 ], [ -97.01824501, 45.54481941 ], [ -97.03102239, 45.55504131 ], [ -97.05711448, 45.57783999 ], [ -97.08033087, 45.59391081 ], [ -97.09598397, 45.60573429 ], [ -97.13485347, 45.62755469 ], [ -97.14836254, 45.6327803 ], [ -97.17372294, 45.64356402 ], [ -97.21259244, 45.65329587 ], [ -97.25146193, 45.65692611 ], [ -97.29033143, 45.65475958 ], [ -97.3292009, 45.6467264 ], [ -97.36679983, 45.6327803 ], [ -97.3680704, 45.6323193 ], [ -97.40693989, 45.612518 ], [ -97.4337863, 45.59391081 ], [ -97.44580939, 45.58539528 ], [ -97.48020488, 45.55504131 ], [ -97.48467886, 45.55082298 ], [ -97.51572782, 45.51617182 ], [ -97.52354836, 45.50587498 ], [ -97.54274714, 45.47730235 ], [ -97.56044906, 45.43843286 ], [ -97.56241785, 45.43176219 ], [ -97.57147553, 45.39956337 ], [ -97.57713529, 45.36069387 ], [ -97.57815484, 45.32182438 ], [ -97.5749547, 45.28295489 ], [ -97.56774108, 45.24408542 ], [ -97.56241785, 45.22598475 ], [ -97.55687593, 45.20521592 ], [ -97.54273601, 45.16634643 ], [ -97.52505788, 45.12747694 ], [ -97.52354836, 45.12460427 ], [ -97.50618678, 45.08860745 ], [ -97.48467886, 45.05243241 ], [ -97.48318614, 45.04973795 ], [ -97.45799986, 45.01086848 ], [ -97.44580939, 44.99475801 ], [ -97.42963576, 44.97199899 ], [ -97.40693989, 44.9431353 ], [ -97.39922475, 44.9331295 ], [ -97.3680704, 44.89594395 ], [ -97.36638947, 44.89426 ], [ -97.3292009, 44.86064098 ], [ -97.32156443, 44.85539051 ], [ -97.29033143, 44.83537893 ], [ -97.25146193, 44.81880977 ], [ -97.24228138, 44.81652102 ], [ -97.21259244, 44.80958037 ], [ -97.17372294, 44.80673722 ], [ -97.13485347, 44.80914175 ], [ -97.09598397, 44.81591987 ], [ -97.09372873, 44.81652102 ], [ -97.05711448, 44.82565761 ], [ -97.01824501, 44.83600375 ], [ -96.97937551, 44.84629461 ], [ -96.94050601, 44.84941509 ], [ -96.90163652, 44.84414118 ], [ -96.86276705, 44.83153522 ], [ -96.83026836, 44.81652102 ], [ -96.82389755, 44.81334143 ], [ -96.78502805, 44.79216434 ], [ -96.76065627, 44.77765153 ], [ -96.74615858, 44.76904392 ], [ -96.70728909, 44.7451662 ], [ -96.69712959, 44.73878206 ], [ -96.66841959, 44.72118181 ], [ -96.63177675, 44.69991256 ], [ -96.62955009, 44.69862924 ], [ -96.59068062, 44.67952064 ], [ -96.55236209, 44.66104307 ], [ -96.55181113, 44.66078127 ], [ -96.51294163, 44.64432987 ], [ -96.47407216, 44.62755953 ], [ -96.46130195, 44.62217358 ], [ -96.43520266, 44.61052512 ], [ -96.39633317, 44.59322401 ], [ -96.37414869, 44.58330408 ], [ -96.35746367, 44.57535881 ], [ -96.3185942, 44.55702162 ], [ -96.29227245, 44.54443459 ], [ -96.2797247, 44.53814091 ], [ -96.2408552, 44.51869117 ], [ -96.21502369, 44.50556512 ], [ -96.20198574, 44.49870534 ], [ -96.16311624, 44.47819074 ], [ -96.14161889, 44.46669563 ], [ -96.12424674, 44.45717498 ], [ -96.08537724, 44.43563878 ], [ -96.07149645, 44.42782614 ], [ -96.04650777, 44.41355341 ], [ -96.00763828, 44.3909661 ], [ -96.00422025, 44.38895664 ], [ -95.96876878, 44.3679558 ], [ -95.92989931, 44.37923576 ], [ -95.92989931, 44.37919033 ], [ -95.95900745, 44.35008715 ], [ -95.9590106, 44.31121766 ], [ -95.96876878, 44.30145948 ], [ -95.99788528, 44.27234819 ], [ -96.00763828, 44.26259518 ], [ -96.03676015, 44.2334787 ], [ -96.03676355, 44.1946092 ], [ -96.04650777, 44.18486497 ], [ -96.07563869, 44.15573971 ], [ -96.0756423, 44.11687022 ], [ -96.08537724, 44.10713527 ], [ -96.11451786, 44.07800072 ], [ -96.11452175, 44.03913123 ], [ -96.12424674, 44.02940623 ], [ -96.15339774, 44.00026176 ], [ -96.16311624, 43.99054326 ], [ -96.17976545, 44.00026176 ], [ -96.20198574, 44.01433139 ], [ -96.23970968, 44.03913123 ], [ -96.2408552, 44.03988913 ], [ -96.2797247, 44.06572871 ], [ -96.29738185, 44.07800072 ], [ -96.3185942, 44.09291853 ], [ -96.35167498, 44.11687022 ], [ -96.35746367, 44.12109911 ], [ -96.39633317, 44.15045224 ], [ -96.40309784, 44.15573971 ], [ -96.43520266, 44.181024 ], [ -96.4518742, 44.1946092 ], [ -96.47407216, 44.21278056 ], [ -96.49844912, 44.2334787 ], [ -96.51294163, 44.24582163 ], [ -96.54295615, 44.27234819 ], [ -96.55181113, 44.2801503 ], [ -96.58572159, 44.31121766 ], [ -96.59068062, 44.31574021 ], [ -96.62672295, 44.35008715 ], [ -96.62955009, 44.35277319 ], [ -96.66573358, 44.38895664 ], [ -96.66841959, 44.39160263 ], [ -96.70344267, 44.42782614 ], [ -96.70728909, 44.43168367 ], [ -96.74056963, 44.46669563 ], [ -96.74615858, 44.47226922 ], [ -96.77818221, 44.50556512 ], [ -96.78502805, 44.51206824 ], [ -96.81805581, 44.54443459 ], [ -96.82389755, 44.54939029 ], [ -96.86276705, 44.58244719 ], [ -96.86378518, 44.58330408 ], [ -96.90163652, 44.60886785 ], [ -96.92164728, 44.62217358 ], [ -96.94050601, 44.63429136 ], [ -96.97937551, 44.65928513 ], [ -96.9821613, 44.66104307 ], [ -97.01824501, 44.68170994 ], [ -97.05656795, 44.69991256 ], [ -97.05711448, 44.70011424 ], [ -97.09598397, 44.70974301 ], [ -97.13485347, 44.7126586 ], [ -97.17372294, 44.7102255 ], [ -97.21259244, 44.7069195 ], [ -97.25146193, 44.70784867 ], [ -97.29033143, 44.71593049 ], [ -97.3292009, 44.73393663 ], [ -97.33635897, 44.73878206 ], [ -97.3680704, 44.76067842 ], [ -97.38870334, 44.77765153 ], [ -97.40693989, 44.79349216 ], [ -97.43083799, 44.81652102 ], [ -97.44580939, 44.83214371 ], [ -97.4692909, 44.85539051 ], [ -97.48467886, 44.87164732 ], [ -97.50805413, 44.89426 ], [ -97.52354836, 44.91059097 ], [ -97.54693412, 44.9331295 ], [ -97.56241785, 44.94980789 ], [ -97.58505862, 44.97199899 ], [ -97.60128732, 44.9903116 ], [ -97.62154134, 45.01086848 ], [ -97.64015682, 45.03336301 ], [ -97.65539864, 45.04973795 ], [ -97.67902632, 45.08126199 ], [ -97.68538028, 45.08860745 ], [ -97.71134379, 45.12747694 ], [ -97.71789582, 45.14098442 ], [ -97.73279049, 45.16634643 ], [ -97.74864641, 45.20521592 ], [ -97.75676528, 45.23447742 ], [ -97.76012182, 45.24408542 ], [ -97.77003302, 45.28295489 ], [ -97.7786412, 45.32182438 ], [ -97.78782408, 45.36069387 ], [ -97.79182456, 45.39956337 ], [ -97.79036801, 45.43843286 ], [ -97.78607204, 45.47730235 ], [ -97.78273178, 45.51617182 ], [ -97.78388353, 45.55504131 ], [ -97.79342668, 45.59391081 ], [ -97.79563478, 45.59798453 ], [ -97.83450428, 45.61809107 ], [ -97.87337375, 45.60882899 ], [ -97.90737305, 45.59391081 ], [ -97.91224325, 45.59182012 ], [ -97.95111274, 45.57013615 ], [ -97.98998224, 45.55594276 ], [ -98.02885171, 45.55804408 ], [ -98.06772121, 45.57126057 ], [ -98.1065907, 45.59153955 ], [ -98.10982735, 45.59391081 ], [ -98.14546017, 45.61323052 ], [ -98.17485163, 45.6327803 ], [ -98.18432967, 45.6379922 ], [ -98.22319917, 45.66739171 ], [ -98.22741021, 45.67164979 ], [ -98.26206866, 45.70754275 ], [ -98.26435081, 45.71051928 ], [ -98.29298113, 45.74938878 ], [ -98.30093813, 45.76072635 ], [ -98.31791127, 45.78825825 ], [ -98.33980763, 45.82530238 ], [ -98.34118405, 45.82712774 ], [ -98.37101591, 45.86599723 ], [ -98.37867713, 45.87617258 ], [ -98.41005928, 45.90486673 ], [ -98.4175466, 45.91211649 ], [ -98.45641609, 45.9360367 ], [ -98.4720869, 45.94373622 ], [ -98.49528559, 45.95674866 ], [ -98.53415509, 45.97795887 ], [ -98.54224497, 45.98260571 ], [ -98.57302456, 46.00368991 ], [ -98.5970056, 46.02147518 ], [ -98.61189405, 46.03487281 ], [ -98.63997557, 46.06034467 ], [ -98.65076355, 46.07278407 ], [ -98.67391878, 46.09921417 ], [ -98.68963302, 46.12368637 ], [ -98.69910574, 46.13808366 ], [ -98.71631983, 46.17695315 ], [ -98.72577649, 46.21582265 ], [ -98.72850252, 46.24908113 ], [ -98.72903101, 46.25469211 ] ], [ [ -96.90139693, 46.06034467 ], [ -96.90069144, 46.09921417 ], [ -96.89017132, 46.13808366 ], [ -96.87232455, 46.17695315 ], [ -96.86276705, 46.19367391 ], [ -96.84926329, 46.21582265 ], [ -96.82389755, 46.24385725 ], [ -96.81004668, 46.25469211 ], [ -96.78502805, 46.27391132 ], [ -96.7616992, 46.29356161 ], [ -96.74615858, 46.29906466 ], [ -96.70728909, 46.30191303 ], [ -96.68129423, 46.29356161 ], [ -96.66841959, 46.27312369 ], [ -96.65407407, 46.25469211 ], [ -96.62955009, 46.23521373 ], [ -96.59068062, 46.23950384 ], [ -96.55181113, 46.25042351 ], [ -96.51294163, 46.25087776 ], [ -96.48261411, 46.21582265 ], [ -96.47407216, 46.20035831 ], [ -96.46706519, 46.17695315 ], [ -96.46281011, 46.13808366 ], [ -96.46638187, 46.09921417 ], [ -96.47407216, 46.06900131 ], [ -96.47625664, 46.06034467 ], [ -96.49245433, 46.02147518 ], [ -96.51294163, 45.98464266 ], [ -96.51415797, 45.98260571 ], [ -96.54313287, 45.94373622 ], [ -96.55181113, 45.93379852 ], [ -96.58023162, 45.90486673 ], [ -96.59068062, 45.895477 ], [ -96.62955009, 45.86733465 ], [ -96.63243291, 45.86599723 ], [ -96.66841959, 45.8500352 ], [ -96.70728909, 45.85166862 ], [ -96.74154143, 45.86599723 ], [ -96.74615858, 45.86810919 ], [ -96.78502805, 45.895938 ], [ -96.79815104, 45.90486673 ], [ -96.82389755, 45.92800113 ], [ -96.84151838, 45.94373622 ], [ -96.86276705, 45.97116491 ], [ -96.87190159, 45.98260571 ], [ -96.89195044, 46.02147518 ], [ -96.90139693, 46.06034467 ] ], [ [ -98.5619178, 46.3324311 ], [ -98.55849357, 46.37130059 ], [ -98.54632908, 46.41017009 ], [ -98.53415509, 46.43329877 ], [ -98.52223638, 46.44903958 ], [ -98.49528559, 46.47776488 ], [ -98.47556286, 46.48790907 ], [ -98.45641609, 46.49735667 ], [ -98.4175466, 46.51803425 ], [ -98.40166289, 46.52677854 ], [ -98.37867713, 46.53834632 ], [ -98.33980763, 46.5561687 ], [ -98.31477862, 46.56564803 ], [ -98.30093813, 46.57057556 ], [ -98.26206866, 46.58069445 ], [ -98.22319917, 46.58651935 ], [ -98.18432967, 46.58811188 ], [ -98.14546017, 46.5855536 ], [ -98.1065907, 46.57908655 ], [ -98.06772121, 46.56907732 ], [ -98.05772923, 46.56564803 ], [ -98.02885171, 46.55558367 ], [ -97.98998224, 46.53881066 ], [ -97.96651207, 46.52677854 ], [ -97.95111274, 46.51849917 ], [ -97.91224325, 46.49408388 ], [ -97.90358456, 46.48790907 ], [ -97.87337375, 46.46433598 ], [ -97.85625839, 46.44903958 ], [ -97.83450428, 46.42705517 ], [ -97.81975851, 46.41017009 ], [ -97.79563478, 46.37747772 ], [ -97.79151567, 46.37130059 ], [ -97.76977899, 46.3324311 ], [ -97.75676528, 46.30104928 ], [ -97.75392047, 46.29356161 ], [ -97.74277436, 46.25469211 ], [ -97.73590884, 46.21582265 ], [ -97.73392122, 46.17695315 ], [ -97.73981443, 46.13808366 ], [ -97.75676528, 46.1002182 ], [ -97.75719469, 46.09921417 ], [ -97.78004391, 46.06034467 ], [ -97.79563478, 46.03260235 ], [ -97.80151933, 46.02147518 ], [ -97.817314, 45.98260571 ], [ -97.83450428, 45.94432283 ], [ -97.83473616, 45.94373622 ], [ -97.85232825, 45.90486673 ], [ -97.87337375, 45.86780754 ], [ -97.87442421, 45.86599723 ], [ -97.89914292, 45.82712774 ], [ -97.91224325, 45.81000532 ], [ -97.93031475, 45.78825825 ], [ -97.95111274, 45.76534916 ], [ -97.96957767, 45.74938878 ], [ -97.98998224, 45.73267073 ], [ -98.02885171, 45.71232312 ], [ -98.03578223, 45.71051928 ], [ -98.06772121, 45.70238701 ], [ -98.1065907, 45.70237696 ], [ -98.14495815, 45.71051928 ], [ -98.14546017, 45.71061618 ], [ -98.18432967, 45.72885489 ], [ -98.21078172, 45.74938878 ], [ -98.22319917, 45.75930036 ], [ -98.2495923, 45.78825825 ], [ -98.26206866, 45.80246757 ], [ -98.27896433, 45.82712774 ], [ -98.30093813, 45.86129164 ], [ -98.30370227, 45.86599723 ], [ -98.32573529, 45.90486673 ], [ -98.33980763, 45.93081393 ], [ -98.34900725, 45.94373622 ], [ -98.37428267, 45.98260571 ], [ -98.37867713, 45.99034543 ], [ -98.404277, 46.02147518 ], [ -98.4175466, 46.04089543 ], [ -98.43785254, 46.06034467 ], [ -98.45641609, 46.08227632 ], [ -98.4735833, 46.09921417 ], [ -98.49528559, 46.125714 ], [ -98.50513505, 46.13808366 ], [ -98.52891742, 46.17695315 ], [ -98.53415509, 46.18841307 ], [ -98.5447122, 46.21582265 ], [ -98.55459076, 46.25469211 ], [ -98.56015354, 46.29356161 ], [ -98.5619178, 46.3324311 ] ] ] } },
{ "type": "Feature", "properties": { "Lower": 45.0 }, "geometry": { "type": "Polygon", "coordinates": [ [ [ -96.90139693, 46.06034467 ], [ -96.90069144, 46.09921417 ], [ -96.89017132, 46.13808366 ], [ -96.87232455, 46.17695315 ], [ -96.86276705, 46.19367391 ], [ -96.84926329, 46.21582265 ], [ -96.82389755, 46.24385725 ], [ -96.81004668, 46.25469211 ], [ -96.78502805, 46.27391132 ], [ -96.7616992, 46.29356161 ], [ -96.74615858, 46.29906466 ], [ -96.70728909, 46.30191303 ], [ -96.68129423, 46.29356161 ], [ -96.66841959, 46.27312369 ], [ -96.65407407, 46.25469211 ], [ -96.62955009, 46.23521373 ], [ -96.59068062, 46.23950384 ], [ -96.55181113, 46.25042351 ], [ -96.51294163, 46.25087776 ], [ -96.48261411, 46.21582265 ], [ -96.47407216, 46.20035831 ], [ -96.46706519, 46.17695315 ], [ -96.46281011, 46.13808366 ], [ -96.46638187, 46.09921417 ], [ -96.47407216, 46.06900131 ], [ -96.47625664, 46.06034467 ], [ -96.49245433, 46.02147518 ], [ -96.51294163, 45.98464266 ], [ -96.51415797, 45.98260571 ], [ -96.54313287, 45.94373622 ], [ -96.55181113, 45.93379852 ], [ -96.58023162, 45.90486673 ], [ -96.59068062, 45.895477 ], [ -96.62955009, 45.86733465 ], [ -96.63243291, 45.86599723 ], [ -96.66841959, 45.8500352 ], [ -96.70728909, 45.85166862 ], [ -96.74154143, 45.86599723 ], [ -96.74615858, 45.86810919 ], [ -96.78502805, 45.895938 ], [ -96.79815104, 45.90486673 ], [ -96.82389755, 45.92800113 ], [ -96.84151838, 45.94373622 ], [ -96.86276705, 45.97116491 ], [ -96.87190159, 45.98260571 ], [ -96.89195044, 46.02147518 ], [ -96.90139693, 46.06034467 ] ] ] } },
{ "type": "Feature", "properties": { "Lower": 45.0 }, "geometry": { "type": "Polygon", "coordinates": [ [ [ -113.08108863, 42.91191606 ], [ -113.0810886, 42.95078555 ], [ -113.08108816, 42.98965504 ], [ -113.08108671, 43.02852453 ], [ -113.08108359, 43.067394 ], [ -113.08107816, 43.1062635 ], [ -113.07134402, 43.11599762 ], [ -113.04219885, 43.14513299 ], [ -113.03247455, 43.16741387 ], [ -112.99360505, 43.16175116 ], [ -112.95473555, 43.15656221 ], [ -112.91586608, 43.15176221 ], [ -112.87699659, 43.14729134 ], [ -112.85753937, 43.14513299 ], [ -112.83812709, 43.14242922 ], [ -112.79925759, 43.13719017 ], [ -112.76038812, 43.13215788 ], [ -112.72151863, 43.12717232 ], [ -112.68264913, 43.12205887 ], [ -112.64377966, 43.11658619 ], [ -112.60491016, 43.11055166 ], [ -112.57909022, 43.1062635 ], [ -112.56604067, 43.10362496 ], [ -112.52717117, 43.0958532 ], [ -112.4883017, 43.08698745 ], [ -112.4494322, 43.06908853 ], [ -112.44650082, 43.067394 ], [ -112.4105627, 43.03555225 ], [ -112.40370138, 43.02852453 ], [ -112.37970039, 42.98965504 ], [ -112.37169324, 42.97138589 ], [ -112.3628789, 42.95078555 ], [ -112.35410301, 42.91191606 ], [ -112.35344632, 42.87304656 ], [ -112.36382063, 42.83417707 ], [ -112.37169324, 42.81725779 ], [ -112.38340744, 42.7953076 ], [ -112.4091035, 42.75643811 ], [ -112.4105627, 42.75449442 ], [ -112.44091763, 42.71756861 ], [ -112.4494322, 42.70786791 ], [ -112.47718584, 42.67869912 ], [ -112.4883017, 42.66746357 ], [ -112.51769343, 42.63982963 ], [ -112.52717117, 42.63114725 ], [ -112.56241004, 42.60096014 ], [ -112.56604067, 42.59791041 ], [ -112.60491016, 42.56764632 ], [ -112.61262791, 42.56209064 ], [ -112.64377966, 42.54004188 ], [ -112.66950364, 42.52322117 ], [ -112.68264913, 42.51481665 ], [ -112.72151863, 42.49289845 ], [ -112.73896, 42.48435168 ], [ -112.76038812, 42.47431437 ], [ -112.79925759, 42.45620994 ], [ -112.82195839, 42.44548219 ], [ -112.83812709, 42.43823871 ], [ -112.87699659, 42.42067632 ], [ -112.90721844, 42.40661269 ], [ -112.91586608, 42.39689483 ], [ -112.92558395, 42.40661269 ], [ -112.92558853, 42.44548219 ], [ -112.92559261, 42.48435168 ], [ -112.95473555, 42.51348958 ], [ -112.96446715, 42.52322117 ], [ -112.96447008, 42.56209064 ], [ -112.99360505, 42.59122223 ], [ -113.00334298, 42.60096014 ], [ -113.00334487, 42.63982963 ], [ -113.00334637, 42.67869912 ], [ -113.03247455, 42.70782575 ], [ -113.04221741, 42.71756861 ], [ -113.04221815, 42.75643811 ], [ -113.04221867, 42.7953076 ], [ -113.04221897, 42.83417707 ], [ -113.07134402, 42.86330199 ], [ -113.0810886, 42.87304656 ], [ -113.08108863, 42.91191606 ] ] ] } },
{ "type": "Feature", "properties": { "Lower": 45.0 }, "geometry": { "type": "Polygon", "coordinates": [ [ [ -98.5619178, 46.3324311 ], [ -98.55849357, 46.37130059 ], [ -98.54632908, 46.41017009 ], [ -98.53415509, 46.43329877 ], [ -98.52223638, 46.44903958 ], [ -98.49528559, 46.47776488 ], [ -98.47556286, 46.48790907 ], [ -98.45641609, 46.49735667 ], [ -98.4175466, 46.51803425 ], [ -98.40166289, 46.52677854 ], [ -98.37867713, 46.53834632 ], [ -98.33980763, 46.5561687 ], [ -98.31477862, 46.56564803 ], [ -98.30093813, 46.57057556 ], [ -98.26206866, 46.58069445 ], [ -98.22319917, 46.58651935 ], [ -98.18432967, 46.58811188 ], [ -98.14546017, 46.5855536 ], [ -98.1065907, 46.57908655 ], [ -98.06772121, 46.56907732 ], [ -98.05772923, 46.56564803 ], [ -98.02885171, 46.55558367 ], [ -97.98998224, 46.53881066 ], [ -97.96651207, 46.52677854 ], [ -97.95111274, 46.51849917 ], [ -97.91224325, 46.49408388 ], [ -97.90358456, 46.48790907 ], [ -97.87337375, 46.46433598 ], [ -97.85625839, 46.44903958 ], [ -97.83450428, 46.42705517 ], [ -97.81975851, 46.41017009 ], [ -97.79563478, 46.37747772 ], [ -97.79151567, 46.37130059 ], [ -97.76977899, 46.3324311 ], [ -97.75676528, 46.30104928 ], [ -97.75392047, 46.29356161 ], [ -97.74277436, 46.25469211 ], [ -97.73590884, 46.21582265 ], [ -97.73392122, 46.17695315 ], [ -97.73981443, 46.13808366 ], [ -97.75676528, 46.1002182 ], [ -97.75719469, 46.09921417 ], [ -97.78004391, 46.06034467 ], [ -97.79563478, 46.03260235 ], [ -97.80151933, 46.02147518 ], [ -97.817314, 45.98260571 ], [ -97.83450428, 45.94432283 ], [ -97.83473616, 45.94373622 ], [ -97.85232825, 45.90486673 ], [ -97.87337375, 45.86780754 ], [ -97.87442421, 45.86599723 ], [ -97.89914292, 45.82712774 ], [ -97.91224325, 45.81000532 ], [ -97.93031475, 45.78825825 ], [ -97.95111274, 45.76534916 ], [ -97.96957767, 45.74938878 ], [ -97.98998224, 45.73267073 ], [ -98.02885171, 45.71232312 ], [ -98.03578223, 45.71051928 ], [ -98.06772121, 45.70238701 ], [ -98.1065907, 45.70237696 ], [ -98.14495815, 45.71051928 ], [ -98.14546017, 45.71061618 ], [ -98.18432967, 45.72885489 ], [ -98.21078172, 45.74938878 ], [ -98.22319917, 45.75930036 ], [ -98.2495923, 45.78825825 ], [ -98.26206866, 45.80246757 ], [ -98.27896433, 45.82712774 ], [ -98.30093813, 45.86129164 ], [ -98.30370227, 45.86599723 ], [ -98.32573529, 45.90486673 ], [ -98.33980763, 45.93081393 ], [ -98.34900725, 45.94373622 ], [ -98.37428267, 45.98260571 ], [ -98.37867713, 45.99034543 ], [ -98.404277, 46.02147518 ], [ -98.4175466, 46.04089543 ], [ -98.43785254, 46.06034467 ], [ -98.45641609, 46.08227632 ], [ -98.4735833, 46.09921417 ], [ -98.49528559, 46.125714 ], [ -98.50513505, 46.13808366 ], [ -98.52891742, 46.17695315 ], [ -98.53415509, 46.18841307 ], [ -98.5447122, 46.21582265 ], [ -98.55459076, 46.25469211 ], [ -98.56015354, 46.29356161 ], [ -98.5619178, 46.3324311 ] ] ] } },
{ "type": "Feature", "properties": { "Lower": 45.0 }, "geometry": { "type": "Polygon", "coordinates": [ [ [ -99.18985728, 43.88365328 ], [ -99.18747651, 43.92252278 ], [ -99.17651781, 43.96139227 ], [ -99.16018708, 44.00026176 ], [ -99.1560669, 44.00859154 ], [ -99.13970134, 44.03913123 ], [ -99.11769913, 44.07800072 ], [ -99.1171974, 44.07882406 ], [ -99.08903116, 44.11687022 ], [ -99.07832793, 44.13119557 ], [ -99.05639198, 44.15573971 ], [ -99.03945844, 44.17555254 ], [ -99.02106637, 44.1946092 ], [ -99.00058894, 44.21734887 ], [ -98.98471222, 44.2334787 ], [ -98.96171944, 44.25905182 ], [ -98.94882508, 44.27234819 ], [ -98.92284997, 44.30205975 ], [ -98.91377986, 44.31121766 ], [ -98.88398048, 44.34378276 ], [ -98.87716604, 44.35008715 ], [ -98.84511098, 44.38224613 ], [ -98.83698983, 44.38895664 ], [ -98.80624151, 44.41651111 ], [ -98.7905277, 44.42782614 ], [ -98.76737201, 44.44586567 ], [ -98.73243315, 44.46669563 ], [ -98.72850252, 44.46922704 ], [ -98.68963302, 44.48567073 ], [ -98.65076355, 44.49393701 ], [ -98.61189405, 44.49257364 ], [ -98.57302456, 44.47920638 ], [ -98.55515189, 44.46669563 ], [ -98.53415509, 44.4495482 ], [ -98.51700613, 44.42782614 ], [ -98.49528559, 44.39399874 ], [ -98.4928827, 44.38895664 ], [ -98.47728879, 44.35008715 ], [ -98.4652971, 44.31121766 ], [ -98.45641609, 44.27460605 ], [ -98.45596857, 44.27234819 ], [ -98.45092577, 44.2334787 ], [ -98.44749776, 44.1946092 ], [ -98.44597862, 44.15573971 ], [ -98.4462127, 44.11687022 ], [ -98.448165, 44.07800072 ], [ -98.4516834, 44.03913123 ], [ -98.45641609, 44.00296446 ], [ -98.45678716, 44.00026176 ], [ -98.4639734, 43.96139227 ], [ -98.47278132, 43.92252278 ], [ -98.48335816, 43.88365328 ], [ -98.49528559, 43.84621127 ], [ -98.49575887, 43.84478379 ], [ -98.51099219, 43.8059143 ], [ -98.52824018, 43.76704483 ], [ -98.53415509, 43.75489592 ], [ -98.54776955, 43.72817534 ], [ -98.5694682, 43.68930584 ], [ -98.57302456, 43.68276648 ], [ -98.59051564, 43.65043635 ], [ -98.6083597, 43.61156686 ], [ -98.61189405, 43.60514839 ], [ -98.6355852, 43.57269736 ], [ -98.65076355, 43.56078285 ], [ -98.68963302, 43.5397643 ], [ -98.70725977, 43.53382789 ], [ -98.72850252, 43.52773417 ], [ -98.76737201, 43.52232328 ], [ -98.80624151, 43.52253052 ], [ -98.84511098, 43.52790371 ], [ -98.86721801, 43.53382789 ], [ -98.88398048, 43.53812733 ], [ -98.92284997, 43.55283696 ], [ -98.96171944, 43.57188932 ], [ -98.96302347, 43.57269736 ], [ -99.00058894, 43.59496083 ], [ -99.02415927, 43.61156686 ], [ -99.03945844, 43.62202752 ], [ -99.07503875, 43.65043635 ], [ -99.07832793, 43.65306111 ], [ -99.1171974, 43.68897491 ], [ -99.11751144, 43.68930584 ], [ -99.15183139, 43.72817534 ], [ -99.1560669, 43.73561865 ], [ -99.17106324, 43.76704483 ], [ -99.17074326, 43.8059143 ], [ -99.18275944, 43.84478379 ], [ -99.18985728, 43.88365328 ] ] ] } },
{ "type": "Feature", "properties": { "Lower": 45.0 }, "geometry": { "type": "Polygon", "coordinates": [ [ [ -97.57815484, 45.32182438 ], [ -97.57713529, 45.36069387 ], [ -97.57147553, 45.39956337 ], [ -97.56241785, 45.43176219 ], [ -97.56044906, 45.43843286 ], [ -97.54274714, 45.47730235 ], [ -97.52354836, 45.50587498 ], [ -97.51572782, 45.51617182 ], [ -97.48467886, 45.55082298 ], [ -97.48020488, 45.55504131 ], [ -97.44580939, 45.58539528 ], [ -97.4337863, 45.59391081 ], [ -97.40693989, 45.612518 ], [ -97.3680704, 45.6323193 ], [ -97.36679983, 45.6327803 ], [ -97.3292009, 45.6467264 ], [ -97.29033143, 45.65475958 ], [ -97.25146193, 45.65692611 ], [ -97.21259244, 45.65329587 ], [ -97.17372294, 45.64356402 ], [ -97.14836254, 45.6327803 ], [ -97.13485347, 45.62755469 ], [ -97.09598397, 45.60573429 ], [ -97.08033087, 45.59391081 ], [ -97.05711448, 45.57783999 ], [ -97.03102239, 45.55504131 ], [ -97.01824501, 45.54481941 ], [ -96.98885289, 45.51617182 ], [ -96.97937551, 45.50764956 ], [ -96.95061073, 45.47730235 ], [ -96.94050601, 45.46795665 ], [ -96.91165935, 45.43843286 ], [ -96.90163652, 45.42967384 ], [ -96.8726256, 45.39956337 ], [ -96.86276705, 45.38881405 ], [ -96.83992106, 45.36069387 ], [ -96.82389755, 45.33995492 ], [ -96.80916535, 45.32182438 ], [ -96.78502805, 45.29253192 ], [ -96.77297183, 45.28295489 ], [ -96.74615858, 45.25832066 ], [ -96.70728909, 45.25437321 ], [ -96.66841959, 45.27447826 ], [ -96.65567232, 45.28295489 ], [ -96.62955009, 45.29916554 ], [ -96.59641368, 45.32182438 ], [ -96.59068062, 45.325457 ], [ -96.55181113, 45.34643013 ], [ -96.51979799, 45.36069387 ], [ -96.51294163, 45.36357918 ], [ -96.47407216, 45.37549155 ], [ -96.43520266, 45.38538401 ], [ -96.39633317, 45.39366428 ], [ -96.36303231, 45.39956337 ], [ -96.35746367, 45.40047029 ], [ -96.3185942, 45.40553151 ], [ -96.2797247, 45.41002679 ], [ -96.2408552, 45.41427918 ], [ -96.20198574, 45.41855846 ], [ -96.16311624, 45.42320632 ], [ -96.12424674, 45.42858405 ], [ -96.08537724, 45.43485069 ], [ -96.06637681, 45.43843286 ], [ -96.04650777, 45.44198853 ], [ -96.00763828, 45.45025597 ], [ -95.96876878, 45.46071341 ], [ -95.92989931, 45.47406754 ], [ -95.92185146, 45.47730235 ], [ -95.89102981, 45.49023612 ], [ -95.85216032, 45.51145701 ], [ -95.84486087, 45.51617182 ], [ -95.81329082, 45.53920751 ], [ -95.79571934, 45.55504131 ], [ -95.77442135, 45.57832704 ], [ -95.76227177, 45.59391081 ], [ -95.73919785, 45.6327803 ], [ -95.73555185, 45.64099097 ], [ -95.72309204, 45.67164979 ], [ -95.71260889, 45.71051928 ], [ -95.70666253, 45.74938878 ], [ -95.70424876, 45.78825825 ], [ -95.70465339, 45.82712774 ], [ -95.70724835, 45.86599723 ], [ -95.71050407, 45.90486673 ], [ -95.71038758, 45.94373622 ], [ -95.69668236, 45.976768 ], [ -95.69434242, 45.98260571 ], [ -95.69596659, 46.02147518 ], [ -95.69668236, 46.0233752 ], [ -95.70884109, 46.06034467 ], [ -95.71307954, 46.09921417 ], [ -95.70690691, 46.13808366 ], [ -95.69668236, 46.16727249 ], [ -95.69127177, 46.17695315 ], [ -95.66434381, 46.21582265 ], [ -95.65781289, 46.22383541 ], [ -95.62490998, 46.25469211 ], [ -95.61894339, 46.25972136 ], [ -95.58007389, 46.28653943 ], [ -95.56804656, 46.29356161 ], [ -95.5412044, 46.30802094 ], [ -95.50233493, 46.32650235 ], [ -95.48832734, 46.3324311 ], [ -95.46346543, 46.34214341 ], [ -95.42459593, 46.35592332 ], [ -95.38572646, 46.36881794 ], [ -95.3775373, 46.37130059 ], [ -95.34685697, 46.37979471 ], [ -95.30798747, 46.38990497 ], [ -95.26911797, 46.39954395 ], [ -95.2302485, 46.40881499 ], [ -95.2241315, 46.41017009 ], [ -95.19137901, 46.41671137 ], [ -95.15250951, 46.42367277 ], [ -95.14279071, 46.41017009 ], [ -95.1427872, 46.37130059 ], [ -95.14278422, 46.3324311 ], [ -95.11364004, 46.30328973 ], [ -95.10391192, 46.29356161 ], [ -95.10390995, 46.25469211 ], [ -95.10390833, 46.21582265 ], [ -95.10390707, 46.17695315 ], [ -95.10390609, 46.13808366 ], [ -95.10390535, 46.09921417 ], [ -95.1039048, 46.06034467 ], [ -95.10390442, 46.02147518 ], [ -95.10390414, 45.98260571 ], [ -95.103904, 45.94373622 ], [ -95.10390398, 45.90486673 ], [ -95.10390395, 45.86599723 ], [ -95.10390392, 45.82712774 ], [ -95.11364004, 45.81739163 ], [ -95.14277342, 45.78825825 ], [ -95.14277339, 45.74938878 ], [ -95.15250951, 45.73965265 ], [ -95.18164289, 45.71051928 ], [ -95.18164283, 45.67164979 ], [ -95.19137901, 45.66191361 ], [ -95.22051228, 45.6327803 ], [ -95.22051222, 45.59391081 ], [ -95.2302485, 45.58417453 ], [ -95.25938172, 45.55504131 ], [ -95.26911797, 45.54530504 ], [ -95.29825132, 45.51617182 ], [ -95.29825121, 45.47730235 ], [ -95.30798747, 45.46756608 ], [ -95.33712088, 45.43843286 ], [ -95.33712066, 45.39956337 ], [ -95.34685697, 45.38982707 ], [ -95.37599021, 45.36069387 ], [ -95.37598985, 45.32182438 ], [ -95.38572646, 45.31208777 ], [ -95.41485919, 45.28295489 ], [ -95.42459593, 45.27321814 ], [ -95.45372841, 45.24408542 ], [ -95.45372778, 45.20521592 ], [ -95.46346543, 45.19547828 ], [ -95.49259678, 45.16634643 ], [ -95.4925961, 45.12747694 ], [ -95.50233493, 45.11773811 ], [ -95.53146496, 45.08860745 ], [ -95.53146433, 45.04973795 ], [ -95.5412044, 45.03999787 ], [ -95.57033317, 45.01086848 ], [ -95.58007389, 45.00112774 ], [ -95.60920204, 44.97199899 ], [ -95.6092016, 44.9331295 ], [ -95.61894339, 44.92338769 ], [ -95.64807069, 44.89426 ], [ -95.64807047, 44.85539051 ], [ -95.65781289, 44.84564809 ], [ -95.68693988, 44.81652102 ], [ -95.69668236, 44.80677853 ], [ -95.72580957, 44.77765153 ], [ -95.72580984, 44.73878206 ], [ -95.73555185, 44.72904004 ], [ -95.76468014, 44.69991256 ], [ -95.76468088, 44.66104307 ], [ -95.77442135, 44.65130261 ], [ -95.80355202, 44.62217358 ], [ -95.80355336, 44.58330408 ], [ -95.81329082, 44.57356663 ], [ -95.84242557, 44.54443459 ], [ -95.85216032, 44.53469985 ], [ -95.8812986, 44.50556512 ], [ -95.88130129, 44.46669563 ], [ -95.89102981, 44.45696708 ], [ -95.92017539, 44.42782614 ], [ -95.9201784, 44.38895664 ], [ -95.92989931, 44.37923576 ], [ -95.96876878, 44.3679558 ], [ -96.00422025, 44.38895664 ], [ -96.00763828, 44.3909661 ], [ -96.04650777, 44.41355341 ], [ -96.07149645, 44.42782614 ], [ -96.08537724, 44.43563878 ], [ -96.12424674, 44.45717498 ], [ -96.14161889, 44.46669563 ], [ -96.16311624, 44.47819074 ], [ -96.20198574, 44.49870534 ], [ -96.21502369, 44.50556512 ], [ -96.2408552, 44.51869117 ], [ -96.2797247, 44.53814091 ], [ -96.29227245, 44.54443459 ], [ -96.3185942, 44.55702162 ], [ -96.35746367, 44.57535881 ], [ -96.37414869, 44.58330408 ], [ -96.39633317, 44.59322401 ], [ -96.43520266, 44.61052512 ], [ -96.46130195, 44.62217358 ], [ -96.47407216, 44.62755953 ], [ -96.51294163, 44.64432987 ], [ -96.55181113, 44.66078127 ], [ -96.55236209, 44.66104307 ], [ -96.59068062, 44.67952064 ], [ -96.62955009, 44.69862924 ], [ -96.63177675, 44.69991256 ], [ -96.66841959, 44.72118181 ], [ -96.69712959, 44.73878206 ], [ -96.70728909, 44.7451662 ], [ -96.74615858, 44.76904392 ], [ -96.76065627, 44.77765153 ], [ -96.78502805, 44.79216434 ], [ -96.82389755, 44.81334143 ], [ -96.83026836, 44.81652102 ], [ -96.86276705, 44.83153522 ], [ -96.90163652, 44.84414118 ], [ -96.94050601, 44.84941509 ], [ -96.97937551, 44.84629461 ], [ -97.01824501, 44.83600375 ], [ -97.05711448, 44.82565761 ], [ -97.09372873, 44.81652102 ], [ -97.09598397, 44.81591987 ], [ -97.13485347, 44.80914175 ], [ -97.17372294, 44.80673722 ], [ -97.21259244, 44.80958037 ], [ -97.24228138, 44.81652102 ], [ -97.25146193, 44.81880977 ], [ -97.29033143, 44.83537893 ], [ -97.32156443, 44.85539051 ], [ -97.3292009, 44.86064098 ], [ -97.36638947, 44.89426 ], [ -97.3680704, 44.89594395 ], [ -97.39922475, 44.9331295 ], [ -97.40693989, 44.9431353 ], [ -97.42963576, 44.97199899 ], [ -97.44580939, 44.99475801 ], [ -97.45799986, 45.01086848 ], [ -97.48318614, 45.04973795 ], [ -97.48467886, 45.05243241 ], [ -97.50618678, 45.08860745 ], [ -97.52354836, 45.12460427 ], [ -97.52505788, 45.12747694 ], [ -97.54273601, 45.16634643 ], [ -97.55687593, 45.20521592 ], [ -97.56241785, 45.22598475 ], [ -97.56774108, 45.24408542 ], [ -97.5749547, 45.28295489 ], [ -97.57815484, 45.32182438 ] ] ] } }
]
}
