{
"type": "FeatureCollection",
"name": "26_HRW_Volume",
"crs": { "type": "name", "properties": { "name": "urn:ogc:def:crs:EPSG::4269" } },
"features": [
{ "type": "Feature", "properties": { "Lower": 2225.59 }, "geometry": { "type": "Polygon", "coordinates": [ [ [ -95.6797328, 38.78468485 ], [ -95.67910654, 38.81738693 ], [ -95.67272682, 38.85008904 ], [ -95.65959706, 38.88279112 ], [ -95.6536283, 38.89221719 ], [ -95.63658891, 38.91549323 ], [ -95.6209262, 38.93039442 ], [ -95.59868252, 38.94819531 ], [ -95.58822411, 38.95443968 ], [ -95.55552201, 38.97069372 ], [ -95.52979905, 38.98089741 ], [ -95.52281991, 38.98304251 ], [ -95.49011781, 38.99114046 ], [ -95.45741574, 38.99693447 ], [ -95.42471364, 39.00049123 ], [ -95.39201154, 39.00162173 ], [ -95.35930944, 38.9999712 ], [ -95.32660735, 38.99548176 ], [ -95.29390525, 38.98846927 ], [ -95.26783048, 38.98089741 ], [ -95.26120315, 38.97879179 ], [ -95.22850105, 38.9661314 ], [ -95.19579897, 38.95038205 ], [ -95.19246969, 38.94819531 ], [ -95.16309688, 38.92322916 ], [ -95.15615357, 38.91549323 ], [ -95.13653692, 38.88279112 ], [ -95.13039478, 38.86369135 ], [ -95.12676714, 38.85008904 ], [ -95.12407439, 38.81738693 ], [ -95.12643373, 38.78468485 ], [ -95.13039478, 38.76706155 ], [ -95.13394393, 38.75198275 ], [ -95.15024453, 38.71928066 ], [ -95.16309688, 38.70050799 ], [ -95.17340614, 38.68657856 ], [ -95.19579897, 38.65500002 ], [ -95.19676574, 38.65387645 ], [ -95.22481842, 38.62117437 ], [ -95.22850105, 38.61681029 ], [ -95.26093477, 38.58847227 ], [ -95.26120315, 38.58822988 ], [ -95.29390525, 38.56770212 ], [ -95.32040195, 38.55577018 ], [ -95.32660735, 38.55292676 ], [ -95.35930944, 38.54419266 ], [ -95.39201154, 38.54031669 ], [ -95.42471364, 38.54101288 ], [ -95.45741574, 38.54579875 ], [ -95.49011781, 38.55434103 ], [ -95.49398935, 38.55577018 ], [ -95.52281991, 38.56856085 ], [ -95.55552201, 38.5867568 ], [ -95.55820043, 38.58847227 ], [ -95.58822411, 38.61084464 ], [ -95.60060395, 38.62117437 ], [ -95.6209262, 38.64214531 ], [ -95.63096214, 38.65387645 ], [ -95.6524429, 38.68657856 ], [ -95.6536283, 38.68914889 ], [ -95.66623417, 38.71928066 ], [ -95.67529681, 38.75198275 ], [ -95.6797328, 38.78468485 ] ] ] } },
{ "type": "Feature", "properties": { "Lower": 2300.0 }, "geometry": { "type": "Polygon", "coordinates": [ [ [ -95.93258307, 38.88279112 ], [ -95.93133696, 38.91549323 ], [ -95.92687858, 38.94819531 ], [ -95.91849395, 38.98089741 ], [ -95.91524506, 38.98933352 ], [ -95.90479137, 39.0135995 ], [ -95.8838214, 39.0463016 ], [ -95.88254297, 39.04780207 ], [ -95.85055963, 39.07900371 ], [ -95.84984087, 39.07953538 ], [ -95.81713877, 39.09959363 ], [ -95.79058399, 39.11170579 ], [ -95.78443667, 39.11394813 ], [ -95.75173457, 39.12336239 ], [ -95.7190325, 39.13003121 ], [ -95.6863304, 39.13456619 ], [ -95.6536283, 39.1373788 ], [ -95.6209262, 39.13879939 ], [ -95.58822411, 39.13899901 ], [ -95.55552201, 39.13809042 ], [ -95.52281991, 39.1361208 ], [ -95.49011781, 39.13304597 ], [ -95.45741574, 39.12902385 ], [ -95.42471364, 39.12404516 ], [ -95.39201154, 39.1181739 ], [ -95.35978632, 39.11170579 ], [ -95.35930944, 39.11160594 ], [ -95.32660735, 39.10385816 ], [ -95.29390525, 39.09549859 ], [ -95.26120315, 39.08705386 ], [ -95.23084444, 39.07900371 ], [ -95.22850105, 39.07833923 ], [ -95.19579897, 39.06861714 ], [ -95.16309688, 39.05760595 ], [ -95.13396925, 39.0463016 ], [ -95.13039478, 39.04469362 ], [ -95.09769268, 39.0277177 ], [ -95.07522222, 39.0135995 ], [ -95.06499058, 39.00518764 ], [ -95.04002059, 38.98089741 ], [ -95.03228849, 38.96935312 ], [ -95.01984328, 38.94819531 ], [ -95.01005666, 38.91549323 ], [ -95.00774673, 38.88279112 ], [ -95.01096132, 38.85008904 ], [ -95.01843373, 38.81738693 ], [ -95.02940216, 38.78468485 ], [ -95.03228849, 38.77824137 ], [ -95.0427886, 38.75198275 ], [ -95.05898183, 38.71928066 ], [ -95.06499058, 38.71006624 ], [ -95.0799, 38.68657856 ], [ -95.09769268, 38.66300121 ], [ -95.10443926, 38.65387645 ], [ -95.12768983, 38.62117437 ], [ -95.13039478, 38.61732723 ], [ -95.15080393, 38.58847227 ], [ -95.16309688, 38.57105726 ], [ -95.17431164, 38.55577018 ], [ -95.19579897, 38.52640958 ], [ -95.1985869, 38.52306808 ], [ -95.2252457, 38.49036599 ], [ -95.22850105, 38.48628411 ], [ -95.25631276, 38.45766389 ], [ -95.26120315, 38.45240519 ], [ -95.29254976, 38.42496181 ], [ -95.29390525, 38.42371479 ], [ -95.32660735, 38.40005984 ], [ -95.34083705, 38.3922597 ], [ -95.35930944, 38.38157917 ], [ -95.39201154, 38.36867175 ], [ -95.42471364, 38.36114878 ], [ -95.44631606, 38.3595576 ], [ -95.45741574, 38.35871023 ], [ -95.4703827, 38.3595576 ], [ -95.49011781, 38.36089764 ], [ -95.52281991, 38.36708176 ], [ -95.55552201, 38.37669417 ], [ -95.58822411, 38.38921294 ], [ -95.59493984, 38.3922597 ], [ -95.6209262, 38.40416329 ], [ -95.6536283, 38.4211412 ], [ -95.66030998, 38.42496181 ], [ -95.6863304, 38.4399572 ], [ -95.71464274, 38.45766389 ], [ -95.7190325, 38.46056301 ], [ -95.75173457, 38.48466281 ], [ -95.75846286, 38.49036599 ], [ -95.78443667, 38.5154712 ], [ -95.79136657, 38.52306808 ], [ -95.81713877, 38.55537912 ], [ -95.81742849, 38.55577018 ], [ -95.83938712, 38.58847227 ], [ -95.84984087, 38.60590291 ], [ -95.85869409, 38.62117437 ], [ -95.87547748, 38.65387645 ], [ -95.88254297, 38.66964623 ], [ -95.89000842, 38.68657856 ], [ -95.90237232, 38.71928066 ], [ -95.91277577, 38.75198275 ], [ -95.91524506, 38.76181946 ], [ -95.92102085, 38.78468485 ], [ -95.92716654, 38.81738693 ], [ -95.93107961, 38.85008904 ], [ -95.93258307, 38.88279112 ] ], [ [ -95.6797328, 38.78468485 ], [ -95.67910654, 38.81738693 ], [ -95.67272682, 38.85008904 ], [ -95.65959706, 38.88279112 ], [ -95.6536283, 38.89221719 ], [ -95.63658891, 38.91549323 ], [ -95.6209262, 38.93039442 ], [ -95.59868252, 38.94819531 ], [ -95.58822411, 38.95443968 ], [ -95.55552201, 38.97069372 ], [ -95.52979905, 38.98089741 ], [ -95.52281991, 38.98304251 ], [ -95.49011781, 38.99114046 ], [ -95.45741574, 38.99693447 ], [ -95.42471364, 39.00049123 ], [ -95.39201154, 39.00162173 ], [ -95.35930944, 38.9999712 ], [ -95.32660735, 38.99548176 ], [ -95.29390525, 38.98846927 ], [ -95.26783048, 38.98089741 ], [ -95.26120315, 38.97879179 ], [ -95.22850105, 38.9661314 ], [ -95.19579897, 38.95038205 ], [ -95.19246969, 38.94819531 ], [ -95.16309688, 38.92322916 ], [ -95.15615357, 38.91549323 ], [ -95.13653692, 38.88279112 ], [ -95.13039478, 38.86369135 ], [ -95.12676714, 38.85008904 ], [ -95.12407439, 38.81738693 ], [ -95.12643373, 38.78468485 ], [ -95.13039478, 38.76706155 ], [ -95.13394393, 38.75198275 ], [ -95.15024453, 38.71928066 ], [ -95.16309688, 38.70050799 ], [ -95.17340614, 38.68657856 ], [ -95.19579897, 38.65500002 ], [ -95.19676574, 38.65387645 ], [ -95.22481842, 38.62117437 ], [ -95.22850105, 38.61681029 ], [ -95.26093477, 38.58847227 ], [ -95.26120315, 38.58822988 ], [ -95.29390525, 38.56770212 ], [ -95.32040195, 38.55577018 ], [ -95.32660735, 38.55292676 ], [ -95.35930944, 38.54419266 ], [ -95.39201154, 38.54031669 ], [ -95.42471364, 38.54101288 ], [ -95.45741574, 38.54579875 ], [ -95.49011781, 38.55434103 ], [ -95.49398935, 38.55577018 ], [ -95.52281991, 38.56856085 ], [ -95.55552201, 38.5867568 ], [ -95.55820043, 38.58847227 ], [ -95.58822411, 38.61084464 ], [ -95.60060395, 38.62117437 ], [ -95.6209262, 38.64214531 ], [ -95.63096214, 38.65387645 ], [ -95.6524429, 38.68657856 ], [ -95.6536283, 38.68914889 ], [ -95.66623417, 38.71928066 ], [ -95.67529681, 38.75198275 ], [ -95.6797328, 38.78468485 ] ] ] } },
{ "type": "Feature", "properties": { "Lower": 2400.0 }, "geometry": { "type": "Polygon", "coordinates": [ [ [ -102.39641019, 38.85008904 ], [ -102.39025989, 38.85289626 ], [ -102.38779217, 38.85008904 ], [ -102.39025989, 38.84796027 ], [ -102.39641019, 38.85008904 ] ] ] } },
{ "type": "Feature", "properties": { "Lower": 2400.0 }, "geometry": { "type": "Polygon", "coordinates": [ [ [ -98.14391456, 38.32685551 ], [ -98.13898752, 38.34265372 ], [ -98.11644902, 38.3595576 ], [ -98.10628544, 38.36348382 ], [ -98.10083001, 38.3595576 ], [ -98.10436659, 38.32685551 ], [ -98.10628544, 38.32467733 ], [ -98.13898752, 38.31566617 ], [ -98.14391456, 38.32685551 ] ] ] } },
{ "type": "Feature", "properties": { "Lower": 2400.0 }, "geometry": { "type": "Polygon", "coordinates": [ [ [ -101.7155496, 40.15817284 ], [ -101.71192345, 40.19087492 ], [ -101.7035159, 40.21447788 ], [ -101.69977874, 40.22357703 ], [ -101.6708138, 40.24477422 ], [ -101.63811171, 40.24735917 ], [ -101.60540961, 40.24087486 ], [ -101.57270751, 40.23111311 ], [ -101.55581403, 40.22357703 ], [ -101.54000543, 40.21379135 ], [ -101.50730334, 40.19314789 ], [ -101.50402116, 40.19087492 ], [ -101.47571256, 40.15817284 ], [ -101.49137362, 40.12547074 ], [ -101.50730334, 40.10944138 ], [ -101.53776816, 40.09276865 ], [ -101.54000543, 40.09175556 ], [ -101.57270751, 40.07909603 ], [ -101.60540961, 40.07374424 ], [ -101.63811171, 40.07614788 ], [ -101.6708138, 40.0866661 ], [ -101.68154929, 40.09276865 ], [ -101.7035159, 40.11684892 ], [ -101.70884629, 40.12547074 ], [ -101.7155496, 40.15817284 ] ] ] } },
{ "type": "Feature", "properties": { "Lower": 2400.0 }, "geometry": { "type": "Polygon", "coordinates": [ [ [ -97.68200921, 37.96713247 ], [ -97.68115819, 37.96829851 ], [ -97.66356057, 37.99983455 ], [ -97.6484561, 38.01118179 ], [ -97.6261215, 38.03253666 ], [ -97.615754, 38.03679952 ], [ -97.58305192, 38.05104699 ], [ -97.55365625, 38.06523874 ], [ -97.55034982, 38.06626507 ], [ -97.51764773, 38.07444197 ], [ -97.48494563, 38.07790469 ], [ -97.45224353, 38.0779607 ], [ -97.41954143, 38.07589513 ], [ -97.38683934, 38.06889108 ], [ -97.37661901, 38.06523874 ], [ -97.35413724, 38.03942162 ], [ -97.34944331, 38.03253666 ], [ -97.34508914, 37.99983455 ], [ -97.34714822, 37.96713247 ], [ -97.35167791, 37.93443036 ], [ -97.35413724, 37.92183963 ], [ -97.35748501, 37.90172828 ], [ -97.36527336, 37.86902618 ], [ -97.37816891, 37.83632409 ], [ -97.38683934, 37.82111124 ], [ -97.40711233, 37.80362199 ], [ -97.41954143, 37.79549622 ], [ -97.45224353, 37.78902782 ], [ -97.48494563, 37.79200402 ], [ -97.51764773, 37.80093764 ], [ -97.52371544, 37.80362199 ], [ -97.55034982, 37.81515452 ], [ -97.58305192, 37.83282041 ], [ -97.58858297, 37.83632409 ], [ -97.615754, 37.85544038 ], [ -97.63297221, 37.86902618 ], [ -97.6484561, 37.88396746 ], [ -97.66500698, 37.90172828 ], [ -97.68115819, 37.93392174 ], [ -97.68140464, 37.93443036 ], [ -97.68200921, 37.96713247 ] ] ] } },
{ "type": "Feature", "properties": { "Lower": 2400.0 }, "geometry": { "type": "Polygon", "coordinates": [ [ [ -101.04664665, 38.06523874 ], [ -101.04312803, 38.09794084 ], [ -101.03431323, 38.13064295 ], [ -101.01818113, 38.16334503 ], [ -101.01677191, 38.16516789 ], [ -100.98406981, 38.19265073 ], [ -100.97774843, 38.19604714 ], [ -100.95136772, 38.20544511 ], [ -100.91866562, 38.21344447 ], [ -100.88596352, 38.21236871 ], [ -100.85326142, 38.20480889 ], [ -100.82584264, 38.19604714 ], [ -100.82055933, 38.19396647 ], [ -100.78785723, 38.17647996 ], [ -100.77118354, 38.16334503 ], [ -100.75515515, 38.1477141 ], [ -100.74003033, 38.13064295 ], [ -100.72245305, 38.10430828 ], [ -100.71895327, 38.09794084 ], [ -100.7076456, 38.06523874 ], [ -100.70283393, 38.03253666 ], [ -100.70399719, 37.99983455 ], [ -100.7098983, 37.96713247 ], [ -100.71818256, 37.93443036 ], [ -100.72245305, 37.91995029 ], [ -100.72798347, 37.90172828 ], [ -100.73768281, 37.86902618 ], [ -100.74656452, 37.83632409 ], [ -100.75483829, 37.80362199 ], [ -100.75515515, 37.8023827 ], [ -100.77427132, 37.77091988 ], [ -100.78785723, 37.74696346 ], [ -100.80509484, 37.7382178 ], [ -100.82055933, 37.72934725 ], [ -100.85326142, 37.72930196 ], [ -100.87508243, 37.7382178 ], [ -100.88596352, 37.74283635 ], [ -100.91866562, 37.76740593 ], [ -100.92197097, 37.77091988 ], [ -100.95136772, 37.8027554 ], [ -100.95198965, 37.80362199 ], [ -100.97427571, 37.83632409 ], [ -100.98406981, 37.85151744 ], [ -100.99354967, 37.86902618 ], [ -101.00973522, 37.90172828 ], [ -101.01677191, 37.91787573 ], [ -101.02305882, 37.93443036 ], [ -101.03341263, 37.96713247 ], [ -101.04121384, 37.99983455 ], [ -101.04579222, 38.03253666 ], [ -101.04664665, 38.06523874 ] ] ] } },
{ "type": "Feature", "properties": { "Lower": 2400.0 }, "geometry": { "type": "Polygon", "coordinates": [ [ [ -97.57363809, 38.52306808 ], [ -97.56554539, 38.55577018 ], [ -97.55034982, 38.5757048 ], [ -97.53784482, 38.58847227 ], [ -97.51764773, 38.60441153 ], [ -97.49231158, 38.62117437 ], [ -97.48494563, 38.62543523 ], [ -97.45224353, 38.6407914 ], [ -97.4203764, 38.65387645 ], [ -97.41954143, 38.65420394 ], [ -97.38683934, 38.66580307 ], [ -97.35413724, 38.67395139 ], [ -97.32143516, 38.67712434 ], [ -97.28873306, 38.67505853 ], [ -97.25603097, 38.66844373 ], [ -97.22332887, 38.65798932 ], [ -97.21370302, 38.65387645 ], [ -97.19062677, 38.64368898 ], [ -97.15792467, 38.6263007 ], [ -97.14968098, 38.62117437 ], [ -97.12522257, 38.60492982 ], [ -97.1033937, 38.58847227 ], [ -97.09252048, 38.57939161 ], [ -97.06781416, 38.55577018 ], [ -97.0598184, 38.54585933 ], [ -97.04478024, 38.52306808 ], [ -97.03128168, 38.49036599 ], [ -97.0271163, 38.46795532 ], [ -97.02558912, 38.45766389 ], [ -97.0271163, 38.42898936 ], [ -97.02733844, 38.42496181 ], [ -97.03655309, 38.3922597 ], [ -97.0510363, 38.3595576 ], [ -97.0598184, 38.34466696 ], [ -97.07112348, 38.32685551 ], [ -97.09252048, 38.2991701 ], [ -97.09693119, 38.29415341 ], [ -97.12522257, 38.26718896 ], [ -97.13282946, 38.26145132 ], [ -97.15792467, 38.24455802 ], [ -97.18647318, 38.22874922 ], [ -97.19062677, 38.2263711 ], [ -97.22332887, 38.21127445 ], [ -97.25603097, 38.20675849 ], [ -97.28680377, 38.22874922 ], [ -97.28873306, 38.22985486 ], [ -97.31773681, 38.26145132 ], [ -97.32143516, 38.26462921 ], [ -97.35377932, 38.29415341 ], [ -97.35413724, 38.29443634 ], [ -97.38683934, 38.31706106 ], [ -97.41073023, 38.32685551 ], [ -97.41954143, 38.33108812 ], [ -97.45224353, 38.34703521 ], [ -97.46741546, 38.3595576 ], [ -97.48494563, 38.38009925 ], [ -97.49716019, 38.3922597 ], [ -97.51764773, 38.41788238 ], [ -97.52464666, 38.42496181 ], [ -97.54837742, 38.45766389 ], [ -97.55034982, 38.46197252 ], [ -97.56637609, 38.49036599 ], [ -97.57363809, 38.52306808 ] ] ] } },
{ "type": "Feature", "properties": { "Lower": 2400.0 }, "geometry": { "type": "Polygon", "coordinates": [ [ [ -104.98190111, 39.34062046 ], [ -104.98194656, 39.34062046 ], [ -105.0064275, 39.36510437 ], [ -105.01464569, 39.37332256 ], [ -105.01464446, 39.40602465 ], [ -105.0391296, 39.43050997 ], [ -105.04734637, 39.43872675 ], [ -105.04734734, 39.47142883 ], [ -105.04734935, 39.50413094 ], [ -105.0718317, 39.52860854 ], [ -105.0718317, 39.52865399 ], [ -105.0391296, 39.51689215 ], [ -105.0064275, 39.53179265 ], [ -104.99719512, 39.53683302 ], [ -104.97372542, 39.54683245 ], [ -104.94102333, 39.56444324 ], [ -104.93311909, 39.56953513 ], [ -104.90832123, 39.58201764 ], [ -104.87677863, 39.60223721 ], [ -104.87561913, 39.60282189 ], [ -104.84291703, 39.62153663 ], [ -104.82395146, 39.63493932 ], [ -104.81021494, 39.64238108 ], [ -104.77751284, 39.66343859 ], [ -104.77183301, 39.66764142 ], [ -104.74481074, 39.68203163 ], [ -104.71724335, 39.7003435 ], [ -104.71210866, 39.70244984 ], [ -104.67940657, 39.71683698 ], [ -104.64789768, 39.73304561 ], [ -104.64670447, 39.73351047 ], [ -104.61400237, 39.74657305 ], [ -104.58130027, 39.76197513 ], [ -104.5743062, 39.76574769 ], [ -104.54859818, 39.78248159 ], [ -104.53310462, 39.7984498 ], [ -104.51589608, 39.81908231 ], [ -104.4982819, 39.83115188 ], [ -104.48319398, 39.83735222 ], [ -104.4504919, 39.84240394 ], [ -104.4177898, 39.8369041 ], [ -104.40662893, 39.83115188 ], [ -104.38508771, 39.81825214 ], [ -104.35238561, 39.79959506 ], [ -104.35049809, 39.7984498 ], [ -104.31968351, 39.77706221 ], [ -104.30357523, 39.76574769 ], [ -104.28698141, 39.75269277 ], [ -104.26206015, 39.73304561 ], [ -104.25427932, 39.72602626 ], [ -104.22592897, 39.7003435 ], [ -104.22157722, 39.69561521 ], [ -104.19574182, 39.66764142 ], [ -104.18887514, 39.65823078 ], [ -104.17171279, 39.63493932 ], [ -104.15617304, 39.60409757 ], [ -104.15518945, 39.60223721 ], [ -104.15617304, 39.58755821 ], [ -104.15830292, 39.56953513 ], [ -104.18536951, 39.53683302 ], [ -104.18887514, 39.53411004 ], [ -104.22157722, 39.51305181 ], [ -104.2376347, 39.50413094 ], [ -104.25427932, 39.49607426 ], [ -104.28698141, 39.48153914 ], [ -104.31493369, 39.47142883 ], [ -104.31968351, 39.46992025 ], [ -104.35238561, 39.46284122 ], [ -104.38508771, 39.45706396 ], [ -104.4177898, 39.45127285 ], [ -104.4504919, 39.44519359 ], [ -104.48319398, 39.4392729 ], [ -104.48616948, 39.43872675 ], [ -104.51589608, 39.43354773 ], [ -104.54859818, 39.42834492 ], [ -104.58130027, 39.42328056 ], [ -104.61400237, 39.41819066 ], [ -104.64670447, 39.4130178 ], [ -104.67940657, 39.40762124 ], [ -104.68904911, 39.40602465 ], [ -104.71210866, 39.40251974 ], [ -104.74481074, 39.39733608 ], [ -104.77751284, 39.39174757 ], [ -104.81021494, 39.38557414 ], [ -104.84291703, 39.37852026 ], [ -104.86421636, 39.37332256 ], [ -104.87561913, 39.37087054 ], [ -104.90832123, 39.36318901 ], [ -104.94102333, 39.3541339 ], [ -104.97372542, 39.34297635 ], [ -104.98190111, 39.34062046 ] ] ] } },
{ "type": "Feature", "properties": { "Lower": 2400.0 }, "geometry": { "type": "Polygon", "coordinates": [ [ [ -102.33354319, 38.91549323 ], [ -102.32485572, 38.93158104 ], [ -102.31917714, 38.94819531 ], [ -102.3016122, 38.98089741 ], [ -102.29215362, 38.9986814 ], [ -102.2853269, 39.0135995 ], [ -102.26873388, 39.0463016 ], [ -102.25945152, 39.0651563 ], [ -102.25297899, 39.07900371 ], [ -102.23746564, 39.11170579 ], [ -102.22674942, 39.13867521 ], [ -102.22438544, 39.14440789 ], [ -102.21008081, 39.17710998 ], [ -102.19763396, 39.20981208 ], [ -102.19404733, 39.21861687 ], [ -102.18318738, 39.24251417 ], [ -102.16997329, 39.27521627 ], [ -102.16134523, 39.30142121 ], [ -102.15878051, 39.30791835 ], [ -102.14860475, 39.34062046 ], [ -102.14115675, 39.37332256 ], [ -102.13544023, 39.40602465 ], [ -102.12986641, 39.43872675 ], [ -102.12864313, 39.44311365 ], [ -102.11615193, 39.47142883 ], [ -102.09594103, 39.4949279 ], [ -102.08370558, 39.50413094 ], [ -102.06323896, 39.51611582 ], [ -102.03053686, 39.53060029 ], [ -102.01306565, 39.53683302 ], [ -101.99783476, 39.54167274 ], [ -101.96513266, 39.54966524 ], [ -101.93243057, 39.55487989 ], [ -101.89972847, 39.55643229 ], [ -101.86702637, 39.55408845 ], [ -101.83432427, 39.54898117 ], [ -101.80162219, 39.5423659 ], [ -101.77679835, 39.53683302 ], [ -101.7689201, 39.53486915 ], [ -101.736218, 39.525561 ], [ -101.7035159, 39.51583152 ], [ -101.6708138, 39.50630028 ], [ -101.66287604, 39.50413094 ], [ -101.63811171, 39.49618146 ], [ -101.60540961, 39.48728934 ], [ -101.57270751, 39.48030881 ], [ -101.54000543, 39.47525077 ], [ -101.50730334, 39.47248576 ], [ -101.47460124, 39.4723314 ], [ -101.44189914, 39.4750389 ], [ -101.40919704, 39.48097634 ], [ -101.37649495, 39.49056735 ], [ -101.34379285, 39.50332534 ], [ -101.34183015, 39.50413094 ], [ -101.31109075, 39.51391761 ], [ -101.27838867, 39.52928937 ], [ -101.26648422, 39.53683302 ], [ -101.24568658, 39.5510444 ], [ -101.22197381, 39.56953513 ], [ -101.21298448, 39.57728373 ], [ -101.18028238, 39.60072694 ], [ -101.17174325, 39.60223721 ], [ -101.14758028, 39.6099735 ], [ -101.14429625, 39.60223721 ], [ -101.14710894, 39.56953513 ], [ -101.14758028, 39.56757166 ], [ -101.15718429, 39.53683302 ], [ -101.16388522, 39.50413094 ], [ -101.16876864, 39.47142883 ], [ -101.17334128, 39.43872675 ], [ -101.18028238, 39.41526292 ], [ -101.18415857, 39.40602465 ], [ -101.19010028, 39.37332256 ], [ -101.18808537, 39.34062046 ], [ -101.19185633, 39.30791835 ], [ -101.20399649, 39.27521627 ], [ -101.21298448, 39.25964032 ], [ -101.24568658, 39.2443511 ], [ -101.25770364, 39.24251417 ], [ -101.27838867, 39.23985236 ], [ -101.31109075, 39.23989516 ], [ -101.34379285, 39.2415032 ], [ -101.36677413, 39.24251417 ], [ -101.37649495, 39.24304258 ], [ -101.38697784, 39.24251417 ], [ -101.40919704, 39.24138512 ], [ -101.44189914, 39.23140658 ], [ -101.47343145, 39.20981208 ], [ -101.47460124, 39.20897389 ], [ -101.50730334, 39.18248831 ], [ -101.51337634, 39.17710998 ], [ -101.54000543, 39.1555194 ], [ -101.55356821, 39.14440789 ], [ -101.57270751, 39.13042816 ], [ -101.59855304, 39.11170579 ], [ -101.60540961, 39.10734901 ], [ -101.63811171, 39.0870873 ], [ -101.65149451, 39.07900371 ], [ -101.6708138, 39.06881167 ], [ -101.7035159, 39.05199982 ], [ -101.71492566, 39.0463016 ], [ -101.736218, 39.0368485 ], [ -101.7689201, 39.02268703 ], [ -101.79053529, 39.0135995 ], [ -101.80162219, 39.00934886 ], [ -101.83432427, 38.9975055 ], [ -101.86702637, 38.98631828 ], [ -101.88432894, 38.98089741 ], [ -101.89972847, 38.97655797 ], [ -101.93243057, 38.96841251 ], [ -101.96513266, 38.96130776 ], [ -101.99783476, 38.95520296 ], [ -102.03053686, 38.9499676 ], [ -102.04339566, 38.94819531 ], [ -102.06323896, 38.94568714 ], [ -102.09594103, 38.94186866 ], [ -102.12864313, 38.93799546 ], [ -102.16134523, 38.93390466 ], [ -102.19404733, 38.92937258 ], [ -102.22674942, 38.92414564 ], [ -102.25945152, 38.91733422 ], [ -102.26839373, 38.91549323 ], [ -102.29215362, 38.91080841 ], [ -102.32485572, 38.9062501 ], [ -102.33354319, 38.91549323 ] ] ] } },
{ "type": "Feature", "properties": { "Lower": 2400.0 }, "geometry": { "type": "Polygon", "coordinates": [ [ [ -97.45340125, 37.34579265 ], [ -97.45224353, 37.34915631 ], [ -97.44265429, 37.37849476 ], [ -97.42376482, 37.41119684 ], [ -97.41954143, 37.41909115 ], [ -97.40523553, 37.44389894 ], [ -97.39269564, 37.47660103 ], [ -97.38683934, 37.49403649 ], [ -97.37989452, 37.50930313 ], [ -97.36477675, 37.54200524 ], [ -97.35413724, 37.56523159 ], [ -97.34183504, 37.57470732 ], [ -97.32143516, 37.59215442 ], [ -97.28873306, 37.5976419 ], [ -97.25603097, 37.60613369 ], [ -97.25354795, 37.60740942 ], [ -97.22332887, 37.63376257 ], [ -97.21762344, 37.64011151 ], [ -97.19715303, 37.67281361 ], [ -97.19062677, 37.68586611 ], [ -97.18136725, 37.7055157 ], [ -97.16570229, 37.7382178 ], [ -97.15792467, 37.75211035 ], [ -97.1465959, 37.77091988 ], [ -97.12522257, 37.79910807 ], [ -97.1212085, 37.80362199 ], [ -97.09252048, 37.82925657 ], [ -97.08150665, 37.83632409 ], [ -97.0598184, 37.84749471 ], [ -97.0271163, 37.85704411 ], [ -96.9944142, 37.86105689 ], [ -96.96171211, 37.86101095 ], [ -96.92901001, 37.85766162 ], [ -96.89630791, 37.85146168 ], [ -96.86360581, 37.84257214 ], [ -96.84624477, 37.83632409 ], [ -96.83090372, 37.83071775 ], [ -96.79820164, 37.81566544 ], [ -96.77651686, 37.80362199 ], [ -96.76549954, 37.79724187 ], [ -96.73279744, 37.77470221 ], [ -96.72813818, 37.77091988 ], [ -96.70009535, 37.74680203 ], [ -96.69151111, 37.7382178 ], [ -96.66739325, 37.71222189 ], [ -96.66204826, 37.7055157 ], [ -96.6387154, 37.67281361 ], [ -96.63469115, 37.66626087 ], [ -96.62115513, 37.64011151 ], [ -96.60598921, 37.60740942 ], [ -96.60198905, 37.60028793 ], [ -96.58815196, 37.57470732 ], [ -96.57753906, 37.54200524 ], [ -96.57203418, 37.50930313 ], [ -96.57052129, 37.47660103 ], [ -96.57712523, 37.44389894 ], [ -96.59710198, 37.41119684 ], [ -96.60198905, 37.40649233 ], [ -96.63469115, 37.38025858 ], [ -96.63732322, 37.37849476 ], [ -96.66739325, 37.36303771 ], [ -96.70009535, 37.349194 ], [ -96.7094977, 37.34579265 ], [ -96.73279744, 37.33835135 ], [ -96.76549954, 37.32979758 ], [ -96.79820164, 37.32328216 ], [ -96.83090372, 37.31881271 ], [ -96.86360581, 37.31669983 ], [ -96.89630791, 37.31563983 ], [ -96.91384815, 37.31309057 ], [ -96.92901001, 37.31111559 ], [ -96.96171211, 37.30373649 ], [ -96.9944142, 37.29251621 ], [ -97.01763141, 37.28038846 ], [ -97.0271163, 37.27572375 ], [ -97.0598184, 37.25278784 ], [ -97.06516448, 37.24768638 ], [ -97.09054038, 37.21498427 ], [ -97.09252048, 37.21058616 ], [ -97.10210617, 37.18228217 ], [ -97.10489158, 37.14958009 ], [ -97.10111213, 37.11687798 ], [ -97.09252048, 37.09227839 ], [ -97.08989821, 37.0841759 ], [ -97.09252048, 37.0767842 ], [ -97.10142866, 37.05147379 ], [ -97.11855214, 37.01877171 ], [ -97.12522257, 37.00713053 ], [ -97.13939318, 36.98606961 ], [ -97.15792467, 36.95926513 ], [ -97.16412216, 36.95336752 ], [ -97.19062677, 36.92426445 ], [ -97.19536615, 36.92066542 ], [ -97.22332887, 36.89509718 ], [ -97.23507298, 36.88796331 ], [ -97.25603097, 36.87232973 ], [ -97.28873306, 36.85828689 ], [ -97.31673703, 36.85526123 ], [ -97.32143516, 36.85464799 ], [ -97.32427291, 36.85526123 ], [ -97.35413724, 36.86296 ], [ -97.38683934, 36.88610994 ], [ -97.38846212, 36.88796331 ], [ -97.40888111, 36.92066542 ], [ -97.41954143, 36.95182893 ], [ -97.42002828, 36.95336752 ], [ -97.42529383, 36.98606961 ], [ -97.4258733, 37.01877171 ], [ -97.42288903, 37.05147379 ], [ -97.41954143, 37.07107731 ], [ -97.41747778, 37.0841759 ], [ -97.41102959, 37.11687798 ], [ -97.4050461, 37.14958009 ], [ -97.40216333, 37.18228217 ], [ -97.40543139, 37.21498427 ], [ -97.41602282, 37.24768638 ], [ -97.41954143, 37.25375223 ], [ -97.43387812, 37.28038846 ], [ -97.45056677, 37.31309057 ], [ -97.45224353, 37.33037415 ], [ -97.45340125, 37.34579265 ] ] ] } },
{ "type": "Feature", "properties": { "Lower": 2400.0 }, "geometry": { "type": "Polygon", "coordinates": [ [ [ -97.27829392, 40.25627913 ], [ -97.27506801, 40.28898122 ], [ -97.26616088, 40.32168332 ], [ -97.25603097, 40.34686208 ], [ -97.25279334, 40.3543854 ], [ -97.23558956, 40.38708751 ], [ -97.22332887, 40.40752201 ], [ -97.21565471, 40.41978959 ], [ -97.19349064, 40.4524917 ], [ -97.19062677, 40.45643166 ], [ -97.16899297, 40.48519378 ], [ -97.15792467, 40.49933633 ], [ -97.14294458, 40.51789589 ], [ -97.12522257, 40.53902992 ], [ -97.11529888, 40.55059799 ], [ -97.09252048, 40.57632673 ], [ -97.08617235, 40.58330007 ], [ -97.0598184, 40.61137507 ], [ -97.05539139, 40.61600218 ], [ -97.0271163, 40.64555866 ], [ -97.02409226, 40.64870426 ], [ -96.9944142, 40.67973073 ], [ -96.99280366, 40.68140637 ], [ -96.96171211, 40.71248791 ], [ -96.96015935, 40.71410845 ], [ -96.93150001, 40.74681055 ], [ -96.92901001, 40.74941813 ], [ -96.89918902, 40.77951264 ], [ -96.89630791, 40.78256493 ], [ -96.86819028, 40.81221474 ], [ -96.86360581, 40.81709711 ], [ -96.83646397, 40.84491685 ], [ -96.83090372, 40.85064442 ], [ -96.80406337, 40.87761893 ], [ -96.79820164, 40.88360029 ], [ -96.77161581, 40.91032103 ], [ -96.76549954, 40.91659642 ], [ -96.73921203, 40.94302312 ], [ -96.73279744, 40.94964394 ], [ -96.70726241, 40.97572522 ], [ -96.70009535, 40.98324651 ], [ -96.67584507, 41.00842731 ], [ -96.66739325, 41.01740181 ], [ -96.64492931, 41.04112941 ], [ -96.63469115, 41.05219073 ], [ -96.61433538, 41.07383149 ], [ -96.60198905, 41.08718966 ], [ -96.58401372, 41.1065336 ], [ -96.56928696, 41.12275912 ], [ -96.55424929, 41.1392357 ], [ -96.53658488, 41.1587089 ], [ -96.5245862, 41.17193779 ], [ -96.50388278, 41.19518178 ], [ -96.49545842, 41.20463989 ], [ -96.47118068, 41.23223353 ], [ -96.46300503, 41.23734197 ], [ -96.46295956, 41.23734197 ], [ -96.43847858, 41.21285928 ], [ -96.43025918, 41.20463989 ], [ -96.40577649, 41.1801556 ], [ -96.39755867, 41.17193779 ], [ -96.37307439, 41.14745215 ], [ -96.36485793, 41.1392357 ], [ -96.34037229, 41.11474895 ], [ -96.33215695, 41.1065336 ], [ -96.30767019, 41.08204602 ], [ -96.29945569, 41.07383149 ], [ -96.27496812, 41.04934337 ], [ -96.26675416, 41.04112941 ], [ -96.24226602, 41.01664102 ], [ -96.2340523, 41.00842731 ], [ -96.20956392, 40.98393897 ], [ -96.20135016, 40.97572522 ], [ -96.17686182, 40.95123723 ], [ -96.16864771, 40.94302312 ], [ -96.14415973, 40.9185358 ], [ -96.11145763, 40.91853626 ], [ -96.1032424, 40.91032103 ], [ -96.07875553, 40.88583542 ], [ -96.07053906, 40.87761893 ], [ -96.04605343, 40.85313506 ], [ -96.03783522, 40.84491685 ], [ -96.01335136, 40.82043535 ], [ -96.00513072, 40.81221474 ], [ -95.98064926, 40.7877366 ], [ -95.98064926, 40.78769114 ], [ -96.01335136, 40.80448502 ], [ -96.03849005, 40.77951264 ], [ -96.04605343, 40.77192426 ], [ -96.07116716, 40.74681055 ], [ -96.07875553, 40.73917168 ], [ -96.10348785, 40.71410845 ], [ -96.11145763, 40.70608542 ], [ -96.13565341, 40.68140637 ], [ -96.14415973, 40.67284457 ], [ -96.16753442, 40.64870426 ], [ -96.17686182, 40.63928701 ], [ -96.19921552, 40.61600218 ], [ -96.20956392, 40.60558933 ], [ -96.23067571, 40.58330007 ], [ -96.24226602, 40.57160747 ], [ -96.26182872, 40.55059799 ], [ -96.27496812, 40.53731218 ], [ -96.29284066, 40.51789589 ], [ -96.30767019, 40.50279507 ], [ -96.32364529, 40.48519378 ], [ -96.34037229, 40.46826642 ], [ -96.35454881, 40.4524917 ], [ -96.37307439, 40.43408536 ], [ -96.38583986, 40.41978959 ], [ -96.40577649, 40.40083121 ], [ -96.41812791, 40.38708751 ], [ -96.43847858, 40.36835882 ], [ -96.45138434, 40.3543854 ], [ -96.47118068, 40.33475299 ], [ -96.4838661, 40.32168332 ], [ -96.50388278, 40.30091682 ], [ -96.51552744, 40.28898122 ], [ -96.53658488, 40.26718658 ], [ -96.54722423, 40.25627913 ], [ -96.56928696, 40.23346841 ], [ -96.57897303, 40.22357703 ], [ -96.60198905, 40.19785707 ], [ -96.60781058, 40.19087492 ], [ -96.62762359, 40.15817284 ], [ -96.63469115, 40.13858546 ], [ -96.63953219, 40.12547074 ], [ -96.65133085, 40.09276865 ], [ -96.66391559, 40.06006655 ], [ -96.66739325, 40.0515183 ], [ -96.68174292, 40.02736446 ], [ -96.70009535, 39.99687177 ], [ -96.70210254, 39.99466236 ], [ -96.73131892, 39.96196028 ], [ -96.73279744, 39.96023405 ], [ -96.76549954, 39.93505797 ], [ -96.77700639, 39.92925817 ], [ -96.79820164, 39.91863244 ], [ -96.83090372, 39.90917441 ], [ -96.86360581, 39.9052657 ], [ -96.89630791, 39.90651086 ], [ -96.92901001, 39.9126345 ], [ -96.96171211, 39.92357774 ], [ -96.97360998, 39.92925817 ], [ -96.9944142, 39.9407428 ], [ -97.02436692, 39.96196028 ], [ -97.0271163, 39.96408473 ], [ -97.0598184, 39.99192484 ], [ -97.06280786, 39.99466236 ], [ -97.09252048, 40.0217721 ], [ -97.0983913, 40.02736446 ], [ -97.12522257, 40.05246551 ], [ -97.13307688, 40.06006655 ], [ -97.15792467, 40.08377327 ], [ -97.16698445, 40.09276865 ], [ -97.19062677, 40.11624295 ], [ -97.1995696, 40.12547074 ], [ -97.22332887, 40.15051721 ], [ -97.23042141, 40.15817284 ], [ -97.25603097, 40.18808271 ], [ -97.2583746, 40.19087492 ], [ -97.27367523, 40.22357703 ], [ -97.27829392, 40.25627913 ] ] ] } },
{ "type": "Feature", "properties": { "Lower": 2400.0 }, "geometry": { "type": "Polygon", "coordinates": [ [ [ -98.96442294, 33.91207266 ], [ -98.96425996, 33.94477477 ], [ -98.95972341, 33.97747685 ], [ -98.9565399, 33.98775157 ], [ -98.94938375, 34.01017896 ], [ -98.93537208, 34.04288104 ], [ -98.9238378, 34.06827878 ], [ -98.92029466, 34.07558314 ], [ -98.90247659, 34.10828523 ], [ -98.89113573, 34.12721825 ], [ -98.88255989, 34.14098733 ], [ -98.86097478, 34.17368942 ], [ -98.85843363, 34.17728494 ], [ -98.83721179, 34.20639152 ], [ -98.82573153, 34.22121372 ], [ -98.81159642, 34.23909363 ], [ -98.79302943, 34.25856291 ], [ -98.78000011, 34.27179571 ], [ -98.76032734, 34.28635442 ], [ -98.73464734, 34.30449781 ], [ -98.72762524, 34.30915005 ], [ -98.69492314, 34.32915005 ], [ -98.67790795, 34.3371999 ], [ -98.66222104, 34.34447333 ], [ -98.62951897, 34.34806635 ], [ -98.59681687, 34.3422224 ], [ -98.58768897, 34.3371999 ], [ -98.56411477, 34.32578726 ], [ -98.53560652, 34.30449781 ], [ -98.53141267, 34.30089423 ], [ -98.50156254, 34.27179571 ], [ -98.49871058, 34.26933192 ], [ -98.46600848, 34.25795743 ], [ -98.43330638, 34.25347517 ], [ -98.40060428, 34.24897478 ], [ -98.3679022, 34.24399889 ], [ -98.33520011, 34.23935337 ], [ -98.3334194, 34.23909363 ], [ -98.30249801, 34.23057057 ], [ -98.26979591, 34.22160901 ], [ -98.23709381, 34.21200483 ], [ -98.21914036, 34.20639152 ], [ -98.20439172, 34.19974505 ], [ -98.17168962, 34.18478585 ], [ -98.14803322, 34.17368942 ], [ -98.13898752, 34.16823996 ], [ -98.10628544, 34.14845712 ], [ -98.09396169, 34.14098733 ], [ -98.07358335, 34.12623454 ], [ -98.04839756, 34.10828523 ], [ -98.04088125, 34.1020909 ], [ -98.00817915, 34.07656635 ], [ -98.00695483, 34.07558314 ], [ -97.97547705, 34.04671246 ], [ -97.97103009, 34.04288104 ], [ -97.94277496, 34.01643134 ], [ -97.93590242, 34.01017896 ], [ -97.91007286, 33.98497326 ], [ -97.90212824, 33.97747685 ], [ -97.87737076, 33.95282417 ], [ -97.86896395, 33.94477477 ], [ -97.84466868, 33.92047947 ], [ -97.83587034, 33.91207266 ], [ -97.81196658, 33.88839046 ], [ -97.80241863, 33.87937058 ], [ -97.77926449, 33.85687375 ], [ -97.76822169, 33.84666848 ], [ -97.74656239, 33.82616651 ], [ -97.73290411, 33.81396637 ], [ -97.71386029, 33.79617891 ], [ -97.69687626, 33.78126429 ], [ -97.68115819, 33.76695236 ], [ -97.65972045, 33.74856218 ], [ -97.6484561, 33.73852917 ], [ -97.62134293, 33.7158601 ], [ -97.615754, 33.7110291 ], [ -97.58305192, 33.68605547 ], [ -97.57929998, 33.683158 ], [ -97.55034982, 33.65886945 ], [ -97.53884323, 33.65045591 ], [ -97.51764773, 33.63453015 ], [ -97.49354993, 33.61775381 ], [ -97.48494563, 33.61159368 ], [ -97.45224353, 33.58993906 ], [ -97.44438275, 33.58505172 ], [ -97.41954143, 33.56911229 ], [ -97.38683934, 33.57687509 ], [ -97.38683934, 33.57682964 ], [ -97.41132094, 33.55234962 ], [ -97.41954143, 33.54412911 ], [ -97.44402428, 33.51964751 ], [ -97.44402491, 33.48694543 ], [ -97.45224353, 33.47872682 ], [ -97.47672777, 33.45424333 ], [ -97.48494563, 33.44602547 ], [ -97.50943033, 33.42154124 ], [ -97.51764773, 33.41332385 ], [ -97.54213261, 33.38883914 ], [ -97.54213257, 33.35613706 ], [ -97.55034982, 33.34791979 ], [ -97.57483437, 33.32343495 ], [ -97.58305192, 33.31521741 ], [ -97.60753589, 33.29073287 ], [ -97.60753538, 33.25803076 ], [ -97.615754, 33.24981213 ], [ -97.64023644, 33.22532866 ], [ -97.6484561, 33.21710901 ], [ -97.67293729, 33.19262657 ], [ -97.67293629, 33.15992447 ], [ -97.67298174, 33.15992447 ], [ -97.68115819, 33.19048457 ], [ -97.68467404, 33.19262657 ], [ -97.71386029, 33.21167039 ], [ -97.73874108, 33.22532866 ], [ -97.74656239, 33.22974198 ], [ -97.77926449, 33.24726667 ], [ -97.80101318, 33.25803076 ], [ -97.81196658, 33.26356543 ], [ -97.84466868, 33.2792145 ], [ -97.87049197, 33.29073287 ], [ -97.87737076, 33.29386248 ], [ -97.91007286, 33.30824703 ], [ -97.94277496, 33.32160115 ], [ -97.94738996, 33.32343495 ], [ -97.97547705, 33.33479395 ], [ -98.00817915, 33.3469893 ], [ -98.0345167, 33.35613706 ], [ -98.04088125, 33.35839482 ], [ -98.07358335, 33.36968406 ], [ -98.10628544, 33.38027816 ], [ -98.1334138, 33.38883914 ], [ -98.13898752, 33.39063906 ], [ -98.17168962, 33.40124027 ], [ -98.20439172, 33.41138184 ], [ -98.23709381, 33.42017544 ], [ -98.24131251, 33.42154124 ], [ -98.26979591, 33.43120216 ], [ -98.30249801, 33.44092389 ], [ -98.33520011, 33.45042213 ], [ -98.34837167, 33.45424333 ], [ -98.3679022, 33.46001684 ], [ -98.40060428, 33.46967622 ], [ -98.43330638, 33.47915883 ], [ -98.46013355, 33.48694543 ], [ -98.46600848, 33.48867546 ], [ -98.49871058, 33.4985925 ], [ -98.53141267, 33.50861377 ], [ -98.56411477, 33.51873287 ], [ -98.56686562, 33.51964751 ], [ -98.59681687, 33.52973612 ], [ -98.62951897, 33.54115884 ], [ -98.65953534, 33.55234962 ], [ -98.66222104, 33.55336631 ], [ -98.69492314, 33.56713731 ], [ -98.72762524, 33.58247603 ], [ -98.73235703, 33.58505172 ], [ -98.76032734, 33.60068975 ], [ -98.78579862, 33.61775381 ], [ -98.79302943, 33.62282288 ], [ -98.82366221, 33.65045591 ], [ -98.82573153, 33.65245101 ], [ -98.8536677, 33.683158 ], [ -98.85843363, 33.68865396 ], [ -98.8803258, 33.7158601 ], [ -98.89113573, 33.7302509 ], [ -98.90361364, 33.74856218 ], [ -98.9238378, 33.78019345 ], [ -98.92443322, 33.78126429 ], [ -98.93949506, 33.81396637 ], [ -98.95204819, 33.84666848 ], [ -98.9565399, 33.862444 ], [ -98.96043516, 33.87937058 ], [ -98.96442294, 33.91207266 ] ] ] } },
{ "type": "Feature", "properties": { "Lower": 2400.0 }, "geometry": { "type": "Polygon", "coordinates": [ [ [ -96.32990324, 39.50413094 ], [ -96.32741517, 39.53683302 ], [ -96.31978519, 39.56953513 ], [ -96.30828246, 39.60223721 ], [ -96.30767019, 39.60325628 ], [ -96.29199703, 39.63493932 ], [ -96.27496812, 39.66663809 ], [ -96.27452211, 39.66764142 ], [ -96.25353792, 39.7003435 ], [ -96.24226602, 39.71743873 ], [ -96.23155326, 39.73304561 ], [ -96.21326555, 39.76574769 ], [ -96.20956392, 39.76915889 ], [ -96.17686182, 39.76934858 ], [ -96.15925018, 39.76574769 ], [ -96.14415973, 39.75895701 ], [ -96.11145763, 39.74195473 ], [ -96.09910387, 39.73304561 ], [ -96.07875553, 39.7061445 ], [ -96.07445179, 39.7003435 ], [ -96.06166621, 39.66764142 ], [ -96.05911745, 39.63493932 ], [ -96.06590424, 39.60223721 ], [ -96.07291922, 39.56953513 ], [ -96.07824551, 39.53683302 ], [ -96.07875553, 39.53225917 ], [ -96.0833687, 39.50413094 ], [ -96.08353579, 39.47142883 ], [ -96.07875553, 39.45133197 ], [ -96.07588215, 39.43872675 ], [ -96.05604759, 39.40602465 ], [ -96.04605343, 39.39776662 ], [ -96.01511432, 39.37332256 ], [ -96.01335136, 39.37244561 ], [ -95.98064926, 39.35571734 ], [ -95.94794716, 39.34102837 ], [ -95.94707735, 39.34062046 ], [ -95.91524506, 39.32889868 ], [ -95.88254297, 39.31795759 ], [ -95.84984087, 39.30817841 ], [ -95.84903101, 39.30791835 ], [ -95.81713877, 39.29901931 ], [ -95.78443667, 39.29065585 ], [ -95.75173457, 39.28281984 ], [ -95.7190325, 39.27542564 ], [ -95.71813137, 39.27521627 ], [ -95.6863304, 39.26832683 ], [ -95.6536283, 39.26150582 ], [ -95.6209262, 39.25488811 ], [ -95.58822411, 39.24840797 ], [ -95.55839732, 39.24251417 ], [ -95.55552201, 39.24195733 ], [ -95.52281991, 39.23530458 ], [ -95.49011781, 39.22853121 ], [ -95.45741574, 39.22151974 ], [ -95.42471364, 39.21413174 ], [ -95.40676374, 39.20981208 ], [ -95.39201154, 39.20623582 ], [ -95.35930944, 39.19885144 ], [ -95.32660735, 39.19186299 ], [ -95.29390525, 39.18513575 ], [ -95.26120315, 39.17855449 ], [ -95.2538104, 39.17710998 ], [ -95.22850105, 39.17201711 ], [ -95.19579897, 39.16549549 ], [ -95.16309688, 39.15891334 ], [ -95.13039478, 39.15255668 ], [ -95.09769268, 39.14581686 ], [ -95.09126627, 39.14440789 ], [ -95.06499058, 39.1380956 ], [ -95.03228849, 39.12929685 ], [ -94.99958639, 39.11926266 ], [ -94.97754913, 39.11170579 ], [ -94.96688429, 39.10731338 ], [ -94.93418221, 39.09221475 ], [ -94.90978728, 39.07900371 ], [ -94.90148012, 39.07285978 ], [ -94.87052481, 39.0463016 ], [ -94.86877802, 39.0438439 ], [ -94.84940223, 39.0135995 ], [ -94.840954, 38.98089741 ], [ -94.84114497, 38.94819531 ], [ -94.84764565, 38.91549323 ], [ -94.85907058, 38.88279112 ], [ -94.86877802, 38.86311071 ], [ -94.87438872, 38.85008904 ], [ -94.89237762, 38.81738693 ], [ -94.90148012, 38.80381183 ], [ -94.91280356, 38.78468485 ], [ -94.93418221, 38.75427721 ], [ -94.93561023, 38.75198275 ], [ -94.95941518, 38.71928066 ], [ -94.96688429, 38.71047815 ], [ -94.98493948, 38.68657856 ], [ -94.99958639, 38.67039674 ], [ -95.01335615, 38.65387645 ], [ -95.03228849, 38.63229313 ], [ -95.041147, 38.62117437 ], [ -95.06499058, 38.5891415 ], [ -95.06546716, 38.58847227 ], [ -95.08816972, 38.55577018 ], [ -95.09769268, 38.54221431 ], [ -95.11085095, 38.52306808 ], [ -95.13039478, 38.49517637 ], [ -95.13375413, 38.49036599 ], [ -95.15643447, 38.45766389 ], [ -95.16309688, 38.4479784 ], [ -95.17932737, 38.42496181 ], [ -95.19579897, 38.40163684 ], [ -95.20278643, 38.3922597 ], [ -95.22677396, 38.3595576 ], [ -95.22850105, 38.35714065 ], [ -95.25216569, 38.32685551 ], [ -95.26120315, 38.31513378 ], [ -95.28017221, 38.29415341 ], [ -95.29390525, 38.27823697 ], [ -95.31164933, 38.26145132 ], [ -95.32660735, 38.24627675 ], [ -95.34883147, 38.22874922 ], [ -95.35930944, 38.21974449 ], [ -95.39201154, 38.19892204 ], [ -95.39854904, 38.19604714 ], [ -95.42471364, 38.1831347 ], [ -95.45741574, 38.17380447 ], [ -95.49011781, 38.16998818 ], [ -95.52281991, 38.1707276 ], [ -95.55552201, 38.17554751 ], [ -95.58822411, 38.18435623 ], [ -95.61833562, 38.19604714 ], [ -95.6209262, 38.19702069 ], [ -95.6536283, 38.21227862 ], [ -95.68432717, 38.22874922 ], [ -95.6863304, 38.22979846 ], [ -95.7190325, 38.24802989 ], [ -95.74059964, 38.26145132 ], [ -95.75173457, 38.26822248 ], [ -95.78443667, 38.29019711 ], [ -95.78970699, 38.29415341 ], [ -95.81713877, 38.3144212 ], [ -95.83094002, 38.32685551 ], [ -95.84984087, 38.34394428 ], [ -95.8643207, 38.3595576 ], [ -95.88254297, 38.37936301 ], [ -95.89329497, 38.3922597 ], [ -95.91524506, 38.41854124 ], [ -95.92027993, 38.42496181 ], [ -95.94576517, 38.45766389 ], [ -95.94794716, 38.46061421 ], [ -95.96923438, 38.49036599 ], [ -95.98064926, 38.50750518 ], [ -95.99084846, 38.52306808 ], [ -96.01101984, 38.55577018 ], [ -96.01335136, 38.55977391 ], [ -96.03025669, 38.58847227 ], [ -96.04605343, 38.6163859 ], [ -96.04885333, 38.62117437 ], [ -96.06726571, 38.65387645 ], [ -96.07875553, 38.67497143 ], [ -96.0854318, 38.68657856 ], [ -96.10307689, 38.71928066 ], [ -96.11145763, 38.7359936 ], [ -96.12008926, 38.75198275 ], [ -96.1364226, 38.78468485 ], [ -96.14415973, 38.80153258 ], [ -96.15215006, 38.81738693 ], [ -96.16720698, 38.85008904 ], [ -96.17686182, 38.87307808 ], [ -96.18143629, 38.88279112 ], [ -96.19508832, 38.91549323 ], [ -96.20739556, 38.94819531 ], [ -96.20956392, 38.95501693 ], [ -96.21906972, 38.98089741 ], [ -96.22924437, 39.0135995 ], [ -96.23760865, 39.0463016 ], [ -96.24226602, 39.07041037 ], [ -96.24423678, 39.07900371 ], [ -96.24910699, 39.11170579 ], [ -96.2519267, 39.14440789 ], [ -96.25318049, 39.17710998 ], [ -96.25356764, 39.20981208 ], [ -96.25330702, 39.24251417 ], [ -96.25357373, 39.27521627 ], [ -96.25668603, 39.30791835 ], [ -96.26546194, 39.34062046 ], [ -96.27496812, 39.35938679 ], [ -96.28159607, 39.37332256 ], [ -96.30286375, 39.40602465 ], [ -96.30767019, 39.41380317 ], [ -96.31796596, 39.43872675 ], [ -96.32672145, 39.47142883 ], [ -96.32990324, 39.50413094 ] ], [ [ -95.93258307, 38.88279112 ], [ -95.93133696, 38.91549323 ], [ -95.92687858, 38.94819531 ], [ -95.91849395, 38.98089741 ], [ -95.91524506, 38.98933352 ], [ -95.90479137, 39.0135995 ], [ -95.8838214, 39.0463016 ], [ -95.88254297, 39.04780207 ], [ -95.85055963, 39.07900371 ], [ -95.84984087, 39.07953538 ], [ -95.81713877, 39.09959363 ], [ -95.79058399, 39.11170579 ], [ -95.78443667, 39.11394813 ], [ -95.75173457, 39.12336239 ], [ -95.7190325, 39.13003121 ], [ -95.6863304, 39.13456619 ], [ -95.6536283, 39.1373788 ], [ -95.6209262, 39.13879939 ], [ -95.58822411, 39.13899901 ], [ -95.55552201, 39.13809042 ], [ -95.52281991, 39.1361208 ], [ -95.49011781, 39.13304597 ], [ -95.45741574, 39.12902385 ], [ -95.42471364, 39.12404516 ], [ -95.39201154, 39.1181739 ], [ -95.35978632, 39.11170579 ], [ -95.35930944, 39.11160594 ], [ -95.32660735, 39.10385816 ], [ -95.29390525, 39.09549859 ], [ -95.26120315, 39.08705386 ], [ -95.23084444, 39.07900371 ], [ -95.22850105, 39.07833923 ], [ -95.19579897, 39.06861714 ], [ -95.16309688, 39.05760595 ], [ -95.13396925, 39.0463016 ], [ -95.13039478, 39.04469362 ], [ -95.09769268, 39.0277177 ], [ -95.07522222, 39.0135995 ], [ -95.06499058, 39.00518764 ], [ -95.04002059, 38.98089741 ], [ -95.03228849, 38.96935312 ], [ -95.01984328, 38.94819531 ], [ -95.01005666, 38.91549323 ], [ -95.00774673, 38.88279112 ], [ -95.01096132, 38.85008904 ], [ -95.01843373, 38.81738693 ], [ -95.02940216, 38.78468485 ], [ -95.03228849, 38.77824137 ], [ -95.0427886, 38.75198275 ], [ -95.05898183, 38.71928066 ], [ -95.06499058, 38.71006624 ], [ -95.0799, 38.68657856 ], [ -95.09769268, 38.66300121 ], [ -95.10443926, 38.65387645 ], [ -95.12768983, 38.62117437 ], [ -95.13039478, 38.61732723 ], [ -95.15080393, 38.58847227 ], [ -95.16309688, 38.57105726 ], [ -95.17431164, 38.55577018 ], [ -95.19579897, 38.52640958 ], [ -95.1985869, 38.52306808 ], [ -95.2252457, 38.49036599 ], [ -95.22850105, 38.48628411 ], [ -95.25631276, 38.45766389 ], [ -95.26120315, 38.45240519 ], [ -95.29254976, 38.42496181 ], [ -95.29390525, 38.42371479 ], [ -95.32660735, 38.40005984 ], [ -95.34083705, 38.3922597 ], [ -95.35930944, 38.38157917 ], [ -95.39201154, 38.36867175 ], [ -95.42471364, 38.36114878 ], [ -95.44631606, 38.3595576 ], [ -95.45741574, 38.35871023 ], [ -95.4703827, 38.3595576 ], [ -95.49011781, 38.36089764 ], [ -95.52281991, 38.36708176 ], [ -95.55552201, 38.37669417 ], [ -95.58822411, 38.38921294 ], [ -95.59493984, 38.3922597 ], [ -95.6209262, 38.40416329 ], [ -95.6536283, 38.4211412 ], [ -95.66030998, 38.42496181 ], [ -95.6863304, 38.4399572 ], [ -95.71464274, 38.45766389 ], [ -95.7190325, 38.46056301 ], [ -95.75173457, 38.48466281 ], [ -95.75846286, 38.49036599 ], [ -95.78443667, 38.5154712 ], [ -95.79136657, 38.52306808 ], [ -95.81713877, 38.55537912 ], [ -95.81742849, 38.55577018 ], [ -95.83938712, 38.58847227 ], [ -95.84984087, 38.60590291 ], [ -95.85869409, 38.62117437 ], [ -95.87547748, 38.65387645 ], [ -95.88254297, 38.66964623 ], [ -95.89000842, 38.68657856 ], [ -95.90237232, 38.71928066 ], [ -95.91277577, 38.75198275 ], [ -95.91524506, 38.76181946 ], [ -95.92102085, 38.78468485 ], [ -95.92716654, 38.81738693 ], [ -95.93107961, 38.85008904 ], [ -95.93258307, 38.88279112 ] ] ] } },
{ "type": "Feature", "properties": { "Lower": 2400.0 }, "geometry": { "type": "Polygon", "coordinates": [ [ [ -100.69492071, 43.75540331 ], [ -100.69480587, 43.78810539 ], [ -100.69439421, 43.8208075 ], [ -100.69367624, 43.85350958 ], [ -100.69257514, 43.88621168 ], [ -100.69119227, 43.91891379 ], [ -100.68975096, 43.93914934 ], [ -100.68883307, 43.95161587 ], [ -100.68532312, 43.98431798 ], [ -100.681184, 44.01702006 ], [ -100.67635341, 44.04972216 ], [ -100.67086231, 44.08242425 ], [ -100.66538616, 44.11512635 ], [ -100.66033343, 44.14782844 ], [ -100.65704886, 44.17224821 ], [ -100.65591749, 44.18053054 ], [ -100.65251933, 44.21323264 ], [ -100.65073093, 44.24593473 ], [ -100.65029785, 44.27863683 ], [ -100.64985344, 44.31133892 ], [ -100.64931787, 44.34404102 ], [ -100.64866659, 44.3767431 ], [ -100.64804595, 44.40944521 ], [ -100.65704886, 44.41762121 ], [ -100.65704886, 44.41766666 ], [ -100.62434676, 44.41766494 ], [ -100.59164466, 44.41766328 ], [ -100.58342659, 44.40944521 ], [ -100.55894257, 44.38495953 ], [ -100.52624047, 44.38495797 ], [ -100.49353839, 44.38495646 ], [ -100.46083629, 44.384955 ], [ -100.42813419, 44.38495364 ], [ -100.3954321, 44.38495231 ], [ -100.36273, 44.38495109 ], [ -100.35452202, 44.3767431 ], [ -100.3300279, 44.35224785 ], [ -100.2973258, 44.35224678 ], [ -100.26462371, 44.35224577 ], [ -100.23192163, 44.35224486 ], [ -100.19921953, 44.35224402 ], [ -100.16651743, 44.35224326 ], [ -100.15831519, 44.34404102 ], [ -100.13381534, 44.31954048 ], [ -100.10111324, 44.31953987 ], [ -100.06841114, 44.31953933 ], [ -100.03570904, 44.31953886 ], [ -100.00300695, 44.31953846 ], [ -99.97030487, 44.31953813 ], [ -99.93760277, 44.31953787 ], [ -99.92940383, 44.31133892 ], [ -99.90490067, 44.28683554 ], [ -99.87219858, 44.28683537 ], [ -99.83949648, 44.28683527 ], [ -99.80679438, 44.28683518 ], [ -99.77409228, 44.28683512 ], [ -99.76589398, 44.27863683 ], [ -99.74139018, 44.25413301 ], [ -99.70868809, 44.25413299 ], [ -99.67598601, 44.25413299 ], [ -99.66778773, 44.24593473 ], [ -99.64328391, 44.22143091 ], [ -99.61058181, 44.22143091 ], [ -99.60238354, 44.21323264 ], [ -99.57787972, 44.1887288 ], [ -99.56968146, 44.18053054 ], [ -99.54517762, 44.15602672 ], [ -99.53697934, 44.14782844 ], [ -99.51247552, 44.12332464 ], [ -99.50427724, 44.11512635 ], [ -99.47977342, 44.0906226 ], [ -99.47157509, 44.08242425 ], [ -99.44707133, 44.05792058 ], [ -99.43887293, 44.04972216 ], [ -99.41436925, 44.02521858 ], [ -99.40617074, 44.01702006 ], [ -99.38166715, 43.99251662 ], [ -99.3734685, 43.98431798 ], [ -99.34896505, 43.9598147 ], [ -99.34076623, 43.95161587 ], [ -99.31626296, 43.92711281 ], [ -99.30806394, 43.91891379 ], [ -99.28356086, 43.89441094 ], [ -99.2753616, 43.88621168 ], [ -99.25085876, 43.86170913 ], [ -99.24265923, 43.85350958 ], [ -99.21815666, 43.82900734 ], [ -99.18545457, 43.82900749 ], [ -99.17725459, 43.8208075 ], [ -99.15275249, 43.79630576 ], [ -99.14455212, 43.78810539 ], [ -99.12005039, 43.76360403 ], [ -99.11184965, 43.75540331 ], [ -99.08734829, 43.73090237 ], [ -99.07914712, 43.7227012 ], [ -99.05464619, 43.69820073 ], [ -99.04644458, 43.68999912 ], [ -99.0219441, 43.66549915 ], [ -99.01374197, 43.65729702 ], [ -98.989242, 43.63279759 ], [ -98.98103933, 43.62459493 ], [ -98.9565399, 43.6000961 ], [ -98.94833664, 43.59189283 ], [ -98.9238378, 43.56739465 ], [ -98.9156339, 43.55919072 ], [ -98.89113573, 43.53469324 ], [ -98.88293112, 43.52648864 ], [ -98.85843363, 43.50199187 ], [ -98.8502283, 43.49378653 ], [ -98.82573153, 43.46929056 ], [ -98.81752542, 43.46108445 ], [ -98.79302943, 43.4365893 ], [ -98.78482249, 43.42838235 ], [ -98.76032734, 43.40388808 ], [ -98.75211951, 43.39568026 ], [ -98.72762524, 43.37118692 ], [ -98.71941648, 43.36297816 ], [ -98.69492314, 43.33848581 ], [ -98.6867134, 43.33027608 ], [ -98.66222104, 43.30578473 ], [ -98.65401029, 43.29757397 ], [ -98.62951897, 43.27308372 ], [ -98.62130712, 43.26487189 ], [ -98.59681687, 43.24038274 ], [ -98.56411477, 43.24038337 ], [ -98.55590117, 43.23216978 ], [ -98.53141267, 43.20768244 ], [ -98.52319792, 43.19946768 ], [ -98.49871058, 43.17498151 ], [ -98.49049465, 43.16676559 ], [ -98.46600848, 43.14228061 ], [ -98.45779138, 43.13406349 ], [ -98.43330638, 43.1095797 ], [ -98.42508809, 43.10136141 ], [ -98.40060428, 43.0768788 ], [ -98.3923848, 43.0686593 ], [ -98.3679022, 43.04417789 ], [ -98.35968151, 43.03595722 ], [ -98.33520011, 43.01147699 ], [ -98.33520011, 43.01143153 ], [ -98.3679022, 43.01813735 ], [ -98.38017307, 43.00325511 ], [ -98.40060428, 42.97847086 ], [ -98.40708228, 42.97055303 ], [ -98.43330638, 42.94098159 ], [ -98.4358678, 42.93785093 ], [ -98.46018867, 42.90514882 ], [ -98.46600848, 42.89792705 ], [ -98.486242, 42.87244674 ], [ -98.49871058, 42.85674491 ], [ -98.5121122, 42.83974463 ], [ -98.53141267, 42.81526156 ], [ -98.53784518, 42.80704255 ], [ -98.56148356, 42.77434045 ], [ -98.56411477, 42.77104086 ], [ -98.5887336, 42.74163836 ], [ -98.59681687, 42.73118191 ], [ -98.6138932, 42.70893626 ], [ -98.62951897, 42.68858034 ], [ -98.6389303, 42.67623417 ], [ -98.66222104, 42.64826103 ], [ -98.66594819, 42.64353207 ], [ -98.68966027, 42.61082996 ], [ -98.69492314, 42.6041566 ], [ -98.71545359, 42.57812788 ], [ -98.72762524, 42.56283237 ], [ -98.74157451, 42.54542578 ], [ -98.76032734, 42.52243438 ], [ -98.76830409, 42.51272369 ], [ -98.79302943, 42.48288178 ], [ -98.79545122, 42.48002159 ], [ -98.8233787, 42.44731951 ], [ -98.82573153, 42.44461052 ], [ -98.85216947, 42.4146174 ], [ -98.85843363, 42.4075711 ], [ -98.88158266, 42.38191532 ], [ -98.89113573, 42.3714148 ], [ -98.91164419, 42.34921321 ], [ -98.9238378, 42.33612052 ], [ -98.94252634, 42.31651111 ], [ -98.9565399, 42.30192593 ], [ -98.97408612, 42.28380902 ], [ -98.989242, 42.26828849 ], [ -99.00628688, 42.25110692 ], [ -99.0219441, 42.2354497 ], [ -99.03926769, 42.21840484 ], [ -99.05464619, 42.20339055 ], [ -99.07321693, 42.18570273 ], [ -99.08734829, 42.1722456 ], [ -99.10843527, 42.15300065 ], [ -99.12005039, 42.14239828 ], [ -99.14536559, 42.12029854 ], [ -99.15275249, 42.11395125 ], [ -99.18258451, 42.08759646 ], [ -99.18545457, 42.08522895 ], [ -99.21815666, 42.06259693 ], [ -99.22923332, 42.05489436 ], [ -99.25085876, 42.03985884 ], [ -99.27877823, 42.02219225 ], [ -99.28356086, 42.01916544 ], [ -99.31626296, 42.00042823 ], [ -99.33796797, 41.98949017 ], [ -99.34896505, 41.98399163 ], [ -99.38166715, 41.96965319 ], [ -99.41436925, 41.95963666 ], [ -99.42250423, 41.95678806 ], [ -99.44707133, 41.94772801 ], [ -99.47977342, 41.94022937 ], [ -99.51247552, 41.93518332 ], [ -99.54517762, 41.9324752 ], [ -99.57787972, 41.93211981 ], [ -99.61058181, 41.93425192 ], [ -99.64328391, 41.93877973 ], [ -99.67598601, 41.94569563 ], [ -99.70868809, 41.95312992 ], [ -99.7179726, 41.95678806 ], [ -99.74139018, 41.96650312 ], [ -99.77409228, 41.98050613 ], [ -99.79206038, 41.98949017 ], [ -99.80679438, 41.99676442 ], [ -99.83949648, 42.01515664 ], [ -99.85045508, 42.02219225 ], [ -99.87219858, 42.03598082 ], [ -99.89916963, 42.05489436 ], [ -99.90490067, 42.05888904 ], [ -99.93760277, 42.08435643 ], [ -99.9413755, 42.08759646 ], [ -99.97030487, 42.11215034 ], [ -99.97900895, 42.12029854 ], [ -100.00300695, 42.14237803 ], [ -100.01369163, 42.15300065 ], [ -100.03570904, 42.17464413 ], [ -100.04612019, 42.18570273 ], [ -100.06841114, 42.20911387 ], [ -100.07656364, 42.21840484 ], [ -100.10111324, 42.245924 ], [ -100.10548043, 42.25110692 ], [ -100.13170352, 42.28380902 ], [ -100.13381534, 42.28630694 ], [ -100.15936128, 42.31651111 ], [ -100.16651743, 42.32540537 ], [ -100.18491847, 42.34921321 ], [ -100.19921953, 42.36771635 ], [ -100.20982337, 42.38191532 ], [ -100.23192163, 42.41150563 ], [ -100.23416982, 42.4146174 ], [ -100.25751888, 42.44731951 ], [ -100.26462371, 42.45734995 ], [ -100.28016451, 42.48002159 ], [ -100.2973258, 42.50505733 ], [ -100.30239649, 42.51272369 ], [ -100.32367433, 42.54542578 ], [ -100.3300279, 42.5552276 ], [ -100.34441816, 42.57812788 ], [ -100.36273, 42.60745067 ], [ -100.36477757, 42.61082996 ], [ -100.38418411, 42.64353207 ], [ -100.3954321, 42.66276257 ], [ -100.40308076, 42.67623417 ], [ -100.42145511, 42.70893626 ], [ -100.42813419, 42.72104006 ], [ -100.43917356, 42.74163836 ], [ -100.45640196, 42.77434045 ], [ -100.46083629, 42.78295679 ], [ -100.47283778, 42.80704255 ], [ -100.48885043, 42.83974463 ], [ -100.49353839, 42.84954124 ], [ -100.50419479, 42.87244674 ], [ -100.51902024, 42.90514882 ], [ -100.52624047, 42.92153716 ], [ -100.53323225, 42.93785093 ], [ -100.54690096, 42.97055303 ], [ -100.55894257, 43.00024768 ], [ -100.56012157, 43.00325511 ], [ -100.57242412, 43.03595722 ], [ -100.58436104, 43.0686593 ], [ -100.59164466, 43.08926074 ], [ -100.59578363, 43.10136141 ], [ -100.60636596, 43.13406349 ], [ -100.61656065, 43.16676559 ], [ -100.62434676, 43.19297868 ], [ -100.62621255, 43.19946768 ], [ -100.63502196, 43.23216978 ], [ -100.64325778, 43.26487189 ], [ -100.6510195, 43.29757397 ], [ -100.65704886, 43.32505776 ], [ -100.65815445, 43.33027608 ], [ -100.6644706, 43.36297816 ], [ -100.67007431, 43.39568026 ], [ -100.67496375, 43.42838235 ], [ -100.6790394, 43.46108445 ], [ -100.68255935, 43.49378653 ], [ -100.685636, 43.52648864 ], [ -100.68819393, 43.55919072 ], [ -100.68975096, 43.57566202 ], [ -100.69120701, 43.59189283 ], [ -100.69195036, 43.62459493 ], [ -100.6932473, 43.65729702 ], [ -100.69414966, 43.68999912 ], [ -100.6947375, 43.7227012 ], [ -100.69492071, 43.75540331 ] ] ] } },
{ "type": "Feature", "properties": { "Lower": 2500.0 }, "geometry": { "type": "Polygon", "coordinates": [ [ [ -99.65164527, 38.22874922 ], [ -99.65029288, 38.26145132 ], [ -99.64328391, 38.26918606 ], [ -99.62519405, 38.29415341 ], [ -99.61058181, 38.30113054 ], [ -99.57787972, 38.31960346 ], [ -99.56828272, 38.32685551 ], [ -99.54517762, 38.34398899 ], [ -99.52633743, 38.3595576 ], [ -99.51247552, 38.37243604 ], [ -99.49153472, 38.3922597 ], [ -99.47977342, 38.40297394 ], [ -99.4499956, 38.42496181 ], [ -99.44707133, 38.42752576 ], [ -99.41436925, 38.44953153 ], [ -99.39873423, 38.45766389 ], [ -99.38166715, 38.47185179 ], [ -99.35007387, 38.49036599 ], [ -99.34896505, 38.49183325 ], [ -99.31626296, 38.51421579 ], [ -99.2900878, 38.49036599 ], [ -99.28356086, 38.48342771 ], [ -99.2773374, 38.45766389 ], [ -99.27096477, 38.42496181 ], [ -99.26844808, 38.3922597 ], [ -99.27063144, 38.3595576 ], [ -99.27764062, 38.32685551 ], [ -99.28356086, 38.31256019 ], [ -99.289688, 38.29415341 ], [ -99.30916086, 38.26145132 ], [ -99.31626296, 38.25455519 ], [ -99.3450034, 38.22874922 ], [ -99.34896505, 38.2239776 ], [ -99.37609302, 38.19604714 ], [ -99.38166715, 38.18678576 ], [ -99.41436925, 38.1695785 ], [ -99.43674487, 38.16334503 ], [ -99.44707133, 38.15929705 ], [ -99.47977342, 38.15344315 ], [ -99.51247552, 38.15312301 ], [ -99.54517762, 38.15693031 ], [ -99.57129413, 38.16334503 ], [ -99.57787972, 38.16524851 ], [ -99.61058181, 38.18045955 ], [ -99.63150409, 38.19604714 ], [ -99.64328391, 38.21287544 ], [ -99.65164527, 38.22874922 ] ] ] } },
{ "type": "Feature", "properties": { "Lower": 2500.0 }, "geometry": { "type": "Polygon", "coordinates": [ [ [ -104.91649891, 39.07900371 ], [ -104.9165443, 39.07900371 ], [ -104.91653712, 39.11170579 ], [ -104.91653023, 39.14440789 ], [ -104.94102333, 39.16890972 ], [ -104.94922358, 39.17710998 ], [ -104.94921768, 39.20981208 ], [ -104.94921231, 39.24251417 ], [ -104.97372542, 39.2670336 ], [ -104.98190808, 39.27521627 ], [ -104.98190424, 39.30791835 ], [ -104.98190111, 39.34062046 ], [ -104.97372542, 39.34297635 ], [ -104.94102333, 39.3541339 ], [ -104.90832123, 39.36318901 ], [ -104.87561913, 39.37087054 ], [ -104.86421636, 39.37332256 ], [ -104.84291703, 39.37852026 ], [ -104.81021494, 39.38557414 ], [ -104.77751284, 39.39174757 ], [ -104.74481074, 39.39733608 ], [ -104.71210866, 39.40251974 ], [ -104.68904911, 39.40602465 ], [ -104.67940657, 39.40762124 ], [ -104.64670447, 39.4130178 ], [ -104.61400237, 39.41819066 ], [ -104.58130027, 39.42328056 ], [ -104.54859818, 39.42834492 ], [ -104.51589608, 39.43354773 ], [ -104.48616948, 39.43872675 ], [ -104.48319398, 39.4392729 ], [ -104.4504919, 39.44519359 ], [ -104.4177898, 39.45127285 ], [ -104.38508771, 39.45706396 ], [ -104.35238561, 39.46284122 ], [ -104.31968351, 39.46992025 ], [ -104.31493369, 39.47142883 ], [ -104.28698141, 39.48153914 ], [ -104.25427932, 39.49607426 ], [ -104.2376347, 39.50413094 ], [ -104.22157722, 39.51305181 ], [ -104.18887514, 39.53411004 ], [ -104.18536951, 39.53683302 ], [ -104.15830292, 39.56953513 ], [ -104.15617304, 39.58755821 ], [ -104.15518945, 39.60223721 ], [ -104.15617304, 39.60409757 ], [ -104.17171279, 39.63493932 ], [ -104.18887514, 39.65823078 ], [ -104.19574182, 39.66764142 ], [ -104.22157722, 39.69561521 ], [ -104.22592897, 39.7003435 ], [ -104.25427932, 39.72602626 ], [ -104.26206015, 39.73304561 ], [ -104.28698141, 39.75269277 ], [ -104.30357523, 39.76574769 ], [ -104.31968351, 39.77706221 ], [ -104.35049809, 39.7984498 ], [ -104.35238561, 39.79959506 ], [ -104.38508771, 39.81825214 ], [ -104.40662893, 39.83115188 ], [ -104.4177898, 39.8369041 ], [ -104.4504919, 39.84240394 ], [ -104.48319398, 39.83735222 ], [ -104.4982819, 39.83115188 ], [ -104.51589608, 39.81908231 ], [ -104.53310462, 39.7984498 ], [ -104.54859818, 39.78248159 ], [ -104.5743062, 39.76574769 ], [ -104.58130027, 39.76197513 ], [ -104.61400237, 39.74657305 ], [ -104.64670447, 39.73351047 ], [ -104.64789768, 39.73304561 ], [ -104.67940657, 39.71683698 ], [ -104.71210866, 39.70244984 ], [ -104.71724335, 39.7003435 ], [ -104.74481074, 39.68203163 ], [ -104.77183301, 39.66764142 ], [ -104.77751284, 39.66343859 ], [ -104.81021494, 39.64238108 ], [ -104.82395146, 39.63493932 ], [ -104.84291703, 39.62153663 ], [ -104.87561913, 39.60282189 ], [ -104.87677863, 39.60223721 ], [ -104.90832123, 39.58201764 ], [ -104.93311909, 39.56953513 ], [ -104.94102333, 39.56444324 ], [ -104.97372542, 39.54683245 ], [ -104.99719512, 39.53683302 ], [ -105.0064275, 39.53179265 ], [ -105.0391296, 39.51689215 ], [ -105.0718317, 39.52865399 ], [ -105.08001073, 39.53683302 ], [ -105.08001582, 39.56953513 ], [ -105.08002265, 39.60223721 ], [ -105.1045338, 39.62673539 ], [ -105.11273772, 39.63493932 ], [ -105.11275064, 39.66764142 ], [ -105.13723589, 39.69210959 ], [ -105.13723589, 39.69215496 ], [ -105.1045338, 39.67791719 ], [ -105.0718317, 39.68927638 ], [ -105.0391296, 39.70001962 ], [ -105.03816535, 39.7003435 ], [ -105.0064275, 39.71141662 ], [ -104.97372542, 39.72208854 ], [ -104.94102333, 39.73233915 ], [ -104.93882996, 39.73304561 ], [ -104.90832123, 39.74344343 ], [ -104.87561913, 39.75426405 ], [ -104.84291703, 39.76515674 ], [ -104.84124861, 39.76574769 ], [ -104.81021494, 39.77740221 ], [ -104.77751284, 39.79020092 ], [ -104.75724133, 39.7984498 ], [ -104.74481074, 39.80388017 ], [ -104.71210866, 39.81843781 ], [ -104.6850357, 39.83115188 ], [ -104.67940657, 39.8340316 ], [ -104.64670447, 39.8531541 ], [ -104.63338156, 39.86385398 ], [ -104.61400237, 39.88425026 ], [ -104.6014468, 39.89655607 ], [ -104.58130027, 39.91164247 ], [ -104.54859818, 39.92834502 ], [ -104.54594373, 39.92925817 ], [ -104.51589608, 39.93931439 ], [ -104.48319398, 39.94365821 ], [ -104.4504919, 39.94219344 ], [ -104.4177898, 39.93517436 ], [ -104.40233791, 39.92925817 ], [ -104.38508771, 39.9220371 ], [ -104.35238561, 39.90499924 ], [ -104.33700666, 39.89655607 ], [ -104.31968351, 39.88666481 ], [ -104.28698141, 39.86712505 ], [ -104.28203101, 39.86385398 ], [ -104.25427932, 39.8445322 ], [ -104.23617318, 39.83115188 ], [ -104.22157722, 39.81992539 ], [ -104.19473031, 39.7984498 ], [ -104.18887514, 39.79358032 ], [ -104.15641318, 39.76574769 ], [ -104.15617304, 39.76553229 ], [ -104.12347095, 39.73549128 ], [ -104.12078423, 39.73304561 ], [ -104.09076885, 39.70351335 ], [ -104.08751674, 39.7003435 ], [ -104.05806675, 39.66909965 ], [ -104.0566906, 39.66764142 ], [ -104.02854511, 39.63493932 ], [ -104.02536465, 39.63080831 ], [ -104.0031942, 39.60223721 ], [ -103.99266256, 39.58680253 ], [ -103.98072464, 39.56953513 ], [ -103.96134803, 39.53683302 ], [ -103.95996046, 39.53364708 ], [ -103.94669262, 39.50413094 ], [ -103.93863083, 39.47142883 ], [ -103.94299709, 39.43872675 ], [ -103.95996046, 39.41115319 ], [ -103.96434594, 39.40602465 ], [ -103.99266256, 39.38299983 ], [ -104.00728885, 39.37332256 ], [ -104.02536465, 39.362968 ], [ -104.05806675, 39.34626365 ], [ -104.07007644, 39.34062046 ], [ -104.09076885, 39.33150734 ], [ -104.12347095, 39.31799857 ], [ -104.14932823, 39.30791835 ], [ -104.15617304, 39.30537727 ], [ -104.18887514, 39.29391741 ], [ -104.22157722, 39.28321641 ], [ -104.24638576, 39.27521627 ], [ -104.25427932, 39.27268378 ], [ -104.28698141, 39.26302044 ], [ -104.31968351, 39.2540372 ], [ -104.35238561, 39.24538263 ], [ -104.36346092, 39.24251417 ], [ -104.38508771, 39.2369348 ], [ -104.4177898, 39.22855041 ], [ -104.4504919, 39.22022342 ], [ -104.48319398, 39.21191562 ], [ -104.49146414, 39.20981208 ], [ -104.51589608, 39.20365143 ], [ -104.54859818, 39.19531423 ], [ -104.58130027, 39.1868476 ], [ -104.61400237, 39.17814268 ], [ -104.61780974, 39.17710998 ], [ -104.64670447, 39.16936289 ], [ -104.67940657, 39.16033624 ], [ -104.71210866, 39.15101398 ], [ -104.73447995, 39.14440789 ], [ -104.74481074, 39.14139888 ], [ -104.77751284, 39.13158145 ], [ -104.81021494, 39.12140286 ], [ -104.84005373, 39.11170579 ], [ -104.84291703, 39.11078994 ], [ -104.87561913, 39.10002387 ], [ -104.90832123, 39.08881912 ], [ -104.91649891, 39.07900371 ] ] ] } },
{ "type": "Feature", "properties": { "Lower": 2500.0 }, "geometry": { "type": "Polygon", "coordinates": [ [ [ -101.18028238, 32.03983119 ], [ -101.18028238, 32.03987658 ], [ -101.14758028, 32.0240661 ], [ -101.11487819, 32.03531064 ], [ -101.08217609, 32.04623888 ], [ -101.07650547, 32.04805323 ], [ -101.04947399, 32.05649055 ], [ -101.01677191, 32.0663292 ], [ -100.98406981, 32.07594803 ], [ -100.96676621, 32.08075534 ], [ -100.95136772, 32.08490776 ], [ -100.91866562, 32.09326585 ], [ -100.88596352, 32.1012795 ], [ -100.85326142, 32.10876674 ], [ -100.83137976, 32.11345744 ], [ -100.82055933, 32.11569692 ], [ -100.78785723, 32.12190087 ], [ -100.75515515, 32.12764368 ], [ -100.72245305, 32.13296142 ], [ -100.68975096, 32.13766943 ], [ -100.65704886, 32.14183831 ], [ -100.62434676, 32.14413179 ], [ -100.61017328, 32.14615952 ], [ -100.59164466, 32.14883844 ], [ -100.55894257, 32.15130621 ], [ -100.52624047, 32.15334893 ], [ -100.49353839, 32.15463252 ], [ -100.46083629, 32.15542848 ], [ -100.42813419, 32.15537239 ], [ -100.3954321, 32.15446427 ], [ -100.36273, 32.15255448 ], [ -100.3300279, 32.14957857 ], [ -100.31214745, 32.14615952 ], [ -100.2973258, 32.14310603 ], [ -100.26462371, 32.13848241 ], [ -100.23192163, 32.12949147 ], [ -100.19921953, 32.11743352 ], [ -100.19043771, 32.11345744 ], [ -100.16651743, 32.09855189 ], [ -100.14543509, 32.08075534 ], [ -100.13381534, 32.06501434 ], [ -100.12719853, 32.04805323 ], [ -100.10111324, 32.02513856 ], [ -100.0956967, 32.01535115 ], [ -100.06841114, 31.98480467 ], [ -100.06723442, 31.98264904 ], [ -100.04465028, 31.94994696 ], [ -100.03570904, 31.93871039 ], [ -100.02401622, 31.91724486 ], [ -100.00484081, 31.88454277 ], [ -100.00300695, 31.88159022 ], [ -99.98913762, 31.85184067 ], [ -99.97390993, 31.81913858 ], [ -99.97030487, 31.8114221 ], [ -99.9608166, 31.78643648 ], [ -99.94866707, 31.7537344 ], [ -99.93760277, 31.72231232 ], [ -99.93720606, 31.72103229 ], [ -99.92719549, 31.68833019 ], [ -99.91773621, 31.6556281 ], [ -99.9088637, 31.622926 ], [ -99.90490067, 31.60757383 ], [ -99.90059191, 31.59022392 ], [ -99.89278295, 31.55752181 ], [ -99.88531472, 31.52481973 ], [ -99.87809318, 31.49211762 ], [ -99.87219858, 31.4651488 ], [ -99.87092252, 31.45941554 ], [ -99.86353131, 31.42671344 ], [ -99.85785482, 31.39401133 ], [ -99.85409212, 31.36130925 ], [ -99.85187734, 31.32860714 ], [ -99.85111609, 31.29590506 ], [ -99.85343443, 31.26320295 ], [ -99.86253957, 31.23050087 ], [ -99.87219858, 31.21199176 ], [ -99.87995087, 31.19779877 ], [ -99.8984176, 31.16509668 ], [ -99.90490067, 31.15359505 ], [ -99.91663414, 31.13239458 ], [ -99.93463314, 31.09969247 ], [ -99.93760277, 31.09425747 ], [ -99.95225632, 31.06699039 ], [ -99.97000025, 31.03428829 ], [ -99.97030487, 31.03372515 ], [ -99.98749569, 31.0015862 ], [ -100.00300695, 30.97313082 ], [ -100.00530267, 30.9688841 ], [ -100.02289284, 30.93618201 ], [ -100.00300695, 30.92800328 ], [ -100.00300695, 30.92795789 ], [ -100.03570904, 30.92796315 ], [ -100.0439279, 30.93618201 ], [ -100.06841114, 30.96067373 ], [ -100.0766215, 30.9688841 ], [ -100.10111324, 30.99338413 ], [ -100.13381534, 30.9933891 ], [ -100.14201244, 31.0015862 ], [ -100.16651743, 31.02609787 ], [ -100.19921953, 31.02610143 ], [ -100.20740639, 31.03428829 ], [ -100.23192163, 31.05880793 ], [ -100.24010407, 31.06699039 ], [ -100.26462371, 31.09151315 ], [ -100.2973258, 31.09151452 ], [ -100.30550378, 31.09969247 ], [ -100.3300279, 31.12421805 ], [ -100.36273, 31.12421854 ], [ -100.37090602, 31.13239458 ], [ -100.3954321, 31.15692096 ], [ -100.40360781, 31.16509668 ], [ -100.42813419, 31.18962281 ], [ -100.43631014, 31.19779877 ], [ -100.46083629, 31.2223239 ], [ -100.46901325, 31.23050087 ], [ -100.46901425, 31.26320295 ], [ -100.49353839, 31.28772407 ], [ -100.50171935, 31.29590506 ], [ -100.52624047, 31.32042157 ], [ -100.53442606, 31.32860714 ], [ -100.55894257, 31.35311778 ], [ -100.56713403, 31.36130925 ], [ -100.59164466, 31.38581464 ], [ -100.59984136, 31.39401133 ], [ -100.62434676, 31.41851302 ], [ -100.63254717, 31.42671344 ], [ -100.65704886, 31.45121246 ], [ -100.66525192, 31.45941554 ], [ -100.68975096, 31.48391263 ], [ -100.69795595, 31.49211762 ], [ -100.69795704, 31.52481973 ], [ -100.72245305, 31.54931446 ], [ -100.73066041, 31.55752181 ], [ -100.75515515, 31.58201551 ], [ -100.76336354, 31.59022392 ], [ -100.78785723, 31.61471671 ], [ -100.79606654, 31.622926 ], [ -100.82055933, 31.64741799 ], [ -100.82876944, 31.6556281 ], [ -100.85326142, 31.68011932 ], [ -100.8614723, 31.68833019 ], [ -100.88596352, 31.71282066 ], [ -100.89417515, 31.72103229 ], [ -100.91866562, 31.74552199 ], [ -100.92687801, 31.7537344 ], [ -100.95136772, 31.77822327 ], [ -100.95958091, 31.78643648 ], [ -100.95958165, 31.81913858 ], [ -100.98406981, 31.84362582 ], [ -100.99228465, 31.85184067 ], [ -101.01677191, 31.87632694 ], [ -101.02498774, 31.88454277 ], [ -101.04947399, 31.90902797 ], [ -101.05769089, 31.91724486 ], [ -101.08217609, 31.94172889 ], [ -101.09039416, 31.94994696 ], [ -101.11487819, 31.97442974 ], [ -101.12309749, 31.98264904 ], [ -101.14758028, 32.00713049 ], [ -101.15580093, 32.01535115 ], [ -101.18028238, 32.03983119 ] ] ] } },
{ "type": "Feature", "properties": { "Lower": 2500.0 }, "geometry": { "type": "Polygon", "coordinates": [ [ [ -103.90273455, 42.02219225 ], [ -103.89455628, 41.99547042 ], [ -103.88656684, 41.98949017 ], [ -103.86185419, 41.97065652 ], [ -103.84390665, 41.95678806 ], [ -103.82915209, 41.94522898 ], [ -103.80242593, 41.92408598 ], [ -103.79644999, 41.91932185 ], [ -103.76374789, 41.89301347 ], [ -103.76174507, 41.89138388 ], [ -103.73104579, 41.86644426 ], [ -103.72154382, 41.85868179 ], [ -103.6983437, 41.83978572 ], [ -103.68139301, 41.82597969 ], [ -103.6656416, 41.81322742 ], [ -103.64090881, 41.7932776 ], [ -103.63293952, 41.78690687 ], [ -103.60023742, 41.7611788 ], [ -103.59948385, 41.7605755 ], [ -103.56753533, 41.73506844 ], [ -103.5582753, 41.7278734 ], [ -103.53483323, 41.70993932 ], [ -103.51535094, 41.69517131 ], [ -103.50213113, 41.68531555 ], [ -103.47125888, 41.66246921 ], [ -103.46942903, 41.66114606 ], [ -103.43672694, 41.63721265 ], [ -103.426701, 41.62976712 ], [ -103.40402484, 41.61345256 ], [ -103.38174896, 41.59706502 ], [ -103.37132276, 41.58970674 ], [ -103.33862066, 41.56576515 ], [ -103.3368473, 41.56436294 ], [ -103.30591857, 41.54133892 ], [ -103.29392954, 41.53166083 ], [ -103.27321647, 41.51613124 ], [ -103.252646, 41.49895875 ], [ -103.24051437, 41.48960794 ], [ -103.21373995, 41.46625664 ], [ -103.20781227, 41.46146743 ], [ -103.17726315, 41.43355454 ], [ -103.17511018, 41.43173086 ], [ -103.142868, 41.40085246 ], [ -103.14240808, 41.40044639 ], [ -103.109706, 41.36862314 ], [ -103.10926923, 41.36815035 ], [ -103.0770039, 41.33584541 ], [ -103.0766427, 41.33544827 ], [ -103.0448488, 41.30274616 ], [ -103.0443018, 41.30220814 ], [ -103.0150989, 41.27004408 ], [ -103.01159971, 41.26612345 ], [ -102.99043849, 41.23734197 ], [ -102.97889761, 41.21325371 ], [ -102.97628096, 41.20463989 ], [ -102.97889761, 41.19738717 ], [ -102.98739198, 41.17193779 ], [ -103.01159971, 41.14233659 ], [ -103.01326081, 41.1392357 ], [ -103.01159971, 41.13606453 ], [ -102.97889761, 41.10962487 ], [ -102.97177769, 41.1065336 ], [ -102.94619551, 41.0860599 ], [ -102.92764631, 41.07383149 ], [ -102.91349341, 41.05791413 ], [ -102.89650493, 41.04112941 ], [ -102.88079132, 41.01736692 ], [ -102.87453352, 41.00842731 ], [ -102.86133265, 40.97572522 ], [ -102.85435906, 40.94302312 ], [ -102.85378299, 40.91032103 ], [ -102.85873189, 40.87761893 ], [ -102.86843949, 40.84491685 ], [ -102.88079132, 40.8158863 ], [ -102.88274703, 40.81221474 ], [ -102.90387865, 40.77951264 ], [ -102.91349341, 40.76701818 ], [ -102.93317416, 40.74681055 ], [ -102.94619551, 40.73518202 ], [ -102.97722922, 40.71410845 ], [ -102.97889761, 40.71310609 ], [ -103.01159971, 40.69836018 ], [ -103.0443018, 40.68854196 ], [ -103.0770039, 40.68262937 ], [ -103.09090195, 40.68140637 ], [ -103.109706, 40.67992015 ], [ -103.14240808, 40.67972225 ], [ -103.16735322, 40.68140637 ], [ -103.17511018, 40.68191969 ], [ -103.20781227, 40.68515757 ], [ -103.24051437, 40.69020379 ], [ -103.27321647, 40.69648547 ], [ -103.30591857, 40.70374522 ], [ -103.33862066, 40.71195146 ], [ -103.34617405, 40.71410845 ], [ -103.37132276, 40.72132239 ], [ -103.40402484, 40.73147722 ], [ -103.43672694, 40.74226038 ], [ -103.44964158, 40.74681055 ], [ -103.46942903, 40.7538868 ], [ -103.50213113, 40.76621702 ], [ -103.53483323, 40.77901605 ], [ -103.53603314, 40.77951264 ], [ -103.56753533, 40.79289123 ], [ -103.60023742, 40.8071923 ], [ -103.61127757, 40.81221474 ], [ -103.63293952, 40.82241412 ], [ -103.6656416, 40.83802681 ], [ -103.68012887, 40.84491685 ], [ -103.6983437, 40.85364314 ], [ -103.73104579, 40.86895215 ], [ -103.75006646, 40.87761893 ], [ -103.76374789, 40.88384665 ], [ -103.79644999, 40.89828484 ], [ -103.82498087, 40.91032103 ], [ -103.82915209, 40.91208762 ], [ -103.86185419, 40.92563097 ], [ -103.89455628, 40.93852429 ], [ -103.90698864, 40.94302312 ], [ -103.92725838, 40.95047569 ], [ -103.95996046, 40.96119059 ], [ -103.99266256, 40.97140548 ], [ -104.00544095, 40.97572522 ], [ -104.02536465, 40.98346951 ], [ -104.05806675, 40.99759015 ], [ -104.08333455, 41.00842731 ], [ -104.09076885, 41.01173893 ], [ -104.12347095, 41.0258699 ], [ -104.15617304, 41.03963368 ], [ -104.15976753, 41.04112941 ], [ -104.18887514, 41.05373483 ], [ -104.22157722, 41.06766604 ], [ -104.23613212, 41.07383149 ], [ -104.25427932, 41.08184333 ], [ -104.28698141, 41.09619815 ], [ -104.31056011, 41.1065336 ], [ -104.31968351, 41.11069728 ], [ -104.35238561, 41.12568146 ], [ -104.38190438, 41.1392357 ], [ -104.38508771, 41.1407537 ], [ -104.4177898, 41.15650866 ], [ -104.44962265, 41.17193779 ], [ -104.4504919, 41.17237413 ], [ -104.45866748, 41.17193779 ], [ -104.45871287, 41.17193779 ], [ -104.45870908, 41.20463989 ], [ -104.4504919, 41.21285705 ], [ -104.42600155, 41.23734197 ], [ -104.4177898, 41.24555375 ], [ -104.3932945, 41.27004408 ], [ -104.39329167, 41.30274616 ], [ -104.38508771, 41.31095013 ], [ -104.36058588, 41.33544827 ], [ -104.35238561, 41.34364853 ], [ -104.32788074, 41.36815035 ], [ -104.32787908, 41.40085246 ], [ -104.31968351, 41.409048 ], [ -104.29517479, 41.43355454 ], [ -104.28698141, 41.44174792 ], [ -104.26247098, 41.46625664 ], [ -104.26247012, 41.49895875 ], [ -104.25427932, 41.50714952 ], [ -104.22976699, 41.53166083 ], [ -104.22157722, 41.53985059 ], [ -104.19706432, 41.56436294 ], [ -104.19706419, 41.59706502 ], [ -104.18887514, 41.60525407 ], [ -104.16436224, 41.62976712 ], [ -104.16436254, 41.66246921 ], [ -104.15617304, 41.67065872 ], [ -104.13166132, 41.69517131 ], [ -104.12347095, 41.70336168 ], [ -104.09896061, 41.7278734 ], [ -104.09896164, 41.7605755 ], [ -104.09076885, 41.76876829 ], [ -104.06626195, 41.7932776 ], [ -104.05806675, 41.80147277 ], [ -104.03356307, 41.82597969 ], [ -104.03356518, 41.85868179 ], [ -104.02536465, 41.86688231 ], [ -104.00086728, 41.89138388 ], [ -103.99266256, 41.8995886 ], [ -103.96816992, 41.92408598 ], [ -103.96817285, 41.95678806 ], [ -103.95996046, 41.96500045 ], [ -103.93547622, 41.98949017 ], [ -103.92725838, 41.99770802 ], [ -103.90277994, 42.02219225 ], [ -103.90273455, 42.02219225 ] ] ] } },
{ "type": "Feature", "properties": { "Lower": 2500.0 }, "geometry": { "type": "Polygon", "coordinates": [ [ [ -103.13261976, 39.24251417 ], [ -103.11999074, 39.27521627 ], [ -103.109706, 39.28407209 ], [ -103.08371313, 39.30791835 ], [ -103.0770039, 39.3133066 ], [ -103.0443018, 39.33749695 ], [ -103.03931565, 39.34062046 ], [ -103.01159971, 39.35781364 ], [ -102.98035183, 39.37332256 ], [ -102.97889761, 39.37418755 ], [ -102.94619551, 39.39042473 ], [ -102.91349341, 39.40566505 ], [ -102.91258379, 39.40602465 ], [ -102.88079132, 39.42151212 ], [ -102.84808924, 39.43674762 ], [ -102.84299555, 39.43872675 ], [ -102.81538714, 39.45256841 ], [ -102.78268504, 39.46849053 ], [ -102.77536896, 39.47142883 ], [ -102.74998295, 39.48555701 ], [ -102.71937289, 39.50413094 ], [ -102.71728085, 39.50596808 ], [ -102.68457875, 39.53485619 ], [ -102.68267593, 39.53683302 ], [ -102.65933118, 39.56953513 ], [ -102.65187665, 39.58432677 ], [ -102.64253533, 39.60223721 ], [ -102.62791126, 39.63493932 ], [ -102.61917456, 39.65663703 ], [ -102.61422958, 39.66764142 ], [ -102.59963417, 39.7003435 ], [ -102.58647248, 39.73125823 ], [ -102.58558222, 39.73304561 ], [ -102.5684382, 39.76574769 ], [ -102.55377038, 39.79317479 ], [ -102.55033222, 39.7984498 ], [ -102.52755764, 39.83115188 ], [ -102.52106828, 39.83979777 ], [ -102.49796427, 39.86385398 ], [ -102.48836619, 39.87298788 ], [ -102.45566409, 39.89578115 ], [ -102.45427585, 39.89655607 ], [ -102.42296199, 39.91278147 ], [ -102.39025989, 39.92530754 ], [ -102.37778964, 39.92925817 ], [ -102.35755779, 39.93507611 ], [ -102.32485572, 39.943137 ], [ -102.29215362, 39.95002411 ], [ -102.25945152, 39.95616159 ], [ -102.23104922, 39.96196028 ], [ -102.22674942, 39.96275234 ], [ -102.19404733, 39.96977845 ], [ -102.16134523, 39.97833563 ], [ -102.12864313, 39.98953477 ], [ -102.12030688, 39.99466236 ], [ -102.09594103, 40.00762058 ], [ -102.07463296, 40.02736446 ], [ -102.06323896, 40.03735166 ], [ -102.04334772, 40.06006655 ], [ -102.03053686, 40.07483298 ], [ -102.01785546, 40.09276865 ], [ -101.99783476, 40.12194843 ], [ -101.99581042, 40.12547074 ], [ -101.97670776, 40.15817284 ], [ -101.96513266, 40.17844212 ], [ -101.95885078, 40.19087492 ], [ -101.94201591, 40.22357703 ], [ -101.93243057, 40.24194454 ], [ -101.92535563, 40.25627913 ], [ -101.90853224, 40.28898122 ], [ -101.89972847, 40.30530775 ], [ -101.89079137, 40.32168332 ], [ -101.87120192, 40.3543854 ], [ -101.86702637, 40.35814311 ], [ -101.83432427, 40.36983934 ], [ -101.80162219, 40.36950064 ], [ -101.7689201, 40.36552812 ], [ -101.736218, 40.35791182 ], [ -101.72407835, 40.3543854 ], [ -101.7035159, 40.34910947 ], [ -101.6708138, 40.33828583 ], [ -101.63811171, 40.32557371 ], [ -101.63013738, 40.32168332 ], [ -101.60540961, 40.31075679 ], [ -101.57270751, 40.29400406 ], [ -101.56484488, 40.28898122 ], [ -101.54000543, 40.27421918 ], [ -101.51106873, 40.25627913 ], [ -101.50730334, 40.25394157 ], [ -101.47460124, 40.23329417 ], [ -101.46021307, 40.22357703 ], [ -101.44189914, 40.20967836 ], [ -101.41579278, 40.19087492 ], [ -101.40919704, 40.18421717 ], [ -101.38129631, 40.15817284 ], [ -101.37649495, 40.13722431 ], [ -101.37345648, 40.12547074 ], [ -101.37649495, 40.11791187 ], [ -101.3876485, 40.09276865 ], [ -101.40505677, 40.06006655 ], [ -101.40919704, 40.05326052 ], [ -101.42937112, 40.02736446 ], [ -101.44189914, 40.01324782 ], [ -101.46370925, 39.99466236 ], [ -101.47460124, 39.98558116 ], [ -101.50730334, 39.96434517 ], [ -101.51184731, 39.96196028 ], [ -101.54000543, 39.94592981 ], [ -101.57270751, 39.92942097 ], [ -101.5730395, 39.92925817 ], [ -101.60540961, 39.91082193 ], [ -101.62760255, 39.89655607 ], [ -101.63811171, 39.88790376 ], [ -101.66745328, 39.86385398 ], [ -101.6708138, 39.8599322 ], [ -101.69704728, 39.83115188 ], [ -101.7035159, 39.81874582 ], [ -101.71516209, 39.7984498 ], [ -101.71881551, 39.76574769 ], [ -101.70409211, 39.73304561 ], [ -101.7035159, 39.73245546 ], [ -101.6708138, 39.70144517 ], [ -101.66953268, 39.7003435 ], [ -101.63811171, 39.68107424 ], [ -101.61016332, 39.66764142 ], [ -101.60540961, 39.66595508 ], [ -101.57270751, 39.65733711 ], [ -101.54000543, 39.65086345 ], [ -101.50730334, 39.64854348 ], [ -101.47460124, 39.65013757 ], [ -101.44189914, 39.65466099 ], [ -101.40919704, 39.66222988 ], [ -101.39378004, 39.66764142 ], [ -101.37649495, 39.67448137 ], [ -101.34379285, 39.69279947 ], [ -101.33399586, 39.7003435 ], [ -101.31109075, 39.71942312 ], [ -101.29682981, 39.73304561 ], [ -101.27838867, 39.75041421 ], [ -101.26274827, 39.76574769 ], [ -101.24568658, 39.78050903 ], [ -101.2241656, 39.7984498 ], [ -101.21298448, 39.80608909 ], [ -101.18028238, 39.82674865 ], [ -101.17277464, 39.83115188 ], [ -101.14758028, 39.84297955 ], [ -101.11487819, 39.85686161 ], [ -101.09714665, 39.86385398 ], [ -101.08217609, 39.86851041 ], [ -101.04947399, 39.87732572 ], [ -101.01677191, 39.88252004 ], [ -100.98406981, 39.88173968 ], [ -100.95136772, 39.87647283 ], [ -100.91866562, 39.86634414 ], [ -100.91241464, 39.86385398 ], [ -100.88596352, 39.84975967 ], [ -100.85704954, 39.83115188 ], [ -100.85326142, 39.82614836 ], [ -100.83419256, 39.7984498 ], [ -100.82465031, 39.76574769 ], [ -100.82780833, 39.73304561 ], [ -100.84687667, 39.7003435 ], [ -100.85326142, 39.69353331 ], [ -100.87964515, 39.66764142 ], [ -100.88596352, 39.66250774 ], [ -100.91866562, 39.63697692 ], [ -100.92115578, 39.63493932 ], [ -100.95136772, 39.61354011 ], [ -100.96576378, 39.60223721 ], [ -100.98406981, 39.58930965 ], [ -101.0101594, 39.56953513 ], [ -101.01677191, 39.5648154 ], [ -101.04947399, 39.53745849 ], [ -101.05003151, 39.53683302 ], [ -101.07832718, 39.50413094 ], [ -101.08217609, 39.49949973 ], [ -101.09751365, 39.47142883 ], [ -101.1126856, 39.43872675 ], [ -101.11487819, 39.43451223 ], [ -101.13004676, 39.40602465 ], [ -101.13972719, 39.37332256 ], [ -101.13657864, 39.34062046 ], [ -101.134162, 39.30791835 ], [ -101.13239541, 39.27521627 ], [ -101.13045586, 39.24251417 ], [ -101.12776374, 39.20981208 ], [ -101.12384525, 39.17710998 ], [ -101.1179418, 39.14440789 ], [ -101.11487819, 39.13004517 ], [ -101.10625692, 39.11170579 ], [ -101.08665835, 39.07900371 ], [ -101.08217609, 39.06988029 ], [ -101.04947399, 39.04915146 ], [ -101.01677191, 39.05177097 ], [ -100.98406981, 39.05927468 ], [ -100.95136772, 39.06928484 ], [ -100.9302997, 39.07900371 ], [ -100.91866562, 39.0836075 ], [ -100.88596352, 39.09519335 ], [ -100.85326142, 39.09523515 ], [ -100.82055933, 39.08682804 ], [ -100.80310827, 39.07900371 ], [ -100.78785723, 39.06961958 ], [ -100.75586679, 39.0463016 ], [ -100.75515515, 39.04559651 ], [ -100.72513259, 39.0135995 ], [ -100.72245305, 39.00956561 ], [ -100.70383681, 38.98089741 ], [ -100.69061962, 38.94819531 ], [ -100.68975096, 38.93629525 ], [ -100.68826927, 38.91549323 ], [ -100.68975096, 38.91076912 ], [ -100.70039744, 38.88279112 ], [ -100.72245305, 38.85769033 ], [ -100.73112449, 38.85008904 ], [ -100.75515515, 38.83690962 ], [ -100.78785723, 38.82707449 ], [ -100.82055933, 38.82778682 ], [ -100.85326142, 38.83468016 ], [ -100.88596352, 38.84390761 ], [ -100.90346171, 38.85008904 ], [ -100.91866562, 38.85670523 ], [ -100.95136772, 38.86727416 ], [ -100.98406981, 38.87029683 ], [ -101.01677191, 38.86380337 ], [ -101.0463522, 38.85008904 ], [ -101.04947399, 38.84860884 ], [ -101.08217609, 38.82860536 ], [ -101.09897847, 38.81738693 ], [ -101.11487819, 38.8068507 ], [ -101.14758028, 38.79129252 ], [ -101.18028238, 38.78678056 ], [ -101.21298448, 38.79422615 ], [ -101.24568658, 38.81027352 ], [ -101.25878833, 38.81738693 ], [ -101.27838867, 38.82783897 ], [ -101.31109075, 38.84123132 ], [ -101.34379285, 38.84970928 ], [ -101.34617844, 38.85008904 ], [ -101.37649495, 38.85527444 ], [ -101.40919704, 38.85781992 ], [ -101.44189914, 38.85829096 ], [ -101.47460124, 38.85673244 ], [ -101.50730334, 38.85293803 ], [ -101.52350946, 38.85008904 ], [ -101.54000543, 38.84733981 ], [ -101.57270751, 38.8403651 ], [ -101.60540961, 38.83233093 ], [ -101.63811171, 38.82358031 ], [ -101.66009919, 38.81738693 ], [ -101.6708138, 38.81446696 ], [ -101.7035159, 38.80523831 ], [ -101.736218, 38.79603663 ], [ -101.7689201, 38.78689333 ], [ -101.77687648, 38.78468485 ], [ -101.80162219, 38.77766308 ], [ -101.83432427, 38.7686613 ], [ -101.86702637, 38.76016653 ], [ -101.89972847, 38.75221292 ], [ -101.90075427, 38.75198275 ], [ -101.93243057, 38.7447179 ], [ -101.96513266, 38.73800261 ], [ -101.99783476, 38.73207167 ], [ -102.03053686, 38.72683656 ], [ -102.06323896, 38.72212656 ], [ -102.08431285, 38.71928066 ], [ -102.09594103, 38.71772771 ], [ -102.12864313, 38.71345984 ], [ -102.16134523, 38.70904963 ], [ -102.19404733, 38.70418662 ], [ -102.22674942, 38.69845109 ], [ -102.25945152, 38.69126152 ], [ -102.27476915, 38.68657856 ], [ -102.29215362, 38.68176788 ], [ -102.32485572, 38.6692295 ], [ -102.35755779, 38.66006926 ], [ -102.39025989, 38.66359524 ], [ -102.42296199, 38.67575407 ], [ -102.44521635, 38.68657856 ], [ -102.45566409, 38.69187017 ], [ -102.48836619, 38.70993671 ], [ -102.50399265, 38.71928066 ], [ -102.52106828, 38.73050734 ], [ -102.55299139, 38.75198275 ], [ -102.55377038, 38.75255775 ], [ -102.58647248, 38.77634618 ], [ -102.59800107, 38.78468485 ], [ -102.61917456, 38.80096334 ], [ -102.64135569, 38.81738693 ], [ -102.65187665, 38.82582625 ], [ -102.68371606, 38.85008904 ], [ -102.68457875, 38.85080829 ], [ -102.71728085, 38.87679941 ], [ -102.72521184, 38.88279112 ], [ -102.74998295, 38.90301167 ], [ -102.76634241, 38.91549323 ], [ -102.78268504, 38.92903899 ], [ -102.80772532, 38.94819531 ], [ -102.81538714, 38.9545586 ], [ -102.84808924, 38.97940021 ], [ -102.85017289, 38.98089741 ], [ -102.88079132, 39.00422897 ], [ -102.89409515, 39.0135995 ], [ -102.91349341, 39.02790991 ], [ -102.94029532, 39.0463016 ], [ -102.94619551, 39.05048402 ], [ -102.97889761, 39.07293945 ], [ -102.98784312, 39.07900371 ], [ -103.01159971, 39.09549788 ], [ -103.03467584, 39.11170579 ], [ -103.0443018, 39.11867954 ], [ -103.0770039, 39.14412683 ], [ -103.07731596, 39.14440789 ], [ -103.10857432, 39.17710998 ], [ -103.109706, 39.17865154 ], [ -103.12755026, 39.20981208 ], [ -103.13261976, 39.24251417 ] ], [ [ -101.7155496, 40.15817284 ], [ -101.71192345, 40.19087492 ], [ -101.7035159, 40.21447788 ], [ -101.69977874, 40.22357703 ], [ -101.6708138, 40.24477422 ], [ -101.63811171, 40.24735917 ], [ -101.60540961, 40.24087486 ], [ -101.57270751, 40.23111311 ], [ -101.55581403, 40.22357703 ], [ -101.54000543, 40.21379135 ], [ -101.50730334, 40.19314789 ], [ -101.50402116, 40.19087492 ], [ -101.47571256, 40.15817284 ], [ -101.49137362, 40.12547074 ], [ -101.50730334, 40.10944138 ], [ -101.53776816, 40.09276865 ], [ -101.54000543, 40.09175556 ], [ -101.57270751, 40.07909603 ], [ -101.60540961, 40.07374424 ], [ -101.63811171, 40.07614788 ], [ -101.6708138, 40.0866661 ], [ -101.68154929, 40.09276865 ], [ -101.7035159, 40.11684892 ], [ -101.70884629, 40.12547074 ], [ -101.7155496, 40.15817284 ] ], [ [ -102.78445429, 39.30791835 ], [ -102.78268504, 39.31010548 ], [ -102.75836273, 39.34062046 ], [ -102.74998295, 39.35168177 ], [ -102.72813023, 39.37332256 ], [ -102.71728085, 39.38958673 ], [ -102.70243646, 39.40602465 ], [ -102.68457875, 39.43247171 ], [ -102.67865103, 39.43872675 ], [ -102.65187665, 39.47061798 ], [ -102.65084956, 39.47142883 ], [ -102.61917456, 39.49878462 ], [ -102.60873504, 39.50413094 ], [ -102.58647248, 39.51697224 ], [ -102.55377038, 39.52979621 ], [ -102.52919552, 39.53683302 ], [ -102.52106828, 39.53977814 ], [ -102.48836619, 39.54970857 ], [ -102.45566409, 39.5567321 ], [ -102.42296199, 39.56246319 ], [ -102.39025989, 39.56801922 ], [ -102.3838913, 39.56953513 ], [ -102.35755779, 39.57814461 ], [ -102.32485572, 39.5815779 ], [ -102.3069359, 39.56953513 ], [ -102.29215362, 39.55034573 ], [ -102.28714939, 39.53683302 ], [ -102.27662592, 39.50413094 ], [ -102.26914151, 39.47142883 ], [ -102.26532983, 39.43872675 ], [ -102.26450019, 39.40602465 ], [ -102.2663863, 39.37332256 ], [ -102.27091721, 39.34062046 ], [ -102.27810166, 39.30791835 ], [ -102.28803785, 39.27521627 ], [ -102.29215362, 39.26464275 ], [ -102.30080011, 39.24251417 ], [ -102.31626381, 39.20981208 ], [ -102.32485572, 39.19432166 ], [ -102.33492414, 39.17710998 ], [ -102.3568133, 39.14440789 ], [ -102.35755779, 39.14340021 ], [ -102.38397662, 39.11170579 ], [ -102.39025989, 39.10465315 ], [ -102.4222436, 39.07900371 ], [ -102.42296199, 39.07845768 ], [ -102.45566409, 39.06722135 ], [ -102.48836619, 39.06728606 ], [ -102.52106828, 39.07542245 ], [ -102.52975177, 39.07900371 ], [ -102.55377038, 39.08805793 ], [ -102.58647248, 39.10471315 ], [ -102.59775377, 39.11170579 ], [ -102.61917456, 39.12509575 ], [ -102.64683009, 39.14440789 ], [ -102.65187665, 39.14806373 ], [ -102.68457875, 39.17387287 ], [ -102.68835201, 39.17710998 ], [ -102.71728085, 39.20361205 ], [ -102.72336432, 39.20981208 ], [ -102.74998295, 39.23703954 ], [ -102.75485268, 39.24251417 ], [ -102.78268504, 39.27445093 ], [ -102.78332939, 39.27521627 ], [ -102.78445429, 39.30791835 ] ], [ [ -102.33354319, 38.91549323 ], [ -102.32485572, 38.93158104 ], [ -102.31917714, 38.94819531 ], [ -102.3016122, 38.98089741 ], [ -102.29215362, 38.9986814 ], [ -102.2853269, 39.0135995 ], [ -102.26873388, 39.0463016 ], [ -102.25945152, 39.0651563 ], [ -102.25297899, 39.07900371 ], [ -102.23746564, 39.11170579 ], [ -102.22674942, 39.13867521 ], [ -102.22438544, 39.14440789 ], [ -102.21008081, 39.17710998 ], [ -102.19763396, 39.20981208 ], [ -102.19404733, 39.21861687 ], [ -102.18318738, 39.24251417 ], [ -102.16997329, 39.27521627 ], [ -102.16134523, 39.30142121 ], [ -102.15878051, 39.30791835 ], [ -102.14860475, 39.34062046 ], [ -102.14115675, 39.37332256 ], [ -102.13544023, 39.40602465 ], [ -102.12986641, 39.43872675 ], [ -102.12864313, 39.44311365 ], [ -102.11615193, 39.47142883 ], [ -102.09594103, 39.4949279 ], [ -102.08370558, 39.50413094 ], [ -102.06323896, 39.51611582 ], [ -102.03053686, 39.53060029 ], [ -102.01306565, 39.53683302 ], [ -101.99783476, 39.54167274 ], [ -101.96513266, 39.54966524 ], [ -101.93243057, 39.55487989 ], [ -101.89972847, 39.55643229 ], [ -101.86702637, 39.55408845 ], [ -101.83432427, 39.54898117 ], [ -101.80162219, 39.5423659 ], [ -101.77679835, 39.53683302 ], [ -101.7689201, 39.53486915 ], [ -101.736218, 39.525561 ], [ -101.7035159, 39.51583152 ], [ -101.6708138, 39.50630028 ], [ -101.66287604, 39.50413094 ], [ -101.63811171, 39.49618146 ], [ -101.60540961, 39.48728934 ], [ -101.57270751, 39.48030881 ], [ -101.54000543, 39.47525077 ], [ -101.50730334, 39.47248576 ], [ -101.47460124, 39.4723314 ], [ -101.44189914, 39.4750389 ], [ -101.40919704, 39.48097634 ], [ -101.37649495, 39.49056735 ], [ -101.34379285, 39.50332534 ], [ -101.34183015, 39.50413094 ], [ -101.31109075, 39.51391761 ], [ -101.27838867, 39.52928937 ], [ -101.26648422, 39.53683302 ], [ -101.24568658, 39.5510444 ], [ -101.22197381, 39.56953513 ], [ -101.21298448, 39.57728373 ], [ -101.18028238, 39.60072694 ], [ -101.17174325, 39.60223721 ], [ -101.14758028, 39.6099735 ], [ -101.14429625, 39.60223721 ], [ -101.14710894, 39.56953513 ], [ -101.14758028, 39.56757166 ], [ -101.15718429, 39.53683302 ], [ -101.16388522, 39.50413094 ], [ -101.16876864, 39.47142883 ], [ -101.17334128, 39.43872675 ], [ -101.18028238, 39.41526292 ], [ -101.18415857, 39.40602465 ], [ -101.19010028, 39.37332256 ], [ -101.18808537, 39.34062046 ], [ -101.19185633, 39.30791835 ], [ -101.20399649, 39.27521627 ], [ -101.21298448, 39.25964032 ], [ -101.24568658, 39.2443511 ], [ -101.25770364, 39.24251417 ], [ -101.27838867, 39.23985236 ], [ -101.31109075, 39.23989516 ], [ -101.34379285, 39.2415032 ], [ -101.36677413, 39.24251417 ], [ -101.37649495, 39.24304258 ], [ -101.38697784, 39.24251417 ], [ -101.40919704, 39.24138512 ], [ -101.44189914, 39.23140658 ], [ -101.47343145, 39.20981208 ], [ -101.47460124, 39.20897389 ], [ -101.50730334, 39.18248831 ], [ -101.51337634, 39.17710998 ], [ -101.54000543, 39.1555194 ], [ -101.55356821, 39.14440789 ], [ -101.57270751, 39.13042816 ], [ -101.59855304, 39.11170579 ], [ -101.60540961, 39.10734901 ], [ -101.63811171, 39.0870873 ], [ -101.65149451, 39.07900371 ], [ -101.6708138, 39.06881167 ], [ -101.7035159, 39.05199982 ], [ -101.71492566, 39.0463016 ], [ -101.736218, 39.0368485 ], [ -101.7689201, 39.02268703 ], [ -101.79053529, 39.0135995 ], [ -101.80162219, 39.00934886 ], [ -101.83432427, 38.9975055 ], [ -101.86702637, 38.98631828 ], [ -101.88432894, 38.98089741 ], [ -101.89972847, 38.97655797 ], [ -101.93243057, 38.96841251 ], [ -101.96513266, 38.96130776 ], [ -101.99783476, 38.95520296 ], [ -102.03053686, 38.9499676 ], [ -102.04339566, 38.94819531 ], [ -102.06323896, 38.94568714 ], [ -102.09594103, 38.94186866 ], [ -102.12864313, 38.93799546 ], [ -102.16134523, 38.93390466 ], [ -102.19404733, 38.92937258 ], [ -102.22674942, 38.92414564 ], [ -102.25945152, 38.91733422 ], [ -102.26839373, 38.91549323 ], [ -102.29215362, 38.91080841 ], [ -102.32485572, 38.9062501 ], [ -102.33354319, 38.91549323 ] ], [ [ -102.39641019, 38.85008904 ], [ -102.39025989, 38.85289626 ], [ -102.38779217, 38.85008904 ], [ -102.39025989, 38.84796027 ], [ -102.39641019, 38.85008904 ] ] ] } },
{ "type": "Feature", "properties": { "Lower": 2500.0 }, "geometry": { "type": "Polygon", "coordinates": [ [ [ -99.24305704, 33.7158601 ], [ -99.24026823, 33.74856218 ], [ -99.23508191, 33.78126429 ], [ -99.22841996, 33.81396637 ], [ -99.22086421, 33.84666848 ], [ -99.21815666, 33.8571969 ], [ -99.21266298, 33.87937058 ], [ -99.20232649, 33.91207266 ], [ -99.18907699, 33.94477477 ], [ -99.18545457, 33.95230759 ], [ -99.17422764, 33.97747685 ], [ -99.15797434, 34.01017896 ], [ -99.15275249, 34.02009216 ], [ -99.14154253, 34.04288104 ], [ -99.12368402, 34.07558314 ], [ -99.12005039, 34.08174963 ], [ -99.105147, 34.10828523 ], [ -99.08734829, 34.1367917 ], [ -99.08482858, 34.14098733 ], [ -99.06374787, 34.17368942 ], [ -99.05464619, 34.18622514 ], [ -99.04039562, 34.20639152 ], [ -99.0219441, 34.22954393 ], [ -99.01436076, 34.23909363 ], [ -98.989242, 34.2670501 ], [ -98.98490319, 34.27179571 ], [ -98.9565399, 34.29875679 ], [ -98.95011928, 34.30449781 ], [ -98.9238378, 34.32674262 ], [ -98.91049559, 34.3371999 ], [ -98.89113573, 34.35378399 ], [ -98.87199833, 34.369902 ], [ -98.85843363, 34.39033639 ], [ -98.85111631, 34.40260408 ], [ -98.85517607, 34.43530619 ], [ -98.85843363, 34.44641612 ], [ -98.8659336, 34.46800827 ], [ -98.86957633, 34.50071038 ], [ -98.86572687, 34.53341248 ], [ -98.85843363, 34.55958392 ], [ -98.85660056, 34.56611457 ], [ -98.84212342, 34.59881667 ], [ -98.82573153, 34.62750886 ], [ -98.82324436, 34.63151875 ], [ -98.79959835, 34.66422086 ], [ -98.79302943, 34.67262579 ], [ -98.7682707, 34.69692294 ], [ -98.76032734, 34.70472809 ], [ -98.72762524, 34.72772887 ], [ -98.72363832, 34.72962505 ], [ -98.69492314, 34.74491271 ], [ -98.66222104, 34.75793527 ], [ -98.64766976, 34.76232713 ], [ -98.62951897, 34.76875584 ], [ -98.59681687, 34.77828786 ], [ -98.56411477, 34.78795725 ], [ -98.54532583, 34.79502923 ], [ -98.53141267, 34.80211131 ], [ -98.50449527, 34.82773134 ], [ -98.49871058, 34.83777426 ], [ -98.49172056, 34.86043342 ], [ -98.48779184, 34.89313553 ], [ -98.48772195, 34.92583761 ], [ -98.48990356, 34.95853971 ], [ -98.49355094, 34.9912418 ], [ -98.49856722, 35.0239439 ], [ -98.49871058, 35.02455335 ], [ -98.50542894, 35.05664599 ], [ -98.50993482, 35.08934809 ], [ -98.49871058, 35.10547155 ], [ -98.49262654, 35.12205019 ], [ -98.48303214, 35.15475228 ], [ -98.46600848, 35.17749875 ], [ -98.46100946, 35.18745438 ], [ -98.448124, 35.22015647 ], [ -98.43330638, 35.23821735 ], [ -98.42117979, 35.25285857 ], [ -98.40060428, 35.28049524 ], [ -98.39373707, 35.28556065 ], [ -98.3679022, 35.31106311 ], [ -98.34857727, 35.31826276 ], [ -98.33520011, 35.32448209 ], [ -98.30249801, 35.32507537 ], [ -98.26979591, 35.32538568 ], [ -98.23709381, 35.32739924 ], [ -98.20439172, 35.3316258 ], [ -98.17168962, 35.3387219 ], [ -98.13898752, 35.34948153 ], [ -98.1351708, 35.35096484 ], [ -98.10628544, 35.36728298 ], [ -98.08181257, 35.38366695 ], [ -98.07358335, 35.39204354 ], [ -98.04807994, 35.41636905 ], [ -98.04088125, 35.42716772 ], [ -98.02134267, 35.44907114 ], [ -98.00817915, 35.47362923 ], [ -97.99651174, 35.48177324 ], [ -97.97860271, 35.51447532 ], [ -97.97547705, 35.52437228 ], [ -97.96180265, 35.51447532 ], [ -97.94277496, 35.50635309 ], [ -97.91597293, 35.48177324 ], [ -97.91007286, 35.47705429 ], [ -97.88806574, 35.44907114 ], [ -97.87737076, 35.43670929 ], [ -97.86494041, 35.41636905 ], [ -97.84742812, 35.38366695 ], [ -97.84466868, 35.3793947 ], [ -97.83029154, 35.35096484 ], [ -97.81616654, 35.31826276 ], [ -97.81196658, 35.30873274 ], [ -97.80377387, 35.28556065 ], [ -97.79203987, 35.25285857 ], [ -97.78102307, 35.22015647 ], [ -97.77926449, 35.21532077 ], [ -97.76978887, 35.18745438 ], [ -97.75858574, 35.15475228 ], [ -97.74784914, 35.12205019 ], [ -97.74656239, 35.11861669 ], [ -97.73530577, 35.08934809 ], [ -97.72264838, 35.05664599 ], [ -97.71386029, 35.03490846 ], [ -97.70918016, 35.0239439 ], [ -97.69369637, 34.9912418 ], [ -97.68115819, 34.96515559 ], [ -97.67777559, 34.95853971 ], [ -97.66511721, 34.92583761 ], [ -97.66308161, 34.89313553 ], [ -97.67739483, 34.86043342 ], [ -97.68115819, 34.85678592 ], [ -97.71386029, 34.82838298 ], [ -97.71466656, 34.82773134 ], [ -97.74656239, 34.80889727 ], [ -97.77130595, 34.79502923 ], [ -97.77926449, 34.79077264 ], [ -97.81196658, 34.77341948 ], [ -97.83316962, 34.76232713 ], [ -97.84466868, 34.75604789 ], [ -97.87737076, 34.73972127 ], [ -97.89913158, 34.72962505 ], [ -97.91007286, 34.72371462 ], [ -97.94277496, 34.70992391 ], [ -97.97547705, 34.697687 ], [ -97.97766068, 34.69692294 ], [ -98.00817915, 34.68483982 ], [ -98.04088125, 34.6739143 ], [ -98.07173099, 34.66422086 ], [ -98.07358335, 34.66353472 ], [ -98.10628544, 34.65364012 ], [ -98.13898752, 34.64517136 ], [ -98.17168962, 34.63799951 ], [ -98.20439172, 34.63260493 ], [ -98.21623214, 34.63151875 ], [ -98.23709381, 34.62918024 ], [ -98.26979591, 34.6288916 ], [ -98.29297329, 34.63151875 ], [ -98.30249801, 34.63263782 ], [ -98.33520011, 34.64103259 ], [ -98.3679022, 34.65068469 ], [ -98.40060428, 34.64603626 ], [ -98.4144601, 34.63151875 ], [ -98.43330638, 34.60479921 ], [ -98.43529265, 34.59881667 ], [ -98.44551756, 34.56611457 ], [ -98.45481787, 34.53341248 ], [ -98.46347336, 34.50071038 ], [ -98.46600848, 34.49005897 ], [ -98.46943747, 34.46800827 ], [ -98.47283674, 34.43530619 ], [ -98.47152955, 34.40260408 ], [ -98.46600848, 34.39102726 ], [ -98.45340388, 34.369902 ], [ -98.43330638, 34.35996912 ], [ -98.40060428, 34.35985605 ], [ -98.3679022, 34.36970467 ], [ -98.36730097, 34.369902 ], [ -98.33520011, 34.38620733 ], [ -98.30249801, 34.39826879 ], [ -98.28876252, 34.40260408 ], [ -98.26979591, 34.41128013 ], [ -98.23709381, 34.42238366 ], [ -98.20439172, 34.43111919 ], [ -98.18503707, 34.43530619 ], [ -98.17168962, 34.43931362 ], [ -98.13898752, 34.44652803 ], [ -98.10628544, 34.45167231 ], [ -98.07358335, 34.4550555 ], [ -98.04088125, 34.45683486 ], [ -98.00817915, 34.45700451 ], [ -97.97547705, 34.45559637 ], [ -97.94277496, 34.45258921 ], [ -97.91007286, 34.44799385 ], [ -97.87737076, 34.44176672 ], [ -97.85061627, 34.43530619 ], [ -97.84466868, 34.43400878 ], [ -97.81196658, 34.42581821 ], [ -97.77926449, 34.41610909 ], [ -97.74656239, 34.40473833 ], [ -97.74086409, 34.40260408 ], [ -97.71386029, 34.39317594 ], [ -97.68115819, 34.38037731 ], [ -97.65692411, 34.369902 ], [ -97.6484561, 34.36644446 ], [ -97.615754, 34.35235263 ], [ -97.58517061, 34.3371999 ], [ -97.58305192, 34.33621648 ], [ -97.55034982, 34.32147088 ], [ -97.51764773, 34.30523386 ], [ -97.51626927, 34.30449781 ], [ -97.48494563, 34.28830196 ], [ -97.45464402, 34.27179571 ], [ -97.45224353, 34.27054764 ], [ -97.41954143, 34.25328451 ], [ -97.39455399, 34.23909363 ], [ -97.38683934, 34.23491851 ], [ -97.35413724, 34.21682112 ], [ -97.33624698, 34.20639152 ], [ -97.32143516, 34.19815919 ], [ -97.28873306, 34.17922814 ], [ -97.279454, 34.17368942 ], [ -97.25603097, 34.16038191 ], [ -97.22434872, 34.14098733 ], [ -97.22332887, 34.14039055 ], [ -97.19062677, 34.12096012 ], [ -97.17063444, 34.10828523 ], [ -97.15792467, 34.1005639 ], [ -97.12522257, 34.07981156 ], [ -97.11876248, 34.07558314 ], [ -97.09252048, 34.05915354 ], [ -97.0598184, 34.06740512 ], [ -97.0598184, 34.06735973 ], [ -97.0843007, 34.04288104 ], [ -97.08430332, 34.01017896 ], [ -97.09252048, 34.00196177 ], [ -97.11701001, 33.97747685 ], [ -97.12522257, 33.96926428 ], [ -97.14971673, 33.94477477 ], [ -97.14971952, 33.91207266 ], [ -97.15792467, 33.90386752 ], [ -97.18242607, 33.87937058 ], [ -97.19062677, 33.87116988 ], [ -97.21513237, 33.84666848 ], [ -97.21513483, 33.81396637 ], [ -97.22332887, 33.80577234 ], [ -97.24784063, 33.78126429 ], [ -97.25603097, 33.77307396 ], [ -97.28054609, 33.74856218 ], [ -97.28873306, 33.74037522 ], [ -97.31325119, 33.7158601 ], [ -97.31325287, 33.683158 ], [ -97.32143516, 33.6749757 ], [ -97.34595739, 33.65045591 ], [ -97.35413724, 33.64227606 ], [ -97.3786616, 33.61775381 ], [ -97.37866273, 33.58505172 ], [ -97.38683934, 33.57687509 ], [ -97.41954143, 33.56911229 ], [ -97.44438275, 33.58505172 ], [ -97.45224353, 33.58993906 ], [ -97.48494563, 33.61159368 ], [ -97.49354993, 33.61775381 ], [ -97.51764773, 33.63453015 ], [ -97.53884323, 33.65045591 ], [ -97.55034982, 33.65886945 ], [ -97.57929998, 33.683158 ], [ -97.58305192, 33.68605547 ], [ -97.615754, 33.7110291 ], [ -97.62134293, 33.7158601 ], [ -97.6484561, 33.73852917 ], [ -97.65972045, 33.74856218 ], [ -97.68115819, 33.76695236 ], [ -97.69687626, 33.78126429 ], [ -97.71386029, 33.79617891 ], [ -97.73290411, 33.81396637 ], [ -97.74656239, 33.82616651 ], [ -97.76822169, 33.84666848 ], [ -97.77926449, 33.85687375 ], [ -97.80241863, 33.87937058 ], [ -97.81196658, 33.88839046 ], [ -97.83587034, 33.91207266 ], [ -97.84466868, 33.92047947 ], [ -97.86896395, 33.94477477 ], [ -97.87737076, 33.95282417 ], [ -97.90212824, 33.97747685 ], [ -97.91007286, 33.98497326 ], [ -97.93590242, 34.01017896 ], [ -97.94277496, 34.01643134 ], [ -97.97103009, 34.04288104 ], [ -97.97547705, 34.04671246 ], [ -98.00695483, 34.07558314 ], [ -98.00817915, 34.07656635 ], [ -98.04088125, 34.1020909 ], [ -98.04839756, 34.10828523 ], [ -98.07358335, 34.12623454 ], [ -98.09396169, 34.14098733 ], [ -98.10628544, 34.14845712 ], [ -98.13898752, 34.16823996 ], [ -98.14803322, 34.17368942 ], [ -98.17168962, 34.18478585 ], [ -98.20439172, 34.19974505 ], [ -98.21914036, 34.20639152 ], [ -98.23709381, 34.21200483 ], [ -98.26979591, 34.22160901 ], [ -98.30249801, 34.23057057 ], [ -98.3334194, 34.23909363 ], [ -98.33520011, 34.23935337 ], [ -98.3679022, 34.24399889 ], [ -98.40060428, 34.24897478 ], [ -98.43330638, 34.25347517 ], [ -98.46600848, 34.25795743 ], [ -98.49871058, 34.26933192 ], [ -98.50156254, 34.27179571 ], [ -98.53141267, 34.30089423 ], [ -98.53560652, 34.30449781 ], [ -98.56411477, 34.32578726 ], [ -98.58768897, 34.3371999 ], [ -98.59681687, 34.3422224 ], [ -98.62951897, 34.34806635 ], [ -98.66222104, 34.34447333 ], [ -98.67790795, 34.3371999 ], [ -98.69492314, 34.32915005 ], [ -98.72762524, 34.30915005 ], [ -98.73464734, 34.30449781 ], [ -98.76032734, 34.28635442 ], [ -98.78000011, 34.27179571 ], [ -98.79302943, 34.25856291 ], [ -98.81159642, 34.23909363 ], [ -98.82573153, 34.22121372 ], [ -98.83721179, 34.20639152 ], [ -98.85843363, 34.17728494 ], [ -98.86097478, 34.17368942 ], [ -98.88255989, 34.14098733 ], [ -98.89113573, 34.12721825 ], [ -98.90247659, 34.10828523 ], [ -98.92029466, 34.07558314 ], [ -98.9238378, 34.06827878 ], [ -98.93537208, 34.04288104 ], [ -98.94938375, 34.01017896 ], [ -98.9565399, 33.98775157 ], [ -98.95972341, 33.97747685 ], [ -98.96425996, 33.94477477 ], [ -98.96442294, 33.91207266 ], [ -98.96043516, 33.87937058 ], [ -98.9565399, 33.862444 ], [ -98.95204819, 33.84666848 ], [ -98.93949506, 33.81396637 ], [ -98.92443322, 33.78126429 ], [ -98.9238378, 33.78019345 ], [ -98.90361364, 33.74856218 ], [ -98.89113573, 33.7302509 ], [ -98.8803258, 33.7158601 ], [ -98.85843363, 33.68865396 ], [ -98.8536677, 33.683158 ], [ -98.82573153, 33.65245101 ], [ -98.82366221, 33.65045591 ], [ -98.79302943, 33.62282288 ], [ -98.78579862, 33.61775381 ], [ -98.76032734, 33.60068975 ], [ -98.73235703, 33.58505172 ], [ -98.72762524, 33.58247603 ], [ -98.69492314, 33.56713731 ], [ -98.66222104, 33.55336631 ], [ -98.65953534, 33.55234962 ], [ -98.62951897, 33.54115884 ], [ -98.59681687, 33.52973612 ], [ -98.56686562, 33.51964751 ], [ -98.56411477, 33.51873287 ], [ -98.53141267, 33.50861377 ], [ -98.49871058, 33.4985925 ], [ -98.46600848, 33.48867546 ], [ -98.46013355, 33.48694543 ], [ -98.43330638, 33.47915883 ], [ -98.40060428, 33.46967622 ], [ -98.3679022, 33.46001684 ], [ -98.34837167, 33.45424333 ], [ -98.33520011, 33.45042213 ], [ -98.30249801, 33.44092389 ], [ -98.26979591, 33.43120216 ], [ -98.24131251, 33.42154124 ], [ -98.23709381, 33.42017544 ], [ -98.20439172, 33.41138184 ], [ -98.17168962, 33.40124027 ], [ -98.13898752, 33.39063906 ], [ -98.1334138, 33.38883914 ], [ -98.10628544, 33.38027816 ], [ -98.07358335, 33.36968406 ], [ -98.04088125, 33.35839482 ], [ -98.0345167, 33.35613706 ], [ -98.00817915, 33.3469893 ], [ -97.97547705, 33.33479395 ], [ -97.94738996, 33.32343495 ], [ -97.94277496, 33.32160115 ], [ -97.91007286, 33.30824703 ], [ -97.87737076, 33.29386248 ], [ -97.87049197, 33.29073287 ], [ -97.84466868, 33.2792145 ], [ -97.81196658, 33.26356543 ], [ -97.80101318, 33.25803076 ], [ -97.77926449, 33.24726667 ], [ -97.74656239, 33.22974198 ], [ -97.73874108, 33.22532866 ], [ -97.71386029, 33.21167039 ], [ -97.68467404, 33.19262657 ], [ -97.68115819, 33.19048457 ], [ -97.67298174, 33.15992447 ], [ -97.68115819, 33.15174803 ], [ -97.7056821, 33.12722239 ], [ -97.71386029, 33.11904418 ], [ -97.73838221, 33.09452028 ], [ -97.74656239, 33.08634009 ], [ -97.77108214, 33.0618182 ], [ -97.77108073, 33.02911609 ], [ -97.77926449, 33.02093235 ], [ -97.80378045, 32.99641401 ], [ -97.81196658, 32.98822789 ], [ -97.83648005, 32.96371191 ], [ -97.83647845, 32.9310098 ], [ -97.84466868, 32.92281958 ], [ -97.86917785, 32.89830772 ], [ -97.87737076, 32.8901148 ], [ -97.90187718, 32.86560561 ], [ -97.90187542, 32.83290353 ], [ -97.91007286, 32.82470607 ], [ -97.93457457, 32.80020143 ], [ -97.94277496, 32.79200104 ], [ -97.96727364, 32.76749934 ], [ -97.97547705, 32.75929592 ], [ -97.99997263, 32.73479724 ], [ -97.9999707, 32.70209515 ], [ -98.00817915, 32.69388668 ], [ -98.03266956, 32.66939305 ], [ -98.04088125, 32.66118136 ], [ -98.06536834, 32.63669095 ], [ -98.06536631, 32.60398886 ], [ -98.07358335, 32.59577183 ], [ -98.09806497, 32.57128676 ], [ -98.10628544, 32.56306629 ], [ -98.13076357, 32.53858467 ], [ -98.13080896, 32.53858467 ], [ -98.11693647, 32.57128676 ], [ -98.13898752, 32.58581184 ], [ -98.16648151, 32.60398886 ], [ -98.17168962, 32.60744011 ], [ -98.20439172, 32.6292592 ], [ -98.21543409, 32.63669095 ], [ -98.23709381, 32.65126843 ], [ -98.26383881, 32.66939305 ], [ -98.26979591, 32.67342058 ], [ -98.30249801, 32.69574599 ], [ -98.31171959, 32.70209515 ], [ -98.33520011, 32.71814951 ], [ -98.35930202, 32.73479724 ], [ -98.3679022, 32.74068281 ], [ -98.40060428, 32.76327091 ], [ -98.40664484, 32.76749934 ], [ -98.43330638, 32.78595212 ], [ -98.45369552, 32.80020143 ], [ -98.46600848, 32.80874925 ], [ -98.49871058, 32.83197329 ], [ -98.49999141, 32.83290353 ], [ -98.53141267, 32.85542509 ], [ -98.54523815, 32.86560561 ], [ -98.56411477, 32.87932657 ], [ -98.58962425, 32.89830772 ], [ -98.59681687, 32.90358018 ], [ -98.62951897, 32.92834852 ], [ -98.63290219, 32.9310098 ], [ -98.66222104, 32.95360017 ], [ -98.67484159, 32.96371191 ], [ -98.69492314, 32.97944663 ], [ -98.71557284, 32.99641401 ], [ -98.72762524, 33.00606581 ], [ -98.754882, 33.02911609 ], [ -98.76032734, 33.03360707 ], [ -98.79190301, 33.0618182 ], [ -98.79302943, 33.06278049 ], [ -98.82573153, 33.09229863 ], [ -98.82808766, 33.09452028 ], [ -98.85843363, 33.12266699 ], [ -98.86326938, 33.12722239 ], [ -98.89113573, 33.1529599 ], [ -98.8985621, 33.15992447 ], [ -98.9238378, 33.1831346 ], [ -98.93403916, 33.19262657 ], [ -98.9565399, 33.21299506 ], [ -98.96998854, 33.22532866 ], [ -98.989242, 33.24252037 ], [ -99.00626681, 33.25803076 ], [ -99.0219441, 33.27257729 ], [ -99.04069776, 33.29073287 ], [ -99.05464619, 33.30468129 ], [ -99.07250246, 33.32343495 ], [ -99.08734829, 33.33970366 ], [ -99.1015034, 33.35613706 ], [ -99.12005039, 33.378904 ], [ -99.12759203, 33.38883914 ], [ -99.15077294, 33.42154124 ], [ -99.15275249, 33.42452111 ], [ -99.17084537, 33.45424333 ], [ -99.18545457, 33.4807647 ], [ -99.18854502, 33.48694543 ], [ -99.20363446, 33.51964751 ], [ -99.21685179, 33.55234962 ], [ -99.21815666, 33.55611835 ], [ -99.22706361, 33.58505172 ], [ -99.23483107, 33.61775381 ], [ -99.24017007, 33.65045591 ], [ -99.24296413, 33.683158 ], [ -99.24305704, 33.7158601 ] ] ] } },
{ "type": "Feature", "properties": { "Lower": 2500.0 }, "geometry": { "type": "Polygon", "coordinates": [ [ [ -102.01265986, 34.89313553 ], [ -102.00941634, 34.92583761 ], [ -102.00043562, 34.95853971 ], [ -101.99783476, 34.96480774 ], [ -101.98556099, 34.9912418 ], [ -101.96927911, 35.0239439 ], [ -101.96513266, 35.03153991 ], [ -101.94934868, 35.05664599 ], [ -101.93243057, 35.08568054 ], [ -101.92982805, 35.08934809 ], [ -101.90668111, 35.12205019 ], [ -101.89972847, 35.13285358 ], [ -101.88148008, 35.15475228 ], [ -101.86702637, 35.17543852 ], [ -101.8545527, 35.18745438 ], [ -101.83432427, 35.20676222 ], [ -101.80162219, 35.2153396 ], [ -101.7689201, 35.21415778 ], [ -101.736218, 35.21029846 ], [ -101.7035159, 35.2059192 ], [ -101.6708138, 35.20173681 ], [ -101.63811171, 35.19828678 ], [ -101.60540961, 35.19635168 ], [ -101.57270751, 35.19617636 ], [ -101.54000543, 35.19784716 ], [ -101.50730334, 35.20132479 ], [ -101.47460124, 35.20657629 ], [ -101.44189914, 35.21362857 ], [ -101.41763436, 35.22015647 ], [ -101.40919704, 35.22224292 ], [ -101.37649495, 35.23198897 ], [ -101.34379285, 35.24348152 ], [ -101.32059661, 35.25285857 ], [ -101.31109075, 35.2565051 ], [ -101.27838867, 35.27058328 ], [ -101.24779906, 35.28556065 ], [ -101.24568658, 35.28658993 ], [ -101.21298448, 35.30407774 ], [ -101.1891111, 35.31826276 ], [ -101.18028238, 35.32356232 ], [ -101.14758028, 35.34474141 ], [ -101.13856291, 35.35096484 ], [ -101.11487819, 35.36792006 ], [ -101.09423353, 35.38366695 ], [ -101.08217609, 35.3933302 ], [ -101.05467341, 35.41636905 ], [ -101.04947399, 35.42097135 ], [ -101.01873807, 35.44907114 ], [ -101.01677191, 35.45098288 ], [ -100.98572901, 35.48177324 ], [ -100.98406981, 35.48351838 ], [ -100.95506587, 35.51447532 ], [ -100.95136772, 35.51866885 ], [ -100.92642841, 35.54717743 ], [ -100.91866562, 35.55660482 ], [ -100.89950054, 35.57987951 ], [ -100.88596352, 35.59737621 ], [ -100.87416158, 35.61258162 ], [ -100.85326142, 35.64116987 ], [ -100.85022952, 35.6452837 ], [ -100.82740631, 35.6779858 ], [ -100.82055933, 35.68840467 ], [ -100.80570332, 35.71068791 ], [ -100.78785723, 35.73917774 ], [ -100.78517106, 35.74338999 ], [ -100.76575304, 35.7760921 ], [ -100.75515515, 35.79562611 ], [ -100.7478466, 35.80879418 ], [ -100.7310866, 35.84149628 ], [ -100.72245305, 35.85980209 ], [ -100.71544752, 35.87419837 ], [ -100.70073704, 35.90690047 ], [ -100.68975096, 35.93352319 ], [ -100.68714239, 35.93960256 ], [ -100.67418585, 35.97230466 ], [ -100.66227546, 36.00500676 ], [ -100.65704886, 36.02057882 ], [ -100.65100476, 36.03770885 ], [ -100.64048005, 36.07041095 ], [ -100.63084379, 36.10311304 ], [ -100.62434676, 36.12732877 ], [ -100.62192935, 36.13581514 ], [ -100.61350532, 36.16851722 ], [ -100.60594486, 36.20121933 ], [ -100.59907568, 36.23392141 ], [ -100.59294276, 36.26662352 ], [ -100.59164466, 36.27453531 ], [ -100.58725603, 36.29932562 ], [ -100.58229216, 36.3320277 ], [ -100.57795175, 36.36472981 ], [ -100.57414503, 36.39743189 ], [ -100.57096564, 36.430134 ], [ -100.56815531, 36.46283608 ], [ -100.56493949, 36.49553819 ], [ -100.56061482, 36.52824027 ], [ -100.55894257, 36.53827465 ], [ -100.55457588, 36.56094237 ], [ -100.54570563, 36.59364446 ], [ -100.53201333, 36.62634656 ], [ -100.52624047, 36.63626248 ], [ -100.51011464, 36.65904867 ], [ -100.49353839, 36.67549627 ], [ -100.47364157, 36.69175075 ], [ -100.46083629, 36.69981149 ], [ -100.42813419, 36.7170923 ], [ -100.41192525, 36.72445285 ], [ -100.3954321, 36.73067351 ], [ -100.36273, 36.74178876 ], [ -100.3300279, 36.75135238 ], [ -100.30774461, 36.75715494 ], [ -100.2973258, 36.75952988 ], [ -100.26462371, 36.76690028 ], [ -100.23192163, 36.77406902 ], [ -100.19921953, 36.78145825 ], [ -100.16651743, 36.78909972 ], [ -100.16415677, 36.78985704 ], [ -100.13381534, 36.79987099 ], [ -100.10111324, 36.81170587 ], [ -100.07337006, 36.82255913 ], [ -100.06841114, 36.82446933 ], [ -100.03570904, 36.83778867 ], [ -100.00300695, 36.85037246 ], [ -99.98866087, 36.85526123 ], [ -99.97030487, 36.86170899 ], [ -99.93760277, 36.87156195 ], [ -99.90490067, 36.8796773 ], [ -99.87219858, 36.88600664 ], [ -99.85811887, 36.88796331 ], [ -99.83949648, 36.89055785 ], [ -99.80679438, 36.89327037 ], [ -99.77409228, 36.89409651 ], [ -99.74139018, 36.89299829 ], [ -99.70868809, 36.88991037 ], [ -99.69635637, 36.88796331 ], [ -99.67598601, 36.8847394 ], [ -99.64328391, 36.87739289 ], [ -99.61058181, 36.86783054 ], [ -99.57787972, 36.85656855 ], [ -99.57497799, 36.85526123 ], [ -99.54517762, 36.84095599 ], [ -99.51247552, 36.82369919 ], [ -99.51072174, 36.82255913 ], [ -99.47977342, 36.80020293 ], [ -99.46693035, 36.78985704 ], [ -99.44707133, 36.7720816 ], [ -99.43245967, 36.75715494 ], [ -99.41436925, 36.73614485 ], [ -99.40536347, 36.72445285 ], [ -99.38390761, 36.69175075 ], [ -99.38166715, 36.68764691 ], [ -99.36753766, 36.65904867 ], [ -99.35487774, 36.62634656 ], [ -99.34896505, 36.60574599 ], [ -99.34575879, 36.59364446 ], [ -99.33903109, 36.56094237 ], [ -99.33356677, 36.52824027 ], [ -99.32912446, 36.49553819 ], [ -99.32566052, 36.46283608 ], [ -99.32337932, 36.430134 ], [ -99.32233751, 36.39743189 ], [ -99.32250119, 36.36472981 ], [ -99.32256302, 36.3320277 ], [ -99.32256091, 36.29932562 ], [ -99.32259908, 36.26662352 ], [ -99.32263769, 36.23392141 ], [ -99.32261015, 36.20121933 ], [ -99.32243487, 36.16851722 ], [ -99.32217884, 36.13581514 ], [ -99.32179923, 36.10311304 ], [ -99.32133747, 36.07041095 ], [ -99.32097147, 36.03770885 ], [ -99.32183555, 36.00500676 ], [ -99.32420281, 35.97230466 ], [ -99.3282711, 35.93960256 ], [ -99.33418531, 35.90690047 ], [ -99.34221686, 35.87419837 ], [ -99.34896505, 35.85272719 ], [ -99.35254191, 35.84149628 ], [ -99.36528699, 35.80879418 ], [ -99.38049933, 35.7760921 ], [ -99.38166715, 35.77393574 ], [ -99.39817296, 35.74338999 ], [ -99.41436925, 35.71721679 ], [ -99.41836464, 35.71068791 ], [ -99.44068214, 35.6779858 ], [ -99.44707133, 35.66948588 ], [ -99.46475749, 35.6452837 ], [ -99.47977342, 35.62634159 ], [ -99.49027754, 35.61258162 ], [ -99.51247552, 35.58527009 ], [ -99.51665879, 35.57987951 ], [ -99.54343354, 35.54717743 ], [ -99.54517762, 35.5451504 ], [ -99.57009363, 35.51447532 ], [ -99.57787972, 35.50521872 ], [ -99.59649276, 35.48177324 ], [ -99.61058181, 35.46443576 ], [ -99.6223269, 35.44907114 ], [ -99.64328391, 35.42210801 ], [ -99.64748205, 35.41636905 ], [ -99.6718079, 35.38366695 ], [ -99.67598601, 35.37810709 ], [ -99.69520884, 35.35096484 ], [ -99.70868809, 35.33189493 ], [ -99.71777621, 35.31826276 ], [ -99.7394348, 35.28556065 ], [ -99.74139018, 35.28261652 ], [ -99.76012562, 35.25285857 ], [ -99.77409228, 35.23016294 ], [ -99.77994523, 35.22015647 ], [ -99.7987476, 35.18745438 ], [ -99.80679438, 35.17302678 ], [ -99.81649018, 35.15475228 ], [ -99.83232365, 35.12205019 ], [ -99.83949648, 35.10532509 ], [ -99.84604659, 35.08934809 ], [ -99.85755672, 35.05664599 ], [ -99.86682901, 35.0239439 ], [ -99.87219858, 34.99864536 ], [ -99.87369046, 34.9912418 ], [ -99.87808061, 34.95853971 ], [ -99.88009721, 34.92583761 ], [ -99.8795254, 34.89313553 ], [ -99.87659328, 34.86043342 ], [ -99.8730508, 34.82773134 ], [ -99.87219858, 34.81964132 ], [ -99.86970734, 34.79502923 ], [ -99.86705264, 34.76232713 ], [ -99.86610837, 34.72962505 ], [ -99.86874022, 34.69692294 ], [ -99.87219858, 34.68386884 ], [ -99.87861621, 34.66422086 ], [ -99.90073859, 34.63151875 ], [ -99.90490067, 34.62750955 ], [ -99.93760277, 34.60389363 ], [ -99.94668931, 34.59881667 ], [ -99.97030487, 34.58774645 ], [ -100.00300695, 34.57468968 ], [ -100.026878, 34.56611457 ], [ -100.03570904, 34.56320709 ], [ -100.06841114, 34.55305872 ], [ -100.10111324, 34.54308907 ], [ -100.13276296, 34.53341248 ], [ -100.13381534, 34.53310796 ], [ -100.16651743, 34.52361998 ], [ -100.19921953, 34.51385816 ], [ -100.23192163, 34.50383635 ], [ -100.24266828, 34.50071038 ], [ -100.26462371, 34.49457701 ], [ -100.2973258, 34.48573431 ], [ -100.3300279, 34.47690946 ], [ -100.36273, 34.46826905 ], [ -100.36369077, 34.46800827 ], [ -100.3954321, 34.45894538 ], [ -100.42813419, 34.44968457 ], [ -100.46083629, 34.44036699 ], [ -100.47896908, 34.43530619 ], [ -100.49353839, 34.43105871 ], [ -100.52624047, 34.42200175 ], [ -100.55894257, 34.41328905 ], [ -100.59164466, 34.40503631 ], [ -100.60235994, 34.40260408 ], [ -100.62434676, 34.39737832 ], [ -100.65704886, 34.3907301 ], [ -100.68975096, 34.38512384 ], [ -100.72245305, 34.38058223 ], [ -100.75515515, 34.37706912 ], [ -100.78785723, 34.37454828 ], [ -100.82055933, 34.3729548 ], [ -100.85326142, 34.37228121 ], [ -100.88596352, 34.3724435 ], [ -100.91866562, 34.373324 ], [ -100.95136772, 34.3749345 ], [ -100.98406981, 34.3771578 ], [ -101.01677191, 34.38016731 ], [ -101.04947399, 34.38431669 ], [ -101.08217609, 34.38967149 ], [ -101.11487819, 34.39615839 ], [ -101.14291802, 34.40260408 ], [ -101.14758028, 34.40371629 ], [ -101.18028238, 34.41203204 ], [ -101.21298448, 34.42097942 ], [ -101.24568658, 34.43043541 ], [ -101.26253894, 34.43530619 ], [ -101.27838867, 34.44006468 ], [ -101.31109075, 34.44963302 ], [ -101.34379285, 34.45904113 ], [ -101.37341806, 34.46800827 ], [ -101.37649495, 34.46896907 ], [ -101.40919704, 34.47656885 ], [ -101.44189914, 34.48467174 ], [ -101.47460124, 34.49234742 ], [ -101.50730334, 34.49832809 ], [ -101.51839348, 34.50071038 ], [ -101.54000543, 34.50614913 ], [ -101.57270751, 34.51218811 ], [ -101.60540961, 34.51760924 ], [ -101.63811171, 34.52254692 ], [ -101.6708138, 34.52721439 ], [ -101.7035159, 34.52734202 ], [ -101.71723861, 34.53341248 ], [ -101.736218, 34.54579307 ], [ -101.75879467, 34.56611457 ], [ -101.7689201, 34.56999487 ], [ -101.80162219, 34.59195018 ], [ -101.80750733, 34.59881667 ], [ -101.83432427, 34.62047722 ], [ -101.84422464, 34.63151875 ], [ -101.86702637, 34.6523139 ], [ -101.87704237, 34.66422086 ], [ -101.89972847, 34.68914875 ], [ -101.90549246, 34.69692294 ], [ -101.92914499, 34.72962505 ], [ -101.93243057, 34.73461567 ], [ -101.94806914, 34.76232713 ], [ -101.96296423, 34.79502923 ], [ -101.96513266, 34.80019084 ], [ -101.98162863, 34.82773134 ], [ -101.99783476, 34.85310963 ], [ -102.00305416, 34.86043342 ], [ -102.01265986, 34.89313553 ] ] ] } },
{ "type": "Feature", "properties": { "Lower": 2500.0 }, "geometry": { "type": "Polygon", "coordinates": [ [ [ -104.13169224, 37.01877171 ], [ -104.13164685, 37.01877171 ], [ -104.12347095, 37.00499179 ], [ -104.09577734, 37.01877171 ], [ -104.09076885, 37.02108634 ], [ -104.05806675, 37.03456481 ], [ -104.02536465, 37.04913345 ], [ -104.02101605, 37.05147379 ], [ -103.99266256, 37.06707796 ], [ -103.96391659, 37.0841759 ], [ -103.95996046, 37.08635852 ], [ -103.92725838, 37.10289646 ], [ -103.90355452, 37.11687798 ], [ -103.89455628, 37.12204066 ], [ -103.86185419, 37.14180068 ], [ -103.84967004, 37.14958009 ], [ -103.82915209, 37.16231941 ], [ -103.80099771, 37.18228217 ], [ -103.79644999, 37.18527588 ], [ -103.76374789, 37.20551978 ], [ -103.7502253, 37.21498427 ], [ -103.73104579, 37.22804557 ], [ -103.70372885, 37.24768638 ], [ -103.6983437, 37.25143641 ], [ -103.6656416, 37.27506705 ], [ -103.65860967, 37.28038846 ], [ -103.63293952, 37.29930364 ], [ -103.6148736, 37.31309057 ], [ -103.60023742, 37.3239175 ], [ -103.57202907, 37.34579265 ], [ -103.56753533, 37.34915758 ], [ -103.53483323, 37.37464115 ], [ -103.53005236, 37.37849476 ], [ -103.50213113, 37.40022612 ], [ -103.48855227, 37.41119684 ], [ -103.46942903, 37.42605957 ], [ -103.44728754, 37.44389894 ], [ -103.43672694, 37.45209674 ], [ -103.40623427, 37.47660103 ], [ -103.40402484, 37.47831416 ], [ -103.37132276, 37.5042793 ], [ -103.3651609, 37.50930313 ], [ -103.33862066, 37.53009905 ], [ -103.32383379, 37.54200524 ], [ -103.30591857, 37.55571786 ], [ -103.28175814, 37.57470732 ], [ -103.27321647, 37.58112993 ], [ -103.24051437, 37.6062135 ], [ -103.2389793, 37.60740942 ], [ -103.20781227, 37.63039899 ], [ -103.19478012, 37.64011151 ], [ -103.17511018, 37.65393017 ], [ -103.14863688, 37.67281361 ], [ -103.14240808, 37.67697321 ], [ -103.109706, 37.69876432 ], [ -103.09956111, 37.7055157 ], [ -103.0770039, 37.71944673 ], [ -103.04613866, 37.7382178 ], [ -103.0443018, 37.73923586 ], [ -103.01159971, 37.7569754 ], [ -102.98477521, 37.77091988 ], [ -102.97889761, 37.77364966 ], [ -102.94619551, 37.78787089 ], [ -102.91349341, 37.8006836 ], [ -102.90518176, 37.80362199 ], [ -102.88079132, 37.81144883 ], [ -102.84808924, 37.82151751 ], [ -102.81538714, 37.83125191 ], [ -102.79761584, 37.83632409 ], [ -102.78268504, 37.84037932 ], [ -102.74998295, 37.84876864 ], [ -102.71728085, 37.85658687 ], [ -102.68457875, 37.86366943 ], [ -102.65640846, 37.86902618 ], [ -102.65187665, 37.86981978 ], [ -102.61917456, 37.8746395 ], [ -102.58647248, 37.87808113 ], [ -102.55377038, 37.88001363 ], [ -102.52106828, 37.879957 ], [ -102.48836619, 37.87759321 ], [ -102.45566409, 37.87238687 ], [ -102.44364263, 37.86902618 ], [ -102.42296199, 37.86310496 ], [ -102.39025989, 37.85262535 ], [ -102.35755779, 37.84368951 ], [ -102.32485572, 37.83723969 ], [ -102.31287297, 37.83632409 ], [ -102.29215362, 37.83458215 ], [ -102.27720669, 37.83632409 ], [ -102.25945152, 37.83827799 ], [ -102.22674942, 37.85170503 ], [ -102.20756041, 37.86902618 ], [ -102.19404733, 37.88184793 ], [ -102.18232629, 37.90172828 ], [ -102.16568845, 37.93443036 ], [ -102.16134523, 37.94406967 ], [ -102.15150421, 37.96713247 ], [ -102.13925246, 37.99983455 ], [ -102.12864313, 38.03137601 ], [ -102.1281746, 38.03253666 ], [ -102.11456835, 38.06523874 ], [ -102.1000496, 38.09794084 ], [ -102.09594103, 38.1070595 ], [ -102.08203493, 38.13064295 ], [ -102.06323896, 38.15538385 ], [ -102.05229596, 38.16334503 ], [ -102.03053686, 38.17395862 ], [ -101.99783476, 38.18274161 ], [ -101.96513266, 38.18851834 ], [ -101.93243057, 38.18612968 ], [ -101.89972847, 38.17575948 ], [ -101.87687147, 38.16334503 ], [ -101.86702637, 38.15523543 ], [ -101.84396398, 38.13064295 ], [ -101.83432427, 38.11212129 ], [ -101.82799959, 38.09794084 ], [ -101.82540213, 38.06523874 ], [ -101.83432427, 38.03576454 ], [ -101.83532872, 38.03253666 ], [ -101.85170782, 37.99983455 ], [ -101.86702637, 37.97305975 ], [ -101.87043855, 37.96713247 ], [ -101.8901354, 37.93443036 ], [ -101.89972847, 37.91820858 ], [ -101.90888627, 37.90172828 ], [ -101.92614142, 37.86902618 ], [ -101.93243057, 37.8566426 ], [ -101.94152902, 37.83632409 ], [ -101.9545451, 37.80362199 ], [ -101.96513266, 37.77388216 ], [ -101.96621657, 37.77091988 ], [ -101.97759394, 37.7382178 ], [ -101.98762003, 37.7055157 ], [ -101.99696768, 37.67281361 ], [ -101.99783476, 37.66962228 ], [ -102.00646462, 37.64011151 ], [ -102.01453365, 37.60740942 ], [ -102.02153854, 37.57470732 ], [ -102.02709971, 37.54200524 ], [ -102.03053686, 37.51252231 ], [ -102.03097295, 37.50930313 ], [ -102.03277675, 37.47660103 ], [ -102.03122915, 37.44389894 ], [ -102.03053686, 37.43985243 ], [ -102.02563434, 37.41119684 ], [ -102.01407066, 37.37849476 ], [ -101.99783476, 37.35196187 ], [ -101.99339453, 37.34579265 ], [ -101.96513266, 37.31843085 ], [ -101.95781406, 37.31309057 ], [ -101.93243057, 37.2981839 ], [ -101.89972847, 37.28578333 ], [ -101.87737391, 37.28038846 ], [ -101.86702637, 37.27764808 ], [ -101.83432427, 37.27346819 ], [ -101.80162219, 37.27442583 ], [ -101.7689201, 37.2798593 ], [ -101.76692735, 37.28038846 ], [ -101.736218, 37.28794746 ], [ -101.7035159, 37.29796502 ], [ -101.6708138, 37.30923696 ], [ -101.66065603, 37.31309057 ], [ -101.63811171, 37.32122397 ], [ -101.60540961, 37.33374607 ], [ -101.57416093, 37.34579265 ], [ -101.57270751, 37.34634149 ], [ -101.54000543, 37.35785908 ], [ -101.50730334, 37.3699165 ], [ -101.48591836, 37.37849476 ], [ -101.47460124, 37.38318708 ], [ -101.44189914, 37.39780642 ], [ -101.41548609, 37.41119684 ], [ -101.40919704, 37.41470282 ], [ -101.37649495, 37.43458948 ], [ -101.36278844, 37.44389894 ], [ -101.34379285, 37.4589227 ], [ -101.32330385, 37.47660103 ], [ -101.31109075, 37.48915075 ], [ -101.29259487, 37.50930313 ], [ -101.27838867, 37.52773948 ], [ -101.26782552, 37.54200524 ], [ -101.24696766, 37.57470732 ], [ -101.24568658, 37.57683337 ], [ -101.22770911, 37.60740942 ], [ -101.21298448, 37.63466396 ], [ -101.21002284, 37.64011151 ], [ -101.19685929, 37.67281361 ], [ -101.18879549, 37.7055157 ], [ -101.18542759, 37.7382178 ], [ -101.18639453, 37.77091988 ], [ -101.19143527, 37.80362199 ], [ -101.20024504, 37.83632409 ], [ -101.21113597, 37.86902618 ], [ -101.21298448, 37.87436335 ], [ -101.22269928, 37.90172828 ], [ -101.23399156, 37.93443036 ], [ -101.24428999, 37.96713247 ], [ -101.24568658, 37.97232343 ], [ -101.25348035, 37.99983455 ], [ -101.26047882, 38.03253666 ], [ -101.26469469, 38.06523874 ], [ -101.26577201, 38.09794084 ], [ -101.26351939, 38.13064295 ], [ -101.25798292, 38.16334503 ], [ -101.2494121, 38.19604714 ], [ -101.24568658, 38.20698663 ], [ -101.23866047, 38.22874922 ], [ -101.2264607, 38.26145132 ], [ -101.21387001, 38.29415341 ], [ -101.21298448, 38.29683856 ], [ -101.20327167, 38.32685551 ], [ -101.19652244, 38.3595576 ], [ -101.19419368, 38.3922597 ], [ -101.1916273, 38.42496181 ], [ -101.18028238, 38.44438944 ], [ -101.16452806, 38.45766389 ], [ -101.14758028, 38.46880997 ], [ -101.11487819, 38.47085012 ], [ -101.08709567, 38.45766389 ], [ -101.08217609, 38.45509459 ], [ -101.05264525, 38.42496181 ], [ -101.04947399, 38.42212234 ], [ -101.02062401, 38.3922597 ], [ -101.01677191, 38.38945803 ], [ -100.98406981, 38.36253382 ], [ -100.97983848, 38.3595576 ], [ -100.95136772, 38.34332664 ], [ -100.91866562, 38.32920179 ], [ -100.91212259, 38.32685551 ], [ -100.88596352, 38.3178841 ], [ -100.85326142, 38.30838937 ], [ -100.82055933, 38.29962193 ], [ -100.80042539, 38.29415341 ], [ -100.78785723, 38.29048886 ], [ -100.75515515, 38.27945051 ], [ -100.72245305, 38.26397866 ], [ -100.71737571, 38.26145132 ], [ -100.68975096, 38.24517786 ], [ -100.66468909, 38.22874922 ], [ -100.65704886, 38.22248751 ], [ -100.62683585, 38.19604714 ], [ -100.62434676, 38.19309177 ], [ -100.60071875, 38.16334503 ], [ -100.59164466, 38.1448792 ], [ -100.58492388, 38.13064295 ], [ -100.5769656, 38.09794084 ], [ -100.57531952, 38.06523874 ], [ -100.57867247, 38.03253666 ], [ -100.58611719, 37.99983455 ], [ -100.59164466, 37.98348866 ], [ -100.59644689, 37.96713247 ], [ -100.6087611, 37.93443036 ], [ -100.62392428, 37.90172828 ], [ -100.62434676, 37.90092973 ], [ -100.63885723, 37.86902618 ], [ -100.65559837, 37.83632409 ], [ -100.65704886, 37.83370208 ], [ -100.67098077, 37.80362199 ], [ -100.68628376, 37.77091988 ], [ -100.68975096, 37.76326375 ], [ -100.6978722, 37.7382178 ], [ -100.70625973, 37.7055157 ], [ -100.71148957, 37.67281361 ], [ -100.7135151, 37.64011151 ], [ -100.71224842, 37.60740942 ], [ -100.70415408, 37.57470732 ], [ -100.68975096, 37.54758569 ], [ -100.68700768, 37.54200524 ], [ -100.67027136, 37.50930313 ], [ -100.65704886, 37.48393681 ], [ -100.65323979, 37.47660103 ], [ -100.63911159, 37.44389894 ], [ -100.62434676, 37.41147929 ], [ -100.62420815, 37.41119684 ], [ -100.61951326, 37.37849476 ], [ -100.62434676, 37.35082723 ], [ -100.62686013, 37.34579265 ], [ -100.65704886, 37.31665219 ], [ -100.66202295, 37.31309057 ], [ -100.68975096, 37.28737018 ], [ -100.69678776, 37.28038846 ], [ -100.71158241, 37.24768638 ], [ -100.7199947, 37.21498427 ], [ -100.72245305, 37.19937114 ], [ -100.72518622, 37.18228217 ], [ -100.72834278, 37.14958009 ], [ -100.7303441, 37.11687798 ], [ -100.7317416, 37.0841759 ], [ -100.73306939, 37.05147379 ], [ -100.73480967, 37.01877171 ], [ -100.73772795, 36.98606961 ], [ -100.74281818, 36.95336752 ], [ -100.75167031, 36.92066542 ], [ -100.75515515, 36.91190842 ], [ -100.76654357, 36.88796331 ], [ -100.78785723, 36.86086473 ], [ -100.79346074, 36.85526123 ], [ -100.82055933, 36.83594906 ], [ -100.84689854, 36.82255913 ], [ -100.85326142, 36.82005738 ], [ -100.88596352, 36.80911353 ], [ -100.91866562, 36.80076909 ], [ -100.95136772, 36.79403365 ], [ -100.97492316, 36.78985704 ], [ -100.98406981, 36.78844633 ], [ -101.01677191, 36.78369735 ], [ -101.04947399, 36.77940185 ], [ -101.08217609, 36.77540397 ], [ -101.11487819, 36.7716574 ], [ -101.14758028, 36.76798967 ], [ -101.18028238, 36.76435945 ], [ -101.21298448, 36.76068661 ], [ -101.24044793, 36.75715494 ], [ -101.24568658, 36.7565353 ], [ -101.27838867, 36.75318486 ], [ -101.31109075, 36.7493277 ], [ -101.34379285, 36.74530419 ], [ -101.37649495, 36.74131174 ], [ -101.40919704, 36.73867852 ], [ -101.44189914, 36.73735958 ], [ -101.47460124, 36.73712421 ], [ -101.50730334, 36.73794772 ], [ -101.54000543, 36.73995203 ], [ -101.57270751, 36.74310656 ], [ -101.60540961, 36.74751423 ], [ -101.63811171, 36.75302802 ], [ -101.65866886, 36.75715494 ], [ -101.6708138, 36.75964953 ], [ -101.7035159, 36.76746072 ], [ -101.736218, 36.77640883 ], [ -101.7689201, 36.78670321 ], [ -101.77749144, 36.78985704 ], [ -101.80162219, 36.7989766 ], [ -101.83432427, 36.81335248 ], [ -101.85169463, 36.82255913 ], [ -101.86702637, 36.83143066 ], [ -101.89932166, 36.85526123 ], [ -101.89972847, 36.85561658 ], [ -101.93243057, 36.88367082 ], [ -101.93925984, 36.88796331 ], [ -101.96513266, 36.90522264 ], [ -101.99783476, 36.91906977 ], [ -102.00534735, 36.92066542 ], [ -102.03053686, 36.92661168 ], [ -102.06323896, 36.92796244 ], [ -102.08990945, 36.92066542 ], [ -102.09594103, 36.91881518 ], [ -102.12864313, 36.9029663 ], [ -102.15475857, 36.88796331 ], [ -102.16134523, 36.88409616 ], [ -102.19404733, 36.86398795 ], [ -102.20776824, 36.85526123 ], [ -102.22674942, 36.84303455 ], [ -102.25765951, 36.82255913 ], [ -102.25945152, 36.82135449 ], [ -102.29215362, 36.79957237 ], [ -102.30661364, 36.78985704 ], [ -102.32485572, 36.77750412 ], [ -102.35456072, 36.75715494 ], [ -102.35755779, 36.75508143 ], [ -102.39025989, 36.73334733 ], [ -102.40538329, 36.72445285 ], [ -102.42296199, 36.71379781 ], [ -102.45566409, 36.69590427 ], [ -102.46404942, 36.69175075 ], [ -102.48836619, 36.67947601 ], [ -102.52106828, 36.66380105 ], [ -102.53168013, 36.65904867 ], [ -102.55377038, 36.64897624 ], [ -102.58647248, 36.63457591 ], [ -102.60577959, 36.62634656 ], [ -102.61917456, 36.62055817 ], [ -102.65187665, 36.60690737 ], [ -102.68179336, 36.59364446 ], [ -102.68457875, 36.59243105 ], [ -102.71728085, 36.58023034 ], [ -102.74998295, 36.56709171 ], [ -102.76555791, 36.56094237 ], [ -102.78268504, 36.5541359 ], [ -102.81538714, 36.54137814 ], [ -102.84808924, 36.52961085 ], [ -102.85151452, 36.52824027 ], [ -102.88079132, 36.51610574 ], [ -102.91349341, 36.50357466 ], [ -102.93448311, 36.49553819 ], [ -102.94619551, 36.49103675 ], [ -102.97889761, 36.47869267 ], [ -103.01159971, 36.4661468 ], [ -103.02042804, 36.46283608 ], [ -103.0443018, 36.45388317 ], [ -103.0770039, 36.44150548 ], [ -103.10416535, 36.430134 ], [ -103.109706, 36.42789906 ], [ -103.14240808, 36.41684162 ], [ -103.17511018, 36.40451671 ], [ -103.19383643, 36.39743189 ], [ -103.20781227, 36.39216793 ], [ -103.24051437, 36.37980342 ], [ -103.27321647, 36.36711481 ], [ -103.2793882, 36.36472981 ], [ -103.30591857, 36.35457611 ], [ -103.33862066, 36.34164344 ], [ -103.36248026, 36.3320277 ], [ -103.37132276, 36.32851657 ], [ -103.40402484, 36.31544368 ], [ -103.43672694, 36.30176554 ], [ -103.44256465, 36.29932562 ], [ -103.46942903, 36.28821553 ], [ -103.50213113, 36.27410669 ], [ -103.51912908, 36.26662352 ], [ -103.53483323, 36.25985703 ], [ -103.56753533, 36.24532263 ], [ -103.59239937, 36.23392141 ], [ -103.60023742, 36.23036684 ], [ -103.63293952, 36.21509567 ], [ -103.66183232, 36.20121933 ], [ -103.6656416, 36.19942038 ], [ -103.6983437, 36.18357217 ], [ -103.72505976, 36.16851722 ], [ -103.73104579, 36.16537955 ], [ -103.76374789, 36.1503696 ], [ -103.79109627, 36.13581514 ], [ -103.79644999, 36.13303145 ], [ -103.80462632, 36.10311304 ], [ -103.80467172, 36.10311304 ], [ -103.80467084, 36.13581514 ], [ -103.82915209, 36.16029764 ], [ -103.83737169, 36.16851722 ], [ -103.83737094, 36.20121933 ], [ -103.83737024, 36.23392141 ], [ -103.86185419, 36.25840633 ], [ -103.87007136, 36.26662352 ], [ -103.8700708, 36.29932562 ], [ -103.89455628, 36.32381185 ], [ -103.90277213, 36.3320277 ], [ -103.9027717, 36.36472981 ], [ -103.90277133, 36.39743189 ], [ -103.92725838, 36.42191942 ], [ -103.93547294, 36.430134 ], [ -103.93547271, 36.46283608 ], [ -103.93547251, 36.49553819 ], [ -103.95996046, 36.52002633 ], [ -103.96817441, 36.52824027 ], [ -103.96817438, 36.56094237 ], [ -103.96817438, 36.59364446 ], [ -103.99266256, 36.61813254 ], [ -104.00087659, 36.62634656 ], [ -104.00087675, 36.65904867 ], [ -104.02536465, 36.68353626 ], [ -104.03357914, 36.69175075 ], [ -104.03357945, 36.72445285 ], [ -104.0335798, 36.75715494 ], [ -104.05806675, 36.78164129 ], [ -104.0662825, 36.78985704 ], [ -104.06628299, 36.82255913 ], [ -104.06628356, 36.85526123 ], [ -104.09076885, 36.87974561 ], [ -104.09898655, 36.88796331 ], [ -104.09898728, 36.92066542 ], [ -104.12347095, 36.94514798 ], [ -104.13169047, 36.95336752 ], [ -104.13169133, 36.98606961 ], [ -104.13169224, 37.01877171 ] ], [ [ -101.04664665, 38.06523874 ], [ -101.04312803, 38.09794084 ], [ -101.03431323, 38.13064295 ], [ -101.01818113, 38.16334503 ], [ -101.01677191, 38.16516789 ], [ -100.98406981, 38.19265073 ], [ -100.97774843, 38.19604714 ], [ -100.95136772, 38.20544511 ], [ -100.91866562, 38.21344447 ], [ -100.88596352, 38.21236871 ], [ -100.85326142, 38.20480889 ], [ -100.82584264, 38.19604714 ], [ -100.82055933, 38.19396647 ], [ -100.78785723, 38.17647996 ], [ -100.77118354, 38.16334503 ], [ -100.75515515, 38.1477141 ], [ -100.74003033, 38.13064295 ], [ -100.72245305, 38.10430828 ], [ -100.71895327, 38.09794084 ], [ -100.7076456, 38.06523874 ], [ -100.70283393, 38.03253666 ], [ -100.70399719, 37.99983455 ], [ -100.7098983, 37.96713247 ], [ -100.71818256, 37.93443036 ], [ -100.72245305, 37.91995029 ], [ -100.72798347, 37.90172828 ], [ -100.73768281, 37.86902618 ], [ -100.74656452, 37.83632409 ], [ -100.75483829, 37.80362199 ], [ -100.75515515, 37.8023827 ], [ -100.77427132, 37.77091988 ], [ -100.78785723, 37.74696346 ], [ -100.80509484, 37.7382178 ], [ -100.82055933, 37.72934725 ], [ -100.85326142, 37.72930196 ], [ -100.87508243, 37.7382178 ], [ -100.88596352, 37.74283635 ], [ -100.91866562, 37.76740593 ], [ -100.92197097, 37.77091988 ], [ -100.95136772, 37.8027554 ], [ -100.95198965, 37.80362199 ], [ -100.97427571, 37.83632409 ], [ -100.98406981, 37.85151744 ], [ -100.99354967, 37.86902618 ], [ -101.00973522, 37.90172828 ], [ -101.01677191, 37.91787573 ], [ -101.02305882, 37.93443036 ], [ -101.03341263, 37.96713247 ], [ -101.04121384, 37.99983455 ], [ -101.04579222, 38.03253666 ], [ -101.04664665, 38.06523874 ] ] ] } },
{ "type": "Feature", "properties": { "Lower": 2500.0 }, "geometry": { "type": "Polygon", "coordinates": [ [ [ -102.03053686, 44.41762123 ], [ -102.03053686, 44.41766662 ], [ -102.00605539, 44.44214729 ], [ -101.99783476, 44.45036795 ], [ -101.97335255, 44.4748494 ], [ -101.96513266, 44.48306927 ], [ -101.94064969, 44.5075515 ], [ -101.93243057, 44.51577062 ], [ -101.89972847, 44.51577024 ], [ -101.87524435, 44.54025359 ], [ -101.86702637, 44.54847157 ], [ -101.83432427, 44.54847119 ], [ -101.80162219, 44.54847081 ], [ -101.77713655, 44.57295569 ], [ -101.7689201, 44.58117214 ], [ -101.736218, 44.58117176 ], [ -101.7035159, 44.58117136 ], [ -101.6708138, 44.58117096 ], [ -101.66259854, 44.57295569 ], [ -101.63811171, 44.54846877 ], [ -101.60540961, 44.54846828 ], [ -101.57270751, 44.54846774 ], [ -101.54000543, 44.54846715 ], [ -101.50730334, 44.54846652 ], [ -101.47460124, 44.5484658 ], [ -101.44189914, 44.54846504 ], [ -101.43368768, 44.54025359 ], [ -101.40919704, 44.51576235 ], [ -101.37649495, 44.51576142 ], [ -101.34379285, 44.51576043 ], [ -101.31109075, 44.51575938 ], [ -101.27838867, 44.51575825 ], [ -101.24568658, 44.51575705 ], [ -101.23748099, 44.5075515 ], [ -101.21298448, 44.48305378 ], [ -101.18028238, 44.48305244 ], [ -101.14758028, 44.48305105 ], [ -101.11487819, 44.48304958 ], [ -101.08217609, 44.48304806 ], [ -101.04947399, 44.4830465 ], [ -101.01677191, 44.48304488 ], [ -101.00857641, 44.4748494 ], [ -100.98406981, 44.45034107 ], [ -100.95136772, 44.45033937 ], [ -100.91866562, 44.45033764 ], [ -100.88596352, 44.45033588 ], [ -100.85326142, 44.45033409 ], [ -100.82055933, 44.45033228 ], [ -100.81237434, 44.44214729 ], [ -100.78785723, 44.41762832 ], [ -100.75515515, 44.41762651 ], [ -100.72245305, 44.41762472 ], [ -100.68975096, 44.41762296 ], [ -100.65704886, 44.41762121 ], [ -100.64804595, 44.40944521 ], [ -100.64866659, 44.3767431 ], [ -100.64931787, 44.34404102 ], [ -100.64985344, 44.31133892 ], [ -100.65029785, 44.27863683 ], [ -100.65073093, 44.24593473 ], [ -100.65251933, 44.21323264 ], [ -100.65591749, 44.18053054 ], [ -100.65704886, 44.17224821 ], [ -100.66033343, 44.14782844 ], [ -100.66538616, 44.11512635 ], [ -100.67086231, 44.08242425 ], [ -100.67635341, 44.04972216 ], [ -100.681184, 44.01702006 ], [ -100.68532312, 43.98431798 ], [ -100.68883307, 43.95161587 ], [ -100.68975096, 43.93914934 ], [ -100.69119227, 43.91891379 ], [ -100.69257514, 43.88621168 ], [ -100.69367624, 43.85350958 ], [ -100.69439421, 43.8208075 ], [ -100.69480587, 43.78810539 ], [ -100.69492071, 43.75540331 ], [ -100.6947375, 43.7227012 ], [ -100.69414966, 43.68999912 ], [ -100.6932473, 43.65729702 ], [ -100.69195036, 43.62459493 ], [ -100.69120701, 43.59189283 ], [ -100.68975096, 43.57566202 ], [ -100.68819393, 43.55919072 ], [ -100.685636, 43.52648864 ], [ -100.68255935, 43.49378653 ], [ -100.6790394, 43.46108445 ], [ -100.67496375, 43.42838235 ], [ -100.67007431, 43.39568026 ], [ -100.6644706, 43.36297816 ], [ -100.65815445, 43.33027608 ], [ -100.65704886, 43.32505776 ], [ -100.6510195, 43.29757397 ], [ -100.64325778, 43.26487189 ], [ -100.63502196, 43.23216978 ], [ -100.62621255, 43.19946768 ], [ -100.62434676, 43.19297868 ], [ -100.61656065, 43.16676559 ], [ -100.60636596, 43.13406349 ], [ -100.59578363, 43.10136141 ], [ -100.59164466, 43.08926074 ], [ -100.58436104, 43.0686593 ], [ -100.57242412, 43.03595722 ], [ -100.56012157, 43.00325511 ], [ -100.55894257, 43.00024768 ], [ -100.54690096, 42.97055303 ], [ -100.53323225, 42.93785093 ], [ -100.52624047, 42.92153716 ], [ -100.51902024, 42.90514882 ], [ -100.50419479, 42.87244674 ], [ -100.49353839, 42.84954124 ], [ -100.48885043, 42.83974463 ], [ -100.47283778, 42.80704255 ], [ -100.46083629, 42.78295679 ], [ -100.45640196, 42.77434045 ], [ -100.43917356, 42.74163836 ], [ -100.42813419, 42.72104006 ], [ -100.42145511, 42.70893626 ], [ -100.40308076, 42.67623417 ], [ -100.3954321, 42.66276257 ], [ -100.38418411, 42.64353207 ], [ -100.36477757, 42.61082996 ], [ -100.36273, 42.60745067 ], [ -100.34441816, 42.57812788 ], [ -100.3300279, 42.5552276 ], [ -100.32367433, 42.54542578 ], [ -100.30239649, 42.51272369 ], [ -100.2973258, 42.50505733 ], [ -100.28016451, 42.48002159 ], [ -100.26462371, 42.45734995 ], [ -100.25751888, 42.44731951 ], [ -100.23416982, 42.4146174 ], [ -100.23192163, 42.41150563 ], [ -100.20982337, 42.38191532 ], [ -100.19921953, 42.36771635 ], [ -100.18491847, 42.34921321 ], [ -100.16651743, 42.32540537 ], [ -100.15936128, 42.31651111 ], [ -100.13381534, 42.28630694 ], [ -100.13170352, 42.28380902 ], [ -100.10548043, 42.25110692 ], [ -100.10111324, 42.245924 ], [ -100.07656364, 42.21840484 ], [ -100.06841114, 42.20911387 ], [ -100.04612019, 42.18570273 ], [ -100.03570904, 42.17464413 ], [ -100.01369163, 42.15300065 ], [ -100.00300695, 42.14237803 ], [ -99.97900895, 42.12029854 ], [ -99.97030487, 42.11215034 ], [ -99.9413755, 42.08759646 ], [ -99.93760277, 42.08435643 ], [ -99.90490067, 42.05888904 ], [ -99.89916963, 42.05489436 ], [ -99.87219858, 42.03598082 ], [ -99.85045508, 42.02219225 ], [ -99.83949648, 42.01515664 ], [ -99.80679438, 41.99676442 ], [ -99.79206038, 41.98949017 ], [ -99.77409228, 41.98050613 ], [ -99.74139018, 41.96650312 ], [ -99.7179726, 41.95678806 ], [ -99.70868809, 41.95312992 ], [ -99.67598601, 41.94569563 ], [ -99.64328391, 41.93877973 ], [ -99.61058181, 41.93425192 ], [ -99.57787972, 41.93211981 ], [ -99.54517762, 41.9324752 ], [ -99.51247552, 41.93518332 ], [ -99.47977342, 41.94022937 ], [ -99.44707133, 41.94772801 ], [ -99.42250423, 41.95678806 ], [ -99.41436925, 41.95963666 ], [ -99.38166715, 41.96965319 ], [ -99.34896505, 41.98399163 ], [ -99.33796797, 41.98949017 ], [ -99.31626296, 42.00042823 ], [ -99.28356086, 42.01916544 ], [ -99.27877823, 42.02219225 ], [ -99.25085876, 42.03985884 ], [ -99.22923332, 42.05489436 ], [ -99.21815666, 42.06259693 ], [ -99.18545457, 42.08522895 ], [ -99.18258451, 42.08759646 ], [ -99.15275249, 42.11395125 ], [ -99.14536559, 42.12029854 ], [ -99.12005039, 42.14239828 ], [ -99.10843527, 42.15300065 ], [ -99.08734829, 42.1722456 ], [ -99.07321693, 42.18570273 ], [ -99.05464619, 42.20339055 ], [ -99.03926769, 42.21840484 ], [ -99.0219441, 42.2354497 ], [ -99.00628688, 42.25110692 ], [ -98.989242, 42.26828849 ], [ -98.97408612, 42.28380902 ], [ -98.9565399, 42.30192593 ], [ -98.94252634, 42.31651111 ], [ -98.9238378, 42.33612052 ], [ -98.91164419, 42.34921321 ], [ -98.89113573, 42.3714148 ], [ -98.88158266, 42.38191532 ], [ -98.85843363, 42.4075711 ], [ -98.85216947, 42.4146174 ], [ -98.82573153, 42.44461052 ], [ -98.8233787, 42.44731951 ], [ -98.79545122, 42.48002159 ], [ -98.79302943, 42.48288178 ], [ -98.76830409, 42.51272369 ], [ -98.76032734, 42.52243438 ], [ -98.74157451, 42.54542578 ], [ -98.72762524, 42.56283237 ], [ -98.71545359, 42.57812788 ], [ -98.69492314, 42.6041566 ], [ -98.68966027, 42.61082996 ], [ -98.66594819, 42.64353207 ], [ -98.66222104, 42.64826103 ], [ -98.6389303, 42.67623417 ], [ -98.62951897, 42.68858034 ], [ -98.6138932, 42.70893626 ], [ -98.59681687, 42.73118191 ], [ -98.5887336, 42.74163836 ], [ -98.56411477, 42.77104086 ], [ -98.56148356, 42.77434045 ], [ -98.53784518, 42.80704255 ], [ -98.53141267, 42.81526156 ], [ -98.5121122, 42.83974463 ], [ -98.49871058, 42.85674491 ], [ -98.486242, 42.87244674 ], [ -98.46600848, 42.89792705 ], [ -98.46018867, 42.90514882 ], [ -98.4358678, 42.93785093 ], [ -98.43330638, 42.94098159 ], [ -98.40708228, 42.97055303 ], [ -98.40060428, 42.97847086 ], [ -98.38017307, 43.00325511 ], [ -98.3679022, 43.01813735 ], [ -98.33520011, 43.01143153 ], [ -98.32702367, 43.00325511 ], [ -98.30249801, 42.97873063 ], [ -98.29432039, 42.97055303 ], [ -98.26979591, 42.94602972 ], [ -98.26161712, 42.93785093 ], [ -98.23709381, 42.9133288 ], [ -98.22891385, 42.90514882 ], [ -98.20439172, 42.88062785 ], [ -98.1962106, 42.87244674 ], [ -98.17168962, 42.8479269 ], [ -98.16350737, 42.83974463 ], [ -98.13898752, 42.81522594 ], [ -98.13080416, 42.80704255 ], [ -98.10628544, 42.78252493 ], [ -98.09810095, 42.77434045 ], [ -98.07358335, 42.74982392 ], [ -98.06539778, 42.74163836 ], [ -98.04088125, 42.71712286 ], [ -98.03269464, 42.70893626 ], [ -98.00817915, 42.68442179 ], [ -97.97547705, 42.68442229 ], [ -97.96728891, 42.67623417 ], [ -97.94277496, 42.65172118 ], [ -97.93458585, 42.64353207 ], [ -97.91007286, 42.61902002 ], [ -97.90188282, 42.61082996 ], [ -97.87737076, 42.58631884 ], [ -97.8691798, 42.57812788 ], [ -97.84466868, 42.55361762 ], [ -97.83647685, 42.54542578 ], [ -97.81196658, 42.52091636 ], [ -97.80377391, 42.51272369 ], [ -97.77926449, 42.48821505 ], [ -97.77107101, 42.48002159 ], [ -97.74656239, 42.45551373 ], [ -97.73836817, 42.44731951 ], [ -97.71386029, 42.42281234 ], [ -97.70566535, 42.4146174 ], [ -97.68115819, 42.39011093 ], [ -97.67296259, 42.38191532 ], [ -97.6484561, 42.35740946 ], [ -97.64025987, 42.34921321 ], [ -97.615754, 42.32470794 ], [ -97.60755718, 42.31651111 ], [ -97.58305192, 42.29200638 ], [ -97.57485454, 42.28380902 ], [ -97.55034982, 42.25930478 ], [ -97.54215196, 42.25110692 ], [ -97.51764773, 42.22660314 ], [ -97.50944941, 42.21840484 ], [ -97.48494563, 42.19390144 ], [ -97.47674692, 42.18570273 ], [ -97.45224353, 42.16119969 ], [ -97.44404449, 42.15300065 ], [ -97.41954143, 42.12849788 ], [ -97.4113421, 42.12029854 ], [ -97.38683934, 42.09579603 ], [ -97.35413724, 42.09579605 ], [ -97.34593763, 42.08759646 ], [ -97.32143516, 42.06309411 ], [ -97.3132354, 42.05489436 ], [ -97.28873306, 42.03039209 ], [ -97.28053322, 42.02219225 ], [ -97.25603097, 41.99769001 ], [ -97.24783112, 41.98949017 ], [ -97.22332887, 41.96498784 ], [ -97.21512909, 41.95678806 ], [ -97.19062677, 41.93228563 ], [ -97.18242712, 41.92408598 ], [ -97.15792467, 41.89958334 ], [ -97.14972522, 41.89138388 ], [ -97.12522257, 41.86688096 ], [ -97.1170234, 41.85868179 ], [ -97.09252048, 41.8341785 ], [ -97.08432167, 41.82597969 ], [ -97.0598184, 41.80147595 ], [ -97.05162002, 41.7932776 ], [ -97.0271163, 41.76877334 ], [ -97.01891845, 41.7605755 ], [ -96.9944142, 41.73607061 ], [ -96.986217, 41.7278734 ], [ -96.96171211, 41.70336781 ], [ -96.95351562, 41.69517131 ], [ -96.92901001, 41.67066488 ], [ -96.92081433, 41.66246921 ], [ -96.89630791, 41.63796187 ], [ -96.88811315, 41.62976712 ], [ -96.86360581, 41.60525876 ], [ -96.85541208, 41.59706502 ], [ -96.83090372, 41.57255554 ], [ -96.8227111, 41.56436294 ], [ -96.79820164, 41.53985221 ], [ -96.79001025, 41.53166083 ], [ -96.76549954, 41.50714878 ], [ -96.73279744, 41.507148 ], [ -96.72460816, 41.49895875 ], [ -96.70009535, 41.47444441 ], [ -96.69190757, 41.46625664 ], [ -96.66739325, 41.44174072 ], [ -96.65920707, 41.43355454 ], [ -96.63469115, 41.40903691 ], [ -96.62650667, 41.40085246 ], [ -96.60198905, 41.37633308 ], [ -96.59380633, 41.36815035 ], [ -96.56928696, 41.34362921 ], [ -96.56110601, 41.33544827 ], [ -96.53658488, 41.31092534 ], [ -96.52840569, 41.30274616 ], [ -96.50388278, 41.27822149 ], [ -96.49570537, 41.27004408 ], [ -96.47118068, 41.24551764 ], [ -96.46300503, 41.23734197 ], [ -96.47118068, 41.23223353 ], [ -96.49545842, 41.20463989 ], [ -96.50388278, 41.19518178 ], [ -96.5245862, 41.17193779 ], [ -96.53658488, 41.1587089 ], [ -96.55424929, 41.1392357 ], [ -96.56928696, 41.12275912 ], [ -96.58401372, 41.1065336 ], [ -96.60198905, 41.08718966 ], [ -96.61433538, 41.07383149 ], [ -96.63469115, 41.05219073 ], [ -96.64492931, 41.04112941 ], [ -96.66739325, 41.01740181 ], [ -96.67584507, 41.00842731 ], [ -96.70009535, 40.98324651 ], [ -96.70726241, 40.97572522 ], [ -96.73279744, 40.94964394 ], [ -96.73921203, 40.94302312 ], [ -96.76549954, 40.91659642 ], [ -96.77161581, 40.91032103 ], [ -96.79820164, 40.88360029 ], [ -96.80406337, 40.87761893 ], [ -96.83090372, 40.85064442 ], [ -96.83646397, 40.84491685 ], [ -96.86360581, 40.81709711 ], [ -96.86819028, 40.81221474 ], [ -96.89630791, 40.78256493 ], [ -96.89918902, 40.77951264 ], [ -96.92901001, 40.74941813 ], [ -96.93150001, 40.74681055 ], [ -96.96015935, 40.71410845 ], [ -96.96171211, 40.71248791 ], [ -96.99280366, 40.68140637 ], [ -96.9944142, 40.67973073 ], [ -97.02409226, 40.64870426 ], [ -97.0271163, 40.64555866 ], [ -97.05539139, 40.61600218 ], [ -97.0598184, 40.61137507 ], [ -97.08617235, 40.58330007 ], [ -97.09252048, 40.57632673 ], [ -97.11529888, 40.55059799 ], [ -97.12522257, 40.53902992 ], [ -97.14294458, 40.51789589 ], [ -97.15792467, 40.49933633 ], [ -97.16899297, 40.48519378 ], [ -97.19062677, 40.45643166 ], [ -97.19349064, 40.4524917 ], [ -97.21565471, 40.41978959 ], [ -97.22332887, 40.40752201 ], [ -97.23558956, 40.38708751 ], [ -97.25279334, 40.3543854 ], [ -97.25603097, 40.34686208 ], [ -97.26616088, 40.32168332 ], [ -97.27506801, 40.28898122 ], [ -97.27829392, 40.25627913 ], [ -97.27367523, 40.22357703 ], [ -97.2583746, 40.19087492 ], [ -97.25603097, 40.18808271 ], [ -97.23042141, 40.15817284 ], [ -97.22332887, 40.15051721 ], [ -97.1995696, 40.12547074 ], [ -97.19062677, 40.11624295 ], [ -97.16698445, 40.09276865 ], [ -97.15792467, 40.08377327 ], [ -97.13307688, 40.06006655 ], [ -97.12522257, 40.05246551 ], [ -97.0983913, 40.02736446 ], [ -97.09252048, 40.0217721 ], [ -97.06280786, 39.99466236 ], [ -97.0598184, 39.99192484 ], [ -97.0271163, 39.96408473 ], [ -97.02436692, 39.96196028 ], [ -96.9944142, 39.9407428 ], [ -96.97360998, 39.92925817 ], [ -96.96171211, 39.92357774 ], [ -96.92901001, 39.9126345 ], [ -96.89630791, 39.90651086 ], [ -96.86360581, 39.9052657 ], [ -96.83090372, 39.90917441 ], [ -96.79820164, 39.91863244 ], [ -96.77700639, 39.92925817 ], [ -96.76549954, 39.93505797 ], [ -96.73279744, 39.96023405 ], [ -96.73131892, 39.96196028 ], [ -96.70210254, 39.99466236 ], [ -96.70009535, 39.99687177 ], [ -96.68174292, 40.02736446 ], [ -96.66739325, 40.0515183 ], [ -96.66391559, 40.06006655 ], [ -96.65133085, 40.09276865 ], [ -96.63953219, 40.12547074 ], [ -96.63469115, 40.13858546 ], [ -96.62762359, 40.15817284 ], [ -96.60781058, 40.19087492 ], [ -96.60198905, 40.19785707 ], [ -96.57897303, 40.22357703 ], [ -96.56928696, 40.23346841 ], [ -96.54722423, 40.25627913 ], [ -96.53658488, 40.26718658 ], [ -96.51552744, 40.28898122 ], [ -96.50388278, 40.30091682 ], [ -96.4838661, 40.32168332 ], [ -96.47118068, 40.33475299 ], [ -96.45138434, 40.3543854 ], [ -96.43847858, 40.36835882 ], [ -96.41812791, 40.38708751 ], [ -96.40577649, 40.40083121 ], [ -96.38583986, 40.41978959 ], [ -96.37307439, 40.43408536 ], [ -96.35454881, 40.4524917 ], [ -96.34037229, 40.46826642 ], [ -96.32364529, 40.48519378 ], [ -96.30767019, 40.50279507 ], [ -96.29284066, 40.51789589 ], [ -96.27496812, 40.53731218 ], [ -96.26182872, 40.55059799 ], [ -96.24226602, 40.57160747 ], [ -96.23067571, 40.58330007 ], [ -96.20956392, 40.60558933 ], [ -96.19921552, 40.61600218 ], [ -96.17686182, 40.63928701 ], [ -96.16753442, 40.64870426 ], [ -96.14415973, 40.67284457 ], [ -96.13565341, 40.68140637 ], [ -96.11145763, 40.70608542 ], [ -96.10348785, 40.71410845 ], [ -96.07875553, 40.73917168 ], [ -96.07116716, 40.74681055 ], [ -96.04605343, 40.77192426 ], [ -96.03849005, 40.77951264 ], [ -96.01335136, 40.80448502 ], [ -95.98064926, 40.78769114 ], [ -95.97247076, 40.77951264 ], [ -95.94794716, 40.75499381 ], [ -95.93976389, 40.74681055 ], [ -95.91524506, 40.72229855 ], [ -95.90705496, 40.71410845 ], [ -95.88254297, 40.68960404 ], [ -95.87434529, 40.68140637 ], [ -95.84984087, 40.65690979 ], [ -95.84163535, 40.64870426 ], [ -95.81713877, 40.62421566 ], [ -95.80892528, 40.61600218 ], [ -95.78443667, 40.59152146 ], [ -95.78443667, 40.59147607 ], [ -95.78807452, 40.58330007 ], [ -95.81596055, 40.55059799 ], [ -95.81713877, 40.54921672 ], [ -95.84472016, 40.51789589 ], [ -95.84984087, 40.51208092 ], [ -95.87437163, 40.48519378 ], [ -95.88254297, 40.47622493 ], [ -95.90500587, 40.4524917 ], [ -95.91524506, 40.44165789 ], [ -95.93680754, 40.41978959 ], [ -95.94794716, 40.40844406 ], [ -95.96996121, 40.38708751 ], [ -95.98064926, 40.37667418 ], [ -96.004801, 40.3543854 ], [ -96.01335136, 40.34646084 ], [ -96.04189713, 40.32168332 ], [ -96.04605343, 40.31805474 ], [ -96.07875553, 40.29146662 ], [ -96.08203772, 40.28898122 ], [ -96.11145763, 40.26679527 ], [ -96.12673822, 40.25627913 ], [ -96.14415973, 40.24433892 ], [ -96.17686182, 40.22425428 ], [ -96.17804055, 40.22357703 ], [ -96.20956392, 40.20578498 ], [ -96.23915938, 40.19087492 ], [ -96.24226602, 40.1893446 ], [ -96.27496812, 40.17375969 ], [ -96.30767019, 40.15870083 ], [ -96.30865951, 40.15817284 ], [ -96.34037229, 40.14151556 ], [ -96.36298764, 40.12547074 ], [ -96.37307439, 40.11803245 ], [ -96.39896105, 40.09276865 ], [ -96.40577649, 40.08511199 ], [ -96.42400408, 40.06006655 ], [ -96.43847858, 40.0359207 ], [ -96.44303915, 40.02736446 ], [ -96.45583232, 39.99466236 ], [ -96.46115008, 39.96196028 ], [ -96.46147211, 39.92925817 ], [ -96.45799996, 39.89655607 ], [ -96.45009461, 39.86385398 ], [ -96.43847858, 39.83683568 ], [ -96.43541281, 39.83115188 ], [ -96.40636413, 39.7984498 ], [ -96.40577649, 39.7980107 ], [ -96.37307439, 39.78374031 ], [ -96.34037229, 39.78038845 ], [ -96.30767019, 39.78535727 ], [ -96.27869104, 39.7984498 ], [ -96.27496812, 39.79998886 ], [ -96.25212091, 39.83115188 ], [ -96.24226602, 39.83857196 ], [ -96.20956392, 39.8353728 ], [ -96.17686182, 39.83851828 ], [ -96.14415973, 39.84167098 ], [ -96.11145763, 39.84298338 ], [ -96.07875553, 39.84142306 ], [ -96.04605343, 39.83593036 ], [ -96.03043173, 39.83115188 ], [ -96.01335136, 39.82704676 ], [ -95.98064926, 39.81365886 ], [ -95.95759249, 39.7984498 ], [ -95.94794716, 39.78913539 ], [ -95.92907511, 39.76574769 ], [ -95.91524506, 39.74079861 ], [ -95.91142811, 39.73304561 ], [ -95.89789445, 39.7003435 ], [ -95.88563127, 39.66764142 ], [ -95.88254297, 39.65997077 ], [ -95.87274289, 39.63493932 ], [ -95.85760448, 39.60223721 ], [ -95.84984087, 39.58708149 ], [ -95.84036839, 39.56953513 ], [ -95.82552283, 39.53683302 ], [ -95.81713877, 39.51747662 ], [ -95.81113636, 39.50413094 ], [ -95.78976226, 39.47142883 ], [ -95.78443667, 39.46560315 ], [ -95.75832512, 39.43872675 ], [ -95.75173457, 39.43344352 ], [ -95.7190325, 39.40923362 ], [ -95.7143453, 39.40602465 ], [ -95.6863304, 39.39000731 ], [ -95.6536283, 39.37353837 ], [ -95.65318077, 39.37332256 ], [ -95.6209262, 39.35957088 ], [ -95.58822411, 39.34705765 ], [ -95.57029807, 39.34062046 ], [ -95.55552201, 39.33574221 ], [ -95.52281991, 39.32538582 ], [ -95.49011781, 39.3155917 ], [ -95.46365491, 39.30791835 ], [ -95.45741574, 39.30619617 ], [ -95.42471364, 39.29755734 ], [ -95.39201154, 39.28945573 ], [ -95.35930944, 39.28300187 ], [ -95.32660735, 39.27742612 ], [ -95.31221531, 39.27521627 ], [ -95.29390525, 39.2724233 ], [ -95.26120315, 39.26780894 ], [ -95.22850105, 39.26344902 ], [ -95.19579897, 39.25940045 ], [ -95.16309688, 39.25586054 ], [ -95.13039478, 39.25338708 ], [ -95.09769268, 39.25090755 ], [ -95.06499058, 39.24837276 ], [ -95.03228849, 39.24578054 ], [ -94.99958639, 39.24314984 ], [ -94.99163561, 39.24251417 ], [ -94.96688429, 39.24045246 ], [ -94.93418221, 39.2376851 ], [ -94.90148012, 39.23479271 ], [ -94.86877802, 39.23178959 ], [ -94.83607592, 39.22864386 ], [ -94.80337382, 39.22534356 ], [ -94.77067173, 39.22184585 ], [ -94.73796963, 39.21814538 ], [ -94.7297882, 39.24251417 ], [ -94.72974281, 39.24251417 ], [ -94.72975073, 39.20981208 ], [ -94.70526753, 39.18532335 ], [ -94.69705418, 39.17710998 ], [ -94.69705972, 39.14440789 ], [ -94.6970641, 39.11170579 ], [ -94.67256545, 39.08720723 ], [ -94.6643619, 39.07900371 ], [ -94.66436327, 39.0463016 ], [ -94.63986336, 39.02180513 ], [ -94.63165774, 39.0135995 ], [ -94.63165676, 38.98089741 ], [ -94.60716126, 38.9564071 ], [ -94.59894947, 38.94819531 ], [ -94.59894728, 38.91549323 ], [ -94.59894476, 38.88279112 ], [ -94.57445916, 38.85831068 ], [ -94.57445916, 38.85826529 ], [ -94.58406451, 38.85008904 ], [ -94.60716126, 38.82903796 ], [ -94.6196911, 38.81738693 ], [ -94.63986336, 38.80063759 ], [ -94.65907617, 38.78468485 ], [ -94.67256545, 38.77455289 ], [ -94.70328396, 38.75198275 ], [ -94.70526753, 38.75064678 ], [ -94.73796963, 38.72814833 ], [ -94.75104481, 38.71928066 ], [ -94.77067173, 38.70713273 ], [ -94.80337382, 38.68777483 ], [ -94.80516904, 38.68657856 ], [ -94.83607592, 38.66813087 ], [ -94.85905807, 38.65387645 ], [ -94.86877802, 38.64838219 ], [ -94.90148012, 38.62638073 ], [ -94.90836999, 38.62117437 ], [ -94.93418221, 38.60128779 ], [ -94.94732291, 38.58847227 ], [ -94.96688429, 38.5628095 ], [ -94.97178714, 38.55577018 ], [ -94.99205186, 38.52306808 ], [ -94.99958639, 38.50634118 ], [ -95.00645239, 38.49036599 ], [ -95.01626199, 38.45766389 ], [ -95.02510848, 38.42496181 ], [ -95.03228849, 38.39577298 ], [ -95.03306, 38.3922597 ], [ -95.03893606, 38.3595576 ], [ -95.04445289, 38.32685551 ], [ -95.04925455, 38.29415341 ], [ -95.05286966, 38.26145132 ], [ -95.05479964, 38.22874922 ], [ -95.05447639, 38.19604714 ], [ -95.0514702, 38.16334503 ], [ -95.04564736, 38.13064295 ], [ -95.03697076, 38.09794084 ], [ -95.03228849, 38.0834717 ], [ -95.02540435, 38.06523874 ], [ -95.01204601, 38.03253666 ], [ -94.99958639, 38.0044176 ], [ -94.99743697, 37.99983455 ], [ -94.98514658, 37.96713247 ], [ -94.9744712, 37.93443036 ], [ -94.96826924, 37.90172828 ], [ -94.96688429, 37.88969739 ], [ -94.96437305, 37.86902618 ], [ -94.96688429, 37.84630304 ], [ -94.96787082, 37.83632409 ], [ -94.97538897, 37.80362199 ], [ -94.99048558, 37.77091988 ], [ -94.99958639, 37.75767822 ], [ -95.01196514, 37.7382178 ], [ -95.03228849, 37.71503934 ], [ -95.03999794, 37.7055157 ], [ -95.06499058, 37.68247263 ], [ -95.07460296, 37.67281361 ], [ -95.09769268, 37.65539093 ], [ -95.11614977, 37.64011151 ], [ -95.13039478, 37.63116903 ], [ -95.16309688, 37.60964181 ], [ -95.16621798, 37.60740942 ], [ -95.19579897, 37.59024932 ], [ -95.22199188, 37.57470732 ], [ -95.22850105, 37.57134635 ], [ -95.26120315, 37.55331476 ], [ -95.28017249, 37.54200524 ], [ -95.29390525, 37.53477562 ], [ -95.32660735, 37.51472654 ], [ -95.3331753, 37.50930313 ], [ -95.35930944, 37.48680373 ], [ -95.37068228, 37.47660103 ], [ -95.39201154, 37.46233039 ], [ -95.42410104, 37.44389894 ], [ -95.42471364, 37.44353007 ], [ -95.45741574, 37.42321767 ], [ -95.47499629, 37.41119684 ], [ -95.49011781, 37.39784354 ], [ -95.5102813, 37.37849476 ], [ -95.52281991, 37.3602982 ], [ -95.53260474, 37.34579265 ], [ -95.54312557, 37.31309057 ], [ -95.52281991, 37.28205454 ], [ -95.52163724, 37.28038846 ], [ -95.49011781, 37.25147553 ], [ -95.48594822, 37.24768638 ], [ -95.45741574, 37.22486017 ], [ -95.44499286, 37.21498427 ], [ -95.42471364, 37.19990997 ], [ -95.40074721, 37.18228217 ], [ -95.39201154, 37.17565462 ], [ -95.35930944, 37.15306776 ], [ -95.35427136, 37.14958009 ], [ -95.32660735, 37.12852082 ], [ -95.30938527, 37.11687798 ], [ -95.29390525, 37.10435983 ], [ -95.26526775, 37.0841759 ], [ -95.26120315, 37.08083955 ], [ -95.22850105, 37.05620776 ], [ -95.22153373, 37.05147379 ], [ -95.19579897, 37.03163379 ], [ -95.17719583, 37.01877171 ], [ -95.16309688, 37.0079698 ], [ -95.13145502, 36.98606961 ], [ -95.13039478, 36.98527104 ], [ -95.09769268, 36.96143197 ], [ -95.08568134, 36.95336752 ], [ -95.06499058, 36.93843236 ], [ -95.03228849, 36.94518649 ], [ -95.03228849, 36.9451411 ], [ -95.05677198, 36.92066542 ], [ -95.06499058, 36.91244683 ], [ -95.08947951, 36.88796331 ], [ -95.08948193, 36.85526123 ], [ -95.09769268, 36.84705049 ], [ -95.12218721, 36.82255913 ], [ -95.13039478, 36.81435156 ], [ -95.15489167, 36.78985704 ], [ -95.15489278, 36.75715494 ], [ -95.16309688, 36.74895084 ], [ -95.18759634, 36.72445285 ], [ -95.19579897, 36.71625023 ], [ -95.22029955, 36.69175075 ], [ -95.22030012, 36.65904867 ], [ -95.22850105, 36.65084771 ], [ -95.2530029, 36.62634656 ], [ -95.26120315, 36.6181463 ], [ -95.28570551, 36.59364446 ], [ -95.29390525, 36.58544472 ], [ -95.31840797, 36.56094237 ], [ -95.31840819, 36.52824027 ], [ -95.32660735, 36.52004112 ], [ -95.35111046, 36.49553819 ], [ -95.35930944, 36.48733921 ], [ -95.38381264, 36.46283608 ], [ -95.38381272, 36.430134 ], [ -95.39201154, 36.42193517 ], [ -95.41651475, 36.39743189 ], [ -95.42471364, 36.38923302 ], [ -95.44921672, 36.36472981 ], [ -95.44921668, 36.3320277 ], [ -95.45741574, 36.32382866 ], [ -95.48191852, 36.29932562 ], [ -95.49011781, 36.29112631 ], [ -95.51462029, 36.26662352 ], [ -95.52281991, 36.25842388 ], [ -95.54732199, 36.23392141 ], [ -95.54732182, 36.20121933 ], [ -95.55552201, 36.19301913 ], [ -95.58002343, 36.16851722 ], [ -95.58822411, 36.16031654 ], [ -95.61272496, 36.13581514 ], [ -95.6127247, 36.10311304 ], [ -95.6209262, 36.09491153 ], [ -95.64542614, 36.07041095 ], [ -95.6536283, 36.0622088 ], [ -95.67812753, 36.03770885 ], [ -95.67812718, 36.00500676 ], [ -95.6863304, 35.99680353 ], [ -95.71082848, 35.97230466 ], [ -95.7190325, 35.96410065 ], [ -95.74352974, 35.93960256 ], [ -95.75173457, 35.93139773 ], [ -95.77623094, 35.90690047 ], [ -95.77623049, 35.87419837 ], [ -95.78443667, 35.86599217 ], [ -95.80893161, 35.84149628 ], [ -95.81713877, 35.83328912 ], [ -95.84163271, 35.80879418 ], [ -95.84163218, 35.7760921 ], [ -95.84984087, 35.76788342 ], [ -95.87433323, 35.74338999 ], [ -95.88254297, 35.73518026 ], [ -95.90703425, 35.71068791 ], [ -95.90703366, 35.6779858 ], [ -95.91524506, 35.66977441 ], [ -95.93973465, 35.6452837 ], [ -95.94794716, 35.63707119 ], [ -95.97243561, 35.61258162 ], [ -95.98064926, 35.60436799 ], [ -96.00513658, 35.57987951 ], [ -96.00513597, 35.54717743 ], [ -96.01335136, 35.53896203 ], [ -96.03783696, 35.51447532 ], [ -96.04605343, 35.50625884 ], [ -96.07053798, 35.48177324 ], [ -96.07053736, 35.44907114 ], [ -96.07875553, 35.44085296 ], [ -96.10323842, 35.41636905 ], [ -96.11145763, 35.40814985 ], [ -96.13593952, 35.38366695 ], [ -96.13593896, 35.35096484 ], [ -96.14415973, 35.34274408 ], [ -96.1686401, 35.31826276 ], [ -96.16868551, 35.31826276 ], [ -96.15632302, 35.35096484 ], [ -96.17686182, 35.36447555 ], [ -96.20320275, 35.38366695 ], [ -96.20956392, 35.38799604 ], [ -96.24226602, 35.40647066 ], [ -96.25833424, 35.41636905 ], [ -96.27496812, 35.42661789 ], [ -96.30767019, 35.44612749 ], [ -96.31280894, 35.44907114 ], [ -96.34037229, 35.4648604 ], [ -96.36692598, 35.48177324 ], [ -96.37307439, 35.48542177 ], [ -96.40577649, 35.50058061 ], [ -96.43257851, 35.51447532 ], [ -96.43847858, 35.51753404 ], [ -96.47118068, 35.53376152 ], [ -96.49468642, 35.54717743 ], [ -96.50388278, 35.55201641 ], [ -96.53658488, 35.56479673 ], [ -96.56928696, 35.57673666 ], [ -96.57604259, 35.57987951 ], [ -96.60198905, 35.59299203 ], [ -96.63469115, 35.60607561 ], [ -96.65177434, 35.61258162 ], [ -96.66739325, 35.61852996 ], [ -96.70009535, 35.63022198 ], [ -96.73279744, 35.64095417 ], [ -96.74657481, 35.6452837 ], [ -96.76549954, 35.65123204 ], [ -96.79820164, 35.66057818 ], [ -96.83090372, 35.66898756 ], [ -96.86360581, 35.67430478 ], [ -96.87682197, 35.6779858 ], [ -96.89630791, 35.6838771 ], [ -96.92901001, 35.69024403 ], [ -96.96171211, 35.6957196 ], [ -96.9944142, 35.70051656 ], [ -97.0271163, 35.70482732 ], [ -97.0598184, 35.70610829 ], [ -97.07886356, 35.71068791 ], [ -97.09252048, 35.71391874 ], [ -97.12522257, 35.71410203 ], [ -97.15792467, 35.71626178 ], [ -97.19062677, 35.7183485 ], [ -97.22332887, 35.72001959 ], [ -97.25603097, 35.72187349 ], [ -97.28873306, 35.72374388 ], [ -97.32143516, 35.7260752 ], [ -97.35413724, 35.72912164 ], [ -97.38683934, 35.73283476 ], [ -97.41954143, 35.73644352 ], [ -97.45224353, 35.74031396 ], [ -97.46726744, 35.74338999 ], [ -97.48494563, 35.74676144 ], [ -97.51764773, 35.75057622 ], [ -97.55034982, 35.75865967 ], [ -97.58305192, 35.7719342 ], [ -97.58889071, 35.7760921 ], [ -97.615754, 35.79822807 ], [ -97.6219566, 35.80879418 ], [ -97.6375908, 35.84149628 ], [ -97.6484561, 35.8684464 ], [ -97.65006541, 35.87419837 ], [ -97.65624537, 35.90690047 ], [ -97.66156351, 35.93960256 ], [ -97.66534229, 35.97230466 ], [ -97.6677437, 36.00500676 ], [ -97.66890586, 36.03770885 ], [ -97.668687, 36.07041095 ], [ -97.66719848, 36.10311304 ], [ -97.66425325, 36.13581514 ], [ -97.66104449, 36.16851722 ], [ -97.65820512, 36.20121933 ], [ -97.65565237, 36.23392141 ], [ -97.65352618, 36.26662352 ], [ -97.65205843, 36.29932562 ], [ -97.65225784, 36.3320277 ], [ -97.65578183, 36.36472981 ], [ -97.68115819, 36.3957333 ], [ -97.70227586, 36.39743189 ], [ -97.71386029, 36.39782226 ], [ -97.71590138, 36.39743189 ], [ -97.74656239, 36.3922478 ], [ -97.77926449, 36.38434869 ], [ -97.81196658, 36.3747157 ], [ -97.84373173, 36.36472981 ], [ -97.84466868, 36.36446674 ], [ -97.87737076, 36.35582441 ], [ -97.91007286, 36.34570462 ], [ -97.94277496, 36.33282505 ], [ -97.94428062, 36.3320277 ], [ -97.97547705, 36.31297877 ], [ -97.99020094, 36.29932562 ], [ -98.00817915, 36.27998877 ], [ -98.01969303, 36.26662352 ], [ -98.04088125, 36.23888358 ], [ -98.04499528, 36.23392141 ], [ -98.06813563, 36.20121933 ], [ -98.07358335, 36.19277083 ], [ -98.09112451, 36.16851722 ], [ -98.10628544, 36.14641787 ], [ -98.11479453, 36.13581514 ], [ -98.13898752, 36.1073984 ], [ -98.14326229, 36.10311304 ], [ -98.17168962, 36.0805955 ], [ -98.18614729, 36.07041095 ], [ -98.20439172, 36.06202195 ], [ -98.23709381, 36.04987094 ], [ -98.26979591, 36.04235959 ], [ -98.27991004, 36.03770885 ], [ -98.30249801, 36.02040127 ], [ -98.33288041, 36.00500676 ], [ -98.33520011, 36.00404689 ], [ -98.33689845, 36.00500676 ], [ -98.3679022, 36.02408617 ], [ -98.3765459, 36.03770885 ], [ -98.39546735, 36.07041095 ], [ -98.40060428, 36.08087816 ], [ -98.40830248, 36.10311304 ], [ -98.41444253, 36.13581514 ], [ -98.40976451, 36.16851722 ], [ -98.40060428, 36.1841958 ], [ -98.38741417, 36.20121933 ], [ -98.3679022, 36.22583039 ], [ -98.36126002, 36.23392141 ], [ -98.33742241, 36.26662352 ], [ -98.33520011, 36.27018072 ], [ -98.31763507, 36.29932562 ], [ -98.30249801, 36.33096167 ], [ -98.30200362, 36.3320277 ], [ -98.28780073, 36.36472981 ], [ -98.27611175, 36.39743189 ], [ -98.26979591, 36.42088319 ], [ -98.26721673, 36.430134 ], [ -98.26162846, 36.46283608 ], [ -98.25787074, 36.49553819 ], [ -98.25475576, 36.52824027 ], [ -98.25187993, 36.56094237 ], [ -98.24950255, 36.59364446 ], [ -98.24731229, 36.62634656 ], [ -98.24489589, 36.65904867 ], [ -98.24193511, 36.69175075 ], [ -98.23803264, 36.72445285 ], [ -98.23709381, 36.73023502 ], [ -98.23240459, 36.75715494 ], [ -98.22415666, 36.78985704 ], [ -98.21180034, 36.82255913 ], [ -98.20439172, 36.83645693 ], [ -98.19182511, 36.85526123 ], [ -98.17168962, 36.87572098 ], [ -98.15535948, 36.88796331 ], [ -98.13898752, 36.89683898 ], [ -98.10628544, 36.91109798 ], [ -98.08400092, 36.92066542 ], [ -98.07358335, 36.92386184 ], [ -98.04088125, 36.93502779 ], [ -98.00817915, 36.94062931 ], [ -97.98666889, 36.95336752 ], [ -97.97547705, 36.95892399 ], [ -97.94277496, 36.97573988 ], [ -97.91570972, 36.98606961 ], [ -97.91007286, 36.98839798 ], [ -97.87737076, 36.99962932 ], [ -97.84466868, 37.01261013 ], [ -97.82889359, 37.01877171 ], [ -97.81196658, 37.02759996 ], [ -97.77926449, 37.045187 ], [ -97.76808826, 37.05147379 ], [ -97.74656239, 37.06936399 ], [ -97.72965577, 37.0841759 ], [ -97.71386029, 37.105219 ], [ -97.70487755, 37.11687798 ], [ -97.68638419, 37.14958009 ], [ -97.68115819, 37.1628695 ], [ -97.67155495, 37.18228217 ], [ -97.65698393, 37.21498427 ], [ -97.6484561, 37.24192621 ], [ -97.64535457, 37.24768638 ], [ -97.615754, 37.25539868 ], [ -97.59647526, 37.28038846 ], [ -97.58305192, 37.28524398 ], [ -97.55943281, 37.31309057 ], [ -97.55034982, 37.31927972 ], [ -97.53045981, 37.34579265 ], [ -97.51764773, 37.36025298 ], [ -97.5055965, 37.37849476 ], [ -97.48494563, 37.40755308 ], [ -97.48249264, 37.41119684 ], [ -97.46504843, 37.44389894 ], [ -97.45224353, 37.47644823 ], [ -97.45218463, 37.47660103 ], [ -97.44804955, 37.50930313 ], [ -97.45068471, 37.54200524 ], [ -97.45224353, 37.54836614 ], [ -97.46094603, 37.57470732 ], [ -97.47806188, 37.60740942 ], [ -97.48494563, 37.61729586 ], [ -97.50310122, 37.64011151 ], [ -97.51764773, 37.65498154 ], [ -97.53727107, 37.67281361 ], [ -97.55034982, 37.68292255 ], [ -97.58305192, 37.70289656 ], [ -97.58959647, 37.7055157 ], [ -97.615754, 37.71589105 ], [ -97.6484561, 37.72417651 ], [ -97.68115819, 37.72810992 ], [ -97.71386029, 37.72761048 ], [ -97.74656239, 37.72275376 ], [ -97.77926449, 37.71294563 ], [ -97.795758, 37.7055157 ], [ -97.81196658, 37.69841335 ], [ -97.84466868, 37.67981036 ], [ -97.85562701, 37.67281361 ], [ -97.87737076, 37.65992761 ], [ -97.90918446, 37.64011151 ], [ -97.91007286, 37.6396033 ], [ -97.94277496, 37.62136559 ], [ -97.96625902, 37.60740942 ], [ -97.97547705, 37.60245079 ], [ -98.00817915, 37.58367484 ], [ -98.02182603, 37.57470732 ], [ -98.04088125, 37.56284312 ], [ -98.0678434, 37.54200524 ], [ -98.07358335, 37.53762063 ], [ -98.10306112, 37.50930313 ], [ -98.10628544, 37.5061349 ], [ -98.13025019, 37.47660103 ], [ -98.13898752, 37.46509649 ], [ -98.15183407, 37.44389894 ], [ -98.16651046, 37.41119684 ], [ -98.17168962, 37.38846895 ], [ -98.174001, 37.37849476 ], [ -98.17975651, 37.34579265 ], [ -98.20439172, 37.31435395 ], [ -98.2067138, 37.31309057 ], [ -98.23709381, 37.29567396 ], [ -98.26979591, 37.28394592 ], [ -98.29923743, 37.28038846 ], [ -98.30249801, 37.27990877 ], [ -98.30499369, 37.28038846 ], [ -98.33520011, 37.28613845 ], [ -98.3679022, 37.30329053 ], [ -98.37920265, 37.31309057 ], [ -98.40060428, 37.33256873 ], [ -98.41129381, 37.34579265 ], [ -98.43330638, 37.37586186 ], [ -98.43493877, 37.37849476 ], [ -98.45324356, 37.41119684 ], [ -98.46600848, 37.43957267 ], [ -98.46783766, 37.44389894 ], [ -98.47862135, 37.47660103 ], [ -98.48638231, 37.50930313 ], [ -98.49732988, 37.54200524 ], [ -98.49871058, 37.54540162 ], [ -98.51036275, 37.57470732 ], [ -98.52592915, 37.60740942 ], [ -98.53141267, 37.61754812 ], [ -98.54463057, 37.64011151 ], [ -98.56411477, 37.66890959 ], [ -98.5673847, 37.67281361 ], [ -98.59681687, 37.70497718 ], [ -98.59754159, 37.7055157 ], [ -98.62951897, 37.73115662 ], [ -98.64611786, 37.7382178 ], [ -98.66222104, 37.74804471 ], [ -98.69492314, 37.75925838 ], [ -98.72762524, 37.76583366 ], [ -98.73560613, 37.77091988 ], [ -98.7491475, 37.80362199 ], [ -98.75651507, 37.83632409 ], [ -98.75893869, 37.86902618 ], [ -98.76032734, 37.8802824 ], [ -98.76192039, 37.90172828 ], [ -98.76466397, 37.93443036 ], [ -98.76795786, 37.96713247 ], [ -98.77204939, 37.99983455 ], [ -98.7775448, 38.03253666 ], [ -98.78534852, 38.06523874 ], [ -98.79302943, 38.0867378 ], [ -98.79621257, 38.09794084 ], [ -98.80948073, 38.13064295 ], [ -98.82573153, 38.15628082 ], [ -98.82934169, 38.16334503 ], [ -98.85115577, 38.19604714 ], [ -98.85843363, 38.2047857 ], [ -98.87356393, 38.22874922 ], [ -98.89113573, 38.25498518 ], [ -98.89440283, 38.26145132 ], [ -98.90844757, 38.29415341 ], [ -98.91572996, 38.32685551 ], [ -98.91492308, 38.3595576 ], [ -98.90317839, 38.3922597 ], [ -98.89113573, 38.40947414 ], [ -98.87907304, 38.42496181 ], [ -98.86136565, 38.45766389 ], [ -98.85891277, 38.49036599 ], [ -98.86253755, 38.52306808 ], [ -98.86814343, 38.55577018 ], [ -98.88026637, 38.58847227 ], [ -98.89113573, 38.62065684 ], [ -98.89133398, 38.62117437 ], [ -98.90152938, 38.65387645 ], [ -98.91701167, 38.68657856 ], [ -98.9238378, 38.69677794 ], [ -98.9559407, 38.71928066 ], [ -98.9565399, 38.71958026 ], [ -98.989242, 38.72678955 ], [ -99.0219441, 38.72037692 ], [ -99.02498951, 38.71928066 ], [ -99.05464619, 38.70877425 ], [ -99.08734829, 38.69330721 ], [ -99.09832142, 38.68657856 ], [ -99.12005039, 38.6705484 ], [ -99.14070918, 38.65387645 ], [ -99.15275249, 38.64305405 ], [ -99.18059102, 38.62117437 ], [ -99.18545457, 38.616565 ], [ -99.21815666, 38.59130792 ], [ -99.2235143, 38.58847227 ], [ -99.25085876, 38.56637251 ], [ -99.27438552, 38.55577018 ], [ -99.28356086, 38.54329676 ], [ -99.30645009, 38.55577018 ], [ -99.31626296, 38.55880169 ], [ -99.33621325, 38.58847227 ], [ -99.34896505, 38.6001033 ], [ -99.36409606, 38.62117437 ], [ -99.38166715, 38.6382197 ], [ -99.39511056, 38.65387645 ], [ -99.41436925, 38.67119287 ], [ -99.430536, 38.68657856 ], [ -99.44707133, 38.70161976 ], [ -99.46665959, 38.71928066 ], [ -99.47977342, 38.73130944 ], [ -99.50412844, 38.75198275 ], [ -99.51247552, 38.75944932 ], [ -99.54454388, 38.78468485 ], [ -99.54517762, 38.78523115 ], [ -99.57787972, 38.80835843 ], [ -99.59486154, 38.81738693 ], [ -99.61058181, 38.82720193 ], [ -99.64328391, 38.84019378 ], [ -99.67598601, 38.84737714 ], [ -99.69338701, 38.85008904 ], [ -99.70868809, 38.85379893 ], [ -99.74139018, 38.86018472 ], [ -99.77409228, 38.86600808 ], [ -99.80679438, 38.87290098 ], [ -99.83949648, 38.8818229 ], [ -99.84184671, 38.88279112 ], [ -99.87219858, 38.91314992 ], [ -99.87341737, 38.91549323 ], [ -99.87629836, 38.94819531 ], [ -99.87219858, 38.97548261 ], [ -99.87091829, 38.98089741 ], [ -99.8548135, 39.0135995 ], [ -99.83949648, 39.03719063 ], [ -99.8267814, 39.0463016 ], [ -99.80679438, 39.05652272 ], [ -99.77409228, 39.05763499 ], [ -99.74139018, 39.05008321 ], [ -99.73033432, 39.0463016 ], [ -99.70868809, 39.0389405 ], [ -99.67598601, 39.02908615 ], [ -99.64328391, 39.0230706 ], [ -99.61058181, 39.0212559 ], [ -99.57787972, 39.02309217 ], [ -99.54517762, 39.02808763 ], [ -99.51247552, 39.0356337 ], [ -99.47977342, 39.04554304 ], [ -99.47764036, 39.0463016 ], [ -99.44707133, 39.05509715 ], [ -99.41436925, 39.06534906 ], [ -99.38166715, 39.0761513 ], [ -99.37318676, 39.07900371 ], [ -99.34896505, 39.08615372 ], [ -99.31626296, 39.09518801 ], [ -99.28356086, 39.10319846 ], [ -99.25085876, 39.11029144 ], [ -99.24375518, 39.11170579 ], [ -99.21815666, 39.11661005 ], [ -99.18545457, 39.12256841 ], [ -99.15275249, 39.12773681 ], [ -99.12005039, 39.13116108 ], [ -99.08734829, 39.13166815 ], [ -99.05464619, 39.12855211 ], [ -99.0219441, 39.11855412 ], [ -99.01111174, 39.11170579 ], [ -98.989242, 39.09260118 ], [ -98.98014236, 39.07900371 ], [ -98.96411611, 39.0463016 ], [ -98.9565399, 39.02610795 ], [ -98.95272949, 39.0135995 ], [ -98.94365697, 38.98089741 ], [ -98.93476973, 38.94819531 ], [ -98.92454886, 38.91549323 ], [ -98.9238378, 38.91328476 ], [ -98.9143443, 38.88279112 ], [ -98.903624, 38.85008904 ], [ -98.89113573, 38.81962768 ], [ -98.88990918, 38.81738693 ], [ -98.86529522, 38.78468485 ], [ -98.85843363, 38.77887285 ], [ -98.82573153, 38.7612949 ], [ -98.812036, 38.75198275 ], [ -98.79302943, 38.73952675 ], [ -98.76378256, 38.71928066 ], [ -98.76032734, 38.716611 ], [ -98.72937699, 38.68657856 ], [ -98.72762524, 38.6841537 ], [ -98.71220589, 38.65387645 ], [ -98.70720275, 38.62117437 ], [ -98.70983153, 38.58847227 ], [ -98.71667326, 38.55577018 ], [ -98.72574081, 38.52306808 ], [ -98.72762524, 38.51690761 ], [ -98.73564027, 38.49036599 ], [ -98.74687825, 38.45766389 ], [ -98.75438269, 38.42496181 ], [ -98.75492598, 38.3922597 ], [ -98.74475682, 38.3595576 ], [ -98.73310492, 38.32685551 ], [ -98.72762524, 38.30680132 ], [ -98.72450981, 38.29415341 ], [ -98.71754194, 38.26145132 ], [ -98.70726062, 38.22874922 ], [ -98.69492314, 38.20466045 ], [ -98.69006869, 38.19604714 ], [ -98.66222104, 38.16495269 ], [ -98.66012043, 38.16334503 ], [ -98.62951897, 38.14460391 ], [ -98.59681687, 38.13589632 ], [ -98.56411477, 38.13482982 ], [ -98.53141267, 38.13994614 ], [ -98.49871058, 38.14956437 ], [ -98.46791091, 38.16334503 ], [ -98.46600848, 38.16412136 ], [ -98.43330638, 38.18490445 ], [ -98.42381807, 38.19604714 ], [ -98.40117334, 38.22874922 ], [ -98.40060428, 38.22980467 ], [ -98.38601918, 38.26145132 ], [ -98.37455905, 38.29415341 ], [ -98.3679022, 38.31549247 ], [ -98.36431367, 38.32685551 ], [ -98.35461303, 38.3595576 ], [ -98.34743771, 38.3922597 ], [ -98.34266722, 38.42496181 ], [ -98.33831624, 38.45766389 ], [ -98.33520011, 38.47606122 ], [ -98.33258818, 38.49036599 ], [ -98.32383168, 38.52306808 ], [ -98.31042115, 38.55577018 ], [ -98.30249801, 38.56975031 ], [ -98.28959803, 38.58847227 ], [ -98.26979591, 38.61115306 ], [ -98.25927172, 38.62117437 ], [ -98.23709381, 38.63956244 ], [ -98.21666619, 38.65387645 ], [ -98.20439172, 38.66183682 ], [ -98.17168962, 38.68032072 ], [ -98.15929224, 38.68657856 ], [ -98.13898752, 38.6965739 ], [ -98.10628544, 38.71116984 ], [ -98.08663401, 38.71928066 ], [ -98.07358335, 38.72476158 ], [ -98.04088125, 38.73783517 ], [ -98.00817915, 38.75158971 ], [ -98.00726832, 38.75198275 ], [ -97.97547705, 38.76659733 ], [ -97.94277496, 38.78123634 ], [ -97.93518129, 38.78468485 ], [ -97.91007286, 38.79785806 ], [ -97.87815057, 38.81738693 ], [ -97.87737076, 38.8179237 ], [ -97.84466868, 38.84166767 ], [ -97.83387437, 38.85008904 ], [ -97.81196658, 38.86713531 ], [ -97.79191361, 38.88279112 ], [ -97.77926449, 38.89194471 ], [ -97.74656239, 38.91234882 ], [ -97.73923199, 38.91549323 ], [ -97.71386029, 38.9218273 ], [ -97.68115819, 38.9240482 ], [ -97.6484561, 38.92880709 ], [ -97.615754, 38.9422392 ], [ -97.60513633, 38.94819531 ], [ -97.58305192, 38.95989943 ], [ -97.55034982, 38.97665835 ], [ -97.53977601, 38.98089741 ], [ -97.51764773, 38.98982914 ], [ -97.48494563, 39.00372855 ], [ -97.46240797, 39.0135995 ], [ -97.45224353, 39.01869058 ], [ -97.41954143, 39.03509929 ], [ -97.39640027, 39.0463016 ], [ -97.38683934, 39.05278459 ], [ -97.35413724, 39.07139625 ], [ -97.32766148, 39.07900371 ], [ -97.32143516, 39.08376501 ], [ -97.31728368, 39.07900371 ], [ -97.2983741, 39.0463016 ], [ -97.28873306, 39.02972723 ], [ -97.28470087, 39.0135995 ], [ -97.27060918, 38.98089741 ], [ -97.25603097, 38.95800595 ], [ -97.25184889, 38.94819531 ], [ -97.23051097, 38.91549323 ], [ -97.22332887, 38.90786277 ], [ -97.20429124, 38.88279112 ], [ -97.19062677, 38.86966665 ], [ -97.17289637, 38.85008904 ], [ -97.15792467, 38.83706657 ], [ -97.13751345, 38.81738693 ], [ -97.12522257, 38.80742568 ], [ -97.09941129, 38.78468485 ], [ -97.09252048, 38.7792859 ], [ -97.06023012, 38.75198275 ], [ -97.0598184, 38.75165819 ], [ -97.0271163, 38.72392812 ], [ -97.02200852, 38.71928066 ], [ -96.9944142, 38.69461781 ], [ -96.98609672, 38.68657856 ], [ -96.96171211, 38.66234187 ], [ -96.95389506, 38.65387645 ], [ -96.92901001, 38.62468328 ], [ -96.92628838, 38.62117437 ], [ -96.90425235, 38.58847227 ], [ -96.89630791, 38.57122048 ], [ -96.88962067, 38.55577018 ], [ -96.88179161, 38.52306808 ], [ -96.88000669, 38.49036599 ], [ -96.884179, 38.45766389 ], [ -96.89399867, 38.42496181 ], [ -96.89630791, 38.41877577 ], [ -96.90564662, 38.3922597 ], [ -96.91841376, 38.3595576 ], [ -96.92901001, 38.33284559 ], [ -96.93138274, 38.32685551 ], [ -96.94292982, 38.29415341 ], [ -96.95234539, 38.26145132 ], [ -96.95737047, 38.22874922 ], [ -96.95470894, 38.19604714 ], [ -96.94368744, 38.16334503 ], [ -96.92901001, 38.13800958 ], [ -96.92425007, 38.13064295 ], [ -96.89630791, 38.098563 ], [ -96.89572866, 38.09794084 ], [ -96.86360581, 38.06874487 ], [ -96.85958846, 38.06523874 ], [ -96.83090372, 38.04310479 ], [ -96.81738409, 38.03253666 ], [ -96.79820164, 38.01887271 ], [ -96.77291406, 37.99983455 ], [ -96.76549954, 37.99464176 ], [ -96.73279744, 37.96964354 ], [ -96.7298201, 37.96713247 ], [ -96.70009535, 37.94321423 ], [ -96.690357, 37.93443036 ], [ -96.66739325, 37.91429686 ], [ -96.65466347, 37.90172828 ], [ -96.63469115, 37.88207428 ], [ -96.62284634, 37.86902618 ], [ -96.60198905, 37.84559896 ], [ -96.59449917, 37.83632409 ], [ -96.56944392, 37.80362199 ], [ -96.56928696, 37.80340789 ], [ -96.54657331, 37.77091988 ], [ -96.53658488, 37.75523272 ], [ -96.52610157, 37.7382178 ], [ -96.50814263, 37.7055157 ], [ -96.50388278, 37.69651981 ], [ -96.49285839, 37.67281361 ], [ -96.47566443, 37.64011151 ], [ -96.47118068, 37.63278774 ], [ -96.45559139, 37.60740942 ], [ -96.43890454, 37.57470732 ], [ -96.43847858, 37.57382367 ], [ -96.42070162, 37.54200524 ], [ -96.40577649, 37.51904656 ], [ -96.39754213, 37.50930313 ], [ -96.37307439, 37.48037687 ], [ -96.36873102, 37.47660103 ], [ -96.34037229, 37.4512491 ], [ -96.32756792, 37.44389894 ], [ -96.30767019, 37.4317791 ], [ -96.27496812, 37.42034727 ], [ -96.24226602, 37.41459005 ], [ -96.20956392, 37.41239265 ], [ -96.17686182, 37.41265635 ], [ -96.14415973, 37.41477921 ], [ -96.11145763, 37.41847387 ], [ -96.07875553, 37.42374122 ], [ -96.04605343, 37.43080638 ], [ -96.01335136, 37.44028781 ], [ -96.00372172, 37.44389894 ], [ -95.98064926, 37.45282675 ], [ -95.94794716, 37.47350483 ], [ -95.94484474, 37.47660103 ], [ -95.93033435, 37.50930313 ], [ -95.93139637, 37.54200524 ], [ -95.93417455, 37.57470732 ], [ -95.93301086, 37.60740942 ], [ -95.92302129, 37.64011151 ], [ -95.91524506, 37.65793375 ], [ -95.90826122, 37.67281361 ], [ -95.89512683, 37.7055157 ], [ -95.88476222, 37.7382178 ], [ -95.88254297, 37.74862669 ], [ -95.87625557, 37.77091988 ], [ -95.8790392, 37.80362199 ], [ -95.88254297, 37.8118897 ], [ -95.89352737, 37.83632409 ], [ -95.91524506, 37.86825951 ], [ -95.9157502, 37.86902618 ], [ -95.93019611, 37.90172828 ], [ -95.93807249, 37.93443036 ], [ -95.94331744, 37.96713247 ], [ -95.94794716, 37.99576453 ], [ -95.94852009, 37.99983455 ], [ -95.95340681, 38.03253666 ], [ -95.9603484, 38.06523874 ], [ -95.96958279, 38.09794084 ], [ -95.98064926, 38.12937361 ], [ -95.98105235, 38.13064295 ], [ -95.99308381, 38.16334503 ], [ -96.0067889, 38.19604714 ], [ -96.01335136, 38.21017462 ], [ -96.02152363, 38.22874922 ], [ -96.03715482, 38.26145132 ], [ -96.04605343, 38.27887628 ], [ -96.05364101, 38.29415341 ], [ -96.07091593, 38.32685551 ], [ -96.07875553, 38.34092203 ], [ -96.08905944, 38.3595576 ], [ -96.10788477, 38.3922597 ], [ -96.11145763, 38.39815784 ], [ -96.127856, 38.42496181 ], [ -96.14415973, 38.45086514 ], [ -96.14855327, 38.45766389 ], [ -96.17069024, 38.49036599 ], [ -96.17686182, 38.49918255 ], [ -96.19422655, 38.52306808 ], [ -96.20956392, 38.5438063 ], [ -96.21887344, 38.55577018 ], [ -96.24226602, 38.58545284 ], [ -96.24478751, 38.58847227 ], [ -96.27261649, 38.62117437 ], [ -96.27496812, 38.62388384 ], [ -96.30303983, 38.65387645 ], [ -96.30767019, 38.65875887 ], [ -96.33591723, 38.68657856 ], [ -96.34037229, 38.69097966 ], [ -96.37089498, 38.71928066 ], [ -96.37307439, 38.72129727 ], [ -96.40577649, 38.75015023 ], [ -96.40786361, 38.75198275 ], [ -96.43847858, 38.77820298 ], [ -96.44580443, 38.78468485 ], [ -96.47118068, 38.80645954 ], [ -96.48307752, 38.81738693 ], [ -96.50388278, 38.83615268 ], [ -96.51770728, 38.85008904 ], [ -96.53658488, 38.86858694 ], [ -96.54815039, 38.88279112 ], [ -96.56928696, 38.90832573 ], [ -96.57340954, 38.91549323 ], [ -96.59217188, 38.94819531 ], [ -96.60198905, 38.96552639 ], [ -96.60700976, 38.98089741 ], [ -96.61536473, 39.0135995 ], [ -96.62090103, 39.0463016 ], [ -96.6255778, 39.07900371 ], [ -96.63469115, 39.09372847 ], [ -96.66739325, 39.10639568 ], [ -96.69260919, 39.11170579 ], [ -96.70009535, 39.11458671 ], [ -96.73279744, 39.12923961 ], [ -96.76549954, 39.14317589 ], [ -96.76883503, 39.14440789 ], [ -96.79820164, 39.16096463 ], [ -96.83090372, 39.1749379 ], [ -96.83768413, 39.17710998 ], [ -96.86360581, 39.18935892 ], [ -96.89630791, 39.20047154 ], [ -96.92901001, 39.20824152 ], [ -96.93962621, 39.20981208 ], [ -96.96171211, 39.21496093 ], [ -96.9944142, 39.21934259 ], [ -97.0271163, 39.2210888 ], [ -97.0598184, 39.22041978 ], [ -97.09252048, 39.21746072 ], [ -97.12522257, 39.21208793 ], [ -97.13676152, 39.20981208 ], [ -97.15792467, 39.20600648 ], [ -97.19062677, 39.19908734 ], [ -97.22332887, 39.1896452 ], [ -97.24886972, 39.17710998 ], [ -97.25603097, 39.17345431 ], [ -97.26056555, 39.17710998 ], [ -97.25931162, 39.20981208 ], [ -97.25603097, 39.22389133 ], [ -97.2509553, 39.24251417 ], [ -97.25092023, 39.27521627 ], [ -97.2547274, 39.30791835 ], [ -97.25603097, 39.31173734 ], [ -97.26342682, 39.34062046 ], [ -97.27439901, 39.37332256 ], [ -97.28796799, 39.40602465 ], [ -97.28873306, 39.40737545 ], [ -97.30416978, 39.43872675 ], [ -97.32143516, 39.46926326 ], [ -97.32251161, 39.47142883 ], [ -97.3416064, 39.50413094 ], [ -97.35413724, 39.52307419 ], [ -97.36240678, 39.53683302 ], [ -97.38413237, 39.56953513 ], [ -97.38683934, 39.57331964 ], [ -97.40607038, 39.60223721 ], [ -97.41954143, 39.62145413 ], [ -97.42860912, 39.63493932 ], [ -97.45141245, 39.66764142 ], [ -97.45224353, 39.66881752 ], [ -97.47410721, 39.7003435 ], [ -97.48494563, 39.7159027 ], [ -97.49686889, 39.73304561 ], [ -97.51764773, 39.7631217 ], [ -97.51953187, 39.76574769 ], [ -97.54248904, 39.7984498 ], [ -97.55034982, 39.80974299 ], [ -97.56612877, 39.83115188 ], [ -97.58305192, 39.85400536 ], [ -97.5908006, 39.86385398 ], [ -97.615754, 39.8957196 ], [ -97.61644863, 39.89655607 ], [ -97.64339404, 39.92925817 ], [ -97.6484561, 39.93536994 ], [ -97.67144533, 39.96196028 ], [ -97.68115819, 39.97322096 ], [ -97.7003802, 39.99466236 ], [ -97.71386029, 40.00966442 ], [ -97.73037998, 40.02736446 ], [ -97.74656239, 40.04466346 ], [ -97.7614518, 40.06006655 ], [ -97.77926449, 40.07828366 ], [ -97.7938491, 40.09276865 ], [ -97.81196658, 40.110441 ], [ -97.82784715, 40.12547074 ], [ -97.84466868, 40.14101002 ], [ -97.86378889, 40.15817284 ], [ -97.87737076, 40.16992841 ], [ -97.90235971, 40.19087492 ], [ -97.91007286, 40.19705484 ], [ -97.94277496, 40.22227328 ], [ -97.94456624, 40.22357703 ], [ -97.97547705, 40.24465275 ], [ -97.99368989, 40.25627913 ], [ -98.00817915, 40.26489789 ], [ -98.04088125, 40.2821025 ], [ -98.05693113, 40.28898122 ], [ -98.07358335, 40.29558449 ], [ -98.10628544, 40.30575477 ], [ -98.13898752, 40.31448573 ], [ -98.17168962, 40.32089824 ], [ -98.17760861, 40.32168332 ], [ -98.20439172, 40.32541618 ], [ -98.23709381, 40.32600187 ], [ -98.26979591, 40.32295935 ], [ -98.27359582, 40.32168332 ], [ -98.30249801, 40.30982887 ], [ -98.32838539, 40.28898122 ], [ -98.33520011, 40.28320354 ], [ -98.36187549, 40.25627913 ], [ -98.3679022, 40.25004116 ], [ -98.38994452, 40.22357703 ], [ -98.40060428, 40.21022531 ], [ -98.41440586, 40.19087492 ], [ -98.43330638, 40.16308381 ], [ -98.43641782, 40.15817284 ], [ -98.45572183, 40.12547074 ], [ -98.46600848, 40.10664032 ], [ -98.47358627, 40.09276865 ], [ -98.48983125, 40.06006655 ], [ -98.49871058, 40.04027928 ], [ -98.50498879, 40.02736446 ], [ -98.51902627, 39.99466236 ], [ -98.53141267, 39.96596114 ], [ -98.53339865, 39.96196028 ], [ -98.54467809, 39.92925817 ], [ -98.55679097, 39.89655607 ], [ -98.56411477, 39.87351477 ], [ -98.56796042, 39.86385398 ], [ -98.56699141, 39.83115188 ], [ -98.56411477, 39.82949756 ], [ -98.5569945, 39.83115188 ], [ -98.53141267, 39.84490766 ], [ -98.49871058, 39.84859662 ], [ -98.46600848, 39.84655272 ], [ -98.43330638, 39.83877668 ], [ -98.41724808, 39.83115188 ], [ -98.40060428, 39.8248263 ], [ -98.3679022, 39.80185862 ], [ -98.36458403, 39.7984498 ], [ -98.33520011, 39.76676303 ], [ -98.33449308, 39.76574769 ], [ -98.31286508, 39.73304561 ], [ -98.30249801, 39.71446509 ], [ -98.2957814, 39.7003435 ], [ -98.28223608, 39.66764142 ], [ -98.27143798, 39.63493932 ], [ -98.26979591, 39.6288989 ], [ -98.26295635, 39.60223721 ], [ -98.25671837, 39.56953513 ], [ -98.25282018, 39.53683302 ], [ -98.25194808, 39.50413094 ], [ -98.2544522, 39.47142883 ], [ -98.26049532, 39.43872675 ], [ -98.26979591, 39.40815512 ], [ -98.27045771, 39.40602465 ], [ -98.28476865, 39.37332256 ], [ -98.30249801, 39.34390142 ], [ -98.30456455, 39.34062046 ], [ -98.33102744, 39.30791835 ], [ -98.33520011, 39.30383876 ], [ -98.36725341, 39.27521627 ], [ -98.3679022, 39.274758 ], [ -98.40060428, 39.25405267 ], [ -98.42393876, 39.24251417 ], [ -98.43330638, 39.23908001 ], [ -98.46600848, 39.23159378 ], [ -98.49871058, 39.23077112 ], [ -98.53141267, 39.23596031 ], [ -98.55680554, 39.24251417 ], [ -98.56411477, 39.24453875 ], [ -98.59681687, 39.25541086 ], [ -98.62951897, 39.26383825 ], [ -98.66222104, 39.26830679 ], [ -98.69492314, 39.26947188 ], [ -98.72762524, 39.26780831 ], [ -98.76032734, 39.26621923 ], [ -98.79302943, 39.26640113 ], [ -98.82573153, 39.26983297 ], [ -98.84561483, 39.27521627 ], [ -98.85843363, 39.28088126 ], [ -98.88470769, 39.30791835 ], [ -98.89113573, 39.32549399 ], [ -98.89523039, 39.34062046 ], [ -98.89899253, 39.37332256 ], [ -98.8997771, 39.40602465 ], [ -98.89882119, 39.43872675 ], [ -98.89671515, 39.47142883 ], [ -98.89382313, 39.50413094 ], [ -98.89113573, 39.52946348 ], [ -98.89032743, 39.53683302 ], [ -98.88638256, 39.56953513 ], [ -98.88221667, 39.60223721 ], [ -98.87806615, 39.63493932 ], [ -98.87429162, 39.66764142 ], [ -98.8714159, 39.7003435 ], [ -98.87086271, 39.73304561 ], [ -98.87622715, 39.76574769 ], [ -98.89048408, 39.7984498 ], [ -98.89113573, 39.79937015 ], [ -98.91673932, 39.83115188 ], [ -98.9238378, 39.83762628 ], [ -98.95565751, 39.86385398 ], [ -98.9565399, 39.86446354 ], [ -98.989242, 39.88512205 ], [ -99.01010237, 39.89655607 ], [ -99.0219441, 39.90265311 ], [ -99.05464619, 39.91752817 ], [ -99.08593573, 39.92925817 ], [ -99.08734829, 39.92977831 ], [ -99.12005039, 39.94034156 ], [ -99.15275249, 39.94847606 ], [ -99.18545457, 39.95445762 ], [ -99.21815666, 39.95862601 ], [ -99.25085876, 39.96117073 ], [ -99.27629764, 39.96196028 ], [ -99.28356086, 39.96219165 ], [ -99.29547355, 39.96196028 ], [ -99.31626296, 39.96158774 ], [ -99.34896505, 39.95927195 ], [ -99.38166715, 39.95499089 ], [ -99.41436925, 39.94847164 ], [ -99.44707133, 39.93963079 ], [ -99.47658346, 39.92925817 ], [ -99.47977342, 39.92815127 ], [ -99.51247552, 39.91405342 ], [ -99.54383037, 39.89655607 ], [ -99.54517762, 39.89578298 ], [ -99.57787972, 39.87294524 ], [ -99.58850966, 39.86385398 ], [ -99.61058181, 39.84351278 ], [ -99.62192182, 39.83115188 ], [ -99.64328391, 39.8048952 ], [ -99.64785502, 39.7984498 ], [ -99.6670072, 39.76574769 ], [ -99.67598601, 39.74628047 ], [ -99.68153601, 39.73304561 ], [ -99.69363092, 39.7003435 ], [ -99.70592964, 39.66764142 ], [ -99.70868809, 39.66046346 ], [ -99.7195554, 39.63493932 ], [ -99.73470481, 39.60223721 ], [ -99.74139018, 39.58869096 ], [ -99.75299594, 39.56953513 ], [ -99.77409228, 39.53798368 ], [ -99.77522035, 39.53683302 ], [ -99.80679438, 39.50811272 ], [ -99.81901281, 39.50413094 ], [ -99.83949648, 39.49751473 ], [ -99.87047642, 39.50413094 ], [ -99.87219858, 39.50442231 ], [ -99.90490067, 39.52306766 ], [ -99.91943527, 39.53683302 ], [ -99.93760277, 39.55133024 ], [ -99.95410186, 39.56953513 ], [ -99.97030487, 39.58523824 ], [ -99.98418921, 39.60223721 ], [ -100.00300695, 39.62326701 ], [ -100.01173049, 39.63493932 ], [ -100.03570904, 39.6653746 ], [ -100.03731254, 39.66764142 ], [ -100.06349968, 39.7003435 ], [ -100.06841114, 39.70557335 ], [ -100.09467536, 39.73304561 ], [ -100.10111324, 39.73852247 ], [ -100.13381534, 39.76391768 ], [ -100.13649653, 39.76574769 ], [ -100.16651743, 39.79644361 ], [ -100.16828449, 39.7984498 ], [ -100.16651743, 39.80407434 ], [ -100.15799107, 39.83115188 ], [ -100.13430832, 39.86385398 ], [ -100.13381534, 39.86485592 ], [ -100.11526977, 39.89655607 ], [ -100.10274834, 39.92925817 ], [ -100.10111324, 39.93847092 ], [ -100.09623376, 39.96196028 ], [ -100.09493324, 39.99466236 ], [ -100.09677174, 40.02736446 ], [ -100.09838759, 40.06006655 ], [ -100.09642997, 40.09276865 ], [ -100.09050055, 40.12547074 ], [ -100.08394388, 40.15817284 ], [ -100.07796927, 40.19087492 ], [ -100.07361057, 40.22357703 ], [ -100.07304568, 40.25627913 ], [ -100.07549039, 40.28898122 ], [ -100.08012556, 40.32168332 ], [ -100.08632836, 40.3543854 ], [ -100.0910953, 40.38708751 ], [ -100.09368886, 40.41978959 ], [ -100.09517598, 40.4524917 ], [ -100.09612486, 40.48519378 ], [ -100.09700613, 40.51789589 ], [ -100.09807151, 40.55059799 ], [ -100.09955556, 40.58330007 ], [ -100.10111324, 40.60312613 ], [ -100.10210841, 40.61600218 ], [ -100.10420289, 40.64870426 ], [ -100.10763385, 40.68140637 ], [ -100.11187473, 40.71410845 ], [ -100.11698017, 40.74681055 ], [ -100.12297692, 40.77951264 ], [ -100.12993521, 40.81221474 ], [ -100.13381534, 40.82844643 ], [ -100.13771829, 40.84491685 ], [ -100.1463067, 40.87761893 ], [ -100.15583144, 40.91032103 ], [ -100.16561609, 40.94302312 ], [ -100.16651743, 40.94555424 ], [ -100.17743589, 40.97572522 ], [ -100.18956123, 41.00842731 ], [ -100.19921953, 41.03254495 ], [ -100.2026495, 41.04112941 ], [ -100.21649291, 41.07383149 ], [ -100.23120579, 41.1065336 ], [ -100.23192163, 41.10805292 ], [ -100.2464391, 41.1392357 ], [ -100.2624935, 41.17193779 ], [ -100.26462371, 41.17611803 ], [ -100.27898572, 41.20463989 ], [ -100.29606531, 41.23734197 ], [ -100.2973258, 41.23967327 ], [ -100.31347703, 41.27004408 ], [ -100.3300279, 41.30023349 ], [ -100.3313831, 41.30274616 ], [ -100.34938128, 41.33544827 ], [ -100.36273, 41.35901341 ], [ -100.36779942, 41.36815035 ], [ -100.38632814, 41.40085246 ], [ -100.3954321, 41.41644372 ], [ -100.4053318, 41.43355454 ], [ -100.42482535, 41.46625664 ], [ -100.42813419, 41.47165962 ], [ -100.44470043, 41.49895875 ], [ -100.46083629, 41.52477715 ], [ -100.46509033, 41.53166083 ], [ -100.48568747, 41.56436294 ], [ -100.49353839, 41.57662398 ], [ -100.50648017, 41.59706502 ], [ -100.52624047, 41.62773438 ], [ -100.52753571, 41.62976712 ], [ -100.54859297, 41.66246921 ], [ -100.55894257, 41.67827569 ], [ -100.56985915, 41.69517131 ], [ -100.59056691, 41.7278734 ], [ -100.59164466, 41.72949352 ], [ -100.6124607, 41.7605755 ], [ -100.62434676, 41.77862192 ], [ -100.63387419, 41.7932776 ], [ -100.65525997, 41.82597969 ], [ -100.65704886, 41.82869848 ], [ -100.67648027, 41.85868179 ], [ -100.68975096, 41.8790249 ], [ -100.69772774, 41.89138388 ], [ -100.71888986, 41.92408598 ], [ -100.72245305, 41.92956515 ], [ -100.7399324, 41.95678806 ], [ -100.75515515, 41.98049472 ], [ -100.76085919, 41.98949017 ], [ -100.78162438, 42.02219225 ], [ -100.78785723, 42.03202507 ], [ -100.8021743, 42.05489436 ], [ -100.82055933, 42.08426159 ], [ -100.82262146, 42.08759646 ], [ -100.84280014, 42.12029854 ], [ -100.85326142, 42.13731578 ], [ -100.86278673, 42.15300065 ], [ -100.88262633, 42.18570273 ], [ -100.88596352, 42.19125722 ], [ -100.90207752, 42.21840484 ], [ -100.91866562, 42.24644574 ], [ -100.92138457, 42.25110692 ], [ -100.94032948, 42.28380902 ], [ -100.95136772, 42.30307769 ], [ -100.95897193, 42.31651111 ], [ -100.97731514, 42.34921321 ], [ -100.98406981, 42.36137194 ], [ -100.99534844, 42.38191532 ], [ -101.01308813, 42.4146174 ], [ -101.01677191, 42.42148359 ], [ -101.0304979, 42.44731951 ], [ -101.04760754, 42.48002159 ], [ -101.04947399, 42.48364112 ], [ -101.06435483, 42.51272369 ], [ -101.0808253, 42.54542578 ], [ -101.08217609, 42.54815406 ], [ -101.09690123, 42.57812788 ], [ -101.11270415, 42.61082996 ], [ -101.11487819, 42.61541968 ], [ -101.12809128, 42.64353207 ], [ -101.14324767, 42.67623417 ], [ -101.14758028, 42.68579166 ], [ -101.15799077, 42.70893626 ], [ -101.1724651, 42.74163836 ], [ -101.18028238, 42.75953136 ], [ -101.18679032, 42.77434045 ], [ -101.20098082, 42.80704255 ], [ -101.21298448, 42.83496018 ], [ -101.21505799, 42.83974463 ], [ -101.22900026, 42.87244674 ], [ -101.24283336, 42.90514882 ], [ -101.24568658, 42.911991 ], [ -101.25660257, 42.93785093 ], [ -101.27030761, 42.97055303 ], [ -101.27838867, 42.99012561 ], [ -101.28386628, 43.00325511 ], [ -101.29730713, 43.03595722 ], [ -101.3100448, 43.0686593 ], [ -101.31109075, 43.07120135 ], [ -101.32396377, 43.10136141 ], [ -101.3371293, 43.13406349 ], [ -101.34379285, 43.15079602 ], [ -101.35026686, 43.16676559 ], [ -101.36324177, 43.19946768 ], [ -101.37551607, 43.23216978 ], [ -101.37649495, 43.23463039 ], [ -101.38904105, 43.26487189 ], [ -101.40178129, 43.29757397 ], [ -101.40919704, 43.31692976 ], [ -101.4144368, 43.33027608 ], [ -101.42697379, 43.36297816 ], [ -101.43914407, 43.39568026 ], [ -101.44189914, 43.40335858 ], [ -101.45116075, 43.42838235 ], [ -101.46296292, 43.46108445 ], [ -101.4736332, 43.49378653 ], [ -101.47460124, 43.49652983 ], [ -101.48579835, 43.52648864 ], [ -101.49689209, 43.55919072 ], [ -101.50730334, 43.58847872 ], [ -101.508538, 43.59189283 ], [ -101.51849432, 43.62459493 ], [ -101.52902542, 43.65729702 ], [ -101.53835463, 43.68999912 ], [ -101.54000543, 43.69507669 ], [ -101.54984922, 43.7227012 ], [ -101.56052017, 43.75540331 ], [ -101.57125138, 43.78810539 ], [ -101.57270751, 43.79265727 ], [ -101.58238932, 43.8208075 ], [ -101.59363877, 43.85350958 ], [ -101.60388274, 43.88621168 ], [ -101.60540961, 43.8904527 ], [ -101.61707321, 43.91891379 ], [ -101.62934029, 43.95161587 ], [ -101.63811171, 43.97476942 ], [ -101.64220464, 43.98431798 ], [ -101.65623448, 44.01702006 ], [ -101.6708138, 44.04580627 ], [ -101.67302574, 44.04972216 ], [ -101.68841568, 44.08242425 ], [ -101.7035159, 44.1088988 ], [ -101.70806167, 44.11512635 ], [ -101.73088439, 44.14782844 ], [ -101.736218, 44.15411432 ], [ -101.76505291, 44.18053054 ], [ -101.7689201, 44.18444833 ], [ -101.79733263, 44.21323264 ], [ -101.80162219, 44.21763726 ], [ -101.82918055, 44.24593473 ], [ -101.83432427, 44.25121485 ], [ -101.86103788, 44.27863683 ], [ -101.86702637, 44.28470544 ], [ -101.89297307, 44.31133892 ], [ -101.89972847, 44.31827112 ], [ -101.92516551, 44.34404102 ], [ -101.93243057, 44.35140113 ], [ -101.95712626, 44.3767431 ], [ -101.96513266, 44.38496144 ], [ -101.98929317, 44.40944521 ], [ -101.99783476, 44.41809857 ], [ -102.03053686, 44.41762123 ] ], [ [ -96.32990324, 39.50413094 ], [ -96.32741517, 39.53683302 ], [ -96.31978519, 39.56953513 ], [ -96.30828246, 39.60223721 ], [ -96.30767019, 39.60325628 ], [ -96.29199703, 39.63493932 ], [ -96.27496812, 39.66663809 ], [ -96.27452211, 39.66764142 ], [ -96.25353792, 39.7003435 ], [ -96.24226602, 39.71743873 ], [ -96.23155326, 39.73304561 ], [ -96.21326555, 39.76574769 ], [ -96.20956392, 39.76915889 ], [ -96.17686182, 39.76934858 ], [ -96.15925018, 39.76574769 ], [ -96.14415973, 39.75895701 ], [ -96.11145763, 39.74195473 ], [ -96.09910387, 39.73304561 ], [ -96.07875553, 39.7061445 ], [ -96.07445179, 39.7003435 ], [ -96.06166621, 39.66764142 ], [ -96.05911745, 39.63493932 ], [ -96.06590424, 39.60223721 ], [ -96.07291922, 39.56953513 ], [ -96.07824551, 39.53683302 ], [ -96.07875553, 39.53225917 ], [ -96.0833687, 39.50413094 ], [ -96.08353579, 39.47142883 ], [ -96.07875553, 39.45133197 ], [ -96.07588215, 39.43872675 ], [ -96.05604759, 39.40602465 ], [ -96.04605343, 39.39776662 ], [ -96.01511432, 39.37332256 ], [ -96.01335136, 39.37244561 ], [ -95.98064926, 39.35571734 ], [ -95.94794716, 39.34102837 ], [ -95.94707735, 39.34062046 ], [ -95.91524506, 39.32889868 ], [ -95.88254297, 39.31795759 ], [ -95.84984087, 39.30817841 ], [ -95.84903101, 39.30791835 ], [ -95.81713877, 39.29901931 ], [ -95.78443667, 39.29065585 ], [ -95.75173457, 39.28281984 ], [ -95.7190325, 39.27542564 ], [ -95.71813137, 39.27521627 ], [ -95.6863304, 39.26832683 ], [ -95.6536283, 39.26150582 ], [ -95.6209262, 39.25488811 ], [ -95.58822411, 39.24840797 ], [ -95.55839732, 39.24251417 ], [ -95.55552201, 39.24195733 ], [ -95.52281991, 39.23530458 ], [ -95.49011781, 39.22853121 ], [ -95.45741574, 39.22151974 ], [ -95.42471364, 39.21413174 ], [ -95.40676374, 39.20981208 ], [ -95.39201154, 39.20623582 ], [ -95.35930944, 39.19885144 ], [ -95.32660735, 39.19186299 ], [ -95.29390525, 39.18513575 ], [ -95.26120315, 39.17855449 ], [ -95.2538104, 39.17710998 ], [ -95.22850105, 39.17201711 ], [ -95.19579897, 39.16549549 ], [ -95.16309688, 39.15891334 ], [ -95.13039478, 39.15255668 ], [ -95.09769268, 39.14581686 ], [ -95.09126627, 39.14440789 ], [ -95.06499058, 39.1380956 ], [ -95.03228849, 39.12929685 ], [ -94.99958639, 39.11926266 ], [ -94.97754913, 39.11170579 ], [ -94.96688429, 39.10731338 ], [ -94.93418221, 39.09221475 ], [ -94.90978728, 39.07900371 ], [ -94.90148012, 39.07285978 ], [ -94.87052481, 39.0463016 ], [ -94.86877802, 39.0438439 ], [ -94.84940223, 39.0135995 ], [ -94.840954, 38.98089741 ], [ -94.84114497, 38.94819531 ], [ -94.84764565, 38.91549323 ], [ -94.85907058, 38.88279112 ], [ -94.86877802, 38.86311071 ], [ -94.87438872, 38.85008904 ], [ -94.89237762, 38.81738693 ], [ -94.90148012, 38.80381183 ], [ -94.91280356, 38.78468485 ], [ -94.93418221, 38.75427721 ], [ -94.93561023, 38.75198275 ], [ -94.95941518, 38.71928066 ], [ -94.96688429, 38.71047815 ], [ -94.98493948, 38.68657856 ], [ -94.99958639, 38.67039674 ], [ -95.01335615, 38.65387645 ], [ -95.03228849, 38.63229313 ], [ -95.041147, 38.62117437 ], [ -95.06499058, 38.5891415 ], [ -95.06546716, 38.58847227 ], [ -95.08816972, 38.55577018 ], [ -95.09769268, 38.54221431 ], [ -95.11085095, 38.52306808 ], [ -95.13039478, 38.49517637 ], [ -95.13375413, 38.49036599 ], [ -95.15643447, 38.45766389 ], [ -95.16309688, 38.4479784 ], [ -95.17932737, 38.42496181 ], [ -95.19579897, 38.40163684 ], [ -95.20278643, 38.3922597 ], [ -95.22677396, 38.3595576 ], [ -95.22850105, 38.35714065 ], [ -95.25216569, 38.32685551 ], [ -95.26120315, 38.31513378 ], [ -95.28017221, 38.29415341 ], [ -95.29390525, 38.27823697 ], [ -95.31164933, 38.26145132 ], [ -95.32660735, 38.24627675 ], [ -95.34883147, 38.22874922 ], [ -95.35930944, 38.21974449 ], [ -95.39201154, 38.19892204 ], [ -95.39854904, 38.19604714 ], [ -95.42471364, 38.1831347 ], [ -95.45741574, 38.17380447 ], [ -95.49011781, 38.16998818 ], [ -95.52281991, 38.1707276 ], [ -95.55552201, 38.17554751 ], [ -95.58822411, 38.18435623 ], [ -95.61833562, 38.19604714 ], [ -95.6209262, 38.19702069 ], [ -95.6536283, 38.21227862 ], [ -95.68432717, 38.22874922 ], [ -95.6863304, 38.22979846 ], [ -95.7190325, 38.24802989 ], [ -95.74059964, 38.26145132 ], [ -95.75173457, 38.26822248 ], [ -95.78443667, 38.29019711 ], [ -95.78970699, 38.29415341 ], [ -95.81713877, 38.3144212 ], [ -95.83094002, 38.32685551 ], [ -95.84984087, 38.34394428 ], [ -95.8643207, 38.3595576 ], [ -95.88254297, 38.37936301 ], [ -95.89329497, 38.3922597 ], [ -95.91524506, 38.41854124 ], [ -95.92027993, 38.42496181 ], [ -95.94576517, 38.45766389 ], [ -95.94794716, 38.46061421 ], [ -95.96923438, 38.49036599 ], [ -95.98064926, 38.50750518 ], [ -95.99084846, 38.52306808 ], [ -96.01101984, 38.55577018 ], [ -96.01335136, 38.55977391 ], [ -96.03025669, 38.58847227 ], [ -96.04605343, 38.6163859 ], [ -96.04885333, 38.62117437 ], [ -96.06726571, 38.65387645 ], [ -96.07875553, 38.67497143 ], [ -96.0854318, 38.68657856 ], [ -96.10307689, 38.71928066 ], [ -96.11145763, 38.7359936 ], [ -96.12008926, 38.75198275 ], [ -96.1364226, 38.78468485 ], [ -96.14415973, 38.80153258 ], [ -96.15215006, 38.81738693 ], [ -96.16720698, 38.85008904 ], [ -96.17686182, 38.87307808 ], [ -96.18143629, 38.88279112 ], [ -96.19508832, 38.91549323 ], [ -96.20739556, 38.94819531 ], [ -96.20956392, 38.95501693 ], [ -96.21906972, 38.98089741 ], [ -96.22924437, 39.0135995 ], [ -96.23760865, 39.0463016 ], [ -96.24226602, 39.07041037 ], [ -96.24423678, 39.07900371 ], [ -96.24910699, 39.11170579 ], [ -96.2519267, 39.14440789 ], [ -96.25318049, 39.17710998 ], [ -96.25356764, 39.20981208 ], [ -96.25330702, 39.24251417 ], [ -96.25357373, 39.27521627 ], [ -96.25668603, 39.30791835 ], [ -96.26546194, 39.34062046 ], [ -96.27496812, 39.35938679 ], [ -96.28159607, 39.37332256 ], [ -96.30286375, 39.40602465 ], [ -96.30767019, 39.41380317 ], [ -96.31796596, 39.43872675 ], [ -96.32672145, 39.47142883 ], [ -96.32990324, 39.50413094 ] ], [ [ -98.14391456, 38.32685551 ], [ -98.13898752, 38.34265372 ], [ -98.11644902, 38.3595576 ], [ -98.10628544, 38.36348382 ], [ -98.10083001, 38.3595576 ], [ -98.10436659, 38.32685551 ], [ -98.10628544, 38.32467733 ], [ -98.13898752, 38.31566617 ], [ -98.14391456, 38.32685551 ] ], [ [ -97.0980908, 36.92066542 ], [ -97.09358359, 36.95336752 ], [ -97.09252048, 36.95600932 ], [ -97.07513037, 36.98606961 ], [ -97.06195109, 37.01877171 ], [ -97.0598184, 37.02267622 ], [ -97.03961803, 37.05147379 ], [ -97.02776021, 37.0841759 ], [ -97.02797405, 37.11687798 ], [ -97.0271163, 37.12005539 ], [ -97.00911775, 37.14958009 ], [ -96.9944142, 37.16373227 ], [ -96.96171211, 37.17267471 ], [ -96.92901001, 37.17307233 ], [ -96.89630791, 37.17402829 ], [ -96.86360581, 37.17600687 ], [ -96.83090372, 37.17993699 ], [ -96.79820164, 37.17939324 ], [ -96.76549954, 37.17116995 ], [ -96.73279744, 37.15485789 ], [ -96.72526623, 37.14958009 ], [ -96.71571295, 37.11687798 ], [ -96.72554051, 37.0841759 ], [ -96.73279744, 37.07094907 ], [ -96.74336831, 37.05147379 ], [ -96.76549954, 37.02012927 ], [ -96.76647884, 37.01877171 ], [ -96.79131686, 36.98606961 ], [ -96.79820164, 36.97803313 ], [ -96.82206912, 36.95336752 ], [ -96.83090372, 36.94492747 ], [ -96.86228232, 36.92066542 ], [ -96.86360581, 36.91967613 ], [ -96.89630791, 36.89945072 ], [ -96.92253332, 36.88796331 ], [ -96.92901001, 36.8850679 ], [ -96.96171211, 36.87492502 ], [ -96.9944142, 36.87028745 ], [ -97.0271163, 36.86792011 ], [ -97.0598184, 36.86825096 ], [ -97.09252048, 36.88113201 ], [ -97.09564381, 36.88796331 ], [ -97.0980908, 36.92066542 ] ], [ [ -97.89355619, 38.13064295 ], [ -97.89031881, 38.16334503 ], [ -97.8811465, 38.19604714 ], [ -97.87737076, 38.20449849 ], [ -97.86739611, 38.22874922 ], [ -97.84872669, 38.26145132 ], [ -97.84466868, 38.26719323 ], [ -97.82556914, 38.29415341 ], [ -97.81196658, 38.31054455 ], [ -97.79678411, 38.32685551 ], [ -97.77926449, 38.34419695 ], [ -97.75936915, 38.3595576 ], [ -97.74656239, 38.36907853 ], [ -97.71386029, 38.38548423 ], [ -97.68691858, 38.3922597 ], [ -97.68115819, 38.39377206 ], [ -97.6484561, 38.39484283 ], [ -97.63669127, 38.3922597 ], [ -97.615754, 38.388798 ], [ -97.58305192, 38.37743298 ], [ -97.55034982, 38.36042397 ], [ -97.54923792, 38.3595576 ], [ -97.51764773, 38.34022965 ], [ -97.50116415, 38.32685551 ], [ -97.48494563, 38.31641911 ], [ -97.45224353, 38.29981164 ], [ -97.43568304, 38.29415341 ], [ -97.41954143, 38.28891998 ], [ -97.38683934, 38.26950584 ], [ -97.3772342, 38.26145132 ], [ -97.35413724, 38.23037332 ], [ -97.35288563, 38.22874922 ], [ -97.34074127, 38.19604714 ], [ -97.34061955, 38.16334503 ], [ -97.35413724, 38.14451336 ], [ -97.36726546, 38.13064295 ], [ -97.38683934, 38.12235274 ], [ -97.41954143, 38.11215593 ], [ -97.45224353, 38.10496644 ], [ -97.48494563, 38.10253416 ], [ -97.51764773, 38.10021778 ], [ -97.52412154, 38.09794084 ], [ -97.55034982, 38.08910165 ], [ -97.58305192, 38.07890561 ], [ -97.615754, 38.07048704 ], [ -97.63947127, 38.06523874 ], [ -97.6484561, 38.06226571 ], [ -97.68115819, 38.05387341 ], [ -97.71386029, 38.04709383 ], [ -97.74656239, 38.04209702 ], [ -97.77926449, 38.03890045 ], [ -97.81196658, 38.03780297 ], [ -97.84466868, 38.0442586 ], [ -97.87066635, 38.06523874 ], [ -97.87737076, 38.07496426 ], [ -97.88920224, 38.09794084 ], [ -97.89355619, 38.13064295 ] ], [ [ -97.45340125, 37.34579265 ], [ -97.45224353, 37.34915631 ], [ -97.44265429, 37.37849476 ], [ -97.42376482, 37.41119684 ], [ -97.41954143, 37.41909115 ], [ -97.40523553, 37.44389894 ], [ -97.39269564, 37.47660103 ], [ -97.38683934, 37.49403649 ], [ -97.37989452, 37.50930313 ], [ -97.36477675, 37.54200524 ], [ -97.35413724, 37.56523159 ], [ -97.34183504, 37.57470732 ], [ -97.32143516, 37.59215442 ], [ -97.28873306, 37.5976419 ], [ -97.25603097, 37.60613369 ], [ -97.25354795, 37.60740942 ], [ -97.22332887, 37.63376257 ], [ -97.21762344, 37.64011151 ], [ -97.19715303, 37.67281361 ], [ -97.19062677, 37.68586611 ], [ -97.18136725, 37.7055157 ], [ -97.16570229, 37.7382178 ], [ -97.15792467, 37.75211035 ], [ -97.1465959, 37.77091988 ], [ -97.12522257, 37.79910807 ], [ -97.1212085, 37.80362199 ], [ -97.09252048, 37.82925657 ], [ -97.08150665, 37.83632409 ], [ -97.0598184, 37.84749471 ], [ -97.0271163, 37.85704411 ], [ -96.9944142, 37.86105689 ], [ -96.96171211, 37.86101095 ], [ -96.92901001, 37.85766162 ], [ -96.89630791, 37.85146168 ], [ -96.86360581, 37.84257214 ], [ -96.84624477, 37.83632409 ], [ -96.83090372, 37.83071775 ], [ -96.79820164, 37.81566544 ], [ -96.77651686, 37.80362199 ], [ -96.76549954, 37.79724187 ], [ -96.73279744, 37.77470221 ], [ -96.72813818, 37.77091988 ], [ -96.70009535, 37.74680203 ], [ -96.69151111, 37.7382178 ], [ -96.66739325, 37.71222189 ], [ -96.66204826, 37.7055157 ], [ -96.6387154, 37.67281361 ], [ -96.63469115, 37.66626087 ], [ -96.62115513, 37.64011151 ], [ -96.60598921, 37.60740942 ], [ -96.60198905, 37.60028793 ], [ -96.58815196, 37.57470732 ], [ -96.57753906, 37.54200524 ], [ -96.57203418, 37.50930313 ], [ -96.57052129, 37.47660103 ], [ -96.57712523, 37.44389894 ], [ -96.59710198, 37.41119684 ], [ -96.60198905, 37.40649233 ], [ -96.63469115, 37.38025858 ], [ -96.63732322, 37.37849476 ], [ -96.66739325, 37.36303771 ], [ -96.70009535, 37.349194 ], [ -96.7094977, 37.34579265 ], [ -96.73279744, 37.33835135 ], [ -96.76549954, 37.32979758 ], [ -96.79820164, 37.32328216 ], [ -96.83090372, 37.31881271 ], [ -96.86360581, 37.31669983 ], [ -96.89630791, 37.31563983 ], [ -96.91384815, 37.31309057 ], [ -96.92901001, 37.31111559 ], [ -96.96171211, 37.30373649 ], [ -96.9944142, 37.29251621 ], [ -97.01763141, 37.28038846 ], [ -97.0271163, 37.27572375 ], [ -97.0598184, 37.25278784 ], [ -97.06516448, 37.24768638 ], [ -97.09054038, 37.21498427 ], [ -97.09252048, 37.21058616 ], [ -97.10210617, 37.18228217 ], [ -97.10489158, 37.14958009 ], [ -97.10111213, 37.11687798 ], [ -97.09252048, 37.09227839 ], [ -97.08989821, 37.0841759 ], [ -97.09252048, 37.0767842 ], [ -97.10142866, 37.05147379 ], [ -97.11855214, 37.01877171 ], [ -97.12522257, 37.00713053 ], [ -97.13939318, 36.98606961 ], [ -97.15792467, 36.95926513 ], [ -97.16412216, 36.95336752 ], [ -97.19062677, 36.92426445 ], [ -97.19536615, 36.92066542 ], [ -97.22332887, 36.89509718 ], [ -97.23507298, 36.88796331 ], [ -97.25603097, 36.87232973 ], [ -97.28873306, 36.85828689 ], [ -97.31673703, 36.85526123 ], [ -97.32143516, 36.85464799 ], [ -97.32427291, 36.85526123 ], [ -97.35413724, 36.86296 ], [ -97.38683934, 36.88610994 ], [ -97.38846212, 36.88796331 ], [ -97.40888111, 36.92066542 ], [ -97.41954143, 36.95182893 ], [ -97.42002828, 36.95336752 ], [ -97.42529383, 36.98606961 ], [ -97.4258733, 37.01877171 ], [ -97.42288903, 37.05147379 ], [ -97.41954143, 37.07107731 ], [ -97.41747778, 37.0841759 ], [ -97.41102959, 37.11687798 ], [ -97.4050461, 37.14958009 ], [ -97.40216333, 37.18228217 ], [ -97.40543139, 37.21498427 ], [ -97.41602282, 37.24768638 ], [ -97.41954143, 37.25375223 ], [ -97.43387812, 37.28038846 ], [ -97.45056677, 37.31309057 ], [ -97.45224353, 37.33037415 ], [ -97.45340125, 37.34579265 ] ], [ [ -97.68200921, 37.96713247 ], [ -97.68115819, 37.96829851 ], [ -97.66356057, 37.99983455 ], [ -97.6484561, 38.01118179 ], [ -97.6261215, 38.03253666 ], [ -97.615754, 38.03679952 ], [ -97.58305192, 38.05104699 ], [ -97.55365625, 38.06523874 ], [ -97.55034982, 38.06626507 ], [ -97.51764773, 38.07444197 ], [ -97.48494563, 38.07790469 ], [ -97.45224353, 38.0779607 ], [ -97.41954143, 38.07589513 ], [ -97.38683934, 38.06889108 ], [ -97.37661901, 38.06523874 ], [ -97.35413724, 38.03942162 ], [ -97.34944331, 38.03253666 ], [ -97.34508914, 37.99983455 ], [ -97.34714822, 37.96713247 ], [ -97.35167791, 37.93443036 ], [ -97.35413724, 37.92183963 ], [ -97.35748501, 37.90172828 ], [ -97.36527336, 37.86902618 ], [ -97.37816891, 37.83632409 ], [ -97.38683934, 37.82111124 ], [ -97.40711233, 37.80362199 ], [ -97.41954143, 37.79549622 ], [ -97.45224353, 37.78902782 ], [ -97.48494563, 37.79200402 ], [ -97.51764773, 37.80093764 ], [ -97.52371544, 37.80362199 ], [ -97.55034982, 37.81515452 ], [ -97.58305192, 37.83282041 ], [ -97.58858297, 37.83632409 ], [ -97.615754, 37.85544038 ], [ -97.63297221, 37.86902618 ], [ -97.6484561, 37.88396746 ], [ -97.66500698, 37.90172828 ], [ -97.68115819, 37.93392174 ], [ -97.68140464, 37.93443036 ], [ -97.68200921, 37.96713247 ] ], [ [ -97.57363809, 38.52306808 ], [ -97.56554539, 38.55577018 ], [ -97.55034982, 38.5757048 ], [ -97.53784482, 38.58847227 ], [ -97.51764773, 38.60441153 ], [ -97.49231158, 38.62117437 ], [ -97.48494563, 38.62543523 ], [ -97.45224353, 38.6407914 ], [ -97.4203764, 38.65387645 ], [ -97.41954143, 38.65420394 ], [ -97.38683934, 38.66580307 ], [ -97.35413724, 38.67395139 ], [ -97.32143516, 38.67712434 ], [ -97.28873306, 38.67505853 ], [ -97.25603097, 38.66844373 ], [ -97.22332887, 38.65798932 ], [ -97.21370302, 38.65387645 ], [ -97.19062677, 38.64368898 ], [ -97.15792467, 38.6263007 ], [ -97.14968098, 38.62117437 ], [ -97.12522257, 38.60492982 ], [ -97.1033937, 38.58847227 ], [ -97.09252048, 38.57939161 ], [ -97.06781416, 38.55577018 ], [ -97.0598184, 38.54585933 ], [ -97.04478024, 38.52306808 ], [ -97.03128168, 38.49036599 ], [ -97.0271163, 38.46795532 ], [ -97.02558912, 38.45766389 ], [ -97.0271163, 38.42898936 ], [ -97.02733844, 38.42496181 ], [ -97.03655309, 38.3922597 ], [ -97.0510363, 38.3595576 ], [ -97.0598184, 38.34466696 ], [ -97.07112348, 38.32685551 ], [ -97.09252048, 38.2991701 ], [ -97.09693119, 38.29415341 ], [ -97.12522257, 38.26718896 ], [ -97.13282946, 38.26145132 ], [ -97.15792467, 38.24455802 ], [ -97.18647318, 38.22874922 ], [ -97.19062677, 38.2263711 ], [ -97.22332887, 38.21127445 ], [ -97.25603097, 38.20675849 ], [ -97.28680377, 38.22874922 ], [ -97.28873306, 38.22985486 ], [ -97.31773681, 38.26145132 ], [ -97.32143516, 38.26462921 ], [ -97.35377932, 38.29415341 ], [ -97.35413724, 38.29443634 ], [ -97.38683934, 38.31706106 ], [ -97.41073023, 38.32685551 ], [ -97.41954143, 38.33108812 ], [ -97.45224353, 38.34703521 ], [ -97.46741546, 38.3595576 ], [ -97.48494563, 38.38009925 ], [ -97.49716019, 38.3922597 ], [ -97.51764773, 38.41788238 ], [ -97.52464666, 38.42496181 ], [ -97.54837742, 38.45766389 ], [ -97.55034982, 38.46197252 ], [ -97.56637609, 38.49036599 ], [ -97.57363809, 38.52306808 ] ] ] } },
{ "type": "Feature", "properties": { "Lower": 2600.0 }, "geometry": { "type": "Polygon", "coordinates": [ [ [ -99.81036481, 32.96371191 ], [ -99.81017052, 32.99641401 ], [ -99.80906918, 33.02911609 ], [ -99.80679438, 33.05975001 ], [ -99.80658626, 33.0618182 ], [ -99.77461804, 33.09452028 ], [ -99.77409228, 33.09476727 ], [ -99.74139018, 33.10572836 ], [ -99.70868809, 33.10979362 ], [ -99.69200065, 33.09452028 ], [ -99.68272491, 33.0618182 ], [ -99.67916787, 33.02911609 ], [ -99.67755643, 32.99641401 ], [ -99.67708987, 32.96371191 ], [ -99.67749294, 32.9310098 ], [ -99.67874693, 32.89830772 ], [ -99.68113612, 32.86560561 ], [ -99.68520383, 32.83290353 ], [ -99.69142544, 32.80020143 ], [ -99.70069181, 32.76749934 ], [ -99.70868809, 32.74651394 ], [ -99.74139018, 32.7374916 ], [ -99.77409228, 32.75759525 ], [ -99.78133059, 32.76749934 ], [ -99.79520526, 32.80020143 ], [ -99.80163277, 32.83290353 ], [ -99.8051913, 32.86560561 ], [ -99.80679438, 32.88820749 ], [ -99.80749378, 32.89830772 ], [ -99.80928261, 32.9310098 ], [ -99.81036481, 32.96371191 ] ] ] } },
{ "type": "Feature", "properties": { "Lower": 2600.0 }, "geometry": { "type": "Polygon", "coordinates": [ [ [ -97.0980908, 36.92066542 ], [ -97.09358359, 36.95336752 ], [ -97.09252048, 36.95600932 ], [ -97.07513037, 36.98606961 ], [ -97.06195109, 37.01877171 ], [ -97.0598184, 37.02267622 ], [ -97.03961803, 37.05147379 ], [ -97.02776021, 37.0841759 ], [ -97.02797405, 37.11687798 ], [ -97.0271163, 37.12005539 ], [ -97.00911775, 37.14958009 ], [ -96.9944142, 37.16373227 ], [ -96.96171211, 37.17267471 ], [ -96.92901001, 37.17307233 ], [ -96.89630791, 37.17402829 ], [ -96.86360581, 37.17600687 ], [ -96.83090372, 37.17993699 ], [ -96.79820164, 37.17939324 ], [ -96.76549954, 37.17116995 ], [ -96.73279744, 37.15485789 ], [ -96.72526623, 37.14958009 ], [ -96.71571295, 37.11687798 ], [ -96.72554051, 37.0841759 ], [ -96.73279744, 37.07094907 ], [ -96.74336831, 37.05147379 ], [ -96.76549954, 37.02012927 ], [ -96.76647884, 37.01877171 ], [ -96.79131686, 36.98606961 ], [ -96.79820164, 36.97803313 ], [ -96.82206912, 36.95336752 ], [ -96.83090372, 36.94492747 ], [ -96.86228232, 36.92066542 ], [ -96.86360581, 36.91967613 ], [ -96.89630791, 36.89945072 ], [ -96.92253332, 36.88796331 ], [ -96.92901001, 36.8850679 ], [ -96.96171211, 36.87492502 ], [ -96.9944142, 36.87028745 ], [ -97.0271163, 36.86792011 ], [ -97.0598184, 36.86825096 ], [ -97.09252048, 36.88113201 ], [ -97.09564381, 36.88796331 ], [ -97.0980908, 36.92066542 ] ] ] } },
{ "type": "Feature", "properties": { "Lower": 2600.0 }, "geometry": { "type": "Polygon", "coordinates": [ [ [ -97.89355619, 38.13064295 ], [ -97.89031881, 38.16334503 ], [ -97.8811465, 38.19604714 ], [ -97.87737076, 38.20449849 ], [ -97.86739611, 38.22874922 ], [ -97.84872669, 38.26145132 ], [ -97.84466868, 38.26719323 ], [ -97.82556914, 38.29415341 ], [ -97.81196658, 38.31054455 ], [ -97.79678411, 38.32685551 ], [ -97.77926449, 38.34419695 ], [ -97.75936915, 38.3595576 ], [ -97.74656239, 38.36907853 ], [ -97.71386029, 38.38548423 ], [ -97.68691858, 38.3922597 ], [ -97.68115819, 38.39377206 ], [ -97.6484561, 38.39484283 ], [ -97.63669127, 38.3922597 ], [ -97.615754, 38.388798 ], [ -97.58305192, 38.37743298 ], [ -97.55034982, 38.36042397 ], [ -97.54923792, 38.3595576 ], [ -97.51764773, 38.34022965 ], [ -97.50116415, 38.32685551 ], [ -97.48494563, 38.31641911 ], [ -97.45224353, 38.29981164 ], [ -97.43568304, 38.29415341 ], [ -97.41954143, 38.28891998 ], [ -97.38683934, 38.26950584 ], [ -97.3772342, 38.26145132 ], [ -97.35413724, 38.23037332 ], [ -97.35288563, 38.22874922 ], [ -97.34074127, 38.19604714 ], [ -97.34061955, 38.16334503 ], [ -97.35413724, 38.14451336 ], [ -97.36726546, 38.13064295 ], [ -97.38683934, 38.12235274 ], [ -97.41954143, 38.11215593 ], [ -97.45224353, 38.10496644 ], [ -97.48494563, 38.10253416 ], [ -97.51764773, 38.10021778 ], [ -97.52412154, 38.09794084 ], [ -97.55034982, 38.08910165 ], [ -97.58305192, 38.07890561 ], [ -97.615754, 38.07048704 ], [ -97.63947127, 38.06523874 ], [ -97.6484561, 38.06226571 ], [ -97.68115819, 38.05387341 ], [ -97.71386029, 38.04709383 ], [ -97.74656239, 38.04209702 ], [ -97.77926449, 38.03890045 ], [ -97.81196658, 38.03780297 ], [ -97.84466868, 38.0442586 ], [ -97.87066635, 38.06523874 ], [ -97.87737076, 38.07496426 ], [ -97.88920224, 38.09794084 ], [ -97.89355619, 38.13064295 ] ], [ [ -97.76117242, 38.16334503 ], [ -97.75706747, 38.19604714 ], [ -97.74656239, 38.22128193 ], [ -97.7432514, 38.22874922 ], [ -97.7189211, 38.26145132 ], [ -97.71386029, 38.2663576 ], [ -97.68115819, 38.29067531 ], [ -97.67389878, 38.29415341 ], [ -97.6484561, 38.30328511 ], [ -97.615754, 38.30764088 ], [ -97.58305192, 38.3057549 ], [ -97.55034982, 38.29903342 ], [ -97.5379264, 38.29415341 ], [ -97.51764773, 38.28745264 ], [ -97.48494563, 38.27255079 ], [ -97.45224353, 38.26412974 ], [ -97.44522527, 38.26145132 ], [ -97.41954143, 38.24593748 ], [ -97.40297215, 38.22874922 ], [ -97.3939326, 38.19604714 ], [ -97.4047234, 38.16334503 ], [ -97.41954143, 38.15075364 ], [ -97.45158695, 38.13064295 ], [ -97.45224353, 38.13042904 ], [ -97.48494563, 38.12454885 ], [ -97.51764773, 38.12405075 ], [ -97.55034982, 38.1130816 ], [ -97.58305192, 38.10323264 ], [ -97.61186419, 38.09794084 ], [ -97.615754, 38.09734724 ], [ -97.6484561, 38.09523874 ], [ -97.68115819, 38.09587603 ], [ -97.69696261, 38.09794084 ], [ -97.71386029, 38.10352071 ], [ -97.74656239, 38.12548324 ], [ -97.75172209, 38.13064295 ], [ -97.76117242, 38.16334503 ] ] ] } },
{ "type": "Feature", "properties": { "Lower": 2600.0 }, "geometry": { "type": "Polygon", "coordinates": [ [ [ -102.78445429, 39.30791835 ], [ -102.78268504, 39.31010548 ], [ -102.75836273, 39.34062046 ], [ -102.74998295, 39.35168177 ], [ -102.72813023, 39.37332256 ], [ -102.71728085, 39.38958673 ], [ -102.70243646, 39.40602465 ], [ -102.68457875, 39.43247171 ], [ -102.67865103, 39.43872675 ], [ -102.65187665, 39.47061798 ], [ -102.65084956, 39.47142883 ], [ -102.61917456, 39.49878462 ], [ -102.60873504, 39.50413094 ], [ -102.58647248, 39.51697224 ], [ -102.55377038, 39.52979621 ], [ -102.52919552, 39.53683302 ], [ -102.52106828, 39.53977814 ], [ -102.48836619, 39.54970857 ], [ -102.45566409, 39.5567321 ], [ -102.42296199, 39.56246319 ], [ -102.39025989, 39.56801922 ], [ -102.3838913, 39.56953513 ], [ -102.35755779, 39.57814461 ], [ -102.32485572, 39.5815779 ], [ -102.3069359, 39.56953513 ], [ -102.29215362, 39.55034573 ], [ -102.28714939, 39.53683302 ], [ -102.27662592, 39.50413094 ], [ -102.26914151, 39.47142883 ], [ -102.26532983, 39.43872675 ], [ -102.26450019, 39.40602465 ], [ -102.2663863, 39.37332256 ], [ -102.27091721, 39.34062046 ], [ -102.27810166, 39.30791835 ], [ -102.28803785, 39.27521627 ], [ -102.29215362, 39.26464275 ], [ -102.30080011, 39.24251417 ], [ -102.31626381, 39.20981208 ], [ -102.32485572, 39.19432166 ], [ -102.33492414, 39.17710998 ], [ -102.3568133, 39.14440789 ], [ -102.35755779, 39.14340021 ], [ -102.38397662, 39.11170579 ], [ -102.39025989, 39.10465315 ], [ -102.4222436, 39.07900371 ], [ -102.42296199, 39.07845768 ], [ -102.45566409, 39.06722135 ], [ -102.48836619, 39.06728606 ], [ -102.52106828, 39.07542245 ], [ -102.52975177, 39.07900371 ], [ -102.55377038, 39.08805793 ], [ -102.58647248, 39.10471315 ], [ -102.59775377, 39.11170579 ], [ -102.61917456, 39.12509575 ], [ -102.64683009, 39.14440789 ], [ -102.65187665, 39.14806373 ], [ -102.68457875, 39.17387287 ], [ -102.68835201, 39.17710998 ], [ -102.71728085, 39.20361205 ], [ -102.72336432, 39.20981208 ], [ -102.74998295, 39.23703954 ], [ -102.75485268, 39.24251417 ], [ -102.78268504, 39.27445093 ], [ -102.78332939, 39.27521627 ], [ -102.78445429, 39.30791835 ] ], [ [ -102.66540702, 39.30791835 ], [ -102.65187665, 39.32832373 ], [ -102.64284651, 39.34062046 ], [ -102.61917456, 39.35777614 ], [ -102.59816483, 39.37332256 ], [ -102.58647248, 39.38056714 ], [ -102.55377038, 39.39993771 ], [ -102.54100117, 39.40602465 ], [ -102.52106828, 39.41445048 ], [ -102.48836619, 39.42456436 ], [ -102.45566409, 39.43024265 ], [ -102.42296199, 39.42682836 ], [ -102.39897721, 39.40602465 ], [ -102.39025989, 39.37953377 ], [ -102.38894938, 39.37332256 ], [ -102.38847421, 39.34062046 ], [ -102.39025989, 39.32877823 ], [ -102.39397437, 39.30791835 ], [ -102.40516441, 39.27521627 ], [ -102.42085162, 39.24251417 ], [ -102.42296199, 39.23916854 ], [ -102.4461411, 39.20981208 ], [ -102.45566409, 39.20080447 ], [ -102.48836619, 39.18544578 ], [ -102.52106828, 39.18256476 ], [ -102.55377038, 39.18852805 ], [ -102.58647248, 39.20296119 ], [ -102.59629664, 39.20981208 ], [ -102.61917456, 39.22802151 ], [ -102.63563903, 39.24251417 ], [ -102.65187665, 39.26032658 ], [ -102.66431927, 39.27521627 ], [ -102.66540702, 39.30791835 ] ] ] } },
{ "type": "Feature", "properties": { "Lower": 2600.0 }, "geometry": { "type": "Polygon", "coordinates": [ [ [ -96.46147211, 39.92925817 ], [ -96.46115008, 39.96196028 ], [ -96.45583232, 39.99466236 ], [ -96.44303915, 40.02736446 ], [ -96.43847858, 40.0359207 ], [ -96.42400408, 40.06006655 ], [ -96.40577649, 40.08511199 ], [ -96.39896105, 40.09276865 ], [ -96.37307439, 40.11803245 ], [ -96.36298764, 40.12547074 ], [ -96.34037229, 40.14151556 ], [ -96.30865951, 40.15817284 ], [ -96.30767019, 40.15870083 ], [ -96.27496812, 40.17375969 ], [ -96.24226602, 40.1893446 ], [ -96.23915938, 40.19087492 ], [ -96.20956392, 40.20578498 ], [ -96.17804055, 40.22357703 ], [ -96.17686182, 40.22425428 ], [ -96.14415973, 40.24433892 ], [ -96.12673822, 40.25627913 ], [ -96.11145763, 40.26679527 ], [ -96.08203772, 40.28898122 ], [ -96.07875553, 40.29146662 ], [ -96.04605343, 40.31805474 ], [ -96.04189713, 40.32168332 ], [ -96.01335136, 40.34646084 ], [ -96.004801, 40.3543854 ], [ -95.98064926, 40.37667418 ], [ -95.96996121, 40.38708751 ], [ -95.94794716, 40.40844406 ], [ -95.93680754, 40.41978959 ], [ -95.91524506, 40.44165789 ], [ -95.90500587, 40.4524917 ], [ -95.88254297, 40.47622493 ], [ -95.87437163, 40.48519378 ], [ -95.84984087, 40.51208092 ], [ -95.84472016, 40.51789589 ], [ -95.81713877, 40.54921672 ], [ -95.81596055, 40.55059799 ], [ -95.78807452, 40.58330007 ], [ -95.78443667, 40.59147607 ], [ -95.77626069, 40.58330007 ], [ -95.75173457, 40.55878171 ], [ -95.74355086, 40.55059799 ], [ -95.7190325, 40.52608704 ], [ -95.71084132, 40.51789589 ], [ -95.6863304, 40.493392 ], [ -95.67813218, 40.48519378 ], [ -95.6536283, 40.46069651 ], [ -95.64542348, 40.4524917 ], [ -95.6209262, 40.42800057 ], [ -95.61271524, 40.41978959 ], [ -95.58822411, 40.39530414 ], [ -95.58000746, 40.38708751 ], [ -95.55552201, 40.36260732 ], [ -95.55552201, 40.36256199 ], [ -95.56658371, 40.3543854 ], [ -95.5875891, 40.32168332 ], [ -95.58822411, 40.32068984 ], [ -95.60855995, 40.28898122 ], [ -95.6209262, 40.26833746 ], [ -95.62809118, 40.25627913 ], [ -95.64637002, 40.22357703 ], [ -95.6536283, 40.20949431 ], [ -95.66314771, 40.19087492 ], [ -95.67819752, 40.15817284 ], [ -95.6863304, 40.13801793 ], [ -95.69132944, 40.12547074 ], [ -95.70235836, 40.09276865 ], [ -95.71126953, 40.06006655 ], [ -95.71807381, 40.02736446 ], [ -95.7190325, 40.02141233 ], [ -95.7231616, 39.99466236 ], [ -95.72682532, 39.96196028 ], [ -95.72939117, 39.92925817 ], [ -95.73124333, 39.89655607 ], [ -95.73254779, 39.86385398 ], [ -95.73287281, 39.83115188 ], [ -95.73030208, 39.7984498 ], [ -95.72731877, 39.76574769 ], [ -95.72419598, 39.73304561 ], [ -95.72035265, 39.7003435 ], [ -95.7190325, 39.69244284 ], [ -95.71485618, 39.66764142 ], [ -95.70691518, 39.63493932 ], [ -95.69530166, 39.60223721 ], [ -95.6863304, 39.58563128 ], [ -95.67751888, 39.56953513 ], [ -95.6536283, 39.53928345 ], [ -95.65159873, 39.53683302 ], [ -95.62535417, 39.50413094 ], [ -95.6209262, 39.49942889 ], [ -95.59219506, 39.47142883 ], [ -95.58822411, 39.46850579 ], [ -95.55552201, 39.44648442 ], [ -95.54273679, 39.43872675 ], [ -95.52281991, 39.42883008 ], [ -95.49011781, 39.41415927 ], [ -95.46994191, 39.40602465 ], [ -95.45741574, 39.40162332 ], [ -95.42471364, 39.39125491 ], [ -95.39201154, 39.38193568 ], [ -95.35930944, 39.3753487 ], [ -95.34373424, 39.37332256 ], [ -95.32660735, 39.37123872 ], [ -95.29390525, 39.36830991 ], [ -95.26120315, 39.36602742 ], [ -95.22850105, 39.36433688 ], [ -95.19579897, 39.36345178 ], [ -95.16309688, 39.36407994 ], [ -95.13039478, 39.36499044 ], [ -95.09769268, 39.36600662 ], [ -95.06499058, 39.36713644 ], [ -95.03228849, 39.36839566 ], [ -94.99958639, 39.36983407 ], [ -94.96688429, 39.37144638 ], [ -94.93418221, 39.37309902 ], [ -94.930711, 39.37332256 ], [ -94.90148012, 39.37540464 ], [ -94.86877802, 39.37778151 ], [ -94.83607592, 39.38038469 ], [ -94.80337382, 39.38323722 ], [ -94.79519212, 39.40602465 ], [ -94.79514681, 39.40602465 ], [ -94.79515565, 39.37332256 ], [ -94.77067173, 39.34882878 ], [ -94.76246341, 39.34062046 ], [ -94.76247265, 39.30791835 ], [ -94.76248188, 39.27521627 ], [ -94.73796963, 39.25069562 ], [ -94.7297882, 39.24251417 ], [ -94.73796963, 39.21814538 ], [ -94.77067173, 39.22184585 ], [ -94.80337382, 39.22534356 ], [ -94.83607592, 39.22864386 ], [ -94.86877802, 39.23178959 ], [ -94.90148012, 39.23479271 ], [ -94.93418221, 39.2376851 ], [ -94.96688429, 39.24045246 ], [ -94.99163561, 39.24251417 ], [ -94.99958639, 39.24314984 ], [ -95.03228849, 39.24578054 ], [ -95.06499058, 39.24837276 ], [ -95.09769268, 39.25090755 ], [ -95.13039478, 39.25338708 ], [ -95.16309688, 39.25586054 ], [ -95.19579897, 39.25940045 ], [ -95.22850105, 39.26344902 ], [ -95.26120315, 39.26780894 ], [ -95.29390525, 39.2724233 ], [ -95.31221531, 39.27521627 ], [ -95.32660735, 39.27742612 ], [ -95.35930944, 39.28300187 ], [ -95.39201154, 39.28945573 ], [ -95.42471364, 39.29755734 ], [ -95.45741574, 39.30619617 ], [ -95.46365491, 39.30791835 ], [ -95.49011781, 39.3155917 ], [ -95.52281991, 39.32538582 ], [ -95.55552201, 39.33574221 ], [ -95.57029807, 39.34062046 ], [ -95.58822411, 39.34705765 ], [ -95.6209262, 39.35957088 ], [ -95.65318077, 39.37332256 ], [ -95.6536283, 39.37353837 ], [ -95.6863304, 39.39000731 ], [ -95.7143453, 39.40602465 ], [ -95.7190325, 39.40923362 ], [ -95.75173457, 39.43344352 ], [ -95.75832512, 39.43872675 ], [ -95.78443667, 39.46560315 ], [ -95.78976226, 39.47142883 ], [ -95.81113636, 39.50413094 ], [ -95.81713877, 39.51747662 ], [ -95.82552283, 39.53683302 ], [ -95.84036839, 39.56953513 ], [ -95.84984087, 39.58708149 ], [ -95.85760448, 39.60223721 ], [ -95.87274289, 39.63493932 ], [ -95.88254297, 39.65997077 ], [ -95.88563127, 39.66764142 ], [ -95.89789445, 39.7003435 ], [ -95.91142811, 39.73304561 ], [ -95.91524506, 39.74079861 ], [ -95.92907511, 39.76574769 ], [ -95.94794716, 39.78913539 ], [ -95.95759249, 39.7984498 ], [ -95.98064926, 39.81365886 ], [ -96.01335136, 39.82704676 ], [ -96.03043173, 39.83115188 ], [ -96.04605343, 39.83593036 ], [ -96.07875553, 39.84142306 ], [ -96.11145763, 39.84298338 ], [ -96.14415973, 39.84167098 ], [ -96.17686182, 39.83851828 ], [ -96.20956392, 39.8353728 ], [ -96.24226602, 39.83857196 ], [ -96.25212091, 39.83115188 ], [ -96.27496812, 39.79998886 ], [ -96.27869104, 39.7984498 ], [ -96.30767019, 39.78535727 ], [ -96.34037229, 39.78038845 ], [ -96.37307439, 39.78374031 ], [ -96.40577649, 39.7980107 ], [ -96.40636413, 39.7984498 ], [ -96.43541281, 39.83115188 ], [ -96.43847858, 39.83683568 ], [ -96.45009461, 39.86385398 ], [ -96.45799996, 39.89655607 ], [ -96.46147211, 39.92925817 ] ] ] } },
{ "type": "Feature", "properties": { "Lower": 2600.0 }, "geometry": { "type": "Polygon", "coordinates": [ [ [ -105.178154, 39.92925817 ], [ -105.178154, 39.96196028 ], [ -105.178154, 39.99466236 ], [ -105.17815398, 40.02736446 ], [ -105.1781539, 40.06006655 ], [ -105.17815374, 40.09276865 ], [ -105.16993799, 40.1009844 ], [ -105.14545104, 40.12547074 ], [ -105.14545036, 40.15817284 ], [ -105.13723589, 40.16638729 ], [ -105.11274693, 40.19087492 ], [ -105.1045338, 40.19908807 ], [ -105.08004419, 40.22357703 ], [ -105.08004458, 40.25627913 ], [ -105.0718317, 40.264492 ], [ -105.0473444, 40.28898122 ], [ -105.0391296, 40.297196 ], [ -105.01464546, 40.32168332 ], [ -105.01464773, 40.3543854 ], [ -105.0064275, 40.36260562 ], [ -104.98194986, 40.38708751 ], [ -104.98190453, 40.38708751 ], [ -104.99460934, 40.3543854 ], [ -104.97372542, 40.33926781 ], [ -104.94922715, 40.32168332 ], [ -104.94102333, 40.31604815 ], [ -104.90832123, 40.29367529 ], [ -104.90159785, 40.28898122 ], [ -104.87561913, 40.27207276 ], [ -104.85103343, 40.25627913 ], [ -104.84291703, 40.25145754 ], [ -104.81021494, 40.23191382 ], [ -104.79636004, 40.22357703 ], [ -104.77751284, 40.21345427 ], [ -104.74481074, 40.19632302 ], [ -104.73460902, 40.19087492 ], [ -104.71210866, 40.18062708 ], [ -104.67940657, 40.16641378 ], [ -104.66031781, 40.15817284 ], [ -104.64670447, 40.15344091 ], [ -104.61400237, 40.14240996 ], [ -104.58130027, 40.13182861 ], [ -104.56351796, 40.12547074 ], [ -104.54859818, 40.12116242 ], [ -104.51589608, 40.10429028 ], [ -104.5013835, 40.09276865 ], [ -104.48319398, 40.0719327 ], [ -104.4748402, 40.06006655 ], [ -104.4504919, 40.0392753 ], [ -104.43542427, 40.02736446 ], [ -104.4177898, 40.01835827 ], [ -104.38508771, 40.00397609 ], [ -104.36040215, 39.99466236 ], [ -104.35238561, 39.99165646 ], [ -104.31968351, 39.97606524 ], [ -104.29538148, 39.96196028 ], [ -104.28698141, 39.95718777 ], [ -104.25427932, 39.93669219 ], [ -104.24359334, 39.92925817 ], [ -104.22157722, 39.91406535 ], [ -104.19670373, 39.89655607 ], [ -104.18887514, 39.89071406 ], [ -104.15617304, 39.86840256 ], [ -104.1492269, 39.86385398 ], [ -104.12347095, 39.84613786 ], [ -104.1022844, 39.83115188 ], [ -104.09076885, 39.82259713 ], [ -104.05964287, 39.7984498 ], [ -104.05806675, 39.79716171 ], [ -104.02536465, 39.76961161 ], [ -104.0210442, 39.76574769 ], [ -103.99266256, 39.73888747 ], [ -103.98684085, 39.73304561 ], [ -103.95996046, 39.70426413 ], [ -103.95646732, 39.7003435 ], [ -103.92908659, 39.66764142 ], [ -103.92725838, 39.66531867 ], [ -103.90389846, 39.63493932 ], [ -103.89455628, 39.62173968 ], [ -103.88091368, 39.60223721 ], [ -103.86185419, 39.57250022 ], [ -103.85995288, 39.56953513 ], [ -103.83992162, 39.53683302 ], [ -103.82915209, 39.51774689 ], [ -103.82131315, 39.50413094 ], [ -103.80374128, 39.47142883 ], [ -103.79644999, 39.4567014 ], [ -103.78711992, 39.43872675 ], [ -103.77286345, 39.40602465 ], [ -103.76374789, 39.37900285 ], [ -103.76166885, 39.37332256 ], [ -103.7545748, 39.34062046 ], [ -103.75495644, 39.30791835 ], [ -103.76374789, 39.28430776 ], [ -103.76895956, 39.27521627 ], [ -103.79644999, 39.24862255 ], [ -103.80490838, 39.24251417 ], [ -103.82915209, 39.22794096 ], [ -103.86185419, 39.2116576 ], [ -103.86594628, 39.20981208 ], [ -103.89455628, 39.19750664 ], [ -103.92725838, 39.1847454 ], [ -103.94825965, 39.17710998 ], [ -103.95996046, 39.17288596 ], [ -103.99266256, 39.16162345 ], [ -104.02536465, 39.15101186 ], [ -104.04631077, 39.14440789 ], [ -104.05806675, 39.14030528 ], [ -104.09076885, 39.12890817 ], [ -104.12347095, 39.11758313 ], [ -104.14049853, 39.11170579 ], [ -104.15617304, 39.10502714 ], [ -104.18887514, 39.09140029 ], [ -104.21973541, 39.07900371 ], [ -104.22157722, 39.07813586 ], [ -104.25427932, 39.06303914 ], [ -104.28698141, 39.04908551 ], [ -104.29404376, 39.0463016 ], [ -104.31968351, 39.03477137 ], [ -104.35238561, 39.02138248 ], [ -104.37290491, 39.0135995 ], [ -104.38508771, 39.00840549 ], [ -104.4177898, 38.99538392 ], [ -104.4504919, 38.98333281 ], [ -104.45745038, 38.98089741 ], [ -104.48319398, 38.97091291 ], [ -104.51589608, 38.95901254 ], [ -104.54653229, 38.94819531 ], [ -104.54859818, 38.94740587 ], [ -104.58130027, 38.93602074 ], [ -104.61400237, 38.924865 ], [ -104.64313938, 38.91549323 ], [ -104.64670447, 38.9142472 ], [ -104.67940657, 38.90306461 ], [ -104.71210866, 38.89247036 ], [ -104.7422971, 38.88279112 ], [ -104.74481074, 38.88193354 ], [ -104.77751284, 38.87166015 ], [ -104.81021494, 38.86142571 ], [ -104.81839174, 38.85008904 ], [ -104.81843705, 38.85008904 ], [ -104.8184334, 38.88279112 ], [ -104.84291703, 38.90728023 ], [ -104.85113003, 38.91549323 ], [ -104.85112529, 38.94819531 ], [ -104.85111994, 38.98089741 ], [ -104.87561913, 39.00540481 ], [ -104.88381384, 39.0135995 ], [ -104.88380673, 39.0463016 ], [ -104.90832123, 39.07082602 ], [ -104.91649891, 39.07900371 ], [ -104.90832123, 39.08881912 ], [ -104.87561913, 39.10002387 ], [ -104.84291703, 39.11078994 ], [ -104.84005373, 39.11170579 ], [ -104.81021494, 39.12140286 ], [ -104.77751284, 39.13158145 ], [ -104.74481074, 39.14139888 ], [ -104.73447995, 39.14440789 ], [ -104.71210866, 39.15101398 ], [ -104.67940657, 39.16033624 ], [ -104.64670447, 39.16936289 ], [ -104.61780974, 39.17710998 ], [ -104.61400237, 39.17814268 ], [ -104.58130027, 39.1868476 ], [ -104.54859818, 39.19531423 ], [ -104.51589608, 39.20365143 ], [ -104.49146414, 39.20981208 ], [ -104.48319398, 39.21191562 ], [ -104.4504919, 39.22022342 ], [ -104.4177898, 39.22855041 ], [ -104.38508771, 39.2369348 ], [ -104.36346092, 39.24251417 ], [ -104.35238561, 39.24538263 ], [ -104.31968351, 39.2540372 ], [ -104.28698141, 39.26302044 ], [ -104.25427932, 39.27268378 ], [ -104.24638576, 39.27521627 ], [ -104.22157722, 39.28321641 ], [ -104.18887514, 39.29391741 ], [ -104.15617304, 39.30537727 ], [ -104.14932823, 39.30791835 ], [ -104.12347095, 39.31799857 ], [ -104.09076885, 39.33150734 ], [ -104.07007644, 39.34062046 ], [ -104.05806675, 39.34626365 ], [ -104.02536465, 39.362968 ], [ -104.00728885, 39.37332256 ], [ -103.99266256, 39.38299983 ], [ -103.96434594, 39.40602465 ], [ -103.95996046, 39.41115319 ], [ -103.94299709, 39.43872675 ], [ -103.93863083, 39.47142883 ], [ -103.94669262, 39.50413094 ], [ -103.95996046, 39.53364708 ], [ -103.96134803, 39.53683302 ], [ -103.98072464, 39.56953513 ], [ -103.99266256, 39.58680253 ], [ -104.0031942, 39.60223721 ], [ -104.02536465, 39.63080831 ], [ -104.02854511, 39.63493932 ], [ -104.0566906, 39.66764142 ], [ -104.05806675, 39.66909965 ], [ -104.08751674, 39.7003435 ], [ -104.09076885, 39.70351335 ], [ -104.12078423, 39.73304561 ], [ -104.12347095, 39.73549128 ], [ -104.15617304, 39.76553229 ], [ -104.15641318, 39.76574769 ], [ -104.18887514, 39.79358032 ], [ -104.19473031, 39.7984498 ], [ -104.22157722, 39.81992539 ], [ -104.23617318, 39.83115188 ], [ -104.25427932, 39.8445322 ], [ -104.28203101, 39.86385398 ], [ -104.28698141, 39.86712505 ], [ -104.31968351, 39.88666481 ], [ -104.33700666, 39.89655607 ], [ -104.35238561, 39.90499924 ], [ -104.38508771, 39.9220371 ], [ -104.40233791, 39.92925817 ], [ -104.4177898, 39.93517436 ], [ -104.4504919, 39.94219344 ], [ -104.48319398, 39.94365821 ], [ -104.51589608, 39.93931439 ], [ -104.54594373, 39.92925817 ], [ -104.54859818, 39.92834502 ], [ -104.58130027, 39.91164247 ], [ -104.6014468, 39.89655607 ], [ -104.61400237, 39.88425026 ], [ -104.63338156, 39.86385398 ], [ -104.64670447, 39.8531541 ], [ -104.67940657, 39.8340316 ], [ -104.6850357, 39.83115188 ], [ -104.71210866, 39.81843781 ], [ -104.74481074, 39.80388017 ], [ -104.75724133, 39.7984498 ], [ -104.77751284, 39.79020092 ], [ -104.81021494, 39.77740221 ], [ -104.84124861, 39.76574769 ], [ -104.84291703, 39.76515674 ], [ -104.87561913, 39.75426405 ], [ -104.90832123, 39.74344343 ], [ -104.93882996, 39.73304561 ], [ -104.94102333, 39.73233915 ], [ -104.97372542, 39.72208854 ], [ -105.0064275, 39.71141662 ], [ -105.03816535, 39.7003435 ], [ -105.0391296, 39.70001962 ], [ -105.0718317, 39.68927638 ], [ -105.1045338, 39.67791719 ], [ -105.13723589, 39.69215496 ], [ -105.14542443, 39.7003435 ], [ -105.14543417, 39.73304561 ], [ -105.14544134, 39.76574769 ], [ -105.16993799, 39.79023817 ], [ -105.17814962, 39.7984498 ], [ -105.1781521, 39.83115188 ], [ -105.17815339, 39.86385398 ], [ -105.17815388, 39.89655607 ], [ -105.178154, 39.92925817 ] ] ] } },
{ "type": "Feature", "properties": { "Lower": 2600.0 }, "geometry": { "type": "Polygon", "coordinates": [ [ [ -95.54312557, 37.31309057 ], [ -95.53260474, 37.34579265 ], [ -95.52281991, 37.3602982 ], [ -95.5102813, 37.37849476 ], [ -95.49011781, 37.39784354 ], [ -95.47499629, 37.41119684 ], [ -95.45741574, 37.42321767 ], [ -95.42471364, 37.44353007 ], [ -95.42410104, 37.44389894 ], [ -95.39201154, 37.46233039 ], [ -95.37068228, 37.47660103 ], [ -95.35930944, 37.48680373 ], [ -95.3331753, 37.50930313 ], [ -95.32660735, 37.51472654 ], [ -95.29390525, 37.53477562 ], [ -95.28017249, 37.54200524 ], [ -95.26120315, 37.55331476 ], [ -95.22850105, 37.57134635 ], [ -95.22199188, 37.57470732 ], [ -95.19579897, 37.59024932 ], [ -95.16621798, 37.60740942 ], [ -95.16309688, 37.60964181 ], [ -95.13039478, 37.63116903 ], [ -95.11614977, 37.64011151 ], [ -95.09769268, 37.65539093 ], [ -95.07460296, 37.67281361 ], [ -95.06499058, 37.68247263 ], [ -95.03999794, 37.7055157 ], [ -95.03228849, 37.71503934 ], [ -95.01196514, 37.7382178 ], [ -94.99958639, 37.75767822 ], [ -94.99048558, 37.77091988 ], [ -94.97538897, 37.80362199 ], [ -94.96787082, 37.83632409 ], [ -94.96688429, 37.84630304 ], [ -94.96437305, 37.86902618 ], [ -94.96688429, 37.88969739 ], [ -94.96826924, 37.90172828 ], [ -94.9744712, 37.93443036 ], [ -94.98514658, 37.96713247 ], [ -94.99743697, 37.99983455 ], [ -94.99958639, 38.0044176 ], [ -95.01204601, 38.03253666 ], [ -95.02540435, 38.06523874 ], [ -95.03228849, 38.0834717 ], [ -95.03697076, 38.09794084 ], [ -95.04564736, 38.13064295 ], [ -95.0514702, 38.16334503 ], [ -95.05447639, 38.19604714 ], [ -95.05479964, 38.22874922 ], [ -95.05286966, 38.26145132 ], [ -95.04925455, 38.29415341 ], [ -95.04445289, 38.32685551 ], [ -95.03893606, 38.3595576 ], [ -95.03306, 38.3922597 ], [ -95.03228849, 38.39577298 ], [ -95.02510848, 38.42496181 ], [ -95.01626199, 38.45766389 ], [ -95.00645239, 38.49036599 ], [ -94.99958639, 38.50634118 ], [ -94.99205186, 38.52306808 ], [ -94.97178714, 38.55577018 ], [ -94.96688429, 38.5628095 ], [ -94.94732291, 38.58847227 ], [ -94.93418221, 38.60128779 ], [ -94.90836999, 38.62117437 ], [ -94.90148012, 38.62638073 ], [ -94.86877802, 38.64838219 ], [ -94.85905807, 38.65387645 ], [ -94.83607592, 38.66813087 ], [ -94.80516904, 38.68657856 ], [ -94.80337382, 38.68777483 ], [ -94.77067173, 38.70713273 ], [ -94.75104481, 38.71928066 ], [ -94.73796963, 38.72814833 ], [ -94.70526753, 38.75064678 ], [ -94.70328396, 38.75198275 ], [ -94.67256545, 38.77455289 ], [ -94.65907617, 38.78468485 ], [ -94.63986336, 38.80063759 ], [ -94.6196911, 38.81738693 ], [ -94.60716126, 38.82903796 ], [ -94.58406451, 38.85008904 ], [ -94.57445916, 38.85826529 ], [ -94.5662829, 38.85008904 ], [ -94.56628052, 38.81738693 ], [ -94.54175706, 38.79286729 ], [ -94.53357462, 38.78468485 ], [ -94.53357284, 38.75198275 ], [ -94.50905497, 38.72746708 ], [ -94.50086854, 38.71928066 ], [ -94.50086762, 38.68657856 ], [ -94.50086699, 38.65387645 ], [ -94.50086664, 38.62117437 ], [ -94.50086645, 38.58847227 ], [ -94.50086631, 38.55577018 ], [ -94.50086617, 38.52306808 ], [ -94.50086604, 38.49036599 ], [ -94.5008659, 38.45766389 ], [ -94.50086576, 38.42496181 ], [ -94.50905497, 38.41677259 ], [ -94.53356792, 38.3922597 ], [ -94.53356784, 38.3595576 ], [ -94.53356778, 38.32685551 ], [ -94.54175706, 38.31866621 ], [ -94.56627012, 38.29415341 ], [ -94.56627012, 38.26145132 ], [ -94.56627016, 38.22874922 ], [ -94.56627021, 38.19604714 ], [ -94.57445916, 38.1878582 ], [ -94.59897288, 38.16334503 ], [ -94.59897299, 38.13064295 ], [ -94.59897309, 38.09794084 ], [ -94.60716126, 38.08975268 ], [ -94.63167599, 38.06523874 ], [ -94.63167609, 38.03253666 ], [ -94.63167615, 37.99983455 ], [ -94.63986336, 37.99164736 ], [ -94.66437912, 37.96713247 ], [ -94.66437902, 37.93443036 ], [ -94.66437881, 37.90172828 ], [ -94.66437844, 37.86902618 ], [ -94.67256545, 37.86083917 ], [ -94.6970811, 37.83632409 ], [ -94.69708036, 37.80362199 ], [ -94.69707944, 37.77091988 ], [ -94.70526753, 37.76273178 ], [ -94.7297815, 37.7382178 ], [ -94.72978012, 37.7055157 ], [ -94.72977851, 37.67281361 ], [ -94.73796963, 37.66462248 ], [ -94.76247983, 37.64011151 ], [ -94.76247786, 37.60740942 ], [ -94.76247581, 37.57470732 ], [ -94.76247376, 37.54200524 ], [ -94.77067173, 37.53380725 ], [ -94.79517443, 37.50930313 ], [ -94.79517244, 37.47660103 ], [ -94.79517064, 37.44389894 ], [ -94.80337382, 37.43569575 ], [ -94.82787138, 37.41119684 ], [ -94.82786993, 37.37849476 ], [ -94.82786876, 37.34579265 ], [ -94.83607592, 37.33758549 ], [ -94.86056996, 37.31309057 ], [ -94.86056926, 37.28038846 ], [ -94.86056883, 37.24768638 ], [ -94.86877802, 37.23947719 ], [ -94.89327067, 37.21498427 ], [ -94.89327059, 37.18228217 ], [ -94.89327061, 37.14958009 ], [ -94.90148012, 37.14137059 ], [ -94.92597324, 37.11687798 ], [ -94.92597423, 37.0841759 ], [ -94.93418221, 37.07596791 ], [ -94.95868, 37.05147379 ], [ -94.96688429, 37.04326949 ], [ -94.99138905, 37.01877171 ], [ -94.99139479, 36.98606961 ], [ -94.99958639, 36.97787799 ], [ -95.02410747, 36.95336752 ], [ -95.03228849, 36.94518649 ], [ -95.06499058, 36.93843236 ], [ -95.08568134, 36.95336752 ], [ -95.09769268, 36.96143197 ], [ -95.13039478, 36.98527104 ], [ -95.13145502, 36.98606961 ], [ -95.16309688, 37.0079698 ], [ -95.17719583, 37.01877171 ], [ -95.19579897, 37.03163379 ], [ -95.22153373, 37.05147379 ], [ -95.22850105, 37.05620776 ], [ -95.26120315, 37.08083955 ], [ -95.26526775, 37.0841759 ], [ -95.29390525, 37.10435983 ], [ -95.30938527, 37.11687798 ], [ -95.32660735, 37.12852082 ], [ -95.35427136, 37.14958009 ], [ -95.35930944, 37.15306776 ], [ -95.39201154, 37.17565462 ], [ -95.40074721, 37.18228217 ], [ -95.42471364, 37.19990997 ], [ -95.44499286, 37.21498427 ], [ -95.45741574, 37.22486017 ], [ -95.48594822, 37.24768638 ], [ -95.49011781, 37.25147553 ], [ -95.52163724, 37.28038846 ], [ -95.52281991, 37.28205454 ], [ -95.54312557, 37.31309057 ] ] ] } },
{ "type": "Feature", "properties": { "Lower": 2600.0 }, "geometry": { "type": "Polygon", "coordinates": [ [ [ -104.45866748, 41.17193779 ], [ -104.4504919, 41.17237413 ], [ -104.44962265, 41.17193779 ], [ -104.4177898, 41.15650866 ], [ -104.38508771, 41.1407537 ], [ -104.38190438, 41.1392357 ], [ -104.35238561, 41.12568146 ], [ -104.31968351, 41.11069728 ], [ -104.31056011, 41.1065336 ], [ -104.28698141, 41.09619815 ], [ -104.25427932, 41.08184333 ], [ -104.23613212, 41.07383149 ], [ -104.22157722, 41.06766604 ], [ -104.18887514, 41.05373483 ], [ -104.15976753, 41.04112941 ], [ -104.15617304, 41.03963368 ], [ -104.12347095, 41.0258699 ], [ -104.09076885, 41.01173893 ], [ -104.08333455, 41.00842731 ], [ -104.05806675, 40.99759015 ], [ -104.02536465, 40.98346951 ], [ -104.00544095, 40.97572522 ], [ -103.99266256, 40.97140548 ], [ -103.95996046, 40.96119059 ], [ -103.92725838, 40.95047569 ], [ -103.90698864, 40.94302312 ], [ -103.89455628, 40.93852429 ], [ -103.86185419, 40.92563097 ], [ -103.82915209, 40.91208762 ], [ -103.82498087, 40.91032103 ], [ -103.79644999, 40.89828484 ], [ -103.76374789, 40.88384665 ], [ -103.75006646, 40.87761893 ], [ -103.73104579, 40.86895215 ], [ -103.6983437, 40.85364314 ], [ -103.68012887, 40.84491685 ], [ -103.6656416, 40.83802681 ], [ -103.63293952, 40.82241412 ], [ -103.61127757, 40.81221474 ], [ -103.60023742, 40.8071923 ], [ -103.56753533, 40.79289123 ], [ -103.53603314, 40.77951264 ], [ -103.53483323, 40.77901605 ], [ -103.50213113, 40.76621702 ], [ -103.46942903, 40.7538868 ], [ -103.44964158, 40.74681055 ], [ -103.43672694, 40.74226038 ], [ -103.40402484, 40.73147722 ], [ -103.37132276, 40.72132239 ], [ -103.34617405, 40.71410845 ], [ -103.33862066, 40.71195146 ], [ -103.30591857, 40.70374522 ], [ -103.27321647, 40.69648547 ], [ -103.24051437, 40.69020379 ], [ -103.20781227, 40.68515757 ], [ -103.17511018, 40.68191969 ], [ -103.16735322, 40.68140637 ], [ -103.14240808, 40.67972225 ], [ -103.109706, 40.67992015 ], [ -103.09090195, 40.68140637 ], [ -103.0770039, 40.68262937 ], [ -103.0443018, 40.68854196 ], [ -103.01159971, 40.69836018 ], [ -102.97889761, 40.71310609 ], [ -102.97722922, 40.71410845 ], [ -102.94619551, 40.73518202 ], [ -102.93317416, 40.74681055 ], [ -102.91349341, 40.76701818 ], [ -102.90387865, 40.77951264 ], [ -102.88274703, 40.81221474 ], [ -102.88079132, 40.8158863 ], [ -102.86843949, 40.84491685 ], [ -102.85873189, 40.87761893 ], [ -102.85378299, 40.91032103 ], [ -102.85435906, 40.94302312 ], [ -102.86133265, 40.97572522 ], [ -102.87453352, 41.00842731 ], [ -102.88079132, 41.01736692 ], [ -102.89650493, 41.04112941 ], [ -102.91349341, 41.05791413 ], [ -102.92764631, 41.07383149 ], [ -102.94619551, 41.0860599 ], [ -102.97177769, 41.1065336 ], [ -102.97889761, 41.10962487 ], [ -103.01159971, 41.13606453 ], [ -103.01326081, 41.1392357 ], [ -103.01159971, 41.14233659 ], [ -102.98739198, 41.17193779 ], [ -102.97889761, 41.19738717 ], [ -102.97628096, 41.20463989 ], [ -102.97889761, 41.21325371 ], [ -102.99043849, 41.23734197 ], [ -103.01159971, 41.26612345 ], [ -103.0150989, 41.27004408 ], [ -103.0443018, 41.30220814 ], [ -103.0448488, 41.30274616 ], [ -103.0766427, 41.33544827 ], [ -103.0770039, 41.33584541 ], [ -103.10926923, 41.36815035 ], [ -103.109706, 41.36862314 ], [ -103.14240808, 41.40044639 ], [ -103.142868, 41.40085246 ], [ -103.17511018, 41.43173086 ], [ -103.17726315, 41.43355454 ], [ -103.20781227, 41.46146743 ], [ -103.21373995, 41.46625664 ], [ -103.24051437, 41.48960794 ], [ -103.252646, 41.49895875 ], [ -103.27321647, 41.51613124 ], [ -103.29392954, 41.53166083 ], [ -103.30591857, 41.54133892 ], [ -103.3368473, 41.56436294 ], [ -103.33862066, 41.56576515 ], [ -103.37132276, 41.58970674 ], [ -103.38174896, 41.59706502 ], [ -103.40402484, 41.61345256 ], [ -103.426701, 41.62976712 ], [ -103.43672694, 41.63721265 ], [ -103.46942903, 41.66114606 ], [ -103.47125888, 41.66246921 ], [ -103.50213113, 41.68531555 ], [ -103.51535094, 41.69517131 ], [ -103.53483323, 41.70993932 ], [ -103.5582753, 41.7278734 ], [ -103.56753533, 41.73506844 ], [ -103.59948385, 41.7605755 ], [ -103.60023742, 41.7611788 ], [ -103.63293952, 41.78690687 ], [ -103.64090881, 41.7932776 ], [ -103.6656416, 41.81322742 ], [ -103.68139301, 41.82597969 ], [ -103.6983437, 41.83978572 ], [ -103.72154382, 41.85868179 ], [ -103.73104579, 41.86644426 ], [ -103.76174507, 41.89138388 ], [ -103.76374789, 41.89301347 ], [ -103.79644999, 41.91932185 ], [ -103.80242593, 41.92408598 ], [ -103.82915209, 41.94522898 ], [ -103.84390665, 41.95678806 ], [ -103.86185419, 41.97065652 ], [ -103.88656684, 41.98949017 ], [ -103.89455628, 41.99547042 ], [ -103.90273455, 42.02219225 ], [ -103.90273803, 42.05489436 ], [ -103.89455628, 42.0630761 ], [ -103.87004206, 42.08759646 ], [ -103.86185419, 42.09578433 ], [ -103.83734609, 42.12029854 ], [ -103.83734962, 42.15300065 ], [ -103.82915209, 42.16119818 ], [ -103.80465346, 42.18570273 ], [ -103.79644999, 42.19390622 ], [ -103.77195701, 42.21840484 ], [ -103.77196011, 42.25110692 ], [ -103.76374789, 42.25931914 ], [ -103.73926301, 42.28380902 ], [ -103.73104579, 42.29202623 ], [ -103.7065654, 42.31651111 ], [ -103.70652007, 42.31651111 ], [ -103.6983437, 42.30541084 ], [ -103.67030611, 42.28380902 ], [ -103.6656416, 42.28033993 ], [ -103.63293952, 42.2550652 ], [ -103.6280839, 42.25110692 ], [ -103.60023742, 42.22807526 ], [ -103.58921196, 42.21840484 ], [ -103.56753533, 42.19923244 ], [ -103.55296508, 42.18570273 ], [ -103.53483323, 42.16883051 ], [ -103.51852216, 42.15300065 ], [ -103.50213113, 42.13705978 ], [ -103.48551018, 42.12029854 ], [ -103.46942903, 42.10428405 ], [ -103.45321478, 42.08759646 ], [ -103.43672694, 42.0708714 ], [ -103.42161865, 42.05489436 ], [ -103.40402484, 42.03651573 ], [ -103.39102016, 42.02219225 ], [ -103.37132276, 42.00075782 ], [ -103.36166191, 41.98949017 ], [ -103.33862066, 41.96288306 ], [ -103.33376006, 41.95678806 ], [ -103.3074343, 41.92408598 ], [ -103.30591857, 41.92224959 ], [ -103.2828219, 41.89138388 ], [ -103.27321647, 41.87866288 ], [ -103.25975084, 41.85868179 ], [ -103.24051437, 41.8303908 ], [ -103.23786957, 41.82597969 ], [ -103.21769395, 41.7932776 ], [ -103.20781227, 41.77755206 ], [ -103.1985118, 41.7605755 ], [ -103.18031237, 41.7278734 ], [ -103.17511018, 41.71888355 ], [ -103.16299278, 41.69517131 ], [ -103.14557786, 41.66246921 ], [ -103.14240808, 41.65696979 ], [ -103.12807707, 41.62976712 ], [ -103.10995156, 41.59706502 ], [ -103.109706, 41.5966615 ], [ -103.09159355, 41.56436294 ], [ -103.0770039, 41.53992107 ], [ -103.07239072, 41.53166083 ], [ -103.05263413, 41.49895875 ], [ -103.0443018, 41.486231 ], [ -103.03201575, 41.46625664 ], [ -103.01159971, 41.4351667 ], [ -103.01059682, 41.43355454 ], [ -102.98860637, 41.40085246 ], [ -102.97889761, 41.38725534 ], [ -102.96615063, 41.36815035 ], [ -102.94619551, 41.33902439 ], [ -102.94392739, 41.33544827 ], [ -102.92346131, 41.30274616 ], [ -102.91349341, 41.28436565 ], [ -102.90681113, 41.27004408 ], [ -102.8979518, 41.23734197 ], [ -102.89437767, 41.20463989 ], [ -102.88079132, 41.1803939 ], [ -102.86994554, 41.17193779 ], [ -102.84808924, 41.16093632 ], [ -102.81538714, 41.14545833 ], [ -102.80155817, 41.1392357 ], [ -102.78268504, 41.12497382 ], [ -102.7520305, 41.1065336 ], [ -102.74998295, 41.10396426 ], [ -102.72520522, 41.07383149 ], [ -102.71728085, 41.06250103 ], [ -102.70340139, 41.04112941 ], [ -102.68457875, 41.01064275 ], [ -102.6832438, 41.00842731 ], [ -102.66401228, 40.97572522 ], [ -102.65187665, 40.95199466 ], [ -102.64701361, 40.94302312 ], [ -102.63116851, 40.91032103 ], [ -102.61917456, 40.88187819 ], [ -102.61717355, 40.87761893 ], [ -102.60354932, 40.84491685 ], [ -102.59146494, 40.81221474 ], [ -102.58647248, 40.79722505 ], [ -102.57966657, 40.77951264 ], [ -102.56819797, 40.74681055 ], [ -102.55727281, 40.71410845 ], [ -102.55377038, 40.70330677 ], [ -102.54553747, 40.68140637 ], [ -102.53323378, 40.64870426 ], [ -102.52106828, 40.61859881 ], [ -102.51984223, 40.61600218 ], [ -102.5038048, 40.58330007 ], [ -102.48836619, 40.55549288 ], [ -102.48516144, 40.55059799 ], [ -102.46166794, 40.51789589 ], [ -102.45566409, 40.51046974 ], [ -102.43124027, 40.48519378 ], [ -102.42296199, 40.47764337 ], [ -102.39025989, 40.4532232 ], [ -102.38917923, 40.4524917 ], [ -102.35755779, 40.43265674 ], [ -102.33324152, 40.41978959 ], [ -102.32485572, 40.41575474 ], [ -102.29215362, 40.40166653 ], [ -102.25945152, 40.38959965 ], [ -102.25132827, 40.38708751 ], [ -102.22674942, 40.38025817 ], [ -102.19404733, 40.37385536 ], [ -102.16134523, 40.37037692 ], [ -102.12864313, 40.37032945 ], [ -102.09594103, 40.37643474 ], [ -102.07892175, 40.38708751 ], [ -102.06323896, 40.39795623 ], [ -102.04698347, 40.41978959 ], [ -102.03053686, 40.44438657 ], [ -102.02606746, 40.4524917 ], [ -102.00854672, 40.48519378 ], [ -101.99783476, 40.49535541 ], [ -101.96513266, 40.50159953 ], [ -101.93243057, 40.50077974 ], [ -101.89972847, 40.49877892 ], [ -101.86702637, 40.49393466 ], [ -101.83432427, 40.48543256 ], [ -101.83365359, 40.48519378 ], [ -101.80162219, 40.47570696 ], [ -101.7689201, 40.46355735 ], [ -101.74477496, 40.4524917 ], [ -101.736218, 40.4492232 ], [ -101.7035159, 40.43417778 ], [ -101.67789106, 40.41978959 ], [ -101.6708138, 40.41648012 ], [ -101.63811171, 40.39825291 ], [ -101.62178551, 40.38708751 ], [ -101.60540961, 40.37777329 ], [ -101.57298486, 40.3543854 ], [ -101.57270751, 40.35421971 ], [ -101.54000543, 40.33177927 ], [ -101.52742846, 40.32168332 ], [ -101.50730334, 40.30820849 ], [ -101.48291211, 40.28898122 ], [ -101.47460124, 40.28371324 ], [ -101.44189914, 40.25985273 ], [ -101.43760141, 40.25627913 ], [ -101.40919704, 40.23698713 ], [ -101.39237338, 40.22357703 ], [ -101.37649495, 40.21201096 ], [ -101.3483901, 40.19087492 ], [ -101.34379285, 40.18687831 ], [ -101.31109075, 40.16077623 ], [ -101.30769583, 40.15817284 ], [ -101.28727227, 40.12547074 ], [ -101.29826242, 40.09276865 ], [ -101.30676013, 40.06006655 ], [ -101.31109075, 40.03255033 ], [ -101.31202839, 40.02736446 ], [ -101.31172381, 39.99466236 ], [ -101.31109075, 39.99234312 ], [ -101.29741199, 39.96196028 ], [ -101.27838867, 39.94628431 ], [ -101.24568658, 39.93493211 ], [ -101.21298448, 39.93159424 ], [ -101.18028238, 39.93201215 ], [ -101.14758028, 39.93441167 ], [ -101.11487819, 39.93777148 ], [ -101.08217609, 39.94152904 ], [ -101.04947399, 39.9456228 ], [ -101.01677191, 39.94775792 ], [ -100.98406981, 39.94613589 ], [ -100.95136772, 39.93920324 ], [ -100.92250641, 39.92925817 ], [ -100.91866562, 39.92793113 ], [ -100.88596352, 39.9154735 ], [ -100.85326142, 39.90237222 ], [ -100.83951543, 39.89655607 ], [ -100.82055933, 39.88749139 ], [ -100.78785723, 39.87131668 ], [ -100.7735303, 39.86385398 ], [ -100.75515515, 39.84924763 ], [ -100.73258707, 39.83115188 ], [ -100.72245305, 39.81584308 ], [ -100.71060531, 39.7984498 ], [ -100.70514914, 39.76574769 ], [ -100.71433617, 39.73304561 ], [ -100.72245305, 39.72153023 ], [ -100.73598228, 39.7003435 ], [ -100.75515515, 39.67690298 ], [ -100.76286303, 39.66764142 ], [ -100.78785723, 39.63906967 ], [ -100.79180788, 39.63493932 ], [ -100.82055933, 39.60471396 ], [ -100.82329971, 39.60223721 ], [ -100.85326142, 39.57406958 ], [ -100.85917957, 39.56953513 ], [ -100.88596352, 39.54778203 ], [ -100.90317642, 39.53683302 ], [ -100.91866562, 39.526234 ], [ -100.95136772, 39.50875797 ], [ -100.96079808, 39.50413094 ], [ -100.98406981, 39.49217815 ], [ -101.01677191, 39.47509203 ], [ -101.02153773, 39.47142883 ], [ -101.04947399, 39.45006534 ], [ -101.05906072, 39.43872675 ], [ -101.08217609, 39.409528 ], [ -101.08382568, 39.40602465 ], [ -101.09454043, 39.37332256 ], [ -101.09515359, 39.34062046 ], [ -101.09100129, 39.30791835 ], [ -101.08381211, 39.27521627 ], [ -101.08217609, 39.26984985 ], [ -101.06666205, 39.24251417 ], [ -101.04947399, 39.21837802 ], [ -101.03428592, 39.20981208 ], [ -101.01677191, 39.1996392 ], [ -100.98406981, 39.20626877 ], [ -100.97468748, 39.20981208 ], [ -100.95136772, 39.21904778 ], [ -100.91866562, 39.23161241 ], [ -100.88666452, 39.24251417 ], [ -100.88596352, 39.24277772 ], [ -100.85326142, 39.250651 ], [ -100.82055933, 39.24993257 ], [ -100.78785723, 39.24284462 ], [ -100.78692455, 39.24251417 ], [ -100.75515515, 39.23174988 ], [ -100.72245305, 39.21768145 ], [ -100.70711067, 39.20981208 ], [ -100.68975096, 39.20054437 ], [ -100.65704886, 39.18119877 ], [ -100.65039435, 39.17710998 ], [ -100.62434676, 39.16032561 ], [ -100.59958426, 39.14440789 ], [ -100.59164466, 39.13882039 ], [ -100.55894257, 39.11629553 ], [ -100.55200564, 39.11170579 ], [ -100.52624047, 39.09307462 ], [ -100.50514024, 39.07900371 ], [ -100.49353839, 39.07046862 ], [ -100.46083629, 39.04909714 ], [ -100.45584303, 39.0463016 ], [ -100.42813419, 39.02896309 ], [ -100.39685496, 39.0135995 ], [ -100.3954321, 39.01279472 ], [ -100.36273, 38.99959037 ], [ -100.3300279, 38.99226702 ], [ -100.2973258, 38.99053762 ], [ -100.26462371, 38.99444322 ], [ -100.23192163, 39.00536874 ], [ -100.21790299, 39.0135995 ], [ -100.19921953, 39.02506064 ], [ -100.17606181, 39.0463016 ], [ -100.16651743, 39.05572592 ], [ -100.14727397, 39.07900371 ], [ -100.13381534, 39.09533536 ], [ -100.12172832, 39.11170579 ], [ -100.10111324, 39.14050395 ], [ -100.09854222, 39.14440789 ], [ -100.07767855, 39.17710998 ], [ -100.06841114, 39.19288437 ], [ -100.05890282, 39.20981208 ], [ -100.04245105, 39.24251417 ], [ -100.03570904, 39.25813994 ], [ -100.02847486, 39.27521627 ], [ -100.01743274, 39.30791835 ], [ -100.01004453, 39.34062046 ], [ -100.00663085, 39.37332256 ], [ -100.00751131, 39.40602465 ], [ -100.01286709, 39.43872675 ], [ -100.02261776, 39.47142883 ], [ -100.03570904, 39.50190337 ], [ -100.03655748, 39.50413094 ], [ -100.05252332, 39.53683302 ], [ -100.06841114, 39.56472433 ], [ -100.0709306, 39.56953513 ], [ -100.0898804, 39.60223721 ], [ -100.10111324, 39.61999367 ], [ -100.11021058, 39.63493932 ], [ -100.133621, 39.66764142 ], [ -100.13381534, 39.66787783 ], [ -100.15936089, 39.7003435 ], [ -100.16651743, 39.70770452 ], [ -100.19347781, 39.73304561 ], [ -100.19921953, 39.7368188 ], [ -100.23192163, 39.75533288 ], [ -100.25338729, 39.76574769 ], [ -100.26462371, 39.77987387 ], [ -100.28111761, 39.7984498 ], [ -100.27210617, 39.83115188 ], [ -100.26728032, 39.86385398 ], [ -100.2717117, 39.89655607 ], [ -100.28127237, 39.92925817 ], [ -100.29298596, 39.96196028 ], [ -100.2973258, 39.97426955 ], [ -100.30489778, 39.99466236 ], [ -100.31479604, 40.02736446 ], [ -100.32170577, 40.06006655 ], [ -100.32444672, 40.09276865 ], [ -100.32407395, 40.12547074 ], [ -100.32356699, 40.15817284 ], [ -100.32782138, 40.19087492 ], [ -100.3300279, 40.20030659 ], [ -100.33574127, 40.22357703 ], [ -100.34623221, 40.25627913 ], [ -100.35923516, 40.28898122 ], [ -100.36273, 40.29688832 ], [ -100.37414073, 40.32168332 ], [ -100.39033472, 40.3543854 ], [ -100.3954321, 40.36428729 ], [ -100.40755168, 40.38708751 ], [ -100.42543543, 40.41978959 ], [ -100.42813419, 40.42468621 ], [ -100.44395445, 40.4524917 ], [ -100.46083629, 40.48102818 ], [ -100.46342918, 40.48519378 ], [ -100.48406753, 40.51789589 ], [ -100.49353839, 40.53275916 ], [ -100.5053449, 40.55059799 ], [ -100.52624047, 40.58216973 ], [ -100.5270138, 40.58330007 ], [ -100.54852341, 40.61600218 ], [ -100.55894257, 40.63239033 ], [ -100.5696933, 40.64870426 ], [ -100.59043421, 40.68140637 ], [ -100.59164466, 40.68341144 ], [ -100.61066242, 40.71410845 ], [ -100.62434676, 40.73683857 ], [ -100.63048453, 40.74681055 ], [ -100.64986811, 40.77951264 ], [ -100.65704886, 40.79203553 ], [ -100.66876509, 40.81221474 ], [ -100.68726894, 40.84491685 ], [ -100.68975096, 40.8494428 ], [ -100.70532752, 40.87761893 ], [ -100.72245305, 40.90905885 ], [ -100.72314737, 40.91032103 ], [ -100.74052632, 40.94302312 ], [ -100.75515515, 40.97101543 ], [ -100.75762895, 40.97572522 ], [ -100.77438128, 41.00842731 ], [ -100.78785723, 41.03515106 ], [ -100.79086682, 41.04112941 ], [ -100.80697754, 41.07383149 ], [ -100.82055933, 41.10137745 ], [ -100.82311491, 41.1065336 ], [ -100.83940649, 41.1392357 ], [ -100.85326142, 41.16670445 ], [ -100.8559058, 41.17193779 ], [ -100.8725526, 41.20463989 ], [ -100.88596352, 41.23058273 ], [ -100.88945766, 41.23734197 ], [ -100.90656761, 41.27004408 ], [ -100.91866562, 41.29281002 ], [ -100.92394575, 41.30274616 ], [ -100.94150595, 41.33544827 ], [ -100.95136772, 41.35359903 ], [ -100.95924554, 41.36815035 ], [ -100.97710042, 41.40085246 ], [ -100.98406981, 41.41351148 ], [ -100.99504534, 41.43355454 ], [ -101.01306308, 41.46625664 ], [ -101.01677191, 41.47293039 ], [ -101.03118513, 41.49895875 ], [ -101.04894665, 41.53166083 ], [ -101.04947399, 41.53258768 ], [ -101.06771642, 41.56436294 ], [ -101.08217609, 41.59003374 ], [ -101.08612248, 41.59706502 ], [ -101.10453554, 41.62976712 ], [ -101.11487819, 41.64807866 ], [ -101.12300622, 41.66246921 ], [ -101.14170016, 41.69517131 ], [ -101.14758028, 41.70533957 ], [ -101.16065751, 41.7278734 ], [ -101.17975225, 41.7605755 ], [ -101.18028238, 41.76147626 ], [ -101.19906588, 41.7932776 ], [ -101.21298448, 41.81676985 ], [ -101.21845086, 41.82597969 ], [ -101.23790531, 41.85868179 ], [ -101.24568658, 41.87172899 ], [ -101.25742963, 41.89138388 ], [ -101.27696791, 41.92408598 ], [ -101.27838867, 41.92647113 ], [ -101.29657956, 41.95678806 ], [ -101.31109075, 41.98112071 ], [ -101.31617436, 41.98949017 ], [ -101.33600608, 42.02219225 ], [ -101.34379285, 42.03513873 ], [ -101.3558982, 42.05489436 ], [ -101.37581691, 42.08759646 ], [ -101.37649495, 42.08871538 ], [ -101.39599984, 42.12029854 ], [ -101.40919704, 42.14193454 ], [ -101.41609151, 42.15300065 ], [ -101.43636021, 42.18570273 ], [ -101.44189914, 42.19474102 ], [ -101.45668916, 42.21840484 ], [ -101.47460124, 42.24724808 ], [ -101.4770461, 42.25110692 ], [ -101.49747566, 42.28380902 ], [ -101.50730334, 42.29968684 ], [ -101.51795267, 42.31651111 ], [ -101.53832238, 42.34921321 ], [ -101.54000543, 42.3519362 ], [ -101.55896282, 42.38191532 ], [ -101.57270751, 42.40387031 ], [ -101.57959487, 42.4146174 ], [ -101.60028187, 42.44731951 ], [ -101.60540961, 42.45547467 ], [ -101.621252, 42.48002159 ], [ -101.63811171, 42.50650639 ], [ -101.64217699, 42.51272369 ], [ -101.66348454, 42.54542578 ], [ -101.6708138, 42.55679227 ], [ -101.6849553, 42.57812788 ], [ -101.7035159, 42.60623097 ], [ -101.70664796, 42.61082996 ], [ -101.72884108, 42.64353207 ], [ -101.736218, 42.65447907 ], [ -101.75138716, 42.67623417 ], [ -101.7689201, 42.70146866 ], [ -101.7742818, 42.70893626 ], [ -101.79774995, 42.74163836 ], [ -101.80162219, 42.74703732 ], [ -101.82199021, 42.77434045 ], [ -101.83432427, 42.79087414 ], [ -101.84692422, 42.80704255 ], [ -101.86702637, 42.83265327 ], [ -101.87283601, 42.83974463 ], [ -101.89887577, 42.87244674 ], [ -101.89972847, 42.87346884 ], [ -101.92819824, 42.90514882 ], [ -101.93243057, 42.90999218 ], [ -101.95803551, 42.93785093 ], [ -101.96513266, 42.94551849 ], [ -101.98948592, 42.97055303 ], [ -101.99783476, 42.97904616 ], [ -102.02273301, 43.00325511 ], [ -102.03053686, 43.01084351 ], [ -102.05761824, 43.03595722 ], [ -102.06323896, 43.04116914 ], [ -102.09415238, 43.0686593 ], [ -102.09594103, 43.07025002 ], [ -102.12864313, 43.09798428 ], [ -102.13282819, 43.10136141 ], [ -102.16134523, 43.12421474 ], [ -102.17429911, 43.13406349 ], [ -102.19404733, 43.14902698 ], [ -102.21879848, 43.16676559 ], [ -102.22674942, 43.17242543 ], [ -102.25945152, 43.19470704 ], [ -102.26676591, 43.19946768 ], [ -102.29215362, 43.21588079 ], [ -102.31830357, 43.23216978 ], [ -102.32485572, 43.23627867 ], [ -102.35755779, 43.25678701 ], [ -102.37034403, 43.26487189 ], [ -102.39025989, 43.27773053 ], [ -102.42002504, 43.29757397 ], [ -102.42296199, 43.29958833 ], [ -102.45566409, 43.3229227 ], [ -102.4654322, 43.33027608 ], [ -102.48836619, 43.34827 ], [ -102.50582777, 43.36297816 ], [ -102.52106828, 43.3764367 ], [ -102.54103609, 43.39568026 ], [ -102.55377038, 43.40885557 ], [ -102.57079238, 43.42838235 ], [ -102.58647248, 43.44817021 ], [ -102.59576005, 43.46108445 ], [ -102.61763533, 43.49378653 ], [ -102.61917456, 43.49591429 ], [ -102.64279189, 43.52648864 ], [ -102.65187665, 43.53819945 ], [ -102.66895187, 43.55919072 ], [ -102.68457875, 43.57708778 ], [ -102.69849151, 43.59189283 ], [ -102.71728085, 43.60006906 ], [ -102.71728085, 43.60011441 ], [ -102.69279786, 43.62459493 ], [ -102.68457875, 43.63281403 ], [ -102.66009324, 43.65729702 ], [ -102.65187665, 43.66551361 ], [ -102.62738863, 43.68999912 ], [ -102.6273873, 43.7227012 ], [ -102.61917456, 43.73091395 ], [ -102.59468265, 43.75540331 ], [ -102.58647248, 43.76361348 ], [ -102.56197801, 43.78810539 ], [ -102.55377038, 43.79631304 ], [ -102.52927341, 43.8208075 ], [ -102.52106828, 43.82901264 ], [ -102.49656886, 43.85350958 ], [ -102.48836619, 43.86171226 ], [ -102.46386434, 43.88621168 ], [ -102.46386289, 43.91891379 ], [ -102.45566409, 43.9271126 ], [ -102.43115845, 43.95161587 ], [ -102.42296199, 43.95981235 ], [ -102.39845411, 43.98431798 ], [ -102.39025989, 43.99251218 ], [ -102.36574985, 44.01702006 ], [ -102.35755779, 44.02521209 ], [ -102.33304568, 44.04972216 ], [ -102.32485572, 44.05791214 ], [ -102.30034163, 44.08242425 ], [ -102.30034055, 44.11512635 ], [ -102.29215362, 44.12331329 ], [ -102.2676367, 44.14782844 ], [ -102.25945152, 44.15601363 ], [ -102.23493298, 44.18053054 ], [ -102.22674942, 44.18871409 ], [ -102.20222938, 44.21323264 ], [ -102.19404733, 44.22141468 ], [ -102.1695259, 44.24593473 ], [ -102.16952523, 44.27863683 ], [ -102.16134523, 44.28681681 ], [ -102.13682196, 44.31133892 ], [ -102.12864313, 44.31951776 ], [ -102.10411883, 44.34404102 ], [ -102.09594103, 44.35221881 ], [ -102.0714158, 44.3767431 ], [ -102.06323896, 44.38491997 ], [ -102.03871288, 44.40944521 ], [ -102.03053686, 44.41762123 ], [ -101.99783476, 44.41809857 ], [ -101.98929317, 44.40944521 ], [ -101.96513266, 44.38496144 ], [ -101.95712626, 44.3767431 ], [ -101.93243057, 44.35140113 ], [ -101.92516551, 44.34404102 ], [ -101.89972847, 44.31827112 ], [ -101.89297307, 44.31133892 ], [ -101.86702637, 44.28470544 ], [ -101.86103788, 44.27863683 ], [ -101.83432427, 44.25121485 ], [ -101.82918055, 44.24593473 ], [ -101.80162219, 44.21763726 ], [ -101.79733263, 44.21323264 ], [ -101.7689201, 44.18444833 ], [ -101.76505291, 44.18053054 ], [ -101.736218, 44.15411432 ], [ -101.73088439, 44.14782844 ], [ -101.70806167, 44.11512635 ], [ -101.7035159, 44.1088988 ], [ -101.68841568, 44.08242425 ], [ -101.67302574, 44.04972216 ], [ -101.6708138, 44.04580627 ], [ -101.65623448, 44.01702006 ], [ -101.64220464, 43.98431798 ], [ -101.63811171, 43.97476942 ], [ -101.62934029, 43.95161587 ], [ -101.61707321, 43.91891379 ], [ -101.60540961, 43.8904527 ], [ -101.60388274, 43.88621168 ], [ -101.59363877, 43.85350958 ], [ -101.58238932, 43.8208075 ], [ -101.57270751, 43.79265727 ], [ -101.57125138, 43.78810539 ], [ -101.56052017, 43.75540331 ], [ -101.54984922, 43.7227012 ], [ -101.54000543, 43.69507669 ], [ -101.53835463, 43.68999912 ], [ -101.52902542, 43.65729702 ], [ -101.51849432, 43.62459493 ], [ -101.508538, 43.59189283 ], [ -101.50730334, 43.58847872 ], [ -101.49689209, 43.55919072 ], [ -101.48579835, 43.52648864 ], [ -101.47460124, 43.49652983 ], [ -101.4736332, 43.49378653 ], [ -101.46296292, 43.46108445 ], [ -101.45116075, 43.42838235 ], [ -101.44189914, 43.40335858 ], [ -101.43914407, 43.39568026 ], [ -101.42697379, 43.36297816 ], [ -101.4144368, 43.33027608 ], [ -101.40919704, 43.31692976 ], [ -101.40178129, 43.29757397 ], [ -101.38904105, 43.26487189 ], [ -101.37649495, 43.23463039 ], [ -101.37551607, 43.23216978 ], [ -101.36324177, 43.19946768 ], [ -101.35026686, 43.16676559 ], [ -101.34379285, 43.15079602 ], [ -101.3371293, 43.13406349 ], [ -101.32396377, 43.10136141 ], [ -101.31109075, 43.07120135 ], [ -101.3100448, 43.0686593 ], [ -101.29730713, 43.03595722 ], [ -101.28386628, 43.00325511 ], [ -101.27838867, 42.99012561 ], [ -101.27030761, 42.97055303 ], [ -101.25660257, 42.93785093 ], [ -101.24568658, 42.911991 ], [ -101.24283336, 42.90514882 ], [ -101.22900026, 42.87244674 ], [ -101.21505799, 42.83974463 ], [ -101.21298448, 42.83496018 ], [ -101.20098082, 42.80704255 ], [ -101.18679032, 42.77434045 ], [ -101.18028238, 42.75953136 ], [ -101.1724651, 42.74163836 ], [ -101.15799077, 42.70893626 ], [ -101.14758028, 42.68579166 ], [ -101.14324767, 42.67623417 ], [ -101.12809128, 42.64353207 ], [ -101.11487819, 42.61541968 ], [ -101.11270415, 42.61082996 ], [ -101.09690123, 42.57812788 ], [ -101.08217609, 42.54815406 ], [ -101.0808253, 42.54542578 ], [ -101.06435483, 42.51272369 ], [ -101.04947399, 42.48364112 ], [ -101.04760754, 42.48002159 ], [ -101.0304979, 42.44731951 ], [ -101.01677191, 42.42148359 ], [ -101.01308813, 42.4146174 ], [ -100.99534844, 42.38191532 ], [ -100.98406981, 42.36137194 ], [ -100.97731514, 42.34921321 ], [ -100.95897193, 42.31651111 ], [ -100.95136772, 42.30307769 ], [ -100.94032948, 42.28380902 ], [ -100.92138457, 42.25110692 ], [ -100.91866562, 42.24644574 ], [ -100.90207752, 42.21840484 ], [ -100.88596352, 42.19125722 ], [ -100.88262633, 42.18570273 ], [ -100.86278673, 42.15300065 ], [ -100.85326142, 42.13731578 ], [ -100.84280014, 42.12029854 ], [ -100.82262146, 42.08759646 ], [ -100.82055933, 42.08426159 ], [ -100.8021743, 42.05489436 ], [ -100.78785723, 42.03202507 ], [ -100.78162438, 42.02219225 ], [ -100.76085919, 41.98949017 ], [ -100.75515515, 41.98049472 ], [ -100.7399324, 41.95678806 ], [ -100.72245305, 41.92956515 ], [ -100.71888986, 41.92408598 ], [ -100.69772774, 41.89138388 ], [ -100.68975096, 41.8790249 ], [ -100.67648027, 41.85868179 ], [ -100.65704886, 41.82869848 ], [ -100.65525997, 41.82597969 ], [ -100.63387419, 41.7932776 ], [ -100.62434676, 41.77862192 ], [ -100.6124607, 41.7605755 ], [ -100.59164466, 41.72949352 ], [ -100.59056691, 41.7278734 ], [ -100.56985915, 41.69517131 ], [ -100.55894257, 41.67827569 ], [ -100.54859297, 41.66246921 ], [ -100.52753571, 41.62976712 ], [ -100.52624047, 41.62773438 ], [ -100.50648017, 41.59706502 ], [ -100.49353839, 41.57662398 ], [ -100.48568747, 41.56436294 ], [ -100.46509033, 41.53166083 ], [ -100.46083629, 41.52477715 ], [ -100.44470043, 41.49895875 ], [ -100.42813419, 41.47165962 ], [ -100.42482535, 41.46625664 ], [ -100.4053318, 41.43355454 ], [ -100.3954321, 41.41644372 ], [ -100.38632814, 41.40085246 ], [ -100.36779942, 41.36815035 ], [ -100.36273, 41.35901341 ], [ -100.34938128, 41.33544827 ], [ -100.3313831, 41.30274616 ], [ -100.3300279, 41.30023349 ], [ -100.31347703, 41.27004408 ], [ -100.2973258, 41.23967327 ], [ -100.29606531, 41.23734197 ], [ -100.27898572, 41.20463989 ], [ -100.26462371, 41.17611803 ], [ -100.2624935, 41.17193779 ], [ -100.2464391, 41.1392357 ], [ -100.23192163, 41.10805292 ], [ -100.23120579, 41.1065336 ], [ -100.21649291, 41.07383149 ], [ -100.2026495, 41.04112941 ], [ -100.19921953, 41.03254495 ], [ -100.18956123, 41.00842731 ], [ -100.17743589, 40.97572522 ], [ -100.16651743, 40.94555424 ], [ -100.16561609, 40.94302312 ], [ -100.15583144, 40.91032103 ], [ -100.1463067, 40.87761893 ], [ -100.13771829, 40.84491685 ], [ -100.13381534, 40.82844643 ], [ -100.12993521, 40.81221474 ], [ -100.12297692, 40.77951264 ], [ -100.11698017, 40.74681055 ], [ -100.11187473, 40.71410845 ], [ -100.10763385, 40.68140637 ], [ -100.10420289, 40.64870426 ], [ -100.10210841, 40.61600218 ], [ -100.10111324, 40.60312613 ], [ -100.09955556, 40.58330007 ], [ -100.09807151, 40.55059799 ], [ -100.09700613, 40.51789589 ], [ -100.09612486, 40.48519378 ], [ -100.09517598, 40.4524917 ], [ -100.09368886, 40.41978959 ], [ -100.0910953, 40.38708751 ], [ -100.08632836, 40.3543854 ], [ -100.08012556, 40.32168332 ], [ -100.07549039, 40.28898122 ], [ -100.07304568, 40.25627913 ], [ -100.07361057, 40.22357703 ], [ -100.07796927, 40.19087492 ], [ -100.08394388, 40.15817284 ], [ -100.09050055, 40.12547074 ], [ -100.09642997, 40.09276865 ], [ -100.09838759, 40.06006655 ], [ -100.09677174, 40.02736446 ], [ -100.09493324, 39.99466236 ], [ -100.09623376, 39.96196028 ], [ -100.10111324, 39.93847092 ], [ -100.10274834, 39.92925817 ], [ -100.11526977, 39.89655607 ], [ -100.13381534, 39.86485592 ], [ -100.13430832, 39.86385398 ], [ -100.15799107, 39.83115188 ], [ -100.16651743, 39.80407434 ], [ -100.16828449, 39.7984498 ], [ -100.16651743, 39.79644361 ], [ -100.13649653, 39.76574769 ], [ -100.13381534, 39.76391768 ], [ -100.10111324, 39.73852247 ], [ -100.09467536, 39.73304561 ], [ -100.06841114, 39.70557335 ], [ -100.06349968, 39.7003435 ], [ -100.03731254, 39.66764142 ], [ -100.03570904, 39.6653746 ], [ -100.01173049, 39.63493932 ], [ -100.00300695, 39.62326701 ], [ -99.98418921, 39.60223721 ], [ -99.97030487, 39.58523824 ], [ -99.95410186, 39.56953513 ], [ -99.93760277, 39.55133024 ], [ -99.91943527, 39.53683302 ], [ -99.90490067, 39.52306766 ], [ -99.87219858, 39.50442231 ], [ -99.87047642, 39.50413094 ], [ -99.83949648, 39.49751473 ], [ -99.81901281, 39.50413094 ], [ -99.80679438, 39.50811272 ], [ -99.77522035, 39.53683302 ], [ -99.77409228, 39.53798368 ], [ -99.75299594, 39.56953513 ], [ -99.74139018, 39.58869096 ], [ -99.73470481, 39.60223721 ], [ -99.7195554, 39.63493932 ], [ -99.70868809, 39.66046346 ], [ -99.70592964, 39.66764142 ], [ -99.69363092, 39.7003435 ], [ -99.68153601, 39.73304561 ], [ -99.67598601, 39.74628047 ], [ -99.6670072, 39.76574769 ], [ -99.64785502, 39.7984498 ], [ -99.64328391, 39.8048952 ], [ -99.62192182, 39.83115188 ], [ -99.61058181, 39.84351278 ], [ -99.58850966, 39.86385398 ], [ -99.57787972, 39.87294524 ], [ -99.54517762, 39.89578298 ], [ -99.54383037, 39.89655607 ], [ -99.51247552, 39.91405342 ], [ -99.47977342, 39.92815127 ], [ -99.47658346, 39.92925817 ], [ -99.44707133, 39.93963079 ], [ -99.41436925, 39.94847164 ], [ -99.38166715, 39.95499089 ], [ -99.34896505, 39.95927195 ], [ -99.31626296, 39.96158774 ], [ -99.29547355, 39.96196028 ], [ -99.28356086, 39.96219165 ], [ -99.27629764, 39.96196028 ], [ -99.25085876, 39.96117073 ], [ -99.21815666, 39.95862601 ], [ -99.18545457, 39.95445762 ], [ -99.15275249, 39.94847606 ], [ -99.12005039, 39.94034156 ], [ -99.08734829, 39.92977831 ], [ -99.08593573, 39.92925817 ], [ -99.05464619, 39.91752817 ], [ -99.0219441, 39.90265311 ], [ -99.01010237, 39.89655607 ], [ -98.989242, 39.88512205 ], [ -98.9565399, 39.86446354 ], [ -98.95565751, 39.86385398 ], [ -98.9238378, 39.83762628 ], [ -98.91673932, 39.83115188 ], [ -98.89113573, 39.79937015 ], [ -98.89048408, 39.7984498 ], [ -98.87622715, 39.76574769 ], [ -98.87086271, 39.73304561 ], [ -98.8714159, 39.7003435 ], [ -98.87429162, 39.66764142 ], [ -98.87806615, 39.63493932 ], [ -98.88221667, 39.60223721 ], [ -98.88638256, 39.56953513 ], [ -98.89032743, 39.53683302 ], [ -98.89113573, 39.52946348 ], [ -98.89382313, 39.50413094 ], [ -98.89671515, 39.47142883 ], [ -98.89882119, 39.43872675 ], [ -98.8997771, 39.40602465 ], [ -98.89899253, 39.37332256 ], [ -98.89523039, 39.34062046 ], [ -98.89113573, 39.32549399 ], [ -98.88470769, 39.30791835 ], [ -98.85843363, 39.28088126 ], [ -98.84561483, 39.27521627 ], [ -98.82573153, 39.26983297 ], [ -98.79302943, 39.26640113 ], [ -98.76032734, 39.26621923 ], [ -98.72762524, 39.26780831 ], [ -98.69492314, 39.26947188 ], [ -98.66222104, 39.26830679 ], [ -98.62951897, 39.26383825 ], [ -98.59681687, 39.25541086 ], [ -98.56411477, 39.24453875 ], [ -98.55680554, 39.24251417 ], [ -98.53141267, 39.23596031 ], [ -98.49871058, 39.23077112 ], [ -98.46600848, 39.23159378 ], [ -98.43330638, 39.23908001 ], [ -98.42393876, 39.24251417 ], [ -98.40060428, 39.25405267 ], [ -98.3679022, 39.274758 ], [ -98.36725341, 39.27521627 ], [ -98.33520011, 39.30383876 ], [ -98.33102744, 39.30791835 ], [ -98.30456455, 39.34062046 ], [ -98.30249801, 39.34390142 ], [ -98.28476865, 39.37332256 ], [ -98.27045771, 39.40602465 ], [ -98.26979591, 39.40815512 ], [ -98.26049532, 39.43872675 ], [ -98.2544522, 39.47142883 ], [ -98.25194808, 39.50413094 ], [ -98.25282018, 39.53683302 ], [ -98.25671837, 39.56953513 ], [ -98.26295635, 39.60223721 ], [ -98.26979591, 39.6288989 ], [ -98.27143798, 39.63493932 ], [ -98.28223608, 39.66764142 ], [ -98.2957814, 39.7003435 ], [ -98.30249801, 39.71446509 ], [ -98.31286508, 39.73304561 ], [ -98.33449308, 39.76574769 ], [ -98.33520011, 39.76676303 ], [ -98.36458403, 39.7984498 ], [ -98.3679022, 39.80185862 ], [ -98.40060428, 39.8248263 ], [ -98.41724808, 39.83115188 ], [ -98.43330638, 39.83877668 ], [ -98.46600848, 39.84655272 ], [ -98.49871058, 39.84859662 ], [ -98.53141267, 39.84490766 ], [ -98.5569945, 39.83115188 ], [ -98.56411477, 39.82949756 ], [ -98.56699141, 39.83115188 ], [ -98.56796042, 39.86385398 ], [ -98.56411477, 39.87351477 ], [ -98.55679097, 39.89655607 ], [ -98.54467809, 39.92925817 ], [ -98.53339865, 39.96196028 ], [ -98.53141267, 39.96596114 ], [ -98.51902627, 39.99466236 ], [ -98.50498879, 40.02736446 ], [ -98.49871058, 40.04027928 ], [ -98.48983125, 40.06006655 ], [ -98.47358627, 40.09276865 ], [ -98.46600848, 40.10664032 ], [ -98.45572183, 40.12547074 ], [ -98.43641782, 40.15817284 ], [ -98.43330638, 40.16308381 ], [ -98.41440586, 40.19087492 ], [ -98.40060428, 40.21022531 ], [ -98.38994452, 40.22357703 ], [ -98.3679022, 40.25004116 ], [ -98.36187549, 40.25627913 ], [ -98.33520011, 40.28320354 ], [ -98.32838539, 40.28898122 ], [ -98.30249801, 40.30982887 ], [ -98.27359582, 40.32168332 ], [ -98.26979591, 40.32295935 ], [ -98.23709381, 40.32600187 ], [ -98.20439172, 40.32541618 ], [ -98.17760861, 40.32168332 ], [ -98.17168962, 40.32089824 ], [ -98.13898752, 40.31448573 ], [ -98.10628544, 40.30575477 ], [ -98.07358335, 40.29558449 ], [ -98.05693113, 40.28898122 ], [ -98.04088125, 40.2821025 ], [ -98.00817915, 40.26489789 ], [ -97.99368989, 40.25627913 ], [ -97.97547705, 40.24465275 ], [ -97.94456624, 40.22357703 ], [ -97.94277496, 40.22227328 ], [ -97.91007286, 40.19705484 ], [ -97.90235971, 40.19087492 ], [ -97.87737076, 40.16992841 ], [ -97.86378889, 40.15817284 ], [ -97.84466868, 40.14101002 ], [ -97.82784715, 40.12547074 ], [ -97.81196658, 40.110441 ], [ -97.7938491, 40.09276865 ], [ -97.77926449, 40.07828366 ], [ -97.7614518, 40.06006655 ], [ -97.74656239, 40.04466346 ], [ -97.73037998, 40.02736446 ], [ -97.71386029, 40.00966442 ], [ -97.7003802, 39.99466236 ], [ -97.68115819, 39.97322096 ], [ -97.67144533, 39.96196028 ], [ -97.6484561, 39.93536994 ], [ -97.64339404, 39.92925817 ], [ -97.61644863, 39.89655607 ], [ -97.615754, 39.8957196 ], [ -97.5908006, 39.86385398 ], [ -97.58305192, 39.85400536 ], [ -97.56612877, 39.83115188 ], [ -97.55034982, 39.80974299 ], [ -97.54248904, 39.7984498 ], [ -97.51953187, 39.76574769 ], [ -97.51764773, 39.7631217 ], [ -97.49686889, 39.73304561 ], [ -97.48494563, 39.7159027 ], [ -97.47410721, 39.7003435 ], [ -97.45224353, 39.66881752 ], [ -97.45141245, 39.66764142 ], [ -97.42860912, 39.63493932 ], [ -97.41954143, 39.62145413 ], [ -97.40607038, 39.60223721 ], [ -97.38683934, 39.57331964 ], [ -97.38413237, 39.56953513 ], [ -97.36240678, 39.53683302 ], [ -97.35413724, 39.52307419 ], [ -97.3416064, 39.50413094 ], [ -97.32251161, 39.47142883 ], [ -97.32143516, 39.46926326 ], [ -97.30416978, 39.43872675 ], [ -97.28873306, 39.40737545 ], [ -97.28796799, 39.40602465 ], [ -97.27439901, 39.37332256 ], [ -97.26342682, 39.34062046 ], [ -97.25603097, 39.31173734 ], [ -97.2547274, 39.30791835 ], [ -97.25092023, 39.27521627 ], [ -97.2509553, 39.24251417 ], [ -97.25603097, 39.22389133 ], [ -97.25931162, 39.20981208 ], [ -97.26056555, 39.17710998 ], [ -97.25603097, 39.17345431 ], [ -97.24886972, 39.17710998 ], [ -97.22332887, 39.1896452 ], [ -97.19062677, 39.19908734 ], [ -97.15792467, 39.20600648 ], [ -97.13676152, 39.20981208 ], [ -97.12522257, 39.21208793 ], [ -97.09252048, 39.21746072 ], [ -97.0598184, 39.22041978 ], [ -97.0271163, 39.2210888 ], [ -96.9944142, 39.21934259 ], [ -96.96171211, 39.21496093 ], [ -96.93962621, 39.20981208 ], [ -96.92901001, 39.20824152 ], [ -96.89630791, 39.20047154 ], [ -96.86360581, 39.18935892 ], [ -96.83768413, 39.17710998 ], [ -96.83090372, 39.1749379 ], [ -96.79820164, 39.16096463 ], [ -96.76883503, 39.14440789 ], [ -96.76549954, 39.14317589 ], [ -96.73279744, 39.12923961 ], [ -96.70009535, 39.11458671 ], [ -96.69260919, 39.11170579 ], [ -96.66739325, 39.10639568 ], [ -96.63469115, 39.09372847 ], [ -96.6255778, 39.07900371 ], [ -96.62090103, 39.0463016 ], [ -96.61536473, 39.0135995 ], [ -96.60700976, 38.98089741 ], [ -96.60198905, 38.96552639 ], [ -96.59217188, 38.94819531 ], [ -96.57340954, 38.91549323 ], [ -96.56928696, 38.90832573 ], [ -96.54815039, 38.88279112 ], [ -96.53658488, 38.86858694 ], [ -96.51770728, 38.85008904 ], [ -96.50388278, 38.83615268 ], [ -96.48307752, 38.81738693 ], [ -96.47118068, 38.80645954 ], [ -96.44580443, 38.78468485 ], [ -96.43847858, 38.77820298 ], [ -96.40786361, 38.75198275 ], [ -96.40577649, 38.75015023 ], [ -96.37307439, 38.72129727 ], [ -96.37089498, 38.71928066 ], [ -96.34037229, 38.69097966 ], [ -96.33591723, 38.68657856 ], [ -96.30767019, 38.65875887 ], [ -96.30303983, 38.65387645 ], [ -96.27496812, 38.62388384 ], [ -96.27261649, 38.62117437 ], [ -96.24478751, 38.58847227 ], [ -96.24226602, 38.58545284 ], [ -96.21887344, 38.55577018 ], [ -96.20956392, 38.5438063 ], [ -96.19422655, 38.52306808 ], [ -96.17686182, 38.49918255 ], [ -96.17069024, 38.49036599 ], [ -96.14855327, 38.45766389 ], [ -96.14415973, 38.45086514 ], [ -96.127856, 38.42496181 ], [ -96.11145763, 38.39815784 ], [ -96.10788477, 38.3922597 ], [ -96.08905944, 38.3595576 ], [ -96.07875553, 38.34092203 ], [ -96.07091593, 38.32685551 ], [ -96.05364101, 38.29415341 ], [ -96.04605343, 38.27887628 ], [ -96.03715482, 38.26145132 ], [ -96.02152363, 38.22874922 ], [ -96.01335136, 38.21017462 ], [ -96.0067889, 38.19604714 ], [ -95.99308381, 38.16334503 ], [ -95.98105235, 38.13064295 ], [ -95.98064926, 38.12937361 ], [ -95.96958279, 38.09794084 ], [ -95.9603484, 38.06523874 ], [ -95.95340681, 38.03253666 ], [ -95.94852009, 37.99983455 ], [ -95.94794716, 37.99576453 ], [ -95.94331744, 37.96713247 ], [ -95.93807249, 37.93443036 ], [ -95.93019611, 37.90172828 ], [ -95.9157502, 37.86902618 ], [ -95.91524506, 37.86825951 ], [ -95.89352737, 37.83632409 ], [ -95.88254297, 37.8118897 ], [ -95.8790392, 37.80362199 ], [ -95.87625557, 37.77091988 ], [ -95.88254297, 37.74862669 ], [ -95.88476222, 37.7382178 ], [ -95.89512683, 37.7055157 ], [ -95.90826122, 37.67281361 ], [ -95.91524506, 37.65793375 ], [ -95.92302129, 37.64011151 ], [ -95.93301086, 37.60740942 ], [ -95.93417455, 37.57470732 ], [ -95.93139637, 37.54200524 ], [ -95.93033435, 37.50930313 ], [ -95.94484474, 37.47660103 ], [ -95.94794716, 37.47350483 ], [ -95.98064926, 37.45282675 ], [ -96.00372172, 37.44389894 ], [ -96.01335136, 37.44028781 ], [ -96.04605343, 37.43080638 ], [ -96.07875553, 37.42374122 ], [ -96.11145763, 37.41847387 ], [ -96.14415973, 37.41477921 ], [ -96.17686182, 37.41265635 ], [ -96.20956392, 37.41239265 ], [ -96.24226602, 37.41459005 ], [ -96.27496812, 37.42034727 ], [ -96.30767019, 37.4317791 ], [ -96.32756792, 37.44389894 ], [ -96.34037229, 37.4512491 ], [ -96.36873102, 37.47660103 ], [ -96.37307439, 37.48037687 ], [ -96.39754213, 37.50930313 ], [ -96.40577649, 37.51904656 ], [ -96.42070162, 37.54200524 ], [ -96.43847858, 37.57382367 ], [ -96.43890454, 37.57470732 ], [ -96.45559139, 37.60740942 ], [ -96.47118068, 37.63278774 ], [ -96.47566443, 37.64011151 ], [ -96.49285839, 37.67281361 ], [ -96.50388278, 37.69651981 ], [ -96.50814263, 37.7055157 ], [ -96.52610157, 37.7382178 ], [ -96.53658488, 37.75523272 ], [ -96.54657331, 37.77091988 ], [ -96.56928696, 37.80340789 ], [ -96.56944392, 37.80362199 ], [ -96.59449917, 37.83632409 ], [ -96.60198905, 37.84559896 ], [ -96.62284634, 37.86902618 ], [ -96.63469115, 37.88207428 ], [ -96.65466347, 37.90172828 ], [ -96.66739325, 37.91429686 ], [ -96.690357, 37.93443036 ], [ -96.70009535, 37.94321423 ], [ -96.7298201, 37.96713247 ], [ -96.73279744, 37.96964354 ], [ -96.76549954, 37.99464176 ], [ -96.77291406, 37.99983455 ], [ -96.79820164, 38.01887271 ], [ -96.81738409, 38.03253666 ], [ -96.83090372, 38.04310479 ], [ -96.85958846, 38.06523874 ], [ -96.86360581, 38.06874487 ], [ -96.89572866, 38.09794084 ], [ -96.89630791, 38.098563 ], [ -96.92425007, 38.13064295 ], [ -96.92901001, 38.13800958 ], [ -96.94368744, 38.16334503 ], [ -96.95470894, 38.19604714 ], [ -96.95737047, 38.22874922 ], [ -96.95234539, 38.26145132 ], [ -96.94292982, 38.29415341 ], [ -96.93138274, 38.32685551 ], [ -96.92901001, 38.33284559 ], [ -96.91841376, 38.3595576 ], [ -96.90564662, 38.3922597 ], [ -96.89630791, 38.41877577 ], [ -96.89399867, 38.42496181 ], [ -96.884179, 38.45766389 ], [ -96.88000669, 38.49036599 ], [ -96.88179161, 38.52306808 ], [ -96.88962067, 38.55577018 ], [ -96.89630791, 38.57122048 ], [ -96.90425235, 38.58847227 ], [ -96.92628838, 38.62117437 ], [ -96.92901001, 38.62468328 ], [ -96.95389506, 38.65387645 ], [ -96.96171211, 38.66234187 ], [ -96.98609672, 38.68657856 ], [ -96.9944142, 38.69461781 ], [ -97.02200852, 38.71928066 ], [ -97.0271163, 38.72392812 ], [ -97.0598184, 38.75165819 ], [ -97.06023012, 38.75198275 ], [ -97.09252048, 38.7792859 ], [ -97.09941129, 38.78468485 ], [ -97.12522257, 38.80742568 ], [ -97.13751345, 38.81738693 ], [ -97.15792467, 38.83706657 ], [ -97.17289637, 38.85008904 ], [ -97.19062677, 38.86966665 ], [ -97.20429124, 38.88279112 ], [ -97.22332887, 38.90786277 ], [ -97.23051097, 38.91549323 ], [ -97.25184889, 38.94819531 ], [ -97.25603097, 38.95800595 ], [ -97.27060918, 38.98089741 ], [ -97.28470087, 39.0135995 ], [ -97.28873306, 39.02972723 ], [ -97.2983741, 39.0463016 ], [ -97.31728368, 39.07900371 ], [ -97.32143516, 39.08376501 ], [ -97.32766148, 39.07900371 ], [ -97.35413724, 39.07139625 ], [ -97.38683934, 39.05278459 ], [ -97.39640027, 39.0463016 ], [ -97.41954143, 39.03509929 ], [ -97.45224353, 39.01869058 ], [ -97.46240797, 39.0135995 ], [ -97.48494563, 39.00372855 ], [ -97.51764773, 38.98982914 ], [ -97.53977601, 38.98089741 ], [ -97.55034982, 38.97665835 ], [ -97.58305192, 38.95989943 ], [ -97.60513633, 38.94819531 ], [ -97.615754, 38.9422392 ], [ -97.6484561, 38.92880709 ], [ -97.68115819, 38.9240482 ], [ -97.71386029, 38.9218273 ], [ -97.73923199, 38.91549323 ], [ -97.74656239, 38.91234882 ], [ -97.77926449, 38.89194471 ], [ -97.79191361, 38.88279112 ], [ -97.81196658, 38.86713531 ], [ -97.83387437, 38.85008904 ], [ -97.84466868, 38.84166767 ], [ -97.87737076, 38.8179237 ], [ -97.87815057, 38.81738693 ], [ -97.91007286, 38.79785806 ], [ -97.93518129, 38.78468485 ], [ -97.94277496, 38.78123634 ], [ -97.97547705, 38.76659733 ], [ -98.00726832, 38.75198275 ], [ -98.00817915, 38.75158971 ], [ -98.04088125, 38.73783517 ], [ -98.07358335, 38.72476158 ], [ -98.08663401, 38.71928066 ], [ -98.10628544, 38.71116984 ], [ -98.13898752, 38.6965739 ], [ -98.15929224, 38.68657856 ], [ -98.17168962, 38.68032072 ], [ -98.20439172, 38.66183682 ], [ -98.21666619, 38.65387645 ], [ -98.23709381, 38.63956244 ], [ -98.25927172, 38.62117437 ], [ -98.26979591, 38.61115306 ], [ -98.28959803, 38.58847227 ], [ -98.30249801, 38.56975031 ], [ -98.31042115, 38.55577018 ], [ -98.32383168, 38.52306808 ], [ -98.33258818, 38.49036599 ], [ -98.33520011, 38.47606122 ], [ -98.33831624, 38.45766389 ], [ -98.34266722, 38.42496181 ], [ -98.34743771, 38.3922597 ], [ -98.35461303, 38.3595576 ], [ -98.36431367, 38.32685551 ], [ -98.3679022, 38.31549247 ], [ -98.37455905, 38.29415341 ], [ -98.38601918, 38.26145132 ], [ -98.40060428, 38.22980467 ], [ -98.40117334, 38.22874922 ], [ -98.42381807, 38.19604714 ], [ -98.43330638, 38.18490445 ], [ -98.46600848, 38.16412136 ], [ -98.46791091, 38.16334503 ], [ -98.49871058, 38.14956437 ], [ -98.53141267, 38.13994614 ], [ -98.56411477, 38.13482982 ], [ -98.59681687, 38.13589632 ], [ -98.62951897, 38.14460391 ], [ -98.66012043, 38.16334503 ], [ -98.66222104, 38.16495269 ], [ -98.69006869, 38.19604714 ], [ -98.69492314, 38.20466045 ], [ -98.70726062, 38.22874922 ], [ -98.71754194, 38.26145132 ], [ -98.72450981, 38.29415341 ], [ -98.72762524, 38.30680132 ], [ -98.73310492, 38.32685551 ], [ -98.74475682, 38.3595576 ], [ -98.75492598, 38.3922597 ], [ -98.75438269, 38.42496181 ], [ -98.74687825, 38.45766389 ], [ -98.73564027, 38.49036599 ], [ -98.72762524, 38.51690761 ], [ -98.72574081, 38.52306808 ], [ -98.71667326, 38.55577018 ], [ -98.70983153, 38.58847227 ], [ -98.70720275, 38.62117437 ], [ -98.71220589, 38.65387645 ], [ -98.72762524, 38.6841537 ], [ -98.72937699, 38.68657856 ], [ -98.76032734, 38.716611 ], [ -98.76378256, 38.71928066 ], [ -98.79302943, 38.73952675 ], [ -98.812036, 38.75198275 ], [ -98.82573153, 38.7612949 ], [ -98.85843363, 38.77887285 ], [ -98.86529522, 38.78468485 ], [ -98.88990918, 38.81738693 ], [ -98.89113573, 38.81962768 ], [ -98.903624, 38.85008904 ], [ -98.9143443, 38.88279112 ], [ -98.9238378, 38.91328476 ], [ -98.92454886, 38.91549323 ], [ -98.93476973, 38.94819531 ], [ -98.94365697, 38.98089741 ], [ -98.95272949, 39.0135995 ], [ -98.9565399, 39.02610795 ], [ -98.96411611, 39.0463016 ], [ -98.98014236, 39.07900371 ], [ -98.989242, 39.09260118 ], [ -99.01111174, 39.11170579 ], [ -99.0219441, 39.11855412 ], [ -99.05464619, 39.12855211 ], [ -99.08734829, 39.13166815 ], [ -99.12005039, 39.13116108 ], [ -99.15275249, 39.12773681 ], [ -99.18545457, 39.12256841 ], [ -99.21815666, 39.11661005 ], [ -99.24375518, 39.11170579 ], [ -99.25085876, 39.11029144 ], [ -99.28356086, 39.10319846 ], [ -99.31626296, 39.09518801 ], [ -99.34896505, 39.08615372 ], [ -99.37318676, 39.07900371 ], [ -99.38166715, 39.0761513 ], [ -99.41436925, 39.06534906 ], [ -99.44707133, 39.05509715 ], [ -99.47764036, 39.0463016 ], [ -99.47977342, 39.04554304 ], [ -99.51247552, 39.0356337 ], [ -99.54517762, 39.02808763 ], [ -99.57787972, 39.02309217 ], [ -99.61058181, 39.0212559 ], [ -99.64328391, 39.0230706 ], [ -99.67598601, 39.02908615 ], [ -99.70868809, 39.0389405 ], [ -99.73033432, 39.0463016 ], [ -99.74139018, 39.05008321 ], [ -99.77409228, 39.05763499 ], [ -99.80679438, 39.05652272 ], [ -99.8267814, 39.0463016 ], [ -99.83949648, 39.03719063 ], [ -99.8548135, 39.0135995 ], [ -99.87091829, 38.98089741 ], [ -99.87219858, 38.97548261 ], [ -99.87629836, 38.94819531 ], [ -99.87341737, 38.91549323 ], [ -99.87219858, 38.91314992 ], [ -99.84184671, 38.88279112 ], [ -99.83949648, 38.8818229 ], [ -99.80679438, 38.87290098 ], [ -99.77409228, 38.86600808 ], [ -99.74139018, 38.86018472 ], [ -99.70868809, 38.85379893 ], [ -99.69338701, 38.85008904 ], [ -99.67598601, 38.84737714 ], [ -99.64328391, 38.84019378 ], [ -99.61058181, 38.82720193 ], [ -99.59486154, 38.81738693 ], [ -99.57787972, 38.80835843 ], [ -99.54517762, 38.78523115 ], [ -99.54454388, 38.78468485 ], [ -99.51247552, 38.75944932 ], [ -99.50412844, 38.75198275 ], [ -99.47977342, 38.73130944 ], [ -99.46665959, 38.71928066 ], [ -99.44707133, 38.70161976 ], [ -99.430536, 38.68657856 ], [ -99.41436925, 38.67119287 ], [ -99.39511056, 38.65387645 ], [ -99.38166715, 38.6382197 ], [ -99.36409606, 38.62117437 ], [ -99.34896505, 38.6001033 ], [ -99.33621325, 38.58847227 ], [ -99.31626296, 38.55880169 ], [ -99.30645009, 38.55577018 ], [ -99.28356086, 38.54329676 ], [ -99.27438552, 38.55577018 ], [ -99.25085876, 38.56637251 ], [ -99.2235143, 38.58847227 ], [ -99.21815666, 38.59130792 ], [ -99.18545457, 38.616565 ], [ -99.18059102, 38.62117437 ], [ -99.15275249, 38.64305405 ], [ -99.14070918, 38.65387645 ], [ -99.12005039, 38.6705484 ], [ -99.09832142, 38.68657856 ], [ -99.08734829, 38.69330721 ], [ -99.05464619, 38.70877425 ], [ -99.02498951, 38.71928066 ], [ -99.0219441, 38.72037692 ], [ -98.989242, 38.72678955 ], [ -98.9565399, 38.71958026 ], [ -98.9559407, 38.71928066 ], [ -98.9238378, 38.69677794 ], [ -98.91701167, 38.68657856 ], [ -98.90152938, 38.65387645 ], [ -98.89133398, 38.62117437 ], [ -98.89113573, 38.62065684 ], [ -98.88026637, 38.58847227 ], [ -98.86814343, 38.55577018 ], [ -98.86253755, 38.52306808 ], [ -98.85891277, 38.49036599 ], [ -98.86136565, 38.45766389 ], [ -98.87907304, 38.42496181 ], [ -98.89113573, 38.40947414 ], [ -98.90317839, 38.3922597 ], [ -98.91492308, 38.3595576 ], [ -98.91572996, 38.32685551 ], [ -98.90844757, 38.29415341 ], [ -98.89440283, 38.26145132 ], [ -98.89113573, 38.25498518 ], [ -98.87356393, 38.22874922 ], [ -98.85843363, 38.2047857 ], [ -98.85115577, 38.19604714 ], [ -98.82934169, 38.16334503 ], [ -98.82573153, 38.15628082 ], [ -98.80948073, 38.13064295 ], [ -98.79621257, 38.09794084 ], [ -98.79302943, 38.0867378 ], [ -98.78534852, 38.06523874 ], [ -98.7775448, 38.03253666 ], [ -98.77204939, 37.99983455 ], [ -98.76795786, 37.96713247 ], [ -98.76466397, 37.93443036 ], [ -98.76192039, 37.90172828 ], [ -98.76032734, 37.8802824 ], [ -98.75893869, 37.86902618 ], [ -98.75651507, 37.83632409 ], [ -98.7491475, 37.80362199 ], [ -98.73560613, 37.77091988 ], [ -98.72762524, 37.76583366 ], [ -98.69492314, 37.75925838 ], [ -98.66222104, 37.74804471 ], [ -98.64611786, 37.7382178 ], [ -98.62951897, 37.73115662 ], [ -98.59754159, 37.7055157 ], [ -98.59681687, 37.70497718 ], [ -98.5673847, 37.67281361 ], [ -98.56411477, 37.66890959 ], [ -98.54463057, 37.64011151 ], [ -98.53141267, 37.61754812 ], [ -98.52592915, 37.60740942 ], [ -98.51036275, 37.57470732 ], [ -98.49871058, 37.54540162 ], [ -98.49732988, 37.54200524 ], [ -98.48638231, 37.50930313 ], [ -98.47862135, 37.47660103 ], [ -98.46783766, 37.44389894 ], [ -98.46600848, 37.43957267 ], [ -98.45324356, 37.41119684 ], [ -98.43493877, 37.37849476 ], [ -98.43330638, 37.37586186 ], [ -98.41129381, 37.34579265 ], [ -98.40060428, 37.33256873 ], [ -98.37920265, 37.31309057 ], [ -98.3679022, 37.30329053 ], [ -98.33520011, 37.28613845 ], [ -98.30499369, 37.28038846 ], [ -98.30249801, 37.27990877 ], [ -98.29923743, 37.28038846 ], [ -98.26979591, 37.28394592 ], [ -98.23709381, 37.29567396 ], [ -98.2067138, 37.31309057 ], [ -98.20439172, 37.31435395 ], [ -98.17975651, 37.34579265 ], [ -98.174001, 37.37849476 ], [ -98.17168962, 37.38846895 ], [ -98.16651046, 37.41119684 ], [ -98.15183407, 37.44389894 ], [ -98.13898752, 37.46509649 ], [ -98.13025019, 37.47660103 ], [ -98.10628544, 37.5061349 ], [ -98.10306112, 37.50930313 ], [ -98.07358335, 37.53762063 ], [ -98.0678434, 37.54200524 ], [ -98.04088125, 37.56284312 ], [ -98.02182603, 37.57470732 ], [ -98.00817915, 37.58367484 ], [ -97.97547705, 37.60245079 ], [ -97.96625902, 37.60740942 ], [ -97.94277496, 37.62136559 ], [ -97.91007286, 37.6396033 ], [ -97.90918446, 37.64011151 ], [ -97.87737076, 37.65992761 ], [ -97.85562701, 37.67281361 ], [ -97.84466868, 37.67981036 ], [ -97.81196658, 37.69841335 ], [ -97.795758, 37.7055157 ], [ -97.77926449, 37.71294563 ], [ -97.74656239, 37.72275376 ], [ -97.71386029, 37.72761048 ], [ -97.68115819, 37.72810992 ], [ -97.6484561, 37.72417651 ], [ -97.615754, 37.71589105 ], [ -97.58959647, 37.7055157 ], [ -97.58305192, 37.70289656 ], [ -97.55034982, 37.68292255 ], [ -97.53727107, 37.67281361 ], [ -97.51764773, 37.65498154 ], [ -97.50310122, 37.64011151 ], [ -97.48494563, 37.61729586 ], [ -97.47806188, 37.60740942 ], [ -97.46094603, 37.57470732 ], [ -97.45224353, 37.54836614 ], [ -97.45068471, 37.54200524 ], [ -97.44804955, 37.50930313 ], [ -97.45218463, 37.47660103 ], [ -97.45224353, 37.47644823 ], [ -97.46504843, 37.44389894 ], [ -97.48249264, 37.41119684 ], [ -97.48494563, 37.40755308 ], [ -97.5055965, 37.37849476 ], [ -97.51764773, 37.36025298 ], [ -97.53045981, 37.34579265 ], [ -97.55034982, 37.31927972 ], [ -97.55943281, 37.31309057 ], [ -97.58305192, 37.28524398 ], [ -97.59647526, 37.28038846 ], [ -97.615754, 37.25539868 ], [ -97.64535457, 37.24768638 ], [ -97.6484561, 37.24192621 ], [ -97.65698393, 37.21498427 ], [ -97.67155495, 37.18228217 ], [ -97.68115819, 37.1628695 ], [ -97.68638419, 37.14958009 ], [ -97.70487755, 37.11687798 ], [ -97.71386029, 37.105219 ], [ -97.72965577, 37.0841759 ], [ -97.74656239, 37.06936399 ], [ -97.76808826, 37.05147379 ], [ -97.77926449, 37.045187 ], [ -97.81196658, 37.02759996 ], [ -97.82889359, 37.01877171 ], [ -97.84466868, 37.01261013 ], [ -97.87737076, 36.99962932 ], [ -97.91007286, 36.98839798 ], [ -97.91570972, 36.98606961 ], [ -97.94277496, 36.97573988 ], [ -97.97547705, 36.95892399 ], [ -97.98666889, 36.95336752 ], [ -98.00817915, 36.94062931 ], [ -98.04088125, 36.93502779 ], [ -98.07358335, 36.92386184 ], [ -98.08400092, 36.92066542 ], [ -98.10628544, 36.91109798 ], [ -98.13898752, 36.89683898 ], [ -98.15535948, 36.88796331 ], [ -98.17168962, 36.87572098 ], [ -98.19182511, 36.85526123 ], [ -98.20439172, 36.83645693 ], [ -98.21180034, 36.82255913 ], [ -98.22415666, 36.78985704 ], [ -98.23240459, 36.75715494 ], [ -98.23709381, 36.73023502 ], [ -98.23803264, 36.72445285 ], [ -98.24193511, 36.69175075 ], [ -98.24489589, 36.65904867 ], [ -98.24731229, 36.62634656 ], [ -98.24950255, 36.59364446 ], [ -98.25187993, 36.56094237 ], [ -98.25475576, 36.52824027 ], [ -98.25787074, 36.49553819 ], [ -98.26162846, 36.46283608 ], [ -98.26721673, 36.430134 ], [ -98.26979591, 36.42088319 ], [ -98.27611175, 36.39743189 ], [ -98.28780073, 36.36472981 ], [ -98.30200362, 36.3320277 ], [ -98.30249801, 36.33096167 ], [ -98.31763507, 36.29932562 ], [ -98.33520011, 36.27018072 ], [ -98.33742241, 36.26662352 ], [ -98.36126002, 36.23392141 ], [ -98.3679022, 36.22583039 ], [ -98.38741417, 36.20121933 ], [ -98.40060428, 36.1841958 ], [ -98.40976451, 36.16851722 ], [ -98.41444253, 36.13581514 ], [ -98.40830248, 36.10311304 ], [ -98.40060428, 36.08087816 ], [ -98.39546735, 36.07041095 ], [ -98.3765459, 36.03770885 ], [ -98.3679022, 36.02408617 ], [ -98.33689845, 36.00500676 ], [ -98.33520011, 36.00404689 ], [ -98.33288041, 36.00500676 ], [ -98.30249801, 36.02040127 ], [ -98.27991004, 36.03770885 ], [ -98.26979591, 36.04235959 ], [ -98.23709381, 36.04987094 ], [ -98.20439172, 36.06202195 ], [ -98.18614729, 36.07041095 ], [ -98.17168962, 36.0805955 ], [ -98.14326229, 36.10311304 ], [ -98.13898752, 36.1073984 ], [ -98.11479453, 36.13581514 ], [ -98.10628544, 36.14641787 ], [ -98.09112451, 36.16851722 ], [ -98.07358335, 36.19277083 ], [ -98.06813563, 36.20121933 ], [ -98.04499528, 36.23392141 ], [ -98.04088125, 36.23888358 ], [ -98.01969303, 36.26662352 ], [ -98.00817915, 36.27998877 ], [ -97.99020094, 36.29932562 ], [ -97.97547705, 36.31297877 ], [ -97.94428062, 36.3320277 ], [ -97.94277496, 36.33282505 ], [ -97.91007286, 36.34570462 ], [ -97.87737076, 36.35582441 ], [ -97.84466868, 36.36446674 ], [ -97.84373173, 36.36472981 ], [ -97.81196658, 36.3747157 ], [ -97.77926449, 36.38434869 ], [ -97.74656239, 36.3922478 ], [ -97.71590138, 36.39743189 ], [ -97.71386029, 36.39782226 ], [ -97.70227586, 36.39743189 ], [ -97.68115819, 36.3957333 ], [ -97.65578183, 36.36472981 ], [ -97.65225784, 36.3320277 ], [ -97.65205843, 36.29932562 ], [ -97.65352618, 36.26662352 ], [ -97.65565237, 36.23392141 ], [ -97.65820512, 36.20121933 ], [ -97.66104449, 36.16851722 ], [ -97.66425325, 36.13581514 ], [ -97.66719848, 36.10311304 ], [ -97.668687, 36.07041095 ], [ -97.66890586, 36.03770885 ], [ -97.6677437, 36.00500676 ], [ -97.66534229, 35.97230466 ], [ -97.66156351, 35.93960256 ], [ -97.65624537, 35.90690047 ], [ -97.65006541, 35.87419837 ], [ -97.6484561, 35.8684464 ], [ -97.6375908, 35.84149628 ], [ -97.6219566, 35.80879418 ], [ -97.615754, 35.79822807 ], [ -97.58889071, 35.7760921 ], [ -97.58305192, 35.7719342 ], [ -97.55034982, 35.75865967 ], [ -97.51764773, 35.75057622 ], [ -97.48494563, 35.74676144 ], [ -97.46726744, 35.74338999 ], [ -97.45224353, 35.74031396 ], [ -97.41954143, 35.73644352 ], [ -97.38683934, 35.73283476 ], [ -97.35413724, 35.72912164 ], [ -97.32143516, 35.7260752 ], [ -97.28873306, 35.72374388 ], [ -97.25603097, 35.72187349 ], [ -97.22332887, 35.72001959 ], [ -97.19062677, 35.7183485 ], [ -97.15792467, 35.71626178 ], [ -97.12522257, 35.71410203 ], [ -97.09252048, 35.71391874 ], [ -97.07886356, 35.71068791 ], [ -97.0598184, 35.70610829 ], [ -97.0271163, 35.70482732 ], [ -96.9944142, 35.70051656 ], [ -96.96171211, 35.6957196 ], [ -96.92901001, 35.69024403 ], [ -96.89630791, 35.6838771 ], [ -96.87682197, 35.6779858 ], [ -96.86360581, 35.67430478 ], [ -96.83090372, 35.66898756 ], [ -96.79820164, 35.66057818 ], [ -96.76549954, 35.65123204 ], [ -96.74657481, 35.6452837 ], [ -96.73279744, 35.64095417 ], [ -96.70009535, 35.63022198 ], [ -96.66739325, 35.61852996 ], [ -96.65177434, 35.61258162 ], [ -96.63469115, 35.60607561 ], [ -96.60198905, 35.59299203 ], [ -96.57604259, 35.57987951 ], [ -96.56928696, 35.57673666 ], [ -96.53658488, 35.56479673 ], [ -96.50388278, 35.55201641 ], [ -96.49468642, 35.54717743 ], [ -96.47118068, 35.53376152 ], [ -96.43847858, 35.51753404 ], [ -96.43257851, 35.51447532 ], [ -96.40577649, 35.50058061 ], [ -96.37307439, 35.48542177 ], [ -96.36692598, 35.48177324 ], [ -96.34037229, 35.4648604 ], [ -96.31280894, 35.44907114 ], [ -96.30767019, 35.44612749 ], [ -96.27496812, 35.42661789 ], [ -96.25833424, 35.41636905 ], [ -96.24226602, 35.40647066 ], [ -96.20956392, 35.38799604 ], [ -96.20320275, 35.38366695 ], [ -96.17686182, 35.36447555 ], [ -96.15632302, 35.35096484 ], [ -96.16868551, 35.31826276 ], [ -96.17686182, 35.31008644 ], [ -96.20138669, 35.28556065 ], [ -96.20956392, 35.27738343 ], [ -96.23408795, 35.25285857 ], [ -96.23408742, 35.22015647 ], [ -96.24226602, 35.21197788 ], [ -96.26678874, 35.18745438 ], [ -96.27496812, 35.179275 ], [ -96.29949009, 35.15475228 ], [ -96.29948962, 35.12205019 ], [ -96.30767019, 35.11386961 ], [ -96.33219104, 35.08934809 ], [ -96.34037229, 35.08116683 ], [ -96.36489251, 35.05664599 ], [ -96.3648921, 35.0239439 ], [ -96.37307439, 35.01576161 ], [ -96.39759363, 34.9912418 ], [ -96.40577649, 34.98305894 ], [ -96.43029518, 34.95853971 ], [ -96.43847858, 34.95035631 ], [ -96.46299679, 34.92583761 ], [ -96.46299648, 34.89313553 ], [ -96.47118068, 34.88495132 ], [ -96.49569817, 34.86043342 ], [ -96.50388278, 34.85224882 ], [ -96.52839989, 34.82773134 ], [ -96.52839966, 34.79502923 ], [ -96.53658488, 34.78684402 ], [ -96.56110144, 34.76232713 ], [ -96.56928696, 34.75414162 ], [ -96.59380325, 34.72962505 ], [ -96.60198905, 34.72143924 ], [ -96.62650511, 34.69692294 ], [ -96.62650498, 34.66422086 ], [ -96.63469115, 34.65603467 ], [ -96.65920688, 34.63151875 ], [ -96.66739325, 34.6233324 ], [ -96.69190882, 34.59881667 ], [ -96.69190874, 34.56611457 ], [ -96.70009535, 34.55792796 ], [ -96.72461074, 34.53341248 ], [ -96.73279744, 34.52522577 ], [ -96.75731278, 34.50071038 ], [ -96.75731274, 34.46800827 ], [ -96.76549954, 34.4598215 ], [ -96.7900148, 34.43530619 ], [ -96.79820164, 34.42711935 ], [ -96.82271688, 34.40260408 ], [ -96.83090372, 34.39441725 ], [ -96.855419, 34.369902 ], [ -96.85541903, 34.3371999 ], [ -96.86360581, 34.32901312 ], [ -96.88812127, 34.30449781 ], [ -96.89630791, 34.29631117 ], [ -96.92082368, 34.27179571 ], [ -96.92082397, 34.23909363 ], [ -96.92901001, 34.23090759 ], [ -96.95352687, 34.20639152 ], [ -96.96171211, 34.19820628 ], [ -96.9862302, 34.17368942 ], [ -96.98623119, 34.14098733 ], [ -96.9944142, 34.13280433 ], [ -97.01893544, 34.10828523 ], [ -97.0271163, 34.10010437 ], [ -97.05164039, 34.07558314 ], [ -97.0598184, 34.06740512 ], [ -97.09252048, 34.05915354 ], [ -97.11876248, 34.07558314 ], [ -97.12522257, 34.07981156 ], [ -97.15792467, 34.1005639 ], [ -97.17063444, 34.10828523 ], [ -97.19062677, 34.12096012 ], [ -97.22332887, 34.14039055 ], [ -97.22434872, 34.14098733 ], [ -97.25603097, 34.16038191 ], [ -97.279454, 34.17368942 ], [ -97.28873306, 34.17922814 ], [ -97.32143516, 34.19815919 ], [ -97.33624698, 34.20639152 ], [ -97.35413724, 34.21682112 ], [ -97.38683934, 34.23491851 ], [ -97.39455399, 34.23909363 ], [ -97.41954143, 34.25328451 ], [ -97.45224353, 34.27054764 ], [ -97.45464402, 34.27179571 ], [ -97.48494563, 34.28830196 ], [ -97.51626927, 34.30449781 ], [ -97.51764773, 34.30523386 ], [ -97.55034982, 34.32147088 ], [ -97.58305192, 34.33621648 ], [ -97.58517061, 34.3371999 ], [ -97.615754, 34.35235263 ], [ -97.6484561, 34.36644446 ], [ -97.65692411, 34.369902 ], [ -97.68115819, 34.38037731 ], [ -97.71386029, 34.39317594 ], [ -97.74086409, 34.40260408 ], [ -97.74656239, 34.40473833 ], [ -97.77926449, 34.41610909 ], [ -97.81196658, 34.42581821 ], [ -97.84466868, 34.43400878 ], [ -97.85061627, 34.43530619 ], [ -97.87737076, 34.44176672 ], [ -97.91007286, 34.44799385 ], [ -97.94277496, 34.45258921 ], [ -97.97547705, 34.45559637 ], [ -98.00817915, 34.45700451 ], [ -98.04088125, 34.45683486 ], [ -98.07358335, 34.4550555 ], [ -98.10628544, 34.45167231 ], [ -98.13898752, 34.44652803 ], [ -98.17168962, 34.43931362 ], [ -98.18503707, 34.43530619 ], [ -98.20439172, 34.43111919 ], [ -98.23709381, 34.42238366 ], [ -98.26979591, 34.41128013 ], [ -98.28876252, 34.40260408 ], [ -98.30249801, 34.39826879 ], [ -98.33520011, 34.38620733 ], [ -98.36730097, 34.369902 ], [ -98.3679022, 34.36970467 ], [ -98.40060428, 34.35985605 ], [ -98.43330638, 34.35996912 ], [ -98.45340388, 34.369902 ], [ -98.46600848, 34.39102726 ], [ -98.47152955, 34.40260408 ], [ -98.47283674, 34.43530619 ], [ -98.46943747, 34.46800827 ], [ -98.46600848, 34.49005897 ], [ -98.46347336, 34.50071038 ], [ -98.45481787, 34.53341248 ], [ -98.44551756, 34.56611457 ], [ -98.43529265, 34.59881667 ], [ -98.43330638, 34.60479921 ], [ -98.4144601, 34.63151875 ], [ -98.40060428, 34.64603626 ], [ -98.3679022, 34.65068469 ], [ -98.33520011, 34.64103259 ], [ -98.30249801, 34.63263782 ], [ -98.29297329, 34.63151875 ], [ -98.26979591, 34.6288916 ], [ -98.23709381, 34.62918024 ], [ -98.21623214, 34.63151875 ], [ -98.20439172, 34.63260493 ], [ -98.17168962, 34.63799951 ], [ -98.13898752, 34.64517136 ], [ -98.10628544, 34.65364012 ], [ -98.07358335, 34.66353472 ], [ -98.07173099, 34.66422086 ], [ -98.04088125, 34.6739143 ], [ -98.00817915, 34.68483982 ], [ -97.97766068, 34.69692294 ], [ -97.97547705, 34.697687 ], [ -97.94277496, 34.70992391 ], [ -97.91007286, 34.72371462 ], [ -97.89913158, 34.72962505 ], [ -97.87737076, 34.73972127 ], [ -97.84466868, 34.75604789 ], [ -97.83316962, 34.76232713 ], [ -97.81196658, 34.77341948 ], [ -97.77926449, 34.79077264 ], [ -97.77130595, 34.79502923 ], [ -97.74656239, 34.80889727 ], [ -97.71466656, 34.82773134 ], [ -97.71386029, 34.82838298 ], [ -97.68115819, 34.85678592 ], [ -97.67739483, 34.86043342 ], [ -97.66308161, 34.89313553 ], [ -97.66511721, 34.92583761 ], [ -97.67777559, 34.95853971 ], [ -97.68115819, 34.96515559 ], [ -97.69369637, 34.9912418 ], [ -97.70918016, 35.0239439 ], [ -97.71386029, 35.03490846 ], [ -97.72264838, 35.05664599 ], [ -97.73530577, 35.08934809 ], [ -97.74656239, 35.11861669 ], [ -97.74784914, 35.12205019 ], [ -97.75858574, 35.15475228 ], [ -97.76978887, 35.18745438 ], [ -97.77926449, 35.21532077 ], [ -97.78102307, 35.22015647 ], [ -97.79203987, 35.25285857 ], [ -97.80377387, 35.28556065 ], [ -97.81196658, 35.30873274 ], [ -97.81616654, 35.31826276 ], [ -97.83029154, 35.35096484 ], [ -97.84466868, 35.3793947 ], [ -97.84742812, 35.38366695 ], [ -97.86494041, 35.41636905 ], [ -97.87737076, 35.43670929 ], [ -97.88806574, 35.44907114 ], [ -97.91007286, 35.47705429 ], [ -97.91597293, 35.48177324 ], [ -97.94277496, 35.50635309 ], [ -97.96180265, 35.51447532 ], [ -97.97547705, 35.52437228 ], [ -97.97860271, 35.51447532 ], [ -97.99651174, 35.48177324 ], [ -98.00817915, 35.47362923 ], [ -98.02134267, 35.44907114 ], [ -98.04088125, 35.42716772 ], [ -98.04807994, 35.41636905 ], [ -98.07358335, 35.39204354 ], [ -98.08181257, 35.38366695 ], [ -98.10628544, 35.36728298 ], [ -98.1351708, 35.35096484 ], [ -98.13898752, 35.34948153 ], [ -98.17168962, 35.3387219 ], [ -98.20439172, 35.3316258 ], [ -98.23709381, 35.32739924 ], [ -98.26979591, 35.32538568 ], [ -98.30249801, 35.32507537 ], [ -98.33520011, 35.32448209 ], [ -98.34857727, 35.31826276 ], [ -98.3679022, 35.31106311 ], [ -98.39373707, 35.28556065 ], [ -98.40060428, 35.28049524 ], [ -98.42117979, 35.25285857 ], [ -98.43330638, 35.23821735 ], [ -98.448124, 35.22015647 ], [ -98.46100946, 35.18745438 ], [ -98.46600848, 35.17749875 ], [ -98.48303214, 35.15475228 ], [ -98.49262654, 35.12205019 ], [ -98.49871058, 35.10547155 ], [ -98.50993482, 35.08934809 ], [ -98.50542894, 35.05664599 ], [ -98.49871058, 35.02455335 ], [ -98.49856722, 35.0239439 ], [ -98.49355094, 34.9912418 ], [ -98.48990356, 34.95853971 ], [ -98.48772195, 34.92583761 ], [ -98.48779184, 34.89313553 ], [ -98.49172056, 34.86043342 ], [ -98.49871058, 34.83777426 ], [ -98.50449527, 34.82773134 ], [ -98.53141267, 34.80211131 ], [ -98.54532583, 34.79502923 ], [ -98.56411477, 34.78795725 ], [ -98.59681687, 34.77828786 ], [ -98.62951897, 34.76875584 ], [ -98.64766976, 34.76232713 ], [ -98.66222104, 34.75793527 ], [ -98.69492314, 34.74491271 ], [ -98.72363832, 34.72962505 ], [ -98.72762524, 34.72772887 ], [ -98.76032734, 34.70472809 ], [ -98.7682707, 34.69692294 ], [ -98.79302943, 34.67262579 ], [ -98.79959835, 34.66422086 ], [ -98.82324436, 34.63151875 ], [ -98.82573153, 34.62750886 ], [ -98.84212342, 34.59881667 ], [ -98.85660056, 34.56611457 ], [ -98.85843363, 34.55958392 ], [ -98.86572687, 34.53341248 ], [ -98.86957633, 34.50071038 ], [ -98.8659336, 34.46800827 ], [ -98.85843363, 34.44641612 ], [ -98.85517607, 34.43530619 ], [ -98.85111631, 34.40260408 ], [ -98.85843363, 34.39033639 ], [ -98.87199833, 34.369902 ], [ -98.89113573, 34.35378399 ], [ -98.91049559, 34.3371999 ], [ -98.9238378, 34.32674262 ], [ -98.95011928, 34.30449781 ], [ -98.9565399, 34.29875679 ], [ -98.98490319, 34.27179571 ], [ -98.989242, 34.2670501 ], [ -99.01436076, 34.23909363 ], [ -99.0219441, 34.22954393 ], [ -99.04039562, 34.20639152 ], [ -99.05464619, 34.18622514 ], [ -99.06374787, 34.17368942 ], [ -99.08482858, 34.14098733 ], [ -99.08734829, 34.1367917 ], [ -99.105147, 34.10828523 ], [ -99.12005039, 34.08174963 ], [ -99.12368402, 34.07558314 ], [ -99.14154253, 34.04288104 ], [ -99.15275249, 34.02009216 ], [ -99.15797434, 34.01017896 ], [ -99.17422764, 33.97747685 ], [ -99.18545457, 33.95230759 ], [ -99.18907699, 33.94477477 ], [ -99.20232649, 33.91207266 ], [ -99.21266298, 33.87937058 ], [ -99.21815666, 33.8571969 ], [ -99.22086421, 33.84666848 ], [ -99.22841996, 33.81396637 ], [ -99.23508191, 33.78126429 ], [ -99.24026823, 33.74856218 ], [ -99.24305704, 33.7158601 ], [ -99.24296413, 33.683158 ], [ -99.24017007, 33.65045591 ], [ -99.23483107, 33.61775381 ], [ -99.22706361, 33.58505172 ], [ -99.21815666, 33.55611835 ], [ -99.21685179, 33.55234962 ], [ -99.20363446, 33.51964751 ], [ -99.18854502, 33.48694543 ], [ -99.18545457, 33.4807647 ], [ -99.17084537, 33.45424333 ], [ -99.15275249, 33.42452111 ], [ -99.15077294, 33.42154124 ], [ -99.12759203, 33.38883914 ], [ -99.12005039, 33.378904 ], [ -99.1015034, 33.35613706 ], [ -99.08734829, 33.33970366 ], [ -99.07250246, 33.32343495 ], [ -99.05464619, 33.30468129 ], [ -99.04069776, 33.29073287 ], [ -99.0219441, 33.27257729 ], [ -99.00626681, 33.25803076 ], [ -98.989242, 33.24252037 ], [ -98.96998854, 33.22532866 ], [ -98.9565399, 33.21299506 ], [ -98.93403916, 33.19262657 ], [ -98.9238378, 33.1831346 ], [ -98.8985621, 33.15992447 ], [ -98.89113573, 33.1529599 ], [ -98.86326938, 33.12722239 ], [ -98.85843363, 33.12266699 ], [ -98.82808766, 33.09452028 ], [ -98.82573153, 33.09229863 ], [ -98.79302943, 33.06278049 ], [ -98.79190301, 33.0618182 ], [ -98.76032734, 33.03360707 ], [ -98.754882, 33.02911609 ], [ -98.72762524, 33.00606581 ], [ -98.71557284, 32.99641401 ], [ -98.69492314, 32.97944663 ], [ -98.67484159, 32.96371191 ], [ -98.66222104, 32.95360017 ], [ -98.63290219, 32.9310098 ], [ -98.62951897, 32.92834852 ], [ -98.59681687, 32.90358018 ], [ -98.58962425, 32.89830772 ], [ -98.56411477, 32.87932657 ], [ -98.54523815, 32.86560561 ], [ -98.53141267, 32.85542509 ], [ -98.49999141, 32.83290353 ], [ -98.49871058, 32.83197329 ], [ -98.46600848, 32.80874925 ], [ -98.45369552, 32.80020143 ], [ -98.43330638, 32.78595212 ], [ -98.40664484, 32.76749934 ], [ -98.40060428, 32.76327091 ], [ -98.3679022, 32.74068281 ], [ -98.35930202, 32.73479724 ], [ -98.33520011, 32.71814951 ], [ -98.31171959, 32.70209515 ], [ -98.30249801, 32.69574599 ], [ -98.26979591, 32.67342058 ], [ -98.26383881, 32.66939305 ], [ -98.23709381, 32.65126843 ], [ -98.21543409, 32.63669095 ], [ -98.20439172, 32.6292592 ], [ -98.17168962, 32.60744011 ], [ -98.16648151, 32.60398886 ], [ -98.13898752, 32.58581184 ], [ -98.11693647, 32.57128676 ], [ -98.13080896, 32.53858467 ], [ -98.13898752, 32.53040609 ], [ -98.16350749, 32.50588257 ], [ -98.1635053, 32.47318049 ], [ -98.17168962, 32.46499615 ], [ -98.19620375, 32.44047838 ], [ -98.20439172, 32.43229041 ], [ -98.22890211, 32.4077763 ], [ -98.22889989, 32.37507419 ], [ -98.23709381, 32.36688026 ], [ -98.2615982, 32.34237209 ], [ -98.26979591, 32.33417439 ], [ -98.29429649, 32.30967 ], [ -98.29429424, 32.2769679 ], [ -98.30249801, 32.26876414 ], [ -98.32699269, 32.24426582 ], [ -98.33520011, 32.2360584 ], [ -98.35969139, 32.21156371 ], [ -98.3679022, 32.20335291 ], [ -98.39239031, 32.17886163 ], [ -98.39238853, 32.14615952 ], [ -98.40060428, 32.13794377 ], [ -98.42508786, 32.11345744 ], [ -98.43330638, 32.10523891 ], [ -98.45778743, 32.08075534 ], [ -98.45783277, 32.08075534 ], [ -98.46600848, 32.08496031 ], [ -98.49871058, 32.10671534 ], [ -98.50847611, 32.11345744 ], [ -98.53141267, 32.12923564 ], [ -98.55515712, 32.14615952 ], [ -98.56411477, 32.15254411 ], [ -98.59681687, 32.17653294 ], [ -98.59992944, 32.17886163 ], [ -98.62951897, 32.20099905 ], [ -98.6431612, 32.21156371 ], [ -98.66222104, 32.22632381 ], [ -98.68473272, 32.24426582 ], [ -98.69492314, 32.25244887 ], [ -98.72475407, 32.2769679 ], [ -98.72762524, 32.27932803 ], [ -98.76032734, 32.30677604 ], [ -98.76369697, 32.30967 ], [ -98.79302943, 32.33496547 ], [ -98.8014213, 32.34237209 ], [ -98.82573153, 32.36400433 ], [ -98.83789311, 32.37507419 ], [ -98.85843363, 32.39392386 ], [ -98.87313236, 32.4077763 ], [ -98.89113573, 32.42481125 ], [ -98.90726993, 32.44047838 ], [ -98.9238378, 32.45670144 ], [ -98.94031685, 32.47318049 ], [ -98.9565399, 32.48960929 ], [ -98.97228175, 32.50588257 ], [ -98.989242, 32.52356378 ], [ -99.00330531, 32.53858467 ], [ -99.0219441, 32.5587505 ], [ -99.03335028, 32.57128676 ], [ -99.05464619, 32.59489727 ], [ -99.06265764, 32.60398886 ], [ -99.08734829, 32.63213014 ], [ -99.09128945, 32.63669095 ], [ -99.11846898, 32.66939305 ], [ -99.12005039, 32.67122544 ], [ -99.14716153, 32.70209515 ], [ -99.15275249, 32.70880855 ], [ -99.17417171, 32.73479724 ], [ -99.18545457, 32.74872148 ], [ -99.20061835, 32.76749934 ], [ -99.21815666, 32.78968937 ], [ -99.22643678, 32.80020143 ], [ -99.25085876, 32.83053888 ], [ -99.25270503, 32.83290353 ], [ -99.27703485, 32.86560561 ], [ -99.28356086, 32.87409794 ], [ -99.30222612, 32.89830772 ], [ -99.31626296, 32.9167461 ], [ -99.32722722, 32.9310098 ], [ -99.34896505, 32.9592865 ], [ -99.35242336, 32.96371191 ], [ -99.37841018, 32.99641401 ], [ -99.38166715, 33.000479 ], [ -99.4038549, 33.02911609 ], [ -99.41436925, 33.04460841 ], [ -99.42517289, 33.0618182 ], [ -99.44229099, 33.09452028 ], [ -99.44707133, 33.10537091 ], [ -99.45583129, 33.12722239 ], [ -99.46608297, 33.15992447 ], [ -99.4736199, 33.19262657 ], [ -99.47907086, 33.22532866 ], [ -99.47977342, 33.23102479 ], [ -99.48289887, 33.25803076 ], [ -99.48554421, 33.29073287 ], [ -99.48743901, 33.32343495 ], [ -99.48896943, 33.35613706 ], [ -99.49054081, 33.38883914 ], [ -99.49243087, 33.42154124 ], [ -99.49503805, 33.45424333 ], [ -99.50122447, 33.48694543 ], [ -99.51247552, 33.51083098 ], [ -99.53990424, 33.51964751 ], [ -99.54517762, 33.52134943 ], [ -99.56096761, 33.51964751 ], [ -99.57787972, 33.51780307 ], [ -99.61058181, 33.50896768 ], [ -99.64328391, 33.49354887 ], [ -99.64953144, 33.51964751 ], [ -99.64328391, 33.54675835 ], [ -99.64113658, 33.55234962 ], [ -99.62402165, 33.58505172 ], [ -99.61272255, 33.61775381 ], [ -99.61058181, 33.6241067 ], [ -99.59989193, 33.65045591 ], [ -99.58803388, 33.683158 ], [ -99.57872636, 33.7158601 ], [ -99.57787972, 33.71879283 ], [ -99.56754779, 33.74856218 ], [ -99.5574389, 33.78126429 ], [ -99.54953806, 33.81396637 ], [ -99.54517762, 33.83436072 ], [ -99.54176944, 33.84666848 ], [ -99.53165249, 33.87937058 ], [ -99.52297687, 33.91207266 ], [ -99.51438498, 33.94477477 ], [ -99.51247552, 33.95144172 ], [ -99.50372288, 33.97747685 ], [ -99.49398067, 34.01017896 ], [ -99.48514375, 34.04288104 ], [ -99.47977342, 34.06338283 ], [ -99.47590015, 34.07558314 ], [ -99.46519482, 34.10828523 ], [ -99.45146618, 34.14098733 ], [ -99.44707133, 34.14704338 ], [ -99.4245247, 34.17368942 ], [ -99.41436925, 34.18702195 ], [ -99.39951219, 34.20639152 ], [ -99.38166715, 34.23874634 ], [ -99.38146415, 34.23909363 ], [ -99.36252378, 34.27179571 ], [ -99.34896505, 34.29632015 ], [ -99.3441811, 34.30449781 ], [ -99.32621264, 34.3371999 ], [ -99.31626296, 34.35621293 ], [ -99.3085658, 34.369902 ], [ -99.29133433, 34.40260408 ], [ -99.28356086, 34.41797559 ], [ -99.27392281, 34.43530619 ], [ -99.25668175, 34.46800827 ], [ -99.25085876, 34.47955625 ], [ -99.23909432, 34.50071038 ], [ -99.2216417, 34.53341248 ], [ -99.21815666, 34.53916594 ], [ -99.19697385, 34.56611457 ], [ -99.18545457, 34.57764718 ], [ -99.15969769, 34.59881667 ], [ -99.15275249, 34.60443983 ], [ -99.12005039, 34.63008371 ], [ -99.11827404, 34.63151875 ], [ -99.08734829, 34.66066086 ], [ -99.08396565, 34.66422086 ], [ -99.05984458, 34.69692294 ], [ -99.05464619, 34.70737262 ], [ -99.04386432, 34.72962505 ], [ -99.03676547, 34.76232713 ], [ -99.03371599, 34.79502923 ], [ -99.03176606, 34.82773134 ], [ -99.03072221, 34.86043342 ], [ -99.03182193, 34.89313553 ], [ -99.035138, 34.92583761 ], [ -99.04037022, 34.95853971 ], [ -99.04745613, 34.9912418 ], [ -99.05464619, 35.01746513 ], [ -99.05670954, 35.0239439 ], [ -99.06918389, 35.05664599 ], [ -99.08477247, 35.08934809 ], [ -99.08734829, 35.09393951 ], [ -99.10700666, 35.12205019 ], [ -99.12005039, 35.1372516 ], [ -99.14044154, 35.15475228 ], [ -99.15275249, 35.16355105 ], [ -99.18545457, 35.17856771 ], [ -99.21815666, 35.1856483 ], [ -99.25085876, 35.18659434 ], [ -99.28356086, 35.18279737 ], [ -99.31626296, 35.17503265 ], [ -99.34896505, 35.16380414 ], [ -99.36923235, 35.15475228 ], [ -99.38166715, 35.14927422 ], [ -99.41436925, 35.13137115 ], [ -99.42879358, 35.12205019 ], [ -99.44707133, 35.11028322 ], [ -99.4750725, 35.08934809 ], [ -99.47977342, 35.08582679 ], [ -99.51247552, 35.05765323 ], [ -99.51350502, 35.05664599 ], [ -99.54517762, 35.02455859 ], [ -99.54570213, 35.0239439 ], [ -99.57159188, 34.9912418 ], [ -99.57787972, 34.98271813 ], [ -99.59341839, 34.95853971 ], [ -99.61058181, 34.92944988 ], [ -99.61244708, 34.92583761 ], [ -99.62777123, 34.89313553 ], [ -99.64097485, 34.86043342 ], [ -99.64328391, 34.85353838 ], [ -99.65061044, 34.82773134 ], [ -99.6569575, 34.79502923 ], [ -99.65899183, 34.76232713 ], [ -99.65785667, 34.72962505 ], [ -99.65881975, 34.69692294 ], [ -99.66395413, 34.66422086 ], [ -99.67436266, 34.63151875 ], [ -99.67598601, 34.62762062 ], [ -99.68701694, 34.59881667 ], [ -99.70334718, 34.56611457 ], [ -99.70868809, 34.55759715 ], [ -99.72410806, 34.53341248 ], [ -99.74139018, 34.51254086 ], [ -99.75233357, 34.50071038 ], [ -99.77409228, 34.48192664 ], [ -99.7945239, 34.46800827 ], [ -99.80679438, 34.46090751 ], [ -99.83949648, 34.44578066 ], [ -99.86673311, 34.43530619 ], [ -99.87219858, 34.43330347 ], [ -99.90490067, 34.42228094 ], [ -99.93760277, 34.4120444 ], [ -99.96903397, 34.40260408 ], [ -99.97030487, 34.4022226 ], [ -100.00300695, 34.39250645 ], [ -100.03570904, 34.38287094 ], [ -100.06841114, 34.37305826 ], [ -100.07788004, 34.369902 ], [ -100.10111324, 34.36120841 ], [ -100.13381534, 34.34731895 ], [ -100.15573019, 34.3371999 ], [ -100.16651743, 34.33169433 ], [ -100.19921953, 34.31437661 ], [ -100.21737005, 34.30449781 ], [ -100.23192163, 34.2959009 ], [ -100.26462371, 34.27623791 ], [ -100.27190321, 34.27179571 ], [ -100.2973258, 34.25486307 ], [ -100.32077633, 34.23909363 ], [ -100.3300279, 34.23228002 ], [ -100.36273, 34.2084266 ], [ -100.36558862, 34.20639152 ], [ -100.3954321, 34.18282577 ], [ -100.40720764, 34.17368942 ], [ -100.42813419, 34.15551002 ], [ -100.44520584, 34.14098733 ], [ -100.46083629, 34.12590461 ], [ -100.47957738, 34.10828523 ], [ -100.49353839, 34.09344895 ], [ -100.51131601, 34.07558314 ], [ -100.52624047, 34.05878251 ], [ -100.54127989, 34.04288104 ], [ -100.55894257, 34.02205031 ], [ -100.56968459, 34.01017896 ], [ -100.59164466, 33.98342688 ], [ -100.59687019, 33.97747685 ], [ -100.62303764, 33.94477477 ], [ -100.62434676, 33.9429536 ], [ -100.64817274, 33.91207266 ], [ -100.65704886, 33.89820627 ], [ -100.66967678, 33.87937058 ], [ -100.68706106, 33.84666848 ], [ -100.68975096, 33.8401747 ], [ -100.70095683, 33.81396637 ], [ -100.7110634, 33.78126429 ], [ -100.71768286, 33.74856218 ], [ -100.7211827, 33.7158601 ], [ -100.72245305, 33.69413006 ], [ -100.7231637, 33.683158 ], [ -100.72581035, 33.65045591 ], [ -100.72892984, 33.61775381 ], [ -100.7323303, 33.58505172 ], [ -100.73575777, 33.55234962 ], [ -100.7389983, 33.51964751 ], [ -100.7418667, 33.48694543 ], [ -100.74422711, 33.45424333 ], [ -100.74574503, 33.42154124 ], [ -100.74621327, 33.38883914 ], [ -100.74536251, 33.35613706 ], [ -100.74278552, 33.32343495 ], [ -100.7382243, 33.29073287 ], [ -100.73115645, 33.25803076 ], [ -100.72245305, 33.22934394 ], [ -100.7212484, 33.22532866 ], [ -100.70819227, 33.19262657 ], [ -100.69096049, 33.15992447 ], [ -100.68975096, 33.15806073 ], [ -100.66957351, 33.12722239 ], [ -100.65704886, 33.11185141 ], [ -100.64280916, 33.09452028 ], [ -100.62434676, 33.0758247 ], [ -100.61022219, 33.0618182 ], [ -100.59164466, 33.04610439 ], [ -100.57121404, 33.02911609 ], [ -100.55894257, 33.02032875 ], [ -100.52624047, 32.99745709 ], [ -100.52474978, 32.99641401 ], [ -100.49353839, 32.9773046 ], [ -100.47066987, 32.96371191 ], [ -100.46083629, 32.95855159 ], [ -100.42813419, 32.94153397 ], [ -100.40739471, 32.9310098 ], [ -100.3954321, 32.92566817 ], [ -100.36273, 32.91115292 ], [ -100.33286264, 32.89830772 ], [ -100.3300279, 32.89716538 ], [ -100.2973258, 32.88353455 ], [ -100.26462371, 32.86972081 ], [ -100.25543076, 32.86560561 ], [ -100.23192163, 32.85548151 ], [ -100.19921953, 32.84050381 ], [ -100.18414539, 32.83290353 ], [ -100.16651743, 32.82428117 ], [ -100.13381534, 32.80616757 ], [ -100.12466331, 32.80020143 ], [ -100.10111324, 32.78512474 ], [ -100.07433257, 32.76749934 ], [ -100.06841114, 32.76351032 ], [ -100.03570904, 32.74292663 ], [ -100.02176254, 32.73479724 ], [ -100.00300695, 32.72340798 ], [ -99.97030487, 32.70485675 ], [ -99.96490736, 32.70209515 ], [ -99.93760277, 32.68673678 ], [ -99.90668085, 32.66939305 ], [ -99.90490067, 32.66819717 ], [ -99.87219858, 32.64384161 ], [ -99.86567827, 32.63669095 ], [ -99.84882821, 32.60398886 ], [ -99.84063657, 32.57128676 ], [ -99.83949648, 32.56437477 ], [ -99.83556206, 32.53858467 ], [ -99.83163974, 32.50588257 ], [ -99.8279697, 32.47318049 ], [ -99.82428746, 32.44047838 ], [ -99.82034038, 32.4077763 ], [ -99.81598662, 32.37507419 ], [ -99.81111138, 32.34237209 ], [ -99.80679438, 32.31542818 ], [ -99.80561333, 32.30967 ], [ -99.79842248, 32.2769679 ], [ -99.79084707, 32.24426582 ], [ -99.78298492, 32.21156371 ], [ -99.77494343, 32.17886163 ], [ -99.77409228, 32.17549374 ], [ -99.76438457, 32.14615952 ], [ -99.75350576, 32.11345744 ], [ -99.74259023, 32.08075534 ], [ -99.74139018, 32.07722307 ], [ -99.72918351, 32.04805323 ], [ -99.71550821, 32.01535115 ], [ -99.70868809, 31.99915369 ], [ -99.70045625, 31.98264904 ], [ -99.68420649, 31.94994696 ], [ -99.67598601, 31.93342585 ], [ -99.66673944, 31.91724486 ], [ -99.64821675, 31.88454277 ], [ -99.64328391, 31.87584432 ], [ -99.6280426, 31.85184067 ], [ -99.61058181, 31.82393937 ], [ -99.60726212, 31.81913858 ], [ -99.58483894, 31.78643648 ], [ -99.57787972, 31.7761677 ], [ -99.56129952, 31.7537344 ], [ -99.54517762, 31.73148727 ], [ -99.53700986, 31.72103229 ], [ -99.51247552, 31.69070022 ], [ -99.51051294, 31.68833019 ], [ -99.48507283, 31.6556281 ], [ -99.47977342, 31.64904447 ], [ -99.45745194, 31.622926 ], [ -99.44707133, 31.61058844 ], [ -99.42898045, 31.59022392 ], [ -99.41436925, 31.57369025 ], [ -99.3994568, 31.55752181 ], [ -99.38166715, 31.53802974 ], [ -99.36906035, 31.52481973 ], [ -99.34896505, 31.5036484 ], [ -99.33767581, 31.49211762 ], [ -99.31626296, 31.47001147 ], [ -99.305667, 31.45941554 ], [ -99.28356086, 31.43718988 ], [ -99.27291172, 31.42671344 ], [ -99.25085876, 31.404781 ], [ -99.23990826, 31.39401133 ], [ -99.21815666, 31.37225975 ], [ -99.20708173, 31.36130925 ], [ -99.18545457, 31.3394335 ], [ -99.17469077, 31.32860714 ], [ -99.15275249, 31.30615861 ], [ -99.14255789, 31.29590506 ], [ -99.12005039, 31.27300253 ], [ -99.11030781, 31.26320295 ], [ -99.08734829, 31.23983264 ], [ -99.07807144, 31.23050087 ], [ -99.05464619, 31.22232472 ], [ -99.05464619, 31.2222794 ], [ -99.07912848, 31.19779877 ], [ -99.07912924, 31.16509668 ], [ -99.08734829, 31.15687763 ], [ -99.11183278, 31.13239458 ], [ -99.12005039, 31.12417698 ], [ -99.14453617, 31.09969247 ], [ -99.1445367, 31.06699039 ], [ -99.15275249, 31.0587746 ], [ -99.17723983, 31.03428829 ], [ -99.18545457, 31.02607354 ], [ -99.20994284, 31.0015862 ], [ -99.20994314, 30.9688841 ], [ -99.21815666, 30.96067058 ], [ -99.24264594, 30.93618201 ], [ -99.25085876, 30.92796919 ], [ -99.27534866, 30.90347991 ], [ -99.28356086, 30.89526769 ], [ -99.30805132, 30.87077783 ], [ -99.31626296, 30.86256618 ], [ -99.34075399, 30.83807572 ], [ -99.34896505, 30.82986466 ], [ -99.37345665, 30.80537362 ], [ -99.38166715, 30.79716313 ], [ -99.40615931, 30.77267153 ], [ -99.41436925, 30.76446161 ], [ -99.44707133, 30.76446203 ], [ -99.47977342, 30.76446243 ], [ -99.50426701, 30.73996943 ], [ -99.51247552, 30.73176092 ], [ -99.54517762, 30.73176134 ], [ -99.57787972, 30.73176176 ], [ -99.61058181, 30.73176216 ], [ -99.64328391, 30.7317626 ], [ -99.67598601, 30.73176306 ], [ -99.68419237, 30.73996943 ], [ -99.70868809, 30.76446563 ], [ -99.74139018, 30.7644663 ], [ -99.74959541, 30.77267153 ], [ -99.77409228, 30.79716942 ], [ -99.80679438, 30.7971706 ], [ -99.8149974, 30.80537362 ], [ -99.83949648, 30.82987474 ], [ -99.84769745, 30.83807572 ], [ -99.87219858, 30.86257988 ], [ -99.90490067, 30.86258261 ], [ -99.91309589, 30.87077783 ], [ -99.93760277, 30.89528977 ], [ -99.97030487, 30.89529389 ], [ -99.97849089, 30.90347991 ], [ -100.00300695, 30.92800328 ], [ -100.02289284, 30.93618201 ], [ -100.00530267, 30.9688841 ], [ -100.00300695, 30.97313082 ], [ -99.98749569, 31.0015862 ], [ -99.97030487, 31.03372515 ], [ -99.97000025, 31.03428829 ], [ -99.95225632, 31.06699039 ], [ -99.93760277, 31.09425747 ], [ -99.93463314, 31.09969247 ], [ -99.91663414, 31.13239458 ], [ -99.90490067, 31.15359505 ], [ -99.8984176, 31.16509668 ], [ -99.87995087, 31.19779877 ], [ -99.87219858, 31.21199176 ], [ -99.86253957, 31.23050087 ], [ -99.85343443, 31.26320295 ], [ -99.85111609, 31.29590506 ], [ -99.85187734, 31.32860714 ], [ -99.85409212, 31.36130925 ], [ -99.85785482, 31.39401133 ], [ -99.86353131, 31.42671344 ], [ -99.87092252, 31.45941554 ], [ -99.87219858, 31.4651488 ], [ -99.87809318, 31.49211762 ], [ -99.88531472, 31.52481973 ], [ -99.89278295, 31.55752181 ], [ -99.90059191, 31.59022392 ], [ -99.90490067, 31.60757383 ], [ -99.9088637, 31.622926 ], [ -99.91773621, 31.6556281 ], [ -99.92719549, 31.68833019 ], [ -99.93720606, 31.72103229 ], [ -99.93760277, 31.72231232 ], [ -99.94866707, 31.7537344 ], [ -99.9608166, 31.78643648 ], [ -99.97030487, 31.8114221 ], [ -99.97390993, 31.81913858 ], [ -99.98913762, 31.85184067 ], [ -100.00300695, 31.88159022 ], [ -100.00484081, 31.88454277 ], [ -100.02401622, 31.91724486 ], [ -100.03570904, 31.93871039 ], [ -100.04465028, 31.94994696 ], [ -100.06723442, 31.98264904 ], [ -100.06841114, 31.98480467 ], [ -100.0956967, 32.01535115 ], [ -100.10111324, 32.02513856 ], [ -100.12719853, 32.04805323 ], [ -100.13381534, 32.06501434 ], [ -100.14543509, 32.08075534 ], [ -100.16651743, 32.09855189 ], [ -100.19043771, 32.11345744 ], [ -100.19921953, 32.11743352 ], [ -100.23192163, 32.12949147 ], [ -100.26462371, 32.13848241 ], [ -100.2973258, 32.14310603 ], [ -100.31214745, 32.14615952 ], [ -100.3300279, 32.14957857 ], [ -100.36273, 32.15255448 ], [ -100.3954321, 32.15446427 ], [ -100.42813419, 32.15537239 ], [ -100.46083629, 32.15542848 ], [ -100.49353839, 32.15463252 ], [ -100.52624047, 32.15334893 ], [ -100.55894257, 32.15130621 ], [ -100.59164466, 32.14883844 ], [ -100.61017328, 32.14615952 ], [ -100.62434676, 32.14413179 ], [ -100.65704886, 32.14183831 ], [ -100.68975096, 32.13766943 ], [ -100.72245305, 32.13296142 ], [ -100.75515515, 32.12764368 ], [ -100.78785723, 32.12190087 ], [ -100.82055933, 32.11569692 ], [ -100.83137976, 32.11345744 ], [ -100.85326142, 32.10876674 ], [ -100.88596352, 32.1012795 ], [ -100.91866562, 32.09326585 ], [ -100.95136772, 32.08490776 ], [ -100.96676621, 32.08075534 ], [ -100.98406981, 32.07594803 ], [ -101.01677191, 32.0663292 ], [ -101.04947399, 32.05649055 ], [ -101.07650547, 32.04805323 ], [ -101.08217609, 32.04623888 ], [ -101.11487819, 32.03531064 ], [ -101.14758028, 32.0240661 ], [ -101.18028238, 32.03987658 ], [ -101.18845905, 32.04805323 ], [ -101.18846012, 32.08075534 ], [ -101.21298448, 32.10527816 ], [ -101.22116374, 32.11345744 ], [ -101.24568658, 32.13797866 ], [ -101.25386742, 32.14615952 ], [ -101.27838867, 32.17067913 ], [ -101.28657116, 32.17886163 ], [ -101.31109075, 32.20337955 ], [ -101.31927493, 32.21156371 ], [ -101.34379285, 32.23607993 ], [ -101.35197873, 32.24426582 ], [ -101.37649495, 32.26878031 ], [ -101.38468255, 32.2769679 ], [ -101.40919704, 32.30148066 ], [ -101.41738638, 32.30967 ], [ -101.41738753, 32.34237209 ], [ -101.44189914, 32.36688201 ], [ -101.45009131, 32.37507419 ], [ -101.47460124, 32.39958245 ], [ -101.48279507, 32.4077763 ], [ -101.50730334, 32.43228296 ], [ -101.51549874, 32.44047838 ], [ -101.54000543, 32.46498357 ], [ -101.54820235, 32.47318049 ], [ -101.57270751, 32.49768433 ], [ -101.58090577, 32.50588257 ], [ -101.60540961, 32.53038527 ], [ -101.61360902, 32.53858467 ], [ -101.63811171, 32.56308637 ], [ -101.64631211, 32.57128676 ], [ -101.6708138, 32.59578759 ], [ -101.67901507, 32.60398886 ], [ -101.67901556, 32.63669095 ], [ -101.7035159, 32.66119066 ], [ -101.71171828, 32.66939305 ], [ -101.736218, 32.69389226 ], [ -101.74442089, 32.70209515 ], [ -101.7689201, 32.72659394 ], [ -101.77712337, 32.73479724 ], [ -101.80162219, 32.75929575 ], [ -101.80982578, 32.76749934 ], [ -101.83432427, 32.79199765 ], [ -101.84252808, 32.80020143 ], [ -101.86702637, 32.82469961 ], [ -101.87523029, 32.83290353 ], [ -101.89972847, 32.85740167 ], [ -101.90793243, 32.86560561 ], [ -101.90793239, 32.89830772 ], [ -101.93243057, 32.92280598 ], [ -101.94063439, 32.9310098 ], [ -101.96513266, 32.95550821 ], [ -101.97333635, 32.96371191 ], [ -101.99783476, 32.98821051 ], [ -102.00603825, 32.99641401 ], [ -102.03053686, 33.02091286 ], [ -102.03874008, 33.02911609 ], [ -102.06323896, 33.05361526 ], [ -102.07144188, 33.0618182 ], [ -102.09594103, 33.08631773 ], [ -102.10414361, 33.09452028 ], [ -102.12864313, 33.11902021 ], [ -102.13684531, 33.12722239 ], [ -102.16134523, 33.15172276 ], [ -102.16954696, 33.15992447 ], [ -102.16954661, 33.19262657 ], [ -102.19404733, 33.21712781 ], [ -102.20224818, 33.22532866 ], [ -102.22674942, 33.24983048 ], [ -102.23494971, 33.25803076 ], [ -102.25945152, 33.28253317 ], [ -102.26765121, 33.29073287 ], [ -102.29215362, 33.31523591 ], [ -102.30035266, 33.32343495 ], [ -102.32485572, 33.34793867 ], [ -102.33305409, 33.35613706 ], [ -102.35755779, 33.38064144 ], [ -102.36575551, 33.38883914 ], [ -102.39025989, 33.41334424 ], [ -102.3984569, 33.42154124 ], [ -102.39845641, 33.45424333 ], [ -102.42296199, 33.47874961 ], [ -102.43115781, 33.48694543 ], [ -102.45566409, 33.51145243 ], [ -102.46385918, 33.51964751 ], [ -102.48836619, 33.54415521 ], [ -102.4965606, 33.55234962 ], [ -102.52106828, 33.57685794 ], [ -102.52926205, 33.58505172 ], [ -102.55377038, 33.60956064 ], [ -102.56196356, 33.61775381 ], [ -102.58647248, 33.6422632 ], [ -102.59466517, 33.65045591 ], [ -102.61917456, 33.67496562 ], [ -102.62736694, 33.683158 ], [ -102.65187665, 33.70766785 ], [ -102.6600689, 33.7158601 ], [ -102.6600688, 33.74856218 ], [ -102.68457875, 33.77307194 ], [ -102.69277111, 33.78126429 ], [ -102.71728085, 33.80577358 ], [ -102.72547364, 33.81396637 ], [ -102.74998295, 33.83847499 ], [ -102.75817642, 33.84666848 ], [ -102.78268504, 33.87117617 ], [ -102.79087946, 33.87937058 ], [ -102.81538714, 33.90387709 ], [ -102.82358271, 33.91207266 ], [ -102.84808924, 33.93657783 ], [ -102.85628617, 33.94477477 ], [ -102.88079132, 33.9692784 ], [ -102.88898979, 33.97747685 ], [ -102.88899049, 34.01017896 ], [ -102.91349341, 34.03468015 ], [ -102.92169431, 34.04288104 ], [ -102.94619551, 34.06738046 ], [ -102.9543982, 34.07558314 ], [ -102.97889761, 34.10008074 ], [ -102.98710212, 34.10828523 ], [ -103.01159971, 34.13278103 ], [ -103.01980601, 34.14098733 ], [ -103.0443018, 34.16548139 ], [ -103.05250984, 34.17368942 ], [ -103.0770039, 34.19818189 ], [ -103.08521352, 34.20639152 ], [ -103.08521425, 34.23909363 ], [ -103.109706, 34.26358417 ], [ -103.11791753, 34.27179571 ], [ -103.14240808, 34.29628524 ], [ -103.15062067, 34.30449781 ], [ -103.15062116, 34.3371999 ], [ -103.15062168, 34.369902 ], [ -103.17511018, 34.39438941 ], [ -103.18332487, 34.40260408 ], [ -103.1833255, 34.43530619 ], [ -103.20781227, 34.45979176 ], [ -103.21602881, 34.46800827 ], [ -103.21602951, 34.50071038 ], [ -103.21603025, 34.53341248 ], [ -103.24051437, 34.55789532 ], [ -103.24873364, 34.56611457 ], [ -103.24873442, 34.59881667 ], [ -103.24873516, 34.63151875 ], [ -103.27321647, 34.65599881 ], [ -103.27321647, 34.65604414 ], [ -103.24051437, 34.63449207 ], [ -103.20781227, 34.65173904 ], [ -103.18587059, 34.66422086 ], [ -103.17511018, 34.67022918 ], [ -103.14240808, 34.68834522 ], [ -103.12674438, 34.69692294 ], [ -103.109706, 34.70598528 ], [ -103.0770039, 34.72267196 ], [ -103.06285846, 34.72962505 ], [ -103.0443018, 34.73845109 ], [ -103.01159971, 34.75345801 ], [ -102.99180368, 34.76232713 ], [ -102.97889761, 34.76796213 ], [ -102.94619551, 34.781874 ], [ -102.91704237, 34.79502923 ], [ -102.91349341, 34.79652745 ], [ -102.88079132, 34.80822081 ], [ -102.84808924, 34.82080629 ], [ -102.82980934, 34.82773134 ], [ -102.81538714, 34.83300944 ], [ -102.78268504, 34.84494235 ], [ -102.74998295, 34.85659343 ], [ -102.73941383, 34.86043342 ], [ -102.71728085, 34.86820119 ], [ -102.68457875, 34.87955161 ], [ -102.65187665, 34.89087248 ], [ -102.64556695, 34.89313553 ], [ -102.61917456, 34.90216515 ], [ -102.58647248, 34.91366977 ], [ -102.55377038, 34.92441307 ], [ -102.55021535, 34.92583761 ], [ -102.52106828, 34.93725545 ], [ -102.48836619, 34.94973295 ], [ -102.46683213, 34.95853971 ], [ -102.45566409, 34.96287838 ], [ -102.42296199, 34.97704816 ], [ -102.39237402, 34.9912418 ], [ -102.39025989, 34.99216707 ], [ -102.35755779, 35.00885594 ], [ -102.33035787, 35.0239439 ], [ -102.32485572, 35.02681341 ], [ -102.29215362, 35.04691289 ], [ -102.2784275, 35.05664599 ], [ -102.25945152, 35.06909356 ], [ -102.23295822, 35.08934809 ], [ -102.22674942, 35.09370209 ], [ -102.19404733, 35.1211059 ], [ -102.19315252, 35.12205019 ], [ -102.16134523, 35.15178003 ], [ -102.15880574, 35.15475228 ], [ -102.12864313, 35.18536915 ], [ -102.12696724, 35.18745438 ], [ -102.09795418, 35.22015647 ], [ -102.09594103, 35.22213134 ], [ -102.07105864, 35.25285857 ], [ -102.06323896, 35.26142081 ], [ -102.0437659, 35.28556065 ], [ -102.03053686, 35.30170064 ], [ -102.01726527, 35.31826276 ], [ -101.99783476, 35.34247415 ], [ -101.99099584, 35.35096484 ], [ -101.96513266, 35.38322059 ], [ -101.96476428, 35.38366695 ], [ -101.93796114, 35.41636905 ], [ -101.93243057, 35.42313185 ], [ -101.90917884, 35.44907114 ], [ -101.89972847, 35.45940949 ], [ -101.86702637, 35.48052023 ], [ -101.86192218, 35.48177324 ], [ -101.83432427, 35.48836729 ], [ -101.80162219, 35.48535012 ], [ -101.7689201, 35.48216314 ], [ -101.74982726, 35.48177324 ], [ -101.736218, 35.48150087 ], [ -101.72816417, 35.48177324 ], [ -101.7035159, 35.4826434 ], [ -101.6708138, 35.48425142 ], [ -101.63811171, 35.48544326 ], [ -101.60540961, 35.48736361 ], [ -101.57270751, 35.49095118 ], [ -101.54000543, 35.49675312 ], [ -101.50730334, 35.50519835 ], [ -101.48037699, 35.51447532 ], [ -101.47460124, 35.51671729 ], [ -101.44189914, 35.53189273 ], [ -101.41404234, 35.54717743 ], [ -101.40919704, 35.55010687 ], [ -101.37649495, 35.57210153 ], [ -101.36600201, 35.57987951 ], [ -101.34379285, 35.59779553 ], [ -101.32680935, 35.61258162 ], [ -101.31109075, 35.62739359 ], [ -101.29317127, 35.6452837 ], [ -101.27838867, 35.66128046 ], [ -101.26363309, 35.6779858 ], [ -101.24568658, 35.69995185 ], [ -101.23723506, 35.71068791 ], [ -101.2134758, 35.74338999 ], [ -101.21298448, 35.74412587 ], [ -101.19220632, 35.7760921 ], [ -101.18028238, 35.79661872 ], [ -101.1733223, 35.80879418 ], [ -101.15711129, 35.84149628 ], [ -101.14758028, 35.86404206 ], [ -101.14333021, 35.87419837 ], [ -101.13196625, 35.90690047 ], [ -101.12279568, 35.93960256 ], [ -101.11576741, 35.97230466 ], [ -101.11487819, 35.97848148 ], [ -101.11106529, 36.00500676 ], [ -101.10858833, 36.03770885 ], [ -101.10852168, 36.07041095 ], [ -101.11100262, 36.10311304 ], [ -101.11487819, 36.12766031 ], [ -101.1162539, 36.13581514 ], [ -101.12485834, 36.16851722 ], [ -101.13700941, 36.20121933 ], [ -101.14758028, 36.22273106 ], [ -101.1535717, 36.23392141 ], [ -101.17566865, 36.26662352 ], [ -101.18028238, 36.27223922 ], [ -101.20510507, 36.29932562 ], [ -101.21298448, 36.30651622 ], [ -101.24485647, 36.3320277 ], [ -101.24568658, 36.33259652 ], [ -101.27838867, 36.35252264 ], [ -101.30206984, 36.36472981 ], [ -101.31109075, 36.3687884 ], [ -101.34379285, 36.38143286 ], [ -101.37649495, 36.39303959 ], [ -101.38914886, 36.39743189 ], [ -101.40919704, 36.40363882 ], [ -101.44189914, 36.41345066 ], [ -101.47460124, 36.42302951 ], [ -101.49846442, 36.430134 ], [ -101.50730334, 36.4326041 ], [ -101.54000543, 36.44205939 ], [ -101.57270751, 36.45181056 ], [ -101.60540961, 36.46173465 ], [ -101.6089401, 36.46283608 ], [ -101.63811171, 36.47136139 ], [ -101.6708138, 36.48128221 ], [ -101.7035159, 36.49165152 ], [ -101.71454371, 36.49553819 ], [ -101.736218, 36.50283767 ], [ -101.7689201, 36.51555917 ], [ -101.7974526, 36.52824027 ], [ -101.80162219, 36.53002066 ], [ -101.83432427, 36.54521367 ], [ -101.86640641, 36.56094237 ], [ -101.86702637, 36.56123724 ], [ -101.89972847, 36.57587661 ], [ -101.93243057, 36.58778546 ], [ -101.96513266, 36.59009542 ], [ -101.99783476, 36.57762571 ], [ -102.02259349, 36.56094237 ], [ -102.03053686, 36.5551966 ], [ -102.06120566, 36.52824027 ], [ -102.06323896, 36.52636102 ], [ -102.09458347, 36.49553819 ], [ -102.09594103, 36.49414847 ], [ -102.12629575, 36.46283608 ], [ -102.12864313, 36.4603317 ], [ -102.15738781, 36.430134 ], [ -102.16134523, 36.42584348 ], [ -102.18821795, 36.39743189 ], [ -102.19404733, 36.39108715 ], [ -102.21902046, 36.36472981 ], [ -102.22674942, 36.35635461 ], [ -102.24992169, 36.3320277 ], [ -102.25945152, 36.32176757 ], [ -102.28095176, 36.29932562 ], [ -102.29215362, 36.28730389 ], [ -102.31187237, 36.26662352 ], [ -102.32485572, 36.25210837 ], [ -102.34138876, 36.23392141 ], [ -102.35755779, 36.21515958 ], [ -102.36988565, 36.20121933 ], [ -102.39025989, 36.17705934 ], [ -102.39768517, 36.16851722 ], [ -102.42296199, 36.13823166 ], [ -102.42505114, 36.13581514 ], [ -102.45237875, 36.10311304 ], [ -102.45566409, 36.09904127 ], [ -102.47963235, 36.07041095 ], [ -102.48836619, 36.05965641 ], [ -102.5069256, 36.03770885 ], [ -102.52106828, 36.02058841 ], [ -102.53449461, 36.00500676 ], [ -102.55377038, 35.98215551 ], [ -102.56247468, 35.97230466 ], [ -102.58647248, 35.94454888 ], [ -102.5909513, 35.93960256 ], [ -102.61917456, 35.90790999 ], [ -102.62011819, 35.90690047 ], [ -102.65004646, 35.87419837 ], [ -102.65187665, 35.87216122 ], [ -102.68098126, 35.84149628 ], [ -102.68457875, 35.83763713 ], [ -102.71290753, 35.80879418 ], [ -102.71728085, 35.80425886 ], [ -102.74597814, 35.7760921 ], [ -102.74998295, 35.77209977 ], [ -102.78041093, 35.74338999 ], [ -102.78268504, 35.74117477 ], [ -102.81538714, 35.71189372 ], [ -102.81675983, 35.71068791 ], [ -102.84808924, 35.68156721 ], [ -102.85229222, 35.6779858 ], [ -102.88079132, 35.65297817 ], [ -102.89008646, 35.6452837 ], [ -102.91349341, 35.62531267 ], [ -102.92929934, 35.61258162 ], [ -102.94619551, 35.59854025 ], [ -102.97006766, 35.57987951 ], [ -102.97889761, 35.57275139 ], [ -103.01159971, 35.54896562 ], [ -103.01405295, 35.54717743 ], [ -103.0443018, 35.52360667 ], [ -103.05742857, 35.51447532 ], [ -103.0770039, 35.50034563 ], [ -103.10444972, 35.48177324 ], [ -103.109706, 35.47806282 ], [ -103.14240808, 35.45630458 ], [ -103.15390393, 35.44907114 ], [ -103.17511018, 35.43520902 ], [ -103.20444486, 35.41636905 ], [ -103.20781227, 35.41418984 ], [ -103.24051437, 35.39550979 ], [ -103.26136035, 35.38366695 ], [ -103.27321647, 35.37665831 ], [ -103.30591857, 35.35819837 ], [ -103.31944143, 35.35096484 ], [ -103.33862066, 35.34024852 ], [ -103.37132276, 35.32294286 ], [ -103.38057556, 35.31826276 ], [ -103.40402484, 35.30577543 ], [ -103.43672694, 35.28937072 ], [ -103.44452817, 35.28556065 ], [ -103.46942903, 35.27280597 ], [ -103.47760531, 35.25285857 ], [ -103.47765064, 35.25285857 ], [ -103.50213113, 35.27734093 ], [ -103.51035087, 35.28556065 ], [ -103.51034946, 35.31826276 ], [ -103.51034796, 35.35096484 ], [ -103.53483323, 35.37545256 ], [ -103.54304761, 35.38366695 ], [ -103.54304586, 35.41636905 ], [ -103.56753533, 35.44086115 ], [ -103.5757453, 35.44907114 ], [ -103.57574352, 35.48177324 ], [ -103.57574177, 35.51447532 ], [ -103.60023742, 35.53897361 ], [ -103.60844123, 35.54717743 ], [ -103.60843951, 35.57987951 ], [ -103.60843783, 35.61258162 ], [ -103.63293952, 35.63708581 ], [ -103.64113741, 35.6452837 ], [ -103.64113581, 35.6779858 ], [ -103.6656416, 35.70249402 ], [ -103.67383549, 35.71068791 ], [ -103.67383396, 35.74338999 ], [ -103.67383248, 35.7760921 ], [ -103.6983437, 35.80060553 ], [ -103.70653235, 35.80879418 ], [ -103.70653096, 35.84149628 ], [ -103.70652962, 35.87419837 ], [ -103.73104579, 35.89871652 ], [ -103.73922974, 35.90690047 ], [ -103.73922851, 35.93960256 ], [ -103.73922734, 35.97230466 ], [ -103.76374789, 35.99682691 ], [ -103.77192772, 36.00500676 ], [ -103.77192667, 36.03770885 ], [ -103.79644999, 36.06223369 ], [ -103.80462724, 36.07041095 ], [ -103.80462632, 36.10311304 ], [ -103.79644999, 36.13303145 ], [ -103.79109627, 36.13581514 ], [ -103.76374789, 36.1503696 ], [ -103.73104579, 36.16537955 ], [ -103.72505976, 36.16851722 ], [ -103.6983437, 36.18357217 ], [ -103.6656416, 36.19942038 ], [ -103.66183232, 36.20121933 ], [ -103.63293952, 36.21509567 ], [ -103.60023742, 36.23036684 ], [ -103.59239937, 36.23392141 ], [ -103.56753533, 36.24532263 ], [ -103.53483323, 36.25985703 ], [ -103.51912908, 36.26662352 ], [ -103.50213113, 36.27410669 ], [ -103.46942903, 36.28821553 ], [ -103.44256465, 36.29932562 ], [ -103.43672694, 36.30176554 ], [ -103.40402484, 36.31544368 ], [ -103.37132276, 36.32851657 ], [ -103.36248026, 36.3320277 ], [ -103.33862066, 36.34164344 ], [ -103.30591857, 36.35457611 ], [ -103.2793882, 36.36472981 ], [ -103.27321647, 36.36711481 ], [ -103.24051437, 36.37980342 ], [ -103.20781227, 36.39216793 ], [ -103.19383643, 36.39743189 ], [ -103.17511018, 36.40451671 ], [ -103.14240808, 36.41684162 ], [ -103.109706, 36.42789906 ], [ -103.10416535, 36.430134 ], [ -103.0770039, 36.44150548 ], [ -103.0443018, 36.45388317 ], [ -103.02042804, 36.46283608 ], [ -103.01159971, 36.4661468 ], [ -102.97889761, 36.47869267 ], [ -102.94619551, 36.49103675 ], [ -102.93448311, 36.49553819 ], [ -102.91349341, 36.50357466 ], [ -102.88079132, 36.51610574 ], [ -102.85151452, 36.52824027 ], [ -102.84808924, 36.52961085 ], [ -102.81538714, 36.54137814 ], [ -102.78268504, 36.5541359 ], [ -102.76555791, 36.56094237 ], [ -102.74998295, 36.56709171 ], [ -102.71728085, 36.58023034 ], [ -102.68457875, 36.59243105 ], [ -102.68179336, 36.59364446 ], [ -102.65187665, 36.60690737 ], [ -102.61917456, 36.62055817 ], [ -102.60577959, 36.62634656 ], [ -102.58647248, 36.63457591 ], [ -102.55377038, 36.64897624 ], [ -102.53168013, 36.65904867 ], [ -102.52106828, 36.66380105 ], [ -102.48836619, 36.67947601 ], [ -102.46404942, 36.69175075 ], [ -102.45566409, 36.69590427 ], [ -102.42296199, 36.71379781 ], [ -102.40538329, 36.72445285 ], [ -102.39025989, 36.73334733 ], [ -102.35755779, 36.75508143 ], [ -102.35456072, 36.75715494 ], [ -102.32485572, 36.77750412 ], [ -102.30661364, 36.78985704 ], [ -102.29215362, 36.79957237 ], [ -102.25945152, 36.82135449 ], [ -102.25765951, 36.82255913 ], [ -102.22674942, 36.84303455 ], [ -102.20776824, 36.85526123 ], [ -102.19404733, 36.86398795 ], [ -102.16134523, 36.88409616 ], [ -102.15475857, 36.88796331 ], [ -102.12864313, 36.9029663 ], [ -102.09594103, 36.91881518 ], [ -102.08990945, 36.92066542 ], [ -102.06323896, 36.92796244 ], [ -102.03053686, 36.92661168 ], [ -102.00534735, 36.92066542 ], [ -101.99783476, 36.91906977 ], [ -101.96513266, 36.90522264 ], [ -101.93925984, 36.88796331 ], [ -101.93243057, 36.88367082 ], [ -101.89972847, 36.85561658 ], [ -101.89932166, 36.85526123 ], [ -101.86702637, 36.83143066 ], [ -101.85169463, 36.82255913 ], [ -101.83432427, 36.81335248 ], [ -101.80162219, 36.7989766 ], [ -101.77749144, 36.78985704 ], [ -101.7689201, 36.78670321 ], [ -101.736218, 36.77640883 ], [ -101.7035159, 36.76746072 ], [ -101.6708138, 36.75964953 ], [ -101.65866886, 36.75715494 ], [ -101.63811171, 36.75302802 ], [ -101.60540961, 36.74751423 ], [ -101.57270751, 36.74310656 ], [ -101.54000543, 36.73995203 ], [ -101.50730334, 36.73794772 ], [ -101.47460124, 36.73712421 ], [ -101.44189914, 36.73735958 ], [ -101.40919704, 36.73867852 ], [ -101.37649495, 36.74131174 ], [ -101.34379285, 36.74530419 ], [ -101.31109075, 36.7493277 ], [ -101.27838867, 36.75318486 ], [ -101.24568658, 36.7565353 ], [ -101.24044793, 36.75715494 ], [ -101.21298448, 36.76068661 ], [ -101.18028238, 36.76435945 ], [ -101.14758028, 36.76798967 ], [ -101.11487819, 36.7716574 ], [ -101.08217609, 36.77540397 ], [ -101.04947399, 36.77940185 ], [ -101.01677191, 36.78369735 ], [ -100.98406981, 36.78844633 ], [ -100.97492316, 36.78985704 ], [ -100.95136772, 36.79403365 ], [ -100.91866562, 36.80076909 ], [ -100.88596352, 36.80911353 ], [ -100.85326142, 36.82005738 ], [ -100.84689854, 36.82255913 ], [ -100.82055933, 36.83594906 ], [ -100.79346074, 36.85526123 ], [ -100.78785723, 36.86086473 ], [ -100.76654357, 36.88796331 ], [ -100.75515515, 36.91190842 ], [ -100.75167031, 36.92066542 ], [ -100.74281818, 36.95336752 ], [ -100.73772795, 36.98606961 ], [ -100.73480967, 37.01877171 ], [ -100.73306939, 37.05147379 ], [ -100.7317416, 37.0841759 ], [ -100.7303441, 37.11687798 ], [ -100.72834278, 37.14958009 ], [ -100.72518622, 37.18228217 ], [ -100.72245305, 37.19937114 ], [ -100.7199947, 37.21498427 ], [ -100.71158241, 37.24768638 ], [ -100.69678776, 37.28038846 ], [ -100.68975096, 37.28737018 ], [ -100.66202295, 37.31309057 ], [ -100.65704886, 37.31665219 ], [ -100.62686013, 37.34579265 ], [ -100.62434676, 37.35082723 ], [ -100.61951326, 37.37849476 ], [ -100.62420815, 37.41119684 ], [ -100.62434676, 37.41147929 ], [ -100.63911159, 37.44389894 ], [ -100.65323979, 37.47660103 ], [ -100.65704886, 37.48393681 ], [ -100.67027136, 37.50930313 ], [ -100.68700768, 37.54200524 ], [ -100.68975096, 37.54758569 ], [ -100.70415408, 37.57470732 ], [ -100.71224842, 37.60740942 ], [ -100.7135151, 37.64011151 ], [ -100.71148957, 37.67281361 ], [ -100.70625973, 37.7055157 ], [ -100.6978722, 37.7382178 ], [ -100.68975096, 37.76326375 ], [ -100.68628376, 37.77091988 ], [ -100.67098077, 37.80362199 ], [ -100.65704886, 37.83370208 ], [ -100.65559837, 37.83632409 ], [ -100.63885723, 37.86902618 ], [ -100.62434676, 37.90092973 ], [ -100.62392428, 37.90172828 ], [ -100.6087611, 37.93443036 ], [ -100.59644689, 37.96713247 ], [ -100.59164466, 37.98348866 ], [ -100.58611719, 37.99983455 ], [ -100.57867247, 38.03253666 ], [ -100.57531952, 38.06523874 ], [ -100.5769656, 38.09794084 ], [ -100.58492388, 38.13064295 ], [ -100.59164466, 38.1448792 ], [ -100.60071875, 38.16334503 ], [ -100.62434676, 38.19309177 ], [ -100.62683585, 38.19604714 ], [ -100.65704886, 38.22248751 ], [ -100.66468909, 38.22874922 ], [ -100.68975096, 38.24517786 ], [ -100.71737571, 38.26145132 ], [ -100.72245305, 38.26397866 ], [ -100.75515515, 38.27945051 ], [ -100.78785723, 38.29048886 ], [ -100.80042539, 38.29415341 ], [ -100.82055933, 38.29962193 ], [ -100.85326142, 38.30838937 ], [ -100.88596352, 38.3178841 ], [ -100.91212259, 38.32685551 ], [ -100.91866562, 38.32920179 ], [ -100.95136772, 38.34332664 ], [ -100.97983848, 38.3595576 ], [ -100.98406981, 38.36253382 ], [ -101.01677191, 38.38945803 ], [ -101.02062401, 38.3922597 ], [ -101.04947399, 38.42212234 ], [ -101.05264525, 38.42496181 ], [ -101.08217609, 38.45509459 ], [ -101.08709567, 38.45766389 ], [ -101.11487819, 38.47085012 ], [ -101.14758028, 38.46880997 ], [ -101.16452806, 38.45766389 ], [ -101.18028238, 38.44438944 ], [ -101.1916273, 38.42496181 ], [ -101.19419368, 38.3922597 ], [ -101.19652244, 38.3595576 ], [ -101.20327167, 38.32685551 ], [ -101.21298448, 38.29683856 ], [ -101.21387001, 38.29415341 ], [ -101.2264607, 38.26145132 ], [ -101.23866047, 38.22874922 ], [ -101.24568658, 38.20698663 ], [ -101.2494121, 38.19604714 ], [ -101.25798292, 38.16334503 ], [ -101.26351939, 38.13064295 ], [ -101.26577201, 38.09794084 ], [ -101.26469469, 38.06523874 ], [ -101.26047882, 38.03253666 ], [ -101.25348035, 37.99983455 ], [ -101.24568658, 37.97232343 ], [ -101.24428999, 37.96713247 ], [ -101.23399156, 37.93443036 ], [ -101.22269928, 37.90172828 ], [ -101.21298448, 37.87436335 ], [ -101.21113597, 37.86902618 ], [ -101.20024504, 37.83632409 ], [ -101.19143527, 37.80362199 ], [ -101.18639453, 37.77091988 ], [ -101.18542759, 37.7382178 ], [ -101.18879549, 37.7055157 ], [ -101.19685929, 37.67281361 ], [ -101.21002284, 37.64011151 ], [ -101.21298448, 37.63466396 ], [ -101.22770911, 37.60740942 ], [ -101.24568658, 37.57683337 ], [ -101.24696766, 37.57470732 ], [ -101.26782552, 37.54200524 ], [ -101.27838867, 37.52773948 ], [ -101.29259487, 37.50930313 ], [ -101.31109075, 37.48915075 ], [ -101.32330385, 37.47660103 ], [ -101.34379285, 37.4589227 ], [ -101.36278844, 37.44389894 ], [ -101.37649495, 37.43458948 ], [ -101.40919704, 37.41470282 ], [ -101.41548609, 37.41119684 ], [ -101.44189914, 37.39780642 ], [ -101.47460124, 37.38318708 ], [ -101.48591836, 37.37849476 ], [ -101.50730334, 37.3699165 ], [ -101.54000543, 37.35785908 ], [ -101.57270751, 37.34634149 ], [ -101.57416093, 37.34579265 ], [ -101.60540961, 37.33374607 ], [ -101.63811171, 37.32122397 ], [ -101.66065603, 37.31309057 ], [ -101.6708138, 37.30923696 ], [ -101.7035159, 37.29796502 ], [ -101.736218, 37.28794746 ], [ -101.76692735, 37.28038846 ], [ -101.7689201, 37.2798593 ], [ -101.80162219, 37.27442583 ], [ -101.83432427, 37.27346819 ], [ -101.86702637, 37.27764808 ], [ -101.87737391, 37.28038846 ], [ -101.89972847, 37.28578333 ], [ -101.93243057, 37.2981839 ], [ -101.95781406, 37.31309057 ], [ -101.96513266, 37.31843085 ], [ -101.99339453, 37.34579265 ], [ -101.99783476, 37.35196187 ], [ -102.01407066, 37.37849476 ], [ -102.02563434, 37.41119684 ], [ -102.03053686, 37.43985243 ], [ -102.03122915, 37.44389894 ], [ -102.03277675, 37.47660103 ], [ -102.03097295, 37.50930313 ], [ -102.03053686, 37.51252231 ], [ -102.02709971, 37.54200524 ], [ -102.02153854, 37.57470732 ], [ -102.01453365, 37.60740942 ], [ -102.00646462, 37.64011151 ], [ -101.99783476, 37.66962228 ], [ -101.99696768, 37.67281361 ], [ -101.98762003, 37.7055157 ], [ -101.97759394, 37.7382178 ], [ -101.96621657, 37.77091988 ], [ -101.96513266, 37.77388216 ], [ -101.9545451, 37.80362199 ], [ -101.94152902, 37.83632409 ], [ -101.93243057, 37.8566426 ], [ -101.92614142, 37.86902618 ], [ -101.90888627, 37.90172828 ], [ -101.89972847, 37.91820858 ], [ -101.8901354, 37.93443036 ], [ -101.87043855, 37.96713247 ], [ -101.86702637, 37.97305975 ], [ -101.85170782, 37.99983455 ], [ -101.83532872, 38.03253666 ], [ -101.83432427, 38.03576454 ], [ -101.82540213, 38.06523874 ], [ -101.82799959, 38.09794084 ], [ -101.83432427, 38.11212129 ], [ -101.84396398, 38.13064295 ], [ -101.86702637, 38.15523543 ], [ -101.87687147, 38.16334503 ], [ -101.89972847, 38.17575948 ], [ -101.93243057, 38.18612968 ], [ -101.96513266, 38.18851834 ], [ -101.99783476, 38.18274161 ], [ -102.03053686, 38.17395862 ], [ -102.05229596, 38.16334503 ], [ -102.06323896, 38.15538385 ], [ -102.08203493, 38.13064295 ], [ -102.09594103, 38.1070595 ], [ -102.1000496, 38.09794084 ], [ -102.11456835, 38.06523874 ], [ -102.1281746, 38.03253666 ], [ -102.12864313, 38.03137601 ], [ -102.13925246, 37.99983455 ], [ -102.15150421, 37.96713247 ], [ -102.16134523, 37.94406967 ], [ -102.16568845, 37.93443036 ], [ -102.18232629, 37.90172828 ], [ -102.19404733, 37.88184793 ], [ -102.20756041, 37.86902618 ], [ -102.22674942, 37.85170503 ], [ -102.25945152, 37.83827799 ], [ -102.27720669, 37.83632409 ], [ -102.29215362, 37.83458215 ], [ -102.31287297, 37.83632409 ], [ -102.32485572, 37.83723969 ], [ -102.35755779, 37.84368951 ], [ -102.39025989, 37.85262535 ], [ -102.42296199, 37.86310496 ], [ -102.44364263, 37.86902618 ], [ -102.45566409, 37.87238687 ], [ -102.48836619, 37.87759321 ], [ -102.52106828, 37.879957 ], [ -102.55377038, 37.88001363 ], [ -102.58647248, 37.87808113 ], [ -102.61917456, 37.8746395 ], [ -102.65187665, 37.86981978 ], [ -102.65640846, 37.86902618 ], [ -102.68457875, 37.86366943 ], [ -102.71728085, 37.85658687 ], [ -102.74998295, 37.84876864 ], [ -102.78268504, 37.84037932 ], [ -102.79761584, 37.83632409 ], [ -102.81538714, 37.83125191 ], [ -102.84808924, 37.82151751 ], [ -102.88079132, 37.81144883 ], [ -102.90518176, 37.80362199 ], [ -102.91349341, 37.8006836 ], [ -102.94619551, 37.78787089 ], [ -102.97889761, 37.77364966 ], [ -102.98477521, 37.77091988 ], [ -103.01159971, 37.7569754 ], [ -103.0443018, 37.73923586 ], [ -103.04613866, 37.7382178 ], [ -103.0770039, 37.71944673 ], [ -103.09956111, 37.7055157 ], [ -103.109706, 37.69876432 ], [ -103.14240808, 37.67697321 ], [ -103.14863688, 37.67281361 ], [ -103.17511018, 37.65393017 ], [ -103.19478012, 37.64011151 ], [ -103.20781227, 37.63039899 ], [ -103.2389793, 37.60740942 ], [ -103.24051437, 37.6062135 ], [ -103.27321647, 37.58112993 ], [ -103.28175814, 37.57470732 ], [ -103.30591857, 37.55571786 ], [ -103.32383379, 37.54200524 ], [ -103.33862066, 37.53009905 ], [ -103.3651609, 37.50930313 ], [ -103.37132276, 37.5042793 ], [ -103.40402484, 37.47831416 ], [ -103.40623427, 37.47660103 ], [ -103.43672694, 37.45209674 ], [ -103.44728754, 37.44389894 ], [ -103.46942903, 37.42605957 ], [ -103.48855227, 37.41119684 ], [ -103.50213113, 37.40022612 ], [ -103.53005236, 37.37849476 ], [ -103.53483323, 37.37464115 ], [ -103.56753533, 37.34915758 ], [ -103.57202907, 37.34579265 ], [ -103.60023742, 37.3239175 ], [ -103.6148736, 37.31309057 ], [ -103.63293952, 37.29930364 ], [ -103.65860967, 37.28038846 ], [ -103.6656416, 37.27506705 ], [ -103.6983437, 37.25143641 ], [ -103.70372885, 37.24768638 ], [ -103.73104579, 37.22804557 ], [ -103.7502253, 37.21498427 ], [ -103.76374789, 37.20551978 ], [ -103.79644999, 37.18527588 ], [ -103.80099771, 37.18228217 ], [ -103.82915209, 37.16231941 ], [ -103.84967004, 37.14958009 ], [ -103.86185419, 37.14180068 ], [ -103.89455628, 37.12204066 ], [ -103.90355452, 37.11687798 ], [ -103.92725838, 37.10289646 ], [ -103.95996046, 37.08635852 ], [ -103.96391659, 37.0841759 ], [ -103.99266256, 37.06707796 ], [ -104.02101605, 37.05147379 ], [ -104.02536465, 37.04913345 ], [ -104.05806675, 37.03456481 ], [ -104.09076885, 37.02108634 ], [ -104.09577734, 37.01877171 ], [ -104.12347095, 37.00499179 ], [ -104.13164685, 37.01877171 ], [ -104.15617304, 37.04329647 ], [ -104.16435035, 37.05147379 ], [ -104.16435143, 37.0841759 ], [ -104.16435254, 37.11687798 ], [ -104.18887514, 37.14139887 ], [ -104.19705636, 37.14958009 ], [ -104.19705763, 37.18228217 ], [ -104.22157722, 37.2067999 ], [ -104.2297616, 37.21498427 ], [ -104.22976296, 37.24768638 ], [ -104.22976435, 37.28038846 ], [ -104.25427932, 37.30490139 ], [ -104.26246848, 37.31309057 ], [ -104.26246994, 37.34579265 ], [ -104.26247143, 37.37849476 ], [ -104.28698141, 37.40300255 ], [ -104.29517571, 37.41119684 ], [ -104.29517727, 37.44389894 ], [ -104.29517887, 37.47660103 ], [ -104.31968351, 37.50110335 ], [ -104.32788329, 37.50930313 ], [ -104.32788495, 37.54200524 ], [ -104.35238561, 37.56650346 ], [ -104.36058947, 37.57470732 ], [ -104.36059119, 37.60740942 ], [ -104.36059293, 37.64011151 ], [ -104.38508771, 37.66460373 ], [ -104.39329758, 37.67281361 ], [ -104.3932994, 37.7055157 ], [ -104.39330123, 37.7382178 ], [ -104.4177898, 37.76270369 ], [ -104.42600601, 37.77091988 ], [ -104.42600788, 37.80362199 ], [ -104.4504919, 37.82810331 ], [ -104.45871267, 37.83632409 ], [ -104.45871464, 37.86902618 ], [ -104.45866931, 37.86902618 ], [ -104.4504919, 37.83756631 ], [ -104.4177898, 37.85097487 ], [ -104.38508771, 37.86494311 ], [ -104.37538415, 37.86902618 ], [ -104.35238561, 37.87862909 ], [ -104.31968351, 37.89205514 ], [ -104.29586941, 37.90172828 ], [ -104.28698141, 37.90529253 ], [ -104.25427932, 37.91819825 ], [ -104.22157722, 37.93087489 ], [ -104.21231393, 37.93443036 ], [ -104.18887514, 37.94327038 ], [ -104.15617304, 37.95536833 ], [ -104.12576275, 37.96713247 ], [ -104.12347095, 37.96798933 ], [ -104.09076885, 37.97886914 ], [ -104.05806675, 37.99025264 ], [ -104.03011813, 37.99983455 ], [ -104.02536465, 38.00144133 ], [ -103.99266256, 38.01230187 ], [ -103.95996046, 38.02300634 ], [ -103.93027869, 38.03253666 ], [ -103.92725838, 38.03348899 ], [ -103.89455628, 38.04367613 ], [ -103.86185419, 38.05368816 ], [ -103.82915209, 38.06353878 ], [ -103.8234894, 38.06523874 ], [ -103.79644999, 38.07333911 ], [ -103.76374789, 38.08297769 ], [ -103.73104579, 38.09250923 ], [ -103.71231175, 38.09794084 ], [ -103.6983437, 38.10202477 ], [ -103.6656416, 38.11159086 ], [ -103.63293952, 38.12110316 ], [ -103.60023742, 38.13004838 ], [ -103.59833677, 38.13064295 ], [ -103.56753533, 38.14053604 ], [ -103.53483323, 38.1505504 ], [ -103.50213113, 38.1608008 ], [ -103.49429592, 38.16334503 ], [ -103.46942903, 38.17150056 ], [ -103.43672694, 38.18261236 ], [ -103.40402484, 38.19419074 ], [ -103.39907455, 38.19604714 ], [ -103.37132276, 38.20657739 ], [ -103.33862066, 38.21906259 ], [ -103.31275641, 38.22874922 ], [ -103.30591857, 38.23135621 ], [ -103.27321647, 38.24367472 ], [ -103.24051437, 38.25573997 ], [ -103.2247708, 38.26145132 ], [ -103.20781227, 38.26772633 ], [ -103.17511018, 38.27954983 ], [ -103.14240808, 38.29100107 ], [ -103.13307904, 38.29415341 ], [ -103.109706, 38.3022098 ], [ -103.0770039, 38.31303066 ], [ -103.0443018, 38.32324724 ], [ -103.0319991, 38.32685551 ], [ -103.01159971, 38.33297069 ], [ -102.97889761, 38.34199474 ], [ -102.94619551, 38.35009965 ], [ -102.91349341, 38.3570484 ], [ -102.89881238, 38.3595576 ], [ -102.88079132, 38.36274407 ], [ -102.84808924, 38.36688623 ], [ -102.81538714, 38.36887825 ], [ -102.78268504, 38.3683001 ], [ -102.74998295, 38.36448521 ], [ -102.72945976, 38.3595576 ], [ -102.71728085, 38.35689255 ], [ -102.68457875, 38.3454975 ], [ -102.65187665, 38.32990752 ], [ -102.64662657, 38.32685551 ], [ -102.61917456, 38.31238548 ], [ -102.59025737, 38.29415341 ], [ -102.58647248, 38.29197388 ], [ -102.55377038, 38.27097272 ], [ -102.54024324, 38.26145132 ], [ -102.52106828, 38.24920303 ], [ -102.49052191, 38.22874922 ], [ -102.48836619, 38.22742264 ], [ -102.45566409, 38.20780456 ], [ -102.43451893, 38.19604714 ], [ -102.42296199, 38.19022514 ], [ -102.39025989, 38.17729949 ], [ -102.35755779, 38.16922467 ], [ -102.32485572, 38.16531322 ], [ -102.29215362, 38.16780771 ], [ -102.25945152, 38.18129792 ], [ -102.24592258, 38.19604714 ], [ -102.22674942, 38.22501837 ], [ -102.22557489, 38.22874922 ], [ -102.21739871, 38.26145132 ], [ -102.2054295, 38.29415341 ], [ -102.19404733, 38.31210154 ], [ -102.17906489, 38.32685551 ], [ -102.16134523, 38.34366437 ], [ -102.14323509, 38.3595576 ], [ -102.12864313, 38.38411727 ], [ -102.12351965, 38.3922597 ], [ -102.1175097, 38.42496181 ], [ -102.12766799, 38.45766389 ], [ -102.12864313, 38.45872536 ], [ -102.16134523, 38.48976614 ], [ -102.16203207, 38.49036599 ], [ -102.19404733, 38.50739945 ], [ -102.22674942, 38.52133146 ], [ -102.23139427, 38.52306808 ], [ -102.25945152, 38.53067366 ], [ -102.29215362, 38.53698668 ], [ -102.32485572, 38.5385859 ], [ -102.35755779, 38.54583025 ], [ -102.37897241, 38.55577018 ], [ -102.39025989, 38.56012097 ], [ -102.42296199, 38.56899882 ], [ -102.45566409, 38.57515173 ], [ -102.48836619, 38.58026809 ], [ -102.52106828, 38.5863532 ], [ -102.53040105, 38.58847227 ], [ -102.55377038, 38.59306886 ], [ -102.58647248, 38.60198461 ], [ -102.61917456, 38.61488871 ], [ -102.63137762, 38.62117437 ], [ -102.65187665, 38.63092941 ], [ -102.68457875, 38.65211302 ], [ -102.68686423, 38.65387645 ], [ -102.71728085, 38.67582215 ], [ -102.72956126, 38.68657856 ], [ -102.74998295, 38.70328466 ], [ -102.76698687, 38.71928066 ], [ -102.78268504, 38.73302895 ], [ -102.80215167, 38.75198275 ], [ -102.81538714, 38.76389774 ], [ -102.83661788, 38.78468485 ], [ -102.84808924, 38.79495191 ], [ -102.87151819, 38.81738693 ], [ -102.88079132, 38.82541521 ], [ -102.9076539, 38.85008904 ], [ -102.91349341, 38.85488277 ], [ -102.94542384, 38.88279112 ], [ -102.94619551, 38.88338651 ], [ -102.97889761, 38.90969417 ], [ -102.98565155, 38.91549323 ], [ -103.01159971, 38.93475255 ], [ -103.02832582, 38.94819531 ], [ -103.0443018, 38.95912472 ], [ -103.07329528, 38.98089741 ], [ -103.0770039, 38.98334719 ], [ -103.109706, 39.00580692 ], [ -103.1200707, 39.0135995 ], [ -103.14240808, 39.03034226 ], [ -103.16190058, 39.0463016 ], [ -103.17511018, 39.05806795 ], [ -103.19730275, 39.07900371 ], [ -103.20781227, 39.090777 ], [ -103.22474822, 39.11170579 ], [ -103.24051437, 39.14327831 ], [ -103.24097762, 39.14440789 ], [ -103.24453499, 39.17710998 ], [ -103.24051437, 39.19080846 ], [ -103.23606118, 39.20981208 ], [ -103.21742748, 39.24251417 ], [ -103.20781227, 39.25279747 ], [ -103.18879083, 39.27521627 ], [ -103.17511018, 39.28919428 ], [ -103.15502669, 39.30791835 ], [ -103.14240808, 39.32055663 ], [ -103.11982305, 39.34062046 ], [ -103.109706, 39.35287563 ], [ -103.09038958, 39.37332256 ], [ -103.0770039, 39.38906699 ], [ -103.05719649, 39.40602465 ], [ -103.0443018, 39.42069788 ], [ -103.02437189, 39.43872675 ], [ -103.01159971, 39.4542688 ], [ -102.9950863, 39.47142883 ], [ -102.97889761, 39.49355668 ], [ -102.97023222, 39.50413094 ], [ -102.95002113, 39.53683302 ], [ -102.94619551, 39.54513171 ], [ -102.93424196, 39.56953513 ], [ -102.92235831, 39.60223721 ], [ -102.91376606, 39.63493932 ], [ -102.91349341, 39.63654938 ], [ -102.90806473, 39.66764142 ], [ -102.90469847, 39.7003435 ], [ -102.90325292, 39.73304561 ], [ -102.90343679, 39.76574769 ], [ -102.90502747, 39.7984498 ], [ -102.9079326, 39.83115188 ], [ -102.91205973, 39.86385398 ], [ -102.91349341, 39.87295294 ], [ -102.91737378, 39.89655607 ], [ -102.92397602, 39.92925817 ], [ -102.93188592, 39.96196028 ], [ -102.94133085, 39.99466236 ], [ -102.94619551, 40.00921781 ], [ -102.95252685, 40.02736446 ], [ -102.96572811, 40.06006655 ], [ -102.97889761, 40.08768958 ], [ -102.98142184, 40.09276865 ], [ -102.99983437, 40.12547074 ], [ -103.01159971, 40.1434374 ], [ -103.02165413, 40.15817284 ], [ -103.0443018, 40.18696612 ], [ -103.04749999, 40.19087492 ], [ -103.0770039, 40.22277772 ], [ -103.07777692, 40.22357703 ], [ -103.109706, 40.25288096 ], [ -103.11357849, 40.25627913 ], [ -103.14240808, 40.27912382 ], [ -103.15534207, 40.28898122 ], [ -103.17511018, 40.30279146 ], [ -103.20309784, 40.32168332 ], [ -103.20781227, 40.32463213 ], [ -103.24051437, 40.34480532 ], [ -103.25638831, 40.3543854 ], [ -103.27321647, 40.36394518 ], [ -103.30591857, 40.38220333 ], [ -103.3147344, 40.38708751 ], [ -103.33862066, 40.39968391 ], [ -103.37132276, 40.41675154 ], [ -103.37716532, 40.41978959 ], [ -103.40402484, 40.43320518 ], [ -103.43672694, 40.44949323 ], [ -103.44273632, 40.4524917 ], [ -103.46942903, 40.46537221 ], [ -103.50213113, 40.48122202 ], [ -103.51026904, 40.48519378 ], [ -103.53483323, 40.49684573 ], [ -103.56753533, 40.51253715 ], [ -103.5785849, 40.51789589 ], [ -103.60023742, 40.52815806 ], [ -103.63293952, 40.54390364 ], [ -103.64661461, 40.55059799 ], [ -103.6656416, 40.55972963 ], [ -103.6983437, 40.57564899 ], [ -103.71387954, 40.58330007 ], [ -103.73104579, 40.59162119 ], [ -103.76374789, 40.60743352 ], [ -103.78117699, 40.61600218 ], [ -103.79644999, 40.62351778 ], [ -103.82915209, 40.64020718 ], [ -103.84605062, 40.64870426 ], [ -103.86185419, 40.65652559 ], [ -103.89455628, 40.67227336 ], [ -103.91433171, 40.68140637 ], [ -103.92725838, 40.68722466 ], [ -103.95996046, 40.69987156 ], [ -103.99266256, 40.71079845 ], [ -104.00396107, 40.71410845 ], [ -104.02536465, 40.72024566 ], [ -104.05806675, 40.72851891 ], [ -104.09076885, 40.73580501 ], [ -104.12347095, 40.74210312 ], [ -104.15305586, 40.74681055 ], [ -104.15617304, 40.74730654 ], [ -104.18887514, 40.75348283 ], [ -104.22157722, 40.76259753 ], [ -104.25427932, 40.77240129 ], [ -104.27829822, 40.77951264 ], [ -104.28698141, 40.78211496 ], [ -104.31968351, 40.79167991 ], [ -104.35238561, 40.80132801 ], [ -104.38508771, 40.81113017 ], [ -104.38872844, 40.81221474 ], [ -104.4177898, 40.82096919 ], [ -104.4504919, 40.83105612 ], [ -104.48319398, 40.84152692 ], [ -104.49356392, 40.84491685 ], [ -104.51589608, 40.85227923 ], [ -104.54859818, 40.86348754 ], [ -104.58130027, 40.8754123 ], [ -104.58718691, 40.87761893 ], [ -104.61400237, 40.88772435 ], [ -104.64670447, 40.90088239 ], [ -104.65488254, 40.87761893 ], [ -104.65492787, 40.87761893 ], [ -104.65492428, 40.91032103 ], [ -104.64670447, 40.91854085 ], [ -104.62221674, 40.94302312 ], [ -104.61400237, 40.9512375 ], [ -104.5895088, 40.97572522 ], [ -104.58950462, 41.00842731 ], [ -104.58130027, 41.01663167 ], [ -104.55679632, 41.04112941 ], [ -104.54859818, 41.04932755 ], [ -104.52408793, 41.07383149 ], [ -104.52408374, 41.1065336 ], [ -104.51589608, 41.11472124 ], [ -104.49137549, 41.1392357 ], [ -104.48319398, 41.14741719 ], [ -104.45866748, 41.17193779 ] ], [ [ -96.65289719, 38.32685551 ], [ -96.64604617, 38.3595576 ], [ -96.63469115, 38.38605104 ], [ -96.62854075, 38.3922597 ], [ -96.60198905, 38.41236421 ], [ -96.56928696, 38.40667685 ], [ -96.54209472, 38.3922597 ], [ -96.53658488, 38.38950374 ], [ -96.50388278, 38.3677046 ], [ -96.49462799, 38.3595576 ], [ -96.47118068, 38.33830338 ], [ -96.46075969, 38.32685551 ], [ -96.43847858, 38.30213656 ], [ -96.43257961, 38.29415341 ], [ -96.40874207, 38.26145132 ], [ -96.40577649, 38.25730298 ], [ -96.38941825, 38.22874922 ], [ -96.37307439, 38.20054481 ], [ -96.37094713, 38.19604714 ], [ -96.35614993, 38.16334503 ], [ -96.34162207, 38.13064295 ], [ -96.34037229, 38.12826929 ], [ -96.32744256, 38.09794084 ], [ -96.31164116, 38.06523874 ], [ -96.30767019, 38.05867996 ], [ -96.29523608, 38.03253666 ], [ -96.27496812, 38.00113138 ], [ -96.27430255, 37.99983455 ], [ -96.25334304, 37.96713247 ], [ -96.24226602, 37.95376997 ], [ -96.2286903, 37.93443036 ], [ -96.20956392, 37.91091527 ], [ -96.20311541, 37.90172828 ], [ -96.17791408, 37.86902618 ], [ -96.17686182, 37.8677191 ], [ -96.15674962, 37.83632409 ], [ -96.14415973, 37.81770993 ], [ -96.13509665, 37.80362199 ], [ -96.11285291, 37.77091988 ], [ -96.11145763, 37.76878398 ], [ -96.09374051, 37.7382178 ], [ -96.08313219, 37.7055157 ], [ -96.0947887, 37.67281361 ], [ -96.09934502, 37.64011151 ], [ -96.11145763, 37.60906656 ], [ -96.11298446, 37.60740942 ], [ -96.14415973, 37.59443405 ], [ -96.17686182, 37.59153861 ], [ -96.20956392, 37.59530036 ], [ -96.24226602, 37.60414862 ], [ -96.25008691, 37.60740942 ], [ -96.27496812, 37.61916992 ], [ -96.30472142, 37.64011151 ], [ -96.30767019, 37.64323394 ], [ -96.33060008, 37.67281361 ], [ -96.34037229, 37.69034939 ], [ -96.34750355, 37.7055157 ], [ -96.36139092, 37.7382178 ], [ -96.37307439, 37.76770128 ], [ -96.37429406, 37.77091988 ], [ -96.3847302, 37.80362199 ], [ -96.3967943, 37.83632409 ], [ -96.40577649, 37.85766983 ], [ -96.41038403, 37.86902618 ], [ -96.42494933, 37.90172828 ], [ -96.43847858, 37.92645039 ], [ -96.44273699, 37.93443036 ], [ -96.46168234, 37.96713247 ], [ -96.47118068, 37.98159865 ], [ -96.48284623, 37.99983455 ], [ -96.50388278, 38.02910212 ], [ -96.50629381, 38.03253666 ], [ -96.52901919, 38.06523874 ], [ -96.53658488, 38.07585003 ], [ -96.55153885, 38.09794084 ], [ -96.56928696, 38.12365919 ], [ -96.57392333, 38.13064295 ], [ -96.59414959, 38.16334503 ], [ -96.60198905, 38.17668714 ], [ -96.61275515, 38.19604714 ], [ -96.62952913, 38.22874922 ], [ -96.63469115, 38.2411554 ], [ -96.64245971, 38.26145132 ], [ -96.65081634, 38.29415341 ], [ -96.65289719, 38.32685551 ] ], [ [ -103.13261976, 39.24251417 ], [ -103.11999074, 39.27521627 ], [ -103.109706, 39.28407209 ], [ -103.08371313, 39.30791835 ], [ -103.0770039, 39.3133066 ], [ -103.0443018, 39.33749695 ], [ -103.03931565, 39.34062046 ], [ -103.01159971, 39.35781364 ], [ -102.98035183, 39.37332256 ], [ -102.97889761, 39.37418755 ], [ -102.94619551, 39.39042473 ], [ -102.91349341, 39.40566505 ], [ -102.91258379, 39.40602465 ], [ -102.88079132, 39.42151212 ], [ -102.84808924, 39.43674762 ], [ -102.84299555, 39.43872675 ], [ -102.81538714, 39.45256841 ], [ -102.78268504, 39.46849053 ], [ -102.77536896, 39.47142883 ], [ -102.74998295, 39.48555701 ], [ -102.71937289, 39.50413094 ], [ -102.71728085, 39.50596808 ], [ -102.68457875, 39.53485619 ], [ -102.68267593, 39.53683302 ], [ -102.65933118, 39.56953513 ], [ -102.65187665, 39.58432677 ], [ -102.64253533, 39.60223721 ], [ -102.62791126, 39.63493932 ], [ -102.61917456, 39.65663703 ], [ -102.61422958, 39.66764142 ], [ -102.59963417, 39.7003435 ], [ -102.58647248, 39.73125823 ], [ -102.58558222, 39.73304561 ], [ -102.5684382, 39.76574769 ], [ -102.55377038, 39.79317479 ], [ -102.55033222, 39.7984498 ], [ -102.52755764, 39.83115188 ], [ -102.52106828, 39.83979777 ], [ -102.49796427, 39.86385398 ], [ -102.48836619, 39.87298788 ], [ -102.45566409, 39.89578115 ], [ -102.45427585, 39.89655607 ], [ -102.42296199, 39.91278147 ], [ -102.39025989, 39.92530754 ], [ -102.37778964, 39.92925817 ], [ -102.35755779, 39.93507611 ], [ -102.32485572, 39.943137 ], [ -102.29215362, 39.95002411 ], [ -102.25945152, 39.95616159 ], [ -102.23104922, 39.96196028 ], [ -102.22674942, 39.96275234 ], [ -102.19404733, 39.96977845 ], [ -102.16134523, 39.97833563 ], [ -102.12864313, 39.98953477 ], [ -102.12030688, 39.99466236 ], [ -102.09594103, 40.00762058 ], [ -102.07463296, 40.02736446 ], [ -102.06323896, 40.03735166 ], [ -102.04334772, 40.06006655 ], [ -102.03053686, 40.07483298 ], [ -102.01785546, 40.09276865 ], [ -101.99783476, 40.12194843 ], [ -101.99581042, 40.12547074 ], [ -101.97670776, 40.15817284 ], [ -101.96513266, 40.17844212 ], [ -101.95885078, 40.19087492 ], [ -101.94201591, 40.22357703 ], [ -101.93243057, 40.24194454 ], [ -101.92535563, 40.25627913 ], [ -101.90853224, 40.28898122 ], [ -101.89972847, 40.30530775 ], [ -101.89079137, 40.32168332 ], [ -101.87120192, 40.3543854 ], [ -101.86702637, 40.35814311 ], [ -101.83432427, 40.36983934 ], [ -101.80162219, 40.36950064 ], [ -101.7689201, 40.36552812 ], [ -101.736218, 40.35791182 ], [ -101.72407835, 40.3543854 ], [ -101.7035159, 40.34910947 ], [ -101.6708138, 40.33828583 ], [ -101.63811171, 40.32557371 ], [ -101.63013738, 40.32168332 ], [ -101.60540961, 40.31075679 ], [ -101.57270751, 40.29400406 ], [ -101.56484488, 40.28898122 ], [ -101.54000543, 40.27421918 ], [ -101.51106873, 40.25627913 ], [ -101.50730334, 40.25394157 ], [ -101.47460124, 40.23329417 ], [ -101.46021307, 40.22357703 ], [ -101.44189914, 40.20967836 ], [ -101.41579278, 40.19087492 ], [ -101.40919704, 40.18421717 ], [ -101.38129631, 40.15817284 ], [ -101.37649495, 40.13722431 ], [ -101.37345648, 40.12547074 ], [ -101.37649495, 40.11791187 ], [ -101.3876485, 40.09276865 ], [ -101.40505677, 40.06006655 ], [ -101.40919704, 40.05326052 ], [ -101.42937112, 40.02736446 ], [ -101.44189914, 40.01324782 ], [ -101.46370925, 39.99466236 ], [ -101.47460124, 39.98558116 ], [ -101.50730334, 39.96434517 ], [ -101.51184731, 39.96196028 ], [ -101.54000543, 39.94592981 ], [ -101.57270751, 39.92942097 ], [ -101.5730395, 39.92925817 ], [ -101.60540961, 39.91082193 ], [ -101.62760255, 39.89655607 ], [ -101.63811171, 39.88790376 ], [ -101.66745328, 39.86385398 ], [ -101.6708138, 39.8599322 ], [ -101.69704728, 39.83115188 ], [ -101.7035159, 39.81874582 ], [ -101.71516209, 39.7984498 ], [ -101.71881551, 39.76574769 ], [ -101.70409211, 39.73304561 ], [ -101.7035159, 39.73245546 ], [ -101.6708138, 39.70144517 ], [ -101.66953268, 39.7003435 ], [ -101.63811171, 39.68107424 ], [ -101.61016332, 39.66764142 ], [ -101.60540961, 39.66595508 ], [ -101.57270751, 39.65733711 ], [ -101.54000543, 39.65086345 ], [ -101.50730334, 39.64854348 ], [ -101.47460124, 39.65013757 ], [ -101.44189914, 39.65466099 ], [ -101.40919704, 39.66222988 ], [ -101.39378004, 39.66764142 ], [ -101.37649495, 39.67448137 ], [ -101.34379285, 39.69279947 ], [ -101.33399586, 39.7003435 ], [ -101.31109075, 39.71942312 ], [ -101.29682981, 39.73304561 ], [ -101.27838867, 39.75041421 ], [ -101.26274827, 39.76574769 ], [ -101.24568658, 39.78050903 ], [ -101.2241656, 39.7984498 ], [ -101.21298448, 39.80608909 ], [ -101.18028238, 39.82674865 ], [ -101.17277464, 39.83115188 ], [ -101.14758028, 39.84297955 ], [ -101.11487819, 39.85686161 ], [ -101.09714665, 39.86385398 ], [ -101.08217609, 39.86851041 ], [ -101.04947399, 39.87732572 ], [ -101.01677191, 39.88252004 ], [ -100.98406981, 39.88173968 ], [ -100.95136772, 39.87647283 ], [ -100.91866562, 39.86634414 ], [ -100.91241464, 39.86385398 ], [ -100.88596352, 39.84975967 ], [ -100.85704954, 39.83115188 ], [ -100.85326142, 39.82614836 ], [ -100.83419256, 39.7984498 ], [ -100.82465031, 39.76574769 ], [ -100.82780833, 39.73304561 ], [ -100.84687667, 39.7003435 ], [ -100.85326142, 39.69353331 ], [ -100.87964515, 39.66764142 ], [ -100.88596352, 39.66250774 ], [ -100.91866562, 39.63697692 ], [ -100.92115578, 39.63493932 ], [ -100.95136772, 39.61354011 ], [ -100.96576378, 39.60223721 ], [ -100.98406981, 39.58930965 ], [ -101.0101594, 39.56953513 ], [ -101.01677191, 39.5648154 ], [ -101.04947399, 39.53745849 ], [ -101.05003151, 39.53683302 ], [ -101.07832718, 39.50413094 ], [ -101.08217609, 39.49949973 ], [ -101.09751365, 39.47142883 ], [ -101.1126856, 39.43872675 ], [ -101.11487819, 39.43451223 ], [ -101.13004676, 39.40602465 ], [ -101.13972719, 39.37332256 ], [ -101.13657864, 39.34062046 ], [ -101.134162, 39.30791835 ], [ -101.13239541, 39.27521627 ], [ -101.13045586, 39.24251417 ], [ -101.12776374, 39.20981208 ], [ -101.12384525, 39.17710998 ], [ -101.1179418, 39.14440789 ], [ -101.11487819, 39.13004517 ], [ -101.10625692, 39.11170579 ], [ -101.08665835, 39.07900371 ], [ -101.08217609, 39.06988029 ], [ -101.04947399, 39.04915146 ], [ -101.01677191, 39.05177097 ], [ -100.98406981, 39.05927468 ], [ -100.95136772, 39.06928484 ], [ -100.9302997, 39.07900371 ], [ -100.91866562, 39.0836075 ], [ -100.88596352, 39.09519335 ], [ -100.85326142, 39.09523515 ], [ -100.82055933, 39.08682804 ], [ -100.80310827, 39.07900371 ], [ -100.78785723, 39.06961958 ], [ -100.75586679, 39.0463016 ], [ -100.75515515, 39.04559651 ], [ -100.72513259, 39.0135995 ], [ -100.72245305, 39.00956561 ], [ -100.70383681, 38.98089741 ], [ -100.69061962, 38.94819531 ], [ -100.68975096, 38.93629525 ], [ -100.68826927, 38.91549323 ], [ -100.68975096, 38.91076912 ], [ -100.70039744, 38.88279112 ], [ -100.72245305, 38.85769033 ], [ -100.73112449, 38.85008904 ], [ -100.75515515, 38.83690962 ], [ -100.78785723, 38.82707449 ], [ -100.82055933, 38.82778682 ], [ -100.85326142, 38.83468016 ], [ -100.88596352, 38.84390761 ], [ -100.90346171, 38.85008904 ], [ -100.91866562, 38.85670523 ], [ -100.95136772, 38.86727416 ], [ -100.98406981, 38.87029683 ], [ -101.01677191, 38.86380337 ], [ -101.0463522, 38.85008904 ], [ -101.04947399, 38.84860884 ], [ -101.08217609, 38.82860536 ], [ -101.09897847, 38.81738693 ], [ -101.11487819, 38.8068507 ], [ -101.14758028, 38.79129252 ], [ -101.18028238, 38.78678056 ], [ -101.21298448, 38.79422615 ], [ -101.24568658, 38.81027352 ], [ -101.25878833, 38.81738693 ], [ -101.27838867, 38.82783897 ], [ -101.31109075, 38.84123132 ], [ -101.34379285, 38.84970928 ], [ -101.34617844, 38.85008904 ], [ -101.37649495, 38.85527444 ], [ -101.40919704, 38.85781992 ], [ -101.44189914, 38.85829096 ], [ -101.47460124, 38.85673244 ], [ -101.50730334, 38.85293803 ], [ -101.52350946, 38.85008904 ], [ -101.54000543, 38.84733981 ], [ -101.57270751, 38.8403651 ], [ -101.60540961, 38.83233093 ], [ -101.63811171, 38.82358031 ], [ -101.66009919, 38.81738693 ], [ -101.6708138, 38.81446696 ], [ -101.7035159, 38.80523831 ], [ -101.736218, 38.79603663 ], [ -101.7689201, 38.78689333 ], [ -101.77687648, 38.78468485 ], [ -101.80162219, 38.77766308 ], [ -101.83432427, 38.7686613 ], [ -101.86702637, 38.76016653 ], [ -101.89972847, 38.75221292 ], [ -101.90075427, 38.75198275 ], [ -101.93243057, 38.7447179 ], [ -101.96513266, 38.73800261 ], [ -101.99783476, 38.73207167 ], [ -102.03053686, 38.72683656 ], [ -102.06323896, 38.72212656 ], [ -102.08431285, 38.71928066 ], [ -102.09594103, 38.71772771 ], [ -102.12864313, 38.71345984 ], [ -102.16134523, 38.70904963 ], [ -102.19404733, 38.70418662 ], [ -102.22674942, 38.69845109 ], [ -102.25945152, 38.69126152 ], [ -102.27476915, 38.68657856 ], [ -102.29215362, 38.68176788 ], [ -102.32485572, 38.6692295 ], [ -102.35755779, 38.66006926 ], [ -102.39025989, 38.66359524 ], [ -102.42296199, 38.67575407 ], [ -102.44521635, 38.68657856 ], [ -102.45566409, 38.69187017 ], [ -102.48836619, 38.70993671 ], [ -102.50399265, 38.71928066 ], [ -102.52106828, 38.73050734 ], [ -102.55299139, 38.75198275 ], [ -102.55377038, 38.75255775 ], [ -102.58647248, 38.77634618 ], [ -102.59800107, 38.78468485 ], [ -102.61917456, 38.80096334 ], [ -102.64135569, 38.81738693 ], [ -102.65187665, 38.82582625 ], [ -102.68371606, 38.85008904 ], [ -102.68457875, 38.85080829 ], [ -102.71728085, 38.87679941 ], [ -102.72521184, 38.88279112 ], [ -102.74998295, 38.90301167 ], [ -102.76634241, 38.91549323 ], [ -102.78268504, 38.92903899 ], [ -102.80772532, 38.94819531 ], [ -102.81538714, 38.9545586 ], [ -102.84808924, 38.97940021 ], [ -102.85017289, 38.98089741 ], [ -102.88079132, 39.00422897 ], [ -102.89409515, 39.0135995 ], [ -102.91349341, 39.02790991 ], [ -102.94029532, 39.0463016 ], [ -102.94619551, 39.05048402 ], [ -102.97889761, 39.07293945 ], [ -102.98784312, 39.07900371 ], [ -103.01159971, 39.09549788 ], [ -103.03467584, 39.11170579 ], [ -103.0443018, 39.11867954 ], [ -103.0770039, 39.14412683 ], [ -103.07731596, 39.14440789 ], [ -103.10857432, 39.17710998 ], [ -103.109706, 39.17865154 ], [ -103.12755026, 39.20981208 ], [ -103.13261976, 39.24251417 ] ], [ [ -96.96561057, 38.98089741 ], [ -96.96171211, 38.99303188 ], [ -96.9546426, 39.0135995 ], [ -96.92901001, 39.03823168 ], [ -96.91900662, 39.0463016 ], [ -96.89630791, 39.05527424 ], [ -96.86360581, 39.06340653 ], [ -96.83090372, 39.0662543 ], [ -96.79820164, 39.06424108 ], [ -96.76549954, 39.05980553 ], [ -96.73279744, 39.05461725 ], [ -96.70009535, 39.04708898 ], [ -96.69890106, 39.0463016 ], [ -96.68418568, 39.0135995 ], [ -96.67864235, 38.98089741 ], [ -96.67313495, 38.94819531 ], [ -96.66802978, 38.91549323 ], [ -96.66739325, 38.90639172 ], [ -96.66600541, 38.88279112 ], [ -96.66507259, 38.85008904 ], [ -96.66452614, 38.81738693 ], [ -96.66432891, 38.78468485 ], [ -96.66451183, 38.75198275 ], [ -96.66517532, 38.71928066 ], [ -96.66638779, 38.68657856 ], [ -96.66739325, 38.66843941 ], [ -96.66922958, 38.65387645 ], [ -96.68327059, 38.62117437 ], [ -96.70009535, 38.61206773 ], [ -96.70895817, 38.62117437 ], [ -96.73279744, 38.63603493 ], [ -96.74845983, 38.65387645 ], [ -96.76549954, 38.66836747 ], [ -96.77997994, 38.68657856 ], [ -96.79820164, 38.70550895 ], [ -96.80866823, 38.71928066 ], [ -96.83090372, 38.74605658 ], [ -96.83556169, 38.75198275 ], [ -96.86222535, 38.78468485 ], [ -96.86360581, 38.78639359 ], [ -96.88823761, 38.81738693 ], [ -96.89630791, 38.82811504 ], [ -96.9127637, 38.85008904 ], [ -96.92901001, 38.87484835 ], [ -96.93413866, 38.88279112 ], [ -96.95060584, 38.91549323 ], [ -96.96171211, 38.94700821 ], [ -96.96210989, 38.94819531 ], [ -96.96561057, 38.98089741 ] ], [ [ -102.01265986, 34.89313553 ], [ -102.00941634, 34.92583761 ], [ -102.00043562, 34.95853971 ], [ -101.99783476, 34.96480774 ], [ -101.98556099, 34.9912418 ], [ -101.96927911, 35.0239439 ], [ -101.96513266, 35.03153991 ], [ -101.94934868, 35.05664599 ], [ -101.93243057, 35.08568054 ], [ -101.92982805, 35.08934809 ], [ -101.90668111, 35.12205019 ], [ -101.89972847, 35.13285358 ], [ -101.88148008, 35.15475228 ], [ -101.86702637, 35.17543852 ], [ -101.8545527, 35.18745438 ], [ -101.83432427, 35.20676222 ], [ -101.80162219, 35.2153396 ], [ -101.7689201, 35.21415778 ], [ -101.736218, 35.21029846 ], [ -101.7035159, 35.2059192 ], [ -101.6708138, 35.20173681 ], [ -101.63811171, 35.19828678 ], [ -101.60540961, 35.19635168 ], [ -101.57270751, 35.19617636 ], [ -101.54000543, 35.19784716 ], [ -101.50730334, 35.20132479 ], [ -101.47460124, 35.20657629 ], [ -101.44189914, 35.21362857 ], [ -101.41763436, 35.22015647 ], [ -101.40919704, 35.22224292 ], [ -101.37649495, 35.23198897 ], [ -101.34379285, 35.24348152 ], [ -101.32059661, 35.25285857 ], [ -101.31109075, 35.2565051 ], [ -101.27838867, 35.27058328 ], [ -101.24779906, 35.28556065 ], [ -101.24568658, 35.28658993 ], [ -101.21298448, 35.30407774 ], [ -101.1891111, 35.31826276 ], [ -101.18028238, 35.32356232 ], [ -101.14758028, 35.34474141 ], [ -101.13856291, 35.35096484 ], [ -101.11487819, 35.36792006 ], [ -101.09423353, 35.38366695 ], [ -101.08217609, 35.3933302 ], [ -101.05467341, 35.41636905 ], [ -101.04947399, 35.42097135 ], [ -101.01873807, 35.44907114 ], [ -101.01677191, 35.45098288 ], [ -100.98572901, 35.48177324 ], [ -100.98406981, 35.48351838 ], [ -100.95506587, 35.51447532 ], [ -100.95136772, 35.51866885 ], [ -100.92642841, 35.54717743 ], [ -100.91866562, 35.55660482 ], [ -100.89950054, 35.57987951 ], [ -100.88596352, 35.59737621 ], [ -100.87416158, 35.61258162 ], [ -100.85326142, 35.64116987 ], [ -100.85022952, 35.6452837 ], [ -100.82740631, 35.6779858 ], [ -100.82055933, 35.68840467 ], [ -100.80570332, 35.71068791 ], [ -100.78785723, 35.73917774 ], [ -100.78517106, 35.74338999 ], [ -100.76575304, 35.7760921 ], [ -100.75515515, 35.79562611 ], [ -100.7478466, 35.80879418 ], [ -100.7310866, 35.84149628 ], [ -100.72245305, 35.85980209 ], [ -100.71544752, 35.87419837 ], [ -100.70073704, 35.90690047 ], [ -100.68975096, 35.93352319 ], [ -100.68714239, 35.93960256 ], [ -100.67418585, 35.97230466 ], [ -100.66227546, 36.00500676 ], [ -100.65704886, 36.02057882 ], [ -100.65100476, 36.03770885 ], [ -100.64048005, 36.07041095 ], [ -100.63084379, 36.10311304 ], [ -100.62434676, 36.12732877 ], [ -100.62192935, 36.13581514 ], [ -100.61350532, 36.16851722 ], [ -100.60594486, 36.20121933 ], [ -100.59907568, 36.23392141 ], [ -100.59294276, 36.26662352 ], [ -100.59164466, 36.27453531 ], [ -100.58725603, 36.29932562 ], [ -100.58229216, 36.3320277 ], [ -100.57795175, 36.36472981 ], [ -100.57414503, 36.39743189 ], [ -100.57096564, 36.430134 ], [ -100.56815531, 36.46283608 ], [ -100.56493949, 36.49553819 ], [ -100.56061482, 36.52824027 ], [ -100.55894257, 36.53827465 ], [ -100.55457588, 36.56094237 ], [ -100.54570563, 36.59364446 ], [ -100.53201333, 36.62634656 ], [ -100.52624047, 36.63626248 ], [ -100.51011464, 36.65904867 ], [ -100.49353839, 36.67549627 ], [ -100.47364157, 36.69175075 ], [ -100.46083629, 36.69981149 ], [ -100.42813419, 36.7170923 ], [ -100.41192525, 36.72445285 ], [ -100.3954321, 36.73067351 ], [ -100.36273, 36.74178876 ], [ -100.3300279, 36.75135238 ], [ -100.30774461, 36.75715494 ], [ -100.2973258, 36.75952988 ], [ -100.26462371, 36.76690028 ], [ -100.23192163, 36.77406902 ], [ -100.19921953, 36.78145825 ], [ -100.16651743, 36.78909972 ], [ -100.16415677, 36.78985704 ], [ -100.13381534, 36.79987099 ], [ -100.10111324, 36.81170587 ], [ -100.07337006, 36.82255913 ], [ -100.06841114, 36.82446933 ], [ -100.03570904, 36.83778867 ], [ -100.00300695, 36.85037246 ], [ -99.98866087, 36.85526123 ], [ -99.97030487, 36.86170899 ], [ -99.93760277, 36.87156195 ], [ -99.90490067, 36.8796773 ], [ -99.87219858, 36.88600664 ], [ -99.85811887, 36.88796331 ], [ -99.83949648, 36.89055785 ], [ -99.80679438, 36.89327037 ], [ -99.77409228, 36.89409651 ], [ -99.74139018, 36.89299829 ], [ -99.70868809, 36.88991037 ], [ -99.69635637, 36.88796331 ], [ -99.67598601, 36.8847394 ], [ -99.64328391, 36.87739289 ], [ -99.61058181, 36.86783054 ], [ -99.57787972, 36.85656855 ], [ -99.57497799, 36.85526123 ], [ -99.54517762, 36.84095599 ], [ -99.51247552, 36.82369919 ], [ -99.51072174, 36.82255913 ], [ -99.47977342, 36.80020293 ], [ -99.46693035, 36.78985704 ], [ -99.44707133, 36.7720816 ], [ -99.43245967, 36.75715494 ], [ -99.41436925, 36.73614485 ], [ -99.40536347, 36.72445285 ], [ -99.38390761, 36.69175075 ], [ -99.38166715, 36.68764691 ], [ -99.36753766, 36.65904867 ], [ -99.35487774, 36.62634656 ], [ -99.34896505, 36.60574599 ], [ -99.34575879, 36.59364446 ], [ -99.33903109, 36.56094237 ], [ -99.33356677, 36.52824027 ], [ -99.32912446, 36.49553819 ], [ -99.32566052, 36.46283608 ], [ -99.32337932, 36.430134 ], [ -99.32233751, 36.39743189 ], [ -99.32250119, 36.36472981 ], [ -99.32256302, 36.3320277 ], [ -99.32256091, 36.29932562 ], [ -99.32259908, 36.26662352 ], [ -99.32263769, 36.23392141 ], [ -99.32261015, 36.20121933 ], [ -99.32243487, 36.16851722 ], [ -99.32217884, 36.13581514 ], [ -99.32179923, 36.10311304 ], [ -99.32133747, 36.07041095 ], [ -99.32097147, 36.03770885 ], [ -99.32183555, 36.00500676 ], [ -99.32420281, 35.97230466 ], [ -99.3282711, 35.93960256 ], [ -99.33418531, 35.90690047 ], [ -99.34221686, 35.87419837 ], [ -99.34896505, 35.85272719 ], [ -99.35254191, 35.84149628 ], [ -99.36528699, 35.80879418 ], [ -99.38049933, 35.7760921 ], [ -99.38166715, 35.77393574 ], [ -99.39817296, 35.74338999 ], [ -99.41436925, 35.71721679 ], [ -99.41836464, 35.71068791 ], [ -99.44068214, 35.6779858 ], [ -99.44707133, 35.66948588 ], [ -99.46475749, 35.6452837 ], [ -99.47977342, 35.62634159 ], [ -99.49027754, 35.61258162 ], [ -99.51247552, 35.58527009 ], [ -99.51665879, 35.57987951 ], [ -99.54343354, 35.54717743 ], [ -99.54517762, 35.5451504 ], [ -99.57009363, 35.51447532 ], [ -99.57787972, 35.50521872 ], [ -99.59649276, 35.48177324 ], [ -99.61058181, 35.46443576 ], [ -99.6223269, 35.44907114 ], [ -99.64328391, 35.42210801 ], [ -99.64748205, 35.41636905 ], [ -99.6718079, 35.38366695 ], [ -99.67598601, 35.37810709 ], [ -99.69520884, 35.35096484 ], [ -99.70868809, 35.33189493 ], [ -99.71777621, 35.31826276 ], [ -99.7394348, 35.28556065 ], [ -99.74139018, 35.28261652 ], [ -99.76012562, 35.25285857 ], [ -99.77409228, 35.23016294 ], [ -99.77994523, 35.22015647 ], [ -99.7987476, 35.18745438 ], [ -99.80679438, 35.17302678 ], [ -99.81649018, 35.15475228 ], [ -99.83232365, 35.12205019 ], [ -99.83949648, 35.10532509 ], [ -99.84604659, 35.08934809 ], [ -99.85755672, 35.05664599 ], [ -99.86682901, 35.0239439 ], [ -99.87219858, 34.99864536 ], [ -99.87369046, 34.9912418 ], [ -99.87808061, 34.95853971 ], [ -99.88009721, 34.92583761 ], [ -99.8795254, 34.89313553 ], [ -99.87659328, 34.86043342 ], [ -99.8730508, 34.82773134 ], [ -99.87219858, 34.81964132 ], [ -99.86970734, 34.79502923 ], [ -99.86705264, 34.76232713 ], [ -99.86610837, 34.72962505 ], [ -99.86874022, 34.69692294 ], [ -99.87219858, 34.68386884 ], [ -99.87861621, 34.66422086 ], [ -99.90073859, 34.63151875 ], [ -99.90490067, 34.62750955 ], [ -99.93760277, 34.60389363 ], [ -99.94668931, 34.59881667 ], [ -99.97030487, 34.58774645 ], [ -100.00300695, 34.57468968 ], [ -100.026878, 34.56611457 ], [ -100.03570904, 34.56320709 ], [ -100.06841114, 34.55305872 ], [ -100.10111324, 34.54308907 ], [ -100.13276296, 34.53341248 ], [ -100.13381534, 34.53310796 ], [ -100.16651743, 34.52361998 ], [ -100.19921953, 34.51385816 ], [ -100.23192163, 34.50383635 ], [ -100.24266828, 34.50071038 ], [ -100.26462371, 34.49457701 ], [ -100.2973258, 34.48573431 ], [ -100.3300279, 34.47690946 ], [ -100.36273, 34.46826905 ], [ -100.36369077, 34.46800827 ], [ -100.3954321, 34.45894538 ], [ -100.42813419, 34.44968457 ], [ -100.46083629, 34.44036699 ], [ -100.47896908, 34.43530619 ], [ -100.49353839, 34.43105871 ], [ -100.52624047, 34.42200175 ], [ -100.55894257, 34.41328905 ], [ -100.59164466, 34.40503631 ], [ -100.60235994, 34.40260408 ], [ -100.62434676, 34.39737832 ], [ -100.65704886, 34.3907301 ], [ -100.68975096, 34.38512384 ], [ -100.72245305, 34.38058223 ], [ -100.75515515, 34.37706912 ], [ -100.78785723, 34.37454828 ], [ -100.82055933, 34.3729548 ], [ -100.85326142, 34.37228121 ], [ -100.88596352, 34.3724435 ], [ -100.91866562, 34.373324 ], [ -100.95136772, 34.3749345 ], [ -100.98406981, 34.3771578 ], [ -101.01677191, 34.38016731 ], [ -101.04947399, 34.38431669 ], [ -101.08217609, 34.38967149 ], [ -101.11487819, 34.39615839 ], [ -101.14291802, 34.40260408 ], [ -101.14758028, 34.40371629 ], [ -101.18028238, 34.41203204 ], [ -101.21298448, 34.42097942 ], [ -101.24568658, 34.43043541 ], [ -101.26253894, 34.43530619 ], [ -101.27838867, 34.44006468 ], [ -101.31109075, 34.44963302 ], [ -101.34379285, 34.45904113 ], [ -101.37341806, 34.46800827 ], [ -101.37649495, 34.46896907 ], [ -101.40919704, 34.47656885 ], [ -101.44189914, 34.48467174 ], [ -101.47460124, 34.49234742 ], [ -101.50730334, 34.49832809 ], [ -101.51839348, 34.50071038 ], [ -101.54000543, 34.50614913 ], [ -101.57270751, 34.51218811 ], [ -101.60540961, 34.51760924 ], [ -101.63811171, 34.52254692 ], [ -101.6708138, 34.52721439 ], [ -101.7035159, 34.52734202 ], [ -101.71723861, 34.53341248 ], [ -101.736218, 34.54579307 ], [ -101.75879467, 34.56611457 ], [ -101.7689201, 34.56999487 ], [ -101.80162219, 34.59195018 ], [ -101.80750733, 34.59881667 ], [ -101.83432427, 34.62047722 ], [ -101.84422464, 34.63151875 ], [ -101.86702637, 34.6523139 ], [ -101.87704237, 34.66422086 ], [ -101.89972847, 34.68914875 ], [ -101.90549246, 34.69692294 ], [ -101.92914499, 34.72962505 ], [ -101.93243057, 34.73461567 ], [ -101.94806914, 34.76232713 ], [ -101.96296423, 34.79502923 ], [ -101.96513266, 34.80019084 ], [ -101.98162863, 34.82773134 ], [ -101.99783476, 34.85310963 ], [ -102.00305416, 34.86043342 ], [ -102.01265986, 34.89313553 ] ], [ [ -98.13330349, 37.14958009 ], [ -98.13265306, 37.18228217 ], [ -98.12650789, 37.21498427 ], [ -98.11622564, 37.24768638 ], [ -98.10628544, 37.2631611 ], [ -98.08738643, 37.28038846 ], [ -98.07358335, 37.30035238 ], [ -98.0633678, 37.31309057 ], [ -98.04881671, 37.34579265 ], [ -98.04088125, 37.35626131 ], [ -98.0137124, 37.37849476 ], [ -98.00817915, 37.38236349 ], [ -97.97547705, 37.40045669 ], [ -97.95303492, 37.41119684 ], [ -97.94277496, 37.41572984 ], [ -97.91007286, 37.42763956 ], [ -97.87737076, 37.43935432 ], [ -97.8647993, 37.44389894 ], [ -97.84466868, 37.45045413 ], [ -97.81196658, 37.46286492 ], [ -97.78452418, 37.47660103 ], [ -97.77926449, 37.47901284 ], [ -97.74656239, 37.49553609 ], [ -97.72062608, 37.50930313 ], [ -97.71386029, 37.51227532 ], [ -97.68115819, 37.52342428 ], [ -97.6484561, 37.52860408 ], [ -97.615754, 37.52504351 ], [ -97.58305192, 37.51092359 ], [ -97.58143738, 37.50930313 ], [ -97.55565094, 37.47660103 ], [ -97.55034982, 37.46378129 ], [ -97.54651542, 37.44389894 ], [ -97.55034982, 37.43027828 ], [ -97.55673571, 37.41119684 ], [ -97.58136776, 37.37849476 ], [ -97.58305192, 37.3771372 ], [ -97.615754, 37.36365976 ], [ -97.6484561, 37.35809195 ], [ -97.68115819, 37.34995713 ], [ -97.69800132, 37.34579265 ], [ -97.71386029, 37.34363482 ], [ -97.74656239, 37.33830407 ], [ -97.77926449, 37.32696479 ], [ -97.80130704, 37.31309057 ], [ -97.81196658, 37.30762288 ], [ -97.84466868, 37.28212521 ], [ -97.84641409, 37.28038846 ], [ -97.86709442, 37.24768638 ], [ -97.87187124, 37.21498427 ], [ -97.87673169, 37.18228217 ], [ -97.87737076, 37.1804216 ], [ -97.88612242, 37.14958009 ], [ -97.90113215, 37.11687798 ], [ -97.91007286, 37.10379644 ], [ -97.92220378, 37.0841759 ], [ -97.94277496, 37.05851894 ], [ -97.94868903, 37.05147379 ], [ -97.97547705, 37.02651802 ], [ -97.98978852, 37.01877171 ], [ -98.00817915, 37.00965133 ], [ -98.03129144, 37.01877171 ], [ -98.04088125, 37.02345263 ], [ -98.07358335, 37.04432397 ], [ -98.08384741, 37.05147379 ], [ -98.10628544, 37.07820855 ], [ -98.11132728, 37.0841759 ], [ -98.12716422, 37.11687798 ], [ -98.13330349, 37.14958009 ] ], [ [ -101.83534055, 37.54200524 ], [ -101.83432427, 37.55581761 ], [ -101.83261094, 37.57470732 ], [ -101.82221998, 37.60740942 ], [ -101.80620838, 37.64011151 ], [ -101.80162219, 37.64798275 ], [ -101.78479587, 37.67281361 ], [ -101.7689201, 37.69519813 ], [ -101.75975072, 37.7055157 ], [ -101.736218, 37.73029489 ], [ -101.72690473, 37.7382178 ], [ -101.7035159, 37.75821141 ], [ -101.68560835, 37.77091988 ], [ -101.6708138, 37.78153917 ], [ -101.63811171, 37.79924995 ], [ -101.6255844, 37.80362199 ], [ -101.60540961, 37.81075306 ], [ -101.57270751, 37.81490241 ], [ -101.54000543, 37.80965272 ], [ -101.52823508, 37.80362199 ], [ -101.50730334, 37.78970795 ], [ -101.49146994, 37.77091988 ], [ -101.47563647, 37.7382178 ], [ -101.47460124, 37.7339154 ], [ -101.46960972, 37.7055157 ], [ -101.46984751, 37.67281361 ], [ -101.47460124, 37.6447411 ], [ -101.47544331, 37.64011151 ], [ -101.48631628, 37.60740942 ], [ -101.50231502, 37.57470732 ], [ -101.50730334, 37.56771181 ], [ -101.5262249, 37.54200524 ], [ -101.54000543, 37.52895255 ], [ -101.56194701, 37.50930313 ], [ -101.57270751, 37.50247276 ], [ -101.60540961, 37.48491086 ], [ -101.62360858, 37.47660103 ], [ -101.63811171, 37.47144334 ], [ -101.6708138, 37.4600001 ], [ -101.7035159, 37.44494918 ], [ -101.70654301, 37.44389894 ], [ -101.736218, 37.43522488 ], [ -101.7689201, 37.43798736 ], [ -101.78104858, 37.44389894 ], [ -101.80162219, 37.46097277 ], [ -101.81432027, 37.47660103 ], [ -101.82980277, 37.50930313 ], [ -101.83432427, 37.53451238 ], [ -101.83534055, 37.54200524 ] ], [ [ -98.26434872, 35.7760921 ], [ -98.2639509, 35.80879418 ], [ -98.25931063, 35.84149628 ], [ -98.25209201, 35.87419837 ], [ -98.24191552, 35.90690047 ], [ -98.23709381, 35.91725747 ], [ -98.21552513, 35.93960256 ], [ -98.20439172, 35.94555416 ], [ -98.17168962, 35.95043765 ], [ -98.13898752, 35.95268944 ], [ -98.10628544, 35.95010173 ], [ -98.08100148, 35.93960256 ], [ -98.07358335, 35.93367748 ], [ -98.05555672, 35.90690047 ], [ -98.05116759, 35.87419837 ], [ -98.05505357, 35.84149628 ], [ -98.06255974, 35.80879418 ], [ -98.07358335, 35.77784265 ], [ -98.07439084, 35.7760921 ], [ -98.09345026, 35.74338999 ], [ -98.10628544, 35.72458174 ], [ -98.11840598, 35.71068791 ], [ -98.13898752, 35.68996551 ], [ -98.15575912, 35.6779858 ], [ -98.17168962, 35.66801738 ], [ -98.20439172, 35.65682969 ], [ -98.23709381, 35.67176277 ], [ -98.2408382, 35.6779858 ], [ -98.25378566, 35.71068791 ], [ -98.26102215, 35.74338999 ], [ -98.26434872, 35.7760921 ] ], [ [ -101.38418363, 38.49036599 ], [ -101.37649495, 38.49233567 ], [ -101.3647016, 38.49036599 ], [ -101.37649495, 38.48302045 ], [ -101.38418363, 38.49036599 ] ], [ [ -98.77723524, 39.0135995 ], [ -98.7748977, 39.0463016 ], [ -98.76444432, 39.07900371 ], [ -98.76032734, 39.0847792 ], [ -98.73278107, 39.11170579 ], [ -98.72762524, 39.11471398 ], [ -98.69492314, 39.12664863 ], [ -98.66222104, 39.13017722 ], [ -98.62951897, 39.12858422 ], [ -98.59681687, 39.12421469 ], [ -98.56411477, 39.1193787 ], [ -98.53141267, 39.11334443 ], [ -98.52391553, 39.11170579 ], [ -98.49871058, 39.10241765 ], [ -98.46600848, 39.09001605 ], [ -98.43606387, 39.07900371 ], [ -98.43330638, 39.07725074 ], [ -98.40060428, 39.05723539 ], [ -98.38142372, 39.0463016 ], [ -98.3679022, 39.0306906 ], [ -98.35261446, 39.0135995 ], [ -98.34459607, 38.98089741 ], [ -98.35049283, 38.94819531 ], [ -98.36596541, 38.91549323 ], [ -98.3679022, 38.9128468 ], [ -98.39067411, 38.88279112 ], [ -98.40060428, 38.87295355 ], [ -98.42755189, 38.85008904 ], [ -98.43330638, 38.84589972 ], [ -98.46600848, 38.82942784 ], [ -98.49871058, 38.82324071 ], [ -98.53141267, 38.82775361 ], [ -98.56411477, 38.84026617 ], [ -98.58184767, 38.85008904 ], [ -98.59681687, 38.85777594 ], [ -98.62951897, 38.87604471 ], [ -98.64205812, 38.88279112 ], [ -98.66222104, 38.89347935 ], [ -98.69492314, 38.90946422 ], [ -98.70729227, 38.91549323 ], [ -98.72762524, 38.92641611 ], [ -98.75530245, 38.94819531 ], [ -98.76032734, 38.9542644 ], [ -98.77290485, 38.98089741 ], [ -98.77723524, 39.0135995 ] ], [ [ -100.95299526, 38.55577018 ], [ -100.95136772, 38.56593871 ], [ -100.94602632, 38.58847227 ], [ -100.92095789, 38.62117437 ], [ -100.91866562, 38.62278216 ], [ -100.88596352, 38.63714087 ], [ -100.85326142, 38.64284201 ], [ -100.82055933, 38.64294136 ], [ -100.78785723, 38.64084045 ], [ -100.75515515, 38.6412414 ], [ -100.72245305, 38.64262379 ], [ -100.68975096, 38.64409551 ], [ -100.65704886, 38.64550216 ], [ -100.62434676, 38.64732535 ], [ -100.59164466, 38.64982453 ], [ -100.55894257, 38.65244697 ], [ -100.53164627, 38.65387645 ], [ -100.52624047, 38.65419914 ], [ -100.50834935, 38.65387645 ], [ -100.49353839, 38.65358939 ], [ -100.46083629, 38.6501292 ], [ -100.42813419, 38.64311293 ], [ -100.3954321, 38.63204962 ], [ -100.37256119, 38.62117437 ], [ -100.36273, 38.61570275 ], [ -100.3300279, 38.58955575 ], [ -100.32894651, 38.58847227 ], [ -100.30565637, 38.55577018 ], [ -100.2973258, 38.54042302 ], [ -100.28629614, 38.52306808 ], [ -100.26935223, 38.49036599 ], [ -100.26462371, 38.48147131 ], [ -100.24315359, 38.45766389 ], [ -100.23192163, 38.44556783 ], [ -100.19921953, 38.42722094 ], [ -100.19113304, 38.42496181 ], [ -100.16651743, 38.41441129 ], [ -100.13381534, 38.40635448 ], [ -100.10111324, 38.40045435 ], [ -100.07872313, 38.3922597 ], [ -100.10111324, 38.37147491 ], [ -100.1063667, 38.3595576 ], [ -100.13381534, 38.33792362 ], [ -100.1438617, 38.32685551 ], [ -100.16651743, 38.31067323 ], [ -100.18878997, 38.29415341 ], [ -100.19921953, 38.2880316 ], [ -100.23192163, 38.27432922 ], [ -100.26462371, 38.26990195 ], [ -100.2973258, 38.2765686 ], [ -100.3300279, 38.28890883 ], [ -100.3414515, 38.29415341 ], [ -100.36273, 38.30186451 ], [ -100.3954321, 38.3121588 ], [ -100.42813419, 38.32003549 ], [ -100.46083629, 38.32637247 ], [ -100.46324266, 38.32685551 ], [ -100.49353839, 38.33186406 ], [ -100.52624047, 38.33735654 ], [ -100.55894257, 38.34315934 ], [ -100.59164466, 38.34907023 ], [ -100.62434676, 38.35488735 ], [ -100.65155393, 38.3595576 ], [ -100.65704886, 38.36047203 ], [ -100.68975096, 38.3666886 ], [ -100.72245305, 38.37343697 ], [ -100.75515515, 38.38043488 ], [ -100.78785723, 38.3883267 ], [ -100.80254543, 38.3922597 ], [ -100.82055933, 38.39882295 ], [ -100.85326142, 38.41195078 ], [ -100.88431497, 38.42496181 ], [ -100.88596352, 38.42604569 ], [ -100.91866562, 38.44874786 ], [ -100.92666259, 38.45766389 ], [ -100.94199598, 38.49036599 ], [ -100.95106398, 38.52306808 ], [ -100.95136772, 38.52786362 ], [ -100.95299526, 38.55577018 ] ], [ [ -99.46475909, 37.64011151 ], [ -99.46039357, 37.67281361 ], [ -99.45122146, 37.7055157 ], [ -99.44707133, 37.71512402 ], [ -99.43804948, 37.7382178 ], [ -99.42134723, 37.77091988 ], [ -99.41436925, 37.78200683 ], [ -99.40233448, 37.80362199 ], [ -99.38166715, 37.83504983 ], [ -99.38095454, 37.83632409 ], [ -99.36097175, 37.86902618 ], [ -99.34896505, 37.88680827 ], [ -99.34073152, 37.90172828 ], [ -99.32218359, 37.93443036 ], [ -99.31626296, 37.94476777 ], [ -99.30692115, 37.96713247 ], [ -99.29543907, 37.99983455 ], [ -99.28853895, 38.03253666 ], [ -99.28599975, 38.06523874 ], [ -99.2869753, 38.09794084 ], [ -99.29077064, 38.13064295 ], [ -99.29614616, 38.16334503 ], [ -99.29609779, 38.19604714 ], [ -99.28356086, 38.2097634 ], [ -99.26353087, 38.22874922 ], [ -99.25085876, 38.23978238 ], [ -99.22116612, 38.26145132 ], [ -99.21815666, 38.26405865 ], [ -99.18545457, 38.28482246 ], [ -99.16586361, 38.29415341 ], [ -99.15275249, 38.3022245 ], [ -99.12005039, 38.30916709 ], [ -99.09339602, 38.29415341 ], [ -99.08734829, 38.28751087 ], [ -99.07562321, 38.26145132 ], [ -99.06378143, 38.22874922 ], [ -99.05464619, 38.19945918 ], [ -99.05375774, 38.19604714 ], [ -99.04375066, 38.16334503 ], [ -99.03155669, 38.13064295 ], [ -99.0219441, 38.10986952 ], [ -99.01688301, 38.09794084 ], [ -99.00105296, 38.06523874 ], [ -98.989242, 38.04375066 ], [ -98.98371388, 38.03253666 ], [ -98.96552159, 37.99983455 ], [ -98.9565399, 37.9857596 ], [ -98.94612317, 37.96713247 ], [ -98.92697201, 37.93443036 ], [ -98.9238378, 37.9299078 ], [ -98.90792487, 37.90172828 ], [ -98.89113573, 37.8769543 ], [ -98.88661928, 37.86902618 ], [ -98.86746752, 37.83632409 ], [ -98.85843363, 37.82477138 ], [ -98.84662849, 37.80362199 ], [ -98.82573153, 37.77723487 ], [ -98.82186772, 37.77091988 ], [ -98.79733454, 37.7382178 ], [ -98.79302943, 37.73454023 ], [ -98.76452499, 37.7055157 ], [ -98.76032734, 37.7009365 ], [ -98.74299304, 37.67281361 ], [ -98.73138862, 37.64011151 ], [ -98.72762524, 37.62866265 ], [ -98.71505858, 37.60740942 ], [ -98.71172533, 37.57470732 ], [ -98.72701055, 37.54200524 ], [ -98.72762524, 37.54059427 ], [ -98.74807847, 37.50930313 ], [ -98.75994101, 37.47660103 ], [ -98.76032734, 37.47498568 ], [ -98.77318868, 37.44389894 ], [ -98.78632628, 37.41119684 ], [ -98.79302943, 37.39491702 ], [ -98.80255404, 37.37849476 ], [ -98.8223043, 37.34579265 ], [ -98.82573153, 37.3402785 ], [ -98.8491016, 37.31309057 ], [ -98.85843363, 37.30298483 ], [ -98.88815245, 37.28038846 ], [ -98.89113573, 37.27828492 ], [ -98.9238378, 37.26269311 ], [ -98.9565399, 37.25421955 ], [ -98.989242, 37.25102599 ], [ -99.0219441, 37.2517927 ], [ -99.05464619, 37.25576168 ], [ -99.08734829, 37.26248116 ], [ -99.12005039, 37.27170207 ], [ -99.1446495, 37.28038846 ], [ -99.15275249, 37.28311616 ], [ -99.18545457, 37.29650004 ], [ -99.21815666, 37.31186001 ], [ -99.22047139, 37.31309057 ], [ -99.25085876, 37.32935978 ], [ -99.27829074, 37.34579265 ], [ -99.28356086, 37.34905757 ], [ -99.31626296, 37.3716906 ], [ -99.3252166, 37.37849476 ], [ -99.34896505, 37.39825311 ], [ -99.36313804, 37.41119684 ], [ -99.38166715, 37.43071014 ], [ -99.39310455, 37.44389894 ], [ -99.41436925, 37.47361965 ], [ -99.41646818, 37.47660103 ], [ -99.43527013, 37.50930313 ], [ -99.44707133, 37.53650872 ], [ -99.44948695, 37.54200524 ], [ -99.45929713, 37.57470732 ], [ -99.46437458, 37.60740942 ], [ -99.46475909, 37.64011151 ] ], [ [ -100.59214906, 37.60740942 ], [ -100.59164466, 37.61017306 ], [ -100.58888102, 37.60740942 ], [ -100.59164466, 37.60557222 ], [ -100.59214906, 37.60740942 ] ], [ [ -99.58349375, 39.40602465 ], [ -99.58231963, 39.43872675 ], [ -99.57787972, 39.46718613 ], [ -99.57720734, 39.47142883 ], [ -99.57089802, 39.50413094 ], [ -99.56392096, 39.53683302 ], [ -99.55474931, 39.56953513 ], [ -99.54517762, 39.59711483 ], [ -99.54302853, 39.60223721 ], [ -99.52664632, 39.63493932 ], [ -99.51247552, 39.65867712 ], [ -99.50574722, 39.66764142 ], [ -99.47977342, 39.69575303 ], [ -99.47383026, 39.7003435 ], [ -99.44707133, 39.71769355 ], [ -99.41436925, 39.73114765 ], [ -99.40601949, 39.73304561 ], [ -99.38166715, 39.73792459 ], [ -99.34896505, 39.74034764 ], [ -99.31626296, 39.73933623 ], [ -99.28356086, 39.73525813 ], [ -99.27312624, 39.73304561 ], [ -99.25085876, 39.72759177 ], [ -99.21815666, 39.71610941 ], [ -99.18545457, 39.70092713 ], [ -99.184504, 39.7003435 ], [ -99.15275249, 39.67562457 ], [ -99.14476931, 39.66764142 ], [ -99.12086864, 39.63493932 ], [ -99.12005039, 39.63335101 ], [ -99.10683224, 39.60223721 ], [ -99.09790534, 39.56953513 ], [ -99.09309218, 39.53683302 ], [ -99.09197745, 39.50413094 ], [ -99.09468716, 39.47142883 ], [ -99.10027316, 39.43872675 ], [ -99.10822711, 39.40602465 ], [ -99.11941142, 39.37332256 ], [ -99.12005039, 39.37198763 ], [ -99.13803412, 39.34062046 ], [ -99.15275249, 39.32400007 ], [ -99.1716851, 39.30791835 ], [ -99.18545457, 39.30038857 ], [ -99.21815666, 39.28719103 ], [ -99.25085876, 39.27619142 ], [ -99.25392013, 39.27521627 ], [ -99.28356086, 39.2670502 ], [ -99.31626296, 39.25770703 ], [ -99.34896505, 39.24798621 ], [ -99.36845148, 39.24251417 ], [ -99.38166715, 39.23927287 ], [ -99.41436925, 39.23466449 ], [ -99.44707133, 39.23739196 ], [ -99.4649289, 39.24251417 ], [ -99.47977342, 39.24801783 ], [ -99.51247552, 39.2681348 ], [ -99.52080621, 39.27521627 ], [ -99.54517762, 39.30252209 ], [ -99.54929624, 39.30791835 ], [ -99.5675826, 39.34062046 ], [ -99.57787972, 39.36994952 ], [ -99.57895638, 39.37332256 ], [ -99.58349375, 39.40602465 ] ], [ [ -100.04367494, 38.42496181 ], [ -100.03570904, 38.42841795 ], [ -100.00763016, 38.45766389 ], [ -100.00300695, 38.4608237 ], [ -99.97714367, 38.49036599 ], [ -99.97030487, 38.49575457 ], [ -99.94499353, 38.52306808 ], [ -99.93760277, 38.52908307 ], [ -99.91189734, 38.55577018 ], [ -99.90490067, 38.56278288 ], [ -99.87674515, 38.58847227 ], [ -99.87219858, 38.5905418 ], [ -99.83949648, 38.60150105 ], [ -99.80679438, 38.60767109 ], [ -99.77409228, 38.61240757 ], [ -99.74139018, 38.61721226 ], [ -99.70868809, 38.61983236 ], [ -99.67598601, 38.61381077 ], [ -99.64328391, 38.5987921 ], [ -99.62962905, 38.58847227 ], [ -99.61058181, 38.56684541 ], [ -99.60370721, 38.55577018 ], [ -99.5948794, 38.52306808 ], [ -99.59698646, 38.49036599 ], [ -99.60963676, 38.45766389 ], [ -99.61058181, 38.45660227 ], [ -99.64199888, 38.42496181 ], [ -99.64328391, 38.4240988 ], [ -99.67598601, 38.41493782 ], [ -99.70868809, 38.41115305 ], [ -99.74139018, 38.40884188 ], [ -99.77409228, 38.40727026 ], [ -99.80679438, 38.40614326 ], [ -99.83949648, 38.40527327 ], [ -99.87219858, 38.40459962 ], [ -99.90490067, 38.40415317 ], [ -99.93760277, 38.40407079 ], [ -99.97030487, 38.40456338 ], [ -100.00300695, 38.4066735 ], [ -100.03570904, 38.41422848 ], [ -100.04367494, 38.42496181 ] ], [ [ -99.65164527, 38.22874922 ], [ -99.65029288, 38.26145132 ], [ -99.64328391, 38.26918606 ], [ -99.62519405, 38.29415341 ], [ -99.61058181, 38.30113054 ], [ -99.57787972, 38.31960346 ], [ -99.56828272, 38.32685551 ], [ -99.54517762, 38.34398899 ], [ -99.52633743, 38.3595576 ], [ -99.51247552, 38.37243604 ], [ -99.49153472, 38.3922597 ], [ -99.47977342, 38.40297394 ], [ -99.4499956, 38.42496181 ], [ -99.44707133, 38.42752576 ], [ -99.41436925, 38.44953153 ], [ -99.39873423, 38.45766389 ], [ -99.38166715, 38.47185179 ], [ -99.35007387, 38.49036599 ], [ -99.34896505, 38.49183325 ], [ -99.31626296, 38.51421579 ], [ -99.2900878, 38.49036599 ], [ -99.28356086, 38.48342771 ], [ -99.2773374, 38.45766389 ], [ -99.27096477, 38.42496181 ], [ -99.26844808, 38.3922597 ], [ -99.27063144, 38.3595576 ], [ -99.27764062, 38.32685551 ], [ -99.28356086, 38.31256019 ], [ -99.289688, 38.29415341 ], [ -99.30916086, 38.26145132 ], [ -99.31626296, 38.25455519 ], [ -99.3450034, 38.22874922 ], [ -99.34896505, 38.2239776 ], [ -99.37609302, 38.19604714 ], [ -99.38166715, 38.18678576 ], [ -99.41436925, 38.1695785 ], [ -99.43674487, 38.16334503 ], [ -99.44707133, 38.15929705 ], [ -99.47977342, 38.15344315 ], [ -99.51247552, 38.15312301 ], [ -99.54517762, 38.15693031 ], [ -99.57129413, 38.16334503 ], [ -99.57787972, 38.16524851 ], [ -99.61058181, 38.18045955 ], [ -99.63150409, 38.19604714 ], [ -99.64328391, 38.21287544 ], [ -99.65164527, 38.22874922 ] ] ] } },
{ "type": "Feature", "properties": { "Lower": 2700.0 }, "geometry": { "type": "Polygon", "coordinates": [ [ [ -100.59214906, 37.60740942 ], [ -100.59164466, 37.61017306 ], [ -100.58888102, 37.60740942 ], [ -100.59164466, 37.60557222 ], [ -100.59214906, 37.60740942 ] ] ] } },
{ "type": "Feature", "properties": { "Lower": 2700.0 }, "geometry": { "type": "Polygon", "coordinates": [ [ [ -101.38418363, 38.49036599 ], [ -101.37649495, 38.49233567 ], [ -101.3647016, 38.49036599 ], [ -101.37649495, 38.48302045 ], [ -101.38418363, 38.49036599 ] ] ] } },
{ "type": "Feature", "properties": { "Lower": 2700.0 }, "geometry": { "type": "Polygon", "coordinates": [ [ [ -98.26434872, 35.7760921 ], [ -98.2639509, 35.80879418 ], [ -98.25931063, 35.84149628 ], [ -98.25209201, 35.87419837 ], [ -98.24191552, 35.90690047 ], [ -98.23709381, 35.91725747 ], [ -98.21552513, 35.93960256 ], [ -98.20439172, 35.94555416 ], [ -98.17168962, 35.95043765 ], [ -98.13898752, 35.95268944 ], [ -98.10628544, 35.95010173 ], [ -98.08100148, 35.93960256 ], [ -98.07358335, 35.93367748 ], [ -98.05555672, 35.90690047 ], [ -98.05116759, 35.87419837 ], [ -98.05505357, 35.84149628 ], [ -98.06255974, 35.80879418 ], [ -98.07358335, 35.77784265 ], [ -98.07439084, 35.7760921 ], [ -98.09345026, 35.74338999 ], [ -98.10628544, 35.72458174 ], [ -98.11840598, 35.71068791 ], [ -98.13898752, 35.68996551 ], [ -98.15575912, 35.6779858 ], [ -98.17168962, 35.66801738 ], [ -98.20439172, 35.65682969 ], [ -98.23709381, 35.67176277 ], [ -98.2408382, 35.6779858 ], [ -98.25378566, 35.71068791 ], [ -98.26102215, 35.74338999 ], [ -98.26434872, 35.7760921 ] ] ] } },
{ "type": "Feature", "properties": { "Lower": 2700.0 }, "geometry": { "type": "Polygon", "coordinates": [ [ [ -102.66540702, 39.30791835 ], [ -102.65187665, 39.32832373 ], [ -102.64284651, 39.34062046 ], [ -102.61917456, 39.35777614 ], [ -102.59816483, 39.37332256 ], [ -102.58647248, 39.38056714 ], [ -102.55377038, 39.39993771 ], [ -102.54100117, 39.40602465 ], [ -102.52106828, 39.41445048 ], [ -102.48836619, 39.42456436 ], [ -102.45566409, 39.43024265 ], [ -102.42296199, 39.42682836 ], [ -102.39897721, 39.40602465 ], [ -102.39025989, 39.37953377 ], [ -102.38894938, 39.37332256 ], [ -102.38847421, 39.34062046 ], [ -102.39025989, 39.32877823 ], [ -102.39397437, 39.30791835 ], [ -102.40516441, 39.27521627 ], [ -102.42085162, 39.24251417 ], [ -102.42296199, 39.23916854 ], [ -102.4461411, 39.20981208 ], [ -102.45566409, 39.20080447 ], [ -102.48836619, 39.18544578 ], [ -102.52106828, 39.18256476 ], [ -102.55377038, 39.18852805 ], [ -102.58647248, 39.20296119 ], [ -102.59629664, 39.20981208 ], [ -102.61917456, 39.22802151 ], [ -102.63563903, 39.24251417 ], [ -102.65187665, 39.26032658 ], [ -102.66431927, 39.27521627 ], [ -102.66540702, 39.30791835 ] ] ] } },
{ "type": "Feature", "properties": { "Lower": 2700.0 }, "geometry": { "type": "Polygon", "coordinates": [ [ [ -97.76117242, 38.16334503 ], [ -97.75706747, 38.19604714 ], [ -97.74656239, 38.22128193 ], [ -97.7432514, 38.22874922 ], [ -97.7189211, 38.26145132 ], [ -97.71386029, 38.2663576 ], [ -97.68115819, 38.29067531 ], [ -97.67389878, 38.29415341 ], [ -97.6484561, 38.30328511 ], [ -97.615754, 38.30764088 ], [ -97.58305192, 38.3057549 ], [ -97.55034982, 38.29903342 ], [ -97.5379264, 38.29415341 ], [ -97.51764773, 38.28745264 ], [ -97.48494563, 38.27255079 ], [ -97.45224353, 38.26412974 ], [ -97.44522527, 38.26145132 ], [ -97.41954143, 38.24593748 ], [ -97.40297215, 38.22874922 ], [ -97.3939326, 38.19604714 ], [ -97.4047234, 38.16334503 ], [ -97.41954143, 38.15075364 ], [ -97.45158695, 38.13064295 ], [ -97.45224353, 38.13042904 ], [ -97.48494563, 38.12454885 ], [ -97.51764773, 38.12405075 ], [ -97.55034982, 38.1130816 ], [ -97.58305192, 38.10323264 ], [ -97.61186419, 38.09794084 ], [ -97.615754, 38.09734724 ], [ -97.6484561, 38.09523874 ], [ -97.68115819, 38.09587603 ], [ -97.69696261, 38.09794084 ], [ -97.71386029, 38.10352071 ], [ -97.74656239, 38.12548324 ], [ -97.75172209, 38.13064295 ], [ -97.76117242, 38.16334503 ] ], [ [ -97.62458465, 38.16334503 ], [ -97.62132062, 38.19604714 ], [ -97.615754, 38.20212433 ], [ -97.58305192, 38.22765454 ], [ -97.58085717, 38.22874922 ], [ -97.55034982, 38.23597488 ], [ -97.51764773, 38.23553591 ], [ -97.48494563, 38.22961835 ], [ -97.48237746, 38.22874922 ], [ -97.45236957, 38.19604714 ], [ -97.47275906, 38.16334503 ], [ -97.48494563, 38.15810927 ], [ -97.51764773, 38.15508267 ], [ -97.55034982, 38.14523472 ], [ -97.58305192, 38.14351611 ], [ -97.615754, 38.15616238 ], [ -97.62458465, 38.16334503 ] ] ] } },
{ "type": "Feature", "properties": { "Lower": 2700.0 }, "geometry": { "type": "Polygon", "coordinates": [ [ [ -100.04367494, 38.42496181 ], [ -100.03570904, 38.42841795 ], [ -100.00763016, 38.45766389 ], [ -100.00300695, 38.4608237 ], [ -99.97714367, 38.49036599 ], [ -99.97030487, 38.49575457 ], [ -99.94499353, 38.52306808 ], [ -99.93760277, 38.52908307 ], [ -99.91189734, 38.55577018 ], [ -99.90490067, 38.56278288 ], [ -99.87674515, 38.58847227 ], [ -99.87219858, 38.5905418 ], [ -99.83949648, 38.60150105 ], [ -99.80679438, 38.60767109 ], [ -99.77409228, 38.61240757 ], [ -99.74139018, 38.61721226 ], [ -99.70868809, 38.61983236 ], [ -99.67598601, 38.61381077 ], [ -99.64328391, 38.5987921 ], [ -99.62962905, 38.58847227 ], [ -99.61058181, 38.56684541 ], [ -99.60370721, 38.55577018 ], [ -99.5948794, 38.52306808 ], [ -99.59698646, 38.49036599 ], [ -99.60963676, 38.45766389 ], [ -99.61058181, 38.45660227 ], [ -99.64199888, 38.42496181 ], [ -99.64328391, 38.4240988 ], [ -99.67598601, 38.41493782 ], [ -99.70868809, 38.41115305 ], [ -99.74139018, 38.40884188 ], [ -99.77409228, 38.40727026 ], [ -99.80679438, 38.40614326 ], [ -99.83949648, 38.40527327 ], [ -99.87219858, 38.40459962 ], [ -99.90490067, 38.40415317 ], [ -99.93760277, 38.40407079 ], [ -99.97030487, 38.40456338 ], [ -100.00300695, 38.4066735 ], [ -100.03570904, 38.41422848 ], [ -100.04367494, 38.42496181 ] ] ] } },
{ "type": "Feature", "properties": { "Lower": 2700.0 }, "geometry": { "type": "Polygon", "coordinates": [ [ [ -96.96561057, 38.98089741 ], [ -96.96171211, 38.99303188 ], [ -96.9546426, 39.0135995 ], [ -96.92901001, 39.03823168 ], [ -96.91900662, 39.0463016 ], [ -96.89630791, 39.05527424 ], [ -96.86360581, 39.06340653 ], [ -96.83090372, 39.0662543 ], [ -96.79820164, 39.06424108 ], [ -96.76549954, 39.05980553 ], [ -96.73279744, 39.05461725 ], [ -96.70009535, 39.04708898 ], [ -96.69890106, 39.0463016 ], [ -96.68418568, 39.0135995 ], [ -96.67864235, 38.98089741 ], [ -96.67313495, 38.94819531 ], [ -96.66802978, 38.91549323 ], [ -96.66739325, 38.90639172 ], [ -96.66600541, 38.88279112 ], [ -96.66507259, 38.85008904 ], [ -96.66452614, 38.81738693 ], [ -96.66432891, 38.78468485 ], [ -96.66451183, 38.75198275 ], [ -96.66517532, 38.71928066 ], [ -96.66638779, 38.68657856 ], [ -96.66739325, 38.66843941 ], [ -96.66922958, 38.65387645 ], [ -96.68327059, 38.62117437 ], [ -96.70009535, 38.61206773 ], [ -96.70895817, 38.62117437 ], [ -96.73279744, 38.63603493 ], [ -96.74845983, 38.65387645 ], [ -96.76549954, 38.66836747 ], [ -96.77997994, 38.68657856 ], [ -96.79820164, 38.70550895 ], [ -96.80866823, 38.71928066 ], [ -96.83090372, 38.74605658 ], [ -96.83556169, 38.75198275 ], [ -96.86222535, 38.78468485 ], [ -96.86360581, 38.78639359 ], [ -96.88823761, 38.81738693 ], [ -96.89630791, 38.82811504 ], [ -96.9127637, 38.85008904 ], [ -96.92901001, 38.87484835 ], [ -96.93413866, 38.88279112 ], [ -96.95060584, 38.91549323 ], [ -96.96171211, 38.94700821 ], [ -96.96210989, 38.94819531 ], [ -96.96561057, 38.98089741 ] ] ] } },
{ "type": "Feature", "properties": { "Lower": 2700.0 }, "geometry": { "type": "Polygon", "coordinates": [ [ [ -98.77723524, 39.0135995 ], [ -98.7748977, 39.0463016 ], [ -98.76444432, 39.07900371 ], [ -98.76032734, 39.0847792 ], [ -98.73278107, 39.11170579 ], [ -98.72762524, 39.11471398 ], [ -98.69492314, 39.12664863 ], [ -98.66222104, 39.13017722 ], [ -98.62951897, 39.12858422 ], [ -98.59681687, 39.12421469 ], [ -98.56411477, 39.1193787 ], [ -98.53141267, 39.11334443 ], [ -98.52391553, 39.11170579 ], [ -98.49871058, 39.10241765 ], [ -98.46600848, 39.09001605 ], [ -98.43606387, 39.07900371 ], [ -98.43330638, 39.07725074 ], [ -98.40060428, 39.05723539 ], [ -98.38142372, 39.0463016 ], [ -98.3679022, 39.0306906 ], [ -98.35261446, 39.0135995 ], [ -98.34459607, 38.98089741 ], [ -98.35049283, 38.94819531 ], [ -98.36596541, 38.91549323 ], [ -98.3679022, 38.9128468 ], [ -98.39067411, 38.88279112 ], [ -98.40060428, 38.87295355 ], [ -98.42755189, 38.85008904 ], [ -98.43330638, 38.84589972 ], [ -98.46600848, 38.82942784 ], [ -98.49871058, 38.82324071 ], [ -98.53141267, 38.82775361 ], [ -98.56411477, 38.84026617 ], [ -98.58184767, 38.85008904 ], [ -98.59681687, 38.85777594 ], [ -98.62951897, 38.87604471 ], [ -98.64205812, 38.88279112 ], [ -98.66222104, 38.89347935 ], [ -98.69492314, 38.90946422 ], [ -98.70729227, 38.91549323 ], [ -98.72762524, 38.92641611 ], [ -98.75530245, 38.94819531 ], [ -98.76032734, 38.9542644 ], [ -98.77290485, 38.98089741 ], [ -98.77723524, 39.0135995 ] ] ] } },
{ "type": "Feature", "properties": { "Lower": 2700.0 }, "geometry": { "type": "Polygon", "coordinates": [ [ [ -101.83534055, 37.54200524 ], [ -101.83432427, 37.55581761 ], [ -101.83261094, 37.57470732 ], [ -101.82221998, 37.60740942 ], [ -101.80620838, 37.64011151 ], [ -101.80162219, 37.64798275 ], [ -101.78479587, 37.67281361 ], [ -101.7689201, 37.69519813 ], [ -101.75975072, 37.7055157 ], [ -101.736218, 37.73029489 ], [ -101.72690473, 37.7382178 ], [ -101.7035159, 37.75821141 ], [ -101.68560835, 37.77091988 ], [ -101.6708138, 37.78153917 ], [ -101.63811171, 37.79924995 ], [ -101.6255844, 37.80362199 ], [ -101.60540961, 37.81075306 ], [ -101.57270751, 37.81490241 ], [ -101.54000543, 37.80965272 ], [ -101.52823508, 37.80362199 ], [ -101.50730334, 37.78970795 ], [ -101.49146994, 37.77091988 ], [ -101.47563647, 37.7382178 ], [ -101.47460124, 37.7339154 ], [ -101.46960972, 37.7055157 ], [ -101.46984751, 37.67281361 ], [ -101.47460124, 37.6447411 ], [ -101.47544331, 37.64011151 ], [ -101.48631628, 37.60740942 ], [ -101.50231502, 37.57470732 ], [ -101.50730334, 37.56771181 ], [ -101.5262249, 37.54200524 ], [ -101.54000543, 37.52895255 ], [ -101.56194701, 37.50930313 ], [ -101.57270751, 37.50247276 ], [ -101.60540961, 37.48491086 ], [ -101.62360858, 37.47660103 ], [ -101.63811171, 37.47144334 ], [ -101.6708138, 37.4600001 ], [ -101.7035159, 37.44494918 ], [ -101.70654301, 37.44389894 ], [ -101.736218, 37.43522488 ], [ -101.7689201, 37.43798736 ], [ -101.78104858, 37.44389894 ], [ -101.80162219, 37.46097277 ], [ -101.81432027, 37.47660103 ], [ -101.82980277, 37.50930313 ], [ -101.83432427, 37.53451238 ], [ -101.83534055, 37.54200524 ] ] ] } },
{ "type": "Feature", "properties": { "Lower": 2700.0 }, "geometry": { "type": "Polygon", "coordinates": [ [ [ -98.13330349, 37.14958009 ], [ -98.13265306, 37.18228217 ], [ -98.12650789, 37.21498427 ], [ -98.11622564, 37.24768638 ], [ -98.10628544, 37.2631611 ], [ -98.08738643, 37.28038846 ], [ -98.07358335, 37.30035238 ], [ -98.0633678, 37.31309057 ], [ -98.04881671, 37.34579265 ], [ -98.04088125, 37.35626131 ], [ -98.0137124, 37.37849476 ], [ -98.00817915, 37.38236349 ], [ -97.97547705, 37.40045669 ], [ -97.95303492, 37.41119684 ], [ -97.94277496, 37.41572984 ], [ -97.91007286, 37.42763956 ], [ -97.87737076, 37.43935432 ], [ -97.8647993, 37.44389894 ], [ -97.84466868, 37.45045413 ], [ -97.81196658, 37.46286492 ], [ -97.78452418, 37.47660103 ], [ -97.77926449, 37.47901284 ], [ -97.74656239, 37.49553609 ], [ -97.72062608, 37.50930313 ], [ -97.71386029, 37.51227532 ], [ -97.68115819, 37.52342428 ], [ -97.6484561, 37.52860408 ], [ -97.615754, 37.52504351 ], [ -97.58305192, 37.51092359 ], [ -97.58143738, 37.50930313 ], [ -97.55565094, 37.47660103 ], [ -97.55034982, 37.46378129 ], [ -97.54651542, 37.44389894 ], [ -97.55034982, 37.43027828 ], [ -97.55673571, 37.41119684 ], [ -97.58136776, 37.37849476 ], [ -97.58305192, 37.3771372 ], [ -97.615754, 37.36365976 ], [ -97.6484561, 37.35809195 ], [ -97.68115819, 37.34995713 ], [ -97.69800132, 37.34579265 ], [ -97.71386029, 37.34363482 ], [ -97.74656239, 37.33830407 ], [ -97.77926449, 37.32696479 ], [ -97.80130704, 37.31309057 ], [ -97.81196658, 37.30762288 ], [ -97.84466868, 37.28212521 ], [ -97.84641409, 37.28038846 ], [ -97.86709442, 37.24768638 ], [ -97.87187124, 37.21498427 ], [ -97.87673169, 37.18228217 ], [ -97.87737076, 37.1804216 ], [ -97.88612242, 37.14958009 ], [ -97.90113215, 37.11687798 ], [ -97.91007286, 37.10379644 ], [ -97.92220378, 37.0841759 ], [ -97.94277496, 37.05851894 ], [ -97.94868903, 37.05147379 ], [ -97.97547705, 37.02651802 ], [ -97.98978852, 37.01877171 ], [ -98.00817915, 37.00965133 ], [ -98.03129144, 37.01877171 ], [ -98.04088125, 37.02345263 ], [ -98.07358335, 37.04432397 ], [ -98.08384741, 37.05147379 ], [ -98.10628544, 37.07820855 ], [ -98.11132728, 37.0841759 ], [ -98.12716422, 37.11687798 ], [ -98.13330349, 37.14958009 ] ] ] } },
{ "type": "Feature", "properties": { "Lower": 2700.0 }, "geometry": { "type": "Polygon", "coordinates": [ [ [ -96.65289719, 38.32685551 ], [ -96.64604617, 38.3595576 ], [ -96.63469115, 38.38605104 ], [ -96.62854075, 38.3922597 ], [ -96.60198905, 38.41236421 ], [ -96.56928696, 38.40667685 ], [ -96.54209472, 38.3922597 ], [ -96.53658488, 38.38950374 ], [ -96.50388278, 38.3677046 ], [ -96.49462799, 38.3595576 ], [ -96.47118068, 38.33830338 ], [ -96.46075969, 38.32685551 ], [ -96.43847858, 38.30213656 ], [ -96.43257961, 38.29415341 ], [ -96.40874207, 38.26145132 ], [ -96.40577649, 38.25730298 ], [ -96.38941825, 38.22874922 ], [ -96.37307439, 38.20054481 ], [ -96.37094713, 38.19604714 ], [ -96.35614993, 38.16334503 ], [ -96.34162207, 38.13064295 ], [ -96.34037229, 38.12826929 ], [ -96.32744256, 38.09794084 ], [ -96.31164116, 38.06523874 ], [ -96.30767019, 38.05867996 ], [ -96.29523608, 38.03253666 ], [ -96.27496812, 38.00113138 ], [ -96.27430255, 37.99983455 ], [ -96.25334304, 37.96713247 ], [ -96.24226602, 37.95376997 ], [ -96.2286903, 37.93443036 ], [ -96.20956392, 37.91091527 ], [ -96.20311541, 37.90172828 ], [ -96.17791408, 37.86902618 ], [ -96.17686182, 37.8677191 ], [ -96.15674962, 37.83632409 ], [ -96.14415973, 37.81770993 ], [ -96.13509665, 37.80362199 ], [ -96.11285291, 37.77091988 ], [ -96.11145763, 37.76878398 ], [ -96.09374051, 37.7382178 ], [ -96.08313219, 37.7055157 ], [ -96.0947887, 37.67281361 ], [ -96.09934502, 37.64011151 ], [ -96.11145763, 37.60906656 ], [ -96.11298446, 37.60740942 ], [ -96.14415973, 37.59443405 ], [ -96.17686182, 37.59153861 ], [ -96.20956392, 37.59530036 ], [ -96.24226602, 37.60414862 ], [ -96.25008691, 37.60740942 ], [ -96.27496812, 37.61916992 ], [ -96.30472142, 37.64011151 ], [ -96.30767019, 37.64323394 ], [ -96.33060008, 37.67281361 ], [ -96.34037229, 37.69034939 ], [ -96.34750355, 37.7055157 ], [ -96.36139092, 37.7382178 ], [ -96.37307439, 37.76770128 ], [ -96.37429406, 37.77091988 ], [ -96.3847302, 37.80362199 ], [ -96.3967943, 37.83632409 ], [ -96.40577649, 37.85766983 ], [ -96.41038403, 37.86902618 ], [ -96.42494933, 37.90172828 ], [ -96.43847858, 37.92645039 ], [ -96.44273699, 37.93443036 ], [ -96.46168234, 37.96713247 ], [ -96.47118068, 37.98159865 ], [ -96.48284623, 37.99983455 ], [ -96.50388278, 38.02910212 ], [ -96.50629381, 38.03253666 ], [ -96.52901919, 38.06523874 ], [ -96.53658488, 38.07585003 ], [ -96.55153885, 38.09794084 ], [ -96.56928696, 38.12365919 ], [ -96.57392333, 38.13064295 ], [ -96.59414959, 38.16334503 ], [ -96.60198905, 38.17668714 ], [ -96.61275515, 38.19604714 ], [ -96.62952913, 38.22874922 ], [ -96.63469115, 38.2411554 ], [ -96.64245971, 38.26145132 ], [ -96.65081634, 38.29415341 ], [ -96.65289719, 38.32685551 ] ] ] } },
{ "type": "Feature", "properties": { "Lower": 2700.0 }, "geometry": { "type": "Polygon", "coordinates": [ [ [ -99.58349375, 39.40602465 ], [ -99.58231963, 39.43872675 ], [ -99.57787972, 39.46718613 ], [ -99.57720734, 39.47142883 ], [ -99.57089802, 39.50413094 ], [ -99.56392096, 39.53683302 ], [ -99.55474931, 39.56953513 ], [ -99.54517762, 39.59711483 ], [ -99.54302853, 39.60223721 ], [ -99.52664632, 39.63493932 ], [ -99.51247552, 39.65867712 ], [ -99.50574722, 39.66764142 ], [ -99.47977342, 39.69575303 ], [ -99.47383026, 39.7003435 ], [ -99.44707133, 39.71769355 ], [ -99.41436925, 39.73114765 ], [ -99.40601949, 39.73304561 ], [ -99.38166715, 39.73792459 ], [ -99.34896505, 39.74034764 ], [ -99.31626296, 39.73933623 ], [ -99.28356086, 39.73525813 ], [ -99.27312624, 39.73304561 ], [ -99.25085876, 39.72759177 ], [ -99.21815666, 39.71610941 ], [ -99.18545457, 39.70092713 ], [ -99.184504, 39.7003435 ], [ -99.15275249, 39.67562457 ], [ -99.14476931, 39.66764142 ], [ -99.12086864, 39.63493932 ], [ -99.12005039, 39.63335101 ], [ -99.10683224, 39.60223721 ], [ -99.09790534, 39.56953513 ], [ -99.09309218, 39.53683302 ], [ -99.09197745, 39.50413094 ], [ -99.09468716, 39.47142883 ], [ -99.10027316, 39.43872675 ], [ -99.10822711, 39.40602465 ], [ -99.11941142, 39.37332256 ], [ -99.12005039, 39.37198763 ], [ -99.13803412, 39.34062046 ], [ -99.15275249, 39.32400007 ], [ -99.1716851, 39.30791835 ], [ -99.18545457, 39.30038857 ], [ -99.21815666, 39.28719103 ], [ -99.25085876, 39.27619142 ], [ -99.25392013, 39.27521627 ], [ -99.28356086, 39.2670502 ], [ -99.31626296, 39.25770703 ], [ -99.34896505, 39.24798621 ], [ -99.36845148, 39.24251417 ], [ -99.38166715, 39.23927287 ], [ -99.41436925, 39.23466449 ], [ -99.44707133, 39.23739196 ], [ -99.4649289, 39.24251417 ], [ -99.47977342, 39.24801783 ], [ -99.51247552, 39.2681348 ], [ -99.52080621, 39.27521627 ], [ -99.54517762, 39.30252209 ], [ -99.54929624, 39.30791835 ], [ -99.5675826, 39.34062046 ], [ -99.57787972, 39.36994952 ], [ -99.57895638, 39.37332256 ], [ -99.58349375, 39.40602465 ] ] ] } },
{ "type": "Feature", "properties": { "Lower": 2700.0 }, "geometry": { "type": "Polygon", "coordinates": [ [ [ -100.95299526, 38.55577018 ], [ -100.95136772, 38.56593871 ], [ -100.94602632, 38.58847227 ], [ -100.92095789, 38.62117437 ], [ -100.91866562, 38.62278216 ], [ -100.88596352, 38.63714087 ], [ -100.85326142, 38.64284201 ], [ -100.82055933, 38.64294136 ], [ -100.78785723, 38.64084045 ], [ -100.75515515, 38.6412414 ], [ -100.72245305, 38.64262379 ], [ -100.68975096, 38.64409551 ], [ -100.65704886, 38.64550216 ], [ -100.62434676, 38.64732535 ], [ -100.59164466, 38.64982453 ], [ -100.55894257, 38.65244697 ], [ -100.53164627, 38.65387645 ], [ -100.52624047, 38.65419914 ], [ -100.50834935, 38.65387645 ], [ -100.49353839, 38.65358939 ], [ -100.46083629, 38.6501292 ], [ -100.42813419, 38.64311293 ], [ -100.3954321, 38.63204962 ], [ -100.37256119, 38.62117437 ], [ -100.36273, 38.61570275 ], [ -100.3300279, 38.58955575 ], [ -100.32894651, 38.58847227 ], [ -100.30565637, 38.55577018 ], [ -100.2973258, 38.54042302 ], [ -100.28629614, 38.52306808 ], [ -100.26935223, 38.49036599 ], [ -100.26462371, 38.48147131 ], [ -100.24315359, 38.45766389 ], [ -100.23192163, 38.44556783 ], [ -100.19921953, 38.42722094 ], [ -100.19113304, 38.42496181 ], [ -100.16651743, 38.41441129 ], [ -100.13381534, 38.40635448 ], [ -100.10111324, 38.40045435 ], [ -100.07872313, 38.3922597 ], [ -100.10111324, 38.37147491 ], [ -100.1063667, 38.3595576 ], [ -100.13381534, 38.33792362 ], [ -100.1438617, 38.32685551 ], [ -100.16651743, 38.31067323 ], [ -100.18878997, 38.29415341 ], [ -100.19921953, 38.2880316 ], [ -100.23192163, 38.27432922 ], [ -100.26462371, 38.26990195 ], [ -100.2973258, 38.2765686 ], [ -100.3300279, 38.28890883 ], [ -100.3414515, 38.29415341 ], [ -100.36273, 38.30186451 ], [ -100.3954321, 38.3121588 ], [ -100.42813419, 38.32003549 ], [ -100.46083629, 38.32637247 ], [ -100.46324266, 38.32685551 ], [ -100.49353839, 38.33186406 ], [ -100.52624047, 38.33735654 ], [ -100.55894257, 38.34315934 ], [ -100.59164466, 38.34907023 ], [ -100.62434676, 38.35488735 ], [ -100.65155393, 38.3595576 ], [ -100.65704886, 38.36047203 ], [ -100.68975096, 38.3666886 ], [ -100.72245305, 38.37343697 ], [ -100.75515515, 38.38043488 ], [ -100.78785723, 38.3883267 ], [ -100.80254543, 38.3922597 ], [ -100.82055933, 38.39882295 ], [ -100.85326142, 38.41195078 ], [ -100.88431497, 38.42496181 ], [ -100.88596352, 38.42604569 ], [ -100.91866562, 38.44874786 ], [ -100.92666259, 38.45766389 ], [ -100.94199598, 38.49036599 ], [ -100.95106398, 38.52306808 ], [ -100.95136772, 38.52786362 ], [ -100.95299526, 38.55577018 ] ] ] } },
{ "type": "Feature", "properties": { "Lower": 2700.0 }, "geometry": { "type": "Polygon", "coordinates": [ [ [ -95.73287281, 39.83115188 ], [ -95.73254779, 39.86385398 ], [ -95.73124333, 39.89655607 ], [ -95.72939117, 39.92925817 ], [ -95.72682532, 39.96196028 ], [ -95.7231616, 39.99466236 ], [ -95.7190325, 40.02141233 ], [ -95.71807381, 40.02736446 ], [ -95.71126953, 40.06006655 ], [ -95.70235836, 40.09276865 ], [ -95.69132944, 40.12547074 ], [ -95.6863304, 40.13801793 ], [ -95.67819752, 40.15817284 ], [ -95.66314771, 40.19087492 ], [ -95.6536283, 40.20949431 ], [ -95.64637002, 40.22357703 ], [ -95.62809118, 40.25627913 ], [ -95.6209262, 40.26833746 ], [ -95.60855995, 40.28898122 ], [ -95.58822411, 40.32068984 ], [ -95.5875891, 40.32168332 ], [ -95.56658371, 40.3543854 ], [ -95.55552201, 40.36256199 ], [ -95.54734544, 40.3543854 ], [ -95.52281991, 40.32986481 ], [ -95.49011781, 40.32986765 ], [ -95.48193349, 40.32168332 ], [ -95.45741574, 40.29717012 ], [ -95.44922683, 40.28898122 ], [ -95.42471364, 40.26447249 ], [ -95.41652026, 40.25627913 ], [ -95.39201154, 40.23177487 ], [ -95.38381369, 40.22357703 ], [ -95.35930944, 40.19907738 ], [ -95.35110699, 40.19087492 ], [ -95.32660735, 40.16638005 ], [ -95.31840013, 40.15817284 ], [ -95.29390525, 40.13368289 ], [ -95.28569311, 40.12547074 ], [ -95.26120315, 40.10098577 ], [ -95.25298603, 40.09276865 ], [ -95.22850105, 40.06828809 ], [ -95.22850105, 40.06824282 ], [ -95.2393054, 40.06006655 ], [ -95.26120315, 40.03545921 ], [ -95.26815655, 40.02736446 ], [ -95.29390525, 39.9977626 ], [ -95.29648447, 39.99466236 ], [ -95.32370312, 39.96196028 ], [ -95.32660735, 39.95847679 ], [ -95.34945789, 39.92925817 ], [ -95.35930944, 39.91672924 ], [ -95.37401022, 39.89655607 ], [ -95.39201154, 39.87165029 ], [ -95.3971481, 39.86385398 ], [ -95.41765413, 39.83115188 ], [ -95.42471364, 39.81924279 ], [ -95.43556053, 39.7984498 ], [ -95.45079852, 39.76574769 ], [ -95.45741574, 39.7487615 ], [ -95.46243721, 39.73304561 ], [ -95.46911096, 39.7003435 ], [ -95.47215872, 39.66764142 ], [ -95.47176211, 39.63493932 ], [ -95.466204, 39.60223721 ], [ -95.45741574, 39.58469952 ], [ -95.44902191, 39.56953513 ], [ -95.42471364, 39.54786309 ], [ -95.41120815, 39.53683302 ], [ -95.39201154, 39.52522251 ], [ -95.35930944, 39.50972343 ], [ -95.33445827, 39.50413094 ], [ -95.32660735, 39.50286244 ], [ -95.29390525, 39.50278792 ], [ -95.27790521, 39.50413094 ], [ -95.26120315, 39.50614094 ], [ -95.22850105, 39.51383796 ], [ -95.19579897, 39.52195211 ], [ -95.16309688, 39.53005458 ], [ -95.13506499, 39.53683302 ], [ -95.13039478, 39.53831556 ], [ -95.09769268, 39.5479689 ], [ -95.06499058, 39.5568781 ], [ -95.03228849, 39.56506867 ], [ -95.01333668, 39.56953513 ], [ -94.99958639, 39.57355487 ], [ -94.96688429, 39.58233628 ], [ -94.93418221, 39.59035649 ], [ -94.90148012, 39.59774324 ], [ -94.89330405, 39.60223721 ], [ -94.89325878, 39.60223721 ], [ -94.86877802, 39.57775162 ], [ -94.86056152, 39.56953513 ], [ -94.86056635, 39.53683302 ], [ -94.86057203, 39.50413094 ], [ -94.83607592, 39.47962723 ], [ -94.82787754, 39.47142883 ], [ -94.82788504, 39.43872675 ], [ -94.80337382, 39.41420635 ], [ -94.79519212, 39.40602465 ], [ -94.80337382, 39.38323722 ], [ -94.83607592, 39.38038469 ], [ -94.86877802, 39.37778151 ], [ -94.90148012, 39.37540464 ], [ -94.930711, 39.37332256 ], [ -94.93418221, 39.37309902 ], [ -94.96688429, 39.37144638 ], [ -94.99958639, 39.36983407 ], [ -95.03228849, 39.36839566 ], [ -95.06499058, 39.36713644 ], [ -95.09769268, 39.36600662 ], [ -95.13039478, 39.36499044 ], [ -95.16309688, 39.36407994 ], [ -95.19579897, 39.36345178 ], [ -95.22850105, 39.36433688 ], [ -95.26120315, 39.36602742 ], [ -95.29390525, 39.36830991 ], [ -95.32660735, 39.37123872 ], [ -95.34373424, 39.37332256 ], [ -95.35930944, 39.3753487 ], [ -95.39201154, 39.38193568 ], [ -95.42471364, 39.39125491 ], [ -95.45741574, 39.40162332 ], [ -95.46994191, 39.40602465 ], [ -95.49011781, 39.41415927 ], [ -95.52281991, 39.42883008 ], [ -95.54273679, 39.43872675 ], [ -95.55552201, 39.44648442 ], [ -95.58822411, 39.46850579 ], [ -95.59219506, 39.47142883 ], [ -95.6209262, 39.49942889 ], [ -95.62535417, 39.50413094 ], [ -95.65159873, 39.53683302 ], [ -95.6536283, 39.53928345 ], [ -95.67751888, 39.56953513 ], [ -95.6863304, 39.58563128 ], [ -95.69530166, 39.60223721 ], [ -95.70691518, 39.63493932 ], [ -95.71485618, 39.66764142 ], [ -95.7190325, 39.69244284 ], [ -95.72035265, 39.7003435 ], [ -95.72419598, 39.73304561 ], [ -95.72731877, 39.76574769 ], [ -95.73030208, 39.7984498 ], [ -95.73287281, 39.83115188 ] ] ] } },
{ "type": "Feature", "properties": { "Lower": 2700.0 }, "geometry": { "type": "Polygon", "coordinates": [ [ [ -99.46475909, 37.64011151 ], [ -99.46039357, 37.67281361 ], [ -99.45122146, 37.7055157 ], [ -99.44707133, 37.71512402 ], [ -99.43804948, 37.7382178 ], [ -99.42134723, 37.77091988 ], [ -99.41436925, 37.78200683 ], [ -99.40233448, 37.80362199 ], [ -99.38166715, 37.83504983 ], [ -99.38095454, 37.83632409 ], [ -99.36097175, 37.86902618 ], [ -99.34896505, 37.88680827 ], [ -99.34073152, 37.90172828 ], [ -99.32218359, 37.93443036 ], [ -99.31626296, 37.94476777 ], [ -99.30692115, 37.96713247 ], [ -99.29543907, 37.99983455 ], [ -99.28853895, 38.03253666 ], [ -99.28599975, 38.06523874 ], [ -99.2869753, 38.09794084 ], [ -99.29077064, 38.13064295 ], [ -99.29614616, 38.16334503 ], [ -99.29609779, 38.19604714 ], [ -99.28356086, 38.2097634 ], [ -99.26353087, 38.22874922 ], [ -99.25085876, 38.23978238 ], [ -99.22116612, 38.26145132 ], [ -99.21815666, 38.26405865 ], [ -99.18545457, 38.28482246 ], [ -99.16586361, 38.29415341 ], [ -99.15275249, 38.3022245 ], [ -99.12005039, 38.30916709 ], [ -99.09339602, 38.29415341 ], [ -99.08734829, 38.28751087 ], [ -99.07562321, 38.26145132 ], [ -99.06378143, 38.22874922 ], [ -99.05464619, 38.19945918 ], [ -99.05375774, 38.19604714 ], [ -99.04375066, 38.16334503 ], [ -99.03155669, 38.13064295 ], [ -99.0219441, 38.10986952 ], [ -99.01688301, 38.09794084 ], [ -99.00105296, 38.06523874 ], [ -98.989242, 38.04375066 ], [ -98.98371388, 38.03253666 ], [ -98.96552159, 37.99983455 ], [ -98.9565399, 37.9857596 ], [ -98.94612317, 37.96713247 ], [ -98.92697201, 37.93443036 ], [ -98.9238378, 37.9299078 ], [ -98.90792487, 37.90172828 ], [ -98.89113573, 37.8769543 ], [ -98.88661928, 37.86902618 ], [ -98.86746752, 37.83632409 ], [ -98.85843363, 37.82477138 ], [ -98.84662849, 37.80362199 ], [ -98.82573153, 37.77723487 ], [ -98.82186772, 37.77091988 ], [ -98.79733454, 37.7382178 ], [ -98.79302943, 37.73454023 ], [ -98.76452499, 37.7055157 ], [ -98.76032734, 37.7009365 ], [ -98.74299304, 37.67281361 ], [ -98.73138862, 37.64011151 ], [ -98.72762524, 37.62866265 ], [ -98.71505858, 37.60740942 ], [ -98.71172533, 37.57470732 ], [ -98.72701055, 37.54200524 ], [ -98.72762524, 37.54059427 ], [ -98.74807847, 37.50930313 ], [ -98.75994101, 37.47660103 ], [ -98.76032734, 37.47498568 ], [ -98.77318868, 37.44389894 ], [ -98.78632628, 37.41119684 ], [ -98.79302943, 37.39491702 ], [ -98.80255404, 37.37849476 ], [ -98.8223043, 37.34579265 ], [ -98.82573153, 37.3402785 ], [ -98.8491016, 37.31309057 ], [ -98.85843363, 37.30298483 ], [ -98.88815245, 37.28038846 ], [ -98.89113573, 37.27828492 ], [ -98.9238378, 37.26269311 ], [ -98.9565399, 37.25421955 ], [ -98.989242, 37.25102599 ], [ -99.0219441, 37.2517927 ], [ -99.05464619, 37.25576168 ], [ -99.08734829, 37.26248116 ], [ -99.12005039, 37.27170207 ], [ -99.1446495, 37.28038846 ], [ -99.15275249, 37.28311616 ], [ -99.18545457, 37.29650004 ], [ -99.21815666, 37.31186001 ], [ -99.22047139, 37.31309057 ], [ -99.25085876, 37.32935978 ], [ -99.27829074, 37.34579265 ], [ -99.28356086, 37.34905757 ], [ -99.31626296, 37.3716906 ], [ -99.3252166, 37.37849476 ], [ -99.34896505, 37.39825311 ], [ -99.36313804, 37.41119684 ], [ -99.38166715, 37.43071014 ], [ -99.39310455, 37.44389894 ], [ -99.41436925, 37.47361965 ], [ -99.41646818, 37.47660103 ], [ -99.43527013, 37.50930313 ], [ -99.44707133, 37.53650872 ], [ -99.44948695, 37.54200524 ], [ -99.45929713, 37.57470732 ], [ -99.46437458, 37.60740942 ], [ -99.46475909, 37.64011151 ] ] ] } },
{ "type": "Feature", "properties": { "Lower": 2700.0 }, "geometry": { "type": "Polygon", "coordinates": [ [ [ -103.47760742, 35.18745438 ], [ -103.47760642, 35.22015647 ], [ -103.47760531, 35.25285857 ], [ -103.46942903, 35.27280597 ], [ -103.44452817, 35.28556065 ], [ -103.43672694, 35.28937072 ], [ -103.40402484, 35.30577543 ], [ -103.38057556, 35.31826276 ], [ -103.37132276, 35.32294286 ], [ -103.33862066, 35.34024852 ], [ -103.31944143, 35.35096484 ], [ -103.30591857, 35.35819837 ], [ -103.27321647, 35.37665831 ], [ -103.26136035, 35.38366695 ], [ -103.24051437, 35.39550979 ], [ -103.20781227, 35.41418984 ], [ -103.20444486, 35.41636905 ], [ -103.17511018, 35.43520902 ], [ -103.15390393, 35.44907114 ], [ -103.14240808, 35.45630458 ], [ -103.109706, 35.47806282 ], [ -103.10444972, 35.48177324 ], [ -103.0770039, 35.50034563 ], [ -103.05742857, 35.51447532 ], [ -103.0443018, 35.52360667 ], [ -103.01405295, 35.54717743 ], [ -103.01159971, 35.54896562 ], [ -102.97889761, 35.57275139 ], [ -102.97006766, 35.57987951 ], [ -102.94619551, 35.59854025 ], [ -102.92929934, 35.61258162 ], [ -102.91349341, 35.62531267 ], [ -102.89008646, 35.6452837 ], [ -102.88079132, 35.65297817 ], [ -102.85229222, 35.6779858 ], [ -102.84808924, 35.68156721 ], [ -102.81675983, 35.71068791 ], [ -102.81538714, 35.71189372 ], [ -102.78268504, 35.74117477 ], [ -102.78041093, 35.74338999 ], [ -102.74998295, 35.77209977 ], [ -102.74597814, 35.7760921 ], [ -102.71728085, 35.80425886 ], [ -102.71290753, 35.80879418 ], [ -102.68457875, 35.83763713 ], [ -102.68098126, 35.84149628 ], [ -102.65187665, 35.87216122 ], [ -102.65004646, 35.87419837 ], [ -102.62011819, 35.90690047 ], [ -102.61917456, 35.90790999 ], [ -102.5909513, 35.93960256 ], [ -102.58647248, 35.94454888 ], [ -102.56247468, 35.97230466 ], [ -102.55377038, 35.98215551 ], [ -102.53449461, 36.00500676 ], [ -102.52106828, 36.02058841 ], [ -102.5069256, 36.03770885 ], [ -102.48836619, 36.05965641 ], [ -102.47963235, 36.07041095 ], [ -102.45566409, 36.09904127 ], [ -102.45237875, 36.10311304 ], [ -102.42505114, 36.13581514 ], [ -102.42296199, 36.13823166 ], [ -102.39768517, 36.16851722 ], [ -102.39025989, 36.17705934 ], [ -102.36988565, 36.20121933 ], [ -102.35755779, 36.21515958 ], [ -102.34138876, 36.23392141 ], [ -102.32485572, 36.25210837 ], [ -102.31187237, 36.26662352 ], [ -102.29215362, 36.28730389 ], [ -102.28095176, 36.29932562 ], [ -102.25945152, 36.32176757 ], [ -102.24992169, 36.3320277 ], [ -102.22674942, 36.35635461 ], [ -102.21902046, 36.36472981 ], [ -102.19404733, 36.39108715 ], [ -102.18821795, 36.39743189 ], [ -102.16134523, 36.42584348 ], [ -102.15738781, 36.430134 ], [ -102.12864313, 36.4603317 ], [ -102.12629575, 36.46283608 ], [ -102.09594103, 36.49414847 ], [ -102.09458347, 36.49553819 ], [ -102.06323896, 36.52636102 ], [ -102.06120566, 36.52824027 ], [ -102.03053686, 36.5551966 ], [ -102.02259349, 36.56094237 ], [ -101.99783476, 36.57762571 ], [ -101.96513266, 36.59009542 ], [ -101.93243057, 36.58778546 ], [ -101.89972847, 36.57587661 ], [ -101.86702637, 36.56123724 ], [ -101.86640641, 36.56094237 ], [ -101.83432427, 36.54521367 ], [ -101.80162219, 36.53002066 ], [ -101.7974526, 36.52824027 ], [ -101.7689201, 36.51555917 ], [ -101.736218, 36.50283767 ], [ -101.71454371, 36.49553819 ], [ -101.7035159, 36.49165152 ], [ -101.6708138, 36.48128221 ], [ -101.63811171, 36.47136139 ], [ -101.6089401, 36.46283608 ], [ -101.60540961, 36.46173465 ], [ -101.57270751, 36.45181056 ], [ -101.54000543, 36.44205939 ], [ -101.50730334, 36.4326041 ], [ -101.49846442, 36.430134 ], [ -101.47460124, 36.42302951 ], [ -101.44189914, 36.41345066 ], [ -101.40919704, 36.40363882 ], [ -101.38914886, 36.39743189 ], [ -101.37649495, 36.39303959 ], [ -101.34379285, 36.38143286 ], [ -101.31109075, 36.3687884 ], [ -101.30206984, 36.36472981 ], [ -101.27838867, 36.35252264 ], [ -101.24568658, 36.33259652 ], [ -101.24485647, 36.3320277 ], [ -101.21298448, 36.30651622 ], [ -101.20510507, 36.29932562 ], [ -101.18028238, 36.27223922 ], [ -101.17566865, 36.26662352 ], [ -101.1535717, 36.23392141 ], [ -101.14758028, 36.22273106 ], [ -101.13700941, 36.20121933 ], [ -101.12485834, 36.16851722 ], [ -101.1162539, 36.13581514 ], [ -101.11487819, 36.12766031 ], [ -101.11100262, 36.10311304 ], [ -101.10852168, 36.07041095 ], [ -101.10858833, 36.03770885 ], [ -101.11106529, 36.00500676 ], [ -101.11487819, 35.97848148 ], [ -101.11576741, 35.97230466 ], [ -101.12279568, 35.93960256 ], [ -101.13196625, 35.90690047 ], [ -101.14333021, 35.87419837 ], [ -101.14758028, 35.86404206 ], [ -101.15711129, 35.84149628 ], [ -101.1733223, 35.80879418 ], [ -101.18028238, 35.79661872 ], [ -101.19220632, 35.7760921 ], [ -101.21298448, 35.74412587 ], [ -101.2134758, 35.74338999 ], [ -101.23723506, 35.71068791 ], [ -101.24568658, 35.69995185 ], [ -101.26363309, 35.6779858 ], [ -101.27838867, 35.66128046 ], [ -101.29317127, 35.6452837 ], [ -101.31109075, 35.62739359 ], [ -101.32680935, 35.61258162 ], [ -101.34379285, 35.59779553 ], [ -101.36600201, 35.57987951 ], [ -101.37649495, 35.57210153 ], [ -101.40919704, 35.55010687 ], [ -101.41404234, 35.54717743 ], [ -101.44189914, 35.53189273 ], [ -101.47460124, 35.51671729 ], [ -101.48037699, 35.51447532 ], [ -101.50730334, 35.50519835 ], [ -101.54000543, 35.49675312 ], [ -101.57270751, 35.49095118 ], [ -101.60540961, 35.48736361 ], [ -101.63811171, 35.48544326 ], [ -101.6708138, 35.48425142 ], [ -101.7035159, 35.4826434 ], [ -101.72816417, 35.48177324 ], [ -101.736218, 35.48150087 ], [ -101.74982726, 35.48177324 ], [ -101.7689201, 35.48216314 ], [ -101.80162219, 35.48535012 ], [ -101.83432427, 35.48836729 ], [ -101.86192218, 35.48177324 ], [ -101.86702637, 35.48052023 ], [ -101.89972847, 35.45940949 ], [ -101.90917884, 35.44907114 ], [ -101.93243057, 35.42313185 ], [ -101.93796114, 35.41636905 ], [ -101.96476428, 35.38366695 ], [ -101.96513266, 35.38322059 ], [ -101.99099584, 35.35096484 ], [ -101.99783476, 35.34247415 ], [ -102.01726527, 35.31826276 ], [ -102.03053686, 35.30170064 ], [ -102.0437659, 35.28556065 ], [ -102.06323896, 35.26142081 ], [ -102.07105864, 35.25285857 ], [ -102.09594103, 35.22213134 ], [ -102.09795418, 35.22015647 ], [ -102.12696724, 35.18745438 ], [ -102.12864313, 35.18536915 ], [ -102.15880574, 35.15475228 ], [ -102.16134523, 35.15178003 ], [ -102.19315252, 35.12205019 ], [ -102.19404733, 35.1211059 ], [ -102.22674942, 35.09370209 ], [ -102.23295822, 35.08934809 ], [ -102.25945152, 35.06909356 ], [ -102.2784275, 35.05664599 ], [ -102.29215362, 35.04691289 ], [ -102.32485572, 35.02681341 ], [ -102.33035787, 35.0239439 ], [ -102.35755779, 35.00885594 ], [ -102.39025989, 34.99216707 ], [ -102.39237402, 34.9912418 ], [ -102.42296199, 34.97704816 ], [ -102.45566409, 34.96287838 ], [ -102.46683213, 34.95853971 ], [ -102.48836619, 34.94973295 ], [ -102.52106828, 34.93725545 ], [ -102.55021535, 34.92583761 ], [ -102.55377038, 34.92441307 ], [ -102.58647248, 34.91366977 ], [ -102.61917456, 34.90216515 ], [ -102.64556695, 34.89313553 ], [ -102.65187665, 34.89087248 ], [ -102.68457875, 34.87955161 ], [ -102.71728085, 34.86820119 ], [ -102.73941383, 34.86043342 ], [ -102.74998295, 34.85659343 ], [ -102.78268504, 34.84494235 ], [ -102.81538714, 34.83300944 ], [ -102.82980934, 34.82773134 ], [ -102.84808924, 34.82080629 ], [ -102.88079132, 34.80822081 ], [ -102.91349341, 34.79652745 ], [ -102.91704237, 34.79502923 ], [ -102.94619551, 34.781874 ], [ -102.97889761, 34.76796213 ], [ -102.99180368, 34.76232713 ], [ -103.01159971, 34.75345801 ], [ -103.0443018, 34.73845109 ], [ -103.06285846, 34.72962505 ], [ -103.0770039, 34.72267196 ], [ -103.109706, 34.70598528 ], [ -103.12674438, 34.69692294 ], [ -103.14240808, 34.68834522 ], [ -103.17511018, 34.67022918 ], [ -103.18587059, 34.66422086 ], [ -103.20781227, 34.65173904 ], [ -103.24051437, 34.63449207 ], [ -103.27321647, 34.65604414 ], [ -103.28139317, 34.66422086 ], [ -103.28139392, 34.69692294 ], [ -103.28139464, 34.72962505 ], [ -103.30591857, 34.75414797 ], [ -103.31409773, 34.76232713 ], [ -103.31409834, 34.79502923 ], [ -103.33862066, 34.81955077 ], [ -103.34680121, 34.82773134 ], [ -103.34680164, 34.86043342 ], [ -103.346802, 34.89313553 ], [ -103.37132276, 34.91765591 ], [ -103.37950446, 34.92583761 ], [ -103.3795046, 34.95853971 ], [ -103.37950464, 34.9912418 ], [ -103.40402484, 35.0157622 ], [ -103.41220654, 35.0239439 ], [ -103.41220631, 35.05664599 ], [ -103.43672694, 35.08116725 ], [ -103.44490778, 35.08934809 ], [ -103.44490723, 35.12205019 ], [ -103.44490657, 35.15475228 ], [ -103.46942903, 35.17927601 ], [ -103.47760742, 35.18745438 ] ] ] } },
{ "type": "Feature", "properties": { "Lower": 2700.0 }, "geometry": { "type": "Polygon", "coordinates": [ [ [ -100.74621327, 33.38883914 ], [ -100.74574503, 33.42154124 ], [ -100.74422711, 33.45424333 ], [ -100.7418667, 33.48694543 ], [ -100.7389983, 33.51964751 ], [ -100.73575777, 33.55234962 ], [ -100.7323303, 33.58505172 ], [ -100.72892984, 33.61775381 ], [ -100.72581035, 33.65045591 ], [ -100.7231637, 33.683158 ], [ -100.72245305, 33.69413006 ], [ -100.7211827, 33.7158601 ], [ -100.71768286, 33.74856218 ], [ -100.7110634, 33.78126429 ], [ -100.70095683, 33.81396637 ], [ -100.68975096, 33.8401747 ], [ -100.68706106, 33.84666848 ], [ -100.66967678, 33.87937058 ], [ -100.65704886, 33.89820627 ], [ -100.64817274, 33.91207266 ], [ -100.62434676, 33.9429536 ], [ -100.62303764, 33.94477477 ], [ -100.59687019, 33.97747685 ], [ -100.59164466, 33.98342688 ], [ -100.56968459, 34.01017896 ], [ -100.55894257, 34.02205031 ], [ -100.54127989, 34.04288104 ], [ -100.52624047, 34.05878251 ], [ -100.51131601, 34.07558314 ], [ -100.49353839, 34.09344895 ], [ -100.47957738, 34.10828523 ], [ -100.46083629, 34.12590461 ], [ -100.44520584, 34.14098733 ], [ -100.42813419, 34.15551002 ], [ -100.40720764, 34.17368942 ], [ -100.3954321, 34.18282577 ], [ -100.36558862, 34.20639152 ], [ -100.36273, 34.2084266 ], [ -100.3300279, 34.23228002 ], [ -100.32077633, 34.23909363 ], [ -100.2973258, 34.25486307 ], [ -100.27190321, 34.27179571 ], [ -100.26462371, 34.27623791 ], [ -100.23192163, 34.2959009 ], [ -100.21737005, 34.30449781 ], [ -100.19921953, 34.31437661 ], [ -100.16651743, 34.33169433 ], [ -100.15573019, 34.3371999 ], [ -100.13381534, 34.34731895 ], [ -100.10111324, 34.36120841 ], [ -100.07788004, 34.369902 ], [ -100.06841114, 34.37305826 ], [ -100.03570904, 34.38287094 ], [ -100.00300695, 34.39250645 ], [ -99.97030487, 34.4022226 ], [ -99.96903397, 34.40260408 ], [ -99.93760277, 34.4120444 ], [ -99.90490067, 34.42228094 ], [ -99.87219858, 34.43330347 ], [ -99.86673311, 34.43530619 ], [ -99.83949648, 34.44578066 ], [ -99.80679438, 34.46090751 ], [ -99.7945239, 34.46800827 ], [ -99.77409228, 34.48192664 ], [ -99.75233357, 34.50071038 ], [ -99.74139018, 34.51254086 ], [ -99.72410806, 34.53341248 ], [ -99.70868809, 34.55759715 ], [ -99.70334718, 34.56611457 ], [ -99.68701694, 34.59881667 ], [ -99.67598601, 34.62762062 ], [ -99.67436266, 34.63151875 ], [ -99.66395413, 34.66422086 ], [ -99.65881975, 34.69692294 ], [ -99.65785667, 34.72962505 ], [ -99.65899183, 34.76232713 ], [ -99.6569575, 34.79502923 ], [ -99.65061044, 34.82773134 ], [ -99.64328391, 34.85353838 ], [ -99.64097485, 34.86043342 ], [ -99.62777123, 34.89313553 ], [ -99.61244708, 34.92583761 ], [ -99.61058181, 34.92944988 ], [ -99.59341839, 34.95853971 ], [ -99.57787972, 34.98271813 ], [ -99.57159188, 34.9912418 ], [ -99.54570213, 35.0239439 ], [ -99.54517762, 35.02455859 ], [ -99.51350502, 35.05664599 ], [ -99.51247552, 35.05765323 ], [ -99.47977342, 35.08582679 ], [ -99.4750725, 35.08934809 ], [ -99.44707133, 35.11028322 ], [ -99.42879358, 35.12205019 ], [ -99.41436925, 35.13137115 ], [ -99.38166715, 35.14927422 ], [ -99.36923235, 35.15475228 ], [ -99.34896505, 35.16380414 ], [ -99.31626296, 35.17503265 ], [ -99.28356086, 35.18279737 ], [ -99.25085876, 35.18659434 ], [ -99.21815666, 35.1856483 ], [ -99.18545457, 35.17856771 ], [ -99.15275249, 35.16355105 ], [ -99.14044154, 35.15475228 ], [ -99.12005039, 35.1372516 ], [ -99.10700666, 35.12205019 ], [ -99.08734829, 35.09393951 ], [ -99.08477247, 35.08934809 ], [ -99.06918389, 35.05664599 ], [ -99.05670954, 35.0239439 ], [ -99.05464619, 35.01746513 ], [ -99.04745613, 34.9912418 ], [ -99.04037022, 34.95853971 ], [ -99.035138, 34.92583761 ], [ -99.03182193, 34.89313553 ], [ -99.03072221, 34.86043342 ], [ -99.03176606, 34.82773134 ], [ -99.03371599, 34.79502923 ], [ -99.03676547, 34.76232713 ], [ -99.04386432, 34.72962505 ], [ -99.05464619, 34.70737262 ], [ -99.05984458, 34.69692294 ], [ -99.08396565, 34.66422086 ], [ -99.08734829, 34.66066086 ], [ -99.11827404, 34.63151875 ], [ -99.12005039, 34.63008371 ], [ -99.15275249, 34.60443983 ], [ -99.15969769, 34.59881667 ], [ -99.18545457, 34.57764718 ], [ -99.19697385, 34.56611457 ], [ -99.21815666, 34.53916594 ], [ -99.2216417, 34.53341248 ], [ -99.23909432, 34.50071038 ], [ -99.25085876, 34.47955625 ], [ -99.25668175, 34.46800827 ], [ -99.27392281, 34.43530619 ], [ -99.28356086, 34.41797559 ], [ -99.29133433, 34.40260408 ], [ -99.3085658, 34.369902 ], [ -99.31626296, 34.35621293 ], [ -99.32621264, 34.3371999 ], [ -99.3441811, 34.30449781 ], [ -99.34896505, 34.29632015 ], [ -99.36252378, 34.27179571 ], [ -99.38146415, 34.23909363 ], [ -99.38166715, 34.23874634 ], [ -99.39951219, 34.20639152 ], [ -99.41436925, 34.18702195 ], [ -99.4245247, 34.17368942 ], [ -99.44707133, 34.14704338 ], [ -99.45146618, 34.14098733 ], [ -99.46519482, 34.10828523 ], [ -99.47590015, 34.07558314 ], [ -99.47977342, 34.06338283 ], [ -99.48514375, 34.04288104 ], [ -99.49398067, 34.01017896 ], [ -99.50372288, 33.97747685 ], [ -99.51247552, 33.95144172 ], [ -99.51438498, 33.94477477 ], [ -99.52297687, 33.91207266 ], [ -99.53165249, 33.87937058 ], [ -99.54176944, 33.84666848 ], [ -99.54517762, 33.83436072 ], [ -99.54953806, 33.81396637 ], [ -99.5574389, 33.78126429 ], [ -99.56754779, 33.74856218 ], [ -99.57787972, 33.71879283 ], [ -99.57872636, 33.7158601 ], [ -99.58803388, 33.683158 ], [ -99.59989193, 33.65045591 ], [ -99.61058181, 33.6241067 ], [ -99.61272255, 33.61775381 ], [ -99.62402165, 33.58505172 ], [ -99.64113658, 33.55234962 ], [ -99.64328391, 33.54675835 ], [ -99.64953144, 33.51964751 ], [ -99.64328391, 33.49354887 ], [ -99.61058181, 33.50896768 ], [ -99.57787972, 33.51780307 ], [ -99.56096761, 33.51964751 ], [ -99.54517762, 33.52134943 ], [ -99.53990424, 33.51964751 ], [ -99.51247552, 33.51083098 ], [ -99.50122447, 33.48694543 ], [ -99.49503805, 33.45424333 ], [ -99.49243087, 33.42154124 ], [ -99.49054081, 33.38883914 ], [ -99.48896943, 33.35613706 ], [ -99.48743901, 33.32343495 ], [ -99.48554421, 33.29073287 ], [ -99.48289887, 33.25803076 ], [ -99.47977342, 33.23102479 ], [ -99.47907086, 33.22532866 ], [ -99.4736199, 33.19262657 ], [ -99.46608297, 33.15992447 ], [ -99.45583129, 33.12722239 ], [ -99.44707133, 33.10537091 ], [ -99.44229099, 33.09452028 ], [ -99.42517289, 33.0618182 ], [ -99.41436925, 33.04460841 ], [ -99.4038549, 33.02911609 ], [ -99.38166715, 33.000479 ], [ -99.37841018, 32.99641401 ], [ -99.35242336, 32.96371191 ], [ -99.34896505, 32.9592865 ], [ -99.32722722, 32.9310098 ], [ -99.31626296, 32.9167461 ], [ -99.30222612, 32.89830772 ], [ -99.28356086, 32.87409794 ], [ -99.27703485, 32.86560561 ], [ -99.25270503, 32.83290353 ], [ -99.25085876, 32.83053888 ], [ -99.22643678, 32.80020143 ], [ -99.21815666, 32.78968937 ], [ -99.20061835, 32.76749934 ], [ -99.18545457, 32.74872148 ], [ -99.17417171, 32.73479724 ], [ -99.15275249, 32.70880855 ], [ -99.14716153, 32.70209515 ], [ -99.12005039, 32.67122544 ], [ -99.11846898, 32.66939305 ], [ -99.09128945, 32.63669095 ], [ -99.08734829, 32.63213014 ], [ -99.06265764, 32.60398886 ], [ -99.05464619, 32.59489727 ], [ -99.03335028, 32.57128676 ], [ -99.0219441, 32.5587505 ], [ -99.00330531, 32.53858467 ], [ -98.989242, 32.52356378 ], [ -98.97228175, 32.50588257 ], [ -98.9565399, 32.48960929 ], [ -98.94031685, 32.47318049 ], [ -98.9238378, 32.45670144 ], [ -98.90726993, 32.44047838 ], [ -98.89113573, 32.42481125 ], [ -98.87313236, 32.4077763 ], [ -98.85843363, 32.39392386 ], [ -98.83789311, 32.37507419 ], [ -98.82573153, 32.36400433 ], [ -98.8014213, 32.34237209 ], [ -98.79302943, 32.33496547 ], [ -98.76369697, 32.30967 ], [ -98.76032734, 32.30677604 ], [ -98.72762524, 32.27932803 ], [ -98.72475407, 32.2769679 ], [ -98.69492314, 32.25244887 ], [ -98.68473272, 32.24426582 ], [ -98.66222104, 32.22632381 ], [ -98.6431612, 32.21156371 ], [ -98.62951897, 32.20099905 ], [ -98.59992944, 32.17886163 ], [ -98.59681687, 32.17653294 ], [ -98.56411477, 32.15254411 ], [ -98.55515712, 32.14615952 ], [ -98.53141267, 32.12923564 ], [ -98.50847611, 32.11345744 ], [ -98.49871058, 32.10671534 ], [ -98.46600848, 32.08496031 ], [ -98.45783277, 32.08075534 ], [ -98.45783136, 32.04805323 ], [ -98.46600848, 32.03987612 ], [ -98.49053135, 32.01535115 ], [ -98.49871058, 32.00717191 ], [ -98.52323159, 31.98264904 ], [ -98.52323056, 31.94994696 ], [ -98.53141267, 31.94176484 ], [ -98.55593119, 31.91724486 ], [ -98.56411477, 31.90906128 ], [ -98.58863204, 31.88454277 ], [ -98.59681687, 31.87635796 ], [ -98.62133314, 31.85184067 ], [ -98.62133258, 31.81913858 ], [ -98.62951897, 31.81095219 ], [ -98.65403401, 31.78643648 ], [ -98.66222104, 31.77824943 ], [ -98.68673564, 31.7537344 ], [ -98.68673535, 31.72103229 ], [ -98.69492314, 31.71284451 ], [ -98.71943729, 31.68833019 ], [ -98.72762524, 31.68014223 ], [ -98.7521394, 31.6556281 ], [ -98.75213939, 31.622926 ], [ -98.76032734, 31.61473805 ], [ -98.78484178, 31.59022392 ], [ -98.79302943, 31.58203626 ], [ -98.81754434, 31.55752181 ], [ -98.82573153, 31.54933464 ], [ -98.8502471, 31.52481973 ], [ -98.85024745, 31.49211762 ], [ -98.85843363, 31.48393146 ], [ -98.88295049, 31.45941554 ], [ -98.89113573, 31.4512303 ], [ -98.91565374, 31.42671344 ], [ -98.91565434, 31.39401133 ], [ -98.9238378, 31.38582786 ], [ -98.94835785, 31.36130925 ], [ -98.9565399, 31.35312719 ], [ -98.98106151, 31.32860714 ], [ -98.98106235, 31.29590506 ], [ -98.989242, 31.2877254 ], [ -99.01376622, 31.26320295 ], [ -99.0219441, 31.25502508 ], [ -99.04647006, 31.23050087 ], [ -99.05464619, 31.22232472 ], [ -99.07807144, 31.23050087 ], [ -99.08734829, 31.23983264 ], [ -99.11030781, 31.26320295 ], [ -99.12005039, 31.27300253 ], [ -99.14255789, 31.29590506 ], [ -99.15275249, 31.30615861 ], [ -99.17469077, 31.32860714 ], [ -99.18545457, 31.3394335 ], [ -99.20708173, 31.36130925 ], [ -99.21815666, 31.37225975 ], [ -99.23990826, 31.39401133 ], [ -99.25085876, 31.404781 ], [ -99.27291172, 31.42671344 ], [ -99.28356086, 31.43718988 ], [ -99.305667, 31.45941554 ], [ -99.31626296, 31.47001147 ], [ -99.33767581, 31.49211762 ], [ -99.34896505, 31.5036484 ], [ -99.36906035, 31.52481973 ], [ -99.38166715, 31.53802974 ], [ -99.3994568, 31.55752181 ], [ -99.41436925, 31.57369025 ], [ -99.42898045, 31.59022392 ], [ -99.44707133, 31.61058844 ], [ -99.45745194, 31.622926 ], [ -99.47977342, 31.64904447 ], [ -99.48507283, 31.6556281 ], [ -99.51051294, 31.68833019 ], [ -99.51247552, 31.69070022 ], [ -99.53700986, 31.72103229 ], [ -99.54517762, 31.73148727 ], [ -99.56129952, 31.7537344 ], [ -99.57787972, 31.7761677 ], [ -99.58483894, 31.78643648 ], [ -99.60726212, 31.81913858 ], [ -99.61058181, 31.82393937 ], [ -99.6280426, 31.85184067 ], [ -99.64328391, 31.87584432 ], [ -99.64821675, 31.88454277 ], [ -99.66673944, 31.91724486 ], [ -99.67598601, 31.93342585 ], [ -99.68420649, 31.94994696 ], [ -99.70045625, 31.98264904 ], [ -99.70868809, 31.99915369 ], [ -99.71550821, 32.01535115 ], [ -99.72918351, 32.04805323 ], [ -99.74139018, 32.07722307 ], [ -99.74259023, 32.08075534 ], [ -99.75350576, 32.11345744 ], [ -99.76438457, 32.14615952 ], [ -99.77409228, 32.17549374 ], [ -99.77494343, 32.17886163 ], [ -99.78298492, 32.21156371 ], [ -99.79084707, 32.24426582 ], [ -99.79842248, 32.2769679 ], [ -99.80561333, 32.30967 ], [ -99.80679438, 32.31542818 ], [ -99.81111138, 32.34237209 ], [ -99.81598662, 32.37507419 ], [ -99.82034038, 32.4077763 ], [ -99.82428746, 32.44047838 ], [ -99.8279697, 32.47318049 ], [ -99.83163974, 32.50588257 ], [ -99.83556206, 32.53858467 ], [ -99.83949648, 32.56437477 ], [ -99.84063657, 32.57128676 ], [ -99.84882821, 32.60398886 ], [ -99.86567827, 32.63669095 ], [ -99.87219858, 32.64384161 ], [ -99.90490067, 32.66819717 ], [ -99.90668085, 32.66939305 ], [ -99.93760277, 32.68673678 ], [ -99.96490736, 32.70209515 ], [ -99.97030487, 32.70485675 ], [ -100.00300695, 32.72340798 ], [ -100.02176254, 32.73479724 ], [ -100.03570904, 32.74292663 ], [ -100.06841114, 32.76351032 ], [ -100.07433257, 32.76749934 ], [ -100.10111324, 32.78512474 ], [ -100.12466331, 32.80020143 ], [ -100.13381534, 32.80616757 ], [ -100.16651743, 32.82428117 ], [ -100.18414539, 32.83290353 ], [ -100.19921953, 32.84050381 ], [ -100.23192163, 32.85548151 ], [ -100.25543076, 32.86560561 ], [ -100.26462371, 32.86972081 ], [ -100.2973258, 32.88353455 ], [ -100.3300279, 32.89716538 ], [ -100.33286264, 32.89830772 ], [ -100.36273, 32.91115292 ], [ -100.3954321, 32.92566817 ], [ -100.40739471, 32.9310098 ], [ -100.42813419, 32.94153397 ], [ -100.46083629, 32.95855159 ], [ -100.47066987, 32.96371191 ], [ -100.49353839, 32.9773046 ], [ -100.52474978, 32.99641401 ], [ -100.52624047, 32.99745709 ], [ -100.55894257, 33.02032875 ], [ -100.57121404, 33.02911609 ], [ -100.59164466, 33.04610439 ], [ -100.61022219, 33.0618182 ], [ -100.62434676, 33.0758247 ], [ -100.64280916, 33.09452028 ], [ -100.65704886, 33.11185141 ], [ -100.66957351, 33.12722239 ], [ -100.68975096, 33.15806073 ], [ -100.69096049, 33.15992447 ], [ -100.70819227, 33.19262657 ], [ -100.7212484, 33.22532866 ], [ -100.72245305, 33.22934394 ], [ -100.73115645, 33.25803076 ], [ -100.7382243, 33.29073287 ], [ -100.74278552, 33.32343495 ], [ -100.74536251, 33.35613706 ], [ -100.74621327, 33.38883914 ] ], [ [ -99.81036481, 32.96371191 ], [ -99.81017052, 32.99641401 ], [ -99.80906918, 33.02911609 ], [ -99.80679438, 33.05975001 ], [ -99.80658626, 33.0618182 ], [ -99.77461804, 33.09452028 ], [ -99.77409228, 33.09476727 ], [ -99.74139018, 33.10572836 ], [ -99.70868809, 33.10979362 ], [ -99.69200065, 33.09452028 ], [ -99.68272491, 33.0618182 ], [ -99.67916787, 33.02911609 ], [ -99.67755643, 32.99641401 ], [ -99.67708987, 32.96371191 ], [ -99.67749294, 32.9310098 ], [ -99.67874693, 32.89830772 ], [ -99.68113612, 32.86560561 ], [ -99.68520383, 32.83290353 ], [ -99.69142544, 32.80020143 ], [ -99.70069181, 32.76749934 ], [ -99.70868809, 32.74651394 ], [ -99.74139018, 32.7374916 ], [ -99.77409228, 32.75759525 ], [ -99.78133059, 32.76749934 ], [ -99.79520526, 32.80020143 ], [ -99.80163277, 32.83290353 ], [ -99.8051913, 32.86560561 ], [ -99.80679438, 32.88820749 ], [ -99.80749378, 32.89830772 ], [ -99.80928261, 32.9310098 ], [ -99.81036481, 32.96371191 ] ], [ [ -100.17372798, 33.87937058 ], [ -100.17137028, 33.91207266 ], [ -100.16651743, 33.93845786 ], [ -100.16533179, 33.94477477 ], [ -100.15464486, 33.97747685 ], [ -100.13995377, 34.01017896 ], [ -100.13381534, 34.02088097 ], [ -100.12096547, 34.04288104 ], [ -100.10111324, 34.07110513 ], [ -100.09789963, 34.07558314 ], [ -100.07023993, 34.10828523 ], [ -100.06841114, 34.11012793 ], [ -100.03692901, 34.14098733 ], [ -100.03570904, 34.14200373 ], [ -100.00300695, 34.16797455 ], [ -99.9953503, 34.17368942 ], [ -99.97030487, 34.18981879 ], [ -99.94158739, 34.20639152 ], [ -99.93760277, 34.20831032 ], [ -99.90490067, 34.22036955 ], [ -99.87219858, 34.22831217 ], [ -99.83949648, 34.23478162 ], [ -99.811266, 34.23909363 ], [ -99.80679438, 34.2397451 ], [ -99.77409228, 34.24202923 ], [ -99.74139018, 34.23980695 ], [ -99.73893775, 34.23909363 ], [ -99.70868809, 34.22790662 ], [ -99.68039254, 34.20639152 ], [ -99.67598601, 34.20256365 ], [ -99.64829517, 34.17368942 ], [ -99.64328391, 34.16941172 ], [ -99.61129617, 34.14098733 ], [ -99.61058181, 34.14021071 ], [ -99.59855501, 34.10828523 ], [ -99.59887958, 34.07558314 ], [ -99.60328131, 34.04288104 ], [ -99.60972918, 34.01017896 ], [ -99.61058181, 34.00682975 ], [ -99.61936362, 33.97747685 ], [ -99.63036482, 33.94477477 ], [ -99.642451, 33.91207266 ], [ -99.64328391, 33.91006452 ], [ -99.65907449, 33.87937058 ], [ -99.67598601, 33.84809257 ], [ -99.6769298, 33.84666848 ], [ -99.69765567, 33.81396637 ], [ -99.70868809, 33.79420309 ], [ -99.71635996, 33.78126429 ], [ -99.73512296, 33.74856218 ], [ -99.74139018, 33.73729521 ], [ -99.75880751, 33.7158601 ], [ -99.77409228, 33.69477794 ], [ -99.78556834, 33.683158 ], [ -99.80679438, 33.65871546 ], [ -99.81707879, 33.65045591 ], [ -99.83949648, 33.6301353 ], [ -99.85951792, 33.61775381 ], [ -99.87219858, 33.60869342 ], [ -99.90490067, 33.59427257 ], [ -99.93760277, 33.58676888 ], [ -99.97030487, 33.58591084 ], [ -100.00300695, 33.59149622 ], [ -100.03570904, 33.60463576 ], [ -100.055466, 33.61775381 ], [ -100.06841114, 33.62736447 ], [ -100.09157237, 33.65045591 ], [ -100.10111324, 33.66135494 ], [ -100.11681198, 33.683158 ], [ -100.13381534, 33.71149639 ], [ -100.13608715, 33.7158601 ], [ -100.15049853, 33.74856218 ], [ -100.16140135, 33.78126429 ], [ -100.16651743, 33.80305981 ], [ -100.16884639, 33.81396637 ], [ -100.17287366, 33.84666848 ], [ -100.17372798, 33.87937058 ] ] ] } },
{ "type": "Feature", "properties": { "Lower": 2700.0 }, "geometry": { "type": "Polygon", "coordinates": [ [ [ -104.99460934, 40.3543854 ], [ -104.98190453, 40.38708751 ], [ -104.97372542, 40.39526662 ], [ -104.94920681, 40.41978959 ], [ -104.94920899, 40.4524917 ], [ -104.94102333, 40.46067738 ], [ -104.91651064, 40.48519378 ], [ -104.90832123, 40.49338321 ], [ -104.88381163, 40.51789589 ], [ -104.88381265, 40.55059799 ], [ -104.87561913, 40.5587915 ], [ -104.85111233, 40.58330007 ], [ -104.85111244, 40.61600218 ], [ -104.84291703, 40.62419758 ], [ -104.81841068, 40.64870426 ], [ -104.81021494, 40.6569 ], [ -104.78570803, 40.68140637 ], [ -104.78570674, 40.71410845 ], [ -104.77751284, 40.72230234 ], [ -104.75300269, 40.74681055 ], [ -104.74481074, 40.7550025 ], [ -104.72029786, 40.77951264 ], [ -104.72029527, 40.81221474 ], [ -104.71210866, 40.82040135 ], [ -104.68758923, 40.84491685 ], [ -104.67940657, 40.8530995 ], [ -104.65488254, 40.87761893 ], [ -104.64670447, 40.90088239 ], [ -104.61400237, 40.88772435 ], [ -104.58718691, 40.87761893 ], [ -104.58130027, 40.8754123 ], [ -104.54859818, 40.86348754 ], [ -104.51589608, 40.85227923 ], [ -104.49356392, 40.84491685 ], [ -104.48319398, 40.84152692 ], [ -104.4504919, 40.83105612 ], [ -104.4177898, 40.82096919 ], [ -104.38872844, 40.81221474 ], [ -104.38508771, 40.81113017 ], [ -104.35238561, 40.80132801 ], [ -104.31968351, 40.79167991 ], [ -104.28698141, 40.78211496 ], [ -104.27829822, 40.77951264 ], [ -104.25427932, 40.77240129 ], [ -104.22157722, 40.76259753 ], [ -104.18887514, 40.75348283 ], [ -104.15617304, 40.74730654 ], [ -104.15305586, 40.74681055 ], [ -104.12347095, 40.74210312 ], [ -104.09076885, 40.73580501 ], [ -104.05806675, 40.72851891 ], [ -104.02536465, 40.72024566 ], [ -104.00396107, 40.71410845 ], [ -103.99266256, 40.71079845 ], [ -103.95996046, 40.69987156 ], [ -103.92725838, 40.68722466 ], [ -103.91433171, 40.68140637 ], [ -103.89455628, 40.67227336 ], [ -103.86185419, 40.65652559 ], [ -103.84605062, 40.64870426 ], [ -103.82915209, 40.64020718 ], [ -103.79644999, 40.62351778 ], [ -103.78117699, 40.61600218 ], [ -103.76374789, 40.60743352 ], [ -103.73104579, 40.59162119 ], [ -103.71387954, 40.58330007 ], [ -103.6983437, 40.57564899 ], [ -103.6656416, 40.55972963 ], [ -103.64661461, 40.55059799 ], [ -103.63293952, 40.54390364 ], [ -103.60023742, 40.52815806 ], [ -103.5785849, 40.51789589 ], [ -103.56753533, 40.51253715 ], [ -103.53483323, 40.49684573 ], [ -103.51026904, 40.48519378 ], [ -103.50213113, 40.48122202 ], [ -103.46942903, 40.46537221 ], [ -103.44273632, 40.4524917 ], [ -103.43672694, 40.44949323 ], [ -103.40402484, 40.43320518 ], [ -103.37716532, 40.41978959 ], [ -103.37132276, 40.41675154 ], [ -103.33862066, 40.39968391 ], [ -103.3147344, 40.38708751 ], [ -103.30591857, 40.38220333 ], [ -103.27321647, 40.36394518 ], [ -103.25638831, 40.3543854 ], [ -103.24051437, 40.34480532 ], [ -103.20781227, 40.32463213 ], [ -103.20309784, 40.32168332 ], [ -103.17511018, 40.30279146 ], [ -103.15534207, 40.28898122 ], [ -103.14240808, 40.27912382 ], [ -103.11357849, 40.25627913 ], [ -103.109706, 40.25288096 ], [ -103.07777692, 40.22357703 ], [ -103.0770039, 40.22277772 ], [ -103.04749999, 40.19087492 ], [ -103.0443018, 40.18696612 ], [ -103.02165413, 40.15817284 ], [ -103.01159971, 40.1434374 ], [ -102.99983437, 40.12547074 ], [ -102.98142184, 40.09276865 ], [ -102.97889761, 40.08768958 ], [ -102.96572811, 40.06006655 ], [ -102.95252685, 40.02736446 ], [ -102.94619551, 40.00921781 ], [ -102.94133085, 39.99466236 ], [ -102.93188592, 39.96196028 ], [ -102.92397602, 39.92925817 ], [ -102.91737378, 39.89655607 ], [ -102.91349341, 39.87295294 ], [ -102.91205973, 39.86385398 ], [ -102.9079326, 39.83115188 ], [ -102.90502747, 39.7984498 ], [ -102.90343679, 39.76574769 ], [ -102.90325292, 39.73304561 ], [ -102.90469847, 39.7003435 ], [ -102.90806473, 39.66764142 ], [ -102.91349341, 39.63654938 ], [ -102.91376606, 39.63493932 ], [ -102.92235831, 39.60223721 ], [ -102.93424196, 39.56953513 ], [ -102.94619551, 39.54513171 ], [ -102.95002113, 39.53683302 ], [ -102.97023222, 39.50413094 ], [ -102.97889761, 39.49355668 ], [ -102.9950863, 39.47142883 ], [ -103.01159971, 39.4542688 ], [ -103.02437189, 39.43872675 ], [ -103.0443018, 39.42069788 ], [ -103.05719649, 39.40602465 ], [ -103.0770039, 39.38906699 ], [ -103.09038958, 39.37332256 ], [ -103.109706, 39.35287563 ], [ -103.11982305, 39.34062046 ], [ -103.14240808, 39.32055663 ], [ -103.15502669, 39.30791835 ], [ -103.17511018, 39.28919428 ], [ -103.18879083, 39.27521627 ], [ -103.20781227, 39.25279747 ], [ -103.21742748, 39.24251417 ], [ -103.23606118, 39.20981208 ], [ -103.24051437, 39.19080846 ], [ -103.24453499, 39.17710998 ], [ -103.24097762, 39.14440789 ], [ -103.24051437, 39.14327831 ], [ -103.22474822, 39.11170579 ], [ -103.20781227, 39.090777 ], [ -103.19730275, 39.07900371 ], [ -103.17511018, 39.05806795 ], [ -103.16190058, 39.0463016 ], [ -103.14240808, 39.03034226 ], [ -103.1200707, 39.0135995 ], [ -103.109706, 39.00580692 ], [ -103.0770039, 38.98334719 ], [ -103.07329528, 38.98089741 ], [ -103.0443018, 38.95912472 ], [ -103.02832582, 38.94819531 ], [ -103.01159971, 38.93475255 ], [ -102.98565155, 38.91549323 ], [ -102.97889761, 38.90969417 ], [ -102.94619551, 38.88338651 ], [ -102.94542384, 38.88279112 ], [ -102.91349341, 38.85488277 ], [ -102.9076539, 38.85008904 ], [ -102.88079132, 38.82541521 ], [ -102.87151819, 38.81738693 ], [ -102.84808924, 38.79495191 ], [ -102.83661788, 38.78468485 ], [ -102.81538714, 38.76389774 ], [ -102.80215167, 38.75198275 ], [ -102.78268504, 38.73302895 ], [ -102.76698687, 38.71928066 ], [ -102.74998295, 38.70328466 ], [ -102.72956126, 38.68657856 ], [ -102.71728085, 38.67582215 ], [ -102.68686423, 38.65387645 ], [ -102.68457875, 38.65211302 ], [ -102.65187665, 38.63092941 ], [ -102.63137762, 38.62117437 ], [ -102.61917456, 38.61488871 ], [ -102.58647248, 38.60198461 ], [ -102.55377038, 38.59306886 ], [ -102.53040105, 38.58847227 ], [ -102.52106828, 38.5863532 ], [ -102.48836619, 38.58026809 ], [ -102.45566409, 38.57515173 ], [ -102.42296199, 38.56899882 ], [ -102.39025989, 38.56012097 ], [ -102.37897241, 38.55577018 ], [ -102.35755779, 38.54583025 ], [ -102.32485572, 38.5385859 ], [ -102.29215362, 38.53698668 ], [ -102.25945152, 38.53067366 ], [ -102.23139427, 38.52306808 ], [ -102.22674942, 38.52133146 ], [ -102.19404733, 38.50739945 ], [ -102.16203207, 38.49036599 ], [ -102.16134523, 38.48976614 ], [ -102.12864313, 38.45872536 ], [ -102.12766799, 38.45766389 ], [ -102.1175097, 38.42496181 ], [ -102.12351965, 38.3922597 ], [ -102.12864313, 38.38411727 ], [ -102.14323509, 38.3595576 ], [ -102.16134523, 38.34366437 ], [ -102.17906489, 38.32685551 ], [ -102.19404733, 38.31210154 ], [ -102.2054295, 38.29415341 ], [ -102.21739871, 38.26145132 ], [ -102.22557489, 38.22874922 ], [ -102.22674942, 38.22501837 ], [ -102.24592258, 38.19604714 ], [ -102.25945152, 38.18129792 ], [ -102.29215362, 38.16780771 ], [ -102.32485572, 38.16531322 ], [ -102.35755779, 38.16922467 ], [ -102.39025989, 38.17729949 ], [ -102.42296199, 38.19022514 ], [ -102.43451893, 38.19604714 ], [ -102.45566409, 38.20780456 ], [ -102.48836619, 38.22742264 ], [ -102.49052191, 38.22874922 ], [ -102.52106828, 38.24920303 ], [ -102.54024324, 38.26145132 ], [ -102.55377038, 38.27097272 ], [ -102.58647248, 38.29197388 ], [ -102.59025737, 38.29415341 ], [ -102.61917456, 38.31238548 ], [ -102.64662657, 38.32685551 ], [ -102.65187665, 38.32990752 ], [ -102.68457875, 38.3454975 ], [ -102.71728085, 38.35689255 ], [ -102.72945976, 38.3595576 ], [ -102.74998295, 38.36448521 ], [ -102.78268504, 38.3683001 ], [ -102.81538714, 38.36887825 ], [ -102.84808924, 38.36688623 ], [ -102.88079132, 38.36274407 ], [ -102.89881238, 38.3595576 ], [ -102.91349341, 38.3570484 ], [ -102.94619551, 38.35009965 ], [ -102.97889761, 38.34199474 ], [ -103.01159971, 38.33297069 ], [ -103.0319991, 38.32685551 ], [ -103.0443018, 38.32324724 ], [ -103.0770039, 38.31303066 ], [ -103.109706, 38.3022098 ], [ -103.13307904, 38.29415341 ], [ -103.14240808, 38.29100107 ], [ -103.17511018, 38.27954983 ], [ -103.20781227, 38.26772633 ], [ -103.2247708, 38.26145132 ], [ -103.24051437, 38.25573997 ], [ -103.27321647, 38.24367472 ], [ -103.30591857, 38.23135621 ], [ -103.31275641, 38.22874922 ], [ -103.33862066, 38.21906259 ], [ -103.37132276, 38.20657739 ], [ -103.39907455, 38.19604714 ], [ -103.40402484, 38.19419074 ], [ -103.43672694, 38.18261236 ], [ -103.46942903, 38.17150056 ], [ -103.49429592, 38.16334503 ], [ -103.50213113, 38.1608008 ], [ -103.53483323, 38.1505504 ], [ -103.56753533, 38.14053604 ], [ -103.59833677, 38.13064295 ], [ -103.60023742, 38.13004838 ], [ -103.63293952, 38.12110316 ], [ -103.6656416, 38.11159086 ], [ -103.6983437, 38.10202477 ], [ -103.71231175, 38.09794084 ], [ -103.73104579, 38.09250923 ], [ -103.76374789, 38.08297769 ], [ -103.79644999, 38.07333911 ], [ -103.8234894, 38.06523874 ], [ -103.82915209, 38.06353878 ], [ -103.86185419, 38.05368816 ], [ -103.89455628, 38.04367613 ], [ -103.92725838, 38.03348899 ], [ -103.93027869, 38.03253666 ], [ -103.95996046, 38.02300634 ], [ -103.99266256, 38.01230187 ], [ -104.02536465, 38.00144133 ], [ -104.03011813, 37.99983455 ], [ -104.05806675, 37.99025264 ], [ -104.09076885, 37.97886914 ], [ -104.12347095, 37.96798933 ], [ -104.12576275, 37.96713247 ], [ -104.15617304, 37.95536833 ], [ -104.18887514, 37.94327038 ], [ -104.21231393, 37.93443036 ], [ -104.22157722, 37.93087489 ], [ -104.25427932, 37.91819825 ], [ -104.28698141, 37.90529253 ], [ -104.29586941, 37.90172828 ], [ -104.31968351, 37.89205514 ], [ -104.35238561, 37.87862909 ], [ -104.37538415, 37.86902618 ], [ -104.38508771, 37.86494311 ], [ -104.4177898, 37.85097487 ], [ -104.4504919, 37.83756631 ], [ -104.45866931, 37.86902618 ], [ -104.45867126, 37.90172828 ], [ -104.48319398, 37.92624824 ], [ -104.49137611, 37.93443036 ], [ -104.49137801, 37.96713247 ], [ -104.4913798, 37.99983455 ], [ -104.51589608, 38.02434837 ], [ -104.52408436, 38.03253666 ], [ -104.52408594, 38.06523874 ], [ -104.52408741, 38.09794084 ], [ -104.54859818, 38.12244963 ], [ -104.55679148, 38.13064295 ], [ -104.55679269, 38.16334503 ], [ -104.58130027, 38.18785104 ], [ -104.58949637, 38.19604714 ], [ -104.58949726, 38.22874922 ], [ -104.58949804, 38.26145132 ], [ -104.61400237, 38.28595466 ], [ -104.62220112, 38.29415341 ], [ -104.62220157, 38.32685551 ], [ -104.62220186, 38.3595576 ], [ -104.64670447, 38.38405992 ], [ -104.65490425, 38.3922597 ], [ -104.65490417, 38.42496181 ], [ -104.67940657, 38.4494644 ], [ -104.68760604, 38.45766389 ], [ -104.68760555, 38.49036599 ], [ -104.68760486, 38.52306808 ], [ -104.71210866, 38.54757295 ], [ -104.72030589, 38.55577018 ], [ -104.72030479, 38.58847227 ], [ -104.72030351, 38.62117437 ], [ -104.74481074, 38.64568349 ], [ -104.75300371, 38.65387645 ], [ -104.75300197, 38.68657856 ], [ -104.75300002, 38.71928066 ], [ -104.77751284, 38.74379637 ], [ -104.78569923, 38.75198275 ], [ -104.78569667, 38.78468485 ], [ -104.81021494, 38.80920687 ], [ -104.818395, 38.81738693 ], [ -104.81839174, 38.85008904 ], [ -104.81021494, 38.86142571 ], [ -104.77751284, 38.87166015 ], [ -104.74481074, 38.88193354 ], [ -104.7422971, 38.88279112 ], [ -104.71210866, 38.89247036 ], [ -104.67940657, 38.90306461 ], [ -104.64670447, 38.9142472 ], [ -104.64313938, 38.91549323 ], [ -104.61400237, 38.924865 ], [ -104.58130027, 38.93602074 ], [ -104.54859818, 38.94740587 ], [ -104.54653229, 38.94819531 ], [ -104.51589608, 38.95901254 ], [ -104.48319398, 38.97091291 ], [ -104.45745038, 38.98089741 ], [ -104.4504919, 38.98333281 ], [ -104.4177898, 38.99538392 ], [ -104.38508771, 39.00840549 ], [ -104.37290491, 39.0135995 ], [ -104.35238561, 39.02138248 ], [ -104.31968351, 39.03477137 ], [ -104.29404376, 39.0463016 ], [ -104.28698141, 39.04908551 ], [ -104.25427932, 39.06303914 ], [ -104.22157722, 39.07813586 ], [ -104.21973541, 39.07900371 ], [ -104.18887514, 39.09140029 ], [ -104.15617304, 39.10502714 ], [ -104.14049853, 39.11170579 ], [ -104.12347095, 39.11758313 ], [ -104.09076885, 39.12890817 ], [ -104.05806675, 39.14030528 ], [ -104.04631077, 39.14440789 ], [ -104.02536465, 39.15101186 ], [ -103.99266256, 39.16162345 ], [ -103.95996046, 39.17288596 ], [ -103.94825965, 39.17710998 ], [ -103.92725838, 39.1847454 ], [ -103.89455628, 39.19750664 ], [ -103.86594628, 39.20981208 ], [ -103.86185419, 39.2116576 ], [ -103.82915209, 39.22794096 ], [ -103.80490838, 39.24251417 ], [ -103.79644999, 39.24862255 ], [ -103.76895956, 39.27521627 ], [ -103.76374789, 39.28430776 ], [ -103.75495644, 39.30791835 ], [ -103.7545748, 39.34062046 ], [ -103.76166885, 39.37332256 ], [ -103.76374789, 39.37900285 ], [ -103.77286345, 39.40602465 ], [ -103.78711992, 39.43872675 ], [ -103.79644999, 39.4567014 ], [ -103.80374128, 39.47142883 ], [ -103.82131315, 39.50413094 ], [ -103.82915209, 39.51774689 ], [ -103.83992162, 39.53683302 ], [ -103.85995288, 39.56953513 ], [ -103.86185419, 39.57250022 ], [ -103.88091368, 39.60223721 ], [ -103.89455628, 39.62173968 ], [ -103.90389846, 39.63493932 ], [ -103.92725838, 39.66531867 ], [ -103.92908659, 39.66764142 ], [ -103.95646732, 39.7003435 ], [ -103.95996046, 39.70426413 ], [ -103.98684085, 39.73304561 ], [ -103.99266256, 39.73888747 ], [ -104.0210442, 39.76574769 ], [ -104.02536465, 39.76961161 ], [ -104.05806675, 39.79716171 ], [ -104.05964287, 39.7984498 ], [ -104.09076885, 39.82259713 ], [ -104.1022844, 39.83115188 ], [ -104.12347095, 39.84613786 ], [ -104.1492269, 39.86385398 ], [ -104.15617304, 39.86840256 ], [ -104.18887514, 39.89071406 ], [ -104.19670373, 39.89655607 ], [ -104.22157722, 39.91406535 ], [ -104.24359334, 39.92925817 ], [ -104.25427932, 39.93669219 ], [ -104.28698141, 39.95718777 ], [ -104.29538148, 39.96196028 ], [ -104.31968351, 39.97606524 ], [ -104.35238561, 39.99165646 ], [ -104.36040215, 39.99466236 ], [ -104.38508771, 40.00397609 ], [ -104.4177898, 40.01835827 ], [ -104.43542427, 40.02736446 ], [ -104.4504919, 40.0392753 ], [ -104.4748402, 40.06006655 ], [ -104.48319398, 40.0719327 ], [ -104.5013835, 40.09276865 ], [ -104.51589608, 40.10429028 ], [ -104.54859818, 40.12116242 ], [ -104.56351796, 40.12547074 ], [ -104.58130027, 40.13182861 ], [ -104.61400237, 40.14240996 ], [ -104.64670447, 40.15344091 ], [ -104.66031781, 40.15817284 ], [ -104.67940657, 40.16641378 ], [ -104.71210866, 40.18062708 ], [ -104.73460902, 40.19087492 ], [ -104.74481074, 40.19632302 ], [ -104.77751284, 40.21345427 ], [ -104.79636004, 40.22357703 ], [ -104.81021494, 40.23191382 ], [ -104.84291703, 40.25145754 ], [ -104.85103343, 40.25627913 ], [ -104.87561913, 40.27207276 ], [ -104.90159785, 40.28898122 ], [ -104.90832123, 40.29367529 ], [ -104.94102333, 40.31604815 ], [ -104.94922715, 40.32168332 ], [ -104.97372542, 40.33926781 ], [ -104.99460934, 40.3543854 ] ], [ [ -104.38602734, 40.25627913 ], [ -104.38508771, 40.27836976 ], [ -104.38448673, 40.28898122 ], [ -104.37822425, 40.32168332 ], [ -104.36522505, 40.3543854 ], [ -104.35238561, 40.37377682 ], [ -104.33911387, 40.38708751 ], [ -104.31968351, 40.4010841 ], [ -104.28698141, 40.41574167 ], [ -104.27512622, 40.41978959 ], [ -104.25427932, 40.42586969 ], [ -104.22157722, 40.42933925 ], [ -104.18887514, 40.42882424 ], [ -104.15617304, 40.42570477 ], [ -104.12347095, 40.42067015 ], [ -104.11923304, 40.41978959 ], [ -104.09076885, 40.41323912 ], [ -104.05806675, 40.40349342 ], [ -104.02536465, 40.39070978 ], [ -104.01690309, 40.38708751 ], [ -103.99266256, 40.3760147 ], [ -103.95996046, 40.36100475 ], [ -103.94644544, 40.3543854 ], [ -103.92725838, 40.34324475 ], [ -103.89455628, 40.32263999 ], [ -103.89307348, 40.32168332 ], [ -103.86185419, 40.29877182 ], [ -103.8477923, 40.28898122 ], [ -103.82915209, 40.27449347 ], [ -103.8037775, 40.25627913 ], [ -103.79644999, 40.25048906 ], [ -103.76374789, 40.22675837 ], [ -103.75902302, 40.22357703 ], [ -103.73104579, 40.20338026 ], [ -103.71195557, 40.19087492 ], [ -103.6983437, 40.18142735 ], [ -103.6656416, 40.16062503 ], [ -103.66163734, 40.15817284 ], [ -103.63293952, 40.13984049 ], [ -103.6090336, 40.12547074 ], [ -103.60023742, 40.11999146 ], [ -103.56753533, 40.09976546 ], [ -103.55631703, 40.09276865 ], [ -103.53483323, 40.07894157 ], [ -103.50586599, 40.06006655 ], [ -103.50213113, 40.05756636 ], [ -103.46942903, 40.03425976 ], [ -103.46033656, 40.02736446 ], [ -103.43672694, 40.00884121 ], [ -103.41996223, 39.99466236 ], [ -103.40402484, 39.98077674 ], [ -103.38445837, 39.96196028 ], [ -103.37132276, 39.94889949 ], [ -103.35363492, 39.92925817 ], [ -103.33862066, 39.9119978 ], [ -103.32668087, 39.89655607 ], [ -103.30591857, 39.86846996 ], [ -103.30290886, 39.86385398 ], [ -103.28263303, 39.83115188 ], [ -103.27321647, 39.81529853 ], [ -103.26428105, 39.7984498 ], [ -103.24787677, 39.76574769 ], [ -103.24051437, 39.75019525 ], [ -103.2333263, 39.73304561 ], [ -103.22058209, 39.7003435 ], [ -103.20907339, 39.66764142 ], [ -103.20781227, 39.66372475 ], [ -103.19985429, 39.63493932 ], [ -103.19218532, 39.60223721 ], [ -103.18604636, 39.56953513 ], [ -103.18155814, 39.53683302 ], [ -103.17872409, 39.50413094 ], [ -103.17719974, 39.47142883 ], [ -103.17634449, 39.43872675 ], [ -103.17729357, 39.40602465 ], [ -103.18269031, 39.37332256 ], [ -103.19925, 39.34062046 ], [ -103.20781227, 39.33079048 ], [ -103.22691728, 39.30791835 ], [ -103.24051437, 39.29274028 ], [ -103.25657724, 39.27521627 ], [ -103.27321647, 39.25727041 ], [ -103.28816193, 39.24251417 ], [ -103.30591857, 39.22407744 ], [ -103.32269184, 39.20981208 ], [ -103.33862066, 39.193487 ], [ -103.36210246, 39.17710998 ], [ -103.37132276, 39.16829547 ], [ -103.40402484, 39.15339067 ], [ -103.43672694, 39.15436536 ], [ -103.46703872, 39.17710998 ], [ -103.46942903, 39.17950912 ], [ -103.48981788, 39.20981208 ], [ -103.50213113, 39.22906608 ], [ -103.50932758, 39.24251417 ], [ -103.52789525, 39.27521627 ], [ -103.53483323, 39.28634653 ], [ -103.54656491, 39.30791835 ], [ -103.56658105, 39.34062046 ], [ -103.56753533, 39.3420338 ], [ -103.58645185, 39.37332256 ], [ -103.60023742, 39.39618661 ], [ -103.60573768, 39.40602465 ], [ -103.62228851, 39.43872675 ], [ -103.63293952, 39.46039545 ], [ -103.63797519, 39.47142883 ], [ -103.65209326, 39.50413094 ], [ -103.6656416, 39.53462157 ], [ -103.66656321, 39.53683302 ], [ -103.67935507, 39.56953513 ], [ -103.69294067, 39.60223721 ], [ -103.6983437, 39.61528249 ], [ -103.70611803, 39.63493932 ], [ -103.71939553, 39.66764142 ], [ -103.73104579, 39.69385414 ], [ -103.73383558, 39.7003435 ], [ -103.74803916, 39.73304561 ], [ -103.76374789, 39.76360695 ], [ -103.7648406, 39.76574769 ], [ -103.78207103, 39.7984498 ], [ -103.79644999, 39.821401 ], [ -103.80275117, 39.83115188 ], [ -103.82683815, 39.86385398 ], [ -103.82915209, 39.86675119 ], [ -103.85526815, 39.89655607 ], [ -103.86185419, 39.90323928 ], [ -103.89144439, 39.92925817 ], [ -103.89455628, 39.93177737 ], [ -103.92725838, 39.95501841 ], [ -103.93917031, 39.96196028 ], [ -103.95996046, 39.97375758 ], [ -103.99266256, 39.98862475 ], [ -104.00882519, 39.99466236 ], [ -104.02536465, 40.00098787 ], [ -104.05806675, 40.01151057 ], [ -104.09076885, 40.01972392 ], [ -104.12347095, 40.02634573 ], [ -104.12866241, 40.02736446 ], [ -104.15617304, 40.03345199 ], [ -104.18887514, 40.04043285 ], [ -104.22157722, 40.04811258 ], [ -104.25427932, 40.05898363 ], [ -104.25606209, 40.06006655 ], [ -104.28698141, 40.08043299 ], [ -104.31617514, 40.09276865 ], [ -104.31968351, 40.09455479 ], [ -104.35238561, 40.12476101 ], [ -104.35276122, 40.12547074 ], [ -104.37150301, 40.15817284 ], [ -104.37996265, 40.19087492 ], [ -104.38449842, 40.22357703 ], [ -104.38508771, 40.23619773 ], [ -104.38602734, 40.25627913 ] ] ] } },
{ "type": "Feature", "properties": { "Lower": 2700.0 }, "geometry": { "type": "Polygon", "coordinates": [ [ [ -103.70652237, 42.34921321 ], [ -103.6983437, 42.35739189 ], [ -103.67382393, 42.38191532 ], [ -103.6656416, 42.39009763 ], [ -103.64112497, 42.4146174 ], [ -103.64112634, 42.44731951 ], [ -103.63293952, 42.45550632 ], [ -103.60842657, 42.48002159 ], [ -103.60023742, 42.48821074 ], [ -103.5757263, 42.51272369 ], [ -103.57572689, 42.54542578 ], [ -103.56753533, 42.55361735 ], [ -103.54302598, 42.57812788 ], [ -103.53483323, 42.58632063 ], [ -103.51032482, 42.61082996 ], [ -103.51032502, 42.64353207 ], [ -103.50213113, 42.65172596 ], [ -103.47762376, 42.67623417 ], [ -103.46942903, 42.68442888 ], [ -103.44492244, 42.70893626 ], [ -103.43672694, 42.71713176 ], [ -103.41222107, 42.74163836 ], [ -103.40402484, 42.74983458 ], [ -103.37951963, 42.77434045 ], [ -103.37951971, 42.80704255 ], [ -103.37132276, 42.81523951 ], [ -103.34681818, 42.83974463 ], [ -103.33862066, 42.84794216 ], [ -103.31411653, 42.87244674 ], [ -103.30591857, 42.88064471 ], [ -103.28141481, 42.90514882 ], [ -103.27321647, 42.91334717 ], [ -103.24871296, 42.93785093 ], [ -103.24051437, 42.94604951 ], [ -103.21601098, 42.97055303 ], [ -103.21601081, 43.00325511 ], [ -103.20781227, 43.01145365 ], [ -103.18330865, 43.03595722 ], [ -103.17511018, 43.04415567 ], [ -103.15060634, 43.0686593 ], [ -103.14240808, 43.07685754 ], [ -103.11790387, 43.10136141 ], [ -103.109706, 43.10955927 ], [ -103.08520122, 43.13406349 ], [ -103.08520076, 43.16676559 ], [ -103.0770039, 43.17496245 ], [ -103.05249786, 43.19946768 ], [ -103.0443018, 43.20766375 ], [ -103.01979478, 43.23216978 ], [ -103.01159971, 43.24036485 ], [ -102.98709151, 43.26487189 ], [ -102.97889761, 43.27306577 ], [ -102.95438805, 43.29757397 ], [ -102.94619551, 43.30576651 ], [ -102.92168439, 43.33027608 ], [ -102.92168353, 43.36297816 ], [ -102.91349341, 43.37116828 ], [ -102.88897966, 43.39568026 ], [ -102.88079132, 43.40386859 ], [ -102.85627563, 43.42838235 ], [ -102.84808924, 43.43656876 ], [ -102.82357146, 43.46108445 ], [ -102.81538714, 43.46926878 ], [ -102.79086718, 43.49378653 ], [ -102.78268504, 43.50196868 ], [ -102.75816278, 43.52648864 ], [ -102.7581616, 43.55919072 ], [ -102.74998295, 43.56736939 ], [ -102.72545709, 43.59189283 ], [ -102.71728085, 43.60006906 ], [ -102.69849151, 43.59189283 ], [ -102.68457875, 43.57708778 ], [ -102.66895187, 43.55919072 ], [ -102.65187665, 43.53819945 ], [ -102.64279189, 43.52648864 ], [ -102.61917456, 43.49591429 ], [ -102.61763533, 43.49378653 ], [ -102.59576005, 43.46108445 ], [ -102.58647248, 43.44817021 ], [ -102.57079238, 43.42838235 ], [ -102.55377038, 43.40885557 ], [ -102.54103609, 43.39568026 ], [ -102.52106828, 43.3764367 ], [ -102.50582777, 43.36297816 ], [ -102.48836619, 43.34827 ], [ -102.4654322, 43.33027608 ], [ -102.45566409, 43.3229227 ], [ -102.42296199, 43.29958833 ], [ -102.42002504, 43.29757397 ], [ -102.39025989, 43.27773053 ], [ -102.37034403, 43.26487189 ], [ -102.35755779, 43.25678701 ], [ -102.32485572, 43.23627867 ], [ -102.31830357, 43.23216978 ], [ -102.29215362, 43.21588079 ], [ -102.26676591, 43.19946768 ], [ -102.25945152, 43.19470704 ], [ -102.22674942, 43.17242543 ], [ -102.21879848, 43.16676559 ], [ -102.19404733, 43.14902698 ], [ -102.17429911, 43.13406349 ], [ -102.16134523, 43.12421474 ], [ -102.13282819, 43.10136141 ], [ -102.12864313, 43.09798428 ], [ -102.09594103, 43.07025002 ], [ -102.09415238, 43.0686593 ], [ -102.06323896, 43.04116914 ], [ -102.05761824, 43.03595722 ], [ -102.03053686, 43.01084351 ], [ -102.02273301, 43.00325511 ], [ -101.99783476, 42.97904616 ], [ -101.98948592, 42.97055303 ], [ -101.96513266, 42.94551849 ], [ -101.95803551, 42.93785093 ], [ -101.93243057, 42.90999218 ], [ -101.92819824, 42.90514882 ], [ -101.89972847, 42.87346884 ], [ -101.89887577, 42.87244674 ], [ -101.87283601, 42.83974463 ], [ -101.86702637, 42.83265327 ], [ -101.84692422, 42.80704255 ], [ -101.83432427, 42.79087414 ], [ -101.82199021, 42.77434045 ], [ -101.80162219, 42.74703732 ], [ -101.79774995, 42.74163836 ], [ -101.7742818, 42.70893626 ], [ -101.7689201, 42.70146866 ], [ -101.75138716, 42.67623417 ], [ -101.736218, 42.65447907 ], [ -101.72884108, 42.64353207 ], [ -101.70664796, 42.61082996 ], [ -101.7035159, 42.60623097 ], [ -101.6849553, 42.57812788 ], [ -101.6708138, 42.55679227 ], [ -101.66348454, 42.54542578 ], [ -101.64217699, 42.51272369 ], [ -101.63811171, 42.50650639 ], [ -101.621252, 42.48002159 ], [ -101.60540961, 42.45547467 ], [ -101.60028187, 42.44731951 ], [ -101.57959487, 42.4146174 ], [ -101.57270751, 42.40387031 ], [ -101.55896282, 42.38191532 ], [ -101.54000543, 42.3519362 ], [ -101.53832238, 42.34921321 ], [ -101.51795267, 42.31651111 ], [ -101.50730334, 42.29968684 ], [ -101.49747566, 42.28380902 ], [ -101.4770461, 42.25110692 ], [ -101.47460124, 42.24724808 ], [ -101.45668916, 42.21840484 ], [ -101.44189914, 42.19474102 ], [ -101.43636021, 42.18570273 ], [ -101.41609151, 42.15300065 ], [ -101.40919704, 42.14193454 ], [ -101.39599984, 42.12029854 ], [ -101.37649495, 42.08871538 ], [ -101.37581691, 42.08759646 ], [ -101.3558982, 42.05489436 ], [ -101.34379285, 42.03513873 ], [ -101.33600608, 42.02219225 ], [ -101.31617436, 41.98949017 ], [ -101.31109075, 41.98112071 ], [ -101.29657956, 41.95678806 ], [ -101.27838867, 41.92647113 ], [ -101.27696791, 41.92408598 ], [ -101.25742963, 41.89138388 ], [ -101.24568658, 41.87172899 ], [ -101.23790531, 41.85868179 ], [ -101.21845086, 41.82597969 ], [ -101.21298448, 41.81676985 ], [ -101.19906588, 41.7932776 ], [ -101.18028238, 41.76147626 ], [ -101.17975225, 41.7605755 ], [ -101.16065751, 41.7278734 ], [ -101.14758028, 41.70533957 ], [ -101.14170016, 41.69517131 ], [ -101.12300622, 41.66246921 ], [ -101.11487819, 41.64807866 ], [ -101.10453554, 41.62976712 ], [ -101.08612248, 41.59706502 ], [ -101.08217609, 41.59003374 ], [ -101.06771642, 41.56436294 ], [ -101.04947399, 41.53258768 ], [ -101.04894665, 41.53166083 ], [ -101.03118513, 41.49895875 ], [ -101.01677191, 41.47293039 ], [ -101.01306308, 41.46625664 ], [ -100.99504534, 41.43355454 ], [ -100.98406981, 41.41351148 ], [ -100.97710042, 41.40085246 ], [ -100.95924554, 41.36815035 ], [ -100.95136772, 41.35359903 ], [ -100.94150595, 41.33544827 ], [ -100.92394575, 41.30274616 ], [ -100.91866562, 41.29281002 ], [ -100.90656761, 41.27004408 ], [ -100.88945766, 41.23734197 ], [ -100.88596352, 41.23058273 ], [ -100.8725526, 41.20463989 ], [ -100.8559058, 41.17193779 ], [ -100.85326142, 41.16670445 ], [ -100.83940649, 41.1392357 ], [ -100.82311491, 41.1065336 ], [ -100.82055933, 41.10137745 ], [ -100.80697754, 41.07383149 ], [ -100.79086682, 41.04112941 ], [ -100.78785723, 41.03515106 ], [ -100.77438128, 41.00842731 ], [ -100.75762895, 40.97572522 ], [ -100.75515515, 40.97101543 ], [ -100.74052632, 40.94302312 ], [ -100.72314737, 40.91032103 ], [ -100.72245305, 40.90905885 ], [ -100.70532752, 40.87761893 ], [ -100.68975096, 40.8494428 ], [ -100.68726894, 40.84491685 ], [ -100.66876509, 40.81221474 ], [ -100.65704886, 40.79203553 ], [ -100.64986811, 40.77951264 ], [ -100.63048453, 40.74681055 ], [ -100.62434676, 40.73683857 ], [ -100.61066242, 40.71410845 ], [ -100.59164466, 40.68341144 ], [ -100.59043421, 40.68140637 ], [ -100.5696933, 40.64870426 ], [ -100.55894257, 40.63239033 ], [ -100.54852341, 40.61600218 ], [ -100.5270138, 40.58330007 ], [ -100.52624047, 40.58216973 ], [ -100.5053449, 40.55059799 ], [ -100.49353839, 40.53275916 ], [ -100.48406753, 40.51789589 ], [ -100.46342918, 40.48519378 ], [ -100.46083629, 40.48102818 ], [ -100.44395445, 40.4524917 ], [ -100.42813419, 40.42468621 ], [ -100.42543543, 40.41978959 ], [ -100.40755168, 40.38708751 ], [ -100.3954321, 40.36428729 ], [ -100.39033472, 40.3543854 ], [ -100.37414073, 40.32168332 ], [ -100.36273, 40.29688832 ], [ -100.35923516, 40.28898122 ], [ -100.34623221, 40.25627913 ], [ -100.33574127, 40.22357703 ], [ -100.3300279, 40.20030659 ], [ -100.32782138, 40.19087492 ], [ -100.32356699, 40.15817284 ], [ -100.32407395, 40.12547074 ], [ -100.32444672, 40.09276865 ], [ -100.32170577, 40.06006655 ], [ -100.31479604, 40.02736446 ], [ -100.30489778, 39.99466236 ], [ -100.2973258, 39.97426955 ], [ -100.29298596, 39.96196028 ], [ -100.28127237, 39.92925817 ], [ -100.2717117, 39.89655607 ], [ -100.26728032, 39.86385398 ], [ -100.27210617, 39.83115188 ], [ -100.28111761, 39.7984498 ], [ -100.26462371, 39.77987387 ], [ -100.25338729, 39.76574769 ], [ -100.23192163, 39.75533288 ], [ -100.19921953, 39.7368188 ], [ -100.19347781, 39.73304561 ], [ -100.16651743, 39.70770452 ], [ -100.15936089, 39.7003435 ], [ -100.13381534, 39.66787783 ], [ -100.133621, 39.66764142 ], [ -100.11021058, 39.63493932 ], [ -100.10111324, 39.61999367 ], [ -100.0898804, 39.60223721 ], [ -100.0709306, 39.56953513 ], [ -100.06841114, 39.56472433 ], [ -100.05252332, 39.53683302 ], [ -100.03655748, 39.50413094 ], [ -100.03570904, 39.50190337 ], [ -100.02261776, 39.47142883 ], [ -100.01286709, 39.43872675 ], [ -100.00751131, 39.40602465 ], [ -100.00663085, 39.37332256 ], [ -100.01004453, 39.34062046 ], [ -100.01743274, 39.30791835 ], [ -100.02847486, 39.27521627 ], [ -100.03570904, 39.25813994 ], [ -100.04245105, 39.24251417 ], [ -100.05890282, 39.20981208 ], [ -100.06841114, 39.19288437 ], [ -100.07767855, 39.17710998 ], [ -100.09854222, 39.14440789 ], [ -100.10111324, 39.14050395 ], [ -100.12172832, 39.11170579 ], [ -100.13381534, 39.09533536 ], [ -100.14727397, 39.07900371 ], [ -100.16651743, 39.05572592 ], [ -100.17606181, 39.0463016 ], [ -100.19921953, 39.02506064 ], [ -100.21790299, 39.0135995 ], [ -100.23192163, 39.00536874 ], [ -100.26462371, 38.99444322 ], [ -100.2973258, 38.99053762 ], [ -100.3300279, 38.99226702 ], [ -100.36273, 38.99959037 ], [ -100.3954321, 39.01279472 ], [ -100.39685496, 39.0135995 ], [ -100.42813419, 39.02896309 ], [ -100.45584303, 39.0463016 ], [ -100.46083629, 39.04909714 ], [ -100.49353839, 39.07046862 ], [ -100.50514024, 39.07900371 ], [ -100.52624047, 39.09307462 ], [ -100.55200564, 39.11170579 ], [ -100.55894257, 39.11629553 ], [ -100.59164466, 39.13882039 ], [ -100.59958426, 39.14440789 ], [ -100.62434676, 39.16032561 ], [ -100.65039435, 39.17710998 ], [ -100.65704886, 39.18119877 ], [ -100.68975096, 39.20054437 ], [ -100.70711067, 39.20981208 ], [ -100.72245305, 39.21768145 ], [ -100.75515515, 39.23174988 ], [ -100.78692455, 39.24251417 ], [ -100.78785723, 39.24284462 ], [ -100.82055933, 39.24993257 ], [ -100.85326142, 39.250651 ], [ -100.88596352, 39.24277772 ], [ -100.88666452, 39.24251417 ], [ -100.91866562, 39.23161241 ], [ -100.95136772, 39.21904778 ], [ -100.97468748, 39.20981208 ], [ -100.98406981, 39.20626877 ], [ -101.01677191, 39.1996392 ], [ -101.03428592, 39.20981208 ], [ -101.04947399, 39.21837802 ], [ -101.06666205, 39.24251417 ], [ -101.08217609, 39.26984985 ], [ -101.08381211, 39.27521627 ], [ -101.09100129, 39.30791835 ], [ -101.09515359, 39.34062046 ], [ -101.09454043, 39.37332256 ], [ -101.08382568, 39.40602465 ], [ -101.08217609, 39.409528 ], [ -101.05906072, 39.43872675 ], [ -101.04947399, 39.45006534 ], [ -101.02153773, 39.47142883 ], [ -101.01677191, 39.47509203 ], [ -100.98406981, 39.49217815 ], [ -100.96079808, 39.50413094 ], [ -100.95136772, 39.50875797 ], [ -100.91866562, 39.526234 ], [ -100.90317642, 39.53683302 ], [ -100.88596352, 39.54778203 ], [ -100.85917957, 39.56953513 ], [ -100.85326142, 39.57406958 ], [ -100.82329971, 39.60223721 ], [ -100.82055933, 39.60471396 ], [ -100.79180788, 39.63493932 ], [ -100.78785723, 39.63906967 ], [ -100.76286303, 39.66764142 ], [ -100.75515515, 39.67690298 ], [ -100.73598228, 39.7003435 ], [ -100.72245305, 39.72153023 ], [ -100.71433617, 39.73304561 ], [ -100.70514914, 39.76574769 ], [ -100.71060531, 39.7984498 ], [ -100.72245305, 39.81584308 ], [ -100.73258707, 39.83115188 ], [ -100.75515515, 39.84924763 ], [ -100.7735303, 39.86385398 ], [ -100.78785723, 39.87131668 ], [ -100.82055933, 39.88749139 ], [ -100.83951543, 39.89655607 ], [ -100.85326142, 39.90237222 ], [ -100.88596352, 39.9154735 ], [ -100.91866562, 39.92793113 ], [ -100.92250641, 39.92925817 ], [ -100.95136772, 39.93920324 ], [ -100.98406981, 39.94613589 ], [ -101.01677191, 39.94775792 ], [ -101.04947399, 39.9456228 ], [ -101.08217609, 39.94152904 ], [ -101.11487819, 39.93777148 ], [ -101.14758028, 39.93441167 ], [ -101.18028238, 39.93201215 ], [ -101.21298448, 39.93159424 ], [ -101.24568658, 39.93493211 ], [ -101.27838867, 39.94628431 ], [ -101.29741199, 39.96196028 ], [ -101.31109075, 39.99234312 ], [ -101.31172381, 39.99466236 ], [ -101.31202839, 40.02736446 ], [ -101.31109075, 40.03255033 ], [ -101.30676013, 40.06006655 ], [ -101.29826242, 40.09276865 ], [ -101.28727227, 40.12547074 ], [ -101.30769583, 40.15817284 ], [ -101.31109075, 40.16077623 ], [ -101.34379285, 40.18687831 ], [ -101.3483901, 40.19087492 ], [ -101.37649495, 40.21201096 ], [ -101.39237338, 40.22357703 ], [ -101.40919704, 40.23698713 ], [ -101.43760141, 40.25627913 ], [ -101.44189914, 40.25985273 ], [ -101.47460124, 40.28371324 ], [ -101.48291211, 40.28898122 ], [ -101.50730334, 40.30820849 ], [ -101.52742846, 40.32168332 ], [ -101.54000543, 40.33177927 ], [ -101.57270751, 40.35421971 ], [ -101.57298486, 40.3543854 ], [ -101.60540961, 40.37777329 ], [ -101.62178551, 40.38708751 ], [ -101.63811171, 40.39825291 ], [ -101.6708138, 40.41648012 ], [ -101.67789106, 40.41978959 ], [ -101.7035159, 40.43417778 ], [ -101.736218, 40.4492232 ], [ -101.74477496, 40.4524917 ], [ -101.7689201, 40.46355735 ], [ -101.80162219, 40.47570696 ], [ -101.83365359, 40.48519378 ], [ -101.83432427, 40.48543256 ], [ -101.86702637, 40.49393466 ], [ -101.89972847, 40.49877892 ], [ -101.93243057, 40.50077974 ], [ -101.96513266, 40.50159953 ], [ -101.99783476, 40.49535541 ], [ -102.00854672, 40.48519378 ], [ -102.02606746, 40.4524917 ], [ -102.03053686, 40.44438657 ], [ -102.04698347, 40.41978959 ], [ -102.06323896, 40.39795623 ], [ -102.07892175, 40.38708751 ], [ -102.09594103, 40.37643474 ], [ -102.12864313, 40.37032945 ], [ -102.16134523, 40.37037692 ], [ -102.19404733, 40.37385536 ], [ -102.22674942, 40.38025817 ], [ -102.25132827, 40.38708751 ], [ -102.25945152, 40.38959965 ], [ -102.29215362, 40.40166653 ], [ -102.32485572, 40.41575474 ], [ -102.33324152, 40.41978959 ], [ -102.35755779, 40.43265674 ], [ -102.38917923, 40.4524917 ], [ -102.39025989, 40.4532232 ], [ -102.42296199, 40.47764337 ], [ -102.43124027, 40.48519378 ], [ -102.45566409, 40.51046974 ], [ -102.46166794, 40.51789589 ], [ -102.48516144, 40.55059799 ], [ -102.48836619, 40.55549288 ], [ -102.5038048, 40.58330007 ], [ -102.51984223, 40.61600218 ], [ -102.52106828, 40.61859881 ], [ -102.53323378, 40.64870426 ], [ -102.54553747, 40.68140637 ], [ -102.55377038, 40.70330677 ], [ -102.55727281, 40.71410845 ], [ -102.56819797, 40.74681055 ], [ -102.57966657, 40.77951264 ], [ -102.58647248, 40.79722505 ], [ -102.59146494, 40.81221474 ], [ -102.60354932, 40.84491685 ], [ -102.61717355, 40.87761893 ], [ -102.61917456, 40.88187819 ], [ -102.63116851, 40.91032103 ], [ -102.64701361, 40.94302312 ], [ -102.65187665, 40.95199466 ], [ -102.66401228, 40.97572522 ], [ -102.6832438, 41.00842731 ], [ -102.68457875, 41.01064275 ], [ -102.70340139, 41.04112941 ], [ -102.71728085, 41.06250103 ], [ -102.72520522, 41.07383149 ], [ -102.74998295, 41.10396426 ], [ -102.7520305, 41.1065336 ], [ -102.78268504, 41.12497382 ], [ -102.80155817, 41.1392357 ], [ -102.81538714, 41.14545833 ], [ -102.84808924, 41.16093632 ], [ -102.86994554, 41.17193779 ], [ -102.88079132, 41.1803939 ], [ -102.89437767, 41.20463989 ], [ -102.8979518, 41.23734197 ], [ -102.90681113, 41.27004408 ], [ -102.91349341, 41.28436565 ], [ -102.92346131, 41.30274616 ], [ -102.94392739, 41.33544827 ], [ -102.94619551, 41.33902439 ], [ -102.96615063, 41.36815035 ], [ -102.97889761, 41.38725534 ], [ -102.98860637, 41.40085246 ], [ -103.01059682, 41.43355454 ], [ -103.01159971, 41.4351667 ], [ -103.03201575, 41.46625664 ], [ -103.0443018, 41.486231 ], [ -103.05263413, 41.49895875 ], [ -103.07239072, 41.53166083 ], [ -103.0770039, 41.53992107 ], [ -103.09159355, 41.56436294 ], [ -103.109706, 41.5966615 ], [ -103.10995156, 41.59706502 ], [ -103.12807707, 41.62976712 ], [ -103.14240808, 41.65696979 ], [ -103.14557786, 41.66246921 ], [ -103.16299278, 41.69517131 ], [ -103.17511018, 41.71888355 ], [ -103.18031237, 41.7278734 ], [ -103.1985118, 41.7605755 ], [ -103.20781227, 41.77755206 ], [ -103.21769395, 41.7932776 ], [ -103.23786957, 41.82597969 ], [ -103.24051437, 41.8303908 ], [ -103.25975084, 41.85868179 ], [ -103.27321647, 41.87866288 ], [ -103.2828219, 41.89138388 ], [ -103.30591857, 41.92224959 ], [ -103.3074343, 41.92408598 ], [ -103.33376006, 41.95678806 ], [ -103.33862066, 41.96288306 ], [ -103.36166191, 41.98949017 ], [ -103.37132276, 42.00075782 ], [ -103.39102016, 42.02219225 ], [ -103.40402484, 42.03651573 ], [ -103.42161865, 42.05489436 ], [ -103.43672694, 42.0708714 ], [ -103.45321478, 42.08759646 ], [ -103.46942903, 42.10428405 ], [ -103.48551018, 42.12029854 ], [ -103.50213113, 42.13705978 ], [ -103.51852216, 42.15300065 ], [ -103.53483323, 42.16883051 ], [ -103.55296508, 42.18570273 ], [ -103.56753533, 42.19923244 ], [ -103.58921196, 42.21840484 ], [ -103.60023742, 42.22807526 ], [ -103.6280839, 42.25110692 ], [ -103.63293952, 42.2550652 ], [ -103.6656416, 42.28033993 ], [ -103.67030611, 42.28380902 ], [ -103.6983437, 42.30541084 ], [ -103.70652007, 42.31651111 ], [ -103.70652237, 42.34921321 ] ], [ [ -100.77659883, 39.47142883 ], [ -100.76852634, 39.50413094 ], [ -100.75515515, 39.53450554 ], [ -100.75425701, 39.53683302 ], [ -100.73597869, 39.56953513 ], [ -100.72245305, 39.58982751 ], [ -100.71455922, 39.60223721 ], [ -100.69052081, 39.63493932 ], [ -100.68975096, 39.63588023 ], [ -100.66291211, 39.66764142 ], [ -100.65704886, 39.67413861 ], [ -100.63079278, 39.7003435 ], [ -100.62434676, 39.70666102 ], [ -100.59164466, 39.73283073 ], [ -100.59130517, 39.73304561 ], [ -100.55894257, 39.75590923 ], [ -100.53790198, 39.76574769 ], [ -100.52624047, 39.77253745 ], [ -100.49353839, 39.78181078 ], [ -100.46083629, 39.78215655 ], [ -100.42813419, 39.77745177 ], [ -100.3954321, 39.76873616 ], [ -100.38867051, 39.76574769 ], [ -100.36273, 39.75810355 ], [ -100.3300279, 39.74643117 ], [ -100.2973258, 39.73323414 ], [ -100.29690127, 39.73304561 ], [ -100.26462371, 39.71657637 ], [ -100.240962, 39.7003435 ], [ -100.23192163, 39.69080563 ], [ -100.21257303, 39.66764142 ], [ -100.19921953, 39.64694874 ], [ -100.19140728, 39.63493932 ], [ -100.17256036, 39.60223721 ], [ -100.16651743, 39.58999048 ], [ -100.15626942, 39.56953513 ], [ -100.14320328, 39.53683302 ], [ -100.13458615, 39.50413094 ], [ -100.13381534, 39.49749221 ], [ -100.13065946, 39.47142883 ], [ -100.13099043, 39.43872675 ], [ -100.13381534, 39.417808 ], [ -100.13561449, 39.40602465 ], [ -100.14463071, 39.37332256 ], [ -100.15767052, 39.34062046 ], [ -100.16651743, 39.32306267 ], [ -100.17516631, 39.30791835 ], [ -100.19726208, 39.27521627 ], [ -100.19921953, 39.27263657 ], [ -100.22634304, 39.24251417 ], [ -100.23192163, 39.23689027 ], [ -100.26462371, 39.21082357 ], [ -100.26646304, 39.20981208 ], [ -100.2973258, 39.19401707 ], [ -100.3300279, 39.18608533 ], [ -100.36273, 39.18544349 ], [ -100.3954321, 39.19099518 ], [ -100.42813419, 39.20170993 ], [ -100.44724146, 39.20981208 ], [ -100.46083629, 39.21543101 ], [ -100.49353839, 39.23078562 ], [ -100.51633532, 39.24251417 ], [ -100.52624047, 39.24762806 ], [ -100.55894257, 39.26600184 ], [ -100.57448946, 39.27521627 ], [ -100.59164466, 39.28563621 ], [ -100.62434676, 39.30583832 ], [ -100.62770203, 39.30791835 ], [ -100.65704886, 39.32754635 ], [ -100.67680404, 39.34062046 ], [ -100.68975096, 39.35018617 ], [ -100.72121974, 39.37332256 ], [ -100.72245305, 39.37442961 ], [ -100.75515515, 39.40493755 ], [ -100.75628531, 39.40602465 ], [ -100.77462368, 39.43872675 ], [ -100.77659883, 39.47142883 ] ], [ [ -102.81555855, 41.33544827 ], [ -102.81538714, 41.34084392 ], [ -102.81333333, 41.36815035 ], [ -102.80768733, 41.40085246 ], [ -102.80121948, 41.43355454 ], [ -102.79480431, 41.46625664 ], [ -102.78849156, 41.49895875 ], [ -102.78268504, 41.5267136 ], [ -102.78149802, 41.53166083 ], [ -102.77497318, 41.56436294 ], [ -102.76767182, 41.59706502 ], [ -102.75997214, 41.62976712 ], [ -102.75164073, 41.66246921 ], [ -102.74998295, 41.66847654 ], [ -102.74152376, 41.69517131 ], [ -102.73046138, 41.7278734 ], [ -102.71857881, 41.7605755 ], [ -102.71728085, 41.76400892 ], [ -102.70497867, 41.7932776 ], [ -102.69042525, 41.82597969 ], [ -102.68457875, 41.83858294 ], [ -102.67410226, 41.85868179 ], [ -102.65614477, 41.89138388 ], [ -102.65187665, 41.89877972 ], [ -102.63349387, 41.92408598 ], [ -102.61917456, 41.94289842 ], [ -102.60589315, 41.95678806 ], [ -102.58647248, 41.97633024 ], [ -102.57012424, 41.98949017 ], [ -102.55377038, 42.00225367 ], [ -102.52106828, 42.01994221 ], [ -102.51588879, 42.02219225 ], [ -102.48836619, 42.03450603 ], [ -102.45566409, 42.04208319 ], [ -102.42296199, 42.04487942 ], [ -102.39025989, 42.04380813 ], [ -102.35755779, 42.03900886 ], [ -102.32485572, 42.03096638 ], [ -102.29824086, 42.02219225 ], [ -102.29215362, 42.02016268 ], [ -102.25945152, 42.0062964 ], [ -102.22674942, 41.99169514 ], [ -102.22299828, 41.98949017 ], [ -102.19404733, 41.97144477 ], [ -102.17092282, 41.95678806 ], [ -102.16134523, 41.95068374 ], [ -102.12864313, 41.92793556 ], [ -102.12357367, 41.92408598 ], [ -102.09594103, 41.90310268 ], [ -102.08132967, 41.89138388 ], [ -102.06323896, 41.87679522 ], [ -102.04205122, 41.85868179 ], [ -102.03053686, 41.84878521 ], [ -102.00527119, 41.82597969 ], [ -101.99783476, 41.81930325 ], [ -101.97033181, 41.7932776 ], [ -101.96513266, 41.78835771 ], [ -101.93689407, 41.7605755 ], [ -101.93243057, 41.75616053 ], [ -101.90489035, 41.7278734 ], [ -101.89972847, 41.72260049 ], [ -101.87395887, 41.69517131 ], [ -101.86702637, 41.68779148 ], [ -101.84405205, 41.66246921 ], [ -101.83432427, 41.65180558 ], [ -101.81497517, 41.62976712 ], [ -101.80162219, 41.61463865 ], [ -101.78660499, 41.59706502 ], [ -101.7689201, 41.5764785 ], [ -101.75892104, 41.56436294 ], [ -101.736218, 41.53714398 ], [ -101.73179895, 41.53166083 ], [ -101.70538505, 41.49895875 ], [ -101.7035159, 41.49664008 ], [ -101.67985671, 41.46625664 ], [ -101.6708138, 41.45476989 ], [ -101.6547279, 41.43355454 ], [ -101.63811171, 41.41163984 ], [ -101.630224, 41.40085246 ], [ -101.60723776, 41.36815035 ], [ -101.60540961, 41.36567025 ], [ -101.58321624, 41.33544827 ], [ -101.57270751, 41.32057112 ], [ -101.56068892, 41.30274616 ], [ -101.54000543, 41.2720702 ], [ -101.53869871, 41.27004408 ], [ -101.51795396, 41.23734197 ], [ -101.50730334, 41.22070437 ], [ -101.4974312, 41.20463989 ], [ -101.47673633, 41.17193779 ], [ -101.47460124, 41.16861348 ], [ -101.45643251, 41.1392357 ], [ -101.44189914, 41.11681341 ], [ -101.43545096, 41.1065336 ], [ -101.4142732, 41.07383149 ], [ -101.40919704, 41.06626036 ], [ -101.39290425, 41.04112941 ], [ -101.37649495, 41.01730063 ], [ -101.3706002, 41.00842731 ], [ -101.34773947, 40.97572522 ], [ -101.34379285, 40.97038919 ], [ -101.32421697, 40.94302312 ], [ -101.31109075, 40.92597844 ], [ -101.29949857, 40.91032103 ], [ -101.27838867, 40.88427449 ], [ -101.2731772, 40.87761893 ], [ -101.24568658, 40.84702464 ], [ -101.24390763, 40.84491685 ], [ -101.21471612, 40.81221474 ], [ -101.21298448, 40.81051327 ], [ -101.18302312, 40.77951264 ], [ -101.18028238, 40.77693606 ], [ -101.1498706, 40.74681055 ], [ -101.14758028, 40.74473803 ], [ -101.11641677, 40.71410845 ], [ -101.11487819, 40.71275279 ], [ -101.08217609, 40.68304753 ], [ -101.08050133, 40.68140637 ], [ -101.04947399, 40.65319229 ], [ -101.0447784, 40.64870426 ], [ -101.01677191, 40.62373514 ], [ -101.00853878, 40.61600218 ], [ -100.98406981, 40.5945116 ], [ -100.97197555, 40.58330007 ], [ -100.95136772, 40.56532764 ], [ -100.93535407, 40.55059799 ], [ -100.91866562, 40.53607806 ], [ -100.89887594, 40.51789589 ], [ -100.88596352, 40.50662243 ], [ -100.8627863, 40.48519378 ], [ -100.85326142, 40.47673607 ], [ -100.82735196, 40.4524917 ], [ -100.82055933, 40.44634811 ], [ -100.79262133, 40.41978959 ], [ -100.78785723, 40.41537993 ], [ -100.75884604, 40.38708751 ], [ -100.75515515, 40.38354857 ], [ -100.72634242, 40.3543854 ], [ -100.72245305, 40.35044262 ], [ -100.6957717, 40.32168332 ], [ -100.68975096, 40.31503115 ], [ -100.66784875, 40.28898122 ], [ -100.65704886, 40.27502223 ], [ -100.64354249, 40.25627913 ], [ -100.62434676, 40.22830868 ], [ -100.62126929, 40.22357703 ], [ -100.60216481, 40.19087492 ], [ -100.59164466, 40.16800154 ], [ -100.58744139, 40.15817284 ], [ -100.57937196, 40.12547074 ], [ -100.58109958, 40.09276865 ], [ -100.58802318, 40.06006655 ], [ -100.59164466, 40.05199568 ], [ -100.60548861, 40.02736446 ], [ -100.62434676, 40.0074601 ], [ -100.64056864, 39.99466236 ], [ -100.65704886, 39.9844594 ], [ -100.68975096, 39.96898935 ], [ -100.70960411, 39.96196028 ], [ -100.72245305, 39.95858216 ], [ -100.75515515, 39.95476378 ], [ -100.78785723, 39.9554669 ], [ -100.82055933, 39.9589967 ], [ -100.83556863, 39.96196028 ], [ -100.85326142, 39.96643093 ], [ -100.88596352, 39.97700727 ], [ -100.91866562, 39.98719156 ], [ -100.9403565, 39.99466236 ], [ -100.95136772, 39.9991606 ], [ -100.98406981, 40.01069613 ], [ -101.01677191, 40.01610397 ], [ -101.04947399, 40.01600976 ], [ -101.08217609, 40.01266501 ], [ -101.11487819, 40.01272674 ], [ -101.14758028, 40.01804322 ], [ -101.17146861, 40.02736446 ], [ -101.18028238, 40.03427348 ], [ -101.19816279, 40.06006655 ], [ -101.20092622, 40.09276865 ], [ -101.19347693, 40.12547074 ], [ -101.21298448, 40.1454654 ], [ -101.22399616, 40.15817284 ], [ -101.24568658, 40.17528059 ], [ -101.26785697, 40.19087492 ], [ -101.27838867, 40.20142214 ], [ -101.30565303, 40.22357703 ], [ -101.31109075, 40.23014577 ], [ -101.33732471, 40.25627913 ], [ -101.34379285, 40.26487184 ], [ -101.36500655, 40.28898122 ], [ -101.37649495, 40.30445474 ], [ -101.3909901, 40.32168332 ], [ -101.40919704, 40.34642759 ], [ -101.41572211, 40.3543854 ], [ -101.43986928, 40.38708751 ], [ -101.44189914, 40.39016032 ], [ -101.46333052, 40.41978959 ], [ -101.47460124, 40.43565401 ], [ -101.4878182, 40.4524917 ], [ -101.50730334, 40.47781526 ], [ -101.51363694, 40.48519378 ], [ -101.54000543, 40.51670874 ], [ -101.54112493, 40.51789589 ], [ -101.57041219, 40.55059799 ], [ -101.57270751, 40.55323688 ], [ -101.60255757, 40.58330007 ], [ -101.60540961, 40.58626382 ], [ -101.63811171, 40.61517463 ], [ -101.63915518, 40.61600218 ], [ -101.6708138, 40.64316092 ], [ -101.67858398, 40.64870426 ], [ -101.7035159, 40.66785279 ], [ -101.72448453, 40.68140637 ], [ -101.736218, 40.68959992 ], [ -101.7689201, 40.70952378 ], [ -101.77741429, 40.71410845 ], [ -101.80162219, 40.7284664 ], [ -101.83432427, 40.74489334 ], [ -101.83843237, 40.74681055 ], [ -101.86702637, 40.76165432 ], [ -101.89972847, 40.77630634 ], [ -101.90732596, 40.77951264 ], [ -101.93243057, 40.79128443 ], [ -101.96513266, 40.8051274 ], [ -101.98295833, 40.81221474 ], [ -101.99783476, 40.81878228 ], [ -102.03053686, 40.83262809 ], [ -102.06115937, 40.84491685 ], [ -102.06323896, 40.84581638 ], [ -102.09594103, 40.85923048 ], [ -102.12864313, 40.87181307 ], [ -102.14434779, 40.87761893 ], [ -102.16134523, 40.88443569 ], [ -102.19404733, 40.89689151 ], [ -102.22674942, 40.90749948 ], [ -102.23596265, 40.91032103 ], [ -102.25945152, 40.9181085 ], [ -102.29215362, 40.93052186 ], [ -102.31904791, 40.94302312 ], [ -102.32485572, 40.94573651 ], [ -102.35755779, 40.96247975 ], [ -102.38261178, 40.97572522 ], [ -102.39025989, 40.97986117 ], [ -102.42296199, 41.00037115 ], [ -102.43445619, 41.00842731 ], [ -102.45566409, 41.02326981 ], [ -102.48121015, 41.04112941 ], [ -102.48836619, 41.04637424 ], [ -102.52106828, 41.07031276 ], [ -102.52569728, 41.07383149 ], [ -102.55377038, 41.09519627 ], [ -102.56978225, 41.1065336 ], [ -102.58647248, 41.11843544 ], [ -102.61917456, 41.13886276 ], [ -102.61975816, 41.1392357 ], [ -102.65187665, 41.15927575 ], [ -102.67666026, 41.17193779 ], [ -102.68457875, 41.17623792 ], [ -102.71728085, 41.1917996 ], [ -102.74405328, 41.20463989 ], [ -102.74998295, 41.21165737 ], [ -102.77416053, 41.23734197 ], [ -102.78268504, 41.24944877 ], [ -102.79402181, 41.27004408 ], [ -102.80615724, 41.30274616 ], [ -102.81538714, 41.33469439 ], [ -102.81555855, 41.33544827 ] ] ] } },
{ "type": "Feature", "properties": { "Lower": 2800.0 }, "geometry": { "type": "Polygon", "coordinates": [ [ [ -97.62458465, 38.16334503 ], [ -97.62132062, 38.19604714 ], [ -97.615754, 38.20212433 ], [ -97.58305192, 38.22765454 ], [ -97.58085717, 38.22874922 ], [ -97.55034982, 38.23597488 ], [ -97.51764773, 38.23553591 ], [ -97.48494563, 38.22961835 ], [ -97.48237746, 38.22874922 ], [ -97.45236957, 38.19604714 ], [ -97.47275906, 38.16334503 ], [ -97.48494563, 38.15810927 ], [ -97.51764773, 38.15508267 ], [ -97.55034982, 38.14523472 ], [ -97.58305192, 38.14351611 ], [ -97.615754, 38.15616238 ], [ -97.62458465, 38.16334503 ] ] ] } },
{ "type": "Feature", "properties": { "Lower": 2800.0 }, "geometry": { "type": "Polygon", "coordinates": [ [ [ -95.47215872, 39.66764142 ], [ -95.46911096, 39.7003435 ], [ -95.46243721, 39.73304561 ], [ -95.45741574, 39.7487615 ], [ -95.45079852, 39.76574769 ], [ -95.43556053, 39.7984498 ], [ -95.42471364, 39.81924279 ], [ -95.41765413, 39.83115188 ], [ -95.3971481, 39.86385398 ], [ -95.39201154, 39.87165029 ], [ -95.37401022, 39.89655607 ], [ -95.35930944, 39.91672924 ], [ -95.34945789, 39.92925817 ], [ -95.32660735, 39.95847679 ], [ -95.32370312, 39.96196028 ], [ -95.29648447, 39.99466236 ], [ -95.29390525, 39.9977626 ], [ -95.26815655, 40.02736446 ], [ -95.26120315, 40.03545921 ], [ -95.2393054, 40.06006655 ], [ -95.22850105, 40.06824282 ], [ -95.2203248, 40.06006655 ], [ -95.19579897, 40.03554421 ], [ -95.18761922, 40.02736446 ], [ -95.16309688, 40.00284474 ], [ -95.15491449, 39.99466236 ], [ -95.13039478, 39.97014453 ], [ -95.12221052, 39.96196028 ], [ -95.09769268, 39.9374437 ], [ -95.08950715, 39.92925817 ], [ -95.06499058, 39.90474238 ], [ -95.05680429, 39.89655607 ], [ -95.03228849, 39.87204069 ], [ -95.02410179, 39.86385398 ], [ -94.99958639, 39.8393387 ], [ -94.99139959, 39.83115188 ], [ -94.99139967, 39.7984498 ], [ -94.96688429, 39.773934 ], [ -94.958698, 39.76574769 ], [ -94.95869866, 39.73304561 ], [ -94.93418221, 39.70852758 ], [ -94.92599815, 39.7003435 ], [ -94.92599989, 39.66764142 ], [ -94.90148012, 39.64311853 ], [ -94.89330089, 39.63493932 ], [ -94.89330405, 39.60223721 ], [ -94.90148012, 39.59774324 ], [ -94.93418221, 39.59035649 ], [ -94.96688429, 39.58233628 ], [ -94.99958639, 39.57355487 ], [ -95.01333668, 39.56953513 ], [ -95.03228849, 39.56506867 ], [ -95.06499058, 39.5568781 ], [ -95.09769268, 39.5479689 ], [ -95.13039478, 39.53831556 ], [ -95.13506499, 39.53683302 ], [ -95.16309688, 39.53005458 ], [ -95.19579897, 39.52195211 ], [ -95.22850105, 39.51383796 ], [ -95.26120315, 39.50614094 ], [ -95.27790521, 39.50413094 ], [ -95.29390525, 39.50278792 ], [ -95.32660735, 39.50286244 ], [ -95.33445827, 39.50413094 ], [ -95.35930944, 39.50972343 ], [ -95.39201154, 39.52522251 ], [ -95.41120815, 39.53683302 ], [ -95.42471364, 39.54786309 ], [ -95.44902191, 39.56953513 ], [ -95.45741574, 39.58469952 ], [ -95.466204, 39.60223721 ], [ -95.47176211, 39.63493932 ], [ -95.47215872, 39.66764142 ] ] ] } },
{ "type": "Feature", "properties": { "Lower": 2800.0 }, "geometry": { "type": "Polygon", "coordinates": [ [ [ -100.17372798, 33.87937058 ], [ -100.17137028, 33.91207266 ], [ -100.16651743, 33.93845786 ], [ -100.16533179, 33.94477477 ], [ -100.15464486, 33.97747685 ], [ -100.13995377, 34.01017896 ], [ -100.13381534, 34.02088097 ], [ -100.12096547, 34.04288104 ], [ -100.10111324, 34.07110513 ], [ -100.09789963, 34.07558314 ], [ -100.07023993, 34.10828523 ], [ -100.06841114, 34.11012793 ], [ -100.03692901, 34.14098733 ], [ -100.03570904, 34.14200373 ], [ -100.00300695, 34.16797455 ], [ -99.9953503, 34.17368942 ], [ -99.97030487, 34.18981879 ], [ -99.94158739, 34.20639152 ], [ -99.93760277, 34.20831032 ], [ -99.90490067, 34.22036955 ], [ -99.87219858, 34.22831217 ], [ -99.83949648, 34.23478162 ], [ -99.811266, 34.23909363 ], [ -99.80679438, 34.2397451 ], [ -99.77409228, 34.24202923 ], [ -99.74139018, 34.23980695 ], [ -99.73893775, 34.23909363 ], [ -99.70868809, 34.22790662 ], [ -99.68039254, 34.20639152 ], [ -99.67598601, 34.20256365 ], [ -99.64829517, 34.17368942 ], [ -99.64328391, 34.16941172 ], [ -99.61129617, 34.14098733 ], [ -99.61058181, 34.14021071 ], [ -99.59855501, 34.10828523 ], [ -99.59887958, 34.07558314 ], [ -99.60328131, 34.04288104 ], [ -99.60972918, 34.01017896 ], [ -99.61058181, 34.00682975 ], [ -99.61936362, 33.97747685 ], [ -99.63036482, 33.94477477 ], [ -99.642451, 33.91207266 ], [ -99.64328391, 33.91006452 ], [ -99.65907449, 33.87937058 ], [ -99.67598601, 33.84809257 ], [ -99.6769298, 33.84666848 ], [ -99.69765567, 33.81396637 ], [ -99.70868809, 33.79420309 ], [ -99.71635996, 33.78126429 ], [ -99.73512296, 33.74856218 ], [ -99.74139018, 33.73729521 ], [ -99.75880751, 33.7158601 ], [ -99.77409228, 33.69477794 ], [ -99.78556834, 33.683158 ], [ -99.80679438, 33.65871546 ], [ -99.81707879, 33.65045591 ], [ -99.83949648, 33.6301353 ], [ -99.85951792, 33.61775381 ], [ -99.87219858, 33.60869342 ], [ -99.90490067, 33.59427257 ], [ -99.93760277, 33.58676888 ], [ -99.97030487, 33.58591084 ], [ -100.00300695, 33.59149622 ], [ -100.03570904, 33.60463576 ], [ -100.055466, 33.61775381 ], [ -100.06841114, 33.62736447 ], [ -100.09157237, 33.65045591 ], [ -100.10111324, 33.66135494 ], [ -100.11681198, 33.683158 ], [ -100.13381534, 33.71149639 ], [ -100.13608715, 33.7158601 ], [ -100.15049853, 33.74856218 ], [ -100.16140135, 33.78126429 ], [ -100.16651743, 33.80305981 ], [ -100.16884639, 33.81396637 ], [ -100.17287366, 33.84666848 ], [ -100.17372798, 33.87937058 ] ] ] } },
{ "type": "Feature", "properties": { "Lower": 2800.0 }, "geometry": { "type": "Polygon", "coordinates": [ [ [ -100.77659883, 39.47142883 ], [ -100.76852634, 39.50413094 ], [ -100.75515515, 39.53450554 ], [ -100.75425701, 39.53683302 ], [ -100.73597869, 39.56953513 ], [ -100.72245305, 39.58982751 ], [ -100.71455922, 39.60223721 ], [ -100.69052081, 39.63493932 ], [ -100.68975096, 39.63588023 ], [ -100.66291211, 39.66764142 ], [ -100.65704886, 39.67413861 ], [ -100.63079278, 39.7003435 ], [ -100.62434676, 39.70666102 ], [ -100.59164466, 39.73283073 ], [ -100.59130517, 39.73304561 ], [ -100.55894257, 39.75590923 ], [ -100.53790198, 39.76574769 ], [ -100.52624047, 39.77253745 ], [ -100.49353839, 39.78181078 ], [ -100.46083629, 39.78215655 ], [ -100.42813419, 39.77745177 ], [ -100.3954321, 39.76873616 ], [ -100.38867051, 39.76574769 ], [ -100.36273, 39.75810355 ], [ -100.3300279, 39.74643117 ], [ -100.2973258, 39.73323414 ], [ -100.29690127, 39.73304561 ], [ -100.26462371, 39.71657637 ], [ -100.240962, 39.7003435 ], [ -100.23192163, 39.69080563 ], [ -100.21257303, 39.66764142 ], [ -100.19921953, 39.64694874 ], [ -100.19140728, 39.63493932 ], [ -100.17256036, 39.60223721 ], [ -100.16651743, 39.58999048 ], [ -100.15626942, 39.56953513 ], [ -100.14320328, 39.53683302 ], [ -100.13458615, 39.50413094 ], [ -100.13381534, 39.49749221 ], [ -100.13065946, 39.47142883 ], [ -100.13099043, 39.43872675 ], [ -100.13381534, 39.417808 ], [ -100.13561449, 39.40602465 ], [ -100.14463071, 39.37332256 ], [ -100.15767052, 39.34062046 ], [ -100.16651743, 39.32306267 ], [ -100.17516631, 39.30791835 ], [ -100.19726208, 39.27521627 ], [ -100.19921953, 39.27263657 ], [ -100.22634304, 39.24251417 ], [ -100.23192163, 39.23689027 ], [ -100.26462371, 39.21082357 ], [ -100.26646304, 39.20981208 ], [ -100.2973258, 39.19401707 ], [ -100.3300279, 39.18608533 ], [ -100.36273, 39.18544349 ], [ -100.3954321, 39.19099518 ], [ -100.42813419, 39.20170993 ], [ -100.44724146, 39.20981208 ], [ -100.46083629, 39.21543101 ], [ -100.49353839, 39.23078562 ], [ -100.51633532, 39.24251417 ], [ -100.52624047, 39.24762806 ], [ -100.55894257, 39.26600184 ], [ -100.57448946, 39.27521627 ], [ -100.59164466, 39.28563621 ], [ -100.62434676, 39.30583832 ], [ -100.62770203, 39.30791835 ], [ -100.65704886, 39.32754635 ], [ -100.67680404, 39.34062046 ], [ -100.68975096, 39.35018617 ], [ -100.72121974, 39.37332256 ], [ -100.72245305, 39.37442961 ], [ -100.75515515, 39.40493755 ], [ -100.75628531, 39.40602465 ], [ -100.77462368, 39.43872675 ], [ -100.77659883, 39.47142883 ] ], [ [ -100.60345365, 39.53683302 ], [ -100.59902336, 39.56953513 ], [ -100.59164466, 39.58496156 ], [ -100.58269519, 39.60223721 ], [ -100.55894257, 39.6313628 ], [ -100.55571129, 39.63493932 ], [ -100.52624047, 39.65738503 ], [ -100.51053562, 39.66764142 ], [ -100.49353839, 39.67522613 ], [ -100.46083629, 39.68569923 ], [ -100.42813419, 39.69263396 ], [ -100.3954321, 39.69565507 ], [ -100.36273, 39.69176289 ], [ -100.3300279, 39.6806834 ], [ -100.30830192, 39.66764142 ], [ -100.2973258, 39.65595921 ], [ -100.28152792, 39.63493932 ], [ -100.26462371, 39.60623181 ], [ -100.26259113, 39.60223721 ], [ -100.25385911, 39.56953513 ], [ -100.25265096, 39.53683302 ], [ -100.25683953, 39.50413094 ], [ -100.26462371, 39.47624075 ], [ -100.26650984, 39.47142883 ], [ -100.28478433, 39.43872675 ], [ -100.2973258, 39.42162469 ], [ -100.31496294, 39.40602465 ], [ -100.3300279, 39.3946986 ], [ -100.36273, 39.38136855 ], [ -100.3954321, 39.37688463 ], [ -100.42813419, 39.38066466 ], [ -100.46083629, 39.392885 ], [ -100.48656382, 39.40602465 ], [ -100.49353839, 39.41004443 ], [ -100.52624047, 39.43215831 ], [ -100.53493186, 39.43872675 ], [ -100.55894257, 39.45986571 ], [ -100.57055359, 39.47142883 ], [ -100.59164466, 39.49956959 ], [ -100.59442445, 39.50413094 ], [ -100.60345365, 39.53683302 ] ] ] } },
{ "type": "Feature", "properties": { "Lower": 2800.0 }, "geometry": { "type": "Polygon", "coordinates": [ [ [ -104.38602734, 40.25627913 ], [ -104.38508771, 40.27836976 ], [ -104.38448673, 40.28898122 ], [ -104.37822425, 40.32168332 ], [ -104.36522505, 40.3543854 ], [ -104.35238561, 40.37377682 ], [ -104.33911387, 40.38708751 ], [ -104.31968351, 40.4010841 ], [ -104.28698141, 40.41574167 ], [ -104.27512622, 40.41978959 ], [ -104.25427932, 40.42586969 ], [ -104.22157722, 40.42933925 ], [ -104.18887514, 40.42882424 ], [ -104.15617304, 40.42570477 ], [ -104.12347095, 40.42067015 ], [ -104.11923304, 40.41978959 ], [ -104.09076885, 40.41323912 ], [ -104.05806675, 40.40349342 ], [ -104.02536465, 40.39070978 ], [ -104.01690309, 40.38708751 ], [ -103.99266256, 40.3760147 ], [ -103.95996046, 40.36100475 ], [ -103.94644544, 40.3543854 ], [ -103.92725838, 40.34324475 ], [ -103.89455628, 40.32263999 ], [ -103.89307348, 40.32168332 ], [ -103.86185419, 40.29877182 ], [ -103.8477923, 40.28898122 ], [ -103.82915209, 40.27449347 ], [ -103.8037775, 40.25627913 ], [ -103.79644999, 40.25048906 ], [ -103.76374789, 40.22675837 ], [ -103.75902302, 40.22357703 ], [ -103.73104579, 40.20338026 ], [ -103.71195557, 40.19087492 ], [ -103.6983437, 40.18142735 ], [ -103.6656416, 40.16062503 ], [ -103.66163734, 40.15817284 ], [ -103.63293952, 40.13984049 ], [ -103.6090336, 40.12547074 ], [ -103.60023742, 40.11999146 ], [ -103.56753533, 40.09976546 ], [ -103.55631703, 40.09276865 ], [ -103.53483323, 40.07894157 ], [ -103.50586599, 40.06006655 ], [ -103.50213113, 40.05756636 ], [ -103.46942903, 40.03425976 ], [ -103.46033656, 40.02736446 ], [ -103.43672694, 40.00884121 ], [ -103.41996223, 39.99466236 ], [ -103.40402484, 39.98077674 ], [ -103.38445837, 39.96196028 ], [ -103.37132276, 39.94889949 ], [ -103.35363492, 39.92925817 ], [ -103.33862066, 39.9119978 ], [ -103.32668087, 39.89655607 ], [ -103.30591857, 39.86846996 ], [ -103.30290886, 39.86385398 ], [ -103.28263303, 39.83115188 ], [ -103.27321647, 39.81529853 ], [ -103.26428105, 39.7984498 ], [ -103.24787677, 39.76574769 ], [ -103.24051437, 39.75019525 ], [ -103.2333263, 39.73304561 ], [ -103.22058209, 39.7003435 ], [ -103.20907339, 39.66764142 ], [ -103.20781227, 39.66372475 ], [ -103.19985429, 39.63493932 ], [ -103.19218532, 39.60223721 ], [ -103.18604636, 39.56953513 ], [ -103.18155814, 39.53683302 ], [ -103.17872409, 39.50413094 ], [ -103.17719974, 39.47142883 ], [ -103.17634449, 39.43872675 ], [ -103.17729357, 39.40602465 ], [ -103.18269031, 39.37332256 ], [ -103.19925, 39.34062046 ], [ -103.20781227, 39.33079048 ], [ -103.22691728, 39.30791835 ], [ -103.24051437, 39.29274028 ], [ -103.25657724, 39.27521627 ], [ -103.27321647, 39.25727041 ], [ -103.28816193, 39.24251417 ], [ -103.30591857, 39.22407744 ], [ -103.32269184, 39.20981208 ], [ -103.33862066, 39.193487 ], [ -103.36210246, 39.17710998 ], [ -103.37132276, 39.16829547 ], [ -103.40402484, 39.15339067 ], [ -103.43672694, 39.15436536 ], [ -103.46703872, 39.17710998 ], [ -103.46942903, 39.17950912 ], [ -103.48981788, 39.20981208 ], [ -103.50213113, 39.22906608 ], [ -103.50932758, 39.24251417 ], [ -103.52789525, 39.27521627 ], [ -103.53483323, 39.28634653 ], [ -103.54656491, 39.30791835 ], [ -103.56658105, 39.34062046 ], [ -103.56753533, 39.3420338 ], [ -103.58645185, 39.37332256 ], [ -103.60023742, 39.39618661 ], [ -103.60573768, 39.40602465 ], [ -103.62228851, 39.43872675 ], [ -103.63293952, 39.46039545 ], [ -103.63797519, 39.47142883 ], [ -103.65209326, 39.50413094 ], [ -103.6656416, 39.53462157 ], [ -103.66656321, 39.53683302 ], [ -103.67935507, 39.56953513 ], [ -103.69294067, 39.60223721 ], [ -103.6983437, 39.61528249 ], [ -103.70611803, 39.63493932 ], [ -103.71939553, 39.66764142 ], [ -103.73104579, 39.69385414 ], [ -103.73383558, 39.7003435 ], [ -103.74803916, 39.73304561 ], [ -103.76374789, 39.76360695 ], [ -103.7648406, 39.76574769 ], [ -103.78207103, 39.7984498 ], [ -103.79644999, 39.821401 ], [ -103.80275117, 39.83115188 ], [ -103.82683815, 39.86385398 ], [ -103.82915209, 39.86675119 ], [ -103.85526815, 39.89655607 ], [ -103.86185419, 39.90323928 ], [ -103.89144439, 39.92925817 ], [ -103.89455628, 39.93177737 ], [ -103.92725838, 39.95501841 ], [ -103.93917031, 39.96196028 ], [ -103.95996046, 39.97375758 ], [ -103.99266256, 39.98862475 ], [ -104.00882519, 39.99466236 ], [ -104.02536465, 40.00098787 ], [ -104.05806675, 40.01151057 ], [ -104.09076885, 40.01972392 ], [ -104.12347095, 40.02634573 ], [ -104.12866241, 40.02736446 ], [ -104.15617304, 40.03345199 ], [ -104.18887514, 40.04043285 ], [ -104.22157722, 40.04811258 ], [ -104.25427932, 40.05898363 ], [ -104.25606209, 40.06006655 ], [ -104.28698141, 40.08043299 ], [ -104.31617514, 40.09276865 ], [ -104.31968351, 40.09455479 ], [ -104.35238561, 40.12476101 ], [ -104.35276122, 40.12547074 ], [ -104.37150301, 40.15817284 ], [ -104.37996265, 40.19087492 ], [ -104.38449842, 40.22357703 ], [ -104.38508771, 40.23619773 ], [ -104.38602734, 40.25627913 ] ] ] } },
{ "type": "Feature", "properties": { "Lower": 2800.0 }, "geometry": { "type": "Polygon", "coordinates": [ [ [ -102.81555855, 41.33544827 ], [ -102.81538714, 41.34084392 ], [ -102.81333333, 41.36815035 ], [ -102.80768733, 41.40085246 ], [ -102.80121948, 41.43355454 ], [ -102.79480431, 41.46625664 ], [ -102.78849156, 41.49895875 ], [ -102.78268504, 41.5267136 ], [ -102.78149802, 41.53166083 ], [ -102.77497318, 41.56436294 ], [ -102.76767182, 41.59706502 ], [ -102.75997214, 41.62976712 ], [ -102.75164073, 41.66246921 ], [ -102.74998295, 41.66847654 ], [ -102.74152376, 41.69517131 ], [ -102.73046138, 41.7278734 ], [ -102.71857881, 41.7605755 ], [ -102.71728085, 41.76400892 ], [ -102.70497867, 41.7932776 ], [ -102.69042525, 41.82597969 ], [ -102.68457875, 41.83858294 ], [ -102.67410226, 41.85868179 ], [ -102.65614477, 41.89138388 ], [ -102.65187665, 41.89877972 ], [ -102.63349387, 41.92408598 ], [ -102.61917456, 41.94289842 ], [ -102.60589315, 41.95678806 ], [ -102.58647248, 41.97633024 ], [ -102.57012424, 41.98949017 ], [ -102.55377038, 42.00225367 ], [ -102.52106828, 42.01994221 ], [ -102.51588879, 42.02219225 ], [ -102.48836619, 42.03450603 ], [ -102.45566409, 42.04208319 ], [ -102.42296199, 42.04487942 ], [ -102.39025989, 42.04380813 ], [ -102.35755779, 42.03900886 ], [ -102.32485572, 42.03096638 ], [ -102.29824086, 42.02219225 ], [ -102.29215362, 42.02016268 ], [ -102.25945152, 42.0062964 ], [ -102.22674942, 41.99169514 ], [ -102.22299828, 41.98949017 ], [ -102.19404733, 41.97144477 ], [ -102.17092282, 41.95678806 ], [ -102.16134523, 41.95068374 ], [ -102.12864313, 41.92793556 ], [ -102.12357367, 41.92408598 ], [ -102.09594103, 41.90310268 ], [ -102.08132967, 41.89138388 ], [ -102.06323896, 41.87679522 ], [ -102.04205122, 41.85868179 ], [ -102.03053686, 41.84878521 ], [ -102.00527119, 41.82597969 ], [ -101.99783476, 41.81930325 ], [ -101.97033181, 41.7932776 ], [ -101.96513266, 41.78835771 ], [ -101.93689407, 41.7605755 ], [ -101.93243057, 41.75616053 ], [ -101.90489035, 41.7278734 ], [ -101.89972847, 41.72260049 ], [ -101.87395887, 41.69517131 ], [ -101.86702637, 41.68779148 ], [ -101.84405205, 41.66246921 ], [ -101.83432427, 41.65180558 ], [ -101.81497517, 41.62976712 ], [ -101.80162219, 41.61463865 ], [ -101.78660499, 41.59706502 ], [ -101.7689201, 41.5764785 ], [ -101.75892104, 41.56436294 ], [ -101.736218, 41.53714398 ], [ -101.73179895, 41.53166083 ], [ -101.70538505, 41.49895875 ], [ -101.7035159, 41.49664008 ], [ -101.67985671, 41.46625664 ], [ -101.6708138, 41.45476989 ], [ -101.6547279, 41.43355454 ], [ -101.63811171, 41.41163984 ], [ -101.630224, 41.40085246 ], [ -101.60723776, 41.36815035 ], [ -101.60540961, 41.36567025 ], [ -101.58321624, 41.33544827 ], [ -101.57270751, 41.32057112 ], [ -101.56068892, 41.30274616 ], [ -101.54000543, 41.2720702 ], [ -101.53869871, 41.27004408 ], [ -101.51795396, 41.23734197 ], [ -101.50730334, 41.22070437 ], [ -101.4974312, 41.20463989 ], [ -101.47673633, 41.17193779 ], [ -101.47460124, 41.16861348 ], [ -101.45643251, 41.1392357 ], [ -101.44189914, 41.11681341 ], [ -101.43545096, 41.1065336 ], [ -101.4142732, 41.07383149 ], [ -101.40919704, 41.06626036 ], [ -101.39290425, 41.04112941 ], [ -101.37649495, 41.01730063 ], [ -101.3706002, 41.00842731 ], [ -101.34773947, 40.97572522 ], [ -101.34379285, 40.97038919 ], [ -101.32421697, 40.94302312 ], [ -101.31109075, 40.92597844 ], [ -101.29949857, 40.91032103 ], [ -101.27838867, 40.88427449 ], [ -101.2731772, 40.87761893 ], [ -101.24568658, 40.84702464 ], [ -101.24390763, 40.84491685 ], [ -101.21471612, 40.81221474 ], [ -101.21298448, 40.81051327 ], [ -101.18302312, 40.77951264 ], [ -101.18028238, 40.77693606 ], [ -101.1498706, 40.74681055 ], [ -101.14758028, 40.74473803 ], [ -101.11641677, 40.71410845 ], [ -101.11487819, 40.71275279 ], [ -101.08217609, 40.68304753 ], [ -101.08050133, 40.68140637 ], [ -101.04947399, 40.65319229 ], [ -101.0447784, 40.64870426 ], [ -101.01677191, 40.62373514 ], [ -101.00853878, 40.61600218 ], [ -100.98406981, 40.5945116 ], [ -100.97197555, 40.58330007 ], [ -100.95136772, 40.56532764 ], [ -100.93535407, 40.55059799 ], [ -100.91866562, 40.53607806 ], [ -100.89887594, 40.51789589 ], [ -100.88596352, 40.50662243 ], [ -100.8627863, 40.48519378 ], [ -100.85326142, 40.47673607 ], [ -100.82735196, 40.4524917 ], [ -100.82055933, 40.44634811 ], [ -100.79262133, 40.41978959 ], [ -100.78785723, 40.41537993 ], [ -100.75884604, 40.38708751 ], [ -100.75515515, 40.38354857 ], [ -100.72634242, 40.3543854 ], [ -100.72245305, 40.35044262 ], [ -100.6957717, 40.32168332 ], [ -100.68975096, 40.31503115 ], [ -100.66784875, 40.28898122 ], [ -100.65704886, 40.27502223 ], [ -100.64354249, 40.25627913 ], [ -100.62434676, 40.22830868 ], [ -100.62126929, 40.22357703 ], [ -100.60216481, 40.19087492 ], [ -100.59164466, 40.16800154 ], [ -100.58744139, 40.15817284 ], [ -100.57937196, 40.12547074 ], [ -100.58109958, 40.09276865 ], [ -100.58802318, 40.06006655 ], [ -100.59164466, 40.05199568 ], [ -100.60548861, 40.02736446 ], [ -100.62434676, 40.0074601 ], [ -100.64056864, 39.99466236 ], [ -100.65704886, 39.9844594 ], [ -100.68975096, 39.96898935 ], [ -100.70960411, 39.96196028 ], [ -100.72245305, 39.95858216 ], [ -100.75515515, 39.95476378 ], [ -100.78785723, 39.9554669 ], [ -100.82055933, 39.9589967 ], [ -100.83556863, 39.96196028 ], [ -100.85326142, 39.96643093 ], [ -100.88596352, 39.97700727 ], [ -100.91866562, 39.98719156 ], [ -100.9403565, 39.99466236 ], [ -100.95136772, 39.9991606 ], [ -100.98406981, 40.01069613 ], [ -101.01677191, 40.01610397 ], [ -101.04947399, 40.01600976 ], [ -101.08217609, 40.01266501 ], [ -101.11487819, 40.01272674 ], [ -101.14758028, 40.01804322 ], [ -101.17146861, 40.02736446 ], [ -101.18028238, 40.03427348 ], [ -101.19816279, 40.06006655 ], [ -101.20092622, 40.09276865 ], [ -101.19347693, 40.12547074 ], [ -101.21298448, 40.1454654 ], [ -101.22399616, 40.15817284 ], [ -101.24568658, 40.17528059 ], [ -101.26785697, 40.19087492 ], [ -101.27838867, 40.20142214 ], [ -101.30565303, 40.22357703 ], [ -101.31109075, 40.23014577 ], [ -101.33732471, 40.25627913 ], [ -101.34379285, 40.26487184 ], [ -101.36500655, 40.28898122 ], [ -101.37649495, 40.30445474 ], [ -101.3909901, 40.32168332 ], [ -101.40919704, 40.34642759 ], [ -101.41572211, 40.3543854 ], [ -101.43986928, 40.38708751 ], [ -101.44189914, 40.39016032 ], [ -101.46333052, 40.41978959 ], [ -101.47460124, 40.43565401 ], [ -101.4878182, 40.4524917 ], [ -101.50730334, 40.47781526 ], [ -101.51363694, 40.48519378 ], [ -101.54000543, 40.51670874 ], [ -101.54112493, 40.51789589 ], [ -101.57041219, 40.55059799 ], [ -101.57270751, 40.55323688 ], [ -101.60255757, 40.58330007 ], [ -101.60540961, 40.58626382 ], [ -101.63811171, 40.61517463 ], [ -101.63915518, 40.61600218 ], [ -101.6708138, 40.64316092 ], [ -101.67858398, 40.64870426 ], [ -101.7035159, 40.66785279 ], [ -101.72448453, 40.68140637 ], [ -101.736218, 40.68959992 ], [ -101.7689201, 40.70952378 ], [ -101.77741429, 40.71410845 ], [ -101.80162219, 40.7284664 ], [ -101.83432427, 40.74489334 ], [ -101.83843237, 40.74681055 ], [ -101.86702637, 40.76165432 ], [ -101.89972847, 40.77630634 ], [ -101.90732596, 40.77951264 ], [ -101.93243057, 40.79128443 ], [ -101.96513266, 40.8051274 ], [ -101.98295833, 40.81221474 ], [ -101.99783476, 40.81878228 ], [ -102.03053686, 40.83262809 ], [ -102.06115937, 40.84491685 ], [ -102.06323896, 40.84581638 ], [ -102.09594103, 40.85923048 ], [ -102.12864313, 40.87181307 ], [ -102.14434779, 40.87761893 ], [ -102.16134523, 40.88443569 ], [ -102.19404733, 40.89689151 ], [ -102.22674942, 40.90749948 ], [ -102.23596265, 40.91032103 ], [ -102.25945152, 40.9181085 ], [ -102.29215362, 40.93052186 ], [ -102.31904791, 40.94302312 ], [ -102.32485572, 40.94573651 ], [ -102.35755779, 40.96247975 ], [ -102.38261178, 40.97572522 ], [ -102.39025989, 40.97986117 ], [ -102.42296199, 41.00037115 ], [ -102.43445619, 41.00842731 ], [ -102.45566409, 41.02326981 ], [ -102.48121015, 41.04112941 ], [ -102.48836619, 41.04637424 ], [ -102.52106828, 41.07031276 ], [ -102.52569728, 41.07383149 ], [ -102.55377038, 41.09519627 ], [ -102.56978225, 41.1065336 ], [ -102.58647248, 41.11843544 ], [ -102.61917456, 41.13886276 ], [ -102.61975816, 41.1392357 ], [ -102.65187665, 41.15927575 ], [ -102.67666026, 41.17193779 ], [ -102.68457875, 41.17623792 ], [ -102.71728085, 41.1917996 ], [ -102.74405328, 41.20463989 ], [ -102.74998295, 41.21165737 ], [ -102.77416053, 41.23734197 ], [ -102.78268504, 41.24944877 ], [ -102.79402181, 41.27004408 ], [ -102.80615724, 41.30274616 ], [ -102.81538714, 41.33469439 ], [ -102.81555855, 41.33544827 ] ] ] } },
{ "type": "Feature", "properties": { "Lower": 2900.0 }, "geometry": { "type": "Polygon", "coordinates": [ [ [ -100.60345365, 39.53683302 ], [ -100.59902336, 39.56953513 ], [ -100.59164466, 39.58496156 ], [ -100.58269519, 39.60223721 ], [ -100.55894257, 39.6313628 ], [ -100.55571129, 39.63493932 ], [ -100.52624047, 39.65738503 ], [ -100.51053562, 39.66764142 ], [ -100.49353839, 39.67522613 ], [ -100.46083629, 39.68569923 ], [ -100.42813419, 39.69263396 ], [ -100.3954321, 39.69565507 ], [ -100.36273, 39.69176289 ], [ -100.3300279, 39.6806834 ], [ -100.30830192, 39.66764142 ], [ -100.2973258, 39.65595921 ], [ -100.28152792, 39.63493932 ], [ -100.26462371, 39.60623181 ], [ -100.26259113, 39.60223721 ], [ -100.25385911, 39.56953513 ], [ -100.25265096, 39.53683302 ], [ -100.25683953, 39.50413094 ], [ -100.26462371, 39.47624075 ], [ -100.26650984, 39.47142883 ], [ -100.28478433, 39.43872675 ], [ -100.2973258, 39.42162469 ], [ -100.31496294, 39.40602465 ], [ -100.3300279, 39.3946986 ], [ -100.36273, 39.38136855 ], [ -100.3954321, 39.37688463 ], [ -100.42813419, 39.38066466 ], [ -100.46083629, 39.392885 ], [ -100.48656382, 39.40602465 ], [ -100.49353839, 39.41004443 ], [ -100.52624047, 39.43215831 ], [ -100.53493186, 39.43872675 ], [ -100.55894257, 39.45986571 ], [ -100.57055359, 39.47142883 ], [ -100.59164466, 39.49956959 ], [ -100.59442445, 39.50413094 ], [ -100.60345365, 39.53683302 ] ] ] } }
]
}
