{
"type": "FeatureCollection",
"name": "26_HRW_MTI",
"crs": { "type": "name", "properties": { "name": "urn:ogc:def:crs:EPSG::4269" } },
"features": [
{ "type": "Feature", "properties": { "Lower": 5.0263 }, "geometry": { "type": "Polygon", "coordinates": [ [ [ -99.47169224, 34.04680644 ], [ -99.46375465, 34.08658074 ], [ -99.44733233, 34.12635506 ], [ -99.43576647, 34.14033387 ], [ -99.41164292, 34.16612935 ], [ -99.39599217, 34.18393519 ], [ -99.37619817, 34.20590368 ], [ -99.35621786, 34.22826404 ], [ -99.33275002, 34.24567797 ], [ -99.31644356, 34.25544985 ], [ -99.27666925, 34.26450906 ], [ -99.23689495, 34.25810442 ], [ -99.20232237, 34.24567797 ], [ -99.19712064, 34.24329856 ], [ -99.16090665, 34.20590368 ], [ -99.17339435, 34.16612935 ], [ -99.19609855, 34.12635506 ], [ -99.19712064, 34.12478347 ], [ -99.22582303, 34.08658074 ], [ -99.23689495, 34.07221066 ], [ -99.26168256, 34.04680644 ], [ -99.27666925, 34.03166354 ], [ -99.30820287, 34.00703214 ], [ -99.31644356, 34.00046637 ], [ -99.35621786, 33.97871751 ], [ -99.39346188, 33.96725782 ], [ -99.39599217, 33.9664637 ], [ -99.43576647, 33.96678623 ], [ -99.43685058, 33.96725782 ], [ -99.4701963, 34.00703214 ], [ -99.47169224, 34.04680644 ] ] ] } },
{ "type": "Feature", "properties": { "Lower": 10.0 }, "geometry": { "type": "Polygon", "coordinates": [ [ [ -99.53607183, 34.00703214 ], [ -99.53236913, 34.04680644 ], [ -99.52370124, 34.08658074 ], [ -99.51531508, 34.10869351 ], [ -99.50828545, 34.12635506 ], [ -99.48088964, 34.16612935 ], [ -99.47554078, 34.17264546 ], [ -99.44654088, 34.20590368 ], [ -99.43576647, 34.2210633 ], [ -99.41729777, 34.24567797 ], [ -99.39599217, 34.2681064 ], [ -99.3760595, 34.28545227 ], [ -99.35621786, 34.2997517 ], [ -99.31644356, 34.31965128 ], [ -99.29468855, 34.32522659 ], [ -99.27666925, 34.32964353 ], [ -99.23689495, 34.33000012 ], [ -99.21504955, 34.32522659 ], [ -99.19712064, 34.32051213 ], [ -99.15734631, 34.30356039 ], [ -99.12932681, 34.28545227 ], [ -99.11757201, 34.27367298 ], [ -99.10460235, 34.24567797 ], [ -99.10677648, 34.20590368 ], [ -99.11757201, 34.18339132 ], [ -99.1263405, 34.16612935 ], [ -99.15066021, 34.12635506 ], [ -99.15734631, 34.11582088 ], [ -99.17787334, 34.08658074 ], [ -99.19712064, 34.05833874 ], [ -99.20635797, 34.04680644 ], [ -99.23689495, 34.00975881 ], [ -99.23959846, 34.00703214 ], [ -99.27666925, 33.96873651 ], [ -99.27844603, 33.96725782 ], [ -99.31644356, 33.93422006 ], [ -99.3262393, 33.92748352 ], [ -99.35621786, 33.90533828 ], [ -99.38879578, 33.8877092 ], [ -99.39599217, 33.88341439 ], [ -99.43576647, 33.87318489 ], [ -99.47554078, 33.87790607 ], [ -99.49708113, 33.8877092 ], [ -99.51531508, 33.89943428 ], [ -99.52845704, 33.92748352 ], [ -99.53495883, 33.96725782 ], [ -99.53607183, 34.00703214 ] ], [ [ -99.47169224, 34.04680644 ], [ -99.46375465, 34.08658074 ], [ -99.44733233, 34.12635506 ], [ -99.43576647, 34.14033387 ], [ -99.41164292, 34.16612935 ], [ -99.39599217, 34.18393519 ], [ -99.37619817, 34.20590368 ], [ -99.35621786, 34.22826404 ], [ -99.33275002, 34.24567797 ], [ -99.31644356, 34.25544985 ], [ -99.27666925, 34.26450906 ], [ -99.23689495, 34.25810442 ], [ -99.20232237, 34.24567797 ], [ -99.19712064, 34.24329856 ], [ -99.16090665, 34.20590368 ], [ -99.17339435, 34.16612935 ], [ -99.19609855, 34.12635506 ], [ -99.19712064, 34.12478347 ], [ -99.22582303, 34.08658074 ], [ -99.23689495, 34.07221066 ], [ -99.26168256, 34.04680644 ], [ -99.27666925, 34.03166354 ], [ -99.30820287, 34.00703214 ], [ -99.31644356, 34.00046637 ], [ -99.35621786, 33.97871751 ], [ -99.39346188, 33.96725782 ], [ -99.39599217, 33.9664637 ], [ -99.43576647, 33.96678623 ], [ -99.43685058, 33.96725782 ], [ -99.4701963, 34.00703214 ], [ -99.47169224, 34.04680644 ] ] ] } },
{ "type": "Feature", "properties": { "Lower": 10.0 }, "geometry": { "type": "Polygon", "coordinates": [ [ [ -101.99721436, 33.2513203 ], [ -101.99073073, 33.29109462 ], [ -101.9813221, 33.32088854 ], [ -101.97860018, 33.33086892 ], [ -101.96247385, 33.37064322 ], [ -101.94602305, 33.41041754 ], [ -101.9415478, 33.41976292 ], [ -101.92811169, 33.45019184 ], [ -101.90955052, 33.48996616 ], [ -101.90177347, 33.50518942 ], [ -101.88999906, 33.52974045 ], [ -101.87001988, 33.56951475 ], [ -101.86199916, 33.58426259 ], [ -101.84906884, 33.60928907 ], [ -101.82765848, 33.64906337 ], [ -101.82222486, 33.65816303 ], [ -101.80478653, 33.68883769 ], [ -101.78245055, 33.72720299 ], [ -101.78166778, 33.72861199 ], [ -101.75676517, 33.76838629 ], [ -101.74267625, 33.78928091 ], [ -101.73056863, 33.80816061 ], [ -101.70362049, 33.8479349 ], [ -101.70290194, 33.84881876 ], [ -101.67271415, 33.8877092 ], [ -101.66312764, 33.89844612 ], [ -101.63892977, 33.92748352 ], [ -101.62335333, 33.94225957 ], [ -101.59893422, 33.96725782 ], [ -101.58357903, 33.97830503 ], [ -101.54637843, 34.00703214 ], [ -101.54380472, 34.00872359 ], [ -101.50403041, 34.0354263 ], [ -101.487418, 34.04680644 ], [ -101.46425611, 34.05798066 ], [ -101.4244818, 34.06996956 ], [ -101.3847075, 34.07115003 ], [ -101.34493319, 34.0760628 ], [ -101.32237924, 34.08658074 ], [ -101.30515889, 34.09382225 ], [ -101.26538458, 34.1033695 ], [ -101.22561028, 34.1075033 ], [ -101.18583595, 34.10621539 ], [ -101.14606164, 34.10011215 ], [ -101.10628734, 34.09023031 ], [ -101.09485785, 34.08658074 ], [ -101.06651303, 34.07422152 ], [ -101.02673873, 34.0543137 ], [ -101.01323941, 34.04680644 ], [ -100.98696442, 34.02634951 ], [ -100.96365036, 34.00703214 ], [ -100.94719012, 33.98581669 ], [ -100.93361047, 33.96725782 ], [ -100.91698365, 33.92748352 ], [ -100.9093036, 33.8877092 ], [ -100.90827492, 33.8479349 ], [ -100.91095327, 33.80816061 ], [ -100.92099019, 33.76838629 ], [ -100.9392374, 33.72861199 ], [ -100.94719012, 33.71513836 ], [ -100.96487, 33.68883769 ], [ -100.98696442, 33.65959504 ], [ -100.99575158, 33.64906337 ], [ -101.02673873, 33.61422962 ], [ -101.03142098, 33.60928907 ], [ -101.06651303, 33.57373224 ], [ -101.07084526, 33.56951475 ], [ -101.10628734, 33.53501149 ], [ -101.11185327, 33.52974045 ], [ -101.14606164, 33.49776793 ], [ -101.15553525, 33.48996616 ], [ -101.18583595, 33.46549254 ], [ -101.20714765, 33.45019184 ], [ -101.22561028, 33.43702104 ], [ -101.26538458, 33.4117056 ], [ -101.26754686, 33.41041754 ], [ -101.30515889, 33.38773044 ], [ -101.3365909, 33.37064322 ], [ -101.34493319, 33.36616821 ], [ -101.3847075, 33.34723306 ], [ -101.42075993, 33.33086892 ], [ -101.4244818, 33.32917958 ], [ -101.46425611, 33.31343283 ], [ -101.50403041, 33.2983902 ], [ -101.52487491, 33.29109462 ], [ -101.54380472, 33.28441351 ], [ -101.58357903, 33.27157299 ], [ -101.62335333, 33.25936 ], [ -101.65177959, 33.2513203 ], [ -101.66312764, 33.24807802 ], [ -101.70290194, 33.23806723 ], [ -101.74267625, 33.22859787 ], [ -101.78245055, 33.21950771 ], [ -101.82222486, 33.21352944 ], [ -101.83278067, 33.211546 ], [ -101.86199916, 33.20576885 ], [ -101.90177347, 33.20161259 ], [ -101.9415478, 33.20161639 ], [ -101.9813221, 33.20510909 ], [ -101.99100291, 33.211546 ], [ -101.99721436, 33.2513203 ] ] ] } },
{ "type": "Feature", "properties": { "Lower": 15.0 }, "geometry": { "type": "Polygon", "coordinates": [ [ [ -97.69711142, 37.42762249 ], [ -97.68569697, 37.46412371 ], [ -97.68353865, 37.46739681 ], [ -97.64592267, 37.49689108 ], [ -97.60614836, 37.49812904 ], [ -97.56637406, 37.46999326 ], [ -97.56472666, 37.46739681 ], [ -97.5545879, 37.42762249 ], [ -97.56637406, 37.40650798 ], [ -97.57965304, 37.3878482 ], [ -97.60614836, 37.37787882 ], [ -97.64592267, 37.37500466 ], [ -97.68569697, 37.38601017 ], [ -97.68823209, 37.3878482 ], [ -97.69711142, 37.42762249 ] ] ] } },
{ "type": "Feature", "properties": { "Lower": 15.0 }, "geometry": { "type": "Polygon", "coordinates": [ [ [ -102.46794452, 37.26852528 ], [ -102.46588655, 37.30829958 ], [ -102.46535914, 37.34807387 ], [ -102.45861376, 37.36805277 ], [ -102.4501772, 37.3878482 ], [ -102.43592862, 37.42762249 ], [ -102.41883946, 37.44471165 ], [ -102.38681062, 37.46739681 ], [ -102.37906515, 37.47319361 ], [ -102.33929085, 37.49612864 ], [ -102.32683386, 37.46739681 ], [ -102.31804852, 37.42762249 ], [ -102.31457217, 37.3878482 ], [ -102.31937575, 37.34807387 ], [ -102.3353022, 37.30829958 ], [ -102.33929085, 37.28702671 ], [ -102.35779228, 37.26852528 ], [ -102.37906515, 37.24397881 ], [ -102.39911356, 37.22875096 ], [ -102.41883946, 37.21362256 ], [ -102.43881835, 37.22875096 ], [ -102.45861376, 37.24854638 ], [ -102.46794452, 37.26852528 ] ] ] } },
{ "type": "Feature", "properties": { "Lower": 15.0 }, "geometry": { "type": "Polygon", "coordinates": [ [ [ -100.73703042, 38.50152878 ], [ -100.73421527, 38.54130308 ], [ -100.71076504, 38.5810774 ], [ -100.70854429, 38.58276526 ], [ -100.66876998, 38.59839418 ], [ -100.62899568, 38.60313352 ], [ -100.58922137, 38.60011758 ], [ -100.54944707, 38.59109178 ], [ -100.52492907, 38.5810774 ], [ -100.50967274, 38.57233797 ], [ -100.47518956, 38.54130308 ], [ -100.47036529, 38.50152878 ], [ -100.4802712, 38.46175446 ], [ -100.50088366, 38.42198016 ], [ -100.50967274, 38.40918864 ], [ -100.53347068, 38.38220587 ], [ -100.54944707, 38.36863259 ], [ -100.58922137, 38.34613535 ], [ -100.60234648, 38.34243155 ], [ -100.62899568, 38.33580943 ], [ -100.66876998, 38.33865915 ], [ -100.67585778, 38.34243155 ], [ -100.70854429, 38.36920395 ], [ -100.71613858, 38.38220587 ], [ -100.72967965, 38.42198016 ], [ -100.73442946, 38.46175446 ], [ -100.73703042, 38.50152878 ] ] ] } },
{ "type": "Feature", "properties": { "Lower": 15.0 }, "geometry": { "type": "Polygon", "coordinates": [ [ [ -102.44870767, 38.42198016 ], [ -102.44262644, 38.46175446 ], [ -102.42424739, 38.50152878 ], [ -102.41883946, 38.50699382 ], [ -102.37906515, 38.52370747 ], [ -102.33929085, 38.51488897 ], [ -102.29951654, 38.50901805 ], [ -102.27594974, 38.50152878 ], [ -102.25974224, 38.49280897 ], [ -102.21996793, 38.46239333 ], [ -102.2193074, 38.46175446 ], [ -102.203118, 38.42198016 ], [ -102.21238884, 38.38220587 ], [ -102.21996793, 38.3719845 ], [ -102.23742738, 38.34243155 ], [ -102.24871323, 38.30265725 ], [ -102.25591212, 38.26288293 ], [ -102.25974224, 38.24352534 ], [ -102.27090599, 38.22310863 ], [ -102.29226388, 38.18333433 ], [ -102.29951654, 38.16826555 ], [ -102.33256399, 38.14356001 ], [ -102.33929085, 38.13708546 ], [ -102.35367868, 38.14356001 ], [ -102.37906515, 38.15527701 ], [ -102.3941581, 38.18333433 ], [ -102.41377845, 38.22310863 ], [ -102.41883946, 38.23429989 ], [ -102.42676677, 38.26288293 ], [ -102.43655366, 38.30265725 ], [ -102.4440477, 38.34243155 ], [ -102.44846175, 38.38220587 ], [ -102.44870767, 38.42198016 ] ] ] } },
{ "type": "Feature", "properties": { "Lower": 15.0 }, "geometry": { "type": "Polygon", "coordinates": [ [ [ -103.18000414, 39.73453228 ], [ -103.17701201, 39.77430658 ], [ -103.17455128, 39.78381475 ], [ -103.16479727, 39.8140809 ], [ -103.13655181, 39.8538552 ], [ -103.13477698, 39.85555686 ], [ -103.09500267, 39.868138 ], [ -103.05522837, 39.85788852 ], [ -103.04268899, 39.8538552 ], [ -103.01545406, 39.84434517 ], [ -102.97567976, 39.8264412 ], [ -102.95537815, 39.8140809 ], [ -102.93590545, 39.79945745 ], [ -102.90957641, 39.77430658 ], [ -102.89613114, 39.7572039 ], [ -102.88093801, 39.73453228 ], [ -102.86361626, 39.69475799 ], [ -102.85896571, 39.65498367 ], [ -102.87815673, 39.61520937 ], [ -102.89613114, 39.60313947 ], [ -102.93590545, 39.58558823 ], [ -102.97567976, 39.57630297 ], [ -103.01100155, 39.57543505 ], [ -103.01545406, 39.57538105 ], [ -103.05522837, 39.57509004 ], [ -103.09500267, 39.57130709 ], [ -103.13477698, 39.56938367 ], [ -103.13951358, 39.57543505 ], [ -103.15593947, 39.61520937 ], [ -103.168192, 39.65498367 ], [ -103.17455128, 39.68659956 ], [ -103.17645014, 39.69475799 ], [ -103.18000414, 39.73453228 ] ] ] } },
{ "type": "Feature", "properties": { "Lower": 15.0 }, "geometry": { "type": "Polygon", "coordinates": [ [ [ -102.38316854, 40.56979272 ], [ -102.38268602, 40.60956704 ], [ -102.37906515, 40.62206274 ], [ -102.37063369, 40.64934134 ], [ -102.34592513, 40.68911563 ], [ -102.33929085, 40.69560083 ], [ -102.30337882, 40.72888995 ], [ -102.29951654, 40.73103565 ], [ -102.25974224, 40.75091969 ], [ -102.21996793, 40.76516772 ], [ -102.18019363, 40.7665477 ], [ -102.14041932, 40.73839381 ], [ -102.13264038, 40.72888995 ], [ -102.10064502, 40.69503114 ], [ -102.09504195, 40.68911563 ], [ -102.0714705, 40.64934134 ], [ -102.06087071, 40.62198865 ], [ -102.05705868, 40.60956704 ], [ -102.05088441, 40.56979272 ], [ -102.05098082, 40.53001842 ], [ -102.06087071, 40.49316542 ], [ -102.06281141, 40.4902441 ], [ -102.10064502, 40.45765246 ], [ -102.11743836, 40.4504698 ], [ -102.14041932, 40.44270012 ], [ -102.18019363, 40.43649586 ], [ -102.21996793, 40.43936077 ], [ -102.25974224, 40.44858096 ], [ -102.26517974, 40.4504698 ], [ -102.29951654, 40.46609913 ], [ -102.33716225, 40.4902441 ], [ -102.33929085, 40.49222369 ], [ -102.36928654, 40.53001842 ], [ -102.37906515, 40.55568732 ], [ -102.38316854, 40.56979272 ] ] ] } },
{ "type": "Feature", "properties": { "Lower": 15.0 }, "geometry": { "type": "Polygon", "coordinates": [ [ [ -100.62380577, 44.62677199 ], [ -100.61069978, 44.66654629 ], [ -100.58922137, 44.69800225 ], [ -100.58244167, 44.70632061 ], [ -100.54944707, 44.7402972 ], [ -100.54231139, 44.74609491 ], [ -100.50967274, 44.77057381 ], [ -100.4808256, 44.78586923 ], [ -100.46989843, 44.79153844 ], [ -100.43012413, 44.8034191 ], [ -100.39034982, 44.80560051 ], [ -100.35057552, 44.79731062 ], [ -100.32787248, 44.78586923 ], [ -100.31080121, 44.77803122 ], [ -100.27102691, 44.74704176 ], [ -100.27025588, 44.74609491 ], [ -100.23346484, 44.70632061 ], [ -100.2312526, 44.70430207 ], [ -100.20769134, 44.66654629 ], [ -100.1914783, 44.64605606 ], [ -100.17673524, 44.62677199 ], [ -100.15170399, 44.60558827 ], [ -100.13599187, 44.5869977 ], [ -100.11849334, 44.54722337 ], [ -100.11192969, 44.52723995 ], [ -100.10678457, 44.50744908 ], [ -100.09931975, 44.46767476 ], [ -100.0977877, 44.42790046 ], [ -100.11192969, 44.39306288 ], [ -100.1181143, 44.38812616 ], [ -100.15170399, 44.37221527 ], [ -100.1914783, 44.36507738 ], [ -100.2312526, 44.36411306 ], [ -100.27102691, 44.36742315 ], [ -100.31080121, 44.37390492 ], [ -100.35057552, 44.38262497 ], [ -100.37084417, 44.38812616 ], [ -100.39034982, 44.39445948 ], [ -100.43012413, 44.40970322 ], [ -100.46989843, 44.42674989 ], [ -100.47235582, 44.42790046 ], [ -100.50967274, 44.44866053 ], [ -100.54318936, 44.46767476 ], [ -100.54944707, 44.47289584 ], [ -100.58754021, 44.50744908 ], [ -100.58922137, 44.51014491 ], [ -100.6115482, 44.54722337 ], [ -100.62353318, 44.5869977 ], [ -100.62380577, 44.62677199 ] ] ] } },
{ "type": "Feature", "properties": { "Lower": 15.0 }, "geometry": { "type": "Polygon", "coordinates": [ [ [ -99.59519297, 33.96725782 ], [ -99.59486369, 33.97535106 ], [ -99.59383132, 34.00703214 ], [ -99.58903168, 34.04680644 ], [ -99.58071083, 34.08658074 ], [ -99.56841681, 34.12635506 ], [ -99.55508939, 34.15515647 ], [ -99.54993842, 34.16612935 ], [ -99.5278223, 34.20590368 ], [ -99.51531508, 34.22327239 ], [ -99.50238539, 34.24567797 ], [ -99.47554078, 34.27620239 ], [ -99.46789696, 34.28545227 ], [ -99.43576647, 34.31311379 ], [ -99.42047575, 34.32522659 ], [ -99.39599217, 34.34116825 ], [ -99.35621786, 34.36209687 ], [ -99.3490167, 34.36500089 ], [ -99.31644356, 34.37798802 ], [ -99.27666925, 34.38789036 ], [ -99.23689495, 34.39229532 ], [ -99.19712064, 34.39126937 ], [ -99.15734631, 34.38416203 ], [ -99.11757201, 34.3689041 ], [ -99.11061838, 34.36500089 ], [ -99.0777977, 34.34280967 ], [ -99.06578443, 34.32522659 ], [ -99.05529987, 34.28545227 ], [ -99.05656913, 34.24567797 ], [ -99.0688253, 34.20590368 ], [ -99.0777977, 34.18931487 ], [ -99.09079719, 34.16612935 ], [ -99.11467833, 34.12635506 ], [ -99.11757201, 34.12178021 ], [ -99.14130255, 34.08658074 ], [ -99.15734631, 34.06226906 ], [ -99.16847692, 34.04680644 ], [ -99.19712064, 34.0072877 ], [ -99.19733694, 34.00703214 ], [ -99.23142489, 33.96725782 ], [ -99.23689495, 33.96071272 ], [ -99.2682969, 33.92748352 ], [ -99.27666925, 33.91819446 ], [ -99.30854545, 33.8877092 ], [ -99.31644356, 33.87953125 ], [ -99.35225379, 33.8479349 ], [ -99.35621786, 33.84403465 ], [ -99.39599217, 33.81314656 ], [ -99.40545487, 33.80816061 ], [ -99.43576647, 33.78950891 ], [ -99.47554078, 33.77758808 ], [ -99.51531508, 33.78472576 ], [ -99.54959403, 33.80816061 ], [ -99.55508939, 33.81220057 ], [ -99.57607014, 33.8479349 ], [ -99.58687646, 33.8877092 ], [ -99.59289301, 33.92748352 ], [ -99.59486369, 33.96222902 ], [ -99.59519297, 33.96725782 ] ], [ [ -99.53607183, 34.00703214 ], [ -99.53236913, 34.04680644 ], [ -99.52370124, 34.08658074 ], [ -99.51531508, 34.10869351 ], [ -99.50828545, 34.12635506 ], [ -99.48088964, 34.16612935 ], [ -99.47554078, 34.17264546 ], [ -99.44654088, 34.20590368 ], [ -99.43576647, 34.2210633 ], [ -99.41729777, 34.24567797 ], [ -99.39599217, 34.2681064 ], [ -99.3760595, 34.28545227 ], [ -99.35621786, 34.2997517 ], [ -99.31644356, 34.31965128 ], [ -99.29468855, 34.32522659 ], [ -99.27666925, 34.32964353 ], [ -99.23689495, 34.33000012 ], [ -99.21504955, 34.32522659 ], [ -99.19712064, 34.32051213 ], [ -99.15734631, 34.30356039 ], [ -99.12932681, 34.28545227 ], [ -99.11757201, 34.27367298 ], [ -99.10460235, 34.24567797 ], [ -99.10677648, 34.20590368 ], [ -99.11757201, 34.18339132 ], [ -99.1263405, 34.16612935 ], [ -99.15066021, 34.12635506 ], [ -99.15734631, 34.11582088 ], [ -99.17787334, 34.08658074 ], [ -99.19712064, 34.05833874 ], [ -99.20635797, 34.04680644 ], [ -99.23689495, 34.00975881 ], [ -99.23959846, 34.00703214 ], [ -99.27666925, 33.96873651 ], [ -99.27844603, 33.96725782 ], [ -99.31644356, 33.93422006 ], [ -99.3262393, 33.92748352 ], [ -99.35621786, 33.90533828 ], [ -99.38879578, 33.8877092 ], [ -99.39599217, 33.88341439 ], [ -99.43576647, 33.87318489 ], [ -99.47554078, 33.87790607 ], [ -99.49708113, 33.8877092 ], [ -99.51531508, 33.89943428 ], [ -99.52845704, 33.92748352 ], [ -99.53495883, 33.96725782 ], [ -99.53607183, 34.00703214 ] ] ] } },
{ "type": "Feature", "properties": { "Lower": 15.0 }, "geometry": { "type": "Polygon", "coordinates": [ [ [ -102.29275601, 36.39349053 ], [ -102.29265287, 36.43326482 ], [ -102.28958613, 36.47303914 ], [ -102.28145361, 36.51281344 ], [ -102.2653127, 36.55258776 ], [ -102.25974224, 36.56180063 ], [ -102.23031299, 36.59236206 ], [ -102.21996793, 36.59885771 ], [ -102.18019363, 36.6077731 ], [ -102.14041932, 36.60069734 ], [ -102.12663412, 36.59236206 ], [ -102.10064502, 36.58050726 ], [ -102.06749037, 36.55258776 ], [ -102.06087071, 36.54829391 ], [ -102.03103483, 36.51281344 ], [ -102.02109641, 36.50375046 ], [ -101.9984732, 36.47303914 ], [ -101.9813221, 36.4552779 ], [ -101.96494177, 36.43326482 ], [ -101.9415478, 36.40718627 ], [ -101.93201081, 36.39349053 ], [ -101.90177347, 36.35618363 ], [ -101.89998951, 36.35371623 ], [ -101.871075, 36.31394191 ], [ -101.86199916, 36.30207354 ], [ -101.83468157, 36.27416761 ], [ -101.82222486, 36.26140331 ], [ -101.78545498, 36.23439331 ], [ -101.78245055, 36.23207922 ], [ -101.74267625, 36.20824136 ], [ -101.71422439, 36.19461899 ], [ -101.70290194, 36.18857527 ], [ -101.66312764, 36.16688826 ], [ -101.64229941, 36.15484469 ], [ -101.62335333, 36.14201273 ], [ -101.58514696, 36.11507037 ], [ -101.58357903, 36.11378555 ], [ -101.54380472, 36.07957512 ], [ -101.53913273, 36.07529608 ], [ -101.50477457, 36.03552178 ], [ -101.50403041, 36.03435117 ], [ -101.48323941, 35.99574746 ], [ -101.47202467, 35.95597316 ], [ -101.46883123, 35.91619884 ], [ -101.47218103, 35.87642454 ], [ -101.48102706, 35.83665024 ], [ -101.4947188, 35.79687592 ], [ -101.50403041, 35.77658766 ], [ -101.51349149, 35.75710163 ], [ -101.53768288, 35.71732731 ], [ -101.54380472, 35.70900262 ], [ -101.56877637, 35.67755301 ], [ -101.58357903, 35.66186425 ], [ -101.60881994, 35.63777871 ], [ -101.62335333, 35.62626251 ], [ -101.66312764, 35.59995041 ], [ -101.66703095, 35.59800439 ], [ -101.70290194, 35.58383621 ], [ -101.74267625, 35.57351213 ], [ -101.78245055, 35.56786233 ], [ -101.82222486, 35.56815038 ], [ -101.86199916, 35.56545983 ], [ -101.87798258, 35.55823009 ], [ -101.90177347, 35.54805537 ], [ -101.9415478, 35.52158207 ], [ -101.94992845, 35.5184558 ], [ -101.9813221, 35.5058069 ], [ -102.00544865, 35.5184558 ], [ -102.02109641, 35.53160724 ], [ -102.03529156, 35.55823009 ], [ -102.05272402, 35.59800439 ], [ -102.06087071, 35.61849579 ], [ -102.06842961, 35.63777871 ], [ -102.08431407, 35.67755301 ], [ -102.10064502, 35.71654008 ], [ -102.10100472, 35.71732731 ], [ -102.11774921, 35.75710163 ], [ -102.13410332, 35.79687592 ], [ -102.14041932, 35.81337482 ], [ -102.15019501, 35.83665024 ], [ -102.16573293, 35.87642454 ], [ -102.18019363, 35.91526125 ], [ -102.18058039, 35.91619884 ], [ -102.19464725, 35.95597316 ], [ -102.20813021, 35.99574746 ], [ -102.21996793, 36.03311517 ], [ -102.22083639, 36.03552178 ], [ -102.23341425, 36.07529608 ], [ -102.24497895, 36.11507037 ], [ -102.25549317, 36.15484469 ], [ -102.25974224, 36.17376332 ], [ -102.26525124, 36.19461899 ], [ -102.2739146, 36.23439331 ], [ -102.28114278, 36.27416761 ], [ -102.28682297, 36.31394191 ], [ -102.29060339, 36.35371623 ], [ -102.29275601, 36.39349053 ] ] ] } },
{ "type": "Feature", "properties": { "Lower": 15.0 }, "geometry": { "type": "Polygon", "coordinates": [ [ [ -100.2817439, 39.8140809 ], [ -100.27847589, 39.8538552 ], [ -100.27102691, 39.86267389 ], [ -100.24296899, 39.8936295 ], [ -100.2312526, 39.9012209 ], [ -100.1914783, 39.92448498 ], [ -100.17414647, 39.93340382 ], [ -100.15170399, 39.94164751 ], [ -100.11192969, 39.95371797 ], [ -100.07215538, 39.96321252 ], [ -100.03238107, 39.9698213 ], [ -99.99260677, 39.97293875 ], [ -99.95283246, 39.97229859 ], [ -99.91305816, 39.96731347 ], [ -99.87328385, 39.95350657 ], [ -99.83681383, 39.93340382 ], [ -99.83350953, 39.93117738 ], [ -99.79373522, 39.89949429 ], [ -99.78668036, 39.8936295 ], [ -99.75396091, 39.868025 ], [ -99.73139896, 39.8538552 ], [ -99.71418661, 39.8425435 ], [ -99.6744123, 39.82213631 ], [ -99.65518065, 39.8140809 ], [ -99.634638, 39.80417055 ], [ -99.59486369, 39.78913397 ], [ -99.55508939, 39.77639213 ], [ -99.54788957, 39.77430658 ], [ -99.51531508, 39.76337519 ], [ -99.47554078, 39.75075491 ], [ -99.43576647, 39.73859866 ], [ -99.42236634, 39.73453228 ], [ -99.39599217, 39.72526049 ], [ -99.35621786, 39.71165846 ], [ -99.31644356, 39.69854129 ], [ -99.30545394, 39.69475799 ], [ -99.27666925, 39.68337418 ], [ -99.23689495, 39.66698859 ], [ -99.2101111, 39.65498367 ], [ -99.19712064, 39.64792606 ], [ -99.15734631, 39.62189672 ], [ -99.14861563, 39.61520937 ], [ -99.11757201, 39.58484067 ], [ -99.10883143, 39.57543505 ], [ -99.08039836, 39.53566075 ], [ -99.0777977, 39.53056615 ], [ -99.06246316, 39.49588645 ], [ -99.05206473, 39.45611213 ], [ -99.04649181, 39.41633783 ], [ -99.04393121, 39.37656351 ], [ -99.04275163, 39.33678922 ], [ -99.04155436, 39.29701492 ], [ -99.0391166, 39.2572406 ], [ -99.0380234, 39.23519412 ], [ -99.03711171, 39.2174663 ], [ -99.0380234, 39.20834934 ], [ -99.0422814, 39.17769198 ], [ -99.0592053, 39.13791768 ], [ -99.0777977, 39.11389238 ], [ -99.09767754, 39.09814338 ], [ -99.11757201, 39.0852331 ], [ -99.15734631, 39.07137517 ], [ -99.19712064, 39.06380448 ], [ -99.23359145, 39.05836906 ], [ -99.23689495, 39.05784984 ], [ -99.27666925, 39.05162092 ], [ -99.31644356, 39.04450214 ], [ -99.35621786, 39.03739085 ], [ -99.39599217, 39.03096566 ], [ -99.43576647, 39.02557696 ], [ -99.47554078, 39.02114851 ], [ -99.50959031, 39.01859477 ], [ -99.51531508, 39.01819401 ], [ -99.55508939, 39.01706189 ], [ -99.58087853, 39.01859477 ], [ -99.59486369, 39.01973775 ], [ -99.634638, 39.02842151 ], [ -99.6744123, 39.04380535 ], [ -99.70158622, 39.05836906 ], [ -99.71418661, 39.06591089 ], [ -99.75396091, 39.09360883 ], [ -99.75959475, 39.09814338 ], [ -99.79373522, 39.12753408 ], [ -99.80285056, 39.13791768 ], [ -99.83350953, 39.17585235 ], [ -99.83466289, 39.17769198 ], [ -99.85713024, 39.2174663 ], [ -99.87328385, 39.24848126 ], [ -99.87724732, 39.2572406 ], [ -99.89569985, 39.29701492 ], [ -99.91305816, 39.33440193 ], [ -99.91404163, 39.33678922 ], [ -99.93244784, 39.37656351 ], [ -99.95235732, 39.41633783 ], [ -99.95283246, 39.41715339 ], [ -99.97293355, 39.45611213 ], [ -99.99260677, 39.48958335 ], [ -99.99596334, 39.49588645 ], [ -100.01977186, 39.53566075 ], [ -100.03238107, 39.55466727 ], [ -100.04513239, 39.57543505 ], [ -100.07141401, 39.61520937 ], [ -100.07215538, 39.61627058 ], [ -100.09828457, 39.65498367 ], [ -100.11192969, 39.67172822 ], [ -100.13040466, 39.69475799 ], [ -100.15170399, 39.7154593 ], [ -100.17319008, 39.73453228 ], [ -100.1914783, 39.74640663 ], [ -100.2312526, 39.76765782 ], [ -100.24394891, 39.77430658 ], [ -100.27102691, 39.80102922 ], [ -100.2817439, 39.8140809 ] ] ] } },
{ "type": "Feature", "properties": { "Lower": 15.0 }, "geometry": { "type": "Polygon", "coordinates": [ [ [ -101.71284607, 32.57515711 ], [ -101.71286367, 32.57515711 ], [ -101.74267625, 32.60497255 ], [ -101.75263512, 32.6149314 ], [ -101.78245055, 32.64474943 ], [ -101.79240682, 32.6547057 ], [ -101.79240548, 32.69448002 ], [ -101.82222486, 32.72430157 ], [ -101.8321776, 32.73425432 ], [ -101.86199916, 32.7640778 ], [ -101.87195, 32.77402864 ], [ -101.90177347, 32.8038538 ], [ -101.91172261, 32.81380294 ], [ -101.9415478, 32.84362956 ], [ -101.95149548, 32.85357723 ], [ -101.9813221, 32.88340507 ], [ -101.99126856, 32.89335156 ], [ -102.02109641, 32.92318038 ], [ -102.03104189, 32.93312585 ], [ -102.06087071, 32.96295546 ], [ -102.07081542, 32.97290015 ], [ -102.10064502, 33.00273031 ], [ -102.11058917, 33.01267447 ], [ -102.11058899, 33.05244877 ], [ -102.14041932, 33.08227929 ], [ -102.15036311, 33.09222309 ], [ -102.18019363, 33.12205349 ], [ -102.19013751, 33.13199739 ], [ -102.21996793, 33.16182743 ], [ -102.2299122, 33.17177168 ], [ -102.25974224, 33.20160103 ], [ -102.26968721, 33.211546 ], [ -102.29951654, 33.2413743 ], [ -102.30946256, 33.2513203 ], [ -102.33929085, 33.28114721 ], [ -102.34923825, 33.29109462 ], [ -102.37906515, 33.32091969 ], [ -102.38901439, 33.33086892 ], [ -102.38901565, 33.37064322 ], [ -102.41883946, 33.40046443 ], [ -102.42879257, 33.41041754 ], [ -102.45861376, 33.44023547 ], [ -102.46857013, 33.45019184 ], [ -102.49838807, 33.48000578 ], [ -102.50834845, 33.48996616 ], [ -102.53816237, 33.51977515 ], [ -102.53816237, 33.51979275 ], [ -102.49838807, 33.50206544 ], [ -102.46326833, 33.52974045 ], [ -102.45861376, 33.5333583 ], [ -102.41883946, 33.56524124 ], [ -102.41369063, 33.56951475 ], [ -102.37906515, 33.59769041 ], [ -102.36538815, 33.60928907 ], [ -102.33929085, 33.63089116 ], [ -102.31824934, 33.64906337 ], [ -102.29951654, 33.6647537 ], [ -102.27183599, 33.68883769 ], [ -102.25974224, 33.69898346 ], [ -102.22587029, 33.72861199 ], [ -102.21996793, 33.73352225 ], [ -102.18019363, 33.76801402 ], [ -102.17977616, 33.76838629 ], [ -102.14041932, 33.80138684 ], [ -102.13268766, 33.80816061 ], [ -102.10064502, 33.83426945 ], [ -102.08460297, 33.8479349 ], [ -102.06087071, 33.86633406 ], [ -102.03469104, 33.8877092 ], [ -102.02109641, 33.89755518 ], [ -101.98209888, 33.92748352 ], [ -101.9813221, 33.92800139 ], [ -101.9415478, 33.95476762 ], [ -101.92405602, 33.96725782 ], [ -101.90177347, 33.98149995 ], [ -101.8628491, 34.00703214 ], [ -101.86199916, 34.00755321 ], [ -101.82222486, 34.03190599 ], [ -101.79870809, 34.04680644 ], [ -101.78245055, 34.05630896 ], [ -101.74267625, 34.08008602 ], [ -101.73206016, 34.08658074 ], [ -101.70290194, 34.10275223 ], [ -101.66312764, 34.1255962 ], [ -101.66180091, 34.12635506 ], [ -101.62335333, 34.14524229 ], [ -101.58357903, 34.16282652 ], [ -101.57312942, 34.16612935 ], [ -101.54380472, 34.17242858 ], [ -101.50403041, 34.17546498 ], [ -101.46425611, 34.17419785 ], [ -101.4244818, 34.17521116 ], [ -101.3847075, 34.18498307 ], [ -101.34493319, 34.20388456 ], [ -101.33997472, 34.20590368 ], [ -101.30515889, 34.21873054 ], [ -101.26538458, 34.2292168 ], [ -101.22561028, 34.23648601 ], [ -101.18583595, 34.2408209 ], [ -101.14606164, 34.242348 ], [ -101.10628734, 34.24080357 ], [ -101.06651303, 34.23590176 ], [ -101.02673873, 34.22821191 ], [ -100.98696442, 34.21827603 ], [ -100.94719012, 34.20662088 ], [ -100.94500605, 34.20590368 ], [ -100.90741581, 34.19184701 ], [ -100.86764151, 34.17568008 ], [ -100.84572486, 34.16612935 ], [ -100.8278672, 34.15698646 ], [ -100.7880929, 34.13573128 ], [ -100.77120152, 34.12635506 ], [ -100.74831859, 34.11130147 ], [ -100.71148104, 34.08658074 ], [ -100.70854429, 34.08418171 ], [ -100.66876998, 34.05097433 ], [ -100.66385402, 34.04680644 ], [ -100.62899568, 34.00865784 ], [ -100.62753738, 34.00703214 ], [ -100.60284567, 33.96725782 ], [ -100.58922137, 33.92928552 ], [ -100.58857179, 33.92748352 ], [ -100.5840841, 33.8877092 ], [ -100.58555351, 33.8479349 ], [ -100.58922137, 33.81899169 ], [ -100.59058453, 33.80816061 ], [ -100.59765365, 33.76838629 ], [ -100.60573441, 33.72861199 ], [ -100.61441547, 33.68883769 ], [ -100.62364117, 33.64906337 ], [ -100.62899568, 33.62786489 ], [ -100.634043, 33.60928907 ], [ -100.64878909, 33.56951475 ], [ -100.66773844, 33.52974045 ], [ -100.66876998, 33.52787491 ], [ -100.69167108, 33.48996616 ], [ -100.70854429, 33.4646238 ], [ -100.71889851, 33.45019184 ], [ -100.74831859, 33.41185012 ], [ -100.74948574, 33.41041754 ], [ -100.782703, 33.37064322 ], [ -100.7880929, 33.36432466 ], [ -100.81774232, 33.33086892 ], [ -100.8278672, 33.31955888 ], [ -100.85421648, 33.29109462 ], [ -100.86764151, 33.27668833 ], [ -100.89188207, 33.2513203 ], [ -100.90741581, 33.23522448 ], [ -100.93071113, 33.211546 ], [ -100.94719012, 33.19490547 ], [ -100.97055292, 33.17177168 ], [ -100.98696442, 33.15562662 ], [ -101.01130488, 33.13199739 ], [ -101.02673873, 33.11715902 ], [ -101.05302717, 33.09222309 ], [ -101.06651303, 33.07959346 ], [ -101.09589645, 33.05244877 ], [ -101.10628734, 33.043029 ], [ -101.14035662, 33.01267447 ], [ -101.14606164, 33.00763854 ], [ -101.18583595, 32.97405205 ], [ -101.18727006, 32.97290015 ], [ -101.22561028, 32.94230171 ], [ -101.23748936, 32.93312585 ], [ -101.26538458, 32.91150924 ], [ -101.28941463, 32.89335156 ], [ -101.30515889, 32.88149293 ], [ -101.34270058, 32.85357723 ], [ -101.34493319, 32.85191708 ], [ -101.3847075, 32.82300939 ], [ -101.39746803, 32.81380294 ], [ -101.4244818, 32.79431315 ], [ -101.45246701, 32.77402864 ], [ -101.46425611, 32.76548352 ], [ -101.50403041, 32.73676328 ], [ -101.50750154, 32.73425432 ], [ -101.54380472, 32.70792171 ], [ -101.56215787, 32.69448002 ], [ -101.58357903, 32.67879127 ], [ -101.61584456, 32.6547057 ], [ -101.62335333, 32.64910058 ], [ -101.66312764, 32.61903766 ], [ -101.66850345, 32.6149314 ], [ -101.70290194, 32.58846114 ], [ -101.71284607, 32.57515711 ] ], [ [ -101.99721436, 33.2513203 ], [ -101.99073073, 33.29109462 ], [ -101.9813221, 33.32088854 ], [ -101.97860018, 33.33086892 ], [ -101.96247385, 33.37064322 ], [ -101.94602305, 33.41041754 ], [ -101.9415478, 33.41976292 ], [ -101.92811169, 33.45019184 ], [ -101.90955052, 33.48996616 ], [ -101.90177347, 33.50518942 ], [ -101.88999906, 33.52974045 ], [ -101.87001988, 33.56951475 ], [ -101.86199916, 33.58426259 ], [ -101.84906884, 33.60928907 ], [ -101.82765848, 33.64906337 ], [ -101.82222486, 33.65816303 ], [ -101.80478653, 33.68883769 ], [ -101.78245055, 33.72720299 ], [ -101.78166778, 33.72861199 ], [ -101.75676517, 33.76838629 ], [ -101.74267625, 33.78928091 ], [ -101.73056863, 33.80816061 ], [ -101.70362049, 33.8479349 ], [ -101.70290194, 33.84881876 ], [ -101.67271415, 33.8877092 ], [ -101.66312764, 33.89844612 ], [ -101.63892977, 33.92748352 ], [ -101.62335333, 33.94225957 ], [ -101.59893422, 33.96725782 ], [ -101.58357903, 33.97830503 ], [ -101.54637843, 34.00703214 ], [ -101.54380472, 34.00872359 ], [ -101.50403041, 34.0354263 ], [ -101.487418, 34.04680644 ], [ -101.46425611, 34.05798066 ], [ -101.4244818, 34.06996956 ], [ -101.3847075, 34.07115003 ], [ -101.34493319, 34.0760628 ], [ -101.32237924, 34.08658074 ], [ -101.30515889, 34.09382225 ], [ -101.26538458, 34.1033695 ], [ -101.22561028, 34.1075033 ], [ -101.18583595, 34.10621539 ], [ -101.14606164, 34.10011215 ], [ -101.10628734, 34.09023031 ], [ -101.09485785, 34.08658074 ], [ -101.06651303, 34.07422152 ], [ -101.02673873, 34.0543137 ], [ -101.01323941, 34.04680644 ], [ -100.98696442, 34.02634951 ], [ -100.96365036, 34.00703214 ], [ -100.94719012, 33.98581669 ], [ -100.93361047, 33.96725782 ], [ -100.91698365, 33.92748352 ], [ -100.9093036, 33.8877092 ], [ -100.90827492, 33.8479349 ], [ -100.91095327, 33.80816061 ], [ -100.92099019, 33.76838629 ], [ -100.9392374, 33.72861199 ], [ -100.94719012, 33.71513836 ], [ -100.96487, 33.68883769 ], [ -100.98696442, 33.65959504 ], [ -100.99575158, 33.64906337 ], [ -101.02673873, 33.61422962 ], [ -101.03142098, 33.60928907 ], [ -101.06651303, 33.57373224 ], [ -101.07084526, 33.56951475 ], [ -101.10628734, 33.53501149 ], [ -101.11185327, 33.52974045 ], [ -101.14606164, 33.49776793 ], [ -101.15553525, 33.48996616 ], [ -101.18583595, 33.46549254 ], [ -101.20714765, 33.45019184 ], [ -101.22561028, 33.43702104 ], [ -101.26538458, 33.4117056 ], [ -101.26754686, 33.41041754 ], [ -101.30515889, 33.38773044 ], [ -101.3365909, 33.37064322 ], [ -101.34493319, 33.36616821 ], [ -101.3847075, 33.34723306 ], [ -101.42075993, 33.33086892 ], [ -101.4244818, 33.32917958 ], [ -101.46425611, 33.31343283 ], [ -101.50403041, 33.2983902 ], [ -101.52487491, 33.29109462 ], [ -101.54380472, 33.28441351 ], [ -101.58357903, 33.27157299 ], [ -101.62335333, 33.25936 ], [ -101.65177959, 33.2513203 ], [ -101.66312764, 33.24807802 ], [ -101.70290194, 33.23806723 ], [ -101.74267625, 33.22859787 ], [ -101.78245055, 33.21950771 ], [ -101.82222486, 33.21352944 ], [ -101.83278067, 33.211546 ], [ -101.86199916, 33.20576885 ], [ -101.90177347, 33.20161259 ], [ -101.9415478, 33.20161639 ], [ -101.9813221, 33.20510909 ], [ -101.99100291, 33.211546 ], [ -101.99721436, 33.2513203 ] ] ] } },
{ "type": "Feature", "properties": { "Lower": 20.0 }, "geometry": { "type": "Polygon", "coordinates": [ [ [ -97.32399259, 37.02987943 ], [ -97.32254235, 37.06965375 ], [ -97.31049613, 37.10942804 ], [ -97.28795392, 37.13907109 ], [ -97.27528989, 37.14920236 ], [ -97.24817962, 37.15488734 ], [ -97.20840531, 37.15008326 ], [ -97.20702216, 37.14920236 ], [ -97.168631, 37.12351787 ], [ -97.16046549, 37.10942804 ], [ -97.15353423, 37.06965375 ], [ -97.168631, 37.03279993 ], [ -97.17261283, 37.02987943 ], [ -97.20840531, 36.99910096 ], [ -97.22594336, 36.99010513 ], [ -97.24817962, 36.97621478 ], [ -97.28795392, 36.97315389 ], [ -97.31083803, 36.99010513 ], [ -97.32399259, 37.02987943 ] ] ] } },
{ "type": "Feature", "properties": { "Lower": 20.0 }, "geometry": { "type": "Polygon", "coordinates": [ [ [ -98.26690785, 35.79687592 ], [ -98.26385593, 35.83665024 ], [ -98.25597523, 35.87642454 ], [ -98.24290853, 35.91619884 ], [ -98.24253727, 35.91687482 ], [ -98.20276296, 35.9368725 ], [ -98.16298866, 35.91918588 ], [ -98.15903691, 35.91619884 ], [ -98.12321435, 35.87880082 ], [ -98.12171148, 35.87642454 ], [ -98.11036765, 35.83665024 ], [ -98.11189295, 35.79687592 ], [ -98.12321435, 35.75936273 ], [ -98.12453676, 35.75710163 ], [ -98.15417055, 35.71732731 ], [ -98.16298866, 35.70686016 ], [ -98.20096156, 35.67755301 ], [ -98.20276296, 35.67602466 ], [ -98.21136378, 35.67755301 ], [ -98.24253727, 35.69017087 ], [ -98.25450129, 35.71732731 ], [ -98.26372991, 35.75710163 ], [ -98.26690785, 35.79687592 ] ] ] } },
{ "type": "Feature", "properties": { "Lower": 20.0 }, "geometry": { "type": "Polygon", "coordinates": [ [ [ -97.63327217, 37.9844628 ], [ -97.63069328, 38.0242371 ], [ -97.60825614, 38.06401142 ], [ -97.60614836, 38.06607165 ], [ -97.56637406, 38.09386251 ], [ -97.54779372, 38.10378571 ], [ -97.52659975, 38.11618984 ], [ -97.48682545, 38.10636716 ], [ -97.48519634, 38.10378571 ], [ -97.45806184, 38.06401142 ], [ -97.44705114, 38.04141879 ], [ -97.44144984, 38.0242371 ], [ -97.43279792, 37.9844628 ], [ -97.43295873, 37.94468848 ], [ -97.44705114, 37.90545676 ], [ -97.4476831, 37.90491418 ], [ -97.48682545, 37.87537154 ], [ -97.52048524, 37.86513988 ], [ -97.52659975, 37.86271064 ], [ -97.5409484, 37.86513988 ], [ -97.56637406, 37.86955407 ], [ -97.60446778, 37.90491418 ], [ -97.60614836, 37.90690803 ], [ -97.62426152, 37.94468848 ], [ -97.63327217, 37.9844628 ] ] ] } },
{ "type": "Feature", "properties": { "Lower": 20.0 }, "geometry": { "type": "Polygon", "coordinates": [ [ [ -96.62527378, 39.57543505 ], [ -96.62428323, 39.61520937 ], [ -96.61911657, 39.65498367 ], [ -96.61179071, 39.68748578 ], [ -96.60982499, 39.69475799 ], [ -96.59320113, 39.73453228 ], [ -96.57283489, 39.77430658 ], [ -96.5720164, 39.77557617 ], [ -96.54200683, 39.8140809 ], [ -96.5322421, 39.82368268 ], [ -96.49624761, 39.8538552 ], [ -96.49246779, 39.85676927 ], [ -96.45269349, 39.89258149 ], [ -96.45171981, 39.8936295 ], [ -96.41943633, 39.93340382 ], [ -96.41291916, 39.94494566 ], [ -96.39166371, 39.97317811 ], [ -96.37314485, 39.98874469 ], [ -96.33337055, 40.0028609 ], [ -96.29359624, 40.0028848 ], [ -96.25382194, 39.99465967 ], [ -96.21404763, 39.98105606 ], [ -96.19658489, 39.97317811 ], [ -96.17427333, 39.95711377 ], [ -96.1496268, 39.93340382 ], [ -96.14037481, 39.8936295 ], [ -96.16861635, 39.8538552 ], [ -96.17427333, 39.85267509 ], [ -96.21404763, 39.84959381 ], [ -96.25382194, 39.85293012 ], [ -96.29359624, 39.82872005 ], [ -96.30802861, 39.8140809 ], [ -96.33337055, 39.78694109 ], [ -96.34561541, 39.77430658 ], [ -96.37314485, 39.73766241 ], [ -96.37596729, 39.73453228 ], [ -96.39739828, 39.69475799 ], [ -96.40876322, 39.65498367 ], [ -96.41291916, 39.64040593 ], [ -96.42443069, 39.61520937 ], [ -96.44180271, 39.57543505 ], [ -96.45269349, 39.54846472 ], [ -96.46410798, 39.53566075 ], [ -96.49246779, 39.49708245 ], [ -96.49453213, 39.49588645 ], [ -96.5322421, 39.47011088 ], [ -96.5720164, 39.46587007 ], [ -96.60711103, 39.49588645 ], [ -96.61179071, 39.50374923 ], [ -96.62091492, 39.53566075 ], [ -96.62527378, 39.57543505 ] ] ] } },
{ "type": "Feature", "properties": { "Lower": 20.0 }, "geometry": { "type": "Polygon", "coordinates": [ [ [ -97.8450444, 37.46739681 ], [ -97.84479422, 37.46957902 ], [ -97.84017235, 37.50717111 ], [ -97.82299693, 37.54694541 ], [ -97.80501989, 37.57375468 ], [ -97.79530668, 37.58671973 ], [ -97.76524558, 37.61991668 ], [ -97.75849835, 37.62649403 ], [ -97.72547128, 37.6565792 ], [ -97.71293858, 37.66626835 ], [ -97.68569697, 37.68836909 ], [ -97.65428348, 37.70604265 ], [ -97.64592267, 37.71181557 ], [ -97.60614836, 37.72127038 ], [ -97.57621023, 37.70604265 ], [ -97.56637406, 37.70163776 ], [ -97.53860973, 37.66626835 ], [ -97.52659975, 37.65210768 ], [ -97.51086426, 37.62649403 ], [ -97.48682545, 37.5879079 ], [ -97.48618703, 37.58671973 ], [ -97.46588136, 37.54694541 ], [ -97.45115671, 37.50717111 ], [ -97.44873374, 37.46739681 ], [ -97.4606257, 37.42762249 ], [ -97.48682545, 37.38799787 ], [ -97.48692784, 37.3878482 ], [ -97.52659975, 37.35049271 ], [ -97.53035855, 37.34807387 ], [ -97.56637406, 37.32891319 ], [ -97.60614836, 37.31874002 ], [ -97.64592267, 37.31233232 ], [ -97.68569697, 37.31340996 ], [ -97.72547128, 37.31522156 ], [ -97.76524558, 37.32453558 ], [ -97.79842645, 37.34807387 ], [ -97.80501989, 37.35888022 ], [ -97.82176222, 37.3878482 ], [ -97.83737104, 37.42762249 ], [ -97.84479422, 37.46620728 ], [ -97.8450444, 37.46739681 ] ], [ [ -97.69711142, 37.42762249 ], [ -97.68569697, 37.46412371 ], [ -97.68353865, 37.46739681 ], [ -97.64592267, 37.49689108 ], [ -97.60614836, 37.49812904 ], [ -97.56637406, 37.46999326 ], [ -97.56472666, 37.46739681 ], [ -97.5545879, 37.42762249 ], [ -97.56637406, 37.40650798 ], [ -97.57965304, 37.3878482 ], [ -97.60614836, 37.37787882 ], [ -97.64592267, 37.37500466 ], [ -97.68569697, 37.38601017 ], [ -97.68823209, 37.3878482 ], [ -97.69711142, 37.42762249 ] ] ] } },
{ "type": "Feature", "properties": { "Lower": 20.0 }, "geometry": { "type": "Polygon", "coordinates": [ [ [ -98.47083317, 36.43326482 ], [ -98.46245998, 36.47303914 ], [ -98.4414088, 36.49992976 ], [ -98.43575161, 36.51281344 ], [ -98.40835594, 36.55258776 ], [ -98.40163449, 36.55747611 ], [ -98.36764985, 36.59236206 ], [ -98.36186019, 36.59575083 ], [ -98.32208588, 36.6219542 ], [ -98.30863096, 36.63213636 ], [ -98.28231157, 36.64541465 ], [ -98.24253727, 36.66534831 ], [ -98.22931311, 36.67191068 ], [ -98.20276296, 36.68164565 ], [ -98.16298866, 36.69510686 ], [ -98.12321435, 36.70590662 ], [ -98.09586353, 36.71168498 ], [ -98.08344005, 36.71423776 ], [ -98.04366574, 36.72248067 ], [ -98.00389144, 36.73613737 ], [ -97.96411713, 36.73165198 ], [ -97.92434283, 36.71704221 ], [ -97.91196393, 36.71168498 ], [ -97.88456852, 36.69837489 ], [ -97.8550401, 36.67191068 ], [ -97.84479422, 36.65790557 ], [ -97.83112276, 36.63213636 ], [ -97.82148881, 36.59236206 ], [ -97.82372442, 36.55258776 ], [ -97.83950583, 36.51281344 ], [ -97.84479422, 36.50675156 ], [ -97.87360462, 36.47303914 ], [ -97.88456852, 36.46516761 ], [ -97.92434283, 36.4408301 ], [ -97.94133412, 36.43326482 ], [ -97.96411713, 36.42596487 ], [ -98.00389144, 36.40612853 ], [ -98.02517471, 36.39349053 ], [ -98.04366574, 36.38343076 ], [ -98.08344005, 36.36725276 ], [ -98.12321435, 36.35488844 ], [ -98.12908636, 36.35371623 ], [ -98.16298866, 36.34782964 ], [ -98.20276296, 36.34577147 ], [ -98.24253727, 36.34763725 ], [ -98.28231157, 36.35174169 ], [ -98.29965303, 36.35371623 ], [ -98.32208588, 36.36028896 ], [ -98.36186019, 36.37118385 ], [ -98.40163449, 36.38087553 ], [ -98.4414088, 36.39078979 ], [ -98.45356315, 36.39349053 ], [ -98.47083317, 36.43326482 ] ] ] } },
{ "type": "Feature", "properties": { "Lower": 20.0 }, "geometry": { "type": "Polygon", "coordinates": [ [ [ -99.5114078, 38.22310863 ], [ -99.5101592, 38.26288293 ], [ -99.48812059, 38.30265725 ], [ -99.47554078, 38.31375312 ], [ -99.44058313, 38.34243155 ], [ -99.43576647, 38.34603523 ], [ -99.39599217, 38.3624354 ], [ -99.35621786, 38.37043265 ], [ -99.31644356, 38.36392018 ], [ -99.27837402, 38.34243155 ], [ -99.27666925, 38.34131797 ], [ -99.23689495, 38.31281137 ], [ -99.21712465, 38.30265725 ], [ -99.19712064, 38.29410026 ], [ -99.15734631, 38.28627366 ], [ -99.11757201, 38.28123026 ], [ -99.0777977, 38.27378188 ], [ -99.04617137, 38.26288293 ], [ -99.0380234, 38.25552345 ], [ -99.01395492, 38.22310863 ], [ -99.00011866, 38.18333433 ], [ -98.99824909, 38.17598653 ], [ -98.98901511, 38.14356001 ], [ -98.97847448, 38.10378571 ], [ -98.97010247, 38.06401142 ], [ -98.96631038, 38.0242371 ], [ -98.97706429, 37.9844628 ], [ -98.99824909, 37.96710081 ], [ -99.0380234, 37.95173893 ], [ -99.0777977, 37.94778985 ], [ -99.11757201, 37.94613013 ], [ -99.13931232, 37.94468848 ], [ -99.15734631, 37.94337111 ], [ -99.19712064, 37.94038025 ], [ -99.23689495, 37.93723261 ], [ -99.27666925, 37.93666043 ], [ -99.31644356, 37.94216968 ], [ -99.32311367, 37.94468848 ], [ -99.35621786, 37.95668594 ], [ -99.39599217, 37.98130796 ], [ -99.39936919, 37.9844628 ], [ -99.43576647, 38.018919 ], [ -99.43973521, 38.0242371 ], [ -99.46662675, 38.06401142 ], [ -99.47554078, 38.0794977 ], [ -99.48615549, 38.10378571 ], [ -99.49946987, 38.14356001 ], [ -99.50795691, 38.18333433 ], [ -99.5114078, 38.22310863 ] ] ] } },
{ "type": "Feature", "properties": { "Lower": 20.0 }, "geometry": { "type": "Polygon", "coordinates": [ [ [ -108.67335973, 45.8200012 ], [ -108.67335973, 45.85977549 ], [ -108.67335973, 45.89954979 ], [ -108.67335973, 45.93932411 ], [ -108.66340559, 45.94927825 ], [ -108.63358542, 45.97909841 ], [ -108.63358542, 46.01887273 ], [ -108.63358542, 46.05864703 ], [ -108.62363128, 46.06860117 ], [ -108.59381112, 46.09842133 ], [ -108.59381112, 46.13819565 ], [ -108.58385698, 46.14814978 ], [ -108.55403681, 46.17796994 ], [ -108.54408267, 46.18792408 ], [ -108.5142625, 46.21774426 ], [ -108.50430837, 46.2276984 ], [ -108.47448827, 46.25751856 ], [ -108.46453406, 46.26747277 ], [ -108.43471415, 46.29729286 ], [ -108.42475976, 46.30724726 ], [ -108.38498545, 46.30724759 ], [ -108.35516656, 46.33706718 ], [ -108.34521115, 46.34702259 ], [ -108.30543684, 46.34702357 ], [ -108.26566254, 46.347025 ], [ -108.22588823, 46.34702704 ], [ -108.18611393, 46.34702974 ], [ -108.18611393, 46.34701215 ], [ -108.20662313, 46.33706718 ], [ -108.20150528, 46.29729286 ], [ -108.1949474, 46.25751856 ], [ -108.18688454, 46.21774426 ], [ -108.18611393, 46.21455277 ], [ -108.17940712, 46.17796994 ], [ -108.17097898, 46.13819565 ], [ -108.16126978, 46.09842133 ], [ -108.15029713, 46.05864703 ], [ -108.14633962, 46.04548958 ], [ -108.14074753, 46.01887273 ], [ -108.13281656, 45.97909841 ], [ -108.12680384, 45.93932411 ], [ -108.1240969, 45.89954979 ], [ -108.14633962, 45.87324511 ], [ -108.16026029, 45.85977549 ], [ -108.18611393, 45.84013869 ], [ -108.21371921, 45.8200012 ], [ -108.22588823, 45.81515048 ], [ -108.26566254, 45.79930144 ], [ -108.30231751, 45.78022688 ], [ -108.30543684, 45.77925208 ], [ -108.34521115, 45.76850624 ], [ -108.38498545, 45.75446831 ], [ -108.41263291, 45.74045258 ], [ -108.42475976, 45.73654845 ], [ -108.46453406, 45.72511518 ], [ -108.50430837, 45.71008716 ], [ -108.52193034, 45.70067828 ], [ -108.54408267, 45.69309552 ], [ -108.58385698, 45.6804895 ], [ -108.59380496, 45.66090396 ], [ -108.59382256, 45.66090396 ], [ -108.62363128, 45.69072307 ], [ -108.63358651, 45.70067828 ], [ -108.63358549, 45.74045258 ], [ -108.63358542, 45.78022688 ], [ -108.66340559, 45.81004706 ], [ -108.67335973, 45.8200012 ] ] ] } },
{ "type": "Feature", "properties": { "Lower": 20.0 }, "geometry": { "type": "Polygon", "coordinates": [ [ [ -98.91043923, 34.84229257 ], [ -98.91009647, 34.88206687 ], [ -98.90746613, 34.92184119 ], [ -98.90345687, 34.96161549 ], [ -98.8989873, 35.00138979 ], [ -98.89409638, 35.04116411 ], [ -98.88877861, 35.08093841 ], [ -98.88262235, 35.12071273 ], [ -98.87892618, 35.14091137 ], [ -98.87521981, 35.16048702 ], [ -98.86631843, 35.20026132 ], [ -98.85514161, 35.24003564 ], [ -98.84165329, 35.27980994 ], [ -98.83915187, 35.28670027 ], [ -98.82545029, 35.31958426 ], [ -98.80691609, 35.35935856 ], [ -98.79937757, 35.374624 ], [ -98.78452367, 35.39913286 ], [ -98.75960326, 35.43768166 ], [ -98.75854336, 35.43890718 ], [ -98.72340756, 35.47868147 ], [ -98.71982896, 35.48281539 ], [ -98.68005465, 35.51242791 ], [ -98.65722167, 35.5184558 ], [ -98.64028035, 35.52340321 ], [ -98.61698612, 35.5184558 ], [ -98.60050604, 35.51545943 ], [ -98.56073173, 35.49019628 ], [ -98.55083982, 35.47868147 ], [ -98.52095743, 35.44797454 ], [ -98.51521609, 35.43890718 ], [ -98.48477484, 35.39913286 ], [ -98.4811831, 35.39527096 ], [ -98.45894701, 35.35935856 ], [ -98.4414088, 35.3293048 ], [ -98.43914104, 35.31958426 ], [ -98.436252, 35.27980994 ], [ -98.43941831, 35.24003564 ], [ -98.4414088, 35.23620133 ], [ -98.45783587, 35.20026132 ], [ -98.46528594, 35.16048702 ], [ -98.47793832, 35.12071273 ], [ -98.4811831, 35.10221539 ], [ -98.48592307, 35.08093841 ], [ -98.4811831, 35.0674687 ], [ -98.46524287, 35.04116411 ], [ -98.44681007, 35.00138979 ], [ -98.4414088, 34.98635168 ], [ -98.42878443, 34.96161549 ], [ -98.41466647, 34.92184119 ], [ -98.40587437, 34.88206687 ], [ -98.4040751, 34.84229257 ], [ -98.41365041, 34.80251825 ], [ -98.4414088, 34.76717128 ], [ -98.44762491, 34.76274396 ], [ -98.4811831, 34.74777877 ], [ -98.52095743, 34.73719104 ], [ -98.56073173, 34.73005525 ], [ -98.60050604, 34.72473151 ], [ -98.61802091, 34.72296966 ], [ -98.64028035, 34.72101404 ], [ -98.68005465, 34.71894352 ], [ -98.71982896, 34.71871645 ], [ -98.75960326, 34.7181173 ], [ -98.79937757, 34.71616316 ], [ -98.83915187, 34.71808643 ], [ -98.85140324, 34.72296966 ], [ -98.87892618, 34.74284729 ], [ -98.89121066, 34.76274396 ], [ -98.90556827, 34.80251825 ], [ -98.91043923, 34.84229257 ] ] ] } },
{ "type": "Feature", "properties": { "Lower": 20.0 }, "geometry": { "type": "Polygon", "coordinates": [ [ [ -100.98285351, 41.0868587 ], [ -100.97878338, 41.12663302 ], [ -100.96621348, 41.16640732 ], [ -100.95617296, 41.20618162 ], [ -100.94745075, 41.24595594 ], [ -100.94719012, 41.24714146 ], [ -100.93640856, 41.28573023 ], [ -100.91928547, 41.32550456 ], [ -100.90741581, 41.34679706 ], [ -100.89298484, 41.36527885 ], [ -100.86764151, 41.39703963 ], [ -100.85926862, 41.40505315 ], [ -100.8278672, 41.43631436 ], [ -100.81658353, 41.44482747 ], [ -100.7880929, 41.46753936 ], [ -100.75892161, 41.48460177 ], [ -100.74831859, 41.4911756 ], [ -100.70854429, 41.50737069 ], [ -100.66876998, 41.51519296 ], [ -100.62899568, 41.51388643 ], [ -100.58922137, 41.50260811 ], [ -100.55803521, 41.48460177 ], [ -100.54944707, 41.47929573 ], [ -100.51337015, 41.44482747 ], [ -100.50967274, 41.44092177 ], [ -100.48420601, 41.40505315 ], [ -100.46989843, 41.38269762 ], [ -100.4609442, 41.36527885 ], [ -100.4434242, 41.32550456 ], [ -100.43012413, 41.28706576 ], [ -100.42973831, 41.28573023 ], [ -100.4215176, 41.24595594 ], [ -100.41815238, 41.20618162 ], [ -100.42222506, 41.16640732 ], [ -100.42881283, 41.12663302 ], [ -100.43012413, 41.11825755 ], [ -100.43548699, 41.0868587 ], [ -100.44165158, 41.0470844 ], [ -100.44708856, 41.00731008 ], [ -100.45212098, 40.96753579 ], [ -100.45778715, 40.92776149 ], [ -100.46669183, 40.88798717 ], [ -100.46989843, 40.88044732 ], [ -100.48969382, 40.84821287 ], [ -100.50967274, 40.82969395 ], [ -100.54726743, 40.80843855 ], [ -100.54944707, 40.80754357 ], [ -100.58922137, 40.79730423 ], [ -100.62899568, 40.79215291 ], [ -100.66876998, 40.79086949 ], [ -100.70854429, 40.79306012 ], [ -100.74831859, 40.7997573 ], [ -100.77787314, 40.80843855 ], [ -100.7880929, 40.81168595 ], [ -100.8278672, 40.8313235 ], [ -100.85063546, 40.84821287 ], [ -100.86764151, 40.86177765 ], [ -100.88978674, 40.88798717 ], [ -100.90741581, 40.91060821 ], [ -100.91820886, 40.92776149 ], [ -100.9417198, 40.96753579 ], [ -100.94719012, 40.97786458 ], [ -100.96083563, 41.00731008 ], [ -100.97570389, 41.0470844 ], [ -100.98285351, 41.0868587 ] ] ] } },
{ "type": "Feature", "properties": { "Lower": 20.0 }, "geometry": { "type": "Polygon", "coordinates": [ [ [ -99.91305816, 30.81512626 ], [ -99.91305816, 30.81514384 ], [ -99.90658525, 30.8250876 ], [ -99.88429162, 30.86486192 ], [ -99.87328385, 30.88677648 ], [ -99.86350132, 30.90463621 ], [ -99.84346271, 30.94441054 ], [ -99.83350953, 30.96579132 ], [ -99.82422681, 30.98418483 ], [ -99.80504013, 31.02395913 ], [ -99.79373522, 31.04832296 ], [ -99.78602995, 31.06373345 ], [ -99.76577023, 31.10350775 ], [ -99.75396091, 31.12558944 ], [ -99.74387064, 31.14328207 ], [ -99.72136635, 31.18305637 ], [ -99.71483941, 31.22283066 ], [ -99.71418661, 31.2429032 ], [ -99.71340372, 31.26260499 ], [ -99.71313694, 31.30237928 ], [ -99.71225118, 31.34215358 ], [ -99.70643183, 31.3819279 ], [ -99.68877532, 31.4217022 ], [ -99.6744123, 31.43863769 ], [ -99.634638, 31.45204972 ], [ -99.59486369, 31.45196876 ], [ -99.55508939, 31.44508171 ], [ -99.51531508, 31.43370423 ], [ -99.48095595, 31.4217022 ], [ -99.47554078, 31.41960998 ], [ -99.43576647, 31.40212394 ], [ -99.39599217, 31.38391842 ], [ -99.39192459, 31.3819279 ], [ -99.35621786, 31.36297576 ], [ -99.31855684, 31.34215358 ], [ -99.31644356, 31.34092741 ], [ -99.27666925, 31.31849626 ], [ -99.24885096, 31.30237928 ], [ -99.23689495, 31.29485523 ], [ -99.19712064, 31.26973733 ], [ -99.18557755, 31.26260499 ], [ -99.15734631, 31.2442666 ], [ -99.12345448, 31.22283066 ], [ -99.11757201, 31.21894403 ], [ -99.0777977, 31.19327398 ], [ -99.06142153, 31.18305637 ], [ -99.0380234, 31.16807343 ], [ -98.99824909, 31.17311209 ], [ -98.99824909, 31.1730945 ], [ -99.02806267, 31.14328207 ], [ -99.0380234, 31.13332133 ], [ -99.06783795, 31.10350775 ], [ -99.06783846, 31.06373345 ], [ -99.0777977, 31.05377419 ], [ -99.10761342, 31.02395913 ], [ -99.11757201, 31.01400054 ], [ -99.14738819, 30.98418483 ], [ -99.15734631, 30.9742267 ], [ -99.18716279, 30.94441054 ], [ -99.19712064, 30.93445267 ], [ -99.22693724, 30.90463621 ], [ -99.22693728, 30.86486192 ], [ -99.23689495, 30.85490424 ], [ -99.26671159, 30.8250876 ], [ -99.27666925, 30.81512994 ], [ -99.30648589, 30.7853133 ], [ -99.31644356, 30.77535565 ], [ -99.35621786, 30.77535565 ], [ -99.3860345, 30.745539 ], [ -99.39599217, 30.73558135 ], [ -99.42580881, 30.70576468 ], [ -99.43576647, 30.69580703 ], [ -99.47554078, 30.69580703 ], [ -99.51531508, 30.69580703 ], [ -99.55508939, 30.69580703 ], [ -99.59486369, 30.69580703 ], [ -99.634638, 30.69580703 ], [ -99.6744123, 30.69580698 ], [ -99.71418661, 30.69580691 ], [ -99.72414439, 30.70576468 ], [ -99.75396091, 30.73558099 ], [ -99.79373522, 30.7355807 ], [ -99.80369351, 30.745539 ], [ -99.83350953, 30.77535428 ], [ -99.87328385, 30.77535359 ], [ -99.88324356, 30.7853133 ], [ -99.91305816, 30.81512626 ] ] ] } },
{ "type": "Feature", "properties": { "Lower": 20.0 }, "geometry": { "type": "Polygon", "coordinates": [ [ [ -99.72434136, 34.16612935 ], [ -99.71980112, 34.20590368 ], [ -99.71418661, 34.2275061 ], [ -99.70969708, 34.24567797 ], [ -99.69474487, 34.28545227 ], [ -99.67547478, 34.32522659 ], [ -99.6744123, 34.32698115 ], [ -99.64778441, 34.36500089 ], [ -99.634638, 34.38117954 ], [ -99.60999533, 34.40477521 ], [ -99.59486369, 34.41783684 ], [ -99.55508939, 34.43932522 ], [ -99.52986862, 34.44454951 ], [ -99.51531508, 34.4473707 ], [ -99.50013332, 34.44454951 ], [ -99.47554078, 34.43966614 ], [ -99.43576647, 34.42995998 ], [ -99.39599217, 34.4291466 ], [ -99.35621786, 34.43721732 ], [ -99.32605946, 34.44454951 ], [ -99.31644356, 34.44720524 ], [ -99.27666925, 34.45894185 ], [ -99.23689495, 34.46973511 ], [ -99.19712064, 34.4801945 ], [ -99.18188392, 34.4843238 ], [ -99.15734631, 34.4962599 ], [ -99.11757201, 34.51848452 ], [ -99.10606301, 34.52409812 ], [ -99.0777977, 34.53731237 ], [ -99.0380234, 34.54823759 ], [ -98.99824909, 34.54829391 ], [ -98.95847479, 34.52718459 ], [ -98.95628532, 34.52409812 ], [ -98.93342778, 34.4843238 ], [ -98.91870048, 34.45417801 ], [ -98.91546371, 34.44454951 ], [ -98.91870048, 34.43121404 ], [ -98.92576024, 34.40477521 ], [ -98.95847479, 34.37940955 ], [ -98.97060974, 34.36500089 ], [ -98.99253321, 34.32522659 ], [ -98.99824909, 34.31139548 ], [ -99.0069678, 34.28545227 ], [ -99.01897249, 34.24567797 ], [ -99.03643226, 34.20590368 ], [ -99.0380234, 34.20318961 ], [ -99.05976151, 34.16612935 ], [ -99.0777977, 34.1363314 ], [ -99.08409463, 34.12635506 ], [ -99.10984197, 34.08658074 ], [ -99.11757201, 34.07484274 ], [ -99.13690488, 34.04680644 ], [ -99.15734631, 34.0167772 ], [ -99.16462799, 34.00703214 ], [ -99.19502328, 33.96725782 ], [ -99.19712064, 33.9645439 ], [ -99.2286187, 33.92748352 ], [ -99.23689495, 33.91737472 ], [ -99.26392719, 33.8877092 ], [ -99.27666925, 33.87288394 ], [ -99.3008712, 33.8479349 ], [ -99.31644356, 33.83025094 ], [ -99.33884422, 33.80816061 ], [ -99.35621786, 33.7887362 ], [ -99.37809868, 33.76838629 ], [ -99.39599217, 33.74892949 ], [ -99.41990218, 33.72861199 ], [ -99.43576647, 33.71223283 ], [ -99.46727962, 33.68883769 ], [ -99.47554078, 33.68103822 ], [ -99.51531508, 33.65957233 ], [ -99.55508939, 33.65680241 ], [ -99.59449366, 33.68883769 ], [ -99.59486369, 33.68918555 ], [ -99.62081232, 33.72861199 ], [ -99.634638, 33.76031635 ], [ -99.63859174, 33.76838629 ], [ -99.6548225, 33.80816061 ], [ -99.6668464, 33.8479349 ], [ -99.6744123, 33.88196389 ], [ -99.67671687, 33.8877092 ], [ -99.68681596, 33.92748352 ], [ -99.69123069, 33.96725782 ], [ -99.68984474, 34.00703214 ], [ -99.69018532, 34.04680644 ], [ -99.71026517, 34.08658074 ], [ -99.71418661, 34.09733746 ], [ -99.7212094, 34.12635506 ], [ -99.72434136, 34.16612935 ] ], [ [ -99.59519297, 33.96725782 ], [ -99.59486369, 33.97535106 ], [ -99.59383132, 34.00703214 ], [ -99.58903168, 34.04680644 ], [ -99.58071083, 34.08658074 ], [ -99.56841681, 34.12635506 ], [ -99.55508939, 34.15515647 ], [ -99.54993842, 34.16612935 ], [ -99.5278223, 34.20590368 ], [ -99.51531508, 34.22327239 ], [ -99.50238539, 34.24567797 ], [ -99.47554078, 34.27620239 ], [ -99.46789696, 34.28545227 ], [ -99.43576647, 34.31311379 ], [ -99.42047575, 34.32522659 ], [ -99.39599217, 34.34116825 ], [ -99.35621786, 34.36209687 ], [ -99.3490167, 34.36500089 ], [ -99.31644356, 34.37798802 ], [ -99.27666925, 34.38789036 ], [ -99.23689495, 34.39229532 ], [ -99.19712064, 34.39126937 ], [ -99.15734631, 34.38416203 ], [ -99.11757201, 34.3689041 ], [ -99.11061838, 34.36500089 ], [ -99.0777977, 34.34280967 ], [ -99.06578443, 34.32522659 ], [ -99.05529987, 34.28545227 ], [ -99.05656913, 34.24567797 ], [ -99.0688253, 34.20590368 ], [ -99.0777977, 34.18931487 ], [ -99.09079719, 34.16612935 ], [ -99.11467833, 34.12635506 ], [ -99.11757201, 34.12178021 ], [ -99.14130255, 34.08658074 ], [ -99.15734631, 34.06226906 ], [ -99.16847692, 34.04680644 ], [ -99.19712064, 34.0072877 ], [ -99.19733694, 34.00703214 ], [ -99.23142489, 33.96725782 ], [ -99.23689495, 33.96071272 ], [ -99.2682969, 33.92748352 ], [ -99.27666925, 33.91819446 ], [ -99.30854545, 33.8877092 ], [ -99.31644356, 33.87953125 ], [ -99.35225379, 33.8479349 ], [ -99.35621786, 33.84403465 ], [ -99.39599217, 33.81314656 ], [ -99.40545487, 33.80816061 ], [ -99.43576647, 33.78950891 ], [ -99.47554078, 33.77758808 ], [ -99.51531508, 33.78472576 ], [ -99.54959403, 33.80816061 ], [ -99.55508939, 33.81220057 ], [ -99.57607014, 33.8479349 ], [ -99.58687646, 33.8877092 ], [ -99.59289301, 33.92748352 ], [ -99.59486369, 33.96222902 ], [ -99.59519297, 33.96725782 ] ] ] } },
{ "type": "Feature", "properties": { "Lower": 20.0 }, "geometry": { "type": "Polygon", "coordinates": [ [ [ -100.83309924, 44.62677199 ], [ -100.8278672, 44.64691221 ], [ -100.82272642, 44.66654629 ], [ -100.80398144, 44.70632061 ], [ -100.7880929, 44.73564631 ], [ -100.78214653, 44.74609491 ], [ -100.75748116, 44.78586923 ], [ -100.74831859, 44.80002334 ], [ -100.73065252, 44.82564353 ], [ -100.70854429, 44.85715728 ], [ -100.70228768, 44.86541782 ], [ -100.67211889, 44.90519214 ], [ -100.66876998, 44.90966009 ], [ -100.63987652, 44.94496644 ], [ -100.62899568, 44.95862888 ], [ -100.60584311, 44.98474074 ], [ -100.58922137, 45.00427022 ], [ -100.56973953, 45.02451506 ], [ -100.54944707, 45.04676411 ], [ -100.53095385, 45.06428936 ], [ -100.50967274, 45.08582082 ], [ -100.48813605, 45.10406368 ], [ -100.46989843, 45.1208446 ], [ -100.43874295, 45.14383798 ], [ -100.43012413, 45.15087314 ], [ -100.39034982, 45.1745603 ], [ -100.3648665, 45.18361227 ], [ -100.35057552, 45.18942986 ], [ -100.31080121, 45.19161835 ], [ -100.28983817, 45.18361227 ], [ -100.27102691, 45.17566974 ], [ -100.24054962, 45.14383798 ], [ -100.2312526, 45.13277569 ], [ -100.21571659, 45.10406368 ], [ -100.19759988, 45.06428936 ], [ -100.1914783, 45.04939051 ], [ -100.18351815, 45.02451506 ], [ -100.1722549, 44.98474074 ], [ -100.16252022, 44.94496644 ], [ -100.15421513, 44.90519214 ], [ -100.15170399, 44.89250981 ], [ -100.14705186, 44.86541782 ], [ -100.14090816, 44.82564353 ], [ -100.13547331, 44.78586923 ], [ -100.13039428, 44.74609491 ], [ -100.12554384, 44.70632061 ], [ -100.11192969, 44.66699418 ], [ -100.11172756, 44.66654629 ], [ -100.08183389, 44.62677199 ], [ -100.07215538, 44.60821719 ], [ -100.06341037, 44.5869977 ], [ -100.05117595, 44.54722337 ], [ -100.0404763, 44.50744908 ], [ -100.03238107, 44.4746737 ], [ -100.03075053, 44.46767476 ], [ -100.02310532, 44.42790046 ], [ -100.01731642, 44.38812616 ], [ -100.01488482, 44.34835184 ], [ -100.02084838, 44.30857754 ], [ -100.03238107, 44.28644776 ], [ -100.0559071, 44.26880322 ], [ -100.07215538, 44.26039127 ], [ -100.11192969, 44.25161001 ], [ -100.15170399, 44.24934511 ], [ -100.1914783, 44.25090279 ], [ -100.2312526, 44.25473215 ], [ -100.27102691, 44.26023664 ], [ -100.31080121, 44.26684811 ], [ -100.32110213, 44.26880322 ], [ -100.35057552, 44.27426831 ], [ -100.39034982, 44.28289101 ], [ -100.43012413, 44.29302018 ], [ -100.46989843, 44.30504439 ], [ -100.48009442, 44.30857754 ], [ -100.50967274, 44.31919034 ], [ -100.54944707, 44.33612909 ], [ -100.57427543, 44.34835184 ], [ -100.58922137, 44.35588838 ], [ -100.62899568, 44.37850462 ], [ -100.64401704, 44.38812616 ], [ -100.66876998, 44.40340186 ], [ -100.7038184, 44.42790046 ], [ -100.70854429, 44.43115868 ], [ -100.74831859, 44.45968655 ], [ -100.75885282, 44.46767476 ], [ -100.7880929, 44.49777784 ], [ -100.79743958, 44.50744908 ], [ -100.82140845, 44.54722337 ], [ -100.8278672, 44.56925698 ], [ -100.83287465, 44.5869977 ], [ -100.83309924, 44.62677199 ] ], [ [ -100.62380577, 44.62677199 ], [ -100.61069978, 44.66654629 ], [ -100.58922137, 44.69800225 ], [ -100.58244167, 44.70632061 ], [ -100.54944707, 44.7402972 ], [ -100.54231139, 44.74609491 ], [ -100.50967274, 44.77057381 ], [ -100.4808256, 44.78586923 ], [ -100.46989843, 44.79153844 ], [ -100.43012413, 44.8034191 ], [ -100.39034982, 44.80560051 ], [ -100.35057552, 44.79731062 ], [ -100.32787248, 44.78586923 ], [ -100.31080121, 44.77803122 ], [ -100.27102691, 44.74704176 ], [ -100.27025588, 44.74609491 ], [ -100.23346484, 44.70632061 ], [ -100.2312526, 44.70430207 ], [ -100.20769134, 44.66654629 ], [ -100.1914783, 44.64605606 ], [ -100.17673524, 44.62677199 ], [ -100.15170399, 44.60558827 ], [ -100.13599187, 44.5869977 ], [ -100.11849334, 44.54722337 ], [ -100.11192969, 44.52723995 ], [ -100.10678457, 44.50744908 ], [ -100.09931975, 44.46767476 ], [ -100.0977877, 44.42790046 ], [ -100.11192969, 44.39306288 ], [ -100.1181143, 44.38812616 ], [ -100.15170399, 44.37221527 ], [ -100.1914783, 44.36507738 ], [ -100.2312526, 44.36411306 ], [ -100.27102691, 44.36742315 ], [ -100.31080121, 44.37390492 ], [ -100.35057552, 44.38262497 ], [ -100.37084417, 44.38812616 ], [ -100.39034982, 44.39445948 ], [ -100.43012413, 44.40970322 ], [ -100.46989843, 44.42674989 ], [ -100.47235582, 44.42790046 ], [ -100.50967274, 44.44866053 ], [ -100.54318936, 44.46767476 ], [ -100.54944707, 44.47289584 ], [ -100.58754021, 44.50744908 ], [ -100.58922137, 44.51014491 ], [ -100.6115482, 44.54722337 ], [ -100.62353318, 44.5869977 ], [ -100.62380577, 44.62677199 ] ] ] } },
{ "type": "Feature", "properties": { "Lower": 20.0 }, "geometry": { "type": "Polygon", "coordinates": [ [ [ -101.51397522, 32.37628557 ], [ -101.51399281, 32.37628557 ], [ -101.54380472, 32.40610157 ], [ -101.55376301, 32.41605987 ], [ -101.58357903, 32.44587977 ], [ -101.59353344, 32.45583417 ], [ -101.62335333, 32.48565775 ], [ -101.63330408, 32.49560849 ], [ -101.66312764, 32.52543549 ], [ -101.67307493, 32.53538278 ], [ -101.70290194, 32.56521297 ], [ -101.71284607, 32.57515711 ], [ -101.70290194, 32.58846114 ], [ -101.66850345, 32.6149314 ], [ -101.66312764, 32.61903766 ], [ -101.62335333, 32.64910058 ], [ -101.61584456, 32.6547057 ], [ -101.58357903, 32.67879127 ], [ -101.56215787, 32.69448002 ], [ -101.54380472, 32.70792171 ], [ -101.50750154, 32.73425432 ], [ -101.50403041, 32.73676328 ], [ -101.46425611, 32.76548352 ], [ -101.45246701, 32.77402864 ], [ -101.4244818, 32.79431315 ], [ -101.39746803, 32.81380294 ], [ -101.3847075, 32.82300939 ], [ -101.34493319, 32.85191708 ], [ -101.34270058, 32.85357723 ], [ -101.30515889, 32.88149293 ], [ -101.28941463, 32.89335156 ], [ -101.26538458, 32.91150924 ], [ -101.23748936, 32.93312585 ], [ -101.22561028, 32.94230171 ], [ -101.18727006, 32.97290015 ], [ -101.18583595, 32.97405205 ], [ -101.14606164, 33.00763854 ], [ -101.14035662, 33.01267447 ], [ -101.10628734, 33.043029 ], [ -101.09589645, 33.05244877 ], [ -101.06651303, 33.07959346 ], [ -101.05302717, 33.09222309 ], [ -101.02673873, 33.11715902 ], [ -101.01130488, 33.13199739 ], [ -100.98696442, 33.15562662 ], [ -100.97055292, 33.17177168 ], [ -100.94719012, 33.19490547 ], [ -100.93071113, 33.211546 ], [ -100.90741581, 33.23522448 ], [ -100.89188207, 33.2513203 ], [ -100.86764151, 33.27668833 ], [ -100.85421648, 33.29109462 ], [ -100.8278672, 33.31955888 ], [ -100.81774232, 33.33086892 ], [ -100.7880929, 33.36432466 ], [ -100.782703, 33.37064322 ], [ -100.74948574, 33.41041754 ], [ -100.74831859, 33.41185012 ], [ -100.71889851, 33.45019184 ], [ -100.70854429, 33.4646238 ], [ -100.69167108, 33.48996616 ], [ -100.66876998, 33.52787491 ], [ -100.66773844, 33.52974045 ], [ -100.64878909, 33.56951475 ], [ -100.634043, 33.60928907 ], [ -100.62899568, 33.62786489 ], [ -100.62364117, 33.64906337 ], [ -100.61441547, 33.68883769 ], [ -100.60573441, 33.72861199 ], [ -100.59765365, 33.76838629 ], [ -100.59058453, 33.80816061 ], [ -100.58922137, 33.81899169 ], [ -100.58555351, 33.8479349 ], [ -100.5840841, 33.8877092 ], [ -100.58857179, 33.92748352 ], [ -100.58922137, 33.92928552 ], [ -100.60284567, 33.96725782 ], [ -100.62753738, 34.00703214 ], [ -100.62899568, 34.00865784 ], [ -100.66385402, 34.04680644 ], [ -100.66876998, 34.05097433 ], [ -100.70854429, 34.08418171 ], [ -100.71148104, 34.08658074 ], [ -100.74831859, 34.11130147 ], [ -100.77120152, 34.12635506 ], [ -100.7880929, 34.13573128 ], [ -100.8278672, 34.15698646 ], [ -100.84572486, 34.16612935 ], [ -100.86764151, 34.17568008 ], [ -100.90741581, 34.19184701 ], [ -100.94500605, 34.20590368 ], [ -100.94719012, 34.20662088 ], [ -100.98696442, 34.21827603 ], [ -101.02673873, 34.22821191 ], [ -101.06651303, 34.23590176 ], [ -101.10628734, 34.24080357 ], [ -101.14606164, 34.242348 ], [ -101.18583595, 34.2408209 ], [ -101.22561028, 34.23648601 ], [ -101.26538458, 34.2292168 ], [ -101.30515889, 34.21873054 ], [ -101.33997472, 34.20590368 ], [ -101.34493319, 34.20388456 ], [ -101.3847075, 34.18498307 ], [ -101.4244818, 34.17521116 ], [ -101.46425611, 34.17419785 ], [ -101.50403041, 34.17546498 ], [ -101.54380472, 34.17242858 ], [ -101.57312942, 34.16612935 ], [ -101.58357903, 34.16282652 ], [ -101.62335333, 34.14524229 ], [ -101.66180091, 34.12635506 ], [ -101.66312764, 34.1255962 ], [ -101.70290194, 34.10275223 ], [ -101.73206016, 34.08658074 ], [ -101.74267625, 34.08008602 ], [ -101.78245055, 34.05630896 ], [ -101.79870809, 34.04680644 ], [ -101.82222486, 34.03190599 ], [ -101.86199916, 34.00755321 ], [ -101.8628491, 34.00703214 ], [ -101.90177347, 33.98149995 ], [ -101.92405602, 33.96725782 ], [ -101.9415478, 33.95476762 ], [ -101.9813221, 33.92800139 ], [ -101.98209888, 33.92748352 ], [ -102.02109641, 33.89755518 ], [ -102.03469104, 33.8877092 ], [ -102.06087071, 33.86633406 ], [ -102.08460297, 33.8479349 ], [ -102.10064502, 33.83426945 ], [ -102.13268766, 33.80816061 ], [ -102.14041932, 33.80138684 ], [ -102.17977616, 33.76838629 ], [ -102.18019363, 33.76801402 ], [ -102.21996793, 33.73352225 ], [ -102.22587029, 33.72861199 ], [ -102.25974224, 33.69898346 ], [ -102.27183599, 33.68883769 ], [ -102.29951654, 33.6647537 ], [ -102.31824934, 33.64906337 ], [ -102.33929085, 33.63089116 ], [ -102.36538815, 33.60928907 ], [ -102.37906515, 33.59769041 ], [ -102.41369063, 33.56951475 ], [ -102.41883946, 33.56524124 ], [ -102.45861376, 33.5333583 ], [ -102.46326833, 33.52974045 ], [ -102.49838807, 33.50206544 ], [ -102.53816237, 33.51979275 ], [ -102.54811008, 33.52974045 ], [ -102.57793668, 33.55956097 ], [ -102.58789047, 33.56951475 ], [ -102.61771101, 33.59932778 ], [ -102.61771101, 33.59934537 ], [ -102.61638444, 33.60928907 ], [ -102.57793668, 33.63896071 ], [ -102.56518274, 33.64906337 ], [ -102.53816237, 33.66992809 ], [ -102.51436782, 33.68883769 ], [ -102.49838807, 33.7011298 ], [ -102.46370181, 33.72861199 ], [ -102.45861376, 33.73250841 ], [ -102.41883946, 33.76327088 ], [ -102.41238244, 33.76838629 ], [ -102.37906515, 33.79346976 ], [ -102.36019067, 33.80816061 ], [ -102.33929085, 33.8237335 ], [ -102.30723082, 33.8479349 ], [ -102.29951654, 33.85359265 ], [ -102.25974224, 33.88273406 ], [ -102.25299556, 33.8877092 ], [ -102.21996793, 33.91125561 ], [ -102.19731874, 33.92748352 ], [ -102.18019363, 33.93935902 ], [ -102.14041932, 33.96707219 ], [ -102.14015164, 33.96725782 ], [ -102.10064502, 33.99350599 ], [ -102.08042459, 34.00703214 ], [ -102.06087071, 34.01953136 ], [ -102.02109641, 34.04499499 ], [ -102.01825434, 34.04680644 ], [ -101.9813221, 34.06905898 ], [ -101.952493, 34.08658074 ], [ -101.9415478, 34.09281972 ], [ -101.90177347, 34.11540031 ], [ -101.88262682, 34.12635506 ], [ -101.86199916, 34.13727559 ], [ -101.82222486, 34.15841977 ], [ -101.80778488, 34.16612935 ], [ -101.78245055, 34.17846551 ], [ -101.74267625, 34.19784518 ], [ -101.72590629, 34.20590368 ], [ -101.70290194, 34.21565493 ], [ -101.66312764, 34.23076807 ], [ -101.62335333, 34.24126019 ], [ -101.58357903, 34.24505826 ], [ -101.54380472, 34.24360534 ], [ -101.50403041, 34.24333691 ], [ -101.47942146, 34.24567797 ], [ -101.46425611, 34.247307 ], [ -101.4244818, 34.25780551 ], [ -101.3847075, 34.2757307 ], [ -101.36485483, 34.28545227 ], [ -101.34493319, 34.29607605 ], [ -101.30515889, 34.31450963 ], [ -101.27377924, 34.32522659 ], [ -101.26538458, 34.32816073 ], [ -101.22561028, 34.3373502 ], [ -101.18583595, 34.34252468 ], [ -101.14606164, 34.34431472 ], [ -101.10628734, 34.34331076 ], [ -101.06651303, 34.3400189 ], [ -101.02673873, 34.33471739 ], [ -100.98696442, 34.32735329 ], [ -100.97776665, 34.32522659 ], [ -100.94719012, 34.31767785 ], [ -100.90741581, 34.30635084 ], [ -100.86764151, 34.29386872 ], [ -100.84252608, 34.28545227 ], [ -100.8278672, 34.28020406 ], [ -100.7880929, 34.2653231 ], [ -100.74831859, 34.25006199 ], [ -100.73720685, 34.24567797 ], [ -100.70854429, 34.23310246 ], [ -100.66876998, 34.21509439 ], [ -100.64887775, 34.20590368 ], [ -100.62899568, 34.1955612 ], [ -100.58922137, 34.17469586 ], [ -100.57290793, 34.16612935 ], [ -100.54944707, 34.15202068 ], [ -100.50967274, 34.12823117 ], [ -100.50646291, 34.12635506 ], [ -100.46989843, 34.10097643 ], [ -100.44860265, 34.08658074 ], [ -100.43012413, 34.07126888 ], [ -100.39893293, 34.04680644 ], [ -100.39034982, 34.03822333 ], [ -100.35692452, 34.00703214 ], [ -100.35057552, 33.99883041 ], [ -100.32369099, 33.96725782 ], [ -100.31080121, 33.94281167 ], [ -100.30172946, 33.92748352 ], [ -100.29183471, 33.8877092 ], [ -100.29498953, 33.8479349 ], [ -100.31026707, 33.80816061 ], [ -100.31080121, 33.80737369 ], [ -100.3342394, 33.76838629 ], [ -100.35057552, 33.74384609 ], [ -100.35880917, 33.72861199 ], [ -100.37903129, 33.68883769 ], [ -100.39034982, 33.66435039 ], [ -100.39672196, 33.64906337 ], [ -100.41256112, 33.60928907 ], [ -100.42746343, 33.56951475 ], [ -100.43012413, 33.56234418 ], [ -100.44178916, 33.52974045 ], [ -100.45610242, 33.48996616 ], [ -100.46989843, 33.45298243 ], [ -100.47098112, 33.45019184 ], [ -100.48925808, 33.41041754 ], [ -100.50967274, 33.37231004 ], [ -100.51063632, 33.37064322 ], [ -100.53494911, 33.33086892 ], [ -100.54944707, 33.30805945 ], [ -100.56089366, 33.29109462 ], [ -100.58841377, 33.2513203 ], [ -100.58922137, 33.25017687 ], [ -100.617989, 33.211546 ], [ -100.62899568, 33.19726433 ], [ -100.64951567, 33.17177168 ], [ -100.66876998, 33.14849406 ], [ -100.68294019, 33.13199739 ], [ -100.70854429, 33.10296955 ], [ -100.71829834, 33.09222309 ], [ -100.74831859, 33.05990009 ], [ -100.75540741, 33.05244877 ], [ -100.7880929, 33.01885535 ], [ -100.7942227, 33.01267447 ], [ -100.8278672, 32.97948709 ], [ -100.83463813, 32.97290015 ], [ -100.86764151, 32.94156008 ], [ -100.8766237, 32.93312585 ], [ -100.90741581, 32.90481313 ], [ -100.91998764, 32.89335156 ], [ -100.94719012, 32.86899426 ], [ -100.96450665, 32.85357723 ], [ -100.98696442, 32.83388435 ], [ -101.00993113, 32.81380294 ], [ -101.02673873, 32.79925307 ], [ -101.05587732, 32.77402864 ], [ -101.06651303, 32.76488977 ], [ -101.10237247, 32.73425432 ], [ -101.10628734, 32.73090148 ], [ -101.14606164, 32.69714585 ], [ -101.14922289, 32.69448002 ], [ -101.18583595, 32.66321596 ], [ -101.19589123, 32.6547057 ], [ -101.22561028, 32.62936162 ], [ -101.24268386, 32.6149314 ], [ -101.26538458, 32.59554848 ], [ -101.28948351, 32.57515711 ], [ -101.30515889, 32.56185922 ], [ -101.33665528, 32.53538278 ], [ -101.34493319, 32.52840631 ], [ -101.38420961, 32.49560849 ], [ -101.3847075, 32.49519058 ], [ -101.4244818, 32.46247489 ], [ -101.43261021, 32.45583417 ], [ -101.46425611, 32.42991148 ], [ -101.48127639, 32.41605987 ], [ -101.50403041, 32.3974926 ], [ -101.51397522, 32.37628557 ] ] ] } },
{ "type": "Feature", "properties": { "Lower": 20.0 }, "geometry": { "type": "Polygon", "coordinates": [ [ [ -100.57206516, 39.8140809 ], [ -100.56606213, 39.8538552 ], [ -100.54944707, 39.87077581 ], [ -100.51480827, 39.8936295 ], [ -100.50967274, 39.89566528 ], [ -100.46989843, 39.91208294 ], [ -100.43012413, 39.93282131 ], [ -100.42919568, 39.93340382 ], [ -100.39034982, 39.95220875 ], [ -100.35057552, 39.972608 ], [ -100.34948939, 39.97317811 ], [ -100.31080121, 39.99039706 ], [ -100.27102691, 40.00701908 ], [ -100.25589755, 40.01295244 ], [ -100.2312526, 40.02393687 ], [ -100.1914783, 40.03940456 ], [ -100.15170399, 40.05184757 ], [ -100.14803905, 40.05272673 ], [ -100.11192969, 40.0627953 ], [ -100.07215538, 40.07002229 ], [ -100.03238107, 40.0739285 ], [ -99.99260677, 40.0754239 ], [ -99.95283246, 40.07527627 ], [ -99.91305816, 40.07402747 ], [ -99.87328385, 40.07148351 ], [ -99.83350953, 40.06468819 ], [ -99.79847468, 40.05272673 ], [ -99.79373522, 40.0507571 ], [ -99.75396091, 40.02554975 ], [ -99.73831485, 40.01295244 ], [ -99.71418661, 39.9931233 ], [ -99.68333123, 39.97317811 ], [ -99.6744123, 39.96794091 ], [ -99.634638, 39.94984267 ], [ -99.59486369, 39.93509701 ], [ -99.58967383, 39.93340382 ], [ -99.55508939, 39.92265793 ], [ -99.51531508, 39.9111948 ], [ -99.47554078, 39.89976554 ], [ -99.45533913, 39.8936295 ], [ -99.43576647, 39.88777346 ], [ -99.39599217, 39.87554057 ], [ -99.35621786, 39.86288727 ], [ -99.32894044, 39.8538552 ], [ -99.31644356, 39.8496331 ], [ -99.27666925, 39.83565882 ], [ -99.23689495, 39.82107707 ], [ -99.2190287, 39.8140809 ], [ -99.19712064, 39.80515536 ], [ -99.15734631, 39.78761073 ], [ -99.13001886, 39.77430658 ], [ -99.11757201, 39.76785806 ], [ -99.0777977, 39.7453947 ], [ -99.05932951, 39.73453228 ], [ -99.0380234, 39.7209164 ], [ -98.99876149, 39.69475799 ], [ -98.99824909, 39.69435185 ], [ -98.95847479, 39.66106191 ], [ -98.95151392, 39.65498367 ], [ -98.91870048, 39.61909031 ], [ -98.91522708, 39.61520937 ], [ -98.88736952, 39.57543505 ], [ -98.87892618, 39.55994697 ], [ -98.86434549, 39.53566075 ], [ -98.845533, 39.49588645 ], [ -98.83915187, 39.47843116 ], [ -98.82917954, 39.45611213 ], [ -98.81528182, 39.41633783 ], [ -98.80257444, 39.37656351 ], [ -98.79937757, 39.36813342 ], [ -98.78242845, 39.33678922 ], [ -98.75960326, 39.31575583 ], [ -98.71982896, 39.29892125 ], [ -98.70969201, 39.29701492 ], [ -98.68005465, 39.29217772 ], [ -98.64028035, 39.28546664 ], [ -98.60050604, 39.27329922 ], [ -98.56895648, 39.2572406 ], [ -98.56073173, 39.2532975 ], [ -98.52095743, 39.23384369 ], [ -98.48590089, 39.2174663 ], [ -98.4811831, 39.2151934 ], [ -98.4414088, 39.2014822 ], [ -98.40163449, 39.18841762 ], [ -98.36759236, 39.17769198 ], [ -98.36186019, 39.17567404 ], [ -98.32208588, 39.16326865 ], [ -98.28231157, 39.14878556 ], [ -98.25451004, 39.13791768 ], [ -98.24253727, 39.13163929 ], [ -98.20276296, 39.11041585 ], [ -98.18060446, 39.09814338 ], [ -98.16298866, 39.08304417 ], [ -98.1306027, 39.05836906 ], [ -98.12321435, 39.04654757 ], [ -98.09890709, 39.01859477 ], [ -98.11321997, 38.97882044 ], [ -98.12321435, 38.96416211 ], [ -98.13620546, 38.93904615 ], [ -98.16120953, 38.89927185 ], [ -98.16298866, 38.89686194 ], [ -98.18877597, 38.85949753 ], [ -98.20276296, 38.83895435 ], [ -98.21415919, 38.81972323 ], [ -98.23893274, 38.77994893 ], [ -98.24253727, 38.77431107 ], [ -98.2619726, 38.74017461 ], [ -98.28231157, 38.70200417 ], [ -98.28302549, 38.70040032 ], [ -98.29992617, 38.66062599 ], [ -98.31374451, 38.6208517 ], [ -98.32208588, 38.58898776 ], [ -98.32378341, 38.5810774 ], [ -98.32996881, 38.54130308 ], [ -98.33365369, 38.50152878 ], [ -98.33617353, 38.46175446 ], [ -98.33893655, 38.42198016 ], [ -98.34412105, 38.38220587 ], [ -98.3540663, 38.34243155 ], [ -98.36186019, 38.31953274 ], [ -98.3676388, 38.30265725 ], [ -98.38374748, 38.26288293 ], [ -98.40163449, 38.23020659 ], [ -98.40667631, 38.22310863 ], [ -98.4414088, 38.18617785 ], [ -98.44716877, 38.18333433 ], [ -98.4811831, 38.16587966 ], [ -98.52095743, 38.15493884 ], [ -98.56073173, 38.1523698 ], [ -98.60050604, 38.16192134 ], [ -98.6321731, 38.18333433 ], [ -98.64028035, 38.18962521 ], [ -98.66825956, 38.22310863 ], [ -98.68005465, 38.24377348 ], [ -98.68957133, 38.26288293 ], [ -98.70509145, 38.30265725 ], [ -98.7187775, 38.34243155 ], [ -98.71982896, 38.34493328 ], [ -98.73523382, 38.38220587 ], [ -98.75646343, 38.42198016 ], [ -98.75960326, 38.42641802 ], [ -98.79187481, 38.46175446 ], [ -98.79937757, 38.46981224 ], [ -98.81838666, 38.50152878 ], [ -98.83915187, 38.53755731 ], [ -98.83988516, 38.54130308 ], [ -98.84577276, 38.5810774 ], [ -98.85111513, 38.6208517 ], [ -98.85996522, 38.66062599 ], [ -98.87892618, 38.69638535 ], [ -98.88125485, 38.70040032 ], [ -98.91870048, 38.73507215 ], [ -98.92887642, 38.74017461 ], [ -98.95847479, 38.75227523 ], [ -98.99824909, 38.75908704 ], [ -99.0380234, 38.75146387 ], [ -99.06630033, 38.74017461 ], [ -99.0777977, 38.73550149 ], [ -99.11757201, 38.7150988 ], [ -99.14047278, 38.70040032 ], [ -99.15734631, 38.68769554 ], [ -99.19712064, 38.66439545 ], [ -99.20710307, 38.66062599 ], [ -99.23689495, 38.6472432 ], [ -99.27666925, 38.63955778 ], [ -99.31644356, 38.64312366 ], [ -99.35621786, 38.65667328 ], [ -99.3639081, 38.66062599 ], [ -99.39599217, 38.67459362 ], [ -99.43576647, 38.69425181 ], [ -99.44811366, 38.70040032 ], [ -99.47554078, 38.71394795 ], [ -99.51531508, 38.73061011 ], [ -99.54579843, 38.74017461 ], [ -99.55508939, 38.74304758 ], [ -99.59486369, 38.75120848 ], [ -99.634638, 38.75450435 ], [ -99.6744123, 38.75291473 ], [ -99.71418661, 38.74629484 ], [ -99.74540373, 38.74017461 ], [ -99.75396091, 38.73864947 ], [ -99.79373522, 38.73177833 ], [ -99.83350953, 38.72654306 ], [ -99.87328385, 38.72674192 ], [ -99.91305816, 38.73563992 ], [ -99.92482078, 38.74017461 ], [ -99.95283246, 38.7540085 ], [ -99.98877642, 38.77994893 ], [ -99.99260677, 38.78352886 ], [ -100.03238107, 38.81867262 ], [ -100.03364444, 38.81972323 ], [ -100.07215538, 38.85410024 ], [ -100.07921442, 38.85949753 ], [ -100.11192969, 38.88787867 ], [ -100.12570746, 38.89927185 ], [ -100.15170399, 38.92487153 ], [ -100.16584261, 38.93904615 ], [ -100.1914783, 38.97121316 ], [ -100.19734733, 38.97882044 ], [ -100.22148555, 39.01859477 ], [ -100.2312526, 39.03898033 ], [ -100.24029757, 39.05836906 ], [ -100.25553211, 39.09814338 ], [ -100.26841444, 39.13791768 ], [ -100.27102691, 39.14738482 ], [ -100.27983622, 39.17769198 ], [ -100.29080558, 39.2174663 ], [ -100.30152337, 39.2572406 ], [ -100.31080121, 39.2926753 ], [ -100.31218125, 39.29701492 ], [ -100.32284797, 39.33678922 ], [ -100.33279821, 39.37656351 ], [ -100.34162194, 39.41633783 ], [ -100.34902005, 39.45611213 ], [ -100.35057552, 39.46793363 ], [ -100.35671906, 39.49588645 ], [ -100.36426248, 39.53566075 ], [ -100.37272179, 39.57543505 ], [ -100.39034982, 39.60732499 ], [ -100.43012413, 39.61201735 ], [ -100.43785855, 39.61520937 ], [ -100.46989843, 39.62083805 ], [ -100.50967274, 39.64701163 ], [ -100.51512734, 39.65498367 ], [ -100.5451604, 39.69475799 ], [ -100.54944707, 39.70180841 ], [ -100.56134657, 39.73453228 ], [ -100.56917109, 39.77430658 ], [ -100.57206516, 39.8140809 ] ], [ [ -100.2817439, 39.8140809 ], [ -100.27847589, 39.8538552 ], [ -100.27102691, 39.86267389 ], [ -100.24296899, 39.8936295 ], [ -100.2312526, 39.9012209 ], [ -100.1914783, 39.92448498 ], [ -100.17414647, 39.93340382 ], [ -100.15170399, 39.94164751 ], [ -100.11192969, 39.95371797 ], [ -100.07215538, 39.96321252 ], [ -100.03238107, 39.9698213 ], [ -99.99260677, 39.97293875 ], [ -99.95283246, 39.97229859 ], [ -99.91305816, 39.96731347 ], [ -99.87328385, 39.95350657 ], [ -99.83681383, 39.93340382 ], [ -99.83350953, 39.93117738 ], [ -99.79373522, 39.89949429 ], [ -99.78668036, 39.8936295 ], [ -99.75396091, 39.868025 ], [ -99.73139896, 39.8538552 ], [ -99.71418661, 39.8425435 ], [ -99.6744123, 39.82213631 ], [ -99.65518065, 39.8140809 ], [ -99.634638, 39.80417055 ], [ -99.59486369, 39.78913397 ], [ -99.55508939, 39.77639213 ], [ -99.54788957, 39.77430658 ], [ -99.51531508, 39.76337519 ], [ -99.47554078, 39.75075491 ], [ -99.43576647, 39.73859866 ], [ -99.42236634, 39.73453228 ], [ -99.39599217, 39.72526049 ], [ -99.35621786, 39.71165846 ], [ -99.31644356, 39.69854129 ], [ -99.30545394, 39.69475799 ], [ -99.27666925, 39.68337418 ], [ -99.23689495, 39.66698859 ], [ -99.2101111, 39.65498367 ], [ -99.19712064, 39.64792606 ], [ -99.15734631, 39.62189672 ], [ -99.14861563, 39.61520937 ], [ -99.11757201, 39.58484067 ], [ -99.10883143, 39.57543505 ], [ -99.08039836, 39.53566075 ], [ -99.0777977, 39.53056615 ], [ -99.06246316, 39.49588645 ], [ -99.05206473, 39.45611213 ], [ -99.04649181, 39.41633783 ], [ -99.04393121, 39.37656351 ], [ -99.04275163, 39.33678922 ], [ -99.04155436, 39.29701492 ], [ -99.0391166, 39.2572406 ], [ -99.0380234, 39.23519412 ], [ -99.03711171, 39.2174663 ], [ -99.0380234, 39.20834934 ], [ -99.0422814, 39.17769198 ], [ -99.0592053, 39.13791768 ], [ -99.0777977, 39.11389238 ], [ -99.09767754, 39.09814338 ], [ -99.11757201, 39.0852331 ], [ -99.15734631, 39.07137517 ], [ -99.19712064, 39.06380448 ], [ -99.23359145, 39.05836906 ], [ -99.23689495, 39.05784984 ], [ -99.27666925, 39.05162092 ], [ -99.31644356, 39.04450214 ], [ -99.35621786, 39.03739085 ], [ -99.39599217, 39.03096566 ], [ -99.43576647, 39.02557696 ], [ -99.47554078, 39.02114851 ], [ -99.50959031, 39.01859477 ], [ -99.51531508, 39.01819401 ], [ -99.55508939, 39.01706189 ], [ -99.58087853, 39.01859477 ], [ -99.59486369, 39.01973775 ], [ -99.634638, 39.02842151 ], [ -99.6744123, 39.04380535 ], [ -99.70158622, 39.05836906 ], [ -99.71418661, 39.06591089 ], [ -99.75396091, 39.09360883 ], [ -99.75959475, 39.09814338 ], [ -99.79373522, 39.12753408 ], [ -99.80285056, 39.13791768 ], [ -99.83350953, 39.17585235 ], [ -99.83466289, 39.17769198 ], [ -99.85713024, 39.2174663 ], [ -99.87328385, 39.24848126 ], [ -99.87724732, 39.2572406 ], [ -99.89569985, 39.29701492 ], [ -99.91305816, 39.33440193 ], [ -99.91404163, 39.33678922 ], [ -99.93244784, 39.37656351 ], [ -99.95235732, 39.41633783 ], [ -99.95283246, 39.41715339 ], [ -99.97293355, 39.45611213 ], [ -99.99260677, 39.48958335 ], [ -99.99596334, 39.49588645 ], [ -100.01977186, 39.53566075 ], [ -100.03238107, 39.55466727 ], [ -100.04513239, 39.57543505 ], [ -100.07141401, 39.61520937 ], [ -100.07215538, 39.61627058 ], [ -100.09828457, 39.65498367 ], [ -100.11192969, 39.67172822 ], [ -100.13040466, 39.69475799 ], [ -100.15170399, 39.7154593 ], [ -100.17319008, 39.73453228 ], [ -100.1914783, 39.74640663 ], [ -100.2312526, 39.76765782 ], [ -100.24394891, 39.77430658 ], [ -100.27102691, 39.80102922 ], [ -100.2817439, 39.8140809 ] ] ] } },
{ "type": "Feature", "properties": { "Lower": 20.0 }, "geometry": { "type": "Polygon", "coordinates": [ [ [ -104.45729059, 36.99010513 ], [ -104.45727297, 36.99010513 ], [ -104.4473291, 36.96962571 ], [ -104.40755479, 36.98719804 ], [ -104.4012782, 36.99010513 ], [ -104.36778048, 37.00514491 ], [ -104.32800618, 37.02375166 ], [ -104.31535969, 37.02987943 ], [ -104.28823187, 37.04275844 ], [ -104.24845757, 37.06237111 ], [ -104.23418367, 37.06965375 ], [ -104.20868326, 37.08240393 ], [ -104.16890896, 37.10302226 ], [ -104.15694357, 37.10942804 ], [ -104.12913465, 37.1238779 ], [ -104.08936035, 37.1453247 ], [ -104.08242134, 37.14920236 ], [ -104.04958604, 37.16719864 ], [ -104.01298144, 37.18897666 ], [ -104.00981174, 37.19074555 ], [ -103.97003743, 37.21226182 ], [ -103.94184621, 37.22875096 ], [ -103.9302631, 37.23533953 ], [ -103.8904888, 37.25905815 ], [ -103.87508719, 37.26852528 ], [ -103.85071449, 37.28297648 ], [ -103.81094019, 37.30663139 ], [ -103.80838082, 37.30829958 ], [ -103.77116588, 37.33232067 ], [ -103.74680076, 37.34807387 ], [ -103.73139158, 37.35770456 ], [ -103.69161727, 37.3835219 ], [ -103.68526135, 37.3878482 ], [ -103.65184297, 37.40967795 ], [ -103.62566497, 37.42762249 ], [ -103.61206866, 37.43658129 ], [ -103.57229436, 37.46399601 ], [ -103.56756279, 37.46739681 ], [ -103.53252005, 37.491637 ], [ -103.51143818, 37.50717111 ], [ -103.49274575, 37.52034993 ], [ -103.45685463, 37.54694541 ], [ -103.45297144, 37.54970383 ], [ -103.41319714, 37.57955363 ], [ -103.40422395, 37.58671973 ], [ -103.37342283, 37.61017767 ], [ -103.3533922, 37.62649403 ], [ -103.33364853, 37.64186411 ], [ -103.30443734, 37.66626835 ], [ -103.29387422, 37.67466794 ], [ -103.25745331, 37.70604265 ], [ -103.25409989, 37.70875188 ], [ -103.21432559, 37.74378417 ], [ -103.21211604, 37.74581694 ], [ -103.17455128, 37.77868618 ], [ -103.16675656, 37.78559126 ], [ -103.13477698, 37.81191784 ], [ -103.11863973, 37.82536556 ], [ -103.09500267, 37.84350562 ], [ -103.06629056, 37.86513988 ], [ -103.05522837, 37.87286438 ], [ -103.01545406, 37.9006192 ], [ -103.00925319, 37.90491418 ], [ -102.97567976, 37.92657445 ], [ -102.94706656, 37.94468848 ], [ -102.93590545, 37.95130095 ], [ -102.89613114, 37.97573684 ], [ -102.88288637, 37.9844628 ], [ -102.85635684, 38.00221959 ], [ -102.82680387, 38.0242371 ], [ -102.81658253, 38.03216817 ], [ -102.78038338, 38.06401142 ], [ -102.77680823, 38.06738 ], [ -102.74404309, 38.10378571 ], [ -102.73703392, 38.11272599 ], [ -102.71760149, 38.14356001 ], [ -102.69895605, 38.18333433 ], [ -102.69725962, 38.18832469 ], [ -102.68854548, 38.22310863 ], [ -102.68368933, 38.26288293 ], [ -102.68209821, 38.30265725 ], [ -102.68171402, 38.34243155 ], [ -102.68177014, 38.38220587 ], [ -102.68172435, 38.42198016 ], [ -102.68087058, 38.46175446 ], [ -102.67804639, 38.50152878 ], [ -102.67288762, 38.54130308 ], [ -102.66527999, 38.5810774 ], [ -102.65748531, 38.60808036 ], [ -102.65302461, 38.6208517 ], [ -102.63062386, 38.66062599 ], [ -102.61771101, 38.6742254 ], [ -102.57793668, 38.69491848 ], [ -102.53816237, 38.69593502 ], [ -102.49838807, 38.68588605 ], [ -102.45861376, 38.67301914 ], [ -102.42433034, 38.66062599 ], [ -102.41883946, 38.65868172 ], [ -102.37906515, 38.64823993 ], [ -102.33929085, 38.64941773 ], [ -102.30705841, 38.66062599 ], [ -102.29951654, 38.6635625 ], [ -102.25974224, 38.6729438 ], [ -102.21996793, 38.67774006 ], [ -102.18019363, 38.67951155 ], [ -102.14041932, 38.67888673 ], [ -102.10064502, 38.6763303 ], [ -102.06087071, 38.67218724 ], [ -102.02109641, 38.66686805 ], [ -101.9813221, 38.66097046 ], [ -101.97908463, 38.66062599 ], [ -101.9415478, 38.65281987 ], [ -101.90177347, 38.64469706 ], [ -101.86199916, 38.63729213 ], [ -101.82222486, 38.63146813 ], [ -101.78245055, 38.62824405 ], [ -101.74267625, 38.62877199 ], [ -101.70290194, 38.63468977 ], [ -101.66312764, 38.64727517 ], [ -101.63664851, 38.66062599 ], [ -101.62335333, 38.66644875 ], [ -101.58357903, 38.68995289 ], [ -101.56956722, 38.70040032 ], [ -101.54380472, 38.71849805 ], [ -101.51882499, 38.74017461 ], [ -101.50403041, 38.75311985 ], [ -101.47847897, 38.77994893 ], [ -101.46425611, 38.79580801 ], [ -101.44599651, 38.81972323 ], [ -101.4244818, 38.85188663 ], [ -101.42015144, 38.85949753 ], [ -101.39904429, 38.89927185 ], [ -101.3847075, 38.93111471 ], [ -101.38145971, 38.93904615 ], [ -101.36519001, 38.97882044 ], [ -101.34952477, 39.01859477 ], [ -101.34493319, 39.03020027 ], [ -101.33346699, 39.05836906 ], [ -101.31277978, 39.09814338 ], [ -101.30515889, 39.10641986 ], [ -101.26538458, 39.12693885 ], [ -101.23877484, 39.13791768 ], [ -101.22561028, 39.14190083 ], [ -101.18583595, 39.15789861 ], [ -101.15036628, 39.17769198 ], [ -101.14606164, 39.17922935 ], [ -101.10628734, 39.18553482 ], [ -101.09322939, 39.17769198 ], [ -101.06651303, 39.16323403 ], [ -101.0494832, 39.13791768 ], [ -101.02673873, 39.10385396 ], [ -101.02436835, 39.09814338 ], [ -101.01349171, 39.05836906 ], [ -101.02673873, 39.03193521 ], [ -101.04138394, 39.01859477 ], [ -101.06651303, 38.99792206 ], [ -101.09481689, 38.97882044 ], [ -101.10628734, 38.95542411 ], [ -101.11998094, 38.93904615 ], [ -101.13075349, 38.89927185 ], [ -101.1349299, 38.85949753 ], [ -101.13558553, 38.81972323 ], [ -101.13273527, 38.77994893 ], [ -101.12505727, 38.74017461 ], [ -101.10945599, 38.70040032 ], [ -101.10628734, 38.69496832 ], [ -101.08590047, 38.66062599 ], [ -101.06651303, 38.63841293 ], [ -101.0464314, 38.6208517 ], [ -101.02673873, 38.60473948 ], [ -100.98696442, 38.58311773 ], [ -100.98009748, 38.5810774 ], [ -100.94719012, 38.56788603 ], [ -100.90741581, 38.56733139 ], [ -100.88599355, 38.5810774 ], [ -100.86764151, 38.58787119 ], [ -100.83015545, 38.6208517 ], [ -100.8278672, 38.62222691 ], [ -100.7880929, 38.65685757 ], [ -100.78258304, 38.66062599 ], [ -100.74831859, 38.67708875 ], [ -100.70854429, 38.68748711 ], [ -100.66876998, 38.69312246 ], [ -100.62899568, 38.69701006 ], [ -100.58922137, 38.69891445 ], [ -100.54944707, 38.69741445 ], [ -100.50967274, 38.69050556 ], [ -100.46989843, 38.6741091 ], [ -100.44988317, 38.66062599 ], [ -100.43012413, 38.64693357 ], [ -100.40140522, 38.6208517 ], [ -100.39034982, 38.61099527 ], [ -100.36469561, 38.5810774 ], [ -100.35057552, 38.54384357 ], [ -100.34953411, 38.54130308 ], [ -100.34246584, 38.50152878 ], [ -100.3480868, 38.46175446 ], [ -100.35057552, 38.45514034 ], [ -100.36236135, 38.42198016 ], [ -100.38615276, 38.38220587 ], [ -100.39034982, 38.3772874 ], [ -100.41935517, 38.34243155 ], [ -100.43012413, 38.33241997 ], [ -100.46206289, 38.30265725 ], [ -100.46989843, 38.29656692 ], [ -100.50967274, 38.26706166 ], [ -100.51639946, 38.26288293 ], [ -100.54944707, 38.24393258 ], [ -100.58922137, 38.22487175 ], [ -100.59466497, 38.22310863 ], [ -100.62899568, 38.21169834 ], [ -100.66876998, 38.2057541 ], [ -100.70854429, 38.21217037 ], [ -100.72713927, 38.22310863 ], [ -100.74831859, 38.23712659 ], [ -100.77581577, 38.26288293 ], [ -100.7880929, 38.27577393 ], [ -100.82190153, 38.30265725 ], [ -100.8278672, 38.30903703 ], [ -100.86764151, 38.33453248 ], [ -100.90741581, 38.341787 ], [ -100.94719012, 38.3236952 ], [ -100.96660976, 38.30265725 ], [ -100.98696442, 38.28165635 ], [ -101.01085786, 38.26288293 ], [ -101.02673873, 38.25293228 ], [ -101.06651303, 38.23131036 ], [ -101.08082783, 38.22310863 ], [ -101.10628734, 38.20574008 ], [ -101.13892785, 38.18333433 ], [ -101.14606164, 38.177883 ], [ -101.18583595, 38.15031423 ], [ -101.19703526, 38.14356001 ], [ -101.22561028, 38.12529081 ], [ -101.26419309, 38.10378571 ], [ -101.26538458, 38.10306232 ], [ -101.30515889, 38.08519215 ], [ -101.34493319, 38.07328536 ], [ -101.3847075, 38.06888347 ], [ -101.4244818, 38.07412144 ], [ -101.46425611, 38.09271257 ], [ -101.47754386, 38.10378571 ], [ -101.50403041, 38.13099808 ], [ -101.51260071, 38.14356001 ], [ -101.53537681, 38.18333433 ], [ -101.54380472, 38.19821485 ], [ -101.55855659, 38.22310863 ], [ -101.58357903, 38.25606511 ], [ -101.58972257, 38.26288293 ], [ -101.62335333, 38.29805987 ], [ -101.62861612, 38.30265725 ], [ -101.66312764, 38.33464341 ], [ -101.67517723, 38.34243155 ], [ -101.70290194, 38.36127009 ], [ -101.74267625, 38.37265351 ], [ -101.78245055, 38.36936764 ], [ -101.82222486, 38.35602379 ], [ -101.84597232, 38.34243155 ], [ -101.86199916, 38.33566295 ], [ -101.90177347, 38.31138321 ], [ -101.91252286, 38.30265725 ], [ -101.9415478, 38.28428371 ], [ -101.97107538, 38.26288293 ], [ -101.9813221, 38.25690146 ], [ -102.02109641, 38.23401385 ], [ -102.04394304, 38.22310863 ], [ -102.06087071, 38.21508068 ], [ -102.0990976, 38.18333433 ], [ -102.10064502, 38.18089006 ], [ -102.11411463, 38.14356001 ], [ -102.12098485, 38.10378571 ], [ -102.12477193, 38.06401142 ], [ -102.12368135, 38.0242371 ], [ -102.11944402, 37.9844628 ], [ -102.11287029, 37.94468848 ], [ -102.10420519, 37.90491418 ], [ -102.10064502, 37.89142863 ], [ -102.09087555, 37.86513988 ], [ -102.07448696, 37.82536556 ], [ -102.06087071, 37.79493749 ], [ -102.05509196, 37.78559126 ], [ -102.03063539, 37.74581694 ], [ -102.02109641, 37.72975385 ], [ -102.00335899, 37.70604265 ], [ -101.9813221, 37.6688825 ], [ -101.97966245, 37.66626835 ], [ -101.96447022, 37.62649403 ], [ -101.96299501, 37.58671973 ], [ -101.97446581, 37.54694541 ], [ -101.9813221, 37.53631953 ], [ -101.99455218, 37.50717111 ], [ -102.02025318, 37.46739681 ], [ -102.02109641, 37.46645403 ], [ -102.04854227, 37.42762249 ], [ -102.06087071, 37.41292994 ], [ -102.07918768, 37.3878482 ], [ -102.10064502, 37.36253012 ], [ -102.11203435, 37.34807387 ], [ -102.14041932, 37.3183113 ], [ -102.14973407, 37.30829958 ], [ -102.18019363, 37.26998184 ], [ -102.18112324, 37.26852528 ], [ -102.18047814, 37.22875096 ], [ -102.18019363, 37.22757446 ], [ -102.17258915, 37.18897666 ], [ -102.1609467, 37.14920236 ], [ -102.14223558, 37.10942804 ], [ -102.14041932, 37.10587312 ], [ -102.12327121, 37.06965375 ], [ -102.10364348, 37.02987943 ], [ -102.10064502, 37.02401815 ], [ -102.08568659, 36.99010513 ], [ -102.06812779, 36.95033083 ], [ -102.06087071, 36.93526451 ], [ -102.05093816, 36.91055651 ], [ -102.03533398, 36.87078221 ], [ -102.02109641, 36.83931319 ], [ -102.01789398, 36.83100789 ], [ -102.0032291, 36.79123359 ], [ -101.98699386, 36.7514593 ], [ -101.9813221, 36.73899642 ], [ -101.97054409, 36.71168498 ], [ -101.95341859, 36.67191068 ], [ -101.9415478, 36.6485554 ], [ -101.93188785, 36.63213636 ], [ -101.907285, 36.59236206 ], [ -101.90177347, 36.58366667 ], [ -101.87676703, 36.55258776 ], [ -101.86199916, 36.53431641 ], [ -101.83867511, 36.51281344 ], [ -101.82222486, 36.49725034 ], [ -101.78659426, 36.47303914 ], [ -101.78245055, 36.47010596 ], [ -101.74267625, 36.44987665 ], [ -101.70290194, 36.43544435 ], [ -101.69550958, 36.43326482 ], [ -101.66312764, 36.42281208 ], [ -101.62335333, 36.41185669 ], [ -101.58357903, 36.40196966 ], [ -101.54748205, 36.39349053 ], [ -101.54380472, 36.39254415 ], [ -101.50403041, 36.38295304 ], [ -101.46425611, 36.37337466 ], [ -101.4244818, 36.36352256 ], [ -101.38565171, 36.35371623 ], [ -101.3847075, 36.35343746 ], [ -101.34493319, 36.34215835 ], [ -101.30515889, 36.32893071 ], [ -101.27122723, 36.31394191 ], [ -101.26538458, 36.31071359 ], [ -101.22561028, 36.28329722 ], [ -101.21495908, 36.27416761 ], [ -101.18583595, 36.23994046 ], [ -101.18190838, 36.23439331 ], [ -101.16201638, 36.19461899 ], [ -101.15038087, 36.15484469 ], [ -101.14606164, 36.12235227 ], [ -101.14520725, 36.11507037 ], [ -101.14477312, 36.07529608 ], [ -101.14606164, 36.06126142 ], [ -101.1483676, 36.03552178 ], [ -101.15529799, 35.99574746 ], [ -101.16500106, 35.95597316 ], [ -101.17711039, 35.91619884 ], [ -101.18583595, 35.89227701 ], [ -101.19157119, 35.87642454 ], [ -101.20827237, 35.83665024 ], [ -101.22561028, 35.79951833 ], [ -101.22684888, 35.79687592 ], [ -101.24785273, 35.75710163 ], [ -101.26538458, 35.72586199 ], [ -101.27025687, 35.71732731 ], [ -101.29448896, 35.67755301 ], [ -101.30515889, 35.66099305 ], [ -101.32060536, 35.63777871 ], [ -101.34493319, 35.60311987 ], [ -101.34869004, 35.59800439 ], [ -101.37985833, 35.55823009 ], [ -101.3847075, 35.55242251 ], [ -101.41503489, 35.5184558 ], [ -101.4244818, 35.5086803 ], [ -101.45627781, 35.47868147 ], [ -101.46425611, 35.47181127 ], [ -101.50403041, 35.44175512 ], [ -101.50844296, 35.43890718 ], [ -101.54380472, 35.41691632 ], [ -101.57749636, 35.39913286 ], [ -101.58357903, 35.39583358 ], [ -101.62335333, 35.37810009 ], [ -101.66312764, 35.36445098 ], [ -101.68689222, 35.35935856 ], [ -101.70290194, 35.35564721 ], [ -101.74267625, 35.3518901 ], [ -101.78245055, 35.35099849 ], [ -101.82222486, 35.35076801 ], [ -101.86199916, 35.34347853 ], [ -101.90177347, 35.32218086 ], [ -101.90623287, 35.31958426 ], [ -101.9415478, 35.29977338 ], [ -101.9813221, 35.28441206 ], [ -102.00218512, 35.27980994 ], [ -102.02109641, 35.27584256 ], [ -102.06087071, 35.27511897 ], [ -102.07158777, 35.27980994 ], [ -102.10064502, 35.29788387 ], [ -102.11466474, 35.31958426 ], [ -102.13462572, 35.35935856 ], [ -102.14041932, 35.3718274 ], [ -102.15430931, 35.39913286 ], [ -102.17716374, 35.43890718 ], [ -102.18019363, 35.44397127 ], [ -102.20484698, 35.47868147 ], [ -102.21996793, 35.49949894 ], [ -102.23607009, 35.5184558 ], [ -102.25974224, 35.54671609 ], [ -102.27091112, 35.55823009 ], [ -102.29951654, 35.58848424 ], [ -102.30987235, 35.59800439 ], [ -102.33929085, 35.62585161 ], [ -102.3538014, 35.63777871 ], [ -102.37906515, 35.65944451 ], [ -102.40364103, 35.67755301 ], [ -102.41883946, 35.68929723 ], [ -102.45861376, 35.71567883 ], [ -102.46151476, 35.71732731 ], [ -102.49838807, 35.73947601 ], [ -102.53363945, 35.75710163 ], [ -102.53816237, 35.75948295 ], [ -102.57793668, 35.77691224 ], [ -102.61771101, 35.79105104 ], [ -102.63809825, 35.79687592 ], [ -102.65748531, 35.80273385 ], [ -102.69725962, 35.81280631 ], [ -102.73703392, 35.82185245 ], [ -102.77680823, 35.82989354 ], [ -102.81424086, 35.83665024 ], [ -102.81658253, 35.83710581 ], [ -102.85635684, 35.84391542 ], [ -102.89613114, 35.85010603 ], [ -102.93590545, 35.85551475 ], [ -102.97567976, 35.86022302 ], [ -103.01545406, 35.86448331 ], [ -103.05522837, 35.86823609 ], [ -103.09500267, 35.87138275 ], [ -103.13477698, 35.87412389 ], [ -103.16605368, 35.87642454 ], [ -103.17455128, 35.87709404 ], [ -103.21432559, 35.87857406 ], [ -103.25409989, 35.88024587 ], [ -103.29387422, 35.88140904 ], [ -103.33364853, 35.88204251 ], [ -103.37342283, 35.88231349 ], [ -103.41319714, 35.88220615 ], [ -103.45297144, 35.88150789 ], [ -103.49274575, 35.88023003 ], [ -103.53252005, 35.87845286 ], [ -103.56102638, 35.87642454 ], [ -103.57229436, 35.87567246 ], [ -103.61206866, 35.87364313 ], [ -103.65184297, 35.87035623 ], [ -103.69161727, 35.86652098 ], [ -103.73139158, 35.86202624 ], [ -103.77116588, 35.85717371 ], [ -103.81094019, 35.85152536 ], [ -103.85071449, 35.84509512 ], [ -103.8904888, 35.83804101 ], [ -103.8976532, 35.83665024 ], [ -103.90043354, 35.79687592 ], [ -103.90045113, 35.79687592 ], [ -103.9302631, 35.82668924 ], [ -103.94022411, 35.83665024 ], [ -103.94022311, 35.87642454 ], [ -103.97003743, 35.90623994 ], [ -103.97999633, 35.91619884 ], [ -103.97999551, 35.95597316 ], [ -103.97999477, 35.99574746 ], [ -104.00981174, 36.02556518 ], [ -104.01976831, 36.03552178 ], [ -104.01976773, 36.07529608 ], [ -104.04958604, 36.10511492 ], [ -104.0595415, 36.11507037 ], [ -104.05954108, 36.15484469 ], [ -104.08936035, 36.18466426 ], [ -104.09931506, 36.19461899 ], [ -104.09931483, 36.23439331 ], [ -104.12913465, 36.26421323 ], [ -104.13908902, 36.27416761 ], [ -104.13908893, 36.31394191 ], [ -104.16890896, 36.34376188 ], [ -104.1788633, 36.35371623 ], [ -104.17886337, 36.39349053 ], [ -104.20868326, 36.42331016 ], [ -104.21863793, 36.43326482 ], [ -104.2186381, 36.47303914 ], [ -104.24845757, 36.50285825 ], [ -104.25841277, 36.51281344 ], [ -104.25841303, 36.55258776 ], [ -104.28823187, 36.58240613 ], [ -104.2981878, 36.59236206 ], [ -104.29818812, 36.63213636 ], [ -104.32800618, 36.66195386 ], [ -104.33796298, 36.67191068 ], [ -104.33796338, 36.71168498 ], [ -104.36778048, 36.74150145 ], [ -104.37773833, 36.7514593 ], [ -104.3777388, 36.79123359 ], [ -104.40755479, 36.82104887 ], [ -104.4175138, 36.83100789 ], [ -104.41751433, 36.87078221 ], [ -104.41751487, 36.91055651 ], [ -104.4473291, 36.94036995 ], [ -104.45728998, 36.95033083 ], [ -104.45729059, 36.99010513 ] ], [ [ -100.73703042, 38.50152878 ], [ -100.73421527, 38.54130308 ], [ -100.71076504, 38.5810774 ], [ -100.70854429, 38.58276526 ], [ -100.66876998, 38.59839418 ], [ -100.62899568, 38.60313352 ], [ -100.58922137, 38.60011758 ], [ -100.54944707, 38.59109178 ], [ -100.52492907, 38.5810774 ], [ -100.50967274, 38.57233797 ], [ -100.47518956, 38.54130308 ], [ -100.47036529, 38.50152878 ], [ -100.4802712, 38.46175446 ], [ -100.50088366, 38.42198016 ], [ -100.50967274, 38.40918864 ], [ -100.53347068, 38.38220587 ], [ -100.54944707, 38.36863259 ], [ -100.58922137, 38.34613535 ], [ -100.60234648, 38.34243155 ], [ -100.62899568, 38.33580943 ], [ -100.66876998, 38.33865915 ], [ -100.67585778, 38.34243155 ], [ -100.70854429, 38.36920395 ], [ -100.71613858, 38.38220587 ], [ -100.72967965, 38.42198016 ], [ -100.73442946, 38.46175446 ], [ -100.73703042, 38.50152878 ] ], [ [ -102.46794452, 37.26852528 ], [ -102.46588655, 37.30829958 ], [ -102.46535914, 37.34807387 ], [ -102.45861376, 37.36805277 ], [ -102.4501772, 37.3878482 ], [ -102.43592862, 37.42762249 ], [ -102.41883946, 37.44471165 ], [ -102.38681062, 37.46739681 ], [ -102.37906515, 37.47319361 ], [ -102.33929085, 37.49612864 ], [ -102.32683386, 37.46739681 ], [ -102.31804852, 37.42762249 ], [ -102.31457217, 37.3878482 ], [ -102.31937575, 37.34807387 ], [ -102.3353022, 37.30829958 ], [ -102.33929085, 37.28702671 ], [ -102.35779228, 37.26852528 ], [ -102.37906515, 37.24397881 ], [ -102.39911356, 37.22875096 ], [ -102.41883946, 37.21362256 ], [ -102.43881835, 37.22875096 ], [ -102.45861376, 37.24854638 ], [ -102.46794452, 37.26852528 ] ], [ [ -102.29275601, 36.39349053 ], [ -102.29265287, 36.43326482 ], [ -102.28958613, 36.47303914 ], [ -102.28145361, 36.51281344 ], [ -102.2653127, 36.55258776 ], [ -102.25974224, 36.56180063 ], [ -102.23031299, 36.59236206 ], [ -102.21996793, 36.59885771 ], [ -102.18019363, 36.6077731 ], [ -102.14041932, 36.60069734 ], [ -102.12663412, 36.59236206 ], [ -102.10064502, 36.58050726 ], [ -102.06749037, 36.55258776 ], [ -102.06087071, 36.54829391 ], [ -102.03103483, 36.51281344 ], [ -102.02109641, 36.50375046 ], [ -101.9984732, 36.47303914 ], [ -101.9813221, 36.4552779 ], [ -101.96494177, 36.43326482 ], [ -101.9415478, 36.40718627 ], [ -101.93201081, 36.39349053 ], [ -101.90177347, 36.35618363 ], [ -101.89998951, 36.35371623 ], [ -101.871075, 36.31394191 ], [ -101.86199916, 36.30207354 ], [ -101.83468157, 36.27416761 ], [ -101.82222486, 36.26140331 ], [ -101.78545498, 36.23439331 ], [ -101.78245055, 36.23207922 ], [ -101.74267625, 36.20824136 ], [ -101.71422439, 36.19461899 ], [ -101.70290194, 36.18857527 ], [ -101.66312764, 36.16688826 ], [ -101.64229941, 36.15484469 ], [ -101.62335333, 36.14201273 ], [ -101.58514696, 36.11507037 ], [ -101.58357903, 36.11378555 ], [ -101.54380472, 36.07957512 ], [ -101.53913273, 36.07529608 ], [ -101.50477457, 36.03552178 ], [ -101.50403041, 36.03435117 ], [ -101.48323941, 35.99574746 ], [ -101.47202467, 35.95597316 ], [ -101.46883123, 35.91619884 ], [ -101.47218103, 35.87642454 ], [ -101.48102706, 35.83665024 ], [ -101.4947188, 35.79687592 ], [ -101.50403041, 35.77658766 ], [ -101.51349149, 35.75710163 ], [ -101.53768288, 35.71732731 ], [ -101.54380472, 35.70900262 ], [ -101.56877637, 35.67755301 ], [ -101.58357903, 35.66186425 ], [ -101.60881994, 35.63777871 ], [ -101.62335333, 35.62626251 ], [ -101.66312764, 35.59995041 ], [ -101.66703095, 35.59800439 ], [ -101.70290194, 35.58383621 ], [ -101.74267625, 35.57351213 ], [ -101.78245055, 35.56786233 ], [ -101.82222486, 35.56815038 ], [ -101.86199916, 35.56545983 ], [ -101.87798258, 35.55823009 ], [ -101.90177347, 35.54805537 ], [ -101.9415478, 35.52158207 ], [ -101.94992845, 35.5184558 ], [ -101.9813221, 35.5058069 ], [ -102.00544865, 35.5184558 ], [ -102.02109641, 35.53160724 ], [ -102.03529156, 35.55823009 ], [ -102.05272402, 35.59800439 ], [ -102.06087071, 35.61849579 ], [ -102.06842961, 35.63777871 ], [ -102.08431407, 35.67755301 ], [ -102.10064502, 35.71654008 ], [ -102.10100472, 35.71732731 ], [ -102.11774921, 35.75710163 ], [ -102.13410332, 35.79687592 ], [ -102.14041932, 35.81337482 ], [ -102.15019501, 35.83665024 ], [ -102.16573293, 35.87642454 ], [ -102.18019363, 35.91526125 ], [ -102.18058039, 35.91619884 ], [ -102.19464725, 35.95597316 ], [ -102.20813021, 35.99574746 ], [ -102.21996793, 36.03311517 ], [ -102.22083639, 36.03552178 ], [ -102.23341425, 36.07529608 ], [ -102.24497895, 36.11507037 ], [ -102.25549317, 36.15484469 ], [ -102.25974224, 36.17376332 ], [ -102.26525124, 36.19461899 ], [ -102.2739146, 36.23439331 ], [ -102.28114278, 36.27416761 ], [ -102.28682297, 36.31394191 ], [ -102.29060339, 36.35371623 ], [ -102.29275601, 36.39349053 ] ], [ [ -102.44870767, 38.42198016 ], [ -102.44262644, 38.46175446 ], [ -102.42424739, 38.50152878 ], [ -102.41883946, 38.50699382 ], [ -102.37906515, 38.52370747 ], [ -102.33929085, 38.51488897 ], [ -102.29951654, 38.50901805 ], [ -102.27594974, 38.50152878 ], [ -102.25974224, 38.49280897 ], [ -102.21996793, 38.46239333 ], [ -102.2193074, 38.46175446 ], [ -102.203118, 38.42198016 ], [ -102.21238884, 38.38220587 ], [ -102.21996793, 38.3719845 ], [ -102.23742738, 38.34243155 ], [ -102.24871323, 38.30265725 ], [ -102.25591212, 38.26288293 ], [ -102.25974224, 38.24352534 ], [ -102.27090599, 38.22310863 ], [ -102.29226388, 38.18333433 ], [ -102.29951654, 38.16826555 ], [ -102.33256399, 38.14356001 ], [ -102.33929085, 38.13708546 ], [ -102.35367868, 38.14356001 ], [ -102.37906515, 38.15527701 ], [ -102.3941581, 38.18333433 ], [ -102.41377845, 38.22310863 ], [ -102.41883946, 38.23429989 ], [ -102.42676677, 38.26288293 ], [ -102.43655366, 38.30265725 ], [ -102.4440477, 38.34243155 ], [ -102.44846175, 38.38220587 ], [ -102.44870767, 38.42198016 ] ] ] } },
{ "type": "Feature", "properties": { "Lower": 20.0 }, "geometry": { "type": "Polygon", "coordinates": [ [ [ -105.11927037, 41.84257054 ], [ -105.11804481, 41.88234484 ], [ -105.11598707, 41.92211913 ], [ -105.11226023, 41.96189346 ], [ -105.10788008, 42.00166775 ], [ -105.10206213, 42.04144207 ], [ -105.0951172, 42.08121637 ], [ -105.08561695, 42.12099067 ], [ -105.083718, 42.12706752 ], [ -105.07334995, 42.16076499 ], [ -105.05904363, 42.20053929 ], [ -105.0439437, 42.23613208 ], [ -105.04216972, 42.24031361 ], [ -105.02409024, 42.28008791 ], [ -105.00416939, 42.31574307 ], [ -105.00202629, 42.3198622 ], [ -104.98223787, 42.35963652 ], [ -104.96439509, 42.39028934 ], [ -104.95916366, 42.39941082 ], [ -104.93502887, 42.43918512 ], [ -104.92462078, 42.45514429 ], [ -104.90931117, 42.47895944 ], [ -104.88484648, 42.51539616 ], [ -104.88260555, 42.51873374 ], [ -104.85462715, 42.55850806 ], [ -104.84507217, 42.57155419 ], [ -104.8254965, 42.59828235 ], [ -104.80529787, 42.62484004 ], [ -104.79538534, 42.63805665 ], [ -104.76552356, 42.67457603 ], [ -104.76299792, 42.67783097 ], [ -104.73231825, 42.71760527 ], [ -104.72574926, 42.72546647 ], [ -104.69944231, 42.75737959 ], [ -104.68597495, 42.77295124 ], [ -104.66532209, 42.79715389 ], [ -104.64620064, 42.81888273 ], [ -104.63032057, 42.83692819 ], [ -104.60642632, 42.86290028 ], [ -104.59405803, 42.87670251 ], [ -104.56665201, 42.90601174 ], [ -104.55686651, 42.9164768 ], [ -104.52687771, 42.94810875 ], [ -104.5191583, 42.95625113 ], [ -104.4871034, 42.98960583 ], [ -104.4810131, 42.99602542 ], [ -104.4473291, 43.03105659 ], [ -104.44276836, 43.03579972 ], [ -104.40755479, 43.07194019 ], [ -104.40405892, 43.07557404 ], [ -104.36778048, 43.11328432 ], [ -104.36579487, 43.11534834 ], [ -104.32800618, 43.15272349 ], [ -104.3256656, 43.15512266 ], [ -104.2896555, 43.19489696 ], [ -104.28823187, 43.19635622 ], [ -104.25085299, 43.23467125 ], [ -104.24845757, 43.23709631 ], [ -104.21022165, 43.27444558 ], [ -104.20868326, 43.27600369 ], [ -104.17095092, 43.31421987 ], [ -104.16890896, 43.31626185 ], [ -104.13069277, 43.35399417 ], [ -104.12913465, 43.35551334 ], [ -104.08936035, 43.39145616 ], [ -104.08680096, 43.39376849 ], [ -104.04958604, 43.42816871 ], [ -104.04327731, 43.43354279 ], [ -104.00981174, 43.46136362 ], [ -103.99454814, 43.47331711 ], [ -103.97003743, 43.49228377 ], [ -103.94138448, 43.51309141 ], [ -103.9302631, 43.52107265 ], [ -103.8904888, 43.54740543 ], [ -103.8815257, 43.5528657 ], [ -103.85071449, 43.5714224 ], [ -103.81327724, 43.59264003 ], [ -103.81094019, 43.59388167 ], [ -103.77116588, 43.61082188 ], [ -103.73139158, 43.62651424 ], [ -103.71290468, 43.63241432 ], [ -103.69161727, 43.63899811 ], [ -103.65184297, 43.64890911 ], [ -103.61206866, 43.65606485 ], [ -103.57229436, 43.66035411 ], [ -103.53252005, 43.66142948 ], [ -103.49274575, 43.65966712 ], [ -103.45297144, 43.65511221 ], [ -103.41319714, 43.64726427 ], [ -103.37342283, 43.63634496 ], [ -103.36252428, 43.63241432 ], [ -103.33364853, 43.62216802 ], [ -103.29387422, 43.60428343 ], [ -103.2709401, 43.59264003 ], [ -103.25409989, 43.5841557 ], [ -103.21432559, 43.56305028 ], [ -103.1957701, 43.5528657 ], [ -103.17455128, 43.54130625 ], [ -103.13477698, 43.51866444 ], [ -103.12518294, 43.51309141 ], [ -103.09500267, 43.49568817 ], [ -103.05762653, 43.47331711 ], [ -103.05522837, 43.47189211 ], [ -103.01545406, 43.44794518 ], [ -102.99237755, 43.43354279 ], [ -102.97567976, 43.42312146 ], [ -102.93590545, 43.39770551 ], [ -102.93002059, 43.39376849 ], [ -102.89613114, 43.37093531 ], [ -102.87200298, 43.35399417 ], [ -102.85635684, 43.34216995 ], [ -102.82245451, 43.31421987 ], [ -102.81658253, 43.3089351 ], [ -102.7818031, 43.27444558 ], [ -102.77680823, 43.26904202 ], [ -102.74749978, 43.23467125 ], [ -102.73703392, 43.22130389 ], [ -102.71798322, 43.19489696 ], [ -102.69725962, 43.16403217 ], [ -102.69171325, 43.15512266 ], [ -102.66819915, 43.11534834 ], [ -102.65748531, 43.09662996 ], [ -102.64617753, 43.07557404 ], [ -102.62506291, 43.03579972 ], [ -102.61771101, 43.02226551 ], [ -102.60388389, 42.99602542 ], [ -102.58156105, 42.95625113 ], [ -102.57793668, 42.95030722 ], [ -102.55718179, 42.9164768 ], [ -102.53816237, 42.88451624 ], [ -102.53406546, 42.87670251 ], [ -102.51617002, 42.83692819 ], [ -102.49941764, 42.79715389 ], [ -102.49838807, 42.79460002 ], [ -102.48383999, 42.75737959 ], [ -102.4689439, 42.71760527 ], [ -102.45861376, 42.68850614 ], [ -102.45491654, 42.67783097 ], [ -102.4419667, 42.63805665 ], [ -102.42981413, 42.59828235 ], [ -102.41883946, 42.56162732 ], [ -102.41793515, 42.55850806 ], [ -102.40819829, 42.51873374 ], [ -102.39867232, 42.47895944 ], [ -102.39019205, 42.43918512 ], [ -102.38235546, 42.39941082 ], [ -102.37906515, 42.38057387 ], [ -102.37545526, 42.35963652 ], [ -102.36932198, 42.3198622 ], [ -102.3638337, 42.28008791 ], [ -102.35885093, 42.24031361 ], [ -102.35429428, 42.20053929 ], [ -102.35012992, 42.16076499 ], [ -102.34618072, 42.12099067 ], [ -102.34202086, 42.08121637 ], [ -102.33929085, 42.0569108 ], [ -102.33761416, 42.04144207 ], [ -102.3331536, 42.00166775 ], [ -102.32836226, 41.96189346 ], [ -102.32286644, 41.92211913 ], [ -102.31653624, 41.88234484 ], [ -102.30914706, 41.84257054 ], [ -102.300352, 41.80279622 ], [ -102.29951654, 41.79946623 ], [ -102.29089134, 41.76302192 ], [ -102.27955234, 41.7232476 ], [ -102.26562652, 41.6834733 ], [ -102.25974224, 41.6696581 ], [ -102.24930409, 41.64369901 ], [ -102.2292652, 41.60392468 ], [ -102.21996793, 41.58917161 ], [ -102.20499105, 41.56415039 ], [ -102.18019363, 41.5315159 ], [ -102.17500994, 41.52437607 ], [ -102.14041932, 41.48567712 ], [ -102.13949607, 41.48460177 ], [ -102.10064502, 41.4474611 ], [ -102.0979947, 41.44482747 ], [ -102.06087071, 41.4140369 ], [ -102.05046703, 41.40505315 ], [ -102.02109641, 41.38362758 ], [ -101.99689966, 41.36527885 ], [ -101.9813221, 41.35518885 ], [ -101.9415478, 41.32831362 ], [ -101.93765449, 41.32550456 ], [ -101.90177347, 41.30316986 ], [ -101.87553216, 41.28573023 ], [ -101.86199916, 41.27784373 ], [ -101.82222486, 41.25185747 ], [ -101.81472031, 41.24595594 ], [ -101.78245055, 41.21634971 ], [ -101.77456154, 41.20618162 ], [ -101.75360116, 41.16640732 ], [ -101.77664207, 41.12663302 ], [ -101.78245055, 41.12267153 ], [ -101.82222486, 41.09581946 ], [ -101.83613197, 41.0868587 ], [ -101.86199916, 41.07369187 ], [ -101.90177347, 41.05688586 ], [ -101.9415478, 41.04924536 ], [ -101.96605667, 41.0470844 ], [ -101.9813221, 41.04579888 ], [ -102.02109641, 41.04280323 ], [ -102.06087071, 41.04338705 ], [ -102.07778599, 41.0470844 ], [ -102.10064502, 41.05466616 ], [ -102.14041932, 41.08588147 ], [ -102.14127821, 41.0868587 ], [ -102.18019363, 41.11260121 ], [ -102.2016573, 41.12663302 ], [ -102.21996793, 41.1385267 ], [ -102.25974224, 41.16336389 ], [ -102.26469851, 41.16640732 ], [ -102.29951654, 41.19183159 ], [ -102.32060862, 41.20618162 ], [ -102.33929085, 41.22117915 ], [ -102.37097444, 41.24595594 ], [ -102.37906515, 41.25348064 ], [ -102.41526215, 41.28573023 ], [ -102.41883946, 41.28978513 ], [ -102.45532287, 41.32550456 ], [ -102.45861376, 41.32958003 ], [ -102.49128363, 41.36527885 ], [ -102.49838807, 41.37344771 ], [ -102.5358706, 41.40505315 ], [ -102.53816237, 41.40693319 ], [ -102.57793668, 41.43437198 ], [ -102.5963508, 41.44482747 ], [ -102.61771101, 41.45752983 ], [ -102.65748531, 41.47791468 ], [ -102.67196136, 41.48460177 ], [ -102.69725962, 41.49690149 ], [ -102.73703392, 41.51332172 ], [ -102.76917643, 41.52437607 ], [ -102.77680823, 41.52717082 ], [ -102.81658253, 41.53643307 ], [ -102.85635684, 41.53890409 ], [ -102.89613114, 41.5302882 ], [ -102.90557611, 41.52437607 ], [ -102.93590545, 41.49846974 ], [ -102.94420028, 41.48460177 ], [ -102.9587851, 41.44482747 ], [ -102.96631602, 41.40505315 ], [ -102.97213749, 41.36527885 ], [ -102.97567976, 41.34195056 ], [ -102.9785014, 41.32550456 ], [ -102.98657917, 41.28573023 ], [ -102.99715665, 41.24595594 ], [ -103.01141268, 41.20618162 ], [ -103.01545406, 41.20093658 ], [ -103.0349936, 41.16640732 ], [ -103.04559583, 41.12663302 ], [ -103.04814781, 41.0868587 ], [ -103.04777539, 41.0470844 ], [ -103.04640628, 41.00731008 ], [ -103.04494818, 40.96753579 ], [ -103.04338551, 40.92776149 ], [ -103.0414178, 40.88798717 ], [ -103.03859961, 40.84821287 ], [ -103.03406095, 40.80843855 ], [ -103.02620317, 40.76866425 ], [ -103.01545406, 40.73831359 ], [ -103.00962845, 40.72888995 ], [ -102.97567976, 40.69971575 ], [ -102.93590545, 40.69563221 ], [ -102.89613114, 40.70258989 ], [ -102.85635684, 40.7195161 ], [ -102.84211917, 40.72888995 ], [ -102.81658253, 40.7409205 ], [ -102.77680823, 40.76476115 ], [ -102.7714579, 40.76866425 ], [ -102.73703392, 40.7881165 ], [ -102.7053437, 40.80843855 ], [ -102.69725962, 40.81259374 ], [ -102.65748531, 40.83512432 ], [ -102.63554439, 40.84821287 ], [ -102.61771101, 40.85753577 ], [ -102.57793668, 40.87838254 ], [ -102.55896651, 40.88798717 ], [ -102.53816237, 40.89783745 ], [ -102.49838807, 40.9119129 ], [ -102.45861376, 40.92059919 ], [ -102.41883946, 40.92456117 ], [ -102.37906515, 40.92629359 ], [ -102.33929085, 40.92728398 ], [ -102.3195273, 40.92776149 ], [ -102.29951654, 40.92821973 ], [ -102.2694995, 40.92776149 ], [ -102.25974224, 40.92762342 ], [ -102.21996793, 40.92418735 ], [ -102.18019363, 40.91448877 ], [ -102.14604908, 40.88798717 ], [ -102.14041932, 40.88368595 ], [ -102.11665699, 40.84821287 ], [ -102.10064502, 40.82485783 ], [ -102.09250795, 40.80843855 ], [ -102.06774907, 40.76866425 ], [ -102.06087071, 40.76049412 ], [ -102.03460065, 40.72888995 ], [ -102.02109641, 40.71401642 ], [ -102.00060672, 40.68911563 ], [ -101.9813221, 40.66396046 ], [ -101.96866882, 40.64934134 ], [ -101.9415478, 40.61153703 ], [ -101.93972838, 40.60956704 ], [ -101.91030001, 40.56979272 ], [ -101.90177347, 40.55682094 ], [ -101.87911566, 40.53001842 ], [ -101.86199916, 40.50671601 ], [ -101.84635087, 40.4902441 ], [ -101.82222486, 40.46117662 ], [ -101.81068376, 40.4504698 ], [ -101.78245055, 40.42075737 ], [ -101.76993733, 40.4106955 ], [ -101.74267625, 40.38602078 ], [ -101.72070297, 40.37092118 ], [ -101.70290194, 40.35713311 ], [ -101.66312764, 40.33330966 ], [ -101.65930671, 40.33114689 ], [ -101.62335333, 40.30924642 ], [ -101.59163138, 40.29137256 ], [ -101.58357903, 40.28655417 ], [ -101.54380472, 40.25713498 ], [ -101.53700211, 40.25159827 ], [ -101.50403041, 40.22430046 ], [ -101.48742684, 40.21182397 ], [ -101.46425611, 40.1932021 ], [ -101.4244818, 40.17266383 ], [ -101.42252734, 40.17204965 ], [ -101.3847075, 40.15559032 ], [ -101.34493319, 40.15169923 ], [ -101.30515889, 40.15580999 ], [ -101.26538458, 40.16656915 ], [ -101.25313649, 40.17204965 ], [ -101.22561028, 40.17856513 ], [ -101.18583595, 40.19064946 ], [ -101.14606164, 40.2030871 ], [ -101.10628734, 40.21014248 ], [ -101.06651303, 40.20348986 ], [ -101.02673873, 40.17832141 ], [ -101.02003267, 40.17204965 ], [ -100.99804258, 40.13227535 ], [ -100.99520135, 40.09250103 ], [ -100.9970165, 40.05272673 ], [ -101.00811288, 40.01295244 ], [ -101.02673873, 39.97899845 ], [ -101.03737951, 39.97317811 ], [ -101.06651303, 39.95832944 ], [ -101.10628734, 39.95232603 ], [ -101.14606164, 39.95172453 ], [ -101.18583595, 39.95475716 ], [ -101.22561028, 39.96226502 ], [ -101.26252792, 39.97317811 ], [ -101.26538458, 39.97417683 ], [ -101.30515889, 39.98979841 ], [ -101.34493319, 40.00634394 ], [ -101.36264394, 40.01295244 ], [ -101.3847075, 40.02475113 ], [ -101.4244818, 40.03926052 ], [ -101.46425611, 40.04749551 ], [ -101.50403041, 40.05070868 ], [ -101.54380472, 40.04313438 ], [ -101.58357903, 40.02811428 ], [ -101.62335333, 40.02105453 ], [ -101.66312764, 40.02319177 ], [ -101.70290194, 40.0298352 ], [ -101.74267625, 40.03868911 ], [ -101.78245055, 40.0489695 ], [ -101.79589505, 40.05272673 ], [ -101.82222486, 40.06013478 ], [ -101.86199916, 40.07073073 ], [ -101.90177347, 40.08037388 ], [ -101.9415478, 40.08890943 ], [ -101.96086621, 40.09250103 ], [ -101.9813221, 40.09614996 ], [ -102.02109641, 40.10129939 ], [ -102.06087071, 40.10474142 ], [ -102.10064502, 40.10668627 ], [ -102.14041932, 40.10753455 ], [ -102.18019363, 40.10738643 ], [ -102.21996793, 40.10598172 ], [ -102.25974224, 40.10295222 ], [ -102.29951654, 40.09845678 ], [ -102.33746605, 40.09250103 ], [ -102.33929085, 40.09219975 ], [ -102.37906515, 40.08549477 ], [ -102.41883946, 40.0780415 ], [ -102.45861376, 40.06966314 ], [ -102.49838807, 40.05948088 ], [ -102.51994401, 40.05272673 ], [ -102.53816237, 40.04611472 ], [ -102.57793668, 40.02781296 ], [ -102.60237412, 40.01295244 ], [ -102.61771101, 40.00077315 ], [ -102.64436526, 39.97317811 ], [ -102.65748531, 39.95139382 ], [ -102.66596057, 39.93340382 ], [ -102.674646, 39.8936295 ], [ -102.67670481, 39.8538552 ], [ -102.67590895, 39.8140809 ], [ -102.67381438, 39.77430658 ], [ -102.67188312, 39.73453228 ], [ -102.67097166, 39.69475799 ], [ -102.6724611, 39.65498367 ], [ -102.67865496, 39.61520937 ], [ -102.69725962, 39.58026105 ], [ -102.69994278, 39.57543505 ], [ -102.73703392, 39.54688644 ], [ -102.75707339, 39.53566075 ], [ -102.77680823, 39.52992884 ], [ -102.81658253, 39.5226423 ], [ -102.85635684, 39.51967687 ], [ -102.89613114, 39.5197467 ], [ -102.93590545, 39.52176174 ], [ -102.97567976, 39.52385846 ], [ -103.01545406, 39.52545969 ], [ -103.05522837, 39.52634434 ], [ -103.09500267, 39.51981536 ], [ -103.13477698, 39.50502669 ], [ -103.17455128, 39.52240066 ], [ -103.18402879, 39.53566075 ], [ -103.20717655, 39.57543505 ], [ -103.21432559, 39.5899139 ], [ -103.23009289, 39.61520937 ], [ -103.25076038, 39.65498367 ], [ -103.25409989, 39.66281381 ], [ -103.27202395, 39.69475799 ], [ -103.29073186, 39.73453228 ], [ -103.29387422, 39.7433927 ], [ -103.30881673, 39.77430658 ], [ -103.3237091, 39.8140809 ], [ -103.33364853, 39.85105822 ], [ -103.33471796, 39.8538552 ], [ -103.34166632, 39.8936295 ], [ -103.34123521, 39.93340382 ], [ -103.33364853, 39.96346439 ], [ -103.33036938, 39.97317811 ], [ -103.30320695, 40.01295244 ], [ -103.29387422, 40.02464945 ], [ -103.25409989, 40.05184642 ], [ -103.25208126, 40.05272673 ], [ -103.21432559, 40.07976137 ], [ -103.17992839, 40.09250103 ], [ -103.17867913, 40.13227535 ], [ -103.17890931, 40.17204965 ], [ -103.17975509, 40.21182397 ], [ -103.18883609, 40.25159827 ], [ -103.20447426, 40.29137256 ], [ -103.21432559, 40.30527985 ], [ -103.25409989, 40.32532942 ], [ -103.26993188, 40.33114689 ], [ -103.29387422, 40.33720922 ], [ -103.33364853, 40.33938692 ], [ -103.37342283, 40.34219479 ], [ -103.41319714, 40.34658367 ], [ -103.45297144, 40.35197696 ], [ -103.49274575, 40.35896399 ], [ -103.53252005, 40.3672829 ], [ -103.54692744, 40.37092118 ], [ -103.57229436, 40.37616227 ], [ -103.61206866, 40.3861299 ], [ -103.65184297, 40.39862577 ], [ -103.68081018, 40.4106955 ], [ -103.69161727, 40.41556756 ], [ -103.73139158, 40.4385189 ], [ -103.74888085, 40.4504698 ], [ -103.77116588, 40.46636002 ], [ -103.80168413, 40.4902441 ], [ -103.81094019, 40.4972445 ], [ -103.8445619, 40.53001842 ], [ -103.85071449, 40.54232359 ], [ -103.85746537, 40.56979272 ], [ -103.85735086, 40.60956704 ], [ -103.8525237, 40.64934134 ], [ -103.85071449, 40.66043099 ], [ -103.84570166, 40.68911563 ], [ -103.84621751, 40.72888995 ], [ -103.85071449, 40.74687785 ], [ -103.86039732, 40.76866425 ], [ -103.8904888, 40.80389337 ], [ -103.89586442, 40.80843855 ], [ -103.9302631, 40.83513597 ], [ -103.94995176, 40.84821287 ], [ -103.97003743, 40.86207039 ], [ -104.00808323, 40.88798717 ], [ -104.00981174, 40.88923345 ], [ -104.04958604, 40.91642726 ], [ -104.06581782, 40.92776149 ], [ -104.08936035, 40.94494111 ], [ -104.12679338, 40.96753579 ], [ -104.12913465, 40.96898823 ], [ -104.16890896, 40.98961212 ], [ -104.20575521, 41.00731008 ], [ -104.20868326, 41.00874472 ], [ -104.24845757, 41.02483588 ], [ -104.28823187, 41.04063366 ], [ -104.30549173, 41.0470844 ], [ -104.32800618, 41.05594659 ], [ -104.36778048, 41.0710993 ], [ -104.40755479, 41.08550834 ], [ -104.41135269, 41.0868587 ], [ -104.4473291, 41.10056375 ], [ -104.4871034, 41.11531171 ], [ -104.51767174, 41.12663302 ], [ -104.52687771, 41.13031532 ], [ -104.56665201, 41.14621722 ], [ -104.60642632, 41.16245434 ], [ -104.61578175, 41.16640732 ], [ -104.64620064, 41.18023426 ], [ -104.68597495, 41.19856993 ], [ -104.70195939, 41.20618162 ], [ -104.72574926, 41.21848681 ], [ -104.76552356, 41.23952395 ], [ -104.77677957, 41.24595594 ], [ -104.80529787, 41.26384972 ], [ -104.83911309, 41.28573023 ], [ -104.84507217, 41.29000514 ], [ -104.88484648, 41.31990265 ], [ -104.89193121, 41.32550456 ], [ -104.92462078, 41.35400312 ], [ -104.93683601, 41.36527885 ], [ -104.96439509, 41.39445942 ], [ -104.97387373, 41.40505315 ], [ -105.00416939, 41.44007179 ], [ -105.00790296, 41.44482747 ], [ -105.03168579, 41.48460177 ], [ -105.0439437, 41.50698584 ], [ -105.05324538, 41.52437607 ], [ -105.07050934, 41.56415039 ], [ -105.083718, 41.59405684 ], [ -105.0876503, 41.60392468 ], [ -105.09675118, 41.64369901 ], [ -105.10524097, 41.6834733 ], [ -105.11183765, 41.7232476 ], [ -105.11602963, 41.76302192 ], [ -105.11837794, 41.80279622 ], [ -105.11927037, 41.84257054 ] ], [ [ -102.38316854, 40.56979272 ], [ -102.38268602, 40.60956704 ], [ -102.37906515, 40.62206274 ], [ -102.37063369, 40.64934134 ], [ -102.34592513, 40.68911563 ], [ -102.33929085, 40.69560083 ], [ -102.30337882, 40.72888995 ], [ -102.29951654, 40.73103565 ], [ -102.25974224, 40.75091969 ], [ -102.21996793, 40.76516772 ], [ -102.18019363, 40.7665477 ], [ -102.14041932, 40.73839381 ], [ -102.13264038, 40.72888995 ], [ -102.10064502, 40.69503114 ], [ -102.09504195, 40.68911563 ], [ -102.0714705, 40.64934134 ], [ -102.06087071, 40.62198865 ], [ -102.05705868, 40.60956704 ], [ -102.05088441, 40.56979272 ], [ -102.05098082, 40.53001842 ], [ -102.06087071, 40.49316542 ], [ -102.06281141, 40.4902441 ], [ -102.10064502, 40.45765246 ], [ -102.11743836, 40.4504698 ], [ -102.14041932, 40.44270012 ], [ -102.18019363, 40.43649586 ], [ -102.21996793, 40.43936077 ], [ -102.25974224, 40.44858096 ], [ -102.26517974, 40.4504698 ], [ -102.29951654, 40.46609913 ], [ -102.33716225, 40.4902441 ], [ -102.33929085, 40.49222369 ], [ -102.36928654, 40.53001842 ], [ -102.37906515, 40.55568732 ], [ -102.38316854, 40.56979272 ] ], [ [ -103.18000414, 39.73453228 ], [ -103.17701201, 39.77430658 ], [ -103.17455128, 39.78381475 ], [ -103.16479727, 39.8140809 ], [ -103.13655181, 39.8538552 ], [ -103.13477698, 39.85555686 ], [ -103.09500267, 39.868138 ], [ -103.05522837, 39.85788852 ], [ -103.04268899, 39.8538552 ], [ -103.01545406, 39.84434517 ], [ -102.97567976, 39.8264412 ], [ -102.95537815, 39.8140809 ], [ -102.93590545, 39.79945745 ], [ -102.90957641, 39.77430658 ], [ -102.89613114, 39.7572039 ], [ -102.88093801, 39.73453228 ], [ -102.86361626, 39.69475799 ], [ -102.85896571, 39.65498367 ], [ -102.87815673, 39.61520937 ], [ -102.89613114, 39.60313947 ], [ -102.93590545, 39.58558823 ], [ -102.97567976, 39.57630297 ], [ -103.01100155, 39.57543505 ], [ -103.01545406, 39.57538105 ], [ -103.05522837, 39.57509004 ], [ -103.09500267, 39.57130709 ], [ -103.13477698, 39.56938367 ], [ -103.13951358, 39.57543505 ], [ -103.15593947, 39.61520937 ], [ -103.168192, 39.65498367 ], [ -103.17455128, 39.68659956 ], [ -103.17645014, 39.69475799 ], [ -103.18000414, 39.73453228 ] ] ] } },
{ "type": "Feature", "properties": { "Lower": 25.0 }, "geometry": { "type": "Polygon", "coordinates": [ [ [ -108.59381587, 45.62112966 ], [ -108.59380496, 45.66090396 ], [ -108.58385698, 45.6804895 ], [ -108.54408267, 45.69309552 ], [ -108.52193034, 45.70067828 ], [ -108.50430837, 45.71008716 ], [ -108.46453406, 45.72511518 ], [ -108.42475976, 45.73654845 ], [ -108.41263291, 45.74045258 ], [ -108.38498545, 45.75446831 ], [ -108.34521115, 45.76850624 ], [ -108.30543684, 45.77925208 ], [ -108.30231751, 45.78022688 ], [ -108.26566254, 45.79930144 ], [ -108.22588823, 45.81515048 ], [ -108.21371921, 45.8200012 ], [ -108.18611393, 45.84013869 ], [ -108.16026029, 45.85977549 ], [ -108.14633962, 45.87324511 ], [ -108.1240969, 45.89954979 ], [ -108.12680384, 45.93932411 ], [ -108.13281656, 45.97909841 ], [ -108.14074753, 46.01887273 ], [ -108.14633962, 46.04548958 ], [ -108.15029713, 46.05864703 ], [ -108.16126978, 46.09842133 ], [ -108.17097898, 46.13819565 ], [ -108.17940712, 46.17796994 ], [ -108.18611393, 46.21455277 ], [ -108.18688454, 46.21774426 ], [ -108.1949474, 46.25751856 ], [ -108.20150528, 46.29729286 ], [ -108.20662313, 46.33706718 ], [ -108.18611393, 46.34701215 ], [ -108.14633962, 46.34701562 ], [ -108.10656532, 46.34701945 ], [ -108.07674733, 46.37684148 ], [ -108.06679101, 46.38679782 ], [ -108.02701668, 46.3868014 ], [ -107.98724238, 46.38680483 ], [ -107.98724238, 46.38678724 ], [ -108.01266318, 46.37684148 ], [ -108.00964417, 46.33706718 ], [ -108.00743251, 46.29729286 ], [ -108.00615095, 46.25751856 ], [ -108.00578923, 46.21774426 ], [ -108.00643602, 46.17796994 ], [ -108.00804851, 46.13819565 ], [ -108.01041123, 46.09842133 ], [ -108.01281067, 46.05864703 ], [ -108.01337839, 46.01887273 ], [ -108.01232172, 45.97909841 ], [ -108.01043729, 45.93932411 ], [ -108.00832968, 45.89954979 ], [ -108.01426731, 45.85977549 ], [ -108.02701668, 45.85263205 ], [ -108.06679101, 45.82692229 ], [ -108.07619151, 45.8200012 ], [ -108.10656532, 45.80614076 ], [ -108.14633962, 45.78935254 ], [ -108.16620296, 45.78022688 ], [ -108.18611393, 45.77009656 ], [ -108.22588823, 45.75250824 ], [ -108.25669236, 45.74045258 ], [ -108.26566254, 45.73601274 ], [ -108.30543684, 45.71886133 ], [ -108.34521115, 45.70405098 ], [ -108.35455131, 45.70067828 ], [ -108.38498545, 45.68749203 ], [ -108.42475976, 45.67222333 ], [ -108.45638098, 45.66090396 ], [ -108.46453406, 45.65737645 ], [ -108.50430837, 45.64116636 ], [ -108.54408267, 45.62661851 ], [ -108.55946057, 45.62112966 ], [ -108.55403563, 45.58135534 ], [ -108.55405319, 45.58135534 ], [ -108.58385698, 45.61117077 ], [ -108.59381587, 45.62112966 ] ] ] } },
{ "type": "Feature", "properties": { "Lower": 25.0 }, "geometry": { "type": "Polygon", "coordinates": [ [ [ -96.79661079, 38.34243155 ], [ -96.79525955, 38.38220587 ], [ -96.78465695, 38.42198016 ], [ -96.77088793, 38.44908452 ], [ -96.7635237, 38.46175446 ], [ -96.73451622, 38.50152878 ], [ -96.73111362, 38.50586577 ], [ -96.70044368, 38.54130308 ], [ -96.69133932, 38.55280605 ], [ -96.67243819, 38.5810774 ], [ -96.65156501, 38.62015916 ], [ -96.65107678, 38.6208517 ], [ -96.62260669, 38.66062599 ], [ -96.61179071, 38.67732179 ], [ -96.58301498, 38.70040032 ], [ -96.5720164, 38.71079028 ], [ -96.5322421, 38.70767891 ], [ -96.52543687, 38.70040032 ], [ -96.49246779, 38.66574059 ], [ -96.4895629, 38.66062599 ], [ -96.46669223, 38.6208517 ], [ -96.45269349, 38.5962113 ], [ -96.44613547, 38.5810774 ], [ -96.43013617, 38.54130308 ], [ -96.41540268, 38.50152878 ], [ -96.41291916, 38.49371094 ], [ -96.40471333, 38.46175446 ], [ -96.396454, 38.42198016 ], [ -96.39093992, 38.38220587 ], [ -96.38982234, 38.34243155 ], [ -96.39470347, 38.30265725 ], [ -96.40741222, 38.26288293 ], [ -96.41291916, 38.25339878 ], [ -96.43970194, 38.22310863 ], [ -96.45269349, 38.21341598 ], [ -96.49246779, 38.19204532 ], [ -96.51678063, 38.18333433 ], [ -96.5322421, 38.1787097 ], [ -96.5720164, 38.17013219 ], [ -96.61179071, 38.16413443 ], [ -96.65156501, 38.16320124 ], [ -96.69133932, 38.17604574 ], [ -96.70129826, 38.18333433 ], [ -96.73111362, 38.20821627 ], [ -96.74350909, 38.22310863 ], [ -96.77088793, 38.25998173 ], [ -96.7725929, 38.26288293 ], [ -96.78856335, 38.30265725 ], [ -96.79661079, 38.34243155 ] ] ] } },
{ "type": "Feature", "properties": { "Lower": 25.0 }, "geometry": { "type": "Polygon", "coordinates": [ [ [ -96.74380771, 39.49588645 ], [ -96.74147272, 39.53566075 ], [ -96.73685847, 39.57543505 ], [ -96.73111362, 39.60777929 ], [ -96.7298056, 39.61520937 ], [ -96.72131515, 39.65498367 ], [ -96.71077811, 39.69475799 ], [ -96.69700512, 39.73453228 ], [ -96.69133932, 39.74698227 ], [ -96.67934164, 39.77430658 ], [ -96.65805698, 39.8140809 ], [ -96.65156501, 39.82417287 ], [ -96.63136086, 39.8538552 ], [ -96.61179071, 39.87750865 ], [ -96.59538608, 39.8936295 ], [ -96.5720164, 39.91357602 ], [ -96.54623304, 39.93340382 ], [ -96.5322421, 39.94395501 ], [ -96.50078883, 39.97317811 ], [ -96.49246779, 39.98646282 ], [ -96.47957985, 40.01295244 ], [ -96.45520066, 40.05272673 ], [ -96.45269349, 40.05535955 ], [ -96.41291916, 40.08275633 ], [ -96.38540759, 40.09250103 ], [ -96.37314485, 40.0965749 ], [ -96.33337055, 40.10517937 ], [ -96.29359624, 40.107678 ], [ -96.25382194, 40.10755515 ], [ -96.21404763, 40.10620469 ], [ -96.17427333, 40.10381928 ], [ -96.13449902, 40.10038424 ], [ -96.09472472, 40.09553716 ], [ -96.0754708, 40.09250103 ], [ -96.05495041, 40.08858616 ], [ -96.01517611, 40.07810402 ], [ -95.9754018, 40.06252639 ], [ -95.95726453, 40.05272673 ], [ -95.9356275, 40.03307112 ], [ -95.91956779, 40.01295244 ], [ -95.90913447, 39.97317811 ], [ -95.91495388, 39.93340382 ], [ -95.93509946, 39.8936295 ], [ -95.9356275, 39.89311962 ], [ -95.97433192, 39.8538552 ], [ -95.9754018, 39.85332217 ], [ -96.01517611, 39.83474757 ], [ -96.05495041, 39.81958865 ], [ -96.07739489, 39.8140809 ], [ -96.09472472, 39.81257336 ], [ -96.13449902, 39.81168202 ], [ -96.17427333, 39.81315439 ], [ -96.17879147, 39.8140809 ], [ -96.21404763, 39.82313558 ], [ -96.25382194, 39.82051729 ], [ -96.26222903, 39.8140809 ], [ -96.29359624, 39.78755528 ], [ -96.30630386, 39.77430658 ], [ -96.33337055, 39.73540624 ], [ -96.33409142, 39.73453228 ], [ -96.35130516, 39.69475799 ], [ -96.36517874, 39.65498367 ], [ -96.37314485, 39.63225743 ], [ -96.37963067, 39.61520937 ], [ -96.39347136, 39.57543505 ], [ -96.40567415, 39.53566075 ], [ -96.41291916, 39.51201503 ], [ -96.41878768, 39.49588645 ], [ -96.42980318, 39.45611213 ], [ -96.44120155, 39.41633783 ], [ -96.45269349, 39.37806505 ], [ -96.45329904, 39.37656351 ], [ -96.46603214, 39.33678922 ], [ -96.48000252, 39.29701492 ], [ -96.49246779, 39.26174938 ], [ -96.49491585, 39.2572406 ], [ -96.51538066, 39.2174663 ], [ -96.5322421, 39.18408413 ], [ -96.5720164, 39.18001421 ], [ -96.61179071, 39.21000502 ], [ -96.61869757, 39.2174663 ], [ -96.65156501, 39.24342267 ], [ -96.66366678, 39.2572406 ], [ -96.69133932, 39.28628126 ], [ -96.69830211, 39.29701492 ], [ -96.71873229, 39.33678922 ], [ -96.73111362, 39.37159703 ], [ -96.73248315, 39.37656351 ], [ -96.73982254, 39.41633783 ], [ -96.74342194, 39.45611213 ], [ -96.74380771, 39.49588645 ] ], [ [ -96.62527378, 39.57543505 ], [ -96.62428323, 39.61520937 ], [ -96.61911657, 39.65498367 ], [ -96.61179071, 39.68748578 ], [ -96.60982499, 39.69475799 ], [ -96.59320113, 39.73453228 ], [ -96.57283489, 39.77430658 ], [ -96.5720164, 39.77557617 ], [ -96.54200683, 39.8140809 ], [ -96.5322421, 39.82368268 ], [ -96.49624761, 39.8538552 ], [ -96.49246779, 39.85676927 ], [ -96.45269349, 39.89258149 ], [ -96.45171981, 39.8936295 ], [ -96.41943633, 39.93340382 ], [ -96.41291916, 39.94494566 ], [ -96.39166371, 39.97317811 ], [ -96.37314485, 39.98874469 ], [ -96.33337055, 40.0028609 ], [ -96.29359624, 40.0028848 ], [ -96.25382194, 39.99465967 ], [ -96.21404763, 39.98105606 ], [ -96.19658489, 39.97317811 ], [ -96.17427333, 39.95711377 ], [ -96.1496268, 39.93340382 ], [ -96.14037481, 39.8936295 ], [ -96.16861635, 39.8538552 ], [ -96.17427333, 39.85267509 ], [ -96.21404763, 39.84959381 ], [ -96.25382194, 39.85293012 ], [ -96.29359624, 39.82872005 ], [ -96.30802861, 39.8140809 ], [ -96.33337055, 39.78694109 ], [ -96.34561541, 39.77430658 ], [ -96.37314485, 39.73766241 ], [ -96.37596729, 39.73453228 ], [ -96.39739828, 39.69475799 ], [ -96.40876322, 39.65498367 ], [ -96.41291916, 39.64040593 ], [ -96.42443069, 39.61520937 ], [ -96.44180271, 39.57543505 ], [ -96.45269349, 39.54846472 ], [ -96.46410798, 39.53566075 ], [ -96.49246779, 39.49708245 ], [ -96.49453213, 39.49588645 ], [ -96.5322421, 39.47011088 ], [ -96.5720164, 39.46587007 ], [ -96.60711103, 39.49588645 ], [ -96.61179071, 39.50374923 ], [ -96.62091492, 39.53566075 ], [ -96.62527378, 39.57543505 ] ] ] } },
{ "type": "Feature", "properties": { "Lower": 25.0 }, "geometry": { "type": "Polygon", "coordinates": [ [ [ -100.15170399, 30.9344487 ], [ -100.15170399, 30.93446628 ], [ -100.14194759, 30.94441054 ], [ -100.11775184, 30.98418483 ], [ -100.11192969, 30.99351328 ], [ -100.09348386, 31.02395913 ], [ -100.07215538, 31.05802336 ], [ -100.06869697, 31.06373345 ], [ -100.04425927, 31.10350775 ], [ -100.03238107, 31.12228706 ], [ -100.01958587, 31.14328207 ], [ -99.99516655, 31.18305637 ], [ -99.99260677, 31.18724849 ], [ -99.97175603, 31.22283066 ], [ -99.95283246, 31.25535991 ], [ -99.94874778, 31.26260499 ], [ -99.93202951, 31.30237928 ], [ -99.92266498, 31.34215358 ], [ -99.91583902, 31.3819279 ], [ -99.91305816, 31.39674275 ], [ -99.90875873, 31.4217022 ], [ -99.90096074, 31.46147652 ], [ -99.89080989, 31.50125082 ], [ -99.87943654, 31.54102511 ], [ -99.87328385, 31.56119084 ], [ -99.86762079, 31.58079944 ], [ -99.85594695, 31.62057373 ], [ -99.84462303, 31.66034805 ], [ -99.83377538, 31.70012235 ], [ -99.83350953, 31.70111901 ], [ -99.82186188, 31.73989665 ], [ -99.80985506, 31.77967097 ], [ -99.79790831, 31.81944527 ], [ -99.79373522, 31.83372534 ], [ -99.78106829, 31.85921959 ], [ -99.76290723, 31.89899388 ], [ -99.75396091, 31.9209078 ], [ -99.7422898, 31.93876818 ], [ -99.71967976, 31.9785425 ], [ -99.71418661, 31.9898926 ], [ -99.69239946, 32.0183168 ], [ -99.6744123, 32.04621828 ], [ -99.66215337, 32.05809112 ], [ -99.634638, 32.08942782 ], [ -99.62378967, 32.09786542 ], [ -99.59486369, 32.12516633 ], [ -99.57751785, 32.13763972 ], [ -99.55508939, 32.1560426 ], [ -99.51962245, 32.17741404 ], [ -99.51531508, 32.1802654 ], [ -99.47554078, 32.19682478 ], [ -99.43576647, 32.2028551 ], [ -99.39599217, 32.20018145 ], [ -99.35621786, 32.19097298 ], [ -99.32041821, 32.17741404 ], [ -99.31644356, 32.17606842 ], [ -99.27666925, 32.15939511 ], [ -99.23689495, 32.13947451 ], [ -99.23374962, 32.13763972 ], [ -99.19712064, 32.11734899 ], [ -99.16409339, 32.09786542 ], [ -99.15734631, 32.09407599 ], [ -99.11757201, 32.0696935 ], [ -99.09959975, 32.05809112 ], [ -99.0777977, 32.04453139 ], [ -99.0380234, 32.01923583 ], [ -99.03666785, 32.0183168 ], [ -98.99824909, 31.99284576 ], [ -98.97685338, 31.9785425 ], [ -98.95847479, 31.96652193 ], [ -98.91870048, 31.93999758 ], [ -98.91691969, 31.93876818 ], [ -98.87892618, 31.91293263 ], [ -98.85827612, 31.89899388 ], [ -98.83915187, 31.88614929 ], [ -98.79937757, 31.85994337 ], [ -98.79833238, 31.85921959 ], [ -98.75960326, 31.83216753 ], [ -98.74103566, 31.81944527 ], [ -98.71982896, 31.80498162 ], [ -98.68220975, 31.77967097 ], [ -98.68005465, 31.7782075 ], [ -98.64028035, 31.75085455 ], [ -98.6242972, 31.73989665 ], [ -98.60050604, 31.72351409 ], [ -98.59056188, 31.73989665 ], [ -98.59054429, 31.73989665 ], [ -98.59054568, 31.70012235 ], [ -98.60050604, 31.69016202 ], [ -98.6303221, 31.66034805 ], [ -98.64028035, 31.65038983 ], [ -98.67009826, 31.62057373 ], [ -98.68005465, 31.61061735 ], [ -98.70987419, 31.58079944 ], [ -98.70987514, 31.54102511 ], [ -98.71982896, 31.53107131 ], [ -98.7496508, 31.50125082 ], [ -98.75960326, 31.49129835 ], [ -98.78942635, 31.46147652 ], [ -98.79937757, 31.4515253 ], [ -98.82920184, 31.4217022 ], [ -98.82920256, 31.3819279 ], [ -98.83915187, 31.3719786 ], [ -98.86897794, 31.34215358 ], [ -98.87892618, 31.33220535 ], [ -98.90875331, 31.30237928 ], [ -98.91870048, 31.29243211 ], [ -98.94852868, 31.26260499 ], [ -98.94852938, 31.22283066 ], [ -98.95847479, 31.21288526 ], [ -98.98830482, 31.18305637 ], [ -98.99824909, 31.17311209 ], [ -99.0380234, 31.16807343 ], [ -99.06142153, 31.18305637 ], [ -99.0777977, 31.19327398 ], [ -99.11757201, 31.21894403 ], [ -99.12345448, 31.22283066 ], [ -99.15734631, 31.2442666 ], [ -99.18557755, 31.26260499 ], [ -99.19712064, 31.26973733 ], [ -99.23689495, 31.29485523 ], [ -99.24885096, 31.30237928 ], [ -99.27666925, 31.31849626 ], [ -99.31644356, 31.34092741 ], [ -99.31855684, 31.34215358 ], [ -99.35621786, 31.36297576 ], [ -99.39192459, 31.3819279 ], [ -99.39599217, 31.38391842 ], [ -99.43576647, 31.40212394 ], [ -99.47554078, 31.41960998 ], [ -99.48095595, 31.4217022 ], [ -99.51531508, 31.43370423 ], [ -99.55508939, 31.44508171 ], [ -99.59486369, 31.45196876 ], [ -99.634638, 31.45204972 ], [ -99.6744123, 31.43863769 ], [ -99.68877532, 31.4217022 ], [ -99.70643183, 31.3819279 ], [ -99.71225118, 31.34215358 ], [ -99.71313694, 31.30237928 ], [ -99.71340372, 31.26260499 ], [ -99.71418661, 31.2429032 ], [ -99.71483941, 31.22283066 ], [ -99.72136635, 31.18305637 ], [ -99.74387064, 31.14328207 ], [ -99.75396091, 31.12558944 ], [ -99.76577023, 31.10350775 ], [ -99.78602995, 31.06373345 ], [ -99.79373522, 31.04832296 ], [ -99.80504013, 31.02395913 ], [ -99.82422681, 30.98418483 ], [ -99.83350953, 30.96579132 ], [ -99.84346271, 30.94441054 ], [ -99.86350132, 30.90463621 ], [ -99.87328385, 30.88677648 ], [ -99.88429162, 30.86486192 ], [ -99.90658525, 30.8250876 ], [ -99.91305816, 30.81514384 ], [ -99.9230019, 30.8250876 ], [ -99.95283246, 30.85491572 ], [ -99.99260677, 30.85491374 ], [ -100.00255494, 30.86486192 ], [ -100.03238107, 30.89468425 ], [ -100.07215538, 30.89468158 ], [ -100.08211003, 30.90463621 ], [ -100.11192969, 30.93445142 ], [ -100.15170399, 30.9344487 ] ] ] } },
{ "type": "Feature", "properties": { "Lower": 25.0 }, "geometry": { "type": "Polygon", "coordinates": [ [ [ -101.01103898, 44.5869977 ], [ -101.00224584, 44.62677199 ], [ -100.98696442, 44.66570971 ], [ -100.98663974, 44.66654629 ], [ -100.96808876, 44.70632061 ], [ -100.94768269, 44.74609491 ], [ -100.94719012, 44.74699877 ], [ -100.92577389, 44.78586923 ], [ -100.90741581, 44.81798478 ], [ -100.90295179, 44.82564353 ], [ -100.87935476, 44.86541782 ], [ -100.86764151, 44.88498582 ], [ -100.85519557, 44.90519214 ], [ -100.83076715, 44.94496644 ], [ -100.8278672, 44.94972127 ], [ -100.80580232, 44.98474074 ], [ -100.7880929, 45.01318703 ], [ -100.78076508, 45.02451506 ], [ -100.75556724, 45.06428936 ], [ -100.74831859, 45.07597896 ], [ -100.73016236, 45.10406368 ], [ -100.70854429, 45.13846112 ], [ -100.70499667, 45.14383798 ], [ -100.67965452, 45.18361227 ], [ -100.66876998, 45.20129968 ], [ -100.65446909, 45.22338659 ], [ -100.62985431, 45.26316089 ], [ -100.62899568, 45.26460489 ], [ -100.60500321, 45.30293521 ], [ -100.62899568, 45.31288074 ], [ -100.62899568, 45.31289832 ], [ -100.58922137, 45.31289507 ], [ -100.54944707, 45.31289208 ], [ -100.50967274, 45.31288937 ], [ -100.46989843, 45.31288703 ], [ -100.45994662, 45.30293521 ], [ -100.43012413, 45.27310919 ], [ -100.39034982, 45.27310785 ], [ -100.35057552, 45.27310699 ], [ -100.31080121, 45.27310661 ], [ -100.3008555, 45.26316089 ], [ -100.27102691, 45.23333145 ], [ -100.2312526, 45.23333221 ], [ -100.1914783, 45.23333339 ], [ -100.15170399, 45.23333485 ], [ -100.11192969, 45.23333645 ], [ -100.10197982, 45.22338659 ], [ -100.07215538, 45.19356342 ], [ -100.03238107, 45.19356483 ], [ -99.99260677, 45.19356615 ], [ -99.95283246, 45.19356744 ], [ -99.94287731, 45.18361227 ], [ -99.91305816, 45.15379472 ], [ -99.87328385, 45.15379661 ], [ -99.83350953, 45.15379936 ], [ -99.83350953, 45.15378178 ], [ -99.83660895, 45.14383798 ], [ -99.84793734, 45.10406368 ], [ -99.85807591, 45.06428936 ], [ -99.8672651, 45.02451506 ], [ -99.87328385, 45.00047792 ], [ -99.87787504, 44.98474074 ], [ -99.88879401, 44.94496644 ], [ -99.89873007, 44.90519214 ], [ -99.9086172, 44.86541782 ], [ -99.91305816, 44.84783444 ], [ -99.919487, 44.82564353 ], [ -99.9306776, 44.78586923 ], [ -99.94146394, 44.74609491 ], [ -99.95245391, 44.70632061 ], [ -99.95283246, 44.70523725 ], [ -99.96848807, 44.66654629 ], [ -99.98729216, 44.62677199 ], [ -99.99260677, 44.60959321 ], [ -99.99601874, 44.5869977 ], [ -99.99260677, 44.5557016 ], [ -99.99166953, 44.54722337 ], [ -99.98248124, 44.50744908 ], [ -99.97326759, 44.46767476 ], [ -99.96489951, 44.42790046 ], [ -99.9576976, 44.38812616 ], [ -99.95283246, 44.35615753 ], [ -99.9515046, 44.34835184 ], [ -99.9463774, 44.30857754 ], [ -99.94286308, 44.26880322 ], [ -99.94270666, 44.22902892 ], [ -99.94893331, 44.18925463 ], [ -99.95283246, 44.17763993 ], [ -99.97829089, 44.14948031 ], [ -99.99260677, 44.13946401 ], [ -100.03238107, 44.12989415 ], [ -100.07215538, 44.12798724 ], [ -100.11192969, 44.1288217 ], [ -100.15170399, 44.13072494 ], [ -100.1914783, 44.13268178 ], [ -100.2312526, 44.13475041 ], [ -100.27102691, 44.13626072 ], [ -100.31080121, 44.13775018 ], [ -100.35057552, 44.13974218 ], [ -100.39034982, 44.14262378 ], [ -100.43012413, 44.14699754 ], [ -100.44608471, 44.14948031 ], [ -100.46989843, 44.15257876 ], [ -100.50967274, 44.15977898 ], [ -100.54944707, 44.16988986 ], [ -100.58922137, 44.18318686 ], [ -100.60400919, 44.18925463 ], [ -100.62899568, 44.19834558 ], [ -100.66876998, 44.21670674 ], [ -100.69002051, 44.22902892 ], [ -100.70854429, 44.2391018 ], [ -100.74831859, 44.26624814 ], [ -100.75151243, 44.26880322 ], [ -100.7880929, 44.2971602 ], [ -100.8004351, 44.30857754 ], [ -100.8278672, 44.33344007 ], [ -100.8421985, 44.34835184 ], [ -100.86764151, 44.37516482 ], [ -100.87867845, 44.38812616 ], [ -100.90741581, 44.41999474 ], [ -100.91395902, 44.42790046 ], [ -100.94719012, 44.45918789 ], [ -100.95566101, 44.46767476 ], [ -100.98696442, 44.50373137 ], [ -100.98998712, 44.50744908 ], [ -101.00802724, 44.54722337 ], [ -101.01103898, 44.5869977 ] ], [ [ -100.83309924, 44.62677199 ], [ -100.8278672, 44.64691221 ], [ -100.82272642, 44.66654629 ], [ -100.80398144, 44.70632061 ], [ -100.7880929, 44.73564631 ], [ -100.78214653, 44.74609491 ], [ -100.75748116, 44.78586923 ], [ -100.74831859, 44.80002334 ], [ -100.73065252, 44.82564353 ], [ -100.70854429, 44.85715728 ], [ -100.70228768, 44.86541782 ], [ -100.67211889, 44.90519214 ], [ -100.66876998, 44.90966009 ], [ -100.63987652, 44.94496644 ], [ -100.62899568, 44.95862888 ], [ -100.60584311, 44.98474074 ], [ -100.58922137, 45.00427022 ], [ -100.56973953, 45.02451506 ], [ -100.54944707, 45.04676411 ], [ -100.53095385, 45.06428936 ], [ -100.50967274, 45.08582082 ], [ -100.48813605, 45.10406368 ], [ -100.46989843, 45.1208446 ], [ -100.43874295, 45.14383798 ], [ -100.43012413, 45.15087314 ], [ -100.39034982, 45.1745603 ], [ -100.3648665, 45.18361227 ], [ -100.35057552, 45.18942986 ], [ -100.31080121, 45.19161835 ], [ -100.28983817, 45.18361227 ], [ -100.27102691, 45.17566974 ], [ -100.24054962, 45.14383798 ], [ -100.2312526, 45.13277569 ], [ -100.21571659, 45.10406368 ], [ -100.19759988, 45.06428936 ], [ -100.1914783, 45.04939051 ], [ -100.18351815, 45.02451506 ], [ -100.1722549, 44.98474074 ], [ -100.16252022, 44.94496644 ], [ -100.15421513, 44.90519214 ], [ -100.15170399, 44.89250981 ], [ -100.14705186, 44.86541782 ], [ -100.14090816, 44.82564353 ], [ -100.13547331, 44.78586923 ], [ -100.13039428, 44.74609491 ], [ -100.12554384, 44.70632061 ], [ -100.11192969, 44.66699418 ], [ -100.11172756, 44.66654629 ], [ -100.08183389, 44.62677199 ], [ -100.07215538, 44.60821719 ], [ -100.06341037, 44.5869977 ], [ -100.05117595, 44.54722337 ], [ -100.0404763, 44.50744908 ], [ -100.03238107, 44.4746737 ], [ -100.03075053, 44.46767476 ], [ -100.02310532, 44.42790046 ], [ -100.01731642, 44.38812616 ], [ -100.01488482, 44.34835184 ], [ -100.02084838, 44.30857754 ], [ -100.03238107, 44.28644776 ], [ -100.0559071, 44.26880322 ], [ -100.07215538, 44.26039127 ], [ -100.11192969, 44.25161001 ], [ -100.15170399, 44.24934511 ], [ -100.1914783, 44.25090279 ], [ -100.2312526, 44.25473215 ], [ -100.27102691, 44.26023664 ], [ -100.31080121, 44.26684811 ], [ -100.32110213, 44.26880322 ], [ -100.35057552, 44.27426831 ], [ -100.39034982, 44.28289101 ], [ -100.43012413, 44.29302018 ], [ -100.46989843, 44.30504439 ], [ -100.48009442, 44.30857754 ], [ -100.50967274, 44.31919034 ], [ -100.54944707, 44.33612909 ], [ -100.57427543, 44.34835184 ], [ -100.58922137, 44.35588838 ], [ -100.62899568, 44.37850462 ], [ -100.64401704, 44.38812616 ], [ -100.66876998, 44.40340186 ], [ -100.7038184, 44.42790046 ], [ -100.70854429, 44.43115868 ], [ -100.74831859, 44.45968655 ], [ -100.75885282, 44.46767476 ], [ -100.7880929, 44.49777784 ], [ -100.79743958, 44.50744908 ], [ -100.82140845, 44.54722337 ], [ -100.8278672, 44.56925698 ], [ -100.83287465, 44.5869977 ], [ -100.83309924, 44.62677199 ] ] ] } },
{ "type": "Feature", "properties": { "Lower": 25.0 }, "geometry": { "type": "Polygon", "coordinates": [ [ [ -98.64830148, 44.26880322 ], [ -98.64816349, 44.30857754 ], [ -98.64608231, 44.34835184 ], [ -98.64260011, 44.38812616 ], [ -98.64028035, 44.40723644 ], [ -98.63736791, 44.42790046 ], [ -98.63075823, 44.46767476 ], [ -98.62314607, 44.50744908 ], [ -98.61531682, 44.54722337 ], [ -98.60678236, 44.5869977 ], [ -98.60050604, 44.61634889 ], [ -98.59795649, 44.62677199 ], [ -98.58801461, 44.66654629 ], [ -98.57807277, 44.70632061 ], [ -98.5905617, 44.74609491 ], [ -98.59054411, 44.74609491 ], [ -98.56073173, 44.71628137 ], [ -98.52095743, 44.71628061 ], [ -98.4811831, 44.71627999 ], [ -98.4414088, 44.71627946 ], [ -98.43144995, 44.70632061 ], [ -98.40163449, 44.67650464 ], [ -98.36186019, 44.67650433 ], [ -98.32208588, 44.67650409 ], [ -98.31212808, 44.66654629 ], [ -98.28231157, 44.6367296 ], [ -98.24253727, 44.6367295 ], [ -98.23257977, 44.62677199 ], [ -98.20276296, 44.59695513 ], [ -98.16298866, 44.59695511 ], [ -98.15303125, 44.5869977 ], [ -98.12321435, 44.55718076 ], [ -98.11325695, 44.54722337 ], [ -98.08344005, 44.51740642 ], [ -98.07348269, 44.50744908 ], [ -98.04366574, 44.47763205 ], [ -98.03370845, 44.46767476 ], [ -98.00389144, 44.43785763 ], [ -97.99393426, 44.42790046 ], [ -97.99393433, 44.38812616 ], [ -97.96411713, 44.3583087 ], [ -97.95416028, 44.34835184 ], [ -97.92434283, 44.31853407 ], [ -97.9143863, 44.30857754 ], [ -97.88456852, 44.27875937 ], [ -97.87461239, 44.26880322 ], [ -97.84479422, 44.23898459 ], [ -97.83483855, 44.22902892 ], [ -97.8348388, 44.18925463 ], [ -97.80501989, 44.15943526 ], [ -97.79506494, 44.14948031 ], [ -97.76524558, 44.1196606 ], [ -97.75529101, 44.10970601 ], [ -97.72547128, 44.07988604 ], [ -97.71551696, 44.06993171 ], [ -97.71551705, 44.03015739 ], [ -97.68569697, 44.00033723 ], [ -97.67574284, 43.99038309 ], [ -97.64592267, 43.96056293 ], [ -97.63596853, 43.95060877 ], [ -97.63596851, 43.91083447 ], [ -97.60614836, 43.88101436 ], [ -97.59619416, 43.87106018 ], [ -97.56637406, 43.84124016 ], [ -97.55641978, 43.83128586 ], [ -97.55641971, 43.79151156 ], [ -97.52659975, 43.76169171 ], [ -97.51664529, 43.75173724 ], [ -97.48682545, 43.72191753 ], [ -97.47687085, 43.71196294 ], [ -97.47687075, 43.67218864 ], [ -97.44705114, 43.64236922 ], [ -97.43709626, 43.63241432 ], [ -97.40727684, 43.60259514 ], [ -97.39732173, 43.59264003 ], [ -97.39732156, 43.5528657 ], [ -97.36750253, 43.52304698 ], [ -97.35754696, 43.51309141 ], [ -97.32772823, 43.48327299 ], [ -97.31777233, 43.47331711 ], [ -97.31777209, 43.43354279 ], [ -97.28795392, 43.40372502 ], [ -97.27799739, 43.39376849 ], [ -97.24817962, 43.36395115 ], [ -97.23822262, 43.35399417 ], [ -97.23822232, 43.31421987 ], [ -97.20840531, 43.2844034 ], [ -97.19844748, 43.27444558 ], [ -97.168631, 43.24462967 ], [ -97.1586726, 43.23467125 ], [ -97.15867218, 43.19489696 ], [ -97.1288567, 43.16508213 ], [ -97.1188972, 43.15512266 ], [ -97.08908237, 43.12530855 ], [ -97.07912215, 43.11534834 ], [ -97.07912167, 43.07557404 ], [ -97.04930807, 43.0457613 ], [ -97.04930807, 43.04574371 ], [ -97.08908237, 43.042233 ], [ -97.10085393, 43.03579972 ], [ -97.1288567, 43.02084384 ], [ -97.168631, 42.99964205 ], [ -97.17630518, 42.99602542 ], [ -97.20840531, 42.98171975 ], [ -97.24817962, 42.96647695 ], [ -97.27885782, 42.95625113 ], [ -97.28795392, 42.95334419 ], [ -97.32772823, 42.94186275 ], [ -97.36750253, 42.93176937 ], [ -97.40727684, 42.92265433 ], [ -97.43692872, 42.9164768 ], [ -97.44705114, 42.91445233 ], [ -97.48682545, 42.90760208 ], [ -97.52659975, 42.90142367 ], [ -97.56637406, 42.89614742 ], [ -97.60614836, 42.89208876 ], [ -97.64592267, 42.88896703 ], [ -97.68569697, 42.88660882 ], [ -97.72547128, 42.88578035 ], [ -97.76524558, 42.88619476 ], [ -97.80501989, 42.88796932 ], [ -97.84479422, 42.89158083 ], [ -97.88456852, 42.89676138 ], [ -97.92434283, 42.90387885 ], [ -97.96411713, 42.9130899 ], [ -97.97560852, 42.9164768 ], [ -98.00389144, 42.92508458 ], [ -98.04366574, 42.93978378 ], [ -98.08061634, 42.95625113 ], [ -98.08344005, 42.95755193 ], [ -98.12321435, 42.97945011 ], [ -98.14864903, 42.99602542 ], [ -98.16298866, 43.00558517 ], [ -98.20007762, 43.03579972 ], [ -98.20276296, 43.03801601 ], [ -98.24253727, 43.07401856 ], [ -98.24396616, 43.07557404 ], [ -98.27793191, 43.11534834 ], [ -98.28231157, 43.12090006 ], [ -98.30460336, 43.15512266 ], [ -98.32208588, 43.18688277 ], [ -98.32549613, 43.19489696 ], [ -98.33922652, 43.23467125 ], [ -98.34921451, 43.27444558 ], [ -98.35701306, 43.31421987 ], [ -98.36186019, 43.3426963 ], [ -98.3635818, 43.35399417 ], [ -98.36856778, 43.39376849 ], [ -98.37241033, 43.43354279 ], [ -98.37472344, 43.47331711 ], [ -98.37541931, 43.51309141 ], [ -98.3749078, 43.5528657 ], [ -98.37395861, 43.59264003 ], [ -98.37276753, 43.63241432 ], [ -98.37149242, 43.67218864 ], [ -98.37097947, 43.71196294 ], [ -98.37232467, 43.75173724 ], [ -98.37817205, 43.79151156 ], [ -98.39038805, 43.83128586 ], [ -98.40163449, 43.86098551 ], [ -98.40525011, 43.87106018 ], [ -98.42220531, 43.91083447 ], [ -98.4414088, 43.9482602 ], [ -98.44267555, 43.95060877 ], [ -98.46626139, 43.99038309 ], [ -98.4811831, 44.0122221 ], [ -98.4964838, 44.03015739 ], [ -98.52095743, 44.05225858 ], [ -98.55056371, 44.06993171 ], [ -98.56073173, 44.07669112 ], [ -98.60050604, 44.10845633 ], [ -98.60176349, 44.10970601 ], [ -98.62529353, 44.14948031 ], [ -98.6390364, 44.18925463 ], [ -98.64028035, 44.19622953 ], [ -98.64549836, 44.22902892 ], [ -98.64830148, 44.26880322 ] ] ] } },
{ "type": "Feature", "properties": { "Lower": 25.0 }, "geometry": { "type": "Polygon", "coordinates": [ [ [ -101.34193658, 42.00166775 ], [ -101.34050512, 42.04144207 ], [ -101.33546056, 42.08121637 ], [ -101.32693752, 42.12099067 ], [ -101.31376288, 42.16076499 ], [ -101.30515889, 42.18075671 ], [ -101.29695633, 42.20053929 ], [ -101.2755083, 42.24031361 ], [ -101.26538458, 42.25580917 ], [ -101.24762839, 42.28008791 ], [ -101.22561028, 42.3050914 ], [ -101.21083944, 42.3198622 ], [ -101.18583595, 42.34221403 ], [ -101.16328913, 42.35963652 ], [ -101.14606164, 42.37201112 ], [ -101.10628734, 42.39733731 ], [ -101.10267077, 42.39941082 ], [ -101.06651303, 42.41934383 ], [ -101.02673873, 42.43775586 ], [ -101.02333365, 42.43918512 ], [ -100.98696442, 42.45408334 ], [ -100.94719012, 42.46777107 ], [ -100.91180325, 42.47895944 ], [ -100.90741581, 42.48028613 ], [ -100.86764151, 42.48768686 ], [ -100.8278672, 42.49419426 ], [ -100.7880929, 42.49821628 ], [ -100.74831859, 42.49955704 ], [ -100.70854429, 42.49821628 ], [ -100.66876998, 42.49374725 ], [ -100.62899568, 42.48577983 ], [ -100.604988, 42.47895944 ], [ -100.58922137, 42.47448025 ], [ -100.54944707, 42.45865127 ], [ -100.51224547, 42.43918512 ], [ -100.50967274, 42.43782311 ], [ -100.46989843, 42.41095489 ], [ -100.45640338, 42.39941082 ], [ -100.43012413, 42.37637591 ], [ -100.41453903, 42.35963652 ], [ -100.39034982, 42.33230585 ], [ -100.38131058, 42.3198622 ], [ -100.35341013, 42.28008791 ], [ -100.35057552, 42.27589265 ], [ -100.33080921, 42.24031361 ], [ -100.31080121, 42.20324854 ], [ -100.30960373, 42.20053929 ], [ -100.29370061, 42.16076499 ], [ -100.27838088, 42.12099067 ], [ -100.27102691, 42.1008522 ], [ -100.26464522, 42.08121637 ], [ -100.25244852, 42.04144207 ], [ -100.24117998, 42.00166775 ], [ -100.2312526, 41.96519091 ], [ -100.23042954, 41.96189346 ], [ -100.22153343, 41.92211913 ], [ -100.21309108, 41.88234484 ], [ -100.20529996, 41.84257054 ], [ -100.19825354, 41.80279622 ], [ -100.19208856, 41.76302192 ], [ -100.1914783, 41.75935302 ], [ -100.1857506, 41.7232476 ], [ -100.18040032, 41.6834733 ], [ -100.17542882, 41.64369901 ], [ -100.17096689, 41.60392468 ], [ -100.16709808, 41.56415039 ], [ -100.16344925, 41.52437607 ], [ -100.16005023, 41.48460177 ], [ -100.15721545, 41.44482747 ], [ -100.15540418, 41.40505315 ], [ -100.15531994, 41.36527885 ], [ -100.15748808, 41.32550456 ], [ -100.16274599, 41.28573023 ], [ -100.17026372, 41.24595594 ], [ -100.17775446, 41.20618162 ], [ -100.18503711, 41.16640732 ], [ -100.1914783, 41.12971777 ], [ -100.19203817, 41.12663302 ], [ -100.19890781, 41.0868587 ], [ -100.20530961, 41.0470844 ], [ -100.21115212, 41.00731008 ], [ -100.2163482, 40.96753579 ], [ -100.22067618, 40.92776149 ], [ -100.22405763, 40.88798717 ], [ -100.2261662, 40.84821287 ], [ -100.22712732, 40.80843855 ], [ -100.2278851, 40.76866425 ], [ -100.22996036, 40.72888995 ], [ -100.2312526, 40.71696501 ], [ -100.23510553, 40.68911563 ], [ -100.24427188, 40.64934134 ], [ -100.25926591, 40.60956704 ], [ -100.27102691, 40.58824542 ], [ -100.29035242, 40.56979272 ], [ -100.31080121, 40.55551719 ], [ -100.35057552, 40.54510223 ], [ -100.39034982, 40.54354775 ], [ -100.43012413, 40.54612812 ], [ -100.46989843, 40.55092424 ], [ -100.50967274, 40.55680972 ], [ -100.54944707, 40.5631697 ], [ -100.58922137, 40.56949749 ], [ -100.59098947, 40.56979272 ], [ -100.62899568, 40.57564961 ], [ -100.66876998, 40.58276935 ], [ -100.70854429, 40.59113405 ], [ -100.74831859, 40.60145531 ], [ -100.77108481, 40.60956704 ], [ -100.7880929, 40.61567186 ], [ -100.8278672, 40.63607814 ], [ -100.8471016, 40.64934134 ], [ -100.86764151, 40.66377316 ], [ -100.89442877, 40.68911563 ], [ -100.90741581, 40.70165821 ], [ -100.93017666, 40.72888995 ], [ -100.94719012, 40.74993425 ], [ -100.96079293, 40.76866425 ], [ -100.98696442, 40.80590356 ], [ -100.98866796, 40.80843855 ], [ -101.01412808, 40.84821287 ], [ -101.02673873, 40.86861441 ], [ -101.03896405, 40.88798717 ], [ -101.06206853, 40.92776149 ], [ -101.06651303, 40.93601688 ], [ -101.08411916, 40.96753579 ], [ -101.10286943, 41.00731008 ], [ -101.10628734, 41.01607526 ], [ -101.11894487, 41.0470844 ], [ -101.13095754, 41.0868587 ], [ -101.13869301, 41.12663302 ], [ -101.13531235, 41.16640732 ], [ -101.12972054, 41.20618162 ], [ -101.12474857, 41.24595594 ], [ -101.11996931, 41.28573023 ], [ -101.11780363, 41.32550456 ], [ -101.12533226, 41.36527885 ], [ -101.13854775, 41.40505315 ], [ -101.14606164, 41.42516947 ], [ -101.15483557, 41.44482747 ], [ -101.17250858, 41.48460177 ], [ -101.18583595, 41.51502501 ], [ -101.19067846, 41.52437607 ], [ -101.2094747, 41.56415039 ], [ -101.22561028, 41.60052366 ], [ -101.22741802, 41.60392468 ], [ -101.24607706, 41.64369901 ], [ -101.26303936, 41.6834733 ], [ -101.26538458, 41.68987512 ], [ -101.28017241, 41.7232476 ], [ -101.29536011, 41.76302192 ], [ -101.30515889, 41.79414784 ], [ -101.30845041, 41.80279622 ], [ -101.32060283, 41.84257054 ], [ -101.33008721, 41.88234484 ], [ -101.33680495, 41.92211913 ], [ -101.34070341, 41.96189346 ], [ -101.34193658, 42.00166775 ] ], [ [ -100.98285351, 41.0868587 ], [ -100.97878338, 41.12663302 ], [ -100.96621348, 41.16640732 ], [ -100.95617296, 41.20618162 ], [ -100.94745075, 41.24595594 ], [ -100.94719012, 41.24714146 ], [ -100.93640856, 41.28573023 ], [ -100.91928547, 41.32550456 ], [ -100.90741581, 41.34679706 ], [ -100.89298484, 41.36527885 ], [ -100.86764151, 41.39703963 ], [ -100.85926862, 41.40505315 ], [ -100.8278672, 41.43631436 ], [ -100.81658353, 41.44482747 ], [ -100.7880929, 41.46753936 ], [ -100.75892161, 41.48460177 ], [ -100.74831859, 41.4911756 ], [ -100.70854429, 41.50737069 ], [ -100.66876998, 41.51519296 ], [ -100.62899568, 41.51388643 ], [ -100.58922137, 41.50260811 ], [ -100.55803521, 41.48460177 ], [ -100.54944707, 41.47929573 ], [ -100.51337015, 41.44482747 ], [ -100.50967274, 41.44092177 ], [ -100.48420601, 41.40505315 ], [ -100.46989843, 41.38269762 ], [ -100.4609442, 41.36527885 ], [ -100.4434242, 41.32550456 ], [ -100.43012413, 41.28706576 ], [ -100.42973831, 41.28573023 ], [ -100.4215176, 41.24595594 ], [ -100.41815238, 41.20618162 ], [ -100.42222506, 41.16640732 ], [ -100.42881283, 41.12663302 ], [ -100.43012413, 41.11825755 ], [ -100.43548699, 41.0868587 ], [ -100.44165158, 41.0470844 ], [ -100.44708856, 41.00731008 ], [ -100.45212098, 40.96753579 ], [ -100.45778715, 40.92776149 ], [ -100.46669183, 40.88798717 ], [ -100.46989843, 40.88044732 ], [ -100.48969382, 40.84821287 ], [ -100.50967274, 40.82969395 ], [ -100.54726743, 40.80843855 ], [ -100.54944707, 40.80754357 ], [ -100.58922137, 40.79730423 ], [ -100.62899568, 40.79215291 ], [ -100.66876998, 40.79086949 ], [ -100.70854429, 40.79306012 ], [ -100.74831859, 40.7997573 ], [ -100.77787314, 40.80843855 ], [ -100.7880929, 40.81168595 ], [ -100.8278672, 40.8313235 ], [ -100.85063546, 40.84821287 ], [ -100.86764151, 40.86177765 ], [ -100.88978674, 40.88798717 ], [ -100.90741581, 40.91060821 ], [ -100.91820886, 40.92776149 ], [ -100.9417198, 40.96753579 ], [ -100.94719012, 40.97786458 ], [ -100.96083563, 41.00731008 ], [ -100.97570389, 41.0470844 ], [ -100.98285351, 41.0868587 ] ] ] } },
{ "type": "Feature", "properties": { "Lower": 25.0 }, "geometry": { "type": "Polygon", "coordinates": [ [ [ -106.92329742, 42.16076499 ], [ -106.92327983, 42.16076499 ], [ -106.91333611, 42.14528399 ], [ -106.89532192, 42.16076499 ], [ -106.87356181, 42.1797617 ], [ -106.85018686, 42.20053929 ], [ -106.8337875, 42.21511666 ], [ -106.80593814, 42.24031361 ], [ -106.7940132, 42.25127685 ], [ -106.76321526, 42.28008791 ], [ -106.75423889, 42.28862288 ], [ -106.72247876, 42.3198622 ], [ -106.71446459, 42.32774498 ], [ -106.6820414, 42.35963652 ], [ -106.67469026, 42.36698763 ], [ -106.64331323, 42.39941082 ], [ -106.63491595, 42.4079458 ], [ -106.60514078, 42.43918512 ], [ -106.59514165, 42.44985083 ], [ -106.56785276, 42.47895944 ], [ -106.55536734, 42.49250293 ], [ -106.53155752, 42.51873374 ], [ -106.51559304, 42.5363215 ], [ -106.49605584, 42.55850806 ], [ -106.47581873, 42.5814894 ], [ -106.46124835, 42.59828235 ], [ -106.43604443, 42.62733084 ], [ -106.42687308, 42.63805665 ], [ -106.39627012, 42.67324996 ], [ -106.39228662, 42.67783097 ], [ -106.35815946, 42.71760527 ], [ -106.35649582, 42.71936844 ], [ -106.31855559, 42.75737959 ], [ -106.31672151, 42.75927009 ], [ -106.27996881, 42.79715389 ], [ -106.27694721, 42.80013109 ], [ -106.23960077, 42.83692819 ], [ -106.2371729, 42.83928568 ], [ -106.20022414, 42.87670251 ], [ -106.1973986, 42.87937506 ], [ -106.15762429, 42.91484622 ], [ -106.15587016, 42.9164768 ], [ -106.11784998, 42.95132909 ], [ -106.11248046, 42.95625113 ], [ -106.07807568, 42.98652692 ], [ -106.06728196, 42.99602542 ], [ -106.03830137, 43.0211928 ], [ -106.02148127, 43.03579972 ], [ -105.99852705, 43.05522269 ], [ -105.97410559, 43.07557404 ], [ -105.95875274, 43.08820616 ], [ -105.92576408, 43.11534834 ], [ -105.91897844, 43.12079357 ], [ -105.87920413, 43.15271157 ], [ -105.87619956, 43.15512266 ], [ -105.83942982, 43.18357538 ], [ -105.82479884, 43.19489696 ], [ -105.79965552, 43.21412413 ], [ -105.7727861, 43.23467125 ], [ -105.75988121, 43.24453965 ], [ -105.72297348, 43.27444558 ], [ -105.72010691, 43.27671821 ], [ -105.6803326, 43.30668627 ], [ -105.67102635, 43.31421987 ], [ -105.6405583, 43.33918164 ], [ -105.62247826, 43.35399417 ], [ -105.60078399, 43.37198458 ], [ -105.57489598, 43.39376849 ], [ -105.56100969, 43.4055975 ], [ -105.52820414, 43.43354279 ], [ -105.52123538, 43.43947918 ], [ -105.48413363, 43.47331711 ], [ -105.48146108, 43.47567102 ], [ -105.44168677, 43.50920692 ], [ -105.43725517, 43.51309141 ], [ -105.40191247, 43.54445817 ], [ -105.39257066, 43.5528657 ], [ -105.36213816, 43.58025509 ], [ -105.34837719, 43.59264003 ], [ -105.32236386, 43.61605181 ], [ -105.30443221, 43.63241432 ], [ -105.28258953, 43.65234592 ], [ -105.26113818, 43.67218864 ], [ -105.24281522, 43.68913732 ], [ -105.2181388, 43.71196294 ], [ -105.20304092, 43.72592843 ], [ -105.17513943, 43.75173724 ], [ -105.16326661, 43.76285861 ], [ -105.13267767, 43.79151156 ], [ -105.12349231, 43.80011556 ], [ -105.09021589, 43.83128586 ], [ -105.083718, 43.8373725 ], [ -105.04823375, 43.87106018 ], [ -105.0439437, 43.87513302 ], [ -105.00633825, 43.91083447 ], [ -105.00416939, 43.91289354 ], [ -104.96639437, 43.95060877 ], [ -104.96439509, 43.95253482 ], [ -104.92462078, 43.98808658 ], [ -104.92226748, 43.99038309 ], [ -104.88484648, 44.02821347 ], [ -104.88285272, 44.03015739 ], [ -104.84507217, 44.06745962 ], [ -104.84256837, 44.06993171 ], [ -104.80529787, 44.10673034 ], [ -104.80232219, 44.10970601 ], [ -104.76552356, 44.14650463 ], [ -104.76254788, 44.14948031 ], [ -104.72574926, 44.18675084 ], [ -104.72330804, 44.18925463 ], [ -104.68597495, 44.22754466 ], [ -104.68454567, 44.22902892 ], [ -104.64762338, 44.26880322 ], [ -104.64620064, 44.27029813 ], [ -104.60892569, 44.30857754 ], [ -104.60642632, 44.31124132 ], [ -104.57117123, 44.34835184 ], [ -104.56665201, 44.35298697 ], [ -104.53105636, 44.38812616 ], [ -104.52687771, 44.392199 ], [ -104.48876398, 44.42790046 ], [ -104.4871034, 44.42943651 ], [ -104.4473291, 44.46480794 ], [ -104.44392216, 44.46767476 ], [ -104.40755479, 44.49719641 ], [ -104.39414749, 44.50744908 ], [ -104.36778048, 44.52737783 ], [ -104.33933494, 44.54722337 ], [ -104.32800618, 44.55477585 ], [ -104.28823187, 44.5792544 ], [ -104.27426356, 44.5869977 ], [ -104.24845757, 44.60085148 ], [ -104.20868326, 44.61942775 ], [ -104.1908736, 44.62677199 ], [ -104.16890896, 44.63547094 ], [ -104.12913465, 44.64881759 ], [ -104.08936035, 44.65945072 ], [ -104.05785591, 44.66654629 ], [ -104.04958604, 44.66828008 ], [ -104.00981174, 44.67280286 ], [ -103.97003743, 44.67534027 ], [ -103.9302631, 44.67545097 ], [ -103.8904888, 44.6732035 ], [ -103.85071449, 44.66840929 ], [ -103.84102656, 44.66654629 ], [ -103.81094019, 44.6608483 ], [ -103.77116588, 44.65125219 ], [ -103.73139158, 44.6402512 ], [ -103.69161727, 44.62766894 ], [ -103.68910945, 44.62677199 ], [ -103.65184297, 44.61353971 ], [ -103.61206866, 44.59826415 ], [ -103.58526214, 44.5869977 ], [ -103.57229436, 44.58158665 ], [ -103.53252005, 44.5634427 ], [ -103.49961144, 44.54722337 ], [ -103.49274575, 44.54383955 ], [ -103.45297144, 44.52287969 ], [ -103.42558206, 44.50744908 ], [ -103.41319714, 44.50047171 ], [ -103.37342283, 44.47687837 ], [ -103.35879937, 44.46767476 ], [ -103.33364853, 44.45184552 ], [ -103.29760461, 44.42790046 ], [ -103.29387422, 44.42545643 ], [ -103.25409989, 44.39802566 ], [ -103.24042913, 44.38812616 ], [ -103.21432559, 44.36935316 ], [ -103.18645129, 44.34835184 ], [ -103.17455128, 44.33950721 ], [ -103.13477698, 44.30935905 ], [ -103.13381738, 44.30857754 ], [ -103.09500267, 44.27678193 ], [ -103.08535099, 44.26880322 ], [ -103.05522837, 44.24406668 ], [ -103.03748856, 44.22902892 ], [ -103.01545406, 44.21047354 ], [ -102.9908336, 44.18925463 ], [ -102.97567976, 44.176364 ], [ -102.94478353, 44.14948031 ], [ -102.93590545, 44.14185429 ], [ -102.89902944, 44.10970601 ], [ -102.89613114, 44.10719537 ], [ -102.85635684, 44.07220554 ], [ -102.85379274, 44.06993171 ], [ -102.81658253, 44.03754513 ], [ -102.80809449, 44.03015739 ], [ -102.77680823, 44.00342185 ], [ -102.76144122, 43.99038309 ], [ -102.73703392, 43.97004361 ], [ -102.7133741, 43.95060877 ], [ -102.69725962, 43.9376797 ], [ -102.66305665, 43.91083447 ], [ -102.65748531, 43.90656098 ], [ -102.61771101, 43.87704607 ], [ -102.60929333, 43.87106018 ], [ -102.57793668, 43.84900714 ], [ -102.55171496, 43.83128586 ], [ -102.53816237, 43.8221267 ], [ -102.49838807, 43.79650273 ], [ -102.49011442, 43.79151156 ], [ -102.45861376, 43.7724046 ], [ -102.42189428, 43.75173724 ], [ -102.41883946, 43.75000842 ], [ -102.37906515, 43.72893238 ], [ -102.34949454, 43.71196294 ], [ -102.33929085, 43.70495228 ], [ -102.29951654, 43.67310568 ], [ -102.2985093, 43.67218864 ], [ -102.262427, 43.63241432 ], [ -102.25974224, 43.62883466 ], [ -102.23450817, 43.59264003 ], [ -102.21996793, 43.56776393 ], [ -102.21183268, 43.5528657 ], [ -102.19300963, 43.51309141 ], [ -102.18019363, 43.48331297 ], [ -102.17586421, 43.47331711 ], [ -102.15810229, 43.43354279 ], [ -102.14041932, 43.3984036 ], [ -102.13772129, 43.39376849 ], [ -102.11443082, 43.35399417 ], [ -102.10064502, 43.32716791 ], [ -102.09375182, 43.31421987 ], [ -102.0724935, 43.27444558 ], [ -102.06087071, 43.25274985 ], [ -102.05075207, 43.23467125 ], [ -102.0290249, 43.19489696 ], [ -102.02109641, 43.18003089 ], [ -102.00730106, 43.15512266 ], [ -101.98578107, 43.11534834 ], [ -101.9813221, 43.10675358 ], [ -101.96451437, 43.07557404 ], [ -101.94427382, 43.03579972 ], [ -101.9415478, 43.03017456 ], [ -101.92433675, 42.99602542 ], [ -101.90578532, 42.95625113 ], [ -101.90177347, 42.94724214 ], [ -101.88751621, 42.9164768 ], [ -101.87024375, 42.87670251 ], [ -101.86199916, 42.85609122 ], [ -101.85394746, 42.83692819 ], [ -101.83810477, 42.79715389 ], [ -101.82382565, 42.75737959 ], [ -101.82222486, 42.7526162 ], [ -101.80963335, 42.71760527 ], [ -101.79659994, 42.67783097 ], [ -101.78482007, 42.63805665 ], [ -101.78245055, 42.62946739 ], [ -101.77312401, 42.59828235 ], [ -101.76252965, 42.55850806 ], [ -101.75324891, 42.51873374 ], [ -101.74529398, 42.47895944 ], [ -101.74267625, 42.46368902 ], [ -101.73793361, 42.43918512 ], [ -101.73182919, 42.39941082 ], [ -101.72716873, 42.35963652 ], [ -101.72455655, 42.3198622 ], [ -101.72343391, 42.28008791 ], [ -101.72438487, 42.24031361 ], [ -101.7275963, 42.20053929 ], [ -101.73330246, 42.16076499 ], [ -101.74023503, 42.12099067 ], [ -101.74267625, 42.1127208 ], [ -101.75076367, 42.08121637 ], [ -101.76209234, 42.04144207 ], [ -101.77541827, 42.00166775 ], [ -101.78245055, 41.98284614 ], [ -101.78898622, 41.96189346 ], [ -101.8023054, 41.92211913 ], [ -101.81574287, 41.88234484 ], [ -101.82222486, 41.86289864 ], [ -101.82796631, 41.84257054 ], [ -101.83810816, 41.80279622 ], [ -101.84645923, 41.76302192 ], [ -101.85236542, 41.7232476 ], [ -101.85517975, 41.6834733 ], [ -101.85430257, 41.64369901 ], [ -101.84956396, 41.60392468 ], [ -101.84078196, 41.56415039 ], [ -101.82807862, 41.52437607 ], [ -101.82222486, 41.51139147 ], [ -101.81062298, 41.48460177 ], [ -101.78934022, 41.44482747 ], [ -101.78245055, 41.43512071 ], [ -101.76355337, 41.40505315 ], [ -101.74267625, 41.37807112 ], [ -101.7344738, 41.36527885 ], [ -101.70332173, 41.32550456 ], [ -101.70290194, 41.32501377 ], [ -101.67535168, 41.28573023 ], [ -101.66312764, 41.26253848 ], [ -101.65521024, 41.24595594 ], [ -101.63881679, 41.20618162 ], [ -101.63359513, 41.16640732 ], [ -101.66312764, 41.13834408 ], [ -101.67414787, 41.12663302 ], [ -101.70290194, 41.10452408 ], [ -101.72889471, 41.0868587 ], [ -101.74267625, 41.07778634 ], [ -101.78245055, 41.0547676 ], [ -101.7965139, 41.0470844 ], [ -101.82222486, 41.03268806 ], [ -101.86199916, 41.01178901 ], [ -101.87095699, 41.00731008 ], [ -101.90177347, 40.98961746 ], [ -101.9415478, 40.97654767 ], [ -101.97390767, 40.96753579 ], [ -101.9813221, 40.96479086 ], [ -102.02109641, 40.93922917 ], [ -102.03191361, 40.92776149 ], [ -102.04268893, 40.88798717 ], [ -102.03729847, 40.84821287 ], [ -102.02217246, 40.80843855 ], [ -102.02109641, 40.80681467 ], [ -101.99486798, 40.76866425 ], [ -101.9813221, 40.75049709 ], [ -101.96397531, 40.72888995 ], [ -101.9415478, 40.70348803 ], [ -101.924088, 40.68911563 ], [ -101.90177347, 40.67021392 ], [ -101.87249672, 40.64934134 ], [ -101.86199916, 40.64076787 ], [ -101.82222486, 40.61378491 ], [ -101.81551055, 40.60956704 ], [ -101.78245055, 40.58709839 ], [ -101.75427114, 40.56979272 ], [ -101.74267625, 40.56201961 ], [ -101.70290194, 40.53741711 ], [ -101.69101959, 40.53001842 ], [ -101.66312764, 40.51187262 ], [ -101.63057262, 40.4902441 ], [ -101.62335333, 40.48519845 ], [ -101.58357903, 40.4566162 ], [ -101.5757572, 40.4504698 ], [ -101.54380472, 40.42488349 ], [ -101.52796881, 40.4106955 ], [ -101.50403041, 40.38908356 ], [ -101.48636499, 40.37092118 ], [ -101.46425611, 40.34827717 ], [ -101.44934781, 40.33114689 ], [ -101.4244818, 40.30580324 ], [ -101.40991952, 40.29137256 ], [ -101.3847075, 40.27195998 ], [ -101.35249639, 40.25159827 ], [ -101.34493319, 40.24783235 ], [ -101.30515889, 40.23587597 ], [ -101.26538458, 40.23339311 ], [ -101.22561028, 40.23629682 ], [ -101.18583595, 40.24212297 ], [ -101.14606164, 40.24755179 ], [ -101.10628734, 40.24643082 ], [ -101.06651303, 40.23196385 ], [ -101.03957747, 40.21182397 ], [ -101.02673873, 40.20252299 ], [ -100.99415522, 40.17204965 ], [ -100.98696442, 40.16019731 ], [ -100.9745108, 40.13227535 ], [ -100.971687, 40.09250103 ], [ -100.96680659, 40.05272673 ], [ -100.96244396, 40.01295244 ], [ -100.96011798, 39.97317811 ], [ -100.96321856, 39.93340382 ], [ -100.97555768, 39.8936295 ], [ -100.98696442, 39.87266126 ], [ -101.0085782, 39.8538552 ], [ -101.02673873, 39.83900037 ], [ -101.06651303, 39.81791792 ], [ -101.07458512, 39.8140809 ], [ -101.10628734, 39.78736683 ], [ -101.12415922, 39.77430658 ], [ -101.14606164, 39.73962779 ], [ -101.14965847, 39.73453228 ], [ -101.15144637, 39.69475799 ], [ -101.14606164, 39.68154738 ], [ -101.13610029, 39.65498367 ], [ -101.11825326, 39.61520937 ], [ -101.10797927, 39.57543505 ], [ -101.10628734, 39.55635716 ], [ -101.10500761, 39.53566075 ], [ -101.10628734, 39.5038621 ], [ -101.10657039, 39.49588645 ], [ -101.11214347, 39.45611213 ], [ -101.12379954, 39.41633783 ], [ -101.13500602, 39.37656351 ], [ -101.12397047, 39.33678922 ], [ -101.10628734, 39.31126518 ], [ -101.09556225, 39.29701492 ], [ -101.06651303, 39.26635588 ], [ -101.05888251, 39.2572406 ], [ -101.03247174, 39.2174663 ], [ -101.02673873, 39.20819525 ], [ -101.00541654, 39.17769198 ], [ -100.99061892, 39.13791768 ], [ -100.98696442, 39.12565636 ], [ -100.97478282, 39.09814338 ], [ -100.96198664, 39.05836906 ], [ -100.95740187, 39.01859477 ], [ -100.98696442, 38.98103088 ], [ -100.98915636, 38.97882044 ], [ -100.99894488, 38.93904615 ], [ -100.99595927, 38.89927185 ], [ -100.98696442, 38.86539246 ], [ -100.98456348, 38.85949753 ], [ -100.95955472, 38.81972323 ], [ -100.94719012, 38.80579731 ], [ -100.90741581, 38.7803933 ], [ -100.90459965, 38.77994893 ], [ -100.86764151, 38.7751694 ], [ -100.8278672, 38.77942614 ], [ -100.82311818, 38.77994893 ], [ -100.7880929, 38.78438047 ], [ -100.74831859, 38.79530052 ], [ -100.70854429, 38.81021751 ], [ -100.68282287, 38.81972323 ], [ -100.66876998, 38.82663353 ], [ -100.62899568, 38.84510102 ], [ -100.59599226, 38.85949753 ], [ -100.58922137, 38.863707 ], [ -100.54944707, 38.88820677 ], [ -100.53287559, 38.89927185 ], [ -100.50967274, 38.9308576 ], [ -100.50498928, 38.93904615 ], [ -100.50019579, 38.97882044 ], [ -100.50787019, 39.01859477 ], [ -100.50967274, 39.02305374 ], [ -100.52458359, 39.05836906 ], [ -100.54737749, 39.09814338 ], [ -100.54944707, 39.1011064 ], [ -100.57675477, 39.13791768 ], [ -100.58922137, 39.15258992 ], [ -100.61164939, 39.17769198 ], [ -100.62899568, 39.19591498 ], [ -100.65016488, 39.2174663 ], [ -100.66876998, 39.23627143 ], [ -100.6898146, 39.2572406 ], [ -100.70854429, 39.27734436 ], [ -100.72623412, 39.29701492 ], [ -100.74831859, 39.32619066 ], [ -100.7557478, 39.33678922 ], [ -100.77693033, 39.37656351 ], [ -100.7880929, 39.41052829 ], [ -100.78990547, 39.41633783 ], [ -100.7975912, 39.45611213 ], [ -100.80142565, 39.49588645 ], [ -100.80244823, 39.53566075 ], [ -100.80156414, 39.57543505 ], [ -100.79963606, 39.61520937 ], [ -100.79755685, 39.65498367 ], [ -100.79615795, 39.69475799 ], [ -100.79451566, 39.73453228 ], [ -100.79050733, 39.77430658 ], [ -100.7880929, 39.78308101 ], [ -100.78219502, 39.8140809 ], [ -100.76575787, 39.8538552 ], [ -100.74831859, 39.87240115 ], [ -100.73461608, 39.8936295 ], [ -100.70854429, 39.91757094 ], [ -100.69358454, 39.93340382 ], [ -100.66876998, 39.95700367 ], [ -100.64970723, 39.97317811 ], [ -100.62899568, 39.99089615 ], [ -100.58922137, 40.00696051 ], [ -100.55768845, 40.01295244 ], [ -100.54944707, 40.01460811 ], [ -100.50967274, 40.02657045 ], [ -100.46989843, 40.0409488 ], [ -100.43903551, 40.05272673 ], [ -100.43012413, 40.05747141 ], [ -100.39034982, 40.08202673 ], [ -100.37424119, 40.09250103 ], [ -100.35057552, 40.11421173 ], [ -100.32888032, 40.13227535 ], [ -100.31080121, 40.15234578 ], [ -100.28988479, 40.17204965 ], [ -100.27102691, 40.19474897 ], [ -100.25315779, 40.21182397 ], [ -100.2312526, 40.23716707 ], [ -100.21366704, 40.25159827 ], [ -100.1914783, 40.27190103 ], [ -100.15362316, 40.29137256 ], [ -100.15170399, 40.29234575 ], [ -100.11192969, 40.30051567 ], [ -100.07215538, 40.30056371 ], [ -100.03238107, 40.29568024 ], [ -100.0112345, 40.29137256 ], [ -99.99260677, 40.28795745 ], [ -99.95283246, 40.27798326 ], [ -99.91305816, 40.26627759 ], [ -99.87328385, 40.25295408 ], [ -99.86959144, 40.25159827 ], [ -99.83350953, 40.23710383 ], [ -99.79373522, 40.2182749 ], [ -99.7814198, 40.21182397 ], [ -99.75396091, 40.19937695 ], [ -99.71418661, 40.18306547 ], [ -99.69067334, 40.17204965 ], [ -99.6744123, 40.1651498 ], [ -99.634638, 40.13920365 ], [ -99.62319742, 40.13227535 ], [ -99.59486369, 40.11807205 ], [ -99.55508939, 40.09645482 ], [ -99.54874537, 40.09250103 ], [ -99.51531508, 40.07665043 ], [ -99.47554078, 40.05462878 ], [ -99.47251258, 40.05272673 ], [ -99.43576647, 40.03526763 ], [ -99.39599217, 40.01391866 ], [ -99.39433904, 40.01295244 ], [ -99.35621786, 39.99551235 ], [ -99.31644356, 39.97694315 ], [ -99.30863269, 39.97317811 ], [ -99.27666925, 39.96002952 ], [ -99.23689495, 39.94316041 ], [ -99.21481162, 39.93340382 ], [ -99.19712064, 39.92606072 ], [ -99.15734631, 39.90849545 ], [ -99.12669557, 39.8936295 ], [ -99.11757201, 39.88930179 ], [ -99.0777977, 39.8688868 ], [ -99.05025459, 39.8538552 ], [ -99.0380234, 39.84718005 ], [ -98.99824909, 39.82422868 ], [ -98.98216379, 39.8140809 ], [ -98.95847479, 39.79910265 ], [ -98.9229152, 39.77430658 ], [ -98.91870048, 39.77134103 ], [ -98.87892618, 39.74089843 ], [ -98.87133743, 39.73453228 ], [ -98.83915187, 39.70783912 ], [ -98.82327019, 39.69475799 ], [ -98.79937757, 39.67485206 ], [ -98.77214471, 39.65498367 ], [ -98.75960326, 39.64523944 ], [ -98.71982896, 39.62101439 ], [ -98.70823107, 39.61520937 ], [ -98.68005465, 39.60063218 ], [ -98.64028035, 39.58589733 ], [ -98.60050604, 39.58063838 ], [ -98.56073173, 39.58070156 ], [ -98.52095743, 39.58030126 ], [ -98.4811831, 39.58143848 ], [ -98.4414088, 39.58614426 ], [ -98.40163449, 39.59633144 ], [ -98.36186019, 39.61471237 ], [ -98.3610633, 39.61520937 ], [ -98.32208588, 39.64637015 ], [ -98.31409999, 39.65498367 ], [ -98.28904242, 39.69475799 ], [ -98.28231157, 39.71386107 ], [ -98.27504301, 39.73453228 ], [ -98.26737499, 39.77430658 ], [ -98.26449052, 39.8140809 ], [ -98.26519183, 39.8538552 ], [ -98.26898892, 39.8936295 ], [ -98.27631462, 39.93340382 ], [ -98.28231157, 39.95302345 ], [ -98.28752734, 39.97317811 ], [ -98.31161288, 40.01295244 ], [ -98.32208588, 40.01818893 ], [ -98.36186019, 40.02838106 ], [ -98.40163449, 40.02773386 ], [ -98.4414088, 40.02330001 ], [ -98.4811831, 40.01716626 ], [ -98.52095743, 40.0181934 ], [ -98.56073173, 40.03529538 ], [ -98.58919106, 40.05272673 ], [ -98.60050604, 40.06619474 ], [ -98.62013642, 40.09250103 ], [ -98.62249178, 40.13227535 ], [ -98.60620561, 40.17204965 ], [ -98.60050604, 40.17928666 ], [ -98.56691751, 40.21182397 ], [ -98.56073173, 40.21622306 ], [ -98.52095743, 40.23325918 ], [ -98.4811831, 40.24181727 ], [ -98.4414088, 40.2430725 ], [ -98.40163449, 40.23878899 ], [ -98.36186019, 40.23127383 ], [ -98.32208588, 40.22426161 ], [ -98.28231157, 40.22201699 ], [ -98.24253727, 40.22515693 ], [ -98.20276296, 40.2290149 ], [ -98.16298866, 40.23059154 ], [ -98.12321435, 40.22972167 ], [ -98.08344005, 40.22429357 ], [ -98.04366574, 40.2123787 ], [ -98.04223572, 40.21182397 ], [ -98.00389144, 40.19346766 ], [ -97.96411713, 40.17318409 ], [ -97.96206433, 40.17204965 ], [ -97.92434283, 40.14723528 ], [ -97.90201056, 40.13227535 ], [ -97.88456852, 40.11857791 ], [ -97.85217829, 40.09250103 ], [ -97.84479422, 40.08557848 ], [ -97.81094024, 40.05272673 ], [ -97.80501989, 40.04606072 ], [ -97.77694756, 40.01295244 ], [ -97.76524558, 39.99695283 ], [ -97.74886423, 39.97317811 ], [ -97.72547128, 39.9342048 ], [ -97.72502942, 39.93340382 ], [ -97.70796479, 39.8936295 ], [ -97.69431194, 39.8538552 ], [ -97.68569697, 39.81718593 ], [ -97.68505965, 39.8140809 ], [ -97.67950525, 39.77430658 ], [ -97.67521578, 39.73453228 ], [ -97.67200344, 39.69475799 ], [ -97.66949115, 39.65498367 ], [ -97.66725203, 39.61520937 ], [ -97.66488943, 39.57543505 ], [ -97.6618244, 39.53566075 ], [ -97.65764423, 39.49588645 ], [ -97.65187219, 39.45611213 ], [ -97.64592267, 39.42642989 ], [ -97.64422512, 39.41633783 ], [ -97.63502205, 39.37656351 ], [ -97.62293533, 39.33678922 ], [ -97.6070439, 39.29701492 ], [ -97.60614836, 39.29519983 ], [ -97.59433981, 39.2572406 ], [ -97.58322036, 39.2174663 ], [ -97.57164794, 39.17769198 ], [ -97.58161266, 39.13791768 ], [ -97.60614836, 39.10898078 ], [ -97.62293806, 39.09814338 ], [ -97.64592267, 39.0873257 ], [ -97.68569697, 39.07294764 ], [ -97.71438179, 39.05836906 ], [ -97.72547128, 39.05399562 ], [ -97.76524558, 39.03385382 ], [ -97.78940933, 39.01859477 ], [ -97.80501989, 39.00959064 ], [ -97.84479422, 38.98257708 ], [ -97.84977381, 38.97882044 ], [ -97.88456852, 38.9423219 ], [ -97.88751062, 38.93904615 ], [ -97.91307998, 38.89927185 ], [ -97.92434283, 38.87503063 ], [ -97.93148646, 38.85949753 ], [ -97.94522859, 38.81972323 ], [ -97.95355225, 38.77994893 ], [ -97.95793186, 38.74017461 ], [ -97.95946099, 38.70040032 ], [ -97.95791859, 38.66062599 ], [ -97.95276414, 38.6208517 ], [ -97.94346181, 38.5810774 ], [ -97.92945228, 38.54130308 ], [ -97.92434283, 38.52930129 ], [ -97.91230122, 38.50152878 ], [ -97.88992168, 38.46175446 ], [ -97.88456852, 38.45368084 ], [ -97.86239257, 38.42198016 ], [ -97.84479422, 38.40107312 ], [ -97.82735264, 38.38220587 ], [ -97.80501989, 38.36139342 ], [ -97.78039265, 38.34243155 ], [ -97.76524558, 38.33210259 ], [ -97.72547128, 38.31051163 ], [ -97.70719534, 38.30265725 ], [ -97.68569697, 38.29352488 ], [ -97.64592267, 38.28060572 ], [ -97.60614836, 38.27164836 ], [ -97.56637406, 38.26451119 ], [ -97.56006337, 38.26288293 ], [ -97.52659975, 38.25510855 ], [ -97.48682545, 38.24214434 ], [ -97.44705114, 38.22414469 ], [ -97.44599236, 38.22310863 ], [ -97.43642097, 38.18333433 ], [ -97.43492814, 38.14356001 ], [ -97.42671809, 38.10378571 ], [ -97.41044482, 38.06401142 ], [ -97.40727684, 38.05605237 ], [ -97.39602406, 38.0242371 ], [ -97.38631131, 37.9844628 ], [ -97.3790913, 37.94468848 ], [ -97.37234327, 37.90491418 ], [ -97.36750253, 37.87847437 ], [ -97.36480273, 37.86513988 ], [ -97.35959808, 37.82536556 ], [ -97.35414332, 37.78559126 ], [ -97.34741753, 37.74581694 ], [ -97.3354533, 37.70604265 ], [ -97.33138897, 37.66626835 ], [ -97.33871172, 37.62649403 ], [ -97.34684563, 37.58671973 ], [ -97.35670415, 37.54694541 ], [ -97.36586386, 37.50717111 ], [ -97.36750253, 37.49892373 ], [ -97.37037943, 37.46739681 ], [ -97.37679073, 37.42762249 ], [ -97.39704181, 37.3878482 ], [ -97.40727684, 37.36219629 ], [ -97.41280074, 37.34807387 ], [ -97.40727684, 37.31910013 ], [ -97.40267772, 37.30829958 ], [ -97.36750253, 37.29257015 ], [ -97.32772823, 37.28385625 ], [ -97.28795392, 37.27874902 ], [ -97.24817962, 37.26950022 ], [ -97.24527839, 37.26852528 ], [ -97.20840531, 37.25888931 ], [ -97.168631, 37.2331935 ], [ -97.16522881, 37.22875096 ], [ -97.13775548, 37.18897666 ], [ -97.1288567, 37.17292928 ], [ -97.12028348, 37.14920236 ], [ -97.10607566, 37.10942804 ], [ -97.09781382, 37.06965375 ], [ -97.11571532, 37.02987943 ], [ -97.1288567, 37.00065072 ], [ -97.13524583, 36.99010513 ], [ -97.15765953, 36.95033083 ], [ -97.168631, 36.92795082 ], [ -97.18067096, 36.91055651 ], [ -97.19919034, 36.87078221 ], [ -97.20840531, 36.84822875 ], [ -97.21740417, 36.83100789 ], [ -97.22482168, 36.79123359 ], [ -97.22317584, 36.7514593 ], [ -97.20840531, 36.72713434 ], [ -97.19372585, 36.71168498 ], [ -97.17132704, 36.67191068 ], [ -97.168631, 36.66167179 ], [ -97.16254613, 36.63213636 ], [ -97.15968494, 36.59236206 ], [ -97.1611007, 36.55258776 ], [ -97.16721785, 36.51281344 ], [ -97.168631, 36.50762475 ], [ -97.1796815, 36.47303914 ], [ -97.19541151, 36.43326482 ], [ -97.20840531, 36.40362268 ], [ -97.21355178, 36.39349053 ], [ -97.23523467, 36.35371623 ], [ -97.24817962, 36.33042665 ], [ -97.25872429, 36.31394191 ], [ -97.28410874, 36.27416761 ], [ -97.28795392, 36.26824968 ], [ -97.31329674, 36.23439331 ], [ -97.32772823, 36.21449181 ], [ -97.34460649, 36.19461899 ], [ -97.36750253, 36.16710606 ], [ -97.37991714, 36.15484469 ], [ -97.40727684, 36.1273705 ], [ -97.42342917, 36.11507037 ], [ -97.44705114, 36.09700654 ], [ -97.48536163, 36.07529608 ], [ -97.48682545, 36.07446957 ], [ -97.52659975, 36.06637726 ], [ -97.55781548, 36.07529608 ], [ -97.56637406, 36.07863059 ], [ -97.59025383, 36.11507037 ], [ -97.60614836, 36.14997901 ], [ -97.60759055, 36.15484469 ], [ -97.61766314, 36.19461899 ], [ -97.62699789, 36.23439331 ], [ -97.63738487, 36.27416761 ], [ -97.64592267, 36.29820272 ], [ -97.65170342, 36.31394191 ], [ -97.68254482, 36.35371623 ], [ -97.68569697, 36.35583644 ], [ -97.72547128, 36.36656769 ], [ -97.76524558, 36.36303455 ], [ -97.79775631, 36.35371623 ], [ -97.80501989, 36.35174956 ], [ -97.84479422, 36.33976945 ], [ -97.88456852, 36.32721049 ], [ -97.92102754, 36.31394191 ], [ -97.92434283, 36.3125132 ], [ -97.96411713, 36.2910926 ], [ -97.98760738, 36.27416761 ], [ -98.00389144, 36.26173332 ], [ -98.04081293, 36.23439331 ], [ -98.04366574, 36.23232303 ], [ -98.08344005, 36.20427006 ], [ -98.09868784, 36.19461899 ], [ -98.12321435, 36.17399976 ], [ -98.14726204, 36.15484469 ], [ -98.16298866, 36.13379129 ], [ -98.17884513, 36.11507037 ], [ -98.18712333, 36.07529608 ], [ -98.17015151, 36.03552178 ], [ -98.16298866, 36.02904376 ], [ -98.14244413, 35.99574746 ], [ -98.12321435, 35.97653626 ], [ -98.10690567, 35.95597316 ], [ -98.08344005, 35.93187982 ], [ -98.07201854, 35.91619884 ], [ -98.05627259, 35.87642454 ], [ -98.04981499, 35.83665024 ], [ -98.04564982, 35.79687592 ], [ -98.04571557, 35.75710163 ], [ -98.05117864, 35.71732731 ], [ -98.06291715, 35.67755301 ], [ -98.08344005, 35.6397271 ], [ -98.08486137, 35.63777871 ], [ -98.11888849, 35.59800439 ], [ -98.12321435, 35.59244808 ], [ -98.14899317, 35.55823009 ], [ -98.16280942, 35.5184558 ], [ -98.16298866, 35.51694168 ], [ -98.16794626, 35.47868147 ], [ -98.16880812, 35.43890718 ], [ -98.16681211, 35.39913286 ], [ -98.16298866, 35.37580995 ], [ -98.15953429, 35.35935856 ], [ -98.13883721, 35.31958426 ], [ -98.12321435, 35.30575593 ], [ -98.08344005, 35.28579026 ], [ -98.0638546, 35.27980994 ], [ -98.04366574, 35.27463328 ], [ -98.00389144, 35.26113771 ], [ -97.96411713, 35.24034372 ], [ -97.96372668, 35.24003564 ], [ -97.92434283, 35.21142746 ], [ -97.91339333, 35.20026132 ], [ -97.88456852, 35.17302187 ], [ -97.87498774, 35.16048702 ], [ -97.84479422, 35.12256396 ], [ -97.84369853, 35.12071273 ], [ -97.8211349, 35.08093841 ], [ -97.80501989, 35.05164101 ], [ -97.80013528, 35.04116411 ], [ -97.78307843, 35.00138979 ], [ -97.76772785, 34.96161549 ], [ -97.76822124, 34.92184119 ], [ -97.78524437, 34.88206687 ], [ -97.80501989, 34.8569379 ], [ -97.81766387, 34.84229257 ], [ -97.84479422, 34.81198867 ], [ -97.85309263, 34.80251825 ], [ -97.88456852, 34.76448093 ], [ -97.88613938, 34.76274396 ], [ -97.91882375, 34.72296966 ], [ -97.92434283, 34.71428616 ], [ -97.94751553, 34.68319534 ], [ -97.96411713, 34.64780238 ], [ -97.96655869, 34.64342104 ], [ -97.9898409, 34.60364674 ], [ -98.00389144, 34.58963886 ], [ -98.02821818, 34.56387242 ], [ -98.04366574, 34.55410576 ], [ -98.08344005, 34.52672142 ], [ -98.08676726, 34.52409812 ], [ -98.12321435, 34.50678121 ], [ -98.16200221, 34.4843238 ], [ -98.16298866, 34.48393908 ], [ -98.20276296, 34.46711045 ], [ -98.24253727, 34.44461642 ], [ -98.24262871, 34.44454951 ], [ -98.28231157, 34.42758851 ], [ -98.31860213, 34.40477521 ], [ -98.32208588, 34.40334545 ], [ -98.36186019, 34.38621904 ], [ -98.39430953, 34.36500089 ], [ -98.40163449, 34.36245506 ], [ -98.4414088, 34.3617559 ], [ -98.45202024, 34.36500089 ], [ -98.4811831, 34.38710744 ], [ -98.51622219, 34.40477521 ], [ -98.52095743, 34.41588618 ], [ -98.5353032, 34.44454951 ], [ -98.54390817, 34.4843238 ], [ -98.5545317, 34.52409812 ], [ -98.56073173, 34.53765504 ], [ -98.583383, 34.56387242 ], [ -98.60050604, 34.57314642 ], [ -98.64028035, 34.58105871 ], [ -98.68005465, 34.58149811 ], [ -98.71982896, 34.57407164 ], [ -98.73980894, 34.56387242 ], [ -98.75960326, 34.54830834 ], [ -98.77670904, 34.52409812 ], [ -98.79179288, 34.4843238 ], [ -98.79845715, 34.44454951 ], [ -98.79937757, 34.44371993 ], [ -98.82954602, 34.40477521 ], [ -98.83915187, 34.4002614 ], [ -98.87892618, 34.37719098 ], [ -98.89532394, 34.36500089 ], [ -98.91870048, 34.34772964 ], [ -98.94089417, 34.32522659 ], [ -98.95847479, 34.30111294 ], [ -98.96781216, 34.28545227 ], [ -98.98588628, 34.24567797 ], [ -98.99824909, 34.22299858 ], [ -99.00711863, 34.20590368 ], [ -99.03089364, 34.16612935 ], [ -99.0380234, 34.15477699 ], [ -99.05589507, 34.12635506 ], [ -99.0777977, 34.09208776 ], [ -99.08142435, 34.08658074 ], [ -99.10810244, 34.04680644 ], [ -99.11757201, 34.03284468 ], [ -99.13565214, 34.00703214 ], [ -99.15734631, 33.9763804 ], [ -99.16442322, 33.96725782 ], [ -99.19522619, 33.92748352 ], [ -99.19712064, 33.92499473 ], [ -99.22795086, 33.8877092 ], [ -99.23689495, 33.87629494 ], [ -99.26147303, 33.8479349 ], [ -99.27666925, 33.82890566 ], [ -99.29509732, 33.80816061 ], [ -99.31644356, 33.78122636 ], [ -99.32802993, 33.76838629 ], [ -99.35621786, 33.73256973 ], [ -99.3598874, 33.72861199 ], [ -99.39107519, 33.68883769 ], [ -99.39599217, 33.68145173 ], [ -99.42182199, 33.64906337 ], [ -99.43576647, 33.62831732 ], [ -99.45170178, 33.60928907 ], [ -99.47554078, 33.57465643 ], [ -99.48018209, 33.56951475 ], [ -99.5080432, 33.52974045 ], [ -99.51531508, 33.51773572 ], [ -99.53680031, 33.48996616 ], [ -99.55508939, 33.4619007 ], [ -99.56532766, 33.45019184 ], [ -99.59462142, 33.41041754 ], [ -99.59486369, 33.41005408 ], [ -99.62731035, 33.37064322 ], [ -99.634638, 33.36103706 ], [ -99.67313828, 33.33086892 ], [ -99.6744123, 33.32999076 ], [ -99.67641892, 33.33086892 ], [ -99.71418661, 33.34711312 ], [ -99.72794951, 33.37064322 ], [ -99.73936143, 33.41041754 ], [ -99.74798229, 33.45019184 ], [ -99.75396091, 33.47014461 ], [ -99.76100167, 33.48996616 ], [ -99.78251249, 33.52974045 ], [ -99.79373522, 33.54556531 ], [ -99.81974282, 33.56951475 ], [ -99.83350953, 33.58098205 ], [ -99.87328385, 33.60183918 ], [ -99.89764297, 33.60928907 ], [ -99.91305816, 33.61402263 ], [ -99.95283246, 33.61999658 ], [ -99.99260677, 33.62114464 ], [ -100.03238107, 33.61894365 ], [ -100.07215538, 33.61360855 ], [ -100.09109765, 33.60928907 ], [ -100.11192969, 33.60466442 ], [ -100.15170399, 33.58985404 ], [ -100.18051242, 33.56951475 ], [ -100.1914783, 33.55967775 ], [ -100.21642602, 33.52974045 ], [ -100.2312526, 33.50880877 ], [ -100.24271683, 33.48996616 ], [ -100.26483792, 33.45019184 ], [ -100.27102691, 33.43818227 ], [ -100.28437941, 33.41041754 ], [ -100.30241285, 33.37064322 ], [ -100.31080121, 33.3508299 ], [ -100.31888065, 33.33086892 ], [ -100.33376702, 33.29109462 ], [ -100.34908673, 33.2513203 ], [ -100.35057552, 33.24770468 ], [ -100.36646114, 33.211546 ], [ -100.38605858, 33.17177168 ], [ -100.39034982, 33.16370345 ], [ -100.40811112, 33.13199739 ], [ -100.43012413, 33.09651366 ], [ -100.43291509, 33.09222309 ], [ -100.46072623, 33.05244877 ], [ -100.46989843, 33.04033164 ], [ -100.49154635, 33.01267447 ], [ -100.50967274, 32.99096824 ], [ -100.5252084, 32.97290015 ], [ -100.54944707, 32.94621598 ], [ -100.56159959, 32.93312585 ], [ -100.58922137, 32.90472167 ], [ -100.60049569, 32.89335156 ], [ -100.62899568, 32.86563017 ], [ -100.64156369, 32.85357723 ], [ -100.66876998, 32.82831431 ], [ -100.68457772, 32.81380294 ], [ -100.70854429, 32.79225786 ], [ -100.72899921, 32.77402864 ], [ -100.74831859, 32.75711805 ], [ -100.77466884, 32.73425432 ], [ -100.7880929, 32.72269472 ], [ -100.82095468, 32.69448002 ], [ -100.8278672, 32.6884691 ], [ -100.86658128, 32.6547057 ], [ -100.86764151, 32.65375928 ], [ -100.90741581, 32.61821955 ], [ -100.91110542, 32.6149314 ], [ -100.94719012, 32.58217906 ], [ -100.9549491, 32.57515711 ], [ -100.98696442, 32.54571665 ], [ -100.99826803, 32.53538278 ], [ -101.02673873, 32.50900102 ], [ -101.04131995, 32.49560849 ], [ -101.06651303, 32.47234271 ], [ -101.08465754, 32.45583417 ], [ -101.10628734, 32.43599197 ], [ -101.12834635, 32.41605987 ], [ -101.14606164, 32.40000845 ], [ -101.17273149, 32.37628557 ], [ -101.18583595, 32.36456432 ], [ -101.21779516, 32.33651125 ], [ -101.22561028, 32.32963222 ], [ -101.2635826, 32.29673695 ], [ -101.26538458, 32.29517592 ], [ -101.30515889, 32.26119112 ], [ -101.31016738, 32.25696263 ], [ -101.34493319, 32.22761124 ], [ -101.35748181, 32.21718833 ], [ -101.35487956, 32.17741404 ], [ -101.35489712, 32.17741404 ], [ -101.3847075, 32.20722846 ], [ -101.39466739, 32.21718833 ], [ -101.4244818, 32.24700692 ], [ -101.43443752, 32.25696263 ], [ -101.46425611, 32.2867855 ], [ -101.47420758, 32.29673695 ], [ -101.50403041, 32.3265641 ], [ -101.51397757, 32.33651125 ], [ -101.51397522, 32.37628557 ], [ -101.50403041, 32.3974926 ], [ -101.48127639, 32.41605987 ], [ -101.46425611, 32.42991148 ], [ -101.43261021, 32.45583417 ], [ -101.4244818, 32.46247489 ], [ -101.3847075, 32.49519058 ], [ -101.38420961, 32.49560849 ], [ -101.34493319, 32.52840631 ], [ -101.33665528, 32.53538278 ], [ -101.30515889, 32.56185922 ], [ -101.28948351, 32.57515711 ], [ -101.26538458, 32.59554848 ], [ -101.24268386, 32.6149314 ], [ -101.22561028, 32.62936162 ], [ -101.19589123, 32.6547057 ], [ -101.18583595, 32.66321596 ], [ -101.14922289, 32.69448002 ], [ -101.14606164, 32.69714585 ], [ -101.10628734, 32.73090148 ], [ -101.10237247, 32.73425432 ], [ -101.06651303, 32.76488977 ], [ -101.05587732, 32.77402864 ], [ -101.02673873, 32.79925307 ], [ -101.00993113, 32.81380294 ], [ -100.98696442, 32.83388435 ], [ -100.96450665, 32.85357723 ], [ -100.94719012, 32.86899426 ], [ -100.91998764, 32.89335156 ], [ -100.90741581, 32.90481313 ], [ -100.8766237, 32.93312585 ], [ -100.86764151, 32.94156008 ], [ -100.83463813, 32.97290015 ], [ -100.8278672, 32.97948709 ], [ -100.7942227, 33.01267447 ], [ -100.7880929, 33.01885535 ], [ -100.75540741, 33.05244877 ], [ -100.74831859, 33.05990009 ], [ -100.71829834, 33.09222309 ], [ -100.70854429, 33.10296955 ], [ -100.68294019, 33.13199739 ], [ -100.66876998, 33.14849406 ], [ -100.64951567, 33.17177168 ], [ -100.62899568, 33.19726433 ], [ -100.617989, 33.211546 ], [ -100.58922137, 33.25017687 ], [ -100.58841377, 33.2513203 ], [ -100.56089366, 33.29109462 ], [ -100.54944707, 33.30805945 ], [ -100.53494911, 33.33086892 ], [ -100.51063632, 33.37064322 ], [ -100.50967274, 33.37231004 ], [ -100.48925808, 33.41041754 ], [ -100.47098112, 33.45019184 ], [ -100.46989843, 33.45298243 ], [ -100.45610242, 33.48996616 ], [ -100.44178916, 33.52974045 ], [ -100.43012413, 33.56234418 ], [ -100.42746343, 33.56951475 ], [ -100.41256112, 33.60928907 ], [ -100.39672196, 33.64906337 ], [ -100.39034982, 33.66435039 ], [ -100.37903129, 33.68883769 ], [ -100.35880917, 33.72861199 ], [ -100.35057552, 33.74384609 ], [ -100.3342394, 33.76838629 ], [ -100.31080121, 33.80737369 ], [ -100.31026707, 33.80816061 ], [ -100.29498953, 33.8479349 ], [ -100.29183471, 33.8877092 ], [ -100.30172946, 33.92748352 ], [ -100.31080121, 33.94281167 ], [ -100.32369099, 33.96725782 ], [ -100.35057552, 33.99883041 ], [ -100.35692452, 34.00703214 ], [ -100.39034982, 34.03822333 ], [ -100.39893293, 34.04680644 ], [ -100.43012413, 34.07126888 ], [ -100.44860265, 34.08658074 ], [ -100.46989843, 34.10097643 ], [ -100.50646291, 34.12635506 ], [ -100.50967274, 34.12823117 ], [ -100.54944707, 34.15202068 ], [ -100.57290793, 34.16612935 ], [ -100.58922137, 34.17469586 ], [ -100.62899568, 34.1955612 ], [ -100.64887775, 34.20590368 ], [ -100.66876998, 34.21509439 ], [ -100.70854429, 34.23310246 ], [ -100.73720685, 34.24567797 ], [ -100.74831859, 34.25006199 ], [ -100.7880929, 34.2653231 ], [ -100.8278672, 34.28020406 ], [ -100.84252608, 34.28545227 ], [ -100.86764151, 34.29386872 ], [ -100.90741581, 34.30635084 ], [ -100.94719012, 34.31767785 ], [ -100.97776665, 34.32522659 ], [ -100.98696442, 34.32735329 ], [ -101.02673873, 34.33471739 ], [ -101.06651303, 34.3400189 ], [ -101.10628734, 34.34331076 ], [ -101.14606164, 34.34431472 ], [ -101.18583595, 34.34252468 ], [ -101.22561028, 34.3373502 ], [ -101.26538458, 34.32816073 ], [ -101.27377924, 34.32522659 ], [ -101.30515889, 34.31450963 ], [ -101.34493319, 34.29607605 ], [ -101.36485483, 34.28545227 ], [ -101.3847075, 34.2757307 ], [ -101.4244818, 34.25780551 ], [ -101.46425611, 34.247307 ], [ -101.47942146, 34.24567797 ], [ -101.50403041, 34.24333691 ], [ -101.54380472, 34.24360534 ], [ -101.58357903, 34.24505826 ], [ -101.62335333, 34.24126019 ], [ -101.66312764, 34.23076807 ], [ -101.70290194, 34.21565493 ], [ -101.72590629, 34.20590368 ], [ -101.74267625, 34.19784518 ], [ -101.78245055, 34.17846551 ], [ -101.80778488, 34.16612935 ], [ -101.82222486, 34.15841977 ], [ -101.86199916, 34.13727559 ], [ -101.88262682, 34.12635506 ], [ -101.90177347, 34.11540031 ], [ -101.9415478, 34.09281972 ], [ -101.952493, 34.08658074 ], [ -101.9813221, 34.06905898 ], [ -102.01825434, 34.04680644 ], [ -102.02109641, 34.04499499 ], [ -102.06087071, 34.01953136 ], [ -102.08042459, 34.00703214 ], [ -102.10064502, 33.99350599 ], [ -102.14015164, 33.96725782 ], [ -102.14041932, 33.96707219 ], [ -102.18019363, 33.93935902 ], [ -102.19731874, 33.92748352 ], [ -102.21996793, 33.91125561 ], [ -102.25299556, 33.8877092 ], [ -102.25974224, 33.88273406 ], [ -102.29951654, 33.85359265 ], [ -102.30723082, 33.8479349 ], [ -102.33929085, 33.8237335 ], [ -102.36019067, 33.80816061 ], [ -102.37906515, 33.79346976 ], [ -102.41238244, 33.76838629 ], [ -102.41883946, 33.76327088 ], [ -102.45861376, 33.73250841 ], [ -102.46370181, 33.72861199 ], [ -102.49838807, 33.7011298 ], [ -102.51436782, 33.68883769 ], [ -102.53816237, 33.66992809 ], [ -102.56518274, 33.64906337 ], [ -102.57793668, 33.63896071 ], [ -102.61638444, 33.60928907 ], [ -102.61771101, 33.59934537 ], [ -102.6276547, 33.60928907 ], [ -102.65748531, 33.63911067 ], [ -102.66743801, 33.64906337 ], [ -102.69725962, 33.6788754 ], [ -102.69725962, 33.67889298 ], [ -102.68692338, 33.68883769 ], [ -102.65748531, 33.71228096 ], [ -102.63680091, 33.72861199 ], [ -102.61771101, 33.74363285 ], [ -102.58606966, 33.76838629 ], [ -102.57793668, 33.77472726 ], [ -102.53816237, 33.80554614 ], [ -102.53477514, 33.80816061 ], [ -102.49838807, 33.83599321 ], [ -102.48270689, 33.8479349 ], [ -102.45861376, 33.86607841 ], [ -102.42976205, 33.8877092 ], [ -102.41883946, 33.89578139 ], [ -102.37906515, 33.92499605 ], [ -102.37566126, 33.92748352 ], [ -102.33929085, 33.95357449 ], [ -102.32010106, 33.96725782 ], [ -102.29951654, 33.9815954 ], [ -102.26271863, 34.00703214 ], [ -102.25974224, 34.00903678 ], [ -102.21996793, 34.03555089 ], [ -102.20295374, 34.04680644 ], [ -102.18019363, 34.06134137 ], [ -102.14041932, 34.08642678 ], [ -102.14017324, 34.08658074 ], [ -102.10064502, 34.11028268 ], [ -102.0734971, 34.12635506 ], [ -102.06087071, 34.13348525 ], [ -102.02109641, 34.15557142 ], [ -102.00186712, 34.16612935 ], [ -101.9813221, 34.17676813 ], [ -101.9415478, 34.19699697 ], [ -101.92383916, 34.20590368 ], [ -101.90177347, 34.21626601 ], [ -101.86199916, 34.23464619 ], [ -101.83785417, 34.24567797 ], [ -101.82222486, 34.25229999 ], [ -101.78245055, 34.26873934 ], [ -101.74267625, 34.2843007 ], [ -101.73937568, 34.28545227 ], [ -101.70290194, 34.29646364 ], [ -101.66312764, 34.30249136 ], [ -101.62335333, 34.30342859 ], [ -101.58357903, 34.30330691 ], [ -101.54380472, 34.30534145 ], [ -101.50403041, 34.31113746 ], [ -101.46425611, 34.32361924 ], [ -101.46091309, 34.32522659 ], [ -101.4244818, 34.34740075 ], [ -101.39606047, 34.36500089 ], [ -101.3847075, 34.37253016 ], [ -101.34493319, 34.39581831 ], [ -101.32640872, 34.40477521 ], [ -101.30515889, 34.41514481 ], [ -101.26538458, 34.42878632 ], [ -101.22561028, 34.43702495 ], [ -101.18583595, 34.44091489 ], [ -101.14606164, 34.44131937 ], [ -101.10628734, 34.43889877 ], [ -101.06651303, 34.4342839 ], [ -101.02673873, 34.4279317 ], [ -100.98696442, 34.42024582 ], [ -100.94719012, 34.41148505 ], [ -100.91977006, 34.40477521 ], [ -100.90741581, 34.40168415 ], [ -100.86764151, 34.3905272 ], [ -100.8278672, 34.37845497 ], [ -100.7880929, 34.36571577 ], [ -100.78592889, 34.36500089 ], [ -100.74831859, 34.35210414 ], [ -100.70854429, 34.3382626 ], [ -100.67108949, 34.32522659 ], [ -100.66876998, 34.32438049 ], [ -100.62899568, 34.31003673 ], [ -100.58922137, 34.29559125 ], [ -100.56146057, 34.28545227 ], [ -100.54944707, 34.28064929 ], [ -100.50967274, 34.26528234 ], [ -100.46989843, 34.25036598 ], [ -100.45659007, 34.24567797 ], [ -100.43012413, 34.23533246 ], [ -100.39034982, 34.22098983 ], [ -100.35057552, 34.20800398 ], [ -100.34292434, 34.20590368 ], [ -100.31080121, 34.19582583 ], [ -100.27102691, 34.18610775 ], [ -100.2312526, 34.17927439 ], [ -100.1914783, 34.17563412 ], [ -100.15170399, 34.17549 ], [ -100.11192969, 34.17908357 ], [ -100.07215538, 34.18668447 ], [ -100.03238107, 34.19860479 ], [ -100.01399745, 34.20590368 ], [ -99.99260677, 34.2133228 ], [ -99.95283246, 34.22964157 ], [ -99.91638614, 34.24567797 ], [ -99.91305816, 34.24689151 ], [ -99.87328385, 34.26517585 ], [ -99.84478375, 34.28545227 ], [ -99.83350953, 34.29306645 ], [ -99.80033989, 34.32522659 ], [ -99.79373522, 34.33133794 ], [ -99.76728053, 34.36500089 ], [ -99.75396091, 34.38149355 ], [ -99.73792917, 34.40477521 ], [ -99.71418661, 34.43667831 ], [ -99.7079717, 34.44454951 ], [ -99.67484303, 34.4843238 ], [ -99.6744123, 34.48482961 ], [ -99.63550084, 34.52409812 ], [ -99.634638, 34.52497387 ], [ -99.59486369, 34.55708691 ], [ -99.58319101, 34.56387242 ], [ -99.55508939, 34.58097778 ], [ -99.51531508, 34.59517993 ], [ -99.47554078, 34.60213176 ], [ -99.4435792, 34.60364674 ], [ -99.43576647, 34.60417095 ], [ -99.43151752, 34.60364674 ], [ -99.39599217, 34.59917669 ], [ -99.35621786, 34.58850805 ], [ -99.31644356, 34.59320376 ], [ -99.30204069, 34.60364674 ], [ -99.27666925, 34.62742249 ], [ -99.25906531, 34.64342104 ], [ -99.23689495, 34.66313558 ], [ -99.21238584, 34.68319534 ], [ -99.19712064, 34.71219937 ], [ -99.19177368, 34.72296966 ], [ -99.19168324, 34.76274396 ], [ -99.19712064, 34.79097622 ], [ -99.19995173, 34.80251825 ], [ -99.20912068, 34.84229257 ], [ -99.2147059, 34.88206687 ], [ -99.21724285, 34.92184119 ], [ -99.21750181, 34.96161549 ], [ -99.21610961, 35.00138979 ], [ -99.2135093, 35.04116411 ], [ -99.21003727, 35.08093841 ], [ -99.20594442, 35.12071273 ], [ -99.20152537, 35.16048702 ], [ -99.19712064, 35.19683015 ], [ -99.19670463, 35.20026132 ], [ -99.19233572, 35.24003564 ], [ -99.18794331, 35.27980994 ], [ -99.18398, 35.31958426 ], [ -99.18059373, 35.35935856 ], [ -99.17800818, 35.39913286 ], [ -99.17602132, 35.43890718 ], [ -99.17492064, 35.47868147 ], [ -99.17480161, 35.5184558 ], [ -99.17575113, 35.55823009 ], [ -99.17773864, 35.59800439 ], [ -99.1809419, 35.63777871 ], [ -99.18550412, 35.67755301 ], [ -99.19111893, 35.71732731 ], [ -99.19712064, 35.75157269 ], [ -99.19808629, 35.75710163 ], [ -99.20576757, 35.79687592 ], [ -99.21447115, 35.83665024 ], [ -99.2239516, 35.87642454 ], [ -99.2339797, 35.91619884 ], [ -99.23689495, 35.92742472 ], [ -99.24430866, 35.95597316 ], [ -99.25476038, 35.99574746 ], [ -99.26511565, 36.03552178 ], [ -99.27459861, 36.07529608 ], [ -99.27666925, 36.08670753 ], [ -99.28187877, 36.11507037 ], [ -99.28732307, 36.15484469 ], [ -99.29104239, 36.19461899 ], [ -99.29335289, 36.23439331 ], [ -99.29443452, 36.27416761 ], [ -99.29470399, 36.31394191 ], [ -99.29423585, 36.35371623 ], [ -99.29316361, 36.39349053 ], [ -99.29169874, 36.43326482 ], [ -99.29097012, 36.47303914 ], [ -99.29076041, 36.51281344 ], [ -99.29060508, 36.55258776 ], [ -99.29044591, 36.59236206 ], [ -99.29096241, 36.63213636 ], [ -99.29355866, 36.67191068 ], [ -99.298142, 36.71168498 ], [ -99.30443874, 36.7514593 ], [ -99.31217896, 36.79123359 ], [ -99.31644356, 36.80952224 ], [ -99.32173856, 36.83100789 ], [ -99.33271458, 36.87078221 ], [ -99.34489845, 36.91055651 ], [ -99.35621786, 36.94451456 ], [ -99.35827593, 36.95033083 ], [ -99.37313533, 36.99010513 ], [ -99.38917443, 37.02987943 ], [ -99.39599217, 37.04584278 ], [ -99.4068395, 37.06965375 ], [ -99.42584272, 37.10942804 ], [ -99.43576647, 37.1294985 ], [ -99.44596207, 37.14920236 ], [ -99.46733205, 37.18897666 ], [ -99.47554078, 37.20385498 ], [ -99.48951749, 37.22875096 ], [ -99.5119068, 37.26852528 ], [ -99.51531508, 37.27445572 ], [ -99.5344359, 37.30829958 ], [ -99.55508939, 37.34678036 ], [ -99.55573957, 37.34807387 ], [ -99.57489527, 37.3878482 ], [ -99.59227838, 37.42762249 ], [ -99.59486369, 37.43390952 ], [ -99.60709141, 37.46739681 ], [ -99.62011879, 37.50717111 ], [ -99.6317996, 37.54694541 ], [ -99.634638, 37.55684442 ], [ -99.64210678, 37.58671973 ], [ -99.65194687, 37.62649403 ], [ -99.66198593, 37.66626835 ], [ -99.67227777, 37.70604265 ], [ -99.6744123, 37.71380652 ], [ -99.68226101, 37.74581694 ], [ -99.692635, 37.78559126 ], [ -99.70358835, 37.82536556 ], [ -99.71418661, 37.86138325 ], [ -99.71523194, 37.86513988 ], [ -99.72708017, 37.90491418 ], [ -99.7393647, 37.94468848 ], [ -99.75223563, 37.9844628 ], [ -99.75396091, 37.98963871 ], [ -99.76524779, 38.0242371 ], [ -99.77854545, 38.06401142 ], [ -99.79176801, 38.10378571 ], [ -99.79373522, 38.11024115 ], [ -99.80405185, 38.14356001 ], [ -99.81482902, 38.18333433 ], [ -99.82243067, 38.22310863 ], [ -99.82482542, 38.26288293 ], [ -99.81456319, 38.30265725 ], [ -99.79373522, 38.33026643 ], [ -99.78206757, 38.34243155 ], [ -99.75396091, 38.36666456 ], [ -99.72625296, 38.38220587 ], [ -99.71418661, 38.38803903 ], [ -99.6744123, 38.40245449 ], [ -99.634638, 38.41958762 ], [ -99.63166973, 38.42198016 ], [ -99.59921534, 38.46175446 ], [ -99.59486369, 38.48344873 ], [ -99.59154983, 38.50152878 ], [ -99.59486369, 38.51260485 ], [ -99.60711564, 38.54130308 ], [ -99.634638, 38.56446105 ], [ -99.67327937, 38.5810774 ], [ -99.6744123, 38.5813866 ], [ -99.71418661, 38.58342851 ], [ -99.74062333, 38.5810774 ], [ -99.75396091, 38.57955017 ], [ -99.77465734, 38.5810774 ], [ -99.79373522, 38.58195279 ], [ -99.83350953, 38.58815359 ], [ -99.87328385, 38.59424131 ], [ -99.91305816, 38.59925485 ], [ -99.95283246, 38.60429722 ], [ -99.99260677, 38.61015383 ], [ -100.03238107, 38.61707691 ], [ -100.06096132, 38.6208517 ], [ -100.07215538, 38.62155763 ], [ -100.11192969, 38.62262362 ], [ -100.12803848, 38.6208517 ], [ -100.12352845, 38.5810774 ], [ -100.12033715, 38.54130308 ], [ -100.12896129, 38.50152878 ], [ -100.14919443, 38.46175446 ], [ -100.15170399, 38.45893537 ], [ -100.1760194, 38.42198016 ], [ -100.1914783, 38.40764327 ], [ -100.21358741, 38.38220587 ], [ -100.2312526, 38.36868046 ], [ -100.2605403, 38.34243155 ], [ -100.27102691, 38.33557282 ], [ -100.31080121, 38.30602026 ], [ -100.31486777, 38.30265725 ], [ -100.35057552, 38.27910833 ], [ -100.37351096, 38.26288293 ], [ -100.39034982, 38.25271208 ], [ -100.43012413, 38.22711226 ], [ -100.43604777, 38.22310863 ], [ -100.46989843, 38.20223111 ], [ -100.49978328, 38.18333433 ], [ -100.50967274, 38.17730451 ], [ -100.54944707, 38.15334522 ], [ -100.56622702, 38.14356001 ], [ -100.58922137, 38.12941246 ], [ -100.62899568, 38.10536196 ], [ -100.63204365, 38.10378571 ], [ -100.66876998, 38.08130264 ], [ -100.69841207, 38.06401142 ], [ -100.70854429, 38.05641224 ], [ -100.74831859, 38.0304102 ], [ -100.76762038, 38.0242371 ], [ -100.7880929, 38.00548159 ], [ -100.81882796, 37.9844628 ], [ -100.8278672, 37.97983403 ], [ -100.86764151, 37.95629518 ], [ -100.8825644, 37.94468848 ], [ -100.90741581, 37.92820807 ], [ -100.93578651, 37.90491418 ], [ -100.94719012, 37.8952808 ], [ -100.97588097, 37.86513988 ], [ -100.98696442, 37.85129746 ], [ -101.00437687, 37.82536556 ], [ -101.02431557, 37.78559126 ], [ -101.02673873, 37.77916909 ], [ -101.0385441, 37.74581694 ], [ -101.05007587, 37.70604265 ], [ -101.06131644, 37.66626835 ], [ -101.06651303, 37.65101023 ], [ -101.07551507, 37.62649403 ], [ -101.09242339, 37.58671973 ], [ -101.10628734, 37.56428534 ], [ -101.11944176, 37.54694541 ], [ -101.14606164, 37.52556099 ], [ -101.17679652, 37.50717111 ], [ -101.18583595, 37.50368446 ], [ -101.22561028, 37.49133285 ], [ -101.26538458, 37.48169837 ], [ -101.30515889, 37.47364841 ], [ -101.33939855, 37.46739681 ], [ -101.34493319, 37.46665581 ], [ -101.3847075, 37.46139185 ], [ -101.4244818, 37.4562234 ], [ -101.46425611, 37.45103301 ], [ -101.50403041, 37.44595256 ], [ -101.54380472, 37.44120508 ], [ -101.58357903, 37.4369801 ], [ -101.62335333, 37.43237426 ], [ -101.64557986, 37.42762249 ], [ -101.66312764, 37.42438026 ], [ -101.70290194, 37.41187436 ], [ -101.74267625, 37.39962218 ], [ -101.78245055, 37.39921963 ], [ -101.82222486, 37.40374636 ], [ -101.86199916, 37.40757333 ], [ -101.90177347, 37.4050297 ], [ -101.9415478, 37.39289848 ], [ -101.94962043, 37.3878482 ], [ -101.9813221, 37.37149014 ], [ -102.00973988, 37.34807387 ], [ -102.02109641, 37.33963436 ], [ -102.05603603, 37.30829958 ], [ -102.06087071, 37.30438969 ], [ -102.10064502, 37.27063997 ], [ -102.10282198, 37.26852528 ], [ -102.11630707, 37.22875096 ], [ -102.11334226, 37.18897666 ], [ -102.10064502, 37.15456453 ], [ -102.09849017, 37.14920236 ], [ -102.07725673, 37.10942804 ], [ -102.06087071, 37.07845009 ], [ -102.05617899, 37.06965375 ], [ -102.03668315, 37.02987943 ], [ -102.02109641, 36.99631227 ], [ -102.01825497, 36.99010513 ], [ -102.00108862, 36.95033083 ], [ -101.98437125, 36.91055651 ], [ -101.9813221, 36.90324823 ], [ -101.967851, 36.87078221 ], [ -101.95157237, 36.83100789 ], [ -101.9415478, 36.80663145 ], [ -101.93441809, 36.79123359 ], [ -101.91406934, 36.7514593 ], [ -101.90177347, 36.73015413 ], [ -101.88691105, 36.71168498 ], [ -101.86199916, 36.6816434 ], [ -101.85068295, 36.67191068 ], [ -101.82222486, 36.64698099 ], [ -101.79836843, 36.63213636 ], [ -101.78245055, 36.62189934 ], [ -101.74267625, 36.60374392 ], [ -101.70743863, 36.59236206 ], [ -101.70290194, 36.59083289 ], [ -101.66312764, 36.58148299 ], [ -101.62335333, 36.5749559 ], [ -101.58357903, 36.56980733 ], [ -101.54380472, 36.56526955 ], [ -101.50403041, 36.56146158 ], [ -101.46425611, 36.55863806 ], [ -101.4244818, 36.55707133 ], [ -101.3847075, 36.55709488 ], [ -101.34493319, 36.55909265 ], [ -101.30515889, 36.56308991 ], [ -101.26538458, 36.56712442 ], [ -101.22561028, 36.57051683 ], [ -101.18583595, 36.57311855 ], [ -101.14606164, 36.574877 ], [ -101.10628734, 36.57535369 ], [ -101.06651303, 36.57421179 ], [ -101.02673873, 36.57105221 ], [ -100.98696442, 36.56510885 ], [ -100.94719012, 36.55533965 ], [ -100.93909826, 36.55258776 ], [ -100.90741581, 36.53921428 ], [ -100.86764151, 36.51427244 ], [ -100.86582051, 36.51281344 ], [ -100.83101761, 36.47303914 ], [ -100.8278672, 36.46726929 ], [ -100.81226716, 36.43326482 ], [ -100.80312659, 36.39349053 ], [ -100.80047766, 36.35371623 ], [ -100.80260986, 36.31394191 ], [ -100.80863991, 36.27416761 ], [ -100.81763192, 36.23439331 ], [ -100.8278672, 36.20002441 ], [ -100.82933439, 36.19461899 ], [ -100.84282649, 36.15484469 ], [ -100.85824407, 36.11507037 ], [ -100.86764151, 36.0936682 ], [ -100.8751377, 36.07529608 ], [ -100.89331739, 36.03552178 ], [ -100.90741581, 36.00706968 ], [ -100.91268361, 35.99574746 ], [ -100.93304092, 35.95597316 ], [ -100.94719012, 35.93003299 ], [ -100.95435944, 35.91619884 ], [ -100.9765723, 35.87642454 ], [ -100.98696442, 35.85894245 ], [ -100.99967455, 35.83665024 ], [ -101.02363599, 35.79687592 ], [ -101.02673873, 35.79201578 ], [ -101.04835504, 35.75710163 ], [ -101.06651303, 35.7286222 ], [ -101.07356075, 35.71732731 ], [ -101.09925889, 35.67755301 ], [ -101.10628734, 35.66707756 ], [ -101.1257269, 35.63777871 ], [ -101.14606164, 35.6082605 ], [ -101.1531046, 35.59800439 ], [ -101.18156223, 35.55823009 ], [ -101.18583595, 35.55254062 ], [ -101.21159968, 35.5184558 ], [ -101.22561028, 35.50083221 ], [ -101.24352835, 35.47868147 ], [ -101.26538458, 35.45321634 ], [ -101.27800756, 35.43890718 ], [ -101.30515889, 35.41015593 ], [ -101.31606851, 35.39913286 ], [ -101.34493319, 35.37163595 ], [ -101.35842291, 35.35935856 ], [ -101.3847075, 35.33597115 ], [ -101.40406258, 35.31958426 ], [ -101.4244818, 35.30201578 ], [ -101.45114613, 35.27980994 ], [ -101.46425611, 35.26844942 ], [ -101.49823785, 35.24003564 ], [ -101.50403041, 35.23492456 ], [ -101.54380472, 35.20123023 ], [ -101.54501299, 35.20026132 ], [ -101.58357903, 35.16694717 ], [ -101.59138832, 35.16048702 ], [ -101.62335333, 35.13220493 ], [ -101.63715601, 35.12071273 ], [ -101.66312764, 35.09904138 ], [ -101.6871428, 35.08093841 ], [ -101.70290194, 35.0704927 ], [ -101.74267625, 35.05186105 ], [ -101.78245055, 35.04355125 ], [ -101.79124156, 35.04116411 ], [ -101.82222486, 35.03347581 ], [ -101.86199916, 35.01995804 ], [ -101.90177347, 35.01322774 ], [ -101.9415478, 35.0155317 ], [ -101.9813221, 35.03361194 ], [ -101.9947883, 35.04116411 ], [ -102.02109641, 35.05588797 ], [ -102.06087071, 35.07652881 ], [ -102.06937607, 35.08093841 ], [ -102.10064502, 35.09548569 ], [ -102.14041932, 35.114294 ], [ -102.15044373, 35.12071273 ], [ -102.18019363, 35.1454843 ], [ -102.19011541, 35.16048702 ], [ -102.2107631, 35.20026132 ], [ -102.21996793, 35.21819958 ], [ -102.23464461, 35.24003564 ], [ -102.25974224, 35.27274832 ], [ -102.26677382, 35.27980994 ], [ -102.29951654, 35.31180393 ], [ -102.3092622, 35.31958426 ], [ -102.33929085, 35.34386 ], [ -102.36201248, 35.35935856 ], [ -102.37906515, 35.37126604 ], [ -102.41883946, 35.39511365 ], [ -102.42661109, 35.39913286 ], [ -102.45861376, 35.41623405 ], [ -102.49838807, 35.43458744 ], [ -102.50929597, 35.43890718 ], [ -102.53816237, 35.45073121 ], [ -102.57793668, 35.46468878 ], [ -102.61771101, 35.47640826 ], [ -102.62695116, 35.47868147 ], [ -102.65748531, 35.48644078 ], [ -102.69725962, 35.4947322 ], [ -102.73703392, 35.501215 ], [ -102.77680823, 35.50618058 ], [ -102.81658253, 35.50963966 ], [ -102.85635684, 35.51171078 ], [ -102.89613114, 35.51271259 ], [ -102.93590545, 35.51319418 ], [ -102.97567976, 35.51321383 ], [ -103.01545406, 35.51276508 ], [ -103.05522837, 35.5118994 ], [ -103.09500267, 35.51061111 ], [ -103.13477698, 35.50888081 ], [ -103.17455128, 35.50661633 ], [ -103.21432559, 35.50381452 ], [ -103.25409989, 35.50044335 ], [ -103.29387422, 35.49653851 ], [ -103.33364853, 35.49218212 ], [ -103.37342283, 35.48743734 ], [ -103.41319714, 35.48223674 ], [ -103.43808366, 35.47868147 ], [ -103.45297144, 35.47660693 ], [ -103.49274575, 35.47071671 ], [ -103.53252005, 35.46440207 ], [ -103.57229436, 35.45747347 ], [ -103.61206866, 35.45002898 ], [ -103.65184297, 35.44197434 ], [ -103.66615648, 35.43890718 ], [ -103.69161727, 35.43357817 ], [ -103.70156268, 35.39913286 ], [ -103.70158025, 35.39913286 ], [ -103.73139158, 35.42894675 ], [ -103.741352, 35.43890718 ], [ -103.74135001, 35.47868147 ], [ -103.77116588, 35.50849967 ], [ -103.78112199, 35.5184558 ], [ -103.7811202, 35.55823009 ], [ -103.81094019, 35.58805214 ], [ -103.82089247, 35.59800439 ], [ -103.82089087, 35.63777871 ], [ -103.85071449, 35.66760413 ], [ -103.86066338, 35.67755301 ], [ -103.86066199, 35.71732731 ], [ -103.8904888, 35.7471557 ], [ -103.90043474, 35.75710163 ], [ -103.90043354, 35.79687592 ], [ -103.8976532, 35.83665024 ], [ -103.8904888, 35.83804101 ], [ -103.85071449, 35.84509512 ], [ -103.81094019, 35.85152536 ], [ -103.77116588, 35.85717371 ], [ -103.73139158, 35.86202624 ], [ -103.69161727, 35.86652098 ], [ -103.65184297, 35.87035623 ], [ -103.61206866, 35.87364313 ], [ -103.57229436, 35.87567246 ], [ -103.56102638, 35.87642454 ], [ -103.53252005, 35.87845286 ], [ -103.49274575, 35.88023003 ], [ -103.45297144, 35.88150789 ], [ -103.41319714, 35.88220615 ], [ -103.37342283, 35.88231349 ], [ -103.33364853, 35.88204251 ], [ -103.29387422, 35.88140904 ], [ -103.25409989, 35.88024587 ], [ -103.21432559, 35.87857406 ], [ -103.17455128, 35.87709404 ], [ -103.16605368, 35.87642454 ], [ -103.13477698, 35.87412389 ], [ -103.09500267, 35.87138275 ], [ -103.05522837, 35.86823609 ], [ -103.01545406, 35.86448331 ], [ -102.97567976, 35.86022302 ], [ -102.93590545, 35.85551475 ], [ -102.89613114, 35.85010603 ], [ -102.85635684, 35.84391542 ], [ -102.81658253, 35.83710581 ], [ -102.81424086, 35.83665024 ], [ -102.77680823, 35.82989354 ], [ -102.73703392, 35.82185245 ], [ -102.69725962, 35.81280631 ], [ -102.65748531, 35.80273385 ], [ -102.63809825, 35.79687592 ], [ -102.61771101, 35.79105104 ], [ -102.57793668, 35.77691224 ], [ -102.53816237, 35.75948295 ], [ -102.53363945, 35.75710163 ], [ -102.49838807, 35.73947601 ], [ -102.46151476, 35.71732731 ], [ -102.45861376, 35.71567883 ], [ -102.41883946, 35.68929723 ], [ -102.40364103, 35.67755301 ], [ -102.37906515, 35.65944451 ], [ -102.3538014, 35.63777871 ], [ -102.33929085, 35.62585161 ], [ -102.30987235, 35.59800439 ], [ -102.29951654, 35.58848424 ], [ -102.27091112, 35.55823009 ], [ -102.25974224, 35.54671609 ], [ -102.23607009, 35.5184558 ], [ -102.21996793, 35.49949894 ], [ -102.20484698, 35.47868147 ], [ -102.18019363, 35.44397127 ], [ -102.17716374, 35.43890718 ], [ -102.15430931, 35.39913286 ], [ -102.14041932, 35.3718274 ], [ -102.13462572, 35.35935856 ], [ -102.11466474, 35.31958426 ], [ -102.10064502, 35.29788387 ], [ -102.07158777, 35.27980994 ], [ -102.06087071, 35.27511897 ], [ -102.02109641, 35.27584256 ], [ -102.00218512, 35.27980994 ], [ -101.9813221, 35.28441206 ], [ -101.9415478, 35.29977338 ], [ -101.90623287, 35.31958426 ], [ -101.90177347, 35.32218086 ], [ -101.86199916, 35.34347853 ], [ -101.82222486, 35.35076801 ], [ -101.78245055, 35.35099849 ], [ -101.74267625, 35.3518901 ], [ -101.70290194, 35.35564721 ], [ -101.68689222, 35.35935856 ], [ -101.66312764, 35.36445098 ], [ -101.62335333, 35.37810009 ], [ -101.58357903, 35.39583358 ], [ -101.57749636, 35.39913286 ], [ -101.54380472, 35.41691632 ], [ -101.50844296, 35.43890718 ], [ -101.50403041, 35.44175512 ], [ -101.46425611, 35.47181127 ], [ -101.45627781, 35.47868147 ], [ -101.4244818, 35.5086803 ], [ -101.41503489, 35.5184558 ], [ -101.3847075, 35.55242251 ], [ -101.37985833, 35.55823009 ], [ -101.34869004, 35.59800439 ], [ -101.34493319, 35.60311987 ], [ -101.32060536, 35.63777871 ], [ -101.30515889, 35.66099305 ], [ -101.29448896, 35.67755301 ], [ -101.27025687, 35.71732731 ], [ -101.26538458, 35.72586199 ], [ -101.24785273, 35.75710163 ], [ -101.22684888, 35.79687592 ], [ -101.22561028, 35.79951833 ], [ -101.20827237, 35.83665024 ], [ -101.19157119, 35.87642454 ], [ -101.18583595, 35.89227701 ], [ -101.17711039, 35.91619884 ], [ -101.16500106, 35.95597316 ], [ -101.15529799, 35.99574746 ], [ -101.1483676, 36.03552178 ], [ -101.14606164, 36.06126142 ], [ -101.14477312, 36.07529608 ], [ -101.14520725, 36.11507037 ], [ -101.14606164, 36.12235227 ], [ -101.15038087, 36.15484469 ], [ -101.16201638, 36.19461899 ], [ -101.18190838, 36.23439331 ], [ -101.18583595, 36.23994046 ], [ -101.21495908, 36.27416761 ], [ -101.22561028, 36.28329722 ], [ -101.26538458, 36.31071359 ], [ -101.27122723, 36.31394191 ], [ -101.30515889, 36.32893071 ], [ -101.34493319, 36.34215835 ], [ -101.3847075, 36.35343746 ], [ -101.38565171, 36.35371623 ], [ -101.4244818, 36.36352256 ], [ -101.46425611, 36.37337466 ], [ -101.50403041, 36.38295304 ], [ -101.54380472, 36.39254415 ], [ -101.54748205, 36.39349053 ], [ -101.58357903, 36.40196966 ], [ -101.62335333, 36.41185669 ], [ -101.66312764, 36.42281208 ], [ -101.69550958, 36.43326482 ], [ -101.70290194, 36.43544435 ], [ -101.74267625, 36.44987665 ], [ -101.78245055, 36.47010596 ], [ -101.78659426, 36.47303914 ], [ -101.82222486, 36.49725034 ], [ -101.83867511, 36.51281344 ], [ -101.86199916, 36.53431641 ], [ -101.87676703, 36.55258776 ], [ -101.90177347, 36.58366667 ], [ -101.907285, 36.59236206 ], [ -101.93188785, 36.63213636 ], [ -101.9415478, 36.6485554 ], [ -101.95341859, 36.67191068 ], [ -101.97054409, 36.71168498 ], [ -101.9813221, 36.73899642 ], [ -101.98699386, 36.7514593 ], [ -102.0032291, 36.79123359 ], [ -102.01789398, 36.83100789 ], [ -102.02109641, 36.83931319 ], [ -102.03533398, 36.87078221 ], [ -102.05093816, 36.91055651 ], [ -102.06087071, 36.93526451 ], [ -102.06812779, 36.95033083 ], [ -102.08568659, 36.99010513 ], [ -102.10064502, 37.02401815 ], [ -102.10364348, 37.02987943 ], [ -102.12327121, 37.06965375 ], [ -102.14041932, 37.10587312 ], [ -102.14223558, 37.10942804 ], [ -102.1609467, 37.14920236 ], [ -102.17258915, 37.18897666 ], [ -102.18019363, 37.22757446 ], [ -102.18047814, 37.22875096 ], [ -102.18112324, 37.26852528 ], [ -102.18019363, 37.26998184 ], [ -102.14973407, 37.30829958 ], [ -102.14041932, 37.3183113 ], [ -102.11203435, 37.34807387 ], [ -102.10064502, 37.36253012 ], [ -102.07918768, 37.3878482 ], [ -102.06087071, 37.41292994 ], [ -102.04854227, 37.42762249 ], [ -102.02109641, 37.46645403 ], [ -102.02025318, 37.46739681 ], [ -101.99455218, 37.50717111 ], [ -101.9813221, 37.53631953 ], [ -101.97446581, 37.54694541 ], [ -101.96299501, 37.58671973 ], [ -101.96447022, 37.62649403 ], [ -101.97966245, 37.66626835 ], [ -101.9813221, 37.6688825 ], [ -102.00335899, 37.70604265 ], [ -102.02109641, 37.72975385 ], [ -102.03063539, 37.74581694 ], [ -102.05509196, 37.78559126 ], [ -102.06087071, 37.79493749 ], [ -102.07448696, 37.82536556 ], [ -102.09087555, 37.86513988 ], [ -102.10064502, 37.89142863 ], [ -102.10420519, 37.90491418 ], [ -102.11287029, 37.94468848 ], [ -102.11944402, 37.9844628 ], [ -102.12368135, 38.0242371 ], [ -102.12477193, 38.06401142 ], [ -102.12098485, 38.10378571 ], [ -102.11411463, 38.14356001 ], [ -102.10064502, 38.18089006 ], [ -102.0990976, 38.18333433 ], [ -102.06087071, 38.21508068 ], [ -102.04394304, 38.22310863 ], [ -102.02109641, 38.23401385 ], [ -101.9813221, 38.25690146 ], [ -101.97107538, 38.26288293 ], [ -101.9415478, 38.28428371 ], [ -101.91252286, 38.30265725 ], [ -101.90177347, 38.31138321 ], [ -101.86199916, 38.33566295 ], [ -101.84597232, 38.34243155 ], [ -101.82222486, 38.35602379 ], [ -101.78245055, 38.36936764 ], [ -101.74267625, 38.37265351 ], [ -101.70290194, 38.36127009 ], [ -101.67517723, 38.34243155 ], [ -101.66312764, 38.33464341 ], [ -101.62861612, 38.30265725 ], [ -101.62335333, 38.29805987 ], [ -101.58972257, 38.26288293 ], [ -101.58357903, 38.25606511 ], [ -101.55855659, 38.22310863 ], [ -101.54380472, 38.19821485 ], [ -101.53537681, 38.18333433 ], [ -101.51260071, 38.14356001 ], [ -101.50403041, 38.13099808 ], [ -101.47754386, 38.10378571 ], [ -101.46425611, 38.09271257 ], [ -101.4244818, 38.07412144 ], [ -101.3847075, 38.06888347 ], [ -101.34493319, 38.07328536 ], [ -101.30515889, 38.08519215 ], [ -101.26538458, 38.10306232 ], [ -101.26419309, 38.10378571 ], [ -101.22561028, 38.12529081 ], [ -101.19703526, 38.14356001 ], [ -101.18583595, 38.15031423 ], [ -101.14606164, 38.177883 ], [ -101.13892785, 38.18333433 ], [ -101.10628734, 38.20574008 ], [ -101.08082783, 38.22310863 ], [ -101.06651303, 38.23131036 ], [ -101.02673873, 38.25293228 ], [ -101.01085786, 38.26288293 ], [ -100.98696442, 38.28165635 ], [ -100.96660976, 38.30265725 ], [ -100.94719012, 38.3236952 ], [ -100.90741581, 38.341787 ], [ -100.86764151, 38.33453248 ], [ -100.8278672, 38.30903703 ], [ -100.82190153, 38.30265725 ], [ -100.7880929, 38.27577393 ], [ -100.77581577, 38.26288293 ], [ -100.74831859, 38.23712659 ], [ -100.72713927, 38.22310863 ], [ -100.70854429, 38.21217037 ], [ -100.66876998, 38.2057541 ], [ -100.62899568, 38.21169834 ], [ -100.59466497, 38.22310863 ], [ -100.58922137, 38.22487175 ], [ -100.54944707, 38.24393258 ], [ -100.51639946, 38.26288293 ], [ -100.50967274, 38.26706166 ], [ -100.46989843, 38.29656692 ], [ -100.46206289, 38.30265725 ], [ -100.43012413, 38.33241997 ], [ -100.41935517, 38.34243155 ], [ -100.39034982, 38.3772874 ], [ -100.38615276, 38.38220587 ], [ -100.36236135, 38.42198016 ], [ -100.35057552, 38.45514034 ], [ -100.3480868, 38.46175446 ], [ -100.34246584, 38.50152878 ], [ -100.34953411, 38.54130308 ], [ -100.35057552, 38.54384357 ], [ -100.36469561, 38.5810774 ], [ -100.39034982, 38.61099527 ], [ -100.40140522, 38.6208517 ], [ -100.43012413, 38.64693357 ], [ -100.44988317, 38.66062599 ], [ -100.46989843, 38.6741091 ], [ -100.50967274, 38.69050556 ], [ -100.54944707, 38.69741445 ], [ -100.58922137, 38.69891445 ], [ -100.62899568, 38.69701006 ], [ -100.66876998, 38.69312246 ], [ -100.70854429, 38.68748711 ], [ -100.74831859, 38.67708875 ], [ -100.78258304, 38.66062599 ], [ -100.7880929, 38.65685757 ], [ -100.8278672, 38.62222691 ], [ -100.83015545, 38.6208517 ], [ -100.86764151, 38.58787119 ], [ -100.88599355, 38.5810774 ], [ -100.90741581, 38.56733139 ], [ -100.94719012, 38.56788603 ], [ -100.98009748, 38.5810774 ], [ -100.98696442, 38.58311773 ], [ -101.02673873, 38.60473948 ], [ -101.0464314, 38.6208517 ], [ -101.06651303, 38.63841293 ], [ -101.08590047, 38.66062599 ], [ -101.10628734, 38.69496832 ], [ -101.10945599, 38.70040032 ], [ -101.12505727, 38.74017461 ], [ -101.13273527, 38.77994893 ], [ -101.13558553, 38.81972323 ], [ -101.1349299, 38.85949753 ], [ -101.13075349, 38.89927185 ], [ -101.11998094, 38.93904615 ], [ -101.10628734, 38.95542411 ], [ -101.09481689, 38.97882044 ], [ -101.06651303, 38.99792206 ], [ -101.04138394, 39.01859477 ], [ -101.02673873, 39.03193521 ], [ -101.01349171, 39.05836906 ], [ -101.02436835, 39.09814338 ], [ -101.02673873, 39.10385396 ], [ -101.0494832, 39.13791768 ], [ -101.06651303, 39.16323403 ], [ -101.09322939, 39.17769198 ], [ -101.10628734, 39.18553482 ], [ -101.14606164, 39.17922935 ], [ -101.15036628, 39.17769198 ], [ -101.18583595, 39.15789861 ], [ -101.22561028, 39.14190083 ], [ -101.23877484, 39.13791768 ], [ -101.26538458, 39.12693885 ], [ -101.30515889, 39.10641986 ], [ -101.31277978, 39.09814338 ], [ -101.33346699, 39.05836906 ], [ -101.34493319, 39.03020027 ], [ -101.34952477, 39.01859477 ], [ -101.36519001, 38.97882044 ], [ -101.38145971, 38.93904615 ], [ -101.3847075, 38.93111471 ], [ -101.39904429, 38.89927185 ], [ -101.42015144, 38.85949753 ], [ -101.4244818, 38.85188663 ], [ -101.44599651, 38.81972323 ], [ -101.46425611, 38.79580801 ], [ -101.47847897, 38.77994893 ], [ -101.50403041, 38.75311985 ], [ -101.51882499, 38.74017461 ], [ -101.54380472, 38.71849805 ], [ -101.56956722, 38.70040032 ], [ -101.58357903, 38.68995289 ], [ -101.62335333, 38.66644875 ], [ -101.63664851, 38.66062599 ], [ -101.66312764, 38.64727517 ], [ -101.70290194, 38.63468977 ], [ -101.74267625, 38.62877199 ], [ -101.78245055, 38.62824405 ], [ -101.82222486, 38.63146813 ], [ -101.86199916, 38.63729213 ], [ -101.90177347, 38.64469706 ], [ -101.9415478, 38.65281987 ], [ -101.97908463, 38.66062599 ], [ -101.9813221, 38.66097046 ], [ -102.02109641, 38.66686805 ], [ -102.06087071, 38.67218724 ], [ -102.10064502, 38.6763303 ], [ -102.14041932, 38.67888673 ], [ -102.18019363, 38.67951155 ], [ -102.21996793, 38.67774006 ], [ -102.25974224, 38.6729438 ], [ -102.29951654, 38.6635625 ], [ -102.30705841, 38.66062599 ], [ -102.33929085, 38.64941773 ], [ -102.37906515, 38.64823993 ], [ -102.41883946, 38.65868172 ], [ -102.42433034, 38.66062599 ], [ -102.45861376, 38.67301914 ], [ -102.49838807, 38.68588605 ], [ -102.53816237, 38.69593502 ], [ -102.57793668, 38.69491848 ], [ -102.61771101, 38.6742254 ], [ -102.63062386, 38.66062599 ], [ -102.65302461, 38.6208517 ], [ -102.65748531, 38.60808036 ], [ -102.66527999, 38.5810774 ], [ -102.67288762, 38.54130308 ], [ -102.67804639, 38.50152878 ], [ -102.68087058, 38.46175446 ], [ -102.68172435, 38.42198016 ], [ -102.68177014, 38.38220587 ], [ -102.68171402, 38.34243155 ], [ -102.68209821, 38.30265725 ], [ -102.68368933, 38.26288293 ], [ -102.68854548, 38.22310863 ], [ -102.69725962, 38.18832469 ], [ -102.69895605, 38.18333433 ], [ -102.71760149, 38.14356001 ], [ -102.73703392, 38.11272599 ], [ -102.74404309, 38.10378571 ], [ -102.77680823, 38.06738 ], [ -102.78038338, 38.06401142 ], [ -102.81658253, 38.03216817 ], [ -102.82680387, 38.0242371 ], [ -102.85635684, 38.00221959 ], [ -102.88288637, 37.9844628 ], [ -102.89613114, 37.97573684 ], [ -102.93590545, 37.95130095 ], [ -102.94706656, 37.94468848 ], [ -102.97567976, 37.92657445 ], [ -103.00925319, 37.90491418 ], [ -103.01545406, 37.9006192 ], [ -103.05522837, 37.87286438 ], [ -103.06629056, 37.86513988 ], [ -103.09500267, 37.84350562 ], [ -103.11863973, 37.82536556 ], [ -103.13477698, 37.81191784 ], [ -103.16675656, 37.78559126 ], [ -103.17455128, 37.77868618 ], [ -103.21211604, 37.74581694 ], [ -103.21432559, 37.74378417 ], [ -103.25409989, 37.70875188 ], [ -103.25745331, 37.70604265 ], [ -103.29387422, 37.67466794 ], [ -103.30443734, 37.66626835 ], [ -103.33364853, 37.64186411 ], [ -103.3533922, 37.62649403 ], [ -103.37342283, 37.61017767 ], [ -103.40422395, 37.58671973 ], [ -103.41319714, 37.57955363 ], [ -103.45297144, 37.54970383 ], [ -103.45685463, 37.54694541 ], [ -103.49274575, 37.52034993 ], [ -103.51143818, 37.50717111 ], [ -103.53252005, 37.491637 ], [ -103.56756279, 37.46739681 ], [ -103.57229436, 37.46399601 ], [ -103.61206866, 37.43658129 ], [ -103.62566497, 37.42762249 ], [ -103.65184297, 37.40967795 ], [ -103.68526135, 37.3878482 ], [ -103.69161727, 37.3835219 ], [ -103.73139158, 37.35770456 ], [ -103.74680076, 37.34807387 ], [ -103.77116588, 37.33232067 ], [ -103.80838082, 37.30829958 ], [ -103.81094019, 37.30663139 ], [ -103.85071449, 37.28297648 ], [ -103.87508719, 37.26852528 ], [ -103.8904888, 37.25905815 ], [ -103.9302631, 37.23533953 ], [ -103.94184621, 37.22875096 ], [ -103.97003743, 37.21226182 ], [ -104.00981174, 37.19074555 ], [ -104.01298144, 37.18897666 ], [ -104.04958604, 37.16719864 ], [ -104.08242134, 37.14920236 ], [ -104.08936035, 37.1453247 ], [ -104.12913465, 37.1238779 ], [ -104.15694357, 37.10942804 ], [ -104.16890896, 37.10302226 ], [ -104.20868326, 37.08240393 ], [ -104.23418367, 37.06965375 ], [ -104.24845757, 37.06237111 ], [ -104.28823187, 37.04275844 ], [ -104.31535969, 37.02987943 ], [ -104.32800618, 37.02375166 ], [ -104.36778048, 37.00514491 ], [ -104.4012782, 36.99010513 ], [ -104.40755479, 36.98719804 ], [ -104.4473291, 36.96962571 ], [ -104.45727297, 36.99010513 ], [ -104.4871034, 37.01993467 ], [ -104.49704818, 37.02987943 ], [ -104.49704883, 37.06965375 ], [ -104.52687771, 37.09948168 ], [ -104.53682409, 37.10942804 ], [ -104.53682479, 37.14920236 ], [ -104.56665201, 37.17902855 ], [ -104.57660014, 37.18897666 ], [ -104.57660088, 37.22875096 ], [ -104.60642632, 37.25857528 ], [ -104.6163763, 37.26852528 ], [ -104.61637713, 37.30829958 ], [ -104.64620064, 37.33812189 ], [ -104.65615265, 37.34807387 ], [ -104.6561535, 37.3878482 ], [ -104.68597495, 37.41766833 ], [ -104.69592911, 37.42762249 ], [ -104.69593006, 37.46739681 ], [ -104.72574926, 37.49721461 ], [ -104.73570576, 37.50717111 ], [ -104.73570678, 37.54694541 ], [ -104.76552356, 37.57676074 ], [ -104.77548255, 37.58671973 ], [ -104.77548361, 37.62649403 ], [ -104.80529787, 37.65630675 ], [ -104.80529787, 37.65632433 ], [ -104.76720688, 37.66626835 ], [ -104.76552356, 37.66694351 ], [ -104.72574926, 37.682769 ], [ -104.68597495, 37.69872977 ], [ -104.66779447, 37.70604265 ], [ -104.64620064, 37.71453865 ], [ -104.60642632, 37.7301017 ], [ -104.56822679, 37.74581694 ], [ -104.56665201, 37.74644455 ], [ -104.52687771, 37.76118401 ], [ -104.4871034, 37.77669956 ], [ -104.4645035, 37.78559126 ], [ -104.4473291, 37.79220385 ], [ -104.40755479, 37.80742216 ], [ -104.36778048, 37.82260473 ], [ -104.36054789, 37.82536556 ], [ -104.32800618, 37.83752599 ], [ -104.28823187, 37.85238893 ], [ -104.25362239, 37.86513988 ], [ -104.24845757, 37.86699392 ], [ -104.20868326, 37.88147574 ], [ -104.16890896, 37.89591163 ], [ -104.14359751, 37.90491418 ], [ -104.12913465, 37.90990387 ], [ -104.08936035, 37.92362583 ], [ -104.04958604, 37.93718677 ], [ -104.02741194, 37.94468848 ], [ -104.00981174, 37.95044238 ], [ -103.97003743, 37.96335578 ], [ -103.9302631, 37.97595672 ], [ -103.90360217, 37.9844628 ], [ -103.8904888, 37.98849303 ], [ -103.85071449, 38.00046152 ], [ -103.81094019, 38.01219487 ], [ -103.77116588, 38.02372026 ], [ -103.76938478, 38.0242371 ], [ -103.73139158, 38.03492786 ], [ -103.69161727, 38.04591658 ], [ -103.65184297, 38.05684034 ], [ -103.62517523, 38.06401142 ], [ -103.61206866, 38.06740739 ], [ -103.57229436, 38.0779704 ], [ -103.53252005, 38.08841812 ], [ -103.49274575, 38.0990752 ], [ -103.47542954, 38.10378571 ], [ -103.45297144, 38.10962646 ], [ -103.41319714, 38.12041845 ], [ -103.37342283, 38.13151547 ], [ -103.33364853, 38.14291894 ], [ -103.33172363, 38.14356001 ], [ -103.29387422, 38.15587035 ], [ -103.25409989, 38.1703478 ], [ -103.22466396, 38.18333433 ], [ -103.21432559, 38.18797114 ], [ -103.17455128, 38.20815581 ], [ -103.14623431, 38.22310863 ], [ -103.13477698, 38.22923965 ], [ -103.09500267, 38.25158776 ], [ -103.07602937, 38.26288293 ], [ -103.05522837, 38.27547677 ], [ -103.01545406, 38.30143522 ], [ -103.01375029, 38.30265725 ], [ -102.97567976, 38.33103949 ], [ -102.96238107, 38.34243155 ], [ -102.93590545, 38.36667556 ], [ -102.92187981, 38.38220587 ], [ -102.89613114, 38.41513225 ], [ -102.89205846, 38.42198016 ], [ -102.87366232, 38.46175446 ], [ -102.86316644, 38.50152878 ], [ -102.85695937, 38.54130308 ], [ -102.85635684, 38.54583488 ], [ -102.85215145, 38.5810774 ], [ -102.84722553, 38.6208517 ], [ -102.84130214, 38.66062599 ], [ -102.83300817, 38.70040032 ], [ -102.82032738, 38.74017461 ], [ -102.81658253, 38.74777867 ], [ -102.79891252, 38.77994893 ], [ -102.77680823, 38.80312201 ], [ -102.75491388, 38.81972323 ], [ -102.73703392, 38.8277657 ], [ -102.69725962, 38.83769874 ], [ -102.65748531, 38.84168466 ], [ -102.61771101, 38.84249311 ], [ -102.57793668, 38.84073922 ], [ -102.53816237, 38.83544239 ], [ -102.49838807, 38.82416376 ], [ -102.48824212, 38.81972323 ], [ -102.45861376, 38.80947444 ], [ -102.41883946, 38.79192441 ], [ -102.37906515, 38.79426882 ], [ -102.33929085, 38.81425109 ], [ -102.3240905, 38.81972323 ], [ -102.29951654, 38.83001004 ], [ -102.25974224, 38.84066862 ], [ -102.21996793, 38.84737746 ], [ -102.18019363, 38.85130312 ], [ -102.14041932, 38.85309976 ], [ -102.10064502, 38.85398196 ], [ -102.06087071, 38.85509623 ], [ -102.02109641, 38.85729631 ], [ -101.99789863, 38.85949753 ], [ -101.9813221, 38.86104339 ], [ -101.9415478, 38.86659071 ], [ -101.90177347, 38.87464643 ], [ -101.86199916, 38.88584815 ], [ -101.82664054, 38.89927185 ], [ -101.82222486, 38.90098985 ], [ -101.78245055, 38.92001769 ], [ -101.75073645, 38.93904615 ], [ -101.74267625, 38.94424429 ], [ -101.70290194, 38.97404495 ], [ -101.69717135, 38.97882044 ], [ -101.66312764, 39.00973378 ], [ -101.65407944, 39.01859477 ], [ -101.62335333, 39.05224338 ], [ -101.61796216, 39.05836906 ], [ -101.58541852, 39.09814338 ], [ -101.58357903, 39.10050621 ], [ -101.55386745, 39.13791768 ], [ -101.54380472, 39.15055265 ], [ -101.52252368, 39.17769198 ], [ -101.50403041, 39.20282952 ], [ -101.49507679, 39.2174663 ], [ -101.4778388, 39.2572406 ], [ -101.46425611, 39.28910989 ], [ -101.46037088, 39.29701492 ], [ -101.45013659, 39.33678922 ], [ -101.44812977, 39.37656351 ], [ -101.45273402, 39.41633783 ], [ -101.46248221, 39.45611213 ], [ -101.46425611, 39.46148451 ], [ -101.47454725, 39.49588645 ], [ -101.48940055, 39.53566075 ], [ -101.50403041, 39.56527904 ], [ -101.50946828, 39.57543505 ], [ -101.53643074, 39.61520937 ], [ -101.54380472, 39.62399538 ], [ -101.58357903, 39.6482327 ], [ -101.60667041, 39.65498367 ], [ -101.62335333, 39.66085606 ], [ -101.66312764, 39.67580477 ], [ -101.70290194, 39.68801161 ], [ -101.7335049, 39.69475799 ], [ -101.74267625, 39.69664137 ], [ -101.78245055, 39.70276526 ], [ -101.82222486, 39.70643161 ], [ -101.86199916, 39.70818719 ], [ -101.90177347, 39.70825279 ], [ -101.9415478, 39.70664252 ], [ -101.9813221, 39.70285067 ], [ -102.02109641, 39.69591051 ], [ -102.02567977, 39.69475799 ], [ -102.06087071, 39.68858163 ], [ -102.10064502, 39.67927752 ], [ -102.14041932, 39.66629677 ], [ -102.16567066, 39.65498367 ], [ -102.18019363, 39.65005185 ], [ -102.21996793, 39.63019068 ], [ -102.23735151, 39.61520937 ], [ -102.25974224, 39.59520934 ], [ -102.28384806, 39.57543505 ], [ -102.29951654, 39.56213164 ], [ -102.33929085, 39.53656839 ], [ -102.34133501, 39.53566075 ], [ -102.37906515, 39.51903639 ], [ -102.41883946, 39.50323227 ], [ -102.43827519, 39.49588645 ], [ -102.45861376, 39.48804499 ], [ -102.49838807, 39.47156071 ], [ -102.53816237, 39.45720798 ], [ -102.54126205, 39.45611213 ], [ -102.57793668, 39.44263591 ], [ -102.61771101, 39.43743143 ], [ -102.65748531, 39.43940128 ], [ -102.69725962, 39.44454691 ], [ -102.73703392, 39.45062834 ], [ -102.77183005, 39.45611213 ], [ -102.77680823, 39.45673163 ], [ -102.81658253, 39.46279463 ], [ -102.85635684, 39.46889306 ], [ -102.89613114, 39.47522339 ], [ -102.93590545, 39.48072027 ], [ -102.97567976, 39.48470861 ], [ -103.01545406, 39.48780168 ], [ -103.05522837, 39.48904314 ], [ -103.09500267, 39.47943999 ], [ -103.13477698, 39.461347 ], [ -103.15543604, 39.45611213 ], [ -103.17455128, 39.4502882 ], [ -103.19411964, 39.45611213 ], [ -103.21432559, 39.46936679 ], [ -103.24066609, 39.49588645 ], [ -103.25409989, 39.51210723 ], [ -103.28126241, 39.53566075 ], [ -103.29387422, 39.54906529 ], [ -103.32964713, 39.57543505 ], [ -103.33364853, 39.57890516 ], [ -103.37342283, 39.60751404 ], [ -103.38446302, 39.61520937 ], [ -103.41319714, 39.6367599 ], [ -103.43775747, 39.65498367 ], [ -103.45297144, 39.66684162 ], [ -103.48937741, 39.69475799 ], [ -103.49274575, 39.69741336 ], [ -103.53252005, 39.72813106 ], [ -103.54089762, 39.73453228 ], [ -103.57229436, 39.75827444 ], [ -103.59409088, 39.77430658 ], [ -103.61206866, 39.78734139 ], [ -103.65079757, 39.8140809 ], [ -103.65184297, 39.81479973 ], [ -103.69161727, 39.84140976 ], [ -103.71145566, 39.8538552 ], [ -103.73139158, 39.86636179 ], [ -103.77116588, 39.8896252 ], [ -103.77831908, 39.8936295 ], [ -103.81094019, 39.91268308 ], [ -103.85071449, 39.93313493 ], [ -103.85126221, 39.93340382 ], [ -103.8904888, 39.95497846 ], [ -103.9302631, 39.97298351 ], [ -103.93071859, 39.97317811 ], [ -103.97003743, 39.99252919 ], [ -104.00981174, 40.00836999 ], [ -104.02283202, 40.01295244 ], [ -104.04958604, 40.02401575 ], [ -104.08936035, 40.03815522 ], [ -104.12913465, 40.04982743 ], [ -104.13931377, 40.05272673 ], [ -104.16890896, 40.0634252 ], [ -104.20868326, 40.07576602 ], [ -104.24845757, 40.08660756 ], [ -104.27423638, 40.09250103 ], [ -104.28823187, 40.09692233 ], [ -104.32800618, 40.11295597 ], [ -104.34171788, 40.13227535 ], [ -104.33377073, 40.17204965 ], [ -104.32800618, 40.18244284 ], [ -104.30927974, 40.21182397 ], [ -104.28823187, 40.24374659 ], [ -104.28234314, 40.25159827 ], [ -104.26490059, 40.29137256 ], [ -104.28617613, 40.33114689 ], [ -104.28823187, 40.33188665 ], [ -104.29337126, 40.33114689 ], [ -104.32800618, 40.32690134 ], [ -104.36778048, 40.31316447 ], [ -104.40755479, 40.29179401 ], [ -104.40812653, 40.29137256 ], [ -104.4473291, 40.2665747 ], [ -104.46487641, 40.25159827 ], [ -104.4871034, 40.2355089 ], [ -104.51222528, 40.21182397 ], [ -104.52687771, 40.20022818 ], [ -104.55464252, 40.17204965 ], [ -104.56665201, 40.16197876 ], [ -104.59466906, 40.13227535 ], [ -104.60642632, 40.12218466 ], [ -104.63383361, 40.09250103 ], [ -104.64620064, 40.08202922 ], [ -104.67280783, 40.05272673 ], [ -104.68597495, 40.03367265 ], [ -104.69997422, 40.01295244 ], [ -104.70060417, 39.97317811 ], [ -104.68597495, 39.94372672 ], [ -104.68240043, 39.93340382 ], [ -104.68489173, 39.8936295 ], [ -104.68597495, 39.89208839 ], [ -104.72574926, 39.86288119 ], [ -104.7415918, 39.8538552 ], [ -104.76552356, 39.84187796 ], [ -104.80529787, 39.82125504 ], [ -104.81847146, 39.8140809 ], [ -104.84507217, 39.80078055 ], [ -104.88484648, 39.77930187 ], [ -104.89371284, 39.77430658 ], [ -104.92462078, 39.75374154 ], [ -104.95389205, 39.73453228 ], [ -104.96439509, 39.72647515 ], [ -105.00416939, 39.69795187 ], [ -105.00885675, 39.69475799 ], [ -105.0439437, 39.66848835 ], [ -105.06304223, 39.65498367 ], [ -105.083718, 39.63921598 ], [ -105.11707783, 39.61520937 ], [ -105.12349231, 39.6102899 ], [ -105.16326661, 39.58167011 ], [ -105.17235406, 39.57543505 ], [ -105.20304092, 39.55345144 ], [ -105.22901756, 39.53566075 ], [ -105.24281522, 39.52588238 ], [ -105.28258953, 39.49892481 ], [ -105.28724904, 39.49588645 ], [ -105.32236386, 39.47247653 ], [ -105.34776284, 39.45611213 ], [ -105.36213816, 39.44668141 ], [ -105.40191247, 39.42160861 ], [ -105.41050697, 39.41633783 ], [ -105.44168677, 39.39712822 ], [ -105.47609307, 39.37656351 ], [ -105.48146108, 39.37333278 ], [ -105.52123538, 39.35016127 ], [ -105.54482677, 39.33678922 ], [ -105.56100969, 39.32761644 ], [ -105.57095531, 39.29701492 ], [ -105.5709729, 39.29701492 ], [ -105.60078399, 39.32683013 ], [ -105.61074307, 39.33678922 ], [ -105.61074047, 39.37656351 ], [ -105.6405583, 39.40638458 ], [ -105.65051153, 39.41633783 ], [ -105.65051023, 39.45611213 ], [ -105.65050928, 39.49588645 ], [ -105.6803326, 39.52571085 ], [ -105.69028252, 39.53566075 ], [ -105.69028205, 39.57543505 ], [ -105.72010691, 39.60526047 ], [ -105.7300558, 39.61520937 ], [ -105.73005557, 39.65498367 ], [ -105.75988121, 39.68480962 ], [ -105.76982959, 39.69475799 ], [ -105.7698295, 39.73453228 ], [ -105.79965552, 39.76435847 ], [ -105.80960364, 39.77430658 ], [ -105.80960362, 39.8140809 ], [ -105.83942982, 39.84390721 ], [ -105.84937783, 39.8538552 ], [ -105.84937786, 39.8936295 ], [ -105.87920413, 39.92345585 ], [ -105.88915209, 39.93340382 ], [ -105.88915214, 39.97317811 ], [ -105.91897844, 40.00300447 ], [ -105.9289264, 40.01295244 ], [ -105.92892647, 40.05272673 ], [ -105.95875274, 40.08255307 ], [ -105.96870073, 40.09250103 ], [ -105.9687008, 40.13227535 ], [ -105.99852705, 40.16210166 ], [ -106.00847505, 40.17204965 ], [ -106.00847512, 40.21182397 ], [ -106.03830137, 40.24165023 ], [ -106.04824941, 40.25159827 ], [ -106.04824945, 40.29137256 ], [ -106.04824952, 40.33114689 ], [ -106.07807568, 40.36097305 ], [ -106.0880238, 40.37092118 ], [ -106.08802385, 40.4106955 ], [ -106.11784998, 40.44052162 ], [ -106.12779816, 40.4504698 ], [ -106.1277982, 40.4902441 ], [ -106.15762429, 40.52007014 ], [ -106.16757253, 40.53001842 ], [ -106.1675726, 40.56979272 ], [ -106.1973986, 40.59961867 ], [ -106.20734695, 40.60956704 ], [ -106.20734702, 40.64934134 ], [ -106.2371729, 40.67916712 ], [ -106.24712142, 40.68911563 ], [ -106.24712151, 40.72888995 ], [ -106.27694721, 40.75871552 ], [ -106.28689593, 40.76866425 ], [ -106.28689603, 40.80843855 ], [ -106.31672151, 40.83826388 ], [ -106.32667052, 40.84821287 ], [ -106.32667063, 40.88798717 ], [ -106.35649582, 40.91781216 ], [ -106.36644515, 40.92776149 ], [ -106.36644529, 40.96753579 ], [ -106.39627012, 40.99736037 ], [ -106.40621985, 41.00731008 ], [ -106.40622001, 41.0470844 ], [ -106.43604443, 41.07690854 ], [ -106.44599459, 41.0868587 ], [ -106.44599478, 41.12663302 ], [ -106.47581873, 41.15645663 ], [ -106.48576943, 41.16640732 ], [ -106.48576964, 41.20618162 ], [ -106.48576985, 41.24595594 ], [ -106.51559304, 41.27577873 ], [ -106.52554455, 41.28573023 ], [ -106.52554478, 41.32550456 ], [ -106.55536734, 41.35532668 ], [ -106.56531953, 41.36527885 ], [ -106.56531978, 41.40505315 ], [ -106.59514165, 41.43487455 ], [ -106.60509458, 41.44482747 ], [ -106.60509486, 41.48460177 ], [ -106.63491595, 41.51442236 ], [ -106.64486967, 41.52437607 ], [ -106.64486997, 41.56415039 ], [ -106.67469026, 41.59397014 ], [ -106.68464484, 41.60392468 ], [ -106.68464514, 41.64369901 ], [ -106.71446459, 41.67351785 ], [ -106.72442002, 41.6834733 ], [ -106.72442035, 41.7232476 ], [ -106.75423889, 41.75306551 ], [ -106.76419528, 41.76302192 ], [ -106.76419563, 41.80279622 ], [ -106.7940132, 41.83261315 ], [ -106.80397058, 41.84257054 ], [ -106.80397093, 41.88234484 ], [ -106.8337875, 41.91216074 ], [ -106.84374591, 41.92211913 ], [ -106.84374626, 41.96189346 ], [ -106.87356181, 41.9917083 ], [ -106.88352126, 42.00166775 ], [ -106.88352163, 42.04144207 ], [ -106.88352202, 42.08121637 ], [ -106.91333611, 42.11102976 ], [ -106.92329703, 42.12099067 ], [ -106.92329742, 42.16076499 ] ], [ [ -97.32399259, 37.02987943 ], [ -97.32254235, 37.06965375 ], [ -97.31049613, 37.10942804 ], [ -97.28795392, 37.13907109 ], [ -97.27528989, 37.14920236 ], [ -97.24817962, 37.15488734 ], [ -97.20840531, 37.15008326 ], [ -97.20702216, 37.14920236 ], [ -97.168631, 37.12351787 ], [ -97.16046549, 37.10942804 ], [ -97.15353423, 37.06965375 ], [ -97.168631, 37.03279993 ], [ -97.17261283, 37.02987943 ], [ -97.20840531, 36.99910096 ], [ -97.22594336, 36.99010513 ], [ -97.24817962, 36.97621478 ], [ -97.28795392, 36.97315389 ], [ -97.31083803, 36.99010513 ], [ -97.32399259, 37.02987943 ] ], [ [ -105.11927037, 41.84257054 ], [ -105.11804481, 41.88234484 ], [ -105.11598707, 41.92211913 ], [ -105.11226023, 41.96189346 ], [ -105.10788008, 42.00166775 ], [ -105.10206213, 42.04144207 ], [ -105.0951172, 42.08121637 ], [ -105.08561695, 42.12099067 ], [ -105.083718, 42.12706752 ], [ -105.07334995, 42.16076499 ], [ -105.05904363, 42.20053929 ], [ -105.0439437, 42.23613208 ], [ -105.04216972, 42.24031361 ], [ -105.02409024, 42.28008791 ], [ -105.00416939, 42.31574307 ], [ -105.00202629, 42.3198622 ], [ -104.98223787, 42.35963652 ], [ -104.96439509, 42.39028934 ], [ -104.95916366, 42.39941082 ], [ -104.93502887, 42.43918512 ], [ -104.92462078, 42.45514429 ], [ -104.90931117, 42.47895944 ], [ -104.88484648, 42.51539616 ], [ -104.88260555, 42.51873374 ], [ -104.85462715, 42.55850806 ], [ -104.84507217, 42.57155419 ], [ -104.8254965, 42.59828235 ], [ -104.80529787, 42.62484004 ], [ -104.79538534, 42.63805665 ], [ -104.76552356, 42.67457603 ], [ -104.76299792, 42.67783097 ], [ -104.73231825, 42.71760527 ], [ -104.72574926, 42.72546647 ], [ -104.69944231, 42.75737959 ], [ -104.68597495, 42.77295124 ], [ -104.66532209, 42.79715389 ], [ -104.64620064, 42.81888273 ], [ -104.63032057, 42.83692819 ], [ -104.60642632, 42.86290028 ], [ -104.59405803, 42.87670251 ], [ -104.56665201, 42.90601174 ], [ -104.55686651, 42.9164768 ], [ -104.52687771, 42.94810875 ], [ -104.5191583, 42.95625113 ], [ -104.4871034, 42.98960583 ], [ -104.4810131, 42.99602542 ], [ -104.4473291, 43.03105659 ], [ -104.44276836, 43.03579972 ], [ -104.40755479, 43.07194019 ], [ -104.40405892, 43.07557404 ], [ -104.36778048, 43.11328432 ], [ -104.36579487, 43.11534834 ], [ -104.32800618, 43.15272349 ], [ -104.3256656, 43.15512266 ], [ -104.2896555, 43.19489696 ], [ -104.28823187, 43.19635622 ], [ -104.25085299, 43.23467125 ], [ -104.24845757, 43.23709631 ], [ -104.21022165, 43.27444558 ], [ -104.20868326, 43.27600369 ], [ -104.17095092, 43.31421987 ], [ -104.16890896, 43.31626185 ], [ -104.13069277, 43.35399417 ], [ -104.12913465, 43.35551334 ], [ -104.08936035, 43.39145616 ], [ -104.08680096, 43.39376849 ], [ -104.04958604, 43.42816871 ], [ -104.04327731, 43.43354279 ], [ -104.00981174, 43.46136362 ], [ -103.99454814, 43.47331711 ], [ -103.97003743, 43.49228377 ], [ -103.94138448, 43.51309141 ], [ -103.9302631, 43.52107265 ], [ -103.8904888, 43.54740543 ], [ -103.8815257, 43.5528657 ], [ -103.85071449, 43.5714224 ], [ -103.81327724, 43.59264003 ], [ -103.81094019, 43.59388167 ], [ -103.77116588, 43.61082188 ], [ -103.73139158, 43.62651424 ], [ -103.71290468, 43.63241432 ], [ -103.69161727, 43.63899811 ], [ -103.65184297, 43.64890911 ], [ -103.61206866, 43.65606485 ], [ -103.57229436, 43.66035411 ], [ -103.53252005, 43.66142948 ], [ -103.49274575, 43.65966712 ], [ -103.45297144, 43.65511221 ], [ -103.41319714, 43.64726427 ], [ -103.37342283, 43.63634496 ], [ -103.36252428, 43.63241432 ], [ -103.33364853, 43.62216802 ], [ -103.29387422, 43.60428343 ], [ -103.2709401, 43.59264003 ], [ -103.25409989, 43.5841557 ], [ -103.21432559, 43.56305028 ], [ -103.1957701, 43.5528657 ], [ -103.17455128, 43.54130625 ], [ -103.13477698, 43.51866444 ], [ -103.12518294, 43.51309141 ], [ -103.09500267, 43.49568817 ], [ -103.05762653, 43.47331711 ], [ -103.05522837, 43.47189211 ], [ -103.01545406, 43.44794518 ], [ -102.99237755, 43.43354279 ], [ -102.97567976, 43.42312146 ], [ -102.93590545, 43.39770551 ], [ -102.93002059, 43.39376849 ], [ -102.89613114, 43.37093531 ], [ -102.87200298, 43.35399417 ], [ -102.85635684, 43.34216995 ], [ -102.82245451, 43.31421987 ], [ -102.81658253, 43.3089351 ], [ -102.7818031, 43.27444558 ], [ -102.77680823, 43.26904202 ], [ -102.74749978, 43.23467125 ], [ -102.73703392, 43.22130389 ], [ -102.71798322, 43.19489696 ], [ -102.69725962, 43.16403217 ], [ -102.69171325, 43.15512266 ], [ -102.66819915, 43.11534834 ], [ -102.65748531, 43.09662996 ], [ -102.64617753, 43.07557404 ], [ -102.62506291, 43.03579972 ], [ -102.61771101, 43.02226551 ], [ -102.60388389, 42.99602542 ], [ -102.58156105, 42.95625113 ], [ -102.57793668, 42.95030722 ], [ -102.55718179, 42.9164768 ], [ -102.53816237, 42.88451624 ], [ -102.53406546, 42.87670251 ], [ -102.51617002, 42.83692819 ], [ -102.49941764, 42.79715389 ], [ -102.49838807, 42.79460002 ], [ -102.48383999, 42.75737959 ], [ -102.4689439, 42.71760527 ], [ -102.45861376, 42.68850614 ], [ -102.45491654, 42.67783097 ], [ -102.4419667, 42.63805665 ], [ -102.42981413, 42.59828235 ], [ -102.41883946, 42.56162732 ], [ -102.41793515, 42.55850806 ], [ -102.40819829, 42.51873374 ], [ -102.39867232, 42.47895944 ], [ -102.39019205, 42.43918512 ], [ -102.38235546, 42.39941082 ], [ -102.37906515, 42.38057387 ], [ -102.37545526, 42.35963652 ], [ -102.36932198, 42.3198622 ], [ -102.3638337, 42.28008791 ], [ -102.35885093, 42.24031361 ], [ -102.35429428, 42.20053929 ], [ -102.35012992, 42.16076499 ], [ -102.34618072, 42.12099067 ], [ -102.34202086, 42.08121637 ], [ -102.33929085, 42.0569108 ], [ -102.33761416, 42.04144207 ], [ -102.3331536, 42.00166775 ], [ -102.32836226, 41.96189346 ], [ -102.32286644, 41.92211913 ], [ -102.31653624, 41.88234484 ], [ -102.30914706, 41.84257054 ], [ -102.300352, 41.80279622 ], [ -102.29951654, 41.79946623 ], [ -102.29089134, 41.76302192 ], [ -102.27955234, 41.7232476 ], [ -102.26562652, 41.6834733 ], [ -102.25974224, 41.6696581 ], [ -102.24930409, 41.64369901 ], [ -102.2292652, 41.60392468 ], [ -102.21996793, 41.58917161 ], [ -102.20499105, 41.56415039 ], [ -102.18019363, 41.5315159 ], [ -102.17500994, 41.52437607 ], [ -102.14041932, 41.48567712 ], [ -102.13949607, 41.48460177 ], [ -102.10064502, 41.4474611 ], [ -102.0979947, 41.44482747 ], [ -102.06087071, 41.4140369 ], [ -102.05046703, 41.40505315 ], [ -102.02109641, 41.38362758 ], [ -101.99689966, 41.36527885 ], [ -101.9813221, 41.35518885 ], [ -101.9415478, 41.32831362 ], [ -101.93765449, 41.32550456 ], [ -101.90177347, 41.30316986 ], [ -101.87553216, 41.28573023 ], [ -101.86199916, 41.27784373 ], [ -101.82222486, 41.25185747 ], [ -101.81472031, 41.24595594 ], [ -101.78245055, 41.21634971 ], [ -101.77456154, 41.20618162 ], [ -101.75360116, 41.16640732 ], [ -101.77664207, 41.12663302 ], [ -101.78245055, 41.12267153 ], [ -101.82222486, 41.09581946 ], [ -101.83613197, 41.0868587 ], [ -101.86199916, 41.07369187 ], [ -101.90177347, 41.05688586 ], [ -101.9415478, 41.04924536 ], [ -101.96605667, 41.0470844 ], [ -101.9813221, 41.04579888 ], [ -102.02109641, 41.04280323 ], [ -102.06087071, 41.04338705 ], [ -102.07778599, 41.0470844 ], [ -102.10064502, 41.05466616 ], [ -102.14041932, 41.08588147 ], [ -102.14127821, 41.0868587 ], [ -102.18019363, 41.11260121 ], [ -102.2016573, 41.12663302 ], [ -102.21996793, 41.1385267 ], [ -102.25974224, 41.16336389 ], [ -102.26469851, 41.16640732 ], [ -102.29951654, 41.19183159 ], [ -102.32060862, 41.20618162 ], [ -102.33929085, 41.22117915 ], [ -102.37097444, 41.24595594 ], [ -102.37906515, 41.25348064 ], [ -102.41526215, 41.28573023 ], [ -102.41883946, 41.28978513 ], [ -102.45532287, 41.32550456 ], [ -102.45861376, 41.32958003 ], [ -102.49128363, 41.36527885 ], [ -102.49838807, 41.37344771 ], [ -102.5358706, 41.40505315 ], [ -102.53816237, 41.40693319 ], [ -102.57793668, 41.43437198 ], [ -102.5963508, 41.44482747 ], [ -102.61771101, 41.45752983 ], [ -102.65748531, 41.47791468 ], [ -102.67196136, 41.48460177 ], [ -102.69725962, 41.49690149 ], [ -102.73703392, 41.51332172 ], [ -102.76917643, 41.52437607 ], [ -102.77680823, 41.52717082 ], [ -102.81658253, 41.53643307 ], [ -102.85635684, 41.53890409 ], [ -102.89613114, 41.5302882 ], [ -102.90557611, 41.52437607 ], [ -102.93590545, 41.49846974 ], [ -102.94420028, 41.48460177 ], [ -102.9587851, 41.44482747 ], [ -102.96631602, 41.40505315 ], [ -102.97213749, 41.36527885 ], [ -102.97567976, 41.34195056 ], [ -102.9785014, 41.32550456 ], [ -102.98657917, 41.28573023 ], [ -102.99715665, 41.24595594 ], [ -103.01141268, 41.20618162 ], [ -103.01545406, 41.20093658 ], [ -103.0349936, 41.16640732 ], [ -103.04559583, 41.12663302 ], [ -103.04814781, 41.0868587 ], [ -103.04777539, 41.0470844 ], [ -103.04640628, 41.00731008 ], [ -103.04494818, 40.96753579 ], [ -103.04338551, 40.92776149 ], [ -103.0414178, 40.88798717 ], [ -103.03859961, 40.84821287 ], [ -103.03406095, 40.80843855 ], [ -103.02620317, 40.76866425 ], [ -103.01545406, 40.73831359 ], [ -103.00962845, 40.72888995 ], [ -102.97567976, 40.69971575 ], [ -102.93590545, 40.69563221 ], [ -102.89613114, 40.70258989 ], [ -102.85635684, 40.7195161 ], [ -102.84211917, 40.72888995 ], [ -102.81658253, 40.7409205 ], [ -102.77680823, 40.76476115 ], [ -102.7714579, 40.76866425 ], [ -102.73703392, 40.7881165 ], [ -102.7053437, 40.80843855 ], [ -102.69725962, 40.81259374 ], [ -102.65748531, 40.83512432 ], [ -102.63554439, 40.84821287 ], [ -102.61771101, 40.85753577 ], [ -102.57793668, 40.87838254 ], [ -102.55896651, 40.88798717 ], [ -102.53816237, 40.89783745 ], [ -102.49838807, 40.9119129 ], [ -102.45861376, 40.92059919 ], [ -102.41883946, 40.92456117 ], [ -102.37906515, 40.92629359 ], [ -102.33929085, 40.92728398 ], [ -102.3195273, 40.92776149 ], [ -102.29951654, 40.92821973 ], [ -102.2694995, 40.92776149 ], [ -102.25974224, 40.92762342 ], [ -102.21996793, 40.92418735 ], [ -102.18019363, 40.91448877 ], [ -102.14604908, 40.88798717 ], [ -102.14041932, 40.88368595 ], [ -102.11665699, 40.84821287 ], [ -102.10064502, 40.82485783 ], [ -102.09250795, 40.80843855 ], [ -102.06774907, 40.76866425 ], [ -102.06087071, 40.76049412 ], [ -102.03460065, 40.72888995 ], [ -102.02109641, 40.71401642 ], [ -102.00060672, 40.68911563 ], [ -101.9813221, 40.66396046 ], [ -101.96866882, 40.64934134 ], [ -101.9415478, 40.61153703 ], [ -101.93972838, 40.60956704 ], [ -101.91030001, 40.56979272 ], [ -101.90177347, 40.55682094 ], [ -101.87911566, 40.53001842 ], [ -101.86199916, 40.50671601 ], [ -101.84635087, 40.4902441 ], [ -101.82222486, 40.46117662 ], [ -101.81068376, 40.4504698 ], [ -101.78245055, 40.42075737 ], [ -101.76993733, 40.4106955 ], [ -101.74267625, 40.38602078 ], [ -101.72070297, 40.37092118 ], [ -101.70290194, 40.35713311 ], [ -101.66312764, 40.33330966 ], [ -101.65930671, 40.33114689 ], [ -101.62335333, 40.30924642 ], [ -101.59163138, 40.29137256 ], [ -101.58357903, 40.28655417 ], [ -101.54380472, 40.25713498 ], [ -101.53700211, 40.25159827 ], [ -101.50403041, 40.22430046 ], [ -101.48742684, 40.21182397 ], [ -101.46425611, 40.1932021 ], [ -101.4244818, 40.17266383 ], [ -101.42252734, 40.17204965 ], [ -101.3847075, 40.15559032 ], [ -101.34493319, 40.15169923 ], [ -101.30515889, 40.15580999 ], [ -101.26538458, 40.16656915 ], [ -101.25313649, 40.17204965 ], [ -101.22561028, 40.17856513 ], [ -101.18583595, 40.19064946 ], [ -101.14606164, 40.2030871 ], [ -101.10628734, 40.21014248 ], [ -101.06651303, 40.20348986 ], [ -101.02673873, 40.17832141 ], [ -101.02003267, 40.17204965 ], [ -100.99804258, 40.13227535 ], [ -100.99520135, 40.09250103 ], [ -100.9970165, 40.05272673 ], [ -101.00811288, 40.01295244 ], [ -101.02673873, 39.97899845 ], [ -101.03737951, 39.97317811 ], [ -101.06651303, 39.95832944 ], [ -101.10628734, 39.95232603 ], [ -101.14606164, 39.95172453 ], [ -101.18583595, 39.95475716 ], [ -101.22561028, 39.96226502 ], [ -101.26252792, 39.97317811 ], [ -101.26538458, 39.97417683 ], [ -101.30515889, 39.98979841 ], [ -101.34493319, 40.00634394 ], [ -101.36264394, 40.01295244 ], [ -101.3847075, 40.02475113 ], [ -101.4244818, 40.03926052 ], [ -101.46425611, 40.04749551 ], [ -101.50403041, 40.05070868 ], [ -101.54380472, 40.04313438 ], [ -101.58357903, 40.02811428 ], [ -101.62335333, 40.02105453 ], [ -101.66312764, 40.02319177 ], [ -101.70290194, 40.0298352 ], [ -101.74267625, 40.03868911 ], [ -101.78245055, 40.0489695 ], [ -101.79589505, 40.05272673 ], [ -101.82222486, 40.06013478 ], [ -101.86199916, 40.07073073 ], [ -101.90177347, 40.08037388 ], [ -101.9415478, 40.08890943 ], [ -101.96086621, 40.09250103 ], [ -101.9813221, 40.09614996 ], [ -102.02109641, 40.10129939 ], [ -102.06087071, 40.10474142 ], [ -102.10064502, 40.10668627 ], [ -102.14041932, 40.10753455 ], [ -102.18019363, 40.10738643 ], [ -102.21996793, 40.10598172 ], [ -102.25974224, 40.10295222 ], [ -102.29951654, 40.09845678 ], [ -102.33746605, 40.09250103 ], [ -102.33929085, 40.09219975 ], [ -102.37906515, 40.08549477 ], [ -102.41883946, 40.0780415 ], [ -102.45861376, 40.06966314 ], [ -102.49838807, 40.05948088 ], [ -102.51994401, 40.05272673 ], [ -102.53816237, 40.04611472 ], [ -102.57793668, 40.02781296 ], [ -102.60237412, 40.01295244 ], [ -102.61771101, 40.00077315 ], [ -102.64436526, 39.97317811 ], [ -102.65748531, 39.95139382 ], [ -102.66596057, 39.93340382 ], [ -102.674646, 39.8936295 ], [ -102.67670481, 39.8538552 ], [ -102.67590895, 39.8140809 ], [ -102.67381438, 39.77430658 ], [ -102.67188312, 39.73453228 ], [ -102.67097166, 39.69475799 ], [ -102.6724611, 39.65498367 ], [ -102.67865496, 39.61520937 ], [ -102.69725962, 39.58026105 ], [ -102.69994278, 39.57543505 ], [ -102.73703392, 39.54688644 ], [ -102.75707339, 39.53566075 ], [ -102.77680823, 39.52992884 ], [ -102.81658253, 39.5226423 ], [ -102.85635684, 39.51967687 ], [ -102.89613114, 39.5197467 ], [ -102.93590545, 39.52176174 ], [ -102.97567976, 39.52385846 ], [ -103.01545406, 39.52545969 ], [ -103.05522837, 39.52634434 ], [ -103.09500267, 39.51981536 ], [ -103.13477698, 39.50502669 ], [ -103.17455128, 39.52240066 ], [ -103.18402879, 39.53566075 ], [ -103.20717655, 39.57543505 ], [ -103.21432559, 39.5899139 ], [ -103.23009289, 39.61520937 ], [ -103.25076038, 39.65498367 ], [ -103.25409989, 39.66281381 ], [ -103.27202395, 39.69475799 ], [ -103.29073186, 39.73453228 ], [ -103.29387422, 39.7433927 ], [ -103.30881673, 39.77430658 ], [ -103.3237091, 39.8140809 ], [ -103.33364853, 39.85105822 ], [ -103.33471796, 39.8538552 ], [ -103.34166632, 39.8936295 ], [ -103.34123521, 39.93340382 ], [ -103.33364853, 39.96346439 ], [ -103.33036938, 39.97317811 ], [ -103.30320695, 40.01295244 ], [ -103.29387422, 40.02464945 ], [ -103.25409989, 40.05184642 ], [ -103.25208126, 40.05272673 ], [ -103.21432559, 40.07976137 ], [ -103.17992839, 40.09250103 ], [ -103.17867913, 40.13227535 ], [ -103.17890931, 40.17204965 ], [ -103.17975509, 40.21182397 ], [ -103.18883609, 40.25159827 ], [ -103.20447426, 40.29137256 ], [ -103.21432559, 40.30527985 ], [ -103.25409989, 40.32532942 ], [ -103.26993188, 40.33114689 ], [ -103.29387422, 40.33720922 ], [ -103.33364853, 40.33938692 ], [ -103.37342283, 40.34219479 ], [ -103.41319714, 40.34658367 ], [ -103.45297144, 40.35197696 ], [ -103.49274575, 40.35896399 ], [ -103.53252005, 40.3672829 ], [ -103.54692744, 40.37092118 ], [ -103.57229436, 40.37616227 ], [ -103.61206866, 40.3861299 ], [ -103.65184297, 40.39862577 ], [ -103.68081018, 40.4106955 ], [ -103.69161727, 40.41556756 ], [ -103.73139158, 40.4385189 ], [ -103.74888085, 40.4504698 ], [ -103.77116588, 40.46636002 ], [ -103.80168413, 40.4902441 ], [ -103.81094019, 40.4972445 ], [ -103.8445619, 40.53001842 ], [ -103.85071449, 40.54232359 ], [ -103.85746537, 40.56979272 ], [ -103.85735086, 40.60956704 ], [ -103.8525237, 40.64934134 ], [ -103.85071449, 40.66043099 ], [ -103.84570166, 40.68911563 ], [ -103.84621751, 40.72888995 ], [ -103.85071449, 40.74687785 ], [ -103.86039732, 40.76866425 ], [ -103.8904888, 40.80389337 ], [ -103.89586442, 40.80843855 ], [ -103.9302631, 40.83513597 ], [ -103.94995176, 40.84821287 ], [ -103.97003743, 40.86207039 ], [ -104.00808323, 40.88798717 ], [ -104.00981174, 40.88923345 ], [ -104.04958604, 40.91642726 ], [ -104.06581782, 40.92776149 ], [ -104.08936035, 40.94494111 ], [ -104.12679338, 40.96753579 ], [ -104.12913465, 40.96898823 ], [ -104.16890896, 40.98961212 ], [ -104.20575521, 41.00731008 ], [ -104.20868326, 41.00874472 ], [ -104.24845757, 41.02483588 ], [ -104.28823187, 41.04063366 ], [ -104.30549173, 41.0470844 ], [ -104.32800618, 41.05594659 ], [ -104.36778048, 41.0710993 ], [ -104.40755479, 41.08550834 ], [ -104.41135269, 41.0868587 ], [ -104.4473291, 41.10056375 ], [ -104.4871034, 41.11531171 ], [ -104.51767174, 41.12663302 ], [ -104.52687771, 41.13031532 ], [ -104.56665201, 41.14621722 ], [ -104.60642632, 41.16245434 ], [ -104.61578175, 41.16640732 ], [ -104.64620064, 41.18023426 ], [ -104.68597495, 41.19856993 ], [ -104.70195939, 41.20618162 ], [ -104.72574926, 41.21848681 ], [ -104.76552356, 41.23952395 ], [ -104.77677957, 41.24595594 ], [ -104.80529787, 41.26384972 ], [ -104.83911309, 41.28573023 ], [ -104.84507217, 41.29000514 ], [ -104.88484648, 41.31990265 ], [ -104.89193121, 41.32550456 ], [ -104.92462078, 41.35400312 ], [ -104.93683601, 41.36527885 ], [ -104.96439509, 41.39445942 ], [ -104.97387373, 41.40505315 ], [ -105.00416939, 41.44007179 ], [ -105.00790296, 41.44482747 ], [ -105.03168579, 41.48460177 ], [ -105.0439437, 41.50698584 ], [ -105.05324538, 41.52437607 ], [ -105.07050934, 41.56415039 ], [ -105.083718, 41.59405684 ], [ -105.0876503, 41.60392468 ], [ -105.09675118, 41.64369901 ], [ -105.10524097, 41.6834733 ], [ -105.11183765, 41.7232476 ], [ -105.11602963, 41.76302192 ], [ -105.11837794, 41.80279622 ], [ -105.11927037, 41.84257054 ] ], [ [ -97.63327217, 37.9844628 ], [ -97.63069328, 38.0242371 ], [ -97.60825614, 38.06401142 ], [ -97.60614836, 38.06607165 ], [ -97.56637406, 38.09386251 ], [ -97.54779372, 38.10378571 ], [ -97.52659975, 38.11618984 ], [ -97.48682545, 38.10636716 ], [ -97.48519634, 38.10378571 ], [ -97.45806184, 38.06401142 ], [ -97.44705114, 38.04141879 ], [ -97.44144984, 38.0242371 ], [ -97.43279792, 37.9844628 ], [ -97.43295873, 37.94468848 ], [ -97.44705114, 37.90545676 ], [ -97.4476831, 37.90491418 ], [ -97.48682545, 37.87537154 ], [ -97.52048524, 37.86513988 ], [ -97.52659975, 37.86271064 ], [ -97.5409484, 37.86513988 ], [ -97.56637406, 37.86955407 ], [ -97.60446778, 37.90491418 ], [ -97.60614836, 37.90690803 ], [ -97.62426152, 37.94468848 ], [ -97.63327217, 37.9844628 ] ], [ [ -100.57206516, 39.8140809 ], [ -100.56606213, 39.8538552 ], [ -100.54944707, 39.87077581 ], [ -100.51480827, 39.8936295 ], [ -100.50967274, 39.89566528 ], [ -100.46989843, 39.91208294 ], [ -100.43012413, 39.93282131 ], [ -100.42919568, 39.93340382 ], [ -100.39034982, 39.95220875 ], [ -100.35057552, 39.972608 ], [ -100.34948939, 39.97317811 ], [ -100.31080121, 39.99039706 ], [ -100.27102691, 40.00701908 ], [ -100.25589755, 40.01295244 ], [ -100.2312526, 40.02393687 ], [ -100.1914783, 40.03940456 ], [ -100.15170399, 40.05184757 ], [ -100.14803905, 40.05272673 ], [ -100.11192969, 40.0627953 ], [ -100.07215538, 40.07002229 ], [ -100.03238107, 40.0739285 ], [ -99.99260677, 40.0754239 ], [ -99.95283246, 40.07527627 ], [ -99.91305816, 40.07402747 ], [ -99.87328385, 40.07148351 ], [ -99.83350953, 40.06468819 ], [ -99.79847468, 40.05272673 ], [ -99.79373522, 40.0507571 ], [ -99.75396091, 40.02554975 ], [ -99.73831485, 40.01295244 ], [ -99.71418661, 39.9931233 ], [ -99.68333123, 39.97317811 ], [ -99.6744123, 39.96794091 ], [ -99.634638, 39.94984267 ], [ -99.59486369, 39.93509701 ], [ -99.58967383, 39.93340382 ], [ -99.55508939, 39.92265793 ], [ -99.51531508, 39.9111948 ], [ -99.47554078, 39.89976554 ], [ -99.45533913, 39.8936295 ], [ -99.43576647, 39.88777346 ], [ -99.39599217, 39.87554057 ], [ -99.35621786, 39.86288727 ], [ -99.32894044, 39.8538552 ], [ -99.31644356, 39.8496331 ], [ -99.27666925, 39.83565882 ], [ -99.23689495, 39.82107707 ], [ -99.2190287, 39.8140809 ], [ -99.19712064, 39.80515536 ], [ -99.15734631, 39.78761073 ], [ -99.13001886, 39.77430658 ], [ -99.11757201, 39.76785806 ], [ -99.0777977, 39.7453947 ], [ -99.05932951, 39.73453228 ], [ -99.0380234, 39.7209164 ], [ -98.99876149, 39.69475799 ], [ -98.99824909, 39.69435185 ], [ -98.95847479, 39.66106191 ], [ -98.95151392, 39.65498367 ], [ -98.91870048, 39.61909031 ], [ -98.91522708, 39.61520937 ], [ -98.88736952, 39.57543505 ], [ -98.87892618, 39.55994697 ], [ -98.86434549, 39.53566075 ], [ -98.845533, 39.49588645 ], [ -98.83915187, 39.47843116 ], [ -98.82917954, 39.45611213 ], [ -98.81528182, 39.41633783 ], [ -98.80257444, 39.37656351 ], [ -98.79937757, 39.36813342 ], [ -98.78242845, 39.33678922 ], [ -98.75960326, 39.31575583 ], [ -98.71982896, 39.29892125 ], [ -98.70969201, 39.29701492 ], [ -98.68005465, 39.29217772 ], [ -98.64028035, 39.28546664 ], [ -98.60050604, 39.27329922 ], [ -98.56895648, 39.2572406 ], [ -98.56073173, 39.2532975 ], [ -98.52095743, 39.23384369 ], [ -98.48590089, 39.2174663 ], [ -98.4811831, 39.2151934 ], [ -98.4414088, 39.2014822 ], [ -98.40163449, 39.18841762 ], [ -98.36759236, 39.17769198 ], [ -98.36186019, 39.17567404 ], [ -98.32208588, 39.16326865 ], [ -98.28231157, 39.14878556 ], [ -98.25451004, 39.13791768 ], [ -98.24253727, 39.13163929 ], [ -98.20276296, 39.11041585 ], [ -98.18060446, 39.09814338 ], [ -98.16298866, 39.08304417 ], [ -98.1306027, 39.05836906 ], [ -98.12321435, 39.04654757 ], [ -98.09890709, 39.01859477 ], [ -98.11321997, 38.97882044 ], [ -98.12321435, 38.96416211 ], [ -98.13620546, 38.93904615 ], [ -98.16120953, 38.89927185 ], [ -98.16298866, 38.89686194 ], [ -98.18877597, 38.85949753 ], [ -98.20276296, 38.83895435 ], [ -98.21415919, 38.81972323 ], [ -98.23893274, 38.77994893 ], [ -98.24253727, 38.77431107 ], [ -98.2619726, 38.74017461 ], [ -98.28231157, 38.70200417 ], [ -98.28302549, 38.70040032 ], [ -98.29992617, 38.66062599 ], [ -98.31374451, 38.6208517 ], [ -98.32208588, 38.58898776 ], [ -98.32378341, 38.5810774 ], [ -98.32996881, 38.54130308 ], [ -98.33365369, 38.50152878 ], [ -98.33617353, 38.46175446 ], [ -98.33893655, 38.42198016 ], [ -98.34412105, 38.38220587 ], [ -98.3540663, 38.34243155 ], [ -98.36186019, 38.31953274 ], [ -98.3676388, 38.30265725 ], [ -98.38374748, 38.26288293 ], [ -98.40163449, 38.23020659 ], [ -98.40667631, 38.22310863 ], [ -98.4414088, 38.18617785 ], [ -98.44716877, 38.18333433 ], [ -98.4811831, 38.16587966 ], [ -98.52095743, 38.15493884 ], [ -98.56073173, 38.1523698 ], [ -98.60050604, 38.16192134 ], [ -98.6321731, 38.18333433 ], [ -98.64028035, 38.18962521 ], [ -98.66825956, 38.22310863 ], [ -98.68005465, 38.24377348 ], [ -98.68957133, 38.26288293 ], [ -98.70509145, 38.30265725 ], [ -98.7187775, 38.34243155 ], [ -98.71982896, 38.34493328 ], [ -98.73523382, 38.38220587 ], [ -98.75646343, 38.42198016 ], [ -98.75960326, 38.42641802 ], [ -98.79187481, 38.46175446 ], [ -98.79937757, 38.46981224 ], [ -98.81838666, 38.50152878 ], [ -98.83915187, 38.53755731 ], [ -98.83988516, 38.54130308 ], [ -98.84577276, 38.5810774 ], [ -98.85111513, 38.6208517 ], [ -98.85996522, 38.66062599 ], [ -98.87892618, 38.69638535 ], [ -98.88125485, 38.70040032 ], [ -98.91870048, 38.73507215 ], [ -98.92887642, 38.74017461 ], [ -98.95847479, 38.75227523 ], [ -98.99824909, 38.75908704 ], [ -99.0380234, 38.75146387 ], [ -99.06630033, 38.74017461 ], [ -99.0777977, 38.73550149 ], [ -99.11757201, 38.7150988 ], [ -99.14047278, 38.70040032 ], [ -99.15734631, 38.68769554 ], [ -99.19712064, 38.66439545 ], [ -99.20710307, 38.66062599 ], [ -99.23689495, 38.6472432 ], [ -99.27666925, 38.63955778 ], [ -99.31644356, 38.64312366 ], [ -99.35621786, 38.65667328 ], [ -99.3639081, 38.66062599 ], [ -99.39599217, 38.67459362 ], [ -99.43576647, 38.69425181 ], [ -99.44811366, 38.70040032 ], [ -99.47554078, 38.71394795 ], [ -99.51531508, 38.73061011 ], [ -99.54579843, 38.74017461 ], [ -99.55508939, 38.74304758 ], [ -99.59486369, 38.75120848 ], [ -99.634638, 38.75450435 ], [ -99.6744123, 38.75291473 ], [ -99.71418661, 38.74629484 ], [ -99.74540373, 38.74017461 ], [ -99.75396091, 38.73864947 ], [ -99.79373522, 38.73177833 ], [ -99.83350953, 38.72654306 ], [ -99.87328385, 38.72674192 ], [ -99.91305816, 38.73563992 ], [ -99.92482078, 38.74017461 ], [ -99.95283246, 38.7540085 ], [ -99.98877642, 38.77994893 ], [ -99.99260677, 38.78352886 ], [ -100.03238107, 38.81867262 ], [ -100.03364444, 38.81972323 ], [ -100.07215538, 38.85410024 ], [ -100.07921442, 38.85949753 ], [ -100.11192969, 38.88787867 ], [ -100.12570746, 38.89927185 ], [ -100.15170399, 38.92487153 ], [ -100.16584261, 38.93904615 ], [ -100.1914783, 38.97121316 ], [ -100.19734733, 38.97882044 ], [ -100.22148555, 39.01859477 ], [ -100.2312526, 39.03898033 ], [ -100.24029757, 39.05836906 ], [ -100.25553211, 39.09814338 ], [ -100.26841444, 39.13791768 ], [ -100.27102691, 39.14738482 ], [ -100.27983622, 39.17769198 ], [ -100.29080558, 39.2174663 ], [ -100.30152337, 39.2572406 ], [ -100.31080121, 39.2926753 ], [ -100.31218125, 39.29701492 ], [ -100.32284797, 39.33678922 ], [ -100.33279821, 39.37656351 ], [ -100.34162194, 39.41633783 ], [ -100.34902005, 39.45611213 ], [ -100.35057552, 39.46793363 ], [ -100.35671906, 39.49588645 ], [ -100.36426248, 39.53566075 ], [ -100.37272179, 39.57543505 ], [ -100.39034982, 39.60732499 ], [ -100.43012413, 39.61201735 ], [ -100.43785855, 39.61520937 ], [ -100.46989843, 39.62083805 ], [ -100.50967274, 39.64701163 ], [ -100.51512734, 39.65498367 ], [ -100.5451604, 39.69475799 ], [ -100.54944707, 39.70180841 ], [ -100.56134657, 39.73453228 ], [ -100.56917109, 39.77430658 ], [ -100.57206516, 39.8140809 ] ], [ [ -97.8450444, 37.46739681 ], [ -97.84479422, 37.46957902 ], [ -97.84017235, 37.50717111 ], [ -97.82299693, 37.54694541 ], [ -97.80501989, 37.57375468 ], [ -97.79530668, 37.58671973 ], [ -97.76524558, 37.61991668 ], [ -97.75849835, 37.62649403 ], [ -97.72547128, 37.6565792 ], [ -97.71293858, 37.66626835 ], [ -97.68569697, 37.68836909 ], [ -97.65428348, 37.70604265 ], [ -97.64592267, 37.71181557 ], [ -97.60614836, 37.72127038 ], [ -97.57621023, 37.70604265 ], [ -97.56637406, 37.70163776 ], [ -97.53860973, 37.66626835 ], [ -97.52659975, 37.65210768 ], [ -97.51086426, 37.62649403 ], [ -97.48682545, 37.5879079 ], [ -97.48618703, 37.58671973 ], [ -97.46588136, 37.54694541 ], [ -97.45115671, 37.50717111 ], [ -97.44873374, 37.46739681 ], [ -97.4606257, 37.42762249 ], [ -97.48682545, 37.38799787 ], [ -97.48692784, 37.3878482 ], [ -97.52659975, 37.35049271 ], [ -97.53035855, 37.34807387 ], [ -97.56637406, 37.32891319 ], [ -97.60614836, 37.31874002 ], [ -97.64592267, 37.31233232 ], [ -97.68569697, 37.31340996 ], [ -97.72547128, 37.31522156 ], [ -97.76524558, 37.32453558 ], [ -97.79842645, 37.34807387 ], [ -97.80501989, 37.35888022 ], [ -97.82176222, 37.3878482 ], [ -97.83737104, 37.42762249 ], [ -97.84479422, 37.46620728 ], [ -97.8450444, 37.46739681 ] ], [ [ -99.72434136, 34.16612935 ], [ -99.71980112, 34.20590368 ], [ -99.71418661, 34.2275061 ], [ -99.70969708, 34.24567797 ], [ -99.69474487, 34.28545227 ], [ -99.67547478, 34.32522659 ], [ -99.6744123, 34.32698115 ], [ -99.64778441, 34.36500089 ], [ -99.634638, 34.38117954 ], [ -99.60999533, 34.40477521 ], [ -99.59486369, 34.41783684 ], [ -99.55508939, 34.43932522 ], [ -99.52986862, 34.44454951 ], [ -99.51531508, 34.4473707 ], [ -99.50013332, 34.44454951 ], [ -99.47554078, 34.43966614 ], [ -99.43576647, 34.42995998 ], [ -99.39599217, 34.4291466 ], [ -99.35621786, 34.43721732 ], [ -99.32605946, 34.44454951 ], [ -99.31644356, 34.44720524 ], [ -99.27666925, 34.45894185 ], [ -99.23689495, 34.46973511 ], [ -99.19712064, 34.4801945 ], [ -99.18188392, 34.4843238 ], [ -99.15734631, 34.4962599 ], [ -99.11757201, 34.51848452 ], [ -99.10606301, 34.52409812 ], [ -99.0777977, 34.53731237 ], [ -99.0380234, 34.54823759 ], [ -98.99824909, 34.54829391 ], [ -98.95847479, 34.52718459 ], [ -98.95628532, 34.52409812 ], [ -98.93342778, 34.4843238 ], [ -98.91870048, 34.45417801 ], [ -98.91546371, 34.44454951 ], [ -98.91870048, 34.43121404 ], [ -98.92576024, 34.40477521 ], [ -98.95847479, 34.37940955 ], [ -98.97060974, 34.36500089 ], [ -98.99253321, 34.32522659 ], [ -98.99824909, 34.31139548 ], [ -99.0069678, 34.28545227 ], [ -99.01897249, 34.24567797 ], [ -99.03643226, 34.20590368 ], [ -99.0380234, 34.20318961 ], [ -99.05976151, 34.16612935 ], [ -99.0777977, 34.1363314 ], [ -99.08409463, 34.12635506 ], [ -99.10984197, 34.08658074 ], [ -99.11757201, 34.07484274 ], [ -99.13690488, 34.04680644 ], [ -99.15734631, 34.0167772 ], [ -99.16462799, 34.00703214 ], [ -99.19502328, 33.96725782 ], [ -99.19712064, 33.9645439 ], [ -99.2286187, 33.92748352 ], [ -99.23689495, 33.91737472 ], [ -99.26392719, 33.8877092 ], [ -99.27666925, 33.87288394 ], [ -99.3008712, 33.8479349 ], [ -99.31644356, 33.83025094 ], [ -99.33884422, 33.80816061 ], [ -99.35621786, 33.7887362 ], [ -99.37809868, 33.76838629 ], [ -99.39599217, 33.74892949 ], [ -99.41990218, 33.72861199 ], [ -99.43576647, 33.71223283 ], [ -99.46727962, 33.68883769 ], [ -99.47554078, 33.68103822 ], [ -99.51531508, 33.65957233 ], [ -99.55508939, 33.65680241 ], [ -99.59449366, 33.68883769 ], [ -99.59486369, 33.68918555 ], [ -99.62081232, 33.72861199 ], [ -99.634638, 33.76031635 ], [ -99.63859174, 33.76838629 ], [ -99.6548225, 33.80816061 ], [ -99.6668464, 33.8479349 ], [ -99.6744123, 33.88196389 ], [ -99.67671687, 33.8877092 ], [ -99.68681596, 33.92748352 ], [ -99.69123069, 33.96725782 ], [ -99.68984474, 34.00703214 ], [ -99.69018532, 34.04680644 ], [ -99.71026517, 34.08658074 ], [ -99.71418661, 34.09733746 ], [ -99.7212094, 34.12635506 ], [ -99.72434136, 34.16612935 ] ], [ [ -98.26690785, 35.79687592 ], [ -98.26385593, 35.83665024 ], [ -98.25597523, 35.87642454 ], [ -98.24290853, 35.91619884 ], [ -98.24253727, 35.91687482 ], [ -98.20276296, 35.9368725 ], [ -98.16298866, 35.91918588 ], [ -98.15903691, 35.91619884 ], [ -98.12321435, 35.87880082 ], [ -98.12171148, 35.87642454 ], [ -98.11036765, 35.83665024 ], [ -98.11189295, 35.79687592 ], [ -98.12321435, 35.75936273 ], [ -98.12453676, 35.75710163 ], [ -98.15417055, 35.71732731 ], [ -98.16298866, 35.70686016 ], [ -98.20096156, 35.67755301 ], [ -98.20276296, 35.67602466 ], [ -98.21136378, 35.67755301 ], [ -98.24253727, 35.69017087 ], [ -98.25450129, 35.71732731 ], [ -98.26372991, 35.75710163 ], [ -98.26690785, 35.79687592 ] ], [ [ -99.5114078, 38.22310863 ], [ -99.5101592, 38.26288293 ], [ -99.48812059, 38.30265725 ], [ -99.47554078, 38.31375312 ], [ -99.44058313, 38.34243155 ], [ -99.43576647, 38.34603523 ], [ -99.39599217, 38.3624354 ], [ -99.35621786, 38.37043265 ], [ -99.31644356, 38.36392018 ], [ -99.27837402, 38.34243155 ], [ -99.27666925, 38.34131797 ], [ -99.23689495, 38.31281137 ], [ -99.21712465, 38.30265725 ], [ -99.19712064, 38.29410026 ], [ -99.15734631, 38.28627366 ], [ -99.11757201, 38.28123026 ], [ -99.0777977, 38.27378188 ], [ -99.04617137, 38.26288293 ], [ -99.0380234, 38.25552345 ], [ -99.01395492, 38.22310863 ], [ -99.00011866, 38.18333433 ], [ -98.99824909, 38.17598653 ], [ -98.98901511, 38.14356001 ], [ -98.97847448, 38.10378571 ], [ -98.97010247, 38.06401142 ], [ -98.96631038, 38.0242371 ], [ -98.97706429, 37.9844628 ], [ -98.99824909, 37.96710081 ], [ -99.0380234, 37.95173893 ], [ -99.0777977, 37.94778985 ], [ -99.11757201, 37.94613013 ], [ -99.13931232, 37.94468848 ], [ -99.15734631, 37.94337111 ], [ -99.19712064, 37.94038025 ], [ -99.23689495, 37.93723261 ], [ -99.27666925, 37.93666043 ], [ -99.31644356, 37.94216968 ], [ -99.32311367, 37.94468848 ], [ -99.35621786, 37.95668594 ], [ -99.39599217, 37.98130796 ], [ -99.39936919, 37.9844628 ], [ -99.43576647, 38.018919 ], [ -99.43973521, 38.0242371 ], [ -99.46662675, 38.06401142 ], [ -99.47554078, 38.0794977 ], [ -99.48615549, 38.10378571 ], [ -99.49946987, 38.14356001 ], [ -99.50795691, 38.18333433 ], [ -99.5114078, 38.22310863 ] ], [ [ -98.44599629, 35.12071273 ], [ -98.4414088, 35.14311819 ], [ -98.42441101, 35.16048702 ], [ -98.40256008, 35.20026132 ], [ -98.40163449, 35.20279858 ], [ -98.36186019, 35.2163553 ], [ -98.32208588, 35.20123274 ], [ -98.32064367, 35.20026132 ], [ -98.29294625, 35.16048702 ], [ -98.28745809, 35.12071273 ], [ -98.3090342, 35.08093841 ], [ -98.32208588, 35.07308494 ], [ -98.36186019, 35.06746104 ], [ -98.40163449, 35.07569866 ], [ -98.40841491, 35.08093841 ], [ -98.4414088, 35.10446819 ], [ -98.44599629, 35.12071273 ] ], [ [ -99.05270019, 38.54130308 ], [ -99.03854579, 38.5810774 ], [ -99.0380234, 38.58168957 ], [ -98.99824909, 38.61693539 ], [ -98.97276122, 38.6208517 ], [ -98.95847479, 38.62197475 ], [ -98.9575265, 38.6208517 ], [ -98.92908386, 38.5810774 ], [ -98.91870048, 38.5659296 ], [ -98.91024816, 38.54130308 ], [ -98.91870048, 38.50557626 ], [ -98.92277226, 38.50152878 ], [ -98.95847479, 38.47817133 ], [ -98.99824909, 38.4638018 ], [ -99.0380234, 38.48392508 ], [ -99.05004033, 38.50152878 ], [ -99.05270019, 38.54130308 ] ], [ [ -98.47083317, 36.43326482 ], [ -98.46245998, 36.47303914 ], [ -98.4414088, 36.49992976 ], [ -98.43575161, 36.51281344 ], [ -98.40835594, 36.55258776 ], [ -98.40163449, 36.55747611 ], [ -98.36764985, 36.59236206 ], [ -98.36186019, 36.59575083 ], [ -98.32208588, 36.6219542 ], [ -98.30863096, 36.63213636 ], [ -98.28231157, 36.64541465 ], [ -98.24253727, 36.66534831 ], [ -98.22931311, 36.67191068 ], [ -98.20276296, 36.68164565 ], [ -98.16298866, 36.69510686 ], [ -98.12321435, 36.70590662 ], [ -98.09586353, 36.71168498 ], [ -98.08344005, 36.71423776 ], [ -98.04366574, 36.72248067 ], [ -98.00389144, 36.73613737 ], [ -97.96411713, 36.73165198 ], [ -97.92434283, 36.71704221 ], [ -97.91196393, 36.71168498 ], [ -97.88456852, 36.69837489 ], [ -97.8550401, 36.67191068 ], [ -97.84479422, 36.65790557 ], [ -97.83112276, 36.63213636 ], [ -97.82148881, 36.59236206 ], [ -97.82372442, 36.55258776 ], [ -97.83950583, 36.51281344 ], [ -97.84479422, 36.50675156 ], [ -97.87360462, 36.47303914 ], [ -97.88456852, 36.46516761 ], [ -97.92434283, 36.4408301 ], [ -97.94133412, 36.43326482 ], [ -97.96411713, 36.42596487 ], [ -98.00389144, 36.40612853 ], [ -98.02517471, 36.39349053 ], [ -98.04366574, 36.38343076 ], [ -98.08344005, 36.36725276 ], [ -98.12321435, 36.35488844 ], [ -98.12908636, 36.35371623 ], [ -98.16298866, 36.34782964 ], [ -98.20276296, 36.34577147 ], [ -98.24253727, 36.34763725 ], [ -98.28231157, 36.35174169 ], [ -98.29965303, 36.35371623 ], [ -98.32208588, 36.36028896 ], [ -98.36186019, 36.37118385 ], [ -98.40163449, 36.38087553 ], [ -98.4414088, 36.39078979 ], [ -98.45356315, 36.39349053 ], [ -98.47083317, 36.43326482 ] ], [ [ -98.91043923, 34.84229257 ], [ -98.91009647, 34.88206687 ], [ -98.90746613, 34.92184119 ], [ -98.90345687, 34.96161549 ], [ -98.8989873, 35.00138979 ], [ -98.89409638, 35.04116411 ], [ -98.88877861, 35.08093841 ], [ -98.88262235, 35.12071273 ], [ -98.87892618, 35.14091137 ], [ -98.87521981, 35.16048702 ], [ -98.86631843, 35.20026132 ], [ -98.85514161, 35.24003564 ], [ -98.84165329, 35.27980994 ], [ -98.83915187, 35.28670027 ], [ -98.82545029, 35.31958426 ], [ -98.80691609, 35.35935856 ], [ -98.79937757, 35.374624 ], [ -98.78452367, 35.39913286 ], [ -98.75960326, 35.43768166 ], [ -98.75854336, 35.43890718 ], [ -98.72340756, 35.47868147 ], [ -98.71982896, 35.48281539 ], [ -98.68005465, 35.51242791 ], [ -98.65722167, 35.5184558 ], [ -98.64028035, 35.52340321 ], [ -98.61698612, 35.5184558 ], [ -98.60050604, 35.51545943 ], [ -98.56073173, 35.49019628 ], [ -98.55083982, 35.47868147 ], [ -98.52095743, 35.44797454 ], [ -98.51521609, 35.43890718 ], [ -98.48477484, 35.39913286 ], [ -98.4811831, 35.39527096 ], [ -98.45894701, 35.35935856 ], [ -98.4414088, 35.3293048 ], [ -98.43914104, 35.31958426 ], [ -98.436252, 35.27980994 ], [ -98.43941831, 35.24003564 ], [ -98.4414088, 35.23620133 ], [ -98.45783587, 35.20026132 ], [ -98.46528594, 35.16048702 ], [ -98.47793832, 35.12071273 ], [ -98.4811831, 35.10221539 ], [ -98.48592307, 35.08093841 ], [ -98.4811831, 35.0674687 ], [ -98.46524287, 35.04116411 ], [ -98.44681007, 35.00138979 ], [ -98.4414088, 34.98635168 ], [ -98.42878443, 34.96161549 ], [ -98.41466647, 34.92184119 ], [ -98.40587437, 34.88206687 ], [ -98.4040751, 34.84229257 ], [ -98.41365041, 34.80251825 ], [ -98.4414088, 34.76717128 ], [ -98.44762491, 34.76274396 ], [ -98.4811831, 34.74777877 ], [ -98.52095743, 34.73719104 ], [ -98.56073173, 34.73005525 ], [ -98.60050604, 34.72473151 ], [ -98.61802091, 34.72296966 ], [ -98.64028035, 34.72101404 ], [ -98.68005465, 34.71894352 ], [ -98.71982896, 34.71871645 ], [ -98.75960326, 34.7181173 ], [ -98.79937757, 34.71616316 ], [ -98.83915187, 34.71808643 ], [ -98.85140324, 34.72296966 ], [ -98.87892618, 34.74284729 ], [ -98.89121066, 34.76274396 ], [ -98.90556827, 34.80251825 ], [ -98.91043923, 34.84229257 ] ], [ [ -98.50310548, 37.54694541 ], [ -98.50280879, 37.58671973 ], [ -98.49416239, 37.62649403 ], [ -98.4811831, 37.65259641 ], [ -98.47156212, 37.66626835 ], [ -98.4414088, 37.69659898 ], [ -98.42930764, 37.70604265 ], [ -98.40163449, 37.72533147 ], [ -98.36671748, 37.74581694 ], [ -98.36186019, 37.74861761 ], [ -98.32208588, 37.76834947 ], [ -98.28231157, 37.78491167 ], [ -98.28047635, 37.78559126 ], [ -98.24253727, 37.80156139 ], [ -98.20276296, 37.82077115 ], [ -98.19427603, 37.82536556 ], [ -98.16298866, 37.8494156 ], [ -98.14552418, 37.86513988 ], [ -98.12321435, 37.89484714 ], [ -98.11559391, 37.90491418 ], [ -98.0934384, 37.94468848 ], [ -98.08344005, 37.96709078 ], [ -98.0746214, 37.9844628 ], [ -98.05667521, 38.0242371 ], [ -98.04366574, 38.04454629 ], [ -98.02046231, 38.06401142 ], [ -98.00389144, 38.07154818 ], [ -97.96411713, 38.07988848 ], [ -97.92434283, 38.08116984 ], [ -97.88456852, 38.07651439 ], [ -97.84479422, 38.06492951 ], [ -97.84305703, 38.06401142 ], [ -97.80501989, 38.02967711 ], [ -97.80202126, 38.0242371 ], [ -97.79602922, 37.9844628 ], [ -97.79804974, 37.94468848 ], [ -97.80171361, 37.90491418 ], [ -97.80501989, 37.88612044 ], [ -97.81065424, 37.86513988 ], [ -97.83252686, 37.82536556 ], [ -97.84479422, 37.80812187 ], [ -97.86359924, 37.78559126 ], [ -97.88456852, 37.76115911 ], [ -97.89763334, 37.74581694 ], [ -97.92434283, 37.71001795 ], [ -97.92688223, 37.70604265 ], [ -97.94958934, 37.66626835 ], [ -97.96411713, 37.63049363 ], [ -97.96550227, 37.62649403 ], [ -97.97794235, 37.58671973 ], [ -97.9883191, 37.54694541 ], [ -97.9985685, 37.50717111 ], [ -98.00389144, 37.48852597 ], [ -98.01088241, 37.46739681 ], [ -98.02686128, 37.42762249 ], [ -98.04366574, 37.39380433 ], [ -98.04687698, 37.3878482 ], [ -98.06265253, 37.34807387 ], [ -98.05954621, 37.30829958 ], [ -98.04366574, 37.28738677 ], [ -98.02562579, 37.26852528 ], [ -98.00389144, 37.25357442 ], [ -97.96411713, 37.24900795 ], [ -97.92434283, 37.24597673 ], [ -97.88456852, 37.23425464 ], [ -97.87417798, 37.22875096 ], [ -97.85356515, 37.18897666 ], [ -97.86203787, 37.14920236 ], [ -97.88456852, 37.11302106 ], [ -97.88632453, 37.10942804 ], [ -97.9166758, 37.06965375 ], [ -97.92434283, 37.06301321 ], [ -97.95791411, 37.02987943 ], [ -97.96411713, 37.02545174 ], [ -98.00389144, 37.00178313 ], [ -98.04366574, 37.01129466 ], [ -98.08344005, 37.02029099 ], [ -98.12321435, 37.02466258 ], [ -98.16298866, 37.02881956 ], [ -98.1682578, 37.02987943 ], [ -98.20276296, 37.03718393 ], [ -98.24253727, 37.05366443 ], [ -98.26600544, 37.06965375 ], [ -98.28231157, 37.08127423 ], [ -98.31001956, 37.10942804 ], [ -98.32208588, 37.12240451 ], [ -98.34175357, 37.14920236 ], [ -98.36186019, 37.17860103 ], [ -98.36797383, 37.18897666 ], [ -98.39007107, 37.22875096 ], [ -98.40163449, 37.25093 ], [ -98.41006366, 37.26852528 ], [ -98.42816261, 37.30829958 ], [ -98.4414088, 37.33850236 ], [ -98.44550597, 37.34807387 ], [ -98.46237177, 37.3878482 ], [ -98.47813638, 37.42762249 ], [ -98.4811831, 37.43638903 ], [ -98.491763, 37.46739681 ], [ -98.49880515, 37.50717111 ], [ -98.50310548, 37.54694541 ] ] ] } },
{ "type": "Feature", "properties": { "Lower": 30.0 }, "geometry": { "type": "Polygon", "coordinates": [ [ [ -99.05270019, 38.54130308 ], [ -99.03854579, 38.5810774 ], [ -99.0380234, 38.58168957 ], [ -98.99824909, 38.61693539 ], [ -98.97276122, 38.6208517 ], [ -98.95847479, 38.62197475 ], [ -98.9575265, 38.6208517 ], [ -98.92908386, 38.5810774 ], [ -98.91870048, 38.5659296 ], [ -98.91024816, 38.54130308 ], [ -98.91870048, 38.50557626 ], [ -98.92277226, 38.50152878 ], [ -98.95847479, 38.47817133 ], [ -98.99824909, 38.4638018 ], [ -99.0380234, 38.48392508 ], [ -99.05004033, 38.50152878 ], [ -99.05270019, 38.54130308 ] ] ] } },
{ "type": "Feature", "properties": { "Lower": 30.0 }, "geometry": { "type": "Polygon", "coordinates": [ [ [ -98.44599629, 35.12071273 ], [ -98.4414088, 35.14311819 ], [ -98.42441101, 35.16048702 ], [ -98.40256008, 35.20026132 ], [ -98.40163449, 35.20279858 ], [ -98.36186019, 35.2163553 ], [ -98.32208588, 35.20123274 ], [ -98.32064367, 35.20026132 ], [ -98.29294625, 35.16048702 ], [ -98.28745809, 35.12071273 ], [ -98.3090342, 35.08093841 ], [ -98.32208588, 35.07308494 ], [ -98.36186019, 35.06746104 ], [ -98.40163449, 35.07569866 ], [ -98.40841491, 35.08093841 ], [ -98.4414088, 35.10446819 ], [ -98.44599629, 35.12071273 ] ] ] } },
{ "type": "Feature", "properties": { "Lower": 30.0 }, "geometry": { "type": "Polygon", "coordinates": [ [ [ -108.55946057, 45.62112966 ], [ -108.54408267, 45.62661851 ], [ -108.50430837, 45.64116636 ], [ -108.46453406, 45.65737645 ], [ -108.45638098, 45.66090396 ], [ -108.42475976, 45.67222333 ], [ -108.38498545, 45.68749203 ], [ -108.35455131, 45.70067828 ], [ -108.34521115, 45.70405098 ], [ -108.30543684, 45.71886133 ], [ -108.26566254, 45.73601274 ], [ -108.25669236, 45.74045258 ], [ -108.22588823, 45.75250824 ], [ -108.18611393, 45.77009656 ], [ -108.16620296, 45.78022688 ], [ -108.14633962, 45.78935254 ], [ -108.10656532, 45.80614076 ], [ -108.07619151, 45.8200012 ], [ -108.06679101, 45.82692229 ], [ -108.02701668, 45.85263205 ], [ -108.01426731, 45.85977549 ], [ -108.00832968, 45.89954979 ], [ -108.01043729, 45.93932411 ], [ -108.01232172, 45.97909841 ], [ -108.01337839, 46.01887273 ], [ -108.01281067, 46.05864703 ], [ -108.01041123, 46.09842133 ], [ -108.00804851, 46.13819565 ], [ -108.00643602, 46.17796994 ], [ -108.00578923, 46.21774426 ], [ -108.00615095, 46.25751856 ], [ -108.00743251, 46.29729286 ], [ -108.00964417, 46.33706718 ], [ -108.01266318, 46.37684148 ], [ -107.98724238, 46.38678724 ], [ -107.94746807, 46.38679049 ], [ -107.90769377, 46.38679356 ], [ -107.86791946, 46.38679636 ], [ -107.82814516, 46.38679894 ], [ -107.78837085, 46.38680133 ], [ -107.74859655, 46.38680353 ], [ -107.74859655, 46.38678595 ], [ -107.76477921, 46.37684148 ], [ -107.76624862, 46.33706718 ], [ -107.76744647, 46.29729286 ], [ -107.76841619, 46.25751856 ], [ -107.76918638, 46.21774426 ], [ -107.76959979, 46.17796994 ], [ -107.76958377, 46.13819565 ], [ -107.76877819, 46.09842133 ], [ -107.76668359, 46.05864703 ], [ -107.76291473, 46.01887273 ], [ -107.75879929, 45.97909841 ], [ -107.75987713, 45.93932411 ], [ -107.76370107, 45.89954979 ], [ -107.78837085, 45.89066873 ], [ -107.82814516, 45.87587565 ], [ -107.85210818, 45.85977549 ], [ -107.86791946, 45.85313707 ], [ -107.90769377, 45.83622327 ], [ -107.94564583, 45.8200012 ], [ -107.94746807, 45.81888097 ], [ -107.98724238, 45.79599561 ], [ -108.02457241, 45.78022688 ], [ -108.02701668, 45.77860438 ], [ -108.06679101, 45.75431665 ], [ -108.09635287, 45.74045258 ], [ -108.10656532, 45.73367596 ], [ -108.14633962, 45.71044157 ], [ -108.16668862, 45.70067828 ], [ -108.18611393, 45.68816937 ], [ -108.22588823, 45.66668786 ], [ -108.23846194, 45.66090396 ], [ -108.26566254, 45.64448846 ], [ -108.30543684, 45.62511075 ], [ -108.31469624, 45.62112966 ], [ -108.34521115, 45.60410256 ], [ -108.38498545, 45.58589748 ], [ -108.39611152, 45.58135534 ], [ -108.42475976, 45.56639786 ], [ -108.46453406, 45.54884258 ], [ -108.483277, 45.54158104 ], [ -108.50430837, 45.53129819 ], [ -108.5142544, 45.50180675 ], [ -108.51427197, 45.50180675 ], [ -108.54408267, 45.53162253 ], [ -108.5540412, 45.54158104 ], [ -108.55403563, 45.58135534 ], [ -108.55946057, 45.62112966 ] ] ] } },
{ "type": "Feature", "properties": { "Lower": 30.0 }, "geometry": { "type": "Polygon", "coordinates": [ [ [ -98.50310548, 37.54694541 ], [ -98.50280879, 37.58671973 ], [ -98.49416239, 37.62649403 ], [ -98.4811831, 37.65259641 ], [ -98.47156212, 37.66626835 ], [ -98.4414088, 37.69659898 ], [ -98.42930764, 37.70604265 ], [ -98.40163449, 37.72533147 ], [ -98.36671748, 37.74581694 ], [ -98.36186019, 37.74861761 ], [ -98.32208588, 37.76834947 ], [ -98.28231157, 37.78491167 ], [ -98.28047635, 37.78559126 ], [ -98.24253727, 37.80156139 ], [ -98.20276296, 37.82077115 ], [ -98.19427603, 37.82536556 ], [ -98.16298866, 37.8494156 ], [ -98.14552418, 37.86513988 ], [ -98.12321435, 37.89484714 ], [ -98.11559391, 37.90491418 ], [ -98.0934384, 37.94468848 ], [ -98.08344005, 37.96709078 ], [ -98.0746214, 37.9844628 ], [ -98.05667521, 38.0242371 ], [ -98.04366574, 38.04454629 ], [ -98.02046231, 38.06401142 ], [ -98.00389144, 38.07154818 ], [ -97.96411713, 38.07988848 ], [ -97.92434283, 38.08116984 ], [ -97.88456852, 38.07651439 ], [ -97.84479422, 38.06492951 ], [ -97.84305703, 38.06401142 ], [ -97.80501989, 38.02967711 ], [ -97.80202126, 38.0242371 ], [ -97.79602922, 37.9844628 ], [ -97.79804974, 37.94468848 ], [ -97.80171361, 37.90491418 ], [ -97.80501989, 37.88612044 ], [ -97.81065424, 37.86513988 ], [ -97.83252686, 37.82536556 ], [ -97.84479422, 37.80812187 ], [ -97.86359924, 37.78559126 ], [ -97.88456852, 37.76115911 ], [ -97.89763334, 37.74581694 ], [ -97.92434283, 37.71001795 ], [ -97.92688223, 37.70604265 ], [ -97.94958934, 37.66626835 ], [ -97.96411713, 37.63049363 ], [ -97.96550227, 37.62649403 ], [ -97.97794235, 37.58671973 ], [ -97.9883191, 37.54694541 ], [ -97.9985685, 37.50717111 ], [ -98.00389144, 37.48852597 ], [ -98.01088241, 37.46739681 ], [ -98.02686128, 37.42762249 ], [ -98.04366574, 37.39380433 ], [ -98.04687698, 37.3878482 ], [ -98.06265253, 37.34807387 ], [ -98.05954621, 37.30829958 ], [ -98.04366574, 37.28738677 ], [ -98.02562579, 37.26852528 ], [ -98.00389144, 37.25357442 ], [ -97.96411713, 37.24900795 ], [ -97.92434283, 37.24597673 ], [ -97.88456852, 37.23425464 ], [ -97.87417798, 37.22875096 ], [ -97.85356515, 37.18897666 ], [ -97.86203787, 37.14920236 ], [ -97.88456852, 37.11302106 ], [ -97.88632453, 37.10942804 ], [ -97.9166758, 37.06965375 ], [ -97.92434283, 37.06301321 ], [ -97.95791411, 37.02987943 ], [ -97.96411713, 37.02545174 ], [ -98.00389144, 37.00178313 ], [ -98.04366574, 37.01129466 ], [ -98.08344005, 37.02029099 ], [ -98.12321435, 37.02466258 ], [ -98.16298866, 37.02881956 ], [ -98.1682578, 37.02987943 ], [ -98.20276296, 37.03718393 ], [ -98.24253727, 37.05366443 ], [ -98.26600544, 37.06965375 ], [ -98.28231157, 37.08127423 ], [ -98.31001956, 37.10942804 ], [ -98.32208588, 37.12240451 ], [ -98.34175357, 37.14920236 ], [ -98.36186019, 37.17860103 ], [ -98.36797383, 37.18897666 ], [ -98.39007107, 37.22875096 ], [ -98.40163449, 37.25093 ], [ -98.41006366, 37.26852528 ], [ -98.42816261, 37.30829958 ], [ -98.4414088, 37.33850236 ], [ -98.44550597, 37.34807387 ], [ -98.46237177, 37.3878482 ], [ -98.47813638, 37.42762249 ], [ -98.4811831, 37.43638903 ], [ -98.491763, 37.46739681 ], [ -98.49880515, 37.50717111 ], [ -98.50310548, 37.54694541 ] ] ] } },
{ "type": "Feature", "properties": { "Lower": 30.0 }, "geometry": { "type": "Polygon", "coordinates": [ [ [ -105.57095793, 39.2572406 ], [ -105.57095531, 39.29701492 ], [ -105.56100969, 39.32761644 ], [ -105.54482677, 39.33678922 ], [ -105.52123538, 39.35016127 ], [ -105.48146108, 39.37333278 ], [ -105.47609307, 39.37656351 ], [ -105.44168677, 39.39712822 ], [ -105.41050697, 39.41633783 ], [ -105.40191247, 39.42160861 ], [ -105.36213816, 39.44668141 ], [ -105.34776284, 39.45611213 ], [ -105.32236386, 39.47247653 ], [ -105.28724904, 39.49588645 ], [ -105.28258953, 39.49892481 ], [ -105.24281522, 39.52588238 ], [ -105.22901756, 39.53566075 ], [ -105.20304092, 39.55345144 ], [ -105.17235406, 39.57543505 ], [ -105.16326661, 39.58167011 ], [ -105.12349231, 39.6102899 ], [ -105.11707783, 39.61520937 ], [ -105.083718, 39.63921598 ], [ -105.06304223, 39.65498367 ], [ -105.0439437, 39.66848835 ], [ -105.00885675, 39.69475799 ], [ -105.00416939, 39.69795187 ], [ -104.96439509, 39.72647515 ], [ -104.95389205, 39.73453228 ], [ -104.92462078, 39.75374154 ], [ -104.89371284, 39.77430658 ], [ -104.88484648, 39.77930187 ], [ -104.84507217, 39.80078055 ], [ -104.81847146, 39.8140809 ], [ -104.80529787, 39.82125504 ], [ -104.76552356, 39.84187796 ], [ -104.7415918, 39.8538552 ], [ -104.72574926, 39.86288119 ], [ -104.68597495, 39.89208839 ], [ -104.68489173, 39.8936295 ], [ -104.68240043, 39.93340382 ], [ -104.68597495, 39.94372672 ], [ -104.70060417, 39.97317811 ], [ -104.69997422, 40.01295244 ], [ -104.68597495, 40.03367265 ], [ -104.67280783, 40.05272673 ], [ -104.64620064, 40.08202922 ], [ -104.63383361, 40.09250103 ], [ -104.60642632, 40.12218466 ], [ -104.59466906, 40.13227535 ], [ -104.56665201, 40.16197876 ], [ -104.55464252, 40.17204965 ], [ -104.52687771, 40.20022818 ], [ -104.51222528, 40.21182397 ], [ -104.4871034, 40.2355089 ], [ -104.46487641, 40.25159827 ], [ -104.4473291, 40.2665747 ], [ -104.40812653, 40.29137256 ], [ -104.40755479, 40.29179401 ], [ -104.36778048, 40.31316447 ], [ -104.32800618, 40.32690134 ], [ -104.29337126, 40.33114689 ], [ -104.28823187, 40.33188665 ], [ -104.28617613, 40.33114689 ], [ -104.26490059, 40.29137256 ], [ -104.28234314, 40.25159827 ], [ -104.28823187, 40.24374659 ], [ -104.30927974, 40.21182397 ], [ -104.32800618, 40.18244284 ], [ -104.33377073, 40.17204965 ], [ -104.34171788, 40.13227535 ], [ -104.32800618, 40.11295597 ], [ -104.28823187, 40.09692233 ], [ -104.27423638, 40.09250103 ], [ -104.24845757, 40.08660756 ], [ -104.20868326, 40.07576602 ], [ -104.16890896, 40.0634252 ], [ -104.13931377, 40.05272673 ], [ -104.12913465, 40.04982743 ], [ -104.08936035, 40.03815522 ], [ -104.04958604, 40.02401575 ], [ -104.02283202, 40.01295244 ], [ -104.00981174, 40.00836999 ], [ -103.97003743, 39.99252919 ], [ -103.93071859, 39.97317811 ], [ -103.9302631, 39.97298351 ], [ -103.8904888, 39.95497846 ], [ -103.85126221, 39.93340382 ], [ -103.85071449, 39.93313493 ], [ -103.81094019, 39.91268308 ], [ -103.77831908, 39.8936295 ], [ -103.77116588, 39.8896252 ], [ -103.73139158, 39.86636179 ], [ -103.71145566, 39.8538552 ], [ -103.69161727, 39.84140976 ], [ -103.65184297, 39.81479973 ], [ -103.65079757, 39.8140809 ], [ -103.61206866, 39.78734139 ], [ -103.59409088, 39.77430658 ], [ -103.57229436, 39.75827444 ], [ -103.54089762, 39.73453228 ], [ -103.53252005, 39.72813106 ], [ -103.49274575, 39.69741336 ], [ -103.48937741, 39.69475799 ], [ -103.45297144, 39.66684162 ], [ -103.43775747, 39.65498367 ], [ -103.41319714, 39.6367599 ], [ -103.38446302, 39.61520937 ], [ -103.37342283, 39.60751404 ], [ -103.33364853, 39.57890516 ], [ -103.32964713, 39.57543505 ], [ -103.29387422, 39.54906529 ], [ -103.28126241, 39.53566075 ], [ -103.25409989, 39.51210723 ], [ -103.24066609, 39.49588645 ], [ -103.21432559, 39.46936679 ], [ -103.19411964, 39.45611213 ], [ -103.17455128, 39.4502882 ], [ -103.15543604, 39.45611213 ], [ -103.13477698, 39.461347 ], [ -103.09500267, 39.47943999 ], [ -103.05522837, 39.48904314 ], [ -103.01545406, 39.48780168 ], [ -102.97567976, 39.48470861 ], [ -102.93590545, 39.48072027 ], [ -102.89613114, 39.47522339 ], [ -102.85635684, 39.46889306 ], [ -102.81658253, 39.46279463 ], [ -102.77680823, 39.45673163 ], [ -102.77183005, 39.45611213 ], [ -102.73703392, 39.45062834 ], [ -102.69725962, 39.44454691 ], [ -102.65748531, 39.43940128 ], [ -102.61771101, 39.43743143 ], [ -102.57793668, 39.44263591 ], [ -102.54126205, 39.45611213 ], [ -102.53816237, 39.45720798 ], [ -102.49838807, 39.47156071 ], [ -102.45861376, 39.48804499 ], [ -102.43827519, 39.49588645 ], [ -102.41883946, 39.50323227 ], [ -102.37906515, 39.51903639 ], [ -102.34133501, 39.53566075 ], [ -102.33929085, 39.53656839 ], [ -102.29951654, 39.56213164 ], [ -102.28384806, 39.57543505 ], [ -102.25974224, 39.59520934 ], [ -102.23735151, 39.61520937 ], [ -102.21996793, 39.63019068 ], [ -102.18019363, 39.65005185 ], [ -102.16567066, 39.65498367 ], [ -102.14041932, 39.66629677 ], [ -102.10064502, 39.67927752 ], [ -102.06087071, 39.68858163 ], [ -102.02567977, 39.69475799 ], [ -102.02109641, 39.69591051 ], [ -101.9813221, 39.70285067 ], [ -101.9415478, 39.70664252 ], [ -101.90177347, 39.70825279 ], [ -101.86199916, 39.70818719 ], [ -101.82222486, 39.70643161 ], [ -101.78245055, 39.70276526 ], [ -101.74267625, 39.69664137 ], [ -101.7335049, 39.69475799 ], [ -101.70290194, 39.68801161 ], [ -101.66312764, 39.67580477 ], [ -101.62335333, 39.66085606 ], [ -101.60667041, 39.65498367 ], [ -101.58357903, 39.6482327 ], [ -101.54380472, 39.62399538 ], [ -101.53643074, 39.61520937 ], [ -101.50946828, 39.57543505 ], [ -101.50403041, 39.56527904 ], [ -101.48940055, 39.53566075 ], [ -101.47454725, 39.49588645 ], [ -101.46425611, 39.46148451 ], [ -101.46248221, 39.45611213 ], [ -101.45273402, 39.41633783 ], [ -101.44812977, 39.37656351 ], [ -101.45013659, 39.33678922 ], [ -101.46037088, 39.29701492 ], [ -101.46425611, 39.28910989 ], [ -101.4778388, 39.2572406 ], [ -101.49507679, 39.2174663 ], [ -101.50403041, 39.20282952 ], [ -101.52252368, 39.17769198 ], [ -101.54380472, 39.15055265 ], [ -101.55386745, 39.13791768 ], [ -101.58357903, 39.10050621 ], [ -101.58541852, 39.09814338 ], [ -101.61796216, 39.05836906 ], [ -101.62335333, 39.05224338 ], [ -101.65407944, 39.01859477 ], [ -101.66312764, 39.00973378 ], [ -101.69717135, 38.97882044 ], [ -101.70290194, 38.97404495 ], [ -101.74267625, 38.94424429 ], [ -101.75073645, 38.93904615 ], [ -101.78245055, 38.92001769 ], [ -101.82222486, 38.90098985 ], [ -101.82664054, 38.89927185 ], [ -101.86199916, 38.88584815 ], [ -101.90177347, 38.87464643 ], [ -101.9415478, 38.86659071 ], [ -101.9813221, 38.86104339 ], [ -101.99789863, 38.85949753 ], [ -102.02109641, 38.85729631 ], [ -102.06087071, 38.85509623 ], [ -102.10064502, 38.85398196 ], [ -102.14041932, 38.85309976 ], [ -102.18019363, 38.85130312 ], [ -102.21996793, 38.84737746 ], [ -102.25974224, 38.84066862 ], [ -102.29951654, 38.83001004 ], [ -102.3240905, 38.81972323 ], [ -102.33929085, 38.81425109 ], [ -102.37906515, 38.79426882 ], [ -102.41883946, 38.79192441 ], [ -102.45861376, 38.80947444 ], [ -102.48824212, 38.81972323 ], [ -102.49838807, 38.82416376 ], [ -102.53816237, 38.83544239 ], [ -102.57793668, 38.84073922 ], [ -102.61771101, 38.84249311 ], [ -102.65748531, 38.84168466 ], [ -102.69725962, 38.83769874 ], [ -102.73703392, 38.8277657 ], [ -102.75491388, 38.81972323 ], [ -102.77680823, 38.80312201 ], [ -102.79891252, 38.77994893 ], [ -102.81658253, 38.74777867 ], [ -102.82032738, 38.74017461 ], [ -102.83300817, 38.70040032 ], [ -102.84130214, 38.66062599 ], [ -102.84722553, 38.6208517 ], [ -102.85215145, 38.5810774 ], [ -102.85635684, 38.54583488 ], [ -102.85695937, 38.54130308 ], [ -102.86316644, 38.50152878 ], [ -102.87366232, 38.46175446 ], [ -102.89205846, 38.42198016 ], [ -102.89613114, 38.41513225 ], [ -102.92187981, 38.38220587 ], [ -102.93590545, 38.36667556 ], [ -102.96238107, 38.34243155 ], [ -102.97567976, 38.33103949 ], [ -103.01375029, 38.30265725 ], [ -103.01545406, 38.30143522 ], [ -103.05522837, 38.27547677 ], [ -103.07602937, 38.26288293 ], [ -103.09500267, 38.25158776 ], [ -103.13477698, 38.22923965 ], [ -103.14623431, 38.22310863 ], [ -103.17455128, 38.20815581 ], [ -103.21432559, 38.18797114 ], [ -103.22466396, 38.18333433 ], [ -103.25409989, 38.1703478 ], [ -103.29387422, 38.15587035 ], [ -103.33172363, 38.14356001 ], [ -103.33364853, 38.14291894 ], [ -103.37342283, 38.13151547 ], [ -103.41319714, 38.12041845 ], [ -103.45297144, 38.10962646 ], [ -103.47542954, 38.10378571 ], [ -103.49274575, 38.0990752 ], [ -103.53252005, 38.08841812 ], [ -103.57229436, 38.0779704 ], [ -103.61206866, 38.06740739 ], [ -103.62517523, 38.06401142 ], [ -103.65184297, 38.05684034 ], [ -103.69161727, 38.04591658 ], [ -103.73139158, 38.03492786 ], [ -103.76938478, 38.0242371 ], [ -103.77116588, 38.02372026 ], [ -103.81094019, 38.01219487 ], [ -103.85071449, 38.00046152 ], [ -103.8904888, 37.98849303 ], [ -103.90360217, 37.9844628 ], [ -103.9302631, 37.97595672 ], [ -103.97003743, 37.96335578 ], [ -104.00981174, 37.95044238 ], [ -104.02741194, 37.94468848 ], [ -104.04958604, 37.93718677 ], [ -104.08936035, 37.92362583 ], [ -104.12913465, 37.90990387 ], [ -104.14359751, 37.90491418 ], [ -104.16890896, 37.89591163 ], [ -104.20868326, 37.88147574 ], [ -104.24845757, 37.86699392 ], [ -104.25362239, 37.86513988 ], [ -104.28823187, 37.85238893 ], [ -104.32800618, 37.83752599 ], [ -104.36054789, 37.82536556 ], [ -104.36778048, 37.82260473 ], [ -104.40755479, 37.80742216 ], [ -104.4473291, 37.79220385 ], [ -104.4645035, 37.78559126 ], [ -104.4871034, 37.77669956 ], [ -104.52687771, 37.76118401 ], [ -104.56665201, 37.74644455 ], [ -104.56822679, 37.74581694 ], [ -104.60642632, 37.7301017 ], [ -104.64620064, 37.71453865 ], [ -104.66779447, 37.70604265 ], [ -104.68597495, 37.69872977 ], [ -104.72574926, 37.682769 ], [ -104.76552356, 37.66694351 ], [ -104.76720688, 37.66626835 ], [ -104.80529787, 37.65632433 ], [ -104.81524186, 37.66626835 ], [ -104.815243, 37.70604265 ], [ -104.81524411, 37.74581694 ], [ -104.84507217, 37.7756434 ], [ -104.85502004, 37.78559126 ], [ -104.85502118, 37.82536556 ], [ -104.88484648, 37.85518924 ], [ -104.89479711, 37.86513988 ], [ -104.89479827, 37.90491418 ], [ -104.92462078, 37.93473506 ], [ -104.9345742, 37.94468848 ], [ -104.93457536, 37.9844628 ], [ -104.96439509, 38.01428092 ], [ -104.97435124, 38.0242371 ], [ -104.97435238, 38.06401142 ], [ -105.00416939, 38.09382686 ], [ -105.01412824, 38.10378571 ], [ -105.01412935, 38.14356001 ], [ -105.0439437, 38.17337295 ], [ -105.0439437, 38.17339053 ], [ -105.02066159, 38.18333433 ], [ -105.00416939, 38.18974787 ], [ -104.96439509, 38.20456069 ], [ -104.92462078, 38.21895048 ], [ -104.9127702, 38.22310863 ], [ -104.88484648, 38.23314114 ], [ -104.84507217, 38.2468623 ], [ -104.80529787, 38.25997266 ], [ -104.79646699, 38.26288293 ], [ -104.76552356, 38.27331763 ], [ -104.72574926, 38.28609385 ], [ -104.68597495, 38.29848603 ], [ -104.67232345, 38.30265725 ], [ -104.64620064, 38.31086716 ], [ -104.60642632, 38.32290508 ], [ -104.56665201, 38.33463392 ], [ -104.53972757, 38.34243155 ], [ -104.52687771, 38.34625758 ], [ -104.4871034, 38.35775636 ], [ -104.4473291, 38.36890279 ], [ -104.40755479, 38.37990457 ], [ -104.39907169, 38.38220587 ], [ -104.36778048, 38.39097439 ], [ -104.32800618, 38.40190562 ], [ -104.28823187, 38.41269741 ], [ -104.25261678, 38.42198016 ], [ -104.24845757, 38.42309994 ], [ -104.20868326, 38.43361663 ], [ -104.16890896, 38.44381833 ], [ -104.12913465, 38.45374103 ], [ -104.0956556, 38.46175446 ], [ -104.08936035, 38.46332827 ], [ -104.04958604, 38.47330073 ], [ -104.00981174, 38.48296522 ], [ -103.97003743, 38.4925252 ], [ -103.9302631, 38.50074261 ], [ -103.9266984, 38.50152878 ], [ -103.8904888, 38.51004739 ], [ -103.85071449, 38.51777705 ], [ -103.81094019, 38.52484906 ], [ -103.77116588, 38.53111458 ], [ -103.73139158, 38.53659945 ], [ -103.69776362, 38.54130308 ], [ -103.69161727, 38.54219722 ], [ -103.65184297, 38.54604975 ], [ -103.61206866, 38.54994806 ], [ -103.57229436, 38.55350107 ], [ -103.53252005, 38.55664352 ], [ -103.49274575, 38.55996009 ], [ -103.45297144, 38.56358562 ], [ -103.41319714, 38.56804488 ], [ -103.37342283, 38.57397805 ], [ -103.34099108, 38.5810774 ], [ -103.33364853, 38.58280502 ], [ -103.29387422, 38.59824027 ], [ -103.25409989, 38.61618566 ], [ -103.24462208, 38.6208517 ], [ -103.21432559, 38.6364049 ], [ -103.17455128, 38.65897709 ], [ -103.17210369, 38.66062599 ], [ -103.13477698, 38.68873072 ], [ -103.12363184, 38.70040032 ], [ -103.09829268, 38.74017461 ], [ -103.09500267, 38.74712386 ], [ -103.08248576, 38.77994893 ], [ -103.06246555, 38.81972323 ], [ -103.05522837, 38.82875064 ], [ -103.03047441, 38.85949753 ], [ -103.01545406, 38.86948289 ], [ -102.97567976, 38.89307143 ], [ -102.96401322, 38.89927185 ], [ -102.93590545, 38.90785094 ], [ -102.89613114, 38.91828596 ], [ -102.85635684, 38.92744873 ], [ -102.81658253, 38.93708701 ], [ -102.80958152, 38.93904615 ], [ -102.77680823, 38.94982526 ], [ -102.73703392, 38.96820605 ], [ -102.71976745, 38.97882044 ], [ -102.69725962, 38.99802599 ], [ -102.6787299, 39.01859477 ], [ -102.65748531, 39.04883142 ], [ -102.65149274, 39.05836906 ], [ -102.62893654, 39.09814338 ], [ -102.62335183, 39.13791768 ], [ -102.63021014, 39.17769198 ], [ -102.643723, 39.2174663 ], [ -102.65748531, 39.24789282 ], [ -102.66152934, 39.2572406 ], [ -102.68660334, 39.29701492 ], [ -102.69725962, 39.3130811 ], [ -102.71342325, 39.33678922 ], [ -102.73703392, 39.36177206 ], [ -102.75297225, 39.37656351 ], [ -102.77680823, 39.39114931 ], [ -102.81658253, 39.41038 ], [ -102.83129293, 39.41633783 ], [ -102.85635684, 39.42432458 ], [ -102.89613114, 39.43546862 ], [ -102.93590545, 39.44420915 ], [ -102.97567976, 39.45039424 ], [ -103.01545406, 39.4552804 ], [ -103.05522837, 39.45525404 ], [ -103.09500267, 39.44142272 ], [ -103.13477698, 39.42025509 ], [ -103.1437828, 39.41633783 ], [ -103.17455128, 39.39720207 ], [ -103.21432559, 39.37694154 ], [ -103.21608888, 39.37656351 ], [ -103.25409989, 39.35281621 ], [ -103.29387422, 39.34318474 ], [ -103.33364853, 39.34764542 ], [ -103.37342283, 39.35756187 ], [ -103.41319714, 39.37573841 ], [ -103.4144398, 39.37656351 ], [ -103.45297144, 39.39858176 ], [ -103.47503214, 39.41633783 ], [ -103.49274575, 39.42953729 ], [ -103.5208624, 39.45611213 ], [ -103.53252005, 39.46636946 ], [ -103.56101032, 39.49588645 ], [ -103.57229436, 39.50679117 ], [ -103.59899498, 39.53566075 ], [ -103.61206866, 39.54866709 ], [ -103.63697508, 39.57543505 ], [ -103.65184297, 39.58995477 ], [ -103.67651966, 39.61520937 ], [ -103.69161727, 39.62918742 ], [ -103.71879552, 39.65498367 ], [ -103.73139158, 39.66575281 ], [ -103.76516642, 39.69475799 ], [ -103.77116588, 39.69944506 ], [ -103.81094019, 39.73005871 ], [ -103.816827, 39.73453228 ], [ -103.85071449, 39.75797642 ], [ -103.87498078, 39.77430658 ], [ -103.8904888, 39.78396805 ], [ -103.9302631, 39.80779672 ], [ -103.94110489, 39.8140809 ], [ -103.97003743, 39.82972848 ], [ -104.00981174, 39.85022333 ], [ -104.01712377, 39.8538552 ], [ -104.04958604, 39.86907442 ], [ -104.08936035, 39.88666185 ], [ -104.10590861, 39.8936295 ], [ -104.12913465, 39.90297421 ], [ -104.16890896, 39.9178876 ], [ -104.20868326, 39.93154428 ], [ -104.21454141, 39.93340382 ], [ -104.24845757, 39.94365756 ], [ -104.28823187, 39.9547841 ], [ -104.32800618, 39.96589792 ], [ -104.35078544, 39.97317811 ], [ -104.36778048, 39.97857715 ], [ -104.40755479, 39.99276655 ], [ -104.4473291, 40.00646399 ], [ -104.46998878, 40.01295244 ], [ -104.4871034, 40.0211624 ], [ -104.52687771, 40.03565047 ], [ -104.56665201, 40.04860655 ], [ -104.58286854, 40.01295244 ], [ -104.59022118, 39.97317811 ], [ -104.59643751, 39.93340382 ], [ -104.60198972, 39.8936295 ], [ -104.60629456, 39.8538552 ], [ -104.60642632, 39.85351349 ], [ -104.63653773, 39.8140809 ], [ -104.64620064, 39.80807998 ], [ -104.68597495, 39.78657721 ], [ -104.70971062, 39.77430658 ], [ -104.72574926, 39.76221764 ], [ -104.76128623, 39.73453228 ], [ -104.76552356, 39.72920019 ], [ -104.79615152, 39.69475799 ], [ -104.80529787, 39.68223869 ], [ -104.8276066, 39.65498367 ], [ -104.84507217, 39.63134601 ], [ -104.85834749, 39.61520937 ], [ -104.88484648, 39.5808458 ], [ -104.88945609, 39.57543505 ], [ -104.92173935, 39.53566075 ], [ -104.92462078, 39.53195998 ], [ -104.95538641, 39.49588645 ], [ -104.96439509, 39.4850819 ], [ -104.99077827, 39.45611213 ], [ -105.00416939, 39.44111412 ], [ -105.02814643, 39.41633783 ], [ -105.0439437, 39.39962393 ], [ -105.06765154, 39.37656351 ], [ -105.083718, 39.36060906 ], [ -105.1097114, 39.33678922 ], [ -105.12349231, 39.32379869 ], [ -105.15437105, 39.29701492 ], [ -105.16326661, 39.28910039 ], [ -105.20195349, 39.2572406 ], [ -105.20304092, 39.25631793 ], [ -105.24281522, 39.22481985 ], [ -105.252878, 39.2174663 ], [ -105.28258953, 39.19504859 ], [ -105.30750024, 39.17769198 ], [ -105.32236386, 39.16694793 ], [ -105.36213816, 39.14066282 ], [ -105.36653038, 39.13791768 ], [ -105.40191247, 39.11492567 ], [ -105.43043225, 39.09814338 ], [ -105.44168677, 39.09122076 ], [ -105.45163167, 39.05836906 ], [ -105.45164926, 39.05836906 ], [ -105.48146108, 39.08818351 ], [ -105.49142092, 39.09814338 ], [ -105.491419, 39.13791768 ], [ -105.52123538, 39.16773746 ], [ -105.53118991, 39.17769198 ], [ -105.53118755, 39.2174663 ], [ -105.56100969, 39.24729235 ], [ -105.57095793, 39.2572406 ] ], [ [ -102.29251608, 39.2572406 ], [ -102.28929289, 39.29701492 ], [ -102.28029802, 39.33678922 ], [ -102.26489852, 39.37656351 ], [ -102.25974224, 39.38565932 ], [ -102.24286511, 39.41633783 ], [ -102.21996793, 39.44710463 ], [ -102.21286255, 39.45611213 ], [ -102.18019363, 39.48804157 ], [ -102.17034163, 39.49588645 ], [ -102.14041932, 39.51565836 ], [ -102.10064502, 39.53271101 ], [ -102.09018299, 39.53566075 ], [ -102.06087071, 39.54336287 ], [ -102.02109641, 39.54996774 ], [ -101.9813221, 39.55276898 ], [ -101.9415478, 39.55198811 ], [ -101.90177347, 39.5475606 ], [ -101.86199916, 39.53825225 ], [ -101.85448631, 39.53566075 ], [ -101.82222486, 39.52279673 ], [ -101.78245055, 39.49727427 ], [ -101.78039341, 39.49588645 ], [ -101.74760887, 39.45611213 ], [ -101.74267625, 39.43586476 ], [ -101.73484015, 39.41633783 ], [ -101.74172554, 39.37656351 ], [ -101.74267625, 39.37338403 ], [ -101.7480943, 39.33678922 ], [ -101.74354373, 39.29701492 ], [ -101.7444935, 39.2572406 ], [ -101.75311687, 39.2174663 ], [ -101.76894877, 39.17769198 ], [ -101.78245055, 39.15418727 ], [ -101.79207172, 39.13791768 ], [ -101.82222486, 39.10102348 ], [ -101.82509118, 39.09814338 ], [ -101.86199916, 39.06897985 ], [ -101.88004775, 39.05836906 ], [ -101.90177347, 39.04754102 ], [ -101.9415478, 39.03463853 ], [ -101.9813221, 39.02780077 ], [ -102.02109641, 39.02614499 ], [ -102.06087071, 39.0291784 ], [ -102.10064502, 39.03682162 ], [ -102.14041932, 39.04954767 ], [ -102.15963991, 39.05836906 ], [ -102.18019363, 39.06854256 ], [ -102.21996793, 39.09543825 ], [ -102.223117, 39.09814338 ], [ -102.25974224, 39.13323886 ], [ -102.26325567, 39.13791768 ], [ -102.2821672, 39.17769198 ], [ -102.29021976, 39.2174663 ], [ -102.29251608, 39.2572406 ] ] ] } },
{ "type": "Feature", "properties": { "Lower": 30.0 }, "geometry": { "type": "Polygon", "coordinates": [ [ [ -99.14087705, 44.10970601 ], [ -99.14032597, 44.14948031 ], [ -99.13788144, 44.18925463 ], [ -99.13423195, 44.22902892 ], [ -99.12954606, 44.26880322 ], [ -99.12400997, 44.30857754 ], [ -99.11828562, 44.34835184 ], [ -99.11757201, 44.35234044 ], [ -99.11152557, 44.38812616 ], [ -99.10500599, 44.42790046 ], [ -99.09846085, 44.46767476 ], [ -99.09273413, 44.50744908 ], [ -99.0879372, 44.54722337 ], [ -99.08337387, 44.5869977 ], [ -99.07892542, 44.62677199 ], [ -99.0777977, 44.63614013 ], [ -99.07431488, 44.66654629 ], [ -99.06954109, 44.70632061 ], [ -99.06443877, 44.74609491 ], [ -99.05869889, 44.78586923 ], [ -99.05235079, 44.82564353 ], [ -99.04511495, 44.86541782 ], [ -99.06785294, 44.90519214 ], [ -99.06783535, 44.90519214 ], [ -99.0380234, 44.87537878 ], [ -98.99824909, 44.87537746 ], [ -98.95847479, 44.8753761 ], [ -98.94851654, 44.86541782 ], [ -98.91870048, 44.83560001 ], [ -98.87892618, 44.83559845 ], [ -98.83915187, 44.83559687 ], [ -98.82919852, 44.82564353 ], [ -98.79937757, 44.79582057 ], [ -98.75960326, 44.79581901 ], [ -98.71982896, 44.79581753 ], [ -98.70988064, 44.78586923 ], [ -98.68005465, 44.75604153 ], [ -98.64028035, 44.75604031 ], [ -98.60050604, 44.75603924 ], [ -98.5905617, 44.74609491 ], [ -98.57807277, 44.70632061 ], [ -98.58801461, 44.66654629 ], [ -98.59795649, 44.62677199 ], [ -98.60050604, 44.61634889 ], [ -98.60678236, 44.5869977 ], [ -98.61531682, 44.54722337 ], [ -98.62314607, 44.50744908 ], [ -98.63075823, 44.46767476 ], [ -98.63736791, 44.42790046 ], [ -98.64028035, 44.40723644 ], [ -98.64260011, 44.38812616 ], [ -98.64608231, 44.34835184 ], [ -98.64816349, 44.30857754 ], [ -98.64830148, 44.26880322 ], [ -98.64549836, 44.22902892 ], [ -98.64028035, 44.19622953 ], [ -98.6390364, 44.18925463 ], [ -98.62529353, 44.14948031 ], [ -98.60176349, 44.10970601 ], [ -98.60050604, 44.10845633 ], [ -98.56073173, 44.07669112 ], [ -98.55056371, 44.06993171 ], [ -98.52095743, 44.05225858 ], [ -98.4964838, 44.03015739 ], [ -98.4811831, 44.0122221 ], [ -98.46626139, 43.99038309 ], [ -98.44267555, 43.95060877 ], [ -98.4414088, 43.9482602 ], [ -98.42220531, 43.91083447 ], [ -98.40525011, 43.87106018 ], [ -98.40163449, 43.86098551 ], [ -98.39038805, 43.83128586 ], [ -98.37817205, 43.79151156 ], [ -98.37232467, 43.75173724 ], [ -98.37097947, 43.71196294 ], [ -98.37149242, 43.67218864 ], [ -98.37276753, 43.63241432 ], [ -98.37395861, 43.59264003 ], [ -98.3749078, 43.5528657 ], [ -98.37541931, 43.51309141 ], [ -98.37472344, 43.47331711 ], [ -98.37241033, 43.43354279 ], [ -98.36856778, 43.39376849 ], [ -98.3635818, 43.35399417 ], [ -98.36186019, 43.3426963 ], [ -98.35701306, 43.31421987 ], [ -98.34921451, 43.27444558 ], [ -98.33922652, 43.23467125 ], [ -98.32549613, 43.19489696 ], [ -98.32208588, 43.18688277 ], [ -98.30460336, 43.15512266 ], [ -98.28231157, 43.12090006 ], [ -98.27793191, 43.11534834 ], [ -98.24396616, 43.07557404 ], [ -98.24253727, 43.07401856 ], [ -98.20276296, 43.03801601 ], [ -98.20007762, 43.03579972 ], [ -98.16298866, 43.00558517 ], [ -98.14864903, 42.99602542 ], [ -98.12321435, 42.97945011 ], [ -98.08344005, 42.95755193 ], [ -98.08061634, 42.95625113 ], [ -98.04366574, 42.93978378 ], [ -98.00389144, 42.92508458 ], [ -97.97560852, 42.9164768 ], [ -97.96411713, 42.9130899 ], [ -97.92434283, 42.90387885 ], [ -97.88456852, 42.89676138 ], [ -97.84479422, 42.89158083 ], [ -97.80501989, 42.88796932 ], [ -97.76524558, 42.88619476 ], [ -97.72547128, 42.88578035 ], [ -97.68569697, 42.88660882 ], [ -97.64592267, 42.88896703 ], [ -97.60614836, 42.89208876 ], [ -97.56637406, 42.89614742 ], [ -97.52659975, 42.90142367 ], [ -97.48682545, 42.90760208 ], [ -97.44705114, 42.91445233 ], [ -97.43692872, 42.9164768 ], [ -97.40727684, 42.92265433 ], [ -97.36750253, 42.93176937 ], [ -97.32772823, 42.94186275 ], [ -97.28795392, 42.95334419 ], [ -97.27885782, 42.95625113 ], [ -97.24817962, 42.96647695 ], [ -97.20840531, 42.98171975 ], [ -97.17630518, 42.99602542 ], [ -97.168631, 42.99964205 ], [ -97.1288567, 43.02084384 ], [ -97.10085393, 43.03579972 ], [ -97.08908237, 43.042233 ], [ -97.04930807, 43.04574371 ], [ -97.0393641, 43.03579972 ], [ -97.00953376, 43.0059703 ], [ -96.99958888, 42.99602542 ], [ -96.99958828, 42.95625113 ], [ -96.96975946, 42.92642329 ], [ -96.95981298, 42.9164768 ], [ -96.92998515, 42.88665004 ], [ -96.92003761, 42.87670251 ], [ -96.92003691, 42.83692819 ], [ -96.89021085, 42.80710329 ], [ -96.88026144, 42.79715389 ], [ -96.85043654, 42.76733024 ], [ -96.84048588, 42.75737959 ], [ -96.84048512, 42.71760527 ], [ -96.81066223, 42.68778372 ], [ -96.80070949, 42.67783097 ], [ -96.77088793, 42.64801076 ], [ -96.76093382, 42.63805665 ], [ -96.76093296, 42.59828235 ], [ -96.73111362, 42.56846444 ], [ -96.72115721, 42.55850806 ], [ -96.72115633, 42.51873374 ], [ -96.69133932, 42.48891819 ], [ -96.68138056, 42.47895944 ], [ -96.65156501, 42.44914538 ], [ -96.64160475, 42.43918512 ], [ -96.64160382, 42.39941082 ], [ -96.64162141, 42.39941082 ], [ -96.65156501, 42.40040021 ], [ -96.65303027, 42.39941082 ], [ -96.69133932, 42.37286139 ], [ -96.71138118, 42.35963652 ], [ -96.73111362, 42.3466158 ], [ -96.77088793, 42.32064086 ], [ -96.77209279, 42.3198622 ], [ -96.81066223, 42.29493599 ], [ -96.83413205, 42.28008791 ], [ -96.85043654, 42.26970227 ], [ -96.89021085, 42.24463875 ], [ -96.89722716, 42.24031361 ], [ -96.92998515, 42.22012018 ], [ -96.96247163, 42.20053929 ], [ -96.96975946, 42.19611639 ], [ -97.00953376, 42.17371289 ], [ -97.03472991, 42.16076499 ], [ -97.04930807, 42.15322108 ], [ -97.08908237, 42.13412099 ], [ -97.11821548, 42.12099067 ], [ -97.1288567, 42.11616065 ], [ -97.168631, 42.09907974 ], [ -97.20840531, 42.08289789 ], [ -97.21281533, 42.08121637 ], [ -97.24817962, 42.06753563 ], [ -97.28795392, 42.0530194 ], [ -97.32099768, 42.04144207 ], [ -97.32772823, 42.03904898 ], [ -97.36750253, 42.02597053 ], [ -97.40727684, 42.01359315 ], [ -97.44705114, 42.00276635 ], [ -97.45089079, 42.00166775 ], [ -97.48682545, 41.99100342 ], [ -97.52659975, 41.98082493 ], [ -97.56637406, 41.97172223 ], [ -97.60614836, 41.96370529 ], [ -97.61588745, 41.96189346 ], [ -97.64592267, 41.95621779 ], [ -97.68569697, 41.95017505 ], [ -97.72547128, 41.94543963 ], [ -97.76524558, 41.94196654 ], [ -97.80501989, 41.94004225 ], [ -97.84479422, 41.9397214 ], [ -97.88456852, 41.94148141 ], [ -97.92434283, 41.94517419 ], [ -97.96411713, 41.95118243 ], [ -98.00389144, 41.95959034 ], [ -98.01198538, 41.96189346 ], [ -98.04366574, 41.97076375 ], [ -98.08344005, 41.98444605 ], [ -98.12321435, 42.00012495 ], [ -98.12632708, 42.00166775 ], [ -98.16298866, 42.01996305 ], [ -98.20276296, 42.03993437 ], [ -98.20531616, 42.04144207 ], [ -98.24253727, 42.06323613 ], [ -98.27205995, 42.08121637 ], [ -98.28231157, 42.08741323 ], [ -98.32208588, 42.11335106 ], [ -98.33290873, 42.12099067 ], [ -98.36186019, 42.14098579 ], [ -98.38829614, 42.16076499 ], [ -98.40163449, 42.1706735 ], [ -98.43930313, 42.20053929 ], [ -98.4414088, 42.20220879 ], [ -98.4811831, 42.23663772 ], [ -98.4850785, 42.24031361 ], [ -98.52095743, 42.27417125 ], [ -98.52667278, 42.28008791 ], [ -98.56073173, 42.31559596 ], [ -98.56446802, 42.3198622 ], [ -98.59854795, 42.35963652 ], [ -98.60050604, 42.36197454 ], [ -98.63166426, 42.39941082 ], [ -98.64028035, 42.41008156 ], [ -98.66407568, 42.43918512 ], [ -98.68005465, 42.4593489 ], [ -98.6958939, 42.47895944 ], [ -98.71982896, 42.50981817 ], [ -98.72692617, 42.51873374 ], [ -98.75729557, 42.55850806 ], [ -98.75960326, 42.56168888 ], [ -98.7870485, 42.59828235 ], [ -98.79937757, 42.61566062 ], [ -98.81593806, 42.63805665 ], [ -98.83915187, 42.67169273 ], [ -98.84360773, 42.67783097 ], [ -98.87018829, 42.71760527 ], [ -98.87892618, 42.73175208 ], [ -98.89574447, 42.75737959 ], [ -98.91870048, 42.79511157 ], [ -98.92002723, 42.79715389 ], [ -98.94213823, 42.83692819 ], [ -98.95847479, 42.8687977 ], [ -98.96306718, 42.87670251 ], [ -98.98342576, 42.9164768 ], [ -98.99824909, 42.94952059 ], [ -99.00176072, 42.95625113 ], [ -99.01948664, 42.99602542 ], [ -99.03461809, 43.03579972 ], [ -99.0380234, 43.04660295 ], [ -99.04907821, 43.07557404 ], [ -99.06163843, 43.11534834 ], [ -99.07202925, 43.15512266 ], [ -99.0777977, 43.18396324 ], [ -99.08057769, 43.19489696 ], [ -99.08816924, 43.23467125 ], [ -99.09351114, 43.27444558 ], [ -99.09665195, 43.31421987 ], [ -99.09778344, 43.35399417 ], [ -99.09692715, 43.39376849 ], [ -99.09401321, 43.43354279 ], [ -99.08760454, 43.47331711 ], [ -99.082358, 43.51309141 ], [ -99.0777977, 43.52771596 ], [ -99.07020007, 43.5528657 ], [ -99.05739461, 43.59264003 ], [ -99.04441689, 43.63241432 ], [ -99.0380234, 43.64476672 ], [ -99.0219749, 43.67218864 ], [ -98.99824909, 43.70311788 ], [ -98.9922484, 43.71196294 ], [ -98.97897814, 43.75173724 ], [ -98.99824909, 43.77131418 ], [ -99.01164189, 43.79151156 ], [ -99.0337433, 43.83128586 ], [ -99.0380234, 43.83556598 ], [ -99.06681128, 43.87106018 ], [ -99.0777977, 43.88735075 ], [ -99.08974562, 43.91083447 ], [ -99.10768371, 43.95060877 ], [ -99.11757201, 43.9747792 ], [ -99.12282214, 43.99038309 ], [ -99.13351806, 44.03015739 ], [ -99.13900059, 44.06993171 ], [ -99.14087705, 44.10970601 ] ] ] } },
{ "type": "Feature", "properties": { "Lower": 30.0 }, "geometry": { "type": "Polygon", "coordinates": [ [ [ -103.70156486, 35.35935856 ], [ -103.70156268, 35.39913286 ], [ -103.69161727, 35.43357817 ], [ -103.66615648, 35.43890718 ], [ -103.65184297, 35.44197434 ], [ -103.61206866, 35.45002898 ], [ -103.57229436, 35.45747347 ], [ -103.53252005, 35.46440207 ], [ -103.49274575, 35.47071671 ], [ -103.45297144, 35.47660693 ], [ -103.43808366, 35.47868147 ], [ -103.41319714, 35.48223674 ], [ -103.37342283, 35.48743734 ], [ -103.33364853, 35.49218212 ], [ -103.29387422, 35.49653851 ], [ -103.25409989, 35.50044335 ], [ -103.21432559, 35.50381452 ], [ -103.17455128, 35.50661633 ], [ -103.13477698, 35.50888081 ], [ -103.09500267, 35.51061111 ], [ -103.05522837, 35.5118994 ], [ -103.01545406, 35.51276508 ], [ -102.97567976, 35.51321383 ], [ -102.93590545, 35.51319418 ], [ -102.89613114, 35.51271259 ], [ -102.85635684, 35.51171078 ], [ -102.81658253, 35.50963966 ], [ -102.77680823, 35.50618058 ], [ -102.73703392, 35.501215 ], [ -102.69725962, 35.4947322 ], [ -102.65748531, 35.48644078 ], [ -102.62695116, 35.47868147 ], [ -102.61771101, 35.47640826 ], [ -102.57793668, 35.46468878 ], [ -102.53816237, 35.45073121 ], [ -102.50929597, 35.43890718 ], [ -102.49838807, 35.43458744 ], [ -102.45861376, 35.41623405 ], [ -102.42661109, 35.39913286 ], [ -102.41883946, 35.39511365 ], [ -102.37906515, 35.37126604 ], [ -102.36201248, 35.35935856 ], [ -102.33929085, 35.34386 ], [ -102.3092622, 35.31958426 ], [ -102.29951654, 35.31180393 ], [ -102.26677382, 35.27980994 ], [ -102.25974224, 35.27274832 ], [ -102.23464461, 35.24003564 ], [ -102.21996793, 35.21819958 ], [ -102.2107631, 35.20026132 ], [ -102.19011541, 35.16048702 ], [ -102.18019363, 35.1454843 ], [ -102.15044373, 35.12071273 ], [ -102.14041932, 35.114294 ], [ -102.10064502, 35.09548569 ], [ -102.06937607, 35.08093841 ], [ -102.06087071, 35.07652881 ], [ -102.02109641, 35.05588797 ], [ -101.9947883, 35.04116411 ], [ -101.9813221, 35.03361194 ], [ -101.9415478, 35.0155317 ], [ -101.90177347, 35.01322774 ], [ -101.86199916, 35.01995804 ], [ -101.82222486, 35.03347581 ], [ -101.79124156, 35.04116411 ], [ -101.78245055, 35.04355125 ], [ -101.74267625, 35.05186105 ], [ -101.70290194, 35.0704927 ], [ -101.6871428, 35.08093841 ], [ -101.66312764, 35.09904138 ], [ -101.63715601, 35.12071273 ], [ -101.62335333, 35.13220493 ], [ -101.59138832, 35.16048702 ], [ -101.58357903, 35.16694717 ], [ -101.54501299, 35.20026132 ], [ -101.54380472, 35.20123023 ], [ -101.50403041, 35.23492456 ], [ -101.49823785, 35.24003564 ], [ -101.46425611, 35.26844942 ], [ -101.45114613, 35.27980994 ], [ -101.4244818, 35.30201578 ], [ -101.40406258, 35.31958426 ], [ -101.3847075, 35.33597115 ], [ -101.35842291, 35.35935856 ], [ -101.34493319, 35.37163595 ], [ -101.31606851, 35.39913286 ], [ -101.30515889, 35.41015593 ], [ -101.27800756, 35.43890718 ], [ -101.26538458, 35.45321634 ], [ -101.24352835, 35.47868147 ], [ -101.22561028, 35.50083221 ], [ -101.21159968, 35.5184558 ], [ -101.18583595, 35.55254062 ], [ -101.18156223, 35.55823009 ], [ -101.1531046, 35.59800439 ], [ -101.14606164, 35.6082605 ], [ -101.1257269, 35.63777871 ], [ -101.10628734, 35.66707756 ], [ -101.09925889, 35.67755301 ], [ -101.07356075, 35.71732731 ], [ -101.06651303, 35.7286222 ], [ -101.04835504, 35.75710163 ], [ -101.02673873, 35.79201578 ], [ -101.02363599, 35.79687592 ], [ -100.99967455, 35.83665024 ], [ -100.98696442, 35.85894245 ], [ -100.9765723, 35.87642454 ], [ -100.95435944, 35.91619884 ], [ -100.94719012, 35.93003299 ], [ -100.93304092, 35.95597316 ], [ -100.91268361, 35.99574746 ], [ -100.90741581, 36.00706968 ], [ -100.89331739, 36.03552178 ], [ -100.8751377, 36.07529608 ], [ -100.86764151, 36.0936682 ], [ -100.85824407, 36.11507037 ], [ -100.84282649, 36.15484469 ], [ -100.82933439, 36.19461899 ], [ -100.8278672, 36.20002441 ], [ -100.81763192, 36.23439331 ], [ -100.80863991, 36.27416761 ], [ -100.80260986, 36.31394191 ], [ -100.80047766, 36.35371623 ], [ -100.80312659, 36.39349053 ], [ -100.81226716, 36.43326482 ], [ -100.8278672, 36.46726929 ], [ -100.83101761, 36.47303914 ], [ -100.86582051, 36.51281344 ], [ -100.86764151, 36.51427244 ], [ -100.90741581, 36.53921428 ], [ -100.93909826, 36.55258776 ], [ -100.94719012, 36.55533965 ], [ -100.98696442, 36.56510885 ], [ -101.02673873, 36.57105221 ], [ -101.06651303, 36.57421179 ], [ -101.10628734, 36.57535369 ], [ -101.14606164, 36.574877 ], [ -101.18583595, 36.57311855 ], [ -101.22561028, 36.57051683 ], [ -101.26538458, 36.56712442 ], [ -101.30515889, 36.56308991 ], [ -101.34493319, 36.55909265 ], [ -101.3847075, 36.55709488 ], [ -101.4244818, 36.55707133 ], [ -101.46425611, 36.55863806 ], [ -101.50403041, 36.56146158 ], [ -101.54380472, 36.56526955 ], [ -101.58357903, 36.56980733 ], [ -101.62335333, 36.5749559 ], [ -101.66312764, 36.58148299 ], [ -101.70290194, 36.59083289 ], [ -101.70743863, 36.59236206 ], [ -101.74267625, 36.60374392 ], [ -101.78245055, 36.62189934 ], [ -101.79836843, 36.63213636 ], [ -101.82222486, 36.64698099 ], [ -101.85068295, 36.67191068 ], [ -101.86199916, 36.6816434 ], [ -101.88691105, 36.71168498 ], [ -101.90177347, 36.73015413 ], [ -101.91406934, 36.7514593 ], [ -101.93441809, 36.79123359 ], [ -101.9415478, 36.80663145 ], [ -101.95157237, 36.83100789 ], [ -101.967851, 36.87078221 ], [ -101.9813221, 36.90324823 ], [ -101.98437125, 36.91055651 ], [ -102.00108862, 36.95033083 ], [ -102.01825497, 36.99010513 ], [ -102.02109641, 36.99631227 ], [ -102.03668315, 37.02987943 ], [ -102.05617899, 37.06965375 ], [ -102.06087071, 37.07845009 ], [ -102.07725673, 37.10942804 ], [ -102.09849017, 37.14920236 ], [ -102.10064502, 37.15456453 ], [ -102.11334226, 37.18897666 ], [ -102.11630707, 37.22875096 ], [ -102.10282198, 37.26852528 ], [ -102.10064502, 37.27063997 ], [ -102.06087071, 37.30438969 ], [ -102.05603603, 37.30829958 ], [ -102.02109641, 37.33963436 ], [ -102.00973988, 37.34807387 ], [ -101.9813221, 37.37149014 ], [ -101.94962043, 37.3878482 ], [ -101.9415478, 37.39289848 ], [ -101.90177347, 37.4050297 ], [ -101.86199916, 37.40757333 ], [ -101.82222486, 37.40374636 ], [ -101.78245055, 37.39921963 ], [ -101.74267625, 37.39962218 ], [ -101.70290194, 37.41187436 ], [ -101.66312764, 37.42438026 ], [ -101.64557986, 37.42762249 ], [ -101.62335333, 37.43237426 ], [ -101.58357903, 37.4369801 ], [ -101.54380472, 37.44120508 ], [ -101.50403041, 37.44595256 ], [ -101.46425611, 37.45103301 ], [ -101.4244818, 37.4562234 ], [ -101.3847075, 37.46139185 ], [ -101.34493319, 37.46665581 ], [ -101.33939855, 37.46739681 ], [ -101.30515889, 37.47364841 ], [ -101.26538458, 37.48169837 ], [ -101.22561028, 37.49133285 ], [ -101.18583595, 37.50368446 ], [ -101.17679652, 37.50717111 ], [ -101.14606164, 37.52556099 ], [ -101.11944176, 37.54694541 ], [ -101.10628734, 37.56428534 ], [ -101.09242339, 37.58671973 ], [ -101.07551507, 37.62649403 ], [ -101.06651303, 37.65101023 ], [ -101.06131644, 37.66626835 ], [ -101.05007587, 37.70604265 ], [ -101.0385441, 37.74581694 ], [ -101.02673873, 37.77916909 ], [ -101.02431557, 37.78559126 ], [ -101.00437687, 37.82536556 ], [ -100.98696442, 37.85129746 ], [ -100.97588097, 37.86513988 ], [ -100.94719012, 37.8952808 ], [ -100.93578651, 37.90491418 ], [ -100.90741581, 37.92820807 ], [ -100.8825644, 37.94468848 ], [ -100.86764151, 37.95629518 ], [ -100.8278672, 37.97983403 ], [ -100.81882796, 37.9844628 ], [ -100.7880929, 38.00548159 ], [ -100.76762038, 38.0242371 ], [ -100.74831859, 38.0304102 ], [ -100.70854429, 38.05641224 ], [ -100.69841207, 38.06401142 ], [ -100.66876998, 38.08130264 ], [ -100.63204365, 38.10378571 ], [ -100.62899568, 38.10536196 ], [ -100.58922137, 38.12941246 ], [ -100.56622702, 38.14356001 ], [ -100.54944707, 38.15334522 ], [ -100.50967274, 38.17730451 ], [ -100.49978328, 38.18333433 ], [ -100.46989843, 38.20223111 ], [ -100.43604777, 38.22310863 ], [ -100.43012413, 38.22711226 ], [ -100.39034982, 38.25271208 ], [ -100.37351096, 38.26288293 ], [ -100.35057552, 38.27910833 ], [ -100.31486777, 38.30265725 ], [ -100.31080121, 38.30602026 ], [ -100.27102691, 38.33557282 ], [ -100.2605403, 38.34243155 ], [ -100.2312526, 38.36868046 ], [ -100.21358741, 38.38220587 ], [ -100.1914783, 38.40764327 ], [ -100.1760194, 38.42198016 ], [ -100.15170399, 38.45893537 ], [ -100.14919443, 38.46175446 ], [ -100.12896129, 38.50152878 ], [ -100.12033715, 38.54130308 ], [ -100.12352845, 38.5810774 ], [ -100.12803848, 38.6208517 ], [ -100.11192969, 38.62262362 ], [ -100.07215538, 38.62155763 ], [ -100.06096132, 38.6208517 ], [ -100.03238107, 38.61707691 ], [ -99.99260677, 38.61015383 ], [ -99.95283246, 38.60429722 ], [ -99.91305816, 38.59925485 ], [ -99.87328385, 38.59424131 ], [ -99.83350953, 38.58815359 ], [ -99.79373522, 38.58195279 ], [ -99.77465734, 38.5810774 ], [ -99.75396091, 38.57955017 ], [ -99.74062333, 38.5810774 ], [ -99.71418661, 38.58342851 ], [ -99.6744123, 38.5813866 ], [ -99.67327937, 38.5810774 ], [ -99.634638, 38.56446105 ], [ -99.60711564, 38.54130308 ], [ -99.59486369, 38.51260485 ], [ -99.59154983, 38.50152878 ], [ -99.59486369, 38.48344873 ], [ -99.59921534, 38.46175446 ], [ -99.63166973, 38.42198016 ], [ -99.634638, 38.41958762 ], [ -99.6744123, 38.40245449 ], [ -99.71418661, 38.38803903 ], [ -99.72625296, 38.38220587 ], [ -99.75396091, 38.36666456 ], [ -99.78206757, 38.34243155 ], [ -99.79373522, 38.33026643 ], [ -99.81456319, 38.30265725 ], [ -99.82482542, 38.26288293 ], [ -99.82243067, 38.22310863 ], [ -99.81482902, 38.18333433 ], [ -99.80405185, 38.14356001 ], [ -99.79373522, 38.11024115 ], [ -99.79176801, 38.10378571 ], [ -99.77854545, 38.06401142 ], [ -99.76524779, 38.0242371 ], [ -99.75396091, 37.98963871 ], [ -99.75223563, 37.9844628 ], [ -99.7393647, 37.94468848 ], [ -99.72708017, 37.90491418 ], [ -99.71523194, 37.86513988 ], [ -99.71418661, 37.86138325 ], [ -99.70358835, 37.82536556 ], [ -99.692635, 37.78559126 ], [ -99.68226101, 37.74581694 ], [ -99.6744123, 37.71380652 ], [ -99.67227777, 37.70604265 ], [ -99.66198593, 37.66626835 ], [ -99.65194687, 37.62649403 ], [ -99.64210678, 37.58671973 ], [ -99.634638, 37.55684442 ], [ -99.6317996, 37.54694541 ], [ -99.62011879, 37.50717111 ], [ -99.60709141, 37.46739681 ], [ -99.59486369, 37.43390952 ], [ -99.59227838, 37.42762249 ], [ -99.57489527, 37.3878482 ], [ -99.55573957, 37.34807387 ], [ -99.55508939, 37.34678036 ], [ -99.5344359, 37.30829958 ], [ -99.51531508, 37.27445572 ], [ -99.5119068, 37.26852528 ], [ -99.48951749, 37.22875096 ], [ -99.47554078, 37.20385498 ], [ -99.46733205, 37.18897666 ], [ -99.44596207, 37.14920236 ], [ -99.43576647, 37.1294985 ], [ -99.42584272, 37.10942804 ], [ -99.4068395, 37.06965375 ], [ -99.39599217, 37.04584278 ], [ -99.38917443, 37.02987943 ], [ -99.37313533, 36.99010513 ], [ -99.35827593, 36.95033083 ], [ -99.35621786, 36.94451456 ], [ -99.34489845, 36.91055651 ], [ -99.33271458, 36.87078221 ], [ -99.32173856, 36.83100789 ], [ -99.31644356, 36.80952224 ], [ -99.31217896, 36.79123359 ], [ -99.30443874, 36.7514593 ], [ -99.298142, 36.71168498 ], [ -99.29355866, 36.67191068 ], [ -99.29096241, 36.63213636 ], [ -99.29044591, 36.59236206 ], [ -99.29060508, 36.55258776 ], [ -99.29076041, 36.51281344 ], [ -99.29097012, 36.47303914 ], [ -99.29169874, 36.43326482 ], [ -99.29316361, 36.39349053 ], [ -99.29423585, 36.35371623 ], [ -99.29470399, 36.31394191 ], [ -99.29443452, 36.27416761 ], [ -99.29335289, 36.23439331 ], [ -99.29104239, 36.19461899 ], [ -99.28732307, 36.15484469 ], [ -99.28187877, 36.11507037 ], [ -99.27666925, 36.08670753 ], [ -99.27459861, 36.07529608 ], [ -99.26511565, 36.03552178 ], [ -99.25476038, 35.99574746 ], [ -99.24430866, 35.95597316 ], [ -99.23689495, 35.92742472 ], [ -99.2339797, 35.91619884 ], [ -99.2239516, 35.87642454 ], [ -99.21447115, 35.83665024 ], [ -99.20576757, 35.79687592 ], [ -99.19808629, 35.75710163 ], [ -99.19712064, 35.75157269 ], [ -99.19111893, 35.71732731 ], [ -99.18550412, 35.67755301 ], [ -99.1809419, 35.63777871 ], [ -99.17773864, 35.59800439 ], [ -99.17575113, 35.55823009 ], [ -99.17480161, 35.5184558 ], [ -99.17492064, 35.47868147 ], [ -99.17602132, 35.43890718 ], [ -99.17800818, 35.39913286 ], [ -99.18059373, 35.35935856 ], [ -99.18398, 35.31958426 ], [ -99.18794331, 35.27980994 ], [ -99.19233572, 35.24003564 ], [ -99.19670463, 35.20026132 ], [ -99.19712064, 35.19683015 ], [ -99.20152537, 35.16048702 ], [ -99.20594442, 35.12071273 ], [ -99.21003727, 35.08093841 ], [ -99.2135093, 35.04116411 ], [ -99.21610961, 35.00138979 ], [ -99.21750181, 34.96161549 ], [ -99.21724285, 34.92184119 ], [ -99.2147059, 34.88206687 ], [ -99.20912068, 34.84229257 ], [ -99.19995173, 34.80251825 ], [ -99.19712064, 34.79097622 ], [ -99.19168324, 34.76274396 ], [ -99.19177368, 34.72296966 ], [ -99.19712064, 34.71219937 ], [ -99.21238584, 34.68319534 ], [ -99.23689495, 34.66313558 ], [ -99.25906531, 34.64342104 ], [ -99.27666925, 34.62742249 ], [ -99.30204069, 34.60364674 ], [ -99.31644356, 34.59320376 ], [ -99.35621786, 34.58850805 ], [ -99.39599217, 34.59917669 ], [ -99.43151752, 34.60364674 ], [ -99.43576647, 34.60417095 ], [ -99.4435792, 34.60364674 ], [ -99.47554078, 34.60213176 ], [ -99.51531508, 34.59517993 ], [ -99.55508939, 34.58097778 ], [ -99.58319101, 34.56387242 ], [ -99.59486369, 34.55708691 ], [ -99.634638, 34.52497387 ], [ -99.63550084, 34.52409812 ], [ -99.6744123, 34.48482961 ], [ -99.67484303, 34.4843238 ], [ -99.7079717, 34.44454951 ], [ -99.71418661, 34.43667831 ], [ -99.73792917, 34.40477521 ], [ -99.75396091, 34.38149355 ], [ -99.76728053, 34.36500089 ], [ -99.79373522, 34.33133794 ], [ -99.80033989, 34.32522659 ], [ -99.83350953, 34.29306645 ], [ -99.84478375, 34.28545227 ], [ -99.87328385, 34.26517585 ], [ -99.91305816, 34.24689151 ], [ -99.91638614, 34.24567797 ], [ -99.95283246, 34.22964157 ], [ -99.99260677, 34.2133228 ], [ -100.01399745, 34.20590368 ], [ -100.03238107, 34.19860479 ], [ -100.07215538, 34.18668447 ], [ -100.11192969, 34.17908357 ], [ -100.15170399, 34.17549 ], [ -100.1914783, 34.17563412 ], [ -100.2312526, 34.17927439 ], [ -100.27102691, 34.18610775 ], [ -100.31080121, 34.19582583 ], [ -100.34292434, 34.20590368 ], [ -100.35057552, 34.20800398 ], [ -100.39034982, 34.22098983 ], [ -100.43012413, 34.23533246 ], [ -100.45659007, 34.24567797 ], [ -100.46989843, 34.25036598 ], [ -100.50967274, 34.26528234 ], [ -100.54944707, 34.28064929 ], [ -100.56146057, 34.28545227 ], [ -100.58922137, 34.29559125 ], [ -100.62899568, 34.31003673 ], [ -100.66876998, 34.32438049 ], [ -100.67108949, 34.32522659 ], [ -100.70854429, 34.3382626 ], [ -100.74831859, 34.35210414 ], [ -100.78592889, 34.36500089 ], [ -100.7880929, 34.36571577 ], [ -100.8278672, 34.37845497 ], [ -100.86764151, 34.3905272 ], [ -100.90741581, 34.40168415 ], [ -100.91977006, 34.40477521 ], [ -100.94719012, 34.41148505 ], [ -100.98696442, 34.42024582 ], [ -101.02673873, 34.4279317 ], [ -101.06651303, 34.4342839 ], [ -101.10628734, 34.43889877 ], [ -101.14606164, 34.44131937 ], [ -101.18583595, 34.44091489 ], [ -101.22561028, 34.43702495 ], [ -101.26538458, 34.42878632 ], [ -101.30515889, 34.41514481 ], [ -101.32640872, 34.40477521 ], [ -101.34493319, 34.39581831 ], [ -101.3847075, 34.37253016 ], [ -101.39606047, 34.36500089 ], [ -101.4244818, 34.34740075 ], [ -101.46091309, 34.32522659 ], [ -101.46425611, 34.32361924 ], [ -101.50403041, 34.31113746 ], [ -101.54380472, 34.30534145 ], [ -101.58357903, 34.30330691 ], [ -101.62335333, 34.30342859 ], [ -101.66312764, 34.30249136 ], [ -101.70290194, 34.29646364 ], [ -101.73937568, 34.28545227 ], [ -101.74267625, 34.2843007 ], [ -101.78245055, 34.26873934 ], [ -101.82222486, 34.25229999 ], [ -101.83785417, 34.24567797 ], [ -101.86199916, 34.23464619 ], [ -101.90177347, 34.21626601 ], [ -101.92383916, 34.20590368 ], [ -101.9415478, 34.19699697 ], [ -101.9813221, 34.17676813 ], [ -102.00186712, 34.16612935 ], [ -102.02109641, 34.15557142 ], [ -102.06087071, 34.13348525 ], [ -102.0734971, 34.12635506 ], [ -102.10064502, 34.11028268 ], [ -102.14017324, 34.08658074 ], [ -102.14041932, 34.08642678 ], [ -102.18019363, 34.06134137 ], [ -102.20295374, 34.04680644 ], [ -102.21996793, 34.03555089 ], [ -102.25974224, 34.00903678 ], [ -102.26271863, 34.00703214 ], [ -102.29951654, 33.9815954 ], [ -102.32010106, 33.96725782 ], [ -102.33929085, 33.95357449 ], [ -102.37566126, 33.92748352 ], [ -102.37906515, 33.92499605 ], [ -102.41883946, 33.89578139 ], [ -102.42976205, 33.8877092 ], [ -102.45861376, 33.86607841 ], [ -102.48270689, 33.8479349 ], [ -102.49838807, 33.83599321 ], [ -102.53477514, 33.80816061 ], [ -102.53816237, 33.80554614 ], [ -102.57793668, 33.77472726 ], [ -102.58606966, 33.76838629 ], [ -102.61771101, 33.74363285 ], [ -102.63680091, 33.72861199 ], [ -102.65748531, 33.71228096 ], [ -102.68692338, 33.68883769 ], [ -102.69725962, 33.67889298 ], [ -102.70720431, 33.68883769 ], [ -102.70720969, 33.72861199 ], [ -102.73703392, 33.75842665 ], [ -102.74699356, 33.76838629 ], [ -102.77680823, 33.79819188 ], [ -102.77680823, 33.79820946 ], [ -102.73703392, 33.78012419 ], [ -102.70203034, 33.80816061 ], [ -102.69725962, 33.81200019 ], [ -102.65748531, 33.84343349 ], [ -102.65170837, 33.8479349 ], [ -102.61771101, 33.8744879 ], [ -102.60044644, 33.8877092 ], [ -102.57793668, 33.90494739 ], [ -102.54795872, 33.92748352 ], [ -102.53816237, 33.93482219 ], [ -102.49838807, 33.96411023 ], [ -102.49407234, 33.96725782 ], [ -102.45861376, 33.99288674 ], [ -102.43863986, 34.00703214 ], [ -102.41883946, 34.02091438 ], [ -102.38101015, 34.04680644 ], [ -102.37906515, 34.0481216 ], [ -102.33929085, 34.07466206 ], [ -102.32099616, 34.08658074 ], [ -102.29951654, 34.10031253 ], [ -102.25974224, 34.12499953 ], [ -102.25753701, 34.12635506 ], [ -102.21996793, 34.1488376 ], [ -102.18999357, 34.16612935 ], [ -102.18019363, 34.17161619 ], [ -102.14041932, 34.19338053 ], [ -102.11678377, 34.20590368 ], [ -102.10064502, 34.21413716 ], [ -102.06087071, 34.23379401 ], [ -102.03602055, 34.24567797 ], [ -102.02109641, 34.2525172 ], [ -101.9813221, 34.27018733 ], [ -101.94553433, 34.28545227 ], [ -101.9415478, 34.28708314 ], [ -101.90177347, 34.30307185 ], [ -101.86199916, 34.31840758 ], [ -101.84388823, 34.32522659 ], [ -101.82222486, 34.33320147 ], [ -101.78245055, 34.34707096 ], [ -101.74267625, 34.35739748 ], [ -101.70290194, 34.36141483 ], [ -101.66312764, 34.36201055 ], [ -101.62335333, 34.363797 ], [ -101.61122731, 34.36500089 ], [ -101.58357903, 34.36865484 ], [ -101.54380472, 34.38012482 ], [ -101.50403041, 34.40227237 ], [ -101.50039602, 34.40477521 ], [ -101.46425611, 34.43399994 ], [ -101.45015792, 34.44454951 ], [ -101.4244818, 34.46502184 ], [ -101.3954584, 34.4843238 ], [ -101.3847075, 34.49173451 ], [ -101.34493319, 34.51323968 ], [ -101.31673983, 34.52409812 ], [ -101.30515889, 34.52867347 ], [ -101.26538458, 34.53924327 ], [ -101.22561028, 34.54439533 ], [ -101.18583595, 34.54513476 ], [ -101.14606164, 34.54254666 ], [ -101.10628734, 34.53744582 ], [ -101.06651303, 34.53041647 ], [ -101.0372808, 34.52409812 ], [ -101.02673873, 34.52196671 ], [ -100.98696442, 34.512691 ], [ -100.94719012, 34.50256456 ], [ -100.90741581, 34.49173675 ], [ -100.88149162, 34.4843238 ], [ -100.86764151, 34.48052181 ], [ -100.8278672, 34.46923655 ], [ -100.7880929, 34.45752807 ], [ -100.74831859, 34.4454153 ], [ -100.74550927, 34.44454951 ], [ -100.70854429, 34.43299986 ], [ -100.66876998, 34.4205055 ], [ -100.62899568, 34.40816578 ], [ -100.61764962, 34.40477521 ], [ -100.58922137, 34.39610623 ], [ -100.54944707, 34.38470351 ], [ -100.50967274, 34.37388686 ], [ -100.47577436, 34.36500089 ], [ -100.46989843, 34.3633638 ], [ -100.43012413, 34.35305422 ], [ -100.39034982, 34.34356787 ], [ -100.35057552, 34.33526353 ], [ -100.31080121, 34.32848974 ], [ -100.28424529, 34.32522659 ], [ -100.27102691, 34.32348022 ], [ -100.2312526, 34.32082218 ], [ -100.1914783, 34.32110076 ], [ -100.15170399, 34.32425106 ], [ -100.14501039, 34.32522659 ], [ -100.11192969, 34.32961487 ], [ -100.07215538, 34.33669874 ], [ -100.03238107, 34.34488323 ], [ -99.99260677, 34.35438608 ], [ -99.95912147, 34.36500089 ], [ -99.95283246, 34.36697672 ], [ -99.91305816, 34.38321193 ], [ -99.8735187, 34.40477521 ], [ -99.87328385, 34.40490301 ], [ -99.83350953, 34.43265246 ], [ -99.82055251, 34.44454951 ], [ -99.79373522, 34.47016555 ], [ -99.78202846, 34.4843238 ], [ -99.75396091, 34.51973611 ], [ -99.7505385, 34.52409812 ], [ -99.72031887, 34.56387242 ], [ -99.71418661, 34.5724801 ], [ -99.68941566, 34.60364674 ], [ -99.6744123, 34.62404783 ], [ -99.65740052, 34.64342104 ], [ -99.634638, 34.67615996 ], [ -99.62875061, 34.68319534 ], [ -99.61233414, 34.72296966 ], [ -99.60322555, 34.76274396 ], [ -99.59486369, 34.78980682 ], [ -99.59010276, 34.80251825 ], [ -99.57472919, 34.84229257 ], [ -99.55996121, 34.88206687 ], [ -99.55508939, 34.8958285 ], [ -99.54499649, 34.92184119 ], [ -99.53076648, 34.96161549 ], [ -99.51755125, 35.00138979 ], [ -99.51531508, 35.00854007 ], [ -99.50450718, 35.04116411 ], [ -99.49265349, 35.08093841 ], [ -99.48228384, 35.12071273 ], [ -99.47554078, 35.15076079 ], [ -99.47326402, 35.16048702 ], [ -99.46544544, 35.20026132 ], [ -99.45925372, 35.24003564 ], [ -99.45468958, 35.27980994 ], [ -99.45189908, 35.31958426 ], [ -99.45100405, 35.35935856 ], [ -99.4519593, 35.39913286 ], [ -99.45500878, 35.43890718 ], [ -99.46021942, 35.47868147 ], [ -99.46761609, 35.5184558 ], [ -99.47554078, 35.55091664 ], [ -99.47737354, 35.55823009 ], [ -99.48937896, 35.59800439 ], [ -99.50367916, 35.63777871 ], [ -99.51531508, 35.66604798 ], [ -99.52027305, 35.67755301 ], [ -99.5391476, 35.71732731 ], [ -99.55508939, 35.74796395 ], [ -99.5601067, 35.75710163 ], [ -99.58325717, 35.79687592 ], [ -99.59486369, 35.81589087 ], [ -99.60832157, 35.83665024 ], [ -99.634638, 35.87539001 ], [ -99.63538728, 35.87642454 ], [ -99.66429304, 35.91619884 ], [ -99.6744123, 35.92999784 ], [ -99.69490758, 35.95597316 ], [ -99.71418661, 35.9801484 ], [ -99.72752695, 35.99574746 ], [ -99.75396091, 36.02682154 ], [ -99.76226369, 36.03552178 ], [ -99.79373522, 36.06958732 ], [ -99.80035307, 36.07529608 ], [ -99.83350953, 36.10538577 ], [ -99.84770809, 36.11507037 ], [ -99.87328385, 36.13369975 ], [ -99.91177205, 36.15484469 ], [ -99.91305816, 36.15561809 ], [ -99.95283246, 36.17877973 ], [ -99.98260222, 36.19461899 ], [ -99.99260677, 36.20042584 ], [ -100.03238107, 36.22040028 ], [ -100.06819391, 36.23439331 ], [ -100.07215538, 36.23594116 ], [ -100.11192969, 36.24442489 ], [ -100.15170399, 36.24606531 ], [ -100.1914783, 36.24261143 ], [ -100.2312526, 36.2353778 ], [ -100.23477889, 36.23439331 ], [ -100.27102691, 36.22549325 ], [ -100.31080121, 36.21219669 ], [ -100.35057552, 36.19530112 ], [ -100.351871, 36.19461899 ], [ -100.39034982, 36.17637628 ], [ -100.42788063, 36.15484469 ], [ -100.43012413, 36.15366989 ], [ -100.46989843, 36.12899531 ], [ -100.48886164, 36.11507037 ], [ -100.50967274, 36.10088755 ], [ -100.54202192, 36.07529608 ], [ -100.54944707, 36.0697986 ], [ -100.58922137, 36.0358983 ], [ -100.58960937, 36.03552178 ], [ -100.62899568, 35.99954974 ], [ -100.63269487, 35.99574746 ], [ -100.66876998, 35.96052114 ], [ -100.67293794, 35.95597316 ], [ -100.70854429, 35.91886642 ], [ -100.71086616, 35.91619884 ], [ -100.74706982, 35.87642454 ], [ -100.74831859, 35.87510974 ], [ -100.78180194, 35.83665024 ], [ -100.7880929, 35.82968745 ], [ -100.81551356, 35.79687592 ], [ -100.8278672, 35.78261286 ], [ -100.84853757, 35.75710163 ], [ -100.86764151, 35.73416818 ], [ -100.88084353, 35.71732731 ], [ -100.90741581, 35.68411189 ], [ -100.91240458, 35.67755301 ], [ -100.94343847, 35.63777871 ], [ -100.94719012, 35.63310875 ], [ -100.97425437, 35.59800439 ], [ -100.98696442, 35.58202022 ], [ -101.00531895, 35.55823009 ], [ -101.02673873, 35.53144487 ], [ -101.03688772, 35.5184558 ], [ -101.06651303, 35.48210494 ], [ -101.06926524, 35.47868147 ], [ -101.10280575, 35.43890718 ], [ -101.10628734, 35.43498221 ], [ -101.13799195, 35.39913286 ], [ -101.14606164, 35.39040816 ], [ -101.17512933, 35.35935856 ], [ -101.18583595, 35.34819381 ], [ -101.2138245, 35.31958426 ], [ -101.22561028, 35.30751788 ], [ -101.25336226, 35.27980994 ], [ -101.26538458, 35.26759341 ], [ -101.29316681, 35.24003564 ], [ -101.30515889, 35.22740589 ], [ -101.33171133, 35.20026132 ], [ -101.34493319, 35.18574892 ], [ -101.36870655, 35.16048702 ], [ -101.3847075, 35.1421321 ], [ -101.40419022, 35.12071273 ], [ -101.4244818, 35.09642426 ], [ -101.4380834, 35.08093841 ], [ -101.46425611, 35.04869771 ], [ -101.47079442, 35.04116411 ], [ -101.50403041, 35.00223046 ], [ -101.50485923, 35.00138979 ], [ -101.54380472, 34.96578728 ], [ -101.54962525, 34.96161549 ], [ -101.58357903, 34.94189272 ], [ -101.62335333, 34.92836763 ], [ -101.66312764, 34.92258849 ], [ -101.66745278, 34.92184119 ], [ -101.70290194, 34.91595985 ], [ -101.74267625, 34.90783245 ], [ -101.78245055, 34.89885174 ], [ -101.82222486, 34.8882049 ], [ -101.84334546, 34.88206687 ], [ -101.86199916, 34.87693357 ], [ -101.90177347, 34.87259761 ], [ -101.9415478, 34.8762316 ], [ -101.9813221, 34.87657131 ], [ -102.02109641, 34.87666081 ], [ -102.04563344, 34.88206687 ], [ -102.06087071, 34.88693608 ], [ -102.10064502, 34.90730669 ], [ -102.12370333, 34.92184119 ], [ -102.14041932, 34.93323363 ], [ -102.18019363, 34.96091877 ], [ -102.18123951, 34.96161549 ], [ -102.21996793, 34.98613964 ], [ -102.24265642, 35.00138979 ], [ -102.25974224, 35.01661113 ], [ -102.27712241, 35.04116411 ], [ -102.29951654, 35.07815855 ], [ -102.3018985, 35.08093841 ], [ -102.33929085, 35.11767349 ], [ -102.34368659, 35.12071273 ], [ -102.37906515, 35.14447745 ], [ -102.40919743, 35.16048702 ], [ -102.41883946, 35.16564911 ], [ -102.45861376, 35.18331528 ], [ -102.49838807, 35.19831339 ], [ -102.50444439, 35.20026132 ], [ -102.53816237, 35.21132191 ], [ -102.57793668, 35.22241938 ], [ -102.61771101, 35.23194147 ], [ -102.65748531, 35.23979219 ], [ -102.65890719, 35.24003564 ], [ -102.69725962, 35.24672347 ], [ -102.73703392, 35.25209083 ], [ -102.77680823, 35.25631949 ], [ -102.81658253, 35.2593682 ], [ -102.85635684, 35.26133894 ], [ -102.89613114, 35.262309 ], [ -102.93590545, 35.26227191 ], [ -102.97567976, 35.26134494 ], [ -103.01545406, 35.25953407 ], [ -103.05522837, 35.25684314 ], [ -103.09500267, 35.25333929 ], [ -103.13477698, 35.24906879 ], [ -103.17455128, 35.24407011 ], [ -103.20340415, 35.24003564 ], [ -103.21432559, 35.23851172 ], [ -103.25409989, 35.23244503 ], [ -103.29387422, 35.22587538 ], [ -103.33364853, 35.21869534 ], [ -103.37342283, 35.21096907 ], [ -103.41319714, 35.2029378 ], [ -103.42597493, 35.20026132 ], [ -103.45297144, 35.19461931 ], [ -103.49274575, 35.18596761 ], [ -103.53252005, 35.1768426 ], [ -103.57229436, 35.16741297 ], [ -103.5822384, 35.16048702 ], [ -103.58225597, 35.16048702 ], [ -103.61206866, 35.19030297 ], [ -103.62202702, 35.20026132 ], [ -103.62202449, 35.24003564 ], [ -103.65184297, 35.26985717 ], [ -103.66179573, 35.27980994 ], [ -103.66179337, 35.31958426 ], [ -103.69161727, 35.34941098 ], [ -103.70156486, 35.35935856 ] ], [ [ -100.80356476, 37.58671973 ], [ -100.80324662, 37.62649403 ], [ -100.79562288, 37.66626835 ], [ -100.7880929, 37.68380441 ], [ -100.78430695, 37.70604265 ], [ -100.77223195, 37.74581694 ], [ -100.7550616, 37.78559126 ], [ -100.74831859, 37.79960279 ], [ -100.74119385, 37.82536556 ], [ -100.72808868, 37.86513988 ], [ -100.71055612, 37.90491418 ], [ -100.70854429, 37.90865608 ], [ -100.68596126, 37.94468848 ], [ -100.66876998, 37.96592067 ], [ -100.65220793, 37.9844628 ], [ -100.62899568, 38.00646066 ], [ -100.6089499, 38.0242371 ], [ -100.58922137, 38.04019899 ], [ -100.55722111, 38.06401142 ], [ -100.54944707, 38.06944354 ], [ -100.50967274, 38.09544898 ], [ -100.49593806, 38.10378571 ], [ -100.46989843, 38.11926922 ], [ -100.43012413, 38.14137353 ], [ -100.42573778, 38.14356001 ], [ -100.39034982, 38.16152875 ], [ -100.35057552, 38.17999903 ], [ -100.34210247, 38.18333433 ], [ -100.31080121, 38.1964113 ], [ -100.27102691, 38.20959763 ], [ -100.2312526, 38.21965258 ], [ -100.19937548, 38.22310863 ], [ -100.1914783, 38.22403579 ], [ -100.18029078, 38.22310863 ], [ -100.15170399, 38.21950523 ], [ -100.11192969, 38.19864377 ], [ -100.09568833, 38.18333433 ], [ -100.07215538, 38.15739557 ], [ -100.06194189, 38.14356001 ], [ -100.03646444, 38.10378571 ], [ -100.03238107, 38.09652109 ], [ -100.01526381, 38.06401142 ], [ -99.99704459, 38.0242371 ], [ -99.99260677, 38.01301981 ], [ -99.98150749, 37.9844628 ], [ -99.96831839, 37.94468848 ], [ -99.95735653, 37.90491418 ], [ -99.95283246, 37.88389759 ], [ -99.94875474, 37.86513988 ], [ -99.94241769, 37.82536556 ], [ -99.93817584, 37.78559126 ], [ -99.9361413, 37.74581694 ], [ -99.93659261, 37.70604265 ], [ -99.93999537, 37.66626835 ], [ -99.94674864, 37.62649403 ], [ -99.95283246, 37.60343373 ], [ -99.95761444, 37.58671973 ], [ -99.97372546, 37.54694541 ], [ -99.99260677, 37.51323574 ], [ -99.99641709, 37.50717111 ], [ -100.02821272, 37.46739681 ], [ -100.03238107, 37.46292592 ], [ -100.07215538, 37.4280509 ], [ -100.07275555, 37.42762249 ], [ -100.11192969, 37.40259455 ], [ -100.14357071, 37.3878482 ], [ -100.15170399, 37.38431908 ], [ -100.1914783, 37.37106031 ], [ -100.2312526, 37.36218679 ], [ -100.27102691, 37.35685044 ], [ -100.31080121, 37.35429755 ], [ -100.35057552, 37.3540646 ], [ -100.39034982, 37.35549467 ], [ -100.43012413, 37.35789406 ], [ -100.46989843, 37.35960495 ], [ -100.50967274, 37.35587739 ], [ -100.54944707, 37.34849659 ], [ -100.58922137, 37.37256709 ], [ -100.61578771, 37.3878482 ], [ -100.62899568, 37.39607804 ], [ -100.66876998, 37.41327017 ], [ -100.70418057, 37.42762249 ], [ -100.70854429, 37.42995731 ], [ -100.74831859, 37.45415797 ], [ -100.76226864, 37.46739681 ], [ -100.78493311, 37.50717111 ], [ -100.7880929, 37.51894545 ], [ -100.79546126, 37.54694541 ], [ -100.80356476, 37.58671973 ] ], [ [ -102.05121211, 37.18897666 ], [ -102.04830847, 37.22875096 ], [ -102.02109641, 37.26050202 ], [ -102.01187038, 37.26852528 ], [ -101.9813221, 37.29023864 ], [ -101.9421685, 37.30829958 ], [ -101.9415478, 37.30859251 ], [ -101.90177347, 37.31750158 ], [ -101.86199916, 37.32020021 ], [ -101.82222486, 37.31876323 ], [ -101.78245055, 37.31666708 ], [ -101.74267625, 37.32079495 ], [ -101.70290194, 37.33259742 ], [ -101.66312764, 37.34430724 ], [ -101.64670968, 37.34807387 ], [ -101.62335333, 37.35343236 ], [ -101.58357903, 37.35943485 ], [ -101.54380472, 37.36237021 ], [ -101.50403041, 37.3635886 ], [ -101.46425611, 37.3642809 ], [ -101.4244818, 37.36486027 ], [ -101.3847075, 37.36515827 ], [ -101.34493319, 37.36495339 ], [ -101.30515889, 37.36412317 ], [ -101.26538458, 37.36252347 ], [ -101.22561028, 37.3600354 ], [ -101.18583595, 37.3562564 ], [ -101.14606164, 37.35102649 ], [ -101.12711568, 37.34807387 ], [ -101.10628734, 37.34300134 ], [ -101.06651303, 37.33136662 ], [ -101.02673873, 37.31615348 ], [ -101.0104953, 37.30829958 ], [ -100.98696442, 37.28241572 ], [ -100.97686233, 37.26852528 ], [ -100.96308806, 37.22875096 ], [ -100.95754049, 37.18897666 ], [ -100.95684501, 37.14920236 ], [ -100.96055362, 37.10942804 ], [ -100.96843751, 37.06965375 ], [ -100.98133857, 37.02987943 ], [ -100.98696442, 37.01792443 ], [ -100.99987713, 36.99010513 ], [ -101.02589494, 36.95033083 ], [ -101.02673873, 36.94933623 ], [ -101.06049129, 36.91055651 ], [ -101.06651303, 36.90502632 ], [ -101.10553562, 36.87078221 ], [ -101.10628734, 36.87023124 ], [ -101.14606164, 36.84223638 ], [ -101.16319522, 36.83100789 ], [ -101.18583595, 36.81806301 ], [ -101.22561028, 36.79699855 ], [ -101.23709134, 36.79123359 ], [ -101.26538458, 36.77841747 ], [ -101.30515889, 36.76159258 ], [ -101.3306077, 36.7514593 ], [ -101.34493319, 36.74620419 ], [ -101.3847075, 36.73295569 ], [ -101.4244818, 36.72371837 ], [ -101.46425611, 36.71748524 ], [ -101.50403041, 36.7135191 ], [ -101.53894177, 36.71168498 ], [ -101.54380472, 36.71144592 ], [ -101.56540646, 36.71168498 ], [ -101.58357903, 36.71188685 ], [ -101.62335333, 36.71395819 ], [ -101.66312764, 36.71832797 ], [ -101.70290194, 36.72541732 ], [ -101.74267625, 36.73609342 ], [ -101.78162707, 36.7514593 ], [ -101.78245055, 36.75178266 ], [ -101.82222486, 36.77497578 ], [ -101.84115374, 36.79123359 ], [ -101.86199916, 36.80973361 ], [ -101.87732584, 36.83100789 ], [ -101.90177347, 36.87062876 ], [ -101.90184191, 36.87078221 ], [ -101.91896416, 36.91055651 ], [ -101.93692027, 36.95033083 ], [ -101.9415478, 36.96028128 ], [ -101.95400209, 36.99010513 ], [ -101.9716836, 37.02987943 ], [ -101.9813221, 37.0496954 ], [ -101.99048507, 37.06965375 ], [ -102.01070236, 37.10942804 ], [ -102.02109641, 37.12736845 ], [ -102.0328593, 37.14920236 ], [ -102.05121211, 37.18897666 ] ] ] } },
{ "type": "Feature", "properties": { "Lower": 30.0 }, "geometry": { "type": "Polygon", "coordinates": [ [ [ -107.58949932, 43.50312973 ], [ -107.58949932, 43.50314732 ], [ -107.54972502, 43.47866214 ], [ -107.50995071, 43.50876306 ], [ -107.50425013, 43.51309141 ], [ -107.47017641, 43.53896191 ], [ -107.45229998, 43.5528657 ], [ -107.4304021, 43.5698973 ], [ -107.40184145, 43.59264003 ], [ -107.3906278, 43.60156941 ], [ -107.3543203, 43.63241432 ], [ -107.35085347, 43.63521076 ], [ -107.31107917, 43.66565031 ], [ -107.30323288, 43.67218864 ], [ -107.27130486, 43.69831143 ], [ -107.25461962, 43.71196294 ], [ -107.23153055, 43.7305165 ], [ -107.2045233, 43.75173724 ], [ -107.19175625, 43.76159281 ], [ -107.15198194, 43.78905942 ], [ -107.14872812, 43.79151156 ], [ -107.11220764, 43.81990868 ], [ -107.09622563, 43.83128586 ], [ -107.07243333, 43.84822298 ], [ -107.03874863, 43.87106018 ], [ -107.03265903, 43.87511991 ], [ -106.99288472, 43.90178661 ], [ -106.97908641, 43.91083447 ], [ -106.95311042, 43.92759274 ], [ -106.91652164, 43.95060877 ], [ -106.91333611, 43.95258073 ], [ -106.87356181, 43.97678692 ], [ -106.85066375, 43.99038309 ], [ -106.8337875, 44.00024948 ], [ -106.7940132, 44.02299961 ], [ -106.78158085, 44.03015739 ], [ -106.75423889, 44.04639183 ], [ -106.71826263, 44.06993171 ], [ -106.71446459, 44.07234607 ], [ -106.67469026, 44.09652545 ], [ -106.65537932, 44.10970601 ], [ -106.63491595, 44.12389845 ], [ -106.59803078, 44.14948031 ], [ -106.59514165, 44.15148408 ], [ -106.55536734, 44.17971103 ], [ -106.54221847, 44.18925463 ], [ -106.51559304, 44.20889579 ], [ -106.48889541, 44.22902892 ], [ -106.47581873, 44.23889026 ], [ -106.43848457, 44.26880322 ], [ -106.43604443, 44.27067032 ], [ -106.39627012, 44.29887746 ], [ -106.38368089, 44.30857754 ], [ -106.35649582, 44.32952305 ], [ -106.33205802, 44.34835184 ], [ -106.31672151, 44.35997807 ], [ -106.28036428, 44.38812616 ], [ -106.27694721, 44.39077158 ], [ -106.2371729, 44.4215641 ], [ -106.22898828, 44.42790046 ], [ -106.1973986, 44.45235747 ], [ -106.17761414, 44.46767476 ], [ -106.15762429, 44.48315054 ], [ -106.12687883, 44.50744908 ], [ -106.11784998, 44.51447166 ], [ -106.07807568, 44.54540652 ], [ -106.07578641, 44.54722337 ], [ -106.03830137, 44.57697413 ], [ -106.0259197, 44.5869977 ], [ -105.99852705, 44.60882599 ], [ -105.97600635, 44.62677199 ], [ -105.95875274, 44.64052083 ], [ -105.92609303, 44.66654629 ], [ -105.91897844, 44.67221588 ], [ -105.87920413, 44.70391182 ], [ -105.87623943, 44.70632061 ], [ -105.83942982, 44.73576779 ], [ -105.82652125, 44.74609491 ], [ -105.79965552, 44.76758733 ], [ -105.77680295, 44.78586923 ], [ -105.75988121, 44.79961806 ], [ -105.72784971, 44.82564353 ], [ -105.72010691, 44.83183792 ], [ -105.6803326, 44.862673 ], [ -105.67700862, 44.86541782 ], [ -105.6405583, 44.89731217 ], [ -105.63124564, 44.90519214 ], [ -105.60078399, 44.93096832 ], [ -105.58424072, 44.94496644 ], [ -105.56100969, 44.96492993 ], [ -105.53836896, 44.98474074 ], [ -105.52123538, 44.9997328 ], [ -105.49388885, 45.02451506 ], [ -105.48146108, 45.03595669 ], [ -105.45120817, 45.06428936 ], [ -105.44168677, 45.07334995 ], [ -105.40994904, 45.10406368 ], [ -105.40191247, 45.11210024 ], [ -105.37119876, 45.14383798 ], [ -105.36213816, 45.15320066 ], [ -105.33270775, 45.18361227 ], [ -105.32236386, 45.19412581 ], [ -105.29261526, 45.22338659 ], [ -105.28258953, 45.23293481 ], [ -105.25031376, 45.26316089 ], [ -105.24281522, 45.26996734 ], [ -105.2052205, 45.30293521 ], [ -105.20304092, 45.30476219 ], [ -105.16326661, 45.33766559 ], [ -105.15696161, 45.34270951 ], [ -105.12349231, 45.36803768 ], [ -105.10332201, 45.38248381 ], [ -105.083718, 45.39597723 ], [ -105.0439437, 45.42043493 ], [ -105.04106617, 45.42225813 ], [ -105.00416939, 45.44504461 ], [ -104.97245851, 45.46203243 ], [ -104.96439509, 45.46620309 ], [ -104.92462078, 45.48550965 ], [ -104.88959455, 45.50180675 ], [ -104.88484648, 45.5038382 ], [ -104.84507217, 45.51768513 ], [ -104.80529787, 45.53099696 ], [ -104.77176121, 45.54158104 ], [ -104.76552356, 45.54340725 ], [ -104.72574926, 45.55230638 ], [ -104.68597495, 45.56096595 ], [ -104.64620064, 45.56910613 ], [ -104.60642632, 45.57602476 ], [ -104.57355412, 45.58135534 ], [ -104.56665201, 45.58246459 ], [ -104.52687771, 45.58773424 ], [ -104.4871034, 45.59221422 ], [ -104.4473291, 45.59557845 ], [ -104.40755479, 45.59819873 ], [ -104.36778048, 45.59975488 ], [ -104.32800618, 45.60027282 ], [ -104.28823187, 45.59977988 ], [ -104.24845757, 45.59830021 ], [ -104.20868326, 45.5955306 ], [ -104.16890896, 45.59206637 ], [ -104.12913465, 45.58721563 ], [ -104.08936035, 45.58229535 ], [ -104.08456609, 45.58135534 ], [ -104.04958604, 45.57444923 ], [ -104.00981174, 45.56636106 ], [ -103.97003743, 45.55715611 ], [ -103.9302631, 45.54686038 ], [ -103.91234125, 45.54158104 ], [ -103.8904888, 45.53519349 ], [ -103.85071449, 45.52249041 ], [ -103.81094019, 45.5087743 ], [ -103.79254577, 45.50180675 ], [ -103.77116588, 45.49376909 ], [ -103.73139158, 45.47750397 ], [ -103.69625302, 45.46203243 ], [ -103.69161727, 45.46000643 ], [ -103.65184297, 45.44144473 ], [ -103.61375196, 45.42225813 ], [ -103.61206866, 45.42142262 ], [ -103.57229436, 45.40051975 ], [ -103.54020435, 45.38248381 ], [ -103.53252005, 45.37819622 ], [ -103.49274575, 45.3548503 ], [ -103.47326388, 45.34270951 ], [ -103.45297144, 45.3301544 ], [ -103.41319714, 45.30411518 ], [ -103.4114706, 45.30293521 ], [ -103.37342283, 45.27711696 ], [ -103.35388464, 45.26316089 ], [ -103.33364853, 45.24880905 ], [ -103.29950936, 45.22338659 ], [ -103.29387422, 45.21919019 ], [ -103.25409989, 45.18872445 ], [ -103.24777697, 45.18361227 ], [ -103.21432559, 45.15675693 ], [ -103.1987789, 45.14383798 ], [ -103.17455128, 45.12370536 ], [ -103.15168959, 45.10406368 ], [ -103.13477698, 45.08953315 ], [ -103.10632779, 45.06428936 ], [ -103.09500267, 45.05431056 ], [ -103.06222743, 45.02451506 ], [ -103.05522837, 45.01815231 ], [ -103.01983695, 44.98474074 ], [ -103.01545406, 44.9806318 ], [ -102.97850606, 44.94496644 ], [ -102.97567976, 44.94223824 ], [ -102.93811175, 44.90519214 ], [ -102.93590545, 44.90301647 ], [ -102.89856616, 44.86541782 ], [ -102.89613114, 44.8629659 ], [ -102.85981771, 44.82564353 ], [ -102.85635684, 44.82211109 ], [ -102.82155482, 44.78586923 ], [ -102.81658253, 44.78069114 ], [ -102.78400814, 44.74609491 ], [ -102.77680823, 44.73850049 ], [ -102.74669116, 44.70632061 ], [ -102.73703392, 44.69607211 ], [ -102.70956373, 44.66654629 ], [ -102.69725962, 44.6534108 ], [ -102.67246377, 44.62677199 ], [ -102.65748531, 44.61068023 ], [ -102.6354412, 44.5869977 ], [ -102.61771101, 44.56820369 ], [ -102.59804194, 44.54722337 ], [ -102.57793668, 44.52606001 ], [ -102.5600324, 44.50744908 ], [ -102.53816237, 44.48501089 ], [ -102.5211576, 44.46767476 ], [ -102.49838807, 44.44490524 ], [ -102.48105197, 44.42790046 ], [ -102.45861376, 44.40643804 ], [ -102.43895897, 44.38812616 ], [ -102.41883946, 44.36983557 ], [ -102.39405046, 44.34835184 ], [ -102.37906515, 44.33574654 ], [ -102.34485251, 44.30857754 ], [ -102.33929085, 44.30435946 ], [ -102.29951654, 44.2764792 ], [ -102.287262, 44.26880322 ], [ -102.25974224, 44.2524633 ], [ -102.21996793, 44.23243409 ], [ -102.21156005, 44.22902892 ], [ -102.18019363, 44.21726676 ], [ -102.14041932, 44.2068184 ], [ -102.10064502, 44.2016633 ], [ -102.06087071, 44.20182572 ], [ -102.02109641, 44.20785123 ], [ -101.9813221, 44.21953851 ], [ -101.95961036, 44.22902892 ], [ -101.9415478, 44.23647908 ], [ -101.90177347, 44.25584296 ], [ -101.87867039, 44.26880322 ], [ -101.86199916, 44.2776433 ], [ -101.82222486, 44.30139249 ], [ -101.81151086, 44.30857754 ], [ -101.78245055, 44.32667018 ], [ -101.75058647, 44.34835184 ], [ -101.74267625, 44.35331081 ], [ -101.70290194, 44.37741456 ], [ -101.66312764, 44.38557033 ], [ -101.62335333, 44.37936685 ], [ -101.58357903, 44.36260949 ], [ -101.56031669, 44.34835184 ], [ -101.54380472, 44.33062706 ], [ -101.52606478, 44.30857754 ], [ -101.50403041, 44.28820964 ], [ -101.46425611, 44.274025 ], [ -101.43742703, 44.26880322 ], [ -101.4244818, 44.2661121 ], [ -101.3847075, 44.26186517 ], [ -101.34493319, 44.26162157 ], [ -101.30515889, 44.26629455 ], [ -101.29564325, 44.26880322 ], [ -101.26538458, 44.27784962 ], [ -101.22561028, 44.30380549 ], [ -101.22113834, 44.30857754 ], [ -101.20111166, 44.34835184 ], [ -101.19857153, 44.38812616 ], [ -101.21409961, 44.42790046 ], [ -101.2251417, 44.46767476 ], [ -101.21811854, 44.50744908 ], [ -101.20377541, 44.54722337 ], [ -101.1861358, 44.5869977 ], [ -101.18583595, 44.58756719 ], [ -101.16802678, 44.62677199 ], [ -101.14779853, 44.66654629 ], [ -101.14606164, 44.669724 ], [ -101.12720074, 44.70632061 ], [ -101.10628734, 44.74503026 ], [ -101.10572932, 44.74609491 ], [ -101.0842294, 44.78586923 ], [ -101.06651303, 44.81788786 ], [ -101.06227668, 44.82564353 ], [ -101.04035135, 44.86541782 ], [ -101.02673873, 44.88983517 ], [ -101.01822683, 44.90519214 ], [ -100.99614582, 44.94496644 ], [ -100.98696442, 44.96150779 ], [ -100.97408792, 44.98474074 ], [ -100.95200951, 45.02451506 ], [ -100.94719012, 45.03330576 ], [ -100.93017766, 45.06428936 ], [ -100.90823913, 45.10406368 ], [ -100.90741581, 45.10558548 ], [ -100.88665533, 45.14383798 ], [ -100.86764151, 45.17897458 ], [ -100.86510781, 45.18361227 ], [ -100.84386295, 45.22338659 ], [ -100.8278672, 45.2535077 ], [ -100.82270718, 45.26316089 ], [ -100.80193858, 45.30293521 ], [ -100.7880929, 45.32985731 ], [ -100.78142717, 45.34270951 ], [ -100.7880929, 45.35265369 ], [ -100.7880929, 45.35267128 ], [ -100.74831859, 45.35266767 ], [ -100.70854429, 45.35266405 ], [ -100.66876998, 45.35266049 ], [ -100.658819, 45.34270951 ], [ -100.62899568, 45.31288074 ], [ -100.60500321, 45.30293521 ], [ -100.62899568, 45.26460489 ], [ -100.62985431, 45.26316089 ], [ -100.65446909, 45.22338659 ], [ -100.66876998, 45.20129968 ], [ -100.67965452, 45.18361227 ], [ -100.70499667, 45.14383798 ], [ -100.70854429, 45.13846112 ], [ -100.73016236, 45.10406368 ], [ -100.74831859, 45.07597896 ], [ -100.75556724, 45.06428936 ], [ -100.78076508, 45.02451506 ], [ -100.7880929, 45.01318703 ], [ -100.80580232, 44.98474074 ], [ -100.8278672, 44.94972127 ], [ -100.83076715, 44.94496644 ], [ -100.85519557, 44.90519214 ], [ -100.86764151, 44.88498582 ], [ -100.87935476, 44.86541782 ], [ -100.90295179, 44.82564353 ], [ -100.90741581, 44.81798478 ], [ -100.92577389, 44.78586923 ], [ -100.94719012, 44.74699877 ], [ -100.94768269, 44.74609491 ], [ -100.96808876, 44.70632061 ], [ -100.98663974, 44.66654629 ], [ -100.98696442, 44.66570971 ], [ -101.00224584, 44.62677199 ], [ -101.01103898, 44.5869977 ], [ -101.00802724, 44.54722337 ], [ -100.98998712, 44.50744908 ], [ -100.98696442, 44.50373137 ], [ -100.95566101, 44.46767476 ], [ -100.94719012, 44.45918789 ], [ -100.91395902, 44.42790046 ], [ -100.90741581, 44.41999474 ], [ -100.87867845, 44.38812616 ], [ -100.86764151, 44.37516482 ], [ -100.8421985, 44.34835184 ], [ -100.8278672, 44.33344007 ], [ -100.8004351, 44.30857754 ], [ -100.7880929, 44.2971602 ], [ -100.75151243, 44.26880322 ], [ -100.74831859, 44.26624814 ], [ -100.70854429, 44.2391018 ], [ -100.69002051, 44.22902892 ], [ -100.66876998, 44.21670674 ], [ -100.62899568, 44.19834558 ], [ -100.60400919, 44.18925463 ], [ -100.58922137, 44.18318686 ], [ -100.54944707, 44.16988986 ], [ -100.50967274, 44.15977898 ], [ -100.46989843, 44.15257876 ], [ -100.44608471, 44.14948031 ], [ -100.43012413, 44.14699754 ], [ -100.39034982, 44.14262378 ], [ -100.35057552, 44.13974218 ], [ -100.31080121, 44.13775018 ], [ -100.27102691, 44.13626072 ], [ -100.2312526, 44.13475041 ], [ -100.1914783, 44.13268178 ], [ -100.15170399, 44.13072494 ], [ -100.11192969, 44.1288217 ], [ -100.07215538, 44.12798724 ], [ -100.03238107, 44.12989415 ], [ -99.99260677, 44.13946401 ], [ -99.97829089, 44.14948031 ], [ -99.95283246, 44.17763993 ], [ -99.94893331, 44.18925463 ], [ -99.94270666, 44.22902892 ], [ -99.94286308, 44.26880322 ], [ -99.9463774, 44.30857754 ], [ -99.9515046, 44.34835184 ], [ -99.95283246, 44.35615753 ], [ -99.9576976, 44.38812616 ], [ -99.96489951, 44.42790046 ], [ -99.97326759, 44.46767476 ], [ -99.98248124, 44.50744908 ], [ -99.99166953, 44.54722337 ], [ -99.99260677, 44.5557016 ], [ -99.99601874, 44.5869977 ], [ -99.99260677, 44.60959321 ], [ -99.98729216, 44.62677199 ], [ -99.96848807, 44.66654629 ], [ -99.95283246, 44.70523725 ], [ -99.95245391, 44.70632061 ], [ -99.94146394, 44.74609491 ], [ -99.9306776, 44.78586923 ], [ -99.919487, 44.82564353 ], [ -99.91305816, 44.84783444 ], [ -99.9086172, 44.86541782 ], [ -99.89873007, 44.90519214 ], [ -99.88879401, 44.94496644 ], [ -99.87787504, 44.98474074 ], [ -99.87328385, 45.00047792 ], [ -99.8672651, 45.02451506 ], [ -99.85807591, 45.06428936 ], [ -99.84793734, 45.10406368 ], [ -99.83660895, 45.14383798 ], [ -99.83350953, 45.15378178 ], [ -99.82356574, 45.14383798 ], [ -99.79373522, 45.11401217 ], [ -99.75396091, 45.11401585 ], [ -99.71418661, 45.11401918 ], [ -99.7042311, 45.10406368 ], [ -99.6744123, 45.07424857 ], [ -99.634638, 45.07425084 ], [ -99.634638, 45.07423326 ], [ -99.64012208, 45.06428936 ], [ -99.6538769, 45.02451506 ], [ -99.6702952, 44.98474074 ], [ -99.6744123, 44.9758987 ], [ -99.68680187, 44.94496644 ], [ -99.70550074, 44.90519214 ], [ -99.71418661, 44.8891278 ], [ -99.72504872, 44.86541782 ], [ -99.74607796, 44.82564353 ], [ -99.75396091, 44.81265575 ], [ -99.76741352, 44.78586923 ], [ -99.79066386, 44.74609491 ], [ -99.79373522, 44.74139753 ], [ -99.81133842, 44.70632061 ], [ -99.83320004, 44.66654629 ], [ -99.83350953, 44.6660051 ], [ -99.84801226, 44.62677199 ], [ -99.86433069, 44.5869977 ], [ -99.87328385, 44.57031223 ], [ -99.88815077, 44.54722337 ], [ -99.90641487, 44.50744908 ], [ -99.900739, 44.46767476 ], [ -99.89197169, 44.42790046 ], [ -99.88436619, 44.38812616 ], [ -99.8781129, 44.34835184 ], [ -99.87328385, 44.31309451 ], [ -99.87239291, 44.30857754 ], [ -99.864658, 44.26880322 ], [ -99.85632831, 44.22902892 ], [ -99.84688965, 44.18925463 ], [ -99.83650695, 44.14948031 ], [ -99.83350953, 44.13785398 ], [ -99.81832345, 44.10970601 ], [ -99.79594342, 44.06993171 ], [ -99.79373522, 44.06600328 ], [ -99.75396091, 44.03367866 ], [ -99.74657645, 44.03015739 ], [ -99.71418661, 44.01434634 ], [ -99.6744123, 43.9985364 ], [ -99.65308106, 43.99038309 ], [ -99.634638, 43.98229076 ], [ -99.59486369, 43.96581196 ], [ -99.55508939, 43.95134896 ], [ -99.55302048, 43.95060877 ], [ -99.51531508, 43.93345719 ], [ -99.47554078, 43.91853138 ], [ -99.45272469, 43.91083447 ], [ -99.43576647, 43.90292062 ], [ -99.39599217, 43.88735816 ], [ -99.35621786, 43.87365912 ], [ -99.34763323, 43.87106018 ], [ -99.31644356, 43.85418791 ], [ -99.27666925, 43.83865938 ], [ -99.25209022, 43.83128586 ], [ -99.23689495, 43.81689052 ], [ -99.19712064, 43.79672503 ], [ -99.18615423, 43.79151156 ], [ -99.18101477, 43.75173724 ], [ -99.19712064, 43.73834447 ], [ -99.2232273, 43.71196294 ], [ -99.23689495, 43.70102923 ], [ -99.26234207, 43.67218864 ], [ -99.27666925, 43.65786147 ], [ -99.29727097, 43.63241432 ], [ -99.31644356, 43.61004551 ], [ -99.32804722, 43.59264003 ], [ -99.34908491, 43.5528657 ], [ -99.35621786, 43.54108438 ], [ -99.37053344, 43.51309141 ], [ -99.3858959, 43.47331711 ], [ -99.39599217, 43.44394835 ], [ -99.39871745, 43.43354279 ], [ -99.40790376, 43.39376849 ], [ -99.41532873, 43.35399417 ], [ -99.42182499, 43.31421987 ], [ -99.42737829, 43.27444558 ], [ -99.43185831, 43.23467125 ], [ -99.43576647, 43.21638856 ], [ -99.4400161, 43.19489696 ], [ -99.44633245, 43.15512266 ], [ -99.45382302, 43.11534834 ], [ -99.46130081, 43.07557404 ], [ -99.4701562, 43.03579972 ], [ -99.47554078, 43.01272165 ], [ -99.47902924, 42.99602542 ], [ -99.48815192, 42.95625113 ], [ -99.49781277, 42.9164768 ], [ -99.5079234, 42.87670251 ], [ -99.51531508, 42.84861446 ], [ -99.51813111, 42.83692819 ], [ -99.52851704, 42.79715389 ], [ -99.53904008, 42.75737959 ], [ -99.55006648, 42.71760527 ], [ -99.55508939, 42.69974577 ], [ -99.56077874, 42.67783097 ], [ -99.57146478, 42.63805665 ], [ -99.58237031, 42.59828235 ], [ -99.5931794, 42.55850806 ], [ -99.59486369, 42.55268535 ], [ -99.60407567, 42.51873374 ], [ -99.61486201, 42.47895944 ], [ -99.62592031, 42.43918512 ], [ -99.634638, 42.40744398 ], [ -99.63672661, 42.39941082 ], [ -99.64752731, 42.35963652 ], [ -99.65837587, 42.3198622 ], [ -99.66929633, 42.28008791 ], [ -99.6744123, 42.26175569 ], [ -99.68013023, 42.24031361 ], [ -99.69109998, 42.20053929 ], [ -99.70198582, 42.16076499 ], [ -99.71281145, 42.12099067 ], [ -99.71418661, 42.11618912 ], [ -99.72382832, 42.08121637 ], [ -99.73485447, 42.04144207 ], [ -99.74595126, 42.00166775 ], [ -99.75396091, 41.97369356 ], [ -99.75721444, 41.96189346 ], [ -99.76856205, 41.92211913 ], [ -99.78000653, 41.88234484 ], [ -99.7915557, 41.84257054 ], [ -99.79373522, 41.83549363 ], [ -99.80338565, 41.80279622 ], [ -99.8153183, 41.76302192 ], [ -99.82757829, 41.7232476 ], [ -99.83350953, 41.7046903 ], [ -99.83998351, 41.6834733 ], [ -99.85281104, 41.64369901 ], [ -99.86592097, 41.60392468 ], [ -99.87328385, 41.58275649 ], [ -99.87940618, 41.56415039 ], [ -99.89335129, 41.52437607 ], [ -99.90750552, 41.48460177 ], [ -99.91305816, 41.470067 ], [ -99.92199719, 41.44482747 ], [ -99.93642663, 41.40505315 ], [ -99.95043806, 41.36527885 ], [ -99.95283246, 41.3582051 ], [ -99.9629789, 41.32550456 ], [ -99.97396906, 41.28573023 ], [ -99.98304513, 41.24595594 ], [ -99.99076521, 41.20618162 ], [ -99.99260677, 41.19610908 ], [ -99.99802851, 41.16640732 ], [ -100.00514267, 41.12663302 ], [ -100.01201337, 41.0868587 ], [ -100.01863189, 41.0470844 ], [ -100.02488416, 41.00731008 ], [ -100.03073709, 40.96753579 ], [ -100.03238107, 40.954865 ], [ -100.03587548, 40.92776149 ], [ -100.04021625, 40.88798717 ], [ -100.04326039, 40.84821287 ], [ -100.04442261, 40.80843855 ], [ -100.04273073, 40.76866425 ], [ -100.03746945, 40.72888995 ], [ -100.03238107, 40.70717937 ], [ -100.0279896, 40.68911563 ], [ -100.01472575, 40.64934134 ], [ -99.9960824, 40.60956704 ], [ -99.99260677, 40.60377431 ], [ -99.96963642, 40.56979272 ], [ -99.95283246, 40.55074 ], [ -99.93121669, 40.53001842 ], [ -99.91305816, 40.51562315 ], [ -99.87328385, 40.49046595 ], [ -99.87285545, 40.4902441 ], [ -99.83350953, 40.47175087 ], [ -99.79373522, 40.45791259 ], [ -99.76506983, 40.4504698 ], [ -99.75396091, 40.44762344 ], [ -99.71418661, 40.43963882 ], [ -99.6744123, 40.43296524 ], [ -99.634638, 40.42518972 ], [ -99.59486369, 40.4157446 ], [ -99.57626054, 40.4106955 ], [ -99.55508939, 40.40445668 ], [ -99.51531508, 40.38842569 ], [ -99.47554078, 40.37157152 ], [ -99.47424153, 40.37092118 ], [ -99.43576647, 40.34784608 ], [ -99.41175943, 40.33114689 ], [ -99.39599217, 40.315291 ], [ -99.37281166, 40.29137256 ], [ -99.35621786, 40.26960313 ], [ -99.34208319, 40.25159827 ], [ -99.31644356, 40.2147239 ], [ -99.31430737, 40.21182397 ], [ -99.28598374, 40.17204965 ], [ -99.27666925, 40.15998092 ], [ -99.25381677, 40.13227535 ], [ -99.23689495, 40.11524019 ], [ -99.21180342, 40.09250103 ], [ -99.19712064, 40.0816427 ], [ -99.15734631, 40.05378069 ], [ -99.15570853, 40.05272673 ], [ -99.11757201, 40.03117678 ], [ -99.08405021, 40.01295244 ], [ -99.0777977, 40.00994903 ], [ -99.0380234, 39.99192212 ], [ -99.00041445, 39.97317811 ], [ -98.99824909, 39.97214064 ], [ -98.95847479, 39.95174271 ], [ -98.92960521, 39.93340382 ], [ -98.91870048, 39.92659785 ], [ -98.87892618, 39.89567538 ], [ -98.87689331, 39.8936295 ], [ -98.83915187, 39.85674762 ], [ -98.83689496, 39.8538552 ], [ -98.80191298, 39.8140809 ], [ -98.79937757, 39.81159838 ], [ -98.76348357, 39.77430658 ], [ -98.75960326, 39.77093221 ], [ -98.71982896, 39.73778299 ], [ -98.71568467, 39.73453228 ], [ -98.68005465, 39.71086099 ], [ -98.65254645, 39.69475799 ], [ -98.64028035, 39.68840531 ], [ -98.60050604, 39.6741506 ], [ -98.56073173, 39.67749011 ], [ -98.52095743, 39.6914952 ], [ -98.51314909, 39.69475799 ], [ -98.4811831, 39.71121569 ], [ -98.45111952, 39.73453228 ], [ -98.4414088, 39.74637667 ], [ -98.42295914, 39.77430658 ], [ -98.40829449, 39.8140809 ], [ -98.40174053, 39.8538552 ], [ -98.40163449, 39.85864945 ], [ -98.40082429, 39.8936295 ], [ -98.40163449, 39.89849078 ], [ -98.40749705, 39.93340382 ], [ -98.4414088, 39.96427483 ], [ -98.4811831, 39.96110685 ], [ -98.52095743, 39.95563844 ], [ -98.56073173, 39.96590258 ], [ -98.57128975, 39.97317811 ], [ -98.60050604, 39.99177178 ], [ -98.63089785, 40.01295244 ], [ -98.64028035, 40.01979618 ], [ -98.68005465, 40.04891486 ], [ -98.68535183, 40.05272673 ], [ -98.71982896, 40.08783406 ], [ -98.72481779, 40.09250103 ], [ -98.74423532, 40.13227535 ], [ -98.73827541, 40.17204965 ], [ -98.71982896, 40.19857539 ], [ -98.71104197, 40.21182397 ], [ -98.68005465, 40.24706974 ], [ -98.67546574, 40.25159827 ], [ -98.64028035, 40.28490845 ], [ -98.6321803, 40.29137256 ], [ -98.60050604, 40.31654389 ], [ -98.5739011, 40.33114689 ], [ -98.56073173, 40.33886011 ], [ -98.52095743, 40.35581812 ], [ -98.4811831, 40.36744202 ], [ -98.46158984, 40.37092118 ], [ -98.4414088, 40.37551325 ], [ -98.40163449, 40.37705761 ], [ -98.36186019, 40.37691918 ], [ -98.32208588, 40.38757968 ], [ -98.28231157, 40.39598181 ], [ -98.24253727, 40.3973046 ], [ -98.20276296, 40.39505453 ], [ -98.16298866, 40.39067794 ], [ -98.12321435, 40.3847205 ], [ -98.08344005, 40.3776666 ], [ -98.05411568, 40.37092118 ], [ -98.04366574, 40.36882365 ], [ -98.00389144, 40.3600845 ], [ -97.96411713, 40.3488826 ], [ -97.92434283, 40.33325574 ], [ -97.91958164, 40.33114689 ], [ -97.88456852, 40.31773981 ], [ -97.84479422, 40.29920194 ], [ -97.83037169, 40.29137256 ], [ -97.80501989, 40.2787553 ], [ -97.76524558, 40.25717365 ], [ -97.75601044, 40.25159827 ], [ -97.72547128, 40.23306767 ], [ -97.69213677, 40.21182397 ], [ -97.68569697, 40.20728107 ], [ -97.64592267, 40.178364 ], [ -97.63752001, 40.17204965 ], [ -97.60614836, 40.14539763 ], [ -97.59117035, 40.13227535 ], [ -97.56637406, 40.1070975 ], [ -97.55231827, 40.09250103 ], [ -97.52659975, 40.06112764 ], [ -97.51969605, 40.05272673 ], [ -97.49214233, 40.01295244 ], [ -97.48682545, 40.00357502 ], [ -97.46954953, 39.97317811 ], [ -97.45221963, 39.93340382 ], [ -97.44705114, 39.91681826 ], [ -97.43980806, 39.8936295 ], [ -97.43268216, 39.8538552 ], [ -97.43126803, 39.8140809 ], [ -97.43438929, 39.77430658 ], [ -97.43863834, 39.73453228 ], [ -97.44364337, 39.69475799 ], [ -97.44705114, 39.67135845 ], [ -97.44922483, 39.65498367 ], [ -97.45502463, 39.61520937 ], [ -97.46085561, 39.57543505 ], [ -97.46650506, 39.53566075 ], [ -97.47173754, 39.49588645 ], [ -97.47633183, 39.45611213 ], [ -97.47997742, 39.41633783 ], [ -97.48253251, 39.37656351 ], [ -97.4835275, 39.33678922 ], [ -97.48247208, 39.29701492 ], [ -97.48001838, 39.2572406 ], [ -97.47734453, 39.2174663 ], [ -97.47538094, 39.17769198 ], [ -97.48682545, 39.13832456 ], [ -97.48693385, 39.13791768 ], [ -97.51495582, 39.09814338 ], [ -97.52659975, 39.08369737 ], [ -97.5486146, 39.05836906 ], [ -97.56637406, 39.03872183 ], [ -97.59006549, 39.01859477 ], [ -97.60614836, 39.00403892 ], [ -97.64592267, 38.98469241 ], [ -97.66632644, 38.97882044 ], [ -97.68569697, 38.97271964 ], [ -97.72547128, 38.959036 ], [ -97.76048503, 38.93904615 ], [ -97.76524558, 38.93475758 ], [ -97.79521319, 38.89927185 ], [ -97.80501989, 38.88371511 ], [ -97.81868443, 38.85949753 ], [ -97.8315912, 38.81972323 ], [ -97.83689088, 38.77994893 ], [ -97.83602598, 38.74017461 ], [ -97.82992895, 38.70040032 ], [ -97.81942171, 38.66062599 ], [ -97.80501989, 38.62248075 ], [ -97.80433302, 38.6208517 ], [ -97.78315959, 38.5810774 ], [ -97.76524558, 38.55218653 ], [ -97.75819866, 38.54130308 ], [ -97.72932265, 38.50152878 ], [ -97.72547128, 38.49688774 ], [ -97.69591891, 38.46175446 ], [ -97.68569697, 38.451594 ], [ -97.65572256, 38.42198016 ], [ -97.64592267, 38.41419476 ], [ -97.60614836, 38.38286981 ], [ -97.60536715, 38.38220587 ], [ -97.56637406, 38.35636704 ], [ -97.54773994, 38.34243155 ], [ -97.52659975, 38.33012692 ], [ -97.48812674, 38.30265725 ], [ -97.48682545, 38.30194586 ], [ -97.44705114, 38.28634386 ], [ -97.40727684, 38.27045859 ], [ -97.39672325, 38.26288293 ], [ -97.37802481, 38.22310863 ], [ -97.38007278, 38.18333433 ], [ -97.38493209, 38.14356001 ], [ -97.38199842, 38.10378571 ], [ -97.37059852, 38.06401142 ], [ -97.36750253, 38.0547234 ], [ -97.35674462, 38.0242371 ], [ -97.34728543, 37.9844628 ], [ -97.3379733, 37.94468848 ], [ -97.32772823, 37.91296285 ], [ -97.32249048, 37.90491418 ], [ -97.29205158, 37.86513988 ], [ -97.28795392, 37.86029718 ], [ -97.24817962, 37.83069182 ], [ -97.23767505, 37.82536556 ], [ -97.20840531, 37.80852301 ], [ -97.168631, 37.79421076 ], [ -97.1288567, 37.78837217 ], [ -97.08908237, 37.79190095 ], [ -97.04930807, 37.80482289 ], [ -97.00953376, 37.82430249 ], [ -97.00765997, 37.82536556 ], [ -96.96975946, 37.84871553 ], [ -96.94695718, 37.86513988 ], [ -96.92998515, 37.88165101 ], [ -96.90817591, 37.90491418 ], [ -96.89021085, 37.94019103 ], [ -96.88792578, 37.94468848 ], [ -96.87909664, 37.9844628 ], [ -96.87930691, 38.0242371 ], [ -96.88564494, 38.06401142 ], [ -96.89021085, 38.08003205 ], [ -96.89598059, 38.10378571 ], [ -96.9094756, 38.14356001 ], [ -96.92689466, 38.18333433 ], [ -96.92998515, 38.18922556 ], [ -96.94683895, 38.22310863 ], [ -96.96331326, 38.26288293 ], [ -96.96975946, 38.28813061 ], [ -96.97368779, 38.30265725 ], [ -96.97681592, 38.34243155 ], [ -96.97129415, 38.38220587 ], [ -96.96975946, 38.38717713 ], [ -96.95951468, 38.42198016 ], [ -96.9431302, 38.46175446 ], [ -96.92998515, 38.48938409 ], [ -96.92409115, 38.50152878 ], [ -96.90374932, 38.54130308 ], [ -96.89021085, 38.56537611 ], [ -96.88105178, 38.5810774 ], [ -96.85512097, 38.6208517 ], [ -96.85043654, 38.62717313 ], [ -96.82332439, 38.66062599 ], [ -96.81066223, 38.67449696 ], [ -96.78494309, 38.70040032 ], [ -96.77088793, 38.71394206 ], [ -96.74748692, 38.74017461 ], [ -96.73111362, 38.75803973 ], [ -96.71698884, 38.77994893 ], [ -96.69211262, 38.81972323 ], [ -96.69133932, 38.82105481 ], [ -96.67739892, 38.85949753 ], [ -96.66745166, 38.89927185 ], [ -96.66276804, 38.93904615 ], [ -96.66155199, 38.97882044 ], [ -96.66313252, 39.01859477 ], [ -96.67527509, 39.05836906 ], [ -96.69133932, 39.07184669 ], [ -96.73111362, 39.09731934 ], [ -96.73206846, 39.09814338 ], [ -96.7630305, 39.13791768 ], [ -96.77088793, 39.15082369 ], [ -96.78624125, 39.17769198 ], [ -96.80699314, 39.2174663 ], [ -96.81066223, 39.2257244 ], [ -96.82383151, 39.2572406 ], [ -96.83546602, 39.29701492 ], [ -96.84261852, 39.33678922 ], [ -96.84606073, 39.37656351 ], [ -96.8464342, 39.41633783 ], [ -96.84583758, 39.45611213 ], [ -96.84514064, 39.49588645 ], [ -96.84427826, 39.53566075 ], [ -96.84233814, 39.57543505 ], [ -96.83851466, 39.61520937 ], [ -96.83200585, 39.65498367 ], [ -96.82207766, 39.69475799 ], [ -96.81066223, 39.72725118 ], [ -96.80842769, 39.73453228 ], [ -96.79260705, 39.77430658 ], [ -96.77088793, 39.81312159 ], [ -96.77039006, 39.8140809 ], [ -96.74454956, 39.8538552 ], [ -96.73111362, 39.87013416 ], [ -96.71292186, 39.8936295 ], [ -96.69133932, 39.91614087 ], [ -96.67571767, 39.93340382 ], [ -96.65156501, 39.95654902 ], [ -96.63350883, 39.97317811 ], [ -96.61179071, 39.99217868 ], [ -96.58427408, 40.01295244 ], [ -96.5720164, 40.02345484 ], [ -96.55202066, 40.05272673 ], [ -96.53841066, 40.09250103 ], [ -96.5322421, 40.10295143 ], [ -96.50535866, 40.13227535 ], [ -96.49246779, 40.14296303 ], [ -96.45269349, 40.16647116 ], [ -96.43871517, 40.17204965 ], [ -96.41291916, 40.18253679 ], [ -96.37314485, 40.19572061 ], [ -96.33337055, 40.20622603 ], [ -96.30351475, 40.21182397 ], [ -96.29359624, 40.21396304 ], [ -96.25382194, 40.22094995 ], [ -96.21404763, 40.2274138 ], [ -96.17427333, 40.23361807 ], [ -96.13449902, 40.23981582 ], [ -96.09472472, 40.24603114 ], [ -96.05945025, 40.25159827 ], [ -96.05495041, 40.25238796 ], [ -96.01517611, 40.25905584 ], [ -95.9754018, 40.26573065 ], [ -95.9356275, 40.27238042 ], [ -95.89585319, 40.27903823 ], [ -95.85607889, 40.28568888 ], [ -95.82183473, 40.29137256 ], [ -95.81630458, 40.29234705 ], [ -95.77653028, 40.29871109 ], [ -95.73675595, 40.30464361 ], [ -95.69698164, 40.31027104 ], [ -95.65720734, 40.31522664 ], [ -95.61743303, 40.31925055 ], [ -95.57765873, 40.32162556 ], [ -95.53788442, 40.32090647 ], [ -95.49811012, 40.31247772 ], [ -95.4701523, 40.29137256 ], [ -95.46839849, 40.25159827 ], [ -95.48185212, 40.21182397 ], [ -95.49811012, 40.17930798 ], [ -95.50114606, 40.17204965 ], [ -95.52424174, 40.13227535 ], [ -95.53788442, 40.11212848 ], [ -95.54948549, 40.09250103 ], [ -95.57643864, 40.05272673 ], [ -95.57765873, 40.05121309 ], [ -95.60531447, 40.01295244 ], [ -95.61743303, 39.99837846 ], [ -95.63642648, 39.97317811 ], [ -95.65720734, 39.94993554 ], [ -95.67075363, 39.93340382 ], [ -95.69698164, 39.90758389 ], [ -95.71020156, 39.8936295 ], [ -95.73675595, 39.87243053 ], [ -95.7592201, 39.8538552 ], [ -95.77653028, 39.84377639 ], [ -95.81630458, 39.82115035 ], [ -95.82916741, 39.8140809 ], [ -95.85607889, 39.80334303 ], [ -95.89585319, 39.79029501 ], [ -95.9356275, 39.78155123 ], [ -95.9754018, 39.777402 ], [ -96.01517611, 39.77686205 ], [ -96.05495041, 39.77895817 ], [ -96.09472472, 39.78270071 ], [ -96.13449902, 39.78705832 ], [ -96.17427333, 39.79202887 ], [ -96.21404763, 39.79827544 ], [ -96.25382194, 39.78785168 ], [ -96.26959219, 39.77430658 ], [ -96.29359624, 39.74015003 ], [ -96.2973912, 39.73453228 ], [ -96.31257293, 39.69475799 ], [ -96.32808783, 39.65498367 ], [ -96.33337055, 39.64116265 ], [ -96.34216186, 39.61520937 ], [ -96.3489595, 39.57543505 ], [ -96.34982744, 39.53566075 ], [ -96.34313345, 39.49588645 ], [ -96.33337055, 39.46644102 ], [ -96.32793737, 39.45611213 ], [ -96.30603348, 39.41633783 ], [ -96.29359624, 39.39017952 ], [ -96.28737064, 39.37656351 ], [ -96.27923111, 39.33678922 ], [ -96.27829204, 39.29701492 ], [ -96.28187753, 39.2572406 ], [ -96.28818351, 39.2174663 ], [ -96.29359624, 39.19092249 ], [ -96.29654562, 39.17769198 ], [ -96.30824407, 39.13791768 ], [ -96.32051974, 39.09814338 ], [ -96.33230088, 39.05836906 ], [ -96.33337055, 39.05445271 ], [ -96.34449106, 39.01859477 ], [ -96.35447628, 38.97882044 ], [ -96.36158391, 38.93904615 ], [ -96.36544538, 38.89927185 ], [ -96.36597804, 38.85949753 ], [ -96.36312875, 38.81972323 ], [ -96.35709784, 38.77994893 ], [ -96.34815589, 38.74017461 ], [ -96.33655406, 38.70040032 ], [ -96.33337055, 38.69130317 ], [ -96.32407532, 38.66062599 ], [ -96.31053531, 38.6208517 ], [ -96.29629797, 38.5810774 ], [ -96.29359624, 38.57336037 ], [ -96.28364837, 38.54130308 ], [ -96.27173411, 38.50152878 ], [ -96.26044626, 38.46175446 ], [ -96.25382194, 38.43530807 ], [ -96.25083208, 38.42198016 ], [ -96.24367689, 38.38220587 ], [ -96.23840382, 38.34243155 ], [ -96.23548396, 38.30265725 ], [ -96.23580512, 38.26288293 ], [ -96.24057292, 38.22310863 ], [ -96.25161172, 38.18333433 ], [ -96.25382194, 38.17866592 ], [ -96.27447246, 38.14356001 ], [ -96.29359624, 38.12266771 ], [ -96.31422423, 38.10378571 ], [ -96.33337055, 38.08930193 ], [ -96.37281351, 38.06401142 ], [ -96.37314485, 38.06383036 ], [ -96.41291916, 38.04543242 ], [ -96.45269349, 38.02779016 ], [ -96.46063505, 38.0242371 ], [ -96.49246779, 38.00978544 ], [ -96.5322421, 37.9879605 ], [ -96.53773848, 37.9844628 ], [ -96.5720164, 37.95719626 ], [ -96.58470158, 37.94468848 ], [ -96.61154807, 37.90491418 ], [ -96.61179071, 37.90435629 ], [ -96.63075396, 37.86513988 ], [ -96.63903961, 37.82536556 ], [ -96.64037694, 37.78559126 ], [ -96.63717273, 37.74581694 ], [ -96.63116589, 37.70604265 ], [ -96.62387996, 37.66626835 ], [ -96.61682656, 37.62649403 ], [ -96.61179071, 37.6096522 ], [ -96.60539587, 37.58671973 ], [ -96.59719795, 37.54694541 ], [ -96.59998979, 37.50717111 ], [ -96.61179071, 37.47199649 ], [ -96.61349856, 37.46739681 ], [ -96.6428952, 37.42762249 ], [ -96.65156501, 37.41893187 ], [ -96.6857379, 37.3878482 ], [ -96.69133932, 37.38343767 ], [ -96.73111362, 37.35608799 ], [ -96.74506084, 37.34807387 ], [ -96.77088793, 37.33382172 ], [ -96.81066223, 37.31637607 ], [ -96.8368245, 37.30829958 ], [ -96.85043654, 37.30392429 ], [ -96.89021085, 37.29766051 ], [ -96.92998515, 37.29283829 ], [ -96.96975946, 37.28488466 ], [ -97.00953376, 37.26872043 ], [ -97.00982036, 37.26852528 ], [ -97.04930807, 37.23173068 ], [ -97.05098716, 37.22875096 ], [ -97.06255351, 37.18897666 ], [ -97.06461132, 37.14920236 ], [ -97.06114389, 37.10942804 ], [ -97.05690842, 37.06965375 ], [ -97.07603413, 37.02987943 ], [ -97.08908237, 37.005287 ], [ -97.09589995, 36.99010513 ], [ -97.10631459, 36.95033083 ], [ -97.10908088, 36.91055651 ], [ -97.08908237, 36.87827756 ], [ -97.08026233, 36.87078221 ], [ -97.04930807, 36.84802468 ], [ -97.03059887, 36.83100789 ], [ -97.00953376, 36.80027174 ], [ -97.00475626, 36.79123359 ], [ -96.99098348, 36.7514593 ], [ -96.98302823, 36.71168498 ], [ -96.97957485, 36.67191068 ], [ -96.97969723, 36.63213636 ], [ -96.98273949, 36.59236206 ], [ -96.98813166, 36.55258776 ], [ -96.9957354, 36.51281344 ], [ -97.00543195, 36.47303914 ], [ -97.00953376, 36.4585139 ], [ -97.01740481, 36.43326482 ], [ -97.03091437, 36.39349053 ], [ -97.04555909, 36.35371623 ], [ -97.04930807, 36.34401511 ], [ -97.06199647, 36.31394191 ], [ -97.07937993, 36.27416761 ], [ -97.08908237, 36.2526133 ], [ -97.09797352, 36.23439331 ], [ -97.11772697, 36.19461899 ], [ -97.1288567, 36.17269271 ], [ -97.13858133, 36.15484469 ], [ -97.16058895, 36.11507037 ], [ -97.168631, 36.10078391 ], [ -97.1839688, 36.07529608 ], [ -97.20812073, 36.03552178 ], [ -97.20840531, 36.03506327 ], [ -97.23458129, 35.99574746 ], [ -97.24817962, 35.97550534 ], [ -97.2621597, 35.95597316 ], [ -97.28795392, 35.92054241 ], [ -97.29133753, 35.91619884 ], [ -97.32275666, 35.87642454 ], [ -97.32772823, 35.87022393 ], [ -97.35671257, 35.83665024 ], [ -97.36750253, 35.82435675 ], [ -97.39335861, 35.79687592 ], [ -97.40727684, 35.78200172 ], [ -97.43100366, 35.75710163 ], [ -97.44705114, 35.73997837 ], [ -97.47008824, 35.71732731 ], [ -97.48682545, 35.69968813 ], [ -97.51205801, 35.67755301 ], [ -97.52659975, 35.66367434 ], [ -97.55945076, 35.63777871 ], [ -97.56637406, 35.63173023 ], [ -97.60614836, 35.60303774 ], [ -97.61473662, 35.59800439 ], [ -97.64592267, 35.57536662 ], [ -97.66813272, 35.55823009 ], [ -97.68569697, 35.53929551 ], [ -97.70108123, 35.5184558 ], [ -97.71990878, 35.47868147 ], [ -97.72547128, 35.46150109 ], [ -97.73210672, 35.43890718 ], [ -97.74013593, 35.39913286 ], [ -97.7449103, 35.35935856 ], [ -97.74719776, 35.31958426 ], [ -97.74730772, 35.27980994 ], [ -97.74538586, 35.24003564 ], [ -97.74166316, 35.20026132 ], [ -97.7362391, 35.16048702 ], [ -97.72933648, 35.12071273 ], [ -97.72547128, 35.10401966 ], [ -97.7203885, 35.08093841 ], [ -97.7087548, 35.04116411 ], [ -97.69546407, 35.00138979 ], [ -97.68569697, 34.97719127 ], [ -97.67946443, 34.96161549 ], [ -97.66797406, 34.92184119 ], [ -97.6709545, 34.88206687 ], [ -97.68569697, 34.85438047 ], [ -97.69282482, 34.84229257 ], [ -97.72547128, 34.80676658 ], [ -97.72948088, 34.80251825 ], [ -97.76321056, 34.76274396 ], [ -97.76524558, 34.75811615 ], [ -97.78328652, 34.72296966 ], [ -97.79217565, 34.68319534 ], [ -97.80402425, 34.64342104 ], [ -97.80501989, 34.64148078 ], [ -97.82495945, 34.60364674 ], [ -97.84479422, 34.58184812 ], [ -97.86205774, 34.56387242 ], [ -97.88456852, 34.54869687 ], [ -97.92434283, 34.52432373 ], [ -97.92471323, 34.52409812 ], [ -97.96411713, 34.50716088 ], [ -98.00389144, 34.49126741 ], [ -98.02085994, 34.4843238 ], [ -98.04366574, 34.47727909 ], [ -98.08344005, 34.46458441 ], [ -98.12321435, 34.45125495 ], [ -98.14064846, 34.44454951 ], [ -98.16298866, 34.43787311 ], [ -98.20276296, 34.42464848 ], [ -98.24253727, 34.40949683 ], [ -98.25238228, 34.40477521 ], [ -98.28231157, 34.39407052 ], [ -98.32208588, 34.37814102 ], [ -98.34815357, 34.36500089 ], [ -98.36186019, 34.36006979 ], [ -98.40163449, 34.34691806 ], [ -98.4414088, 34.34224183 ], [ -98.4811831, 34.35460882 ], [ -98.50459662, 34.36500089 ], [ -98.52095743, 34.37634737 ], [ -98.56073173, 34.39548162 ], [ -98.58886647, 34.40477521 ], [ -98.60050604, 34.4156355 ], [ -98.64028035, 34.43142316 ], [ -98.68005465, 34.43341136 ], [ -98.71982896, 34.42388197 ], [ -98.75171413, 34.40477521 ], [ -98.75960326, 34.40256293 ], [ -98.79937757, 34.38686368 ], [ -98.83802411, 34.36500089 ], [ -98.83915187, 34.36442558 ], [ -98.87892618, 34.34024068 ], [ -98.89737068, 34.32522659 ], [ -98.91870048, 34.30333938 ], [ -98.93304925, 34.28545227 ], [ -98.95526067, 34.24567797 ], [ -98.95847479, 34.24043021 ], [ -98.97872587, 34.20590368 ], [ -98.99824909, 34.17446796 ], [ -99.00334547, 34.16612935 ], [ -99.02858903, 34.12635506 ], [ -99.0380234, 34.11195718 ], [ -99.05455474, 34.08658074 ], [ -99.0777977, 34.05165117 ], [ -99.08106877, 34.04680644 ], [ -99.10822904, 34.00703214 ], [ -99.11757201, 33.99348717 ], [ -99.13627582, 33.96725782 ], [ -99.15734631, 33.93811125 ], [ -99.16563952, 33.92748352 ], [ -99.19586089, 33.8877092 ], [ -99.19712064, 33.88593996 ], [ -99.22652622, 33.8479349 ], [ -99.23689495, 33.83349172 ], [ -99.25691562, 33.80816061 ], [ -99.27666925, 33.78029274 ], [ -99.28601607, 33.76838629 ], [ -99.3132598, 33.72861199 ], [ -99.31644356, 33.72317482 ], [ -99.3391673, 33.68883769 ], [ -99.35621786, 33.65837115 ], [ -99.36230914, 33.64906337 ], [ -99.38394696, 33.60928907 ], [ -99.39599217, 33.58234822 ], [ -99.40294329, 33.56951475 ], [ -99.42070212, 33.52974045 ], [ -99.43514656, 33.48996616 ], [ -99.43576647, 33.48800949 ], [ -99.45012039, 33.45019184 ], [ -99.46202711, 33.41041754 ], [ -99.47232529, 33.37064322 ], [ -99.47554078, 33.35402053 ], [ -99.48078692, 33.33086892 ], [ -99.48691809, 33.29109462 ], [ -99.49034701, 33.2513203 ], [ -99.49052541, 33.211546 ], [ -99.48666977, 33.17177168 ], [ -99.4778151, 33.13199739 ], [ -99.47554078, 33.12517445 ], [ -99.46333648, 33.09222309 ], [ -99.44225828, 33.05244877 ], [ -99.43576647, 33.04248681 ], [ -99.41506339, 33.01267447 ], [ -99.39599217, 32.98689909 ], [ -99.38620293, 32.97290015 ], [ -99.35863429, 32.93312585 ], [ -99.35621786, 32.92958236 ], [ -99.33224294, 32.89335156 ], [ -99.31644356, 32.87025131 ], [ -99.30520586, 32.85357723 ], [ -99.27748723, 32.81380294 ], [ -99.27666925, 32.81264687 ], [ -99.24962649, 32.77402864 ], [ -99.23689495, 32.75667969 ], [ -99.22048045, 32.73425432 ], [ -99.19712064, 32.70363389 ], [ -99.19011923, 32.69448002 ], [ -99.15865863, 32.6547057 ], [ -99.15734631, 32.65305387 ], [ -99.12671968, 32.6149314 ], [ -99.11757201, 32.6038168 ], [ -99.0937837, 32.57515711 ], [ -99.0777977, 32.55647158 ], [ -99.05960109, 32.53538278 ], [ -99.0380234, 32.51109922 ], [ -99.02409971, 32.49560849 ], [ -98.99824909, 32.46765738 ], [ -98.98721865, 32.45583417 ], [ -98.95847479, 32.42577589 ], [ -98.94907405, 32.41605987 ], [ -98.91870048, 32.38541506 ], [ -98.90954374, 32.37628557 ], [ -98.87892618, 32.34638208 ], [ -98.86869753, 32.33651125 ], [ -98.83915187, 32.30856948 ], [ -98.82652567, 32.29673695 ], [ -98.79937757, 32.27165375 ], [ -98.78323097, 32.25696263 ], [ -98.75960326, 32.23576331 ], [ -98.73870638, 32.21718833 ], [ -98.71982896, 32.20059273 ], [ -98.69312942, 32.17741404 ], [ -98.68005465, 32.16621723 ], [ -98.64636429, 32.13763972 ], [ -98.64028035, 32.13253445 ], [ -98.60050604, 32.09949729 ], [ -98.59852663, 32.09786542 ], [ -98.56073173, 32.0668639 ], [ -98.54980032, 32.05809112 ], [ -98.52095743, 32.03500224 ], [ -98.49964313, 32.0183168 ], [ -98.4811831, 32.00386577 ], [ -98.44797781, 31.9785425 ], [ -98.4414088, 31.97354545 ], [ -98.40163449, 31.96859669 ], [ -98.40163449, 31.96857913 ], [ -98.43144976, 31.93876818 ], [ -98.4414088, 31.92880916 ], [ -98.47122801, 31.89899388 ], [ -98.4712301, 31.85921959 ], [ -98.4811831, 31.84926658 ], [ -98.51100773, 31.81944527 ], [ -98.52095743, 31.80949558 ], [ -98.55078498, 31.77967097 ], [ -98.56073173, 31.76972422 ], [ -98.59056188, 31.73989665 ], [ -98.60050604, 31.72351409 ], [ -98.6242972, 31.73989665 ], [ -98.64028035, 31.75085455 ], [ -98.68005465, 31.7782075 ], [ -98.68220975, 31.77967097 ], [ -98.71982896, 31.80498162 ], [ -98.74103566, 31.81944527 ], [ -98.75960326, 31.83216753 ], [ -98.79833238, 31.85921959 ], [ -98.79937757, 31.85994337 ], [ -98.83915187, 31.88614929 ], [ -98.85827612, 31.89899388 ], [ -98.87892618, 31.91293263 ], [ -98.91691969, 31.93876818 ], [ -98.91870048, 31.93999758 ], [ -98.95847479, 31.96652193 ], [ -98.97685338, 31.9785425 ], [ -98.99824909, 31.99284576 ], [ -99.03666785, 32.0183168 ], [ -99.0380234, 32.01923583 ], [ -99.0777977, 32.04453139 ], [ -99.09959975, 32.05809112 ], [ -99.11757201, 32.0696935 ], [ -99.15734631, 32.09407599 ], [ -99.16409339, 32.09786542 ], [ -99.19712064, 32.11734899 ], [ -99.23374962, 32.13763972 ], [ -99.23689495, 32.13947451 ], [ -99.27666925, 32.15939511 ], [ -99.31644356, 32.17606842 ], [ -99.32041821, 32.17741404 ], [ -99.35621786, 32.19097298 ], [ -99.39599217, 32.20018145 ], [ -99.43576647, 32.2028551 ], [ -99.47554078, 32.19682478 ], [ -99.51531508, 32.1802654 ], [ -99.51962245, 32.17741404 ], [ -99.55508939, 32.1560426 ], [ -99.57751785, 32.13763972 ], [ -99.59486369, 32.12516633 ], [ -99.62378967, 32.09786542 ], [ -99.634638, 32.08942782 ], [ -99.66215337, 32.05809112 ], [ -99.6744123, 32.04621828 ], [ -99.69239946, 32.0183168 ], [ -99.71418661, 31.9898926 ], [ -99.71967976, 31.9785425 ], [ -99.7422898, 31.93876818 ], [ -99.75396091, 31.9209078 ], [ -99.76290723, 31.89899388 ], [ -99.78106829, 31.85921959 ], [ -99.79373522, 31.83372534 ], [ -99.79790831, 31.81944527 ], [ -99.80985506, 31.77967097 ], [ -99.82186188, 31.73989665 ], [ -99.83350953, 31.70111901 ], [ -99.83377538, 31.70012235 ], [ -99.84462303, 31.66034805 ], [ -99.85594695, 31.62057373 ], [ -99.86762079, 31.58079944 ], [ -99.87328385, 31.56119084 ], [ -99.87943654, 31.54102511 ], [ -99.89080989, 31.50125082 ], [ -99.90096074, 31.46147652 ], [ -99.90875873, 31.4217022 ], [ -99.91305816, 31.39674275 ], [ -99.91583902, 31.3819279 ], [ -99.92266498, 31.34215358 ], [ -99.93202951, 31.30237928 ], [ -99.94874778, 31.26260499 ], [ -99.95283246, 31.25535991 ], [ -99.97175603, 31.22283066 ], [ -99.99260677, 31.18724849 ], [ -99.99516655, 31.18305637 ], [ -100.01958587, 31.14328207 ], [ -100.03238107, 31.12228706 ], [ -100.04425927, 31.10350775 ], [ -100.06869697, 31.06373345 ], [ -100.07215538, 31.05802336 ], [ -100.09348386, 31.02395913 ], [ -100.11192969, 30.99351328 ], [ -100.11775184, 30.98418483 ], [ -100.14194759, 30.94441054 ], [ -100.15170399, 30.93446628 ], [ -100.16164824, 30.94441054 ], [ -100.1914783, 30.97423661 ], [ -100.20142654, 30.98418483 ], [ -100.2312526, 31.01400763 ], [ -100.27102691, 31.01400605 ], [ -100.28098, 31.02395913 ], [ -100.31080121, 31.05377841 ], [ -100.35057552, 31.05377759 ], [ -100.36053137, 31.06373345 ], [ -100.39034982, 31.09355096 ], [ -100.40030663, 31.10350775 ], [ -100.43012413, 31.13332463 ], [ -100.44008156, 31.14328207 ], [ -100.46989843, 31.17309804 ], [ -100.47985677, 31.18305637 ], [ -100.50967274, 31.21287069 ], [ -100.51963272, 31.22283066 ], [ -100.54944707, 31.25264214 ], [ -100.54944707, 31.25265972 ], [ -100.50967274, 31.25790533 ], [ -100.50447463, 31.26260499 ], [ -100.46989843, 31.29344305 ], [ -100.46036077, 31.30237928 ], [ -100.43012413, 31.33020775 ], [ -100.41773994, 31.34215358 ], [ -100.39034982, 31.36811459 ], [ -100.37635394, 31.3819279 ], [ -100.35057552, 31.40641217 ], [ -100.33541242, 31.4217022 ], [ -100.31080121, 31.44487123 ], [ -100.29386506, 31.46147652 ], [ -100.27102691, 31.4823977 ], [ -100.25100466, 31.50125082 ], [ -100.2312526, 31.51835158 ], [ -100.20516486, 31.54102511 ], [ -100.1914783, 31.55231432 ], [ -100.15325463, 31.58079944 ], [ -100.15170399, 31.58182732 ], [ -100.11192969, 31.59175418 ], [ -100.07215538, 31.59083408 ], [ -100.03238107, 31.61027478 ], [ -100.02308991, 31.62057373 ], [ -99.99260677, 31.65454305 ], [ -99.98919633, 31.66034805 ], [ -99.96675485, 31.70012235 ], [ -99.95283246, 31.72684372 ], [ -99.94753496, 31.73989665 ], [ -99.93267909, 31.77967097 ], [ -99.91938836, 31.81944527 ], [ -99.91305816, 31.84053805 ], [ -99.90811084, 31.85921959 ], [ -99.89877398, 31.89899388 ], [ -99.89058186, 31.93876818 ], [ -99.88348117, 31.9785425 ], [ -99.87739223, 32.0183168 ], [ -99.87328385, 32.05049388 ], [ -99.87233798, 32.05809112 ], [ -99.86840853, 32.09786542 ], [ -99.8655446, 32.13763972 ], [ -99.86372941, 32.17741404 ], [ -99.86319618, 32.21718833 ], [ -99.86405484, 32.25696263 ], [ -99.86642011, 32.29673695 ], [ -99.86976206, 32.33651125 ], [ -99.87291273, 32.37628557 ], [ -99.87328385, 32.38279761 ], [ -99.87491971, 32.41605987 ], [ -99.87561346, 32.45583417 ], [ -99.87441811, 32.49560849 ], [ -99.87328385, 32.51135086 ], [ -99.87148556, 32.53538278 ], [ -99.86808596, 32.57515711 ], [ -99.86454528, 32.6149314 ], [ -99.86050682, 32.6547057 ], [ -99.85532095, 32.69448002 ], [ -99.84825047, 32.73425432 ], [ -99.83807685, 32.77402864 ], [ -99.83350953, 32.78775592 ], [ -99.82166995, 32.81380294 ], [ -99.79373522, 32.84892091 ], [ -99.75396091, 32.84733372 ], [ -99.71418661, 32.85080279 ], [ -99.71326912, 32.85357723 ], [ -99.70295776, 32.89335156 ], [ -99.69842035, 32.93312585 ], [ -99.69699661, 32.97290015 ], [ -99.69909583, 33.01267447 ], [ -99.70811715, 33.05244877 ], [ -99.71418661, 33.06604662 ], [ -99.74283504, 33.09222309 ], [ -99.75396091, 33.1031103 ], [ -99.78170357, 33.13199739 ], [ -99.79373522, 33.15664673 ], [ -99.80401887, 33.17177168 ], [ -99.81021026, 33.211546 ], [ -99.83030703, 33.2513203 ], [ -99.83350953, 33.26305431 ], [ -99.84426119, 33.29109462 ], [ -99.87230172, 33.33086892 ], [ -99.87328385, 33.33195298 ], [ -99.91305816, 33.35276384 ], [ -99.95283246, 33.3603111 ], [ -99.99260677, 33.35113709 ], [ -100.01556937, 33.33086892 ], [ -100.03238107, 33.31024175 ], [ -100.04438003, 33.29109462 ], [ -100.0638168, 33.2513203 ], [ -100.07215538, 33.23047396 ], [ -100.07863653, 33.211546 ], [ -100.09193972, 33.17177168 ], [ -100.10620013, 33.13199739 ], [ -100.11192969, 33.11747822 ], [ -100.12064517, 33.09222309 ], [ -100.1373578, 33.05244877 ], [ -100.15170399, 33.02599779 ], [ -100.15813935, 33.01267447 ], [ -100.18252922, 32.97290015 ], [ -100.1914783, 32.96129952 ], [ -100.21203763, 32.93312585 ], [ -100.2312526, 32.91100739 ], [ -100.2462434, 32.89335156 ], [ -100.27102691, 32.86739248 ], [ -100.28397234, 32.85357723 ], [ -100.31080121, 32.82704304 ], [ -100.32408989, 32.81380294 ], [ -100.35057552, 32.78887543 ], [ -100.36629253, 32.77402864 ], [ -100.39034982, 32.75213647 ], [ -100.41000051, 32.73425432 ], [ -100.43012413, 32.71635929 ], [ -100.4548187, 32.69448002 ], [ -100.46989843, 32.68137559 ], [ -100.50070173, 32.6547057 ], [ -100.50967274, 32.64698781 ], [ -100.54735094, 32.6149314 ], [ -100.54944707, 32.61314235 ], [ -100.58922137, 32.57873519 ], [ -100.59329429, 32.57515711 ], [ -100.62899568, 32.54246941 ], [ -100.63665414, 32.53538278 ], [ -100.66876998, 32.5047708 ], [ -100.6783824, 32.49560849 ], [ -100.70854429, 32.46606841 ], [ -100.71906782, 32.45583417 ], [ -100.74831859, 32.4268903 ], [ -100.75934177, 32.41605987 ], [ -100.7880929, 32.38741073 ], [ -100.79933762, 32.37628557 ], [ -100.8278672, 32.34765335 ], [ -100.83909004, 32.33651125 ], [ -100.86764151, 32.30785594 ], [ -100.87880108, 32.29673695 ], [ -100.90741581, 32.26791178 ], [ -100.91844607, 32.25696263 ], [ -100.94719012, 32.22832469 ], [ -100.95862172, 32.21718833 ], [ -100.98696442, 32.18947537 ], [ -100.9995868, 32.17741404 ], [ -101.02673873, 32.15137242 ], [ -101.04139782, 32.13763972 ], [ -101.06651303, 32.11419881 ], [ -101.08436744, 32.09786542 ], [ -101.10628734, 32.07773826 ], [ -101.12830854, 32.05809112 ], [ -101.14606164, 32.04225191 ], [ -101.17357669, 32.0183168 ], [ -101.18583595, 32.00765266 ], [ -101.19578073, 31.9785425 ], [ -101.19579832, 31.9785425 ], [ -101.19579668, 32.0183168 ], [ -101.22561028, 32.04813366 ], [ -101.23556773, 32.05809112 ], [ -101.26538458, 32.08791145 ], [ -101.27533853, 32.09786542 ], [ -101.30515889, 32.12768948 ], [ -101.31510913, 32.13763972 ], [ -101.34493319, 32.16746768 ], [ -101.35487956, 32.17741404 ], [ -101.35748181, 32.21718833 ], [ -101.34493319, 32.22761124 ], [ -101.31016738, 32.25696263 ], [ -101.30515889, 32.26119112 ], [ -101.26538458, 32.29517592 ], [ -101.2635826, 32.29673695 ], [ -101.22561028, 32.32963222 ], [ -101.21779516, 32.33651125 ], [ -101.18583595, 32.36456432 ], [ -101.17273149, 32.37628557 ], [ -101.14606164, 32.40000845 ], [ -101.12834635, 32.41605987 ], [ -101.10628734, 32.43599197 ], [ -101.08465754, 32.45583417 ], [ -101.06651303, 32.47234271 ], [ -101.04131995, 32.49560849 ], [ -101.02673873, 32.50900102 ], [ -100.99826803, 32.53538278 ], [ -100.98696442, 32.54571665 ], [ -100.9549491, 32.57515711 ], [ -100.94719012, 32.58217906 ], [ -100.91110542, 32.6149314 ], [ -100.90741581, 32.61821955 ], [ -100.86764151, 32.65375928 ], [ -100.86658128, 32.6547057 ], [ -100.8278672, 32.6884691 ], [ -100.82095468, 32.69448002 ], [ -100.7880929, 32.72269472 ], [ -100.77466884, 32.73425432 ], [ -100.74831859, 32.75711805 ], [ -100.72899921, 32.77402864 ], [ -100.70854429, 32.79225786 ], [ -100.68457772, 32.81380294 ], [ -100.66876998, 32.82831431 ], [ -100.64156369, 32.85357723 ], [ -100.62899568, 32.86563017 ], [ -100.60049569, 32.89335156 ], [ -100.58922137, 32.90472167 ], [ -100.56159959, 32.93312585 ], [ -100.54944707, 32.94621598 ], [ -100.5252084, 32.97290015 ], [ -100.50967274, 32.99096824 ], [ -100.49154635, 33.01267447 ], [ -100.46989843, 33.04033164 ], [ -100.46072623, 33.05244877 ], [ -100.43291509, 33.09222309 ], [ -100.43012413, 33.09651366 ], [ -100.40811112, 33.13199739 ], [ -100.39034982, 33.16370345 ], [ -100.38605858, 33.17177168 ], [ -100.36646114, 33.211546 ], [ -100.35057552, 33.24770468 ], [ -100.34908673, 33.2513203 ], [ -100.33376702, 33.29109462 ], [ -100.31888065, 33.33086892 ], [ -100.31080121, 33.3508299 ], [ -100.30241285, 33.37064322 ], [ -100.28437941, 33.41041754 ], [ -100.27102691, 33.43818227 ], [ -100.26483792, 33.45019184 ], [ -100.24271683, 33.48996616 ], [ -100.2312526, 33.50880877 ], [ -100.21642602, 33.52974045 ], [ -100.1914783, 33.55967775 ], [ -100.18051242, 33.56951475 ], [ -100.15170399, 33.58985404 ], [ -100.11192969, 33.60466442 ], [ -100.09109765, 33.60928907 ], [ -100.07215538, 33.61360855 ], [ -100.03238107, 33.61894365 ], [ -99.99260677, 33.62114464 ], [ -99.95283246, 33.61999658 ], [ -99.91305816, 33.61402263 ], [ -99.89764297, 33.60928907 ], [ -99.87328385, 33.60183918 ], [ -99.83350953, 33.58098205 ], [ -99.81974282, 33.56951475 ], [ -99.79373522, 33.54556531 ], [ -99.78251249, 33.52974045 ], [ -99.76100167, 33.48996616 ], [ -99.75396091, 33.47014461 ], [ -99.74798229, 33.45019184 ], [ -99.73936143, 33.41041754 ], [ -99.72794951, 33.37064322 ], [ -99.71418661, 33.34711312 ], [ -99.67641892, 33.33086892 ], [ -99.6744123, 33.32999076 ], [ -99.67313828, 33.33086892 ], [ -99.634638, 33.36103706 ], [ -99.62731035, 33.37064322 ], [ -99.59486369, 33.41005408 ], [ -99.59462142, 33.41041754 ], [ -99.56532766, 33.45019184 ], [ -99.55508939, 33.4619007 ], [ -99.53680031, 33.48996616 ], [ -99.51531508, 33.51773572 ], [ -99.5080432, 33.52974045 ], [ -99.48018209, 33.56951475 ], [ -99.47554078, 33.57465643 ], [ -99.45170178, 33.60928907 ], [ -99.43576647, 33.62831732 ], [ -99.42182199, 33.64906337 ], [ -99.39599217, 33.68145173 ], [ -99.39107519, 33.68883769 ], [ -99.3598874, 33.72861199 ], [ -99.35621786, 33.73256973 ], [ -99.32802993, 33.76838629 ], [ -99.31644356, 33.78122636 ], [ -99.29509732, 33.80816061 ], [ -99.27666925, 33.82890566 ], [ -99.26147303, 33.8479349 ], [ -99.23689495, 33.87629494 ], [ -99.22795086, 33.8877092 ], [ -99.19712064, 33.92499473 ], [ -99.19522619, 33.92748352 ], [ -99.16442322, 33.96725782 ], [ -99.15734631, 33.9763804 ], [ -99.13565214, 34.00703214 ], [ -99.11757201, 34.03284468 ], [ -99.10810244, 34.04680644 ], [ -99.08142435, 34.08658074 ], [ -99.0777977, 34.09208776 ], [ -99.05589507, 34.12635506 ], [ -99.0380234, 34.15477699 ], [ -99.03089364, 34.16612935 ], [ -99.00711863, 34.20590368 ], [ -98.99824909, 34.22299858 ], [ -98.98588628, 34.24567797 ], [ -98.96781216, 34.28545227 ], [ -98.95847479, 34.30111294 ], [ -98.94089417, 34.32522659 ], [ -98.91870048, 34.34772964 ], [ -98.89532394, 34.36500089 ], [ -98.87892618, 34.37719098 ], [ -98.83915187, 34.4002614 ], [ -98.82954602, 34.40477521 ], [ -98.79937757, 34.44371993 ], [ -98.79845715, 34.44454951 ], [ -98.79179288, 34.4843238 ], [ -98.77670904, 34.52409812 ], [ -98.75960326, 34.54830834 ], [ -98.73980894, 34.56387242 ], [ -98.71982896, 34.57407164 ], [ -98.68005465, 34.58149811 ], [ -98.64028035, 34.58105871 ], [ -98.60050604, 34.57314642 ], [ -98.583383, 34.56387242 ], [ -98.56073173, 34.53765504 ], [ -98.5545317, 34.52409812 ], [ -98.54390817, 34.4843238 ], [ -98.5353032, 34.44454951 ], [ -98.52095743, 34.41588618 ], [ -98.51622219, 34.40477521 ], [ -98.4811831, 34.38710744 ], [ -98.45202024, 34.36500089 ], [ -98.4414088, 34.3617559 ], [ -98.40163449, 34.36245506 ], [ -98.39430953, 34.36500089 ], [ -98.36186019, 34.38621904 ], [ -98.32208588, 34.40334545 ], [ -98.31860213, 34.40477521 ], [ -98.28231157, 34.42758851 ], [ -98.24262871, 34.44454951 ], [ -98.24253727, 34.44461642 ], [ -98.20276296, 34.46711045 ], [ -98.16298866, 34.48393908 ], [ -98.16200221, 34.4843238 ], [ -98.12321435, 34.50678121 ], [ -98.08676726, 34.52409812 ], [ -98.08344005, 34.52672142 ], [ -98.04366574, 34.55410576 ], [ -98.02821818, 34.56387242 ], [ -98.00389144, 34.58963886 ], [ -97.9898409, 34.60364674 ], [ -97.96655869, 34.64342104 ], [ -97.96411713, 34.64780238 ], [ -97.94751553, 34.68319534 ], [ -97.92434283, 34.71428616 ], [ -97.91882375, 34.72296966 ], [ -97.88613938, 34.76274396 ], [ -97.88456852, 34.76448093 ], [ -97.85309263, 34.80251825 ], [ -97.84479422, 34.81198867 ], [ -97.81766387, 34.84229257 ], [ -97.80501989, 34.8569379 ], [ -97.78524437, 34.88206687 ], [ -97.76822124, 34.92184119 ], [ -97.76772785, 34.96161549 ], [ -97.78307843, 35.00138979 ], [ -97.80013528, 35.04116411 ], [ -97.80501989, 35.05164101 ], [ -97.8211349, 35.08093841 ], [ -97.84369853, 35.12071273 ], [ -97.84479422, 35.12256396 ], [ -97.87498774, 35.16048702 ], [ -97.88456852, 35.17302187 ], [ -97.91339333, 35.20026132 ], [ -97.92434283, 35.21142746 ], [ -97.96372668, 35.24003564 ], [ -97.96411713, 35.24034372 ], [ -98.00389144, 35.26113771 ], [ -98.04366574, 35.27463328 ], [ -98.0638546, 35.27980994 ], [ -98.08344005, 35.28579026 ], [ -98.12321435, 35.30575593 ], [ -98.13883721, 35.31958426 ], [ -98.15953429, 35.35935856 ], [ -98.16298866, 35.37580995 ], [ -98.16681211, 35.39913286 ], [ -98.16880812, 35.43890718 ], [ -98.16794626, 35.47868147 ], [ -98.16298866, 35.51694168 ], [ -98.16280942, 35.5184558 ], [ -98.14899317, 35.55823009 ], [ -98.12321435, 35.59244808 ], [ -98.11888849, 35.59800439 ], [ -98.08486137, 35.63777871 ], [ -98.08344005, 35.6397271 ], [ -98.06291715, 35.67755301 ], [ -98.05117864, 35.71732731 ], [ -98.04571557, 35.75710163 ], [ -98.04564982, 35.79687592 ], [ -98.04981499, 35.83665024 ], [ -98.05627259, 35.87642454 ], [ -98.07201854, 35.91619884 ], [ -98.08344005, 35.93187982 ], [ -98.10690567, 35.95597316 ], [ -98.12321435, 35.97653626 ], [ -98.14244413, 35.99574746 ], [ -98.16298866, 36.02904376 ], [ -98.17015151, 36.03552178 ], [ -98.18712333, 36.07529608 ], [ -98.17884513, 36.11507037 ], [ -98.16298866, 36.13379129 ], [ -98.14726204, 36.15484469 ], [ -98.12321435, 36.17399976 ], [ -98.09868784, 36.19461899 ], [ -98.08344005, 36.20427006 ], [ -98.04366574, 36.23232303 ], [ -98.04081293, 36.23439331 ], [ -98.00389144, 36.26173332 ], [ -97.98760738, 36.27416761 ], [ -97.96411713, 36.2910926 ], [ -97.92434283, 36.3125132 ], [ -97.92102754, 36.31394191 ], [ -97.88456852, 36.32721049 ], [ -97.84479422, 36.33976945 ], [ -97.80501989, 36.35174956 ], [ -97.79775631, 36.35371623 ], [ -97.76524558, 36.36303455 ], [ -97.72547128, 36.36656769 ], [ -97.68569697, 36.35583644 ], [ -97.68254482, 36.35371623 ], [ -97.65170342, 36.31394191 ], [ -97.64592267, 36.29820272 ], [ -97.63738487, 36.27416761 ], [ -97.62699789, 36.23439331 ], [ -97.61766314, 36.19461899 ], [ -97.60759055, 36.15484469 ], [ -97.60614836, 36.14997901 ], [ -97.59025383, 36.11507037 ], [ -97.56637406, 36.07863059 ], [ -97.55781548, 36.07529608 ], [ -97.52659975, 36.06637726 ], [ -97.48682545, 36.07446957 ], [ -97.48536163, 36.07529608 ], [ -97.44705114, 36.09700654 ], [ -97.42342917, 36.11507037 ], [ -97.40727684, 36.1273705 ], [ -97.37991714, 36.15484469 ], [ -97.36750253, 36.16710606 ], [ -97.34460649, 36.19461899 ], [ -97.32772823, 36.21449181 ], [ -97.31329674, 36.23439331 ], [ -97.28795392, 36.26824968 ], [ -97.28410874, 36.27416761 ], [ -97.25872429, 36.31394191 ], [ -97.24817962, 36.33042665 ], [ -97.23523467, 36.35371623 ], [ -97.21355178, 36.39349053 ], [ -97.20840531, 36.40362268 ], [ -97.19541151, 36.43326482 ], [ -97.1796815, 36.47303914 ], [ -97.168631, 36.50762475 ], [ -97.16721785, 36.51281344 ], [ -97.1611007, 36.55258776 ], [ -97.15968494, 36.59236206 ], [ -97.16254613, 36.63213636 ], [ -97.168631, 36.66167179 ], [ -97.17132704, 36.67191068 ], [ -97.19372585, 36.71168498 ], [ -97.20840531, 36.72713434 ], [ -97.22317584, 36.7514593 ], [ -97.22482168, 36.79123359 ], [ -97.21740417, 36.83100789 ], [ -97.20840531, 36.84822875 ], [ -97.19919034, 36.87078221 ], [ -97.18067096, 36.91055651 ], [ -97.168631, 36.92795082 ], [ -97.15765953, 36.95033083 ], [ -97.13524583, 36.99010513 ], [ -97.1288567, 37.00065072 ], [ -97.11571532, 37.02987943 ], [ -97.09781382, 37.06965375 ], [ -97.10607566, 37.10942804 ], [ -97.12028348, 37.14920236 ], [ -97.1288567, 37.17292928 ], [ -97.13775548, 37.18897666 ], [ -97.16522881, 37.22875096 ], [ -97.168631, 37.2331935 ], [ -97.20840531, 37.25888931 ], [ -97.24527839, 37.26852528 ], [ -97.24817962, 37.26950022 ], [ -97.28795392, 37.27874902 ], [ -97.32772823, 37.28385625 ], [ -97.36750253, 37.29257015 ], [ -97.40267772, 37.30829958 ], [ -97.40727684, 37.31910013 ], [ -97.41280074, 37.34807387 ], [ -97.40727684, 37.36219629 ], [ -97.39704181, 37.3878482 ], [ -97.37679073, 37.42762249 ], [ -97.37037943, 37.46739681 ], [ -97.36750253, 37.49892373 ], [ -97.36586386, 37.50717111 ], [ -97.35670415, 37.54694541 ], [ -97.34684563, 37.58671973 ], [ -97.33871172, 37.62649403 ], [ -97.33138897, 37.66626835 ], [ -97.3354533, 37.70604265 ], [ -97.34741753, 37.74581694 ], [ -97.35414332, 37.78559126 ], [ -97.35959808, 37.82536556 ], [ -97.36480273, 37.86513988 ], [ -97.36750253, 37.87847437 ], [ -97.37234327, 37.90491418 ], [ -97.3790913, 37.94468848 ], [ -97.38631131, 37.9844628 ], [ -97.39602406, 38.0242371 ], [ -97.40727684, 38.05605237 ], [ -97.41044482, 38.06401142 ], [ -97.42671809, 38.10378571 ], [ -97.43492814, 38.14356001 ], [ -97.43642097, 38.18333433 ], [ -97.44599236, 38.22310863 ], [ -97.44705114, 38.22414469 ], [ -97.48682545, 38.24214434 ], [ -97.52659975, 38.25510855 ], [ -97.56006337, 38.26288293 ], [ -97.56637406, 38.26451119 ], [ -97.60614836, 38.27164836 ], [ -97.64592267, 38.28060572 ], [ -97.68569697, 38.29352488 ], [ -97.70719534, 38.30265725 ], [ -97.72547128, 38.31051163 ], [ -97.76524558, 38.33210259 ], [ -97.78039265, 38.34243155 ], [ -97.80501989, 38.36139342 ], [ -97.82735264, 38.38220587 ], [ -97.84479422, 38.40107312 ], [ -97.86239257, 38.42198016 ], [ -97.88456852, 38.45368084 ], [ -97.88992168, 38.46175446 ], [ -97.91230122, 38.50152878 ], [ -97.92434283, 38.52930129 ], [ -97.92945228, 38.54130308 ], [ -97.94346181, 38.5810774 ], [ -97.95276414, 38.6208517 ], [ -97.95791859, 38.66062599 ], [ -97.95946099, 38.70040032 ], [ -97.95793186, 38.74017461 ], [ -97.95355225, 38.77994893 ], [ -97.94522859, 38.81972323 ], [ -97.93148646, 38.85949753 ], [ -97.92434283, 38.87503063 ], [ -97.91307998, 38.89927185 ], [ -97.88751062, 38.93904615 ], [ -97.88456852, 38.9423219 ], [ -97.84977381, 38.97882044 ], [ -97.84479422, 38.98257708 ], [ -97.80501989, 39.00959064 ], [ -97.78940933, 39.01859477 ], [ -97.76524558, 39.03385382 ], [ -97.72547128, 39.05399562 ], [ -97.71438179, 39.05836906 ], [ -97.68569697, 39.07294764 ], [ -97.64592267, 39.0873257 ], [ -97.62293806, 39.09814338 ], [ -97.60614836, 39.10898078 ], [ -97.58161266, 39.13791768 ], [ -97.57164794, 39.17769198 ], [ -97.58322036, 39.2174663 ], [ -97.59433981, 39.2572406 ], [ -97.60614836, 39.29519983 ], [ -97.6070439, 39.29701492 ], [ -97.62293533, 39.33678922 ], [ -97.63502205, 39.37656351 ], [ -97.64422512, 39.41633783 ], [ -97.64592267, 39.42642989 ], [ -97.65187219, 39.45611213 ], [ -97.65764423, 39.49588645 ], [ -97.6618244, 39.53566075 ], [ -97.66488943, 39.57543505 ], [ -97.66725203, 39.61520937 ], [ -97.66949115, 39.65498367 ], [ -97.67200344, 39.69475799 ], [ -97.67521578, 39.73453228 ], [ -97.67950525, 39.77430658 ], [ -97.68505965, 39.8140809 ], [ -97.68569697, 39.81718593 ], [ -97.69431194, 39.8538552 ], [ -97.70796479, 39.8936295 ], [ -97.72502942, 39.93340382 ], [ -97.72547128, 39.9342048 ], [ -97.74886423, 39.97317811 ], [ -97.76524558, 39.99695283 ], [ -97.77694756, 40.01295244 ], [ -97.80501989, 40.04606072 ], [ -97.81094024, 40.05272673 ], [ -97.84479422, 40.08557848 ], [ -97.85217829, 40.09250103 ], [ -97.88456852, 40.11857791 ], [ -97.90201056, 40.13227535 ], [ -97.92434283, 40.14723528 ], [ -97.96206433, 40.17204965 ], [ -97.96411713, 40.17318409 ], [ -98.00389144, 40.19346766 ], [ -98.04223572, 40.21182397 ], [ -98.04366574, 40.2123787 ], [ -98.08344005, 40.22429357 ], [ -98.12321435, 40.22972167 ], [ -98.16298866, 40.23059154 ], [ -98.20276296, 40.2290149 ], [ -98.24253727, 40.22515693 ], [ -98.28231157, 40.22201699 ], [ -98.32208588, 40.22426161 ], [ -98.36186019, 40.23127383 ], [ -98.40163449, 40.23878899 ], [ -98.4414088, 40.2430725 ], [ -98.4811831, 40.24181727 ], [ -98.52095743, 40.23325918 ], [ -98.56073173, 40.21622306 ], [ -98.56691751, 40.21182397 ], [ -98.60050604, 40.17928666 ], [ -98.60620561, 40.17204965 ], [ -98.62249178, 40.13227535 ], [ -98.62013642, 40.09250103 ], [ -98.60050604, 40.06619474 ], [ -98.58919106, 40.05272673 ], [ -98.56073173, 40.03529538 ], [ -98.52095743, 40.0181934 ], [ -98.4811831, 40.01716626 ], [ -98.4414088, 40.02330001 ], [ -98.40163449, 40.02773386 ], [ -98.36186019, 40.02838106 ], [ -98.32208588, 40.01818893 ], [ -98.31161288, 40.01295244 ], [ -98.28752734, 39.97317811 ], [ -98.28231157, 39.95302345 ], [ -98.27631462, 39.93340382 ], [ -98.26898892, 39.8936295 ], [ -98.26519183, 39.8538552 ], [ -98.26449052, 39.8140809 ], [ -98.26737499, 39.77430658 ], [ -98.27504301, 39.73453228 ], [ -98.28231157, 39.71386107 ], [ -98.28904242, 39.69475799 ], [ -98.31409999, 39.65498367 ], [ -98.32208588, 39.64637015 ], [ -98.3610633, 39.61520937 ], [ -98.36186019, 39.61471237 ], [ -98.40163449, 39.59633144 ], [ -98.4414088, 39.58614426 ], [ -98.4811831, 39.58143848 ], [ -98.52095743, 39.58030126 ], [ -98.56073173, 39.58070156 ], [ -98.60050604, 39.58063838 ], [ -98.64028035, 39.58589733 ], [ -98.68005465, 39.60063218 ], [ -98.70823107, 39.61520937 ], [ -98.71982896, 39.62101439 ], [ -98.75960326, 39.64523944 ], [ -98.77214471, 39.65498367 ], [ -98.79937757, 39.67485206 ], [ -98.82327019, 39.69475799 ], [ -98.83915187, 39.70783912 ], [ -98.87133743, 39.73453228 ], [ -98.87892618, 39.74089843 ], [ -98.91870048, 39.77134103 ], [ -98.9229152, 39.77430658 ], [ -98.95847479, 39.79910265 ], [ -98.98216379, 39.8140809 ], [ -98.99824909, 39.82422868 ], [ -99.0380234, 39.84718005 ], [ -99.05025459, 39.8538552 ], [ -99.0777977, 39.8688868 ], [ -99.11757201, 39.88930179 ], [ -99.12669557, 39.8936295 ], [ -99.15734631, 39.90849545 ], [ -99.19712064, 39.92606072 ], [ -99.21481162, 39.93340382 ], [ -99.23689495, 39.94316041 ], [ -99.27666925, 39.96002952 ], [ -99.30863269, 39.97317811 ], [ -99.31644356, 39.97694315 ], [ -99.35621786, 39.99551235 ], [ -99.39433904, 40.01295244 ], [ -99.39599217, 40.01391866 ], [ -99.43576647, 40.03526763 ], [ -99.47251258, 40.05272673 ], [ -99.47554078, 40.05462878 ], [ -99.51531508, 40.07665043 ], [ -99.54874537, 40.09250103 ], [ -99.55508939, 40.09645482 ], [ -99.59486369, 40.11807205 ], [ -99.62319742, 40.13227535 ], [ -99.634638, 40.13920365 ], [ -99.6744123, 40.1651498 ], [ -99.69067334, 40.17204965 ], [ -99.71418661, 40.18306547 ], [ -99.75396091, 40.19937695 ], [ -99.7814198, 40.21182397 ], [ -99.79373522, 40.2182749 ], [ -99.83350953, 40.23710383 ], [ -99.86959144, 40.25159827 ], [ -99.87328385, 40.25295408 ], [ -99.91305816, 40.26627759 ], [ -99.95283246, 40.27798326 ], [ -99.99260677, 40.28795745 ], [ -100.0112345, 40.29137256 ], [ -100.03238107, 40.29568024 ], [ -100.07215538, 40.30056371 ], [ -100.11192969, 40.30051567 ], [ -100.15170399, 40.29234575 ], [ -100.15362316, 40.29137256 ], [ -100.1914783, 40.27190103 ], [ -100.21366704, 40.25159827 ], [ -100.2312526, 40.23716707 ], [ -100.25315779, 40.21182397 ], [ -100.27102691, 40.19474897 ], [ -100.28988479, 40.17204965 ], [ -100.31080121, 40.15234578 ], [ -100.32888032, 40.13227535 ], [ -100.35057552, 40.11421173 ], [ -100.37424119, 40.09250103 ], [ -100.39034982, 40.08202673 ], [ -100.43012413, 40.05747141 ], [ -100.43903551, 40.05272673 ], [ -100.46989843, 40.0409488 ], [ -100.50967274, 40.02657045 ], [ -100.54944707, 40.01460811 ], [ -100.55768845, 40.01295244 ], [ -100.58922137, 40.00696051 ], [ -100.62899568, 39.99089615 ], [ -100.64970723, 39.97317811 ], [ -100.66876998, 39.95700367 ], [ -100.69358454, 39.93340382 ], [ -100.70854429, 39.91757094 ], [ -100.73461608, 39.8936295 ], [ -100.74831859, 39.87240115 ], [ -100.76575787, 39.8538552 ], [ -100.78219502, 39.8140809 ], [ -100.7880929, 39.78308101 ], [ -100.79050733, 39.77430658 ], [ -100.79451566, 39.73453228 ], [ -100.79615795, 39.69475799 ], [ -100.79755685, 39.65498367 ], [ -100.79963606, 39.61520937 ], [ -100.80156414, 39.57543505 ], [ -100.80244823, 39.53566075 ], [ -100.80142565, 39.49588645 ], [ -100.7975912, 39.45611213 ], [ -100.78990547, 39.41633783 ], [ -100.7880929, 39.41052829 ], [ -100.77693033, 39.37656351 ], [ -100.7557478, 39.33678922 ], [ -100.74831859, 39.32619066 ], [ -100.72623412, 39.29701492 ], [ -100.70854429, 39.27734436 ], [ -100.6898146, 39.2572406 ], [ -100.66876998, 39.23627143 ], [ -100.65016488, 39.2174663 ], [ -100.62899568, 39.19591498 ], [ -100.61164939, 39.17769198 ], [ -100.58922137, 39.15258992 ], [ -100.57675477, 39.13791768 ], [ -100.54944707, 39.1011064 ], [ -100.54737749, 39.09814338 ], [ -100.52458359, 39.05836906 ], [ -100.50967274, 39.02305374 ], [ -100.50787019, 39.01859477 ], [ -100.50019579, 38.97882044 ], [ -100.50498928, 38.93904615 ], [ -100.50967274, 38.9308576 ], [ -100.53287559, 38.89927185 ], [ -100.54944707, 38.88820677 ], [ -100.58922137, 38.863707 ], [ -100.59599226, 38.85949753 ], [ -100.62899568, 38.84510102 ], [ -100.66876998, 38.82663353 ], [ -100.68282287, 38.81972323 ], [ -100.70854429, 38.81021751 ], [ -100.74831859, 38.79530052 ], [ -100.7880929, 38.78438047 ], [ -100.82311818, 38.77994893 ], [ -100.8278672, 38.77942614 ], [ -100.86764151, 38.7751694 ], [ -100.90459965, 38.77994893 ], [ -100.90741581, 38.7803933 ], [ -100.94719012, 38.80579731 ], [ -100.95955472, 38.81972323 ], [ -100.98456348, 38.85949753 ], [ -100.98696442, 38.86539246 ], [ -100.99595927, 38.89927185 ], [ -100.99894488, 38.93904615 ], [ -100.98915636, 38.97882044 ], [ -100.98696442, 38.98103088 ], [ -100.95740187, 39.01859477 ], [ -100.96198664, 39.05836906 ], [ -100.97478282, 39.09814338 ], [ -100.98696442, 39.12565636 ], [ -100.99061892, 39.13791768 ], [ -101.00541654, 39.17769198 ], [ -101.02673873, 39.20819525 ], [ -101.03247174, 39.2174663 ], [ -101.05888251, 39.2572406 ], [ -101.06651303, 39.26635588 ], [ -101.09556225, 39.29701492 ], [ -101.10628734, 39.31126518 ], [ -101.12397047, 39.33678922 ], [ -101.13500602, 39.37656351 ], [ -101.12379954, 39.41633783 ], [ -101.11214347, 39.45611213 ], [ -101.10657039, 39.49588645 ], [ -101.10628734, 39.5038621 ], [ -101.10500761, 39.53566075 ], [ -101.10628734, 39.55635716 ], [ -101.10797927, 39.57543505 ], [ -101.11825326, 39.61520937 ], [ -101.13610029, 39.65498367 ], [ -101.14606164, 39.68154738 ], [ -101.15144637, 39.69475799 ], [ -101.14965847, 39.73453228 ], [ -101.14606164, 39.73962779 ], [ -101.12415922, 39.77430658 ], [ -101.10628734, 39.78736683 ], [ -101.07458512, 39.8140809 ], [ -101.06651303, 39.81791792 ], [ -101.02673873, 39.83900037 ], [ -101.0085782, 39.8538552 ], [ -100.98696442, 39.87266126 ], [ -100.97555768, 39.8936295 ], [ -100.96321856, 39.93340382 ], [ -100.96011798, 39.97317811 ], [ -100.96244396, 40.01295244 ], [ -100.96680659, 40.05272673 ], [ -100.971687, 40.09250103 ], [ -100.9745108, 40.13227535 ], [ -100.98696442, 40.16019731 ], [ -100.99415522, 40.17204965 ], [ -101.02673873, 40.20252299 ], [ -101.03957747, 40.21182397 ], [ -101.06651303, 40.23196385 ], [ -101.10628734, 40.24643082 ], [ -101.14606164, 40.24755179 ], [ -101.18583595, 40.24212297 ], [ -101.22561028, 40.23629682 ], [ -101.26538458, 40.23339311 ], [ -101.30515889, 40.23587597 ], [ -101.34493319, 40.24783235 ], [ -101.35249639, 40.25159827 ], [ -101.3847075, 40.27195998 ], [ -101.40991952, 40.29137256 ], [ -101.4244818, 40.30580324 ], [ -101.44934781, 40.33114689 ], [ -101.46425611, 40.34827717 ], [ -101.48636499, 40.37092118 ], [ -101.50403041, 40.38908356 ], [ -101.52796881, 40.4106955 ], [ -101.54380472, 40.42488349 ], [ -101.5757572, 40.4504698 ], [ -101.58357903, 40.4566162 ], [ -101.62335333, 40.48519845 ], [ -101.63057262, 40.4902441 ], [ -101.66312764, 40.51187262 ], [ -101.69101959, 40.53001842 ], [ -101.70290194, 40.53741711 ], [ -101.74267625, 40.56201961 ], [ -101.75427114, 40.56979272 ], [ -101.78245055, 40.58709839 ], [ -101.81551055, 40.60956704 ], [ -101.82222486, 40.61378491 ], [ -101.86199916, 40.64076787 ], [ -101.87249672, 40.64934134 ], [ -101.90177347, 40.67021392 ], [ -101.924088, 40.68911563 ], [ -101.9415478, 40.70348803 ], [ -101.96397531, 40.72888995 ], [ -101.9813221, 40.75049709 ], [ -101.99486798, 40.76866425 ], [ -102.02109641, 40.80681467 ], [ -102.02217246, 40.80843855 ], [ -102.03729847, 40.84821287 ], [ -102.04268893, 40.88798717 ], [ -102.03191361, 40.92776149 ], [ -102.02109641, 40.93922917 ], [ -101.9813221, 40.96479086 ], [ -101.97390767, 40.96753579 ], [ -101.9415478, 40.97654767 ], [ -101.90177347, 40.98961746 ], [ -101.87095699, 41.00731008 ], [ -101.86199916, 41.01178901 ], [ -101.82222486, 41.03268806 ], [ -101.7965139, 41.0470844 ], [ -101.78245055, 41.0547676 ], [ -101.74267625, 41.07778634 ], [ -101.72889471, 41.0868587 ], [ -101.70290194, 41.10452408 ], [ -101.67414787, 41.12663302 ], [ -101.66312764, 41.13834408 ], [ -101.63359513, 41.16640732 ], [ -101.63881679, 41.20618162 ], [ -101.65521024, 41.24595594 ], [ -101.66312764, 41.26253848 ], [ -101.67535168, 41.28573023 ], [ -101.70290194, 41.32501377 ], [ -101.70332173, 41.32550456 ], [ -101.7344738, 41.36527885 ], [ -101.74267625, 41.37807112 ], [ -101.76355337, 41.40505315 ], [ -101.78245055, 41.43512071 ], [ -101.78934022, 41.44482747 ], [ -101.81062298, 41.48460177 ], [ -101.82222486, 41.51139147 ], [ -101.82807862, 41.52437607 ], [ -101.84078196, 41.56415039 ], [ -101.84956396, 41.60392468 ], [ -101.85430257, 41.64369901 ], [ -101.85517975, 41.6834733 ], [ -101.85236542, 41.7232476 ], [ -101.84645923, 41.76302192 ], [ -101.83810816, 41.80279622 ], [ -101.82796631, 41.84257054 ], [ -101.82222486, 41.86289864 ], [ -101.81574287, 41.88234484 ], [ -101.8023054, 41.92211913 ], [ -101.78898622, 41.96189346 ], [ -101.78245055, 41.98284614 ], [ -101.77541827, 42.00166775 ], [ -101.76209234, 42.04144207 ], [ -101.75076367, 42.08121637 ], [ -101.74267625, 42.1127208 ], [ -101.74023503, 42.12099067 ], [ -101.73330246, 42.16076499 ], [ -101.7275963, 42.20053929 ], [ -101.72438487, 42.24031361 ], [ -101.72343391, 42.28008791 ], [ -101.72455655, 42.3198622 ], [ -101.72716873, 42.35963652 ], [ -101.73182919, 42.39941082 ], [ -101.73793361, 42.43918512 ], [ -101.74267625, 42.46368902 ], [ -101.74529398, 42.47895944 ], [ -101.75324891, 42.51873374 ], [ -101.76252965, 42.55850806 ], [ -101.77312401, 42.59828235 ], [ -101.78245055, 42.62946739 ], [ -101.78482007, 42.63805665 ], [ -101.79659994, 42.67783097 ], [ -101.80963335, 42.71760527 ], [ -101.82222486, 42.7526162 ], [ -101.82382565, 42.75737959 ], [ -101.83810477, 42.79715389 ], [ -101.85394746, 42.83692819 ], [ -101.86199916, 42.85609122 ], [ -101.87024375, 42.87670251 ], [ -101.88751621, 42.9164768 ], [ -101.90177347, 42.94724214 ], [ -101.90578532, 42.95625113 ], [ -101.92433675, 42.99602542 ], [ -101.9415478, 43.03017456 ], [ -101.94427382, 43.03579972 ], [ -101.96451437, 43.07557404 ], [ -101.9813221, 43.10675358 ], [ -101.98578107, 43.11534834 ], [ -102.00730106, 43.15512266 ], [ -102.02109641, 43.18003089 ], [ -102.0290249, 43.19489696 ], [ -102.05075207, 43.23467125 ], [ -102.06087071, 43.25274985 ], [ -102.0724935, 43.27444558 ], [ -102.09375182, 43.31421987 ], [ -102.10064502, 43.32716791 ], [ -102.11443082, 43.35399417 ], [ -102.13772129, 43.39376849 ], [ -102.14041932, 43.3984036 ], [ -102.15810229, 43.43354279 ], [ -102.17586421, 43.47331711 ], [ -102.18019363, 43.48331297 ], [ -102.19300963, 43.51309141 ], [ -102.21183268, 43.5528657 ], [ -102.21996793, 43.56776393 ], [ -102.23450817, 43.59264003 ], [ -102.25974224, 43.62883466 ], [ -102.262427, 43.63241432 ], [ -102.2985093, 43.67218864 ], [ -102.29951654, 43.67310568 ], [ -102.33929085, 43.70495228 ], [ -102.34949454, 43.71196294 ], [ -102.37906515, 43.72893238 ], [ -102.41883946, 43.75000842 ], [ -102.42189428, 43.75173724 ], [ -102.45861376, 43.7724046 ], [ -102.49011442, 43.79151156 ], [ -102.49838807, 43.79650273 ], [ -102.53816237, 43.8221267 ], [ -102.55171496, 43.83128586 ], [ -102.57793668, 43.84900714 ], [ -102.60929333, 43.87106018 ], [ -102.61771101, 43.87704607 ], [ -102.65748531, 43.90656098 ], [ -102.66305665, 43.91083447 ], [ -102.69725962, 43.9376797 ], [ -102.7133741, 43.95060877 ], [ -102.73703392, 43.97004361 ], [ -102.76144122, 43.99038309 ], [ -102.77680823, 44.00342185 ], [ -102.80809449, 44.03015739 ], [ -102.81658253, 44.03754513 ], [ -102.85379274, 44.06993171 ], [ -102.85635684, 44.07220554 ], [ -102.89613114, 44.10719537 ], [ -102.89902944, 44.10970601 ], [ -102.93590545, 44.14185429 ], [ -102.94478353, 44.14948031 ], [ -102.97567976, 44.176364 ], [ -102.9908336, 44.18925463 ], [ -103.01545406, 44.21047354 ], [ -103.03748856, 44.22902892 ], [ -103.05522837, 44.24406668 ], [ -103.08535099, 44.26880322 ], [ -103.09500267, 44.27678193 ], [ -103.13381738, 44.30857754 ], [ -103.13477698, 44.30935905 ], [ -103.17455128, 44.33950721 ], [ -103.18645129, 44.34835184 ], [ -103.21432559, 44.36935316 ], [ -103.24042913, 44.38812616 ], [ -103.25409989, 44.39802566 ], [ -103.29387422, 44.42545643 ], [ -103.29760461, 44.42790046 ], [ -103.33364853, 44.45184552 ], [ -103.35879937, 44.46767476 ], [ -103.37342283, 44.47687837 ], [ -103.41319714, 44.50047171 ], [ -103.42558206, 44.50744908 ], [ -103.45297144, 44.52287969 ], [ -103.49274575, 44.54383955 ], [ -103.49961144, 44.54722337 ], [ -103.53252005, 44.5634427 ], [ -103.57229436, 44.58158665 ], [ -103.58526214, 44.5869977 ], [ -103.61206866, 44.59826415 ], [ -103.65184297, 44.61353971 ], [ -103.68910945, 44.62677199 ], [ -103.69161727, 44.62766894 ], [ -103.73139158, 44.6402512 ], [ -103.77116588, 44.65125219 ], [ -103.81094019, 44.6608483 ], [ -103.84102656, 44.66654629 ], [ -103.85071449, 44.66840929 ], [ -103.8904888, 44.6732035 ], [ -103.9302631, 44.67545097 ], [ -103.97003743, 44.67534027 ], [ -104.00981174, 44.67280286 ], [ -104.04958604, 44.66828008 ], [ -104.05785591, 44.66654629 ], [ -104.08936035, 44.65945072 ], [ -104.12913465, 44.64881759 ], [ -104.16890896, 44.63547094 ], [ -104.1908736, 44.62677199 ], [ -104.20868326, 44.61942775 ], [ -104.24845757, 44.60085148 ], [ -104.27426356, 44.5869977 ], [ -104.28823187, 44.5792544 ], [ -104.32800618, 44.55477585 ], [ -104.33933494, 44.54722337 ], [ -104.36778048, 44.52737783 ], [ -104.39414749, 44.50744908 ], [ -104.40755479, 44.49719641 ], [ -104.44392216, 44.46767476 ], [ -104.4473291, 44.46480794 ], [ -104.4871034, 44.42943651 ], [ -104.48876398, 44.42790046 ], [ -104.52687771, 44.392199 ], [ -104.53105636, 44.38812616 ], [ -104.56665201, 44.35298697 ], [ -104.57117123, 44.34835184 ], [ -104.60642632, 44.31124132 ], [ -104.60892569, 44.30857754 ], [ -104.64620064, 44.27029813 ], [ -104.64762338, 44.26880322 ], [ -104.68454567, 44.22902892 ], [ -104.68597495, 44.22754466 ], [ -104.72330804, 44.18925463 ], [ -104.72574926, 44.18675084 ], [ -104.76254788, 44.14948031 ], [ -104.76552356, 44.14650463 ], [ -104.80232219, 44.10970601 ], [ -104.80529787, 44.10673034 ], [ -104.84256837, 44.06993171 ], [ -104.84507217, 44.06745962 ], [ -104.88285272, 44.03015739 ], [ -104.88484648, 44.02821347 ], [ -104.92226748, 43.99038309 ], [ -104.92462078, 43.98808658 ], [ -104.96439509, 43.95253482 ], [ -104.96639437, 43.95060877 ], [ -105.00416939, 43.91289354 ], [ -105.00633825, 43.91083447 ], [ -105.0439437, 43.87513302 ], [ -105.04823375, 43.87106018 ], [ -105.083718, 43.8373725 ], [ -105.09021589, 43.83128586 ], [ -105.12349231, 43.80011556 ], [ -105.13267767, 43.79151156 ], [ -105.16326661, 43.76285861 ], [ -105.17513943, 43.75173724 ], [ -105.20304092, 43.72592843 ], [ -105.2181388, 43.71196294 ], [ -105.24281522, 43.68913732 ], [ -105.26113818, 43.67218864 ], [ -105.28258953, 43.65234592 ], [ -105.30443221, 43.63241432 ], [ -105.32236386, 43.61605181 ], [ -105.34837719, 43.59264003 ], [ -105.36213816, 43.58025509 ], [ -105.39257066, 43.5528657 ], [ -105.40191247, 43.54445817 ], [ -105.43725517, 43.51309141 ], [ -105.44168677, 43.50920692 ], [ -105.48146108, 43.47567102 ], [ -105.48413363, 43.47331711 ], [ -105.52123538, 43.43947918 ], [ -105.52820414, 43.43354279 ], [ -105.56100969, 43.4055975 ], [ -105.57489598, 43.39376849 ], [ -105.60078399, 43.37198458 ], [ -105.62247826, 43.35399417 ], [ -105.6405583, 43.33918164 ], [ -105.67102635, 43.31421987 ], [ -105.6803326, 43.30668627 ], [ -105.72010691, 43.27671821 ], [ -105.72297348, 43.27444558 ], [ -105.75988121, 43.24453965 ], [ -105.7727861, 43.23467125 ], [ -105.79965552, 43.21412413 ], [ -105.82479884, 43.19489696 ], [ -105.83942982, 43.18357538 ], [ -105.87619956, 43.15512266 ], [ -105.87920413, 43.15271157 ], [ -105.91897844, 43.12079357 ], [ -105.92576408, 43.11534834 ], [ -105.95875274, 43.08820616 ], [ -105.97410559, 43.07557404 ], [ -105.99852705, 43.05522269 ], [ -106.02148127, 43.03579972 ], [ -106.03830137, 43.0211928 ], [ -106.06728196, 42.99602542 ], [ -106.07807568, 42.98652692 ], [ -106.11248046, 42.95625113 ], [ -106.11784998, 42.95132909 ], [ -106.15587016, 42.9164768 ], [ -106.15762429, 42.91484622 ], [ -106.1973986, 42.87937506 ], [ -106.20022414, 42.87670251 ], [ -106.2371729, 42.83928568 ], [ -106.23960077, 42.83692819 ], [ -106.27694721, 42.80013109 ], [ -106.27996881, 42.79715389 ], [ -106.31672151, 42.75927009 ], [ -106.31855559, 42.75737959 ], [ -106.35649582, 42.71936844 ], [ -106.35815946, 42.71760527 ], [ -106.39228662, 42.67783097 ], [ -106.39627012, 42.67324996 ], [ -106.42687308, 42.63805665 ], [ -106.43604443, 42.62733084 ], [ -106.46124835, 42.59828235 ], [ -106.47581873, 42.5814894 ], [ -106.49605584, 42.55850806 ], [ -106.51559304, 42.5363215 ], [ -106.53155752, 42.51873374 ], [ -106.55536734, 42.49250293 ], [ -106.56785276, 42.47895944 ], [ -106.59514165, 42.44985083 ], [ -106.60514078, 42.43918512 ], [ -106.63491595, 42.4079458 ], [ -106.64331323, 42.39941082 ], [ -106.67469026, 42.36698763 ], [ -106.6820414, 42.35963652 ], [ -106.71446459, 42.32774498 ], [ -106.72247876, 42.3198622 ], [ -106.75423889, 42.28862288 ], [ -106.76321526, 42.28008791 ], [ -106.7940132, 42.25127685 ], [ -106.80593814, 42.24031361 ], [ -106.8337875, 42.21511666 ], [ -106.85018686, 42.20053929 ], [ -106.87356181, 42.1797617 ], [ -106.89532192, 42.16076499 ], [ -106.91333611, 42.14528399 ], [ -106.92327983, 42.16076499 ], [ -106.95311042, 42.19059484 ], [ -106.96305488, 42.20053929 ], [ -106.96305525, 42.24031361 ], [ -106.99288472, 42.27014233 ], [ -107.0028303, 42.28008791 ], [ -107.00283069, 42.3198622 ], [ -107.03265903, 42.3496898 ], [ -107.04260574, 42.35963652 ], [ -107.04260613, 42.39941082 ], [ -107.07243333, 42.4292373 ], [ -107.08238116, 42.43918512 ], [ -107.08238157, 42.47895944 ], [ -107.11220764, 42.50878479 ], [ -107.1221566, 42.51873374 ], [ -107.12215699, 42.55850806 ], [ -107.15198194, 42.58833226 ], [ -107.16193204, 42.59828235 ], [ -107.16193244, 42.63805665 ], [ -107.19175625, 42.66787978 ], [ -107.20170746, 42.67783097 ], [ -107.20170783, 42.71760527 ], [ -107.23153055, 42.74742727 ], [ -107.24148286, 42.75737959 ], [ -107.24148325, 42.79715389 ], [ -107.27130486, 42.82697481 ], [ -107.28125825, 42.83692819 ], [ -107.28125865, 42.87670251 ], [ -107.28125902, 42.9164768 ], [ -107.31107917, 42.94629627 ], [ -107.32103402, 42.95625113 ], [ -107.32103439, 42.99602542 ], [ -107.35085347, 43.02584384 ], [ -107.36080937, 43.03579972 ], [ -107.36080974, 43.07557404 ], [ -107.3906278, 43.10539143 ], [ -107.4005847, 43.11534834 ], [ -107.40058507, 43.15512266 ], [ -107.4304021, 43.18493904 ], [ -107.44036002, 43.19489696 ], [ -107.44036037, 43.23467125 ], [ -107.47017641, 43.26448668 ], [ -107.4801353, 43.27444558 ], [ -107.48013565, 43.31421987 ], [ -107.50995071, 43.34403434 ], [ -107.51991056, 43.35399417 ], [ -107.51991091, 43.39376849 ], [ -107.54972502, 43.423582 ], [ -107.55968579, 43.43354279 ], [ -107.55968612, 43.47331711 ], [ -107.58949932, 43.50312973 ] ], [ [ -96.74380771, 39.49588645 ], [ -96.74147272, 39.53566075 ], [ -96.73685847, 39.57543505 ], [ -96.73111362, 39.60777929 ], [ -96.7298056, 39.61520937 ], [ -96.72131515, 39.65498367 ], [ -96.71077811, 39.69475799 ], [ -96.69700512, 39.73453228 ], [ -96.69133932, 39.74698227 ], [ -96.67934164, 39.77430658 ], [ -96.65805698, 39.8140809 ], [ -96.65156501, 39.82417287 ], [ -96.63136086, 39.8538552 ], [ -96.61179071, 39.87750865 ], [ -96.59538608, 39.8936295 ], [ -96.5720164, 39.91357602 ], [ -96.54623304, 39.93340382 ], [ -96.5322421, 39.94395501 ], [ -96.50078883, 39.97317811 ], [ -96.49246779, 39.98646282 ], [ -96.47957985, 40.01295244 ], [ -96.45520066, 40.05272673 ], [ -96.45269349, 40.05535955 ], [ -96.41291916, 40.08275633 ], [ -96.38540759, 40.09250103 ], [ -96.37314485, 40.0965749 ], [ -96.33337055, 40.10517937 ], [ -96.29359624, 40.107678 ], [ -96.25382194, 40.10755515 ], [ -96.21404763, 40.10620469 ], [ -96.17427333, 40.10381928 ], [ -96.13449902, 40.10038424 ], [ -96.09472472, 40.09553716 ], [ -96.0754708, 40.09250103 ], [ -96.05495041, 40.08858616 ], [ -96.01517611, 40.07810402 ], [ -95.9754018, 40.06252639 ], [ -95.95726453, 40.05272673 ], [ -95.9356275, 40.03307112 ], [ -95.91956779, 40.01295244 ], [ -95.90913447, 39.97317811 ], [ -95.91495388, 39.93340382 ], [ -95.93509946, 39.8936295 ], [ -95.9356275, 39.89311962 ], [ -95.97433192, 39.8538552 ], [ -95.9754018, 39.85332217 ], [ -96.01517611, 39.83474757 ], [ -96.05495041, 39.81958865 ], [ -96.07739489, 39.8140809 ], [ -96.09472472, 39.81257336 ], [ -96.13449902, 39.81168202 ], [ -96.17427333, 39.81315439 ], [ -96.17879147, 39.8140809 ], [ -96.21404763, 39.82313558 ], [ -96.25382194, 39.82051729 ], [ -96.26222903, 39.8140809 ], [ -96.29359624, 39.78755528 ], [ -96.30630386, 39.77430658 ], [ -96.33337055, 39.73540624 ], [ -96.33409142, 39.73453228 ], [ -96.35130516, 39.69475799 ], [ -96.36517874, 39.65498367 ], [ -96.37314485, 39.63225743 ], [ -96.37963067, 39.61520937 ], [ -96.39347136, 39.57543505 ], [ -96.40567415, 39.53566075 ], [ -96.41291916, 39.51201503 ], [ -96.41878768, 39.49588645 ], [ -96.42980318, 39.45611213 ], [ -96.44120155, 39.41633783 ], [ -96.45269349, 39.37806505 ], [ -96.45329904, 39.37656351 ], [ -96.46603214, 39.33678922 ], [ -96.48000252, 39.29701492 ], [ -96.49246779, 39.26174938 ], [ -96.49491585, 39.2572406 ], [ -96.51538066, 39.2174663 ], [ -96.5322421, 39.18408413 ], [ -96.5720164, 39.18001421 ], [ -96.61179071, 39.21000502 ], [ -96.61869757, 39.2174663 ], [ -96.65156501, 39.24342267 ], [ -96.66366678, 39.2572406 ], [ -96.69133932, 39.28628126 ], [ -96.69830211, 39.29701492 ], [ -96.71873229, 39.33678922 ], [ -96.73111362, 39.37159703 ], [ -96.73248315, 39.37656351 ], [ -96.73982254, 39.41633783 ], [ -96.74342194, 39.45611213 ], [ -96.74380771, 39.49588645 ] ], [ [ -101.93167695, 40.84821287 ], [ -101.90467606, 40.88798717 ], [ -101.90177347, 40.88970622 ], [ -101.86199916, 40.90881368 ], [ -101.82943547, 40.92776149 ], [ -101.82222486, 40.93030447 ], [ -101.78245055, 40.94542959 ], [ -101.74267625, 40.96511953 ], [ -101.73805849, 40.96753579 ], [ -101.70290194, 40.98210331 ], [ -101.66312764, 41.00337715 ], [ -101.6558432, 41.00731008 ], [ -101.62335333, 41.02425498 ], [ -101.58660964, 41.0470844 ], [ -101.58357903, 41.04910973 ], [ -101.54380472, 41.07476698 ], [ -101.52423427, 41.0868587 ], [ -101.50403041, 41.10390872 ], [ -101.47276557, 41.12663302 ], [ -101.46425611, 41.13661661 ], [ -101.42856336, 41.16640732 ], [ -101.4244818, 41.17695947 ], [ -101.39903466, 41.16640732 ], [ -101.3847075, 41.15999751 ], [ -101.37480191, 41.12663302 ], [ -101.35099669, 41.0868587 ], [ -101.34493319, 41.08045566 ], [ -101.32671739, 41.0470844 ], [ -101.30515889, 41.02096317 ], [ -101.29719466, 41.00731008 ], [ -101.26538458, 40.96841778 ], [ -101.26481865, 40.96753579 ], [ -101.23194875, 40.92776149 ], [ -101.22561028, 40.92157312 ], [ -101.19693008, 40.88798717 ], [ -101.18583595, 40.87699185 ], [ -101.16181783, 40.84821287 ], [ -101.14606164, 40.83122522 ], [ -101.12809876, 40.80843855 ], [ -101.10628734, 40.78305882 ], [ -101.09538115, 40.76866425 ], [ -101.06651303, 40.73298906 ], [ -101.06350979, 40.72888995 ], [ -101.03302268, 40.68911563 ], [ -101.02673873, 40.68130059 ], [ -101.00315837, 40.64934134 ], [ -100.98696442, 40.62875194 ], [ -100.9714091, 40.60956704 ], [ -100.94719012, 40.58185255 ], [ -100.93584852, 40.56979272 ], [ -100.90741581, 40.5415555 ], [ -100.89453184, 40.53001842 ], [ -100.86764151, 40.50698473 ], [ -100.84455094, 40.4902441 ], [ -100.8278672, 40.47756446 ], [ -100.7880929, 40.45118344 ], [ -100.78684638, 40.4504698 ], [ -100.74831859, 40.42387224 ], [ -100.72799828, 40.4106955 ], [ -100.70854429, 40.39396693 ], [ -100.6798066, 40.37092118 ], [ -100.66876998, 40.35744999 ], [ -100.64569108, 40.33114689 ], [ -100.62899568, 40.29593894 ], [ -100.62670469, 40.29137256 ], [ -100.62088997, 40.25159827 ], [ -100.62839112, 40.21182397 ], [ -100.62899568, 40.21039653 ], [ -100.63892707, 40.17204965 ], [ -100.65458794, 40.13227535 ], [ -100.66876998, 40.10937186 ], [ -100.67312644, 40.09250103 ], [ -100.69208862, 40.05272673 ], [ -100.70854429, 40.03061231 ], [ -100.72192919, 40.01295244 ], [ -100.74831859, 39.98777054 ], [ -100.7731587, 39.97317811 ], [ -100.7880929, 39.96430014 ], [ -100.8278672, 39.9531462 ], [ -100.86764151, 39.95659833 ], [ -100.88908694, 39.97317811 ], [ -100.90741581, 39.98714518 ], [ -100.91982212, 40.01295244 ], [ -100.93855103, 40.05272673 ], [ -100.94719012, 40.07176414 ], [ -100.95207923, 40.09250103 ], [ -100.95548693, 40.13227535 ], [ -100.97065787, 40.17204965 ], [ -100.98696442, 40.18687751 ], [ -101.0133613, 40.21182397 ], [ -101.02673873, 40.22522176 ], [ -101.06054569, 40.25159827 ], [ -101.06651303, 40.25814176 ], [ -101.10628734, 40.27997034 ], [ -101.14606164, 40.2879791 ], [ -101.18583595, 40.28469897 ], [ -101.22561028, 40.28318669 ], [ -101.26538458, 40.28881401 ], [ -101.27275364, 40.29137256 ], [ -101.30515889, 40.31242542 ], [ -101.32740609, 40.33114689 ], [ -101.34493319, 40.3522818 ], [ -101.36020572, 40.37092118 ], [ -101.3847075, 40.40447881 ], [ -101.38936828, 40.4106955 ], [ -101.41840592, 40.4504698 ], [ -101.4244818, 40.45891319 ], [ -101.4498616, 40.4902441 ], [ -101.46425611, 40.50810628 ], [ -101.48501692, 40.53001842 ], [ -101.50403041, 40.55054892 ], [ -101.5256079, 40.56979272 ], [ -101.54380472, 40.58680577 ], [ -101.57426627, 40.60956704 ], [ -101.58357903, 40.6171454 ], [ -101.62335333, 40.64327912 ], [ -101.63432306, 40.64934134 ], [ -101.66312764, 40.66734426 ], [ -101.70290194, 40.68782112 ], [ -101.7055272, 40.68911563 ], [ -101.74267625, 40.71106735 ], [ -101.77774189, 40.72888995 ], [ -101.78245055, 40.73197063 ], [ -101.82222486, 40.75682905 ], [ -101.84400154, 40.76866425 ], [ -101.86199916, 40.78250864 ], [ -101.90177347, 40.80801325 ], [ -101.90232446, 40.80843855 ], [ -101.93167695, 40.84821287 ] ], [ [ -96.79661079, 38.34243155 ], [ -96.79525955, 38.38220587 ], [ -96.78465695, 38.42198016 ], [ -96.77088793, 38.44908452 ], [ -96.7635237, 38.46175446 ], [ -96.73451622, 38.50152878 ], [ -96.73111362, 38.50586577 ], [ -96.70044368, 38.54130308 ], [ -96.69133932, 38.55280605 ], [ -96.67243819, 38.5810774 ], [ -96.65156501, 38.62015916 ], [ -96.65107678, 38.6208517 ], [ -96.62260669, 38.66062599 ], [ -96.61179071, 38.67732179 ], [ -96.58301498, 38.70040032 ], [ -96.5720164, 38.71079028 ], [ -96.5322421, 38.70767891 ], [ -96.52543687, 38.70040032 ], [ -96.49246779, 38.66574059 ], [ -96.4895629, 38.66062599 ], [ -96.46669223, 38.6208517 ], [ -96.45269349, 38.5962113 ], [ -96.44613547, 38.5810774 ], [ -96.43013617, 38.54130308 ], [ -96.41540268, 38.50152878 ], [ -96.41291916, 38.49371094 ], [ -96.40471333, 38.46175446 ], [ -96.396454, 38.42198016 ], [ -96.39093992, 38.38220587 ], [ -96.38982234, 38.34243155 ], [ -96.39470347, 38.30265725 ], [ -96.40741222, 38.26288293 ], [ -96.41291916, 38.25339878 ], [ -96.43970194, 38.22310863 ], [ -96.45269349, 38.21341598 ], [ -96.49246779, 38.19204532 ], [ -96.51678063, 38.18333433 ], [ -96.5322421, 38.1787097 ], [ -96.5720164, 38.17013219 ], [ -96.61179071, 38.16413443 ], [ -96.65156501, 38.16320124 ], [ -96.69133932, 38.17604574 ], [ -96.70129826, 38.18333433 ], [ -96.73111362, 38.20821627 ], [ -96.74350909, 38.22310863 ], [ -96.77088793, 38.25998173 ], [ -96.7725929, 38.26288293 ], [ -96.78856335, 38.30265725 ], [ -96.79661079, 38.34243155 ] ], [ [ -101.34193658, 42.00166775 ], [ -101.34050512, 42.04144207 ], [ -101.33546056, 42.08121637 ], [ -101.32693752, 42.12099067 ], [ -101.31376288, 42.16076499 ], [ -101.30515889, 42.18075671 ], [ -101.29695633, 42.20053929 ], [ -101.2755083, 42.24031361 ], [ -101.26538458, 42.25580917 ], [ -101.24762839, 42.28008791 ], [ -101.22561028, 42.3050914 ], [ -101.21083944, 42.3198622 ], [ -101.18583595, 42.34221403 ], [ -101.16328913, 42.35963652 ], [ -101.14606164, 42.37201112 ], [ -101.10628734, 42.39733731 ], [ -101.10267077, 42.39941082 ], [ -101.06651303, 42.41934383 ], [ -101.02673873, 42.43775586 ], [ -101.02333365, 42.43918512 ], [ -100.98696442, 42.45408334 ], [ -100.94719012, 42.46777107 ], [ -100.91180325, 42.47895944 ], [ -100.90741581, 42.48028613 ], [ -100.86764151, 42.48768686 ], [ -100.8278672, 42.49419426 ], [ -100.7880929, 42.49821628 ], [ -100.74831859, 42.49955704 ], [ -100.70854429, 42.49821628 ], [ -100.66876998, 42.49374725 ], [ -100.62899568, 42.48577983 ], [ -100.604988, 42.47895944 ], [ -100.58922137, 42.47448025 ], [ -100.54944707, 42.45865127 ], [ -100.51224547, 42.43918512 ], [ -100.50967274, 42.43782311 ], [ -100.46989843, 42.41095489 ], [ -100.45640338, 42.39941082 ], [ -100.43012413, 42.37637591 ], [ -100.41453903, 42.35963652 ], [ -100.39034982, 42.33230585 ], [ -100.38131058, 42.3198622 ], [ -100.35341013, 42.28008791 ], [ -100.35057552, 42.27589265 ], [ -100.33080921, 42.24031361 ], [ -100.31080121, 42.20324854 ], [ -100.30960373, 42.20053929 ], [ -100.29370061, 42.16076499 ], [ -100.27838088, 42.12099067 ], [ -100.27102691, 42.1008522 ], [ -100.26464522, 42.08121637 ], [ -100.25244852, 42.04144207 ], [ -100.24117998, 42.00166775 ], [ -100.2312526, 41.96519091 ], [ -100.23042954, 41.96189346 ], [ -100.22153343, 41.92211913 ], [ -100.21309108, 41.88234484 ], [ -100.20529996, 41.84257054 ], [ -100.19825354, 41.80279622 ], [ -100.19208856, 41.76302192 ], [ -100.1914783, 41.75935302 ], [ -100.1857506, 41.7232476 ], [ -100.18040032, 41.6834733 ], [ -100.17542882, 41.64369901 ], [ -100.17096689, 41.60392468 ], [ -100.16709808, 41.56415039 ], [ -100.16344925, 41.52437607 ], [ -100.16005023, 41.48460177 ], [ -100.15721545, 41.44482747 ], [ -100.15540418, 41.40505315 ], [ -100.15531994, 41.36527885 ], [ -100.15748808, 41.32550456 ], [ -100.16274599, 41.28573023 ], [ -100.17026372, 41.24595594 ], [ -100.17775446, 41.20618162 ], [ -100.18503711, 41.16640732 ], [ -100.1914783, 41.12971777 ], [ -100.19203817, 41.12663302 ], [ -100.19890781, 41.0868587 ], [ -100.20530961, 41.0470844 ], [ -100.21115212, 41.00731008 ], [ -100.2163482, 40.96753579 ], [ -100.22067618, 40.92776149 ], [ -100.22405763, 40.88798717 ], [ -100.2261662, 40.84821287 ], [ -100.22712732, 40.80843855 ], [ -100.2278851, 40.76866425 ], [ -100.22996036, 40.72888995 ], [ -100.2312526, 40.71696501 ], [ -100.23510553, 40.68911563 ], [ -100.24427188, 40.64934134 ], [ -100.25926591, 40.60956704 ], [ -100.27102691, 40.58824542 ], [ -100.29035242, 40.56979272 ], [ -100.31080121, 40.55551719 ], [ -100.35057552, 40.54510223 ], [ -100.39034982, 40.54354775 ], [ -100.43012413, 40.54612812 ], [ -100.46989843, 40.55092424 ], [ -100.50967274, 40.55680972 ], [ -100.54944707, 40.5631697 ], [ -100.58922137, 40.56949749 ], [ -100.59098947, 40.56979272 ], [ -100.62899568, 40.57564961 ], [ -100.66876998, 40.58276935 ], [ -100.70854429, 40.59113405 ], [ -100.74831859, 40.60145531 ], [ -100.77108481, 40.60956704 ], [ -100.7880929, 40.61567186 ], [ -100.8278672, 40.63607814 ], [ -100.8471016, 40.64934134 ], [ -100.86764151, 40.66377316 ], [ -100.89442877, 40.68911563 ], [ -100.90741581, 40.70165821 ], [ -100.93017666, 40.72888995 ], [ -100.94719012, 40.74993425 ], [ -100.96079293, 40.76866425 ], [ -100.98696442, 40.80590356 ], [ -100.98866796, 40.80843855 ], [ -101.01412808, 40.84821287 ], [ -101.02673873, 40.86861441 ], [ -101.03896405, 40.88798717 ], [ -101.06206853, 40.92776149 ], [ -101.06651303, 40.93601688 ], [ -101.08411916, 40.96753579 ], [ -101.10286943, 41.00731008 ], [ -101.10628734, 41.01607526 ], [ -101.11894487, 41.0470844 ], [ -101.13095754, 41.0868587 ], [ -101.13869301, 41.12663302 ], [ -101.13531235, 41.16640732 ], [ -101.12972054, 41.20618162 ], [ -101.12474857, 41.24595594 ], [ -101.11996931, 41.28573023 ], [ -101.11780363, 41.32550456 ], [ -101.12533226, 41.36527885 ], [ -101.13854775, 41.40505315 ], [ -101.14606164, 41.42516947 ], [ -101.15483557, 41.44482747 ], [ -101.17250858, 41.48460177 ], [ -101.18583595, 41.51502501 ], [ -101.19067846, 41.52437607 ], [ -101.2094747, 41.56415039 ], [ -101.22561028, 41.60052366 ], [ -101.22741802, 41.60392468 ], [ -101.24607706, 41.64369901 ], [ -101.26303936, 41.6834733 ], [ -101.26538458, 41.68987512 ], [ -101.28017241, 41.7232476 ], [ -101.29536011, 41.76302192 ], [ -101.30515889, 41.79414784 ], [ -101.30845041, 41.80279622 ], [ -101.32060283, 41.84257054 ], [ -101.33008721, 41.88234484 ], [ -101.33680495, 41.92211913 ], [ -101.34070341, 41.96189346 ], [ -101.34193658, 42.00166775 ] ], [ [ -98.04876319, 36.03552178 ], [ -98.04366574, 36.047922 ], [ -98.02540204, 36.07529608 ], [ -98.00389144, 36.09445016 ], [ -97.96411713, 36.10906546 ], [ -97.92434283, 36.11198403 ], [ -97.91816378, 36.11507037 ], [ -97.88456852, 36.13015896 ], [ -97.84479422, 36.13190914 ], [ -97.82673268, 36.11507037 ], [ -97.81153305, 36.07529608 ], [ -97.80587142, 36.03552178 ], [ -97.80501989, 36.01544671 ], [ -97.80415905, 35.99574746 ], [ -97.80501989, 35.96539718 ], [ -97.80531614, 35.95597316 ], [ -97.80910325, 35.91619884 ], [ -97.81638193, 35.87642454 ], [ -97.8277269, 35.83665024 ], [ -97.84479422, 35.79809089 ], [ -97.84561431, 35.79687592 ], [ -97.88456852, 35.75770131 ], [ -97.88627531, 35.75710163 ], [ -97.92434283, 35.74615518 ], [ -97.96411713, 35.7548544 ], [ -97.96490352, 35.75710163 ], [ -97.97994887, 35.79687592 ], [ -97.99321232, 35.83665024 ], [ -98.00294517, 35.87642454 ], [ -98.00389144, 35.88172556 ], [ -98.00764306, 35.91619884 ], [ -98.0210751, 35.95597316 ], [ -98.04366574, 35.99367466 ], [ -98.04496736, 35.99574746 ], [ -98.04876319, 36.03552178 ] ] ] } },
{ "type": "Feature", "properties": { "Lower": 35.0 }, "geometry": { "type": "Polygon", "coordinates": [ [ [ -98.04876319, 36.03552178 ], [ -98.04366574, 36.047922 ], [ -98.02540204, 36.07529608 ], [ -98.00389144, 36.09445016 ], [ -97.96411713, 36.10906546 ], [ -97.92434283, 36.11198403 ], [ -97.91816378, 36.11507037 ], [ -97.88456852, 36.13015896 ], [ -97.84479422, 36.13190914 ], [ -97.82673268, 36.11507037 ], [ -97.81153305, 36.07529608 ], [ -97.80587142, 36.03552178 ], [ -97.80501989, 36.01544671 ], [ -97.80415905, 35.99574746 ], [ -97.80501989, 35.96539718 ], [ -97.80531614, 35.95597316 ], [ -97.80910325, 35.91619884 ], [ -97.81638193, 35.87642454 ], [ -97.8277269, 35.83665024 ], [ -97.84479422, 35.79809089 ], [ -97.84561431, 35.79687592 ], [ -97.88456852, 35.75770131 ], [ -97.88627531, 35.75710163 ], [ -97.92434283, 35.74615518 ], [ -97.96411713, 35.7548544 ], [ -97.96490352, 35.75710163 ], [ -97.97994887, 35.79687592 ], [ -97.99321232, 35.83665024 ], [ -98.00294517, 35.87642454 ], [ -98.00389144, 35.88172556 ], [ -98.00764306, 35.91619884 ], [ -98.0210751, 35.95597316 ], [ -98.04366574, 35.99367466 ], [ -98.04496736, 35.99574746 ], [ -98.04876319, 36.03552178 ] ] ] } },
{ "type": "Feature", "properties": { "Lower": 35.0 }, "geometry": { "type": "Polygon", "coordinates": [ [ [ -102.29251608, 39.2572406 ], [ -102.28929289, 39.29701492 ], [ -102.28029802, 39.33678922 ], [ -102.26489852, 39.37656351 ], [ -102.25974224, 39.38565932 ], [ -102.24286511, 39.41633783 ], [ -102.21996793, 39.44710463 ], [ -102.21286255, 39.45611213 ], [ -102.18019363, 39.48804157 ], [ -102.17034163, 39.49588645 ], [ -102.14041932, 39.51565836 ], [ -102.10064502, 39.53271101 ], [ -102.09018299, 39.53566075 ], [ -102.06087071, 39.54336287 ], [ -102.02109641, 39.54996774 ], [ -101.9813221, 39.55276898 ], [ -101.9415478, 39.55198811 ], [ -101.90177347, 39.5475606 ], [ -101.86199916, 39.53825225 ], [ -101.85448631, 39.53566075 ], [ -101.82222486, 39.52279673 ], [ -101.78245055, 39.49727427 ], [ -101.78039341, 39.49588645 ], [ -101.74760887, 39.45611213 ], [ -101.74267625, 39.43586476 ], [ -101.73484015, 39.41633783 ], [ -101.74172554, 39.37656351 ], [ -101.74267625, 39.37338403 ], [ -101.7480943, 39.33678922 ], [ -101.74354373, 39.29701492 ], [ -101.7444935, 39.2572406 ], [ -101.75311687, 39.2174663 ], [ -101.76894877, 39.17769198 ], [ -101.78245055, 39.15418727 ], [ -101.79207172, 39.13791768 ], [ -101.82222486, 39.10102348 ], [ -101.82509118, 39.09814338 ], [ -101.86199916, 39.06897985 ], [ -101.88004775, 39.05836906 ], [ -101.90177347, 39.04754102 ], [ -101.9415478, 39.03463853 ], [ -101.9813221, 39.02780077 ], [ -102.02109641, 39.02614499 ], [ -102.06087071, 39.0291784 ], [ -102.10064502, 39.03682162 ], [ -102.14041932, 39.04954767 ], [ -102.15963991, 39.05836906 ], [ -102.18019363, 39.06854256 ], [ -102.21996793, 39.09543825 ], [ -102.223117, 39.09814338 ], [ -102.25974224, 39.13323886 ], [ -102.26325567, 39.13791768 ], [ -102.2821672, 39.17769198 ], [ -102.29021976, 39.2174663 ], [ -102.29251608, 39.2572406 ] ], [ [ -102.11367437, 39.29701492 ], [ -102.1102442, 39.33678922 ], [ -102.10064502, 39.36029744 ], [ -102.09247026, 39.37656351 ], [ -102.06087071, 39.40987116 ], [ -102.0519428, 39.41633783 ], [ -102.02109641, 39.42828407 ], [ -101.9813221, 39.43578301 ], [ -101.9415478, 39.4343659 ], [ -101.90177347, 39.41657186 ], [ -101.9015298, 39.41633783 ], [ -101.88113072, 39.37656351 ], [ -101.89045292, 39.33678922 ], [ -101.90177347, 39.31150208 ], [ -101.91340241, 39.29701492 ], [ -101.9415478, 39.26416813 ], [ -101.95569013, 39.2572406 ], [ -101.9813221, 39.24504289 ], [ -102.02109641, 39.24093015 ], [ -102.06087071, 39.2484581 ], [ -102.08011072, 39.2572406 ], [ -102.10064502, 39.27370199 ], [ -102.11367437, 39.29701492 ] ] ] } },
{ "type": "Feature", "properties": { "Lower": 35.0 }, "geometry": { "type": "Polygon", "coordinates": [ [ [ -102.05121211, 37.18897666 ], [ -102.04830847, 37.22875096 ], [ -102.02109641, 37.26050202 ], [ -102.01187038, 37.26852528 ], [ -101.9813221, 37.29023864 ], [ -101.9421685, 37.30829958 ], [ -101.9415478, 37.30859251 ], [ -101.90177347, 37.31750158 ], [ -101.86199916, 37.32020021 ], [ -101.82222486, 37.31876323 ], [ -101.78245055, 37.31666708 ], [ -101.74267625, 37.32079495 ], [ -101.70290194, 37.33259742 ], [ -101.66312764, 37.34430724 ], [ -101.64670968, 37.34807387 ], [ -101.62335333, 37.35343236 ], [ -101.58357903, 37.35943485 ], [ -101.54380472, 37.36237021 ], [ -101.50403041, 37.3635886 ], [ -101.46425611, 37.3642809 ], [ -101.4244818, 37.36486027 ], [ -101.3847075, 37.36515827 ], [ -101.34493319, 37.36495339 ], [ -101.30515889, 37.36412317 ], [ -101.26538458, 37.36252347 ], [ -101.22561028, 37.3600354 ], [ -101.18583595, 37.3562564 ], [ -101.14606164, 37.35102649 ], [ -101.12711568, 37.34807387 ], [ -101.10628734, 37.34300134 ], [ -101.06651303, 37.33136662 ], [ -101.02673873, 37.31615348 ], [ -101.0104953, 37.30829958 ], [ -100.98696442, 37.28241572 ], [ -100.97686233, 37.26852528 ], [ -100.96308806, 37.22875096 ], [ -100.95754049, 37.18897666 ], [ -100.95684501, 37.14920236 ], [ -100.96055362, 37.10942804 ], [ -100.96843751, 37.06965375 ], [ -100.98133857, 37.02987943 ], [ -100.98696442, 37.01792443 ], [ -100.99987713, 36.99010513 ], [ -101.02589494, 36.95033083 ], [ -101.02673873, 36.94933623 ], [ -101.06049129, 36.91055651 ], [ -101.06651303, 36.90502632 ], [ -101.10553562, 36.87078221 ], [ -101.10628734, 36.87023124 ], [ -101.14606164, 36.84223638 ], [ -101.16319522, 36.83100789 ], [ -101.18583595, 36.81806301 ], [ -101.22561028, 36.79699855 ], [ -101.23709134, 36.79123359 ], [ -101.26538458, 36.77841747 ], [ -101.30515889, 36.76159258 ], [ -101.3306077, 36.7514593 ], [ -101.34493319, 36.74620419 ], [ -101.3847075, 36.73295569 ], [ -101.4244818, 36.72371837 ], [ -101.46425611, 36.71748524 ], [ -101.50403041, 36.7135191 ], [ -101.53894177, 36.71168498 ], [ -101.54380472, 36.71144592 ], [ -101.56540646, 36.71168498 ], [ -101.58357903, 36.71188685 ], [ -101.62335333, 36.71395819 ], [ -101.66312764, 36.71832797 ], [ -101.70290194, 36.72541732 ], [ -101.74267625, 36.73609342 ], [ -101.78162707, 36.7514593 ], [ -101.78245055, 36.75178266 ], [ -101.82222486, 36.77497578 ], [ -101.84115374, 36.79123359 ], [ -101.86199916, 36.80973361 ], [ -101.87732584, 36.83100789 ], [ -101.90177347, 36.87062876 ], [ -101.90184191, 36.87078221 ], [ -101.91896416, 36.91055651 ], [ -101.93692027, 36.95033083 ], [ -101.9415478, 36.96028128 ], [ -101.95400209, 36.99010513 ], [ -101.9716836, 37.02987943 ], [ -101.9813221, 37.0496954 ], [ -101.99048507, 37.06965375 ], [ -102.01070236, 37.10942804 ], [ -102.02109641, 37.12736845 ], [ -102.0328593, 37.14920236 ], [ -102.05121211, 37.18897666 ] ], [ [ -101.93521488, 37.18897666 ], [ -101.90177347, 37.20228589 ], [ -101.86199916, 37.21634313 ], [ -101.82586181, 37.22875096 ], [ -101.82222486, 37.22943546 ], [ -101.78245055, 37.23837346 ], [ -101.74267625, 37.24632992 ], [ -101.70290194, 37.25490554 ], [ -101.66312764, 37.26591043 ], [ -101.65156082, 37.26852528 ], [ -101.62335333, 37.27395388 ], [ -101.58357903, 37.27825838 ], [ -101.54380472, 37.28040039 ], [ -101.50403041, 37.28080433 ], [ -101.46425611, 37.27978707 ], [ -101.4244818, 37.27608178 ], [ -101.3847075, 37.26876512 ], [ -101.3837852, 37.26852528 ], [ -101.34493319, 37.246223 ], [ -101.32176028, 37.22875096 ], [ -101.30515889, 37.20085701 ], [ -101.29858469, 37.18897666 ], [ -101.29066252, 37.14920236 ], [ -101.29292099, 37.10942804 ], [ -101.30369941, 37.06965375 ], [ -101.30515889, 37.0665579 ], [ -101.3233876, 37.02987943 ], [ -101.34493319, 36.99982435 ], [ -101.35237104, 36.99010513 ], [ -101.3847075, 36.95776866 ], [ -101.39273936, 36.95033083 ], [ -101.4244818, 36.9267693 ], [ -101.4488639, 36.91055651 ], [ -101.46425611, 36.90253394 ], [ -101.50403041, 36.88784015 ], [ -101.54380472, 36.8778469 ], [ -101.58357903, 36.87135345 ], [ -101.59020066, 36.87078221 ], [ -101.62335333, 36.86832459 ], [ -101.66312764, 36.8684107 ], [ -101.69066121, 36.87078221 ], [ -101.70290194, 36.87192675 ], [ -101.74267625, 36.87991426 ], [ -101.78245055, 36.89384301 ], [ -101.80990565, 36.91055651 ], [ -101.82222486, 36.91949061 ], [ -101.84458692, 36.95033083 ], [ -101.86199916, 36.98002534 ], [ -101.86647159, 36.99010513 ], [ -101.88290261, 37.02987943 ], [ -101.89996698, 37.06965375 ], [ -101.90177347, 37.07496079 ], [ -101.91226158, 37.10942804 ], [ -101.92319675, 37.14920236 ], [ -101.93521488, 37.18897666 ] ] ] } },
{ "type": "Feature", "properties": { "Lower": 35.0 }, "geometry": { "type": "Polygon", "coordinates": [ [ [ -100.80356476, 37.58671973 ], [ -100.80324662, 37.62649403 ], [ -100.79562288, 37.66626835 ], [ -100.7880929, 37.68380441 ], [ -100.78430695, 37.70604265 ], [ -100.77223195, 37.74581694 ], [ -100.7550616, 37.78559126 ], [ -100.74831859, 37.79960279 ], [ -100.74119385, 37.82536556 ], [ -100.72808868, 37.86513988 ], [ -100.71055612, 37.90491418 ], [ -100.70854429, 37.90865608 ], [ -100.68596126, 37.94468848 ], [ -100.66876998, 37.96592067 ], [ -100.65220793, 37.9844628 ], [ -100.62899568, 38.00646066 ], [ -100.6089499, 38.0242371 ], [ -100.58922137, 38.04019899 ], [ -100.55722111, 38.06401142 ], [ -100.54944707, 38.06944354 ], [ -100.50967274, 38.09544898 ], [ -100.49593806, 38.10378571 ], [ -100.46989843, 38.11926922 ], [ -100.43012413, 38.14137353 ], [ -100.42573778, 38.14356001 ], [ -100.39034982, 38.16152875 ], [ -100.35057552, 38.17999903 ], [ -100.34210247, 38.18333433 ], [ -100.31080121, 38.1964113 ], [ -100.27102691, 38.20959763 ], [ -100.2312526, 38.21965258 ], [ -100.19937548, 38.22310863 ], [ -100.1914783, 38.22403579 ], [ -100.18029078, 38.22310863 ], [ -100.15170399, 38.21950523 ], [ -100.11192969, 38.19864377 ], [ -100.09568833, 38.18333433 ], [ -100.07215538, 38.15739557 ], [ -100.06194189, 38.14356001 ], [ -100.03646444, 38.10378571 ], [ -100.03238107, 38.09652109 ], [ -100.01526381, 38.06401142 ], [ -99.99704459, 38.0242371 ], [ -99.99260677, 38.01301981 ], [ -99.98150749, 37.9844628 ], [ -99.96831839, 37.94468848 ], [ -99.95735653, 37.90491418 ], [ -99.95283246, 37.88389759 ], [ -99.94875474, 37.86513988 ], [ -99.94241769, 37.82536556 ], [ -99.93817584, 37.78559126 ], [ -99.9361413, 37.74581694 ], [ -99.93659261, 37.70604265 ], [ -99.93999537, 37.66626835 ], [ -99.94674864, 37.62649403 ], [ -99.95283246, 37.60343373 ], [ -99.95761444, 37.58671973 ], [ -99.97372546, 37.54694541 ], [ -99.99260677, 37.51323574 ], [ -99.99641709, 37.50717111 ], [ -100.02821272, 37.46739681 ], [ -100.03238107, 37.46292592 ], [ -100.07215538, 37.4280509 ], [ -100.07275555, 37.42762249 ], [ -100.11192969, 37.40259455 ], [ -100.14357071, 37.3878482 ], [ -100.15170399, 37.38431908 ], [ -100.1914783, 37.37106031 ], [ -100.2312526, 37.36218679 ], [ -100.27102691, 37.35685044 ], [ -100.31080121, 37.35429755 ], [ -100.35057552, 37.3540646 ], [ -100.39034982, 37.35549467 ], [ -100.43012413, 37.35789406 ], [ -100.46989843, 37.35960495 ], [ -100.50967274, 37.35587739 ], [ -100.54944707, 37.34849659 ], [ -100.58922137, 37.37256709 ], [ -100.61578771, 37.3878482 ], [ -100.62899568, 37.39607804 ], [ -100.66876998, 37.41327017 ], [ -100.70418057, 37.42762249 ], [ -100.70854429, 37.42995731 ], [ -100.74831859, 37.45415797 ], [ -100.76226864, 37.46739681 ], [ -100.78493311, 37.50717111 ], [ -100.7880929, 37.51894545 ], [ -100.79546126, 37.54694541 ], [ -100.80356476, 37.58671973 ] ], [ [ -100.72701984, 37.62649403 ], [ -100.72599341, 37.66626835 ], [ -100.72097728, 37.70604265 ], [ -100.71200246, 37.74581694 ], [ -100.70854429, 37.75714861 ], [ -100.6967028, 37.78559126 ], [ -100.67776849, 37.82536556 ], [ -100.66876998, 37.84229429 ], [ -100.65317159, 37.86513988 ], [ -100.62899568, 37.89881819 ], [ -100.62359199, 37.90491418 ], [ -100.58922137, 37.94165397 ], [ -100.58585046, 37.94468848 ], [ -100.54944707, 37.97540496 ], [ -100.53723256, 37.9844628 ], [ -100.50967274, 38.0036772 ], [ -100.47671109, 38.0242371 ], [ -100.46989843, 38.02825692 ], [ -100.43012413, 38.04701611 ], [ -100.39034982, 38.06104651 ], [ -100.37136039, 38.06401142 ], [ -100.35057552, 38.06717432 ], [ -100.31080121, 38.06435779 ], [ -100.30965064, 38.06401142 ], [ -100.27102691, 38.04701367 ], [ -100.24166058, 38.0242371 ], [ -100.2312526, 38.01224598 ], [ -100.21234291, 37.9844628 ], [ -100.19504694, 37.94468848 ], [ -100.1914783, 37.93106525 ], [ -100.18479465, 37.90491418 ], [ -100.17950991, 37.86513988 ], [ -100.17876362, 37.82536556 ], [ -100.1824129, 37.78559126 ], [ -100.19076924, 37.74581694 ], [ -100.1914783, 37.74363527 ], [ -100.20412719, 37.70604265 ], [ -100.22323399, 37.66626835 ], [ -100.2312526, 37.653559 ], [ -100.24899201, 37.62649403 ], [ -100.27102691, 37.60048342 ], [ -100.28293365, 37.58671973 ], [ -100.31080121, 37.56151893 ], [ -100.3271329, 37.54694541 ], [ -100.35057552, 37.53101808 ], [ -100.38787468, 37.50717111 ], [ -100.39034982, 37.50605299 ], [ -100.43012413, 37.4880399 ], [ -100.46989843, 37.47108323 ], [ -100.47606836, 37.46739681 ], [ -100.50967274, 37.4505057 ], [ -100.54944707, 37.43124783 ], [ -100.58922137, 37.43816088 ], [ -100.62774421, 37.46739681 ], [ -100.62899568, 37.46833299 ], [ -100.66876998, 37.50638144 ], [ -100.66955517, 37.50717111 ], [ -100.70208279, 37.54694541 ], [ -100.70854429, 37.55920101 ], [ -100.72299568, 37.58671973 ], [ -100.72701984, 37.62649403 ] ] ] } },
{ "type": "Feature", "properties": { "Lower": 35.0 }, "geometry": { "type": "Polygon", "coordinates": [ [ [ -101.93167695, 40.84821287 ], [ -101.90467606, 40.88798717 ], [ -101.90177347, 40.88970622 ], [ -101.86199916, 40.90881368 ], [ -101.82943547, 40.92776149 ], [ -101.82222486, 40.93030447 ], [ -101.78245055, 40.94542959 ], [ -101.74267625, 40.96511953 ], [ -101.73805849, 40.96753579 ], [ -101.70290194, 40.98210331 ], [ -101.66312764, 41.00337715 ], [ -101.6558432, 41.00731008 ], [ -101.62335333, 41.02425498 ], [ -101.58660964, 41.0470844 ], [ -101.58357903, 41.04910973 ], [ -101.54380472, 41.07476698 ], [ -101.52423427, 41.0868587 ], [ -101.50403041, 41.10390872 ], [ -101.47276557, 41.12663302 ], [ -101.46425611, 41.13661661 ], [ -101.42856336, 41.16640732 ], [ -101.4244818, 41.17695947 ], [ -101.39903466, 41.16640732 ], [ -101.3847075, 41.15999751 ], [ -101.37480191, 41.12663302 ], [ -101.35099669, 41.0868587 ], [ -101.34493319, 41.08045566 ], [ -101.32671739, 41.0470844 ], [ -101.30515889, 41.02096317 ], [ -101.29719466, 41.00731008 ], [ -101.26538458, 40.96841778 ], [ -101.26481865, 40.96753579 ], [ -101.23194875, 40.92776149 ], [ -101.22561028, 40.92157312 ], [ -101.19693008, 40.88798717 ], [ -101.18583595, 40.87699185 ], [ -101.16181783, 40.84821287 ], [ -101.14606164, 40.83122522 ], [ -101.12809876, 40.80843855 ], [ -101.10628734, 40.78305882 ], [ -101.09538115, 40.76866425 ], [ -101.06651303, 40.73298906 ], [ -101.06350979, 40.72888995 ], [ -101.03302268, 40.68911563 ], [ -101.02673873, 40.68130059 ], [ -101.00315837, 40.64934134 ], [ -100.98696442, 40.62875194 ], [ -100.9714091, 40.60956704 ], [ -100.94719012, 40.58185255 ], [ -100.93584852, 40.56979272 ], [ -100.90741581, 40.5415555 ], [ -100.89453184, 40.53001842 ], [ -100.86764151, 40.50698473 ], [ -100.84455094, 40.4902441 ], [ -100.8278672, 40.47756446 ], [ -100.7880929, 40.45118344 ], [ -100.78684638, 40.4504698 ], [ -100.74831859, 40.42387224 ], [ -100.72799828, 40.4106955 ], [ -100.70854429, 40.39396693 ], [ -100.6798066, 40.37092118 ], [ -100.66876998, 40.35744999 ], [ -100.64569108, 40.33114689 ], [ -100.62899568, 40.29593894 ], [ -100.62670469, 40.29137256 ], [ -100.62088997, 40.25159827 ], [ -100.62839112, 40.21182397 ], [ -100.62899568, 40.21039653 ], [ -100.63892707, 40.17204965 ], [ -100.65458794, 40.13227535 ], [ -100.66876998, 40.10937186 ], [ -100.67312644, 40.09250103 ], [ -100.69208862, 40.05272673 ], [ -100.70854429, 40.03061231 ], [ -100.72192919, 40.01295244 ], [ -100.74831859, 39.98777054 ], [ -100.7731587, 39.97317811 ], [ -100.7880929, 39.96430014 ], [ -100.8278672, 39.9531462 ], [ -100.86764151, 39.95659833 ], [ -100.88908694, 39.97317811 ], [ -100.90741581, 39.98714518 ], [ -100.91982212, 40.01295244 ], [ -100.93855103, 40.05272673 ], [ -100.94719012, 40.07176414 ], [ -100.95207923, 40.09250103 ], [ -100.95548693, 40.13227535 ], [ -100.97065787, 40.17204965 ], [ -100.98696442, 40.18687751 ], [ -101.0133613, 40.21182397 ], [ -101.02673873, 40.22522176 ], [ -101.06054569, 40.25159827 ], [ -101.06651303, 40.25814176 ], [ -101.10628734, 40.27997034 ], [ -101.14606164, 40.2879791 ], [ -101.18583595, 40.28469897 ], [ -101.22561028, 40.28318669 ], [ -101.26538458, 40.28881401 ], [ -101.27275364, 40.29137256 ], [ -101.30515889, 40.31242542 ], [ -101.32740609, 40.33114689 ], [ -101.34493319, 40.3522818 ], [ -101.36020572, 40.37092118 ], [ -101.3847075, 40.40447881 ], [ -101.38936828, 40.4106955 ], [ -101.41840592, 40.4504698 ], [ -101.4244818, 40.45891319 ], [ -101.4498616, 40.4902441 ], [ -101.46425611, 40.50810628 ], [ -101.48501692, 40.53001842 ], [ -101.50403041, 40.55054892 ], [ -101.5256079, 40.56979272 ], [ -101.54380472, 40.58680577 ], [ -101.57426627, 40.60956704 ], [ -101.58357903, 40.6171454 ], [ -101.62335333, 40.64327912 ], [ -101.63432306, 40.64934134 ], [ -101.66312764, 40.66734426 ], [ -101.70290194, 40.68782112 ], [ -101.7055272, 40.68911563 ], [ -101.74267625, 40.71106735 ], [ -101.77774189, 40.72888995 ], [ -101.78245055, 40.73197063 ], [ -101.82222486, 40.75682905 ], [ -101.84400154, 40.76866425 ], [ -101.86199916, 40.78250864 ], [ -101.90177347, 40.80801325 ], [ -101.90232446, 40.80843855 ], [ -101.93167695, 40.84821287 ] ], [ [ -101.19624931, 40.4504698 ], [ -101.19186025, 40.4902441 ], [ -101.18583595, 40.49781308 ], [ -101.14606164, 40.49600955 ], [ -101.13619988, 40.4902441 ], [ -101.10628734, 40.47234331 ], [ -101.06651303, 40.45109674 ], [ -101.06540843, 40.4504698 ], [ -101.02673873, 40.43644029 ], [ -100.98696442, 40.42399169 ], [ -100.95068972, 40.4106955 ], [ -100.94719012, 40.40975552 ], [ -100.90741581, 40.39099803 ], [ -100.87831164, 40.37092118 ], [ -100.86764151, 40.36414883 ], [ -100.83259942, 40.33114689 ], [ -100.8278672, 40.3268661 ], [ -100.79976821, 40.29137256 ], [ -100.7880929, 40.27601873 ], [ -100.77265831, 40.25159827 ], [ -100.74969211, 40.21182397 ], [ -100.74831859, 40.20896875 ], [ -100.73240389, 40.17204965 ], [ -100.73495889, 40.13227535 ], [ -100.74478708, 40.09250103 ], [ -100.74831859, 40.0856487 ], [ -100.77233286, 40.05272673 ], [ -100.7880929, 40.03966398 ], [ -100.8278672, 40.02599151 ], [ -100.86764151, 40.03192042 ], [ -100.89350842, 40.05272673 ], [ -100.90741581, 40.06358552 ], [ -100.92265061, 40.09250103 ], [ -100.93332933, 40.13227535 ], [ -100.94719012, 40.16946126 ], [ -100.94807642, 40.17204965 ], [ -100.98696442, 40.20741126 ], [ -100.99163368, 40.21182397 ], [ -101.02673873, 40.24698244 ], [ -101.03265485, 40.25159827 ], [ -101.06651303, 40.28872547 ], [ -101.07114674, 40.29137256 ], [ -101.10628734, 40.32871604 ], [ -101.11248788, 40.33114689 ], [ -101.14606164, 40.36840904 ], [ -101.15999612, 40.37092118 ], [ -101.18583595, 40.40433022 ], [ -101.18863668, 40.4106955 ], [ -101.19624931, 40.4504698 ] ] ] } },
{ "type": "Feature", "properties": { "Lower": 35.0 }, "geometry": { "type": "Polygon", "coordinates": [ [ [ -100.54944707, 31.25265972 ], [ -100.55939231, 31.26260499 ], [ -100.58922137, 31.29242976 ], [ -100.59917089, 31.30237928 ], [ -100.59917312, 31.34215358 ], [ -100.62899568, 31.37197276 ], [ -100.63895081, 31.3819279 ], [ -100.66876998, 31.41174466 ], [ -100.67872751, 31.4217022 ], [ -100.70854429, 31.45151738 ], [ -100.71850341, 31.46147652 ], [ -100.74831859, 31.49129072 ], [ -100.75827869, 31.50125082 ], [ -100.7880929, 31.53106457 ], [ -100.79805344, 31.54102511 ], [ -100.8278672, 31.57083889 ], [ -100.83782774, 31.58079944 ], [ -100.86764151, 31.61061357 ], [ -100.87760168, 31.62057373 ], [ -100.90741581, 31.65038858 ], [ -100.91737529, 31.66034805 ], [ -100.91737478, 31.70012235 ], [ -100.94719012, 31.72993887 ], [ -100.9571479, 31.73989665 ], [ -100.98696442, 31.76971466 ], [ -100.99692074, 31.77967097 ], [ -101.02673873, 31.8094907 ], [ -101.03669331, 31.81944527 ], [ -101.06651303, 31.84926705 ], [ -101.07646557, 31.85921959 ], [ -101.10628734, 31.88904367 ], [ -101.11623758, 31.89899388 ], [ -101.14606164, 31.92882055 ], [ -101.15600928, 31.93876818 ], [ -101.18583595, 31.96859772 ], [ -101.19578073, 31.9785425 ], [ -101.18583595, 32.00765266 ], [ -101.17357669, 32.0183168 ], [ -101.14606164, 32.04225191 ], [ -101.12830854, 32.05809112 ], [ -101.10628734, 32.07773826 ], [ -101.08436744, 32.09786542 ], [ -101.06651303, 32.11419881 ], [ -101.04139782, 32.13763972 ], [ -101.02673873, 32.15137242 ], [ -100.9995868, 32.17741404 ], [ -100.98696442, 32.18947537 ], [ -100.95862172, 32.21718833 ], [ -100.94719012, 32.22832469 ], [ -100.91844607, 32.25696263 ], [ -100.90741581, 32.26791178 ], [ -100.87880108, 32.29673695 ], [ -100.86764151, 32.30785594 ], [ -100.83909004, 32.33651125 ], [ -100.8278672, 32.34765335 ], [ -100.79933762, 32.37628557 ], [ -100.7880929, 32.38741073 ], [ -100.75934177, 32.41605987 ], [ -100.74831859, 32.4268903 ], [ -100.71906782, 32.45583417 ], [ -100.70854429, 32.46606841 ], [ -100.6783824, 32.49560849 ], [ -100.66876998, 32.5047708 ], [ -100.63665414, 32.53538278 ], [ -100.62899568, 32.54246941 ], [ -100.59329429, 32.57515711 ], [ -100.58922137, 32.57873519 ], [ -100.54944707, 32.61314235 ], [ -100.54735094, 32.6149314 ], [ -100.50967274, 32.64698781 ], [ -100.50070173, 32.6547057 ], [ -100.46989843, 32.68137559 ], [ -100.4548187, 32.69448002 ], [ -100.43012413, 32.71635929 ], [ -100.41000051, 32.73425432 ], [ -100.39034982, 32.75213647 ], [ -100.36629253, 32.77402864 ], [ -100.35057552, 32.78887543 ], [ -100.32408989, 32.81380294 ], [ -100.31080121, 32.82704304 ], [ -100.28397234, 32.85357723 ], [ -100.27102691, 32.86739248 ], [ -100.2462434, 32.89335156 ], [ -100.2312526, 32.91100739 ], [ -100.21203763, 32.93312585 ], [ -100.1914783, 32.96129952 ], [ -100.18252922, 32.97290015 ], [ -100.15813935, 33.01267447 ], [ -100.15170399, 33.02599779 ], [ -100.1373578, 33.05244877 ], [ -100.12064517, 33.09222309 ], [ -100.11192969, 33.11747822 ], [ -100.10620013, 33.13199739 ], [ -100.09193972, 33.17177168 ], [ -100.07863653, 33.211546 ], [ -100.07215538, 33.23047396 ], [ -100.0638168, 33.2513203 ], [ -100.04438003, 33.29109462 ], [ -100.03238107, 33.31024175 ], [ -100.01556937, 33.33086892 ], [ -99.99260677, 33.35113709 ], [ -99.95283246, 33.3603111 ], [ -99.91305816, 33.35276384 ], [ -99.87328385, 33.33195298 ], [ -99.87230172, 33.33086892 ], [ -99.84426119, 33.29109462 ], [ -99.83350953, 33.26305431 ], [ -99.83030703, 33.2513203 ], [ -99.81021026, 33.211546 ], [ -99.80401887, 33.17177168 ], [ -99.79373522, 33.15664673 ], [ -99.78170357, 33.13199739 ], [ -99.75396091, 33.1031103 ], [ -99.74283504, 33.09222309 ], [ -99.71418661, 33.06604662 ], [ -99.70811715, 33.05244877 ], [ -99.69909583, 33.01267447 ], [ -99.69699661, 32.97290015 ], [ -99.69842035, 32.93312585 ], [ -99.70295776, 32.89335156 ], [ -99.71326912, 32.85357723 ], [ -99.71418661, 32.85080279 ], [ -99.75396091, 32.84733372 ], [ -99.79373522, 32.84892091 ], [ -99.82166995, 32.81380294 ], [ -99.83350953, 32.78775592 ], [ -99.83807685, 32.77402864 ], [ -99.84825047, 32.73425432 ], [ -99.85532095, 32.69448002 ], [ -99.86050682, 32.6547057 ], [ -99.86454528, 32.6149314 ], [ -99.86808596, 32.57515711 ], [ -99.87148556, 32.53538278 ], [ -99.87328385, 32.51135086 ], [ -99.87441811, 32.49560849 ], [ -99.87561346, 32.45583417 ], [ -99.87491971, 32.41605987 ], [ -99.87328385, 32.38279761 ], [ -99.87291273, 32.37628557 ], [ -99.86976206, 32.33651125 ], [ -99.86642011, 32.29673695 ], [ -99.86405484, 32.25696263 ], [ -99.86319618, 32.21718833 ], [ -99.86372941, 32.17741404 ], [ -99.8655446, 32.13763972 ], [ -99.86840853, 32.09786542 ], [ -99.87233798, 32.05809112 ], [ -99.87328385, 32.05049388 ], [ -99.87739223, 32.0183168 ], [ -99.88348117, 31.9785425 ], [ -99.89058186, 31.93876818 ], [ -99.89877398, 31.89899388 ], [ -99.90811084, 31.85921959 ], [ -99.91305816, 31.84053805 ], [ -99.91938836, 31.81944527 ], [ -99.93267909, 31.77967097 ], [ -99.94753496, 31.73989665 ], [ -99.95283246, 31.72684372 ], [ -99.96675485, 31.70012235 ], [ -99.98919633, 31.66034805 ], [ -99.99260677, 31.65454305 ], [ -100.02308991, 31.62057373 ], [ -100.03238107, 31.61027478 ], [ -100.07215538, 31.59083408 ], [ -100.11192969, 31.59175418 ], [ -100.15170399, 31.58182732 ], [ -100.15325463, 31.58079944 ], [ -100.1914783, 31.55231432 ], [ -100.20516486, 31.54102511 ], [ -100.2312526, 31.51835158 ], [ -100.25100466, 31.50125082 ], [ -100.27102691, 31.4823977 ], [ -100.29386506, 31.46147652 ], [ -100.31080121, 31.44487123 ], [ -100.33541242, 31.4217022 ], [ -100.35057552, 31.40641217 ], [ -100.37635394, 31.3819279 ], [ -100.39034982, 31.36811459 ], [ -100.41773994, 31.34215358 ], [ -100.43012413, 31.33020775 ], [ -100.46036077, 31.30237928 ], [ -100.46989843, 31.29344305 ], [ -100.50447463, 31.26260499 ], [ -100.50967274, 31.25790533 ], [ -100.54944707, 31.25265972 ] ], [ [ -100.63825277, 31.73989665 ], [ -100.63229525, 31.77967097 ], [ -100.62899568, 31.7869238 ], [ -100.61473352, 31.81944527 ], [ -100.59686844, 31.85921959 ], [ -100.58922137, 31.87410076 ], [ -100.57725983, 31.89899388 ], [ -100.55644883, 31.93876818 ], [ -100.54944707, 31.95112422 ], [ -100.53441126, 31.9785425 ], [ -100.51188625, 32.0183168 ], [ -100.50967274, 32.02189249 ], [ -100.48788682, 32.05809112 ], [ -100.46989843, 32.08624682 ], [ -100.4624753, 32.09786542 ], [ -100.43541961, 32.13763972 ], [ -100.43012413, 32.144883 ], [ -100.40653931, 32.17741404 ], [ -100.39034982, 32.19876274 ], [ -100.37601869, 32.21718833 ], [ -100.35057552, 32.24852381 ], [ -100.3434809, 32.25696263 ], [ -100.31080121, 32.29281517 ], [ -100.30691716, 32.29673695 ], [ -100.27102691, 32.32919412 ], [ -100.26146478, 32.33651125 ], [ -100.2312526, 32.3579519 ], [ -100.20247541, 32.37628557 ], [ -100.1914783, 32.38302034 ], [ -100.15170399, 32.40068577 ], [ -100.11192969, 32.40493811 ], [ -100.07400118, 32.37628557 ], [ -100.07215538, 32.37466377 ], [ -100.05623836, 32.33651125 ], [ -100.04494928, 32.29673695 ], [ -100.0370576, 32.25696263 ], [ -100.03238107, 32.2213195 ], [ -100.0320877, 32.21718833 ], [ -100.03088504, 32.17741404 ], [ -100.02936063, 32.13763972 ], [ -100.02631417, 32.09786542 ], [ -100.02564277, 32.05809112 ], [ -100.02882097, 32.0183168 ], [ -100.03238107, 31.99781542 ], [ -100.03757222, 31.9785425 ], [ -100.05518289, 31.93876818 ], [ -100.07215538, 31.91247737 ], [ -100.10110953, 31.89899388 ], [ -100.11192969, 31.89530962 ], [ -100.15170399, 31.88465745 ], [ -100.18607598, 31.85921959 ], [ -100.1914783, 31.85566997 ], [ -100.2312526, 31.82395616 ], [ -100.23919318, 31.81944527 ], [ -100.27102691, 31.80056334 ], [ -100.30878617, 31.77967097 ], [ -100.31080121, 31.77855536 ], [ -100.35057552, 31.7626282 ], [ -100.39034982, 31.74619404 ], [ -100.4076673, 31.73989665 ], [ -100.43012413, 31.73192786 ], [ -100.46989843, 31.71945905 ], [ -100.50967274, 31.70749255 ], [ -100.54045549, 31.70012235 ], [ -100.54944707, 31.69805676 ], [ -100.58922137, 31.69488777 ], [ -100.61214264, 31.70012235 ], [ -100.62899568, 31.71454573 ], [ -100.63825277, 31.73989665 ] ] ] } },
{ "type": "Feature", "properties": { "Lower": 35.0 }, "geometry": { "type": "Polygon", "coordinates": [ [ [ -105.45163309, 39.01859477 ], [ -105.45163167, 39.05836906 ], [ -105.44168677, 39.09122076 ], [ -105.43043225, 39.09814338 ], [ -105.40191247, 39.11492567 ], [ -105.36653038, 39.13791768 ], [ -105.36213816, 39.14066282 ], [ -105.32236386, 39.16694793 ], [ -105.30750024, 39.17769198 ], [ -105.28258953, 39.19504859 ], [ -105.252878, 39.2174663 ], [ -105.24281522, 39.22481985 ], [ -105.20304092, 39.25631793 ], [ -105.20195349, 39.2572406 ], [ -105.16326661, 39.28910039 ], [ -105.15437105, 39.29701492 ], [ -105.12349231, 39.32379869 ], [ -105.1097114, 39.33678922 ], [ -105.083718, 39.36060906 ], [ -105.06765154, 39.37656351 ], [ -105.0439437, 39.39962393 ], [ -105.02814643, 39.41633783 ], [ -105.00416939, 39.44111412 ], [ -104.99077827, 39.45611213 ], [ -104.96439509, 39.4850819 ], [ -104.95538641, 39.49588645 ], [ -104.92462078, 39.53195998 ], [ -104.92173935, 39.53566075 ], [ -104.88945609, 39.57543505 ], [ -104.88484648, 39.5808458 ], [ -104.85834749, 39.61520937 ], [ -104.84507217, 39.63134601 ], [ -104.8276066, 39.65498367 ], [ -104.80529787, 39.68223869 ], [ -104.79615152, 39.69475799 ], [ -104.76552356, 39.72920019 ], [ -104.76128623, 39.73453228 ], [ -104.72574926, 39.76221764 ], [ -104.70971062, 39.77430658 ], [ -104.68597495, 39.78657721 ], [ -104.64620064, 39.80807998 ], [ -104.63653773, 39.8140809 ], [ -104.60642632, 39.85351349 ], [ -104.60629456, 39.8538552 ], [ -104.60198972, 39.8936295 ], [ -104.59643751, 39.93340382 ], [ -104.59022118, 39.97317811 ], [ -104.58286854, 40.01295244 ], [ -104.56665201, 40.04860655 ], [ -104.52687771, 40.03565047 ], [ -104.4871034, 40.0211624 ], [ -104.46998878, 40.01295244 ], [ -104.4473291, 40.00646399 ], [ -104.40755479, 39.99276655 ], [ -104.36778048, 39.97857715 ], [ -104.35078544, 39.97317811 ], [ -104.32800618, 39.96589792 ], [ -104.28823187, 39.9547841 ], [ -104.24845757, 39.94365756 ], [ -104.21454141, 39.93340382 ], [ -104.20868326, 39.93154428 ], [ -104.16890896, 39.9178876 ], [ -104.12913465, 39.90297421 ], [ -104.10590861, 39.8936295 ], [ -104.08936035, 39.88666185 ], [ -104.04958604, 39.86907442 ], [ -104.01712377, 39.8538552 ], [ -104.00981174, 39.85022333 ], [ -103.97003743, 39.82972848 ], [ -103.94110489, 39.8140809 ], [ -103.9302631, 39.80779672 ], [ -103.8904888, 39.78396805 ], [ -103.87498078, 39.77430658 ], [ -103.85071449, 39.75797642 ], [ -103.816827, 39.73453228 ], [ -103.81094019, 39.73005871 ], [ -103.77116588, 39.69944506 ], [ -103.76516642, 39.69475799 ], [ -103.73139158, 39.66575281 ], [ -103.71879552, 39.65498367 ], [ -103.69161727, 39.62918742 ], [ -103.67651966, 39.61520937 ], [ -103.65184297, 39.58995477 ], [ -103.63697508, 39.57543505 ], [ -103.61206866, 39.54866709 ], [ -103.59899498, 39.53566075 ], [ -103.57229436, 39.50679117 ], [ -103.56101032, 39.49588645 ], [ -103.53252005, 39.46636946 ], [ -103.5208624, 39.45611213 ], [ -103.49274575, 39.42953729 ], [ -103.47503214, 39.41633783 ], [ -103.45297144, 39.39858176 ], [ -103.4144398, 39.37656351 ], [ -103.41319714, 39.37573841 ], [ -103.37342283, 39.35756187 ], [ -103.33364853, 39.34764542 ], [ -103.29387422, 39.34318474 ], [ -103.25409989, 39.35281621 ], [ -103.21608888, 39.37656351 ], [ -103.21432559, 39.37694154 ], [ -103.17455128, 39.39720207 ], [ -103.1437828, 39.41633783 ], [ -103.13477698, 39.42025509 ], [ -103.09500267, 39.44142272 ], [ -103.05522837, 39.45525404 ], [ -103.01545406, 39.4552804 ], [ -102.97567976, 39.45039424 ], [ -102.93590545, 39.44420915 ], [ -102.89613114, 39.43546862 ], [ -102.85635684, 39.42432458 ], [ -102.83129293, 39.41633783 ], [ -102.81658253, 39.41038 ], [ -102.77680823, 39.39114931 ], [ -102.75297225, 39.37656351 ], [ -102.73703392, 39.36177206 ], [ -102.71342325, 39.33678922 ], [ -102.69725962, 39.3130811 ], [ -102.68660334, 39.29701492 ], [ -102.66152934, 39.2572406 ], [ -102.65748531, 39.24789282 ], [ -102.643723, 39.2174663 ], [ -102.63021014, 39.17769198 ], [ -102.62335183, 39.13791768 ], [ -102.62893654, 39.09814338 ], [ -102.65149274, 39.05836906 ], [ -102.65748531, 39.04883142 ], [ -102.6787299, 39.01859477 ], [ -102.69725962, 38.99802599 ], [ -102.71976745, 38.97882044 ], [ -102.73703392, 38.96820605 ], [ -102.77680823, 38.94982526 ], [ -102.80958152, 38.93904615 ], [ -102.81658253, 38.93708701 ], [ -102.85635684, 38.92744873 ], [ -102.89613114, 38.91828596 ], [ -102.93590545, 38.90785094 ], [ -102.96401322, 38.89927185 ], [ -102.97567976, 38.89307143 ], [ -103.01545406, 38.86948289 ], [ -103.03047441, 38.85949753 ], [ -103.05522837, 38.82875064 ], [ -103.06246555, 38.81972323 ], [ -103.08248576, 38.77994893 ], [ -103.09500267, 38.74712386 ], [ -103.09829268, 38.74017461 ], [ -103.12363184, 38.70040032 ], [ -103.13477698, 38.68873072 ], [ -103.17210369, 38.66062599 ], [ -103.17455128, 38.65897709 ], [ -103.21432559, 38.6364049 ], [ -103.24462208, 38.6208517 ], [ -103.25409989, 38.61618566 ], [ -103.29387422, 38.59824027 ], [ -103.33364853, 38.58280502 ], [ -103.34099108, 38.5810774 ], [ -103.37342283, 38.57397805 ], [ -103.41319714, 38.56804488 ], [ -103.45297144, 38.56358562 ], [ -103.49274575, 38.55996009 ], [ -103.53252005, 38.55664352 ], [ -103.57229436, 38.55350107 ], [ -103.61206866, 38.54994806 ], [ -103.65184297, 38.54604975 ], [ -103.69161727, 38.54219722 ], [ -103.69776362, 38.54130308 ], [ -103.73139158, 38.53659945 ], [ -103.77116588, 38.53111458 ], [ -103.81094019, 38.52484906 ], [ -103.85071449, 38.51777705 ], [ -103.8904888, 38.51004739 ], [ -103.9266984, 38.50152878 ], [ -103.9302631, 38.50074261 ], [ -103.97003743, 38.4925252 ], [ -104.00981174, 38.48296522 ], [ -104.04958604, 38.47330073 ], [ -104.08936035, 38.46332827 ], [ -104.0956556, 38.46175446 ], [ -104.12913465, 38.45374103 ], [ -104.16890896, 38.44381833 ], [ -104.20868326, 38.43361663 ], [ -104.24845757, 38.42309994 ], [ -104.25261678, 38.42198016 ], [ -104.28823187, 38.41269741 ], [ -104.32800618, 38.40190562 ], [ -104.36778048, 38.39097439 ], [ -104.39907169, 38.38220587 ], [ -104.40755479, 38.37990457 ], [ -104.4473291, 38.36890279 ], [ -104.4871034, 38.35775636 ], [ -104.52687771, 38.34625758 ], [ -104.53972757, 38.34243155 ], [ -104.56665201, 38.33463392 ], [ -104.60642632, 38.32290508 ], [ -104.64620064, 38.31086716 ], [ -104.67232345, 38.30265725 ], [ -104.68597495, 38.29848603 ], [ -104.72574926, 38.28609385 ], [ -104.76552356, 38.27331763 ], [ -104.79646699, 38.26288293 ], [ -104.80529787, 38.25997266 ], [ -104.84507217, 38.2468623 ], [ -104.88484648, 38.23314114 ], [ -104.9127702, 38.22310863 ], [ -104.92462078, 38.21895048 ], [ -104.96439509, 38.20456069 ], [ -105.00416939, 38.18974787 ], [ -105.02066159, 38.18333433 ], [ -105.0439437, 38.17339053 ], [ -105.05388751, 38.18333433 ], [ -105.05388846, 38.22310863 ], [ -105.083718, 38.25293692 ], [ -105.09366402, 38.26288293 ], [ -105.09366485, 38.30265725 ], [ -105.12349231, 38.33248368 ], [ -105.1334402, 38.34243155 ], [ -105.13344087, 38.38220587 ], [ -105.16326661, 38.41203076 ], [ -105.17321604, 38.42198016 ], [ -105.17321659, 38.46175446 ], [ -105.20304092, 38.49157819 ], [ -105.2129915, 38.50152878 ], [ -105.21299192, 38.54130308 ], [ -105.21299227, 38.5810774 ], [ -105.24281522, 38.61090005 ], [ -105.25276688, 38.6208517 ], [ -105.25276706, 38.66062599 ], [ -105.28258953, 38.69044843 ], [ -105.29254141, 38.70040032 ], [ -105.29254141, 38.74017461 ], [ -105.32236386, 38.76999731 ], [ -105.33231546, 38.77994893 ], [ -105.33231523, 38.81972323 ], [ -105.36213816, 38.84954681 ], [ -105.37208889, 38.85949753 ], [ -105.37208835, 38.89927185 ], [ -105.40191247, 38.92909711 ], [ -105.41186152, 38.93904615 ], [ -105.41186062, 38.97882044 ], [ -105.44168677, 39.00864843 ], [ -105.45163309, 39.01859477 ] ], [ [ -103.27194959, 39.17769198 ], [ -103.2573912, 39.2174663 ], [ -103.25409989, 39.22122992 ], [ -103.22808958, 39.2572406 ], [ -103.21432559, 39.2721621 ], [ -103.19111324, 39.29701492 ], [ -103.17455128, 39.31705592 ], [ -103.15865292, 39.33678922 ], [ -103.13477698, 39.36506906 ], [ -103.12560937, 39.37656351 ], [ -103.09500267, 39.39863631 ], [ -103.06333433, 39.41633783 ], [ -103.05522837, 39.41956352 ], [ -103.01545406, 39.42212516 ], [ -102.97567976, 39.41739208 ], [ -102.97051287, 39.41633783 ], [ -102.93590545, 39.40797289 ], [ -102.89613114, 39.39463775 ], [ -102.85635684, 39.37729043 ], [ -102.85488773, 39.37656351 ], [ -102.81658253, 39.35022038 ], [ -102.80048377, 39.33678922 ], [ -102.77680823, 39.31092213 ], [ -102.76522912, 39.29701492 ], [ -102.73703392, 39.25843841 ], [ -102.73617313, 39.2572406 ], [ -102.71827467, 39.2174663 ], [ -102.71713491, 39.17769198 ], [ -102.73703392, 39.13847421 ], [ -102.73746084, 39.13791768 ], [ -102.77680823, 39.10162637 ], [ -102.78145221, 39.09814338 ], [ -102.81658253, 39.07134024 ], [ -102.84046131, 39.05836906 ], [ -102.85635684, 39.05040322 ], [ -102.89613114, 39.03821033 ], [ -102.93590545, 39.03209462 ], [ -102.97567976, 39.03034803 ], [ -103.01545406, 39.03206852 ], [ -103.05522837, 39.03681514 ], [ -103.09500267, 39.04462262 ], [ -103.13477698, 39.05622162 ], [ -103.14057585, 39.05836906 ], [ -103.17455128, 39.07221984 ], [ -103.21432559, 39.09357747 ], [ -103.22146435, 39.09814338 ], [ -103.25409989, 39.1260535 ], [ -103.26382898, 39.13791768 ], [ -103.27194959, 39.17769198 ] ], [ [ -104.62091468, 39.53566075 ], [ -104.62008879, 39.57543505 ], [ -104.61750111, 39.61520937 ], [ -104.61326878, 39.65498367 ], [ -104.60642632, 39.69255564 ], [ -104.60605424, 39.69475799 ], [ -104.58878315, 39.73453228 ], [ -104.56665201, 39.74929474 ], [ -104.53425354, 39.77430658 ], [ -104.52807644, 39.8140809 ], [ -104.52687771, 39.81891231 ], [ -104.50758269, 39.8538552 ], [ -104.4871034, 39.87111011 ], [ -104.4473291, 39.88147964 ], [ -104.40755479, 39.8746279 ], [ -104.36778048, 39.85636069 ], [ -104.36101977, 39.8538552 ], [ -104.32800618, 39.83955247 ], [ -104.28823187, 39.82346026 ], [ -104.26546715, 39.8140809 ], [ -104.24845757, 39.80571785 ], [ -104.20868326, 39.78660324 ], [ -104.1827237, 39.77430658 ], [ -104.16890896, 39.76653577 ], [ -104.12913465, 39.74421337 ], [ -104.11194451, 39.73453228 ], [ -104.08936035, 39.71931354 ], [ -104.05232699, 39.69475799 ], [ -104.04958604, 39.69250805 ], [ -104.00981174, 39.66006252 ], [ -104.0035632, 39.65498367 ], [ -103.97003743, 39.62115048 ], [ -103.9640781, 39.61520937 ], [ -103.93314486, 39.57543505 ], [ -103.9302631, 39.57017583 ], [ -103.91095402, 39.53566075 ], [ -103.8967184, 39.49588645 ], [ -103.89163854, 39.45611213 ], [ -103.89933857, 39.41633783 ], [ -103.9302631, 39.37944882 ], [ -103.93390226, 39.37656351 ], [ -103.97003743, 39.3539028 ], [ -104.00192226, 39.33678922 ], [ -104.00981174, 39.33284444 ], [ -104.04958604, 39.31374002 ], [ -104.08626714, 39.29701492 ], [ -104.08936035, 39.29565392 ], [ -104.12913465, 39.27989064 ], [ -104.16890896, 39.2697435 ], [ -104.20868326, 39.26333281 ], [ -104.24845757, 39.25959776 ], [ -104.28823187, 39.2578165 ], [ -104.32800618, 39.25802414 ], [ -104.36778048, 39.26060229 ], [ -104.40755479, 39.26576646 ], [ -104.4473291, 39.27448153 ], [ -104.4871034, 39.28802459 ], [ -104.5056532, 39.29701492 ], [ -104.52687771, 39.30899175 ], [ -104.5604261, 39.33678922 ], [ -104.56665201, 39.34347631 ], [ -104.58898611, 39.37656351 ], [ -104.60539403, 39.41633783 ], [ -104.60642632, 39.41979594 ], [ -104.6149702, 39.45611213 ], [ -104.619523, 39.49588645 ], [ -104.62091468, 39.53566075 ] ] ] } },
{ "type": "Feature", "properties": { "Lower": 35.0 }, "geometry": { "type": "Polygon", "coordinates": [ [ [ -103.58224376, 35.08093841 ], [ -103.58224107, 35.12071273 ], [ -103.5822384, 35.16048702 ], [ -103.57229436, 35.16741297 ], [ -103.53252005, 35.1768426 ], [ -103.49274575, 35.18596761 ], [ -103.45297144, 35.19461931 ], [ -103.42597493, 35.20026132 ], [ -103.41319714, 35.2029378 ], [ -103.37342283, 35.21096907 ], [ -103.33364853, 35.21869534 ], [ -103.29387422, 35.22587538 ], [ -103.25409989, 35.23244503 ], [ -103.21432559, 35.23851172 ], [ -103.20340415, 35.24003564 ], [ -103.17455128, 35.24407011 ], [ -103.13477698, 35.24906879 ], [ -103.09500267, 35.25333929 ], [ -103.05522837, 35.25684314 ], [ -103.01545406, 35.25953407 ], [ -102.97567976, 35.26134494 ], [ -102.93590545, 35.26227191 ], [ -102.89613114, 35.262309 ], [ -102.85635684, 35.26133894 ], [ -102.81658253, 35.2593682 ], [ -102.77680823, 35.25631949 ], [ -102.73703392, 35.25209083 ], [ -102.69725962, 35.24672347 ], [ -102.65890719, 35.24003564 ], [ -102.65748531, 35.23979219 ], [ -102.61771101, 35.23194147 ], [ -102.57793668, 35.22241938 ], [ -102.53816237, 35.21132191 ], [ -102.50444439, 35.20026132 ], [ -102.49838807, 35.19831339 ], [ -102.45861376, 35.18331528 ], [ -102.41883946, 35.16564911 ], [ -102.40919743, 35.16048702 ], [ -102.37906515, 35.14447745 ], [ -102.34368659, 35.12071273 ], [ -102.33929085, 35.11767349 ], [ -102.3018985, 35.08093841 ], [ -102.29951654, 35.07815855 ], [ -102.27712241, 35.04116411 ], [ -102.25974224, 35.01661113 ], [ -102.24265642, 35.00138979 ], [ -102.21996793, 34.98613964 ], [ -102.18123951, 34.96161549 ], [ -102.18019363, 34.96091877 ], [ -102.14041932, 34.93323363 ], [ -102.12370333, 34.92184119 ], [ -102.10064502, 34.90730669 ], [ -102.06087071, 34.88693608 ], [ -102.04563344, 34.88206687 ], [ -102.02109641, 34.87666081 ], [ -101.9813221, 34.87657131 ], [ -101.9415478, 34.8762316 ], [ -101.90177347, 34.87259761 ], [ -101.86199916, 34.87693357 ], [ -101.84334546, 34.88206687 ], [ -101.82222486, 34.8882049 ], [ -101.78245055, 34.89885174 ], [ -101.74267625, 34.90783245 ], [ -101.70290194, 34.91595985 ], [ -101.66745278, 34.92184119 ], [ -101.66312764, 34.92258849 ], [ -101.62335333, 34.92836763 ], [ -101.58357903, 34.94189272 ], [ -101.54962525, 34.96161549 ], [ -101.54380472, 34.96578728 ], [ -101.50485923, 35.00138979 ], [ -101.50403041, 35.00223046 ], [ -101.47079442, 35.04116411 ], [ -101.46425611, 35.04869771 ], [ -101.4380834, 35.08093841 ], [ -101.4244818, 35.09642426 ], [ -101.40419022, 35.12071273 ], [ -101.3847075, 35.1421321 ], [ -101.36870655, 35.16048702 ], [ -101.34493319, 35.18574892 ], [ -101.33171133, 35.20026132 ], [ -101.30515889, 35.22740589 ], [ -101.29316681, 35.24003564 ], [ -101.26538458, 35.26759341 ], [ -101.25336226, 35.27980994 ], [ -101.22561028, 35.30751788 ], [ -101.2138245, 35.31958426 ], [ -101.18583595, 35.34819381 ], [ -101.17512933, 35.35935856 ], [ -101.14606164, 35.39040816 ], [ -101.13799195, 35.39913286 ], [ -101.10628734, 35.43498221 ], [ -101.10280575, 35.43890718 ], [ -101.06926524, 35.47868147 ], [ -101.06651303, 35.48210494 ], [ -101.03688772, 35.5184558 ], [ -101.02673873, 35.53144487 ], [ -101.00531895, 35.55823009 ], [ -100.98696442, 35.58202022 ], [ -100.97425437, 35.59800439 ], [ -100.94719012, 35.63310875 ], [ -100.94343847, 35.63777871 ], [ -100.91240458, 35.67755301 ], [ -100.90741581, 35.68411189 ], [ -100.88084353, 35.71732731 ], [ -100.86764151, 35.73416818 ], [ -100.84853757, 35.75710163 ], [ -100.8278672, 35.78261286 ], [ -100.81551356, 35.79687592 ], [ -100.7880929, 35.82968745 ], [ -100.78180194, 35.83665024 ], [ -100.74831859, 35.87510974 ], [ -100.74706982, 35.87642454 ], [ -100.71086616, 35.91619884 ], [ -100.70854429, 35.91886642 ], [ -100.67293794, 35.95597316 ], [ -100.66876998, 35.96052114 ], [ -100.63269487, 35.99574746 ], [ -100.62899568, 35.99954974 ], [ -100.58960937, 36.03552178 ], [ -100.58922137, 36.0358983 ], [ -100.54944707, 36.0697986 ], [ -100.54202192, 36.07529608 ], [ -100.50967274, 36.10088755 ], [ -100.48886164, 36.11507037 ], [ -100.46989843, 36.12899531 ], [ -100.43012413, 36.15366989 ], [ -100.42788063, 36.15484469 ], [ -100.39034982, 36.17637628 ], [ -100.351871, 36.19461899 ], [ -100.35057552, 36.19530112 ], [ -100.31080121, 36.21219669 ], [ -100.27102691, 36.22549325 ], [ -100.23477889, 36.23439331 ], [ -100.2312526, 36.2353778 ], [ -100.1914783, 36.24261143 ], [ -100.15170399, 36.24606531 ], [ -100.11192969, 36.24442489 ], [ -100.07215538, 36.23594116 ], [ -100.06819391, 36.23439331 ], [ -100.03238107, 36.22040028 ], [ -99.99260677, 36.20042584 ], [ -99.98260222, 36.19461899 ], [ -99.95283246, 36.17877973 ], [ -99.91305816, 36.15561809 ], [ -99.91177205, 36.15484469 ], [ -99.87328385, 36.13369975 ], [ -99.84770809, 36.11507037 ], [ -99.83350953, 36.10538577 ], [ -99.80035307, 36.07529608 ], [ -99.79373522, 36.06958732 ], [ -99.76226369, 36.03552178 ], [ -99.75396091, 36.02682154 ], [ -99.72752695, 35.99574746 ], [ -99.71418661, 35.9801484 ], [ -99.69490758, 35.95597316 ], [ -99.6744123, 35.92999784 ], [ -99.66429304, 35.91619884 ], [ -99.63538728, 35.87642454 ], [ -99.634638, 35.87539001 ], [ -99.60832157, 35.83665024 ], [ -99.59486369, 35.81589087 ], [ -99.58325717, 35.79687592 ], [ -99.5601067, 35.75710163 ], [ -99.55508939, 35.74796395 ], [ -99.5391476, 35.71732731 ], [ -99.52027305, 35.67755301 ], [ -99.51531508, 35.66604798 ], [ -99.50367916, 35.63777871 ], [ -99.48937896, 35.59800439 ], [ -99.47737354, 35.55823009 ], [ -99.47554078, 35.55091664 ], [ -99.46761609, 35.5184558 ], [ -99.46021942, 35.47868147 ], [ -99.45500878, 35.43890718 ], [ -99.4519593, 35.39913286 ], [ -99.45100405, 35.35935856 ], [ -99.45189908, 35.31958426 ], [ -99.45468958, 35.27980994 ], [ -99.45925372, 35.24003564 ], [ -99.46544544, 35.20026132 ], [ -99.47326402, 35.16048702 ], [ -99.47554078, 35.15076079 ], [ -99.48228384, 35.12071273 ], [ -99.49265349, 35.08093841 ], [ -99.50450718, 35.04116411 ], [ -99.51531508, 35.00854007 ], [ -99.51755125, 35.00138979 ], [ -99.53076648, 34.96161549 ], [ -99.54499649, 34.92184119 ], [ -99.55508939, 34.8958285 ], [ -99.55996121, 34.88206687 ], [ -99.57472919, 34.84229257 ], [ -99.59010276, 34.80251825 ], [ -99.59486369, 34.78980682 ], [ -99.60322555, 34.76274396 ], [ -99.61233414, 34.72296966 ], [ -99.62875061, 34.68319534 ], [ -99.634638, 34.67615996 ], [ -99.65740052, 34.64342104 ], [ -99.6744123, 34.62404783 ], [ -99.68941566, 34.60364674 ], [ -99.71418661, 34.5724801 ], [ -99.72031887, 34.56387242 ], [ -99.7505385, 34.52409812 ], [ -99.75396091, 34.51973611 ], [ -99.78202846, 34.4843238 ], [ -99.79373522, 34.47016555 ], [ -99.82055251, 34.44454951 ], [ -99.83350953, 34.43265246 ], [ -99.87328385, 34.40490301 ], [ -99.8735187, 34.40477521 ], [ -99.91305816, 34.38321193 ], [ -99.95283246, 34.36697672 ], [ -99.95912147, 34.36500089 ], [ -99.99260677, 34.35438608 ], [ -100.03238107, 34.34488323 ], [ -100.07215538, 34.33669874 ], [ -100.11192969, 34.32961487 ], [ -100.14501039, 34.32522659 ], [ -100.15170399, 34.32425106 ], [ -100.1914783, 34.32110076 ], [ -100.2312526, 34.32082218 ], [ -100.27102691, 34.32348022 ], [ -100.28424529, 34.32522659 ], [ -100.31080121, 34.32848974 ], [ -100.35057552, 34.33526353 ], [ -100.39034982, 34.34356787 ], [ -100.43012413, 34.35305422 ], [ -100.46989843, 34.3633638 ], [ -100.47577436, 34.36500089 ], [ -100.50967274, 34.37388686 ], [ -100.54944707, 34.38470351 ], [ -100.58922137, 34.39610623 ], [ -100.61764962, 34.40477521 ], [ -100.62899568, 34.40816578 ], [ -100.66876998, 34.4205055 ], [ -100.70854429, 34.43299986 ], [ -100.74550927, 34.44454951 ], [ -100.74831859, 34.4454153 ], [ -100.7880929, 34.45752807 ], [ -100.8278672, 34.46923655 ], [ -100.86764151, 34.48052181 ], [ -100.88149162, 34.4843238 ], [ -100.90741581, 34.49173675 ], [ -100.94719012, 34.50256456 ], [ -100.98696442, 34.512691 ], [ -101.02673873, 34.52196671 ], [ -101.0372808, 34.52409812 ], [ -101.06651303, 34.53041647 ], [ -101.10628734, 34.53744582 ], [ -101.14606164, 34.54254666 ], [ -101.18583595, 34.54513476 ], [ -101.22561028, 34.54439533 ], [ -101.26538458, 34.53924327 ], [ -101.30515889, 34.52867347 ], [ -101.31673983, 34.52409812 ], [ -101.34493319, 34.51323968 ], [ -101.3847075, 34.49173451 ], [ -101.3954584, 34.4843238 ], [ -101.4244818, 34.46502184 ], [ -101.45015792, 34.44454951 ], [ -101.46425611, 34.43399994 ], [ -101.50039602, 34.40477521 ], [ -101.50403041, 34.40227237 ], [ -101.54380472, 34.38012482 ], [ -101.58357903, 34.36865484 ], [ -101.61122731, 34.36500089 ], [ -101.62335333, 34.363797 ], [ -101.66312764, 34.36201055 ], [ -101.70290194, 34.36141483 ], [ -101.74267625, 34.35739748 ], [ -101.78245055, 34.34707096 ], [ -101.82222486, 34.33320147 ], [ -101.84388823, 34.32522659 ], [ -101.86199916, 34.31840758 ], [ -101.90177347, 34.30307185 ], [ -101.9415478, 34.28708314 ], [ -101.94553433, 34.28545227 ], [ -101.9813221, 34.27018733 ], [ -102.02109641, 34.2525172 ], [ -102.03602055, 34.24567797 ], [ -102.06087071, 34.23379401 ], [ -102.10064502, 34.21413716 ], [ -102.11678377, 34.20590368 ], [ -102.14041932, 34.19338053 ], [ -102.18019363, 34.17161619 ], [ -102.18999357, 34.16612935 ], [ -102.21996793, 34.1488376 ], [ -102.25753701, 34.12635506 ], [ -102.25974224, 34.12499953 ], [ -102.29951654, 34.10031253 ], [ -102.32099616, 34.08658074 ], [ -102.33929085, 34.07466206 ], [ -102.37906515, 34.0481216 ], [ -102.38101015, 34.04680644 ], [ -102.41883946, 34.02091438 ], [ -102.43863986, 34.00703214 ], [ -102.45861376, 33.99288674 ], [ -102.49407234, 33.96725782 ], [ -102.49838807, 33.96411023 ], [ -102.53816237, 33.93482219 ], [ -102.54795872, 33.92748352 ], [ -102.57793668, 33.90494739 ], [ -102.60044644, 33.8877092 ], [ -102.61771101, 33.8744879 ], [ -102.65170837, 33.8479349 ], [ -102.65748531, 33.84343349 ], [ -102.69725962, 33.81200019 ], [ -102.70203034, 33.80816061 ], [ -102.73703392, 33.78012419 ], [ -102.77680823, 33.79820946 ], [ -102.78675937, 33.80816061 ], [ -102.81658253, 33.83797558 ], [ -102.82654187, 33.8479349 ], [ -102.85635684, 33.87774286 ], [ -102.85635684, 33.87776045 ], [ -102.81658253, 33.86591874 ], [ -102.78970355, 33.8877092 ], [ -102.77680823, 33.89827623 ], [ -102.74005799, 33.92748352 ], [ -102.73703392, 33.92991315 ], [ -102.69725962, 33.96123169 ], [ -102.68939154, 33.96725782 ], [ -102.65748531, 33.99190843 ], [ -102.63710245, 34.00703214 ], [ -102.61771101, 34.02154724 ], [ -102.58244148, 34.04680644 ], [ -102.57793668, 34.05005657 ], [ -102.53816237, 34.07803514 ], [ -102.52555975, 34.08658074 ], [ -102.49838807, 34.10508135 ], [ -102.46548173, 34.12635506 ], [ -102.45861376, 34.13080126 ], [ -102.41883946, 34.15585169 ], [ -102.40181846, 34.16612935 ], [ -102.37906515, 34.17981603 ], [ -102.33929085, 34.20244014 ], [ -102.33306826, 34.20590368 ], [ -102.29951654, 34.22442578 ], [ -102.25974224, 34.24481825 ], [ -102.25804501, 34.24567797 ], [ -102.21996793, 34.26469602 ], [ -102.18019363, 34.28298511 ], [ -102.17471533, 34.28545227 ], [ -102.14041932, 34.30068366 ], [ -102.10064502, 34.31710086 ], [ -102.0800255, 34.32522659 ], [ -102.06087071, 34.33272653 ], [ -102.02109641, 34.34762215 ], [ -101.9813221, 34.36154027 ], [ -101.9713464, 34.36500089 ], [ -101.9415478, 34.37565938 ], [ -101.90177347, 34.38964035 ], [ -101.86199916, 34.40356723 ], [ -101.8583553, 34.40477521 ], [ -101.82222486, 34.41758403 ], [ -101.78245055, 34.42723084 ], [ -101.74267625, 34.43368419 ], [ -101.70290194, 34.43730565 ], [ -101.66312764, 34.44175999 ], [ -101.65167004, 34.44454951 ], [ -101.62335333, 34.45697719 ], [ -101.58864603, 34.4843238 ], [ -101.58357903, 34.49057002 ], [ -101.55596773, 34.52409812 ], [ -101.54380472, 34.54246462 ], [ -101.52777184, 34.56387242 ], [ -101.50403041, 34.60242106 ], [ -101.50307969, 34.60364674 ], [ -101.48268956, 34.64342104 ], [ -101.47448081, 34.68319534 ], [ -101.50403041, 34.72191381 ], [ -101.50505915, 34.72296966 ], [ -101.54380472, 34.74003025 ], [ -101.58357903, 34.75386875 ], [ -101.61573244, 34.76274396 ], [ -101.62335333, 34.76425226 ], [ -101.66312764, 34.76984333 ], [ -101.70290194, 34.77132159 ], [ -101.74267625, 34.76601268 ], [ -101.75951392, 34.76274396 ], [ -101.78245055, 34.75779341 ], [ -101.82222486, 34.75122592 ], [ -101.86199916, 34.74917664 ], [ -101.90177347, 34.75200317 ], [ -101.9415478, 34.75888488 ], [ -101.95600706, 34.76274396 ], [ -101.9813221, 34.76879813 ], [ -102.02109641, 34.77479551 ], [ -102.06087071, 34.77486269 ], [ -102.10064502, 34.77389574 ], [ -102.14041932, 34.77804504 ], [ -102.18019363, 34.78942384 ], [ -102.21055077, 34.80251825 ], [ -102.21996793, 34.80742579 ], [ -102.25974224, 34.83031638 ], [ -102.2807624, 34.84229257 ], [ -102.29951654, 34.85283594 ], [ -102.33929085, 34.87173669 ], [ -102.35519606, 34.88206687 ], [ -102.37906515, 34.90699091 ], [ -102.39391543, 34.92184119 ], [ -102.41883946, 34.94145532 ], [ -102.45861376, 34.9597405 ], [ -102.46448883, 34.96161549 ], [ -102.49838807, 34.97212137 ], [ -102.53816237, 34.98157341 ], [ -102.57793668, 34.98909182 ], [ -102.61771101, 34.99522994 ], [ -102.65748531, 35.00020855 ], [ -102.66937853, 35.00138979 ], [ -102.69725962, 35.00412196 ], [ -102.73703392, 35.00704486 ], [ -102.77680823, 35.00920304 ], [ -102.81658253, 35.01051138 ], [ -102.85635684, 35.01113301 ], [ -102.89613114, 35.01101458 ], [ -102.93590545, 35.01014044 ], [ -102.97567976, 35.00866699 ], [ -103.01545406, 35.00650096 ], [ -103.05522837, 35.00365314 ], [ -103.0815717, 35.00138979 ], [ -103.09500267, 35.00018704 ], [ -103.13477698, 34.99583352 ], [ -103.17455128, 34.99074168 ], [ -103.21432559, 34.98497366 ], [ -103.25409989, 34.97840902 ], [ -103.29387422, 34.97110727 ], [ -103.33364853, 34.96313762 ], [ -103.34089179, 34.96161549 ], [ -103.37342283, 34.95452226 ], [ -103.41319714, 34.94555249 ], [ -103.45297144, 34.93631579 ], [ -103.49274575, 34.9268099 ], [ -103.50268962, 34.92184119 ], [ -103.50270722, 34.92184119 ], [ -103.50270466, 34.96161549 ], [ -103.53252005, 34.99143422 ], [ -103.54247565, 35.00138979 ], [ -103.54247289, 35.04116411 ], [ -103.57229436, 35.07098901 ], [ -103.58224376, 35.08093841 ] ], [ [ -101.3272341, 34.80251825 ], [ -101.32421173, 34.84229257 ], [ -101.31766081, 34.88206687 ], [ -101.30876184, 34.92184119 ], [ -101.30515889, 34.93294838 ], [ -101.29660233, 34.96161549 ], [ -101.27994251, 35.00138979 ], [ -101.26538458, 35.02908526 ], [ -101.25923807, 35.04116411 ], [ -101.23499442, 35.08093841 ], [ -101.22561028, 35.09434436 ], [ -101.20749596, 35.12071273 ], [ -101.18583595, 35.1490337 ], [ -101.17716447, 35.16048702 ], [ -101.14606164, 35.19799881 ], [ -101.14419507, 35.20026132 ], [ -101.10873486, 35.24003564 ], [ -101.10628734, 35.24267174 ], [ -101.07208426, 35.27980994 ], [ -101.06651303, 35.28577567 ], [ -101.0349401, 35.31958426 ], [ -101.02673873, 35.32830611 ], [ -100.99730205, 35.35935856 ], [ -100.98696442, 35.37047333 ], [ -100.95982331, 35.39913286 ], [ -100.94719012, 35.41278303 ], [ -100.9223544, 35.43890718 ], [ -100.90741581, 35.4552038 ], [ -100.88505809, 35.47868147 ], [ -100.86764151, 35.49760242 ], [ -100.84755906, 35.5184558 ], [ -100.8278672, 35.53950971 ], [ -100.80936617, 35.55823009 ], [ -100.7880929, 35.58023391 ], [ -100.76972886, 35.59800439 ], [ -100.74831859, 35.61910632 ], [ -100.72778748, 35.63777871 ], [ -100.70854429, 35.65549849 ], [ -100.68234078, 35.67755301 ], [ -100.66876998, 35.68911966 ], [ -100.63213882, 35.71732731 ], [ -100.62899568, 35.71981055 ], [ -100.58922137, 35.74798211 ], [ -100.57476127, 35.75710163 ], [ -100.54944707, 35.77345509 ], [ -100.50967274, 35.79589424 ], [ -100.50766494, 35.79687592 ], [ -100.46989843, 35.81584493 ], [ -100.43012413, 35.83261274 ], [ -100.41681866, 35.83665024 ], [ -100.39034982, 35.84508955 ], [ -100.35057552, 35.85297766 ], [ -100.31080121, 35.85621875 ], [ -100.27102691, 35.85501529 ], [ -100.2312526, 35.84921624 ], [ -100.1914783, 35.84010125 ], [ -100.17893831, 35.83665024 ], [ -100.15170399, 35.8294307 ], [ -100.11192969, 35.81706392 ], [ -100.07215538, 35.80318434 ], [ -100.05555661, 35.79687592 ], [ -100.03238107, 35.7884322 ], [ -99.99260677, 35.77330903 ], [ -99.95700701, 35.75710163 ], [ -99.95283246, 35.75516541 ], [ -99.91305816, 35.73295139 ], [ -99.88997861, 35.71732731 ], [ -99.87328385, 35.70556292 ], [ -99.8402514, 35.67755301 ], [ -99.83350953, 35.67146223 ], [ -99.80270495, 35.63777871 ], [ -99.79373522, 35.62688464 ], [ -99.77302468, 35.59800439 ], [ -99.75396091, 35.56811069 ], [ -99.74798603, 35.55823009 ], [ -99.72668579, 35.5184558 ], [ -99.71418661, 35.49085853 ], [ -99.70893072, 35.47868147 ], [ -99.69475958, 35.43890718 ], [ -99.68395788, 35.39913286 ], [ -99.67637529, 35.35935856 ], [ -99.6744123, 35.34284478 ], [ -99.67171849, 35.31958426 ], [ -99.66980678, 35.27980994 ], [ -99.67048026, 35.24003564 ], [ -99.67347432, 35.20026132 ], [ -99.6744123, 35.19301661 ], [ -99.67844533, 35.16048702 ], [ -99.68511359, 35.12071273 ], [ -99.69281768, 35.08093841 ], [ -99.70105969, 35.04116411 ], [ -99.7097369, 35.00138979 ], [ -99.71418661, 34.98141101 ], [ -99.71827751, 34.96161549 ], [ -99.72630246, 34.92184119 ], [ -99.73367481, 34.88206687 ], [ -99.73974963, 34.84229257 ], [ -99.74299566, 34.80251825 ], [ -99.74454853, 34.76274396 ], [ -99.74947758, 34.72296966 ], [ -99.75396091, 34.70665239 ], [ -99.76009257, 34.68319534 ], [ -99.77831465, 34.64342104 ], [ -99.79373522, 34.61641518 ], [ -99.8011422, 34.60364674 ], [ -99.82940258, 34.56387242 ], [ -99.83350953, 34.55900276 ], [ -99.87178613, 34.52409812 ], [ -99.87328385, 34.52289428 ], [ -99.91305816, 34.49784612 ], [ -99.9404675, 34.4843238 ], [ -99.95283246, 34.47853751 ], [ -99.99260677, 34.46372015 ], [ -100.03238107, 34.4522101 ], [ -100.06753335, 34.44454951 ], [ -100.07215538, 34.44358065 ], [ -100.11192969, 34.4377072 ], [ -100.15170399, 34.43403392 ], [ -100.1914783, 34.43232247 ], [ -100.2312526, 34.43245003 ], [ -100.27102691, 34.43451912 ], [ -100.31080121, 34.43845038 ], [ -100.35057552, 34.44400336 ], [ -100.35385538, 34.44454951 ], [ -100.39034982, 34.45052136 ], [ -100.43012413, 34.45770629 ], [ -100.46989843, 34.46537078 ], [ -100.50967274, 34.47379465 ], [ -100.54944707, 34.48316039 ], [ -100.55396415, 34.4843238 ], [ -100.58922137, 34.49347593 ], [ -100.62899568, 34.50435275 ], [ -100.66876998, 34.51557794 ], [ -100.69829178, 34.52409812 ], [ -100.70854429, 34.52722598 ], [ -100.74831859, 34.53959283 ], [ -100.7880929, 34.55199769 ], [ -100.82628553, 34.56387242 ], [ -100.8278672, 34.56440263 ], [ -100.86764151, 34.57765772 ], [ -100.90741581, 34.59065437 ], [ -100.94719012, 34.60335515 ], [ -100.94813841, 34.60364674 ], [ -100.98696442, 34.61699444 ], [ -101.02673873, 34.63014143 ], [ -101.06651303, 34.6426952 ], [ -101.06903162, 34.64342104 ], [ -101.10628734, 34.65644344 ], [ -101.14606164, 34.66955924 ], [ -101.18583595, 34.68183522 ], [ -101.19096905, 34.68319534 ], [ -101.22561028, 34.69691238 ], [ -101.26538458, 34.71402663 ], [ -101.28560364, 34.72296966 ], [ -101.30515889, 34.74264714 ], [ -101.32131709, 34.76274396 ], [ -101.3272341, 34.80251825 ] ] ] } },
{ "type": "Feature", "properties": { "Lower": 35.0 }, "geometry": { "type": "Polygon", "coordinates": [ [ [ -108.51425833, 45.42225813 ], [ -108.5142567, 45.46203243 ], [ -108.5142544, 45.50180675 ], [ -108.50430837, 45.53129819 ], [ -108.483277, 45.54158104 ], [ -108.46453406, 45.54884258 ], [ -108.42475976, 45.56639786 ], [ -108.39611152, 45.58135534 ], [ -108.38498545, 45.58589748 ], [ -108.34521115, 45.60410256 ], [ -108.31469624, 45.62112966 ], [ -108.30543684, 45.62511075 ], [ -108.26566254, 45.64448846 ], [ -108.23846194, 45.66090396 ], [ -108.22588823, 45.66668786 ], [ -108.18611393, 45.68816937 ], [ -108.16668862, 45.70067828 ], [ -108.14633962, 45.71044157 ], [ -108.10656532, 45.73367596 ], [ -108.09635287, 45.74045258 ], [ -108.06679101, 45.75431665 ], [ -108.02701668, 45.77860438 ], [ -108.02457241, 45.78022688 ], [ -107.98724238, 45.79599561 ], [ -107.94746807, 45.81888097 ], [ -107.94564583, 45.8200012 ], [ -107.90769377, 45.83622327 ], [ -107.86791946, 45.85313707 ], [ -107.85210818, 45.85977549 ], [ -107.82814516, 45.87587565 ], [ -107.78837085, 45.89066873 ], [ -107.76370107, 45.89954979 ], [ -107.75987713, 45.93932411 ], [ -107.75879929, 45.97909841 ], [ -107.76291473, 46.01887273 ], [ -107.76668359, 46.05864703 ], [ -107.76877819, 46.09842133 ], [ -107.76958377, 46.13819565 ], [ -107.76959979, 46.17796994 ], [ -107.76918638, 46.21774426 ], [ -107.76841619, 46.25751856 ], [ -107.76744647, 46.29729286 ], [ -107.76624862, 46.33706718 ], [ -107.76477921, 46.37684148 ], [ -107.74859655, 46.38678595 ], [ -107.73865206, 46.37684148 ], [ -107.70882224, 46.3470139 ], [ -107.66904794, 46.34701605 ], [ -107.62927363, 46.34701828 ], [ -107.58949932, 46.34702053 ], [ -107.54972502, 46.34702268 ], [ -107.50995071, 46.3470244 ], [ -107.47017641, 46.34702548 ], [ -107.4304021, 46.34702593 ], [ -107.3906278, 46.34702601 ], [ -107.38066895, 46.33706718 ], [ -107.35085347, 46.30725161 ], [ -107.31107917, 46.30725161 ], [ -107.27130486, 46.30725164 ], [ -107.23153055, 46.30725164 ], [ -107.19175625, 46.30725164 ], [ -107.15198194, 46.30725164 ], [ -107.11220764, 46.30725161 ], [ -107.10224888, 46.29729286 ], [ -107.07243333, 46.2674772 ], [ -107.03265903, 46.26747717 ], [ -106.99288472, 46.26747715 ], [ -106.95311042, 46.26747713 ], [ -106.91333611, 46.2674771 ], [ -106.87356181, 46.26747708 ], [ -106.8337875, 46.26747703 ], [ -106.7940132, 46.26747698 ], [ -106.78405477, 46.25751856 ], [ -106.75423889, 46.22770249 ], [ -106.71446459, 46.22770242 ], [ -106.67469026, 46.22770237 ], [ -106.63491595, 46.22770233 ], [ -106.59514165, 46.22770225 ], [ -106.55536734, 46.22770221 ], [ -106.51559304, 46.22770211 ], [ -106.50563519, 46.21774426 ], [ -106.47581873, 46.18792755 ], [ -106.43604443, 46.18792745 ], [ -106.39627012, 46.18792738 ], [ -106.35649582, 46.18792729 ], [ -106.31672151, 46.18792719 ], [ -106.27694721, 46.1879271 ], [ -106.2371729, 46.187927 ], [ -106.22721584, 46.17796994 ], [ -106.1973986, 46.14815234 ], [ -106.15762429, 46.14815222 ], [ -106.11784998, 46.14815213 ], [ -106.07807568, 46.14815201 ], [ -106.03830137, 46.14815189 ], [ -105.99852705, 46.14815177 ], [ -105.95875274, 46.14815165 ], [ -105.94879675, 46.13819565 ], [ -105.91897844, 46.1083769 ], [ -105.87920413, 46.10837678 ], [ -105.83942982, 46.10837663 ], [ -105.79965552, 46.10837649 ], [ -105.75988121, 46.10837637 ], [ -105.72010691, 46.10837623 ], [ -105.6803326, 46.10837608 ], [ -105.6405583, 46.10837594 ], [ -105.63060368, 46.09842133 ], [ -105.60078399, 46.06860112 ], [ -105.56100969, 46.06860097 ], [ -105.52123538, 46.06860083 ], [ -105.48146108, 46.06860066 ], [ -105.44168677, 46.06860052 ], [ -105.40191247, 46.06860038 ], [ -105.36213816, 46.06860023 ], [ -105.35218495, 46.05864703 ], [ -105.32236386, 46.02882534 ], [ -105.28258953, 46.02882519 ], [ -105.24281522, 46.02882505 ], [ -105.20304092, 46.02882488 ], [ -105.16326661, 46.02882476 ], [ -105.12349231, 46.02882462 ], [ -105.083718, 46.02882448 ], [ -105.07376626, 46.01887273 ], [ -105.0439437, 45.98904953 ], [ -105.00416939, 45.98904941 ], [ -104.96439509, 45.98904927 ], [ -104.92462078, 45.98904915 ], [ -104.88484648, 45.98904905 ], [ -104.84507217, 45.98904893 ], [ -104.80529787, 45.98904884 ], [ -104.76552356, 45.98904877 ], [ -104.75557321, 45.97909841 ], [ -104.72574926, 45.94927378 ], [ -104.68597495, 45.9492737 ], [ -104.64620064, 45.94927366 ], [ -104.60642632, 45.94927361 ], [ -104.56665201, 45.94927356 ], [ -104.52687771, 45.94927354 ], [ -104.4871034, 45.94927351 ], [ -104.477154, 45.93932411 ], [ -104.4473291, 45.90949857 ], [ -104.40755479, 45.90949857 ], [ -104.36778048, 45.90949859 ], [ -104.32800618, 45.90949864 ], [ -104.28823187, 45.90949869 ], [ -104.24845757, 45.90949878 ], [ -104.20868326, 45.90949888 ], [ -104.19873419, 45.89954979 ], [ -104.16890896, 45.86972398 ], [ -104.12913465, 45.8697241 ], [ -104.08936035, 45.86972427 ], [ -104.04958604, 45.86972444 ], [ -104.00981174, 45.86972463 ], [ -103.97003743, 45.86972485 ], [ -103.9302631, 45.86972509 ], [ -103.92031352, 45.85977549 ], [ -103.8904888, 45.82995031 ], [ -103.85071449, 45.8299506 ], [ -103.81094019, 45.82995091 ], [ -103.77116588, 45.82995124 ], [ -103.73139158, 45.8299516 ], [ -103.69161727, 45.82995198 ], [ -103.65184297, 45.82995239 ], [ -103.61206866, 45.82995282 ], [ -103.60211703, 45.8200012 ], [ -103.57229436, 45.79017821 ], [ -103.53252005, 45.79017869 ], [ -103.49274575, 45.79017919 ], [ -103.45297144, 45.79017972 ], [ -103.41319714, 45.79018027 ], [ -103.37342283, 45.79018082 ], [ -103.33364853, 45.79018142 ], [ -103.32369397, 45.78022688 ], [ -103.29387422, 45.75040695 ], [ -103.25409989, 45.75040758 ], [ -103.21432559, 45.75040822 ], [ -103.17455128, 45.75040889 ], [ -103.13477698, 45.75040956 ], [ -103.09500267, 45.75041026 ], [ -103.05522837, 45.75041095 ], [ -103.04526998, 45.74045258 ], [ -103.01545406, 45.71063663 ], [ -102.97567976, 45.71063735 ], [ -102.93590545, 45.71063809 ], [ -102.89613114, 45.71063883 ], [ -102.85635684, 45.71063957 ], [ -102.85635684, 45.71062199 ], [ -102.86419431, 45.70067828 ], [ -102.85635684, 45.69243179 ], [ -102.82687953, 45.66090396 ], [ -102.81658253, 45.64998565 ], [ -102.7900167, 45.62112966 ], [ -102.77680823, 45.60665772 ], [ -102.75389673, 45.58135534 ], [ -102.73703392, 45.56273285 ], [ -102.7181778, 45.54158104 ], [ -102.69725962, 45.51811655 ], [ -102.68283155, 45.50180675 ], [ -102.65748531, 45.47315419 ], [ -102.64786872, 45.46203243 ], [ -102.61771101, 45.42715442 ], [ -102.61347735, 45.42225813 ], [ -102.57935313, 45.38248381 ], [ -102.57793668, 45.38083736 ], [ -102.54537498, 45.34270951 ], [ -102.53816237, 45.33419116 ], [ -102.51169755, 45.30293521 ], [ -102.49838807, 45.28721622 ], [ -102.47816776, 45.26316089 ], [ -102.45861376, 45.23989873 ], [ -102.44483367, 45.22338659 ], [ -102.41883946, 45.19223818 ], [ -102.41164091, 45.18361227 ], [ -102.37906515, 45.144911 ], [ -102.37816841, 45.14383798 ], [ -102.3448487, 45.10406368 ], [ -102.33929085, 45.09748686 ], [ -102.3110378, 45.06428936 ], [ -102.29951654, 45.05075182 ], [ -102.27718746, 45.02451506 ], [ -102.25974224, 45.00435295 ], [ -102.24277283, 44.98474074 ], [ -102.21996793, 44.95880947 ], [ -102.2077071, 44.94496644 ], [ -102.18019363, 44.91439571 ], [ -102.17185075, 44.90519214 ], [ -102.14041932, 44.8713247 ], [ -102.1349374, 44.86541782 ], [ -102.10064502, 44.82984558 ], [ -102.09656479, 44.82564353 ], [ -102.06087071, 44.79045948 ], [ -102.05617992, 44.78586923 ], [ -102.02109641, 44.75317235 ], [ -102.01338983, 44.74609491 ], [ -101.9813221, 44.71852085 ], [ -101.96681129, 44.70632061 ], [ -101.9415478, 44.68693207 ], [ -101.913497, 44.66654629 ], [ -101.90177347, 44.6589925 ], [ -101.86199916, 44.63570365 ], [ -101.84378911, 44.62677199 ], [ -101.82222486, 44.61826185 ], [ -101.78245055, 44.60985305 ], [ -101.74267625, 44.61423578 ], [ -101.70515512, 44.62677199 ], [ -101.70290194, 44.62750606 ], [ -101.66312764, 44.63716141 ], [ -101.62335333, 44.62903068 ], [ -101.61935092, 44.62677199 ], [ -101.58357903, 44.60892175 ], [ -101.54380472, 44.60470539 ], [ -101.50403041, 44.61593007 ], [ -101.47970089, 44.62677199 ], [ -101.46425611, 44.63400953 ], [ -101.4244818, 44.65375648 ], [ -101.40094433, 44.66654629 ], [ -101.3847075, 44.6755542 ], [ -101.34493319, 44.70164502 ], [ -101.33948688, 44.70632061 ], [ -101.30515889, 44.74046099 ], [ -101.30077164, 44.74609491 ], [ -101.27277613, 44.78586923 ], [ -101.26538458, 44.79723523 ], [ -101.24859282, 44.82564353 ], [ -101.22593169, 44.86541782 ], [ -101.22561028, 44.86599698 ], [ -101.20478085, 44.90519214 ], [ -101.18583595, 44.94095387 ], [ -101.18378508, 44.94496644 ], [ -101.16398387, 44.98474074 ], [ -101.14606164, 45.02010254 ], [ -101.14389292, 45.02451506 ], [ -101.12483994, 45.06428936 ], [ -101.10628734, 45.1019956 ], [ -101.10529739, 45.10406368 ], [ -101.08673759, 45.14383798 ], [ -101.06772395, 45.18361227 ], [ -101.06651303, 45.18619518 ], [ -101.0495512, 45.22338659 ], [ -101.03103575, 45.26316089 ], [ -101.02673873, 45.27251568 ], [ -101.01315402, 45.30293521 ], [ -100.99516459, 45.34270951 ], [ -100.98696442, 45.36076605 ], [ -100.97740109, 45.38248381 ], [ -100.98696442, 45.39242806 ], [ -100.98696442, 45.39244565 ], [ -100.94719012, 45.39244282 ], [ -100.90741581, 45.39243981 ], [ -100.86764151, 45.3924366 ], [ -100.85768872, 45.38248381 ], [ -100.8278672, 45.35265726 ], [ -100.7880929, 45.35265369 ], [ -100.78142717, 45.34270951 ], [ -100.7880929, 45.32985731 ], [ -100.80193858, 45.30293521 ], [ -100.82270718, 45.26316089 ], [ -100.8278672, 45.2535077 ], [ -100.84386295, 45.22338659 ], [ -100.86510781, 45.18361227 ], [ -100.86764151, 45.17897458 ], [ -100.88665533, 45.14383798 ], [ -100.90741581, 45.10558548 ], [ -100.90823913, 45.10406368 ], [ -100.93017766, 45.06428936 ], [ -100.94719012, 45.03330576 ], [ -100.95200951, 45.02451506 ], [ -100.97408792, 44.98474074 ], [ -100.98696442, 44.96150779 ], [ -100.99614582, 44.94496644 ], [ -101.01822683, 44.90519214 ], [ -101.02673873, 44.88983517 ], [ -101.04035135, 44.86541782 ], [ -101.06227668, 44.82564353 ], [ -101.06651303, 44.81788786 ], [ -101.0842294, 44.78586923 ], [ -101.10572932, 44.74609491 ], [ -101.10628734, 44.74503026 ], [ -101.12720074, 44.70632061 ], [ -101.14606164, 44.669724 ], [ -101.14779853, 44.66654629 ], [ -101.16802678, 44.62677199 ], [ -101.18583595, 44.58756719 ], [ -101.1861358, 44.5869977 ], [ -101.20377541, 44.54722337 ], [ -101.21811854, 44.50744908 ], [ -101.2251417, 44.46767476 ], [ -101.21409961, 44.42790046 ], [ -101.19857153, 44.38812616 ], [ -101.20111166, 44.34835184 ], [ -101.22113834, 44.30857754 ], [ -101.22561028, 44.30380549 ], [ -101.26538458, 44.27784962 ], [ -101.29564325, 44.26880322 ], [ -101.30515889, 44.26629455 ], [ -101.34493319, 44.26162157 ], [ -101.3847075, 44.26186517 ], [ -101.4244818, 44.2661121 ], [ -101.43742703, 44.26880322 ], [ -101.46425611, 44.274025 ], [ -101.50403041, 44.28820964 ], [ -101.52606478, 44.30857754 ], [ -101.54380472, 44.33062706 ], [ -101.56031669, 44.34835184 ], [ -101.58357903, 44.36260949 ], [ -101.62335333, 44.37936685 ], [ -101.66312764, 44.38557033 ], [ -101.70290194, 44.37741456 ], [ -101.74267625, 44.35331081 ], [ -101.75058647, 44.34835184 ], [ -101.78245055, 44.32667018 ], [ -101.81151086, 44.30857754 ], [ -101.82222486, 44.30139249 ], [ -101.86199916, 44.2776433 ], [ -101.87867039, 44.26880322 ], [ -101.90177347, 44.25584296 ], [ -101.9415478, 44.23647908 ], [ -101.95961036, 44.22902892 ], [ -101.9813221, 44.21953851 ], [ -102.02109641, 44.20785123 ], [ -102.06087071, 44.20182572 ], [ -102.10064502, 44.2016633 ], [ -102.14041932, 44.2068184 ], [ -102.18019363, 44.21726676 ], [ -102.21156005, 44.22902892 ], [ -102.21996793, 44.23243409 ], [ -102.25974224, 44.2524633 ], [ -102.287262, 44.26880322 ], [ -102.29951654, 44.2764792 ], [ -102.33929085, 44.30435946 ], [ -102.34485251, 44.30857754 ], [ -102.37906515, 44.33574654 ], [ -102.39405046, 44.34835184 ], [ -102.41883946, 44.36983557 ], [ -102.43895897, 44.38812616 ], [ -102.45861376, 44.40643804 ], [ -102.48105197, 44.42790046 ], [ -102.49838807, 44.44490524 ], [ -102.5211576, 44.46767476 ], [ -102.53816237, 44.48501089 ], [ -102.5600324, 44.50744908 ], [ -102.57793668, 44.52606001 ], [ -102.59804194, 44.54722337 ], [ -102.61771101, 44.56820369 ], [ -102.6354412, 44.5869977 ], [ -102.65748531, 44.61068023 ], [ -102.67246377, 44.62677199 ], [ -102.69725962, 44.6534108 ], [ -102.70956373, 44.66654629 ], [ -102.73703392, 44.69607211 ], [ -102.74669116, 44.70632061 ], [ -102.77680823, 44.73850049 ], [ -102.78400814, 44.74609491 ], [ -102.81658253, 44.78069114 ], [ -102.82155482, 44.78586923 ], [ -102.85635684, 44.82211109 ], [ -102.85981771, 44.82564353 ], [ -102.89613114, 44.8629659 ], [ -102.89856616, 44.86541782 ], [ -102.93590545, 44.90301647 ], [ -102.93811175, 44.90519214 ], [ -102.97567976, 44.94223824 ], [ -102.97850606, 44.94496644 ], [ -103.01545406, 44.9806318 ], [ -103.01983695, 44.98474074 ], [ -103.05522837, 45.01815231 ], [ -103.06222743, 45.02451506 ], [ -103.09500267, 45.05431056 ], [ -103.10632779, 45.06428936 ], [ -103.13477698, 45.08953315 ], [ -103.15168959, 45.10406368 ], [ -103.17455128, 45.12370536 ], [ -103.1987789, 45.14383798 ], [ -103.21432559, 45.15675693 ], [ -103.24777697, 45.18361227 ], [ -103.25409989, 45.18872445 ], [ -103.29387422, 45.21919019 ], [ -103.29950936, 45.22338659 ], [ -103.33364853, 45.24880905 ], [ -103.35388464, 45.26316089 ], [ -103.37342283, 45.27711696 ], [ -103.4114706, 45.30293521 ], [ -103.41319714, 45.30411518 ], [ -103.45297144, 45.3301544 ], [ -103.47326388, 45.34270951 ], [ -103.49274575, 45.3548503 ], [ -103.53252005, 45.37819622 ], [ -103.54020435, 45.38248381 ], [ -103.57229436, 45.40051975 ], [ -103.61206866, 45.42142262 ], [ -103.61375196, 45.42225813 ], [ -103.65184297, 45.44144473 ], [ -103.69161727, 45.46000643 ], [ -103.69625302, 45.46203243 ], [ -103.73139158, 45.47750397 ], [ -103.77116588, 45.49376909 ], [ -103.79254577, 45.50180675 ], [ -103.81094019, 45.5087743 ], [ -103.85071449, 45.52249041 ], [ -103.8904888, 45.53519349 ], [ -103.91234125, 45.54158104 ], [ -103.9302631, 45.54686038 ], [ -103.97003743, 45.55715611 ], [ -104.00981174, 45.56636106 ], [ -104.04958604, 45.57444923 ], [ -104.08456609, 45.58135534 ], [ -104.08936035, 45.58229535 ], [ -104.12913465, 45.58721563 ], [ -104.16890896, 45.59206637 ], [ -104.20868326, 45.5955306 ], [ -104.24845757, 45.59830021 ], [ -104.28823187, 45.59977988 ], [ -104.32800618, 45.60027282 ], [ -104.36778048, 45.59975488 ], [ -104.40755479, 45.59819873 ], [ -104.4473291, 45.59557845 ], [ -104.4871034, 45.59221422 ], [ -104.52687771, 45.58773424 ], [ -104.56665201, 45.58246459 ], [ -104.57355412, 45.58135534 ], [ -104.60642632, 45.57602476 ], [ -104.64620064, 45.56910613 ], [ -104.68597495, 45.56096595 ], [ -104.72574926, 45.55230638 ], [ -104.76552356, 45.54340725 ], [ -104.77176121, 45.54158104 ], [ -104.80529787, 45.53099696 ], [ -104.84507217, 45.51768513 ], [ -104.88484648, 45.5038382 ], [ -104.88959455, 45.50180675 ], [ -104.92462078, 45.48550965 ], [ -104.96439509, 45.46620309 ], [ -104.97245851, 45.46203243 ], [ -105.00416939, 45.44504461 ], [ -105.04106617, 45.42225813 ], [ -105.0439437, 45.42043493 ], [ -105.083718, 45.39597723 ], [ -105.10332201, 45.38248381 ], [ -105.12349231, 45.36803768 ], [ -105.15696161, 45.34270951 ], [ -105.16326661, 45.33766559 ], [ -105.20304092, 45.30476219 ], [ -105.2052205, 45.30293521 ], [ -105.24281522, 45.26996734 ], [ -105.25031376, 45.26316089 ], [ -105.28258953, 45.23293481 ], [ -105.29261526, 45.22338659 ], [ -105.32236386, 45.19412581 ], [ -105.33270775, 45.18361227 ], [ -105.36213816, 45.15320066 ], [ -105.37119876, 45.14383798 ], [ -105.40191247, 45.11210024 ], [ -105.40994904, 45.10406368 ], [ -105.44168677, 45.07334995 ], [ -105.45120817, 45.06428936 ], [ -105.48146108, 45.03595669 ], [ -105.49388885, 45.02451506 ], [ -105.52123538, 44.9997328 ], [ -105.53836896, 44.98474074 ], [ -105.56100969, 44.96492993 ], [ -105.58424072, 44.94496644 ], [ -105.60078399, 44.93096832 ], [ -105.63124564, 44.90519214 ], [ -105.6405583, 44.89731217 ], [ -105.67700862, 44.86541782 ], [ -105.6803326, 44.862673 ], [ -105.72010691, 44.83183792 ], [ -105.72784971, 44.82564353 ], [ -105.75988121, 44.79961806 ], [ -105.77680295, 44.78586923 ], [ -105.79965552, 44.76758733 ], [ -105.82652125, 44.74609491 ], [ -105.83942982, 44.73576779 ], [ -105.87623943, 44.70632061 ], [ -105.87920413, 44.70391182 ], [ -105.91897844, 44.67221588 ], [ -105.92609303, 44.66654629 ], [ -105.95875274, 44.64052083 ], [ -105.97600635, 44.62677199 ], [ -105.99852705, 44.60882599 ], [ -106.0259197, 44.5869977 ], [ -106.03830137, 44.57697413 ], [ -106.07578641, 44.54722337 ], [ -106.07807568, 44.54540652 ], [ -106.11784998, 44.51447166 ], [ -106.12687883, 44.50744908 ], [ -106.15762429, 44.48315054 ], [ -106.17761414, 44.46767476 ], [ -106.1973986, 44.45235747 ], [ -106.22898828, 44.42790046 ], [ -106.2371729, 44.4215641 ], [ -106.27694721, 44.39077158 ], [ -106.28036428, 44.38812616 ], [ -106.31672151, 44.35997807 ], [ -106.33205802, 44.34835184 ], [ -106.35649582, 44.32952305 ], [ -106.38368089, 44.30857754 ], [ -106.39627012, 44.29887746 ], [ -106.43604443, 44.27067032 ], [ -106.43848457, 44.26880322 ], [ -106.47581873, 44.23889026 ], [ -106.48889541, 44.22902892 ], [ -106.51559304, 44.20889579 ], [ -106.54221847, 44.18925463 ], [ -106.55536734, 44.17971103 ], [ -106.59514165, 44.15148408 ], [ -106.59803078, 44.14948031 ], [ -106.63491595, 44.12389845 ], [ -106.65537932, 44.10970601 ], [ -106.67469026, 44.09652545 ], [ -106.71446459, 44.07234607 ], [ -106.71826263, 44.06993171 ], [ -106.75423889, 44.04639183 ], [ -106.78158085, 44.03015739 ], [ -106.7940132, 44.02299961 ], [ -106.8337875, 44.00024948 ], [ -106.85066375, 43.99038309 ], [ -106.87356181, 43.97678692 ], [ -106.91333611, 43.95258073 ], [ -106.91652164, 43.95060877 ], [ -106.95311042, 43.92759274 ], [ -106.97908641, 43.91083447 ], [ -106.99288472, 43.90178661 ], [ -107.03265903, 43.87511991 ], [ -107.03874863, 43.87106018 ], [ -107.07243333, 43.84822298 ], [ -107.09622563, 43.83128586 ], [ -107.11220764, 43.81990868 ], [ -107.14872812, 43.79151156 ], [ -107.15198194, 43.78905942 ], [ -107.19175625, 43.76159281 ], [ -107.2045233, 43.75173724 ], [ -107.23153055, 43.7305165 ], [ -107.25461962, 43.71196294 ], [ -107.27130486, 43.69831143 ], [ -107.30323288, 43.67218864 ], [ -107.31107917, 43.66565031 ], [ -107.35085347, 43.63521076 ], [ -107.3543203, 43.63241432 ], [ -107.3906278, 43.60156941 ], [ -107.40184145, 43.59264003 ], [ -107.4304021, 43.5698973 ], [ -107.45229998, 43.5528657 ], [ -107.47017641, 43.53896191 ], [ -107.50425013, 43.51309141 ], [ -107.50995071, 43.50876306 ], [ -107.54972502, 43.47866214 ], [ -107.58949932, 43.50314732 ], [ -107.59944341, 43.51309141 ], [ -107.59944374, 43.5528657 ], [ -107.62927363, 43.58269505 ], [ -107.6392186, 43.59264003 ], [ -107.6392189, 43.63241432 ], [ -107.66904794, 43.66224283 ], [ -107.67899374, 43.67218864 ], [ -107.67899404, 43.71196294 ], [ -107.70882224, 43.74179064 ], [ -107.71876886, 43.75173724 ], [ -107.71876914, 43.79151156 ], [ -107.71876944, 43.83128586 ], [ -107.74859655, 43.8611125 ], [ -107.75854421, 43.87106018 ], [ -107.75854449, 43.91083447 ], [ -107.78837085, 43.9406604 ], [ -107.79831923, 43.95060877 ], [ -107.79831951, 43.99038309 ], [ -107.82814516, 44.0202083 ], [ -107.83809423, 44.03015739 ], [ -107.83809451, 44.06993171 ], [ -107.86791946, 44.09975625 ], [ -107.87786921, 44.10970601 ], [ -107.87786947, 44.14948031 ], [ -107.90769377, 44.17930425 ], [ -107.91764414, 44.18925463 ], [ -107.91764438, 44.22902892 ], [ -107.94746807, 44.25885227 ], [ -107.95741903, 44.26880322 ], [ -107.95741926, 44.30857754 ], [ -107.98724238, 44.33840033 ], [ -107.99719389, 44.34835184 ], [ -107.9971941, 44.38812616 ], [ -108.02701668, 44.41794845 ], [ -108.03696871, 44.42790046 ], [ -108.03696892, 44.46767476 ], [ -108.06679101, 44.49749659 ], [ -108.07674348, 44.50744908 ], [ -108.07674366, 44.54722337 ], [ -108.10656532, 44.57704478 ], [ -108.1165182, 44.5869977 ], [ -108.11651838, 44.62677199 ], [ -108.11651855, 44.66654629 ], [ -108.14633962, 44.69636717 ], [ -108.15629304, 44.70632061 ], [ -108.1562932, 44.74609491 ], [ -108.18611393, 44.77591548 ], [ -108.19606764, 44.78586923 ], [ -108.19606778, 44.82564353 ], [ -108.22588823, 44.85546385 ], [ -108.23584221, 44.86541782 ], [ -108.23584232, 44.90519214 ], [ -108.26566254, 44.93501228 ], [ -108.2756167, 44.94496644 ], [ -108.27561677, 44.98474074 ], [ -108.30543684, 45.0145608 ], [ -108.31539109, 45.02451506 ], [ -108.31539114, 45.06428936 ], [ -108.34521115, 45.09410945 ], [ -108.35516538, 45.10406368 ], [ -108.35516535, 45.14383798 ], [ -108.38498545, 45.17365826 ], [ -108.39493947, 45.18361227 ], [ -108.39493933, 45.22338659 ], [ -108.42475976, 45.2532074 ], [ -108.43471327, 45.26316089 ], [ -108.43471294, 45.30293521 ], [ -108.46453406, 45.33275714 ], [ -108.47448644, 45.34270951 ], [ -108.47448569, 45.38248381 ], [ -108.50430837, 45.41230815 ], [ -108.51425833, 45.42225813 ] ] ] } },
{ "type": "Feature", "properties": { "Lower": 35.0 }, "geometry": { "type": "Polygon", "coordinates": [ [ [ -100.04442261, 40.80843855 ], [ -100.04326039, 40.84821287 ], [ -100.04021625, 40.88798717 ], [ -100.03587548, 40.92776149 ], [ -100.03238107, 40.954865 ], [ -100.03073709, 40.96753579 ], [ -100.02488416, 41.00731008 ], [ -100.01863189, 41.0470844 ], [ -100.01201337, 41.0868587 ], [ -100.00514267, 41.12663302 ], [ -99.99802851, 41.16640732 ], [ -99.99260677, 41.19610908 ], [ -99.99076521, 41.20618162 ], [ -99.98304513, 41.24595594 ], [ -99.97396906, 41.28573023 ], [ -99.9629789, 41.32550456 ], [ -99.95283246, 41.3582051 ], [ -99.95043806, 41.36527885 ], [ -99.93642663, 41.40505315 ], [ -99.92199719, 41.44482747 ], [ -99.91305816, 41.470067 ], [ -99.90750552, 41.48460177 ], [ -99.89335129, 41.52437607 ], [ -99.87940618, 41.56415039 ], [ -99.87328385, 41.58275649 ], [ -99.86592097, 41.60392468 ], [ -99.85281104, 41.64369901 ], [ -99.83998351, 41.6834733 ], [ -99.83350953, 41.7046903 ], [ -99.82757829, 41.7232476 ], [ -99.8153183, 41.76302192 ], [ -99.80338565, 41.80279622 ], [ -99.79373522, 41.83549363 ], [ -99.7915557, 41.84257054 ], [ -99.78000653, 41.88234484 ], [ -99.76856205, 41.92211913 ], [ -99.75721444, 41.96189346 ], [ -99.75396091, 41.97369356 ], [ -99.74595126, 42.00166775 ], [ -99.73485447, 42.04144207 ], [ -99.72382832, 42.08121637 ], [ -99.71418661, 42.11618912 ], [ -99.71281145, 42.12099067 ], [ -99.70198582, 42.16076499 ], [ -99.69109998, 42.20053929 ], [ -99.68013023, 42.24031361 ], [ -99.6744123, 42.26175569 ], [ -99.66929633, 42.28008791 ], [ -99.65837587, 42.3198622 ], [ -99.64752731, 42.35963652 ], [ -99.63672661, 42.39941082 ], [ -99.634638, 42.40744398 ], [ -99.62592031, 42.43918512 ], [ -99.61486201, 42.47895944 ], [ -99.60407567, 42.51873374 ], [ -99.59486369, 42.55268535 ], [ -99.5931794, 42.55850806 ], [ -99.58237031, 42.59828235 ], [ -99.57146478, 42.63805665 ], [ -99.56077874, 42.67783097 ], [ -99.55508939, 42.69974577 ], [ -99.55006648, 42.71760527 ], [ -99.53904008, 42.75737959 ], [ -99.52851704, 42.79715389 ], [ -99.51813111, 42.83692819 ], [ -99.51531508, 42.84861446 ], [ -99.5079234, 42.87670251 ], [ -99.49781277, 42.9164768 ], [ -99.48815192, 42.95625113 ], [ -99.47902924, 42.99602542 ], [ -99.47554078, 43.01272165 ], [ -99.4701562, 43.03579972 ], [ -99.46130081, 43.07557404 ], [ -99.45382302, 43.11534834 ], [ -99.44633245, 43.15512266 ], [ -99.4400161, 43.19489696 ], [ -99.43576647, 43.21638856 ], [ -99.43185831, 43.23467125 ], [ -99.42737829, 43.27444558 ], [ -99.42182499, 43.31421987 ], [ -99.41532873, 43.35399417 ], [ -99.40790376, 43.39376849 ], [ -99.39871745, 43.43354279 ], [ -99.39599217, 43.44394835 ], [ -99.3858959, 43.47331711 ], [ -99.37053344, 43.51309141 ], [ -99.35621786, 43.54108438 ], [ -99.34908491, 43.5528657 ], [ -99.32804722, 43.59264003 ], [ -99.31644356, 43.61004551 ], [ -99.29727097, 43.63241432 ], [ -99.27666925, 43.65786147 ], [ -99.26234207, 43.67218864 ], [ -99.23689495, 43.70102923 ], [ -99.2232273, 43.71196294 ], [ -99.19712064, 43.73834447 ], [ -99.18101477, 43.75173724 ], [ -99.18615423, 43.79151156 ], [ -99.19712064, 43.79672503 ], [ -99.23689495, 43.81689052 ], [ -99.25209022, 43.83128586 ], [ -99.27666925, 43.83865938 ], [ -99.31644356, 43.85418791 ], [ -99.34763323, 43.87106018 ], [ -99.35621786, 43.87365912 ], [ -99.39599217, 43.88735816 ], [ -99.43576647, 43.90292062 ], [ -99.45272469, 43.91083447 ], [ -99.47554078, 43.91853138 ], [ -99.51531508, 43.93345719 ], [ -99.55302048, 43.95060877 ], [ -99.55508939, 43.95134896 ], [ -99.59486369, 43.96581196 ], [ -99.634638, 43.98229076 ], [ -99.65308106, 43.99038309 ], [ -99.6744123, 43.9985364 ], [ -99.71418661, 44.01434634 ], [ -99.74657645, 44.03015739 ], [ -99.75396091, 44.03367866 ], [ -99.79373522, 44.06600328 ], [ -99.79594342, 44.06993171 ], [ -99.81832345, 44.10970601 ], [ -99.83350953, 44.13785398 ], [ -99.83650695, 44.14948031 ], [ -99.84688965, 44.18925463 ], [ -99.85632831, 44.22902892 ], [ -99.864658, 44.26880322 ], [ -99.87239291, 44.30857754 ], [ -99.87328385, 44.31309451 ], [ -99.8781129, 44.34835184 ], [ -99.88436619, 44.38812616 ], [ -99.89197169, 44.42790046 ], [ -99.900739, 44.46767476 ], [ -99.90641487, 44.50744908 ], [ -99.88815077, 44.54722337 ], [ -99.87328385, 44.57031223 ], [ -99.86433069, 44.5869977 ], [ -99.84801226, 44.62677199 ], [ -99.83350953, 44.6660051 ], [ -99.83320004, 44.66654629 ], [ -99.81133842, 44.70632061 ], [ -99.79373522, 44.74139753 ], [ -99.79066386, 44.74609491 ], [ -99.76741352, 44.78586923 ], [ -99.75396091, 44.81265575 ], [ -99.74607796, 44.82564353 ], [ -99.72504872, 44.86541782 ], [ -99.71418661, 44.8891278 ], [ -99.70550074, 44.90519214 ], [ -99.68680187, 44.94496644 ], [ -99.6744123, 44.9758987 ], [ -99.6702952, 44.98474074 ], [ -99.6538769, 45.02451506 ], [ -99.64012208, 45.06428936 ], [ -99.634638, 45.07423326 ], [ -99.59486369, 45.07423507 ], [ -99.58491798, 45.06428936 ], [ -99.55508939, 45.03446262 ], [ -99.51531508, 45.03446358 ], [ -99.47554078, 45.03446422 ], [ -99.43576647, 45.03446463 ], [ -99.42581691, 45.02451506 ], [ -99.39599217, 44.99469057 ], [ -99.35621786, 44.99469047 ], [ -99.31644356, 44.99469024 ], [ -99.30649406, 44.98474074 ], [ -99.27666925, 44.95491548 ], [ -99.23689495, 44.95491493 ], [ -99.19712064, 44.95491422 ], [ -99.18717284, 44.94496644 ], [ -99.15734631, 44.91513894 ], [ -99.11757201, 44.91513798 ], [ -99.0777977, 44.9151369 ], [ -99.06785294, 44.90519214 ], [ -99.04511495, 44.86541782 ], [ -99.05235079, 44.82564353 ], [ -99.05869889, 44.78586923 ], [ -99.06443877, 44.74609491 ], [ -99.06954109, 44.70632061 ], [ -99.07431488, 44.66654629 ], [ -99.0777977, 44.63614013 ], [ -99.07892542, 44.62677199 ], [ -99.08337387, 44.5869977 ], [ -99.0879372, 44.54722337 ], [ -99.09273413, 44.50744908 ], [ -99.09846085, 44.46767476 ], [ -99.10500599, 44.42790046 ], [ -99.11152557, 44.38812616 ], [ -99.11757201, 44.35234044 ], [ -99.11828562, 44.34835184 ], [ -99.12400997, 44.30857754 ], [ -99.12954606, 44.26880322 ], [ -99.13423195, 44.22902892 ], [ -99.13788144, 44.18925463 ], [ -99.14032597, 44.14948031 ], [ -99.14087705, 44.10970601 ], [ -99.13900059, 44.06993171 ], [ -99.13351806, 44.03015739 ], [ -99.12282214, 43.99038309 ], [ -99.11757201, 43.9747792 ], [ -99.10768371, 43.95060877 ], [ -99.08974562, 43.91083447 ], [ -99.0777977, 43.88735075 ], [ -99.06681128, 43.87106018 ], [ -99.0380234, 43.83556598 ], [ -99.0337433, 43.83128586 ], [ -99.01164189, 43.79151156 ], [ -98.99824909, 43.77131418 ], [ -98.97897814, 43.75173724 ], [ -98.9922484, 43.71196294 ], [ -98.99824909, 43.70311788 ], [ -99.0219749, 43.67218864 ], [ -99.0380234, 43.64476672 ], [ -99.04441689, 43.63241432 ], [ -99.05739461, 43.59264003 ], [ -99.07020007, 43.5528657 ], [ -99.0777977, 43.52771596 ], [ -99.082358, 43.51309141 ], [ -99.08760454, 43.47331711 ], [ -99.09401321, 43.43354279 ], [ -99.09692715, 43.39376849 ], [ -99.09778344, 43.35399417 ], [ -99.09665195, 43.31421987 ], [ -99.09351114, 43.27444558 ], [ -99.08816924, 43.23467125 ], [ -99.08057769, 43.19489696 ], [ -99.0777977, 43.18396324 ], [ -99.07202925, 43.15512266 ], [ -99.06163843, 43.11534834 ], [ -99.04907821, 43.07557404 ], [ -99.0380234, 43.04660295 ], [ -99.03461809, 43.03579972 ], [ -99.01948664, 42.99602542 ], [ -99.00176072, 42.95625113 ], [ -98.99824909, 42.94952059 ], [ -98.98342576, 42.9164768 ], [ -98.96306718, 42.87670251 ], [ -98.95847479, 42.8687977 ], [ -98.94213823, 42.83692819 ], [ -98.92002723, 42.79715389 ], [ -98.91870048, 42.79511157 ], [ -98.89574447, 42.75737959 ], [ -98.87892618, 42.73175208 ], [ -98.87018829, 42.71760527 ], [ -98.84360773, 42.67783097 ], [ -98.83915187, 42.67169273 ], [ -98.81593806, 42.63805665 ], [ -98.79937757, 42.61566062 ], [ -98.7870485, 42.59828235 ], [ -98.75960326, 42.56168888 ], [ -98.75729557, 42.55850806 ], [ -98.72692617, 42.51873374 ], [ -98.71982896, 42.50981817 ], [ -98.6958939, 42.47895944 ], [ -98.68005465, 42.4593489 ], [ -98.66407568, 42.43918512 ], [ -98.64028035, 42.41008156 ], [ -98.63166426, 42.39941082 ], [ -98.60050604, 42.36197454 ], [ -98.59854795, 42.35963652 ], [ -98.56446802, 42.3198622 ], [ -98.56073173, 42.31559596 ], [ -98.52667278, 42.28008791 ], [ -98.52095743, 42.27417125 ], [ -98.4850785, 42.24031361 ], [ -98.4811831, 42.23663772 ], [ -98.4414088, 42.20220879 ], [ -98.43930313, 42.20053929 ], [ -98.40163449, 42.1706735 ], [ -98.38829614, 42.16076499 ], [ -98.36186019, 42.14098579 ], [ -98.33290873, 42.12099067 ], [ -98.32208588, 42.11335106 ], [ -98.28231157, 42.08741323 ], [ -98.27205995, 42.08121637 ], [ -98.24253727, 42.06323613 ], [ -98.20531616, 42.04144207 ], [ -98.20276296, 42.03993437 ], [ -98.16298866, 42.01996305 ], [ -98.12632708, 42.00166775 ], [ -98.12321435, 42.00012495 ], [ -98.08344005, 41.98444605 ], [ -98.04366574, 41.97076375 ], [ -98.01198538, 41.96189346 ], [ -98.00389144, 41.95959034 ], [ -97.96411713, 41.95118243 ], [ -97.92434283, 41.94517419 ], [ -97.88456852, 41.94148141 ], [ -97.84479422, 41.9397214 ], [ -97.80501989, 41.94004225 ], [ -97.76524558, 41.94196654 ], [ -97.72547128, 41.94543963 ], [ -97.68569697, 41.95017505 ], [ -97.64592267, 41.95621779 ], [ -97.61588745, 41.96189346 ], [ -97.60614836, 41.96370529 ], [ -97.56637406, 41.97172223 ], [ -97.52659975, 41.98082493 ], [ -97.48682545, 41.99100342 ], [ -97.45089079, 42.00166775 ], [ -97.44705114, 42.00276635 ], [ -97.40727684, 42.01359315 ], [ -97.36750253, 42.02597053 ], [ -97.32772823, 42.03904898 ], [ -97.32099768, 42.04144207 ], [ -97.28795392, 42.0530194 ], [ -97.24817962, 42.06753563 ], [ -97.21281533, 42.08121637 ], [ -97.20840531, 42.08289789 ], [ -97.168631, 42.09907974 ], [ -97.1288567, 42.11616065 ], [ -97.11821548, 42.12099067 ], [ -97.08908237, 42.13412099 ], [ -97.04930807, 42.15322108 ], [ -97.03472991, 42.16076499 ], [ -97.00953376, 42.17371289 ], [ -96.96975946, 42.19611639 ], [ -96.96247163, 42.20053929 ], [ -96.92998515, 42.22012018 ], [ -96.89722716, 42.24031361 ], [ -96.89021085, 42.24463875 ], [ -96.85043654, 42.26970227 ], [ -96.83413205, 42.28008791 ], [ -96.81066223, 42.29493599 ], [ -96.77209279, 42.3198622 ], [ -96.77088793, 42.32064086 ], [ -96.73111362, 42.3466158 ], [ -96.71138118, 42.35963652 ], [ -96.69133932, 42.37286139 ], [ -96.65303027, 42.39941082 ], [ -96.65156501, 42.40040021 ], [ -96.64162141, 42.39941082 ], [ -96.61179071, 42.36958162 ], [ -96.6018456, 42.35963652 ], [ -96.5720164, 42.3298088 ], [ -96.56206979, 42.3198622 ], [ -96.5620689, 42.28008791 ], [ -96.5322421, 42.25026258 ], [ -96.52229311, 42.24031361 ], [ -96.49246779, 42.21048972 ], [ -96.48251735, 42.20053929 ], [ -96.48251651, 42.16076499 ], [ -96.45269349, 42.13094335 ], [ -96.44274081, 42.12099067 ], [ -96.41291916, 42.09117036 ], [ -96.40296516, 42.08121637 ], [ -96.40296442, 42.04144207 ], [ -96.37314485, 42.01162371 ], [ -96.36318891, 42.00166775 ], [ -96.33337055, 41.97185051 ], [ -96.32341349, 41.96189346 ], [ -96.32341286, 41.92211913 ], [ -96.29359624, 41.89230352 ], [ -96.28363756, 41.88234484 ], [ -96.25382194, 41.85253016 ], [ -96.24386232, 41.84257054 ], [ -96.24386184, 41.80279622 ], [ -96.21404763, 41.77298283 ], [ -96.20408672, 41.76302192 ], [ -96.17427333, 41.73320925 ], [ -96.17427333, 41.73319166 ], [ -96.21404763, 41.74164611 ], [ -96.24070688, 41.7232476 ], [ -96.25382194, 41.71393401 ], [ -96.29359624, 41.68661413 ], [ -96.29824459, 41.6834733 ], [ -96.33337055, 41.65908041 ], [ -96.35644304, 41.64369901 ], [ -96.37314485, 41.63256428 ], [ -96.41291916, 41.60645936 ], [ -96.41677183, 41.60392468 ], [ -96.45269349, 41.57997659 ], [ -96.476917, 41.56415039 ], [ -96.49246779, 41.55385342 ], [ -96.5322421, 41.52842783 ], [ -96.53848174, 41.52437607 ], [ -96.5720164, 41.50260015 ], [ -96.60029944, 41.48460177 ], [ -96.61179071, 41.47719288 ], [ -96.65156501, 41.45129343 ], [ -96.66158086, 41.44482747 ], [ -96.69133932, 41.42536981 ], [ -96.72303451, 41.40505315 ], [ -96.73111362, 41.39980719 ], [ -96.77088793, 41.37315584 ], [ -96.78277759, 41.36527885 ], [ -96.81066223, 41.34657115 ], [ -96.84148257, 41.32550456 ], [ -96.85043654, 41.31930576 ], [ -96.89021085, 41.29105438 ], [ -96.89764616, 41.28573023 ], [ -96.92998515, 41.26198779 ], [ -96.95109371, 41.24595594 ], [ -96.96975946, 41.23159759 ], [ -97.0017351, 41.20618162 ], [ -97.00953376, 41.19981966 ], [ -97.04930807, 41.16823578 ], [ -97.05151935, 41.16640732 ], [ -97.08908237, 41.13335428 ], [ -97.09694115, 41.12663302 ], [ -97.1288567, 41.09897293 ], [ -97.14283467, 41.0868587 ], [ -97.168631, 41.06357019 ], [ -97.18661529, 41.0470844 ], [ -97.20840531, 41.02653979 ], [ -97.22880072, 41.00731008 ], [ -97.24817962, 40.98822052 ], [ -97.26886432, 40.96753579 ], [ -97.28795392, 40.94755117 ], [ -97.30657924, 40.92776149 ], [ -97.32772823, 40.90418579 ], [ -97.34184421, 40.88798717 ], [ -97.36750253, 40.85647661 ], [ -97.37404474, 40.84821287 ], [ -97.40283224, 40.80843855 ], [ -97.40727684, 40.80167894 ], [ -97.42785741, 40.76866425 ], [ -97.44705114, 40.732618 ], [ -97.44891521, 40.72888995 ], [ -97.46475929, 40.68911563 ], [ -97.47602978, 40.64934134 ], [ -97.48210495, 40.60956704 ], [ -97.48247517, 40.56979272 ], [ -97.47772911, 40.53001842 ], [ -97.46737275, 40.4902441 ], [ -97.4523084, 40.4504698 ], [ -97.44705114, 40.43938048 ], [ -97.43374772, 40.4106955 ], [ -97.41246902, 40.37092118 ], [ -97.40727684, 40.36261368 ], [ -97.38811448, 40.33114689 ], [ -97.36750253, 40.30081223 ], [ -97.36128765, 40.29137256 ], [ -97.3305504, 40.25159827 ], [ -97.32772823, 40.24862841 ], [ -97.29405634, 40.21182397 ], [ -97.28795392, 40.20646293 ], [ -97.24979612, 40.17204965 ], [ -97.24817962, 40.17055692 ], [ -97.20840531, 40.13378959 ], [ -97.20675977, 40.13227535 ], [ -97.16959895, 40.09250103 ], [ -97.168631, 40.09128934 ], [ -97.13563427, 40.05272673 ], [ -97.1288567, 40.04291279 ], [ -97.10573939, 40.01295244 ], [ -97.08908237, 39.9877332 ], [ -97.07652271, 39.97317811 ], [ -97.04930807, 39.94009416 ], [ -97.03774163, 39.93340382 ], [ -97.00953376, 39.92098386 ], [ -96.96975946, 39.92640643 ], [ -96.95468169, 39.93340382 ], [ -96.92998515, 39.94258295 ], [ -96.89021085, 39.96390513 ], [ -96.87578064, 39.97317811 ], [ -96.85043654, 39.98715853 ], [ -96.81066223, 40.00936002 ], [ -96.80475941, 40.01295244 ], [ -96.77088793, 40.03299241 ], [ -96.73753307, 40.05272673 ], [ -96.73111362, 40.05657842 ], [ -96.69133932, 40.08382952 ], [ -96.68087228, 40.09250103 ], [ -96.65156501, 40.11818263 ], [ -96.64187004, 40.13227535 ], [ -96.62751102, 40.17204965 ], [ -96.61179071, 40.19412295 ], [ -96.59258491, 40.21182397 ], [ -96.5720164, 40.22709661 ], [ -96.53409867, 40.25159827 ], [ -96.5322421, 40.25339479 ], [ -96.49246779, 40.28417493 ], [ -96.48017797, 40.29137256 ], [ -96.45269349, 40.31513862 ], [ -96.42923307, 40.33114689 ], [ -96.41291916, 40.34564814 ], [ -96.37820183, 40.37092118 ], [ -96.37314485, 40.37545337 ], [ -96.33337055, 40.40566787 ], [ -96.32540471, 40.4106955 ], [ -96.29359624, 40.43518778 ], [ -96.26914525, 40.4504698 ], [ -96.25382194, 40.46200861 ], [ -96.21404763, 40.48720213 ], [ -96.20870199, 40.4902441 ], [ -96.17427333, 40.51312233 ], [ -96.14517473, 40.53001842 ], [ -96.13449902, 40.53718873 ], [ -96.09472472, 40.5609974 ], [ -96.07889329, 40.56979272 ], [ -96.05495041, 40.58475707 ], [ -96.01517611, 40.60725603 ], [ -96.01084305, 40.60956704 ], [ -95.9754018, 40.63065612 ], [ -95.9411462, 40.64934134 ], [ -95.9356275, 40.65265262 ], [ -95.89585319, 40.67545441 ], [ -95.87029293, 40.68911563 ], [ -95.85607889, 40.69735165 ], [ -95.81630458, 40.71908939 ], [ -95.79753384, 40.72888995 ], [ -95.77653028, 40.74069205 ], [ -95.73675595, 40.76185053 ], [ -95.72337218, 40.76866425 ], [ -95.69698164, 40.78287475 ], [ -95.65720734, 40.80343317 ], [ -95.64719634, 40.80843855 ], [ -95.61743303, 40.82417867 ], [ -95.60748908, 40.84821287 ], [ -95.60747151, 40.84821287 ], [ -95.57765873, 40.8183991 ], [ -95.56769818, 40.80843855 ], [ -95.56769895, 40.76866425 ], [ -95.53788442, 40.73884842 ], [ -95.52792594, 40.72888995 ], [ -95.49811012, 40.69907257 ], [ -95.48815319, 40.68911563 ], [ -95.48815435, 40.64934134 ], [ -95.45833581, 40.6195207 ], [ -95.44838214, 40.60956704 ], [ -95.4185615, 40.57974394 ], [ -95.40861029, 40.56979272 ], [ -95.40861203, 40.53001842 ], [ -95.3787872, 40.50019137 ], [ -95.36883993, 40.4902441 ], [ -95.33901289, 40.46041561 ], [ -95.32906709, 40.4504698 ], [ -95.32906765, 40.4106955 ], [ -95.29923859, 40.38086654 ], [ -95.28929323, 40.37092118 ], [ -95.25946428, 40.34109337 ], [ -95.24951778, 40.33114689 ], [ -95.24951676, 40.29137256 ], [ -95.21968998, 40.26154836 ], [ -95.20973988, 40.25159827 ], [ -95.17991567, 40.22177729 ], [ -95.16996235, 40.21182397 ], [ -95.16996019, 40.17204965 ], [ -95.14014137, 40.14223475 ], [ -95.13018196, 40.13227535 ], [ -95.10036706, 40.10246459 ], [ -95.10036706, 40.10244701 ], [ -95.14014137, 40.10413159 ], [ -95.15712368, 40.09250103 ], [ -95.17991567, 40.07715824 ], [ -95.2148177, 40.05272673 ], [ -95.21968998, 40.04939734 ], [ -95.25946428, 40.02127568 ], [ -95.27067905, 40.01295244 ], [ -95.29923859, 39.99263752 ], [ -95.32532505, 39.97317811 ], [ -95.33901289, 39.96346123 ], [ -95.3787872, 39.93391575 ], [ -95.37945126, 39.93340382 ], [ -95.4185615, 39.90546798 ], [ -95.43463033, 39.8936295 ], [ -95.45833581, 39.8779561 ], [ -95.49438804, 39.8538552 ], [ -95.49811012, 39.85170558 ], [ -95.53788442, 39.82883611 ], [ -95.56413357, 39.8140809 ], [ -95.57765873, 39.80804259 ], [ -95.61743303, 39.79078127 ], [ -95.65654367, 39.77430658 ], [ -95.65720734, 39.77405873 ], [ -95.69698164, 39.75953915 ], [ -95.73675595, 39.74681013 ], [ -95.77653028, 39.73619906 ], [ -95.7840367, 39.73453228 ], [ -95.81630458, 39.72719273 ], [ -95.85607889, 39.72077556 ], [ -95.89585319, 39.7172479 ], [ -95.9356275, 39.71674121 ], [ -95.9754018, 39.71948523 ], [ -96.01517611, 39.7258574 ], [ -96.04344482, 39.73453228 ], [ -96.05495041, 39.7367653 ], [ -96.09472472, 39.74642605 ], [ -96.13449902, 39.75500893 ], [ -96.17427333, 39.76591018 ], [ -96.21404763, 39.77410569 ], [ -96.25264057, 39.73453228 ], [ -96.25382194, 39.73229723 ], [ -96.26704677, 39.69475799 ], [ -96.27703763, 39.65498367 ], [ -96.27026152, 39.61520937 ], [ -96.25382194, 39.58543462 ], [ -96.24435081, 39.57543505 ], [ -96.21404763, 39.54469457 ], [ -96.20408992, 39.53566075 ], [ -96.17427333, 39.50397167 ], [ -96.16735744, 39.49588645 ], [ -96.14307514, 39.45611213 ], [ -96.13449902, 39.4242815 ], [ -96.13273877, 39.41633783 ], [ -96.13269669, 39.37656351 ], [ -96.13449902, 39.3653673 ], [ -96.13874238, 39.33678922 ], [ -96.14843587, 39.29701492 ], [ -96.16008337, 39.2572406 ], [ -96.17249214, 39.2174663 ], [ -96.17427333, 39.21181317 ], [ -96.18524612, 39.17769198 ], [ -96.19712704, 39.13791768 ], [ -96.20884238, 39.09814338 ], [ -96.21404763, 39.07984531 ], [ -96.22065998, 39.05836906 ], [ -96.231764, 39.01859477 ], [ -96.24093455, 38.97882044 ], [ -96.24784773, 38.93904615 ], [ -96.25240099, 38.89927185 ], [ -96.25382194, 38.87227365 ], [ -96.25456767, 38.85949753 ], [ -96.25415263, 38.81972323 ], [ -96.25382194, 38.81564465 ], [ -96.25128541, 38.77994893 ], [ -96.24613704, 38.74017461 ], [ -96.23876766, 38.70040032 ], [ -96.22932527, 38.66062599 ], [ -96.21849479, 38.6208517 ], [ -96.21404763, 38.60606034 ], [ -96.20724312, 38.5810774 ], [ -96.19550526, 38.54130308 ], [ -96.1832396, 38.50152878 ], [ -96.17427333, 38.47162034 ], [ -96.17150576, 38.46175446 ], [ -96.16138828, 38.42198016 ], [ -96.15209034, 38.38220587 ], [ -96.14388799, 38.34243155 ], [ -96.13727924, 38.30265725 ], [ -96.13449902, 38.27667456 ], [ -96.13305064, 38.26288293 ], [ -96.13188577, 38.22310863 ], [ -96.13449902, 38.18598289 ], [ -96.13470985, 38.18333433 ], [ -96.14319097, 38.14356001 ], [ -96.15987742, 38.10378571 ], [ -96.17427333, 38.083086 ], [ -96.1903519, 38.06401142 ], [ -96.21404763, 38.04240811 ], [ -96.23708441, 38.0242371 ], [ -96.25382194, 38.01297081 ], [ -96.29359624, 37.98887603 ], [ -96.30159675, 37.9844628 ], [ -96.33337055, 37.96833147 ], [ -96.37314485, 37.94883433 ], [ -96.38141342, 37.94468848 ], [ -96.41291916, 37.92808699 ], [ -96.45011964, 37.90491418 ], [ -96.45269349, 37.90301955 ], [ -96.49246779, 37.86534472 ], [ -96.49263102, 37.86513988 ], [ -96.51329437, 37.82536556 ], [ -96.52388824, 37.78559126 ], [ -96.52898574, 37.74581694 ], [ -96.53033064, 37.70604265 ], [ -96.52949454, 37.66626835 ], [ -96.52246126, 37.62649403 ], [ -96.51164375, 37.58671973 ], [ -96.51010444, 37.54694541 ], [ -96.51726246, 37.50717111 ], [ -96.5322421, 37.47310275 ], [ -96.53474298, 37.46739681 ], [ -96.56342339, 37.42762249 ], [ -96.5720164, 37.41817342 ], [ -96.60062106, 37.3878482 ], [ -96.61179071, 37.37731361 ], [ -96.64471984, 37.34807387 ], [ -96.65156501, 37.34216686 ], [ -96.69133932, 37.31055929 ], [ -96.69448722, 37.30829958 ], [ -96.73111362, 37.28095395 ], [ -96.74950716, 37.26852528 ], [ -96.77088793, 37.25236438 ], [ -96.80636921, 37.22875096 ], [ -96.81066223, 37.2252579 ], [ -96.85043654, 37.19847528 ], [ -96.86744268, 37.18897666 ], [ -96.89021085, 37.17130858 ], [ -96.92496909, 37.14920236 ], [ -96.92998515, 37.14343688 ], [ -96.96975946, 37.11008565 ], [ -96.97017384, 37.10942804 ], [ -96.97938139, 37.06965375 ], [ -96.9796393, 37.02987943 ], [ -96.96975946, 37.00374561 ], [ -96.96578526, 36.99010513 ], [ -96.93900592, 36.95033083 ], [ -96.92998515, 36.94070374 ], [ -96.90818505, 36.91055651 ], [ -96.89021085, 36.87578594 ], [ -96.88821732, 36.87078221 ], [ -96.87658179, 36.83100789 ], [ -96.86934785, 36.79123359 ], [ -96.86569686, 36.7514593 ], [ -96.8649817, 36.71168498 ], [ -96.86670717, 36.67191068 ], [ -96.87026922, 36.63213636 ], [ -96.87446856, 36.59236206 ], [ -96.87874515, 36.55258776 ], [ -96.88342144, 36.51281344 ], [ -96.88907396, 36.47303914 ], [ -96.89021085, 36.46630753 ], [ -96.89634178, 36.43326482 ], [ -96.90482045, 36.39349053 ], [ -96.91420048, 36.35371623 ], [ -96.92434486, 36.31394191 ], [ -96.92998515, 36.29300817 ], [ -96.93550852, 36.27416761 ], [ -96.94768153, 36.23439331 ], [ -96.96046785, 36.19461899 ], [ -96.96975946, 36.1667099 ], [ -96.97402401, 36.15484469 ], [ -96.98858, 36.11507037 ], [ -97.00370708, 36.07529608 ], [ -97.00953376, 36.06028603 ], [ -97.01984289, 36.03552178 ], [ -97.03680315, 35.99574746 ], [ -97.04930807, 35.96723445 ], [ -97.05460088, 35.95597316 ], [ -97.07358495, 35.91619884 ], [ -97.08908237, 35.88460783 ], [ -97.0933767, 35.87642454 ], [ -97.11448405, 35.83665024 ], [ -97.1288567, 35.81034173 ], [ -97.13670266, 35.79687592 ], [ -97.16024886, 35.75710163 ], [ -97.168631, 35.74313133 ], [ -97.18514557, 35.71732731 ], [ -97.20840531, 35.68184633 ], [ -97.21141366, 35.67755301 ], [ -97.23946678, 35.63777871 ], [ -97.24817962, 35.62555069 ], [ -97.26914656, 35.59800439 ], [ -97.28795392, 35.5735484 ], [ -97.30021698, 35.55823009 ], [ -97.32772823, 35.52277532 ], [ -97.33114532, 35.5184558 ], [ -97.36154686, 35.47868147 ], [ -97.36750253, 35.4705808 ], [ -97.39098776, 35.43890718 ], [ -97.40727684, 35.41624407 ], [ -97.41943736, 35.39913286 ], [ -97.44669448, 35.35935856 ], [ -97.44705114, 35.35881507 ], [ -97.47141211, 35.31958426 ], [ -97.48682545, 35.29340281 ], [ -97.49417568, 35.27980994 ], [ -97.51430118, 35.24003564 ], [ -97.52659975, 35.21390128 ], [ -97.53273299, 35.20026132 ], [ -97.54862281, 35.16048702 ], [ -97.56184672, 35.12071273 ], [ -97.56637406, 35.1035234 ], [ -97.57096568, 35.08093841 ], [ -97.5767932, 35.04116411 ], [ -97.5797879, 35.00138979 ], [ -97.57903284, 34.96161549 ], [ -97.57336763, 34.92184119 ], [ -97.56637406, 34.88875274 ], [ -97.56474739, 34.88206687 ], [ -97.56637406, 34.86863609 ], [ -97.56982748, 34.84229257 ], [ -97.59894775, 34.80251825 ], [ -97.60614836, 34.78588399 ], [ -97.61753819, 34.76274396 ], [ -97.61680244, 34.72296966 ], [ -97.61560749, 34.68319534 ], [ -97.6184091, 34.64342104 ], [ -97.6278165, 34.60364674 ], [ -97.64592267, 34.56721514 ], [ -97.64769782, 34.56387242 ], [ -97.68486716, 34.52409812 ], [ -97.68569697, 34.52353088 ], [ -97.72547128, 34.49965779 ], [ -97.75849074, 34.4843238 ], [ -97.76524558, 34.48208885 ], [ -97.80501989, 34.47031252 ], [ -97.84479422, 34.46069974 ], [ -97.88456852, 34.45246556 ], [ -97.92434283, 34.44505443 ], [ -97.92690519, 34.44454951 ], [ -97.96411713, 34.43860488 ], [ -98.00389144, 34.43210084 ], [ -98.04366574, 34.42525726 ], [ -98.08344005, 34.41788268 ], [ -98.12321435, 34.40967437 ], [ -98.14329455, 34.40477521 ], [ -98.16298866, 34.40066703 ], [ -98.20276296, 34.39096312 ], [ -98.24253727, 34.38015711 ], [ -98.28231157, 34.3679029 ], [ -98.28979347, 34.36500089 ], [ -98.32208588, 34.35489459 ], [ -98.36186019, 34.34208137 ], [ -98.40163449, 34.33138103 ], [ -98.43169201, 34.32522659 ], [ -98.4414088, 34.32349613 ], [ -98.44908747, 34.32522659 ], [ -98.4811831, 34.33547033 ], [ -98.52095743, 34.355202 ], [ -98.54474676, 34.36500089 ], [ -98.56073173, 34.37397064 ], [ -98.60050604, 34.38831937 ], [ -98.64028035, 34.39598719 ], [ -98.68005465, 34.396172 ], [ -98.71982896, 34.38974595 ], [ -98.75960326, 34.37703213 ], [ -98.78525197, 34.36500089 ], [ -98.79937757, 34.3590343 ], [ -98.83915187, 34.33780103 ], [ -98.85752169, 34.32522659 ], [ -98.87892618, 34.30723654 ], [ -98.90027708, 34.28545227 ], [ -98.91870048, 34.25775505 ], [ -98.92602948, 34.24567797 ], [ -98.95065992, 34.20590368 ], [ -98.95847479, 34.19385076 ], [ -98.97591031, 34.16612935 ], [ -98.99824909, 34.13190335 ], [ -99.00178977, 34.12635506 ], [ -99.0278547, 34.08658074 ], [ -99.0380234, 34.07155306 ], [ -99.05455166, 34.04680644 ], [ -99.0777977, 34.01275633 ], [ -99.08171559, 34.00703214 ], [ -99.1088892, 33.96725782 ], [ -99.11757201, 33.95439658 ], [ -99.13666811, 33.92748352 ], [ -99.15734631, 33.89782612 ], [ -99.16493812, 33.8877092 ], [ -99.19297759, 33.8479349 ], [ -99.19712064, 33.84159718 ], [ -99.22056994, 33.80816061 ], [ -99.23689495, 33.78280124 ], [ -99.24694025, 33.76838629 ], [ -99.27125023, 33.72861199 ], [ -99.27666925, 33.71849627 ], [ -99.29383706, 33.68883769 ], [ -99.31345709, 33.64906337 ], [ -99.31644356, 33.64191117 ], [ -99.33096298, 33.60928907 ], [ -99.3455976, 33.56951475 ], [ -99.35621786, 33.53417898 ], [ -99.35764418, 33.52974045 ], [ -99.3662789, 33.48996616 ], [ -99.37213424, 33.45019184 ], [ -99.37553465, 33.41041754 ], [ -99.37589394, 33.37064322 ], [ -99.37260532, 33.33086892 ], [ -99.3650881, 33.29109462 ], [ -99.35621786, 33.2617496 ], [ -99.35261668, 33.2513203 ], [ -99.33460348, 33.211546 ], [ -99.31644356, 33.18046949 ], [ -99.31083803, 33.17177168 ], [ -99.28158155, 33.13199739 ], [ -99.27666925, 33.1256366 ], [ -99.25099181, 33.09222309 ], [ -99.23689495, 33.07351943 ], [ -99.22101413, 33.05244877 ], [ -99.19712064, 33.0203977 ], [ -99.19132502, 33.01267447 ], [ -99.16165589, 32.97290015 ], [ -99.15734631, 32.96711419 ], [ -99.13172165, 32.93312585 ], [ -99.11757201, 32.91453016 ], [ -99.1012577, 32.89335156 ], [ -99.0777977, 32.8633099 ], [ -99.07007449, 32.85357723 ], [ -99.0380234, 32.81406976 ], [ -99.03780494, 32.81380294 ], [ -99.00528295, 32.77402864 ], [ -98.99824909, 32.76565499 ], [ -98.97146436, 32.73425432 ], [ -98.95847479, 32.71929753 ], [ -98.93653964, 32.69448002 ], [ -98.91870048, 32.67465003 ], [ -98.9004714, 32.6547057 ], [ -98.87892618, 32.63148892 ], [ -98.86331095, 32.6149314 ], [ -98.83915187, 32.58958749 ], [ -98.82516866, 32.57515711 ], [ -98.79937757, 32.5487662 ], [ -98.78605052, 32.53538278 ], [ -98.75960326, 32.50904645 ], [ -98.74590688, 32.49560849 ], [ -98.71982896, 32.47028793 ], [ -98.70471677, 32.45583417 ], [ -98.68005465, 32.4323925 ], [ -98.66256826, 32.41605987 ], [ -98.64028035, 32.39541277 ], [ -98.61930909, 32.37628557 ], [ -98.60050604, 32.35920584 ], [ -98.57494863, 32.33651125 ], [ -98.56073173, 32.3239125 ], [ -98.52941927, 32.29673695 ], [ -98.52095743, 32.28942276 ], [ -98.48250349, 32.25696263 ], [ -98.4811831, 32.25584807 ], [ -98.4414088, 32.22314703 ], [ -98.43401646, 32.21718833 ], [ -98.40163449, 32.19113914 ], [ -98.38422364, 32.17741404 ], [ -98.36186019, 32.15985558 ], [ -98.33304907, 32.13763972 ], [ -98.32208588, 32.1292368 ], [ -98.28231157, 32.12769319 ], [ -98.28231157, 32.12767563 ], [ -98.31212715, 32.09786542 ], [ -98.31213024, 32.05809112 ], [ -98.32208588, 32.04813545 ], [ -98.35190967, 32.0183168 ], [ -98.36186019, 32.00836628 ], [ -98.39168871, 31.9785425 ], [ -98.40163449, 31.96859669 ], [ -98.4414088, 31.97354545 ], [ -98.44797781, 31.9785425 ], [ -98.4811831, 32.00386577 ], [ -98.49964313, 32.0183168 ], [ -98.52095743, 32.03500224 ], [ -98.54980032, 32.05809112 ], [ -98.56073173, 32.0668639 ], [ -98.59852663, 32.09786542 ], [ -98.60050604, 32.09949729 ], [ -98.64028035, 32.13253445 ], [ -98.64636429, 32.13763972 ], [ -98.68005465, 32.16621723 ], [ -98.69312942, 32.17741404 ], [ -98.71982896, 32.20059273 ], [ -98.73870638, 32.21718833 ], [ -98.75960326, 32.23576331 ], [ -98.78323097, 32.25696263 ], [ -98.79937757, 32.27165375 ], [ -98.82652567, 32.29673695 ], [ -98.83915187, 32.30856948 ], [ -98.86869753, 32.33651125 ], [ -98.87892618, 32.34638208 ], [ -98.90954374, 32.37628557 ], [ -98.91870048, 32.38541506 ], [ -98.94907405, 32.41605987 ], [ -98.95847479, 32.42577589 ], [ -98.98721865, 32.45583417 ], [ -98.99824909, 32.46765738 ], [ -99.02409971, 32.49560849 ], [ -99.0380234, 32.51109922 ], [ -99.05960109, 32.53538278 ], [ -99.0777977, 32.55647158 ], [ -99.0937837, 32.57515711 ], [ -99.11757201, 32.6038168 ], [ -99.12671968, 32.6149314 ], [ -99.15734631, 32.65305387 ], [ -99.15865863, 32.6547057 ], [ -99.19011923, 32.69448002 ], [ -99.19712064, 32.70363389 ], [ -99.22048045, 32.73425432 ], [ -99.23689495, 32.75667969 ], [ -99.24962649, 32.77402864 ], [ -99.27666925, 32.81264687 ], [ -99.27748723, 32.81380294 ], [ -99.30520586, 32.85357723 ], [ -99.31644356, 32.87025131 ], [ -99.33224294, 32.89335156 ], [ -99.35621786, 32.92958236 ], [ -99.35863429, 32.93312585 ], [ -99.38620293, 32.97290015 ], [ -99.39599217, 32.98689909 ], [ -99.41506339, 33.01267447 ], [ -99.43576647, 33.04248681 ], [ -99.44225828, 33.05244877 ], [ -99.46333648, 33.09222309 ], [ -99.47554078, 33.12517445 ], [ -99.4778151, 33.13199739 ], [ -99.48666977, 33.17177168 ], [ -99.49052541, 33.211546 ], [ -99.49034701, 33.2513203 ], [ -99.48691809, 33.29109462 ], [ -99.48078692, 33.33086892 ], [ -99.47554078, 33.35402053 ], [ -99.47232529, 33.37064322 ], [ -99.46202711, 33.41041754 ], [ -99.45012039, 33.45019184 ], [ -99.43576647, 33.48800949 ], [ -99.43514656, 33.48996616 ], [ -99.42070212, 33.52974045 ], [ -99.40294329, 33.56951475 ], [ -99.39599217, 33.58234822 ], [ -99.38394696, 33.60928907 ], [ -99.36230914, 33.64906337 ], [ -99.35621786, 33.65837115 ], [ -99.3391673, 33.68883769 ], [ -99.31644356, 33.72317482 ], [ -99.3132598, 33.72861199 ], [ -99.28601607, 33.76838629 ], [ -99.27666925, 33.78029274 ], [ -99.25691562, 33.80816061 ], [ -99.23689495, 33.83349172 ], [ -99.22652622, 33.8479349 ], [ -99.19712064, 33.88593996 ], [ -99.19586089, 33.8877092 ], [ -99.16563952, 33.92748352 ], [ -99.15734631, 33.93811125 ], [ -99.13627582, 33.96725782 ], [ -99.11757201, 33.99348717 ], [ -99.10822904, 34.00703214 ], [ -99.08106877, 34.04680644 ], [ -99.0777977, 34.05165117 ], [ -99.05455474, 34.08658074 ], [ -99.0380234, 34.11195718 ], [ -99.02858903, 34.12635506 ], [ -99.00334547, 34.16612935 ], [ -98.99824909, 34.17446796 ], [ -98.97872587, 34.20590368 ], [ -98.95847479, 34.24043021 ], [ -98.95526067, 34.24567797 ], [ -98.93304925, 34.28545227 ], [ -98.91870048, 34.30333938 ], [ -98.89737068, 34.32522659 ], [ -98.87892618, 34.34024068 ], [ -98.83915187, 34.36442558 ], [ -98.83802411, 34.36500089 ], [ -98.79937757, 34.38686368 ], [ -98.75960326, 34.40256293 ], [ -98.75171413, 34.40477521 ], [ -98.71982896, 34.42388197 ], [ -98.68005465, 34.43341136 ], [ -98.64028035, 34.43142316 ], [ -98.60050604, 34.4156355 ], [ -98.58886647, 34.40477521 ], [ -98.56073173, 34.39548162 ], [ -98.52095743, 34.37634737 ], [ -98.50459662, 34.36500089 ], [ -98.4811831, 34.35460882 ], [ -98.4414088, 34.34224183 ], [ -98.40163449, 34.34691806 ], [ -98.36186019, 34.36006979 ], [ -98.34815357, 34.36500089 ], [ -98.32208588, 34.37814102 ], [ -98.28231157, 34.39407052 ], [ -98.25238228, 34.40477521 ], [ -98.24253727, 34.40949683 ], [ -98.20276296, 34.42464848 ], [ -98.16298866, 34.43787311 ], [ -98.14064846, 34.44454951 ], [ -98.12321435, 34.45125495 ], [ -98.08344005, 34.46458441 ], [ -98.04366574, 34.47727909 ], [ -98.02085994, 34.4843238 ], [ -98.00389144, 34.49126741 ], [ -97.96411713, 34.50716088 ], [ -97.92471323, 34.52409812 ], [ -97.92434283, 34.52432373 ], [ -97.88456852, 34.54869687 ], [ -97.86205774, 34.56387242 ], [ -97.84479422, 34.58184812 ], [ -97.82495945, 34.60364674 ], [ -97.80501989, 34.64148078 ], [ -97.80402425, 34.64342104 ], [ -97.79217565, 34.68319534 ], [ -97.78328652, 34.72296966 ], [ -97.76524558, 34.75811615 ], [ -97.76321056, 34.76274396 ], [ -97.72948088, 34.80251825 ], [ -97.72547128, 34.80676658 ], [ -97.69282482, 34.84229257 ], [ -97.68569697, 34.85438047 ], [ -97.6709545, 34.88206687 ], [ -97.66797406, 34.92184119 ], [ -97.67946443, 34.96161549 ], [ -97.68569697, 34.97719127 ], [ -97.69546407, 35.00138979 ], [ -97.7087548, 35.04116411 ], [ -97.7203885, 35.08093841 ], [ -97.72547128, 35.10401966 ], [ -97.72933648, 35.12071273 ], [ -97.7362391, 35.16048702 ], [ -97.74166316, 35.20026132 ], [ -97.74538586, 35.24003564 ], [ -97.74730772, 35.27980994 ], [ -97.74719776, 35.31958426 ], [ -97.7449103, 35.35935856 ], [ -97.74013593, 35.39913286 ], [ -97.73210672, 35.43890718 ], [ -97.72547128, 35.46150109 ], [ -97.71990878, 35.47868147 ], [ -97.70108123, 35.5184558 ], [ -97.68569697, 35.53929551 ], [ -97.66813272, 35.55823009 ], [ -97.64592267, 35.57536662 ], [ -97.61473662, 35.59800439 ], [ -97.60614836, 35.60303774 ], [ -97.56637406, 35.63173023 ], [ -97.55945076, 35.63777871 ], [ -97.52659975, 35.66367434 ], [ -97.51205801, 35.67755301 ], [ -97.48682545, 35.69968813 ], [ -97.47008824, 35.71732731 ], [ -97.44705114, 35.73997837 ], [ -97.43100366, 35.75710163 ], [ -97.40727684, 35.78200172 ], [ -97.39335861, 35.79687592 ], [ -97.36750253, 35.82435675 ], [ -97.35671257, 35.83665024 ], [ -97.32772823, 35.87022393 ], [ -97.32275666, 35.87642454 ], [ -97.29133753, 35.91619884 ], [ -97.28795392, 35.92054241 ], [ -97.2621597, 35.95597316 ], [ -97.24817962, 35.97550534 ], [ -97.23458129, 35.99574746 ], [ -97.20840531, 36.03506327 ], [ -97.20812073, 36.03552178 ], [ -97.1839688, 36.07529608 ], [ -97.168631, 36.10078391 ], [ -97.16058895, 36.11507037 ], [ -97.13858133, 36.15484469 ], [ -97.1288567, 36.17269271 ], [ -97.11772697, 36.19461899 ], [ -97.09797352, 36.23439331 ], [ -97.08908237, 36.2526133 ], [ -97.07937993, 36.27416761 ], [ -97.06199647, 36.31394191 ], [ -97.04930807, 36.34401511 ], [ -97.04555909, 36.35371623 ], [ -97.03091437, 36.39349053 ], [ -97.01740481, 36.43326482 ], [ -97.00953376, 36.4585139 ], [ -97.00543195, 36.47303914 ], [ -96.9957354, 36.51281344 ], [ -96.98813166, 36.55258776 ], [ -96.98273949, 36.59236206 ], [ -96.97969723, 36.63213636 ], [ -96.97957485, 36.67191068 ], [ -96.98302823, 36.71168498 ], [ -96.99098348, 36.7514593 ], [ -97.00475626, 36.79123359 ], [ -97.00953376, 36.80027174 ], [ -97.03059887, 36.83100789 ], [ -97.04930807, 36.84802468 ], [ -97.08026233, 36.87078221 ], [ -97.08908237, 36.87827756 ], [ -97.10908088, 36.91055651 ], [ -97.10631459, 36.95033083 ], [ -97.09589995, 36.99010513 ], [ -97.08908237, 37.005287 ], [ -97.07603413, 37.02987943 ], [ -97.05690842, 37.06965375 ], [ -97.06114389, 37.10942804 ], [ -97.06461132, 37.14920236 ], [ -97.06255351, 37.18897666 ], [ -97.05098716, 37.22875096 ], [ -97.04930807, 37.23173068 ], [ -97.00982036, 37.26852528 ], [ -97.00953376, 37.26872043 ], [ -96.96975946, 37.28488466 ], [ -96.92998515, 37.29283829 ], [ -96.89021085, 37.29766051 ], [ -96.85043654, 37.30392429 ], [ -96.8368245, 37.30829958 ], [ -96.81066223, 37.31637607 ], [ -96.77088793, 37.33382172 ], [ -96.74506084, 37.34807387 ], [ -96.73111362, 37.35608799 ], [ -96.69133932, 37.38343767 ], [ -96.6857379, 37.3878482 ], [ -96.65156501, 37.41893187 ], [ -96.6428952, 37.42762249 ], [ -96.61349856, 37.46739681 ], [ -96.61179071, 37.47199649 ], [ -96.59998979, 37.50717111 ], [ -96.59719795, 37.54694541 ], [ -96.60539587, 37.58671973 ], [ -96.61179071, 37.6096522 ], [ -96.61682656, 37.62649403 ], [ -96.62387996, 37.66626835 ], [ -96.63116589, 37.70604265 ], [ -96.63717273, 37.74581694 ], [ -96.64037694, 37.78559126 ], [ -96.63903961, 37.82536556 ], [ -96.63075396, 37.86513988 ], [ -96.61179071, 37.90435629 ], [ -96.61154807, 37.90491418 ], [ -96.58470158, 37.94468848 ], [ -96.5720164, 37.95719626 ], [ -96.53773848, 37.9844628 ], [ -96.5322421, 37.9879605 ], [ -96.49246779, 38.00978544 ], [ -96.46063505, 38.0242371 ], [ -96.45269349, 38.02779016 ], [ -96.41291916, 38.04543242 ], [ -96.37314485, 38.06383036 ], [ -96.37281351, 38.06401142 ], [ -96.33337055, 38.08930193 ], [ -96.31422423, 38.10378571 ], [ -96.29359624, 38.12266771 ], [ -96.27447246, 38.14356001 ], [ -96.25382194, 38.17866592 ], [ -96.25161172, 38.18333433 ], [ -96.24057292, 38.22310863 ], [ -96.23580512, 38.26288293 ], [ -96.23548396, 38.30265725 ], [ -96.23840382, 38.34243155 ], [ -96.24367689, 38.38220587 ], [ -96.25083208, 38.42198016 ], [ -96.25382194, 38.43530807 ], [ -96.26044626, 38.46175446 ], [ -96.27173411, 38.50152878 ], [ -96.28364837, 38.54130308 ], [ -96.29359624, 38.57336037 ], [ -96.29629797, 38.5810774 ], [ -96.31053531, 38.6208517 ], [ -96.32407532, 38.66062599 ], [ -96.33337055, 38.69130317 ], [ -96.33655406, 38.70040032 ], [ -96.34815589, 38.74017461 ], [ -96.35709784, 38.77994893 ], [ -96.36312875, 38.81972323 ], [ -96.36597804, 38.85949753 ], [ -96.36544538, 38.89927185 ], [ -96.36158391, 38.93904615 ], [ -96.35447628, 38.97882044 ], [ -96.34449106, 39.01859477 ], [ -96.33337055, 39.05445271 ], [ -96.33230088, 39.05836906 ], [ -96.32051974, 39.09814338 ], [ -96.30824407, 39.13791768 ], [ -96.29654562, 39.17769198 ], [ -96.29359624, 39.19092249 ], [ -96.28818351, 39.2174663 ], [ -96.28187753, 39.2572406 ], [ -96.27829204, 39.29701492 ], [ -96.27923111, 39.33678922 ], [ -96.28737064, 39.37656351 ], [ -96.29359624, 39.39017952 ], [ -96.30603348, 39.41633783 ], [ -96.32793737, 39.45611213 ], [ -96.33337055, 39.46644102 ], [ -96.34313345, 39.49588645 ], [ -96.34982744, 39.53566075 ], [ -96.3489595, 39.57543505 ], [ -96.34216186, 39.61520937 ], [ -96.33337055, 39.64116265 ], [ -96.32808783, 39.65498367 ], [ -96.31257293, 39.69475799 ], [ -96.2973912, 39.73453228 ], [ -96.29359624, 39.74015003 ], [ -96.26959219, 39.77430658 ], [ -96.25382194, 39.78785168 ], [ -96.21404763, 39.79827544 ], [ -96.17427333, 39.79202887 ], [ -96.13449902, 39.78705832 ], [ -96.09472472, 39.78270071 ], [ -96.05495041, 39.77895817 ], [ -96.01517611, 39.77686205 ], [ -95.9754018, 39.777402 ], [ -95.9356275, 39.78155123 ], [ -95.89585319, 39.79029501 ], [ -95.85607889, 39.80334303 ], [ -95.82916741, 39.8140809 ], [ -95.81630458, 39.82115035 ], [ -95.77653028, 39.84377639 ], [ -95.7592201, 39.8538552 ], [ -95.73675595, 39.87243053 ], [ -95.71020156, 39.8936295 ], [ -95.69698164, 39.90758389 ], [ -95.67075363, 39.93340382 ], [ -95.65720734, 39.94993554 ], [ -95.63642648, 39.97317811 ], [ -95.61743303, 39.99837846 ], [ -95.60531447, 40.01295244 ], [ -95.57765873, 40.05121309 ], [ -95.57643864, 40.05272673 ], [ -95.54948549, 40.09250103 ], [ -95.53788442, 40.11212848 ], [ -95.52424174, 40.13227535 ], [ -95.50114606, 40.17204965 ], [ -95.49811012, 40.17930798 ], [ -95.48185212, 40.21182397 ], [ -95.46839849, 40.25159827 ], [ -95.4701523, 40.29137256 ], [ -95.49811012, 40.31247772 ], [ -95.53788442, 40.32090647 ], [ -95.57765873, 40.32162556 ], [ -95.61743303, 40.31925055 ], [ -95.65720734, 40.31522664 ], [ -95.69698164, 40.31027104 ], [ -95.73675595, 40.30464361 ], [ -95.77653028, 40.29871109 ], [ -95.81630458, 40.29234705 ], [ -95.82183473, 40.29137256 ], [ -95.85607889, 40.28568888 ], [ -95.89585319, 40.27903823 ], [ -95.9356275, 40.27238042 ], [ -95.9754018, 40.26573065 ], [ -96.01517611, 40.25905584 ], [ -96.05495041, 40.25238796 ], [ -96.05945025, 40.25159827 ], [ -96.09472472, 40.24603114 ], [ -96.13449902, 40.23981582 ], [ -96.17427333, 40.23361807 ], [ -96.21404763, 40.2274138 ], [ -96.25382194, 40.22094995 ], [ -96.29359624, 40.21396304 ], [ -96.30351475, 40.21182397 ], [ -96.33337055, 40.20622603 ], [ -96.37314485, 40.19572061 ], [ -96.41291916, 40.18253679 ], [ -96.43871517, 40.17204965 ], [ -96.45269349, 40.16647116 ], [ -96.49246779, 40.14296303 ], [ -96.50535866, 40.13227535 ], [ -96.5322421, 40.10295143 ], [ -96.53841066, 40.09250103 ], [ -96.55202066, 40.05272673 ], [ -96.5720164, 40.02345484 ], [ -96.58427408, 40.01295244 ], [ -96.61179071, 39.99217868 ], [ -96.63350883, 39.97317811 ], [ -96.65156501, 39.95654902 ], [ -96.67571767, 39.93340382 ], [ -96.69133932, 39.91614087 ], [ -96.71292186, 39.8936295 ], [ -96.73111362, 39.87013416 ], [ -96.74454956, 39.8538552 ], [ -96.77039006, 39.8140809 ], [ -96.77088793, 39.81312159 ], [ -96.79260705, 39.77430658 ], [ -96.80842769, 39.73453228 ], [ -96.81066223, 39.72725118 ], [ -96.82207766, 39.69475799 ], [ -96.83200585, 39.65498367 ], [ -96.83851466, 39.61520937 ], [ -96.84233814, 39.57543505 ], [ -96.84427826, 39.53566075 ], [ -96.84514064, 39.49588645 ], [ -96.84583758, 39.45611213 ], [ -96.8464342, 39.41633783 ], [ -96.84606073, 39.37656351 ], [ -96.84261852, 39.33678922 ], [ -96.83546602, 39.29701492 ], [ -96.82383151, 39.2572406 ], [ -96.81066223, 39.2257244 ], [ -96.80699314, 39.2174663 ], [ -96.78624125, 39.17769198 ], [ -96.77088793, 39.15082369 ], [ -96.7630305, 39.13791768 ], [ -96.73206846, 39.09814338 ], [ -96.73111362, 39.09731934 ], [ -96.69133932, 39.07184669 ], [ -96.67527509, 39.05836906 ], [ -96.66313252, 39.01859477 ], [ -96.66155199, 38.97882044 ], [ -96.66276804, 38.93904615 ], [ -96.66745166, 38.89927185 ], [ -96.67739892, 38.85949753 ], [ -96.69133932, 38.82105481 ], [ -96.69211262, 38.81972323 ], [ -96.71698884, 38.77994893 ], [ -96.73111362, 38.75803973 ], [ -96.74748692, 38.74017461 ], [ -96.77088793, 38.71394206 ], [ -96.78494309, 38.70040032 ], [ -96.81066223, 38.67449696 ], [ -96.82332439, 38.66062599 ], [ -96.85043654, 38.62717313 ], [ -96.85512097, 38.6208517 ], [ -96.88105178, 38.5810774 ], [ -96.89021085, 38.56537611 ], [ -96.90374932, 38.54130308 ], [ -96.92409115, 38.50152878 ], [ -96.92998515, 38.48938409 ], [ -96.9431302, 38.46175446 ], [ -96.95951468, 38.42198016 ], [ -96.96975946, 38.38717713 ], [ -96.97129415, 38.38220587 ], [ -96.97681592, 38.34243155 ], [ -96.97368779, 38.30265725 ], [ -96.96975946, 38.28813061 ], [ -96.96331326, 38.26288293 ], [ -96.94683895, 38.22310863 ], [ -96.92998515, 38.18922556 ], [ -96.92689466, 38.18333433 ], [ -96.9094756, 38.14356001 ], [ -96.89598059, 38.10378571 ], [ -96.89021085, 38.08003205 ], [ -96.88564494, 38.06401142 ], [ -96.87930691, 38.0242371 ], [ -96.87909664, 37.9844628 ], [ -96.88792578, 37.94468848 ], [ -96.89021085, 37.94019103 ], [ -96.90817591, 37.90491418 ], [ -96.92998515, 37.88165101 ], [ -96.94695718, 37.86513988 ], [ -96.96975946, 37.84871553 ], [ -97.00765997, 37.82536556 ], [ -97.00953376, 37.82430249 ], [ -97.04930807, 37.80482289 ], [ -97.08908237, 37.79190095 ], [ -97.1288567, 37.78837217 ], [ -97.168631, 37.79421076 ], [ -97.20840531, 37.80852301 ], [ -97.23767505, 37.82536556 ], [ -97.24817962, 37.83069182 ], [ -97.28795392, 37.86029718 ], [ -97.29205158, 37.86513988 ], [ -97.32249048, 37.90491418 ], [ -97.32772823, 37.91296285 ], [ -97.3379733, 37.94468848 ], [ -97.34728543, 37.9844628 ], [ -97.35674462, 38.0242371 ], [ -97.36750253, 38.0547234 ], [ -97.37059852, 38.06401142 ], [ -97.38199842, 38.10378571 ], [ -97.38493209, 38.14356001 ], [ -97.38007278, 38.18333433 ], [ -97.37802481, 38.22310863 ], [ -97.39672325, 38.26288293 ], [ -97.40727684, 38.27045859 ], [ -97.44705114, 38.28634386 ], [ -97.48682545, 38.30194586 ], [ -97.48812674, 38.30265725 ], [ -97.52659975, 38.33012692 ], [ -97.54773994, 38.34243155 ], [ -97.56637406, 38.35636704 ], [ -97.60536715, 38.38220587 ], [ -97.60614836, 38.38286981 ], [ -97.64592267, 38.41419476 ], [ -97.65572256, 38.42198016 ], [ -97.68569697, 38.451594 ], [ -97.69591891, 38.46175446 ], [ -97.72547128, 38.49688774 ], [ -97.72932265, 38.50152878 ], [ -97.75819866, 38.54130308 ], [ -97.76524558, 38.55218653 ], [ -97.78315959, 38.5810774 ], [ -97.80433302, 38.6208517 ], [ -97.80501989, 38.62248075 ], [ -97.81942171, 38.66062599 ], [ -97.82992895, 38.70040032 ], [ -97.83602598, 38.74017461 ], [ -97.83689088, 38.77994893 ], [ -97.8315912, 38.81972323 ], [ -97.81868443, 38.85949753 ], [ -97.80501989, 38.88371511 ], [ -97.79521319, 38.89927185 ], [ -97.76524558, 38.93475758 ], [ -97.76048503, 38.93904615 ], [ -97.72547128, 38.959036 ], [ -97.68569697, 38.97271964 ], [ -97.66632644, 38.97882044 ], [ -97.64592267, 38.98469241 ], [ -97.60614836, 39.00403892 ], [ -97.59006549, 39.01859477 ], [ -97.56637406, 39.03872183 ], [ -97.5486146, 39.05836906 ], [ -97.52659975, 39.08369737 ], [ -97.51495582, 39.09814338 ], [ -97.48693385, 39.13791768 ], [ -97.48682545, 39.13832456 ], [ -97.47538094, 39.17769198 ], [ -97.47734453, 39.2174663 ], [ -97.48001838, 39.2572406 ], [ -97.48247208, 39.29701492 ], [ -97.4835275, 39.33678922 ], [ -97.48253251, 39.37656351 ], [ -97.47997742, 39.41633783 ], [ -97.47633183, 39.45611213 ], [ -97.47173754, 39.49588645 ], [ -97.46650506, 39.53566075 ], [ -97.46085561, 39.57543505 ], [ -97.45502463, 39.61520937 ], [ -97.44922483, 39.65498367 ], [ -97.44705114, 39.67135845 ], [ -97.44364337, 39.69475799 ], [ -97.43863834, 39.73453228 ], [ -97.43438929, 39.77430658 ], [ -97.43126803, 39.8140809 ], [ -97.43268216, 39.8538552 ], [ -97.43980806, 39.8936295 ], [ -97.44705114, 39.91681826 ], [ -97.45221963, 39.93340382 ], [ -97.46954953, 39.97317811 ], [ -97.48682545, 40.00357502 ], [ -97.49214233, 40.01295244 ], [ -97.51969605, 40.05272673 ], [ -97.52659975, 40.06112764 ], [ -97.55231827, 40.09250103 ], [ -97.56637406, 40.1070975 ], [ -97.59117035, 40.13227535 ], [ -97.60614836, 40.14539763 ], [ -97.63752001, 40.17204965 ], [ -97.64592267, 40.178364 ], [ -97.68569697, 40.20728107 ], [ -97.69213677, 40.21182397 ], [ -97.72547128, 40.23306767 ], [ -97.75601044, 40.25159827 ], [ -97.76524558, 40.25717365 ], [ -97.80501989, 40.2787553 ], [ -97.83037169, 40.29137256 ], [ -97.84479422, 40.29920194 ], [ -97.88456852, 40.31773981 ], [ -97.91958164, 40.33114689 ], [ -97.92434283, 40.33325574 ], [ -97.96411713, 40.3488826 ], [ -98.00389144, 40.3600845 ], [ -98.04366574, 40.36882365 ], [ -98.05411568, 40.37092118 ], [ -98.08344005, 40.3776666 ], [ -98.12321435, 40.3847205 ], [ -98.16298866, 40.39067794 ], [ -98.20276296, 40.39505453 ], [ -98.24253727, 40.3973046 ], [ -98.28231157, 40.39598181 ], [ -98.32208588, 40.38757968 ], [ -98.36186019, 40.37691918 ], [ -98.40163449, 40.37705761 ], [ -98.4414088, 40.37551325 ], [ -98.46158984, 40.37092118 ], [ -98.4811831, 40.36744202 ], [ -98.52095743, 40.35581812 ], [ -98.56073173, 40.33886011 ], [ -98.5739011, 40.33114689 ], [ -98.60050604, 40.31654389 ], [ -98.6321803, 40.29137256 ], [ -98.64028035, 40.28490845 ], [ -98.67546574, 40.25159827 ], [ -98.68005465, 40.24706974 ], [ -98.71104197, 40.21182397 ], [ -98.71982896, 40.19857539 ], [ -98.73827541, 40.17204965 ], [ -98.74423532, 40.13227535 ], [ -98.72481779, 40.09250103 ], [ -98.71982896, 40.08783406 ], [ -98.68535183, 40.05272673 ], [ -98.68005465, 40.04891486 ], [ -98.64028035, 40.01979618 ], [ -98.63089785, 40.01295244 ], [ -98.60050604, 39.99177178 ], [ -98.57128975, 39.97317811 ], [ -98.56073173, 39.96590258 ], [ -98.52095743, 39.95563844 ], [ -98.4811831, 39.96110685 ], [ -98.4414088, 39.96427483 ], [ -98.40749705, 39.93340382 ], [ -98.40163449, 39.89849078 ], [ -98.40082429, 39.8936295 ], [ -98.40163449, 39.85864945 ], [ -98.40174053, 39.8538552 ], [ -98.40829449, 39.8140809 ], [ -98.42295914, 39.77430658 ], [ -98.4414088, 39.74637667 ], [ -98.45111952, 39.73453228 ], [ -98.4811831, 39.71121569 ], [ -98.51314909, 39.69475799 ], [ -98.52095743, 39.6914952 ], [ -98.56073173, 39.67749011 ], [ -98.60050604, 39.6741506 ], [ -98.64028035, 39.68840531 ], [ -98.65254645, 39.69475799 ], [ -98.68005465, 39.71086099 ], [ -98.71568467, 39.73453228 ], [ -98.71982896, 39.73778299 ], [ -98.75960326, 39.77093221 ], [ -98.76348357, 39.77430658 ], [ -98.79937757, 39.81159838 ], [ -98.80191298, 39.8140809 ], [ -98.83689496, 39.8538552 ], [ -98.83915187, 39.85674762 ], [ -98.87689331, 39.8936295 ], [ -98.87892618, 39.89567538 ], [ -98.91870048, 39.92659785 ], [ -98.92960521, 39.93340382 ], [ -98.95847479, 39.95174271 ], [ -98.99824909, 39.97214064 ], [ -99.00041445, 39.97317811 ], [ -99.0380234, 39.99192212 ], [ -99.0777977, 40.00994903 ], [ -99.08405021, 40.01295244 ], [ -99.11757201, 40.03117678 ], [ -99.15570853, 40.05272673 ], [ -99.15734631, 40.05378069 ], [ -99.19712064, 40.0816427 ], [ -99.21180342, 40.09250103 ], [ -99.23689495, 40.11524019 ], [ -99.25381677, 40.13227535 ], [ -99.27666925, 40.15998092 ], [ -99.28598374, 40.17204965 ], [ -99.31430737, 40.21182397 ], [ -99.31644356, 40.2147239 ], [ -99.34208319, 40.25159827 ], [ -99.35621786, 40.26960313 ], [ -99.37281166, 40.29137256 ], [ -99.39599217, 40.315291 ], [ -99.41175943, 40.33114689 ], [ -99.43576647, 40.34784608 ], [ -99.47424153, 40.37092118 ], [ -99.47554078, 40.37157152 ], [ -99.51531508, 40.38842569 ], [ -99.55508939, 40.40445668 ], [ -99.57626054, 40.4106955 ], [ -99.59486369, 40.4157446 ], [ -99.634638, 40.42518972 ], [ -99.6744123, 40.43296524 ], [ -99.71418661, 40.43963882 ], [ -99.75396091, 40.44762344 ], [ -99.76506983, 40.4504698 ], [ -99.79373522, 40.45791259 ], [ -99.83350953, 40.47175087 ], [ -99.87285545, 40.4902441 ], [ -99.87328385, 40.49046595 ], [ -99.91305816, 40.51562315 ], [ -99.93121669, 40.53001842 ], [ -99.95283246, 40.55074 ], [ -99.96963642, 40.56979272 ], [ -99.99260677, 40.60377431 ], [ -99.9960824, 40.60956704 ], [ -100.01472575, 40.64934134 ], [ -100.0279896, 40.68911563 ], [ -100.03238107, 40.70717937 ], [ -100.03746945, 40.72888995 ], [ -100.04273073, 40.76866425 ], [ -100.04442261, 40.80843855 ] ], [ [ -97.33117566, 38.10378571 ], [ -97.33099721, 38.14356001 ], [ -97.32772823, 38.15823304 ], [ -97.31791283, 38.18333433 ], [ -97.30124548, 38.22310863 ], [ -97.28795392, 38.25237932 ], [ -97.25712073, 38.26288293 ], [ -97.24817962, 38.26608356 ], [ -97.20840531, 38.26855199 ], [ -97.17864237, 38.26288293 ], [ -97.168631, 38.26144831 ], [ -97.1288567, 38.24264215 ], [ -97.106815, 38.22310863 ], [ -97.08908237, 38.20367463 ], [ -97.0749914, 38.18333433 ], [ -97.05800874, 38.14356001 ], [ -97.04972672, 38.10378571 ], [ -97.04930807, 38.08955194 ], [ -97.04858963, 38.06401142 ], [ -97.04930807, 38.0588517 ], [ -97.05485313, 38.0242371 ], [ -97.07083732, 37.9844628 ], [ -97.08908237, 37.95951184 ], [ -97.10464876, 37.94468848 ], [ -97.1288567, 37.93046324 ], [ -97.168631, 37.92069416 ], [ -97.20840531, 37.92249407 ], [ -97.24817962, 37.93666668 ], [ -97.25758982, 37.94468848 ], [ -97.28795392, 37.97320192 ], [ -97.29383667, 37.9844628 ], [ -97.30796053, 38.0242371 ], [ -97.32069581, 38.06401142 ], [ -97.32772823, 38.08767726 ], [ -97.33117566, 38.10378571 ] ], [ [ -99.8592183, 40.80843855 ], [ -99.85725067, 40.84821287 ], [ -99.85345595, 40.88798717 ], [ -99.84855394, 40.92776149 ], [ -99.84297204, 40.96753579 ], [ -99.83689411, 41.00731008 ], [ -99.83350953, 41.02865881 ], [ -99.8303871, 41.0470844 ], [ -99.82150925, 41.0868587 ], [ -99.80873131, 41.12663302 ], [ -99.79373522, 41.1650907 ], [ -99.79314935, 41.16640732 ], [ -99.77436267, 41.20618162 ], [ -99.75472373, 41.24595594 ], [ -99.75396091, 41.24748527 ], [ -99.73326602, 41.28573023 ], [ -99.71418661, 41.32064726 ], [ -99.71130302, 41.32550456 ], [ -99.68757603, 41.36527885 ], [ -99.6744123, 41.38723952 ], [ -99.66283338, 41.40505315 ], [ -99.6373277, 41.44482747 ], [ -99.634638, 41.44908618 ], [ -99.61056762, 41.48460177 ], [ -99.59486369, 41.5085963 ], [ -99.58372176, 41.52437607 ], [ -99.55661322, 41.56415039 ], [ -99.55508939, 41.56644427 ], [ -99.52819523, 41.60392468 ], [ -99.51531508, 41.62256875 ], [ -99.49931263, 41.64369901 ], [ -99.47554078, 41.67616476 ], [ -99.4696195, 41.6834733 ], [ -99.43847463, 41.7232476 ], [ -99.43576647, 41.72682569 ], [ -99.404981, 41.76302192 ], [ -99.39599217, 41.7739208 ], [ -99.36881531, 41.80279622 ], [ -99.35621786, 41.81652429 ], [ -99.32800099, 41.84257054 ], [ -99.31644356, 41.85351971 ], [ -99.27931317, 41.88234484 ], [ -99.27666925, 41.88443869 ], [ -99.23689495, 41.90854827 ], [ -99.20522893, 41.92211913 ], [ -99.19712064, 41.925642 ], [ -99.15734631, 41.93542647 ], [ -99.11757201, 41.93776088 ], [ -99.0777977, 41.93258649 ], [ -99.04205572, 41.92211913 ], [ -99.0380234, 41.92092974 ], [ -98.99824909, 41.90364842 ], [ -98.9611044, 41.88234484 ], [ -98.95847479, 41.88080263 ], [ -98.91870048, 41.85306946 ], [ -98.9056262, 41.84257054 ], [ -98.87892618, 41.82045968 ], [ -98.85960201, 41.80279622 ], [ -98.83915187, 41.78334351 ], [ -98.81931422, 41.76302192 ], [ -98.79937757, 41.7417337 ], [ -98.78297625, 41.7232476 ], [ -98.75960326, 41.69549205 ], [ -98.74998841, 41.6834733 ], [ -98.72067286, 41.64369901 ], [ -98.71982896, 41.64252698 ], [ -98.6924415, 41.60392468 ], [ -98.68005465, 41.58440217 ], [ -98.66746561, 41.56415039 ], [ -98.64486034, 41.52437607 ], [ -98.64028035, 41.51551343 ], [ -98.62451738, 41.48460177 ], [ -98.60682724, 41.44482747 ], [ -98.60050604, 41.42854245 ], [ -98.5913884, 41.40505315 ], [ -98.5789698, 41.36527885 ], [ -98.56923999, 41.32550456 ], [ -98.56254495, 41.28573023 ], [ -98.56073173, 41.26675326 ], [ -98.55871892, 41.24595594 ], [ -98.55849118, 41.20618162 ], [ -98.56073173, 41.17686889 ], [ -98.56148347, 41.16640732 ], [ -98.56712323, 41.12663302 ], [ -98.57505904, 41.0868587 ], [ -98.58511617, 41.0470844 ], [ -98.59735284, 41.00731008 ], [ -98.60050604, 40.99818834 ], [ -98.60983499, 40.96753579 ], [ -98.62287263, 40.92776149 ], [ -98.63536664, 40.88798717 ], [ -98.64028035, 40.86939241 ], [ -98.64449973, 40.84821287 ], [ -98.65024829, 40.80843855 ], [ -98.65674713, 40.76866425 ], [ -98.66432905, 40.72888995 ], [ -98.67334385, 40.68911563 ], [ -98.68005465, 40.66427573 ], [ -98.68376058, 40.64934134 ], [ -98.69625475, 40.60956704 ], [ -98.71607181, 40.56979272 ], [ -98.71982896, 40.56543975 ], [ -98.74824119, 40.53001842 ], [ -98.75960326, 40.51760346 ], [ -98.7836237, 40.4902441 ], [ -98.79937757, 40.47421868 ], [ -98.82272401, 40.4504698 ], [ -98.83915187, 40.43498665 ], [ -98.86601809, 40.4106955 ], [ -98.87892618, 40.39935079 ], [ -98.91629076, 40.37092118 ], [ -98.91870048, 40.36907624 ], [ -98.95847479, 40.34265739 ], [ -98.98080023, 40.33114689 ], [ -98.99824909, 40.3222514 ], [ -99.0380234, 40.31069285 ], [ -99.0777977, 40.30681478 ], [ -99.11757201, 40.30966686 ], [ -99.15734631, 40.31914419 ], [ -99.18655819, 40.33114689 ], [ -99.19712064, 40.33448482 ], [ -99.23689495, 40.35314903 ], [ -99.26686372, 40.37092118 ], [ -99.27666925, 40.37565881 ], [ -99.31644356, 40.39812255 ], [ -99.33734953, 40.4106955 ], [ -99.35621786, 40.42189681 ], [ -99.39599217, 40.44576431 ], [ -99.40407126, 40.4504698 ], [ -99.43576647, 40.47011283 ], [ -99.47192673, 40.4902441 ], [ -99.47554078, 40.49234436 ], [ -99.51531508, 40.51130026 ], [ -99.55508939, 40.52510433 ], [ -99.57108495, 40.53001842 ], [ -99.59486369, 40.53773741 ], [ -99.634638, 40.55093582 ], [ -99.6744123, 40.56568861 ], [ -99.68442267, 40.56979272 ], [ -99.71418661, 40.58416566 ], [ -99.75396091, 40.60625683 ], [ -99.75917489, 40.60956704 ], [ -99.79373522, 40.63782559 ], [ -99.80578277, 40.64934134 ], [ -99.83350953, 40.6864594 ], [ -99.83528037, 40.68911563 ], [ -99.8513236, 40.72888995 ], [ -99.85812073, 40.76866425 ], [ -99.8592183, 40.80843855 ] ], [ [ -97.5769932, 38.5810774 ], [ -97.56928278, 38.6208517 ], [ -97.56637406, 38.62787868 ], [ -97.5392636, 38.66062599 ], [ -97.52659975, 38.67260274 ], [ -97.48682545, 38.69755467 ], [ -97.48138913, 38.70040032 ], [ -97.44885777, 38.74017461 ], [ -97.44705114, 38.75011703 ], [ -97.44197846, 38.77994893 ], [ -97.44705114, 38.80810239 ], [ -97.448611, 38.81972323 ], [ -97.45851041, 38.85949753 ], [ -97.46633472, 38.89927185 ], [ -97.46849074, 38.93904615 ], [ -97.46392456, 38.97882044 ], [ -97.45457049, 39.01859477 ], [ -97.44705114, 39.03978923 ], [ -97.44033596, 39.05836906 ], [ -97.42002732, 39.09814338 ], [ -97.40727684, 39.11752044 ], [ -97.39375939, 39.13791768 ], [ -97.37159717, 39.17769198 ], [ -97.36750253, 39.20166752 ], [ -97.36365564, 39.2174663 ], [ -97.35374209, 39.2572406 ], [ -97.33984408, 39.29701492 ], [ -97.32772823, 39.32792145 ], [ -97.3224223, 39.33678922 ], [ -97.2997258, 39.37656351 ], [ -97.28795392, 39.39824541 ], [ -97.273882, 39.41633783 ], [ -97.24817962, 39.45252199 ], [ -97.24433147, 39.45611213 ], [ -97.20840531, 39.49314739 ], [ -97.20352915, 39.49588645 ], [ -97.168631, 39.51857011 ], [ -97.1288567, 39.52245679 ], [ -97.08908237, 39.49884246 ], [ -97.08697599, 39.49588645 ], [ -97.05680115, 39.45611213 ], [ -97.04930807, 39.44634336 ], [ -97.03484112, 39.41633783 ], [ -97.01671195, 39.37656351 ], [ -97.00953376, 39.35735533 ], [ -97.00453121, 39.33678922 ], [ -96.99964491, 39.29701492 ], [ -96.99679149, 39.2572406 ], [ -96.98975996, 39.2174663 ], [ -96.97835577, 39.17769198 ], [ -96.97014857, 39.13791768 ], [ -96.9735704, 39.09814338 ], [ -96.98828105, 39.05836906 ], [ -97.00953376, 39.0232371 ], [ -97.01284649, 39.01859477 ], [ -97.03620879, 38.97882044 ], [ -97.04930807, 38.94948973 ], [ -97.05452991, 38.93904615 ], [ -97.07471717, 38.89927185 ], [ -97.08908237, 38.87268077 ], [ -97.09728915, 38.85949753 ], [ -97.12352413, 38.81972323 ], [ -97.1288567, 38.81175127 ], [ -97.1544534, 38.77994893 ], [ -97.168631, 38.76159267 ], [ -97.18960735, 38.74017461 ], [ -97.20840531, 38.71846783 ], [ -97.22864084, 38.70040032 ], [ -97.24817962, 38.67819656 ], [ -97.26548784, 38.66062599 ], [ -97.28795392, 38.624788 ], [ -97.28994584, 38.6208517 ], [ -97.30301124, 38.5810774 ], [ -97.31030187, 38.54130308 ], [ -97.31576569, 38.50152878 ], [ -97.31983216, 38.46175446 ], [ -97.32246154, 38.42198016 ], [ -97.32085662, 38.38220587 ], [ -97.32772823, 38.35642266 ], [ -97.33243213, 38.34243155 ], [ -97.36750253, 38.33086334 ], [ -97.40727684, 38.33417933 ], [ -97.44003392, 38.34243155 ], [ -97.44705114, 38.34578656 ], [ -97.48255403, 38.38220587 ], [ -97.48682545, 38.38815721 ], [ -97.51401639, 38.42198016 ], [ -97.52659975, 38.44135373 ], [ -97.54127056, 38.46175446 ], [ -97.5623833, 38.50152878 ], [ -97.56637406, 38.51428835 ], [ -97.57425337, 38.54130308 ], [ -97.5769932, 38.5810774 ] ], [ [ -98.63895218, 39.8538552 ], [ -98.63149393, 39.8936295 ], [ -98.60050604, 39.90284559 ], [ -98.58402949, 39.8936295 ], [ -98.56073173, 39.8797859 ], [ -98.52095743, 39.87349126 ], [ -98.50992594, 39.8538552 ], [ -98.52095743, 39.82079783 ], [ -98.52442684, 39.8140809 ], [ -98.56073173, 39.77893729 ], [ -98.60050604, 39.79432316 ], [ -98.62057925, 39.8140809 ], [ -98.63895218, 39.8538552 ] ] ] } },
{ "type": "Feature", "properties": { "Lower": 40.0 }, "geometry": { "type": "Polygon", "coordinates": [ [ [ -98.63895218, 39.8538552 ], [ -98.63149393, 39.8936295 ], [ -98.60050604, 39.90284559 ], [ -98.58402949, 39.8936295 ], [ -98.56073173, 39.8797859 ], [ -98.52095743, 39.87349126 ], [ -98.50992594, 39.8538552 ], [ -98.52095743, 39.82079783 ], [ -98.52442684, 39.8140809 ], [ -98.56073173, 39.77893729 ], [ -98.60050604, 39.79432316 ], [ -98.62057925, 39.8140809 ], [ -98.63895218, 39.8538552 ] ] ] } },
{ "type": "Feature", "properties": { "Lower": 40.0 }, "geometry": { "type": "Polygon", "coordinates": [ [ [ -95.92484338, 37.58671973 ], [ -95.91779189, 37.62649403 ], [ -95.89585319, 37.6412772 ], [ -95.85607889, 37.65561591 ], [ -95.81630458, 37.65525425 ], [ -95.78317857, 37.62649403 ], [ -95.78349964, 37.58671973 ], [ -95.80455459, 37.54694541 ], [ -95.81630458, 37.53785656 ], [ -95.85607889, 37.53235911 ], [ -95.89500077, 37.54694541 ], [ -95.89585319, 37.54801616 ], [ -95.92484338, 37.58671973 ] ] ] } },
{ "type": "Feature", "properties": { "Lower": 40.0 }, "geometry": { "type": "Polygon", "coordinates": [ [ [ -102.11367437, 39.29701492 ], [ -102.1102442, 39.33678922 ], [ -102.10064502, 39.36029744 ], [ -102.09247026, 39.37656351 ], [ -102.06087071, 39.40987116 ], [ -102.0519428, 39.41633783 ], [ -102.02109641, 39.42828407 ], [ -101.9813221, 39.43578301 ], [ -101.9415478, 39.4343659 ], [ -101.90177347, 39.41657186 ], [ -101.9015298, 39.41633783 ], [ -101.88113072, 39.37656351 ], [ -101.89045292, 39.33678922 ], [ -101.90177347, 39.31150208 ], [ -101.91340241, 39.29701492 ], [ -101.9415478, 39.26416813 ], [ -101.95569013, 39.2572406 ], [ -101.9813221, 39.24504289 ], [ -102.02109641, 39.24093015 ], [ -102.06087071, 39.2484581 ], [ -102.08011072, 39.2572406 ], [ -102.10064502, 39.27370199 ], [ -102.11367437, 39.29701492 ] ] ] } },
{ "type": "Feature", "properties": { "Lower": 40.0 }, "geometry": { "type": "Polygon", "coordinates": [ [ [ -97.33117566, 38.10378571 ], [ -97.33099721, 38.14356001 ], [ -97.32772823, 38.15823304 ], [ -97.31791283, 38.18333433 ], [ -97.30124548, 38.22310863 ], [ -97.28795392, 38.25237932 ], [ -97.25712073, 38.26288293 ], [ -97.24817962, 38.26608356 ], [ -97.20840531, 38.26855199 ], [ -97.17864237, 38.26288293 ], [ -97.168631, 38.26144831 ], [ -97.1288567, 38.24264215 ], [ -97.106815, 38.22310863 ], [ -97.08908237, 38.20367463 ], [ -97.0749914, 38.18333433 ], [ -97.05800874, 38.14356001 ], [ -97.04972672, 38.10378571 ], [ -97.04930807, 38.08955194 ], [ -97.04858963, 38.06401142 ], [ -97.04930807, 38.0588517 ], [ -97.05485313, 38.0242371 ], [ -97.07083732, 37.9844628 ], [ -97.08908237, 37.95951184 ], [ -97.10464876, 37.94468848 ], [ -97.1288567, 37.93046324 ], [ -97.168631, 37.92069416 ], [ -97.20840531, 37.92249407 ], [ -97.24817962, 37.93666668 ], [ -97.25758982, 37.94468848 ], [ -97.28795392, 37.97320192 ], [ -97.29383667, 37.9844628 ], [ -97.30796053, 38.0242371 ], [ -97.32069581, 38.06401142 ], [ -97.32772823, 38.08767726 ], [ -97.33117566, 38.10378571 ] ] ] } },
{ "type": "Feature", "properties": { "Lower": 40.0 }, "geometry": { "type": "Polygon", "coordinates": [ [ [ -101.19624931, 40.4504698 ], [ -101.19186025, 40.4902441 ], [ -101.18583595, 40.49781308 ], [ -101.14606164, 40.49600955 ], [ -101.13619988, 40.4902441 ], [ -101.10628734, 40.47234331 ], [ -101.06651303, 40.45109674 ], [ -101.06540843, 40.4504698 ], [ -101.02673873, 40.43644029 ], [ -100.98696442, 40.42399169 ], [ -100.95068972, 40.4106955 ], [ -100.94719012, 40.40975552 ], [ -100.90741581, 40.39099803 ], [ -100.87831164, 40.37092118 ], [ -100.86764151, 40.36414883 ], [ -100.83259942, 40.33114689 ], [ -100.8278672, 40.3268661 ], [ -100.79976821, 40.29137256 ], [ -100.7880929, 40.27601873 ], [ -100.77265831, 40.25159827 ], [ -100.74969211, 40.21182397 ], [ -100.74831859, 40.20896875 ], [ -100.73240389, 40.17204965 ], [ -100.73495889, 40.13227535 ], [ -100.74478708, 40.09250103 ], [ -100.74831859, 40.0856487 ], [ -100.77233286, 40.05272673 ], [ -100.7880929, 40.03966398 ], [ -100.8278672, 40.02599151 ], [ -100.86764151, 40.03192042 ], [ -100.89350842, 40.05272673 ], [ -100.90741581, 40.06358552 ], [ -100.92265061, 40.09250103 ], [ -100.93332933, 40.13227535 ], [ -100.94719012, 40.16946126 ], [ -100.94807642, 40.17204965 ], [ -100.98696442, 40.20741126 ], [ -100.99163368, 40.21182397 ], [ -101.02673873, 40.24698244 ], [ -101.03265485, 40.25159827 ], [ -101.06651303, 40.28872547 ], [ -101.07114674, 40.29137256 ], [ -101.10628734, 40.32871604 ], [ -101.11248788, 40.33114689 ], [ -101.14606164, 40.36840904 ], [ -101.15999612, 40.37092118 ], [ -101.18583595, 40.40433022 ], [ -101.18863668, 40.4106955 ], [ -101.19624931, 40.4504698 ] ], [ [ -100.96604504, 40.25159827 ], [ -100.94719012, 40.26778934 ], [ -100.90741581, 40.269402 ], [ -100.86764151, 40.25338034 ], [ -100.86550551, 40.25159827 ], [ -100.8278672, 40.22351668 ], [ -100.81797847, 40.21182397 ], [ -100.79022439, 40.17204965 ], [ -100.79775807, 40.13227535 ], [ -100.8278672, 40.09796071 ], [ -100.86764151, 40.09610531 ], [ -100.90741581, 40.12861054 ], [ -100.90874797, 40.13227535 ], [ -100.91785389, 40.17204965 ], [ -100.94719012, 40.20226535 ], [ -100.95829044, 40.21182397 ], [ -100.96604504, 40.25159827 ] ] ] } },
{ "type": "Feature", "properties": { "Lower": 40.0 }, "geometry": { "type": "Polygon", "coordinates": [ [ [ -103.27194959, 39.17769198 ], [ -103.2573912, 39.2174663 ], [ -103.25409989, 39.22122992 ], [ -103.22808958, 39.2572406 ], [ -103.21432559, 39.2721621 ], [ -103.19111324, 39.29701492 ], [ -103.17455128, 39.31705592 ], [ -103.15865292, 39.33678922 ], [ -103.13477698, 39.36506906 ], [ -103.12560937, 39.37656351 ], [ -103.09500267, 39.39863631 ], [ -103.06333433, 39.41633783 ], [ -103.05522837, 39.41956352 ], [ -103.01545406, 39.42212516 ], [ -102.97567976, 39.41739208 ], [ -102.97051287, 39.41633783 ], [ -102.93590545, 39.40797289 ], [ -102.89613114, 39.39463775 ], [ -102.85635684, 39.37729043 ], [ -102.85488773, 39.37656351 ], [ -102.81658253, 39.35022038 ], [ -102.80048377, 39.33678922 ], [ -102.77680823, 39.31092213 ], [ -102.76522912, 39.29701492 ], [ -102.73703392, 39.25843841 ], [ -102.73617313, 39.2572406 ], [ -102.71827467, 39.2174663 ], [ -102.71713491, 39.17769198 ], [ -102.73703392, 39.13847421 ], [ -102.73746084, 39.13791768 ], [ -102.77680823, 39.10162637 ], [ -102.78145221, 39.09814338 ], [ -102.81658253, 39.07134024 ], [ -102.84046131, 39.05836906 ], [ -102.85635684, 39.05040322 ], [ -102.89613114, 39.03821033 ], [ -102.93590545, 39.03209462 ], [ -102.97567976, 39.03034803 ], [ -103.01545406, 39.03206852 ], [ -103.05522837, 39.03681514 ], [ -103.09500267, 39.04462262 ], [ -103.13477698, 39.05622162 ], [ -103.14057585, 39.05836906 ], [ -103.17455128, 39.07221984 ], [ -103.21432559, 39.09357747 ], [ -103.22146435, 39.09814338 ], [ -103.25409989, 39.1260535 ], [ -103.26382898, 39.13791768 ], [ -103.27194959, 39.17769198 ] ], [ [ -103.14554983, 39.2572406 ], [ -103.13477698, 39.27007117 ], [ -103.11539569, 39.29701492 ], [ -103.09500267, 39.32266642 ], [ -103.08342625, 39.33678922 ], [ -103.05522837, 39.36817302 ], [ -103.03641717, 39.37656351 ], [ -103.01545406, 39.38074509 ], [ -102.97567976, 39.37806 ], [ -102.96925864, 39.37656351 ], [ -102.93590545, 39.36495791 ], [ -102.89613114, 39.34518115 ], [ -102.88258244, 39.33678922 ], [ -102.85635684, 39.31111783 ], [ -102.84238052, 39.29701492 ], [ -102.81658253, 39.2583469 ], [ -102.81581457, 39.2572406 ], [ -102.81651309, 39.2174663 ], [ -102.81658253, 39.21734893 ], [ -102.85508454, 39.17769198 ], [ -102.85635684, 39.17689358 ], [ -102.89613114, 39.16018261 ], [ -102.93590545, 39.15133344 ], [ -102.97567976, 39.14850198 ], [ -103.01545406, 39.15096424 ], [ -103.05522837, 39.15869577 ], [ -103.09500267, 39.17295062 ], [ -103.1035333, 39.17769198 ], [ -103.13477698, 39.20345251 ], [ -103.14526562, 39.2174663 ], [ -103.14554983, 39.2572406 ] ] ] } },
{ "type": "Feature", "properties": { "Lower": 40.0 }, "geometry": { "type": "Polygon", "coordinates": [ [ [ -101.93521488, 37.18897666 ], [ -101.90177347, 37.20228589 ], [ -101.86199916, 37.21634313 ], [ -101.82586181, 37.22875096 ], [ -101.82222486, 37.22943546 ], [ -101.78245055, 37.23837346 ], [ -101.74267625, 37.24632992 ], [ -101.70290194, 37.25490554 ], [ -101.66312764, 37.26591043 ], [ -101.65156082, 37.26852528 ], [ -101.62335333, 37.27395388 ], [ -101.58357903, 37.27825838 ], [ -101.54380472, 37.28040039 ], [ -101.50403041, 37.28080433 ], [ -101.46425611, 37.27978707 ], [ -101.4244818, 37.27608178 ], [ -101.3847075, 37.26876512 ], [ -101.3837852, 37.26852528 ], [ -101.34493319, 37.246223 ], [ -101.32176028, 37.22875096 ], [ -101.30515889, 37.20085701 ], [ -101.29858469, 37.18897666 ], [ -101.29066252, 37.14920236 ], [ -101.29292099, 37.10942804 ], [ -101.30369941, 37.06965375 ], [ -101.30515889, 37.0665579 ], [ -101.3233876, 37.02987943 ], [ -101.34493319, 36.99982435 ], [ -101.35237104, 36.99010513 ], [ -101.3847075, 36.95776866 ], [ -101.39273936, 36.95033083 ], [ -101.4244818, 36.9267693 ], [ -101.4488639, 36.91055651 ], [ -101.46425611, 36.90253394 ], [ -101.50403041, 36.88784015 ], [ -101.54380472, 36.8778469 ], [ -101.58357903, 36.87135345 ], [ -101.59020066, 36.87078221 ], [ -101.62335333, 36.86832459 ], [ -101.66312764, 36.8684107 ], [ -101.69066121, 36.87078221 ], [ -101.70290194, 36.87192675 ], [ -101.74267625, 36.87991426 ], [ -101.78245055, 36.89384301 ], [ -101.80990565, 36.91055651 ], [ -101.82222486, 36.91949061 ], [ -101.84458692, 36.95033083 ], [ -101.86199916, 36.98002534 ], [ -101.86647159, 36.99010513 ], [ -101.88290261, 37.02987943 ], [ -101.89996698, 37.06965375 ], [ -101.90177347, 37.07496079 ], [ -101.91226158, 37.10942804 ], [ -101.92319675, 37.14920236 ], [ -101.93521488, 37.18897666 ] ] ] } },
{ "type": "Feature", "properties": { "Lower": 40.0 }, "geometry": { "type": "Polygon", "coordinates": [ [ [ -100.72701984, 37.62649403 ], [ -100.72599341, 37.66626835 ], [ -100.72097728, 37.70604265 ], [ -100.71200246, 37.74581694 ], [ -100.70854429, 37.75714861 ], [ -100.6967028, 37.78559126 ], [ -100.67776849, 37.82536556 ], [ -100.66876998, 37.84229429 ], [ -100.65317159, 37.86513988 ], [ -100.62899568, 37.89881819 ], [ -100.62359199, 37.90491418 ], [ -100.58922137, 37.94165397 ], [ -100.58585046, 37.94468848 ], [ -100.54944707, 37.97540496 ], [ -100.53723256, 37.9844628 ], [ -100.50967274, 38.0036772 ], [ -100.47671109, 38.0242371 ], [ -100.46989843, 38.02825692 ], [ -100.43012413, 38.04701611 ], [ -100.39034982, 38.06104651 ], [ -100.37136039, 38.06401142 ], [ -100.35057552, 38.06717432 ], [ -100.31080121, 38.06435779 ], [ -100.30965064, 38.06401142 ], [ -100.27102691, 38.04701367 ], [ -100.24166058, 38.0242371 ], [ -100.2312526, 38.01224598 ], [ -100.21234291, 37.9844628 ], [ -100.19504694, 37.94468848 ], [ -100.1914783, 37.93106525 ], [ -100.18479465, 37.90491418 ], [ -100.17950991, 37.86513988 ], [ -100.17876362, 37.82536556 ], [ -100.1824129, 37.78559126 ], [ -100.19076924, 37.74581694 ], [ -100.1914783, 37.74363527 ], [ -100.20412719, 37.70604265 ], [ -100.22323399, 37.66626835 ], [ -100.2312526, 37.653559 ], [ -100.24899201, 37.62649403 ], [ -100.27102691, 37.60048342 ], [ -100.28293365, 37.58671973 ], [ -100.31080121, 37.56151893 ], [ -100.3271329, 37.54694541 ], [ -100.35057552, 37.53101808 ], [ -100.38787468, 37.50717111 ], [ -100.39034982, 37.50605299 ], [ -100.43012413, 37.4880399 ], [ -100.46989843, 37.47108323 ], [ -100.47606836, 37.46739681 ], [ -100.50967274, 37.4505057 ], [ -100.54944707, 37.43124783 ], [ -100.58922137, 37.43816088 ], [ -100.62774421, 37.46739681 ], [ -100.62899568, 37.46833299 ], [ -100.66876998, 37.50638144 ], [ -100.66955517, 37.50717111 ], [ -100.70208279, 37.54694541 ], [ -100.70854429, 37.55920101 ], [ -100.72299568, 37.58671973 ], [ -100.72701984, 37.62649403 ] ], [ [ -100.67428739, 37.62649403 ], [ -100.67378655, 37.66626835 ], [ -100.66876998, 37.68817044 ], [ -100.66026799, 37.70604265 ], [ -100.63643032, 37.74581694 ], [ -100.62899568, 37.75766215 ], [ -100.60406814, 37.78559126 ], [ -100.58922137, 37.80304599 ], [ -100.56411664, 37.82536556 ], [ -100.54944707, 37.83895197 ], [ -100.50967274, 37.86076285 ], [ -100.47651122, 37.86513988 ], [ -100.46989843, 37.8660186 ], [ -100.46715085, 37.86513988 ], [ -100.43012413, 37.84091063 ], [ -100.42110466, 37.82536556 ], [ -100.41429878, 37.78559126 ], [ -100.41819835, 37.74581694 ], [ -100.42854269, 37.70604265 ], [ -100.43012413, 37.70224721 ], [ -100.44376052, 37.66626835 ], [ -100.46177736, 37.62649403 ], [ -100.46989843, 37.61254102 ], [ -100.48344552, 37.58671973 ], [ -100.50967274, 37.54910082 ], [ -100.51144604, 37.54694541 ], [ -100.54944707, 37.51948126 ], [ -100.58106101, 37.50717111 ], [ -100.58922137, 37.50510176 ], [ -100.59227364, 37.50717111 ], [ -100.62899568, 37.53365578 ], [ -100.64050537, 37.54694541 ], [ -100.66443072, 37.58671973 ], [ -100.66876998, 37.60044591 ], [ -100.67428739, 37.62649403 ] ] ] } },
{ "type": "Feature", "properties": { "Lower": 40.0 }, "geometry": { "type": "Polygon", "coordinates": [ [ [ -100.63825277, 31.73989665 ], [ -100.63229525, 31.77967097 ], [ -100.62899568, 31.7869238 ], [ -100.61473352, 31.81944527 ], [ -100.59686844, 31.85921959 ], [ -100.58922137, 31.87410076 ], [ -100.57725983, 31.89899388 ], [ -100.55644883, 31.93876818 ], [ -100.54944707, 31.95112422 ], [ -100.53441126, 31.9785425 ], [ -100.51188625, 32.0183168 ], [ -100.50967274, 32.02189249 ], [ -100.48788682, 32.05809112 ], [ -100.46989843, 32.08624682 ], [ -100.4624753, 32.09786542 ], [ -100.43541961, 32.13763972 ], [ -100.43012413, 32.144883 ], [ -100.40653931, 32.17741404 ], [ -100.39034982, 32.19876274 ], [ -100.37601869, 32.21718833 ], [ -100.35057552, 32.24852381 ], [ -100.3434809, 32.25696263 ], [ -100.31080121, 32.29281517 ], [ -100.30691716, 32.29673695 ], [ -100.27102691, 32.32919412 ], [ -100.26146478, 32.33651125 ], [ -100.2312526, 32.3579519 ], [ -100.20247541, 32.37628557 ], [ -100.1914783, 32.38302034 ], [ -100.15170399, 32.40068577 ], [ -100.11192969, 32.40493811 ], [ -100.07400118, 32.37628557 ], [ -100.07215538, 32.37466377 ], [ -100.05623836, 32.33651125 ], [ -100.04494928, 32.29673695 ], [ -100.0370576, 32.25696263 ], [ -100.03238107, 32.2213195 ], [ -100.0320877, 32.21718833 ], [ -100.03088504, 32.17741404 ], [ -100.02936063, 32.13763972 ], [ -100.02631417, 32.09786542 ], [ -100.02564277, 32.05809112 ], [ -100.02882097, 32.0183168 ], [ -100.03238107, 31.99781542 ], [ -100.03757222, 31.9785425 ], [ -100.05518289, 31.93876818 ], [ -100.07215538, 31.91247737 ], [ -100.10110953, 31.89899388 ], [ -100.11192969, 31.89530962 ], [ -100.15170399, 31.88465745 ], [ -100.18607598, 31.85921959 ], [ -100.1914783, 31.85566997 ], [ -100.2312526, 31.82395616 ], [ -100.23919318, 31.81944527 ], [ -100.27102691, 31.80056334 ], [ -100.30878617, 31.77967097 ], [ -100.31080121, 31.77855536 ], [ -100.35057552, 31.7626282 ], [ -100.39034982, 31.74619404 ], [ -100.4076673, 31.73989665 ], [ -100.43012413, 31.73192786 ], [ -100.46989843, 31.71945905 ], [ -100.50967274, 31.70749255 ], [ -100.54045549, 31.70012235 ], [ -100.54944707, 31.69805676 ], [ -100.58922137, 31.69488777 ], [ -100.61214264, 31.70012235 ], [ -100.62899568, 31.71454573 ], [ -100.63825277, 31.73989665 ] ] ] } },
{ "type": "Feature", "properties": { "Lower": 40.0 }, "geometry": { "type": "Polygon", "coordinates": [ [ [ -104.62091468, 39.53566075 ], [ -104.62008879, 39.57543505 ], [ -104.61750111, 39.61520937 ], [ -104.61326878, 39.65498367 ], [ -104.60642632, 39.69255564 ], [ -104.60605424, 39.69475799 ], [ -104.58878315, 39.73453228 ], [ -104.56665201, 39.74929474 ], [ -104.53425354, 39.77430658 ], [ -104.52807644, 39.8140809 ], [ -104.52687771, 39.81891231 ], [ -104.50758269, 39.8538552 ], [ -104.4871034, 39.87111011 ], [ -104.4473291, 39.88147964 ], [ -104.40755479, 39.8746279 ], [ -104.36778048, 39.85636069 ], [ -104.36101977, 39.8538552 ], [ -104.32800618, 39.83955247 ], [ -104.28823187, 39.82346026 ], [ -104.26546715, 39.8140809 ], [ -104.24845757, 39.80571785 ], [ -104.20868326, 39.78660324 ], [ -104.1827237, 39.77430658 ], [ -104.16890896, 39.76653577 ], [ -104.12913465, 39.74421337 ], [ -104.11194451, 39.73453228 ], [ -104.08936035, 39.71931354 ], [ -104.05232699, 39.69475799 ], [ -104.04958604, 39.69250805 ], [ -104.00981174, 39.66006252 ], [ -104.0035632, 39.65498367 ], [ -103.97003743, 39.62115048 ], [ -103.9640781, 39.61520937 ], [ -103.93314486, 39.57543505 ], [ -103.9302631, 39.57017583 ], [ -103.91095402, 39.53566075 ], [ -103.8967184, 39.49588645 ], [ -103.89163854, 39.45611213 ], [ -103.89933857, 39.41633783 ], [ -103.9302631, 39.37944882 ], [ -103.93390226, 39.37656351 ], [ -103.97003743, 39.3539028 ], [ -104.00192226, 39.33678922 ], [ -104.00981174, 39.33284444 ], [ -104.04958604, 39.31374002 ], [ -104.08626714, 39.29701492 ], [ -104.08936035, 39.29565392 ], [ -104.12913465, 39.27989064 ], [ -104.16890896, 39.2697435 ], [ -104.20868326, 39.26333281 ], [ -104.24845757, 39.25959776 ], [ -104.28823187, 39.2578165 ], [ -104.32800618, 39.25802414 ], [ -104.36778048, 39.26060229 ], [ -104.40755479, 39.26576646 ], [ -104.4473291, 39.27448153 ], [ -104.4871034, 39.28802459 ], [ -104.5056532, 39.29701492 ], [ -104.52687771, 39.30899175 ], [ -104.5604261, 39.33678922 ], [ -104.56665201, 39.34347631 ], [ -104.58898611, 39.37656351 ], [ -104.60539403, 39.41633783 ], [ -104.60642632, 39.41979594 ], [ -104.6149702, 39.45611213 ], [ -104.619523, 39.49588645 ], [ -104.62091468, 39.53566075 ] ] ] } },
{ "type": "Feature", "properties": { "Lower": 40.0 }, "geometry": { "type": "Polygon", "coordinates": [ [ [ -97.5769932, 38.5810774 ], [ -97.56928278, 38.6208517 ], [ -97.56637406, 38.62787868 ], [ -97.5392636, 38.66062599 ], [ -97.52659975, 38.67260274 ], [ -97.48682545, 38.69755467 ], [ -97.48138913, 38.70040032 ], [ -97.44885777, 38.74017461 ], [ -97.44705114, 38.75011703 ], [ -97.44197846, 38.77994893 ], [ -97.44705114, 38.80810239 ], [ -97.448611, 38.81972323 ], [ -97.45851041, 38.85949753 ], [ -97.46633472, 38.89927185 ], [ -97.46849074, 38.93904615 ], [ -97.46392456, 38.97882044 ], [ -97.45457049, 39.01859477 ], [ -97.44705114, 39.03978923 ], [ -97.44033596, 39.05836906 ], [ -97.42002732, 39.09814338 ], [ -97.40727684, 39.11752044 ], [ -97.39375939, 39.13791768 ], [ -97.37159717, 39.17769198 ], [ -97.36750253, 39.20166752 ], [ -97.36365564, 39.2174663 ], [ -97.35374209, 39.2572406 ], [ -97.33984408, 39.29701492 ], [ -97.32772823, 39.32792145 ], [ -97.3224223, 39.33678922 ], [ -97.2997258, 39.37656351 ], [ -97.28795392, 39.39824541 ], [ -97.273882, 39.41633783 ], [ -97.24817962, 39.45252199 ], [ -97.24433147, 39.45611213 ], [ -97.20840531, 39.49314739 ], [ -97.20352915, 39.49588645 ], [ -97.168631, 39.51857011 ], [ -97.1288567, 39.52245679 ], [ -97.08908237, 39.49884246 ], [ -97.08697599, 39.49588645 ], [ -97.05680115, 39.45611213 ], [ -97.04930807, 39.44634336 ], [ -97.03484112, 39.41633783 ], [ -97.01671195, 39.37656351 ], [ -97.00953376, 39.35735533 ], [ -97.00453121, 39.33678922 ], [ -96.99964491, 39.29701492 ], [ -96.99679149, 39.2572406 ], [ -96.98975996, 39.2174663 ], [ -96.97835577, 39.17769198 ], [ -96.97014857, 39.13791768 ], [ -96.9735704, 39.09814338 ], [ -96.98828105, 39.05836906 ], [ -97.00953376, 39.0232371 ], [ -97.01284649, 39.01859477 ], [ -97.03620879, 38.97882044 ], [ -97.04930807, 38.94948973 ], [ -97.05452991, 38.93904615 ], [ -97.07471717, 38.89927185 ], [ -97.08908237, 38.87268077 ], [ -97.09728915, 38.85949753 ], [ -97.12352413, 38.81972323 ], [ -97.1288567, 38.81175127 ], [ -97.1544534, 38.77994893 ], [ -97.168631, 38.76159267 ], [ -97.18960735, 38.74017461 ], [ -97.20840531, 38.71846783 ], [ -97.22864084, 38.70040032 ], [ -97.24817962, 38.67819656 ], [ -97.26548784, 38.66062599 ], [ -97.28795392, 38.624788 ], [ -97.28994584, 38.6208517 ], [ -97.30301124, 38.5810774 ], [ -97.31030187, 38.54130308 ], [ -97.31576569, 38.50152878 ], [ -97.31983216, 38.46175446 ], [ -97.32246154, 38.42198016 ], [ -97.32085662, 38.38220587 ], [ -97.32772823, 38.35642266 ], [ -97.33243213, 38.34243155 ], [ -97.36750253, 38.33086334 ], [ -97.40727684, 38.33417933 ], [ -97.44003392, 38.34243155 ], [ -97.44705114, 38.34578656 ], [ -97.48255403, 38.38220587 ], [ -97.48682545, 38.38815721 ], [ -97.51401639, 38.42198016 ], [ -97.52659975, 38.44135373 ], [ -97.54127056, 38.46175446 ], [ -97.5623833, 38.50152878 ], [ -97.56637406, 38.51428835 ], [ -97.57425337, 38.54130308 ], [ -97.5769932, 38.5810774 ] ] ] } },
{ "type": "Feature", "properties": { "Lower": 40.0 }, "geometry": { "type": "Polygon", "coordinates": [ [ [ -95.09244544, 38.22310863 ], [ -95.08614534, 38.26288293 ], [ -95.07623302, 38.30265725 ], [ -95.06512288, 38.34243155 ], [ -95.06059273, 38.35668267 ], [ -95.05124076, 38.38220587 ], [ -95.03613515, 38.42198016 ], [ -95.02228687, 38.46175446 ], [ -95.02081843, 38.46463827 ], [ -95.00057048, 38.50152878 ], [ -94.98104412, 38.53665127 ], [ -94.97821775, 38.54130308 ], [ -94.94879931, 38.5810774 ], [ -94.94126982, 38.59105448 ], [ -94.91235322, 38.6208517 ], [ -94.90149551, 38.63155493 ], [ -94.8635901, 38.66062599 ], [ -94.86172121, 38.6622788 ], [ -94.8219469, 38.68828682 ], [ -94.80253325, 38.70040032 ], [ -94.7821726, 38.71473343 ], [ -94.74567008, 38.74017461 ], [ -94.74239829, 38.7427592 ], [ -94.70262399, 38.7719674 ], [ -94.69179318, 38.77994893 ], [ -94.66284968, 38.80363958 ], [ -94.64319979, 38.81972323 ], [ -94.62307538, 38.83802179 ], [ -94.59908453, 38.85949753 ], [ -94.58330107, 38.875281 ], [ -94.55852906, 38.89927185 ], [ -94.57335302, 38.93904615 ], [ -94.57333545, 38.93904615 ], [ -94.54352677, 38.90923199 ], [ -94.53356662, 38.89927185 ], [ -94.53356889, 38.85949753 ], [ -94.50375246, 38.82967766 ], [ -94.49379802, 38.81972323 ], [ -94.49379942, 38.77994893 ], [ -94.46397816, 38.75012607 ], [ -94.45402669, 38.74017461 ], [ -94.4540272, 38.70040032 ], [ -94.45402745, 38.66062599 ], [ -94.45402755, 38.6208517 ], [ -94.45402755, 38.5810774 ], [ -94.45402755, 38.54130308 ], [ -94.45402752, 38.50152878 ], [ -94.45402748, 38.46175446 ], [ -94.45402745, 38.42198016 ], [ -94.45402739, 38.38220587 ], [ -94.46397816, 38.37225508 ], [ -94.49380157, 38.34243155 ], [ -94.49380144, 38.30265725 ], [ -94.49380125, 38.26288293 ], [ -94.49380097, 38.22310863 ], [ -94.49380065, 38.18333433 ], [ -94.50375246, 38.17338252 ], [ -94.53357435, 38.14356001 ], [ -94.53357377, 38.10378571 ], [ -94.53357309, 38.06401142 ], [ -94.53357231, 38.0242371 ], [ -94.5335714, 37.9844628 ], [ -94.54352677, 37.97450744 ], [ -94.57334422, 37.94468848 ], [ -94.57334313, 37.90491418 ], [ -94.57334204, 37.86513988 ], [ -94.57334095, 37.82536556 ], [ -94.5733399, 37.78559126 ], [ -94.57335747, 37.78559126 ], [ -94.58330107, 37.78644402 ], [ -94.62307538, 37.81589539 ], [ -94.63453227, 37.82536556 ], [ -94.66284968, 37.84634712 ], [ -94.68655562, 37.86513988 ], [ -94.70262399, 37.87679132 ], [ -94.73948075, 37.90491418 ], [ -94.74239829, 37.90697434 ], [ -94.7821726, 37.93587261 ], [ -94.79547653, 37.94468848 ], [ -94.8219469, 37.96062865 ], [ -94.86172121, 37.98177692 ], [ -94.86690239, 37.9844628 ], [ -94.90149551, 38.00215892 ], [ -94.94126982, 38.02272649 ], [ -94.94397876, 38.0242371 ], [ -94.98104412, 38.04577849 ], [ -95.00912288, 38.06401142 ], [ -95.02081843, 38.07264278 ], [ -95.05498726, 38.10378571 ], [ -95.06059273, 38.11057278 ], [ -95.08038508, 38.14356001 ], [ -95.09166042, 38.18333433 ], [ -95.09244544, 38.22310863 ] ] ] } },
{ "type": "Feature", "properties": { "Lower": 40.0 }, "geometry": { "type": "Polygon", "coordinates": [ [ [ -102.85635684, 33.87776045 ], [ -102.86630561, 33.8877092 ], [ -102.89613114, 33.91752912 ], [ -102.90608554, 33.92748352 ], [ -102.93590545, 33.95729921 ], [ -102.94586407, 33.96725782 ], [ -102.97567976, 33.99707059 ], [ -102.97567976, 33.99708815 ], [ -102.96204694, 34.00703214 ], [ -102.93590545, 34.02866643 ], [ -102.91265409, 34.04680644 ], [ -102.89613114, 34.06009815 ], [ -102.86045102, 34.08658074 ], [ -102.85635684, 34.08974615 ], [ -102.81658253, 34.11965467 ], [ -102.8071022, 34.12635506 ], [ -102.77680823, 34.14851563 ], [ -102.75049017, 34.16612935 ], [ -102.73703392, 34.17546196 ], [ -102.69725962, 34.2012885 ], [ -102.68981574, 34.20590368 ], [ -102.65748531, 34.2266398 ], [ -102.62361365, 34.24567797 ], [ -102.61771101, 34.24913888 ], [ -102.57793668, 34.27138804 ], [ -102.54912217, 34.28545227 ], [ -102.53816237, 34.29103427 ], [ -102.49838807, 34.31010934 ], [ -102.46170233, 34.32522659 ], [ -102.45861376, 34.32655508 ], [ -102.41883946, 34.3433576 ], [ -102.37906515, 34.35788773 ], [ -102.35827622, 34.36500089 ], [ -102.33929085, 34.37181616 ], [ -102.29951654, 34.38534745 ], [ -102.25974224, 34.39738319 ], [ -102.2338063, 34.40477521 ], [ -102.21996793, 34.4090503 ], [ -102.18019363, 34.42107573 ], [ -102.14041932, 34.43209883 ], [ -102.10064502, 34.44253961 ], [ -102.09325927, 34.44454951 ], [ -102.06087071, 34.45650916 ], [ -102.02109641, 34.47372598 ], [ -101.99967377, 34.4843238 ], [ -101.9813221, 34.51108659 ], [ -101.97243158, 34.52409812 ], [ -101.97774839, 34.56387242 ], [ -101.9813221, 34.56975458 ], [ -102.00263719, 34.60364674 ], [ -102.02109641, 34.61641856 ], [ -102.06087071, 34.64096799 ], [ -102.06582958, 34.64342104 ], [ -102.10064502, 34.65314419 ], [ -102.14041932, 34.65636559 ], [ -102.18019363, 34.65547795 ], [ -102.21996793, 34.6532052 ], [ -102.25974224, 34.65061552 ], [ -102.29951654, 34.64969541 ], [ -102.33929085, 34.65044364 ], [ -102.37906515, 34.65266355 ], [ -102.41883946, 34.65650688 ], [ -102.45861376, 34.6608377 ], [ -102.49838807, 34.66334867 ], [ -102.53816237, 34.66446792 ], [ -102.57793668, 34.67278829 ], [ -102.61771101, 34.67999162 ], [ -102.65748531, 34.67961177 ], [ -102.69725962, 34.67699774 ], [ -102.73703392, 34.67302851 ], [ -102.77680823, 34.66857542 ], [ -102.81658253, 34.6638455 ], [ -102.85635684, 34.65875612 ], [ -102.89613114, 34.65361755 ], [ -102.93590545, 34.64821139 ], [ -102.96879916, 34.64342104 ], [ -102.97567976, 34.6422415 ], [ -103.01545406, 34.63519567 ], [ -103.05522837, 34.62746785 ], [ -103.09500267, 34.61946921 ], [ -103.13477698, 34.61173541 ], [ -103.17455128, 34.60484401 ], [ -103.1803683, 34.60364674 ], [ -103.21432559, 34.59564619 ], [ -103.25409989, 34.58712724 ], [ -103.29387422, 34.5786282 ], [ -103.30381817, 34.56387242 ], [ -103.30383574, 34.56387242 ], [ -103.33364853, 34.59368651 ], [ -103.34360874, 34.60364674 ], [ -103.34360751, 34.64342104 ], [ -103.37342283, 34.67323807 ], [ -103.3833801, 34.68319534 ], [ -103.38337852, 34.72296966 ], [ -103.41319714, 34.75279039 ], [ -103.42315069, 34.76274396 ], [ -103.42314879, 34.80251825 ], [ -103.45297144, 34.83234349 ], [ -103.46292054, 34.84229257 ], [ -103.46291829, 34.88206687 ], [ -103.49274575, 34.9118973 ], [ -103.50268962, 34.92184119 ], [ -103.49274575, 34.9268099 ], [ -103.45297144, 34.93631579 ], [ -103.41319714, 34.94555249 ], [ -103.37342283, 34.95452226 ], [ -103.34089179, 34.96161549 ], [ -103.33364853, 34.96313762 ], [ -103.29387422, 34.97110727 ], [ -103.25409989, 34.97840902 ], [ -103.21432559, 34.98497366 ], [ -103.17455128, 34.99074168 ], [ -103.13477698, 34.99583352 ], [ -103.09500267, 35.00018704 ], [ -103.0815717, 35.00138979 ], [ -103.05522837, 35.00365314 ], [ -103.01545406, 35.00650096 ], [ -102.97567976, 35.00866699 ], [ -102.93590545, 35.01014044 ], [ -102.89613114, 35.01101458 ], [ -102.85635684, 35.01113301 ], [ -102.81658253, 35.01051138 ], [ -102.77680823, 35.00920304 ], [ -102.73703392, 35.00704486 ], [ -102.69725962, 35.00412196 ], [ -102.66937853, 35.00138979 ], [ -102.65748531, 35.00020855 ], [ -102.61771101, 34.99522994 ], [ -102.57793668, 34.98909182 ], [ -102.53816237, 34.98157341 ], [ -102.49838807, 34.97212137 ], [ -102.46448883, 34.96161549 ], [ -102.45861376, 34.9597405 ], [ -102.41883946, 34.94145532 ], [ -102.39391543, 34.92184119 ], [ -102.37906515, 34.90699091 ], [ -102.35519606, 34.88206687 ], [ -102.33929085, 34.87173669 ], [ -102.29951654, 34.85283594 ], [ -102.2807624, 34.84229257 ], [ -102.25974224, 34.83031638 ], [ -102.21996793, 34.80742579 ], [ -102.21055077, 34.80251825 ], [ -102.18019363, 34.78942384 ], [ -102.14041932, 34.77804504 ], [ -102.10064502, 34.77389574 ], [ -102.06087071, 34.77486269 ], [ -102.02109641, 34.77479551 ], [ -101.9813221, 34.76879813 ], [ -101.95600706, 34.76274396 ], [ -101.9415478, 34.75888488 ], [ -101.90177347, 34.75200317 ], [ -101.86199916, 34.74917664 ], [ -101.82222486, 34.75122592 ], [ -101.78245055, 34.75779341 ], [ -101.75951392, 34.76274396 ], [ -101.74267625, 34.76601268 ], [ -101.70290194, 34.77132159 ], [ -101.66312764, 34.76984333 ], [ -101.62335333, 34.76425226 ], [ -101.61573244, 34.76274396 ], [ -101.58357903, 34.75386875 ], [ -101.54380472, 34.74003025 ], [ -101.50505915, 34.72296966 ], [ -101.50403041, 34.72191381 ], [ -101.47448081, 34.68319534 ], [ -101.48268956, 34.64342104 ], [ -101.50307969, 34.60364674 ], [ -101.50403041, 34.60242106 ], [ -101.52777184, 34.56387242 ], [ -101.54380472, 34.54246462 ], [ -101.55596773, 34.52409812 ], [ -101.58357903, 34.49057002 ], [ -101.58864603, 34.4843238 ], [ -101.62335333, 34.45697719 ], [ -101.65167004, 34.44454951 ], [ -101.66312764, 34.44175999 ], [ -101.70290194, 34.43730565 ], [ -101.74267625, 34.43368419 ], [ -101.78245055, 34.42723084 ], [ -101.82222486, 34.41758403 ], [ -101.8583553, 34.40477521 ], [ -101.86199916, 34.40356723 ], [ -101.90177347, 34.38964035 ], [ -101.9415478, 34.37565938 ], [ -101.9713464, 34.36500089 ], [ -101.9813221, 34.36154027 ], [ -102.02109641, 34.34762215 ], [ -102.06087071, 34.33272653 ], [ -102.0800255, 34.32522659 ], [ -102.10064502, 34.31710086 ], [ -102.14041932, 34.30068366 ], [ -102.17471533, 34.28545227 ], [ -102.18019363, 34.28298511 ], [ -102.21996793, 34.26469602 ], [ -102.25804501, 34.24567797 ], [ -102.25974224, 34.24481825 ], [ -102.29951654, 34.22442578 ], [ -102.33306826, 34.20590368 ], [ -102.33929085, 34.20244014 ], [ -102.37906515, 34.17981603 ], [ -102.40181846, 34.16612935 ], [ -102.41883946, 34.15585169 ], [ -102.45861376, 34.13080126 ], [ -102.46548173, 34.12635506 ], [ -102.49838807, 34.10508135 ], [ -102.52555975, 34.08658074 ], [ -102.53816237, 34.07803514 ], [ -102.57793668, 34.05005657 ], [ -102.58244148, 34.04680644 ], [ -102.61771101, 34.02154724 ], [ -102.63710245, 34.00703214 ], [ -102.65748531, 33.99190843 ], [ -102.68939154, 33.96725782 ], [ -102.69725962, 33.96123169 ], [ -102.73703392, 33.92991315 ], [ -102.74005799, 33.92748352 ], [ -102.77680823, 33.89827623 ], [ -102.78970355, 33.8877092 ], [ -102.81658253, 33.86591874 ], [ -102.85635684, 33.87776045 ] ] ] } },
{ "type": "Feature", "properties": { "Lower": 40.0 }, "geometry": { "type": "Polygon", "coordinates": [ [ [ -102.86419431, 45.70067828 ], [ -102.85635684, 45.71062199 ], [ -102.81658253, 45.71062273 ], [ -102.77680823, 45.71062347 ], [ -102.76686303, 45.70067828 ], [ -102.73703392, 45.67084924 ], [ -102.69725962, 45.67084999 ], [ -102.65748531, 45.67085073 ], [ -102.61771101, 45.67085147 ], [ -102.57793668, 45.67085221 ], [ -102.53816237, 45.67085293 ], [ -102.49838807, 45.67085365 ], [ -102.45861376, 45.67085434 ], [ -102.44866339, 45.66090396 ], [ -102.41883946, 45.63108019 ], [ -102.37906515, 45.63108088 ], [ -102.33929085, 45.63108157 ], [ -102.29951654, 45.63108227 ], [ -102.25974224, 45.63108294 ], [ -102.21996793, 45.63108358 ], [ -102.18019363, 45.63108425 ], [ -102.17023903, 45.62112966 ], [ -102.14041932, 45.59131012 ], [ -102.10064502, 45.59131079 ], [ -102.06087071, 45.59131142 ], [ -102.02109641, 45.59131206 ], [ -101.9813221, 45.59131268 ], [ -101.9415478, 45.59131328 ], [ -101.90177347, 45.59131388 ], [ -101.89181494, 45.58135534 ], [ -101.86199916, 45.55153987 ], [ -101.82222486, 45.55154042 ], [ -101.78245055, 45.55154095 ], [ -101.74267625, 45.55154143 ], [ -101.70290194, 45.55154181 ], [ -101.66312764, 45.55154205 ], [ -101.62335333, 45.55154217 ], [ -101.58357903, 45.55154219 ], [ -101.58357903, 45.55152463 ], [ -101.5973264, 45.54158104 ], [ -101.59332589, 45.50180675 ], [ -101.59208784, 45.46203243 ], [ -101.58974011, 45.42225813 ], [ -101.58808378, 45.38248381 ], [ -101.58678871, 45.34270951 ], [ -101.58598276, 45.30293521 ], [ -101.5853481, 45.26316089 ], [ -101.58492244, 45.22338659 ], [ -101.58400518, 45.18361227 ], [ -101.58357903, 45.17802742 ], [ -101.54938959, 45.14383798 ], [ -101.54380472, 45.13920409 ], [ -101.54310453, 45.14383798 ], [ -101.54148426, 45.18361227 ], [ -101.5404335, 45.22338659 ], [ -101.53897598, 45.26316089 ], [ -101.53299093, 45.30293521 ], [ -101.52827066, 45.34270951 ], [ -101.52562558, 45.38248381 ], [ -101.50403041, 45.41523117 ], [ -101.50250758, 45.42225813 ], [ -101.49920167, 45.46203243 ], [ -101.49724528, 45.50180675 ], [ -101.50403041, 45.51175033 ], [ -101.50403041, 45.51176789 ], [ -101.46425611, 45.51176782 ], [ -101.4244818, 45.51176765 ], [ -101.3847075, 45.51176734 ], [ -101.37474689, 45.50180675 ], [ -101.34493319, 45.4719924 ], [ -101.30515889, 45.47199168 ], [ -101.26538458, 45.47199077 ], [ -101.22561028, 45.47198972 ], [ -101.21565299, 45.46203243 ], [ -101.18583595, 45.43221361 ], [ -101.14606164, 45.43221203 ], [ -101.10628734, 45.43221026 ], [ -101.06651303, 45.43220825 ], [ -101.02673873, 45.432206 ], [ -101.01679086, 45.42225813 ], [ -100.98696442, 45.39242806 ], [ -100.97740109, 45.38248381 ], [ -100.98696442, 45.36076605 ], [ -100.99516459, 45.34270951 ], [ -101.01315402, 45.30293521 ], [ -101.02673873, 45.27251568 ], [ -101.03103575, 45.26316089 ], [ -101.0495512, 45.22338659 ], [ -101.06651303, 45.18619518 ], [ -101.06772395, 45.18361227 ], [ -101.08673759, 45.14383798 ], [ -101.10529739, 45.10406368 ], [ -101.10628734, 45.1019956 ], [ -101.12483994, 45.06428936 ], [ -101.14389292, 45.02451506 ], [ -101.14606164, 45.02010254 ], [ -101.16398387, 44.98474074 ], [ -101.18378508, 44.94496644 ], [ -101.18583595, 44.94095387 ], [ -101.20478085, 44.90519214 ], [ -101.22561028, 44.86599698 ], [ -101.22593169, 44.86541782 ], [ -101.24859282, 44.82564353 ], [ -101.26538458, 44.79723523 ], [ -101.27277613, 44.78586923 ], [ -101.30077164, 44.74609491 ], [ -101.30515889, 44.74046099 ], [ -101.33948688, 44.70632061 ], [ -101.34493319, 44.70164502 ], [ -101.3847075, 44.6755542 ], [ -101.40094433, 44.66654629 ], [ -101.4244818, 44.65375648 ], [ -101.46425611, 44.63400953 ], [ -101.47970089, 44.62677199 ], [ -101.50403041, 44.61593007 ], [ -101.54380472, 44.60470539 ], [ -101.58357903, 44.60892175 ], [ -101.61935092, 44.62677199 ], [ -101.62335333, 44.62903068 ], [ -101.66312764, 44.63716141 ], [ -101.70290194, 44.62750606 ], [ -101.70515512, 44.62677199 ], [ -101.74267625, 44.61423578 ], [ -101.78245055, 44.60985305 ], [ -101.82222486, 44.61826185 ], [ -101.84378911, 44.62677199 ], [ -101.86199916, 44.63570365 ], [ -101.90177347, 44.6589925 ], [ -101.913497, 44.66654629 ], [ -101.9415478, 44.68693207 ], [ -101.96681129, 44.70632061 ], [ -101.9813221, 44.71852085 ], [ -102.01338983, 44.74609491 ], [ -102.02109641, 44.75317235 ], [ -102.05617992, 44.78586923 ], [ -102.06087071, 44.79045948 ], [ -102.09656479, 44.82564353 ], [ -102.10064502, 44.82984558 ], [ -102.1349374, 44.86541782 ], [ -102.14041932, 44.8713247 ], [ -102.17185075, 44.90519214 ], [ -102.18019363, 44.91439571 ], [ -102.2077071, 44.94496644 ], [ -102.21996793, 44.95880947 ], [ -102.24277283, 44.98474074 ], [ -102.25974224, 45.00435295 ], [ -102.27718746, 45.02451506 ], [ -102.29951654, 45.05075182 ], [ -102.3110378, 45.06428936 ], [ -102.33929085, 45.09748686 ], [ -102.3448487, 45.10406368 ], [ -102.37816841, 45.14383798 ], [ -102.37906515, 45.144911 ], [ -102.41164091, 45.18361227 ], [ -102.41883946, 45.19223818 ], [ -102.44483367, 45.22338659 ], [ -102.45861376, 45.23989873 ], [ -102.47816776, 45.26316089 ], [ -102.49838807, 45.28721622 ], [ -102.51169755, 45.30293521 ], [ -102.53816237, 45.33419116 ], [ -102.54537498, 45.34270951 ], [ -102.57793668, 45.38083736 ], [ -102.57935313, 45.38248381 ], [ -102.61347735, 45.42225813 ], [ -102.61771101, 45.42715442 ], [ -102.64786872, 45.46203243 ], [ -102.65748531, 45.47315419 ], [ -102.68283155, 45.50180675 ], [ -102.69725962, 45.51811655 ], [ -102.7181778, 45.54158104 ], [ -102.73703392, 45.56273285 ], [ -102.75389673, 45.58135534 ], [ -102.77680823, 45.60665772 ], [ -102.7900167, 45.62112966 ], [ -102.81658253, 45.64998565 ], [ -102.82687953, 45.66090396 ], [ -102.85635684, 45.69243179 ], [ -102.86419431, 45.70067828 ] ] ] } },
{ "type": "Feature", "properties": { "Lower": 40.0 }, "geometry": { "type": "Polygon", "coordinates": [ [ [ -99.37589394, 33.37064322 ], [ -99.37553465, 33.41041754 ], [ -99.37213424, 33.45019184 ], [ -99.3662789, 33.48996616 ], [ -99.35764418, 33.52974045 ], [ -99.35621786, 33.53417898 ], [ -99.3455976, 33.56951475 ], [ -99.33096298, 33.60928907 ], [ -99.31644356, 33.64191117 ], [ -99.31345709, 33.64906337 ], [ -99.29383706, 33.68883769 ], [ -99.27666925, 33.71849627 ], [ -99.27125023, 33.72861199 ], [ -99.24694025, 33.76838629 ], [ -99.23689495, 33.78280124 ], [ -99.22056994, 33.80816061 ], [ -99.19712064, 33.84159718 ], [ -99.19297759, 33.8479349 ], [ -99.16493812, 33.8877092 ], [ -99.15734631, 33.89782612 ], [ -99.13666811, 33.92748352 ], [ -99.11757201, 33.95439658 ], [ -99.1088892, 33.96725782 ], [ -99.08171559, 34.00703214 ], [ -99.0777977, 34.01275633 ], [ -99.05455166, 34.04680644 ], [ -99.0380234, 34.07155306 ], [ -99.0278547, 34.08658074 ], [ -99.00178977, 34.12635506 ], [ -98.99824909, 34.13190335 ], [ -98.97591031, 34.16612935 ], [ -98.95847479, 34.19385076 ], [ -98.95065992, 34.20590368 ], [ -98.92602948, 34.24567797 ], [ -98.91870048, 34.25775505 ], [ -98.90027708, 34.28545227 ], [ -98.87892618, 34.30723654 ], [ -98.85752169, 34.32522659 ], [ -98.83915187, 34.33780103 ], [ -98.79937757, 34.3590343 ], [ -98.78525197, 34.36500089 ], [ -98.75960326, 34.37703213 ], [ -98.71982896, 34.38974595 ], [ -98.68005465, 34.396172 ], [ -98.64028035, 34.39598719 ], [ -98.60050604, 34.38831937 ], [ -98.56073173, 34.37397064 ], [ -98.54474676, 34.36500089 ], [ -98.52095743, 34.355202 ], [ -98.4811831, 34.33547033 ], [ -98.44908747, 34.32522659 ], [ -98.4414088, 34.32349613 ], [ -98.43169201, 34.32522659 ], [ -98.40163449, 34.33138103 ], [ -98.36186019, 34.34208137 ], [ -98.32208588, 34.35489459 ], [ -98.28979347, 34.36500089 ], [ -98.28231157, 34.3679029 ], [ -98.24253727, 34.38015711 ], [ -98.20276296, 34.39096312 ], [ -98.16298866, 34.40066703 ], [ -98.14329455, 34.40477521 ], [ -98.12321435, 34.40967437 ], [ -98.08344005, 34.41788268 ], [ -98.04366574, 34.42525726 ], [ -98.00389144, 34.43210084 ], [ -97.96411713, 34.43860488 ], [ -97.92690519, 34.44454951 ], [ -97.92434283, 34.44505443 ], [ -97.88456852, 34.45246556 ], [ -97.84479422, 34.46069974 ], [ -97.80501989, 34.47031252 ], [ -97.76524558, 34.48208885 ], [ -97.75849074, 34.4843238 ], [ -97.72547128, 34.49965779 ], [ -97.68569697, 34.52353088 ], [ -97.68486716, 34.52409812 ], [ -97.64769782, 34.56387242 ], [ -97.64592267, 34.56721514 ], [ -97.6278165, 34.60364674 ], [ -97.6184091, 34.64342104 ], [ -97.61560749, 34.68319534 ], [ -97.61680244, 34.72296966 ], [ -97.61753819, 34.76274396 ], [ -97.60614836, 34.78588399 ], [ -97.59894775, 34.80251825 ], [ -97.56982748, 34.84229257 ], [ -97.56637406, 34.86863609 ], [ -97.56474739, 34.88206687 ], [ -97.56637406, 34.88875274 ], [ -97.57336763, 34.92184119 ], [ -97.57903284, 34.96161549 ], [ -97.5797879, 35.00138979 ], [ -97.5767932, 35.04116411 ], [ -97.57096568, 35.08093841 ], [ -97.56637406, 35.1035234 ], [ -97.56184672, 35.12071273 ], [ -97.54862281, 35.16048702 ], [ -97.53273299, 35.20026132 ], [ -97.52659975, 35.21390128 ], [ -97.51430118, 35.24003564 ], [ -97.49417568, 35.27980994 ], [ -97.48682545, 35.29340281 ], [ -97.47141211, 35.31958426 ], [ -97.44705114, 35.35881507 ], [ -97.44669448, 35.35935856 ], [ -97.41943736, 35.39913286 ], [ -97.40727684, 35.41624407 ], [ -97.39098776, 35.43890718 ], [ -97.36750253, 35.4705808 ], [ -97.36154686, 35.47868147 ], [ -97.33114532, 35.5184558 ], [ -97.32772823, 35.52277532 ], [ -97.30021698, 35.55823009 ], [ -97.28795392, 35.5735484 ], [ -97.26914656, 35.59800439 ], [ -97.24817962, 35.62555069 ], [ -97.23946678, 35.63777871 ], [ -97.21141366, 35.67755301 ], [ -97.20840531, 35.68184633 ], [ -97.18514557, 35.71732731 ], [ -97.168631, 35.74313133 ], [ -97.16024886, 35.75710163 ], [ -97.13670266, 35.79687592 ], [ -97.1288567, 35.81034173 ], [ -97.11448405, 35.83665024 ], [ -97.0933767, 35.87642454 ], [ -97.08908237, 35.88460783 ], [ -97.07358495, 35.91619884 ], [ -97.05460088, 35.95597316 ], [ -97.04930807, 35.96723445 ], [ -97.03680315, 35.99574746 ], [ -97.01984289, 36.03552178 ], [ -97.00953376, 36.06028603 ], [ -97.00370708, 36.07529608 ], [ -96.98858, 36.11507037 ], [ -96.97402401, 36.15484469 ], [ -96.96975946, 36.1667099 ], [ -96.96046785, 36.19461899 ], [ -96.94768153, 36.23439331 ], [ -96.93550852, 36.27416761 ], [ -96.92998515, 36.29300817 ], [ -96.92434486, 36.31394191 ], [ -96.91420048, 36.35371623 ], [ -96.90482045, 36.39349053 ], [ -96.89634178, 36.43326482 ], [ -96.89021085, 36.46630753 ], [ -96.88907396, 36.47303914 ], [ -96.88342144, 36.51281344 ], [ -96.87874515, 36.55258776 ], [ -96.87446856, 36.59236206 ], [ -96.87026922, 36.63213636 ], [ -96.86670717, 36.67191068 ], [ -96.8649817, 36.71168498 ], [ -96.86569686, 36.7514593 ], [ -96.86934785, 36.79123359 ], [ -96.87658179, 36.83100789 ], [ -96.88821732, 36.87078221 ], [ -96.89021085, 36.87578594 ], [ -96.90818505, 36.91055651 ], [ -96.92998515, 36.94070374 ], [ -96.93900592, 36.95033083 ], [ -96.96578526, 36.99010513 ], [ -96.96975946, 37.00374561 ], [ -96.9796393, 37.02987943 ], [ -96.97938139, 37.06965375 ], [ -96.97017384, 37.10942804 ], [ -96.96975946, 37.11008565 ], [ -96.92998515, 37.14343688 ], [ -96.92496909, 37.14920236 ], [ -96.89021085, 37.17130858 ], [ -96.86744268, 37.18897666 ], [ -96.85043654, 37.19847528 ], [ -96.81066223, 37.2252579 ], [ -96.80636921, 37.22875096 ], [ -96.77088793, 37.25236438 ], [ -96.74950716, 37.26852528 ], [ -96.73111362, 37.28095395 ], [ -96.69448722, 37.30829958 ], [ -96.69133932, 37.31055929 ], [ -96.65156501, 37.34216686 ], [ -96.64471984, 37.34807387 ], [ -96.61179071, 37.37731361 ], [ -96.60062106, 37.3878482 ], [ -96.5720164, 37.41817342 ], [ -96.56342339, 37.42762249 ], [ -96.53474298, 37.46739681 ], [ -96.5322421, 37.47310275 ], [ -96.51726246, 37.50717111 ], [ -96.51010444, 37.54694541 ], [ -96.51164375, 37.58671973 ], [ -96.52246126, 37.62649403 ], [ -96.52949454, 37.66626835 ], [ -96.53033064, 37.70604265 ], [ -96.52898574, 37.74581694 ], [ -96.52388824, 37.78559126 ], [ -96.51329437, 37.82536556 ], [ -96.49263102, 37.86513988 ], [ -96.49246779, 37.86534472 ], [ -96.45269349, 37.90301955 ], [ -96.45011964, 37.90491418 ], [ -96.41291916, 37.92808699 ], [ -96.38141342, 37.94468848 ], [ -96.37314485, 37.94883433 ], [ -96.33337055, 37.96833147 ], [ -96.30159675, 37.9844628 ], [ -96.29359624, 37.98887603 ], [ -96.25382194, 38.01297081 ], [ -96.23708441, 38.0242371 ], [ -96.21404763, 38.04240811 ], [ -96.1903519, 38.06401142 ], [ -96.17427333, 38.083086 ], [ -96.15987742, 38.10378571 ], [ -96.14319097, 38.14356001 ], [ -96.13470985, 38.18333433 ], [ -96.13449902, 38.18598289 ], [ -96.13188577, 38.22310863 ], [ -96.13305064, 38.26288293 ], [ -96.13449902, 38.27667456 ], [ -96.13727924, 38.30265725 ], [ -96.14388799, 38.34243155 ], [ -96.15209034, 38.38220587 ], [ -96.16138828, 38.42198016 ], [ -96.17150576, 38.46175446 ], [ -96.17427333, 38.47162034 ], [ -96.1832396, 38.50152878 ], [ -96.19550526, 38.54130308 ], [ -96.20724312, 38.5810774 ], [ -96.21404763, 38.60606034 ], [ -96.21849479, 38.6208517 ], [ -96.22932527, 38.66062599 ], [ -96.23876766, 38.70040032 ], [ -96.24613704, 38.74017461 ], [ -96.25128541, 38.77994893 ], [ -96.25382194, 38.81564465 ], [ -96.25415263, 38.81972323 ], [ -96.25456767, 38.85949753 ], [ -96.25382194, 38.87227365 ], [ -96.25240099, 38.89927185 ], [ -96.24784773, 38.93904615 ], [ -96.24093455, 38.97882044 ], [ -96.231764, 39.01859477 ], [ -96.22065998, 39.05836906 ], [ -96.21404763, 39.07984531 ], [ -96.20884238, 39.09814338 ], [ -96.19712704, 39.13791768 ], [ -96.18524612, 39.17769198 ], [ -96.17427333, 39.21181317 ], [ -96.17249214, 39.2174663 ], [ -96.16008337, 39.2572406 ], [ -96.14843587, 39.29701492 ], [ -96.13874238, 39.33678922 ], [ -96.13449902, 39.3653673 ], [ -96.13269669, 39.37656351 ], [ -96.13273877, 39.41633783 ], [ -96.13449902, 39.4242815 ], [ -96.14307514, 39.45611213 ], [ -96.16735744, 39.49588645 ], [ -96.17427333, 39.50397167 ], [ -96.20408992, 39.53566075 ], [ -96.21404763, 39.54469457 ], [ -96.24435081, 39.57543505 ], [ -96.25382194, 39.58543462 ], [ -96.27026152, 39.61520937 ], [ -96.27703763, 39.65498367 ], [ -96.26704677, 39.69475799 ], [ -96.25382194, 39.73229723 ], [ -96.25264057, 39.73453228 ], [ -96.21404763, 39.77410569 ], [ -96.17427333, 39.76591018 ], [ -96.13449902, 39.75500893 ], [ -96.09472472, 39.74642605 ], [ -96.05495041, 39.7367653 ], [ -96.04344482, 39.73453228 ], [ -96.01517611, 39.7258574 ], [ -95.9754018, 39.71948523 ], [ -95.9356275, 39.71674121 ], [ -95.89585319, 39.7172479 ], [ -95.85607889, 39.72077556 ], [ -95.81630458, 39.72719273 ], [ -95.7840367, 39.73453228 ], [ -95.77653028, 39.73619906 ], [ -95.73675595, 39.74681013 ], [ -95.69698164, 39.75953915 ], [ -95.65720734, 39.77405873 ], [ -95.65654367, 39.77430658 ], [ -95.61743303, 39.79078127 ], [ -95.57765873, 39.80804259 ], [ -95.56413357, 39.8140809 ], [ -95.53788442, 39.82883611 ], [ -95.49811012, 39.85170558 ], [ -95.49438804, 39.8538552 ], [ -95.45833581, 39.8779561 ], [ -95.43463033, 39.8936295 ], [ -95.4185615, 39.90546798 ], [ -95.37945126, 39.93340382 ], [ -95.3787872, 39.93391575 ], [ -95.33901289, 39.96346123 ], [ -95.32532505, 39.97317811 ], [ -95.29923859, 39.99263752 ], [ -95.27067905, 40.01295244 ], [ -95.25946428, 40.02127568 ], [ -95.21968998, 40.04939734 ], [ -95.2148177, 40.05272673 ], [ -95.17991567, 40.07715824 ], [ -95.15712368, 40.09250103 ], [ -95.14014137, 40.10413159 ], [ -95.10036706, 40.10244701 ], [ -95.09042107, 40.09250103 ], [ -95.09041852, 40.05272673 ], [ -95.06059273, 40.02290521 ], [ -95.05063997, 40.01295244 ], [ -95.02081843, 39.98313503 ], [ -95.01086153, 39.97317811 ], [ -95.01085921, 39.93340382 ], [ -94.98104412, 39.90359146 ], [ -94.98104412, 39.9035739 ], [ -95.01959317, 39.8936295 ], [ -95.02081843, 39.89284349 ], [ -95.06059273, 39.86737419 ], [ -95.08563459, 39.8538552 ], [ -95.10036706, 39.84482167 ], [ -95.14014137, 39.82273655 ], [ -95.15706668, 39.8140809 ], [ -95.17991567, 39.80094061 ], [ -95.21968998, 39.78055114 ], [ -95.23265031, 39.77430658 ], [ -95.25946428, 39.75970576 ], [ -95.29923859, 39.7410252 ], [ -95.31450587, 39.73453228 ], [ -95.33901289, 39.7226793 ], [ -95.3787872, 39.70673461 ], [ -95.4185615, 39.69528202 ], [ -95.4205036, 39.69475799 ], [ -95.45833581, 39.68163248 ], [ -95.49811012, 39.66818892 ], [ -95.53788442, 39.65671533 ], [ -95.54423848, 39.65498367 ], [ -95.57765873, 39.6451168 ], [ -95.61743303, 39.63516358 ], [ -95.65720734, 39.62678076 ], [ -95.69698164, 39.61950379 ], [ -95.72314678, 39.61520937 ], [ -95.73675595, 39.6123582 ], [ -95.77653028, 39.60260081 ], [ -95.81630458, 39.58825495 ], [ -95.83896589, 39.57543505 ], [ -95.85607889, 39.56362879 ], [ -95.88375753, 39.53566075 ], [ -95.89585319, 39.52572384 ], [ -95.92006614, 39.49588645 ], [ -95.9356275, 39.47728973 ], [ -95.94871515, 39.45611213 ], [ -95.97414862, 39.41633783 ], [ -95.9754018, 39.41457088 ], [ -95.99794702, 39.37656351 ], [ -96.01517611, 39.34706633 ], [ -96.02042706, 39.33678922 ], [ -96.04192804, 39.29701492 ], [ -96.05495041, 39.27220115 ], [ -96.06225504, 39.2572406 ], [ -96.08096015, 39.2174663 ], [ -96.09472472, 39.18374189 ], [ -96.0971615, 39.17769198 ], [ -96.11186315, 39.13791768 ], [ -96.12460887, 39.09814338 ], [ -96.13449902, 39.06437589 ], [ -96.1363668, 39.05836906 ], [ -96.14760014, 39.01859477 ], [ -96.15697177, 38.97882044 ], [ -96.16430566, 38.93904615 ], [ -96.16948859, 38.89927185 ], [ -96.17243709, 38.85949753 ], [ -96.17314485, 38.81972323 ], [ -96.1716332, 38.77994893 ], [ -96.16797977, 38.74017461 ], [ -96.1622051, 38.70040032 ], [ -96.15450099, 38.66062599 ], [ -96.1454312, 38.6208517 ], [ -96.13514486, 38.5810774 ], [ -96.13449902, 38.57881828 ], [ -96.12445528, 38.54130308 ], [ -96.11271624, 38.50152878 ], [ -96.10031421, 38.46175446 ], [ -96.09472472, 38.44339997 ], [ -96.08827859, 38.42198016 ], [ -96.07675503, 38.38220587 ], [ -96.06574805, 38.34243155 ], [ -96.05566233, 38.30265725 ], [ -96.05495041, 38.29918902 ], [ -96.04720787, 38.26288293 ], [ -96.04067134, 38.22310863 ], [ -96.03687088, 38.18333433 ], [ -96.03689068, 38.14356001 ], [ -96.04238244, 38.10378571 ], [ -96.05495041, 38.06704867 ], [ -96.05610779, 38.06401142 ], [ -96.08135404, 38.0242371 ], [ -96.09472472, 38.0087215 ], [ -96.1188029, 37.9844628 ], [ -96.13449902, 37.97140858 ], [ -96.17339963, 37.94468848 ], [ -96.17427333, 37.94417262 ], [ -96.21404763, 37.9233408 ], [ -96.25382194, 37.90511904 ], [ -96.25425196, 37.90491418 ], [ -96.29359624, 37.88619001 ], [ -96.33337055, 37.86549422 ], [ -96.33399084, 37.86513988 ], [ -96.37314485, 37.83993222 ], [ -96.39139053, 37.82536556 ], [ -96.41291916, 37.80220376 ], [ -96.42414381, 37.78559126 ], [ -96.43806963, 37.74581694 ], [ -96.44498348, 37.70604265 ], [ -96.44661948, 37.66626835 ], [ -96.43717124, 37.62649403 ], [ -96.43122399, 37.58671973 ], [ -96.43444795, 37.54694541 ], [ -96.44781784, 37.50717111 ], [ -96.45269349, 37.49943535 ], [ -96.47114862, 37.46739681 ], [ -96.49246779, 37.43987228 ], [ -96.50167866, 37.42762249 ], [ -96.5322421, 37.39381907 ], [ -96.53771928, 37.3878482 ], [ -96.5720164, 37.35386912 ], [ -96.57813307, 37.34807387 ], [ -96.61179071, 37.3166544 ], [ -96.62137662, 37.30829958 ], [ -96.65156501, 37.28041711 ], [ -96.66561008, 37.26852528 ], [ -96.69133932, 37.24330872 ], [ -96.70814717, 37.22875096 ], [ -96.73111362, 37.20373428 ], [ -96.74621418, 37.18897666 ], [ -96.77088793, 37.15761937 ], [ -96.77822201, 37.14920236 ], [ -96.80131799, 37.10942804 ], [ -96.81066223, 37.07597738 ], [ -96.81275646, 37.06965375 ], [ -96.81220088, 37.02987943 ], [ -96.81066223, 37.02478557 ], [ -96.80133876, 36.99010513 ], [ -96.78993988, 36.95033083 ], [ -96.78095272, 36.91055651 ], [ -96.77481696, 36.87078221 ], [ -96.77144458, 36.83100789 ], [ -96.77088793, 36.80426484 ], [ -96.77065457, 36.79123359 ], [ -96.77088793, 36.78382995 ], [ -96.77196862, 36.7514593 ], [ -96.77525037, 36.71168498 ], [ -96.77893509, 36.67191068 ], [ -96.78212609, 36.63213636 ], [ -96.78485789, 36.59236206 ], [ -96.7872422, 36.55258776 ], [ -96.78938602, 36.51281344 ], [ -96.79189593, 36.47303914 ], [ -96.79502216, 36.43326482 ], [ -96.79894533, 36.39349053 ], [ -96.80363652, 36.35371623 ], [ -96.80892591, 36.31394191 ], [ -96.81066223, 36.30191007 ], [ -96.81499439, 36.27416761 ], [ -96.82159954, 36.23439331 ], [ -96.82863602, 36.19461899 ], [ -96.83616264, 36.15484469 ], [ -96.84410629, 36.11507037 ], [ -96.85043654, 36.08458629 ], [ -96.85251524, 36.07529608 ], [ -96.86165836, 36.03552178 ], [ -96.87119444, 35.99574746 ], [ -96.88118332, 35.95597316 ], [ -96.89021085, 35.92144787 ], [ -96.89168592, 35.91619884 ], [ -96.90300572, 35.87642454 ], [ -96.91484222, 35.83665024 ], [ -96.92719769, 35.79687592 ], [ -96.92998515, 35.78804403 ], [ -96.94042747, 35.75710163 ], [ -96.9543632, 35.71732731 ], [ -96.9688376, 35.67755301 ], [ -96.96975946, 35.67505355 ], [ -96.98445739, 35.63777871 ], [ -97.00066053, 35.59800439 ], [ -97.00953376, 35.57678009 ], [ -97.01779209, 35.55823009 ], [ -97.03578751, 35.5184558 ], [ -97.04930807, 35.48918386 ], [ -97.05446899, 35.47868147 ], [ -97.07416038, 35.43890718 ], [ -97.08908237, 35.4092882 ], [ -97.09451495, 35.39913286 ], [ -97.11576069, 35.35935856 ], [ -97.1288567, 35.33453804 ], [ -97.13708776, 35.31958426 ], [ -97.15814182, 35.27980994 ], [ -97.168631, 35.25907432 ], [ -97.17855184, 35.24003564 ], [ -97.19831742, 35.20026132 ], [ -97.20840531, 35.17905097 ], [ -97.21748361, 35.16048702 ], [ -97.2359076, 35.12071273 ], [ -97.24817962, 35.09310077 ], [ -97.25372598, 35.08093841 ], [ -97.27073289, 35.04116411 ], [ -97.28673541, 35.00138979 ], [ -97.28795392, 34.99809657 ], [ -97.30168078, 34.96161549 ], [ -97.31539143, 34.92184119 ], [ -97.32772823, 34.88278833 ], [ -97.32795546, 34.88206687 ], [ -97.33819062, 34.84229257 ], [ -97.34704859, 34.80251825 ], [ -97.35382149, 34.76274396 ], [ -97.35721823, 34.72296966 ], [ -97.35819122, 34.68319534 ], [ -97.35804317, 34.64342104 ], [ -97.35902131, 34.60364674 ], [ -97.36245363, 34.56387242 ], [ -97.36750253, 34.53744005 ], [ -97.37013224, 34.52409812 ], [ -97.38465089, 34.4843238 ], [ -97.40727684, 34.44972576 ], [ -97.41127048, 34.44454951 ], [ -97.44705114, 34.4156873 ], [ -97.46566922, 34.40477521 ], [ -97.48682545, 34.39634746 ], [ -97.52659975, 34.38526188 ], [ -97.56637406, 34.37849177 ], [ -97.60614836, 34.37484115 ], [ -97.64592267, 34.37332119 ], [ -97.68569697, 34.37329487 ], [ -97.72547128, 34.37419514 ], [ -97.76524558, 34.37559244 ], [ -97.80501989, 34.37714775 ], [ -97.84479422, 34.37865919 ], [ -97.88456852, 34.37983107 ], [ -97.92434283, 34.38049944 ], [ -97.96411713, 34.38050205 ], [ -98.00389144, 34.37967186 ], [ -98.04366574, 34.37789933 ], [ -98.08344005, 34.37509228 ], [ -98.12321435, 34.37115741 ], [ -98.16298866, 34.36604623 ], [ -98.16894173, 34.36500089 ], [ -98.20276296, 34.35954738 ], [ -98.24253727, 34.3518648 ], [ -98.28231157, 34.34318784 ], [ -98.32208588, 34.33378078 ], [ -98.35650603, 34.32522659 ], [ -98.36186019, 34.32399992 ], [ -98.40163449, 34.31560074 ], [ -98.4414088, 34.30998247 ], [ -98.4811831, 34.31706658 ], [ -98.49474425, 34.32522659 ], [ -98.52095743, 34.33941183 ], [ -98.56073173, 34.35624473 ], [ -98.59178403, 34.36500089 ], [ -98.60050604, 34.36828215 ], [ -98.64028035, 34.37396243 ], [ -98.68005465, 34.37364838 ], [ -98.71982896, 34.3666164 ], [ -98.72446992, 34.36500089 ], [ -98.75960326, 34.35388609 ], [ -98.79937757, 34.33604425 ], [ -98.81812568, 34.32522659 ], [ -98.83915187, 34.31041432 ], [ -98.86807546, 34.28545227 ], [ -98.87892618, 34.27121679 ], [ -98.89658914, 34.24567797 ], [ -98.91870048, 34.21182519 ], [ -98.92240381, 34.20590368 ], [ -98.94799596, 34.16612935 ], [ -98.95847479, 34.15062582 ], [ -98.97423641, 34.12635506 ], [ -98.99824909, 34.09087258 ], [ -99.00106171, 34.08658074 ], [ -99.02760955, 34.04680644 ], [ -99.0380234, 34.0316154 ], [ -99.05456658, 34.00703214 ], [ -99.0777977, 33.97277745 ], [ -99.08155179, 33.96725782 ], [ -99.10749317, 33.92748352 ], [ -99.11757201, 33.91177917 ], [ -99.13368906, 33.8877092 ], [ -99.15734631, 33.85150356 ], [ -99.15981271, 33.8479349 ], [ -99.18491451, 33.80816061 ], [ -99.19712064, 33.78754379 ], [ -99.20905305, 33.76838629 ], [ -99.23080017, 33.72861199 ], [ -99.23689495, 33.71533631 ], [ -99.24935992, 33.68883769 ], [ -99.26489384, 33.64906337 ], [ -99.27666925, 33.6114245 ], [ -99.27735404, 33.60928907 ], [ -99.2853842, 33.56951475 ], [ -99.28997237, 33.52974045 ], [ -99.29084122, 33.48996616 ], [ -99.28830912, 33.45019184 ], [ -99.28206166, 33.41041754 ], [ -99.27666925, 33.38921228 ], [ -99.27116178, 33.37064322 ], [ -99.2551238, 33.33086892 ], [ -99.23689495, 33.29608223 ], [ -99.23396822, 33.29109462 ], [ -99.20717156, 33.2513203 ], [ -99.19712064, 33.23814359 ], [ -99.17531811, 33.211546 ], [ -99.15734631, 33.19010069 ], [ -99.14185521, 33.17177168 ], [ -99.11757201, 33.14234761 ], [ -99.10890707, 33.13199739 ], [ -99.0777977, 33.0941204 ], [ -99.07621429, 33.09222309 ], [ -99.04350641, 33.05244877 ], [ -99.0380234, 33.04572376 ], [ -99.01058336, 33.01267447 ], [ -98.99824909, 32.99776395 ], [ -98.97723146, 32.97290015 ], [ -98.95847479, 32.95067003 ], [ -98.94336499, 32.93312585 ], [ -98.91870048, 32.90454057 ], [ -98.90884178, 32.89335156 ], [ -98.87892618, 32.8595243 ], [ -98.87356197, 32.85357723 ], [ -98.83915187, 32.81563793 ], [ -98.83742443, 32.81380294 ], [ -98.80026675, 32.77402864 ], [ -98.79937757, 32.77307983 ], [ -98.76112194, 32.73425432 ], [ -98.75960326, 32.73269558 ], [ -98.72019089, 32.69448002 ], [ -98.71982896, 32.69412766 ], [ -98.68005465, 32.65769188 ], [ -98.67666598, 32.6547057 ], [ -98.64028035, 32.62214262 ], [ -98.63189442, 32.6149314 ], [ -98.60050604, 32.58756726 ], [ -98.5858052, 32.57515711 ], [ -98.56073173, 32.55369414 ], [ -98.53872292, 32.53538278 ], [ -98.52095743, 32.5204526 ], [ -98.49066715, 32.49560849 ], [ -98.4811831, 32.48778222 ], [ -98.44197292, 32.45583417 ], [ -98.4414088, 32.4553735 ], [ -98.40163449, 32.42396465 ], [ -98.39151302, 32.41605987 ], [ -98.36186019, 32.39280512 ], [ -98.34045588, 32.37628557 ], [ -98.32208588, 32.3621079 ], [ -98.28846834, 32.33651125 ], [ -98.28231157, 32.33181368 ], [ -98.24253727, 32.30192258 ], [ -98.23556953, 32.29673695 ], [ -98.20276296, 32.27237233 ], [ -98.16298866, 32.28678947 ], [ -98.16298866, 32.28677191 ], [ -98.19280296, 32.25696263 ], [ -98.1928059, 32.21718833 ], [ -98.20276296, 32.20723128 ], [ -98.23258543, 32.17741404 ], [ -98.24253727, 32.1674622 ], [ -98.27236505, 32.13763972 ], [ -98.28231157, 32.12769319 ], [ -98.32208588, 32.1292368 ], [ -98.33304907, 32.13763972 ], [ -98.36186019, 32.15985558 ], [ -98.38422364, 32.17741404 ], [ -98.40163449, 32.19113914 ], [ -98.43401646, 32.21718833 ], [ -98.4414088, 32.22314703 ], [ -98.4811831, 32.25584807 ], [ -98.48250349, 32.25696263 ], [ -98.52095743, 32.28942276 ], [ -98.52941927, 32.29673695 ], [ -98.56073173, 32.3239125 ], [ -98.57494863, 32.33651125 ], [ -98.60050604, 32.35920584 ], [ -98.61930909, 32.37628557 ], [ -98.64028035, 32.39541277 ], [ -98.66256826, 32.41605987 ], [ -98.68005465, 32.4323925 ], [ -98.70471677, 32.45583417 ], [ -98.71982896, 32.47028793 ], [ -98.74590688, 32.49560849 ], [ -98.75960326, 32.50904645 ], [ -98.78605052, 32.53538278 ], [ -98.79937757, 32.5487662 ], [ -98.82516866, 32.57515711 ], [ -98.83915187, 32.58958749 ], [ -98.86331095, 32.6149314 ], [ -98.87892618, 32.63148892 ], [ -98.9004714, 32.6547057 ], [ -98.91870048, 32.67465003 ], [ -98.93653964, 32.69448002 ], [ -98.95847479, 32.71929753 ], [ -98.97146436, 32.73425432 ], [ -98.99824909, 32.76565499 ], [ -99.00528295, 32.77402864 ], [ -99.03780494, 32.81380294 ], [ -99.0380234, 32.81406976 ], [ -99.07007449, 32.85357723 ], [ -99.0777977, 32.8633099 ], [ -99.1012577, 32.89335156 ], [ -99.11757201, 32.91453016 ], [ -99.13172165, 32.93312585 ], [ -99.15734631, 32.96711419 ], [ -99.16165589, 32.97290015 ], [ -99.19132502, 33.01267447 ], [ -99.19712064, 33.0203977 ], [ -99.22101413, 33.05244877 ], [ -99.23689495, 33.07351943 ], [ -99.25099181, 33.09222309 ], [ -99.27666925, 33.1256366 ], [ -99.28158155, 33.13199739 ], [ -99.31083803, 33.17177168 ], [ -99.31644356, 33.18046949 ], [ -99.33460348, 33.211546 ], [ -99.35261668, 33.2513203 ], [ -99.35621786, 33.2617496 ], [ -99.3650881, 33.29109462 ], [ -99.37260532, 33.33086892 ], [ -99.37589394, 33.37064322 ] ] ] } },
{ "type": "Feature", "properties": { "Lower": 40.0 }, "geometry": { "type": "Polygon", "coordinates": [ [ [ -99.8592183, 40.80843855 ], [ -99.85725067, 40.84821287 ], [ -99.85345595, 40.88798717 ], [ -99.84855394, 40.92776149 ], [ -99.84297204, 40.96753579 ], [ -99.83689411, 41.00731008 ], [ -99.83350953, 41.02865881 ], [ -99.8303871, 41.0470844 ], [ -99.82150925, 41.0868587 ], [ -99.80873131, 41.12663302 ], [ -99.79373522, 41.1650907 ], [ -99.79314935, 41.16640732 ], [ -99.77436267, 41.20618162 ], [ -99.75472373, 41.24595594 ], [ -99.75396091, 41.24748527 ], [ -99.73326602, 41.28573023 ], [ -99.71418661, 41.32064726 ], [ -99.71130302, 41.32550456 ], [ -99.68757603, 41.36527885 ], [ -99.6744123, 41.38723952 ], [ -99.66283338, 41.40505315 ], [ -99.6373277, 41.44482747 ], [ -99.634638, 41.44908618 ], [ -99.61056762, 41.48460177 ], [ -99.59486369, 41.5085963 ], [ -99.58372176, 41.52437607 ], [ -99.55661322, 41.56415039 ], [ -99.55508939, 41.56644427 ], [ -99.52819523, 41.60392468 ], [ -99.51531508, 41.62256875 ], [ -99.49931263, 41.64369901 ], [ -99.47554078, 41.67616476 ], [ -99.4696195, 41.6834733 ], [ -99.43847463, 41.7232476 ], [ -99.43576647, 41.72682569 ], [ -99.404981, 41.76302192 ], [ -99.39599217, 41.7739208 ], [ -99.36881531, 41.80279622 ], [ -99.35621786, 41.81652429 ], [ -99.32800099, 41.84257054 ], [ -99.31644356, 41.85351971 ], [ -99.27931317, 41.88234484 ], [ -99.27666925, 41.88443869 ], [ -99.23689495, 41.90854827 ], [ -99.20522893, 41.92211913 ], [ -99.19712064, 41.925642 ], [ -99.15734631, 41.93542647 ], [ -99.11757201, 41.93776088 ], [ -99.0777977, 41.93258649 ], [ -99.04205572, 41.92211913 ], [ -99.0380234, 41.92092974 ], [ -98.99824909, 41.90364842 ], [ -98.9611044, 41.88234484 ], [ -98.95847479, 41.88080263 ], [ -98.91870048, 41.85306946 ], [ -98.9056262, 41.84257054 ], [ -98.87892618, 41.82045968 ], [ -98.85960201, 41.80279622 ], [ -98.83915187, 41.78334351 ], [ -98.81931422, 41.76302192 ], [ -98.79937757, 41.7417337 ], [ -98.78297625, 41.7232476 ], [ -98.75960326, 41.69549205 ], [ -98.74998841, 41.6834733 ], [ -98.72067286, 41.64369901 ], [ -98.71982896, 41.64252698 ], [ -98.6924415, 41.60392468 ], [ -98.68005465, 41.58440217 ], [ -98.66746561, 41.56415039 ], [ -98.64486034, 41.52437607 ], [ -98.64028035, 41.51551343 ], [ -98.62451738, 41.48460177 ], [ -98.60682724, 41.44482747 ], [ -98.60050604, 41.42854245 ], [ -98.5913884, 41.40505315 ], [ -98.5789698, 41.36527885 ], [ -98.56923999, 41.32550456 ], [ -98.56254495, 41.28573023 ], [ -98.56073173, 41.26675326 ], [ -98.55871892, 41.24595594 ], [ -98.55849118, 41.20618162 ], [ -98.56073173, 41.17686889 ], [ -98.56148347, 41.16640732 ], [ -98.56712323, 41.12663302 ], [ -98.57505904, 41.0868587 ], [ -98.58511617, 41.0470844 ], [ -98.59735284, 41.00731008 ], [ -98.60050604, 40.99818834 ], [ -98.60983499, 40.96753579 ], [ -98.62287263, 40.92776149 ], [ -98.63536664, 40.88798717 ], [ -98.64028035, 40.86939241 ], [ -98.64449973, 40.84821287 ], [ -98.65024829, 40.80843855 ], [ -98.65674713, 40.76866425 ], [ -98.66432905, 40.72888995 ], [ -98.67334385, 40.68911563 ], [ -98.68005465, 40.66427573 ], [ -98.68376058, 40.64934134 ], [ -98.69625475, 40.60956704 ], [ -98.71607181, 40.56979272 ], [ -98.71982896, 40.56543975 ], [ -98.74824119, 40.53001842 ], [ -98.75960326, 40.51760346 ], [ -98.7836237, 40.4902441 ], [ -98.79937757, 40.47421868 ], [ -98.82272401, 40.4504698 ], [ -98.83915187, 40.43498665 ], [ -98.86601809, 40.4106955 ], [ -98.87892618, 40.39935079 ], [ -98.91629076, 40.37092118 ], [ -98.91870048, 40.36907624 ], [ -98.95847479, 40.34265739 ], [ -98.98080023, 40.33114689 ], [ -98.99824909, 40.3222514 ], [ -99.0380234, 40.31069285 ], [ -99.0777977, 40.30681478 ], [ -99.11757201, 40.30966686 ], [ -99.15734631, 40.31914419 ], [ -99.18655819, 40.33114689 ], [ -99.19712064, 40.33448482 ], [ -99.23689495, 40.35314903 ], [ -99.26686372, 40.37092118 ], [ -99.27666925, 40.37565881 ], [ -99.31644356, 40.39812255 ], [ -99.33734953, 40.4106955 ], [ -99.35621786, 40.42189681 ], [ -99.39599217, 40.44576431 ], [ -99.40407126, 40.4504698 ], [ -99.43576647, 40.47011283 ], [ -99.47192673, 40.4902441 ], [ -99.47554078, 40.49234436 ], [ -99.51531508, 40.51130026 ], [ -99.55508939, 40.52510433 ], [ -99.57108495, 40.53001842 ], [ -99.59486369, 40.53773741 ], [ -99.634638, 40.55093582 ], [ -99.6744123, 40.56568861 ], [ -99.68442267, 40.56979272 ], [ -99.71418661, 40.58416566 ], [ -99.75396091, 40.60625683 ], [ -99.75917489, 40.60956704 ], [ -99.79373522, 40.63782559 ], [ -99.80578277, 40.64934134 ], [ -99.83350953, 40.6864594 ], [ -99.83528037, 40.68911563 ], [ -99.8513236, 40.72888995 ], [ -99.85812073, 40.76866425 ], [ -99.8592183, 40.80843855 ] ], [ [ -99.61152116, 40.80843855 ], [ -99.60868115, 40.84821287 ], [ -99.60104634, 40.88798717 ], [ -99.59486369, 40.90327342 ], [ -99.58145855, 40.92776149 ], [ -99.55508939, 40.96672779 ], [ -99.55442524, 40.96753579 ], [ -99.51978656, 41.00731008 ], [ -99.51531508, 41.01235353 ], [ -99.47866659, 41.0470844 ], [ -99.47554078, 41.05002953 ], [ -99.43576647, 41.08042136 ], [ -99.42473102, 41.0868587 ], [ -99.39599217, 41.10392788 ], [ -99.35621786, 41.12126447 ], [ -99.33566043, 41.12663302 ], [ -99.31644356, 41.13181659 ], [ -99.27666925, 41.13541925 ], [ -99.23689495, 41.13067189 ], [ -99.22495374, 41.12663302 ], [ -99.19712064, 41.11639053 ], [ -99.15734631, 41.09056507 ], [ -99.15336542, 41.0868587 ], [ -99.11757201, 41.04968911 ], [ -99.11566433, 41.0470844 ], [ -99.0897805, 41.00731008 ], [ -99.0777977, 40.98591226 ], [ -99.06940853, 40.96753579 ], [ -99.05425935, 40.92776149 ], [ -99.04341406, 40.88798717 ], [ -99.0380234, 40.85388126 ], [ -99.03730907, 40.84821287 ], [ -99.0380234, 40.82934171 ], [ -99.03885911, 40.80843855 ], [ -99.04166903, 40.76866425 ], [ -99.04419546, 40.72888995 ], [ -99.04609597, 40.68911563 ], [ -99.04737544, 40.64934134 ], [ -99.05339542, 40.60956704 ], [ -99.07707785, 40.56979272 ], [ -99.0777977, 40.56913159 ], [ -99.11757201, 40.5406327 ], [ -99.13844433, 40.53001842 ], [ -99.15734631, 40.52326441 ], [ -99.19712064, 40.51569182 ], [ -99.23689495, 40.51524659 ], [ -99.27666925, 40.52146909 ], [ -99.30300319, 40.53001842 ], [ -99.31644356, 40.53490815 ], [ -99.35621786, 40.55806917 ], [ -99.37237317, 40.56979272 ], [ -99.39599217, 40.58915602 ], [ -99.42808308, 40.60956704 ], [ -99.43576647, 40.61446278 ], [ -99.47554078, 40.63461046 ], [ -99.51078366, 40.64934134 ], [ -99.51531508, 40.65184829 ], [ -99.55508939, 40.67549197 ], [ -99.57575834, 40.68911563 ], [ -99.59486369, 40.7156647 ], [ -99.60346943, 40.72888995 ], [ -99.61105042, 40.76866425 ], [ -99.61152116, 40.80843855 ] ] ] } },
{ "type": "Feature", "properties": { "Lower": 40.0 }, "geometry": { "type": "Polygon", "coordinates": [ [ [ -101.3272341, 34.80251825 ], [ -101.32421173, 34.84229257 ], [ -101.31766081, 34.88206687 ], [ -101.30876184, 34.92184119 ], [ -101.30515889, 34.93294838 ], [ -101.29660233, 34.96161549 ], [ -101.27994251, 35.00138979 ], [ -101.26538458, 35.02908526 ], [ -101.25923807, 35.04116411 ], [ -101.23499442, 35.08093841 ], [ -101.22561028, 35.09434436 ], [ -101.20749596, 35.12071273 ], [ -101.18583595, 35.1490337 ], [ -101.17716447, 35.16048702 ], [ -101.14606164, 35.19799881 ], [ -101.14419507, 35.20026132 ], [ -101.10873486, 35.24003564 ], [ -101.10628734, 35.24267174 ], [ -101.07208426, 35.27980994 ], [ -101.06651303, 35.28577567 ], [ -101.0349401, 35.31958426 ], [ -101.02673873, 35.32830611 ], [ -100.99730205, 35.35935856 ], [ -100.98696442, 35.37047333 ], [ -100.95982331, 35.39913286 ], [ -100.94719012, 35.41278303 ], [ -100.9223544, 35.43890718 ], [ -100.90741581, 35.4552038 ], [ -100.88505809, 35.47868147 ], [ -100.86764151, 35.49760242 ], [ -100.84755906, 35.5184558 ], [ -100.8278672, 35.53950971 ], [ -100.80936617, 35.55823009 ], [ -100.7880929, 35.58023391 ], [ -100.76972886, 35.59800439 ], [ -100.74831859, 35.61910632 ], [ -100.72778748, 35.63777871 ], [ -100.70854429, 35.65549849 ], [ -100.68234078, 35.67755301 ], [ -100.66876998, 35.68911966 ], [ -100.63213882, 35.71732731 ], [ -100.62899568, 35.71981055 ], [ -100.58922137, 35.74798211 ], [ -100.57476127, 35.75710163 ], [ -100.54944707, 35.77345509 ], [ -100.50967274, 35.79589424 ], [ -100.50766494, 35.79687592 ], [ -100.46989843, 35.81584493 ], [ -100.43012413, 35.83261274 ], [ -100.41681866, 35.83665024 ], [ -100.39034982, 35.84508955 ], [ -100.35057552, 35.85297766 ], [ -100.31080121, 35.85621875 ], [ -100.27102691, 35.85501529 ], [ -100.2312526, 35.84921624 ], [ -100.1914783, 35.84010125 ], [ -100.17893831, 35.83665024 ], [ -100.15170399, 35.8294307 ], [ -100.11192969, 35.81706392 ], [ -100.07215538, 35.80318434 ], [ -100.05555661, 35.79687592 ], [ -100.03238107, 35.7884322 ], [ -99.99260677, 35.77330903 ], [ -99.95700701, 35.75710163 ], [ -99.95283246, 35.75516541 ], [ -99.91305816, 35.73295139 ], [ -99.88997861, 35.71732731 ], [ -99.87328385, 35.70556292 ], [ -99.8402514, 35.67755301 ], [ -99.83350953, 35.67146223 ], [ -99.80270495, 35.63777871 ], [ -99.79373522, 35.62688464 ], [ -99.77302468, 35.59800439 ], [ -99.75396091, 35.56811069 ], [ -99.74798603, 35.55823009 ], [ -99.72668579, 35.5184558 ], [ -99.71418661, 35.49085853 ], [ -99.70893072, 35.47868147 ], [ -99.69475958, 35.43890718 ], [ -99.68395788, 35.39913286 ], [ -99.67637529, 35.35935856 ], [ -99.6744123, 35.34284478 ], [ -99.67171849, 35.31958426 ], [ -99.66980678, 35.27980994 ], [ -99.67048026, 35.24003564 ], [ -99.67347432, 35.20026132 ], [ -99.6744123, 35.19301661 ], [ -99.67844533, 35.16048702 ], [ -99.68511359, 35.12071273 ], [ -99.69281768, 35.08093841 ], [ -99.70105969, 35.04116411 ], [ -99.7097369, 35.00138979 ], [ -99.71418661, 34.98141101 ], [ -99.71827751, 34.96161549 ], [ -99.72630246, 34.92184119 ], [ -99.73367481, 34.88206687 ], [ -99.73974963, 34.84229257 ], [ -99.74299566, 34.80251825 ], [ -99.74454853, 34.76274396 ], [ -99.74947758, 34.72296966 ], [ -99.75396091, 34.70665239 ], [ -99.76009257, 34.68319534 ], [ -99.77831465, 34.64342104 ], [ -99.79373522, 34.61641518 ], [ -99.8011422, 34.60364674 ], [ -99.82940258, 34.56387242 ], [ -99.83350953, 34.55900276 ], [ -99.87178613, 34.52409812 ], [ -99.87328385, 34.52289428 ], [ -99.91305816, 34.49784612 ], [ -99.9404675, 34.4843238 ], [ -99.95283246, 34.47853751 ], [ -99.99260677, 34.46372015 ], [ -100.03238107, 34.4522101 ], [ -100.06753335, 34.44454951 ], [ -100.07215538, 34.44358065 ], [ -100.11192969, 34.4377072 ], [ -100.15170399, 34.43403392 ], [ -100.1914783, 34.43232247 ], [ -100.2312526, 34.43245003 ], [ -100.27102691, 34.43451912 ], [ -100.31080121, 34.43845038 ], [ -100.35057552, 34.44400336 ], [ -100.35385538, 34.44454951 ], [ -100.39034982, 34.45052136 ], [ -100.43012413, 34.45770629 ], [ -100.46989843, 34.46537078 ], [ -100.50967274, 34.47379465 ], [ -100.54944707, 34.48316039 ], [ -100.55396415, 34.4843238 ], [ -100.58922137, 34.49347593 ], [ -100.62899568, 34.50435275 ], [ -100.66876998, 34.51557794 ], [ -100.69829178, 34.52409812 ], [ -100.70854429, 34.52722598 ], [ -100.74831859, 34.53959283 ], [ -100.7880929, 34.55199769 ], [ -100.82628553, 34.56387242 ], [ -100.8278672, 34.56440263 ], [ -100.86764151, 34.57765772 ], [ -100.90741581, 34.59065437 ], [ -100.94719012, 34.60335515 ], [ -100.94813841, 34.60364674 ], [ -100.98696442, 34.61699444 ], [ -101.02673873, 34.63014143 ], [ -101.06651303, 34.6426952 ], [ -101.06903162, 34.64342104 ], [ -101.10628734, 34.65644344 ], [ -101.14606164, 34.66955924 ], [ -101.18583595, 34.68183522 ], [ -101.19096905, 34.68319534 ], [ -101.22561028, 34.69691238 ], [ -101.26538458, 34.71402663 ], [ -101.28560364, 34.72296966 ], [ -101.30515889, 34.74264714 ], [ -101.32131709, 34.76274396 ], [ -101.3272341, 34.80251825 ] ], [ [ -101.07777626, 34.92184119 ], [ -101.07445225, 34.96161549 ], [ -101.06651303, 34.9924197 ], [ -101.0641722, 35.00138979 ], [ -101.04785604, 35.04116411 ], [ -101.0270347, 35.08093841 ], [ -101.02673873, 35.08140612 ], [ -101.00152019, 35.12071273 ], [ -100.98696442, 35.14068734 ], [ -100.97227435, 35.16048702 ], [ -100.94719012, 35.19113185 ], [ -100.93957912, 35.20026132 ], [ -100.90741581, 35.23586022 ], [ -100.90355618, 35.24003564 ], [ -100.86764151, 35.27752553 ], [ -100.86538188, 35.27980994 ], [ -100.8278672, 35.31676354 ], [ -100.82490069, 35.31958426 ], [ -100.7880929, 35.35370806 ], [ -100.78172612, 35.35935856 ], [ -100.74831859, 35.38840271 ], [ -100.7353043, 35.39913286 ], [ -100.70854429, 35.42137776 ], [ -100.68612511, 35.43890718 ], [ -100.66876998, 35.45261811 ], [ -100.63315491, 35.47868147 ], [ -100.62899568, 35.48174433 ], [ -100.58922137, 35.5082434 ], [ -100.57212834, 35.5184558 ], [ -100.54944707, 35.53192125 ], [ -100.50967274, 35.55258009 ], [ -100.49676235, 35.55823009 ], [ -100.46989843, 35.56996185 ], [ -100.43012413, 35.58245016 ], [ -100.39034982, 35.59018611 ], [ -100.35057552, 35.59380583 ], [ -100.31080121, 35.59336921 ], [ -100.27102691, 35.5891589 ], [ -100.2312526, 35.58152972 ], [ -100.1914783, 35.57213049 ], [ -100.15170399, 35.56148513 ], [ -100.14154288, 35.55823009 ], [ -100.11192969, 35.54833684 ], [ -100.07215538, 35.53157202 ], [ -100.04715256, 35.5184558 ], [ -100.03238107, 35.51010018 ], [ -99.99260677, 35.48267041 ], [ -99.98770828, 35.47868147 ], [ -99.95283246, 35.44681577 ], [ -99.94565063, 35.43890718 ], [ -99.91545152, 35.39913286 ], [ -99.91305816, 35.39518973 ], [ -99.89539596, 35.35935856 ], [ -99.8813289, 35.31958426 ], [ -99.87328385, 35.28782727 ], [ -99.87138314, 35.27980994 ], [ -99.86510998, 35.24003564 ], [ -99.86181036, 35.20026132 ], [ -99.86117413, 35.16048702 ], [ -99.86227065, 35.12071273 ], [ -99.86426077, 35.08093841 ], [ -99.86658092, 35.04116411 ], [ -99.86865291, 35.00138979 ], [ -99.87006031, 34.96161549 ], [ -99.87048321, 34.92184119 ], [ -99.86909376, 34.88206687 ], [ -99.86632398, 34.84229257 ], [ -99.86458742, 34.80251825 ], [ -99.86485761, 34.76274396 ], [ -99.86879655, 34.72296966 ], [ -99.87328385, 34.70642719 ], [ -99.88062021, 34.68319534 ], [ -99.90485244, 34.64342104 ], [ -99.91305816, 34.63444146 ], [ -99.95158049, 34.60364674 ], [ -99.95283246, 34.60283734 ], [ -99.99260677, 34.58291229 ], [ -100.03238107, 34.56752742 ], [ -100.04466191, 34.56387242 ], [ -100.07215538, 34.55652124 ], [ -100.11192969, 34.54875266 ], [ -100.15170399, 34.54367498 ], [ -100.1914783, 34.54115834 ], [ -100.2312526, 34.54123645 ], [ -100.27102691, 34.54342978 ], [ -100.31080121, 34.54720466 ], [ -100.35057552, 34.55215803 ], [ -100.39034982, 34.55787028 ], [ -100.42808809, 34.56387242 ], [ -100.43012413, 34.564232 ], [ -100.46989843, 34.57241615 ], [ -100.50967274, 34.58146806 ], [ -100.54944707, 34.59119123 ], [ -100.58922137, 34.60152229 ], [ -100.59688199, 34.60364674 ], [ -100.62899568, 34.61347446 ], [ -100.66876998, 34.62619984 ], [ -100.70854429, 34.63921284 ], [ -100.7209653, 34.64342104 ], [ -100.74831859, 34.65385091 ], [ -100.7880929, 34.66931966 ], [ -100.82310029, 34.68319534 ], [ -100.8278672, 34.68540953 ], [ -100.86764151, 34.70426956 ], [ -100.90646327, 34.72296966 ], [ -100.90741581, 34.72351901 ], [ -100.94719012, 34.74711676 ], [ -100.97273037, 34.76274396 ], [ -100.98696442, 34.77372365 ], [ -101.02205798, 34.80251825 ], [ -101.02673873, 34.80780475 ], [ -101.05472407, 34.84229257 ], [ -101.06651303, 34.8682905 ], [ -101.07229118, 34.88206687 ], [ -101.07777626, 34.92184119 ] ] ] } },
{ "type": "Feature", "properties": { "Lower": 40.0 }, "geometry": { "type": "Polygon", "coordinates": [ [ [ -97.48247517, 40.56979272 ], [ -97.48210495, 40.60956704 ], [ -97.47602978, 40.64934134 ], [ -97.46475929, 40.68911563 ], [ -97.44891521, 40.72888995 ], [ -97.44705114, 40.732618 ], [ -97.42785741, 40.76866425 ], [ -97.40727684, 40.80167894 ], [ -97.40283224, 40.80843855 ], [ -97.37404474, 40.84821287 ], [ -97.36750253, 40.85647661 ], [ -97.34184421, 40.88798717 ], [ -97.32772823, 40.90418579 ], [ -97.30657924, 40.92776149 ], [ -97.28795392, 40.94755117 ], [ -97.26886432, 40.96753579 ], [ -97.24817962, 40.98822052 ], [ -97.22880072, 41.00731008 ], [ -97.20840531, 41.02653979 ], [ -97.18661529, 41.0470844 ], [ -97.168631, 41.06357019 ], [ -97.14283467, 41.0868587 ], [ -97.1288567, 41.09897293 ], [ -97.09694115, 41.12663302 ], [ -97.08908237, 41.13335428 ], [ -97.05151935, 41.16640732 ], [ -97.04930807, 41.16823578 ], [ -97.00953376, 41.19981966 ], [ -97.0017351, 41.20618162 ], [ -96.96975946, 41.23159759 ], [ -96.95109371, 41.24595594 ], [ -96.92998515, 41.26198779 ], [ -96.89764616, 41.28573023 ], [ -96.89021085, 41.29105438 ], [ -96.85043654, 41.31930576 ], [ -96.84148257, 41.32550456 ], [ -96.81066223, 41.34657115 ], [ -96.78277759, 41.36527885 ], [ -96.77088793, 41.37315584 ], [ -96.73111362, 41.39980719 ], [ -96.72303451, 41.40505315 ], [ -96.69133932, 41.42536981 ], [ -96.66158086, 41.44482747 ], [ -96.65156501, 41.45129343 ], [ -96.61179071, 41.47719288 ], [ -96.60029944, 41.48460177 ], [ -96.5720164, 41.50260015 ], [ -96.53848174, 41.52437607 ], [ -96.5322421, 41.52842783 ], [ -96.49246779, 41.55385342 ], [ -96.476917, 41.56415039 ], [ -96.45269349, 41.57997659 ], [ -96.41677183, 41.60392468 ], [ -96.41291916, 41.60645936 ], [ -96.37314485, 41.63256428 ], [ -96.35644304, 41.64369901 ], [ -96.33337055, 41.65908041 ], [ -96.29824459, 41.6834733 ], [ -96.29359624, 41.68661413 ], [ -96.25382194, 41.71393401 ], [ -96.24070688, 41.7232476 ], [ -96.21404763, 41.74164611 ], [ -96.17427333, 41.73319166 ], [ -96.16432926, 41.7232476 ], [ -96.16432887, 41.6834733 ], [ -96.13449902, 41.65364405 ], [ -96.12455398, 41.64369901 ], [ -96.09472472, 41.61387026 ], [ -96.08477914, 41.60392468 ], [ -96.08477887, 41.56415039 ], [ -96.05495041, 41.53432236 ], [ -96.04500414, 41.52437607 ], [ -96.01517611, 41.49454839 ], [ -96.00522949, 41.48460177 ], [ -96.0052293, 41.44482747 ], [ -95.9754018, 41.41500018 ], [ -95.96545477, 41.40505315 ], [ -95.9356275, 41.37522608 ], [ -95.92568028, 41.36527885 ], [ -95.92568021, 41.32550456 ], [ -95.89585319, 41.2956776 ], [ -95.88590581, 41.28573023 ], [ -95.85607889, 41.25590333 ], [ -95.84613148, 41.24595594 ], [ -95.84613153, 41.20618162 ], [ -95.81630458, 41.17635459 ], [ -95.80635731, 41.16640732 ], [ -95.80635741, 41.12663302 ], [ -95.77653028, 41.09680566 ], [ -95.76658331, 41.0868587 ], [ -95.73675595, 41.05703105 ], [ -95.72680931, 41.0470844 ], [ -95.72680956, 41.00731008 ], [ -95.69698164, 40.97748169 ], [ -95.68703574, 40.96753579 ], [ -95.65720734, 40.93770675 ], [ -95.64726207, 40.92776149 ], [ -95.64726255, 40.88798717 ], [ -95.61743303, 40.85815684 ], [ -95.60748908, 40.84821287 ], [ -95.61743303, 40.82417867 ], [ -95.64719634, 40.80843855 ], [ -95.65720734, 40.80343317 ], [ -95.69698164, 40.78287475 ], [ -95.72337218, 40.76866425 ], [ -95.73675595, 40.76185053 ], [ -95.77653028, 40.74069205 ], [ -95.79753384, 40.72888995 ], [ -95.81630458, 40.71908939 ], [ -95.85607889, 40.69735165 ], [ -95.87029293, 40.68911563 ], [ -95.89585319, 40.67545441 ], [ -95.9356275, 40.65265262 ], [ -95.9411462, 40.64934134 ], [ -95.9754018, 40.63065612 ], [ -96.01084305, 40.60956704 ], [ -96.01517611, 40.60725603 ], [ -96.05495041, 40.58475707 ], [ -96.07889329, 40.56979272 ], [ -96.09472472, 40.5609974 ], [ -96.13449902, 40.53718873 ], [ -96.14517473, 40.53001842 ], [ -96.17427333, 40.51312233 ], [ -96.20870199, 40.4902441 ], [ -96.21404763, 40.48720213 ], [ -96.25382194, 40.46200861 ], [ -96.26914525, 40.4504698 ], [ -96.29359624, 40.43518778 ], [ -96.32540471, 40.4106955 ], [ -96.33337055, 40.40566787 ], [ -96.37314485, 40.37545337 ], [ -96.37820183, 40.37092118 ], [ -96.41291916, 40.34564814 ], [ -96.42923307, 40.33114689 ], [ -96.45269349, 40.31513862 ], [ -96.48017797, 40.29137256 ], [ -96.49246779, 40.28417493 ], [ -96.5322421, 40.25339479 ], [ -96.53409867, 40.25159827 ], [ -96.5720164, 40.22709661 ], [ -96.59258491, 40.21182397 ], [ -96.61179071, 40.19412295 ], [ -96.62751102, 40.17204965 ], [ -96.64187004, 40.13227535 ], [ -96.65156501, 40.11818263 ], [ -96.68087228, 40.09250103 ], [ -96.69133932, 40.08382952 ], [ -96.73111362, 40.05657842 ], [ -96.73753307, 40.05272673 ], [ -96.77088793, 40.03299241 ], [ -96.80475941, 40.01295244 ], [ -96.81066223, 40.00936002 ], [ -96.85043654, 39.98715853 ], [ -96.87578064, 39.97317811 ], [ -96.89021085, 39.96390513 ], [ -96.92998515, 39.94258295 ], [ -96.95468169, 39.93340382 ], [ -96.96975946, 39.92640643 ], [ -97.00953376, 39.92098386 ], [ -97.03774163, 39.93340382 ], [ -97.04930807, 39.94009416 ], [ -97.07652271, 39.97317811 ], [ -97.08908237, 39.9877332 ], [ -97.10573939, 40.01295244 ], [ -97.1288567, 40.04291279 ], [ -97.13563427, 40.05272673 ], [ -97.168631, 40.09128934 ], [ -97.16959895, 40.09250103 ], [ -97.20675977, 40.13227535 ], [ -97.20840531, 40.13378959 ], [ -97.24817962, 40.17055692 ], [ -97.24979612, 40.17204965 ], [ -97.28795392, 40.20646293 ], [ -97.29405634, 40.21182397 ], [ -97.32772823, 40.24862841 ], [ -97.3305504, 40.25159827 ], [ -97.36128765, 40.29137256 ], [ -97.36750253, 40.30081223 ], [ -97.38811448, 40.33114689 ], [ -97.40727684, 40.36261368 ], [ -97.41246902, 40.37092118 ], [ -97.43374772, 40.4106955 ], [ -97.44705114, 40.43938048 ], [ -97.4523084, 40.4504698 ], [ -97.46737275, 40.4902441 ], [ -97.47772911, 40.53001842 ], [ -97.48247517, 40.56979272 ] ] ] } },
{ "type": "Feature", "properties": { "Lower": 45.0 }, "geometry": { "type": "Polygon", "coordinates": [ [ [ -100.96604504, 40.25159827 ], [ -100.94719012, 40.26778934 ], [ -100.90741581, 40.269402 ], [ -100.86764151, 40.25338034 ], [ -100.86550551, 40.25159827 ], [ -100.8278672, 40.22351668 ], [ -100.81797847, 40.21182397 ], [ -100.79022439, 40.17204965 ], [ -100.79775807, 40.13227535 ], [ -100.8278672, 40.09796071 ], [ -100.86764151, 40.09610531 ], [ -100.90741581, 40.12861054 ], [ -100.90874797, 40.13227535 ], [ -100.91785389, 40.17204965 ], [ -100.94719012, 40.20226535 ], [ -100.95829044, 40.21182397 ], [ -100.96604504, 40.25159827 ] ] ] } },
{ "type": "Feature", "properties": { "Lower": 45.0 }, "geometry": { "type": "Polygon", "coordinates": [ [ [ -101.5973264, 45.54158104 ], [ -101.58357903, 45.55152463 ], [ -101.57363545, 45.54158104 ], [ -101.54380472, 45.51175033 ], [ -101.50403041, 45.51175033 ], [ -101.49724528, 45.50180675 ], [ -101.49920167, 45.46203243 ], [ -101.50250758, 45.42225813 ], [ -101.50403041, 45.41523117 ], [ -101.52562558, 45.38248381 ], [ -101.52827066, 45.34270951 ], [ -101.53299093, 45.30293521 ], [ -101.53897598, 45.26316089 ], [ -101.5404335, 45.22338659 ], [ -101.54148426, 45.18361227 ], [ -101.54310453, 45.14383798 ], [ -101.54380472, 45.13920409 ], [ -101.54938959, 45.14383798 ], [ -101.58357903, 45.17802742 ], [ -101.58400518, 45.18361227 ], [ -101.58492244, 45.22338659 ], [ -101.5853481, 45.26316089 ], [ -101.58598276, 45.30293521 ], [ -101.58678871, 45.34270951 ], [ -101.58808378, 45.38248381 ], [ -101.58974011, 45.42225813 ], [ -101.59208784, 45.46203243 ], [ -101.59332589, 45.50180675 ], [ -101.5973264, 45.54158104 ] ] ] } },
{ "type": "Feature", "properties": { "Lower": 45.0 }, "geometry": { "type": "Polygon", "coordinates": [ [ [ -103.14554983, 39.2572406 ], [ -103.13477698, 39.27007117 ], [ -103.11539569, 39.29701492 ], [ -103.09500267, 39.32266642 ], [ -103.08342625, 39.33678922 ], [ -103.05522837, 39.36817302 ], [ -103.03641717, 39.37656351 ], [ -103.01545406, 39.38074509 ], [ -102.97567976, 39.37806 ], [ -102.96925864, 39.37656351 ], [ -102.93590545, 39.36495791 ], [ -102.89613114, 39.34518115 ], [ -102.88258244, 39.33678922 ], [ -102.85635684, 39.31111783 ], [ -102.84238052, 39.29701492 ], [ -102.81658253, 39.2583469 ], [ -102.81581457, 39.2572406 ], [ -102.81651309, 39.2174663 ], [ -102.81658253, 39.21734893 ], [ -102.85508454, 39.17769198 ], [ -102.85635684, 39.17689358 ], [ -102.89613114, 39.16018261 ], [ -102.93590545, 39.15133344 ], [ -102.97567976, 39.14850198 ], [ -103.01545406, 39.15096424 ], [ -103.05522837, 39.15869577 ], [ -103.09500267, 39.17295062 ], [ -103.1035333, 39.17769198 ], [ -103.13477698, 39.20345251 ], [ -103.14526562, 39.2174663 ], [ -103.14554983, 39.2572406 ] ] ] } },
{ "type": "Feature", "properties": { "Lower": 45.0 }, "geometry": { "type": "Polygon", "coordinates": [ [ [ -100.67428739, 37.62649403 ], [ -100.67378655, 37.66626835 ], [ -100.66876998, 37.68817044 ], [ -100.66026799, 37.70604265 ], [ -100.63643032, 37.74581694 ], [ -100.62899568, 37.75766215 ], [ -100.60406814, 37.78559126 ], [ -100.58922137, 37.80304599 ], [ -100.56411664, 37.82536556 ], [ -100.54944707, 37.83895197 ], [ -100.50967274, 37.86076285 ], [ -100.47651122, 37.86513988 ], [ -100.46989843, 37.8660186 ], [ -100.46715085, 37.86513988 ], [ -100.43012413, 37.84091063 ], [ -100.42110466, 37.82536556 ], [ -100.41429878, 37.78559126 ], [ -100.41819835, 37.74581694 ], [ -100.42854269, 37.70604265 ], [ -100.43012413, 37.70224721 ], [ -100.44376052, 37.66626835 ], [ -100.46177736, 37.62649403 ], [ -100.46989843, 37.61254102 ], [ -100.48344552, 37.58671973 ], [ -100.50967274, 37.54910082 ], [ -100.51144604, 37.54694541 ], [ -100.54944707, 37.51948126 ], [ -100.58106101, 37.50717111 ], [ -100.58922137, 37.50510176 ], [ -100.59227364, 37.50717111 ], [ -100.62899568, 37.53365578 ], [ -100.64050537, 37.54694541 ], [ -100.66443072, 37.58671973 ], [ -100.66876998, 37.60044591 ], [ -100.67428739, 37.62649403 ] ] ] } },
{ "type": "Feature", "properties": { "Lower": 45.0 }, "geometry": { "type": "Polygon", "coordinates": [ [ [ -99.61152116, 40.80843855 ], [ -99.60868115, 40.84821287 ], [ -99.60104634, 40.88798717 ], [ -99.59486369, 40.90327342 ], [ -99.58145855, 40.92776149 ], [ -99.55508939, 40.96672779 ], [ -99.55442524, 40.96753579 ], [ -99.51978656, 41.00731008 ], [ -99.51531508, 41.01235353 ], [ -99.47866659, 41.0470844 ], [ -99.47554078, 41.05002953 ], [ -99.43576647, 41.08042136 ], [ -99.42473102, 41.0868587 ], [ -99.39599217, 41.10392788 ], [ -99.35621786, 41.12126447 ], [ -99.33566043, 41.12663302 ], [ -99.31644356, 41.13181659 ], [ -99.27666925, 41.13541925 ], [ -99.23689495, 41.13067189 ], [ -99.22495374, 41.12663302 ], [ -99.19712064, 41.11639053 ], [ -99.15734631, 41.09056507 ], [ -99.15336542, 41.0868587 ], [ -99.11757201, 41.04968911 ], [ -99.11566433, 41.0470844 ], [ -99.0897805, 41.00731008 ], [ -99.0777977, 40.98591226 ], [ -99.06940853, 40.96753579 ], [ -99.05425935, 40.92776149 ], [ -99.04341406, 40.88798717 ], [ -99.0380234, 40.85388126 ], [ -99.03730907, 40.84821287 ], [ -99.0380234, 40.82934171 ], [ -99.03885911, 40.80843855 ], [ -99.04166903, 40.76866425 ], [ -99.04419546, 40.72888995 ], [ -99.04609597, 40.68911563 ], [ -99.04737544, 40.64934134 ], [ -99.05339542, 40.60956704 ], [ -99.07707785, 40.56979272 ], [ -99.0777977, 40.56913159 ], [ -99.11757201, 40.5406327 ], [ -99.13844433, 40.53001842 ], [ -99.15734631, 40.52326441 ], [ -99.19712064, 40.51569182 ], [ -99.23689495, 40.51524659 ], [ -99.27666925, 40.52146909 ], [ -99.30300319, 40.53001842 ], [ -99.31644356, 40.53490815 ], [ -99.35621786, 40.55806917 ], [ -99.37237317, 40.56979272 ], [ -99.39599217, 40.58915602 ], [ -99.42808308, 40.60956704 ], [ -99.43576647, 40.61446278 ], [ -99.47554078, 40.63461046 ], [ -99.51078366, 40.64934134 ], [ -99.51531508, 40.65184829 ], [ -99.55508939, 40.67549197 ], [ -99.57575834, 40.68911563 ], [ -99.59486369, 40.7156647 ], [ -99.60346943, 40.72888995 ], [ -99.61105042, 40.76866425 ], [ -99.61152116, 40.80843855 ] ] ] } },
{ "type": "Feature", "properties": { "Lower": 45.0 }, "geometry": { "type": "Polygon", "coordinates": [ [ [ -103.30381907, 34.52409812 ], [ -103.30381817, 34.56387242 ], [ -103.29387422, 34.5786282 ], [ -103.25409989, 34.58712724 ], [ -103.21432559, 34.59564619 ], [ -103.1803683, 34.60364674 ], [ -103.17455128, 34.60484401 ], [ -103.13477698, 34.61173541 ], [ -103.09500267, 34.61946921 ], [ -103.05522837, 34.62746785 ], [ -103.01545406, 34.63519567 ], [ -102.97567976, 34.6422415 ], [ -102.96879916, 34.64342104 ], [ -102.93590545, 34.64821139 ], [ -102.89613114, 34.65361755 ], [ -102.85635684, 34.65875612 ], [ -102.81658253, 34.6638455 ], [ -102.77680823, 34.66857542 ], [ -102.73703392, 34.67302851 ], [ -102.69725962, 34.67699774 ], [ -102.65748531, 34.67961177 ], [ -102.61771101, 34.67999162 ], [ -102.57793668, 34.67278829 ], [ -102.53816237, 34.66446792 ], [ -102.49838807, 34.66334867 ], [ -102.45861376, 34.6608377 ], [ -102.41883946, 34.65650688 ], [ -102.37906515, 34.65266355 ], [ -102.33929085, 34.65044364 ], [ -102.29951654, 34.64969541 ], [ -102.25974224, 34.65061552 ], [ -102.21996793, 34.6532052 ], [ -102.18019363, 34.65547795 ], [ -102.14041932, 34.65636559 ], [ -102.10064502, 34.65314419 ], [ -102.06582958, 34.64342104 ], [ -102.06087071, 34.64096799 ], [ -102.02109641, 34.61641856 ], [ -102.00263719, 34.60364674 ], [ -101.9813221, 34.56975458 ], [ -101.97774839, 34.56387242 ], [ -101.97243158, 34.52409812 ], [ -101.9813221, 34.51108659 ], [ -101.99967377, 34.4843238 ], [ -102.02109641, 34.47372598 ], [ -102.06087071, 34.45650916 ], [ -102.09325927, 34.44454951 ], [ -102.10064502, 34.44253961 ], [ -102.14041932, 34.43209883 ], [ -102.18019363, 34.42107573 ], [ -102.21996793, 34.4090503 ], [ -102.2338063, 34.40477521 ], [ -102.25974224, 34.39738319 ], [ -102.29951654, 34.38534745 ], [ -102.33929085, 34.37181616 ], [ -102.35827622, 34.36500089 ], [ -102.37906515, 34.35788773 ], [ -102.41883946, 34.3433576 ], [ -102.45861376, 34.32655508 ], [ -102.46170233, 34.32522659 ], [ -102.49838807, 34.31010934 ], [ -102.53816237, 34.29103427 ], [ -102.54912217, 34.28545227 ], [ -102.57793668, 34.27138804 ], [ -102.61771101, 34.24913888 ], [ -102.62361365, 34.24567797 ], [ -102.65748531, 34.2266398 ], [ -102.68981574, 34.20590368 ], [ -102.69725962, 34.2012885 ], [ -102.73703392, 34.17546196 ], [ -102.75049017, 34.16612935 ], [ -102.77680823, 34.14851563 ], [ -102.8071022, 34.12635506 ], [ -102.81658253, 34.11965467 ], [ -102.85635684, 34.08974615 ], [ -102.86045102, 34.08658074 ], [ -102.89613114, 34.06009815 ], [ -102.91265409, 34.04680644 ], [ -102.93590545, 34.02866643 ], [ -102.96204694, 34.00703214 ], [ -102.97567976, 33.99708815 ], [ -102.98562373, 34.00703214 ], [ -102.98562486, 34.04680644 ], [ -103.01545406, 34.07663428 ], [ -103.02540054, 34.08658074 ], [ -103.05522837, 34.11640793 ], [ -103.06517549, 34.12635506 ], [ -103.09500267, 34.15618204 ], [ -103.10495001, 34.16612935 ], [ -103.13477698, 34.19595633 ], [ -103.14472431, 34.20590368 ], [ -103.14472429, 34.24567797 ], [ -103.17455128, 34.27550502 ], [ -103.18449855, 34.28545227 ], [ -103.1844985, 34.32522659 ], [ -103.21432559, 34.35505386 ], [ -103.22427264, 34.36500089 ], [ -103.22427239, 34.40477521 ], [ -103.25409989, 34.43460322 ], [ -103.26404621, 34.44454951 ], [ -103.26404565, 34.4843238 ], [ -103.29387422, 34.51415327 ], [ -103.30381907, 34.52409812 ] ] ] } },
{ "type": "Feature", "properties": { "Lower": 45.0 }, "geometry": { "type": "Polygon", "coordinates": [ [ [ -101.07777626, 34.92184119 ], [ -101.07445225, 34.96161549 ], [ -101.06651303, 34.9924197 ], [ -101.0641722, 35.00138979 ], [ -101.04785604, 35.04116411 ], [ -101.0270347, 35.08093841 ], [ -101.02673873, 35.08140612 ], [ -101.00152019, 35.12071273 ], [ -100.98696442, 35.14068734 ], [ -100.97227435, 35.16048702 ], [ -100.94719012, 35.19113185 ], [ -100.93957912, 35.20026132 ], [ -100.90741581, 35.23586022 ], [ -100.90355618, 35.24003564 ], [ -100.86764151, 35.27752553 ], [ -100.86538188, 35.27980994 ], [ -100.8278672, 35.31676354 ], [ -100.82490069, 35.31958426 ], [ -100.7880929, 35.35370806 ], [ -100.78172612, 35.35935856 ], [ -100.74831859, 35.38840271 ], [ -100.7353043, 35.39913286 ], [ -100.70854429, 35.42137776 ], [ -100.68612511, 35.43890718 ], [ -100.66876998, 35.45261811 ], [ -100.63315491, 35.47868147 ], [ -100.62899568, 35.48174433 ], [ -100.58922137, 35.5082434 ], [ -100.57212834, 35.5184558 ], [ -100.54944707, 35.53192125 ], [ -100.50967274, 35.55258009 ], [ -100.49676235, 35.55823009 ], [ -100.46989843, 35.56996185 ], [ -100.43012413, 35.58245016 ], [ -100.39034982, 35.59018611 ], [ -100.35057552, 35.59380583 ], [ -100.31080121, 35.59336921 ], [ -100.27102691, 35.5891589 ], [ -100.2312526, 35.58152972 ], [ -100.1914783, 35.57213049 ], [ -100.15170399, 35.56148513 ], [ -100.14154288, 35.55823009 ], [ -100.11192969, 35.54833684 ], [ -100.07215538, 35.53157202 ], [ -100.04715256, 35.5184558 ], [ -100.03238107, 35.51010018 ], [ -99.99260677, 35.48267041 ], [ -99.98770828, 35.47868147 ], [ -99.95283246, 35.44681577 ], [ -99.94565063, 35.43890718 ], [ -99.91545152, 35.39913286 ], [ -99.91305816, 35.39518973 ], [ -99.89539596, 35.35935856 ], [ -99.8813289, 35.31958426 ], [ -99.87328385, 35.28782727 ], [ -99.87138314, 35.27980994 ], [ -99.86510998, 35.24003564 ], [ -99.86181036, 35.20026132 ], [ -99.86117413, 35.16048702 ], [ -99.86227065, 35.12071273 ], [ -99.86426077, 35.08093841 ], [ -99.86658092, 35.04116411 ], [ -99.86865291, 35.00138979 ], [ -99.87006031, 34.96161549 ], [ -99.87048321, 34.92184119 ], [ -99.86909376, 34.88206687 ], [ -99.86632398, 34.84229257 ], [ -99.86458742, 34.80251825 ], [ -99.86485761, 34.76274396 ], [ -99.86879655, 34.72296966 ], [ -99.87328385, 34.70642719 ], [ -99.88062021, 34.68319534 ], [ -99.90485244, 34.64342104 ], [ -99.91305816, 34.63444146 ], [ -99.95158049, 34.60364674 ], [ -99.95283246, 34.60283734 ], [ -99.99260677, 34.58291229 ], [ -100.03238107, 34.56752742 ], [ -100.04466191, 34.56387242 ], [ -100.07215538, 34.55652124 ], [ -100.11192969, 34.54875266 ], [ -100.15170399, 34.54367498 ], [ -100.1914783, 34.54115834 ], [ -100.2312526, 34.54123645 ], [ -100.27102691, 34.54342978 ], [ -100.31080121, 34.54720466 ], [ -100.35057552, 34.55215803 ], [ -100.39034982, 34.55787028 ], [ -100.42808809, 34.56387242 ], [ -100.43012413, 34.564232 ], [ -100.46989843, 34.57241615 ], [ -100.50967274, 34.58146806 ], [ -100.54944707, 34.59119123 ], [ -100.58922137, 34.60152229 ], [ -100.59688199, 34.60364674 ], [ -100.62899568, 34.61347446 ], [ -100.66876998, 34.62619984 ], [ -100.70854429, 34.63921284 ], [ -100.7209653, 34.64342104 ], [ -100.74831859, 34.65385091 ], [ -100.7880929, 34.66931966 ], [ -100.82310029, 34.68319534 ], [ -100.8278672, 34.68540953 ], [ -100.86764151, 34.70426956 ], [ -100.90646327, 34.72296966 ], [ -100.90741581, 34.72351901 ], [ -100.94719012, 34.74711676 ], [ -100.97273037, 34.76274396 ], [ -100.98696442, 34.77372365 ], [ -101.02205798, 34.80251825 ], [ -101.02673873, 34.80780475 ], [ -101.05472407, 34.84229257 ], [ -101.06651303, 34.8682905 ], [ -101.07229118, 34.88206687 ], [ -101.07777626, 34.92184119 ] ] ] } },
{ "type": "Feature", "properties": { "Lower": 45.0 }, "geometry": { "type": "Polygon", "coordinates": [ [ [ -99.29084122, 33.48996616 ], [ -99.28997237, 33.52974045 ], [ -99.2853842, 33.56951475 ], [ -99.27735404, 33.60928907 ], [ -99.27666925, 33.6114245 ], [ -99.26489384, 33.64906337 ], [ -99.24935992, 33.68883769 ], [ -99.23689495, 33.71533631 ], [ -99.23080017, 33.72861199 ], [ -99.20905305, 33.76838629 ], [ -99.19712064, 33.78754379 ], [ -99.18491451, 33.80816061 ], [ -99.15981271, 33.8479349 ], [ -99.15734631, 33.85150356 ], [ -99.13368906, 33.8877092 ], [ -99.11757201, 33.91177917 ], [ -99.10749317, 33.92748352 ], [ -99.08155179, 33.96725782 ], [ -99.0777977, 33.97277745 ], [ -99.05456658, 34.00703214 ], [ -99.0380234, 34.0316154 ], [ -99.02760955, 34.04680644 ], [ -99.00106171, 34.08658074 ], [ -98.99824909, 34.09087258 ], [ -98.97423641, 34.12635506 ], [ -98.95847479, 34.15062582 ], [ -98.94799596, 34.16612935 ], [ -98.92240381, 34.20590368 ], [ -98.91870048, 34.21182519 ], [ -98.89658914, 34.24567797 ], [ -98.87892618, 34.27121679 ], [ -98.86807546, 34.28545227 ], [ -98.83915187, 34.31041432 ], [ -98.81812568, 34.32522659 ], [ -98.79937757, 34.33604425 ], [ -98.75960326, 34.35388609 ], [ -98.72446992, 34.36500089 ], [ -98.71982896, 34.3666164 ], [ -98.68005465, 34.37364838 ], [ -98.64028035, 34.37396243 ], [ -98.60050604, 34.36828215 ], [ -98.59178403, 34.36500089 ], [ -98.56073173, 34.35624473 ], [ -98.52095743, 34.33941183 ], [ -98.49474425, 34.32522659 ], [ -98.4811831, 34.31706658 ], [ -98.4414088, 34.30998247 ], [ -98.40163449, 34.31560074 ], [ -98.36186019, 34.32399992 ], [ -98.35650603, 34.32522659 ], [ -98.32208588, 34.33378078 ], [ -98.28231157, 34.34318784 ], [ -98.24253727, 34.3518648 ], [ -98.20276296, 34.35954738 ], [ -98.16894173, 34.36500089 ], [ -98.16298866, 34.36604623 ], [ -98.12321435, 34.37115741 ], [ -98.08344005, 34.37509228 ], [ -98.04366574, 34.37789933 ], [ -98.00389144, 34.37967186 ], [ -97.96411713, 34.38050205 ], [ -97.92434283, 34.38049944 ], [ -97.88456852, 34.37983107 ], [ -97.84479422, 34.37865919 ], [ -97.80501989, 34.37714775 ], [ -97.76524558, 34.37559244 ], [ -97.72547128, 34.37419514 ], [ -97.68569697, 34.37329487 ], [ -97.64592267, 34.37332119 ], [ -97.60614836, 34.37484115 ], [ -97.56637406, 34.37849177 ], [ -97.52659975, 34.38526188 ], [ -97.48682545, 34.39634746 ], [ -97.46566922, 34.40477521 ], [ -97.44705114, 34.4156873 ], [ -97.41127048, 34.44454951 ], [ -97.40727684, 34.44972576 ], [ -97.38465089, 34.4843238 ], [ -97.37013224, 34.52409812 ], [ -97.36750253, 34.53744005 ], [ -97.36245363, 34.56387242 ], [ -97.35902131, 34.60364674 ], [ -97.35804317, 34.64342104 ], [ -97.35819122, 34.68319534 ], [ -97.35721823, 34.72296966 ], [ -97.35382149, 34.76274396 ], [ -97.34704859, 34.80251825 ], [ -97.33819062, 34.84229257 ], [ -97.32795546, 34.88206687 ], [ -97.32772823, 34.88278833 ], [ -97.31539143, 34.92184119 ], [ -97.30168078, 34.96161549 ], [ -97.28795392, 34.99809657 ], [ -97.28673541, 35.00138979 ], [ -97.27073289, 35.04116411 ], [ -97.25372598, 35.08093841 ], [ -97.24817962, 35.09310077 ], [ -97.2359076, 35.12071273 ], [ -97.21748361, 35.16048702 ], [ -97.20840531, 35.17905097 ], [ -97.19831742, 35.20026132 ], [ -97.17855184, 35.24003564 ], [ -97.168631, 35.25907432 ], [ -97.15814182, 35.27980994 ], [ -97.13708776, 35.31958426 ], [ -97.1288567, 35.33453804 ], [ -97.11576069, 35.35935856 ], [ -97.09451495, 35.39913286 ], [ -97.08908237, 35.4092882 ], [ -97.07416038, 35.43890718 ], [ -97.05446899, 35.47868147 ], [ -97.04930807, 35.48918386 ], [ -97.03578751, 35.5184558 ], [ -97.01779209, 35.55823009 ], [ -97.00953376, 35.57678009 ], [ -97.00066053, 35.59800439 ], [ -96.98445739, 35.63777871 ], [ -96.96975946, 35.67505355 ], [ -96.9688376, 35.67755301 ], [ -96.9543632, 35.71732731 ], [ -96.94042747, 35.75710163 ], [ -96.92998515, 35.78804403 ], [ -96.92719769, 35.79687592 ], [ -96.91484222, 35.83665024 ], [ -96.90300572, 35.87642454 ], [ -96.89168592, 35.91619884 ], [ -96.89021085, 35.92144787 ], [ -96.88118332, 35.95597316 ], [ -96.87119444, 35.99574746 ], [ -96.86165836, 36.03552178 ], [ -96.85251524, 36.07529608 ], [ -96.85043654, 36.08458629 ], [ -96.84410629, 36.11507037 ], [ -96.83616264, 36.15484469 ], [ -96.82863602, 36.19461899 ], [ -96.82159954, 36.23439331 ], [ -96.81499439, 36.27416761 ], [ -96.81066223, 36.30191007 ], [ -96.80892591, 36.31394191 ], [ -96.80363652, 36.35371623 ], [ -96.79894533, 36.39349053 ], [ -96.79502216, 36.43326482 ], [ -96.79189593, 36.47303914 ], [ -96.78938602, 36.51281344 ], [ -96.7872422, 36.55258776 ], [ -96.78485789, 36.59236206 ], [ -96.78212609, 36.63213636 ], [ -96.77893509, 36.67191068 ], [ -96.77525037, 36.71168498 ], [ -96.77196862, 36.7514593 ], [ -96.77088793, 36.78382995 ], [ -96.77065457, 36.79123359 ], [ -96.77088793, 36.80426484 ], [ -96.77144458, 36.83100789 ], [ -96.77481696, 36.87078221 ], [ -96.78095272, 36.91055651 ], [ -96.78993988, 36.95033083 ], [ -96.80133876, 36.99010513 ], [ -96.81066223, 37.02478557 ], [ -96.81220088, 37.02987943 ], [ -96.81275646, 37.06965375 ], [ -96.81066223, 37.07597738 ], [ -96.80131799, 37.10942804 ], [ -96.77822201, 37.14920236 ], [ -96.77088793, 37.15761937 ], [ -96.74621418, 37.18897666 ], [ -96.73111362, 37.20373428 ], [ -96.70814717, 37.22875096 ], [ -96.69133932, 37.24330872 ], [ -96.66561008, 37.26852528 ], [ -96.65156501, 37.28041711 ], [ -96.62137662, 37.30829958 ], [ -96.61179071, 37.3166544 ], [ -96.57813307, 37.34807387 ], [ -96.5720164, 37.35386912 ], [ -96.53771928, 37.3878482 ], [ -96.5322421, 37.39381907 ], [ -96.50167866, 37.42762249 ], [ -96.49246779, 37.43987228 ], [ -96.47114862, 37.46739681 ], [ -96.45269349, 37.49943535 ], [ -96.44781784, 37.50717111 ], [ -96.43444795, 37.54694541 ], [ -96.43122399, 37.58671973 ], [ -96.43717124, 37.62649403 ], [ -96.44661948, 37.66626835 ], [ -96.44498348, 37.70604265 ], [ -96.43806963, 37.74581694 ], [ -96.42414381, 37.78559126 ], [ -96.41291916, 37.80220376 ], [ -96.39139053, 37.82536556 ], [ -96.37314485, 37.83993222 ], [ -96.33399084, 37.86513988 ], [ -96.33337055, 37.86549422 ], [ -96.29359624, 37.88619001 ], [ -96.25425196, 37.90491418 ], [ -96.25382194, 37.90511904 ], [ -96.21404763, 37.9233408 ], [ -96.17427333, 37.94417262 ], [ -96.17339963, 37.94468848 ], [ -96.13449902, 37.97140858 ], [ -96.1188029, 37.9844628 ], [ -96.09472472, 38.0087215 ], [ -96.08135404, 38.0242371 ], [ -96.05610779, 38.06401142 ], [ -96.05495041, 38.06704867 ], [ -96.04238244, 38.10378571 ], [ -96.03689068, 38.14356001 ], [ -96.03687088, 38.18333433 ], [ -96.04067134, 38.22310863 ], [ -96.04720787, 38.26288293 ], [ -96.05495041, 38.29918902 ], [ -96.05566233, 38.30265725 ], [ -96.06574805, 38.34243155 ], [ -96.07675503, 38.38220587 ], [ -96.08827859, 38.42198016 ], [ -96.09472472, 38.44339997 ], [ -96.10031421, 38.46175446 ], [ -96.11271624, 38.50152878 ], [ -96.12445528, 38.54130308 ], [ -96.13449902, 38.57881828 ], [ -96.13514486, 38.5810774 ], [ -96.1454312, 38.6208517 ], [ -96.15450099, 38.66062599 ], [ -96.1622051, 38.70040032 ], [ -96.16797977, 38.74017461 ], [ -96.1716332, 38.77994893 ], [ -96.17314485, 38.81972323 ], [ -96.17243709, 38.85949753 ], [ -96.16948859, 38.89927185 ], [ -96.16430566, 38.93904615 ], [ -96.15697177, 38.97882044 ], [ -96.14760014, 39.01859477 ], [ -96.1363668, 39.05836906 ], [ -96.13449902, 39.06437589 ], [ -96.12460887, 39.09814338 ], [ -96.11186315, 39.13791768 ], [ -96.0971615, 39.17769198 ], [ -96.09472472, 39.18374189 ], [ -96.08096015, 39.2174663 ], [ -96.06225504, 39.2572406 ], [ -96.05495041, 39.27220115 ], [ -96.04192804, 39.29701492 ], [ -96.02042706, 39.33678922 ], [ -96.01517611, 39.34706633 ], [ -95.99794702, 39.37656351 ], [ -95.9754018, 39.41457088 ], [ -95.97414862, 39.41633783 ], [ -95.94871515, 39.45611213 ], [ -95.9356275, 39.47728973 ], [ -95.92006614, 39.49588645 ], [ -95.89585319, 39.52572384 ], [ -95.88375753, 39.53566075 ], [ -95.85607889, 39.56362879 ], [ -95.83896589, 39.57543505 ], [ -95.81630458, 39.58825495 ], [ -95.77653028, 39.60260081 ], [ -95.73675595, 39.6123582 ], [ -95.72314678, 39.61520937 ], [ -95.69698164, 39.61950379 ], [ -95.65720734, 39.62678076 ], [ -95.61743303, 39.63516358 ], [ -95.57765873, 39.6451168 ], [ -95.54423848, 39.65498367 ], [ -95.53788442, 39.65671533 ], [ -95.49811012, 39.66818892 ], [ -95.45833581, 39.68163248 ], [ -95.4205036, 39.69475799 ], [ -95.4185615, 39.69528202 ], [ -95.3787872, 39.70673461 ], [ -95.33901289, 39.7226793 ], [ -95.31450587, 39.73453228 ], [ -95.29923859, 39.7410252 ], [ -95.25946428, 39.75970576 ], [ -95.23265031, 39.77430658 ], [ -95.21968998, 39.78055114 ], [ -95.17991567, 39.80094061 ], [ -95.15706668, 39.8140809 ], [ -95.14014137, 39.82273655 ], [ -95.10036706, 39.84482167 ], [ -95.08563459, 39.8538552 ], [ -95.06059273, 39.86737419 ], [ -95.02081843, 39.89284349 ], [ -95.01959317, 39.8936295 ], [ -94.98104412, 39.9035739 ], [ -94.97109976, 39.8936295 ], [ -94.97109878, 39.8538552 ], [ -94.94126982, 39.82402698 ], [ -94.93132374, 39.8140809 ], [ -94.90149551, 39.78425299 ], [ -94.89154913, 39.77430658 ], [ -94.89154876, 39.73453228 ], [ -94.89154813, 39.69475799 ], [ -94.86172121, 39.66493223 ], [ -94.85177264, 39.65498367 ], [ -94.85177118, 39.61520937 ], [ -94.8219469, 39.58538705 ], [ -94.8119949, 39.57543505 ], [ -94.81199256, 39.53566075 ], [ -94.7821726, 39.50584329 ], [ -94.77221575, 39.49588645 ], [ -94.77221273, 39.45611213 ], [ -94.77220936, 39.41633783 ], [ -94.74239829, 39.38652904 ], [ -94.73243278, 39.37656351 ], [ -94.73242954, 39.33678922 ], [ -94.70262399, 39.30698429 ], [ -94.6926546, 39.29701492 ], [ -94.69265251, 39.2572406 ], [ -94.69265105, 39.2174663 ], [ -94.66284968, 39.1876615 ], [ -94.65288016, 39.17769198 ], [ -94.65288081, 39.13791768 ], [ -94.62307538, 39.10810621 ], [ -94.61311256, 39.09814338 ], [ -94.61311479, 39.05836906 ], [ -94.58330107, 39.02854847 ], [ -94.57334735, 39.01859477 ], [ -94.57335014, 38.97882044 ], [ -94.57335302, 38.93904615 ], [ -94.55852906, 38.89927185 ], [ -94.58330107, 38.875281 ], [ -94.59908453, 38.85949753 ], [ -94.62307538, 38.83802179 ], [ -94.64319979, 38.81972323 ], [ -94.66284968, 38.80363958 ], [ -94.69179318, 38.77994893 ], [ -94.70262399, 38.7719674 ], [ -94.74239829, 38.7427592 ], [ -94.74567008, 38.74017461 ], [ -94.7821726, 38.71473343 ], [ -94.80253325, 38.70040032 ], [ -94.8219469, 38.68828682 ], [ -94.86172121, 38.6622788 ], [ -94.8635901, 38.66062599 ], [ -94.90149551, 38.63155493 ], [ -94.91235322, 38.6208517 ], [ -94.94126982, 38.59105448 ], [ -94.94879931, 38.5810774 ], [ -94.97821775, 38.54130308 ], [ -94.98104412, 38.53665127 ], [ -95.00057048, 38.50152878 ], [ -95.02081843, 38.46463827 ], [ -95.02228687, 38.46175446 ], [ -95.03613515, 38.42198016 ], [ -95.05124076, 38.38220587 ], [ -95.06059273, 38.35668267 ], [ -95.06512288, 38.34243155 ], [ -95.07623302, 38.30265725 ], [ -95.08614534, 38.26288293 ], [ -95.09244544, 38.22310863 ], [ -95.09166042, 38.18333433 ], [ -95.08038508, 38.14356001 ], [ -95.06059273, 38.11057278 ], [ -95.05498726, 38.10378571 ], [ -95.02081843, 38.07264278 ], [ -95.00912288, 38.06401142 ], [ -94.98104412, 38.04577849 ], [ -94.94397876, 38.0242371 ], [ -94.94126982, 38.02272649 ], [ -94.90149551, 38.00215892 ], [ -94.86690239, 37.9844628 ], [ -94.86172121, 37.98177692 ], [ -94.8219469, 37.96062865 ], [ -94.79547653, 37.94468848 ], [ -94.7821726, 37.93587261 ], [ -94.74239829, 37.90697434 ], [ -94.73948075, 37.90491418 ], [ -94.70262399, 37.87679132 ], [ -94.68655562, 37.86513988 ], [ -94.66284968, 37.84634712 ], [ -94.63453227, 37.82536556 ], [ -94.62307538, 37.81589539 ], [ -94.58330107, 37.78644402 ], [ -94.57335747, 37.78559126 ], [ -94.58330107, 37.77564765 ], [ -94.61313004, 37.74581694 ], [ -94.61312922, 37.70604265 ], [ -94.61312848, 37.66626835 ], [ -94.61312781, 37.62649403 ], [ -94.61312711, 37.58671973 ], [ -94.62307538, 37.57677145 ], [ -94.65289979, 37.54694541 ], [ -94.6528988, 37.50717111 ], [ -94.65289747, 37.46739681 ], [ -94.65289566, 37.42762249 ], [ -94.65289323, 37.3878482 ], [ -94.66284968, 37.37789174 ], [ -94.69266328, 37.34807387 ], [ -94.69265887, 37.30829958 ], [ -94.69265309, 37.26852528 ], [ -94.69264565, 37.22875096 ], [ -94.6926362, 37.18897666 ], [ -94.70262399, 37.17898889 ], [ -94.73239572, 37.14920236 ], [ -94.73237924, 37.10942804 ], [ -94.73235905, 37.06965375 ], [ -94.73233501, 37.02987943 ], [ -94.73230711, 36.99010513 ], [ -94.74239829, 36.98001395 ], [ -94.77204352, 36.95033083 ], [ -94.77201771, 36.91055651 ], [ -94.77199863, 36.87078221 ], [ -94.77198571, 36.83100789 ], [ -94.77197779, 36.79123359 ], [ -94.7821726, 36.7810388 ], [ -94.81174694, 36.7514593 ], [ -94.81174553, 36.71168498 ], [ -94.8219469, 36.70148361 ], [ -94.85151942, 36.67191068 ], [ -94.85151942, 36.63213636 ], [ -94.86172121, 36.62193458 ], [ -94.89129388, 36.59236206 ], [ -94.90149551, 36.58216043 ], [ -94.93106844, 36.55258776 ], [ -94.93106868, 36.51281344 ], [ -94.94126982, 36.50261229 ], [ -94.97084359, 36.47303914 ], [ -94.98104412, 36.46283859 ], [ -95.01061884, 36.43326482 ], [ -95.02081843, 36.42306525 ], [ -95.05039456, 36.39349053 ], [ -95.06059273, 36.38329234 ], [ -95.0901707, 36.35371623 ], [ -95.09017161, 36.31394191 ], [ -95.10036706, 36.30374647 ], [ -95.12994837, 36.27416761 ], [ -95.14014137, 36.26397464 ], [ -95.16972565, 36.23439331 ], [ -95.17991567, 36.22420328 ], [ -95.20950341, 36.19461899 ], [ -95.2095049, 36.15484469 ], [ -95.21968998, 36.14465962 ], [ -95.24928338, 36.11507037 ], [ -95.25946428, 36.10488948 ], [ -95.28906242, 36.07529608 ], [ -95.29923859, 36.06511992 ], [ -95.32884202, 36.03552178 ], [ -95.32884417, 35.99574746 ], [ -95.33901289, 35.98557874 ], [ -95.36862449, 35.95597316 ], [ -95.3787872, 35.94581045 ], [ -95.40840536, 35.91619884 ], [ -95.4185615, 35.90604271 ], [ -95.44818672, 35.87642454 ], [ -95.44818942, 35.83665024 ], [ -95.45833581, 35.82650385 ], [ -95.48797133, 35.79687592 ], [ -95.49811012, 35.78673714 ], [ -95.5277536, 35.75710163 ], [ -95.53788442, 35.74697081 ], [ -95.56753617, 35.71732731 ], [ -95.56753909, 35.67755301 ], [ -95.57765873, 35.66743339 ], [ -95.60732184, 35.63777871 ], [ -95.61743303, 35.62766751 ], [ -95.64710467, 35.59800439 ], [ -95.65720734, 35.58790173 ], [ -95.68688749, 35.55823009 ], [ -95.68689025, 35.5184558 ], [ -95.69698164, 35.50836438 ], [ -95.72667284, 35.47868147 ], [ -95.73675595, 35.46859836 ], [ -95.76645525, 35.43890718 ], [ -95.77653028, 35.42883215 ], [ -95.8062374, 35.39913286 ], [ -95.81630458, 35.3890657 ], [ -95.84601922, 35.35935856 ], [ -95.84602129, 35.31958426 ], [ -95.85607889, 35.30952665 ], [ -95.88580255, 35.27980994 ], [ -95.89585319, 35.26975932 ], [ -95.92558347, 35.24003564 ], [ -95.9356275, 35.2299916 ], [ -95.96536398, 35.20026132 ], [ -95.96536535, 35.16048702 ], [ -95.9754018, 35.15045059 ], [ -96.00514527, 35.12071273 ], [ -96.01517611, 35.11068189 ], [ -96.04492479, 35.08093841 ], [ -96.05495041, 35.07091281 ], [ -96.08470395, 35.04116411 ], [ -96.08470479, 35.00138979 ], [ -96.09472472, 34.99136986 ], [ -96.12448343, 34.96161549 ], [ -96.13449902, 34.95159989 ], [ -96.16426177, 34.92184119 ], [ -96.17427333, 34.91182964 ], [ -96.20403984, 34.88206687 ], [ -96.20404033, 34.84229257 ], [ -96.21404763, 34.83228528 ], [ -96.24381809, 34.80251825 ], [ -96.25382194, 34.7925144 ], [ -96.2835956, 34.76274396 ], [ -96.29359624, 34.75274331 ], [ -96.32337292, 34.72296966 ], [ -96.32337322, 34.68319534 ], [ -96.33337055, 34.67319802 ], [ -96.36315031, 34.64342104 ], [ -96.37314485, 34.6334265 ], [ -96.40292722, 34.60364674 ], [ -96.41291916, 34.59365478 ], [ -96.44270398, 34.56387242 ], [ -96.44270407, 34.52409812 ], [ -96.45269349, 34.51410872 ], [ -96.48248058, 34.4843238 ], [ -96.49246779, 34.47433663 ], [ -96.52225693, 34.44454951 ], [ -96.5322421, 34.43456434 ], [ -96.56203316, 34.40477521 ], [ -96.56203302, 34.36500089 ], [ -96.5720164, 34.35501752 ], [ -96.60180912, 34.32522659 ], [ -96.61179071, 34.31524499 ], [ -96.64158514, 34.28545227 ], [ -96.65156501, 34.27547239 ], [ -96.68136105, 34.24567797 ], [ -96.69133932, 34.2356997 ], [ -96.72113684, 34.20590368 ], [ -96.72113642, 34.16612935 ], [ -96.73111362, 34.15615215 ], [ -96.76091182, 34.12635506 ], [ -96.77088793, 34.11637896 ], [ -96.80068686, 34.08658074 ], [ -96.81066223, 34.07660538 ], [ -96.84046133, 34.04680644 ], [ -96.84045991, 34.00703214 ], [ -96.85043654, 33.99705549 ], [ -96.88023297, 33.96725782 ], [ -96.89021085, 33.95727995 ], [ -96.92000542, 33.92748352 ], [ -96.92998515, 33.91750376 ], [ -96.95977733, 33.8877092 ], [ -96.9597748, 33.8479349 ], [ -96.96975946, 33.83795024 ], [ -96.99954627, 33.80816061 ], [ -97.00953376, 33.7981731 ], [ -97.03931754, 33.76838629 ], [ -97.04930807, 33.75839576 ], [ -97.07908876, 33.72861199 ], [ -97.0790862, 33.68883769 ], [ -97.08908237, 33.67884152 ], [ -97.11885759, 33.64906337 ], [ -97.1288567, 33.63906426 ], [ -97.15862911, 33.60928907 ], [ -97.168631, 33.59928718 ], [ -97.19840086, 33.56951475 ], [ -97.19839896, 33.52974045 ], [ -97.20840531, 33.51973411 ], [ -97.23817122, 33.48996616 ], [ -97.24817962, 33.47995776 ], [ -97.27794378, 33.45019184 ], [ -97.28795392, 33.44018172 ], [ -97.31771672, 33.41041754 ], [ -97.31771574, 33.37064322 ], [ -97.32772823, 33.36063075 ], [ -97.35748931, 33.33086892 ], [ -97.36750253, 33.32085571 ], [ -97.39726331, 33.29109462 ], [ -97.40727684, 33.28108108 ], [ -97.43703771, 33.2513203 ], [ -97.4370378, 33.211546 ], [ -97.44705114, 33.20153266 ], [ -97.47681292, 33.17177168 ], [ -97.48682545, 33.16175915 ], [ -97.51658836, 33.13199739 ], [ -97.52659975, 33.12198597 ], [ -97.55636408, 33.09222309 ], [ -97.56637406, 33.08221311 ], [ -97.5961401, 33.05244877 ], [ -97.59614122, 33.01267447 ], [ -97.60614836, 33.00266732 ], [ -97.63591766, 32.97290015 ], [ -97.64592267, 32.96289515 ], [ -97.67569433, 32.93312585 ], [ -97.68569697, 32.9231232 ], [ -97.71547124, 32.89335156 ], [ -97.71547291, 32.85357723 ], [ -97.72547128, 32.84357886 ], [ -97.75525018, 32.81380294 ], [ -97.76524558, 32.80380751 ], [ -97.79502762, 32.77402864 ], [ -97.80501989, 32.76403634 ], [ -97.83480527, 32.73425432 ], [ -97.83480736, 32.69448002 ], [ -97.84479422, 32.68449318 ], [ -97.87458528, 32.6547057 ], [ -97.88456852, 32.6447225 ], [ -97.91436339, 32.6149314 ], [ -97.92434283, 32.60495198 ], [ -97.95414167, 32.57515711 ], [ -97.95414411, 32.53538278 ], [ -97.96411713, 32.52540977 ], [ -97.99392263, 32.49560849 ], [ -98.00389144, 32.48563968 ], [ -98.03370133, 32.45583417 ], [ -98.04366574, 32.44586977 ], [ -98.07348018, 32.41605987 ], [ -98.0734829, 32.37628557 ], [ -98.08344005, 32.3663284 ], [ -98.11326196, 32.33651125 ], [ -98.12321435, 32.32655886 ], [ -98.15304118, 32.29673695 ], [ -98.16298866, 32.28678947 ], [ -98.20276296, 32.27237233 ], [ -98.23556953, 32.29673695 ], [ -98.24253727, 32.30192258 ], [ -98.28231157, 32.33181368 ], [ -98.28846834, 32.33651125 ], [ -98.32208588, 32.3621079 ], [ -98.34045588, 32.37628557 ], [ -98.36186019, 32.39280512 ], [ -98.39151302, 32.41605987 ], [ -98.40163449, 32.42396465 ], [ -98.4414088, 32.4553735 ], [ -98.44197292, 32.45583417 ], [ -98.4811831, 32.48778222 ], [ -98.49066715, 32.49560849 ], [ -98.52095743, 32.5204526 ], [ -98.53872292, 32.53538278 ], [ -98.56073173, 32.55369414 ], [ -98.5858052, 32.57515711 ], [ -98.60050604, 32.58756726 ], [ -98.63189442, 32.6149314 ], [ -98.64028035, 32.62214262 ], [ -98.67666598, 32.6547057 ], [ -98.68005465, 32.65769188 ], [ -98.71982896, 32.69412766 ], [ -98.72019089, 32.69448002 ], [ -98.75960326, 32.73269558 ], [ -98.76112194, 32.73425432 ], [ -98.79937757, 32.77307983 ], [ -98.80026675, 32.77402864 ], [ -98.83742443, 32.81380294 ], [ -98.83915187, 32.81563793 ], [ -98.87356197, 32.85357723 ], [ -98.87892618, 32.8595243 ], [ -98.90884178, 32.89335156 ], [ -98.91870048, 32.90454057 ], [ -98.94336499, 32.93312585 ], [ -98.95847479, 32.95067003 ], [ -98.97723146, 32.97290015 ], [ -98.99824909, 32.99776395 ], [ -99.01058336, 33.01267447 ], [ -99.0380234, 33.04572376 ], [ -99.04350641, 33.05244877 ], [ -99.07621429, 33.09222309 ], [ -99.0777977, 33.0941204 ], [ -99.10890707, 33.13199739 ], [ -99.11757201, 33.14234761 ], [ -99.14185521, 33.17177168 ], [ -99.15734631, 33.19010069 ], [ -99.17531811, 33.211546 ], [ -99.19712064, 33.23814359 ], [ -99.20717156, 33.2513203 ], [ -99.23396822, 33.29109462 ], [ -99.23689495, 33.29608223 ], [ -99.2551238, 33.33086892 ], [ -99.27116178, 33.37064322 ], [ -99.27666925, 33.38921228 ], [ -99.28206166, 33.41041754 ], [ -99.28830912, 33.45019184 ], [ -99.29084122, 33.48996616 ] ], [ [ -95.92484338, 37.58671973 ], [ -95.91779189, 37.62649403 ], [ -95.89585319, 37.6412772 ], [ -95.85607889, 37.65561591 ], [ -95.81630458, 37.65525425 ], [ -95.78317857, 37.62649403 ], [ -95.78349964, 37.58671973 ], [ -95.80455459, 37.54694541 ], [ -95.81630458, 37.53785656 ], [ -95.85607889, 37.53235911 ], [ -95.89500077, 37.54694541 ], [ -95.89585319, 37.54801616 ], [ -95.92484338, 37.58671973 ] ] ] } }
]
}
