{
"type": "FeatureCollection",
"name": "26_HRW_FWSR",
"crs": { "type": "name", "properties": { "name": "urn:ogc:def:crs:EPSG::4269" } },
"features": [
{"type":"Feature","properties":{"Lower":0.1203},"geometry":{"type":"Polygon","coordinates":[[[-101.69308731,38.91605617],[-101.68825406,38.91093945],[-101.66892169,38.90578275],[-101.64958933,38.9008758],[-101.63263537,38.8967238],[-101.63025696,38.89607514],[-101.61092459,38.89085],[-101.59159222,38.88585887],[-101.57225986,38.88107376],[-101.55691697,38.87739143],[-101.55292749,38.87632757],[-101.53359512,38.8711616],[-101.51426275,38.86621346],[-101.49493039,38.8615068],[-101.48058786,38.85805907],[-101.47559802,38.85672488],[-101.45626565,38.85155853],[-101.43693328,38.84654281],[-101.41760092,38.84166157],[-101.40575273,38.8387267],[-101.39826855,38.83668555],[-101.37893618,38.83137072],[-101.35960381,38.82623114],[-101.34027145,38.82114423],[-101.33368701,38.81939433],[-101.32093908,38.81581277],[-101.30160671,38.81050098],[-101.28227434,38.80523759],[-101.26294198,38.80055358],[-101.26121885,38.80006196],[-101.24360961,38.79466492],[-101.22427724,38.78932028],[-101.20494487,38.78410787],[-101.19246243,38.78072959],[-101.18561251,38.7787772],[-101.16628014,38.77331685],[-101.14694777,38.76800047],[-101.1276154,38.76274201],[-101.12266935,38.76139723],[-101.10828304,38.75729678],[-101.08895067,38.75178555],[-101.0696183,38.74640966],[-101.05385917,38.74206486],[-101.05028593,38.74103646],[-101.03095357,38.73553618],[-101.0116212,38.730071],[-100.99228883,38.72480913],[-100.98459098,38.72273249],[-100.97295646,38.71945674],[-100.9536241,38.71403701],[-100.93429173,38.70868921],[-100.9171558,38.70340013],[-100.91495936,38.70271798],[-100.895627,38.69744636],[-100.87629463,38.6914241],[-100.85696226,38.68509328],[-100.85407557,38.68406775],[-100.83762989,38.67801275],[-100.81829753,38.67070498],[-100.80307173,38.66473539],[-100.79896516,38.66305885],[-100.77963279,38.65486256],[-100.76030042,38.64649418],[-100.75788946,38.64540303],[-100.74096806,38.63736344],[-100.72163569,38.62823647],[-100.71710164,38.62607065],[-100.70230332,38.61856627],[-100.68297095,38.60879188],[-100.67890288,38.60673829],[-100.66363859,38.59851905],[-100.64430622,38.58801643],[-100.64320501,38.58740591],[-100.62497385,38.57662835],[-100.61063662,38.56807355],[-100.60564148,38.56486239],[-100.58630912,38.55220431],[-100.58111442,38.54874119],[-100.56697675,38.53782104],[-100.55646146,38.52940881],[-100.54764438,38.51966803],[-100.53910949,38.51007645],[-100.528312,38.49374178],[-100.52637959,38.49074407],[-100.51685839,38.47141171],[-100.50897963,38.45442828],[-100.50793911,38.45207935],[-100.50169368,38.43274697],[-100.49527677,38.41341461],[-100.48964727,38.39696396],[-100.48870026,38.39408223],[-100.48461819,38.37474987],[-100.47996343,38.35541751],[-100.47565624,38.33608513],[-100.47167702,38.31675277],[-100.4703149,38.31007826],[-100.46770509,38.29742039],[-100.46412546,38.27808803],[-100.46052233,38.25875567],[-100.45696115,38.23942329],[-100.45346277,38.22009093],[-100.45098253,38.21036174],[-100.44868748,38.20075857],[-100.44642512,38.18142619],[-100.44277991,38.16209383],[-100.43884315,38.14276145],[-100.43484678,38.12342909],[-100.43165016,38.11229389],[-100.42944028,38.10409673],[-100.42642904,38.08476435],[-100.42121223,38.06543199],[-100.41571814,38.04609962],[-100.4123178,38.03606046],[-100.40906521,38.02676725],[-100.40192836,38.00743489],[-100.39576359,37.98810251],[-100.39298543,37.98251526],[-100.3849891,37.96877015],[-100.3767418,37.94943778],[-100.37365306,37.94420339],[-100.36373138,37.93010541],[-100.35432069,37.91550264],[-100.35105503,37.91077305],[-100.33869938,37.89144068],[-100.33498833,37.88692002],[-100.31946992,37.87210831],[-100.31565596,37.86806319],[-100.2998912,37.85277594],[-100.29632359,37.84969044],[-100.27699122,37.8367301],[-100.27253329,37.83344358],[-100.25765886,37.82151957],[-100.24469422,37.81411121],[-100.23832649,37.81063793],[-100.21899412,37.8009877],[-100.20716485,37.79477884],[-100.19966175,37.79133003],[-100.18032939,37.78609634],[-100.16099702,37.78040077],[-100.14166465,37.77719667],[-100.13569593,37.77544648],[-100.12233228,37.77121778],[-100.10299992,37.76787036],[-100.08366755,37.7652048],[-100.06433518,37.76324857],[-100.04500281,37.76158564],[-100.02567045,37.76058009],[-100.00633808,37.76015501],[-99.98700571,37.76000348],[-99.96767334,37.76032874],[-99.94834098,37.76108094],[-99.92900861,37.76199955],[-99.90967624,37.76335731],[-99.89034387,37.76508732],[-99.87101151,37.76698262],[-99.85167914,37.76914814],[-99.83234677,37.77171045],[-99.8130144,37.77359925],[-99.80358035,37.77544648],[-99.79368204,37.77734462],[-99.77434967,37.78058441],[-99.7550173,37.78383913],[-99.73568493,37.78750461],[-99.71635257,37.79123639],[-99.70237022,37.79477884],[-99.6970202,37.79599191],[-99.67768783,37.79919897],[-99.65835546,37.8034151],[-99.6390231,37.80786153],[-99.61969073,37.81239057],[-99.6129477,37.81411121],[-99.60035836,37.81709715],[-99.58102599,37.82178275],[-99.56169363,37.82661057],[-99.54236126,37.83168655],[-99.53581231,37.83344358],[-99.52302889,37.83662137],[-99.50369652,37.84172372],[-99.48436416,37.84687004],[-99.46503179,37.85216215],[-99.46291764,37.85277594],[-99.44569942,37.85735616],[-99.42636705,37.86263871],[-99.40703469,37.8680471],[-99.39312007,37.87210831],[-99.38770232,37.87353897],[-99.36836995,37.8787255],[-99.34903758,37.88405659],[-99.3297052,37.8894511],[-99.32262464,37.89144068],[-99.31037284,37.89460845],[-99.29104047,37.89971226],[-99.2717081,37.90478246],[-99.25237573,37.90974393],[-99.24837363,37.91077305],[-99.23304337,37.91434515],[-99.213711,37.91881869],[-99.19437863,37.9233204],[-99.17504626,37.92803768],[-99.16714907,37.93010541],[-99.1557139,37.9330348],[-99.13638153,37.93833637],[-99.11704916,37.94429226],[-99.10212718,37.94943778],[-99.09771679,37.95096339],[-99.07838443,37.95879608],[-99.05905206,37.96813394],[-99.05749519,37.96877015],[-99.03971969,37.97395117],[-99.02038732,37.97519269],[-99.00105496,37.97358978],[-98.98172259,37.97032434],[-98.97538852,37.96877015],[-98.96239022,37.9654844],[-98.94305785,37.95947192],[-98.92372549,37.95269294],[-98.91556546,37.94943778],[-98.90439312,37.9448374],[-98.88506075,37.93584632],[-98.87420885,37.93010541],[-98.86572838,37.92551612],[-98.84639602,37.9140803],[-98.84085068,37.91077305],[-98.82706365,37.90225484],[-98.80893547,37.89144068],[-98.80773128,37.89069245],[-98.78839891,37.87901897],[-98.77651515,37.87210831],[-98.76906655,37.8675799],[-98.74973418,37.85629841],[-98.74346226,37.85277594],[-98.73040181,37.84508543],[-98.71106944,37.8341747],[-98.70973486,37.83344358],[-98.69173708,37.82307291],[-98.67558634,37.81411121],[-98.67240471,37.81223724],[-98.65307234,37.80115339],[-98.64167874,37.79477884],[-98.63373997,37.7899991],[-98.61440761,37.77857103],[-98.60900297,37.77544648],[-98.59507524,37.76664583],[-98.57805,37.7561141],[-98.57574287,37.75452398],[-98.5564105,37.74152599],[-98.54916276,37.73678174],[-98.53707814,37.72782043],[-98.52267002,37.71744937],[-98.51774577,37.71335041],[-98.49911191,37.698117],[-98.4984134,37.69745897],[-98.47908103,37.68033217],[-98.47728254,37.67878464],[-98.45974867,37.66076371],[-98.45838864,37.65945226],[-98.441902,37.6401199],[-98.4404163,37.63794439],[-98.4276625,37.62078754],[-98.42108393,37.60952423],[-98.41578484,37.60145516],[-98.4061449,37.5821228],[-98.40175156,37.56996585],[-98.39872379,37.56279044],[-98.39284388,37.54345806],[-98.38899937,37.5241257],[-98.3863631,37.50479332],[-98.38437366,37.48546096],[-98.3824192,37.47558299],[-98.38031187,37.4661286],[-98.37342967,37.44679622],[-98.36308683,37.4297445],[-98.36156181,37.42746386],[-98.34375446,37.4098685],[-98.34171378,37.40813148],[-98.32442209,37.39518538],[-98.31372236,37.38879912],[-98.30508973,37.3838785],[-98.28575736,37.37644042],[-98.26642499,37.37336798],[-98.24709262,37.38079778],[-98.2433507,37.38879912],[-98.23456268,37.40813148],[-98.22776026,37.41235481],[-98.20842789,37.42315757],[-98.20059242,37.42746386],[-98.18909552,37.43577415],[-98.17219497,37.44679622],[-98.16976315,37.44858652],[-98.15043079,37.46207322],[-98.14405338,37.4661286],[-98.13109841,37.4740032],[-98.11176604,37.48447738],[-98.1097989,37.48546096],[-98.09243367,37.49336652],[-98.0731013,37.50023511],[-98.05669172,37.50479332],[-98.05376894,37.50555004],[-98.03443657,37.50977661],[-98.0151042,37.51309143],[-97.99577183,37.51565047],[-97.97643947,37.51755911],[-97.9571071,37.51892338],[-97.93777473,37.51978546],[-97.91844236,37.52015438],[-97.89911,37.52011717],[-97.87977763,37.51968022],[-97.86044526,37.51888144],[-97.84111289,37.51764685],[-97.82178053,37.51585531],[-97.80244816,37.51308825],[-97.78311579,37.50920055],[-97.76646223,37.50479332],[-97.76378342,37.50397832],[-97.74445106,37.49674295],[-97.72511869,37.48777114],[-97.72083499,37.48546096],[-97.70578632,37.4760437],[-97.69201774,37.4661286],[-97.68645395,37.46152894],[-97.67057471,37.44679622],[-97.66712159,37.44315911],[-97.65368424,37.42746386],[-97.64778922,37.41968569],[-97.63981571,37.40813148],[-97.62845685,37.39151784],[-97.62662727,37.38879912],[-97.61271243,37.36946676],[-97.60912448,37.36491619],[-97.59761714,37.35013438],[-97.58979212,37.3411753],[-97.58081712,37.33080202],[-97.57045975,37.32021226],[-97.5619357,37.31146964],[-97.55112738,37.30167174],[-97.54051014,37.29213728],[-97.53179501,37.28454747],[-97.5170561,37.27280492],[-97.51246265,37.26880461],[-97.49313028,37.25398342],[-97.49237969,37.25347254],[-97.47379791,37.23962939],[-97.46467537,37.23414018],[-97.45446554,37.22715627],[-97.43513318,37.21628288],[-97.43213036,37.2148078],[-97.41580081,37.20433696],[-97.39885394,37.19547544],[-97.39646844,37.19380802],[-97.37713607,37.18218177],[-97.36447802,37.17614308],[-97.35780371,37.17172187],[-97.33847134,37.16121483],[-97.32813635,37.1568107],[-97.31913897,37.15123382],[-97.2998066,37.14175632],[-97.28817044,37.13747834],[-97.28047424,37.13295114],[-97.26114187,37.12394465],[-97.24537275,37.11814596],[-97.2418095,37.11586288],[-97.22247713,37.10769161],[-97.20314477,37.10074574],[-97.19515283,37.0988136],[-97.1838124,37.08883398],[-97.17150579,37.07948124],[-97.16997074,37.06014886],[-97.16862422,37.0408165],[-97.16825496,37.02148414],[-97.16858536,37.00215176],[-97.16966925,36.9828194],[-97.16940985,36.96348703],[-97.17215192,36.94415466],[-97.17641617,36.9248223],[-97.17921805,36.90548992],[-97.1838124,36.89591089],[-97.1923027,36.88615756],[-97.20314477,36.87570444],[-97.21252646,36.86682519],[-97.22247713,36.85583592],[-97.23157728,36.84749282],[-97.2418095,36.84164557],[-97.26114187,36.83727916],[-97.28047424,36.83345275],[-97.29045659,36.82816046],[-97.2998066,36.82308045],[-97.31913897,36.81676449],[-97.33847134,36.81282148],[-97.34725596,36.80882809],[-97.35780371,36.80394405],[-97.37713607,36.79787557],[-97.39646844,36.79378425],[-97.40635902,36.78949572],[-97.41580081,36.78543],[-97.43513318,36.77922502],[-97.45446554,36.77294197],[-97.46210677,36.77016335],[-97.47379791,36.76639205],[-97.49313028,36.7598836],[-97.51246265,36.75325578],[-97.51908416,36.75083099],[-97.53179501,36.746594],[-97.55112738,36.73976207],[-97.57045975,36.73336993],[-97.57734617,36.73149862],[-97.58979212,36.72841794],[-97.60912448,36.72462773],[-97.62845685,36.7218169],[-97.64778922,36.71985469],[-97.66712159,36.71836181],[-97.68645395,36.71728275],[-97.70578632,36.71658746],[-97.72511869,36.71621234],[-97.74445106,36.71666999],[-97.76378342,36.7179552],[-97.78311579,36.7201358],[-97.80244816,36.72309237],[-97.82178053,36.72687479],[-97.84111289,36.73057614],[-97.84439202,36.73149862],[-97.86044526,36.7361585],[-97.87977763,36.74164056],[-97.89911,36.74758068],[-97.90897106,36.75083099],[-97.91844236,36.75398811],[-97.93777473,36.76075988],[-97.9571071,36.76765506],[-97.9640833,36.77016335],[-97.97643947,36.77468219],[-97.99577183,36.78159669],[-98.0151042,36.78836766],[-98.01878638,36.78949572],[-98.03443657,36.79449245],[-98.05376894,36.798968],[-98.0731013,36.80169357],[-98.09243367,36.80232725],[-98.11176604,36.80072567],[-98.13109841,36.79664228],[-98.15043079,36.79087016],[-98.15343219,36.78949572],[-98.16976315,36.78168859],[-98.18909552,36.77151895],[-98.191422,36.77016335],[-98.20842789,36.76033184],[-98.22325843,36.75083099],[-98.22776026,36.747947],[-98.24709262,36.73468087],[-98.25153378,36.73149862],[-98.26642499,36.7209119],[-98.27808583,36.71216625],[-98.28575736,36.70645722],[-98.30350897,36.69283388],[-98.30508973,36.69163927],[-98.32442209,36.67663443],[-98.32834584,36.67350151],[-98.34375446,36.66129318],[-98.35265951,36.65416915],[-98.36308683,36.64582725],[-98.37656572,36.63483678],[-98.3824192,36.63013626],[-98.40030253,36.61550441],[-98.40175156,36.61432775],[-98.42108393,36.59851928],[-98.42393105,36.59617205],[-98.4404163,36.58268408],[-98.44749392,36.57683967],[-98.45974867,36.56672024],[-98.47090563,36.55750731],[-98.47908103,36.55075638],[-98.49431727,36.53817495],[-98.4984134,36.53479253],[-98.51774577,36.52006444],[-98.51932953,36.51884257],[-98.53707814,36.50455226],[-98.54390594,36.49951021],[-98.5564105,36.49020446],[-98.5703184,36.48017783],[-98.57574287,36.47623662],[-98.59507524,36.46267212],[-98.59775147,36.46084547],[-98.61440761,36.44938606],[-98.62612331,36.44151311],[-98.63373997,36.43635341],[-98.65307234,36.42359189],[-98.65522433,36.42218073],[-98.67240471,36.4108218],[-98.68477376,36.40284837],[-98.69173708,36.39828417],[-98.71106944,36.38597885],[-98.71496341,36.38351601],[-98.73040181,36.37366739],[-98.74568117,36.36418363],[-98.74973418,36.36162382],[-98.76906655,36.34966801],[-98.777,36.34485127],[-98.78839891,36.33786813],[-98.80773128,36.32713306],[-98.81038805,36.32551889],[-98.82706365,36.31466119],[-98.84145716,36.30618653],[-98.84639602,36.30322322],[-98.86572838,36.29185549],[-98.87439737,36.28685417],[-98.88506075,36.28058159],[-98.90439312,36.26943675],[-98.90781269,36.26752179],[-98.92372549,36.25852058],[-98.94031046,36.24818943],[-98.94305785,36.24653918],[-98.96239022,36.23677418],[-98.97685426,36.22885705],[-98.98172259,36.22613499],[-99.00105496,36.2155987],[-99.01223115,36.20952469],[-99.02038732,36.20504326],[-99.03971969,36.1947849],[-99.04850547,36.19019233],[-99.05905206,36.18461596],[-99.07838443,36.17466012],[-99.08598478,36.17085995],[-99.09771679,36.16485429],[-99.11704916,36.15523228],[-99.12473639,36.15152759],[-99.13638153,36.14577689],[-99.1557139,36.13657685],[-99.16506925,36.13219521],[-99.17504626,36.12746252],[-99.19437863,36.11886471],[-99.20797112,36.11286285],[-99.213711,36.11026078],[-99.23304337,36.10212687],[-99.25237573,36.09566479],[-99.2572992,36.09353049],[-99.2717081,36.08669747],[-99.29104047,36.079495],[-99.30335919,36.07419811],[-99.31037284,36.07137347],[-99.3297052,36.06626165],[-99.34903758,36.06019113],[-99.36306927,36.05486575],[-99.36836995,36.05301538],[-99.38770232,36.04961997],[-99.40703469,36.04501103],[-99.42636705,36.04089098],[-99.44569942,36.03743611],[-99.45298527,36.03553337],[-99.46503179,36.03261452],[-99.48436416,36.03177038],[-99.50369652,36.02963185],[-99.52302889,36.02811863],[-99.54236126,36.02726529],[-99.56169363,36.02694733],[-99.58102599,36.02715802],[-99.60035836,36.02815039],[-99.61969073,36.02957792],[-99.6390231,36.03187035],[-99.65835546,36.03268362],[-99.66933589,36.03553337],[-99.67768783,36.0380152],[-99.6970202,36.04236646],[-99.71635257,36.04752168],[-99.73568493,36.0510654],[-99.74481745,36.05486575],[-99.7550173,36.05976857],[-99.77434967,36.06678975],[-99.78749533,36.07419811],[-99.79368204,36.07727001],[-99.8130144,36.0838184],[-99.83234677,36.09109048],[-99.83652511,36.09353049],[-99.85167914,36.10389323],[-99.86388084,36.11286285],[-99.87101151,36.11754418],[-99.89034387,36.12756828],[-99.8973768,36.13219521],[-99.90967624,36.14050572],[-99.92478033,36.15152759],[-99.92900861,36.15469878],[-99.94834098,36.16716934],[-99.95279891,36.17085995],[-99.96767334,36.1851687],[-99.97353417,36.19019233],[-99.98700571,36.20207902],[-99.99544418,36.20952469],[-100.00633808,36.21942823],[-100.01637515,36.22885705],[-100.02567045,36.23786182],[-100.03599805,36.24818943],[-100.04500281,36.25719418],[-100.05472299,36.26752179],[-100.06433518,36.27773478],[-100.07291801,36.28685417],[-100.08366755,36.29903689],[-100.08997615,36.30618653],[-100.10299992,36.3209469],[-100.10680985,36.32551889],[-100.12233228,36.34118529],[-100.1254704,36.34485127],[-100.13849346,36.36418363],[-100.14166465,36.36812029],[-100.15373167,36.38351601],[-100.16099702,36.39311662],[-100.1683616,36.40284837],[-100.18032939,36.41600023],[-100.18509456,36.42218073],[-100.19498042,36.44151311],[-100.19966175,36.44777067],[-100.21061427,36.46084547],[-100.21899412,36.4729498],[-100.22412977,36.48017783],[-100.23504829,36.49951021],[-100.23832649,36.50399251],[-100.25076611,36.51884257],[-100.25765886,36.52918174],[-100.2636543,36.53817495],[-100.27378483,36.55750731],[-100.27699122,36.56213119],[-100.28863638,36.57683967],[-100.29632359,36.58866613],[-100.3012025,36.59617205],[-100.31117961,36.61550441],[-100.31565596,36.62217006],[-100.32536804,36.63483678],[-100.33498833,36.64738408],[-100.33954478,36.65416915],[-100.34905016,36.67350151],[-100.35432069,36.68228579],[-100.36064952,36.69283388],[-100.36960012,36.71216625],[-100.37365306,36.71862245],[-100.38311849,36.73149862],[-100.39298543,36.74540634],[-100.39642251,36.75083099],[-100.40492924,36.77016335],[-100.4123178,36.78326124],[-100.41592724,36.78949572],[-100.42661083,36.80882809],[-100.43165016,36.81840282],[-100.43692465,36.82816046],[-100.44789704,36.84749282],[-100.45098253,36.85320094],[-100.45855158,36.86682519],[-100.46680069,36.88615756],[-100.4703149,36.89186222],[-100.48060351,36.90548992],[-100.48964727,36.9179543],[-100.49402879,36.9248223],[-100.50317676,36.94415466],[-100.50897963,36.95423325],[-100.51465138,36.96348703],[-100.52379134,36.9828194],[-100.528312,36.9895391],[-100.53868372,37.00215176],[-100.54764438,37.01559267],[-100.55170745,37.02148414],[-100.56205328,37.0408165],[-100.56697675,37.0475362],[-100.57894389,37.06014886],[-100.58630912,37.0697236],[-100.59411532,37.07948124],[-100.60564148,37.09070695],[-100.61289983,37.0988136],[-100.62497385,37.11229873],[-100.63039848,37.11814596],[-100.64430622,37.13257512],[-100.64920942,37.13747834],[-100.66363859,37.1519075],[-100.66893926,37.1568107],[-100.68297095,37.16979007],[-100.69012916,37.17614308],[-100.70230332,37.18986458],[-100.70923445,37.19547544],[-100.72163569,37.20505818],[-100.731534,37.2148078],[-100.74096806,37.22193847],[-100.76030042,37.22823032],[-100.76849758,37.23414018],[-100.77963279,37.24373001],[-100.79152035,37.25347254],[-100.79896516,37.25840807],[-100.81829753,37.26499869],[-100.82875065,37.27280492],[-100.83762989,37.2780393],[-100.85696226,37.28388766],[-100.87629463,37.28872632],[-100.88297963,37.29213728],[-100.895627,37.29994553],[-100.91495936,37.30510005],[-100.92471127,37.31146964],[-100.93429173,37.31754138],[-100.9536241,37.32140592],[-100.97295646,37.32479982],[-100.98318796,37.33080202],[-100.99228883,37.3361409],[-101.0116212,37.33911836],[-101.03095357,37.34427354],[-101.05028593,37.34656835],[-101.06060722,37.35013438],[-101.0696183,37.35381707],[-101.08895067,37.35828035],[-101.10828304,37.36238125],[-101.1276154,37.36600123],[-101.13691576,37.36946676],[-101.14694777,37.3726707],[-101.16628014,37.37328071],[-101.18561251,37.37659504],[-101.20494487,37.37935673],[-101.22427724,37.38230406],[-101.24360961,37.38498919],[-101.26294198,37.38482835],[-101.27331185,37.38879912],[-101.28227434,37.39215237],[-101.30160671,37.39180343],[-101.32093908,37.39370926],[-101.34027145,37.39519634],[-101.35960381,37.39668343],[-101.37893618,37.3981705],[-101.39826855,37.39938615],[-101.41760092,37.40035275],[-101.43693328,37.40101392],[-101.45626565,37.40164371],[-101.47559802,37.40242857],[-101.49493039,37.40302458],[-101.51426275,37.40348496],[-101.53359512,37.40394517],[-101.55292749,37.40486583],[-101.57225986,37.40532603],[-101.59159222,37.4038559],[-101.61092459,37.4045772],[-101.63025696,37.40538835],[-101.64958933,37.40584189],[-101.65794348,37.40813148],[-101.66892169,37.41120338],[-101.68825406,37.41201438],[-101.70758643,37.41084966],[-101.7269188,37.41223052],[-101.74625118,37.41315103],[-101.76558354,37.4145319],[-101.78491591,37.41591278],[-101.80424828,37.41753021],[-101.82358065,37.41913491],[-101.84291301,37.42097608],[-101.86224538,37.42281733],[-101.88157775,37.42309856],[-101.90091012,37.42512621],[-101.90773034,37.42746386],[-101.92024248,37.43175239],[-101.93957485,37.4324834],[-101.95890722,37.43543498],[-101.97823959,37.43873562],[-101.99757195,37.44250784],[-102.01690432,37.44440851],[-102.02401576,37.44679622],[-102.03623669,37.45146683],[-102.04106981,37.44679622],[-102.04108262,37.44679622],[-102.04108251,37.4661286],[-102.04108239,37.48546096],[-102.04108226,37.50479332],[-102.03623669,37.50963891],[-102.02174975,37.5241257],[-102.02174964,37.54345806],[-102.02174951,37.56279044],[-102.0217494,37.5821228],[-102.01690432,37.58696787],[-102.0024169,37.60145516],[-102.00241678,37.62078754],[-102.00241668,37.6401199],[-102.00241657,37.65945226],[-102.00241646,37.67878464],[-101.99757195,37.68362915],[-101.98308396,37.698117],[-101.98308386,37.71744937],[-101.98308376,37.73678174],[-101.98308367,37.7561141],[-101.97823959,37.76095819],[-101.96375118,37.77544648],[-101.96375109,37.79477884],[-101.963751,37.81411121],[-101.96375092,37.83344358],[-101.95890722,37.83828727],[-101.94441844,37.85277594],[-101.94441836,37.87210831],[-101.94441827,37.89144068],[-101.9444182,37.91077305],[-101.93957485,37.91561639],[-101.92508573,37.93010541],[-101.92508565,37.94943778],[-101.92508559,37.96877015],[-101.92508551,37.98810251],[-101.92024248,37.99294556],[-101.90575307,38.00743489],[-101.90575301,38.02676725],[-101.90575295,38.04609962],[-101.9057529,38.06543199],[-101.90575283,38.08476435],[-101.90091012,38.08960709],[-101.8864204,38.10409673],[-101.88642035,38.12342909],[-101.88642031,38.14276145],[-101.88642026,38.16209383],[-101.88157775,38.16693635],[-101.86708785,38.18142619],[-101.86708781,38.20075857],[-101.86708777,38.22009093],[-101.86708773,38.23942329],[-101.86224538,38.24426566],[-101.84775533,38.25875567],[-101.8477553,38.27808803],[-101.84775528,38.29742039],[-101.84775525,38.31675277],[-101.84291301,38.32159501],[-101.82842286,38.33608513],[-101.82842285,38.35541751],[-101.82842283,38.37474987],[-101.82842282,38.39408223],[-101.82358065,38.39892441],[-101.80909044,38.41341461],[-101.80909044,38.43274697],[-101.80909044,38.45207935],[-101.80909044,38.47141171],[-101.80909045,38.49074407],[-101.80424828,38.49558625],[-101.7897581,38.51007645],[-101.78975812,38.52940881],[-101.78975815,38.54874119],[-101.78975817,38.56807355],[-101.78491591,38.57291583],[-101.77042586,38.58740591],[-101.77042591,38.60673829],[-101.77042596,38.62607065],[-101.77042603,38.64540303],[-101.76558354,38.6502455],[-101.75109375,38.66473539],[-101.75109384,38.68406775],[-101.75109394,38.70340013],[-101.75109407,38.72273249],[-101.74625118,38.72757539],[-101.73176186,38.74206486],[-101.73176203,38.76139723],[-101.73176222,38.78072959],[-101.73176242,38.80006196],[-101.7269188,38.80490559],[-101.71243036,38.81939433],[-101.71243065,38.8387267],[-101.71243099,38.85805907],[-101.71243137,38.87739143],[-101.71243182,38.8967238],[-101.70758643,38.90156918],[-101.69310012,38.91605617],[-101.69308731,38.91605617]]]}},
{"type":"Feature","properties":{"Lower":0.5},"geometry":{"type":"Polygon","coordinates":[[[-102.40839197,35.7262155],[-102.40839196,35.74554787],[-102.40839195,35.76488023],[-102.40839194,35.7842126],[-102.40839192,35.80354497],[-102.40839191,35.82287733],[-102.4083919,35.84220971],[-102.40839188,35.86154207],[-102.40839187,35.88087443],[-102.40839186,35.90020681],[-102.40839185,35.91953917],[-102.40839182,35.93887154],[-102.40839181,35.95820391],[-102.40355167,35.96304405],[-102.38905942,35.97753627],[-102.3890594,35.99686865],[-102.38905938,36.01620101],[-102.38905937,36.03553337],[-102.38905934,36.05486575],[-102.3842193,36.05970579],[-102.36972694,36.07419811],[-102.36972691,36.09353049],[-102.36972689,36.11286285],[-102.36972686,36.13219521],[-102.36488694,36.13703514],[-102.35039444,36.15152759],[-102.35039442,36.17085995],[-102.35039438,36.19019233],[-102.35039434,36.20952469],[-102.34555457,36.21436447],[-102.33106192,36.22885705],[-102.33106189,36.24818943],[-102.33106184,36.26752179],[-102.3310618,36.28685417],[-102.3262222,36.29169375],[-102.31172936,36.30618653],[-102.31172932,36.32551889],[-102.31172927,36.34485127],[-102.31172922,36.36418363],[-102.30688983,36.36902302],[-102.29239676,36.38351601],[-102.29239671,36.40284837],[-102.29239665,36.42218073],[-102.29239659,36.44151311],[-102.29239654,36.46084547],[-102.28755747,36.46568453],[-102.27306407,36.48017783],[-102.273064,36.49951021],[-102.27306393,36.51884257],[-102.27306385,36.53817495],[-102.2682251,36.5430137],[-102.25373139,36.55750731],[-102.25373131,36.57683967],[-102.25373123,36.59617205],[-102.25373115,36.61550441],[-102.24889273,36.62034283],[-102.23439867,36.63483678],[-102.23439858,36.65416915],[-102.23439849,36.67350151],[-102.2343984,36.69283388],[-102.22956036,36.69767193],[-102.21506591,36.71216625],[-102.21506582,36.73149862],[-102.21506572,36.75083099],[-102.21506562,36.77016335],[-102.210228,36.77500098],[-102.19573311,36.78949572],[-102.19573301,36.80882809],[-102.19573291,36.82816046],[-102.19573281,36.84749282],[-102.19573271,36.86682519],[-102.19089563,36.87166227],[-102.17640019,36.88615756],[-102.17640008,36.90548992],[-102.17639997,36.9248223],[-102.17639985,36.94415466],[-102.17156326,36.94899125],[-102.15706733,36.96348703],[-102.15706721,36.9828194],[-102.1570671,37.00215176],[-102.15706698,37.02148414],[-102.15223089,37.02632022],[-102.13773445,37.0408165],[-102.13773433,37.06014886],[-102.13773421,37.07948124],[-102.13773409,37.0988136],[-102.13289853,37.10364916],[-102.11840156,37.11814596],[-102.11840143,37.13747834],[-102.1184013,37.1568107],[-102.11840118,37.17614308],[-102.11356616,37.1809781],[-102.09906865,37.19547544],[-102.09906852,37.2148078],[-102.0990684,37.23414018],[-102.09906827,37.25347254],[-102.09906814,37.27280492],[-102.09423379,37.27763926],[-102.07973561,37.29213728],[-102.07973549,37.31146964],[-102.07973536,37.33080202],[-102.07973524,37.35013438],[-102.07490142,37.35496819],[-102.06040271,37.36946676],[-102.06040258,37.38879912],[-102.06040245,37.40813148],[-102.06040233,37.42746386],[-102.05556906,37.43229713],[-102.04106981,37.44679622],[-102.03623669,37.45146683],[-102.02401576,37.44679622],[-102.01690432,37.44440851],[-101.99757195,37.44250784],[-101.97823959,37.43873562],[-101.95890722,37.43543498],[-101.93957485,37.4324834],[-101.92024248,37.43175239],[-101.90773034,37.42746386],[-101.90091012,37.42512621],[-101.88157775,37.42309856],[-101.86224538,37.42281733],[-101.84291301,37.42097608],[-101.82358065,37.41913491],[-101.80424828,37.41753021],[-101.78491591,37.41591278],[-101.76558354,37.4145319],[-101.74625118,37.41315103],[-101.7269188,37.41223052],[-101.70758643,37.41084966],[-101.68825406,37.41201438],[-101.66892169,37.41120338],[-101.65794348,37.40813148],[-101.64958933,37.40584189],[-101.63025696,37.40538835],[-101.61092459,37.4045772],[-101.59159222,37.4038559],[-101.57225986,37.40532603],[-101.55292749,37.40486583],[-101.53359512,37.40394517],[-101.51426275,37.40348496],[-101.49493039,37.40302458],[-101.47559802,37.40242857],[-101.45626565,37.40164371],[-101.43693328,37.40101392],[-101.41760092,37.40035275],[-101.39826855,37.39938615],[-101.37893618,37.3981705],[-101.35960381,37.39668343],[-101.34027145,37.39519634],[-101.32093908,37.39370926],[-101.30160671,37.39180343],[-101.28227434,37.39215237],[-101.27331185,37.38879912],[-101.26294198,37.38482835],[-101.24360961,37.38498919],[-101.22427724,37.38230406],[-101.20494487,37.37935673],[-101.18561251,37.37659504],[-101.16628014,37.37328071],[-101.14694777,37.3726707],[-101.13691576,37.36946676],[-101.1276154,37.36600123],[-101.10828304,37.36238125],[-101.08895067,37.35828035],[-101.0696183,37.35381707],[-101.06060722,37.35013438],[-101.05028593,37.34656835],[-101.03095357,37.34427354],[-101.0116212,37.33911836],[-100.99228883,37.3361409],[-100.98318796,37.33080202],[-100.97295646,37.32479982],[-100.9536241,37.32140592],[-100.93429173,37.31754138],[-100.92471127,37.31146964],[-100.91495936,37.30510005],[-100.895627,37.29994553],[-100.88297963,37.29213728],[-100.87629463,37.28872632],[-100.85696226,37.28388766],[-100.83762989,37.2780393],[-100.82875065,37.27280492],[-100.81829753,37.26499869],[-100.79896516,37.25840807],[-100.79152035,37.25347254],[-100.77963279,37.24373001],[-100.76849758,37.23414018],[-100.76030042,37.22823032],[-100.74096806,37.22193847],[-100.731534,37.2148078],[-100.72163569,37.20505818],[-100.70923445,37.19547544],[-100.70230332,37.18986458],[-100.69012916,37.17614308],[-100.68297095,37.16979007],[-100.66893926,37.1568107],[-100.66363859,37.1519075],[-100.64920942,37.13747834],[-100.64430622,37.13257512],[-100.63039848,37.11814596],[-100.62497385,37.11229873],[-100.61289983,37.0988136],[-100.60564148,37.09070695],[-100.59411532,37.07948124],[-100.58630912,37.0697236],[-100.57894389,37.06014886],[-100.56697675,37.0475362],[-100.56205328,37.0408165],[-100.55170745,37.02148414],[-100.54764438,37.01559267],[-100.53868372,37.00215176],[-100.528312,36.9895391],[-100.52379134,36.9828194],[-100.51465138,36.96348703],[-100.50897963,36.95423325],[-100.50317676,36.94415466],[-100.49402879,36.9248223],[-100.48964727,36.9179543],[-100.48060351,36.90548992],[-100.4703149,36.89186222],[-100.46680069,36.88615756],[-100.45855158,36.86682519],[-100.45098253,36.85320094],[-100.44789704,36.84749282],[-100.43692465,36.82816046],[-100.43165016,36.81840282],[-100.42661083,36.80882809],[-100.41592724,36.78949572],[-100.4123178,36.78326124],[-100.40492924,36.77016335],[-100.39642251,36.75083099],[-100.39298543,36.74540634],[-100.38311849,36.73149862],[-100.37365306,36.71862245],[-100.36960012,36.71216625],[-100.36064952,36.69283388],[-100.35432069,36.68228579],[-100.34905016,36.67350151],[-100.33954478,36.65416915],[-100.33498833,36.64738408],[-100.32536804,36.63483678],[-100.31565596,36.62217006],[-100.31117961,36.61550441],[-100.3012025,36.59617205],[-100.29632359,36.58866613],[-100.28863638,36.57683967],[-100.27699122,36.56213119],[-100.27378483,36.55750731],[-100.2636543,36.53817495],[-100.25765886,36.52918174],[-100.25076611,36.51884257],[-100.23832649,36.50399251],[-100.23504829,36.49951021],[-100.22412977,36.48017783],[-100.21899412,36.4729498],[-100.21061427,36.46084547],[-100.19966175,36.44777067],[-100.19498042,36.44151311],[-100.18509456,36.42218073],[-100.18032939,36.41600023],[-100.1683616,36.40284837],[-100.16099702,36.39311662],[-100.15373167,36.38351601],[-100.14166465,36.36812029],[-100.13849346,36.36418363],[-100.1254704,36.34485127],[-100.12233228,36.34118529],[-100.10680985,36.32551889],[-100.10299992,36.3209469],[-100.08997615,36.30618653],[-100.08366755,36.29903689],[-100.07291801,36.28685417],[-100.06433518,36.27773478],[-100.05472299,36.26752179],[-100.04500281,36.25719418],[-100.03599805,36.24818943],[-100.02567045,36.23786182],[-100.01637515,36.22885705],[-100.00633808,36.21942823],[-99.99544418,36.20952469],[-99.98700571,36.20207902],[-99.97353417,36.19019233],[-99.96767334,36.1851687],[-99.95279891,36.17085995],[-99.94834098,36.16716934],[-99.92900861,36.15469878],[-99.92478033,36.15152759],[-99.90967624,36.14050572],[-99.8973768,36.13219521],[-99.89034387,36.12756828],[-99.87101151,36.11754418],[-99.86388084,36.11286285],[-99.85167914,36.10389323],[-99.83652511,36.09353049],[-99.83234677,36.09109048],[-99.8130144,36.0838184],[-99.79368204,36.07727001],[-99.78749533,36.07419811],[-99.77434967,36.06678975],[-99.7550173,36.05976857],[-99.74481745,36.05486575],[-99.73568493,36.0510654],[-99.71635257,36.04752168],[-99.6970202,36.04236646],[-99.67768783,36.0380152],[-99.66933589,36.03553337],[-99.65835546,36.03268362],[-99.6390231,36.03187035],[-99.61969073,36.02957792],[-99.60035836,36.02815039],[-99.58102599,36.02715802],[-99.56169363,36.02694733],[-99.54236126,36.02726529],[-99.52302889,36.02811863],[-99.50369652,36.02963185],[-99.48436416,36.03177038],[-99.46503179,36.03261452],[-99.45298527,36.03553337],[-99.44569942,36.03743611],[-99.42636705,36.04089098],[-99.40703469,36.04501103],[-99.38770232,36.04961997],[-99.36836995,36.05301538],[-99.36306927,36.05486575],[-99.34903758,36.06019113],[-99.3297052,36.06626165],[-99.31037284,36.07137347],[-99.30335919,36.07419811],[-99.29104047,36.079495],[-99.2717081,36.08669747],[-99.2572992,36.09353049],[-99.25237573,36.09566479],[-99.23304337,36.10212687],[-99.213711,36.11026078],[-99.20797112,36.11286285],[-99.19437863,36.11886471],[-99.17504626,36.12746252],[-99.16506925,36.13219521],[-99.1557139,36.13657685],[-99.13638153,36.14577689],[-99.12473639,36.15152759],[-99.11704916,36.15523228],[-99.09771679,36.16485429],[-99.08598478,36.17085995],[-99.07838443,36.17466012],[-99.05905206,36.18461596],[-99.04850547,36.19019233],[-99.03971969,36.1947849],[-99.02038732,36.20504326],[-99.01223115,36.20952469],[-99.00105496,36.2155987],[-98.98172259,36.22613499],[-98.97685426,36.22885705],[-98.96239022,36.23677418],[-98.94305785,36.24653918],[-98.94031046,36.24818943],[-98.92372549,36.25852058],[-98.90781269,36.26752179],[-98.90439312,36.26943675],[-98.88506075,36.28058159],[-98.87439737,36.28685417],[-98.86572838,36.29185549],[-98.84639602,36.30322322],[-98.84145716,36.30618653],[-98.82706365,36.31466119],[-98.81038805,36.32551889],[-98.80773128,36.32713306],[-98.78839891,36.33786813],[-98.777,36.34485127],[-98.76906655,36.34966801],[-98.74973418,36.36162382],[-98.74568117,36.36418363],[-98.73040181,36.37366739],[-98.71496341,36.38351601],[-98.71106944,36.38597885],[-98.69173708,36.39828417],[-98.68477376,36.40284837],[-98.67240471,36.4108218],[-98.65522433,36.42218073],[-98.65307234,36.42359189],[-98.63373997,36.43635341],[-98.62612331,36.44151311],[-98.61440761,36.44938606],[-98.59775147,36.46084547],[-98.59507524,36.46267212],[-98.57574287,36.47623662],[-98.5703184,36.48017783],[-98.5564105,36.49020446],[-98.54390594,36.49951021],[-98.53707814,36.50455226],[-98.51932953,36.51884257],[-98.51774577,36.52006444],[-98.4984134,36.53479253],[-98.49431727,36.53817495],[-98.47908103,36.55075638],[-98.47090563,36.55750731],[-98.45974867,36.56672024],[-98.44749392,36.57683967],[-98.4404163,36.58268408],[-98.42393105,36.59617205],[-98.42108393,36.59851928],[-98.40175156,36.61432775],[-98.40030253,36.61550441],[-98.3824192,36.63013626],[-98.37656572,36.63483678],[-98.36308683,36.64582725],[-98.35265951,36.65416915],[-98.34375446,36.66129318],[-98.32834584,36.67350151],[-98.32442209,36.67663443],[-98.30508973,36.69163927],[-98.30350897,36.69283388],[-98.28575736,36.70645722],[-98.27808583,36.71216625],[-98.26642499,36.7209119],[-98.25153378,36.73149862],[-98.24709262,36.73468087],[-98.22776026,36.747947],[-98.22325843,36.75083099],[-98.20842789,36.76033184],[-98.191422,36.77016335],[-98.18909552,36.77151895],[-98.16976315,36.78168859],[-98.15343219,36.78949572],[-98.15043079,36.79087016],[-98.13109841,36.79664228],[-98.11176604,36.80072567],[-98.09243367,36.80232725],[-98.0731013,36.80169357],[-98.05376894,36.798968],[-98.03443657,36.79449245],[-98.01878638,36.78949572],[-98.0151042,36.78836766],[-97.99577183,36.78159669],[-97.97643947,36.77468219],[-97.9640833,36.77016335],[-97.9571071,36.76765506],[-97.93777473,36.76075988],[-97.91844236,36.75398811],[-97.90897106,36.75083099],[-97.89911,36.74758068],[-97.87977763,36.74164056],[-97.86044526,36.7361585],[-97.84439202,36.73149862],[-97.84111289,36.73057614],[-97.82178053,36.72687479],[-97.80244816,36.72309237],[-97.78311579,36.7201358],[-97.76378342,36.7179552],[-97.74445106,36.71666999],[-97.72511869,36.71621234],[-97.70578632,36.71658746],[-97.68645395,36.71728275],[-97.66712159,36.71836181],[-97.64778922,36.71985469],[-97.62845685,36.7218169],[-97.60912448,36.72462773],[-97.58979212,36.72841794],[-97.57734617,36.73149862],[-97.57045975,36.73336993],[-97.55112738,36.73976207],[-97.53179501,36.746594],[-97.51908416,36.75083099],[-97.51246265,36.75325578],[-97.49313028,36.7598836],[-97.47379791,36.76639205],[-97.46210677,36.77016335],[-97.45446554,36.77294197],[-97.43513318,36.77922502],[-97.41580081,36.78543],[-97.40635902,36.78949572],[-97.39646844,36.79378425],[-97.37713607,36.79787557],[-97.35780371,36.80394405],[-97.34725596,36.80882809],[-97.33847134,36.81282148],[-97.31913897,36.81676449],[-97.2998066,36.82308045],[-97.29045659,36.82816046],[-97.28047424,36.83345275],[-97.26114187,36.83727916],[-97.2418095,36.84164557],[-97.23157728,36.84749282],[-97.22247713,36.85583592],[-97.21252646,36.86682519],[-97.20314477,36.87570444],[-97.1923027,36.88615756],[-97.1838124,36.89591089],[-97.17921805,36.90548992],[-97.17641617,36.9248223],[-97.17215192,36.94415466],[-97.16940985,36.96348703],[-97.16966925,36.9828194],[-97.16858536,37.00215176],[-97.16825496,37.02148414],[-97.16862422,37.0408165],[-97.16997074,37.06014886],[-97.17150579,37.07948124],[-97.1838124,37.08883398],[-97.19515283,37.0988136],[-97.20314477,37.10074574],[-97.22247713,37.10769161],[-97.2418095,37.11586288],[-97.24537275,37.11814596],[-97.26114187,37.12394465],[-97.28047424,37.13295114],[-97.28817044,37.13747834],[-97.2998066,37.14175632],[-97.31913897,37.15123382],[-97.32813635,37.1568107],[-97.33847134,37.16121483],[-97.35780371,37.17172187],[-97.36447802,37.17614308],[-97.37713607,37.18218177],[-97.39646844,37.19380802],[-97.39885394,37.19547544],[-97.41580081,37.20433696],[-97.43213036,37.2148078],[-97.43513318,37.21628288],[-97.45446554,37.22715627],[-97.46467537,37.23414018],[-97.47379791,37.23962939],[-97.49237969,37.25347254],[-97.49313028,37.25398342],[-97.51246265,37.26880461],[-97.5170561,37.27280492],[-97.53179501,37.28454747],[-97.54051014,37.29213728],[-97.55112738,37.30167174],[-97.5619357,37.31146964],[-97.57045975,37.32021226],[-97.58081712,37.33080202],[-97.58979212,37.3411753],[-97.59761714,37.35013438],[-97.60912448,37.36491619],[-97.61271243,37.36946676],[-97.62662727,37.38879912],[-97.62845685,37.39151784],[-97.63981571,37.40813148],[-97.64778922,37.41968569],[-97.65368424,37.42746386],[-97.66712159,37.44315911],[-97.67057471,37.44679622],[-97.68645395,37.46152894],[-97.69201774,37.4661286],[-97.70578632,37.4760437],[-97.72083499,37.48546096],[-97.72511869,37.48777114],[-97.74445106,37.49674295],[-97.76378342,37.50397832],[-97.76646223,37.50479332],[-97.78311579,37.50920055],[-97.80244816,37.51308825],[-97.82178053,37.51585531],[-97.84111289,37.51764685],[-97.86044526,37.51888144],[-97.87977763,37.51968022],[-97.89911,37.52011717],[-97.91844236,37.52015438],[-97.93777473,37.51978546],[-97.9571071,37.51892338],[-97.97643947,37.51755911],[-97.99577183,37.51565047],[-98.0151042,37.51309143],[-98.03443657,37.50977661],[-98.05376894,37.50555004],[-98.05669172,37.50479332],[-98.0731013,37.50023511],[-98.09243367,37.49336652],[-98.1097989,37.48546096],[-98.11176604,37.48447738],[-98.13109841,37.4740032],[-98.14405338,37.4661286],[-98.15043079,37.46207322],[-98.16976315,37.44858652],[-98.17219497,37.44679622],[-98.18909552,37.43577415],[-98.20059242,37.42746386],[-98.20842789,37.42315757],[-98.22776026,37.41235481],[-98.23456268,37.40813148],[-98.2433507,37.38879912],[-98.24709262,37.38079778],[-98.26642499,37.37336798],[-98.28575736,37.37644042],[-98.30508973,37.3838785],[-98.31372236,37.38879912],[-98.32442209,37.39518538],[-98.34171378,37.40813148],[-98.34375446,37.4098685],[-98.36156181,37.42746386],[-98.36308683,37.4297445],[-98.37342967,37.44679622],[-98.38031187,37.4661286],[-98.3824192,37.47558299],[-98.38437366,37.48546096],[-98.3863631,37.50479332],[-98.38899937,37.5241257],[-98.39284388,37.54345806],[-98.39872379,37.56279044],[-98.40175156,37.56996585],[-98.4061449,37.5821228],[-98.41578484,37.60145516],[-98.42108393,37.60952423],[-98.4276625,37.62078754],[-98.4404163,37.63794439],[-98.441902,37.6401199],[-98.45838864,37.65945226],[-98.45974867,37.66076371],[-98.47728254,37.67878464],[-98.47908103,37.68033217],[-98.4984134,37.69745897],[-98.49911191,37.698117],[-98.51774577,37.71335041],[-98.52267002,37.71744937],[-98.53707814,37.72782043],[-98.54916276,37.73678174],[-98.5564105,37.74152599],[-98.57574287,37.75452398],[-98.57805,37.7561141],[-98.59507524,37.76664583],[-98.60900297,37.77544648],[-98.61440761,37.77857103],[-98.63373997,37.7899991],[-98.64167874,37.79477884],[-98.65307234,37.80115339],[-98.67240471,37.81223724],[-98.67558634,37.81411121],[-98.69173708,37.82307291],[-98.70973486,37.83344358],[-98.71106944,37.8341747],[-98.73040181,37.84508543],[-98.74346226,37.85277594],[-98.74973418,37.85629841],[-98.76906655,37.8675799],[-98.77651515,37.87210831],[-98.78839891,37.87901897],[-98.80773128,37.89069245],[-98.80893547,37.89144068],[-98.82706365,37.90225484],[-98.84085068,37.91077305],[-98.84639602,37.9140803],[-98.86572838,37.92551612],[-98.87420885,37.93010541],[-98.88506075,37.93584632],[-98.90439312,37.9448374],[-98.91556546,37.94943778],[-98.92372549,37.95269294],[-98.94305785,37.95947192],[-98.96239022,37.9654844],[-98.97538852,37.96877015],[-98.98172259,37.97032434],[-99.00105496,37.97358978],[-99.02038732,37.97519269],[-99.03971969,37.97395117],[-99.05749519,37.96877015],[-99.05905206,37.96813394],[-99.07838443,37.95879608],[-99.09771679,37.95096339],[-99.10212718,37.94943778],[-99.11704916,37.94429226],[-99.13638153,37.93833637],[-99.1557139,37.9330348],[-99.16714907,37.93010541],[-99.17504626,37.92803768],[-99.19437863,37.9233204],[-99.213711,37.91881869],[-99.23304337,37.91434515],[-99.24837363,37.91077305],[-99.25237573,37.90974393],[-99.2717081,37.90478246],[-99.29104047,37.89971226],[-99.31037284,37.89460845],[-99.32262464,37.89144068],[-99.3297052,37.8894511],[-99.34903758,37.88405659],[-99.36836995,37.8787255],[-99.38770232,37.87353897],[-99.39312007,37.87210831],[-99.40703469,37.8680471],[-99.42636705,37.86263871],[-99.44569942,37.85735616],[-99.46291764,37.85277594],[-99.46503179,37.85216215],[-99.48436416,37.84687004],[-99.50369652,37.84172372],[-99.52302889,37.83662137],[-99.53581231,37.83344358],[-99.54236126,37.83168655],[-99.56169363,37.82661057],[-99.58102599,37.82178275],[-99.60035836,37.81709715],[-99.6129477,37.81411121],[-99.61969073,37.81239057],[-99.6390231,37.80786153],[-99.65835546,37.8034151],[-99.67768783,37.79919897],[-99.6970202,37.79599191],[-99.70237022,37.79477884],[-99.71635257,37.79123639],[-99.73568493,37.78750461],[-99.7550173,37.78383913],[-99.77434967,37.78058441],[-99.79368204,37.77734462],[-99.80358035,37.77544648],[-99.8130144,37.77359925],[-99.83234677,37.77171045],[-99.85167914,37.76914814],[-99.87101151,37.76698262],[-99.89034387,37.76508732],[-99.90967624,37.76335731],[-99.92900861,37.76199955],[-99.94834098,37.76108094],[-99.96767334,37.76032874],[-99.98700571,37.76000348],[-100.00633808,37.76015501],[-100.02567045,37.76058009],[-100.04500281,37.76158564],[-100.06433518,37.76324857],[-100.08366755,37.7652048],[-100.10299992,37.76787036],[-100.12233228,37.77121778],[-100.13569593,37.77544648],[-100.14166465,37.77719667],[-100.16099702,37.78040077],[-100.18032939,37.78609634],[-100.19966175,37.79133003],[-100.20716485,37.79477884],[-100.21899412,37.8009877],[-100.23832649,37.81063793],[-100.24469422,37.81411121],[-100.25765886,37.82151957],[-100.27253329,37.83344358],[-100.27699122,37.8367301],[-100.29632359,37.84969044],[-100.2998912,37.85277594],[-100.31565596,37.86806319],[-100.31946992,37.87210831],[-100.33498833,37.88692002],[-100.33869938,37.89144068],[-100.35105503,37.91077305],[-100.35432069,37.91550264],[-100.36373138,37.93010541],[-100.37365306,37.94420339],[-100.3767418,37.94943778],[-100.3849891,37.96877015],[-100.39298543,37.98251526],[-100.39576359,37.98810251],[-100.40192836,38.00743489],[-100.40906521,38.02676725],[-100.4123178,38.03606046],[-100.41571814,38.04609962],[-100.42121223,38.06543199],[-100.42642904,38.08476435],[-100.42944028,38.10409673],[-100.43165016,38.11229389],[-100.43484678,38.12342909],[-100.43884315,38.14276145],[-100.44277991,38.16209383],[-100.44642512,38.18142619],[-100.44868748,38.20075857],[-100.45098253,38.21036174],[-100.45346277,38.22009093],[-100.45696115,38.23942329],[-100.46052233,38.25875567],[-100.46412546,38.27808803],[-100.46770509,38.29742039],[-100.4703149,38.31007826],[-100.47167702,38.31675277],[-100.47565624,38.33608513],[-100.47996343,38.35541751],[-100.48461819,38.37474987],[-100.48870026,38.39408223],[-100.48964727,38.39696396],[-100.49527677,38.41341461],[-100.50169368,38.43274697],[-100.50793911,38.45207935],[-100.50897963,38.45442828],[-100.51685839,38.47141171],[-100.52637959,38.49074407],[-100.528312,38.49374178],[-100.53910949,38.51007645],[-100.54764438,38.51966803],[-100.55646146,38.52940881],[-100.56697675,38.53782104],[-100.58111442,38.54874119],[-100.58630912,38.55220431],[-100.60564148,38.56486239],[-100.61063662,38.56807355],[-100.62497385,38.57662835],[-100.64320501,38.58740591],[-100.64430622,38.58801643],[-100.66363859,38.59851905],[-100.67890288,38.60673829],[-100.68297095,38.60879188],[-100.70230332,38.61856627],[-100.71710164,38.62607065],[-100.72163569,38.62823647],[-100.74096806,38.63736344],[-100.75788946,38.64540303],[-100.76030042,38.64649418],[-100.77963279,38.65486256],[-100.79896516,38.66305885],[-100.80307173,38.66473539],[-100.81829753,38.67070498],[-100.83762989,38.67801275],[-100.85407557,38.68406775],[-100.85696226,38.68509328],[-100.87629463,38.6914241],[-100.895627,38.69744636],[-100.91495936,38.70271798],[-100.9171558,38.70340013],[-100.93429173,38.70868921],[-100.9536241,38.71403701],[-100.97295646,38.71945674],[-100.98459098,38.72273249],[-100.99228883,38.72480913],[-101.0116212,38.730071],[-101.03095357,38.73553618],[-101.05028593,38.74103646],[-101.05385917,38.74206486],[-101.0696183,38.74640966],[-101.08895067,38.75178555],[-101.10828304,38.75729678],[-101.12266935,38.76139723],[-101.1276154,38.76274201],[-101.14694777,38.76800047],[-101.16628014,38.77331685],[-101.18561251,38.7787772],[-101.19246243,38.78072959],[-101.20494487,38.78410787],[-101.22427724,38.78932028],[-101.24360961,38.79466492],[-101.26121885,38.80006196],[-101.26294198,38.80055358],[-101.28227434,38.80523759],[-101.30160671,38.81050098],[-101.32093908,38.81581277],[-101.33368701,38.81939433],[-101.34027145,38.82114423],[-101.35960381,38.82623114],[-101.37893618,38.83137072],[-101.39826855,38.83668555],[-101.40575273,38.8387267],[-101.41760092,38.84166157],[-101.43693328,38.84654281],[-101.45626565,38.85155853],[-101.47559802,38.85672488],[-101.48058786,38.85805907],[-101.49493039,38.8615068],[-101.51426275,38.86621346],[-101.53359512,38.8711616],[-101.55292749,38.87632757],[-101.55691697,38.87739143],[-101.57225986,38.88107376],[-101.59159222,38.88585887],[-101.61092459,38.89085],[-101.63025696,38.89607514],[-101.63263537,38.8967238],[-101.64958933,38.9008758],[-101.66892169,38.90578275],[-101.68825406,38.91093945],[-101.69308731,38.91605617],[-101.69308794,38.93538853],[-101.69308867,38.9547209],[-101.69308945,38.97405327],[-101.68825406,38.97888866],[-101.67375813,38.99338564],[-101.673759,39.012718],[-101.67375988,39.03205037],[-101.6737608,39.05138274],[-101.66892169,39.05622183],[-101.65442957,39.07071511],[-101.65443047,39.09004748],[-101.65443136,39.10937984],[-101.65443224,39.12871221],[-101.64958933,39.13355512],[-101.63510092,39.14804458],[-101.63510172,39.16737694],[-101.63510249,39.18670932],[-101.63510321,39.20604168],[-101.63025696,39.21088792],[-101.61577165,39.22537404],[-101.61577225,39.24470642],[-101.61577282,39.26403878],[-101.61577332,39.28337116],[-101.61577377,39.30270352],[-101.61092459,39.30755269],[-101.59644188,39.32203588],[-101.59644223,39.34136826],[-101.59642537,39.34136826],[-101.59159222,39.33893701],[-101.57225986,39.33474496],[-101.55292749,39.33034626],[-101.53359512,39.32570099],[-101.51958884,39.32203588],[-101.51426275,39.32078273],[-101.49493039,39.31620016],[-101.47559802,39.31138334],[-101.45626565,39.30615573],[-101.44383774,39.30270352],[-101.43693328,39.3009774],[-101.41760092,39.29597617],[-101.39826855,39.29060552],[-101.37893618,39.2850031],[-101.37332632,39.28337116],[-101.35960381,39.27980106],[-101.34027145,39.27439541],[-101.32093908,39.2688778],[-101.3047632,39.26403878],[-101.30160671,39.26319543],[-101.28227434,39.25804062],[-101.26294198,39.25279286],[-101.24360961,39.24742324],[-101.23348317,39.24470642],[-101.22427724,39.24252087],[-101.20494487,39.23783222],[-101.18561251,39.23337504],[-101.16628014,39.22902207],[-101.15218005,39.22537404],[-101.14694777,39.22420877],[-101.1276154,39.2213889],[-101.10828304,39.21799669],[-101.08895067,39.21459736],[-101.0696183,39.21042448],[-101.05587242,39.20604168],[-101.05028593,39.20440296],[-101.03095357,39.19687331],[-101.0116212,39.19034883],[-100.99228883,39.18823064],[-100.97295646,39.18884906],[-100.9536241,39.19178141],[-100.93429173,39.19662406],[-100.91495936,39.20271046],[-100.90572712,39.20604168],[-100.895627,39.21020057],[-100.87629463,39.21853538],[-100.86076913,39.22537404],[-100.85696226,39.22720332],[-100.83762989,39.23649294],[-100.82280812,39.24470642],[-100.81829753,39.24724989],[-100.79896516,39.2557918],[-100.7847153,39.26403878],[-100.77963279,39.26699385],[-100.76030042,39.27566301],[-100.74511089,39.28337116],[-100.74096806,39.28564301],[-100.72163569,39.29573334],[-100.70747041,39.30270352],[-100.70230332,39.30546522],[-100.68297095,39.31557626],[-100.67026706,39.32203588],[-100.66363859,39.32558684],[-100.64430622,39.33559809],[-100.63276587,39.34136826],[-100.62497385,39.3454848],[-100.60564148,39.35533351],[-100.59470066,39.36070062],[-100.58630912,39.36506421],[-100.56697675,39.37473053],[-100.55637167,39.380033],[-100.54764438,39.38457832],[-100.528312,39.39424443],[-100.51762507,39.39936536],[-100.50897963,39.40378428],[-100.48964727,39.41323542],[-100.47847448,39.41869772],[-100.4703149,39.42287254],[-100.45098253,39.43263792],[-100.43965905,39.4380301],[-100.43165016,39.44203453],[-100.4123178,39.45183884],[-100.40099432,39.45736246],[-100.39298543,39.46157771],[-100.37365306,39.47124389],[-100.36214582,39.47669482],[-100.35432069,39.48060746],[-100.33498833,39.49027347],[-100.32348109,39.4960272],[-100.31565596,39.50017005],[-100.29632359,39.50983604],[-100.28458617,39.51535956],[-100.27699122,39.51915712],[-100.25765886,39.52882322],[-100.24857295,39.53469194],[-100.23832649,39.54062936],[-100.21899412,39.54776425],[-100.20944651,39.5540243],[-100.19966175,39.55974047],[-100.18032939,39.56664953],[-100.17078177,39.57335666],[-100.16099702,39.57943389],[-100.14166465,39.58546604],[-100.13160552,39.59268904],[-100.12233228,39.59852429],[-100.11749912,39.6120214],[-100.11748226,39.6120214],[-100.10299992,39.59753896],[-100.08366755,39.59753892],[-100.06433518,39.59753889],[-100.05948532,39.59268904],[-100.04500281,39.57820643],[-100.02567045,39.5782064],[-100.00633808,39.57820639],[-100.00148837,39.57335666],[-99.98700571,39.55887394],[-99.96767334,39.55887392],[-99.94834098,39.55887391],[-99.94349137,39.5540243],[-99.92900861,39.53954148],[-99.90967624,39.53954148],[-99.89034387,39.53954149],[-99.88549432,39.53469194],[-99.87101151,39.52020907],[-99.85167914,39.52020909],[-99.83234677,39.52020912],[-99.82749723,39.51535956],[-99.8130144,39.50087672],[-99.79368204,39.50087675],[-99.77434967,39.5008768],[-99.76950007,39.4960272],[-99.7550173,39.48154443],[-99.73568493,39.48154449],[-99.71635257,39.48154455],[-99.71150285,39.47669482],[-99.6970202,39.46221221],[-99.67768783,39.46221228],[-99.65835546,39.46221237],[-99.65350555,39.45736246],[-99.6390231,39.44288009],[-99.6390231,39.44286321],[-99.64449725,39.4380301],[-99.6390231,39.42708399],[-99.63524156,39.41869772],[-99.63349936,39.39936536],[-99.62894642,39.380033],[-99.6246328,39.36070062],[-99.62281594,39.34136826],[-99.61969073,39.33163839],[-99.61648949,39.32203588],[-99.61226467,39.30270352],[-99.60780319,39.28337116],[-99.60346519,39.26403878],[-99.60035836,39.25509252],[-99.59735631,39.24470642],[-99.59514748,39.22537404],[-99.59076747,39.20604168],[-99.58645086,39.18670932],[-99.58361197,39.16737694],[-99.58102599,39.15913729],[-99.57744935,39.14804458],[-99.57314162,39.12871221],[-99.56835688,39.10937984],[-99.5637216,39.09004748],[-99.56169363,39.0819353],[-99.55905367,39.07071511],[-99.55432888,39.05138274],[-99.54946281,39.03205037],[-99.54421541,39.012718],[-99.54236126,39.00588673],[-99.53919444,38.99338564],[-99.53403912,38.97405327],[-99.52855237,38.9547209],[-99.52452145,38.93538853],[-99.52302889,38.93122965],[-99.51753895,38.91605617],[-99.51188075,38.8967238],[-99.50598676,38.87739143],[-99.50369652,38.87043583],[-99.49981084,38.85805907],[-99.49374131,38.8387267],[-99.48722236,38.81939433],[-99.48436416,38.8112008],[-99.48069196,38.80006196],[-99.47389374,38.78072959],[-99.46688302,38.76139723],[-99.46503179,38.75658401],[-99.45973838,38.74206486],[-99.45235666,38.72273249],[-99.44569942,38.70651604],[-99.44449627,38.70340013],[-99.43675129,38.68406775],[-99.42845932,38.66473539],[-99.42636705,38.66002775],[-99.42023856,38.64540303],[-99.41144294,38.62607065],[-99.40703469,38.61690159],[-99.40245656,38.60673829],[-99.39332728,38.58740591],[-99.38770232,38.57625841],[-99.38385469,38.56807355],[-99.37415537,38.54874119],[-99.36836995,38.53773945],[-99.36430459,38.52940881],[-99.35417935,38.51007645],[-99.34903758,38.5007759],[-99.34402171,38.49074407],[-99.33396038,38.47141171],[-99.3297052,38.4636489],[-99.32403536,38.45207935],[-99.31440653,38.43274697],[-99.31037284,38.42467962],[-99.30558988,38.41341461],[-99.29787062,38.39408223],[-99.29193996,38.37474987],[-99.29104047,38.37170981],[-99.28700668,38.35541751],[-99.28369373,38.33608513],[-99.28252014,38.31675277],[-99.28381306,38.29742039],[-99.28131906,38.27808803],[-99.2717081,38.26519528],[-99.26687249,38.25875567],[-99.25237573,38.2479129],[-99.24094141,38.23942329],[-99.23304337,38.23432718],[-99.213711,38.22180638],[-99.21113214,38.22009093],[-99.19437863,38.21017023],[-99.17832533,38.20075857],[-99.17504626,38.19901711],[-99.1557139,38.1884478],[-99.14284809,38.18142619],[-99.13638153,38.17816808],[-99.11704916,38.16826458],[-99.10500568,38.16209383],[-99.09771679,38.15859834],[-99.07838443,38.14918761],[-99.06515312,38.14276145],[-99.05905206,38.139945],[-99.03971969,38.13091919],[-99.02356191,38.12342909],[-99.02038732,38.12201004],[-99.00105496,38.11331195],[-98.98172259,38.1047251],[-98.98030717,38.10409673],[-98.96239022,38.09629826],[-98.94305785,38.08800291],[-98.93540988,38.08476435],[-98.92372549,38.07983798],[-98.90439312,38.07169884],[-98.89149243,38.06543199],[-98.88506075,38.06230078],[-98.86572838,38.05169689],[-98.85528867,38.04609962],[-98.84639602,38.04129979],[-98.82706365,38.03131325],[-98.81796121,38.02676725],[-98.80773128,38.02162278],[-98.78839891,38.01220049],[-98.77835924,38.00743489],[-98.76906655,38.00299247],[-98.74973418,37.99400722],[-98.73676269,37.98810251],[-98.73040181,37.98518582],[-98.71106944,37.976582],[-98.69320425,37.96877015],[-98.69173708,37.96812298],[-98.67240471,37.95989808],[-98.65307234,37.95184896],[-98.64706774,37.94943778],[-98.63373997,37.94404403],[-98.61440761,37.93652268],[-98.59724943,37.93010541],[-98.59507524,37.92928242],[-98.57574287,37.92242755],[-98.5564105,37.9159432],[-98.54003456,37.91077305],[-98.53707814,37.90982247],[-98.51774577,37.90407616],[-98.4984134,37.8987306],[-98.47908103,37.89375257],[-98.46919215,37.89144068],[-98.45974867,37.88917131],[-98.4404163,37.88484141],[-98.42108393,37.8806324],[-98.40175156,37.87654653],[-98.3824192,37.8725504],[-98.38016615,37.87210831],[-98.36308683,37.86863143],[-98.34375446,37.86481117],[-98.32442209,37.8611394],[-98.30508973,37.85759161],[-98.28575736,37.85417611],[-98.27730569,37.85277594],[-98.26642499,37.85090619],[-98.24709262,37.84775885],[-98.22776026,37.84475049],[-98.20842789,37.84192747],[-98.18909552,37.83922921],[-98.16976315,37.8366788],[-98.15043079,37.83426261],[-98.14346895,37.83344358],[-98.13109841,37.83195538],[-98.11176604,37.82978015],[-98.09243367,37.82774514],[-98.0731013,37.82572557],[-98.05376894,37.82376592],[-98.03443657,37.82169422],[-98.0151042,37.81951326],[-97.99577183,37.8171558],[-97.97643947,37.81454865],[-97.97337737,37.81411121],[-97.9571071,37.8117941],[-97.93777473,37.80877236],[-97.91844236,37.80541074],[-97.89911,37.80169721],[-97.87977763,37.7975502],[-97.8678648,37.79477884],[-97.86044526,37.79309374],[-97.84111289,37.78833153],[-97.82178053,37.78308835],[-97.80244816,37.77732163],[-97.79646967,37.77544648],[-97.78311579,37.77142137],[-97.76378342,37.76513721],[-97.74445106,37.75843442],[-97.73794932,37.7561141],[-97.72511869,37.75183723],[-97.70578632,37.74534808],[-97.68645395,37.73899508],[-97.67936123,37.73678174],[-97.66712159,37.73330724],[-97.64778922,37.72828331],[-97.62845685,37.72444643],[-97.60912448,37.721632],[-97.58979212,37.71881648],[-97.58103662,37.71744937],[-97.57045975,37.71583013],[-97.55112738,37.71224306],[-97.53179501,37.70770138],[-97.51246265,37.70192056],[-97.5024738,37.698117],[-97.49313028,37.69455917],[-97.47379791,37.68552258],[-97.46095945,37.67878464],[-97.45446554,37.67541235],[-97.43513318,37.66483727],[-97.42598482,37.65945226],[-97.41580081,37.65355626],[-97.39646844,37.64119765],[-97.39503143,37.6401199],[-97.37713607,37.6270568],[-97.36972292,37.62078754],[-97.35780371,37.61096969],[-97.34809272,37.60145516],[-97.33847134,37.59236979],[-97.32949896,37.5821228],[-97.31913897,37.57079587],[-97.31319432,37.56279044],[-97.2998066,37.54571768],[-97.29841281,37.54345806],[-97.28629452,37.5241257],[-97.28047424,37.51528805],[-97.27541973,37.50479332],[-97.26619013,37.48546096],[-97.26114187,37.47440569],[-97.2586221,37.4661286],[-97.25328165,37.44679622],[-97.24799181,37.42746386],[-97.24264585,37.40813148],[-97.2418095,37.40502312],[-97.23846449,37.38879912],[-97.23391699,37.36946676],[-97.22586513,37.35013438],[-97.22247713,37.34498891],[-97.21495559,37.33080202],[-97.20314477,37.31360471],[-97.20190723,37.31146964],[-97.18906157,37.29213728],[-97.1838124,37.28535152],[-97.17545062,37.27280492],[-97.16448003,37.25827802],[-97.16123309,37.25347254],[-97.147183,37.23414018],[-97.14514766,37.23144577],[-97.13355859,37.2148078],[-97.1258153,37.20404412],[-97.1198333,37.19547544],[-97.10648293,37.17936892],[-97.10177021,37.17614308],[-97.08715056,37.16794161],[-97.06781819,37.16063917],[-97.05523985,37.1568107],[-97.04848583,37.15463361],[-97.02915346,37.14887902],[-97.00982109,37.14313747],[-96.99200465,37.13747834],[-96.99048872,37.13673098],[-96.97115636,37.12685196],[-96.9540185,37.11814596],[-96.95182399,37.11664006],[-96.93249161,37.10390051],[-96.92427126,37.0988136],[-96.91315924,37.09055083],[-96.89703409,37.07948124],[-96.89382687,37.07695578],[-96.87449451,37.0627494],[-96.87070893,37.06014886],[-96.85516214,37.04820807],[-96.84474741,37.0408165],[-96.83582977,37.03388056],[-96.81857461,37.02148414],[-96.8164974,37.01986892],[-96.79716504,37.00575905],[-96.79186021,37.00215176],[-96.77783267,36.99192047],[-96.76428168,36.9828194],[-96.7585003,36.97866945],[-96.73916793,36.96574042],[-96.73557324,36.96348703],[-96.71983557,36.95301371],[-96.705376,36.94415466],[-96.7005032,36.94098507],[-96.68117083,36.92921957],[-96.67342063,36.9248223],[-96.66183846,36.91786867],[-96.6425061,36.90719136],[-96.63924307,36.90548992],[-96.62317373,36.89661991],[-96.60384136,36.88686671],[-96.60235589,36.88615756],[-96.58450899,36.87713155],[-96.56517663,36.86818828],[-96.56204037,36.86682519],[-96.54584426,36.8593598],[-96.52651189,36.85120282],[-96.51709559,36.84749282],[-96.50717952,36.84334465],[-96.48784716,36.8358817],[-96.46851479,36.82903476],[-96.46586225,36.82816046],[-96.44918242,36.82229102],[-96.42985005,36.81606508],[-96.41051769,36.81042837],[-96.39118532,36.82332543],[-96.39118532,36.82330856],[-96.40566787,36.80882809],[-96.4056693,36.78949572],[-96.40567062,36.77016335],[-96.40567181,36.75083099],[-96.41051769,36.74598512],[-96.42500558,36.73149862],[-96.42500655,36.71216625],[-96.42500743,36.69283388],[-96.42500823,36.67350151],[-96.42500896,36.65416915],[-96.42985005,36.64932805],[-96.4443422,36.63483678],[-96.44434279,36.61550441],[-96.44434332,36.59617205],[-96.44434381,36.57683967],[-96.44918242,36.57200106],[-96.46367674,36.55750731],[-96.46367713,36.53817495],[-96.46367747,36.51884257],[-96.46367778,36.49951021],[-96.46851479,36.49467319],[-96.48301052,36.48017783],[-96.48301075,36.46084547],[-96.48301096,36.44151311],[-96.48301114,36.42218073],[-96.48784716,36.41734472],[-96.50234371,36.40284837],[-96.50234384,36.38351601],[-96.50234394,36.36418363],[-96.50234403,36.34485127],[-96.50717952,36.34001577],[-96.52167648,36.32551889],[-96.52167652,36.30618653],[-96.52167655,36.28685417],[-96.52167656,36.26752179],[-96.52651189,36.26268646],[-96.54100891,36.24818943],[-96.5410089,36.22885705],[-96.54100886,36.20952469],[-96.54100883,36.19019233],[-96.54584426,36.18535688],[-96.5603411,36.17085995],[-96.56034103,36.15152759],[-96.56034095,36.13219521],[-96.56034088,36.11286285],[-96.56517663,36.1080271],[-96.57967308,36.09353049],[-96.57967298,36.07419811],[-96.57967288,36.05486575],[-96.57967277,36.03553337],[-96.58450899,36.03069715],[-96.59900493,36.01620101],[-96.59900481,35.99686865],[-96.59900467,35.97753627],[-96.59900454,35.95820391],[-96.60384136,35.95336708],[-96.61833666,35.93887154],[-96.61833652,35.91953917],[-96.61833637,35.90020681],[-96.61833622,35.88087443],[-96.61833608,35.86154207],[-96.62317373,35.85670441],[-96.63766816,35.84220971],[-96.63766802,35.82287733],[-96.63766787,35.80354497],[-96.63766772,35.7842126],[-96.6425061,35.77937423],[-96.6569998,35.76488023],[-96.65699966,35.74554787],[-96.65699952,35.7262155],[-96.6569994,35.70688313],[-96.66183846,35.70204406],[-96.67633147,35.68755076],[-96.67633136,35.6682184],[-96.67633124,35.64888603],[-96.67633113,35.62955366],[-96.68117083,35.62471396],[-96.69566324,35.61022129],[-96.69566314,35.59088892],[-96.69566305,35.57155656],[-96.69566297,35.55222419],[-96.7005032,35.54738396],[-96.71499511,35.53289182],[-96.71499505,35.51355946],[-96.714995,35.49422708],[-96.71499496,35.47489472],[-96.71983557,35.47005412],[-96.73432714,35.45556236],[-96.73432712,35.43622998],[-96.73432712,35.41689762],[-96.73432712,35.39756524],[-96.73916793,35.39272443],[-96.75365933,35.37823288],[-96.75365936,35.35890052],[-96.7536594,35.33956814],[-96.75365943,35.32023578],[-96.7585003,35.31539491],[-96.7729917,35.3009034],[-96.77299176,35.28157104],[-96.77299183,35.26223868],[-96.7729919,35.2429063],[-96.77783267,35.23806553],[-96.79232421,35.22357394],[-96.7923243,35.20424158],[-96.79232438,35.1849092],[-96.79232448,35.16557684],[-96.79716504,35.16073628],[-96.81165683,35.14624446],[-96.81165693,35.1269121],[-96.81165703,35.10757974],[-96.81165714,35.08824736],[-96.81165724,35.068915],[-96.8164974,35.06407482],[-96.83098961,35.04958262],[-96.83098971,35.03025026],[-96.8309898,35.0109179],[-96.83098989,34.99158552],[-96.83582977,34.98674564],[-96.85032227,34.97225316],[-96.85032234,34.95292078],[-96.85032242,34.93358842],[-96.85032249,34.91425606],[-96.85516214,34.90941641],[-96.86965485,34.89492368],[-96.86965491,34.87559132],[-96.86965495,34.85625895],[-96.86965499,34.83692658],[-96.87449451,34.83208706],[-96.88898733,34.81759422],[-96.88898735,34.79826184],[-96.88898737,34.77892948],[-96.88898737,34.75959711],[-96.89382687,34.75475759],[-96.90831967,34.74026474],[-96.90831966,34.72093238],[-96.90831964,34.70160001],[-96.90831962,34.68226764],[-96.91315924,34.67742802],[-96.92765191,34.66293527],[-96.92765189,34.64360291],[-96.92765186,34.62427054],[-96.93249161,34.61943079],[-96.94698413,34.60493817],[-96.94698407,34.5856058],[-96.95182399,34.58076588],[-96.96631622,34.56627344],[-96.96631606,34.54694107],[-96.97115636,34.54210078],[-96.985648,34.5276087],[-96.98564768,34.50827633],[-96.99048872,34.50343529],[-97.00497933,34.48894397],[-97.0049788,34.4696116],[-97.00982109,34.46476931],[-97.02431009,34.45027923],[-97.02915346,34.44543586],[-97.04364111,34.43094687],[-97.04364017,34.41161449],[-97.04848583,34.40676885],[-97.06297074,34.39228213],[-97.06296951,34.37294976],[-97.06781819,34.36810107],[-97.08229956,34.35361739],[-97.08231644,34.35361739],[-97.08715056,34.36762186],[-97.09534734,34.37294976],[-97.10648293,34.38040535],[-97.12480935,34.39228213],[-97.1258153,34.39295275],[-97.14514766,34.40575079],[-97.15426686,34.41161449],[-97.16448003,34.41836483],[-97.1838124,34.4305213],[-97.18447285,34.43094687],[-97.20314477,34.44347303],[-97.21381153,34.45027923],[-97.22247713,34.45596313],[-97.2418095,34.46834039],[-97.24379728,34.4696116],[-97.26114187,34.48098155],[-97.27364675,34.48894397],[-97.28047424,34.4934222],[-97.2998066,34.50590267],[-97.3035065,34.50827633],[-97.31913897,34.51855655],[-97.33321683,34.5276087],[-97.33847134,34.5310742],[-97.35780371,34.54370778],[-97.3627594,34.54694107],[-97.37713607,34.55655547],[-97.39194441,34.56627344],[-97.39646844,34.56931846],[-97.41580081,34.58233322],[-97.4206652,34.5856058],[-97.43513318,34.59556194],[-97.4488413,34.60493817],[-97.45446554,34.60889196],[-97.47379791,34.6229067],[-97.4755845,34.62427054],[-97.49313028,34.6380911],[-97.49994407,34.64360291],[-97.51246265,34.65401683],[-97.52293612,34.66293527],[-97.53179501,34.67068184],[-97.54474554,34.68226764],[-97.55112738,34.68812133],[-97.56549804,34.70160001],[-97.57045975,34.70639711],[-97.58506424,34.72093238],[-97.58979212,34.72579931],[-97.60339096,34.74026474],[-97.60912448,34.74669458],[-97.62014715,34.75959711],[-97.62845685,34.77017096],[-97.63497995,34.77892948],[-97.64726511,34.79826184],[-97.64778922,34.79938426],[-97.65570192,34.81759422],[-97.66329806,34.83692658],[-97.66712159,34.84725649],[-97.67027942,34.85625895],[-97.67660477,34.87559132],[-97.68258288,34.89492368],[-97.68645395,34.90833227],[-97.68808239,34.91425606],[-97.69284235,34.93358842],[-97.69723451,34.95292078],[-97.70121337,34.97225316],[-97.70470207,34.99158552],[-97.70578632,34.99890422],[-97.70749849,35.0109179],[-97.70957849,35.03025026],[-97.71097785,35.04958262],[-97.71144138,35.068915],[-97.71090504,35.08824736],[-97.7093206,35.10757974],[-97.70660653,35.1269121],[-97.70578632,35.13054836],[-97.7010775,35.14624446],[-97.69307003,35.16557684],[-97.68645395,35.17866517],[-97.68262429,35.1849092],[-97.66972887,35.20424158],[-97.66712159,35.20804608],[-97.65513947,35.22357394],[-97.64778922,35.2330992],[-97.63957472,35.2429063],[-97.62845685,35.25659891],[-97.62363003,35.26223868],[-97.60912448,35.28012893],[-97.60790004,35.28157104],[-97.59257995,35.3009034],[-97.58979212,35.30474118],[-97.57832011,35.32023578],[-97.57045975,35.33208339],[-97.56534643,35.33956814],[-97.55345595,35.35890052],[-97.55112738,35.36329888],[-97.543063,35.37823288],[-97.53414661,35.39756524],[-97.53179501,35.40365538],[-97.52657841,35.41689762],[-97.52044419,35.43622998],[-97.51580436,35.45556236],[-97.51373506,35.47489472],[-97.51246265,35.48473152],[-97.51113825,35.49422708],[-97.51076099,35.51355946],[-97.51091431,35.53289182],[-97.51246265,35.54113147],[-97.51464439,35.55222419],[-97.518572,35.57155656],[-97.52384446,35.59088892],[-97.530484,35.61022129],[-97.53179501,35.6134661],[-97.53829492,35.62955366],[-97.54708243,35.64888603],[-97.55112738,35.65673804],[-97.55704142,35.6682184],[-97.56792566,35.68755076],[-97.57045975,35.69171698],[-97.57968454,35.70688313],[-97.58979212,35.72220229],[-97.59244004,35.7262155],[-97.60599261,35.74554787],[-97.60912448,35.7497094],[-97.62066071,35.76488023],[-97.62845685,35.77472805],[-97.63604449,35.7842126],[-97.64778922,35.79798724],[-97.65262976,35.80354497],[-97.66712159,35.81958958],[-97.67015648,35.82287733],[-97.68645395,35.83973041],[-97.68890539,35.84220971],[-97.70578632,35.85890304],[-97.70851634,35.86154207],[-97.72511869,35.87707332],[-97.72922921,35.88087443],[-97.74445106,35.89465424],[-97.75065693,35.90020681],[-97.76378342,35.91170941],[-97.77293377,35.91953917],[-97.78311579,35.92807562],[-97.79631099,35.93887154],[-97.80244816,35.94379341],[-97.81984359,35.95820391],[-97.82178053,35.95970909],[-97.84111289,35.97269637],[-97.84809631,35.97753627],[-97.86044526,35.98601102],[-97.87722516,35.99686865],[-97.87977763,35.99850421],[-97.89911,36.00951317],[-97.9153521,36.01620101],[-97.91844236,36.017449],[-97.93777473,36.02259096],[-97.9571071,36.02524442],[-97.97643947,36.025434],[-97.99577183,36.02334915],[-98.0151042,36.01896273],[-98.02347059,36.01620101],[-98.03443657,36.01254568],[-98.05376894,36.00477488],[-98.07056966,35.99686865],[-98.0731013,35.99566549],[-98.09243367,35.98552081],[-98.10658168,35.97753627],[-98.11176604,35.97458118],[-98.13109841,35.96255164],[-98.13775177,35.95820391],[-98.15043079,35.94983582],[-98.16632097,35.93887154],[-98.16976315,35.93644795],[-98.18909552,35.92221716],[-98.19263048,35.91953917],[-98.20842789,35.90744946],[-98.21752758,35.90020681],[-98.22776026,35.89206244],[-98.24129638,35.88087443],[-98.24709262,35.87603424],[-98.26402918,35.86154207],[-98.26642499,35.85944889],[-98.28575736,35.84342334],[-98.28707464,35.84220971],[-98.30508973,35.8244471],[-98.30674669,35.82287733],[-98.32442209,35.80577223],[-98.32669831,35.80354497],[-98.34375446,35.78648883],[-98.34598172,35.7842126],[-98.36308683,35.7665372],[-98.36464023,35.76488023],[-98.38127555,35.74554787],[-98.3824192,35.74429193],[-98.39950232,35.7262155],[-98.40175156,35.72364873],[-98.41614622,35.70688313],[-98.42108393,35.70099352],[-98.43224145,35.68755076],[-98.4404163,35.67758145],[-98.44801797,35.6682184],[-98.45974867,35.65340853],[-98.46326129,35.64888603],[-98.47711402,35.62955366],[-98.47908103,35.62699179],[-98.49254128,35.61022129],[-98.4984134,35.60226297],[-98.50664601,35.59088892],[-98.51774577,35.57534931],[-98.52040423,35.57155656],[-98.53374318,35.55222419],[-98.53707814,35.54724521],[-98.54660231,35.53289182],[-98.5564105,35.51811053],[-98.55937497,35.51355946],[-98.57161283,35.49422708],[-98.57574287,35.48750814],[-98.58342565,35.47489472],[-98.59408842,35.45556236],[-98.59507524,35.45393321],[-98.60624556,35.43622998],[-98.61440761,35.42171972],[-98.61709604,35.41689762],[-98.62764009,35.39756524],[-98.63373997,35.38606555],[-98.63785887,35.37823288],[-98.64757242,35.35890052],[-98.65307234,35.34780594],[-98.6570874,35.33956814],[-98.6661322,35.32023578],[-98.67240471,35.30627051],[-98.67477517,35.3009034],[-98.68322354,35.28157104],[-98.69038103,35.26223868],[-98.69173708,35.25912875],[-98.69902012,35.2429063],[-98.70638553,35.22357394],[-98.71106944,35.21111666],[-98.71361376,35.20424158],[-98.72046805,35.1849092],[-98.72708769,35.16557684],[-98.73040181,35.15555728],[-98.73343551,35.14624446],[-98.7395939,35.1269121],[-98.7454291,35.10757974],[-98.74973418,35.09294237],[-98.75109505,35.08824736],[-98.75655049,35.068915],[-98.76191279,35.04958262],[-98.76704251,35.03025026],[-98.76906655,35.0222635],[-98.77188389,35.0109179],[-98.77673812,34.99158552],[-98.7814237,34.97225316],[-98.78594787,34.95292078],[-98.78839891,34.94232168],[-98.7903813,34.93358842],[-98.79473281,34.91425606],[-98.79893219,34.89492368],[-98.80313871,34.87559132],[-98.80662052,34.85625895],[-98.80773128,34.8515177],[-98.81123543,34.83692658],[-98.81531544,34.81759422],[-98.81934169,34.79826184],[-98.82326293,34.77892948],[-98.82706365,34.76218558],[-98.82763843,34.75959711],[-98.83118737,34.74026474],[-98.83505955,34.72093238],[-98.83896224,34.70160001],[-98.84278279,34.68226764],[-98.84639602,34.66523436],[-98.84688052,34.66293527],[-98.85034438,34.64360291],[-98.85416473,34.62427054],[-98.85789874,34.60493817],[-98.86155563,34.5856058],[-98.8652184,34.56627344],[-98.86572838,34.56394206],[-98.86976876,34.54694107],[-98.87512135,34.5276087],[-98.88177634,34.50827633],[-98.88506075,34.50276204],[-98.89274032,34.48894397],[-98.90439312,34.47291018],[-98.90661682,34.4696116],[-98.92310276,34.45027923],[-98.92372549,34.44956036],[-98.94035779,34.43094687],[-98.94305785,34.42790728],[-98.95796169,34.41161449],[-98.96239022,34.40687146],[-98.97633294,34.39228213],[-98.98172259,34.38685489],[-98.99484097,34.37294976],[-99.00105496,34.36622237],[-99.01200632,34.35361739],[-99.02038732,34.34370254],[-99.02815563,34.33428503],[-99.03971969,34.31946299],[-99.04332572,34.31495265],[-99.05798886,34.29562029],[-99.05905206,34.29422597],[-99.07298881,34.27628793],[-99.07838443,34.26890297],[-99.08728167,34.25695555],[-99.09771679,34.24221861],[-99.10103472,34.23762319],[-99.11496274,34.21829081],[-99.11704916,34.21519378],[-99.12869382,34.19895845],[-99.13638153,34.18679236],[-99.14124532,34.17962609],[-99.15308342,34.16029371],[-99.1557139,34.15565493],[-99.16469406,34.14096135],[-99.17504626,34.12216573],[-99.17536587,34.12162897],[-99.1865395,34.10229661],[-99.19437863,34.08764947],[-99.19708657,34.08296425],[-99.20799267,34.06363187],[-99.213711,34.05306333],[-99.21919745,34.04429951],[-99.23288222,34.02496715],[-99.23304337,34.02475776],[-99.24991659,34.00563477],[-99.25237573,34.00284042],[-99.26838908,33.98630241],[-99.2717081,33.98281985],[-99.28826335,33.96697003],[-99.29104047,33.96426441],[-99.30991821,33.94763767],[-99.31037284,33.94723007],[-99.3297052,33.93209908],[-99.33530271,33.92830531],[-99.34903758,33.91879493],[-99.3658493,33.90897293],[-99.36836995,33.90746293],[-99.38770232,33.89891324],[-99.40703469,33.89312526],[-99.42636705,33.89069453],[-99.44569942,33.89193796],[-99.46503179,33.89596443],[-99.48436416,33.90202666],[-99.502461,33.90897293],[-99.50369652,33.90950797],[-99.52302889,33.91828173],[-99.54236126,33.92659333],[-99.54740859,33.92830531],[-99.56169363,33.93326656],[-99.58102599,33.93846407],[-99.60035836,33.9425665],[-99.61969073,33.94592428],[-99.6311026,33.94763767],[-99.6390231,33.94889076],[-99.65835546,33.95167032],[-99.67768783,33.95423521],[-99.6970202,33.9566696],[-99.71635257,33.9590986],[-99.73568493,33.96148596],[-99.7550173,33.96393368],[-99.77434967,33.96646149],[-99.77816911,33.96697003],[-99.79368204,33.9691728],[-99.8130144,33.97206232],[-99.83234677,33.97503273],[-99.85167914,33.97811574],[-99.87101151,33.98146722],[-99.89034387,33.98520456],[-99.89578244,33.98630241],[-99.90967624,33.98950487],[-99.92900861,33.99432567],[-99.94834098,33.99943637],[-99.96767334,34.00486995],[-99.97025584,34.00563477],[-99.98700571,34.01114651],[-100.00633808,34.01779856],[-100.02567045,34.02447018],[-100.02694023,34.02496715],[-100.04500281,34.03284082],[-100.06433518,34.04117577],[-100.07140654,34.04429951],[-100.08366755,34.05008057],[-100.10299992,34.05945307],[-100.11149093,34.06363187],[-100.12233228,34.0692622],[-100.14166465,34.07951582],[-100.14809935,34.08296425],[-100.16099702,34.09023794],[-100.18032939,34.10136534],[-100.18194736,34.10229661],[-100.19966175,34.11292523],[-100.21402303,34.12162897],[-100.21899412,34.12473591],[-100.23832649,34.13693956],[-100.24463518,34.14096135],[-100.25765886,34.14947684],[-100.27420243,34.16029371],[-100.27699122,34.16216514],[-100.29632359,34.17516752],[-100.30294648,34.17962609],[-100.31565596,34.18835327],[-100.33110047,34.19895845],[-100.33498833,34.20166418],[-100.35432069,34.21526953],[-100.35864928,34.21829081],[-100.37365306,34.22890578],[-100.38597474,34.23762319],[-100.39298543,34.24275779],[-100.4123178,34.25605722],[-100.4135438,34.25695555],[-100.43165016,34.27124125],[-100.43852749,34.27628793],[-100.45098253,34.28583986],[-100.46399055,34.29562029],[-100.4703149,34.30067977],[-100.48769212,34.31495265],[-100.48964727,34.31657581],[-100.50897963,34.33125379],[-100.51282337,34.33428503],[-100.528312,34.34712608],[-100.5364785,34.35361739],[-100.54764438,34.36280698],[-100.56010241,34.37294976],[-100.56697675,34.37869921],[-100.58376448,34.39228213],[-100.58630912,34.39439868],[-100.60564148,34.40999723],[-100.60768144,34.41161449],[-100.62497385,34.42557537],[-100.63178187,34.43094687],[-100.64430622,34.44091996],[-100.65648453,34.45027923],[-100.66363859,34.45582861],[-100.68065486,34.4696116],[-100.68297095,34.47139322],[-100.70230332,34.48485149],[-100.70793043,34.48894397],[-100.72163569,34.49882166],[-100.73509042,34.50827633],[-100.74096806,34.51240658],[-100.76030042,34.52552524],[-100.76342561,34.5276087],[-100.77963279,34.53841346],[-100.7929498,34.54694107],[-100.79896516,34.55075951],[-100.81829753,34.56281543],[-100.82401278,34.56627344],[-100.83762989,34.57451239],[-100.85530977,34.5856058],[-100.85696226,34.58658766],[-100.87629463,34.59672022],[-100.89115944,34.60493817],[-100.895627,34.60740803],[-100.91495936,34.61778259],[-100.92716048,34.62427054],[-100.93429173,34.62806253],[-100.9536241,34.63801515],[-100.96471369,34.64360291],[-100.97295646,34.64775623],[-100.99228883,34.65728523],[-101.00422676,34.66293527],[-101.0116212,34.66643494],[-101.03095357,34.67501282],[-101.04831311,34.68226764],[-101.05028593,34.6830983],[-101.0696183,34.69089817],[-101.08895067,34.69819786],[-101.0985322,34.70160001],[-101.10828304,34.70508755],[-101.1276154,34.7117791],[-101.14694777,34.71817064],[-101.15566252,34.72093238],[-101.16628014,34.72432098],[-101.18561251,34.730222],[-101.20494487,34.73596018],[-101.21980585,34.74026474],[-101.22427724,34.74157802],[-101.24360961,34.74702637],[-101.26294198,34.75232636],[-101.28227434,34.75748407],[-101.29034726,34.75959711],[-101.30160671,34.76258432],[-101.32093908,34.76773415],[-101.34027145,34.77274748],[-101.35960381,34.77762124],[-101.36470257,34.77892948],[-101.37893618,34.78263026],[-101.39826855,34.78732596],[-101.41760092,34.79186718],[-101.43693328,34.79625159],[-101.44646587,34.79826184],[-101.45626565,34.80034261],[-101.47559802,34.8042234],[-101.49493039,34.807957],[-101.51426275,34.81142882],[-101.53359512,34.81467578],[-101.54846792,34.81759422],[-101.55292749,34.81844712],[-101.57225986,34.82061425],[-101.59159222,34.82319834],[-101.61092459,34.82559735],[-101.63025696,34.82778834],[-101.64958933,34.82977847],[-101.66892169,34.83154732],[-101.68825406,34.83299006],[-101.70758643,34.83426864],[-101.7269188,34.83527372],[-101.74625118,34.83600598],[-101.76558354,34.8358013],[-101.78491591,34.83593554],[-101.80424828,34.83592818],[-101.82358065,34.83549744],[-101.84291301,34.835535],[-101.86224538,34.83446686],[-101.88157775,34.83307748],[-101.90091012,34.83120581],[-101.92024248,34.82890433],[-101.93957485,34.82605626],[-101.95890722,34.8226537],[-101.97823959,34.81849241],[-101.98192219,34.81759422],[-101.99757195,34.81383824],[-102.01690432,34.80919839],[-102.03623669,34.80450867],[-102.05556906,34.79975233],[-102.06162711,34.79826184],[-102.07490142,34.79502168],[-102.09423379,34.79030279],[-102.11356616,34.78553188],[-102.11839938,34.77892948],[-102.11841624,34.77892948],[-102.11841587,34.79826184],[-102.11841549,34.81759422],[-102.13289853,34.83207772],[-102.13774739,34.83692658],[-102.13774703,34.85625895],[-102.13774668,34.87559132],[-102.13774632,34.89492368],[-102.15223089,34.9094087],[-102.15707825,34.91425606],[-102.15707791,34.93358842],[-102.15707758,34.95292078],[-102.17156326,34.96740688],[-102.17640954,34.97225316],[-102.17640922,34.99158552],[-102.17640892,35.0109179],[-102.19089563,35.02540499],[-102.1957409,35.03025026],[-102.19574062,35.04958262],[-102.19574034,35.068915],[-102.210228,35.08340299],[-102.21507236,35.08824736],[-102.21507211,35.10757974],[-102.21507186,35.1269121],[-102.22956036,35.14140091],[-102.23440392,35.14624446],[-102.2344037,35.16557684],[-102.23440347,35.1849092],[-102.24889273,35.19939873],[-102.25373557,35.20424158],[-102.25373537,35.22357394],[-102.25373518,35.2429063],[-102.25373501,35.26223868],[-102.2682251,35.27672898],[-102.27306716,35.28157104],[-102.273067,35.3009034],[-102.27306686,35.32023578],[-102.28755747,35.33472657],[-102.29239905,35.33956814],[-102.29239892,35.35890052],[-102.2923988,35.37823288],[-102.30688983,35.39272405],[-102.31173103,35.39756524],[-102.31173093,35.41689762],[-102.31173083,35.43622998],[-102.3262222,35.45072146],[-102.33106309,35.45556236],[-102.33106302,35.47489472],[-102.33106294,35.49422708],[-102.34555457,35.50871878],[-102.35039524,35.51355946],[-102.35039517,35.53289182],[-102.35039512,35.55222419],[-102.35039507,35.57155656],[-102.36488694,35.58604846],[-102.3697274,35.59088892],[-102.36972736,35.61022129],[-102.36972733,35.62955366],[-102.3842193,35.64404564],[-102.38905968,35.64888603],[-102.38905966,35.6682184],[-102.38905963,35.68755076],[-102.38905962,35.70688313],[-102.40355167,35.72137519],[-102.40839197,35.7262155]]]}},
{"type":"Feature","properties":{"Lower":1.0},"geometry":{"type":"Polygon","coordinates":[[[-99.58971819,31.14444436],[-99.58102599,31.15407453],[-99.56169363,31.15407453],[-99.55206344,31.14444436],[-99.54236126,31.13474217],[-99.53273107,31.12511198],[-99.52302889,31.11540979],[-99.5133987,31.10577962],[-99.50369652,31.09607743],[-99.49406634,31.08644726],[-99.48436416,31.07674507],[-99.47473397,31.06711488],[-99.46503179,31.05741269],[-99.44569942,31.05741269],[-99.43606923,31.04778252],[-99.42636705,31.03808033],[-99.40703469,31.03808033],[-99.39733249,31.04778252],[-99.38770232,31.05741269],[-99.37800012,31.06711488],[-99.37800012,31.08644726],[-99.37800012,31.10577962],[-99.36836995,31.11540979],[-99.35866776,31.12511198],[-99.35866776,31.14444436],[-99.35866776,31.16377672],[-99.35866776,31.18310909],[-99.34903758,31.19273927],[-99.33933539,31.20244146],[-99.33933539,31.22177382],[-99.33861322,31.24110619],[-99.3297052,31.25073637],[-99.32072967,31.26043856],[-99.32000713,31.27977093],[-99.31865945,31.2991033],[-99.31037284,31.30873347],[-99.30202349,31.31843566],[-99.30067477,31.33776803],[-99.29878671,31.3571004],[-99.29104047,31.36673057],[-99.28371346,31.37643277],[-99.28252988,31.39576513],[-99.28079026,31.4150975],[-99.27924097,31.43442987],[-99.2717081,31.44478671],[-99.26225952,31.45376223],[-99.26351816,31.47309461],[-99.26151831,31.49242697],[-99.2631108,31.51175934],[-99.25995827,31.53109171],[-99.25237573,31.53999972],[-99.24350172,31.55042407],[-99.24055499,31.56975645],[-99.24481021,31.58908881],[-99.2419553,31.60842117],[-99.23304337,31.6194042],[-99.22626847,31.62775355],[-99.22298528,31.64708591],[-99.22525275,31.66641827],[-99.22043563,31.68575065],[-99.213711,31.69349689],[-99.20365291,31.70508301],[-99.20329057,31.72441539],[-99.19437863,31.73300217],[-99.18255788,31.74374775],[-99.17504626,31.75290831],[-99.16617225,31.76308011],[-99.1557139,31.77425164],[-99.1469567,31.78241249],[-99.13638153,31.79059321],[-99.12563594,31.80174485],[-99.11704916,31.80975096],[-99.09771679,31.81138143],[-99.07838443,31.81238504],[-99.05905206,31.81494356],[-99.03971969,31.81601974],[-99.02038732,31.81641388],[-99.00105496,31.81535335],[-98.98172259,31.81420412],[-98.96239022,31.81448607],[-98.94305785,31.81176581],[-98.92372549,31.80806223],[-98.90439312,31.80670157],[-98.89419567,31.80174485],[-98.88506075,31.79717669],[-98.86572838,31.79518188],[-98.84639602,31.79030776],[-98.82706365,31.78758359],[-98.8169658,31.78241249],[-98.80773128,31.77756734],[-98.78839891,31.77482403],[-98.76906655,31.76926494],[-98.74973418,31.76597775],[-98.74191664,31.76308011],[-98.73040181,31.75811798],[-98.71106944,31.75230547],[-98.69173708,31.74653034],[-98.68210507,31.74374775],[-98.67240471,31.74088172],[-98.65307234,31.73489465],[-98.63373997,31.72923959],[-98.62890677,31.74374775],[-98.62888991,31.74374775],[-98.62889006,31.72441539],[-98.63373997,31.71956548],[-98.64822261,31.70508301],[-98.64822272,31.68575065],[-98.65307234,31.68090103],[-98.66755521,31.66641827],[-98.67240471,31.66156879],[-98.68688768,31.64708591],[-98.68688777,31.62775355],[-98.69173708,31.62290424],[-98.7062202,31.60842117],[-98.70622026,31.58908881],[-98.71106944,31.58423963],[-98.72555267,31.56975645],[-98.73040181,31.56490731],[-98.74488505,31.55042407],[-98.74488509,31.53109171],[-98.74973418,31.52624262],[-98.76421745,31.51175934],[-98.76421747,31.49242697],[-98.76906655,31.4875779],[-98.78354981,31.47309461],[-98.78839891,31.4682455],[-98.80288214,31.45376223],[-98.80288214,31.43442987],[-98.80773128,31.42958073],[-98.82221446,31.4150975],[-98.82221444,31.39576513],[-98.82706365,31.39091592],[-98.84154675,31.37643277],[-98.84639602,31.3715835],[-98.86087905,31.3571004],[-98.86087903,31.33776803],[-98.86572838,31.33291868],[-98.88021133,31.31843566],[-98.88021131,31.2991033],[-98.88506075,31.29425385],[-98.89954361,31.27977093],[-98.89954359,31.26043856],[-98.90439312,31.25558902],[-98.91887589,31.24110619],[-98.92372549,31.23625658],[-98.9382082,31.22177382],[-98.93820817,31.20244146],[-98.94305785,31.19759178],[-98.9575405,31.18310909],[-98.95754048,31.16377672],[-98.96239022,31.15892698],[-98.97687281,31.14444436],[-98.98172259,31.13959458],[-98.99620515,31.12511198],[-98.99620512,31.10577962],[-99.00105496,31.1009298],[-99.01553746,31.08644726],[-99.01553746,31.06711488],[-99.02038732,31.06226501],[-99.03486981,31.04778252],[-99.03971969,31.04293262],[-99.05420216,31.02845016],[-99.05420215,31.00911778],[-99.05905206,31.00426787],[-99.0735345,30.98978542],[-99.0735345,30.97045304],[-99.07838443,30.96560312],[-99.09286688,30.95112068],[-99.09771679,30.94627076],[-99.11219924,30.93178832],[-99.11219924,30.91245594],[-99.11704916,30.90760602],[-99.13153161,30.89312358],[-99.13153161,30.8737912],[-99.13638153,30.86894128],[-99.15086397,30.85445884],[-99.1557139,30.84960892],[-99.17019634,30.83512648],[-99.17504626,30.83027654],[-99.18952871,30.8157941],[-99.18952871,30.79646174],[-99.19437863,30.7916118],[-99.20886108,30.77712936],[-99.213711,30.77227944],[-99.22819344,30.757797],[-99.23304337,30.75294708],[-99.24752581,30.73846464],[-99.25237573,30.7336147],[-99.2717081,30.7336147],[-99.28619055,30.71913226],[-99.29104047,30.71428234],[-99.30552291,30.6997999],[-99.31037284,30.69494996],[-99.32485528,30.68046752],[-99.3297052,30.6756176],[-99.34903758,30.6756176],[-99.36836995,30.6756176],[-99.38285238,30.66113516],[-99.38770232,30.65628524],[-99.40703469,30.65628524],[-99.42151712,30.6418028],[-99.42636705,30.63695286],[-99.44569942,30.63695286],[-99.46503179,30.63695286],[-99.47951422,30.62247042],[-99.48436416,30.6176205],[-99.50369652,30.6176205],[-99.52302889,30.6176205],[-99.54236126,30.6176205],[-99.56169363,30.6176205],[-99.58102599,30.61762046],[-99.58102599,30.61763732],[-99.5713238,30.62247042],[-99.56169363,30.6321006],[-99.55199143,30.6418028],[-99.55199143,30.66113516],[-99.55199143,30.68046752],[-99.55199143,30.6997999],[-99.54236126,30.70943008],[-99.53265906,30.71913226],[-99.53265906,30.73846464],[-99.53265906,30.757797],[-99.53265906,30.77712936],[-99.53265906,30.79646174],[-99.53265906,30.8157941],[-99.52302889,30.82542428],[-99.5133267,30.83512648],[-99.5133267,30.85445884],[-99.5133267,30.8737912],[-99.5133267,30.89312358],[-99.52302889,30.90282576],[-99.53265906,30.91245594],[-99.53265906,30.93178832],[-99.53265906,30.95112068],[-99.53265906,30.97045304],[-99.53265906,30.98978542],[-99.53265906,31.00911778],[-99.54236126,31.01881996],[-99.55199143,31.02845016],[-99.55199143,31.04778252],[-99.55199143,31.06711488],[-99.55199143,31.08644726],[-99.56169363,31.09614944],[-99.5713238,31.10577962],[-99.5713238,31.12511198],[-99.58102599,31.13481418],[-99.58971819,31.14444436]]]}},
{"type":"Feature","properties":{"Lower":1.0},"geometry":{"type":"Polygon","coordinates":[[[-101.59642594,39.380033],[-101.59159222,39.38486669],[-101.57709383,39.39936536],[-101.57709402,39.41869772],[-101.57709417,39.4380301],[-101.5770943,39.45736246],[-101.57225986,39.46219689],[-101.55776204,39.47669482],[-101.55776212,39.4960272],[-101.55776217,39.51535956],[-101.55292749,39.52019424],[-101.53842985,39.53469194],[-101.53842988,39.5540243],[-101.53842989,39.57335666],[-101.53359512,39.57819143],[-101.51909753,39.59268904],[-101.51909753,39.6120214],[-101.51426275,39.61685618],[-101.49976517,39.63135378],[-101.49493039,39.63618854],[-101.4804328,39.65068614],[-101.4804328,39.6700185],[-101.47559802,39.67485328],[-101.46110043,39.68935088],[-101.45626565,39.69418566],[-101.44176806,39.70868324],[-101.43693328,39.71351802],[-101.4224357,39.72801562],[-101.41760092,39.73285038],[-101.40310333,39.74734798],[-101.39826855,39.75218276],[-101.38377096,39.76668034],[-101.37893618,39.77151512],[-101.36443859,39.78601272],[-101.35960381,39.7908475],[-101.34027145,39.7908475],[-101.32577386,39.80534508],[-101.32093908,39.81017986],[-101.30644149,39.82467745],[-101.30160671,39.82951222],[-101.28227434,39.82951222],[-101.26777676,39.84400982],[-101.26294198,39.8488446],[-101.24360961,39.8488446],[-101.22427724,39.8488446],[-101.20977966,39.86334218],[-101.20494487,39.86817696],[-101.18561251,39.86817696],[-101.16628014,39.86817696],[-101.15178255,39.88267456],[-101.14694777,39.88750932],[-101.1276154,39.88750932],[-101.10828304,39.88750932],[-101.08895067,39.88750932],[-101.0696183,39.88750932],[-101.05028593,39.88750932],[-101.03095357,39.88750932],[-101.0116212,39.88750932],[-100.99228883,39.88750932],[-100.97295646,39.88750932],[-100.96812168,39.88267456],[-100.9536241,39.86817696],[-100.93429173,39.86817696],[-100.91495936,39.86817696],[-100.895627,39.86817696],[-100.89079221,39.86334218],[-100.87629463,39.84884458],[-100.85696226,39.84884458],[-100.83762989,39.84884458],[-100.83279512,39.84400982],[-100.81829753,39.82951221],[-100.79896516,39.82951221],[-100.77963279,39.82951219],[-100.77479804,39.82467745],[-100.76030042,39.81017982],[-100.74096806,39.81017982],[-100.72163569,39.8101798],[-100.71680096,39.80534508],[-100.70230332,39.79084741],[-100.68297095,39.7908474],[-100.66363859,39.79084738],[-100.65880391,39.78601272],[-100.64430622,39.77151499],[-100.62497385,39.77151497],[-100.60564148,39.77151495],[-100.60080688,39.76668034],[-100.58630912,39.75218253],[-100.56697675,39.75218251],[-100.54764438,39.75218248],[-100.54280988,39.74734798],[-100.528312,39.73285004],[-100.50897963,39.73285002],[-100.48964727,39.73284997],[-100.4848129,39.72801562],[-100.4703149,39.71351753],[-100.45098253,39.71351748],[-100.43165016,39.71351744],[-100.4123178,39.7135174],[-100.40748364,39.70868324],[-100.39298543,39.69418494],[-100.37365306,39.69418488],[-100.35432069,39.69418484],[-100.34948673,39.68935088],[-100.33498833,39.67485236],[-100.31565596,39.67485231],[-100.29632359,39.67485227],[-100.29148984,39.6700185],[-100.27699122,39.65551979],[-100.25765886,39.65551973],[-100.23832649,39.65551969],[-100.23349294,39.65068614],[-100.21899412,39.6361872],[-100.19966175,39.63618716],[-100.18032939,39.63618712],[-100.17549604,39.63135378],[-100.16099702,39.61685463],[-100.14166465,39.6168546],[-100.12233228,39.61685456],[-100.11749912,39.6120214],[-100.12233228,39.59852429],[-100.13160552,39.59268904],[-100.14166465,39.58546604],[-100.16099702,39.57943389],[-100.17078177,39.57335666],[-100.18032939,39.56664953],[-100.19966175,39.55974047],[-100.20944651,39.5540243],[-100.21899412,39.54776425],[-100.23832649,39.54062936],[-100.24857295,39.53469194],[-100.25765886,39.52882322],[-100.27699122,39.51915712],[-100.28458617,39.51535956],[-100.29632359,39.50983604],[-100.31565596,39.50017005],[-100.32348109,39.4960272],[-100.33498833,39.49027347],[-100.35432069,39.48060746],[-100.36214582,39.47669482],[-100.37365306,39.47124389],[-100.39298543,39.46157771],[-100.40099432,39.45736246],[-100.4123178,39.45183884],[-100.43165016,39.44203453],[-100.43965905,39.4380301],[-100.45098253,39.43263792],[-100.4703149,39.42287254],[-100.47847448,39.41869772],[-100.48964727,39.41323542],[-100.50897963,39.40378428],[-100.51762507,39.39936536],[-100.528312,39.39424443],[-100.54764438,39.38457832],[-100.55637167,39.380033],[-100.56697675,39.37473053],[-100.58630912,39.36506421],[-100.59470066,39.36070062],[-100.60564148,39.35533351],[-100.62497385,39.3454848],[-100.63276587,39.34136826],[-100.64430622,39.33559809],[-100.66363859,39.32558684],[-100.67026706,39.32203588],[-100.68297095,39.31557626],[-100.70230332,39.30546522],[-100.70747041,39.30270352],[-100.72163569,39.29573334],[-100.74096806,39.28564301],[-100.74511089,39.28337116],[-100.76030042,39.27566301],[-100.77963279,39.26699385],[-100.7847153,39.26403878],[-100.79896516,39.2557918],[-100.81829753,39.24724989],[-100.82280812,39.24470642],[-100.83762989,39.23649294],[-100.85696226,39.22720332],[-100.86076913,39.22537404],[-100.87629463,39.21853538],[-100.895627,39.21020057],[-100.90572712,39.20604168],[-100.91495936,39.20271046],[-100.93429173,39.19662406],[-100.9536241,39.19178141],[-100.97295646,39.18884906],[-100.99228883,39.18823064],[-101.0116212,39.19034883],[-101.03095357,39.19687331],[-101.05028593,39.20440296],[-101.05587242,39.20604168],[-101.0696183,39.21042448],[-101.08895067,39.21459736],[-101.10828304,39.21799669],[-101.1276154,39.2213889],[-101.14694777,39.22420877],[-101.15218005,39.22537404],[-101.16628014,39.22902207],[-101.18561251,39.23337504],[-101.20494487,39.23783222],[-101.22427724,39.24252087],[-101.23348317,39.24470642],[-101.24360961,39.24742324],[-101.26294198,39.25279286],[-101.28227434,39.25804062],[-101.30160671,39.26319543],[-101.3047632,39.26403878],[-101.32093908,39.2688778],[-101.34027145,39.27439541],[-101.35960381,39.27980106],[-101.37332632,39.28337116],[-101.37893618,39.2850031],[-101.39826855,39.29060552],[-101.41760092,39.29597617],[-101.43693328,39.3009774],[-101.44383774,39.30270352],[-101.45626565,39.30615573],[-101.47559802,39.31138334],[-101.49493039,39.31620016],[-101.51426275,39.32078273],[-101.51958884,39.32203588],[-101.53359512,39.32570099],[-101.55292749,39.33034626],[-101.57225986,39.33474496],[-101.59159222,39.33893701],[-101.59642537,39.34136826],[-101.59642567,39.36070062],[-101.59642594,39.380033]]]}},
{"type":"Feature","properties":{"Lower":1.0},"geometry":{"type":"Polygon","coordinates":[[[-99.64449725,39.4380301],[-99.6390231,39.44286321],[-99.61969073,39.4428633],[-99.60035836,39.44286341],[-99.59552504,39.4380301],[-99.58102599,39.42353115],[-99.56169363,39.42353128],[-99.54236126,39.4235314],[-99.53752757,39.41869772],[-99.52302889,39.40419918],[-99.50369652,39.40419935],[-99.48436416,39.40419952],[-99.47952999,39.39936536],[-99.46503179,39.38486734],[-99.44569942,39.38486754],[-99.42636705,39.38486774],[-99.4215323,39.380033],[-99.40703469,39.36553562],[-99.38770232,39.36553586],[-99.36836995,39.3655361],[-99.36353447,39.36070062],[-99.34903758,39.34620403],[-99.3297052,39.34620431],[-99.31037284,39.34620462],[-99.30553648,39.34136826],[-99.29104047,39.32687261],[-99.2717081,39.32687295],[-99.25237573,39.32687331],[-99.24753831,39.32203588],[-99.23304337,39.30754138],[-99.213711,39.30754179],[-99.19437863,39.3075422],[-99.18953995,39.30270352],[-99.17504626,39.28821036],[-99.1557139,39.28821083],[-99.13638153,39.28821132],[-99.13154137,39.28337116],[-99.11704916,39.26887958],[-99.09771679,39.26888013],[-99.07838443,39.26888071],[-99.07354252,39.26403878],[-99.05905206,39.24954907],[-99.03971969,39.2495497],[-99.02038732,39.24955037],[-99.01554339,39.24470642],[-99.00105496,39.23021882],[-98.98172259,39.23021953],[-98.96239022,39.23022027],[-98.95754401,39.22537404],[-98.94305785,39.21088881],[-98.92372549,39.21088957],[-98.90439312,39.21089032],[-98.89954449,39.20604168],[-98.88506075,39.19155882],[-98.86572838,39.19155951],[-98.86572838,39.19154266],[-98.87280213,39.18670932],[-98.87725382,39.16737694],[-98.88162873,39.14804458],[-98.88506075,39.13270144],[-98.88591919,39.12871221],[-98.89001866,39.10937984],[-98.89403255,39.09004748],[-98.89804651,39.07071511],[-98.90206041,39.05138274],[-98.90439312,39.03991353],[-98.90592738,39.03205037],[-98.90967812,39.012718],[-98.91343999,38.99338564],[-98.91716674,38.97405327],[-98.92083896,38.9547209],[-98.92372549,38.93962704],[-98.92449323,38.93538853],[-98.92801925,38.91605617],[-98.93146723,38.8967238],[-98.93491029,38.87739143],[-98.93834853,38.85805907],[-98.94172262,38.8387267],[-98.94305785,38.83119589],[-98.9449989,38.81939433],[-98.9481255,38.80006196],[-98.95117519,38.78072959],[-98.95417832,38.76139723],[-98.95705353,38.74206486],[-98.95984187,38.72273249],[-98.96239022,38.70635108],[-98.96282334,38.70340013],[-98.96520967,38.68406775],[-98.96789649,38.66473539],[-98.97061527,38.64540303],[-98.97342075,38.62607065],[-98.97632132,38.60673829],[-98.97937823,38.58740591],[-98.98172259,38.57333963],[-98.98257927,38.56807355],[-98.98602723,38.54874119],[-98.98972396,38.52940881],[-98.99385411,38.51007645],[-98.9984384,38.49074407],[-99.00105496,38.48123124],[-99.00365604,38.47141171],[-99.00941633,38.45207935],[-99.01534758,38.43274697],[-99.02038732,38.41526875],[-99.0209102,38.41341461],[-99.02579739,38.39408223],[-99.03001491,38.37474987],[-99.0332565,38.35541751],[-99.03502972,38.33608513],[-99.03406292,38.31675277],[-99.02676492,38.29742039],[-99.02038732,38.28944378],[-99.01095629,38.27808803],[-99.00105496,38.26844358],[-98.99060287,38.25875567],[-98.98172259,38.25180357],[-98.96492557,38.23942329],[-98.96239022,38.23779468],[-98.94305785,38.22633573],[-98.93142821,38.22009093],[-98.92372549,38.21636774],[-98.90439312,38.20812476],[-98.88563371,38.20075857],[-98.88506075,38.20054651],[-98.86572838,38.19199193],[-98.84639602,38.18303645],[-98.8426323,38.18142619],[-98.82706365,38.17502917],[-98.80773128,38.16729405],[-98.79454827,38.16209383],[-98.78839891,38.15976484],[-98.76906655,38.1526622],[-98.74973418,38.14551988],[-98.7421485,38.14276145],[-98.73040181,38.13866855],[-98.71106944,38.13207326],[-98.69173708,38.12550482],[-98.68538922,38.12342909],[-98.67240471,38.11935365],[-98.65307234,38.1135411],[-98.63373997,38.10789669],[-98.6197415,38.10409673],[-98.61440761,38.10271236],[-98.59507524,38.09828841],[-98.57574287,38.09446996],[-98.5564105,38.09125718],[-98.53707814,38.0888369],[-98.51774577,38.08740625],[-98.4984134,38.08730247],[-98.47908103,38.08860015],[-98.45974867,38.09132098],[-98.4404163,38.09538248],[-98.42108393,38.10075836],[-98.41120939,38.10409673],[-98.40175156,38.10790392],[-98.3824192,38.116771],[-98.36944451,38.12342909],[-98.36308683,38.12718592],[-98.34375446,38.1394208],[-98.33876915,38.14276145],[-98.32442209,38.15366861],[-98.31382866,38.16209383],[-98.30508973,38.16986171],[-98.29236045,38.18142619],[-98.28575736,38.1880293],[-98.27329707,38.20075857],[-98.26642499,38.20844234],[-98.25615155,38.22009093],[-98.24709262,38.23105298],[-98.24022319,38.23942329],[-98.22776026,38.25585165],[-98.22555718,38.25875567],[-98.21182466,38.27808803],[-98.20842789,38.28311383],[-98.19875854,38.29742039],[-98.18909552,38.31265027],[-98.18647448,38.31675277],[-98.17466025,38.33608513],[-98.16976315,38.34448012],[-98.16333839,38.35541751],[-98.15214148,38.37474987],[-98.15043079,38.37772778],[-98.14069024,38.39408223],[-98.13109841,38.41038836],[-98.12926433,38.41341461],[-98.11778531,38.43274697],[-98.11176604,38.44290947],[-98.10616232,38.45207935],[-98.09451803,38.47141171],[-98.09243367,38.47493257],[-98.08276371,38.49074407],[-98.0731013,38.50698249],[-98.07121349,38.51007645],[-98.05946563,38.52940881],[-98.05376894,38.53893034],[-98.04774473,38.54874119],[-98.03621321,38.56807355],[-98.03443657,38.57109651],[-98.02450267,38.58740591],[-98.0151042,38.60331113],[-98.01302232,38.60673829],[-98.001459,38.62607065],[-97.99577183,38.63572979],[-97.98985515,38.64540303],[-97.978046,38.66473539],[-97.97643947,38.6674217],[-97.96618285,38.68406775],[-97.9571071,38.69879727],[-97.95415162,38.70340013],[-97.94194163,38.72273249],[-97.93777473,38.72944191],[-97.92959068,38.74206486],[-97.91844236,38.75799896],[-97.9161076,38.76139723],[-97.90470696,38.78072959],[-97.89911,38.78968456],[-97.89231519,38.80006196],[-97.88131804,38.81939433],[-97.87977763,38.82178952],[-97.86771921,38.8387267],[-97.86044526,38.85075103],[-97.85567071,38.85805907],[-97.86044526,38.86289221],[-97.86044526,38.86290906],[-97.84111289,38.86290884],[-97.83626312,38.85805907],[-97.82178053,38.84357613],[-97.80244816,38.84357595],[-97.78311579,38.84357579],[-97.7782667,38.8387267],[-97.76378342,38.82424317],[-97.74445106,38.82424308],[-97.72511869,38.824243],[-97.72027001,38.81939433],[-97.70578632,38.80491052],[-97.68645395,38.80491053],[-97.66712159,38.8049106],[-97.66227295,38.80006196],[-97.64778922,38.78557827],[-97.62845685,38.78557844],[-97.60912448,38.78557868],[-97.60427541,38.78072959],[-97.58979212,38.76624655],[-97.57045975,38.76624694],[-97.55112738,38.76624737],[-97.55112738,38.76623053],[-97.5600877,38.76139723],[-97.55931886,38.74206486],[-97.55818709,38.72273249],[-97.55675911,38.70340013],[-97.55494124,38.68406775],[-97.55279464,38.66473539],[-97.55112738,38.65168771],[-97.55044873,38.64540303],[-97.54808396,38.62607065],[-97.54539011,38.60673829],[-97.54242978,38.58740591],[-97.53915966,38.56807355],[-97.53570369,38.54874119],[-97.53234969,38.52940881],[-97.53179501,38.52703892],[-97.52829087,38.51007645],[-97.52443029,38.49074407],[-97.52032205,38.47141171],[-97.51585863,38.45207935],[-97.51246265,38.43835763],[-97.5112592,38.43274697],[-97.50680228,38.41341461],[-97.50203532,38.39408223],[-97.49687413,38.37474987],[-97.49313028,38.36157299],[-97.49162461,38.35541751],[-97.4865116,38.33608513],[-97.48100344,38.31675277],[-97.47511913,38.29742039],[-97.47379791,38.29345677],[-97.4694328,38.27808803],[-97.46358511,38.25875567],[-97.45730608,38.23942329],[-97.45446554,38.23131196],[-97.451192,38.22009093],[-97.4452022,38.20075857],[-97.43893025,38.18142619],[-97.43513318,38.17017699],[-97.43297361,38.16209383],[-97.42793304,38.14276145],[-97.42360078,38.12342909],[-97.42111245,38.10409673],[-97.42278551,38.08476435],[-97.4279211,38.06543199],[-97.43165518,38.04609962],[-97.42847908,38.02676725],[-97.42308368,38.00743489],[-97.4168999,37.98810251],[-97.41580081,37.98489346],[-97.41100232,37.96877015],[-97.40508604,37.94943778],[-97.39828387,37.93010541],[-97.39646844,37.92528251],[-97.39135095,37.91077305],[-97.38348243,37.89144068],[-97.37713607,37.87799036],[-97.37455162,37.87210831],[-97.36521488,37.85277594],[-97.35780371,37.83938224],[-97.35480338,37.83344358],[-97.34417233,37.81411121],[-97.33847134,37.8047313],[-97.33307797,37.79477884],[-97.32162902,37.77544648],[-97.31913897,37.77149211],[-97.31069398,37.7561141],[-97.2998066,37.73797814],[-97.29918524,37.73678174],[-97.28882199,37.71744937],[-97.28047424,37.70299271],[-97.2780777,37.698117],[-97.26825478,37.67878464],[-97.26114187,37.66555603],[-97.25839501,37.65945226],[-97.24952105,37.6401199],[-97.2418095,37.62405258],[-97.24051176,37.62078754],[-97.23293142,37.60145516],[-97.22522666,37.5821228],[-97.22247713,37.57510534],[-97.21820201,37.56279044],[-97.21162302,37.54345806],[-97.20519881,37.5241257],[-97.20314477,37.51758195],[-97.19959332,37.50479332],[-97.19451874,37.48546096],[-97.18967241,37.4661286],[-97.18503776,37.44679622],[-97.1838124,37.44138632],[-97.18107336,37.42746386],[-97.17750624,37.40813148],[-97.17401279,37.38879912],[-97.16960193,37.36946676],[-97.16448003,37.35325585],[-97.16360769,37.35013438],[-97.15607637,37.33080202],[-97.14577268,37.31146964],[-97.14514766,37.31044145],[-97.1347592,37.29213728],[-97.1258153,37.278459],[-97.12219207,37.27280492],[-97.10862336,37.25347254],[-97.10648293,37.25055896],[-97.09395051,37.23414018],[-97.08715056,37.22583445],[-97.0737341,37.2148078],[-97.06781819,37.21097333],[-97.04848583,37.20221627],[-97.02915346,37.19554843],[-97.02891517,37.19547544],[-97.00982109,37.189424],[-96.99048872,37.18394436],[-96.97115636,37.17890612],[-96.96002337,37.17614308],[-96.95182399,37.17391056],[-96.93249161,37.16859005],[-96.91315924,37.16307234],[-96.89382687,37.15725058],[-96.89241554,37.1568107],[-96.87449451,37.14959728],[-96.85516214,37.14195814],[-96.84360024,37.13747834],[-96.83582977,37.13376347],[-96.8164974,37.1248881],[-96.80100331,37.11814596],[-96.79716504,37.11618431],[-96.77783267,37.10668158],[-96.76075315,37.0988136],[-96.7585003,37.09763248],[-96.73916793,37.08792209],[-96.72108792,37.07948124],[-96.71983557,37.07882912],[-96.7005032,37.06918184],[-96.68117083,37.06028599],[-96.68086085,37.06014886],[-96.66183846,37.05089601],[-96.6425061,37.04221448],[-96.63924327,37.0408165],[-96.62317373,37.03330814],[-96.60384136,37.0249308],[-96.59537945,37.02148414],[-96.58450899,37.01668113],[-96.56517663,37.00866573],[-96.54823445,37.00215176],[-96.54584426,37.00115923],[-96.52651189,36.99353469],[-96.50717952,36.98648873],[-96.49646546,36.9828194],[-96.48784716,36.97963991],[-96.46851479,36.97293819],[-96.44918242,36.96672897],[-96.43842114,36.96348703],[-96.42985005,36.96071281],[-96.41051769,36.95482883],[-96.39118532,36.94939858],[-96.37185295,36.94436965],[-96.36701656,36.96348703],[-96.36699971,36.96348703],[-96.36700304,36.94415466],[-96.36700607,36.9248223],[-96.36700882,36.90548992],[-96.37185295,36.90064578],[-96.3863443,36.88615756],[-96.3863465,36.86682519],[-96.38634849,36.84749282],[-96.38635029,36.82816046],[-96.39118532,36.82332543],[-96.41051769,36.81042837],[-96.42985005,36.81606508],[-96.44918242,36.82229102],[-96.46586225,36.82816046],[-96.46851479,36.82903476],[-96.48784716,36.8358817],[-96.50717952,36.84334465],[-96.51709559,36.84749282],[-96.52651189,36.85120282],[-96.54584426,36.8593598],[-96.56204037,36.86682519],[-96.56517663,36.86818828],[-96.58450899,36.87713155],[-96.60235589,36.88615756],[-96.60384136,36.88686671],[-96.62317373,36.89661991],[-96.63924307,36.90548992],[-96.6425061,36.90719136],[-96.66183846,36.91786867],[-96.67342063,36.9248223],[-96.68117083,36.92921957],[-96.7005032,36.94098507],[-96.705376,36.94415466],[-96.71983557,36.95301371],[-96.73557324,36.96348703],[-96.73916793,36.96574042],[-96.7585003,36.97866945],[-96.76428168,36.9828194],[-96.77783267,36.99192047],[-96.79186021,37.00215176],[-96.79716504,37.00575905],[-96.8164974,37.01986892],[-96.81857461,37.02148414],[-96.83582977,37.03388056],[-96.84474741,37.0408165],[-96.85516214,37.04820807],[-96.87070893,37.06014886],[-96.87449451,37.0627494],[-96.89382687,37.07695578],[-96.89703409,37.07948124],[-96.91315924,37.09055083],[-96.92427126,37.0988136],[-96.93249161,37.10390051],[-96.95182399,37.11664006],[-96.9540185,37.11814596],[-96.97115636,37.12685196],[-96.99048872,37.13673098],[-96.99200465,37.13747834],[-97.00982109,37.14313747],[-97.02915346,37.14887902],[-97.04848583,37.15463361],[-97.05523985,37.1568107],[-97.06781819,37.16063917],[-97.08715056,37.16794161],[-97.10177021,37.17614308],[-97.10648293,37.17936892],[-97.1198333,37.19547544],[-97.1258153,37.20404412],[-97.13355859,37.2148078],[-97.14514766,37.23144577],[-97.147183,37.23414018],[-97.16123309,37.25347254],[-97.16448003,37.25827802],[-97.17545062,37.27280492],[-97.1838124,37.28535152],[-97.18906157,37.29213728],[-97.20190723,37.31146964],[-97.20314477,37.31360471],[-97.21495559,37.33080202],[-97.22247713,37.34498891],[-97.22586513,37.35013438],[-97.23391699,37.36946676],[-97.23846449,37.38879912],[-97.2418095,37.40502312],[-97.24264585,37.40813148],[-97.24799181,37.42746386],[-97.25328165,37.44679622],[-97.2586221,37.4661286],[-97.26114187,37.47440569],[-97.26619013,37.48546096],[-97.27541973,37.50479332],[-97.28047424,37.51528805],[-97.28629452,37.5241257],[-97.29841281,37.54345806],[-97.2998066,37.54571768],[-97.31319432,37.56279044],[-97.31913897,37.57079587],[-97.32949896,37.5821228],[-97.33847134,37.59236979],[-97.34809272,37.60145516],[-97.35780371,37.61096969],[-97.36972292,37.62078754],[-97.37713607,37.6270568],[-97.39503143,37.6401199],[-97.39646844,37.64119765],[-97.41580081,37.65355626],[-97.42598482,37.65945226],[-97.43513318,37.66483727],[-97.45446554,37.67541235],[-97.46095945,37.67878464],[-97.47379791,37.68552258],[-97.49313028,37.69455917],[-97.5024738,37.698117],[-97.51246265,37.70192056],[-97.53179501,37.70770138],[-97.55112738,37.71224306],[-97.57045975,37.71583013],[-97.58103662,37.71744937],[-97.58979212,37.71881648],[-97.60912448,37.721632],[-97.62845685,37.72444643],[-97.64778922,37.72828331],[-97.66712159,37.73330724],[-97.67936123,37.73678174],[-97.68645395,37.73899508],[-97.70578632,37.74534808],[-97.72511869,37.75183723],[-97.73794932,37.7561141],[-97.74445106,37.75843442],[-97.76378342,37.76513721],[-97.78311579,37.77142137],[-97.79646967,37.77544648],[-97.80244816,37.77732163],[-97.82178053,37.78308835],[-97.84111289,37.78833153],[-97.86044526,37.79309374],[-97.8678648,37.79477884],[-97.87977763,37.7975502],[-97.89911,37.80169721],[-97.91844236,37.80541074],[-97.93777473,37.80877236],[-97.9571071,37.8117941],[-97.97337737,37.81411121],[-97.97643947,37.81454865],[-97.99577183,37.8171558],[-98.0151042,37.81951326],[-98.03443657,37.82169422],[-98.05376894,37.82376592],[-98.0731013,37.82572557],[-98.09243367,37.82774514],[-98.11176604,37.82978015],[-98.13109841,37.83195538],[-98.14346895,37.83344358],[-98.15043079,37.83426261],[-98.16976315,37.8366788],[-98.18909552,37.83922921],[-98.20842789,37.84192747],[-98.22776026,37.84475049],[-98.24709262,37.84775885],[-98.26642499,37.85090619],[-98.27730569,37.85277594],[-98.28575736,37.85417611],[-98.30508973,37.85759161],[-98.32442209,37.8611394],[-98.34375446,37.86481117],[-98.36308683,37.86863143],[-98.38016615,37.87210831],[-98.3824192,37.8725504],[-98.40175156,37.87654653],[-98.42108393,37.8806324],[-98.4404163,37.88484141],[-98.45974867,37.88917131],[-98.46919215,37.89144068],[-98.47908103,37.89375257],[-98.4984134,37.8987306],[-98.51774577,37.90407616],[-98.53707814,37.90982247],[-98.54003456,37.91077305],[-98.5564105,37.9159432],[-98.57574287,37.92242755],[-98.59507524,37.92928242],[-98.59724943,37.93010541],[-98.61440761,37.93652268],[-98.63373997,37.94404403],[-98.64706774,37.94943778],[-98.65307234,37.95184896],[-98.67240471,37.95989808],[-98.69173708,37.96812298],[-98.69320425,37.96877015],[-98.71106944,37.976582],[-98.73040181,37.98518582],[-98.73676269,37.98810251],[-98.74973418,37.99400722],[-98.76906655,38.00299247],[-98.77835924,38.00743489],[-98.78839891,38.01220049],[-98.80773128,38.02162278],[-98.81796121,38.02676725],[-98.82706365,38.03131325],[-98.84639602,38.04129979],[-98.85528867,38.04609962],[-98.86572838,38.05169689],[-98.88506075,38.06230078],[-98.89149243,38.06543199],[-98.90439312,38.07169884],[-98.92372549,38.07983798],[-98.93540988,38.08476435],[-98.94305785,38.08800291],[-98.96239022,38.09629826],[-98.98030717,38.10409673],[-98.98172259,38.1047251],[-99.00105496,38.11331195],[-99.02038732,38.12201004],[-99.02356191,38.12342909],[-99.03971969,38.13091919],[-99.05905206,38.139945],[-99.06515312,38.14276145],[-99.07838443,38.14918761],[-99.09771679,38.15859834],[-99.10500568,38.16209383],[-99.11704916,38.16826458],[-99.13638153,38.17816808],[-99.14284809,38.18142619],[-99.1557139,38.1884478],[-99.17504626,38.19901711],[-99.17832533,38.20075857],[-99.19437863,38.21017023],[-99.21113214,38.22009093],[-99.213711,38.22180638],[-99.23304337,38.23432718],[-99.24094141,38.23942329],[-99.25237573,38.2479129],[-99.26687249,38.25875567],[-99.2717081,38.26519528],[-99.28131906,38.27808803],[-99.28381306,38.29742039],[-99.28252014,38.31675277],[-99.28369373,38.33608513],[-99.28700668,38.35541751],[-99.29104047,38.37170981],[-99.29193996,38.37474987],[-99.29787062,38.39408223],[-99.30558988,38.41341461],[-99.31037284,38.42467962],[-99.31440653,38.43274697],[-99.32403536,38.45207935],[-99.3297052,38.4636489],[-99.33396038,38.47141171],[-99.34402171,38.49074407],[-99.34903758,38.5007759],[-99.35417935,38.51007645],[-99.36430459,38.52940881],[-99.36836995,38.53773945],[-99.37415537,38.54874119],[-99.38385469,38.56807355],[-99.38770232,38.57625841],[-99.39332728,38.58740591],[-99.40245656,38.60673829],[-99.40703469,38.61690159],[-99.41144294,38.62607065],[-99.42023856,38.64540303],[-99.42636705,38.66002775],[-99.42845932,38.66473539],[-99.43675129,38.68406775],[-99.44449627,38.70340013],[-99.44569942,38.70651604],[-99.45235666,38.72273249],[-99.45973838,38.74206486],[-99.46503179,38.75658401],[-99.46688302,38.76139723],[-99.47389374,38.78072959],[-99.48069196,38.80006196],[-99.48436416,38.8112008],[-99.48722236,38.81939433],[-99.49374131,38.8387267],[-99.49981084,38.85805907],[-99.50369652,38.87043583],[-99.50598676,38.87739143],[-99.51188075,38.8967238],[-99.51753895,38.91605617],[-99.52302889,38.93122965],[-99.52452145,38.93538853],[-99.52855237,38.9547209],[-99.53403912,38.97405327],[-99.53919444,38.99338564],[-99.54236126,39.00588673],[-99.54421541,39.012718],[-99.54946281,39.03205037],[-99.55432888,39.05138274],[-99.55905367,39.07071511],[-99.56169363,39.0819353],[-99.5637216,39.09004748],[-99.56835688,39.10937984],[-99.57314162,39.12871221],[-99.57744935,39.14804458],[-99.58102599,39.15913729],[-99.58361197,39.16737694],[-99.58645086,39.18670932],[-99.59076747,39.20604168],[-99.59514748,39.22537404],[-99.59735631,39.24470642],[-99.60035836,39.25509252],[-99.60346519,39.26403878],[-99.60780319,39.28337116],[-99.61226467,39.30270352],[-99.61648949,39.32203588],[-99.61969073,39.33163839],[-99.62281594,39.34136826],[-99.6246328,39.36070062],[-99.62894642,39.380033],[-99.63349936,39.39936536],[-99.63524156,39.41869772],[-99.6390231,39.42708399],[-99.64449725,39.4380301]]]}},
{"type":"Feature","properties":{"Lower":1.0},"geometry":{"type":"Polygon","coordinates":[[[-102.11839938,34.77892948],[-102.11356616,34.78553188],[-102.09423379,34.79030279],[-102.07490142,34.79502168],[-102.06162711,34.79826184],[-102.05556906,34.79975233],[-102.03623669,34.80450867],[-102.01690432,34.80919839],[-101.99757195,34.81383824],[-101.98192219,34.81759422],[-101.97823959,34.81849241],[-101.95890722,34.8226537],[-101.93957485,34.82605626],[-101.92024248,34.82890433],[-101.90091012,34.83120581],[-101.88157775,34.83307748],[-101.86224538,34.83446686],[-101.84291301,34.835535],[-101.82358065,34.83549744],[-101.80424828,34.83592818],[-101.78491591,34.83593554],[-101.76558354,34.8358013],[-101.74625118,34.83600598],[-101.7269188,34.83527372],[-101.70758643,34.83426864],[-101.68825406,34.83299006],[-101.66892169,34.83154732],[-101.64958933,34.82977847],[-101.63025696,34.82778834],[-101.61092459,34.82559735],[-101.59159222,34.82319834],[-101.57225986,34.82061425],[-101.55292749,34.81844712],[-101.54846792,34.81759422],[-101.53359512,34.81467578],[-101.51426275,34.81142882],[-101.49493039,34.807957],[-101.47559802,34.8042234],[-101.45626565,34.80034261],[-101.44646587,34.79826184],[-101.43693328,34.79625159],[-101.41760092,34.79186718],[-101.39826855,34.78732596],[-101.37893618,34.78263026],[-101.36470257,34.77892948],[-101.35960381,34.77762124],[-101.34027145,34.77274748],[-101.32093908,34.76773415],[-101.30160671,34.76258432],[-101.29034726,34.75959711],[-101.28227434,34.75748407],[-101.26294198,34.75232636],[-101.24360961,34.74702637],[-101.22427724,34.74157802],[-101.21980585,34.74026474],[-101.20494487,34.73596018],[-101.18561251,34.730222],[-101.16628014,34.72432098],[-101.15566252,34.72093238],[-101.14694777,34.71817064],[-101.1276154,34.7117791],[-101.10828304,34.70508755],[-101.0985322,34.70160001],[-101.08895067,34.69819786],[-101.0696183,34.69089817],[-101.05028593,34.6830983],[-101.04831311,34.68226764],[-101.03095357,34.67501282],[-101.0116212,34.66643494],[-101.00422676,34.66293527],[-100.99228883,34.65728523],[-100.97295646,34.64775623],[-100.96471369,34.64360291],[-100.9536241,34.63801515],[-100.93429173,34.62806253],[-100.92716048,34.62427054],[-100.91495936,34.61778259],[-100.895627,34.60740803],[-100.89115944,34.60493817],[-100.87629463,34.59672022],[-100.85696226,34.58658766],[-100.85530977,34.5856058],[-100.83762989,34.57451239],[-100.82401278,34.56627344],[-100.81829753,34.56281543],[-100.79896516,34.55075951],[-100.7929498,34.54694107],[-100.77963279,34.53841346],[-100.76342561,34.5276087],[-100.76030042,34.52552524],[-100.74096806,34.51240658],[-100.73509042,34.50827633],[-100.72163569,34.49882166],[-100.70793043,34.48894397],[-100.70230332,34.48485149],[-100.68297095,34.47139322],[-100.68065486,34.4696116],[-100.66363859,34.45582861],[-100.65648453,34.45027923],[-100.64430622,34.44091996],[-100.63178187,34.43094687],[-100.62497385,34.42557537],[-100.60768144,34.41161449],[-100.60564148,34.40999723],[-100.58630912,34.39439868],[-100.58376448,34.39228213],[-100.56697675,34.37869921],[-100.56010241,34.37294976],[-100.54764438,34.36280698],[-100.5364785,34.35361739],[-100.528312,34.34712608],[-100.51282337,34.33428503],[-100.50897963,34.33125379],[-100.48964727,34.31657581],[-100.48769212,34.31495265],[-100.4703149,34.30067977],[-100.46399055,34.29562029],[-100.45098253,34.28583986],[-100.43852749,34.27628793],[-100.43165016,34.27124125],[-100.4135438,34.25695555],[-100.4123178,34.25605722],[-100.39298543,34.24275779],[-100.38597474,34.23762319],[-100.37365306,34.22890578],[-100.35864928,34.21829081],[-100.35432069,34.21526953],[-100.33498833,34.20166418],[-100.33110047,34.19895845],[-100.31565596,34.18835327],[-100.30294648,34.17962609],[-100.29632359,34.17516752],[-100.27699122,34.16216514],[-100.27420243,34.16029371],[-100.25765886,34.14947684],[-100.24463518,34.14096135],[-100.23832649,34.13693956],[-100.21899412,34.12473591],[-100.21402303,34.12162897],[-100.19966175,34.11292523],[-100.18194736,34.10229661],[-100.18032939,34.10136534],[-100.16099702,34.09023794],[-100.14809935,34.08296425],[-100.14166465,34.07951582],[-100.12233228,34.0692622],[-100.11149093,34.06363187],[-100.10299992,34.05945307],[-100.08366755,34.05008057],[-100.07140654,34.04429951],[-100.06433518,34.04117577],[-100.04500281,34.03284082],[-100.02694023,34.02496715],[-100.02567045,34.02447018],[-100.00633808,34.01779856],[-99.98700571,34.01114651],[-99.97025584,34.00563477],[-99.96767334,34.00486995],[-99.94834098,33.99943637],[-99.92900861,33.99432567],[-99.90967624,33.98950487],[-99.89578244,33.98630241],[-99.89034387,33.98520456],[-99.87101151,33.98146722],[-99.85167914,33.97811574],[-99.83234677,33.97503273],[-99.8130144,33.97206232],[-99.79368204,33.9691728],[-99.77816911,33.96697003],[-99.77434967,33.96646149],[-99.7550173,33.96393368],[-99.73568493,33.96148596],[-99.71635257,33.9590986],[-99.6970202,33.9566696],[-99.67768783,33.95423521],[-99.65835546,33.95167032],[-99.6390231,33.94889076],[-99.6311026,33.94763767],[-99.61969073,33.94592428],[-99.60035836,33.9425665],[-99.58102599,33.93846407],[-99.56169363,33.93326656],[-99.54740859,33.92830531],[-99.54236126,33.92659333],[-99.52302889,33.91828173],[-99.50369652,33.90950797],[-99.502461,33.90897293],[-99.48436416,33.90202666],[-99.46503179,33.89596443],[-99.44569942,33.89193796],[-99.42636705,33.89069453],[-99.40703469,33.89312526],[-99.38770232,33.89891324],[-99.36836995,33.90746293],[-99.3658493,33.90897293],[-99.34903758,33.91879493],[-99.33530271,33.92830531],[-99.3297052,33.93209908],[-99.31037284,33.94723007],[-99.30991821,33.94763767],[-99.29104047,33.96426441],[-99.28826335,33.96697003],[-99.2717081,33.98281985],[-99.26838908,33.98630241],[-99.25237573,34.00284042],[-99.24991659,34.00563477],[-99.23304337,34.02475776],[-99.23288222,34.02496715],[-99.21919745,34.04429951],[-99.213711,34.05306333],[-99.20799267,34.06363187],[-99.19708657,34.08296425],[-99.19437863,34.08764947],[-99.1865395,34.10229661],[-99.17536587,34.12162897],[-99.17504626,34.12216573],[-99.16469406,34.14096135],[-99.1557139,34.15565493],[-99.15308342,34.16029371],[-99.14124532,34.17962609],[-99.13638153,34.18679236],[-99.12869382,34.19895845],[-99.11704916,34.21519378],[-99.11496274,34.21829081],[-99.10103472,34.23762319],[-99.09771679,34.24221861],[-99.08728167,34.25695555],[-99.07838443,34.26890297],[-99.07298881,34.27628793],[-99.05905206,34.29422597],[-99.05798886,34.29562029],[-99.04332572,34.31495265],[-99.03971969,34.31946299],[-99.02815563,34.33428503],[-99.02038732,34.34370254],[-99.01200632,34.35361739],[-99.00105496,34.36622237],[-98.99484097,34.37294976],[-98.98172259,34.38685489],[-98.97633294,34.39228213],[-98.96239022,34.40687146],[-98.95796169,34.41161449],[-98.94305785,34.42790728],[-98.94035779,34.43094687],[-98.92372549,34.44956036],[-98.92310276,34.45027923],[-98.90661682,34.4696116],[-98.90439312,34.47291018],[-98.89274032,34.48894397],[-98.88506075,34.50276204],[-98.88177634,34.50827633],[-98.87512135,34.5276087],[-98.86976876,34.54694107],[-98.86572838,34.56394206],[-98.8652184,34.56627344],[-98.86155563,34.5856058],[-98.85789874,34.60493817],[-98.85416473,34.62427054],[-98.85034438,34.64360291],[-98.84688052,34.66293527],[-98.84639602,34.66523436],[-98.84278279,34.68226764],[-98.83896224,34.70160001],[-98.83505955,34.72093238],[-98.83118737,34.74026474],[-98.82763843,34.75959711],[-98.82706365,34.76218558],[-98.82326293,34.77892948],[-98.81934169,34.79826184],[-98.81531544,34.81759422],[-98.81123543,34.83692658],[-98.80773128,34.8515177],[-98.80662052,34.85625895],[-98.80313871,34.87559132],[-98.79893219,34.89492368],[-98.79473281,34.91425606],[-98.7903813,34.93358842],[-98.78839891,34.94232168],[-98.78594787,34.95292078],[-98.7814237,34.97225316],[-98.77673812,34.99158552],[-98.77188389,35.0109179],[-98.76906655,35.0222635],[-98.76704251,35.03025026],[-98.76191279,35.04958262],[-98.75655049,35.068915],[-98.75109505,35.08824736],[-98.74973418,35.09294237],[-98.7454291,35.10757974],[-98.7395939,35.1269121],[-98.73343551,35.14624446],[-98.73040181,35.15555728],[-98.72708769,35.16557684],[-98.72046805,35.1849092],[-98.71361376,35.20424158],[-98.71106944,35.21111666],[-98.70638553,35.22357394],[-98.69902012,35.2429063],[-98.69173708,35.25912875],[-98.69038103,35.26223868],[-98.68322354,35.28157104],[-98.67477517,35.3009034],[-98.67240471,35.30627051],[-98.6661322,35.32023578],[-98.6570874,35.33956814],[-98.65307234,35.34780594],[-98.64757242,35.35890052],[-98.63785887,35.37823288],[-98.63373997,35.38606555],[-98.62764009,35.39756524],[-98.61709604,35.41689762],[-98.61440761,35.42171972],[-98.60624556,35.43622998],[-98.59507524,35.45393321],[-98.59408842,35.45556236],[-98.58342565,35.47489472],[-98.57574287,35.48750814],[-98.57161283,35.49422708],[-98.55937497,35.51355946],[-98.5564105,35.51811053],[-98.54660231,35.53289182],[-98.53707814,35.54724521],[-98.53374318,35.55222419],[-98.52040423,35.57155656],[-98.51774577,35.57534931],[-98.50664601,35.59088892],[-98.4984134,35.60226297],[-98.49254128,35.61022129],[-98.47908103,35.62699179],[-98.47711402,35.62955366],[-98.46326129,35.64888603],[-98.45974867,35.65340853],[-98.44801797,35.6682184],[-98.4404163,35.67758145],[-98.43224145,35.68755076],[-98.42108393,35.70099352],[-98.41614622,35.70688313],[-98.40175156,35.72364873],[-98.39950232,35.7262155],[-98.3824192,35.74429193],[-98.38127555,35.74554787],[-98.36464023,35.76488023],[-98.36308683,35.7665372],[-98.34598172,35.7842126],[-98.34375446,35.78648883],[-98.32669831,35.80354497],[-98.32442209,35.80577223],[-98.30674669,35.82287733],[-98.30508973,35.8244471],[-98.28707464,35.84220971],[-98.28575736,35.84342334],[-98.26642499,35.85944889],[-98.26402918,35.86154207],[-98.24709262,35.87603424],[-98.24129638,35.88087443],[-98.22776026,35.89206244],[-98.21752758,35.90020681],[-98.20842789,35.90744946],[-98.19263048,35.91953917],[-98.18909552,35.92221716],[-98.16976315,35.93644795],[-98.16632097,35.93887154],[-98.15043079,35.94983582],[-98.13775177,35.95820391],[-98.13109841,35.96255164],[-98.11176604,35.97458118],[-98.10658168,35.97753627],[-98.09243367,35.98552081],[-98.0731013,35.99566549],[-98.07056966,35.99686865],[-98.05376894,36.00477488],[-98.03443657,36.01254568],[-98.02347059,36.01620101],[-98.0151042,36.01896273],[-97.99577183,36.02334915],[-97.97643947,36.025434],[-97.9571071,36.02524442],[-97.93777473,36.02259096],[-97.91844236,36.017449],[-97.9153521,36.01620101],[-97.89911,36.00951317],[-97.87977763,35.99850421],[-97.87722516,35.99686865],[-97.86044526,35.98601102],[-97.84809631,35.97753627],[-97.84111289,35.97269637],[-97.82178053,35.95970909],[-97.81984359,35.95820391],[-97.80244816,35.94379341],[-97.79631099,35.93887154],[-97.78311579,35.92807562],[-97.77293377,35.91953917],[-97.76378342,35.91170941],[-97.75065693,35.90020681],[-97.74445106,35.89465424],[-97.72922921,35.88087443],[-97.72511869,35.87707332],[-97.70851634,35.86154207],[-97.70578632,35.85890304],[-97.68890539,35.84220971],[-97.68645395,35.83973041],[-97.67015648,35.82287733],[-97.66712159,35.81958958],[-97.65262976,35.80354497],[-97.64778922,35.79798724],[-97.63604449,35.7842126],[-97.62845685,35.77472805],[-97.62066071,35.76488023],[-97.60912448,35.7497094],[-97.60599261,35.74554787],[-97.59244004,35.7262155],[-97.58979212,35.72220229],[-97.57968454,35.70688313],[-97.57045975,35.69171698],[-97.56792566,35.68755076],[-97.55704142,35.6682184],[-97.55112738,35.65673804],[-97.54708243,35.64888603],[-97.53829492,35.62955366],[-97.53179501,35.6134661],[-97.530484,35.61022129],[-97.52384446,35.59088892],[-97.518572,35.57155656],[-97.51464439,35.55222419],[-97.51246265,35.54113147],[-97.51091431,35.53289182],[-97.51076099,35.51355946],[-97.51113825,35.49422708],[-97.51246265,35.48473152],[-97.51373506,35.47489472],[-97.51580436,35.45556236],[-97.52044419,35.43622998],[-97.52657841,35.41689762],[-97.53179501,35.40365538],[-97.53414661,35.39756524],[-97.543063,35.37823288],[-97.55112738,35.36329888],[-97.55345595,35.35890052],[-97.56534643,35.33956814],[-97.57045975,35.33208339],[-97.57832011,35.32023578],[-97.58979212,35.30474118],[-97.59257995,35.3009034],[-97.60790004,35.28157104],[-97.60912448,35.28012893],[-97.62363003,35.26223868],[-97.62845685,35.25659891],[-97.63957472,35.2429063],[-97.64778922,35.2330992],[-97.65513947,35.22357394],[-97.66712159,35.20804608],[-97.66972887,35.20424158],[-97.68262429,35.1849092],[-97.68645395,35.17866517],[-97.69307003,35.16557684],[-97.7010775,35.14624446],[-97.70578632,35.13054836],[-97.70660653,35.1269121],[-97.7093206,35.10757974],[-97.71090504,35.08824736],[-97.71144138,35.068915],[-97.71097785,35.04958262],[-97.70957849,35.03025026],[-97.70749849,35.0109179],[-97.70578632,34.99890422],[-97.70470207,34.99158552],[-97.70121337,34.97225316],[-97.69723451,34.95292078],[-97.69284235,34.93358842],[-97.68808239,34.91425606],[-97.68645395,34.90833227],[-97.68258288,34.89492368],[-97.67660477,34.87559132],[-97.67027942,34.85625895],[-97.66712159,34.84725649],[-97.66329806,34.83692658],[-97.65570192,34.81759422],[-97.64778922,34.79938426],[-97.64726511,34.79826184],[-97.63497995,34.77892948],[-97.62845685,34.77017096],[-97.62014715,34.75959711],[-97.60912448,34.74669458],[-97.60339096,34.74026474],[-97.58979212,34.72579931],[-97.58506424,34.72093238],[-97.57045975,34.70639711],[-97.56549804,34.70160001],[-97.55112738,34.68812133],[-97.54474554,34.68226764],[-97.53179501,34.67068184],[-97.52293612,34.66293527],[-97.51246265,34.65401683],[-97.49994407,34.64360291],[-97.49313028,34.6380911],[-97.4755845,34.62427054],[-97.47379791,34.6229067],[-97.45446554,34.60889196],[-97.4488413,34.60493817],[-97.43513318,34.59556194],[-97.4206652,34.5856058],[-97.41580081,34.58233322],[-97.39646844,34.56931846],[-97.39194441,34.56627344],[-97.37713607,34.55655547],[-97.3627594,34.54694107],[-97.35780371,34.54370778],[-97.33847134,34.5310742],[-97.33321683,34.5276087],[-97.31913897,34.51855655],[-97.3035065,34.50827633],[-97.2998066,34.50590267],[-97.28047424,34.4934222],[-97.27364675,34.48894397],[-97.26114187,34.48098155],[-97.24379728,34.4696116],[-97.2418095,34.46834039],[-97.22247713,34.45596313],[-97.21381153,34.45027923],[-97.20314477,34.44347303],[-97.18447285,34.43094687],[-97.1838124,34.4305213],[-97.16448003,34.41836483],[-97.15426686,34.41161449],[-97.14514766,34.40575079],[-97.1258153,34.39295275],[-97.12480935,34.39228213],[-97.10648293,34.38040535],[-97.09534734,34.37294976],[-97.08715056,34.36762186],[-97.08231644,34.35361739],[-97.08715056,34.34878327],[-97.10164616,34.33428503],[-97.10164441,34.31495265],[-97.10648293,34.31011414],[-97.1209736,34.29562029],[-97.12097151,34.27628793],[-97.1258153,34.27144413],[-97.14030016,34.25695555],[-97.14514766,34.25210806],[-97.1596285,34.23762319],[-97.15964535,34.23762319],[-97.16448003,34.24991672],[-97.17558076,34.25695555],[-97.1838124,34.26228309],[-97.20314477,34.27460688],[-97.20579986,34.27628793],[-97.22247713,34.28705068],[-97.23600894,34.29562029],[-97.2418095,34.29937065],[-97.26114187,34.31174656],[-97.26620252,34.31495265],[-97.28047424,34.32417089],[-97.29637339,34.33428503],[-97.2998066,34.33650978],[-97.31913897,34.34894868],[-97.32645654,34.35361739],[-97.33847134,34.36142479],[-97.35648047,34.37294976],[-97.35780371,34.37381361],[-97.37713607,34.38641899],[-97.38623173,34.39228213],[-97.39646844,34.39900437],[-97.41580081,34.41140062],[-97.41612902,34.41161449],[-97.43513318,34.42433119],[-97.44527719,34.43094687],[-97.45446554,34.43706079],[-97.47379791,34.44978931],[-97.47454339,34.45027923],[-97.49313028,34.46274088],[-97.50355482,34.4696116],[-97.51246265,34.47562697],[-97.53153738,34.48894397],[-97.53179501,34.48912918],[-97.55112738,34.50330319],[-97.55767737,34.50827633],[-97.57045975,34.51827236],[-97.58217407,34.5276087],[-97.58979212,34.53385039],[-97.6054746,34.54694107],[-97.60912448,34.55006654],[-97.62770764,34.56627344],[-97.62845685,34.56694124],[-97.64778922,34.58450137],[-97.64898167,34.5856058],[-97.66712159,34.60277967],[-97.66935955,34.60493817],[-97.68645395,34.62182537],[-97.6888771,34.62427054],[-97.70578632,34.64175743],[-97.70752642,34.64360291],[-97.72511869,34.66265494],[-97.72536852,34.66293527],[-97.74182931,34.68226764],[-97.74445106,34.68545118],[-97.75727182,34.70160001],[-97.76378342,34.71025422],[-97.77168671,34.72093238],[-97.78311579,34.73743605],[-97.78505886,34.74026474],[-97.79700788,34.75959711],[-97.80244816,34.77009515],[-97.80694138,34.77892948],[-97.81576979,34.79826184],[-97.82178053,34.81088444],[-97.82506964,34.81759422],[-97.83479419,34.83692658],[-97.84111289,34.84903745],[-97.84504595,34.85625895],[-97.85583219,34.87559132],[-97.86044526,34.88368333],[-97.86724962,34.89492368],[-97.87928592,34.91425606],[-97.87977763,34.9150492],[-97.89223092,34.93358842],[-97.89911,34.94360299],[-97.90615185,34.95292078],[-97.91844236,34.96900592],[-97.92123881,34.97225316],[-97.93777473,34.99101043],[-97.93835138,34.99158552],[-97.9571071,35.01057855],[-97.95751365,35.0109179],[-97.97643947,35.02684454],[-97.98150652,35.03025026],[-97.99577183,35.03999829],[-98.01415725,35.04958262],[-98.0151042,35.05008089],[-98.03443657,35.05699721],[-98.05376894,35.0612283],[-98.0731013,35.06286571],[-98.09243367,35.06216844],[-98.11176604,35.05929536],[-98.13109841,35.05443912],[-98.14490111,35.04958262],[-98.15043079,35.04783156],[-98.16976315,35.0399574],[-98.18909552,35.0305757],[-98.18964798,35.03025026],[-98.20842789,35.02001524],[-98.22315164,35.0109179],[-98.22776026,35.00829937],[-98.24709262,34.99583465],[-98.25303292,34.99158552],[-98.26642499,34.98264264],[-98.28060747,34.97225316],[-98.28575736,34.9687101],[-98.30508973,34.95444153],[-98.30706843,34.95292078],[-98.32442209,34.94027618],[-98.33293508,34.93358842],[-98.34375446,34.92552117],[-98.35781351,34.91425606],[-98.36308683,34.91024132],[-98.38179582,34.89492368],[-98.3824192,34.89443824],[-98.40175156,34.87859895],[-98.40519045,34.87559132],[-98.42108393,34.86235908],[-98.42790297,34.85625895],[-98.4404163,34.84557818],[-98.4498952,34.83692658],[-98.45974867,34.82833961],[-98.47129303,34.81759422],[-98.47908103,34.81065868],[-98.49216756,34.79826184],[-98.4984134,34.79259777],[-98.5125764,34.77892948],[-98.51774577,34.77415677],[-98.53259954,34.75959711],[-98.53707814,34.75538947],[-98.55225689,34.74026474],[-98.5564105,34.73630443],[-98.57162709,34.72093238],[-98.57574287,34.71695513],[-98.59077163,34.70160001],[-98.59507524,34.69739473],[-98.60971582,34.68226764],[-98.61440761,34.67764095],[-98.62849881,34.66293527],[-98.63373997,34.65773363],[-98.64721052,34.64360291],[-98.65307234,34.63777252],[-98.66587632,34.62427054],[-98.67240471,34.61778064],[-98.68456103,34.60493817],[-98.69173708,34.59781889],[-98.70333538,34.5856058],[-98.71106944,34.57784258],[-98.7221218,34.56627344],[-98.73040181,34.55782917],[-98.74083018,34.54694107],[-98.74973418,34.53767856],[-98.75920111,34.5276087],[-98.76906655,34.51706088],[-98.777122,34.50827633],[-98.78839891,34.49575769],[-98.79441899,34.48894397],[-98.80773128,34.47330254],[-98.81086845,34.4696116],[-98.82687885,34.45027923],[-98.82706365,34.45005326],[-98.84314556,34.43094687],[-98.84639602,34.42701078],[-98.85952786,34.41161449],[-98.86572838,34.40446583],[-98.87660315,34.39228213],[-98.88506075,34.38318528],[-98.89480753,34.37294976],[-98.90439312,34.36369095],[-98.91508108,34.35361739],[-98.92372549,34.34654743],[-98.93808717,34.33428503],[-98.94305785,34.33013244],[-98.95955803,34.31495265],[-98.96239022,34.31232172],[-98.97912041,34.29562029],[-98.98172259,34.29292848],[-98.99709435,34.27628793],[-99.00105496,34.2717326],[-99.01367436,34.25695555],[-99.02038732,34.24836295],[-99.0288877,34.23762319],[-99.03971969,34.22196081],[-99.04235269,34.21829081],[-99.05479308,34.19895845],[-99.05905206,34.19177801],[-99.06654129,34.17962609],[-99.07761201,34.16029371],[-99.07838443,34.15890245],[-99.08872767,34.14096135],[-99.09771679,34.12448128],[-99.09933758,34.12162897],[-99.11010779,34.10229661],[-99.11704916,34.08939202],[-99.12064813,34.08296425],[-99.13128154,34.06363187],[-99.13638153,34.05417629],[-99.14192217,34.04429951],[-99.15256191,34.02496715],[-99.1557139,34.0192013],[-99.16343481,34.00563477],[-99.17417313,33.98630241],[-99.17504626,33.98478785],[-99.18673009,33.96697003],[-99.19437863,33.95572758],[-99.20050426,33.94763767],[-99.213711,33.92998326],[-99.21507227,33.92830531],[-99.23047777,33.90897293],[-99.23304337,33.90566053],[-99.24634132,33.88964057],[-99.25237573,33.88210195],[-99.26250297,33.87030819],[-99.2717081,33.85913122],[-99.27893858,33.85097583],[-99.29104047,33.83665718],[-99.29562459,33.83164347],[-99.31037284,33.81462496],[-99.31256596,33.81231109],[-99.3297052,33.79312903],[-99.32985392,33.79297873],[-99.3479028,33.77364635],[-99.34903758,33.77234907],[-99.36666684,33.75431399],[-99.36836995,33.75244501],[-99.386505,33.73498163],[-99.38770232,33.73373826],[-99.40703469,33.7164872],[-99.40817163,33.71564925],[-99.42636705,33.70109291],[-99.43377812,33.69631689],[-99.44569942,33.68794757],[-99.46503179,33.67754271],[-99.46655771,33.67698452],[-99.48436416,33.66993854],[-99.50369652,33.66532923],[-99.52302889,33.66349842],[-99.54236126,33.66410522],[-99.56169363,33.66669582],[-99.58102599,33.67074394],[-99.60035836,33.67578656],[-99.60454593,33.67698452],[-99.61969073,33.68118934],[-99.6390231,33.68669907],[-99.65835546,33.69203491],[-99.67552507,33.69631689],[-99.67768783,33.69683374],[-99.6970202,33.70109545],[-99.71635257,33.70484296],[-99.73568493,33.70739426],[-99.7550173,33.70896894],[-99.77434967,33.70996569],[-99.79368204,33.71067979],[-99.8130144,33.71132655],[-99.83234677,33.71210901],[-99.85167914,33.71310313],[-99.87101151,33.71435718],[-99.88515145,33.71564925],[-99.89034387,33.71611388],[-99.90967624,33.71780053],[-99.92900861,33.71994404],[-99.94834098,33.72238545],[-99.96767334,33.72501484],[-99.98700571,33.72782438],[-100.00633808,33.7307914],[-100.02567045,33.7338544],[-100.03256998,33.73498163],[-100.04500281,33.73706522],[-100.06433518,33.74045876],[-100.08366755,33.74384877],[-100.10299992,33.74712887],[-100.12233228,33.75019168],[-100.14166465,33.75305249],[-100.15082282,33.75431399],[-100.16099702,33.75577016],[-100.18032939,33.75823602],[-100.19966175,33.76044418],[-100.21899412,33.76239829],[-100.23832649,33.76411585],[-100.25765886,33.76563478],[-100.27699122,33.76695376],[-100.29632359,33.76806751],[-100.31565596,33.76902716],[-100.33498833,33.76980287],[-100.35432069,33.77041029],[-100.37365306,33.77090912],[-100.39298543,33.77120676],[-100.4123178,33.77141877],[-100.43165016,33.7714389],[-100.45098253,33.77135257],[-100.4703149,33.77114681],[-100.48964727,33.77075662],[-100.50897963,33.77026309],[-100.528312,33.76959632],[-100.54764438,33.76874816],[-100.56697675,33.76777181],[-100.58630912,33.76660821],[-100.60564148,33.76524781],[-100.62497385,33.76378072],[-100.64430622,33.76204048],[-100.66363859,33.76024759],[-100.68297095,33.75832067],[-100.70230332,33.75619175],[-100.7150248,33.75431399],[-100.72163569,33.75330647],[-100.74096806,33.7513793],[-100.76030042,33.74867331],[-100.77963279,33.74582226],[-100.79896516,33.7427541],[-100.81829753,33.73940165],[-100.83762989,33.73642722],[-100.84405617,33.73498163],[-100.85696226,33.73180992],[-100.87629463,33.72762394],[-100.895627,33.72315384],[-100.91495936,33.71817117],[-100.92464029,33.71564925],[-100.93429173,33.71304759],[-100.9536241,33.70748107],[-100.97295646,33.70156856],[-100.98685713,33.69631689],[-100.99228883,33.69431565],[-101.0116212,33.68852944],[-101.03095357,33.68161684],[-101.04304873,33.67698452],[-101.05028593,33.67415252],[-101.0696183,33.66655462],[-101.08895067,33.65961216],[-101.09332035,33.65765215],[-101.10828304,33.65032055],[-101.1276154,33.64178611],[-101.13541469,33.63831979],[-101.14694777,33.63312993],[-101.16628014,33.62439131],[-101.17816848,33.61898742],[-101.18561251,33.61555919],[-101.20494487,33.60658424],[-101.22002574,33.59965505],[-101.22427724,33.59767488],[-101.24360961,33.58863375],[-101.25927501,33.58032268],[-101.26294198,33.57852107],[-101.28227434,33.57122323],[-101.30160671,33.56284481],[-101.30595525,33.56099031],[-101.32093908,33.55450485],[-101.34027145,33.54627497],[-101.35098936,33.54165795],[-101.35960381,33.53794705],[-101.37893618,33.52985073],[-101.39344846,33.52232558],[-101.39826855,33.52003251],[-101.41760092,33.51361766],[-101.43693328,33.5054583],[-101.44275098,33.50299321],[-101.45626565,33.49726671],[-101.47559802,33.48926513],[-101.48890761,33.48366084],[-101.49493039,33.48107959],[-101.51426275,33.47310791],[-101.53359512,33.46741007],[-101.54110352,33.46432848],[-101.55292749,33.45894651],[-101.57225986,33.45315493],[-101.59159222,33.44796434],[-101.60031781,33.44499611],[-101.61092459,33.44170182],[-101.63025696,33.43945265],[-101.63509016,33.42566374],[-101.63510701,33.42566374],[-101.63510687,33.44499611],[-101.64958933,33.45947872],[-101.65443908,33.46432848],[-101.65443896,33.48366084],[-101.66892169,33.49814373],[-101.67377119,33.50299321],[-101.67377106,33.52232558],[-101.68825406,33.5368087],[-101.69310332,33.54165795],[-101.6931032,33.56099031],[-101.70758643,33.57547366],[-101.71243546,33.58032268],[-101.71243536,33.59965505],[-101.7269188,33.6141386],[-101.73176762,33.61898742],[-101.73176752,33.63831979],[-101.74625118,33.65280352],[-101.7510998,33.65765215],[-101.7510997,33.67698452],[-101.76558354,33.69146843],[-101.77043199,33.69631689],[-101.77043191,33.71564925],[-101.77043182,33.73498163],[-101.78491591,33.74946578],[-101.78976412,33.75431399],[-101.78976404,33.77364635],[-101.80424828,33.78813067],[-101.80909633,33.79297873],[-101.80909624,33.81231109],[-101.80909614,33.83164347],[-101.82358065,33.84612806],[-101.82842842,33.85097583],[-101.8284283,33.87030819],[-101.82842819,33.88964057],[-101.84291301,33.9041255],[-101.84776045,33.90897293],[-101.84776032,33.92830531],[-101.84776018,33.94763767],[-101.84776003,33.96697003],[-101.86224538,33.98145552],[-101.86709225,33.98630241],[-101.86709208,34.00563477],[-101.86709192,34.02496715],[-101.88157775,34.03945315],[-101.8864241,34.04429951],[-101.88642391,34.06363187],[-101.88642371,34.08296425],[-101.90091012,34.09745087],[-101.90575586,34.10229661],[-101.90575565,34.12162897],[-101.90575542,34.14096135],[-101.92024248,34.15544866],[-101.92508754,34.16029371],[-101.92508729,34.17962609],[-101.92508704,34.19895845],[-101.93957485,34.21344655],[-101.94441911,34.21829081],[-101.94441884,34.23762319],[-101.94441855,34.25695555],[-101.94441826,34.27628793],[-101.95890722,34.29077722],[-101.96375029,34.29562029],[-101.96374999,34.31495265],[-101.96374966,34.33428503],[-101.97823959,34.34877532],[-101.98308166,34.35361739],[-101.98308132,34.37294976],[-101.98308098,34.39228213],[-101.99757195,34.40677349],[-102.00241295,34.41161449],[-102.0024126,34.43094687],[-102.00241223,34.45027923],[-102.01690432,34.46477174],[-102.02174418,34.4696116],[-102.02174381,34.48894397],[-102.02174343,34.50827633],[-102.03623669,34.52277004],[-102.04107534,34.5276087],[-102.04107495,34.54694107],[-102.04107456,34.56627344],[-102.04107417,34.5856058],[-102.05556906,34.60010115],[-102.06040608,34.60493817],[-102.06040567,34.62427054],[-102.06040528,34.64360291],[-102.07490142,34.65809953],[-102.07973717,34.66293527],[-102.07973677,34.68226764],[-102.07973638,34.70160001],[-102.09423379,34.7160979],[-102.09906827,34.72093238],[-102.09906788,34.74026474],[-102.09906749,34.75959711],[-102.11356616,34.77409625],[-102.11839938,34.77892948]]]}},
{"type":"Feature","properties":{"Lower":1.5},"geometry":{"type":"Polygon","coordinates":[[[-97.5600877,38.76139723],[-97.55112738,38.76623053],[-97.54629409,38.76139723],[-97.53179501,38.74689869],[-97.51246265,38.74689931],[-97.49313028,38.74690001],[-97.48829512,38.74206486],[-97.47379791,38.7275685],[-97.45446554,38.72756942],[-97.43513318,38.72757042],[-97.43029525,38.72273249],[-97.41580081,38.70823929],[-97.39646844,38.70824051],[-97.37713607,38.70824183],[-97.37229436,38.70340013],[-97.35780371,38.6889111],[-97.33847134,38.68891266],[-97.31913897,38.68891431],[-97.31429242,38.68406775],[-97.2998066,38.66958398],[-97.28047424,38.66958584],[-97.28047424,38.66956901],[-97.28600799,38.66473539],[-97.28920042,38.64540303],[-97.29218991,38.62607065],[-97.29502669,38.60673829],[-97.29768381,38.58740591],[-97.2998066,38.57136714],[-97.30025437,38.56807355],[-97.30278593,38.54874119],[-97.30517204,38.52940881],[-97.30746693,38.51007645],[-97.30966699,38.49074407],[-97.31177546,38.47141171],[-97.31379525,38.45207935],[-97.31575538,38.43274697],[-97.31764704,38.41341461],[-97.31913897,38.39802919],[-97.31952688,38.39408223],[-97.32141154,38.37474987],[-97.32327168,38.35541751],[-97.32511529,38.33608513],[-97.3269184,38.31675277],[-97.32871704,38.29742039],[-97.33049908,38.27808803],[-97.33229847,38.25875567],[-97.33408624,38.23942329],[-97.33588991,38.22009093],[-97.33777004,38.20075857],[-97.33847134,38.19464966],[-97.33998134,38.18142619],[-97.34276108,38.16209383],[-97.34662397,38.14276145],[-97.3516556,38.12342909],[-97.35724581,38.10409673],[-97.35780371,38.10211388],[-97.36275329,38.08476435],[-97.36690578,38.06543199],[-97.36695358,38.04609962],[-97.36387096,38.02676725],[-97.35969477,38.00743489],[-97.35780371,38.00121807],[-97.35349766,37.98810251],[-97.34592799,37.96877015],[-97.33847134,37.95156558],[-97.33751852,37.94943778],[-97.32847012,37.93010541],[-97.31925227,37.91077305],[-97.31913897,37.91054547],[-97.30978829,37.89144068],[-97.30037174,37.87210831],[-97.2998066,37.87098061],[-97.29113301,37.85277594],[-97.28195115,37.83344358],[-97.28047424,37.83044105],[-97.27304044,37.81411121],[-97.26423788,37.79477884],[-97.26114187,37.78821133],[-97.25562764,37.77544648],[-97.24723441,37.7561141],[-97.2418095,37.74391228],[-97.23888779,37.73678174],[-97.2308906,37.71744937],[-97.22276211,37.698117],[-97.22247713,37.69744455],[-97.21515996,37.67878464],[-97.2074833,37.65945226],[-97.20314477,37.64861031],[-97.1999796,37.6401199],[-97.19279271,37.62078754],[-97.18554968,37.60145516],[-97.1838124,37.59675861],[-97.17874966,37.5821228],[-97.17220091,37.56279044],[-97.16595997,37.54345806],[-97.16448003,37.53854363],[-97.16047757,37.5241257],[-97.15549751,37.50479332],[-97.15086322,37.48546096],[-97.14656574,37.4661286],[-97.14514766,37.45920798],[-97.14284076,37.44679622],[-97.13957932,37.42746386],[-97.13656536,37.40813148],[-97.13319595,37.38879912],[-97.12895085,37.36946676],[-97.1258153,37.35863582],[-97.12351804,37.35013438],[-97.11638836,37.33080202],[-97.10652908,37.31146964],[-97.10648293,37.31139303],[-97.094724,37.29213728],[-97.08715056,37.28143903],[-97.08054021,37.27280492],[-97.06781819,37.25771338],[-97.06319387,37.25347254],[-97.04848583,37.24264827],[-97.02998142,37.23414018],[-97.02915346,37.23377879],[-97.00982109,37.22669447],[-96.99048872,37.22064325],[-96.97115636,37.21519019],[-96.96972992,37.2148078],[-96.95182399,37.20984013],[-96.93249161,37.20478035],[-96.91315924,37.19994417],[-96.89464831,37.19547544],[-96.89382687,37.19526752],[-96.87449451,37.19038029],[-96.85516214,37.18546482],[-96.83582977,37.1804559],[-96.81957177,37.17614308],[-96.8164974,37.1751341],[-96.79716504,37.16877837],[-96.77783267,37.16249771],[-96.76005998,37.1568107],[-96.7585003,37.15622148],[-96.73916793,37.14902769],[-96.71983557,37.14209389],[-96.70653462,37.13747834],[-96.7005032,37.1350622],[-96.68117083,37.12758147],[-96.66183846,37.12053907],[-96.65496877,37.11814596],[-96.6425061,37.11324804],[-96.62317373,37.10605618],[-96.60384136,37.09930682],[-96.60237281,37.0988136],[-96.58450899,37.09215337],[-96.56517663,37.08537432],[-96.54729279,37.07948124],[-96.54584426,37.07895616],[-96.52651189,37.07222504],[-96.50717952,37.06590754],[-96.4884319,37.06014886],[-96.48784716,37.05995299],[-96.46851479,37.05371646],[-96.44918242,37.04787272],[-96.42985005,37.04237276],[-96.4241416,37.0408165],[-96.41051769,37.03679896],[-96.39118532,37.03139939],[-96.37185295,37.02632488],[-96.35252058,37.02159952],[-96.34768238,37.0408165],[-96.34766554,37.0408165],[-96.34767069,37.02148414],[-96.34767532,37.00215176],[-96.3476795,36.9828194],[-96.35252058,36.97797831],[-96.36701656,36.96348703],[-96.37185295,36.94436965],[-96.39118532,36.94939858],[-96.41051769,36.95482883],[-96.42985005,36.96071281],[-96.43842114,36.96348703],[-96.44918242,36.96672897],[-96.46851479,36.97293819],[-96.48784716,36.97963991],[-96.49646546,36.9828194],[-96.50717952,36.98648873],[-96.52651189,36.99353469],[-96.54584426,37.00115923],[-96.54823445,37.00215176],[-96.56517663,37.00866573],[-96.58450899,37.01668113],[-96.59537945,37.02148414],[-96.60384136,37.0249308],[-96.62317373,37.03330814],[-96.63924327,37.0408165],[-96.6425061,37.04221448],[-96.66183846,37.05089601],[-96.68086085,37.06014886],[-96.68117083,37.06028599],[-96.7005032,37.06918184],[-96.71983557,37.07882912],[-96.72108792,37.07948124],[-96.73916793,37.08792209],[-96.7585003,37.09763248],[-96.76075315,37.0988136],[-96.77783267,37.10668158],[-96.79716504,37.11618431],[-96.80100331,37.11814596],[-96.8164974,37.1248881],[-96.83582977,37.13376347],[-96.84360024,37.13747834],[-96.85516214,37.14195814],[-96.87449451,37.14959728],[-96.89241554,37.1568107],[-96.89382687,37.15725058],[-96.91315924,37.16307234],[-96.93249161,37.16859005],[-96.95182399,37.17391056],[-96.96002337,37.17614308],[-96.97115636,37.17890612],[-96.99048872,37.18394436],[-97.00982109,37.189424],[-97.02891517,37.19547544],[-97.02915346,37.19554843],[-97.04848583,37.20221627],[-97.06781819,37.21097333],[-97.0737341,37.2148078],[-97.08715056,37.22583445],[-97.09395051,37.23414018],[-97.10648293,37.25055896],[-97.10862336,37.25347254],[-97.12219207,37.27280492],[-97.1258153,37.278459],[-97.1347592,37.29213728],[-97.14514766,37.31044145],[-97.14577268,37.31146964],[-97.15607637,37.33080202],[-97.16360769,37.35013438],[-97.16448003,37.35325585],[-97.16960193,37.36946676],[-97.17401279,37.38879912],[-97.17750624,37.40813148],[-97.18107336,37.42746386],[-97.1838124,37.44138632],[-97.18503776,37.44679622],[-97.18967241,37.4661286],[-97.19451874,37.48546096],[-97.19959332,37.50479332],[-97.20314477,37.51758195],[-97.20519881,37.5241257],[-97.21162302,37.54345806],[-97.21820201,37.56279044],[-97.22247713,37.57510534],[-97.22522666,37.5821228],[-97.23293142,37.60145516],[-97.24051176,37.62078754],[-97.2418095,37.62405258],[-97.24952105,37.6401199],[-97.25839501,37.65945226],[-97.26114187,37.66555603],[-97.26825478,37.67878464],[-97.2780777,37.698117],[-97.28047424,37.70299271],[-97.28882199,37.71744937],[-97.29918524,37.73678174],[-97.2998066,37.73797814],[-97.31069398,37.7561141],[-97.31913897,37.77149211],[-97.32162902,37.77544648],[-97.33307797,37.79477884],[-97.33847134,37.8047313],[-97.34417233,37.81411121],[-97.35480338,37.83344358],[-97.35780371,37.83938224],[-97.36521488,37.85277594],[-97.37455162,37.87210831],[-97.37713607,37.87799036],[-97.38348243,37.89144068],[-97.39135095,37.91077305],[-97.39646844,37.92528251],[-97.39828387,37.93010541],[-97.40508604,37.94943778],[-97.41100232,37.96877015],[-97.41580081,37.98489346],[-97.4168999,37.98810251],[-97.42308368,38.00743489],[-97.42847908,38.02676725],[-97.43165518,38.04609962],[-97.4279211,38.06543199],[-97.42278551,38.08476435],[-97.42111245,38.10409673],[-97.42360078,38.12342909],[-97.42793304,38.14276145],[-97.43297361,38.16209383],[-97.43513318,38.17017699],[-97.43893025,38.18142619],[-97.4452022,38.20075857],[-97.451192,38.22009093],[-97.45446554,38.23131196],[-97.45730608,38.23942329],[-97.46358511,38.25875567],[-97.4694328,38.27808803],[-97.47379791,38.29345677],[-97.47511913,38.29742039],[-97.48100344,38.31675277],[-97.4865116,38.33608513],[-97.49162461,38.35541751],[-97.49313028,38.36157299],[-97.49687413,38.37474987],[-97.50203532,38.39408223],[-97.50680228,38.41341461],[-97.5112592,38.43274697],[-97.51246265,38.43835763],[-97.51585863,38.45207935],[-97.52032205,38.47141171],[-97.52443029,38.49074407],[-97.52829087,38.51007645],[-97.53179501,38.52703892],[-97.53234969,38.52940881],[-97.53570369,38.54874119],[-97.53915966,38.56807355],[-97.54242978,38.58740591],[-97.54539011,38.60673829],[-97.54808396,38.62607065],[-97.55044873,38.64540303],[-97.55112738,38.65168771],[-97.55279464,38.66473539],[-97.55494124,38.68406775],[-97.55675911,38.70340013],[-97.55818709,38.72273249],[-97.55931886,38.74206486],[-97.5600877,38.76139723]]]}},
{"type":"Feature","properties":{"Lower":1.5},"geometry":{"type":"Polygon","coordinates":[[[-99.03502972,38.33608513],[-99.0332565,38.35541751],[-99.03001491,38.37474987],[-99.02579739,38.39408223],[-99.0209102,38.41341461],[-99.02038732,38.41526875],[-99.01534758,38.43274697],[-99.00941633,38.45207935],[-99.00365604,38.47141171],[-99.00105496,38.48123124],[-98.9984384,38.49074407],[-98.99385411,38.51007645],[-98.98972396,38.52940881],[-98.98602723,38.54874119],[-98.98257927,38.56807355],[-98.98172259,38.57333963],[-98.97937823,38.58740591],[-98.97632132,38.60673829],[-98.97342075,38.62607065],[-98.97061527,38.64540303],[-98.96789649,38.66473539],[-98.96520967,38.68406775],[-98.96282334,38.70340013],[-98.96239022,38.70635108],[-98.95984187,38.72273249],[-98.95705353,38.74206486],[-98.95417832,38.76139723],[-98.95117519,38.78072959],[-98.9481255,38.80006196],[-98.9449989,38.81939433],[-98.94305785,38.83119589],[-98.94172262,38.8387267],[-98.93834853,38.85805907],[-98.93491029,38.87739143],[-98.93146723,38.8967238],[-98.92801925,38.91605617],[-98.92449323,38.93538853],[-98.92372549,38.93962704],[-98.92083896,38.9547209],[-98.91716674,38.97405327],[-98.91343999,38.99338564],[-98.90967812,39.012718],[-98.90592738,39.03205037],[-98.90439312,39.03991353],[-98.90206041,39.05138274],[-98.89804651,39.07071511],[-98.89403255,39.09004748],[-98.89001866,39.10937984],[-98.88591919,39.12871221],[-98.88506075,39.13270144],[-98.88162873,39.14804458],[-98.87725382,39.16737694],[-98.87280213,39.18670932],[-98.86572838,39.19154266],[-98.84639602,39.19154331],[-98.84156202,39.18670932],[-98.82706365,39.17221173],[-98.80773128,39.17221233],[-98.78839891,39.17221291],[-98.78356295,39.16737694],[-98.76906655,39.15288123],[-98.74973418,39.15288175],[-98.73040181,39.15288226],[-98.72556414,39.14804458],[-98.71106944,39.13355048],[-98.69173708,39.13355093],[-98.67240471,39.13355134],[-98.65307234,39.13355173],[-98.64823282,39.12871221],[-98.63373997,39.11421982],[-98.61440761,39.11422015],[-98.59507524,39.11422046],[-98.59023462,39.10937984],[-98.57574287,39.09488842],[-98.5564105,39.09488866],[-98.53707814,39.09488886],[-98.53223675,39.09004748],[-98.51774577,39.07555668],[-98.4984134,39.07555676],[-98.47908103,39.07555684],[-98.47423931,39.07071511],[-98.45974867,39.05622449],[-98.4404163,39.05622447],[-98.42108393,39.05622444],[-98.41624223,39.05138274],[-98.40175156,39.03689197],[-98.3824192,39.03689188],[-98.36308683,39.03689177],[-98.35824543,39.03205037],[-98.34375446,39.0175592],[-98.32442209,39.01755904],[-98.30508973,39.01755886],[-98.30024887,39.012718],[-98.28575736,38.99822619],[-98.26642499,38.99822595],[-98.24709262,38.99822568],[-98.24225257,38.99338564],[-98.22776026,38.97889293],[-98.20842789,38.97889265],[-98.18909552,38.97889237],[-98.18425641,38.97405327],[-98.16976315,38.95955957],[-98.15043079,38.95955927],[-98.13109841,38.95955896],[-98.12626036,38.9547209],[-98.11176604,38.94022613],[-98.09243367,38.94022582],[-98.0731013,38.94022551],[-98.06826434,38.93538853],[-98.05376894,38.92089267],[-98.03443657,38.92089236],[-98.0151042,38.92089203],[-98.01026834,38.91605617],[-97.99577183,38.90155921],[-97.97643947,38.9015589],[-97.9571071,38.9015586],[-97.95227231,38.8967238],[-97.93777473,38.88222579],[-97.91844236,38.8822255],[-97.89911,38.88222523],[-97.8942762,38.87739143],[-97.87977763,38.86289245],[-97.86044526,38.86289221],[-97.85567071,38.85805907],[-97.86044526,38.85075103],[-97.86771921,38.8387267],[-97.87977763,38.82178952],[-97.88131804,38.81939433],[-97.89231519,38.80006196],[-97.89911,38.78968456],[-97.90470696,38.78072959],[-97.9161076,38.76139723],[-97.91844236,38.75799896],[-97.92959068,38.74206486],[-97.93777473,38.72944191],[-97.94194163,38.72273249],[-97.95415162,38.70340013],[-97.9571071,38.69879727],[-97.96618285,38.68406775],[-97.97643947,38.6674217],[-97.978046,38.66473539],[-97.98985515,38.64540303],[-97.99577183,38.63572979],[-98.001459,38.62607065],[-98.01302232,38.60673829],[-98.0151042,38.60331113],[-98.02450267,38.58740591],[-98.03443657,38.57109651],[-98.03621321,38.56807355],[-98.04774473,38.54874119],[-98.05376894,38.53893034],[-98.05946563,38.52940881],[-98.07121349,38.51007645],[-98.0731013,38.50698249],[-98.08276371,38.49074407],[-98.09243367,38.47493257],[-98.09451803,38.47141171],[-98.10616232,38.45207935],[-98.11176604,38.44290947],[-98.11778531,38.43274697],[-98.12926433,38.41341461],[-98.13109841,38.41038836],[-98.14069024,38.39408223],[-98.15043079,38.37772778],[-98.15214148,38.37474987],[-98.16333839,38.35541751],[-98.16976315,38.34448012],[-98.17466025,38.33608513],[-98.18647448,38.31675277],[-98.18909552,38.31265027],[-98.19875854,38.29742039],[-98.20842789,38.28311383],[-98.21182466,38.27808803],[-98.22555718,38.25875567],[-98.22776026,38.25585165],[-98.24022319,38.23942329],[-98.24709262,38.23105298],[-98.25615155,38.22009093],[-98.26642499,38.20844234],[-98.27329707,38.20075857],[-98.28575736,38.1880293],[-98.29236045,38.18142619],[-98.30508973,38.16986171],[-98.31382866,38.16209383],[-98.32442209,38.15366861],[-98.33876915,38.14276145],[-98.34375446,38.1394208],[-98.36308683,38.12718592],[-98.36944451,38.12342909],[-98.3824192,38.116771],[-98.40175156,38.10790392],[-98.41120939,38.10409673],[-98.42108393,38.10075836],[-98.4404163,38.09538248],[-98.45974867,38.09132098],[-98.47908103,38.08860015],[-98.4984134,38.08730247],[-98.51774577,38.08740625],[-98.53707814,38.0888369],[-98.5564105,38.09125718],[-98.57574287,38.09446996],[-98.59507524,38.09828841],[-98.61440761,38.10271236],[-98.6197415,38.10409673],[-98.63373997,38.10789669],[-98.65307234,38.1135411],[-98.67240471,38.11935365],[-98.68538922,38.12342909],[-98.69173708,38.12550482],[-98.71106944,38.13207326],[-98.73040181,38.13866855],[-98.7421485,38.14276145],[-98.74973418,38.14551988],[-98.76906655,38.1526622],[-98.78839891,38.15976484],[-98.79454827,38.16209383],[-98.80773128,38.16729405],[-98.82706365,38.17502917],[-98.8426323,38.18142619],[-98.84639602,38.18303645],[-98.86572838,38.19199193],[-98.88506075,38.20054651],[-98.88563371,38.20075857],[-98.90439312,38.20812476],[-98.92372549,38.21636774],[-98.93142821,38.22009093],[-98.94305785,38.22633573],[-98.96239022,38.23779468],[-98.96492557,38.23942329],[-98.98172259,38.25180357],[-98.99060287,38.25875567],[-99.00105496,38.26844358],[-99.01095629,38.27808803],[-99.02038732,38.28944378],[-99.02676492,38.29742039],[-99.03406292,38.31675277],[-99.03502972,38.33608513]]]}},
{"type":"Feature","properties":{"Lower":1.5},"geometry":{"type":"Polygon","coordinates":[[[-101.63509031,33.40633138],[-101.63509016,33.42566374],[-101.63025696,33.43945265],[-101.61092459,33.44170182],[-101.60031781,33.44499611],[-101.59159222,33.44796434],[-101.57225986,33.45315493],[-101.55292749,33.45894651],[-101.54110352,33.46432848],[-101.53359512,33.46741007],[-101.51426275,33.47310791],[-101.49493039,33.48107959],[-101.48890761,33.48366084],[-101.47559802,33.48926513],[-101.45626565,33.49726671],[-101.44275098,33.50299321],[-101.43693328,33.5054583],[-101.41760092,33.51361766],[-101.39826855,33.52003251],[-101.39344846,33.52232558],[-101.37893618,33.52985073],[-101.35960381,33.53794705],[-101.35098936,33.54165795],[-101.34027145,33.54627497],[-101.32093908,33.55450485],[-101.30595525,33.56099031],[-101.30160671,33.56284481],[-101.28227434,33.57122323],[-101.26294198,33.57852107],[-101.25927501,33.58032268],[-101.24360961,33.58863375],[-101.22427724,33.59767488],[-101.22002574,33.59965505],[-101.20494487,33.60658424],[-101.18561251,33.61555919],[-101.17816848,33.61898742],[-101.16628014,33.62439131],[-101.14694777,33.63312993],[-101.13541469,33.63831979],[-101.1276154,33.64178611],[-101.10828304,33.65032055],[-101.09332035,33.65765215],[-101.08895067,33.65961216],[-101.0696183,33.66655462],[-101.05028593,33.67415252],[-101.04304873,33.67698452],[-101.03095357,33.68161684],[-101.0116212,33.68852944],[-100.99228883,33.69431565],[-100.98685713,33.69631689],[-100.97295646,33.70156856],[-100.9536241,33.70748107],[-100.93429173,33.71304759],[-100.92464029,33.71564925],[-100.91495936,33.71817117],[-100.895627,33.72315384],[-100.87629463,33.72762394],[-100.85696226,33.73180992],[-100.84405617,33.73498163],[-100.83762989,33.73642722],[-100.81829753,33.73940165],[-100.79896516,33.7427541],[-100.77963279,33.74582226],[-100.76030042,33.74867331],[-100.74096806,33.7513793],[-100.72163569,33.75330647],[-100.7150248,33.75431399],[-100.70230332,33.75619175],[-100.68297095,33.75832067],[-100.66363859,33.76024759],[-100.64430622,33.76204048],[-100.62497385,33.76378072],[-100.60564148,33.76524781],[-100.58630912,33.76660821],[-100.56697675,33.76777181],[-100.54764438,33.76874816],[-100.528312,33.76959632],[-100.50897963,33.77026309],[-100.48964727,33.77075662],[-100.4703149,33.77114681],[-100.45098253,33.77135257],[-100.43165016,33.7714389],[-100.4123178,33.77141877],[-100.39298543,33.77120676],[-100.37365306,33.77090912],[-100.35432069,33.77041029],[-100.33498833,33.76980287],[-100.31565596,33.76902716],[-100.29632359,33.76806751],[-100.27699122,33.76695376],[-100.25765886,33.76563478],[-100.23832649,33.76411585],[-100.21899412,33.76239829],[-100.19966175,33.76044418],[-100.18032939,33.75823602],[-100.16099702,33.75577016],[-100.15082282,33.75431399],[-100.14166465,33.75305249],[-100.12233228,33.75019168],[-100.10299992,33.74712887],[-100.08366755,33.74384877],[-100.06433518,33.74045876],[-100.04500281,33.73706522],[-100.03256998,33.73498163],[-100.02567045,33.7338544],[-100.00633808,33.7307914],[-99.98700571,33.72782438],[-99.96767334,33.72501484],[-99.94834098,33.72238545],[-99.92900861,33.71994404],[-99.90967624,33.71780053],[-99.89034387,33.71611388],[-99.88515145,33.71564925],[-99.87101151,33.71435718],[-99.85167914,33.71310313],[-99.83234677,33.71210901],[-99.8130144,33.71132655],[-99.79368204,33.71067979],[-99.77434967,33.70996569],[-99.7550173,33.70896894],[-99.73568493,33.70739426],[-99.71635257,33.70484296],[-99.6970202,33.70109545],[-99.67768783,33.69683374],[-99.67552507,33.69631689],[-99.65835546,33.69203491],[-99.6390231,33.68669907],[-99.61969073,33.68118934],[-99.60454593,33.67698452],[-99.60035836,33.67578656],[-99.58102599,33.67074394],[-99.56169363,33.66669582],[-99.54236126,33.66410522],[-99.52302889,33.66349842],[-99.50369652,33.66532923],[-99.48436416,33.66993854],[-99.46655771,33.67698452],[-99.46503179,33.67754271],[-99.44569942,33.68794757],[-99.43377812,33.69631689],[-99.42636705,33.70109291],[-99.40817163,33.71564925],[-99.40703469,33.7164872],[-99.38770232,33.73373826],[-99.386505,33.73498163],[-99.36836995,33.75244501],[-99.36666684,33.75431399],[-99.34903758,33.77234907],[-99.3479028,33.77364635],[-99.32985392,33.79297873],[-99.3297052,33.79312903],[-99.31256596,33.81231109],[-99.31037284,33.81462496],[-99.29562459,33.83164347],[-99.29104047,33.83665718],[-99.27893858,33.85097583],[-99.2717081,33.85913122],[-99.26250297,33.87030819],[-99.25237573,33.88210195],[-99.24634132,33.88964057],[-99.23304337,33.90566053],[-99.23047777,33.90897293],[-99.21507227,33.92830531],[-99.213711,33.92998326],[-99.20050426,33.94763767],[-99.19437863,33.95572758],[-99.18673009,33.96697003],[-99.17504626,33.98478785],[-99.17417313,33.98630241],[-99.16343481,34.00563477],[-99.1557139,34.0192013],[-99.15256191,34.02496715],[-99.14192217,34.04429951],[-99.13638153,34.05417629],[-99.13128154,34.06363187],[-99.12064813,34.08296425],[-99.11704916,34.08939202],[-99.11010779,34.10229661],[-99.09933758,34.12162897],[-99.09771679,34.12448128],[-99.08872767,34.14096135],[-99.07838443,34.15890245],[-99.07761201,34.16029371],[-99.06654129,34.17962609],[-99.05905206,34.19177801],[-99.05479308,34.19895845],[-99.04235269,34.21829081],[-99.03971969,34.22196081],[-99.0288877,34.23762319],[-99.02038732,34.24836295],[-99.01367436,34.25695555],[-99.00105496,34.2717326],[-98.99709435,34.27628793],[-98.98172259,34.29292848],[-98.97912041,34.29562029],[-98.96239022,34.31232172],[-98.95955803,34.31495265],[-98.94305785,34.33013244],[-98.93808717,34.33428503],[-98.92372549,34.34654743],[-98.91508108,34.35361739],[-98.90439312,34.36369095],[-98.89480753,34.37294976],[-98.88506075,34.38318528],[-98.87660315,34.39228213],[-98.86572838,34.40446583],[-98.85952786,34.41161449],[-98.84639602,34.42701078],[-98.84314556,34.43094687],[-98.82706365,34.45005326],[-98.82687885,34.45027923],[-98.81086845,34.4696116],[-98.80773128,34.47330254],[-98.79441899,34.48894397],[-98.78839891,34.49575769],[-98.777122,34.50827633],[-98.76906655,34.51706088],[-98.75920111,34.5276087],[-98.74973418,34.53767856],[-98.74083018,34.54694107],[-98.73040181,34.55782917],[-98.7221218,34.56627344],[-98.71106944,34.57784258],[-98.70333538,34.5856058],[-98.69173708,34.59781889],[-98.68456103,34.60493817],[-98.67240471,34.61778064],[-98.66587632,34.62427054],[-98.65307234,34.63777252],[-98.64721052,34.64360291],[-98.63373997,34.65773363],[-98.62849881,34.66293527],[-98.61440761,34.67764095],[-98.60971582,34.68226764],[-98.59507524,34.69739473],[-98.59077163,34.70160001],[-98.57574287,34.71695513],[-98.57162709,34.72093238],[-98.5564105,34.73630443],[-98.55225689,34.74026474],[-98.53707814,34.75538947],[-98.53259954,34.75959711],[-98.51774577,34.77415677],[-98.5125764,34.77892948],[-98.4984134,34.79259777],[-98.49216756,34.79826184],[-98.47908103,34.81065868],[-98.47129303,34.81759422],[-98.45974867,34.82833961],[-98.4498952,34.83692658],[-98.4404163,34.84557818],[-98.42790297,34.85625895],[-98.42108393,34.86235908],[-98.40519045,34.87559132],[-98.40175156,34.87859895],[-98.3824192,34.89443824],[-98.38179582,34.89492368],[-98.36308683,34.91024132],[-98.35781351,34.91425606],[-98.34375446,34.92552117],[-98.33293508,34.93358842],[-98.32442209,34.94027618],[-98.30706843,34.95292078],[-98.30508973,34.95444153],[-98.28575736,34.9687101],[-98.28060747,34.97225316],[-98.26642499,34.98264264],[-98.25303292,34.99158552],[-98.24709262,34.99583465],[-98.22776026,35.00829937],[-98.22315164,35.0109179],[-98.20842789,35.02001524],[-98.18964798,35.03025026],[-98.18909552,35.0305757],[-98.16976315,35.0399574],[-98.15043079,35.04783156],[-98.14490111,35.04958262],[-98.13109841,35.05443912],[-98.11176604,35.05929536],[-98.09243367,35.06216844],[-98.0731013,35.06286571],[-98.05376894,35.0612283],[-98.03443657,35.05699721],[-98.0151042,35.05008089],[-98.01415725,35.04958262],[-97.99577183,35.03999829],[-97.98150652,35.03025026],[-97.97643947,35.02684454],[-97.95751365,35.0109179],[-97.9571071,35.01057855],[-97.93835138,34.99158552],[-97.93777473,34.99101043],[-97.92123881,34.97225316],[-97.91844236,34.96900592],[-97.90615185,34.95292078],[-97.89911,34.94360299],[-97.89223092,34.93358842],[-97.87977763,34.9150492],[-97.87928592,34.91425606],[-97.86724962,34.89492368],[-97.86044526,34.88368333],[-97.85583219,34.87559132],[-97.84504595,34.85625895],[-97.84111289,34.84903745],[-97.83479419,34.83692658],[-97.82506964,34.81759422],[-97.82178053,34.81088444],[-97.81576979,34.79826184],[-97.80694138,34.77892948],[-97.80244816,34.77009515],[-97.79700788,34.75959711],[-97.78505886,34.74026474],[-97.78311579,34.73743605],[-97.77168671,34.72093238],[-97.76378342,34.71025422],[-97.75727182,34.70160001],[-97.74445106,34.68545118],[-97.74182931,34.68226764],[-97.72536852,34.66293527],[-97.72511869,34.66265494],[-97.70752642,34.64360291],[-97.70578632,34.64175743],[-97.6888771,34.62427054],[-97.68645395,34.62182537],[-97.66935955,34.60493817],[-97.66712159,34.60277967],[-97.64898167,34.5856058],[-97.64778922,34.58450137],[-97.62845685,34.56694124],[-97.62770764,34.56627344],[-97.60912448,34.55006654],[-97.6054746,34.54694107],[-97.58979212,34.53385039],[-97.58217407,34.5276087],[-97.57045975,34.51827236],[-97.55767737,34.50827633],[-97.55112738,34.50330319],[-97.53179501,34.48912918],[-97.53153738,34.48894397],[-97.51246265,34.47562697],[-97.50355482,34.4696116],[-97.49313028,34.46274088],[-97.47454339,34.45027923],[-97.47379791,34.44978931],[-97.45446554,34.43706079],[-97.44527719,34.43094687],[-97.43513318,34.42433119],[-97.41612902,34.41161449],[-97.41580081,34.41140062],[-97.39646844,34.39900437],[-97.38623173,34.39228213],[-97.37713607,34.38641899],[-97.35780371,34.37381361],[-97.35648047,34.37294976],[-97.33847134,34.36142479],[-97.32645654,34.35361739],[-97.31913897,34.34894868],[-97.2998066,34.33650978],[-97.29637339,34.33428503],[-97.28047424,34.32417089],[-97.26620252,34.31495265],[-97.26114187,34.31174656],[-97.2418095,34.29937065],[-97.23600894,34.29562029],[-97.22247713,34.28705068],[-97.20579986,34.27628793],[-97.20314477,34.27460688],[-97.1838124,34.26228309],[-97.17558076,34.25695555],[-97.16448003,34.24991672],[-97.15964535,34.23762319],[-97.15964274,34.21829081],[-97.16448003,34.21345353],[-97.17897059,34.19895845],[-97.17896768,34.17962609],[-97.1838124,34.17478138],[-97.19829513,34.16029371],[-97.20314477,34.15544409],[-97.21762241,34.14096135],[-97.21763925,34.14096135],[-97.20619831,34.16029371],[-97.22247713,34.17044845],[-97.23737294,34.17962609],[-97.2418095,34.18239677],[-97.26114187,34.19439178],[-97.26855111,34.19895845],[-97.28047424,34.20640025],[-97.29956477,34.21829081],[-97.2998066,34.21844298],[-97.31913897,34.23040575],[-97.33082596,34.23762319],[-97.33847134,34.24241478],[-97.35780371,34.25444599],[-97.36186191,34.25695555],[-97.37713607,34.26653222],[-97.39281985,34.27628793],[-97.39646844,34.27858708],[-97.41580081,34.29070221],[-97.42370907,34.29562029],[-97.43513318,34.3028252],[-97.45446554,34.31477337],[-97.45475309,34.31495265],[-97.47379791,34.32707622],[-97.4853367,34.33428503],[-97.49313028,34.33922416],[-97.51246265,34.35135995],[-97.51607895,34.35361739],[-97.53179501,34.36358012],[-97.54672163,34.37294976],[-97.55112738,34.37575594],[-97.57045975,34.38801961],[-97.57704915,34.39228213],[-97.58979212,34.40081867],[-97.60547826,34.41161449],[-97.60912448,34.41420791],[-97.62845685,34.42828453],[-97.63204123,34.43094687],[-97.64778922,34.44300646],[-97.6571048,34.45027923],[-97.66712159,34.45831155],[-97.68096906,34.4696116],[-97.68645395,34.47421227],[-97.7037422,34.48894397],[-97.70578632,34.4907313],[-97.72511869,34.50789959],[-97.72553533,34.50827633],[-97.74445106,34.52583921],[-97.74632591,34.5276087],[-97.76378342,34.5445393],[-97.76621067,34.54694107],[-97.78311579,34.56411958],[-97.78518863,34.56627344],[-97.80244816,34.58475552],[-97.80322311,34.5856058],[-97.82042128,34.60493817],[-97.82178053,34.60649526],[-97.83739643,34.62427054],[-97.84111289,34.62857613],[-97.85416704,34.64360291],[-97.86044526,34.65101656],[-97.87057771,34.66293527],[-97.87977763,34.67414903],[-97.8864555,34.68226764],[-97.89911,34.69844195],[-97.90158081,34.70160001],[-97.91568302,34.72093238],[-97.91844236,34.7251229],[-97.92842579,34.74026474],[-97.93777473,34.75496413],[-97.94090373,34.75959711],[-97.9549838,34.77892948],[-97.9571071,34.7816673],[-97.97117074,34.79826184],[-97.97643947,34.80409968],[-97.99007652,34.81759422],[-97.99577183,34.82293239],[-98.0129736,34.83692658],[-98.0151042,34.83858859],[-98.03443657,34.85143546],[-98.04341172,34.85625895],[-98.05376894,34.86165554],[-98.0731013,34.86946715],[-98.09243367,34.87498929],[-98.09567866,34.87559132],[-98.11176604,34.87855258],[-98.13109841,34.88018385],[-98.15043079,34.88004602],[-98.16976315,34.87825367],[-98.18508963,34.87559132],[-98.18909552,34.87494479],[-98.20842789,34.87037986],[-98.22776026,34.8645136],[-98.24709262,34.85737479],[-98.24964311,34.85625895],[-98.26642499,34.8493753],[-98.28575736,34.84028366],[-98.29206314,34.83692658],[-98.30508973,34.8303899],[-98.32442209,34.81959212],[-98.32766758,34.81759422],[-98.34375446,34.80822043],[-98.35936773,34.79826184],[-98.36308683,34.79600821],[-98.3824192,34.78332842],[-98.38863421,34.77892948],[-98.40175156,34.77006944],[-98.41621118,34.75959711],[-98.42108393,34.75621979],[-98.4404163,34.74191582],[-98.44252504,34.74026474],[-98.45974867,34.72730649],[-98.46774381,34.72093238],[-98.47908103,34.71223392],[-98.49221328,34.70160001],[-98.4984134,34.6967452],[-98.51602379,34.68226764],[-98.51774577,34.68089547],[-98.53707814,34.66480295],[-98.53922949,34.66293527],[-98.5564105,34.64843704],[-98.56191426,34.64360291],[-98.57574287,34.63175734],[-98.58415883,34.62427054],[-98.59507524,34.61478213],[-98.60599567,34.60493817],[-98.61440761,34.59750293],[-98.62743743,34.5856058],[-98.63373997,34.57994069],[-98.64847413,34.56627344],[-98.65307234,34.56206361],[-98.66910395,34.54694107],[-98.67240471,34.54385482],[-98.68929355,34.5276087],[-98.69173708,34.52526639],[-98.70898884,34.50827633],[-98.71106944,34.50622129],[-98.72808786,34.48894397],[-98.73040181,34.48656981],[-98.746449,34.4696116],[-98.74973418,34.46605795],[-98.76387,34.45027923],[-98.76906655,34.44422589],[-98.78006064,34.43094687],[-98.78839891,34.42032542],[-98.79534266,34.41161449],[-98.80773128,34.3960315],[-98.81082545,34.39228213],[-98.82706365,34.37335146],[-98.82742021,34.37294976],[-98.84580984,34.35361739],[-98.84639602,34.35306463],[-98.86572838,34.33549738],[-98.86711067,34.33428503],[-98.88506075,34.32110556],[-98.89338505,34.31495265],[-98.90439312,34.30704256],[-98.91857993,34.29562029],[-98.92372549,34.29126726],[-98.94004759,34.27628793],[-98.94305785,34.27323816],[-98.95842554,34.25695555],[-98.96239022,34.25201441],[-98.97386643,34.23762319],[-98.98172259,34.22607128],[-98.98706446,34.21829081],[-98.99906562,34.19895845],[-99.00105496,34.19556298],[-99.01052129,34.17962609],[-99.02038732,34.16221936],[-99.02149785,34.16029371],[-99.03237075,34.14096135],[-99.03971969,34.12758167],[-99.04304307,34.12162897],[-99.05368602,34.10229661],[-99.05905206,34.09243394],[-99.06428363,34.08296425],[-99.07484016,34.06363187],[-99.07838443,34.05712073],[-99.08547727,34.04429951],[-99.09603597,34.02496715],[-99.09771679,34.02189214],[-99.10675646,34.00563477],[-99.11704916,33.98688156],[-99.11737388,33.98630241],[-99.1281909,33.96697003],[-99.13638153,33.95217429],[-99.13895601,33.94763767],[-99.14996833,33.92830531],[-99.1557139,33.91831886],[-99.16165849,33.90897293],[-99.17385238,33.88964057],[-99.17504626,33.88769914],[-99.18654286,33.87030819],[-99.19437863,33.85803164],[-99.19918797,33.85097583],[-99.21179918,33.83164347],[-99.213711,33.82857354],[-99.22448626,33.81231109],[-99.23304337,33.79868275],[-99.23686122,33.79297873],[-99.24897309,33.77364635],[-99.25237573,33.76786441],[-99.2608567,33.75431399],[-99.2717081,33.73589115],[-99.27228065,33.73498163],[-99.28330294,33.71564925],[-99.29104047,33.70129595],[-99.29391065,33.69631689],[-99.30409777,33.67698452],[-99.31037284,33.66429353],[-99.31390242,33.65765215],[-99.32331292,33.63831979],[-99.3297052,33.62427607],[-99.3323133,33.61898742],[-99.34099299,33.59965505],[-99.34903758,33.58097182],[-99.34934071,33.58032268],[-99.35717337,33.56099031],[-99.36464344,33.54165795],[-99.36836995,33.53105434],[-99.37176275,33.52232558],[-99.37853411,33.50299321],[-99.38475241,33.48366084],[-99.38770232,33.47330572],[-99.39057584,33.46432848],[-99.39596394,33.44499611],[-99.40081109,33.42566374],[-99.40511298,33.40633138],[-99.40703469,33.39622944],[-99.40904365,33.38699901],[-99.41250119,33.36766664],[-99.41526882,33.34833428],[-99.41729169,33.3290019],[-99.41845936,33.30966954],[-99.4186593,33.29033717],[-99.41765801,33.2710048],[-99.41524946,33.25167244],[-99.41110137,33.23234006],[-99.40703469,33.21983662],[-99.40483493,33.2130077],[-99.39603563,33.19367534],[-99.38770232,33.18007136],[-99.38421163,33.17434296],[-99.36949842,33.1550106],[-99.36836995,33.15375435],[-99.35231365,33.13567822],[-99.34903758,33.13247377],[-99.33273141,33.11634586],[-99.3297052,33.11367393],[-99.31104167,33.0970135],[-99.31037284,33.09646463],[-99.29104047,33.08038003],[-99.28789847,33.07768112],[-99.2717081,33.06377402],[-99.26569141,33.05834876],[-99.25237573,33.04629034],[-99.24463687,33.03901638],[-99.23304337,33.02807252],[-99.22443211,33.01968402],[-99.213711,33.00919495],[-99.20482924,33.00035166],[-99.19437863,32.98994629],[-99.18552826,32.98101928],[-99.17504626,32.97044651],[-99.1664723,32.96168692],[-99.1557139,32.95074306],[-99.14753682,32.94235454],[-99.13638153,32.93091077],[-99.12872404,32.92302218],[-99.11704916,32.91104666],[-99.10987696,32.90368982],[-99.09771679,32.89126983],[-99.09094905,32.88435744],[-99.07838443,32.87157891],[-99.07191316,32.86502508],[-99.05905206,32.85205505],[-99.0527432,32.84569272],[-99.03971969,32.83266921],[-99.03338421,32.82636034],[-99.02038732,32.81347217],[-99.01386127,32.80702798],[-99.00105496,32.79448741],[-98.99405993,32.7876956],[-98.98172259,32.77576606],[-98.97403385,32.76836324],[-98.96239022,32.75724458],[-98.95371428,32.74903088],[-98.94305785,32.73898335],[-98.93308068,32.7296985],[-98.92372549,32.72102788],[-98.91212029,32.71036614],[-98.90439312,32.70332443],[-98.89078563,32.69103376],[-98.88506075,32.68588367],[-98.86908159,32.6717014],[-98.86572838,32.66873716],[-98.84695747,32.65236904],[-98.84639602,32.65188333],[-98.82706365,32.63525968],[-98.82444476,32.63303666],[-98.80773128,32.61890446],[-98.80149588,32.6137043],[-98.78839891,32.60286544],[-98.77799139,32.59437193],[-98.76906655,32.58708842],[-98.75409151,32.57503956],[-98.74973418,32.57152019],[-98.73040181,32.5565139],[-98.72938564,32.5557072],[-98.71106944,32.54085668],[-98.7053101,32.53637483],[-98.69173708,32.52577253],[-98.68034067,32.51704246],[-98.67240471,32.51094018],[-98.65502785,32.49771009],[-98.65307234,32.49622124],[-98.63373997,32.48171923],[-98.62925142,32.47837772],[-98.61440761,32.46728623],[-98.60315475,32.45904536],[-98.59507524,32.45310633],[-98.57647723,32.43971299],[-98.57574287,32.43918216],[-98.5564105,32.42524327],[-98.54953222,32.42038062],[-98.53707814,32.41154374],[-98.52205312,32.40104825],[-98.51774577,32.39802832],[-98.4984134,32.38469373],[-98.49402581,32.38171589],[-98.47908103,32.37153613],[-98.46535221,32.36238352],[-98.45974867,32.35862055],[-98.4404163,32.34584906],[-98.43609648,32.34305115],[-98.42108393,32.33329295],[-98.40610759,32.32371879],[-98.40175156,32.32092405],[-98.3824192,32.30877301],[-98.37531587,32.30438641],[-98.36308683,32.29678107],[-98.34440747,32.28505405],[-98.34375446,32.28465074],[-98.32442209,32.27337837],[-98.30508973,32.28021991],[-98.30508973,32.28020308],[-98.3195725,32.26572168],[-98.31957333,32.24638931],[-98.32442209,32.24154056],[-98.33890697,32.22705695],[-98.34375446,32.22220945],[-98.35824055,32.20772458],[-98.35824128,32.18839221],[-98.36308683,32.18354668],[-98.37757477,32.16905985],[-98.37757545,32.14972747],[-98.3824192,32.14488372],[-98.39690884,32.13039511],[-98.39690945,32.11106275],[-98.40175156,32.10622062],[-98.41624274,32.09173037],[-98.42108393,32.08688918],[-98.43557597,32.07239801],[-98.43557649,32.05306563],[-98.4404163,32.04822584],[-98.45490964,32.03373327],[-98.4549101,32.01440091],[-98.45974867,32.00956234],[-98.47424315,31.99506853],[-98.47908103,31.99023066],[-98.49357616,31.97573617],[-98.49357655,31.95640379],[-98.4984134,31.95156695],[-98.51290947,31.93707143],[-98.51290981,31.91773907],[-98.51774577,31.9129031],[-98.53224265,31.89840669],[-98.53707814,31.89357122],[-98.55157545,31.87907433],[-98.55157572,31.85974195],[-98.5564105,31.85490719],[-98.57090846,31.84040959],[-98.57090869,31.82107723],[-98.57574287,31.81624305],[-98.59024136,31.80174485],[-98.59507524,31.79691099],[-98.60957401,31.78241249],[-98.60957418,31.76308011],[-98.61440761,31.7582467],[-98.62890677,31.74374775],[-98.63373997,31.72923959],[-98.65307234,31.73489465],[-98.67240471,31.74088172],[-98.68210507,31.74374775],[-98.69173708,31.74653034],[-98.71106944,31.75230547],[-98.73040181,31.75811798],[-98.74191664,31.76308011],[-98.74973418,31.76597775],[-98.76906655,31.76926494],[-98.78839891,31.77482403],[-98.80773128,31.77756734],[-98.8169658,31.78241249],[-98.82706365,31.78758359],[-98.84639602,31.79030776],[-98.86572838,31.79518188],[-98.88506075,31.79717669],[-98.89419567,31.80174485],[-98.90439312,31.80670157],[-98.92372549,31.80806223],[-98.94305785,31.81176581],[-98.96239022,31.81448607],[-98.98172259,31.81420412],[-99.00105496,31.81535335],[-99.02038732,31.81641388],[-99.03971969,31.81601974],[-99.05905206,31.81494356],[-99.07838443,31.81238504],[-99.09771679,31.81138143],[-99.11704916,31.80975096],[-99.12563594,31.80174485],[-99.13638153,31.79059321],[-99.1469567,31.78241249],[-99.1557139,31.77425164],[-99.16617225,31.76308011],[-99.17504626,31.75290831],[-99.18255788,31.74374775],[-99.19437863,31.73300217],[-99.20329057,31.72441539],[-99.20365291,31.70508301],[-99.213711,31.69349689],[-99.22043563,31.68575065],[-99.22525275,31.66641827],[-99.22298528,31.64708591],[-99.22626847,31.62775355],[-99.23304337,31.6194042],[-99.2419553,31.60842117],[-99.24481021,31.58908881],[-99.24055499,31.56975645],[-99.24350172,31.55042407],[-99.25237573,31.53999972],[-99.25995827,31.53109171],[-99.2631108,31.51175934],[-99.26151831,31.49242697],[-99.26351816,31.47309461],[-99.26225952,31.45376223],[-99.2717081,31.44478671],[-99.27924097,31.43442987],[-99.28079026,31.4150975],[-99.28252988,31.39576513],[-99.28371346,31.37643277],[-99.29104047,31.36673057],[-99.29878671,31.3571004],[-99.30067477,31.33776803],[-99.30202349,31.31843566],[-99.31037284,31.30873347],[-99.31865945,31.2991033],[-99.32000713,31.27977093],[-99.32072967,31.26043856],[-99.3297052,31.25073637],[-99.33861322,31.24110619],[-99.33933539,31.22177382],[-99.33933539,31.20244146],[-99.34903758,31.19273927],[-99.35866776,31.18310909],[-99.35866776,31.16377672],[-99.35866776,31.14444436],[-99.35866776,31.12511198],[-99.36836995,31.11540979],[-99.37800012,31.10577962],[-99.37800012,31.08644726],[-99.37800012,31.06711488],[-99.38770232,31.05741269],[-99.39733249,31.04778252],[-99.40703469,31.03808033],[-99.42636705,31.03808033],[-99.43606923,31.04778252],[-99.44569942,31.05741269],[-99.46503179,31.05741269],[-99.47473397,31.06711488],[-99.48436416,31.07674507],[-99.49406634,31.08644726],[-99.50369652,31.09607743],[-99.5133987,31.10577962],[-99.52302889,31.11540979],[-99.53273107,31.12511198],[-99.54236126,31.13474217],[-99.55206344,31.14444436],[-99.56169363,31.15407453],[-99.58102599,31.15407453],[-99.58971819,31.14444436],[-99.58102599,31.13481418],[-99.5713238,31.12511198],[-99.5713238,31.10577962],[-99.56169363,31.09614944],[-99.55199143,31.08644726],[-99.55199143,31.06711488],[-99.55199143,31.04778252],[-99.55199143,31.02845016],[-99.54236126,31.01881996],[-99.53265906,31.00911778],[-99.53265906,30.98978542],[-99.53265906,30.97045304],[-99.53265906,30.95112068],[-99.53265906,30.93178832],[-99.53265906,30.91245594],[-99.52302889,30.90282576],[-99.5133267,30.89312358],[-99.5133267,30.8737912],[-99.5133267,30.85445884],[-99.5133267,30.83512648],[-99.52302889,30.82542428],[-99.53265906,30.8157941],[-99.53265906,30.79646174],[-99.53265906,30.77712936],[-99.53265906,30.757797],[-99.53265906,30.73846464],[-99.53265906,30.71913226],[-99.54236126,30.70943008],[-99.55199143,30.6997999],[-99.55199143,30.68046752],[-99.55199143,30.66113516],[-99.55199143,30.6418028],[-99.56169363,30.6321006],[-99.5713238,30.62247042],[-99.58102599,30.61763732],[-99.60035836,30.61763732],[-99.61969073,30.61763731],[-99.6390231,30.61763731],[-99.65835546,30.61763732],[-99.67768783,30.61763731],[-99.68252095,30.62247042],[-99.6970202,30.63696964],[-99.71635257,30.63696961],[-99.73568493,30.63696957],[-99.74051815,30.6418028],[-99.7550173,30.65630186],[-99.77434967,30.65630179],[-99.79368204,30.65630171],[-99.7985155,30.66113516],[-99.8130144,30.6756339],[-99.83234677,30.67563377],[-99.83718052,30.68046752],[-99.85167914,30.69496589],[-99.87101151,30.6949657],[-99.87584571,30.6997999],[-99.89034387,30.71429769],[-99.89517845,30.71913226],[-99.90967624,30.7336296],[-99.92900861,30.73362926],[-99.93384398,30.73846464],[-99.94834098,30.75296102],[-99.96767334,30.75296057],[-99.97250978,30.757797],[-99.98700571,30.77229212],[-99.99184296,30.77712936],[-100.00633808,30.79162357],[-100.02567045,30.79162292],[-100.03050926,30.79646174],[-100.04500281,30.81095419],[-100.06433518,30.81095344],[-100.06917583,30.8157941],[-100.08366755,30.83028458],[-100.10299992,30.83028377],[-100.10784262,30.83512648],[-100.12233228,30.84961484],[-100.12717628,30.85445884],[-100.14166465,30.86894588],[-100.16099702,30.86894507],[-100.16584315,30.8737912],[-100.18032939,30.88827618],[-100.19966175,30.88827544],[-100.2045099,30.89312358],[-100.21899412,30.90760667],[-100.22384339,30.91245594],[-100.23832649,30.92693801],[-100.23832649,30.92695485],[-100.2270042,30.93178832],[-100.21899412,30.94477422],[-100.21516884,30.95112068],[-100.20322148,30.97045304],[-100.19966175,30.97607357],[-100.19121879,30.98978542],[-100.18032939,31.00670703],[-100.17881996,31.00911778],[-100.16647757,31.02845016],[-100.16099702,31.03670952],[-100.15388226,31.04778252],[-100.14166465,31.06627655],[-100.14112783,31.06711488],[-100.12845429,31.08644726],[-100.12233228,31.09542613],[-100.11552078,31.10577962],[-100.10299992,31.12377146],[-100.10211978,31.12511198],[-100.08982905,31.14444436],[-100.08366755,31.15362619],[-100.07714222,31.16377672],[-100.06433518,31.18240023],[-100.0638814,31.18310909],[-100.05216598,31.20244146],[-100.04500281,31.21362523],[-100.04001056,31.22177382],[-100.0281591,31.24110619],[-100.02567045,31.24516052],[-100.01676315,31.26043856],[-100.00633808,31.27843931],[-100.00559555,31.27977093],[-99.99496328,31.2991033],[-99.98700571,31.31526342],[-99.98563564,31.31843566],[-99.97916608,31.33776803],[-99.9745876,31.3571004],[-99.97178943,31.37643277],[-99.97085176,31.39576513],[-99.97188311,31.4150975],[-99.97470885,31.43442987],[-99.97965539,31.45376223],[-99.98630246,31.47309461],[-99.98700571,31.47503177],[-99.9936151,31.49242697],[-100.00134128,31.51175934],[-100.00633808,31.52356742],[-100.00970517,31.53109171],[-100.01883082,31.55042407],[-100.02567045,31.56393057],[-100.02880502,31.56975645],[-100.03978623,31.58908881],[-100.04500281,31.59767094],[-100.05194565,31.60842117],[-100.06433518,31.62652065],[-100.06522133,31.62775355],[-100.07979286,31.64708591],[-100.08366755,31.65198441],[-100.09864949,31.66641827],[-100.10299992,31.67029442],[-100.12233228,31.68103297],[-100.13907506,31.68575065],[-100.14166465,31.68647305],[-100.16099702,31.68652484],[-100.16575281,31.68575065],[-100.18032939,31.68331158],[-100.19966175,31.67653734],[-100.21899412,31.66820114],[-100.22309473,31.66641827],[-100.23832649,31.65971634],[-100.25765886,31.65128091],[-100.26729597,31.64708591],[-100.27699122,31.64281533],[-100.29632359,31.63429867],[-100.31096395,31.62775355],[-100.31565596,31.62560539],[-100.33498833,31.61673195],[-100.35288843,31.60842117],[-100.35432069,31.60773157],[-100.37365306,31.59838822],[-100.39298543,31.58954438],[-100.39390865,31.58908881],[-100.4123178,31.57948937],[-100.43165016,31.5704507],[-100.43302405,31.56975645],[-100.45098253,31.56015823],[-100.4703149,31.55097504],[-100.47140062,31.55042407],[-100.48964727,31.54066105],[-100.50797282,31.53109171],[-100.50897963,31.53056294],[-100.528312,31.52124414],[-100.54646897,31.51175934],[-100.54764438,31.51114177],[-100.56697675,31.50191014],[-100.58630912,31.49291106],[-100.58728678,31.49242697],[-100.60564148,31.48291552],[-100.62497385,31.4736199],[-100.62608654,31.47309461],[-100.64430622,31.46430447],[-100.66363859,31.45520041],[-100.66674128,31.45376223],[-100.68297095,31.4460744],[-100.68780445,31.43442987],[-100.68782129,31.43442987],[-100.70230332,31.44891291],[-100.70715265,31.45376223],[-100.70715193,31.47309461],[-100.72163569,31.48757941],[-100.72648324,31.49242697],[-100.7264826,31.51175934],[-100.74096806,31.52624562],[-100.74581414,31.53109171],[-100.74581365,31.55042407],[-100.76030042,31.56491146],[-100.7651454,31.56975645],[-100.76514504,31.58908881],[-100.77963279,31.60357702],[-100.78447695,31.60842117],[-100.78447669,31.62775355],[-100.79896516,31.64224233],[-100.80380874,31.64708591],[-100.80380854,31.66641827],[-100.80380836,31.68575065],[-100.81829753,31.70024],[-100.82314054,31.70508301],[-100.82314042,31.72441539],[-100.83762989,31.73890498],[-100.84247266,31.74374775],[-100.84247257,31.76308011],[-100.85696226,31.77756988],[-100.86180486,31.78241249],[-100.86180481,31.80174485],[-100.87629463,31.81623471],[-100.88113714,31.82107723],[-100.8811371,31.84040959],[-100.895627,31.8548995],[-100.90046946,31.85974195],[-100.90046943,31.87907433],[-100.91495936,31.89356424],[-100.91980181,31.89840669],[-100.9198018,31.91773907],[-100.93429173,31.93222895],[-100.93913421,31.93707143],[-100.93913422,31.95640379],[-100.9536241,31.97089363],[-100.95846662,31.97573617],[-100.95846665,31.99506853],[-100.97295646,32.0095583],[-100.97779907,32.01440091],[-100.9777991,32.03373327],[-100.97779916,32.05306563],[-100.99228883,32.06755525],[-100.99713159,32.07239801],[-100.99713165,32.09173037],[-101.0116212,32.10621986],[-101.01646408,32.11106275],[-101.01646415,32.13039511],[-101.03095357,32.14488445],[-101.03579658,32.14972747],[-101.03579666,32.16905985],[-101.05028593,32.18354905],[-101.05512909,32.18839221],[-101.05512918,32.20772458],[-101.0696183,32.22221365],[-101.07446161,32.22705695],[-101.0744617,32.24638931],[-101.08895067,32.26087825],[-101.0937941,32.26572168],[-101.09379419,32.28505405],[-101.10828304,32.29954287],[-101.11312658,32.30438641],[-101.11312667,32.32371879],[-101.1276154,32.33820751],[-101.13245904,32.34305115],[-101.13245913,32.36238352],[-101.13245921,32.38171589],[-101.14694777,32.39620447],[-101.15179154,32.40104825],[-101.15179163,32.42038062],[-101.16628014,32.43486919],[-101.17112392,32.43971299],[-101.17112399,32.45904536],[-101.18561251,32.47353398],[-101.19045627,32.47837772],[-101.1904563,32.49771009],[-101.20494487,32.5121988],[-101.20978855,32.51704246],[-101.20978857,32.53637483],[-101.22427724,32.55086368],[-101.22912076,32.5557072],[-101.22912078,32.57503956],[-101.24360961,32.58952861],[-101.24845293,32.59437193],[-101.2484529,32.6137043],[-101.26294198,32.62819362],[-101.26778502,32.63303666],[-101.26778498,32.65236904],[-101.28227434,32.66685868],[-101.28711707,32.6717014],[-101.28711701,32.69103376],[-101.30160671,32.7055238],[-101.30644905,32.71036614],[-101.30644896,32.7296985],[-101.30644887,32.74903088],[-101.32093908,32.76352144],[-101.32578088,32.76836324],[-101.32578076,32.7876956],[-101.34027145,32.80218667],[-101.34511274,32.80702798],[-101.34511262,32.82636034],[-101.35960381,32.84085195],[-101.36444458,32.84569272],[-101.36444442,32.86502508],[-101.37893618,32.87951725],[-101.38377638,32.88435744],[-101.38377621,32.90368982],[-101.39826855,32.91818258],[-101.40310816,32.92302218],[-101.40310797,32.94235454],[-101.41760092,32.95684792],[-101.42243992,32.96168692],[-101.42243973,32.98101928],[-101.43693328,32.99551325],[-101.44177169,33.00035166],[-101.4417715,33.01968402],[-101.45626565,33.03417858],[-101.46110346,33.03901638],[-101.46110326,33.05834876],[-101.46110306,33.07768112],[-101.47559802,33.09217647],[-101.48043504,33.0970135],[-101.48043484,33.11634586],[-101.49493039,33.13084177],[-101.49976684,33.13567822],[-101.49976664,33.1550106],[-101.51426275,33.16950705],[-101.51909867,33.17434296],[-101.51909847,33.19367534],[-101.53359512,33.20817231],[-101.53843052,33.2130077],[-101.53843033,33.23234006],[-101.55292749,33.24683753],[-101.55776241,33.25167244],[-101.55776222,33.2710048],[-101.57225986,33.2855027],[-101.57709432,33.29033717],[-101.57709415,33.30966954],[-101.59159222,33.32416785],[-101.59642628,33.3290019],[-101.59642611,33.34833428],[-101.61092459,33.36283297],[-101.61575827,33.36766664],[-101.61575811,33.38699901],[-101.63025696,33.40149803],[-101.63509031,33.40633138]],[[-100.82907109,32.76836324],[-100.82882432,32.7876956],[-100.82743457,32.80702798],[-100.82497663,32.82636034],[-100.82154259,32.84569272],[-100.81829753,32.85978839],[-100.81713381,32.86502508],[-100.81189713,32.88435744],[-100.80588494,32.90368982],[-100.79970569,32.92302218],[-100.79896516,32.92476243],[-100.79144689,32.94235454],[-100.78334427,32.96168692],[-100.77963279,32.96983156],[-100.77472102,32.98101928],[-100.76569622,33.00035166],[-100.76030042,33.01114335],[-100.75617907,33.01968402],[-100.7462573,33.03901638],[-100.74096806,33.04875082],[-100.73592785,33.05834876],[-100.72512755,33.07768112],[-100.72163569,33.08363399],[-100.714042,33.0970135],[-100.7029118,33.11634586],[-100.70230332,33.11729164],[-100.69049458,33.13567822],[-100.68297095,33.14726712],[-100.67809687,33.1550106],[-100.66524958,33.17434296],[-100.66363859,33.17666471],[-100.65212891,33.19367534],[-100.64430622,33.2045945],[-100.63842511,33.2130077],[-100.62497385,33.23135836],[-100.6242713,33.23234006],[-100.60964977,33.25167244],[-100.60564148,33.25668883],[-100.59446962,33.2710048],[-100.58630912,33.28092724],[-100.57874674,33.29033717],[-100.56697675,33.30419534],[-100.5623903,33.30966954],[-100.54764438,33.32628675],[-100.54527761,33.3290019],[-100.528312,33.34734756],[-100.52741148,33.34833428],[-100.50897963,33.36695559],[-100.50829863,33.36766664],[-100.48964727,33.38637088],[-100.48901106,33.38699901],[-100.4703149,33.40435441],[-100.46819433,33.40633138],[-100.45098253,33.42141586],[-100.44609378,33.42566374],[-100.43165016,33.43758873],[-100.42263946,33.44499611],[-100.4123178,33.45302405],[-100.3975275,33.46432848],[-100.39298543,33.46762257],[-100.37365306,33.4814133],[-100.3704592,33.48366084],[-100.35432069,33.49441985],[-100.34099307,33.50299321],[-100.33498833,33.5066425],[-100.31565596,33.51806382],[-100.30789788,33.52232558],[-100.29632359,33.52814094],[-100.27699122,33.53673885],[-100.2642957,33.54165795],[-100.25765886,33.54404663],[-100.23832649,33.55018378],[-100.21899412,33.55531031],[-100.19966175,33.55953239],[-100.19132622,33.56099031],[-100.18032939,33.56281323],[-100.16099702,33.56521888],[-100.14166465,33.5668337],[-100.12233228,33.56768918],[-100.10299992,33.56786951],[-100.08366755,33.56735334],[-100.06433518,33.56612371],[-100.04500281,33.56413904],[-100.02567045,33.5613756],[-100.02362481,33.56099031],[-100.00633808,33.55776823],[-99.98700571,33.55326113],[-99.96767334,33.5477916],[-99.94956325,33.54165795],[-99.94834098,33.54124519],[-99.92900861,33.53349476],[-99.90967624,33.52442274],[-99.90569398,33.52232558],[-99.89034387,33.51404583],[-99.87178226,33.50299321],[-99.87101151,33.50251544],[-99.85167914,33.49012725],[-99.84224081,33.48366084],[-99.83234677,33.47644529],[-99.81671865,33.46432848],[-99.8130144,33.46123424],[-99.79445652,33.44499611],[-99.79368204,33.444252],[-99.77493039,33.42566374],[-99.77434967,33.4250177],[-99.75769888,33.40633138],[-99.7550173,33.4028642],[-99.74252917,33.38699901],[-99.73568493,33.37660588],[-99.72945263,33.36766664],[-99.71836639,33.34833428],[-99.71635257,33.34418962],[-99.70810878,33.3290019],[-99.69999922,33.30966954],[-99.6970202,33.30091859],[-99.69259664,33.29033717],[-99.68617462,33.2710048],[-99.68148249,33.25167244],[-99.67810422,33.23234006],[-99.67768783,33.22953246],[-99.67376075,33.2130077],[-99.66984712,33.19367534],[-99.66567671,33.17434296],[-99.65994413,33.1550106],[-99.65835546,33.14777678],[-99.6507412,33.13567822],[-99.64235782,33.11634586],[-99.6390231,33.10300676],[-99.63678541,33.0970135],[-99.63256576,33.07768112],[-99.63109104,33.05834876],[-99.63139295,33.03901638],[-99.63308653,33.01968402],[-99.63602043,33.00035166],[-99.6390231,32.98688468],[-99.63968584,32.98101928],[-99.64266332,32.96168692],[-99.64656022,32.94235454],[-99.65161252,32.92302218],[-99.65813128,32.90368982],[-99.65835546,32.90312548],[-99.66184736,32.88435744],[-99.6664827,32.86502508],[-99.67253758,32.84569272],[-99.67768783,32.83259635],[-99.67858924,32.82636034],[-99.68172141,32.80702798],[-99.68559239,32.7876956],[-99.69052149,32.76836324],[-99.69696924,32.74903088],[-99.6970202,32.74889259],[-99.70057749,32.7296985],[-99.70496416,32.71036614],[-99.7110434,32.69103376],[-99.71635257,32.67898935],[-99.72119765,32.6717014],[-99.7352795,32.65236904],[-99.73568493,32.65183235],[-99.74845251,32.63303666],[-99.7550173,32.62426731],[-99.76227697,32.6137043],[-99.77434967,32.59742877],[-99.77678265,32.59437193],[-99.79124402,32.57503956],[-99.79368204,32.57178795],[-99.80712634,32.5557072],[-99.8130144,32.54819497],[-99.82379898,32.53637483],[-99.83234677,32.52605297],[-99.84119626,32.51704246],[-99.85167914,32.50508803],[-99.85946237,32.49771009],[-99.87101151,32.48536481],[-99.87894371,32.47837772],[-99.89034387,32.46703237],[-99.90017405,32.45904536],[-99.90967624,32.45030829],[-99.92395349,32.43971299],[-99.92900861,32.4354567],[-99.94834098,32.42253408],[-99.95264788,32.42038062],[-99.96767334,32.41162493],[-99.98700571,32.40379971],[-99.99951783,32.40104825],[-100.00633808,32.39928529],[-100.02567045,32.39759142],[-100.04500281,32.39676587],[-100.06433518,32.39653308],[-100.08366755,32.39670263],[-100.10299992,32.39718495],[-100.12233228,32.39787406],[-100.14166465,32.39880116],[-100.16099702,32.39985497],[-100.17570462,32.40104825],[-100.18032939,32.40140403],[-100.19966175,32.40245586],[-100.21899412,32.40392795],[-100.23832649,32.40556282],[-100.25765886,32.40739846],[-100.27699122,32.40941401],[-100.29632359,32.41156771],[-100.31565596,32.41395725],[-100.33498833,32.41656992],[-100.35432069,32.41936198],[-100.36090786,32.42038062],[-100.37365306,32.42231825],[-100.39298543,32.42551339],[-100.4123178,32.42896502],[-100.43165016,32.4327257],[-100.45098253,32.43686932],[-100.46352517,32.43971299],[-100.4703149,32.44133788],[-100.48964727,32.44630236],[-100.50897963,32.45162853],[-100.528312,32.45747443],[-100.53324574,32.45904536],[-100.54764438,32.46387003],[-100.56697675,32.47086567],[-100.58471131,32.47837772],[-100.58630912,32.4790711],[-100.60564148,32.48675912],[-100.62497385,32.49580996],[-100.62887415,32.49771009],[-100.64430622,32.5057987],[-100.66363859,32.51597318],[-100.66542342,32.51704246],[-100.68297095,32.52883188],[-100.69428549,32.53637483],[-100.70230332,32.54216927],[-100.72000668,32.5557072],[-100.72163569,32.5570926],[-100.74096806,32.57324366],[-100.74290811,32.57503956],[-100.76030042,32.59297174],[-100.76160606,32.59437193],[-100.77647379,32.6137043],[-100.77963279,32.6182425],[-100.78963642,32.63303666],[-100.79896516,32.64936226],[-100.80063559,32.65236904],[-100.80955174,32.6717014],[-100.81651976,32.69103376],[-100.81829753,32.69728309],[-100.82195624,32.71036614],[-100.82570005,32.7296985],[-100.82809248,32.74903088],[-100.82907109,32.76836324]]]}},
{"type":"Feature","properties":{"Lower":2.0},"geometry":{"type":"Polygon","coordinates":[[[-97.36695358,38.04609962],[-97.36690578,38.06543199],[-97.36275329,38.08476435],[-97.35780371,38.10211388],[-97.35724581,38.10409673],[-97.3516556,38.12342909],[-97.34662397,38.14276145],[-97.34276108,38.16209383],[-97.33998134,38.18142619],[-97.33847134,38.19464966],[-97.33777004,38.20075857],[-97.33588991,38.22009093],[-97.33408624,38.23942329],[-97.33229847,38.25875567],[-97.33049908,38.27808803],[-97.32871704,38.29742039],[-97.3269184,38.31675277],[-97.32511529,38.33608513],[-97.32327168,38.35541751],[-97.32141154,38.37474987],[-97.31952688,38.39408223],[-97.31913897,38.39802919],[-97.31764704,38.41341461],[-97.31575538,38.43274697],[-97.31379525,38.45207935],[-97.31177546,38.47141171],[-97.30966699,38.49074407],[-97.30746693,38.51007645],[-97.30517204,38.52940881],[-97.30278593,38.54874119],[-97.30025437,38.56807355],[-97.2998066,38.57136714],[-97.29768381,38.58740591],[-97.29502669,38.60673829],[-97.29218991,38.62607065],[-97.28920042,38.64540303],[-97.28600799,38.66473539],[-97.28047424,38.66956901],[-97.26114187,38.66957097],[-97.25630627,38.66473539],[-97.2418095,38.65024106],[-97.22247713,38.65024322],[-97.20314477,38.65024548],[-97.1983023,38.64540303],[-97.1838124,38.63091591],[-97.16448003,38.63091832],[-97.14514766,38.6309208],[-97.14514766,38.63090398],[-97.14694227,38.62607065],[-97.15103367,38.60673829],[-97.15516069,38.58740591],[-97.15932642,38.56807355],[-97.16353689,38.54874119],[-97.16448003,38.54452651],[-97.16785119,38.52940881],[-97.17224274,38.51007645],[-97.17673574,38.49074407],[-97.18132861,38.47141171],[-97.1838124,38.46136422],[-97.18606979,38.45207935],[-97.1909081,38.43274697],[-97.19591601,38.41341461],[-97.20109875,38.39408223],[-97.20314477,38.38688725],[-97.20647059,38.37474987],[-97.21200098,38.35541751],[-97.21777376,38.33608513],[-97.22247713,38.32140319],[-97.22388337,38.31675277],[-97.23012621,38.29742039],[-97.23671731,38.27808803],[-97.2418095,38.26442138],[-97.24375581,38.25875567],[-97.25099824,38.23942329],[-97.25879478,38.22009093],[-97.26114187,38.21488057],[-97.26673303,38.20075857],[-97.27465,38.18142619],[-97.28047424,38.16764087],[-97.28245629,38.16209383],[-97.28880636,38.14276145],[-97.29440335,38.12342909],[-97.29951294,38.10409673],[-97.2998066,38.10286472],[-97.30359223,38.08476435],[-97.30495178,38.06543199],[-97.30206373,38.04609962],[-97.2998066,38.03812964],[-97.29580744,38.02676725],[-97.2883049,38.00743489],[-97.28096671,37.98810251],[-97.28047424,37.98683628],[-97.27331569,37.96877015],[-97.26621596,37.94943778],[-97.26114187,37.93516683],[-97.25940692,37.93010541],[-97.25270944,37.91077305],[-97.24624356,37.89144068],[-97.2418095,37.87827775],[-97.23985317,37.87210831],[-97.2334842,37.85277594],[-97.22712765,37.83344358],[-97.22247713,37.81968661],[-97.22071045,37.81411121],[-97.21429406,37.79477884],[-97.20777855,37.77544648],[-97.20314477,37.76213618],[-97.20117378,37.7561141],[-97.19458074,37.73678174],[-97.18786091,37.71744937],[-97.1838124,37.70615414],[-97.18108587,37.698117],[-97.1743537,37.67878464],[-97.16750863,37.65945226],[-97.16448003,37.65107102],[-97.1607083,37.6401199],[-97.1539934,37.62078754],[-97.14722733,37.60145516],[-97.14514766,37.59548113],[-97.14070346,37.5821228],[-97.13464262,37.56279044],[-97.12900599,37.54345806],[-97.1258153,37.53162383],[-97.12389945,37.5241257],[-97.11939955,37.50479332],[-97.11533485,37.48546096],[-97.11169493,37.4661286],[-97.10846476,37.44679622],[-97.10648293,37.43345805],[-97.10564578,37.42746386],[-97.10283858,37.40813148],[-97.09954716,37.38879912],[-97.0953924,37.36946676],[-97.08982506,37.35013438],[-97.08715056,37.34336743],[-97.08212287,37.33080202],[-97.07116804,37.31146964],[-97.06781819,37.30665531],[-97.05646193,37.29213728],[-97.04848583,37.28335851],[-97.03518713,37.27280492],[-97.02915346,37.26896216],[-97.00982109,37.26033973],[-96.99048872,37.25360399],[-96.9900636,37.25347254],[-96.97115636,37.24757084],[-96.95182399,37.24206574],[-96.93249161,37.23689271],[-96.92182629,37.23414018],[-96.91315924,37.2318543],[-96.89382687,37.22691084],[-96.87449451,37.22210705],[-96.85516214,37.21740244],[-96.84435864,37.2148078],[-96.83582977,37.21271749],[-96.8164974,37.2080343],[-96.79716504,37.20340823],[-96.77783267,37.19877675],[-96.76414566,37.19547544],[-96.7585003,37.1939066],[-96.73916793,37.18847494],[-96.71983557,37.1830126],[-96.7005032,37.17760989],[-96.69517023,37.17614308],[-96.68117083,37.171739],[-96.66183846,37.16585242],[-96.6425061,37.16015781],[-96.63080146,37.1568107],[-96.62317373,37.15436661],[-96.60384136,37.14837736],[-96.58450899,37.14264586],[-96.56637079,37.13747834],[-96.56517663,37.13710003],[-96.54584426,37.13119176],[-96.52651189,37.12556631],[-96.50717952,37.12018231],[-96.49962511,37.11814596],[-96.48784716,37.11466029],[-96.46851479,37.10916693],[-96.44918242,37.10392128],[-96.42985005,37.09890206],[-96.42950191,37.0988136],[-96.41051769,37.09357208],[-96.39118532,37.08846597],[-96.37185295,37.08358572],[-96.35496826,37.07948124],[-96.35252058,37.07883889],[-96.33318822,37.07388234],[-96.32835327,37.07948124],[-96.32833645,37.07948124],[-96.32834286,37.06014886],[-96.33318822,37.0553035],[-96.34768238,37.0408165],[-96.35252058,37.02159952],[-96.37185295,37.02632488],[-96.39118532,37.03139939],[-96.41051769,37.03679896],[-96.4241416,37.0408165],[-96.42985005,37.04237276],[-96.44918242,37.04787272],[-96.46851479,37.05371646],[-96.48784716,37.05995299],[-96.4884319,37.06014886],[-96.50717952,37.06590754],[-96.52651189,37.07222504],[-96.54584426,37.07895616],[-96.54729279,37.07948124],[-96.56517663,37.08537432],[-96.58450899,37.09215337],[-96.60237281,37.0988136],[-96.60384136,37.09930682],[-96.62317373,37.10605618],[-96.6425061,37.11324804],[-96.65496877,37.11814596],[-96.66183846,37.12053907],[-96.68117083,37.12758147],[-96.7005032,37.1350622],[-96.70653462,37.13747834],[-96.71983557,37.14209389],[-96.73916793,37.14902769],[-96.7585003,37.15622148],[-96.76005998,37.1568107],[-96.77783267,37.16249771],[-96.79716504,37.16877837],[-96.8164974,37.1751341],[-96.81957177,37.17614308],[-96.83582977,37.1804559],[-96.85516214,37.18546482],[-96.87449451,37.19038029],[-96.89382687,37.19526752],[-96.89464831,37.19547544],[-96.91315924,37.19994417],[-96.93249161,37.20478035],[-96.95182399,37.20984013],[-96.96972992,37.2148078],[-96.97115636,37.21519019],[-96.99048872,37.22064325],[-97.00982109,37.22669447],[-97.02915346,37.23377879],[-97.02998142,37.23414018],[-97.04848583,37.24264827],[-97.06319387,37.25347254],[-97.06781819,37.25771338],[-97.08054021,37.27280492],[-97.08715056,37.28143903],[-97.094724,37.29213728],[-97.10648293,37.31139303],[-97.10652908,37.31146964],[-97.11638836,37.33080202],[-97.12351804,37.35013438],[-97.1258153,37.35863582],[-97.12895085,37.36946676],[-97.13319595,37.38879912],[-97.13656536,37.40813148],[-97.13957932,37.42746386],[-97.14284076,37.44679622],[-97.14514766,37.45920798],[-97.14656574,37.4661286],[-97.15086322,37.48546096],[-97.15549751,37.50479332],[-97.16047757,37.5241257],[-97.16448003,37.53854363],[-97.16595997,37.54345806],[-97.17220091,37.56279044],[-97.17874966,37.5821228],[-97.1838124,37.59675861],[-97.18554968,37.60145516],[-97.19279271,37.62078754],[-97.1999796,37.6401199],[-97.20314477,37.64861031],[-97.2074833,37.65945226],[-97.21515996,37.67878464],[-97.22247713,37.69744455],[-97.22276211,37.698117],[-97.2308906,37.71744937],[-97.23888779,37.73678174],[-97.2418095,37.74391228],[-97.24723441,37.7561141],[-97.25562764,37.77544648],[-97.26114187,37.78821133],[-97.26423788,37.79477884],[-97.27304044,37.81411121],[-97.28047424,37.83044105],[-97.28195115,37.83344358],[-97.29113301,37.85277594],[-97.2998066,37.87098061],[-97.30037174,37.87210831],[-97.30978829,37.89144068],[-97.31913897,37.91054547],[-97.31925227,37.91077305],[-97.32847012,37.93010541],[-97.33751852,37.94943778],[-97.33847134,37.95156558],[-97.34592799,37.96877015],[-97.35349766,37.98810251],[-97.35780371,38.00121807],[-97.35969477,38.00743489],[-97.36387096,38.02676725],[-97.36695358,38.04609962]]]}},
{"type":"Feature","properties":{"Lower":2.0},"geometry":{"type":"Polygon","coordinates":[[[-100.68780509,31.4150975],[-100.68780445,31.43442987],[-100.68297095,31.4460744],[-100.66674128,31.45376223],[-100.66363859,31.45520041],[-100.64430622,31.46430447],[-100.62608654,31.47309461],[-100.62497385,31.4736199],[-100.60564148,31.48291552],[-100.58728678,31.49242697],[-100.58630912,31.49291106],[-100.56697675,31.50191014],[-100.54764438,31.51114177],[-100.54646897,31.51175934],[-100.528312,31.52124414],[-100.50897963,31.53056294],[-100.50797282,31.53109171],[-100.48964727,31.54066105],[-100.47140062,31.55042407],[-100.4703149,31.55097504],[-100.45098253,31.56015823],[-100.43302405,31.56975645],[-100.43165016,31.5704507],[-100.4123178,31.57948937],[-100.39390865,31.58908881],[-100.39298543,31.58954438],[-100.37365306,31.59838822],[-100.35432069,31.60773157],[-100.35288843,31.60842117],[-100.33498833,31.61673195],[-100.31565596,31.62560539],[-100.31096395,31.62775355],[-100.29632359,31.63429867],[-100.27699122,31.64281533],[-100.26729597,31.64708591],[-100.25765886,31.65128091],[-100.23832649,31.65971634],[-100.22309473,31.66641827],[-100.21899412,31.66820114],[-100.19966175,31.67653734],[-100.18032939,31.68331158],[-100.16575281,31.68575065],[-100.16099702,31.68652484],[-100.14166465,31.68647305],[-100.13907506,31.68575065],[-100.12233228,31.68103297],[-100.10299992,31.67029442],[-100.09864949,31.66641827],[-100.08366755,31.65198441],[-100.07979286,31.64708591],[-100.06522133,31.62775355],[-100.06433518,31.62652065],[-100.05194565,31.60842117],[-100.04500281,31.59767094],[-100.03978623,31.58908881],[-100.02880502,31.56975645],[-100.02567045,31.56393057],[-100.01883082,31.55042407],[-100.00970517,31.53109171],[-100.00633808,31.52356742],[-100.00134128,31.51175934],[-99.9936151,31.49242697],[-99.98700571,31.47503177],[-99.98630246,31.47309461],[-99.97965539,31.45376223],[-99.97470885,31.43442987],[-99.97188311,31.4150975],[-99.97085176,31.39576513],[-99.97178943,31.37643277],[-99.9745876,31.3571004],[-99.97916608,31.33776803],[-99.98563564,31.31843566],[-99.98700571,31.31526342],[-99.99496328,31.2991033],[-100.00559555,31.27977093],[-100.00633808,31.27843931],[-100.01676315,31.26043856],[-100.02567045,31.24516052],[-100.0281591,31.24110619],[-100.04001056,31.22177382],[-100.04500281,31.21362523],[-100.05216598,31.20244146],[-100.0638814,31.18310909],[-100.06433518,31.18240023],[-100.07714222,31.16377672],[-100.08366755,31.15362619],[-100.08982905,31.14444436],[-100.10211978,31.12511198],[-100.10299992,31.12377146],[-100.11552078,31.10577962],[-100.12233228,31.09542613],[-100.12845429,31.08644726],[-100.14112783,31.06711488],[-100.14166465,31.06627655],[-100.15388226,31.04778252],[-100.16099702,31.03670952],[-100.16647757,31.02845016],[-100.17881996,31.00911778],[-100.18032939,31.00670703],[-100.19121879,30.98978542],[-100.19966175,30.97607357],[-100.20322148,30.97045304],[-100.21516884,30.95112068],[-100.21899412,30.94477422],[-100.2270042,30.93178832],[-100.23832649,30.92695485],[-100.25765886,30.92695425],[-100.26249292,30.93178832],[-100.27699122,30.94628577],[-100.29632359,30.94628529],[-100.30115899,30.95112068],[-100.31565596,30.96561699],[-100.33498833,30.96561663],[-100.33982474,30.97045304],[-100.35432069,30.9849485],[-100.35915761,30.98978542],[-100.37365306,31.00428046],[-100.39298543,31.00428026],[-100.39782296,31.00911778],[-100.4123178,31.02361234],[-100.41715561,31.02845016],[-100.43165016,31.04294449],[-100.45098253,31.04294439],[-100.45582066,31.04778252],[-100.4703149,31.06227662],[-100.47515316,31.06711488],[-100.48964727,31.0816089],[-100.49448562,31.08644726],[-100.50897963,31.10094122],[-100.51381803,31.10577962],[-100.528312,31.12027355],[-100.53315044,31.12511198],[-100.54764438,31.13960592],[-100.55248281,31.14444436],[-100.55248279,31.16377672],[-100.56697675,31.17827071],[-100.57181511,31.18310909],[-100.57181506,31.20244146],[-100.58630912,31.21693562],[-100.59114732,31.22177382],[-100.60564148,31.23626815],[-100.61047952,31.24110619],[-100.61047937,31.26043856],[-100.62497385,31.27493331],[-100.62981146,31.27977093],[-100.62981122,31.2991033],[-100.64430622,31.31359872],[-100.64914316,31.31843566],[-100.64914281,31.33776803],[-100.64914241,31.3571004],[-100.66363859,31.37159724],[-100.66847409,31.37643277],[-100.66847358,31.39576513],[-100.68297095,31.41026336],[-100.68780509,31.4150975]]]}},
{"type":"Feature","properties":{"Lower":2.0},"geometry":{"type":"Polygon","coordinates":[[[-99.4186593,33.29033717],[-99.41845936,33.30966954],[-99.41729169,33.3290019],[-99.41526882,33.34833428],[-99.41250119,33.36766664],[-99.40904365,33.38699901],[-99.40703469,33.39622944],[-99.40511298,33.40633138],[-99.40081109,33.42566374],[-99.39596394,33.44499611],[-99.39057584,33.46432848],[-99.38770232,33.47330572],[-99.38475241,33.48366084],[-99.37853411,33.50299321],[-99.37176275,33.52232558],[-99.36836995,33.53105434],[-99.36464344,33.54165795],[-99.35717337,33.56099031],[-99.34934071,33.58032268],[-99.34903758,33.58097182],[-99.34099299,33.59965505],[-99.3323133,33.61898742],[-99.3297052,33.62427607],[-99.32331292,33.63831979],[-99.31390242,33.65765215],[-99.31037284,33.66429353],[-99.30409777,33.67698452],[-99.29391065,33.69631689],[-99.29104047,33.70129595],[-99.28330294,33.71564925],[-99.27228065,33.73498163],[-99.2717081,33.73589115],[-99.2608567,33.75431399],[-99.25237573,33.76786441],[-99.24897309,33.77364635],[-99.23686122,33.79297873],[-99.23304337,33.79868275],[-99.22448626,33.81231109],[-99.213711,33.82857354],[-99.21179918,33.83164347],[-99.19918797,33.85097583],[-99.19437863,33.85803164],[-99.18654286,33.87030819],[-99.17504626,33.88769914],[-99.17385238,33.88964057],[-99.16165849,33.90897293],[-99.1557139,33.91831886],[-99.14996833,33.92830531],[-99.13895601,33.94763767],[-99.13638153,33.95217429],[-99.1281909,33.96697003],[-99.11737388,33.98630241],[-99.11704916,33.98688156],[-99.10675646,34.00563477],[-99.09771679,34.02189214],[-99.09603597,34.02496715],[-99.08547727,34.04429951],[-99.07838443,34.05712073],[-99.07484016,34.06363187],[-99.06428363,34.08296425],[-99.05905206,34.09243394],[-99.05368602,34.10229661],[-99.04304307,34.12162897],[-99.03971969,34.12758167],[-99.03237075,34.14096135],[-99.02149785,34.16029371],[-99.02038732,34.16221936],[-99.01052129,34.17962609],[-99.00105496,34.19556298],[-98.99906562,34.19895845],[-98.98706446,34.21829081],[-98.98172259,34.22607128],[-98.97386643,34.23762319],[-98.96239022,34.25201441],[-98.95842554,34.25695555],[-98.94305785,34.27323816],[-98.94004759,34.27628793],[-98.92372549,34.29126726],[-98.91857993,34.29562029],[-98.90439312,34.30704256],[-98.89338505,34.31495265],[-98.88506075,34.32110556],[-98.86711067,34.33428503],[-98.86572838,34.33549738],[-98.84639602,34.35306463],[-98.84580984,34.35361739],[-98.82742021,34.37294976],[-98.82706365,34.37335146],[-98.81082545,34.39228213],[-98.80773128,34.3960315],[-98.79534266,34.41161449],[-98.78839891,34.42032542],[-98.78006064,34.43094687],[-98.76906655,34.44422589],[-98.76387,34.45027923],[-98.74973418,34.46605795],[-98.746449,34.4696116],[-98.73040181,34.48656981],[-98.72808786,34.48894397],[-98.71106944,34.50622129],[-98.70898884,34.50827633],[-98.69173708,34.52526639],[-98.68929355,34.5276087],[-98.67240471,34.54385482],[-98.66910395,34.54694107],[-98.65307234,34.56206361],[-98.64847413,34.56627344],[-98.63373997,34.57994069],[-98.62743743,34.5856058],[-98.61440761,34.59750293],[-98.60599567,34.60493817],[-98.59507524,34.61478213],[-98.58415883,34.62427054],[-98.57574287,34.63175734],[-98.56191426,34.64360291],[-98.5564105,34.64843704],[-98.53922949,34.66293527],[-98.53707814,34.66480295],[-98.51774577,34.68089547],[-98.51602379,34.68226764],[-98.4984134,34.6967452],[-98.49221328,34.70160001],[-98.47908103,34.71223392],[-98.46774381,34.72093238],[-98.45974867,34.72730649],[-98.44252504,34.74026474],[-98.4404163,34.74191582],[-98.42108393,34.75621979],[-98.41621118,34.75959711],[-98.40175156,34.77006944],[-98.38863421,34.77892948],[-98.3824192,34.78332842],[-98.36308683,34.79600821],[-98.35936773,34.79826184],[-98.34375446,34.80822043],[-98.32766758,34.81759422],[-98.32442209,34.81959212],[-98.30508973,34.8303899],[-98.29206314,34.83692658],[-98.28575736,34.84028366],[-98.26642499,34.8493753],[-98.24964311,34.85625895],[-98.24709262,34.85737479],[-98.22776026,34.8645136],[-98.20842789,34.87037986],[-98.18909552,34.87494479],[-98.18508963,34.87559132],[-98.16976315,34.87825367],[-98.15043079,34.88004602],[-98.13109841,34.88018385],[-98.11176604,34.87855258],[-98.09567866,34.87559132],[-98.09243367,34.87498929],[-98.0731013,34.86946715],[-98.05376894,34.86165554],[-98.04341172,34.85625895],[-98.03443657,34.85143546],[-98.0151042,34.83858859],[-98.0129736,34.83692658],[-97.99577183,34.82293239],[-97.99007652,34.81759422],[-97.97643947,34.80409968],[-97.97117074,34.79826184],[-97.9571071,34.7816673],[-97.9549838,34.77892948],[-97.94090373,34.75959711],[-97.93777473,34.75496413],[-97.92842579,34.74026474],[-97.91844236,34.7251229],[-97.91568302,34.72093238],[-97.90158081,34.70160001],[-97.89911,34.69844195],[-97.8864555,34.68226764],[-97.87977763,34.67414903],[-97.87057771,34.66293527],[-97.86044526,34.65101656],[-97.85416704,34.64360291],[-97.84111289,34.62857613],[-97.83739643,34.62427054],[-97.82178053,34.60649526],[-97.82042128,34.60493817],[-97.80322311,34.5856058],[-97.80244816,34.58475552],[-97.78518863,34.56627344],[-97.78311579,34.56411958],[-97.76621067,34.54694107],[-97.76378342,34.5445393],[-97.74632591,34.5276087],[-97.74445106,34.52583921],[-97.72553533,34.50827633],[-97.72511869,34.50789959],[-97.70578632,34.4907313],[-97.7037422,34.48894397],[-97.68645395,34.47421227],[-97.68096906,34.4696116],[-97.66712159,34.45831155],[-97.6571048,34.45027923],[-97.64778922,34.44300646],[-97.63204123,34.43094687],[-97.62845685,34.42828453],[-97.60912448,34.41420791],[-97.60547826,34.41161449],[-97.58979212,34.40081867],[-97.57704915,34.39228213],[-97.57045975,34.38801961],[-97.55112738,34.37575594],[-97.54672163,34.37294976],[-97.53179501,34.36358012],[-97.51607895,34.35361739],[-97.51246265,34.35135995],[-97.49313028,34.33922416],[-97.4853367,34.33428503],[-97.47379791,34.32707622],[-97.45475309,34.31495265],[-97.45446554,34.31477337],[-97.43513318,34.3028252],[-97.42370907,34.29562029],[-97.41580081,34.29070221],[-97.39646844,34.27858708],[-97.39281985,34.27628793],[-97.37713607,34.26653222],[-97.36186191,34.25695555],[-97.35780371,34.25444599],[-97.33847134,34.24241478],[-97.33082596,34.23762319],[-97.31913897,34.23040575],[-97.2998066,34.21844298],[-97.29956477,34.21829081],[-97.28047424,34.20640025],[-97.26855111,34.19895845],[-97.26114187,34.19439178],[-97.2418095,34.18239677],[-97.23737294,34.17962609],[-97.22247713,34.17044845],[-97.20619831,34.16029371],[-97.21763925,34.14096135],[-97.217636,34.12162897],[-97.22247713,34.11678785],[-97.23696306,34.10229661],[-97.23695972,34.08296425],[-97.2418095,34.07811447],[-97.25628675,34.06363187],[-97.25630357,34.06363187],[-97.24308858,34.08296425],[-97.26114187,34.09380581],[-97.27534352,34.10229661],[-97.28047424,34.10538877],[-97.2998066,34.11698822],[-97.30756429,34.12162897],[-97.31913897,34.1285904],[-97.33847134,34.14016481],[-97.3398045,34.14096135],[-97.35780371,34.15178364],[-97.37202145,34.16029371],[-97.37713607,34.16337738],[-97.39646844,34.17498035],[-97.40423256,34.17962609],[-97.41580081,34.18659889],[-97.43513318,34.19818058],[-97.4364356,34.19895845],[-97.45446554,34.20980639],[-97.46861057,34.21829081],[-97.47379791,34.22142544],[-97.49313028,34.23303567],[-97.50079279,34.23762319],[-97.51246265,34.2446623],[-97.53179501,34.25626832],[-97.53294401,34.25695555],[-97.55112738,34.26791377],[-97.56508874,34.27628793],[-97.57045975,34.27953408],[-97.58979212,34.29116297],[-97.59723751,34.29562029],[-97.60912448,34.30279821],[-97.62845685,34.31443432],[-97.62930898,34.31495265],[-97.64778922,34.32651649],[-97.65984177,34.33428503],[-97.66712159,34.33911598],[-97.68645395,34.35224503],[-97.68843489,34.35361739],[-97.70578632,34.36598235],[-97.71537796,34.37294976],[-97.72511869,34.38023404],[-97.74092966,34.39228213],[-97.74445106,34.39504075],[-97.76378342,34.41043266],[-97.76524578,34.41161449],[-97.78311579,34.42646096],[-97.78842574,34.43094687],[-97.80244816,34.44314908],[-97.81049741,34.45027923],[-97.82178053,34.46057086],[-97.83150743,34.4696116],[-97.84111289,34.47882452],[-97.85147046,34.48894397],[-97.86044526,34.4980136],[-97.87041813,34.50827633],[-97.87977763,34.51808932],[-97.88896325,34.5276087],[-97.89911,34.53823865],[-97.90748207,34.54694107],[-97.91844236,34.55847504],[-97.92591153,34.56627344],[-97.93777473,34.5788325],[-97.94421523,34.5856058],[-97.9571071,34.59939498],[-97.96232424,34.60493817],[-97.97643947,34.62026216],[-97.98016657,34.62427054],[-97.99577183,34.64145253],[-97.99774619,34.64360291],[-98.01484746,34.66293527],[-98.0151042,34.66323316],[-98.03202973,34.68226764],[-98.03443657,34.68510202],[-98.04936333,34.70160001],[-98.05376894,34.70608573],[-98.07051901,34.72093238],[-98.0731013,34.72301318],[-98.09243367,34.73625119],[-98.09968826,34.74026474],[-98.11176604,34.74642657],[-98.13109841,34.7539671],[-98.15043079,34.75920468],[-98.15273821,34.75959711],[-98.16976315,34.76233077],[-98.18909552,34.76358274],[-98.20842789,34.76314574],[-98.22776026,34.76115722],[-98.2364301,34.75959711],[-98.24709262,34.75776221],[-98.26642499,34.75308608],[-98.28575736,34.7472266],[-98.30481335,34.74026474],[-98.30508973,34.74016823],[-98.32442209,34.73235482],[-98.34375446,34.7234885],[-98.34872874,34.72093238],[-98.36308683,34.71381901],[-98.3824192,34.70333874],[-98.38535152,34.70160001],[-98.40175156,34.69219412],[-98.41785787,34.68226764],[-98.42108393,34.68033745],[-98.4404163,34.66792801],[-98.44772057,34.66293527],[-98.45974867,34.65492907],[-98.47584425,34.64360291],[-98.47908103,34.64138069],[-98.4984134,34.62737145],[-98.50248795,34.62427054],[-98.51774577,34.61291296],[-98.52798693,34.60493817],[-98.53707814,34.5979864],[-98.55261936,34.5856058],[-98.5564105,34.58263062],[-98.57574287,34.56687154],[-98.57645009,34.56627344],[-98.59507524,34.55071744],[-98.59944606,34.54694107],[-98.61440761,34.5341372],[-98.62179503,34.5276087],[-98.63373997,34.51711704],[-98.64349672,34.50827633],[-98.65307234,34.49960939],[-98.66449869,34.48894397],[-98.67240471,34.48153977],[-98.68475227,34.4696116],[-98.69173708,34.4627957],[-98.70414191,34.45027923],[-98.71106944,34.44314491],[-98.72247524,34.43094687],[-98.73040181,34.42215687],[-98.73949379,34.41161449],[-98.74973418,34.39896498],[-98.75490536,34.39228213],[-98.76906655,34.37373424],[-98.76968838,34.37294976],[-98.78595232,34.35361739],[-98.78839891,34.35097381],[-98.80463072,34.33428503],[-98.80773128,34.33152056],[-98.82706365,34.3152546],[-98.8274401,34.31495265],[-98.84639602,34.30242821],[-98.85699252,34.29562029],[-98.86572838,34.29004671],[-98.88476321,34.27628793],[-98.88506075,34.27604129],[-98.90439312,34.258724],[-98.90623694,34.25695555],[-98.92256372,34.23762319],[-98.92372549,34.23597167],[-98.93596039,34.21829081],[-98.94305785,34.20697494],[-98.94804869,34.19895845],[-98.95944901,34.17962609],[-98.96239022,34.17450215],[-98.97049716,34.16029371],[-98.98137511,34.14096135],[-98.98172259,34.14034048],[-98.99212266,34.12162897],[-99.00105496,34.10550493],[-99.00282821,34.10229661],[-99.01347214,34.08296425],[-99.02038732,34.07039484],[-99.02409955,34.06363187],[-99.03468195,34.04429951],[-99.03971969,34.03510437],[-99.04526851,34.02496715],[-99.05579706,34.00563477],[-99.05905206,33.99959574],[-99.06625032,33.98630241],[-99.07656416,33.96697003],[-99.07838443,33.96348146],[-99.08669469,33.94763767],[-99.09673655,33.92830531],[-99.09771679,33.92637101],[-99.10662406,33.90897293],[-99.11627403,33.88964057],[-99.11704916,33.88791927],[-99.12526639,33.87030819],[-99.13407867,33.85097583],[-99.13638153,33.84550363],[-99.14261593,33.83164347],[-99.15082546,33.81231109],[-99.1557139,33.7999391],[-99.15861363,33.79297873],[-99.16586936,33.77364635],[-99.1726442,33.75431399],[-99.17504626,33.74660928],[-99.17883369,33.73498163],[-99.1843736,33.71564925],[-99.18929686,33.69631689],[-99.19358263,33.67698452],[-99.19437863,33.67255615],[-99.19716411,33.65765215],[-99.20007029,33.63831979],[-99.20228849,33.61898742],[-99.20382117,33.59965505],[-99.20464781,33.58032268],[-99.20473991,33.56099031],[-99.20407588,33.54165795],[-99.2026436,33.52232558],[-99.20055148,33.50299321],[-99.19778917,33.48366084],[-99.19437863,33.46555453],[-99.19414154,33.46432848],[-99.19014605,33.44499611],[-99.18513012,33.42566374],[-99.17924779,33.40633138],[-99.17504626,33.39447475],[-99.17226291,33.38699901],[-99.16414535,33.36766664],[-99.1557139,33.35019891],[-99.15477365,33.34833428],[-99.1441034,33.3290019],[-99.13638153,33.31642948],[-99.13206702,33.30966954],[-99.11872465,33.29033717],[-99.11704916,33.28807607],[-99.10395983,33.2710048],[-99.09771679,33.26340378],[-99.08778563,33.25167244],[-99.07838443,33.24113983],[-99.07030257,33.23234006],[-99.05905206,33.22062718],[-99.05161592,33.2130077],[-99.03971969,33.20085148],[-99.03264027,33.19367534],[-99.02038732,33.18122093],[-99.01358389,33.17434296],[-99.00105496,33.16167679],[-98.99440699,33.1550106],[-98.98172259,33.1422565],[-98.97512619,33.13567822],[-98.96239022,33.12297725],[-98.95568518,33.11634586],[-98.94305785,33.10382291],[-98.93611452,33.0970135],[-98.92372549,33.084796],[-98.91642871,33.07768112],[-98.90439312,33.06594556],[-98.8965351,33.05834876],[-98.88506075,33.04722508],[-98.87649515,33.03901638],[-98.86572838,33.02869818],[-98.85621201,33.01968402],[-98.84639602,33.01036023],[-98.83573401,33.00035166],[-98.82706365,32.99221261],[-98.8150325,32.98101928],[-98.80773128,32.97422651],[-98.7940898,32.96168692],[-98.78839891,32.95645575],[-98.77282242,32.94235454],[-98.76906655,32.93894488],[-98.75130852,32.92302218],[-98.74973418,32.92161054],[-98.73040181,32.9044789],[-98.72950142,32.90368982],[-98.71106944,32.8875366],[-98.70739575,32.88435744],[-98.69173708,32.87080665],[-98.6849702,32.86502508],[-98.67240471,32.85431862],[-98.66214918,32.84569272],[-98.65307234,32.83805819],[-98.63893422,32.82636034],[-98.63373997,32.82206265],[-98.61538657,32.80702798],[-98.61440761,32.8062304],[-98.59507524,32.79065843],[-98.5913617,32.7876956],[-98.57574287,32.77526774],[-98.56691654,32.76836324],[-98.5564105,32.76014483],[-98.54200501,32.74903088],[-98.53707814,32.74525009],[-98.51774577,32.73060942],[-98.51653014,32.7296985],[-98.4984134,32.71612297],[-98.4905932,32.71036614],[-98.47908103,32.70193596],[-98.46397663,32.69103376],[-98.45974867,32.68797404],[-98.4404163,32.6741548],[-98.43695638,32.6717014],[-98.42108393,32.66044636],[-98.40952344,32.65236904],[-98.40175156,32.64691045],[-98.3824192,32.63352789],[-98.38170267,32.63303666],[-98.36308683,32.62024124],[-98.35343111,32.6137043],[-98.34375446,32.60715318],[-98.32499472,32.59437193],[-98.32442209,32.59398743],[-98.30508973,32.58150962],[-98.29512993,32.57503956],[-98.28575736,32.5689354],[-98.26642499,32.55653434],[-98.26512139,32.5557072],[-98.24709262,32.54429663],[-98.2343727,32.53637483],[-98.22776026,32.53225668],[-98.20842789,32.52037878],[-98.20290429,32.51704246],[-98.18909552,32.50868089],[-98.16976315,32.51220813],[-98.16976315,32.51219131],[-98.18424627,32.49771009],[-98.18424744,32.47837772],[-98.18909552,32.47352964],[-98.20358163,32.45904536],[-98.20358276,32.43971299],[-98.20842789,32.43486787],[-98.22291687,32.42038062],[-98.22776026,32.41553726],[-98.24225095,32.40104825],[-98.242252,32.38171589],[-98.24709262,32.37687526],[-98.26158599,32.36238352],[-98.26158697,32.34305115],[-98.26642499,32.33821313],[-98.28092087,32.32371879],[-98.28575736,32.31888229],[-98.30025471,32.30438641],[-98.3002556,32.28505405],[-98.30508973,32.28021991],[-98.32442209,32.27337837],[-98.34375446,32.28465074],[-98.34440747,32.28505405],[-98.36308683,32.29678107],[-98.37531587,32.30438641],[-98.3824192,32.30877301],[-98.40175156,32.32092405],[-98.40610759,32.32371879],[-98.42108393,32.33329295],[-98.43609648,32.34305115],[-98.4404163,32.34584906],[-98.45974867,32.35862055],[-98.46535221,32.36238352],[-98.47908103,32.37153613],[-98.49402581,32.38171589],[-98.4984134,32.38469373],[-98.51774577,32.39802832],[-98.52205312,32.40104825],[-98.53707814,32.41154374],[-98.54953222,32.42038062],[-98.5564105,32.42524327],[-98.57574287,32.43918216],[-98.57647723,32.43971299],[-98.59507524,32.45310633],[-98.60315475,32.45904536],[-98.61440761,32.46728623],[-98.62925142,32.47837772],[-98.63373997,32.48171923],[-98.65307234,32.49622124],[-98.65502785,32.49771009],[-98.67240471,32.51094018],[-98.68034067,32.51704246],[-98.69173708,32.52577253],[-98.7053101,32.53637483],[-98.71106944,32.54085668],[-98.72938564,32.5557072],[-98.73040181,32.5565139],[-98.74973418,32.57152019],[-98.75409151,32.57503956],[-98.76906655,32.58708842],[-98.77799139,32.59437193],[-98.78839891,32.60286544],[-98.80149588,32.6137043],[-98.80773128,32.61890446],[-98.82444476,32.63303666],[-98.82706365,32.63525968],[-98.84639602,32.65188333],[-98.84695747,32.65236904],[-98.86572838,32.66873716],[-98.86908159,32.6717014],[-98.88506075,32.68588367],[-98.89078563,32.69103376],[-98.90439312,32.70332443],[-98.91212029,32.71036614],[-98.92372549,32.72102788],[-98.93308068,32.7296985],[-98.94305785,32.73898335],[-98.95371428,32.74903088],[-98.96239022,32.75724458],[-98.97403385,32.76836324],[-98.98172259,32.77576606],[-98.99405993,32.7876956],[-99.00105496,32.79448741],[-99.01386127,32.80702798],[-99.02038732,32.81347217],[-99.03338421,32.82636034],[-99.03971969,32.83266921],[-99.0527432,32.84569272],[-99.05905206,32.85205505],[-99.07191316,32.86502508],[-99.07838443,32.87157891],[-99.09094905,32.88435744],[-99.09771679,32.89126983],[-99.10987696,32.90368982],[-99.11704916,32.91104666],[-99.12872404,32.92302218],[-99.13638153,32.93091077],[-99.14753682,32.94235454],[-99.1557139,32.95074306],[-99.1664723,32.96168692],[-99.17504626,32.97044651],[-99.18552826,32.98101928],[-99.19437863,32.98994629],[-99.20482924,33.00035166],[-99.213711,33.00919495],[-99.22443211,33.01968402],[-99.23304337,33.02807252],[-99.24463687,33.03901638],[-99.25237573,33.04629034],[-99.26569141,33.05834876],[-99.2717081,33.06377402],[-99.28789847,33.07768112],[-99.29104047,33.08038003],[-99.31037284,33.09646463],[-99.31104167,33.0970135],[-99.3297052,33.11367393],[-99.33273141,33.11634586],[-99.34903758,33.13247377],[-99.35231365,33.13567822],[-99.36836995,33.15375435],[-99.36949842,33.1550106],[-99.38421163,33.17434296],[-99.38770232,33.18007136],[-99.39603563,33.19367534],[-99.40483493,33.2130077],[-99.40703469,33.21983662],[-99.41110137,33.23234006],[-99.41524946,33.25167244],[-99.41765801,33.2710048],[-99.4186593,33.29033717]]]}},
{"type":"Feature","properties":{"Lower":2.0},"geometry":{"type":"Polygon","coordinates":[[[-100.82907109,32.76836324],[-100.82882432,32.7876956],[-100.82743457,32.80702798],[-100.82497663,32.82636034],[-100.82154259,32.84569272],[-100.81829753,32.85978839],[-100.81713381,32.86502508],[-100.81189713,32.88435744],[-100.80588494,32.90368982],[-100.79970569,32.92302218],[-100.79896516,32.92476243],[-100.79144689,32.94235454],[-100.78334427,32.96168692],[-100.77963279,32.96983156],[-100.77472102,32.98101928],[-100.76569622,33.00035166],[-100.76030042,33.01114335],[-100.75617907,33.01968402],[-100.7462573,33.03901638],[-100.74096806,33.04875082],[-100.73592785,33.05834876],[-100.72512755,33.07768112],[-100.72163569,33.08363399],[-100.714042,33.0970135],[-100.7029118,33.11634586],[-100.70230332,33.11729164],[-100.69049458,33.13567822],[-100.68297095,33.14726712],[-100.67809687,33.1550106],[-100.66524958,33.17434296],[-100.66363859,33.17666471],[-100.65212891,33.19367534],[-100.64430622,33.2045945],[-100.63842511,33.2130077],[-100.62497385,33.23135836],[-100.6242713,33.23234006],[-100.60964977,33.25167244],[-100.60564148,33.25668883],[-100.59446962,33.2710048],[-100.58630912,33.28092724],[-100.57874674,33.29033717],[-100.56697675,33.30419534],[-100.5623903,33.30966954],[-100.54764438,33.32628675],[-100.54527761,33.3290019],[-100.528312,33.34734756],[-100.52741148,33.34833428],[-100.50897963,33.36695559],[-100.50829863,33.36766664],[-100.48964727,33.38637088],[-100.48901106,33.38699901],[-100.4703149,33.40435441],[-100.46819433,33.40633138],[-100.45098253,33.42141586],[-100.44609378,33.42566374],[-100.43165016,33.43758873],[-100.42263946,33.44499611],[-100.4123178,33.45302405],[-100.3975275,33.46432848],[-100.39298543,33.46762257],[-100.37365306,33.4814133],[-100.3704592,33.48366084],[-100.35432069,33.49441985],[-100.34099307,33.50299321],[-100.33498833,33.5066425],[-100.31565596,33.51806382],[-100.30789788,33.52232558],[-100.29632359,33.52814094],[-100.27699122,33.53673885],[-100.2642957,33.54165795],[-100.25765886,33.54404663],[-100.23832649,33.55018378],[-100.21899412,33.55531031],[-100.19966175,33.55953239],[-100.19132622,33.56099031],[-100.18032939,33.56281323],[-100.16099702,33.56521888],[-100.14166465,33.5668337],[-100.12233228,33.56768918],[-100.10299992,33.56786951],[-100.08366755,33.56735334],[-100.06433518,33.56612371],[-100.04500281,33.56413904],[-100.02567045,33.5613756],[-100.02362481,33.56099031],[-100.00633808,33.55776823],[-99.98700571,33.55326113],[-99.96767334,33.5477916],[-99.94956325,33.54165795],[-99.94834098,33.54124519],[-99.92900861,33.53349476],[-99.90967624,33.52442274],[-99.90569398,33.52232558],[-99.89034387,33.51404583],[-99.87178226,33.50299321],[-99.87101151,33.50251544],[-99.85167914,33.49012725],[-99.84224081,33.48366084],[-99.83234677,33.47644529],[-99.81671865,33.46432848],[-99.8130144,33.46123424],[-99.79445652,33.44499611],[-99.79368204,33.444252],[-99.77493039,33.42566374],[-99.77434967,33.4250177],[-99.75769888,33.40633138],[-99.7550173,33.4028642],[-99.74252917,33.38699901],[-99.73568493,33.37660588],[-99.72945263,33.36766664],[-99.71836639,33.34833428],[-99.71635257,33.34418962],[-99.70810878,33.3290019],[-99.69999922,33.30966954],[-99.6970202,33.30091859],[-99.69259664,33.29033717],[-99.68617462,33.2710048],[-99.68148249,33.25167244],[-99.67810422,33.23234006],[-99.67768783,33.22953246],[-99.67376075,33.2130077],[-99.66984712,33.19367534],[-99.66567671,33.17434296],[-99.65994413,33.1550106],[-99.65835546,33.14777678],[-99.6507412,33.13567822],[-99.64235782,33.11634586],[-99.6390231,33.10300676],[-99.63678541,33.0970135],[-99.63256576,33.07768112],[-99.63109104,33.05834876],[-99.63139295,33.03901638],[-99.63308653,33.01968402],[-99.63602043,33.00035166],[-99.6390231,32.98688468],[-99.63968584,32.98101928],[-99.64266332,32.96168692],[-99.64656022,32.94235454],[-99.65161252,32.92302218],[-99.65813128,32.90368982],[-99.65835546,32.90312548],[-99.66184736,32.88435744],[-99.6664827,32.86502508],[-99.67253758,32.84569272],[-99.67768783,32.83259635],[-99.67858924,32.82636034],[-99.68172141,32.80702798],[-99.68559239,32.7876956],[-99.69052149,32.76836324],[-99.69696924,32.74903088],[-99.6970202,32.74889259],[-99.70057749,32.7296985],[-99.70496416,32.71036614],[-99.7110434,32.69103376],[-99.71635257,32.67898935],[-99.72119765,32.6717014],[-99.7352795,32.65236904],[-99.73568493,32.65183235],[-99.74845251,32.63303666],[-99.7550173,32.62426731],[-99.76227697,32.6137043],[-99.77434967,32.59742877],[-99.77678265,32.59437193],[-99.79124402,32.57503956],[-99.79368204,32.57178795],[-99.80712634,32.5557072],[-99.8130144,32.54819497],[-99.82379898,32.53637483],[-99.83234677,32.52605297],[-99.84119626,32.51704246],[-99.85167914,32.50508803],[-99.85946237,32.49771009],[-99.87101151,32.48536481],[-99.87894371,32.47837772],[-99.89034387,32.46703237],[-99.90017405,32.45904536],[-99.90967624,32.45030829],[-99.92395349,32.43971299],[-99.92900861,32.4354567],[-99.94834098,32.42253408],[-99.95264788,32.42038062],[-99.96767334,32.41162493],[-99.98700571,32.40379971],[-99.99951783,32.40104825],[-100.00633808,32.39928529],[-100.02567045,32.39759142],[-100.04500281,32.39676587],[-100.06433518,32.39653308],[-100.08366755,32.39670263],[-100.10299992,32.39718495],[-100.12233228,32.39787406],[-100.14166465,32.39880116],[-100.16099702,32.39985497],[-100.17570462,32.40104825],[-100.18032939,32.40140403],[-100.19966175,32.40245586],[-100.21899412,32.40392795],[-100.23832649,32.40556282],[-100.25765886,32.40739846],[-100.27699122,32.40941401],[-100.29632359,32.41156771],[-100.31565596,32.41395725],[-100.33498833,32.41656992],[-100.35432069,32.41936198],[-100.36090786,32.42038062],[-100.37365306,32.42231825],[-100.39298543,32.42551339],[-100.4123178,32.42896502],[-100.43165016,32.4327257],[-100.45098253,32.43686932],[-100.46352517,32.43971299],[-100.4703149,32.44133788],[-100.48964727,32.44630236],[-100.50897963,32.45162853],[-100.528312,32.45747443],[-100.53324574,32.45904536],[-100.54764438,32.46387003],[-100.56697675,32.47086567],[-100.58471131,32.47837772],[-100.58630912,32.4790711],[-100.60564148,32.48675912],[-100.62497385,32.49580996],[-100.62887415,32.49771009],[-100.64430622,32.5057987],[-100.66363859,32.51597318],[-100.66542342,32.51704246],[-100.68297095,32.52883188],[-100.69428549,32.53637483],[-100.70230332,32.54216927],[-100.72000668,32.5557072],[-100.72163569,32.5570926],[-100.74096806,32.57324366],[-100.74290811,32.57503956],[-100.76030042,32.59297174],[-100.76160606,32.59437193],[-100.77647379,32.6137043],[-100.77963279,32.6182425],[-100.78963642,32.63303666],[-100.79896516,32.64936226],[-100.80063559,32.65236904],[-100.80955174,32.6717014],[-100.81651976,32.69103376],[-100.81829753,32.69728309],[-100.82195624,32.71036614],[-100.82570005,32.7296985],[-100.82809248,32.74903088],[-100.82907109,32.76836324]],[[-100.32138168,32.96168692],[-100.3209706,32.98101928],[-100.31985223,33.00035166],[-100.31795991,33.01968402],[-100.31565596,33.03670517],[-100.31535556,33.03901638],[-100.31208315,33.05834876],[-100.30814505,33.07768112],[-100.30345866,33.0970135],[-100.29802762,33.11634586],[-100.29632359,33.12164098],[-100.29193464,33.13567822],[-100.28513302,33.1550106],[-100.27745513,33.17434296],[-100.27699122,33.17540131],[-100.26914605,33.19367534],[-100.25983081,33.2130077],[-100.25765886,33.21711621],[-100.24969378,33.23234006],[-100.23876583,33.25167244],[-100.23832649,33.25235735],[-100.22615577,33.2710048],[-100.21899412,33.28114822],[-100.21242013,33.29033717],[-100.19966175,33.30643499],[-100.19702093,33.30966954],[-100.18032939,33.32807573],[-100.17943301,33.3290019],[-100.16099702,33.34563807],[-100.15749749,33.34833428],[-100.14166465,33.35893786],[-100.12553858,33.36766664],[-100.12233228,33.36923005],[-100.10299992,33.37697597],[-100.08366755,33.38283014],[-100.06433518,33.38670237],[-100.06215683,33.38699901],[-100.04500281,33.38922161],[-100.02567045,33.3900916],[-100.00633808,33.38951415],[-99.98700571,33.38749353],[-99.98431564,33.38699901],[-99.96767334,33.38395882],[-99.94834098,33.37884134],[-99.92900861,33.37208708],[-99.91913726,33.36766664],[-99.90967624,33.36346806],[-99.89034387,33.35287201],[-99.88356723,33.34833428],[-99.87101151,33.34002477],[-99.85723793,33.3290019],[-99.85167914,33.32464222],[-99.83589469,33.30966954],[-99.83234677,33.30638846],[-99.8180657,33.29033717],[-99.8130144,33.28485076],[-99.80265432,33.2710048],[-99.79368204,33.25950867],[-99.78877648,33.25167244],[-99.77619894,33.23234006],[-99.77434967,33.22971886],[-99.76478807,33.2130077],[-99.7550173,33.19619718],[-99.7536677,33.19367534],[-99.74266778,33.17434296],[-99.73568493,33.16260543],[-99.73135402,33.1550106],[-99.71835803,33.13567822],[-99.71635257,33.13355077],[-99.6970202,33.11882983],[-99.69352127,33.11634586],[-99.68028591,33.0970135],[-99.67989636,33.07768112],[-99.67967787,33.05834876],[-99.67928263,33.03901638],[-99.67911257,33.01968402],[-99.67915944,33.00035166],[-99.67947195,32.98101928],[-99.6801407,32.96168692],[-99.68124283,32.94235454],[-99.68278095,32.92302218],[-99.68477796,32.90368982],[-99.68727028,32.88435744],[-99.69029002,32.86502508],[-99.6939053,32.84569272],[-99.6970202,32.83153661],[-99.69774126,32.82636034],[-99.70075577,32.80702798],[-99.70422679,32.7876956],[-99.70822303,32.76836324],[-99.71292933,32.74903088],[-99.71635257,32.73702804],[-99.7200192,32.7296985],[-99.73117364,32.71036614],[-99.73568493,32.70354523],[-99.74369714,32.69103376],[-99.7550173,32.67429598],[-99.7571005,32.6717014],[-99.7714804,32.65236904],[-99.77434967,32.64835998],[-99.78841276,32.63303666],[-99.79368204,32.62681836],[-99.80763847,32.6137043],[-99.8130144,32.60819822],[-99.82965148,32.59437193],[-99.83234677,32.59192039],[-99.85167914,32.57782229],[-99.8565252,32.57503956],[-99.87101151,32.56590142],[-99.89034387,32.55633679],[-99.89220996,32.5557072],[-99.90967624,32.5492122],[-99.92900861,32.54476552],[-99.94834098,32.54310058],[-99.96767334,32.54422699],[-99.98700571,32.54812791],[-100.00633808,32.55395693],[-100.01202142,32.5557072],[-100.02567045,32.55998696],[-100.04500281,32.56615497],[-100.06433518,32.57270046],[-100.07053673,32.57503956],[-100.08366755,32.58080482],[-100.10299992,32.59066605],[-100.1096911,32.59437193],[-100.12233228,32.60238705],[-100.13904649,32.6137043],[-100.14166465,32.61570848],[-100.16099702,32.63073966],[-100.16389923,32.63303666],[-100.18032939,32.64759278],[-100.18567256,32.65236904],[-100.19966175,32.66635822],[-100.20502084,32.6717014],[-100.21899412,32.68729946],[-100.22236957,32.69103376],[-100.23789118,32.71036614],[-100.23832649,32.71097382],[-100.25201409,32.7296985],[-100.25765886,32.73851361],[-100.26451391,32.74903088],[-100.27544367,32.76836324],[-100.27699122,32.77149435],[-100.28521129,32.7876956],[-100.29349822,32.80702798],[-100.29632359,32.81489387],[-100.30056416,32.82636034],[-100.30641793,32.84569272],[-100.31109228,32.86502508],[-100.31479724,32.88435744],[-100.31565596,32.89014188],[-100.31774322,32.90368982],[-100.31977466,32.92302218],[-100.32099118,32.94235454],[-100.32138168,32.96168692]]]}},
{"type":"Feature","properties":{"Lower":2.5},"geometry":{"type":"Polygon","coordinates":[[[-97.30495178,38.06543199],[-97.30359223,38.08476435],[-97.2998066,38.10286472],[-97.29951294,38.10409673],[-97.29440335,38.12342909],[-97.28880636,38.14276145],[-97.28245629,38.16209383],[-97.28047424,38.16764087],[-97.27465,38.18142619],[-97.26673303,38.20075857],[-97.26114187,38.21488057],[-97.25879478,38.22009093],[-97.25099824,38.23942329],[-97.24375581,38.25875567],[-97.2418095,38.26442138],[-97.23671731,38.27808803],[-97.23012621,38.29742039],[-97.22388337,38.31675277],[-97.22247713,38.32140319],[-97.21777376,38.33608513],[-97.21200098,38.35541751],[-97.20647059,38.37474987],[-97.20314477,38.38688725],[-97.20109875,38.39408223],[-97.19591601,38.41341461],[-97.1909081,38.43274697],[-97.18606979,38.45207935],[-97.1838124,38.46136422],[-97.18132861,38.47141171],[-97.17673574,38.49074407],[-97.17224274,38.51007645],[-97.16785119,38.52940881],[-97.16448003,38.54452651],[-97.16353689,38.54874119],[-97.15932642,38.56807355],[-97.15516069,38.58740591],[-97.15103367,38.60673829],[-97.14694227,38.62607065],[-97.14514766,38.63090398],[-97.14031434,38.62607065],[-97.1258153,38.61157465],[-97.10648293,38.61157716],[-97.08715056,38.61157968],[-97.08230917,38.60673829],[-97.06781819,38.59225025],[-97.04848583,38.59225257],[-97.04363917,38.58740591],[-97.02915346,38.57292265],[-97.00982109,38.57292434],[-97.00982109,38.57290754],[-97.02002826,38.56807355],[-97.02264663,38.54874119],[-97.025285,38.52940881],[-97.02791918,38.51007645],[-97.02915346,38.50071643],[-97.03033127,38.49074407],[-97.03252428,38.47141171],[-97.03470654,38.45207935],[-97.03685532,38.43274697],[-97.03897135,38.41341461],[-97.04095891,38.39408223],[-97.04285892,38.37474987],[-97.04457915,38.35541751],[-97.04609038,38.33608513],[-97.04741591,38.31675277],[-97.04848583,38.30617723],[-97.04931367,38.29742039],[-97.04967422,38.27808803],[-97.05086602,38.25875567],[-97.05269373,38.23942329],[-97.05551284,38.22009093],[-97.05946141,38.20075857],[-97.06441283,38.18142619],[-97.06781819,38.17048456],[-97.07039025,38.16209383],[-97.07741522,38.14276145],[-97.08525638,38.12342909],[-97.08715056,38.11936398],[-97.09410178,38.10409673],[-97.10321576,38.08476435],[-97.10648293,38.07826743],[-97.11280412,38.06543199],[-97.12264769,38.04609962],[-97.1258153,38.04041774],[-97.13345194,38.02676725],[-97.1443328,38.00743489],[-97.14514766,38.00596671],[-97.15437569,37.98810251],[-97.16268098,37.96877015],[-97.16448003,37.96388044],[-97.16902773,37.94943778],[-97.17343464,37.93010541],[-97.17614643,37.91077305],[-97.17732332,37.89144068],[-97.17715028,37.87210831],[-97.17578064,37.85277594],[-97.17356858,37.83344358],[-97.17065497,37.81411121],[-97.16703843,37.79477884],[-97.16448003,37.78294306],[-97.16293778,37.77544648],[-97.15842238,37.7561141],[-97.15354492,37.73678174],[-97.14833269,37.71744937],[-97.14514766,37.70646785],[-97.14281607,37.698117],[-97.13707342,37.67878464],[-97.13111264,37.65945226],[-97.1258153,37.64287982],[-97.12495768,37.6401199],[-97.11873834,37.62078754],[-97.11243613,37.60145516],[-97.10648293,37.58267338],[-97.10631341,37.5821228],[-97.10073377,37.56279044],[-97.09561571,37.54345806],[-97.09097464,37.5241257],[-97.08715056,37.50635499],[-97.08682523,37.50479332],[-97.0832664,37.48546096],[-97.08019836,37.4661286],[-97.07755048,37.44679622],[-97.07497393,37.42746386],[-97.07212762,37.40813148],[-97.0687035,37.38879912],[-97.06781819,37.38491495],[-97.06426155,37.36946676],[-97.05801147,37.35013438],[-97.04873466,37.33080202],[-97.04848583,37.33042375],[-97.03392559,37.31146964],[-97.02915346,37.30654579],[-97.00982109,37.29277578],[-97.00844141,37.29213728],[-96.99048872,37.28465194],[-96.97115636,37.27819115],[-96.95289911,37.27280492],[-96.95182399,37.2724866],[-96.93249161,37.26711547],[-96.91315924,37.2620004],[-96.89382687,37.25704281],[-96.87966811,37.25347254],[-96.87449451,37.25215911],[-96.85516214,37.24732135],[-96.83582977,37.24254762],[-96.8164974,37.23780575],[-96.80150957,37.23414018],[-96.79716504,37.23307679],[-96.77783267,37.22836289],[-96.7585003,37.22367514],[-96.73916793,37.21900166],[-96.72168279,37.2148078],[-96.71983557,37.21435226],[-96.7005032,37.20964683],[-96.68117083,37.20498652],[-96.66183846,37.2003669],[-96.6425061,37.19577844],[-96.64120549,37.19547544],[-96.62317373,37.19076474],[-96.60384136,37.18584827],[-96.58450899,37.18104647],[-96.56517663,37.17635176],[-96.56430002,37.17614308],[-96.54584426,37.17131522],[-96.52651189,37.16638938],[-96.50717952,37.16159076],[-96.48784716,37.15690109],[-96.48746888,37.1568107],[-96.46851479,37.15190832],[-96.44918242,37.14704833],[-96.42985005,37.14230664],[-96.41051769,37.13767477],[-96.40968938,37.13747834],[-96.39118532,37.13278307],[-96.37185295,37.12799797],[-96.35252058,37.12333443],[-96.33318822,37.11876949],[-96.31385585,37.13263517],[-96.31385585,37.13261837],[-96.32833858,37.11814596],[-96.32834623,37.0988136],[-96.32835327,37.07948124],[-96.33318822,37.07388234],[-96.35252058,37.07883889],[-96.35496826,37.07948124],[-96.37185295,37.08358572],[-96.39118532,37.08846597],[-96.41051769,37.09357208],[-96.42950191,37.0988136],[-96.42985005,37.09890206],[-96.44918242,37.10392128],[-96.46851479,37.10916693],[-96.48784716,37.11466029],[-96.49962511,37.11814596],[-96.50717952,37.12018231],[-96.52651189,37.12556631],[-96.54584426,37.13119176],[-96.56517663,37.13710003],[-96.56637079,37.13747834],[-96.58450899,37.14264586],[-96.60384136,37.14837736],[-96.62317373,37.15436661],[-96.63080146,37.1568107],[-96.6425061,37.16015781],[-96.66183846,37.16585242],[-96.68117083,37.171739],[-96.69517023,37.17614308],[-96.7005032,37.17760989],[-96.71983557,37.1830126],[-96.73916793,37.18847494],[-96.7585003,37.1939066],[-96.76414566,37.19547544],[-96.77783267,37.19877675],[-96.79716504,37.20340823],[-96.8164974,37.2080343],[-96.83582977,37.21271749],[-96.84435864,37.2148078],[-96.85516214,37.21740244],[-96.87449451,37.22210705],[-96.89382687,37.22691084],[-96.91315924,37.2318543],[-96.92182629,37.23414018],[-96.93249161,37.23689271],[-96.95182399,37.24206574],[-96.97115636,37.24757084],[-96.9900636,37.25347254],[-96.99048872,37.25360399],[-97.00982109,37.26033973],[-97.02915346,37.26896216],[-97.03518713,37.27280492],[-97.04848583,37.28335851],[-97.05646193,37.29213728],[-97.06781819,37.30665531],[-97.07116804,37.31146964],[-97.08212287,37.33080202],[-97.08715056,37.34336743],[-97.08982506,37.35013438],[-97.0953924,37.36946676],[-97.09954716,37.38879912],[-97.10283858,37.40813148],[-97.10564578,37.42746386],[-97.10648293,37.43345805],[-97.10846476,37.44679622],[-97.11169493,37.4661286],[-97.11533485,37.48546096],[-97.11939955,37.50479332],[-97.12389945,37.5241257],[-97.1258153,37.53162383],[-97.12900599,37.54345806],[-97.13464262,37.56279044],[-97.14070346,37.5821228],[-97.14514766,37.59548113],[-97.14722733,37.60145516],[-97.1539934,37.62078754],[-97.1607083,37.6401199],[-97.16448003,37.65107102],[-97.16750863,37.65945226],[-97.1743537,37.67878464],[-97.18108587,37.698117],[-97.1838124,37.70615414],[-97.18786091,37.71744937],[-97.19458074,37.73678174],[-97.20117378,37.7561141],[-97.20314477,37.76213618],[-97.20777855,37.77544648],[-97.21429406,37.79477884],[-97.22071045,37.81411121],[-97.22247713,37.81968661],[-97.22712765,37.83344358],[-97.2334842,37.85277594],[-97.23985317,37.87210831],[-97.2418095,37.87827775],[-97.24624356,37.89144068],[-97.25270944,37.91077305],[-97.25940692,37.93010541],[-97.26114187,37.93516683],[-97.26621596,37.94943778],[-97.27331569,37.96877015],[-97.28047424,37.98683628],[-97.28096671,37.98810251],[-97.2883049,38.00743489],[-97.29580744,38.02676725],[-97.2998066,38.03812964],[-97.30206373,38.04609962],[-97.30495178,38.06543199]]]}},
{"type":"Feature","properties":{"Lower":2.5},"geometry":{"type":"Polygon","coordinates":[[[-100.32138168,32.96168692],[-100.3209706,32.98101928],[-100.31985223,33.00035166],[-100.31795991,33.01968402],[-100.31565596,33.03670517],[-100.31535556,33.03901638],[-100.31208315,33.05834876],[-100.30814505,33.07768112],[-100.30345866,33.0970135],[-100.29802762,33.11634586],[-100.29632359,33.12164098],[-100.29193464,33.13567822],[-100.28513302,33.1550106],[-100.27745513,33.17434296],[-100.27699122,33.17540131],[-100.26914605,33.19367534],[-100.25983081,33.2130077],[-100.25765886,33.21711621],[-100.24969378,33.23234006],[-100.23876583,33.25167244],[-100.23832649,33.25235735],[-100.22615577,33.2710048],[-100.21899412,33.28114822],[-100.21242013,33.29033717],[-100.19966175,33.30643499],[-100.19702093,33.30966954],[-100.18032939,33.32807573],[-100.17943301,33.3290019],[-100.16099702,33.34563807],[-100.15749749,33.34833428],[-100.14166465,33.35893786],[-100.12553858,33.36766664],[-100.12233228,33.36923005],[-100.10299992,33.37697597],[-100.08366755,33.38283014],[-100.06433518,33.38670237],[-100.06215683,33.38699901],[-100.04500281,33.38922161],[-100.02567045,33.3900916],[-100.00633808,33.38951415],[-99.98700571,33.38749353],[-99.98431564,33.38699901],[-99.96767334,33.38395882],[-99.94834098,33.37884134],[-99.92900861,33.37208708],[-99.91913726,33.36766664],[-99.90967624,33.36346806],[-99.89034387,33.35287201],[-99.88356723,33.34833428],[-99.87101151,33.34002477],[-99.85723793,33.3290019],[-99.85167914,33.32464222],[-99.83589469,33.30966954],[-99.83234677,33.30638846],[-99.8180657,33.29033717],[-99.8130144,33.28485076],[-99.80265432,33.2710048],[-99.79368204,33.25950867],[-99.78877648,33.25167244],[-99.77619894,33.23234006],[-99.77434967,33.22971886],[-99.76478807,33.2130077],[-99.7550173,33.19619718],[-99.7536677,33.19367534],[-99.74266778,33.17434296],[-99.73568493,33.16260543],[-99.73135402,33.1550106],[-99.71835803,33.13567822],[-99.71635257,33.13355077],[-99.6970202,33.11882983],[-99.69352127,33.11634586],[-99.68028591,33.0970135],[-99.67989636,33.07768112],[-99.67967787,33.05834876],[-99.67928263,33.03901638],[-99.67911257,33.01968402],[-99.67915944,33.00035166],[-99.67947195,32.98101928],[-99.6801407,32.96168692],[-99.68124283,32.94235454],[-99.68278095,32.92302218],[-99.68477796,32.90368982],[-99.68727028,32.88435744],[-99.69029002,32.86502508],[-99.6939053,32.84569272],[-99.6970202,32.83153661],[-99.69774126,32.82636034],[-99.70075577,32.80702798],[-99.70422679,32.7876956],[-99.70822303,32.76836324],[-99.71292933,32.74903088],[-99.71635257,32.73702804],[-99.7200192,32.7296985],[-99.73117364,32.71036614],[-99.73568493,32.70354523],[-99.74369714,32.69103376],[-99.7550173,32.67429598],[-99.7571005,32.6717014],[-99.7714804,32.65236904],[-99.77434967,32.64835998],[-99.78841276,32.63303666],[-99.79368204,32.62681836],[-99.80763847,32.6137043],[-99.8130144,32.60819822],[-99.82965148,32.59437193],[-99.83234677,32.59192039],[-99.85167914,32.57782229],[-99.8565252,32.57503956],[-99.87101151,32.56590142],[-99.89034387,32.55633679],[-99.89220996,32.5557072],[-99.90967624,32.5492122],[-99.92900861,32.54476552],[-99.94834098,32.54310058],[-99.96767334,32.54422699],[-99.98700571,32.54812791],[-100.00633808,32.55395693],[-100.01202142,32.5557072],[-100.02567045,32.55998696],[-100.04500281,32.56615497],[-100.06433518,32.57270046],[-100.07053673,32.57503956],[-100.08366755,32.58080482],[-100.10299992,32.59066605],[-100.1096911,32.59437193],[-100.12233228,32.60238705],[-100.13904649,32.6137043],[-100.14166465,32.61570848],[-100.16099702,32.63073966],[-100.16389923,32.63303666],[-100.18032939,32.64759278],[-100.18567256,32.65236904],[-100.19966175,32.66635822],[-100.20502084,32.6717014],[-100.21899412,32.68729946],[-100.22236957,32.69103376],[-100.23789118,32.71036614],[-100.23832649,32.71097382],[-100.25201409,32.7296985],[-100.25765886,32.73851361],[-100.26451391,32.74903088],[-100.27544367,32.76836324],[-100.27699122,32.77149435],[-100.28521129,32.7876956],[-100.29349822,32.80702798],[-100.29632359,32.81489387],[-100.30056416,32.82636034],[-100.30641793,32.84569272],[-100.31109228,32.86502508],[-100.31479724,32.88435744],[-100.31565596,32.89014188],[-100.31774322,32.90368982],[-100.31977466,32.92302218],[-100.32099118,32.94235454],[-100.32138168,32.96168692]],[[-100.09271591,32.94235454],[-100.09200848,32.96168692],[-100.09055233,32.98101928],[-100.08831217,33.00035166],[-100.08530482,33.01968402],[-100.08366755,33.02798523],[-100.08148429,33.03901638],[-100.07682619,33.05834876],[-100.07113955,33.07768112],[-100.06433518,33.09590922],[-100.06390045,33.0970135],[-100.05560642,33.11634586],[-100.04500281,33.13430699],[-100.04407812,33.13567822],[-100.02941645,33.1550106],[-100.02567045,33.15904733],[-100.00787869,33.17434296],[-100.00633808,33.17548356],[-99.98700571,33.18645199],[-99.96767334,33.1931251],[-99.96532785,33.19367534],[-99.94834098,33.19727279],[-99.92900861,33.19817427],[-99.90967624,33.19650676],[-99.89625409,33.19367534],[-99.89034387,33.192504],[-99.87101151,33.18613417],[-99.85167914,33.17790048],[-99.84516379,33.17434296],[-99.83234677,33.16805618],[-99.8130144,33.15665366],[-99.81081765,33.1550106],[-99.79368204,33.14409524],[-99.78299998,33.13567822],[-99.77434967,33.13018897],[-99.75742637,33.11634586],[-99.7550173,33.11489743],[-99.73568493,33.09906424],[-99.73264601,33.0970135],[-99.71635257,33.08776935],[-99.6987506,33.07768112],[-99.6970202,33.07649026],[-99.69222928,33.05834876],[-99.690035,33.03901638],[-99.68965903,33.01968402],[-99.69005288,33.00035166],[-99.69088968,32.98101928],[-99.69226581,32.96168692],[-99.69421311,32.94235454],[-99.69654447,32.92302218],[-99.6970202,32.91959397],[-99.69858707,32.90368982],[-99.7006924,32.88435744],[-99.70309694,32.86502508],[-99.705873,32.84569272],[-99.70910102,32.82636034],[-99.71289296,32.80702798],[-99.71635257,32.791669],[-99.71802272,32.7876956],[-99.72652596,32.76836324],[-99.73568493,32.75001372],[-99.73636801,32.74903088],[-99.74914061,32.7296985],[-99.7550173,32.72045744],[-99.76437282,32.71036614],[-99.77434967,32.69852225],[-99.78320397,32.69103376],[-99.79368204,32.68141376],[-99.80762481,32.6717014],[-99.8130144,32.66766301],[-99.83234677,32.65684596],[-99.84324683,32.65236904],[-99.85167914,32.6486898],[-99.87101151,32.64322795],[-99.89034387,32.64038678],[-99.90967624,32.64021527],[-99.92900861,32.64265136],[-99.94834098,32.64761973],[-99.96015804,32.65236904],[-99.96767334,32.65604396],[-99.98700571,32.67069573],[-99.98813325,32.6717014],[-100.00581695,32.69103376],[-100.00633808,32.69169583],[-100.02125774,32.71036614],[-100.02567045,32.71699409],[-100.03432623,32.7296985],[-100.04500281,32.74803003],[-100.04560646,32.74903088],[-100.05583936,32.76836324],[-100.06433518,32.78681166],[-100.06475537,32.7876956],[-100.07219275,32.80702798],[-100.07854329,32.82636034],[-100.08328931,32.84569272],[-100.08366755,32.84749481],[-100.08765221,32.86502508],[-100.09036689,32.88435744],[-100.09193078,32.90368982],[-100.09269961,32.92302218],[-100.09271591,32.94235454]]]}},
{"type":"Feature","properties":{"Lower":2.5},"geometry":{"type":"Polygon","coordinates":[[[-99.20473991,33.56099031],[-99.20464781,33.58032268],[-99.20382117,33.59965505],[-99.20228849,33.61898742],[-99.20007029,33.63831979],[-99.19716411,33.65765215],[-99.19437863,33.67255615],[-99.19358263,33.67698452],[-99.18929686,33.69631689],[-99.1843736,33.71564925],[-99.17883369,33.73498163],[-99.17504626,33.74660928],[-99.1726442,33.75431399],[-99.16586936,33.77364635],[-99.15861363,33.79297873],[-99.1557139,33.7999391],[-99.15082546,33.81231109],[-99.14261593,33.83164347],[-99.13638153,33.84550363],[-99.13407867,33.85097583],[-99.12526639,33.87030819],[-99.11704916,33.88791927],[-99.11627403,33.88964057],[-99.10662406,33.90897293],[-99.09771679,33.92637101],[-99.09673655,33.92830531],[-99.08669469,33.94763767],[-99.07838443,33.96348146],[-99.07656416,33.96697003],[-99.06625032,33.98630241],[-99.05905206,33.99959574],[-99.05579706,34.00563477],[-99.04526851,34.02496715],[-99.03971969,34.03510437],[-99.03468195,34.04429951],[-99.02409955,34.06363187],[-99.02038732,34.07039484],[-99.01347214,34.08296425],[-99.00282821,34.10229661],[-99.00105496,34.10550493],[-98.99212266,34.12162897],[-98.98172259,34.14034048],[-98.98137511,34.14096135],[-98.97049716,34.16029371],[-98.96239022,34.17450215],[-98.95944901,34.17962609],[-98.94804869,34.19895845],[-98.94305785,34.20697494],[-98.93596039,34.21829081],[-98.92372549,34.23597167],[-98.92256372,34.23762319],[-98.90623694,34.25695555],[-98.90439312,34.258724],[-98.88506075,34.27604129],[-98.88476321,34.27628793],[-98.86572838,34.29004671],[-98.85699252,34.29562029],[-98.84639602,34.30242821],[-98.8274401,34.31495265],[-98.82706365,34.3152546],[-98.80773128,34.33152056],[-98.80463072,34.33428503],[-98.78839891,34.35097381],[-98.78595232,34.35361739],[-98.76968838,34.37294976],[-98.76906655,34.37373424],[-98.75490536,34.39228213],[-98.74973418,34.39896498],[-98.73949379,34.41161449],[-98.73040181,34.42215687],[-98.72247524,34.43094687],[-98.71106944,34.44314491],[-98.70414191,34.45027923],[-98.69173708,34.4627957],[-98.68475227,34.4696116],[-98.67240471,34.48153977],[-98.66449869,34.48894397],[-98.65307234,34.49960939],[-98.64349672,34.50827633],[-98.63373997,34.51711704],[-98.62179503,34.5276087],[-98.61440761,34.5341372],[-98.59944606,34.54694107],[-98.59507524,34.55071744],[-98.57645009,34.56627344],[-98.57574287,34.56687154],[-98.5564105,34.58263062],[-98.55261936,34.5856058],[-98.53707814,34.5979864],[-98.52798693,34.60493817],[-98.51774577,34.61291296],[-98.50248795,34.62427054],[-98.4984134,34.62737145],[-98.47908103,34.64138069],[-98.47584425,34.64360291],[-98.45974867,34.65492907],[-98.44772057,34.66293527],[-98.4404163,34.66792801],[-98.42108393,34.68033745],[-98.41785787,34.68226764],[-98.40175156,34.69219412],[-98.38535152,34.70160001],[-98.3824192,34.70333874],[-98.36308683,34.71381901],[-98.34872874,34.72093238],[-98.34375446,34.7234885],[-98.32442209,34.73235482],[-98.30508973,34.74016823],[-98.30481335,34.74026474],[-98.28575736,34.7472266],[-98.26642499,34.75308608],[-98.24709262,34.75776221],[-98.2364301,34.75959711],[-98.22776026,34.76115722],[-98.20842789,34.76314574],[-98.18909552,34.76358274],[-98.16976315,34.76233077],[-98.15273821,34.75959711],[-98.15043079,34.75920468],[-98.13109841,34.7539671],[-98.11176604,34.74642657],[-98.09968826,34.74026474],[-98.09243367,34.73625119],[-98.0731013,34.72301318],[-98.07051901,34.72093238],[-98.05376894,34.70608573],[-98.04936333,34.70160001],[-98.03443657,34.68510202],[-98.03202973,34.68226764],[-98.0151042,34.66323316],[-98.01484746,34.66293527],[-97.99774619,34.64360291],[-97.99577183,34.64145253],[-97.98016657,34.62427054],[-97.97643947,34.62026216],[-97.96232424,34.60493817],[-97.9571071,34.59939498],[-97.94421523,34.5856058],[-97.93777473,34.5788325],[-97.92591153,34.56627344],[-97.91844236,34.55847504],[-97.90748207,34.54694107],[-97.89911,34.53823865],[-97.88896325,34.5276087],[-97.87977763,34.51808932],[-97.87041813,34.50827633],[-97.86044526,34.4980136],[-97.85147046,34.48894397],[-97.84111289,34.47882452],[-97.83150743,34.4696116],[-97.82178053,34.46057086],[-97.81049741,34.45027923],[-97.80244816,34.44314908],[-97.78842574,34.43094687],[-97.78311579,34.42646096],[-97.76524578,34.41161449],[-97.76378342,34.41043266],[-97.74445106,34.39504075],[-97.74092966,34.39228213],[-97.72511869,34.38023404],[-97.71537796,34.37294976],[-97.70578632,34.36598235],[-97.68843489,34.35361739],[-97.68645395,34.35224503],[-97.66712159,34.33911598],[-97.65984177,34.33428503],[-97.64778922,34.32651649],[-97.62930898,34.31495265],[-97.62845685,34.31443432],[-97.60912448,34.30279821],[-97.59723751,34.29562029],[-97.58979212,34.29116297],[-97.57045975,34.27953408],[-97.56508874,34.27628793],[-97.55112738,34.26791377],[-97.53294401,34.25695555],[-97.53179501,34.25626832],[-97.51246265,34.2446623],[-97.50079279,34.23762319],[-97.49313028,34.23303567],[-97.47379791,34.22142544],[-97.46861057,34.21829081],[-97.45446554,34.20980639],[-97.4364356,34.19895845],[-97.43513318,34.19818058],[-97.41580081,34.18659889],[-97.40423256,34.17962609],[-97.39646844,34.17498035],[-97.37713607,34.16337738],[-97.37202145,34.16029371],[-97.35780371,34.15178364],[-97.3398045,34.14096135],[-97.33847134,34.14016481],[-97.31913897,34.1285904],[-97.30756429,34.12162897],[-97.2998066,34.11698822],[-97.28047424,34.10538877],[-97.27534352,34.10229661],[-97.26114187,34.09380581],[-97.24308858,34.08296425],[-97.25630357,34.06363187],[-97.25630039,34.04429951],[-97.26114187,34.03945803],[-97.27562804,34.02496715],[-97.28047424,34.02012094],[-97.29495608,34.00563477],[-97.29497289,34.00563477],[-97.2998066,34.01011316],[-97.31913897,34.02155185],[-97.32483329,34.02496715],[-97.33847134,34.03298141],[-97.35722951,34.04429951],[-97.35780371,34.04463871],[-97.37713607,34.0561395],[-97.38941409,34.06363187],[-97.39646844,34.0678363],[-97.41580081,34.07957113],[-97.42131069,34.08296425],[-97.43513318,34.09125772],[-97.4530314,34.10229661],[-97.45446554,34.10315803],[-97.47379791,34.11488001],[-97.4846719,34.12162897],[-97.49313028,34.12672428],[-97.51246265,34.13861431],[-97.51622637,34.14096135],[-97.53179501,34.15035331],[-97.54783917,34.16029371],[-97.55112738,34.16226042],[-97.57045975,34.17396118],[-97.57962063,34.17962609],[-97.58979212,34.18567399],[-97.60912448,34.19740672],[-97.61164774,34.19895845],[-97.62845685,34.20886133],[-97.6440819,34.21829081],[-97.64778922,34.22043162],[-97.66712159,34.23168276],[-97.67713287,34.23762319],[-97.68645395,34.24299758],[-97.70578632,34.25426154],[-97.7102988,34.25695555],[-97.72511869,34.26594638],[-97.74169529,34.27628793],[-97.74445106,34.27804989],[-97.76378342,34.29061776],[-97.77131505,34.29562029],[-97.78311579,34.30366217],[-97.79934801,34.31495265],[-97.80244816,34.31716656],[-97.82178053,34.33117147],[-97.82600537,34.33428503],[-97.84111289,34.34573012],[-97.85135086,34.35361739],[-97.86044526,34.36083397],[-97.87544146,34.37294976],[-97.87977763,34.37656592],[-97.89826598,34.39228213],[-97.89911,34.39302348],[-97.91844236,34.41029225],[-97.91989227,34.41161449],[-97.93777473,34.4285455],[-97.94029289,34.43094687],[-97.9571071,34.44720293],[-97.96031195,34.45027923],[-97.97643947,34.46593303],[-97.98025686,34.4696116],[-97.99577183,34.48473161],[-98.00012583,34.48894397],[-98.0151042,34.5036009],[-98.01990323,34.50827633],[-98.03443657,34.52259937],[-98.03955706,34.5276087],[-98.05376894,34.54163387],[-98.05918685,34.54694107],[-98.0731013,34.56067133],[-98.0788732,34.56627344],[-98.09243367,34.57949344],[-98.09887926,34.5856058],[-98.11176604,34.59777244],[-98.11971499,34.60493817],[-98.13109841,34.61499296],[-98.14251446,34.62427054],[-98.15043079,34.6303951],[-98.16976315,34.64283036],[-98.17129836,34.64360291],[-98.18909552,34.65147473],[-98.20842789,34.6573256],[-98.22776026,34.66075196],[-98.24709262,34.66204241],[-98.26642499,34.66143808],[-98.28575736,34.65918536],[-98.30508973,34.65547398],[-98.32442209,34.65046969],[-98.34375446,34.64430933],[-98.34557994,34.64360291],[-98.36308683,34.63695933],[-98.3824192,34.62866663],[-98.39155778,34.62427054],[-98.40175156,34.61945316],[-98.42108393,34.6094047],[-98.42897632,34.60493817],[-98.4404163,34.59855973],[-98.45974867,34.58703768],[-98.46197911,34.5856058],[-98.47908103,34.57476864],[-98.49180818,34.56627344],[-98.4984134,34.56191013],[-98.51774577,34.54847246],[-98.51983413,34.54694107],[-98.53707814,34.53439997],[-98.54604031,34.5276087],[-98.5564105,34.51979629],[-98.57112139,34.50827633],[-98.57574287,34.50466571],[-98.59507524,34.48911091],[-98.59527274,34.48894397],[-98.61440761,34.47265718],[-98.61788883,34.4696116],[-98.63373997,34.45568071],[-98.63967752,34.45027923],[-98.65307234,34.43797423],[-98.66043091,34.43094687],[-98.67240471,34.41931056],[-98.67999382,34.41161449],[-98.69173708,34.39934553],[-98.69815941,34.39228213],[-98.71106944,34.37731374],[-98.71460756,34.37294976],[-98.72958742,34.35361739],[-98.73040181,34.35257834],[-98.74523317,34.33428503],[-98.74973418,34.32941199],[-98.76409322,34.31495265],[-98.76906655,34.31076994],[-98.78839891,34.2958994],[-98.78878617,34.29562029],[-98.80773128,34.28437449],[-98.82204526,34.27628793],[-98.82706365,34.27324076],[-98.84639602,34.25992568],[-98.85027658,34.25695555],[-98.86572838,34.24118893],[-98.86901704,34.23762319],[-98.88331727,34.21829081],[-98.88506075,34.21563037],[-98.89568,34.19895845],[-98.90439312,34.18462561],[-98.90736251,34.17962609],[-98.91857099,34.16029371],[-98.92372549,34.15137795],[-98.92960961,34.14096135],[-98.9405722,34.12162897],[-98.94305785,34.11724523],[-98.95134404,34.10229661],[-98.9621775,34.08296425],[-98.96239022,34.08258192],[-98.97271735,34.06363187],[-98.98172259,34.04726891],[-98.98333007,34.04429951],[-98.99356041,34.02496715],[-99.00105496,34.01073675],[-99.00370628,34.00563477],[-99.01358037,33.98630241],[-99.02038732,33.97275709],[-99.02328084,33.96697003],[-99.03191896,33.94763767],[-99.03971969,33.92877615],[-99.03991519,33.92830531],[-99.04658669,33.90897293],[-99.05267696,33.88964057],[-99.05813347,33.87030819],[-99.05905206,33.86641483],[-99.06266829,33.85097583],[-99.06656779,33.83164347],[-99.0699037,33.81231109],[-99.07263152,33.79297873],[-99.07474748,33.77364635],[-99.07623758,33.75431399],[-99.07708531,33.73498163],[-99.0772721,33.71564925],[-99.07675953,33.69631689],[-99.07553965,33.67698452],[-99.07353225,33.65765215],[-99.07074481,33.63831979],[-99.06715123,33.61898742],[-99.06270241,33.59965505],[-99.05905206,33.58617693],[-99.05735074,33.58032268],[-99.05094826,33.56099031],[-99.04365229,33.54165795],[-99.03971969,33.53218058],[-99.03538213,33.52232558],[-99.02619211,33.50299321],[-99.02038732,33.49173544],[-99.01599511,33.48366084],[-99.00479613,33.46432848],[-99.00105496,33.45826048],[-98.99249052,33.44499611],[-98.98172259,33.42932246],[-98.97910064,33.42566374],[-98.96461728,33.40633138],[-98.96239022,33.40349097],[-98.94895239,33.38699901],[-98.94305785,33.38006158],[-98.93214578,33.36766664],[-98.92372549,33.35843355],[-98.91423686,33.34833428],[-98.90439312,33.33820793],[-98.8951871,33.3290019],[-98.88506075,33.31915815],[-98.87506051,33.30966954],[-98.86572838,33.30101609],[-98.85398157,33.29033717],[-98.84639602,33.28344123],[-98.83254282,33.2710048],[-98.82706365,33.26605224],[-98.81095093,33.25167244],[-98.80773128,33.24877919],[-98.7891998,33.23234006],[-98.78839891,33.23162632],[-98.76906655,33.21456902],[-98.76727393,33.2130077],[-98.74973418,33.19762472],[-98.74517066,33.19367534],[-98.73040181,33.18083438],[-98.72285488,33.17434296],[-98.71106944,33.16415833],[-98.70036785,33.1550106],[-98.69173708,33.14759831],[-98.67770373,33.13567822],[-98.67240471,33.13115589],[-98.65485667,33.11634586],[-98.65307234,33.11483635],[-98.63373997,33.098661],[-98.63174313,33.0970135],[-98.61440761,33.08264279],[-98.60829981,33.07768112],[-98.59507524,33.06683506],[-98.58448009,33.05834876],[-98.57574287,33.05129984],[-98.56023876,33.03901638],[-98.5564105,33.03596865],[-98.53707814,33.02091228],[-98.53547436,33.01968402],[-98.51774577,33.00604001],[-98.51023495,33.00035166],[-98.4984134,32.99135443],[-98.48461053,32.98101928],[-98.47908103,32.97685847],[-98.45974867,32.96255495],[-98.45855772,32.96168692],[-98.4404163,32.94843141],[-98.43198439,32.94235454],[-98.42108393,32.93445926],[-98.40507203,32.92302218],[-98.40175156,32.92065041],[-98.3824192,32.90705227],[-98.37760006,32.90368982],[-98.36308683,32.89356341],[-98.34969939,32.88435744],[-98.34375446,32.88025907],[-98.32442209,32.86713204],[-98.32128151,32.86502508],[-98.30508973,32.85416225],[-98.29227189,32.84569272],[-98.28575736,32.84139902],[-98.26642499,32.82886514],[-98.26253959,32.82636034],[-98.24709262,32.81640215],[-98.23243614,32.80702798],[-98.22776026,32.80404489],[-98.20842789,32.79184074],[-98.20182266,32.7876956],[-98.18909552,32.77972896],[-98.17086403,32.76836324],[-98.16976315,32.76767868],[-98.15043079,32.75578971],[-98.13939133,32.74903088],[-98.13109841,32.7439665],[-98.11176604,32.73226541],[-98.1074842,32.7296985],[-98.09243367,32.72067591],[-98.0751627,32.71036614],[-98.0731013,32.70914496],[-98.05376894,32.70553229],[-98.05376894,32.70551549],[-98.0682525,32.69103376],[-98.06825368,32.6717014],[-98.0731013,32.66685377],[-98.08758794,32.65236904],[-98.09243367,32.6475233],[-98.10692222,32.63303666],[-98.10692344,32.6137043],[-98.11176604,32.60886168],[-98.12625774,32.59437193],[-98.12625896,32.57503956],[-98.13109841,32.57020012],[-98.1455933,32.5557072],[-98.15043079,32.55086971],[-98.16492762,32.53637483],[-98.16492883,32.51704246],[-98.16976315,32.51220813],[-98.18909552,32.50868089],[-98.20290429,32.51704246],[-98.20842789,32.52037878],[-98.22776026,32.53225668],[-98.2343727,32.53637483],[-98.24709262,32.54429663],[-98.26512139,32.5557072],[-98.26642499,32.55653434],[-98.28575736,32.5689354],[-98.29512993,32.57503956],[-98.30508973,32.58150962],[-98.32442209,32.59398743],[-98.32499472,32.59437193],[-98.34375446,32.60715318],[-98.35343111,32.6137043],[-98.36308683,32.62024124],[-98.38170267,32.63303666],[-98.3824192,32.63352789],[-98.40175156,32.64691045],[-98.40952344,32.65236904],[-98.42108393,32.66044636],[-98.43695638,32.6717014],[-98.4404163,32.6741548],[-98.45974867,32.68797404],[-98.46397663,32.69103376],[-98.47908103,32.70193596],[-98.4905932,32.71036614],[-98.4984134,32.71612297],[-98.51653014,32.7296985],[-98.51774577,32.73060942],[-98.53707814,32.74525009],[-98.54200501,32.74903088],[-98.5564105,32.76014483],[-98.56691654,32.76836324],[-98.57574287,32.77526774],[-98.5913617,32.7876956],[-98.59507524,32.79065843],[-98.61440761,32.8062304],[-98.61538657,32.80702798],[-98.63373997,32.82206265],[-98.63893422,32.82636034],[-98.65307234,32.83805819],[-98.66214918,32.84569272],[-98.67240471,32.85431862],[-98.6849702,32.86502508],[-98.69173708,32.87080665],[-98.70739575,32.88435744],[-98.71106944,32.8875366],[-98.72950142,32.90368982],[-98.73040181,32.9044789],[-98.74973418,32.92161054],[-98.75130852,32.92302218],[-98.76906655,32.93894488],[-98.77282242,32.94235454],[-98.78839891,32.95645575],[-98.7940898,32.96168692],[-98.80773128,32.97422651],[-98.8150325,32.98101928],[-98.82706365,32.99221261],[-98.83573401,33.00035166],[-98.84639602,33.01036023],[-98.85621201,33.01968402],[-98.86572838,33.02869818],[-98.87649515,33.03901638],[-98.88506075,33.04722508],[-98.8965351,33.05834876],[-98.90439312,33.06594556],[-98.91642871,33.07768112],[-98.92372549,33.084796],[-98.93611452,33.0970135],[-98.94305785,33.10382291],[-98.95568518,33.11634586],[-98.96239022,33.12297725],[-98.97512619,33.13567822],[-98.98172259,33.1422565],[-98.99440699,33.1550106],[-99.00105496,33.16167679],[-99.01358389,33.17434296],[-99.02038732,33.18122093],[-99.03264027,33.19367534],[-99.03971969,33.20085148],[-99.05161592,33.2130077],[-99.05905206,33.22062718],[-99.07030257,33.23234006],[-99.07838443,33.24113983],[-99.08778563,33.25167244],[-99.09771679,33.26340378],[-99.10395983,33.2710048],[-99.11704916,33.28807607],[-99.11872465,33.29033717],[-99.13206702,33.30966954],[-99.13638153,33.31642948],[-99.1441034,33.3290019],[-99.15477365,33.34833428],[-99.1557139,33.35019891],[-99.16414535,33.36766664],[-99.17226291,33.38699901],[-99.17504626,33.39447475],[-99.17924779,33.40633138],[-99.18513012,33.42566374],[-99.19014605,33.44499611],[-99.19414154,33.46432848],[-99.19437863,33.46555453],[-99.19778917,33.48366084],[-99.20055148,33.50299321],[-99.2026436,33.52232558],[-99.20407588,33.54165795],[-99.20473991,33.56099031]]]}},
{"type":"Feature","properties":{"Lower":3.0},"geometry":{"type":"Polygon","coordinates":[[[-100.09271591,32.94235454],[-100.09200848,32.96168692],[-100.09055233,32.98101928],[-100.08831217,33.00035166],[-100.08530482,33.01968402],[-100.08366755,33.02798523],[-100.08148429,33.03901638],[-100.07682619,33.05834876],[-100.07113955,33.07768112],[-100.06433518,33.09590922],[-100.06390045,33.0970135],[-100.05560642,33.11634586],[-100.04500281,33.13430699],[-100.04407812,33.13567822],[-100.02941645,33.1550106],[-100.02567045,33.15904733],[-100.00787869,33.17434296],[-100.00633808,33.17548356],[-99.98700571,33.18645199],[-99.96767334,33.1931251],[-99.96532785,33.19367534],[-99.94834098,33.19727279],[-99.92900861,33.19817427],[-99.90967624,33.19650676],[-99.89625409,33.19367534],[-99.89034387,33.192504],[-99.87101151,33.18613417],[-99.85167914,33.17790048],[-99.84516379,33.17434296],[-99.83234677,33.16805618],[-99.8130144,33.15665366],[-99.81081765,33.1550106],[-99.79368204,33.14409524],[-99.78299998,33.13567822],[-99.77434967,33.13018897],[-99.75742637,33.11634586],[-99.7550173,33.11489743],[-99.73568493,33.09906424],[-99.73264601,33.0970135],[-99.71635257,33.08776935],[-99.6987506,33.07768112],[-99.6970202,33.07649026],[-99.69222928,33.05834876],[-99.690035,33.03901638],[-99.68965903,33.01968402],[-99.69005288,33.00035166],[-99.69088968,32.98101928],[-99.69226581,32.96168692],[-99.69421311,32.94235454],[-99.69654447,32.92302218],[-99.6970202,32.91959397],[-99.69858707,32.90368982],[-99.7006924,32.88435744],[-99.70309694,32.86502508],[-99.705873,32.84569272],[-99.70910102,32.82636034],[-99.71289296,32.80702798],[-99.71635257,32.791669],[-99.71802272,32.7876956],[-99.72652596,32.76836324],[-99.73568493,32.75001372],[-99.73636801,32.74903088],[-99.74914061,32.7296985],[-99.7550173,32.72045744],[-99.76437282,32.71036614],[-99.77434967,32.69852225],[-99.78320397,32.69103376],[-99.79368204,32.68141376],[-99.80762481,32.6717014],[-99.8130144,32.66766301],[-99.83234677,32.65684596],[-99.84324683,32.65236904],[-99.85167914,32.6486898],[-99.87101151,32.64322795],[-99.89034387,32.64038678],[-99.90967624,32.64021527],[-99.92900861,32.64265136],[-99.94834098,32.64761973],[-99.96015804,32.65236904],[-99.96767334,32.65604396],[-99.98700571,32.67069573],[-99.98813325,32.6717014],[-100.00581695,32.69103376],[-100.00633808,32.69169583],[-100.02125774,32.71036614],[-100.02567045,32.71699409],[-100.03432623,32.7296985],[-100.04500281,32.74803003],[-100.04560646,32.74903088],[-100.05583936,32.76836324],[-100.06433518,32.78681166],[-100.06475537,32.7876956],[-100.07219275,32.80702798],[-100.07854329,32.82636034],[-100.08328931,32.84569272],[-100.08366755,32.84749481],[-100.08765221,32.86502508],[-100.09036689,32.88435744],[-100.09193078,32.90368982],[-100.09269961,32.92302218],[-100.09271591,32.94235454]],[[-99.82309174,32.90368982],[-99.81910872,32.92302218],[-99.8130144,32.93781166],[-99.81117546,32.94235454],[-99.79928911,32.96168692],[-99.79368204,32.9683701],[-99.78325885,32.98101928],[-99.77434967,32.98916345],[-99.76123736,33.00035166],[-99.7550173,33.00394454],[-99.73568493,33.00747893],[-99.72366267,33.00035166],[-99.71635257,32.99399757],[-99.7147405,32.98101928],[-99.7147435,32.96168692],[-99.7153801,32.94235454],[-99.71635257,32.92560081],[-99.71703446,32.92302218],[-99.72349695,32.90368982],[-99.73007404,32.88435744],[-99.73568493,32.86678544],[-99.73817975,32.86502508],[-99.7550173,32.85145798],[-99.77211237,32.84569272],[-99.77434967,32.84493006],[-99.79368204,32.84428523],[-99.79715381,32.84569272],[-99.8130144,32.85880586],[-99.81701696,32.86502508],[-99.82276929,32.88435744],[-99.82309174,32.90368982]]]}},
{"type":"Feature","properties":{"Lower":3.0},"geometry":{"type":"Polygon","coordinates":[[[-97.17732332,37.89144068],[-97.17614643,37.91077305],[-97.17343464,37.93010541],[-97.16902773,37.94943778],[-97.16448003,37.96388044],[-97.16268098,37.96877015],[-97.15437569,37.98810251],[-97.14514766,38.00596671],[-97.1443328,38.00743489],[-97.13345194,38.02676725],[-97.1258153,38.04041774],[-97.12264769,38.04609962],[-97.11280412,38.06543199],[-97.10648293,38.07826743],[-97.10321576,38.08476435],[-97.09410178,38.10409673],[-97.08715056,38.11936398],[-97.08525638,38.12342909],[-97.07741522,38.14276145],[-97.07039025,38.16209383],[-97.06781819,38.17048456],[-97.06441283,38.18142619],[-97.05946141,38.20075857],[-97.05551284,38.22009093],[-97.05269373,38.23942329],[-97.05086602,38.25875567],[-97.04967422,38.27808803],[-97.04931367,38.29742039],[-97.04848583,38.30617723],[-97.04741591,38.31675277],[-97.04609038,38.33608513],[-97.04457915,38.35541751],[-97.04285892,38.37474987],[-97.04095891,38.39408223],[-97.03897135,38.41341461],[-97.03685532,38.43274697],[-97.03470654,38.45207935],[-97.03252428,38.47141171],[-97.03033127,38.49074407],[-97.02915346,38.50071643],[-97.02791918,38.51007645],[-97.025285,38.52940881],[-97.02264663,38.54874119],[-97.02002826,38.56807355],[-97.00982109,38.57290754],[-96.99048872,38.57290892],[-96.98565335,38.56807355],[-96.97115636,38.55357768],[-96.96631985,38.54874119],[-96.95182399,38.53424615],[-96.94698664,38.52940881],[-96.93249161,38.51491445],[-96.91315924,38.51491514],[-96.90832055,38.51007645],[-96.89382687,38.49558336],[-96.8889876,38.49074407],[-96.87449451,38.47625163],[-96.86965458,38.47141171],[-96.85516214,38.45692005],[-96.85032144,38.45207935],[-96.83582977,38.43758862],[-96.83098814,38.43274697],[-96.83098794,38.41341461],[-96.8164974,38.3989253],[-96.81165434,38.39408223],[-96.79716504,38.3795944],[-96.79232051,38.37474987],[-96.77783267,38.36026376],[-96.77298643,38.35541751],[-96.7585003,38.34093339],[-96.75365205,38.33608513],[-96.75365115,38.31675277],[-96.73916793,38.30227208],[-96.73431625,38.29742039],[-96.71983557,38.2829426],[-96.714981,38.27808803],[-96.7005032,38.26361348],[-96.69564538,38.25875567],[-96.68117083,38.24428477],[-96.67630937,38.23942329],[-96.67630743,38.22009093],[-96.66183846,38.20562624],[-96.66183846,38.20559269],[-96.67088529,38.20075857],[-96.68117083,38.19045922],[-96.69001418,38.18142619],[-96.7005032,38.17089578],[-96.70910127,38.16209383],[-96.71983557,38.15131791],[-96.72819754,38.14276145],[-96.73916793,38.13174934],[-96.74731269,38.12342909],[-96.7585003,38.11224148],[-96.76650601,38.10409673],[-96.77783267,38.09281135],[-96.78579263,38.08476435],[-96.79716504,38.0735002],[-96.80520453,38.06543199],[-96.8164974,38.05434951],[-96.82479561,38.04609962],[-96.83582977,38.03537927],[-96.84458119,38.02676725],[-96.85516214,38.01649505],[-96.86428373,38.00743489],[-96.87449451,37.99740539],[-96.88376654,37.98810251],[-96.89382687,37.97806439],[-96.90292037,37.96877015],[-96.91315924,37.95835127],[-96.92169743,37.94943778],[-96.93249161,37.93818146],[-96.93999905,37.93010541],[-96.95182399,37.91725793],[-96.95755864,37.91077305],[-96.97115636,37.89501211],[-96.97412691,37.89144068],[-96.98996433,37.87210831],[-96.99048872,37.87146028],[-97.00517526,37.85277594],[-97.00982109,37.84662006],[-97.01927449,37.83344358],[-97.02915346,37.81858088],[-97.03190429,37.81411121],[-97.0426283,37.79477884],[-97.04848583,37.78232465],[-97.05132855,37.77544648],[-97.05768397,37.7561141],[-97.06192118,37.73678174],[-97.0640294,37.71744937],[-97.06405147,37.698117],[-97.06208685,37.67878464],[-97.0587288,37.65945226],[-97.05451473,37.6401199],[-97.04980055,37.62078754],[-97.04848583,37.61576897],[-97.04472145,37.60145516],[-97.03980029,37.5821228],[-97.03520557,37.56279044],[-97.03104493,37.54345806],[-97.02915346,37.53356327],[-97.02732202,37.5241257],[-97.02410499,37.50479332],[-97.02135762,37.48546096],[-97.01885738,37.4661286],[-97.016461,37.44679622],[-97.01391304,37.42746386],[-97.01081553,37.40813148],[-97.00982109,37.40362057],[-97.00623815,37.38879912],[-96.99887998,37.36946676],[-96.99048872,37.35620589],[-96.98526949,37.35013438],[-96.97115636,37.34026691],[-96.95182399,37.33232786],[-96.94689109,37.33080202],[-96.93249161,37.32662781],[-96.91315924,37.32157313],[-96.89382687,37.31672565],[-96.87449451,37.31191481],[-96.87270106,37.31146964],[-96.85516214,37.30721259],[-96.83582977,37.30247397],[-96.8164974,37.29765053],[-96.79716504,37.29272365],[-96.79489408,37.29213728],[-96.77783267,37.28788629],[-96.7585003,37.28298938],[-96.73916793,37.27808779],[-96.71983557,37.27325497],[-96.71799106,37.27280492],[-96.7005032,37.268703],[-96.68117083,37.26428423],[-96.66183846,37.25997638],[-96.6425061,37.25573909],[-96.63200459,37.25347254],[-96.62317373,37.25163991],[-96.60384136,37.24769394],[-96.58450899,37.24376948],[-96.56517663,37.23983706],[-96.54584426,37.23587099],[-96.53745376,37.23414018],[-96.52651189,37.23198338],[-96.50717952,37.22815056],[-96.48784716,37.22424552],[-96.46851479,37.22024739],[-96.44918242,37.21613396],[-96.44305824,37.2148078],[-96.42985005,37.21206982],[-96.41051769,37.20799292],[-96.39118532,37.20379943],[-96.37185295,37.19945222],[-96.35479451,37.19547544],[-96.35252058,37.19495799],[-96.33318822,37.19053805],[-96.31385585,37.18604741],[-96.30901803,37.19547544],[-96.30898447,37.19547544],[-96.30899417,37.17614308],[-96.30900369,37.1568107],[-96.30901268,37.13747834],[-96.31385585,37.13263517],[-96.33318822,37.11876949],[-96.35252058,37.12333443],[-96.37185295,37.12799797],[-96.39118532,37.13278307],[-96.40968938,37.13747834],[-96.41051769,37.13767477],[-96.42985005,37.14230664],[-96.44918242,37.14704833],[-96.46851479,37.15190832],[-96.48746888,37.1568107],[-96.48784716,37.15690109],[-96.50717952,37.16159076],[-96.52651189,37.16638938],[-96.54584426,37.17131522],[-96.56430002,37.17614308],[-96.56517663,37.17635176],[-96.58450899,37.18104647],[-96.60384136,37.18584827],[-96.62317373,37.19076474],[-96.64120549,37.19547544],[-96.6425061,37.19577844],[-96.66183846,37.2003669],[-96.68117083,37.20498652],[-96.7005032,37.20964683],[-96.71983557,37.21435226],[-96.72168279,37.2148078],[-96.73916793,37.21900166],[-96.7585003,37.22367514],[-96.77783267,37.22836289],[-96.79716504,37.23307679],[-96.80150957,37.23414018],[-96.8164974,37.23780575],[-96.83582977,37.24254762],[-96.85516214,37.24732135],[-96.87449451,37.25215911],[-96.87966811,37.25347254],[-96.89382687,37.25704281],[-96.91315924,37.2620004],[-96.93249161,37.26711547],[-96.95182399,37.2724866],[-96.95289911,37.27280492],[-96.97115636,37.27819115],[-96.99048872,37.28465194],[-97.00844141,37.29213728],[-97.00982109,37.29277578],[-97.02915346,37.30654579],[-97.03392559,37.31146964],[-97.04848583,37.33042375],[-97.04873466,37.33080202],[-97.05801147,37.35013438],[-97.06426155,37.36946676],[-97.06781819,37.38491495],[-97.0687035,37.38879912],[-97.07212762,37.40813148],[-97.07497393,37.42746386],[-97.07755048,37.44679622],[-97.08019836,37.4661286],[-97.0832664,37.48546096],[-97.08682523,37.50479332],[-97.08715056,37.50635499],[-97.09097464,37.5241257],[-97.09561571,37.54345806],[-97.10073377,37.56279044],[-97.10631341,37.5821228],[-97.10648293,37.58267338],[-97.11243613,37.60145516],[-97.11873834,37.62078754],[-97.12495768,37.6401199],[-97.1258153,37.64287982],[-97.13111264,37.65945226],[-97.13707342,37.67878464],[-97.14281607,37.698117],[-97.14514766,37.70646785],[-97.14833269,37.71744937],[-97.15354492,37.73678174],[-97.15842238,37.7561141],[-97.16293778,37.77544648],[-97.16448003,37.78294306],[-97.16703843,37.79477884],[-97.17065497,37.81411121],[-97.17356858,37.83344358],[-97.17578064,37.85277594],[-97.17715028,37.87210831],[-97.17732332,37.89144068]]]}},
{"type":"Feature","properties":{"Lower":3.0},"geometry":{"type":"Polygon","coordinates":[[[-99.0772721,33.71564925],[-99.07708531,33.73498163],[-99.07623758,33.75431399],[-99.07474748,33.77364635],[-99.07263152,33.79297873],[-99.0699037,33.81231109],[-99.06656779,33.83164347],[-99.06266829,33.85097583],[-99.05905206,33.86641483],[-99.05813347,33.87030819],[-99.05267696,33.88964057],[-99.04658669,33.90897293],[-99.03991519,33.92830531],[-99.03971969,33.92877615],[-99.03191896,33.94763767],[-99.02328084,33.96697003],[-99.02038732,33.97275709],[-99.01358037,33.98630241],[-99.00370628,34.00563477],[-99.00105496,34.01073675],[-98.99356041,34.02496715],[-98.98333007,34.04429951],[-98.98172259,34.04726891],[-98.97271735,34.06363187],[-98.96239022,34.08258192],[-98.9621775,34.08296425],[-98.95134404,34.10229661],[-98.94305785,34.11724523],[-98.9405722,34.12162897],[-98.92960961,34.14096135],[-98.92372549,34.15137795],[-98.91857099,34.16029371],[-98.90736251,34.17962609],[-98.90439312,34.18462561],[-98.89568,34.19895845],[-98.88506075,34.21563037],[-98.88331727,34.21829081],[-98.86901704,34.23762319],[-98.86572838,34.24118893],[-98.85027658,34.25695555],[-98.84639602,34.25992568],[-98.82706365,34.27324076],[-98.82204526,34.27628793],[-98.80773128,34.28437449],[-98.78878617,34.29562029],[-98.78839891,34.2958994],[-98.76906655,34.31076994],[-98.76409322,34.31495265],[-98.74973418,34.32941199],[-98.74523317,34.33428503],[-98.73040181,34.35257834],[-98.72958742,34.35361739],[-98.71460756,34.37294976],[-98.71106944,34.37731374],[-98.69815941,34.39228213],[-98.69173708,34.39934553],[-98.67999382,34.41161449],[-98.67240471,34.41931056],[-98.66043091,34.43094687],[-98.65307234,34.43797423],[-98.63967752,34.45027923],[-98.63373997,34.45568071],[-98.61788883,34.4696116],[-98.61440761,34.47265718],[-98.59527274,34.48894397],[-98.59507524,34.48911091],[-98.57574287,34.50466571],[-98.57112139,34.50827633],[-98.5564105,34.51979629],[-98.54604031,34.5276087],[-98.53707814,34.53439997],[-98.51983413,34.54694107],[-98.51774577,34.54847246],[-98.4984134,34.56191013],[-98.49180818,34.56627344],[-98.47908103,34.57476864],[-98.46197911,34.5856058],[-98.45974867,34.58703768],[-98.4404163,34.59855973],[-98.42897632,34.60493817],[-98.42108393,34.6094047],[-98.40175156,34.61945316],[-98.39155778,34.62427054],[-98.3824192,34.62866663],[-98.36308683,34.63695933],[-98.34557994,34.64360291],[-98.34375446,34.64430933],[-98.32442209,34.65046969],[-98.30508973,34.65547398],[-98.28575736,34.65918536],[-98.26642499,34.66143808],[-98.24709262,34.66204241],[-98.22776026,34.66075196],[-98.20842789,34.6573256],[-98.18909552,34.65147473],[-98.17129836,34.64360291],[-98.16976315,34.64283036],[-98.15043079,34.6303951],[-98.14251446,34.62427054],[-98.13109841,34.61499296],[-98.11971499,34.60493817],[-98.11176604,34.59777244],[-98.09887926,34.5856058],[-98.09243367,34.57949344],[-98.0788732,34.56627344],[-98.0731013,34.56067133],[-98.05918685,34.54694107],[-98.05376894,34.54163387],[-98.03955706,34.5276087],[-98.03443657,34.52259937],[-98.01990323,34.50827633],[-98.0151042,34.5036009],[-98.00012583,34.48894397],[-97.99577183,34.48473161],[-97.98025686,34.4696116],[-97.97643947,34.46593303],[-97.96031195,34.45027923],[-97.9571071,34.44720293],[-97.94029289,34.43094687],[-97.93777473,34.4285455],[-97.91989227,34.41161449],[-97.91844236,34.41029225],[-97.89911,34.39302348],[-97.89826598,34.39228213],[-97.87977763,34.37656592],[-97.87544146,34.37294976],[-97.86044526,34.36083397],[-97.85135086,34.35361739],[-97.84111289,34.34573012],[-97.82600537,34.33428503],[-97.82178053,34.33117147],[-97.80244816,34.31716656],[-97.79934801,34.31495265],[-97.78311579,34.30366217],[-97.77131505,34.29562029],[-97.76378342,34.29061776],[-97.74445106,34.27804989],[-97.74169529,34.27628793],[-97.72511869,34.26594638],[-97.7102988,34.25695555],[-97.70578632,34.25426154],[-97.68645395,34.24299758],[-97.67713287,34.23762319],[-97.66712159,34.23168276],[-97.64778922,34.22043162],[-97.6440819,34.21829081],[-97.62845685,34.20886133],[-97.61164774,34.19895845],[-97.60912448,34.19740672],[-97.58979212,34.18567399],[-97.57962063,34.17962609],[-97.57045975,34.17396118],[-97.55112738,34.16226042],[-97.54783917,34.16029371],[-97.53179501,34.15035331],[-97.51622637,34.14096135],[-97.51246265,34.13861431],[-97.49313028,34.12672428],[-97.4846719,34.12162897],[-97.47379791,34.11488001],[-97.45446554,34.10315803],[-97.4530314,34.10229661],[-97.43513318,34.09125772],[-97.42131069,34.08296425],[-97.41580081,34.07957113],[-97.39646844,34.0678363],[-97.38941409,34.06363187],[-97.37713607,34.0561395],[-97.35780371,34.04463871],[-97.35722951,34.04429951],[-97.33847134,34.03298141],[-97.32483329,34.02496715],[-97.31913897,34.02155185],[-97.2998066,34.01011316],[-97.29497289,34.00563477],[-97.29497035,33.98630241],[-97.2998066,33.98146616],[-97.31429898,33.96697003],[-97.3142968,33.94763767],[-97.31913897,33.9427955],[-97.33362594,33.92830531],[-97.33847134,33.92345991],[-97.35295538,33.90897293],[-97.35295367,33.88964057],[-97.35780371,33.88479052],[-97.37228352,33.87030819],[-97.37228207,33.85097583],[-97.37713607,33.84612183],[-97.3916123,33.83164347],[-97.39646844,33.82678732],[-97.41094273,33.81231109],[-97.41094161,33.79297873],[-97.41580081,33.78811952],[-97.43027233,33.77364635],[-97.43027137,33.75431399],[-97.43513318,33.74945218],[-97.44960234,33.73498163],[-97.44960155,33.71564925],[-97.45446554,33.71078527],[-97.46893275,33.69631689],[-97.47379791,33.69145173],[-97.48826408,33.67698452],[-97.48826349,33.65765215],[-97.48829706,33.65765215],[-97.49313028,33.66190594],[-97.51246265,33.67373512],[-97.51748438,33.67698452],[-97.53179501,33.6860033],[-97.54726572,33.69631689],[-97.55112738,33.69883875],[-97.57045975,33.71215567],[-97.575283,33.71564925],[-97.58979212,33.72588207],[-97.60196759,33.73498163],[-97.60912448,33.74022014],[-97.6261772,33.75431399],[-97.62845685,33.75606005],[-97.64778922,33.77029355],[-97.65186053,33.77364635],[-97.66712159,33.78595107],[-97.67540708,33.79297873],[-97.68645395,33.8021562],[-97.69817113,33.81231109],[-97.70578632,33.81877824],[-97.7201697,33.83164347],[-97.72511869,33.83598297],[-97.7415702,33.85097583],[-97.74445106,33.85355052],[-97.7624241,33.87030819],[-97.76378342,33.87154569],[-97.78184974,33.88964057],[-97.78311579,33.89082307],[-97.80184192,33.90897293],[-97.80244816,33.90954785],[-97.82153427,33.92830531],[-97.82178053,33.92854124],[-97.84095745,33.94763767],[-97.84111289,33.94778929],[-97.86013724,33.96697003],[-97.86044526,33.96727311],[-97.87917403,33.98630241],[-97.87977763,33.98690126],[-97.89808133,34.00563477],[-97.89911,34.00665953],[-97.9169417,34.02496715],[-97.91844236,34.02646225],[-97.93643544,34.04429951],[-97.93777473,34.0456388],[-97.95524616,34.06363187],[-97.9571071,34.06547942],[-97.97410274,34.08296425],[-97.97643947,34.08526877],[-97.99323559,34.10229661],[-97.99577183,34.10480723],[-98.01209902,34.12162897],[-98.0151042,34.12469426],[-98.03040221,34.14096135],[-98.03443657,34.14518089],[-98.04840449,34.16029371],[-98.05376894,34.16596767],[-98.06626597,34.17962609],[-98.0731013,34.18684231],[-98.0842509,34.19895845],[-98.09243367,34.20743095],[-98.10260356,34.21829081],[-98.11176604,34.2274533],[-98.12166249,34.23762319],[-98.13109841,34.24660056],[-98.14175322,34.25695555],[-98.15043079,34.26460629],[-98.16347423,34.27628793],[-98.16976315,34.28131385],[-98.18761843,34.29562029],[-98.18909552,34.29681366],[-98.20842789,34.31246033],[-98.21149175,34.31495265],[-98.22776026,34.32836075],[-98.23491024,34.33428503],[-98.24709262,34.34446854],[-98.25800829,34.35361739],[-98.26642499,34.36067176],[-98.28127051,34.37294976],[-98.28575736,34.37659594],[-98.30504269,34.39228213],[-98.30508973,34.39231779],[-98.32442209,34.40532719],[-98.33460445,34.41161449],[-98.34375446,34.41666571],[-98.36308683,34.42503358],[-98.3824192,34.43023942],[-98.39030379,34.43094687],[-98.40175156,34.431751],[-98.41190706,34.43094687],[-98.42108393,34.43020117],[-98.4404163,34.4260982],[-98.45974867,34.42016559],[-98.47908103,34.41281583],[-98.48164136,34.41161449],[-98.4984134,34.40361984],[-98.51774577,34.39347185],[-98.51972502,34.39228213],[-98.53707814,34.38168721],[-98.55041881,34.37294976],[-98.5564105,34.36896282],[-98.57574287,34.35500303],[-98.57749699,34.35361739],[-98.59507524,34.33943633],[-98.60097441,34.33428503],[-98.61440761,34.3221792],[-98.62166067,34.31495265],[-98.63373997,34.30227987],[-98.6395833,34.29562029],[-98.65307234,34.2804515],[-98.65674999,34.27628793],[-98.67240471,34.26221643],[-98.67978889,34.25695555],[-98.69173708,34.25030121],[-98.71106944,34.24069736],[-98.71720136,34.23762319],[-98.73040181,34.22711902],[-98.74031879,34.21829081],[-98.74973418,34.20655242],[-98.75550009,34.19895845],[-98.7687758,34.17962609],[-98.76906655,34.17917951],[-98.7807154,34.16029371],[-98.78839891,34.14791094],[-98.79249193,34.14096135],[-98.80356481,34.12162897],[-98.80773128,34.11415362],[-98.81399275,34.10229661],[-98.8228056,34.08296425],[-98.82706365,34.06927233],[-98.82877821,34.06363187],[-98.83199895,34.04429951],[-98.83333933,34.02496715],[-98.83299552,34.00563477],[-98.83118254,33.98630241],[-98.82809923,33.96697003],[-98.82706365,33.96201226],[-98.82357306,33.94763767],[-98.81791384,33.92830531],[-98.81133936,33.90897293],[-98.80773128,33.8992994],[-98.80369762,33.88964057],[-98.79500049,33.87030819],[-98.78839891,33.85660441],[-98.78542986,33.85097583],[-98.77479179,33.83164347],[-98.76906655,33.82167461],[-98.76326517,33.81231109],[-98.75086409,33.79297873],[-98.74973418,33.79126996],[-98.73726998,33.77364635],[-98.73040181,33.76416822],[-98.72279826,33.75431399],[-98.71106944,33.73952754],[-98.70706846,33.73498163],[-98.69173708,33.71795966],[-98.68944411,33.71564925],[-98.67240471,33.69886328],[-98.66960888,33.69631689],[-98.65307234,33.68147644],[-98.6476702,33.67698452],[-98.63373997,33.66556875],[-98.6234927,33.65765215],[-98.61440761,33.65073322],[-98.59722439,33.63831979],[-98.59507524,33.63678361],[-98.57574287,33.62374616],[-98.56839328,33.61898742],[-98.5564105,33.61131161],[-98.5386414,33.59965505],[-98.53707814,33.59867933],[-98.51774577,33.58807168],[-98.5041112,33.58032268],[-98.4984134,33.57711894],[-98.47908103,33.56659458],[-98.46849092,33.56099031],[-98.45974867,33.55641404],[-98.4404163,33.54648611],[-98.43076018,33.54165795],[-98.42108393,33.53687295],[-98.40175156,33.52749768],[-98.39087803,33.52232558],[-98.3824192,33.5183171],[-98.36308683,33.50937084],[-98.34927762,33.50299321],[-98.34375446,33.50047128],[-98.32442209,33.49186078],[-98.30767675,33.48366084],[-98.30508973,33.48245629],[-98.28575736,33.47490633],[-98.26642499,33.46648412],[-98.26137451,33.46432848],[-98.24709262,33.45828179],[-98.22776026,33.45006346],[-98.21585479,33.44499611],[-98.20842789,33.4418737],[-98.18909552,33.43385605],[-98.17165668,33.42566374],[-98.16976315,33.4248216],[-98.15043079,33.41773439],[-98.13109841,33.40963354],[-98.12319434,33.40633138],[-98.11176604,33.40161966],[-98.09243367,33.39359763],[-98.07691974,33.38699901],[-98.0731013,33.38539663],[-98.05376894,33.37741579],[-98.03443657,33.36917921],[-98.03086747,33.36766664],[-98.0151042,33.36108021],[-97.99577183,33.35280727],[-97.98546915,33.34833428],[-97.97643947,33.344489],[-97.9571071,33.33606467],[-97.94133416,33.3290019],[-97.93777473,33.3274392],[-97.91844236,33.31893646],[-97.90060418,33.30966954],[-97.89911,33.30894598],[-97.87977763,33.30114244],[-97.86044526,33.29194099],[-97.85713068,33.29033717],[-97.84111289,33.28270985],[-97.82178053,33.27317504],[-97.81748709,33.2710048],[-97.80244816,33.26356632],[-97.78311579,33.25357626],[-97.77953086,33.25167244],[-97.76378342,33.24353919],[-97.74531118,33.23234006],[-97.74445106,33.22750696],[-97.74445106,33.2274734],[-97.75891766,33.2130077],[-97.75891826,33.19367534],[-97.76378342,33.18881016],[-97.77825162,33.17434296],[-97.78311579,33.16947879],[-97.79758506,33.1550106],[-97.79758576,33.13567822],[-97.80244816,33.13081583],[-97.81691929,33.11634586],[-97.81692005,33.0970135],[-97.82178053,33.09215301],[-97.83625365,33.07768112],[-97.84111289,33.07282188],[-97.8555873,33.05834876],[-97.85558815,33.03901638],[-97.86044526,33.03415927],[-97.87492187,33.01968402],[-97.87492277,33.00035166],[-97.87977763,32.99549678],[-97.89425655,32.98101928],[-97.89911,32.97616584],[-97.91359039,32.96168692],[-97.91359135,32.94235454],[-97.91844236,32.93750353],[-97.93292525,32.92302218],[-97.93292624,32.90368982],[-97.93777473,32.89884132],[-97.95226021,32.88435744],[-97.95226123,32.86502508],[-97.9571071,32.86017921],[-97.97159525,32.84569272],[-97.97643947,32.84084849],[-97.99092931,32.82636034],[-97.99093039,32.80702798],[-97.99577183,32.80218652],[-98.01026449,32.7876956],[-98.0102656,32.76836324],[-98.0151042,32.76352463],[-98.02959975,32.74903088],[-98.03443657,32.74419405],[-98.04893393,32.7296985],[-98.04893509,32.71036614],[-98.05376894,32.70553229],[-98.0731013,32.70914496],[-98.0751627,32.71036614],[-98.09243367,32.72067591],[-98.1074842,32.7296985],[-98.11176604,32.73226541],[-98.13109841,32.7439665],[-98.13939133,32.74903088],[-98.15043079,32.75578971],[-98.16976315,32.76767868],[-98.17086403,32.76836324],[-98.18909552,32.77972896],[-98.20182266,32.7876956],[-98.20842789,32.79184074],[-98.22776026,32.80404489],[-98.23243614,32.80702798],[-98.24709262,32.81640215],[-98.26253959,32.82636034],[-98.26642499,32.82886514],[-98.28575736,32.84139902],[-98.29227189,32.84569272],[-98.30508973,32.85416225],[-98.32128151,32.86502508],[-98.32442209,32.86713204],[-98.34375446,32.88025907],[-98.34969939,32.88435744],[-98.36308683,32.89356341],[-98.37760006,32.90368982],[-98.3824192,32.90705227],[-98.40175156,32.92065041],[-98.40507203,32.92302218],[-98.42108393,32.93445926],[-98.43198439,32.94235454],[-98.4404163,32.94843141],[-98.45855772,32.96168692],[-98.45974867,32.96255495],[-98.47908103,32.97685847],[-98.48461053,32.98101928],[-98.4984134,32.99135443],[-98.51023495,33.00035166],[-98.51774577,33.00604001],[-98.53547436,33.01968402],[-98.53707814,33.02091228],[-98.5564105,33.03596865],[-98.56023876,33.03901638],[-98.57574287,33.05129984],[-98.58448009,33.05834876],[-98.59507524,33.06683506],[-98.60829981,33.07768112],[-98.61440761,33.08264279],[-98.63174313,33.0970135],[-98.63373997,33.098661],[-98.65307234,33.11483635],[-98.65485667,33.11634586],[-98.67240471,33.13115589],[-98.67770373,33.13567822],[-98.69173708,33.14759831],[-98.70036785,33.1550106],[-98.71106944,33.16415833],[-98.72285488,33.17434296],[-98.73040181,33.18083438],[-98.74517066,33.19367534],[-98.74973418,33.19762472],[-98.76727393,33.2130077],[-98.76906655,33.21456902],[-98.78839891,33.23162632],[-98.7891998,33.23234006],[-98.80773128,33.24877919],[-98.81095093,33.25167244],[-98.82706365,33.26605224],[-98.83254282,33.2710048],[-98.84639602,33.28344123],[-98.85398157,33.29033717],[-98.86572838,33.30101609],[-98.87506051,33.30966954],[-98.88506075,33.31915815],[-98.8951871,33.3290019],[-98.90439312,33.33820793],[-98.91423686,33.34833428],[-98.92372549,33.35843355],[-98.93214578,33.36766664],[-98.94305785,33.38006158],[-98.94895239,33.38699901],[-98.96239022,33.40349097],[-98.96461728,33.40633138],[-98.97910064,33.42566374],[-98.98172259,33.42932246],[-98.99249052,33.44499611],[-99.00105496,33.45826048],[-99.00479613,33.46432848],[-99.01599511,33.48366084],[-99.02038732,33.49173544],[-99.02619211,33.50299321],[-99.03538213,33.52232558],[-99.03971969,33.53218058],[-99.04365229,33.54165795],[-99.05094826,33.56099031],[-99.05735074,33.58032268],[-99.05905206,33.58617693],[-99.06270241,33.59965505],[-99.06715123,33.61898742],[-99.07074481,33.63831979],[-99.07353225,33.65765215],[-99.07553965,33.67698452],[-99.07675953,33.69631689],[-99.0772721,33.71564925]]]}},
{"type":"Feature","properties":{"Lower":4.0},"geometry":{"type":"Polygon","coordinates":[[[-99.82309174,32.90368982],[-99.81910872,32.92302218],[-99.8130144,32.93781166],[-99.81117546,32.94235454],[-99.79928911,32.96168692],[-99.79368204,32.9683701],[-99.78325885,32.98101928],[-99.77434967,32.98916345],[-99.76123736,33.00035166],[-99.7550173,33.00394454],[-99.73568493,33.00747893],[-99.72366267,33.00035166],[-99.71635257,32.99399757],[-99.7147405,32.98101928],[-99.7147435,32.96168692],[-99.7153801,32.94235454],[-99.71635257,32.92560081],[-99.71703446,32.92302218],[-99.72349695,32.90368982],[-99.73007404,32.88435744],[-99.73568493,32.86678544],[-99.73817975,32.86502508],[-99.7550173,32.85145798],[-99.77211237,32.84569272],[-99.77434967,32.84493006],[-99.79368204,32.84428523],[-99.79715381,32.84569272],[-99.8130144,32.85880586],[-99.81701696,32.86502508],[-99.82276929,32.88435744],[-99.82309174,32.90368982]]]}},
{"type":"Feature","properties":{"Lower":4.0},"geometry":{"type":"Polygon","coordinates":[[[-97.06405147,37.698117],[-97.0640294,37.71744937],[-97.06192118,37.73678174],[-97.05768397,37.7561141],[-97.05132855,37.77544648],[-97.04848583,37.78232465],[-97.0426283,37.79477884],[-97.03190429,37.81411121],[-97.02915346,37.81858088],[-97.01927449,37.83344358],[-97.00982109,37.84662006],[-97.00517526,37.85277594],[-96.99048872,37.87146028],[-96.98996433,37.87210831],[-96.97412691,37.89144068],[-96.97115636,37.89501211],[-96.95755864,37.91077305],[-96.95182399,37.91725793],[-96.93999905,37.93010541],[-96.93249161,37.93818146],[-96.92169743,37.94943778],[-96.91315924,37.95835127],[-96.90292037,37.96877015],[-96.89382687,37.97806439],[-96.88376654,37.98810251],[-96.87449451,37.99740539],[-96.86428373,38.00743489],[-96.85516214,38.01649505],[-96.84458119,38.02676725],[-96.83582977,38.03537927],[-96.82479561,38.04609962],[-96.8164974,38.05434951],[-96.80520453,38.06543199],[-96.79716504,38.0735002],[-96.78579263,38.08476435],[-96.77783267,38.09281135],[-96.76650601,38.10409673],[-96.7585003,38.11224148],[-96.74731269,38.12342909],[-96.73916793,38.13174934],[-96.72819754,38.14276145],[-96.71983557,38.15131791],[-96.70910127,38.16209383],[-96.7005032,38.17089578],[-96.69001418,38.18142619],[-96.68117083,38.19045922],[-96.67088529,38.20075857],[-96.66183846,38.20559269],[-96.65700434,38.20075857],[-96.6425061,38.18626494],[-96.63766736,38.18142619],[-96.62317373,38.16693742],[-96.61833013,38.16209383],[-96.61832756,38.14276145],[-96.60384136,38.12828035],[-96.59899011,38.12342909],[-96.58450899,38.1089531],[-96.57965262,38.10409673],[-96.56517663,38.08962574],[-96.56031524,38.08476435],[-96.54584426,38.07029815],[-96.54097809,38.06543199],[-96.54097568,38.04609962],[-96.52651189,38.03164017],[-96.52163898,38.02676725],[-96.50717952,38.01231174],[-96.50230267,38.00743489],[-96.48784716,37.99298287],[-96.4829668,37.98810251],[-96.48296512,37.96877015],[-96.46851479,37.95432265],[-96.46362992,37.94943778],[-96.44918242,37.9349927],[-96.44429514,37.93010541],[-96.42985005,37.91566236],[-96.42496075,37.91077305],[-96.41051769,37.89633168],[-96.40562669,37.89144068],[-96.4056259,37.87210831],[-96.39118532,37.85766896],[-96.3862923,37.85277594],[-96.37185295,37.83833757],[-96.36695897,37.83344358],[-96.35252058,37.81900597],[-96.34762583,37.81411121],[-96.34762548,37.79477884],[-96.33318822,37.7803421],[-96.3282926,37.77544648],[-96.32829237,37.7561141],[-96.31385585,37.74167788],[-96.3089597,37.73678174],[-96.29452348,37.72234573],[-96.28962712,37.71744937],[-96.28962703,37.698117],[-96.28962697,37.67878464],[-96.27519111,37.66434885],[-96.27029452,37.65945226],[-96.2702945,37.6401199],[-96.27029449,37.62078754],[-96.25585875,37.6063518],[-96.25096211,37.60145516],[-96.25096211,37.5821228],[-96.25096211,37.56279044],[-96.25096211,37.54345806],[-96.25096212,37.5241257],[-96.25096219,37.50479332],[-96.25096235,37.48546096],[-96.25096264,37.4661286],[-96.2509631,37.44679622],[-96.25096382,37.42746386],[-96.25096481,37.40813148],[-96.25096618,37.38879912],[-96.25585875,37.38390655],[-96.27030084,37.36946676],[-96.27030325,37.35013438],[-96.27030626,37.33080202],[-96.2703099,37.31146964],[-96.27031428,37.29213728],[-96.27519111,37.28726046],[-96.28965324,37.27280492],[-96.28965946,37.25347254],[-96.28966657,37.23414018],[-96.28967457,37.2148078],[-96.29452348,37.2099589],[-96.30901803,37.19547544],[-96.31385585,37.18604741],[-96.33318822,37.19053805],[-96.35252058,37.19495799],[-96.35479451,37.19547544],[-96.37185295,37.19945222],[-96.39118532,37.20379943],[-96.41051769,37.20799292],[-96.42985005,37.21206982],[-96.44305824,37.2148078],[-96.44918242,37.21613396],[-96.46851479,37.22024739],[-96.48784716,37.22424552],[-96.50717952,37.22815056],[-96.52651189,37.23198338],[-96.53745376,37.23414018],[-96.54584426,37.23587099],[-96.56517663,37.23983706],[-96.58450899,37.24376948],[-96.60384136,37.24769394],[-96.62317373,37.25163991],[-96.63200459,37.25347254],[-96.6425061,37.25573909],[-96.66183846,37.25997638],[-96.68117083,37.26428423],[-96.7005032,37.268703],[-96.71799106,37.27280492],[-96.71983557,37.27325497],[-96.73916793,37.27808779],[-96.7585003,37.28298938],[-96.77783267,37.28788629],[-96.79489408,37.29213728],[-96.79716504,37.29272365],[-96.8164974,37.29765053],[-96.83582977,37.30247397],[-96.85516214,37.30721259],[-96.87270106,37.31146964],[-96.87449451,37.31191481],[-96.89382687,37.31672565],[-96.91315924,37.32157313],[-96.93249161,37.32662781],[-96.94689109,37.33080202],[-96.95182399,37.33232786],[-96.97115636,37.34026691],[-96.98526949,37.35013438],[-96.99048872,37.35620589],[-96.99887998,37.36946676],[-97.00623815,37.38879912],[-97.00982109,37.40362057],[-97.01081553,37.40813148],[-97.01391304,37.42746386],[-97.016461,37.44679622],[-97.01885738,37.4661286],[-97.02135762,37.48546096],[-97.02410499,37.50479332],[-97.02732202,37.5241257],[-97.02915346,37.53356327],[-97.03104493,37.54345806],[-97.03520557,37.56279044],[-97.03980029,37.5821228],[-97.04472145,37.60145516],[-97.04848583,37.61576897],[-97.04980055,37.62078754],[-97.05451473,37.6401199],[-97.0587288,37.65945226],[-97.06208685,37.67878464],[-97.06405147,37.698117]]]}},
{"type":"Feature","properties":{"Lower":4.0},"geometry":{"type":"Polygon","coordinates":[[[-98.83333933,34.02496715],[-98.83199895,34.04429951],[-98.82877821,34.06363187],[-98.82706365,34.06927233],[-98.8228056,34.08296425],[-98.81399275,34.10229661],[-98.80773128,34.11415362],[-98.80356481,34.12162897],[-98.79249193,34.14096135],[-98.78839891,34.14791094],[-98.7807154,34.16029371],[-98.76906655,34.17917951],[-98.7687758,34.17962609],[-98.75550009,34.19895845],[-98.74973418,34.20655242],[-98.74031879,34.21829081],[-98.73040181,34.22711902],[-98.71720136,34.23762319],[-98.71106944,34.24069736],[-98.69173708,34.25030121],[-98.67978889,34.25695555],[-98.67240471,34.26221643],[-98.65674999,34.27628793],[-98.65307234,34.2804515],[-98.6395833,34.29562029],[-98.63373997,34.30227987],[-98.62166067,34.31495265],[-98.61440761,34.3221792],[-98.60097441,34.33428503],[-98.59507524,34.33943633],[-98.57749699,34.35361739],[-98.57574287,34.35500303],[-98.5564105,34.36896282],[-98.55041881,34.37294976],[-98.53707814,34.38168721],[-98.51972502,34.39228213],[-98.51774577,34.39347185],[-98.4984134,34.40361984],[-98.48164136,34.41161449],[-98.47908103,34.41281583],[-98.45974867,34.42016559],[-98.4404163,34.4260982],[-98.42108393,34.43020117],[-98.41190706,34.43094687],[-98.40175156,34.431751],[-98.39030379,34.43094687],[-98.3824192,34.43023942],[-98.36308683,34.42503358],[-98.34375446,34.41666571],[-98.33460445,34.41161449],[-98.32442209,34.40532719],[-98.30508973,34.39231779],[-98.30504269,34.39228213],[-98.28575736,34.37659594],[-98.28127051,34.37294976],[-98.26642499,34.36067176],[-98.25800829,34.35361739],[-98.24709262,34.34446854],[-98.23491024,34.33428503],[-98.22776026,34.32836075],[-98.21149175,34.31495265],[-98.20842789,34.31246033],[-98.18909552,34.29681366],[-98.18761843,34.29562029],[-98.16976315,34.28131385],[-98.16347423,34.27628793],[-98.15043079,34.26460629],[-98.14175322,34.25695555],[-98.13109841,34.24660056],[-98.12166249,34.23762319],[-98.11176604,34.2274533],[-98.10260356,34.21829081],[-98.09243367,34.20743095],[-98.0842509,34.19895845],[-98.0731013,34.18684231],[-98.06626597,34.17962609],[-98.05376894,34.16596767],[-98.04840449,34.16029371],[-98.03443657,34.14518089],[-98.03040221,34.14096135],[-98.0151042,34.12469426],[-98.01209902,34.12162897],[-97.99577183,34.10480723],[-97.99323559,34.10229661],[-97.97643947,34.08526877],[-97.97410274,34.08296425],[-97.9571071,34.06547942],[-97.95524616,34.06363187],[-97.93777473,34.0456388],[-97.93643544,34.04429951],[-97.91844236,34.02646225],[-97.9169417,34.02496715],[-97.89911,34.00665953],[-97.89808133,34.00563477],[-97.87977763,33.98690126],[-97.87917403,33.98630241],[-97.86044526,33.96727311],[-97.86013724,33.96697003],[-97.84111289,33.94778929],[-97.84095745,33.94763767],[-97.82178053,33.92854124],[-97.82153427,33.92830531],[-97.80244816,33.90954785],[-97.80184192,33.90897293],[-97.78311579,33.89082307],[-97.78184974,33.88964057],[-97.76378342,33.87154569],[-97.7624241,33.87030819],[-97.74445106,33.85355052],[-97.7415702,33.85097583],[-97.72511869,33.83598297],[-97.7201697,33.83164347],[-97.70578632,33.81877824],[-97.69817113,33.81231109],[-97.68645395,33.8021562],[-97.67540708,33.79297873],[-97.66712159,33.78595107],[-97.65186053,33.77364635],[-97.64778922,33.77029355],[-97.62845685,33.75606005],[-97.6261772,33.75431399],[-97.60912448,33.74022014],[-97.60196759,33.73498163],[-97.58979212,33.72588207],[-97.575283,33.71564925],[-97.57045975,33.71215567],[-97.55112738,33.69883875],[-97.54726572,33.69631689],[-97.53179501,33.6860033],[-97.51748438,33.67698452],[-97.51246265,33.67373512],[-97.49313028,33.66190594],[-97.48829706,33.65765215],[-97.49313028,33.65281894],[-97.50762858,33.63831979],[-97.50762812,33.61898742],[-97.51246265,33.61415289],[-97.52695982,33.59965505],[-97.53179501,33.59481986],[-97.54629163,33.58032268],[-97.54629133,33.56099031],[-97.55112738,33.55615426],[-97.56562331,33.54165795],[-97.56562311,33.52232558],[-97.57045975,33.51748894],[-97.58495524,33.50299321],[-97.58979212,33.49815633],[-97.60428745,33.48366084],[-97.60428741,33.46432848],[-97.60912448,33.45949141],[-97.62361977,33.44499611],[-97.62361983,33.42566374],[-97.62845685,33.42082672],[-97.64295234,33.40633138],[-97.64778922,33.40149449],[-97.66228492,33.38699901],[-97.66228512,33.36766664],[-97.66712159,33.36283017],[-97.68161785,33.34833428],[-97.68161814,33.3290019],[-97.68645395,33.32416609],[-97.700951,33.30966954],[-97.70095138,33.29033717],[-97.70578632,33.28550222],[-97.72028439,33.2710048],[-97.72511869,33.2661705],[-97.73961747,33.25167244],[-97.73961795,33.23234006],[-97.74445106,33.22750696],[-97.74531118,33.23234006],[-97.76378342,33.24353919],[-97.77953086,33.25167244],[-97.78311579,33.25357626],[-97.80244816,33.26356632],[-97.81748709,33.2710048],[-97.82178053,33.27317504],[-97.84111289,33.28270985],[-97.85713068,33.29033717],[-97.86044526,33.29194099],[-97.87977763,33.30114244],[-97.89911,33.30894598],[-97.90060418,33.30966954],[-97.91844236,33.31893646],[-97.93777473,33.3274392],[-97.94133416,33.3290019],[-97.9571071,33.33606467],[-97.97643947,33.344489],[-97.98546915,33.34833428],[-97.99577183,33.35280727],[-98.0151042,33.36108021],[-98.03086747,33.36766664],[-98.03443657,33.36917921],[-98.05376894,33.37741579],[-98.0731013,33.38539663],[-98.07691974,33.38699901],[-98.09243367,33.39359763],[-98.11176604,33.40161966],[-98.12319434,33.40633138],[-98.13109841,33.40963354],[-98.15043079,33.41773439],[-98.16976315,33.4248216],[-98.17165668,33.42566374],[-98.18909552,33.43385605],[-98.20842789,33.4418737],[-98.21585479,33.44499611],[-98.22776026,33.45006346],[-98.24709262,33.45828179],[-98.26137451,33.46432848],[-98.26642499,33.46648412],[-98.28575736,33.47490633],[-98.30508973,33.48245629],[-98.30767675,33.48366084],[-98.32442209,33.49186078],[-98.34375446,33.50047128],[-98.34927762,33.50299321],[-98.36308683,33.50937084],[-98.3824192,33.5183171],[-98.39087803,33.52232558],[-98.40175156,33.52749768],[-98.42108393,33.53687295],[-98.43076018,33.54165795],[-98.4404163,33.54648611],[-98.45974867,33.55641404],[-98.46849092,33.56099031],[-98.47908103,33.56659458],[-98.4984134,33.57711894],[-98.5041112,33.58032268],[-98.51774577,33.58807168],[-98.53707814,33.59867933],[-98.5386414,33.59965505],[-98.5564105,33.61131161],[-98.56839328,33.61898742],[-98.57574287,33.62374616],[-98.59507524,33.63678361],[-98.59722439,33.63831979],[-98.61440761,33.65073322],[-98.6234927,33.65765215],[-98.63373997,33.66556875],[-98.6476702,33.67698452],[-98.65307234,33.68147644],[-98.66960888,33.69631689],[-98.67240471,33.69886328],[-98.68944411,33.71564925],[-98.69173708,33.71795966],[-98.70706846,33.73498163],[-98.71106944,33.73952754],[-98.72279826,33.75431399],[-98.73040181,33.76416822],[-98.73726998,33.77364635],[-98.74973418,33.79126996],[-98.75086409,33.79297873],[-98.76326517,33.81231109],[-98.76906655,33.82167461],[-98.77479179,33.83164347],[-98.78542986,33.85097583],[-98.78839891,33.85660441],[-98.79500049,33.87030819],[-98.80369762,33.88964057],[-98.80773128,33.8992994],[-98.81133936,33.90897293],[-98.81791384,33.92830531],[-98.82357306,33.94763767],[-98.82706365,33.96201226],[-98.82809923,33.96697003],[-98.83118254,33.98630241],[-98.83299552,34.00563477],[-98.83333933,34.02496715]]]}}
]
}
