{
"type": "FeatureCollection",
"name": "26_HRS_TKW",
"crs": { "type": "name", "properties": { "name": "urn:ogc:def:crs:EPSG::4269" } },
"features": [
{"type":"Feature","properties":{"Lower":26.2482},"geometry":{"type":"Polygon","coordinates":[[[-101.17545838,45.63152315],[-101.15115883,45.6565444],[-101.13538454,45.66999829],[-101.1126837,45.68316046],[-101.07420854,45.68646051],[-101.03573338,45.68086906],[-101.01802958,45.66999829],[-100.99725825,45.65086202],[-100.99032596,45.63152315],[-100.99251045,45.59304801],[-100.99725825,45.57595771],[-101.01062379,45.55457286],[-101.03573338,45.53448518],[-101.07420854,45.52448163],[-101.1126837,45.5312435],[-101.15115883,45.54798741],[-101.15835426,45.55457286],[-101.17395265,45.59304801],[-101.17545838,45.63152315]]]}},
{"type":"Feature","properties":{"Lower":26.2482},"geometry":{"type":"Polygon","coordinates":[[[-99.90845922,45.28524684],[-99.90796485,45.32372198],[-99.90105634,45.36219712],[-99.8878825,45.40067229],[-99.88147901,45.41294681],[-99.86917075,45.43914743],[-99.84517928,45.47762258],[-99.84300388,45.48036803],[-99.8143429,45.51609772],[-99.80452872,45.52274904],[-99.76605359,45.53665429],[-99.72757843,45.53545573],[-99.68910327,45.52248638],[-99.67728846,45.51609772],[-99.65062814,45.50171009],[-99.61229868,45.47762258],[-99.61215298,45.4775184],[-99.57367785,45.4506027],[-99.5580165,45.43914743],[-99.53520269,45.41724373],[-99.5165808,45.40067229],[-99.49672756,45.36435438],[-99.49558242,45.36219712],[-99.48542428,45.32372198],[-99.48155893,45.28524684],[-99.48338831,45.2467717],[-99.48990856,45.20829655],[-99.49672756,45.18222738],[-99.50082835,45.16982141],[-99.51637388,45.13134627],[-99.53356295,45.09287112],[-99.53520269,45.08954298],[-99.55864879,45.05439596],[-99.57367785,45.03229875],[-99.59841308,45.01592081],[-99.61215298,45.00663944],[-99.65062814,45.00193173],[-99.68910327,45.01069011],[-99.70034886,45.01592081],[-99.72757843,45.02966305],[-99.76352829,45.05439596],[-99.76605359,45.05629802],[-99.80452872,45.09051177],[-99.80691133,45.09287112],[-99.84119422,45.13134627],[-99.84300388,45.13374339],[-99.86826985,45.16982141],[-99.88147901,45.19433036],[-99.88875176,45.20829655],[-99.90219515,45.2467717],[-99.90845922,45.28524684]]]}},
{"type":"Feature","properties":{"Lower":26.2482},"geometry":{"type":"Polygon","coordinates":[[[-102.74561972,46.78577754],[-102.74524342,46.82425268],[-102.73349077,46.86272782],[-102.72863981,46.872567],[-102.71397596,46.90120296],[-102.69216368,46.93967811],[-102.69016468,46.94289029],[-102.66692367,46.97815327],[-102.65168952,47.0006471],[-102.64001655,47.01662842],[-102.61321439,47.05167628],[-102.6103705,47.05510356],[-102.57695722,47.0935787],[-102.57473923,47.09605613],[-102.53967415,47.13205385],[-102.5362641,47.13546391],[-102.49778894,47.16717039],[-102.49312259,47.17052899],[-102.45931381,47.19555036],[-102.43225334,47.20900413],[-102.42083865,47.21458436],[-102.38236349,47.22327993],[-102.34388836,47.22044255],[-102.31837356,47.20900413],[-102.3054132,47.20167874],[-102.27675546,47.17052899],[-102.26693807,47.15609166],[-102.256513,47.13205385],[-102.24687638,47.0935787],[-102.24278863,47.05510356],[-102.23595094,47.01662842],[-102.22846291,46.99337122],[-102.22403794,46.97815327],[-102.21745096,46.93967811],[-102.21666123,46.90120296],[-102.22078575,46.86272782],[-102.22846291,46.83466776],[-102.23185224,46.82425268],[-102.24652589,46.78577754],[-102.26693807,46.7540039],[-102.27274206,46.74730239],[-102.3054132,46.71936979],[-102.32433205,46.70882725],[-102.34388836,46.70042905],[-102.38236349,46.69123969],[-102.42083865,46.68887743],[-102.45931381,46.69202099],[-102.49778894,46.69955199],[-102.5362641,46.70578513],[-102.55873451,46.70882725],[-102.57473923,46.71142499],[-102.61321439,46.71937122],[-102.65168952,46.7274351],[-102.69016468,46.73755237],[-102.71426761,46.74730239],[-102.72863981,46.75880014],[-102.74561972,46.78577754]]]}},
{"type":"Feature","properties":{"Lower":26.2482},"geometry":{"type":"Polygon","coordinates":[[[-107.15097544,48.28630823],[-107.15070154,48.32478338],[-107.14890768,48.36325852],[-107.14240453,48.40173366],[-107.13298791,48.44020881],[-107.12045822,48.47868395],[-107.11480646,48.49142719],[-107.10284345,48.51715911],[-107.08209582,48.55563426],[-107.07633133,48.57124419],[-107.06805919,48.5941094],[-107.06133576,48.63258454],[-107.06111892,48.67105969],[-107.06420323,48.70953483],[-107.06727726,48.74800997],[-107.07025714,48.78648512],[-107.07315095,48.82496028],[-107.07459764,48.86343543],[-107.07633133,48.87996665],[-107.07853987,48.90191057],[-107.08100884,48.94038571],[-107.08336449,48.97886086],[-107.08573612,49.017336],[-107.08799302,49.05581114],[-107.09018002,49.09428628],[-107.0923432,49.13276145],[-107.09438865,49.17123659],[-107.09644826,49.20971174],[-107.09844535,49.24818688],[-107.11480646,49.25780639],[-107.11480646,49.2578582],[-107.07633133,49.25785649],[-107.03785617,49.25785494],[-106.99938104,49.25785356],[-106.96090588,49.25785232],[-106.92243072,49.25785124],[-106.88395559,49.2578503],[-106.84548043,49.25784953],[-106.8070053,49.2578489],[-106.76853014,49.25784845],[-106.73005501,49.25784815],[-106.69157985,49.25784796],[-106.65310472,49.25784784],[-106.61462956,49.25784784],[-106.57615443,49.25784791],[-106.53767927,49.25784808],[-106.49920411,49.25784833],[-106.46072898,49.25784871],[-106.42225382,49.25784918],[-106.38377869,49.25784981],[-106.34530353,49.25785058],[-106.3068284,49.25785154],[-106.26835324,49.25785272],[-106.22987811,49.25785407],[-106.19140295,49.25785557],[-106.15292782,49.25785724],[-106.11445267,49.25785904],[-106.11445267,49.25780724],[-106.14777599,49.24818688],[-106.14861114,49.20971174],[-106.14896478,49.17123659],[-106.14904069,49.13276145],[-106.14862447,49.09428628],[-106.14790665,49.05581114],[-106.14678938,49.017336],[-106.1452451,48.97886086],[-106.14336229,48.94038571],[-106.14114851,48.90191057],[-106.13836287,48.86343543],[-106.1353082,48.82496028],[-106.13158552,48.78648512],[-106.127457,48.74800997],[-106.12275526,48.70953483],[-106.11745465,48.67105969],[-106.11445267,48.65192289],[-106.1116498,48.63258454],[-106.10552569,48.5941094],[-106.09867164,48.55563426],[-106.09108757,48.51715911],[-106.08254809,48.47868395],[-106.07597754,48.45053768],[-106.07375645,48.44020881],[-106.06511004,48.40173366],[-106.05600703,48.36325852],[-106.0465565,48.32478338],[-106.03750238,48.29385285],[-106.03551997,48.28630823],[-106.02800772,48.24783309],[-106.01939837,48.20935795],[-106.01168703,48.17088278],[-106.0052672,48.13240764],[-106.00100856,48.09393249],[-106.00214134,48.05545735],[-106.0062849,48.01698221],[-106.02465071,47.97850706],[-106.03750238,47.96448698],[-106.07178833,47.94003192],[-106.07597754,47.93800682],[-106.11445267,47.92479099],[-106.15292782,47.91658894],[-106.19140295,47.91209996],[-106.22987811,47.91013727],[-106.26835324,47.91020909],[-106.3068284,47.911451],[-106.34530353,47.91356655],[-106.38377869,47.91640882],[-106.42225382,47.91972975],[-106.46072898,47.9234245],[-106.49920411,47.92759922],[-106.53767927,47.93215434],[-106.57615443,47.93701326],[-106.59915226,47.94003192],[-106.61462956,47.9422736],[-106.65310472,47.94811033],[-106.69157985,47.95421368],[-106.73005501,47.96078665],[-106.76853014,47.96780481],[-106.8070053,47.97565772],[-106.81969481,47.97850706],[-106.84548043,47.98495299],[-106.88395559,47.99565903],[-106.92243072,48.00777476],[-106.94798202,48.01698221],[-106.96090588,48.02235732],[-106.99938104,48.04038171],[-107.02675398,48.05545735],[-107.03785617,48.06290276],[-107.07633133,48.09117854],[-107.07929578,48.09393249],[-107.10825671,48.13240764],[-107.11480646,48.14377907],[-107.12858619,48.17088278],[-107.14184315,48.20935795],[-107.14939578,48.24783309],[-107.15097544,48.28630823]]]}},
{"type":"Feature","properties":{"Lower":28.0},"geometry":{"type":"Polygon","coordinates":[[[-96.3660897,46.09322491],[-96.3528768,46.13170006],[-96.34176557,46.13913951],[-96.30329044,46.1555418],[-96.27544849,46.1701752],[-96.26481529,46.17762251],[-96.22634016,46.20003444],[-96.20879453,46.20865034],[-96.187865,46.22188768],[-96.14938987,46.23298344],[-96.11091471,46.2315385],[-96.07243955,46.21917327],[-96.05429389,46.20865034],[-96.03396442,46.1964172],[-96.00340436,46.1701752],[-95.99548926,46.16274629],[-95.96911412,46.13170006],[-95.95701413,46.11352238],[-95.94522325,46.09322491],[-95.93112661,46.05474977],[-95.92734556,46.0162746],[-95.92930942,45.97779946],[-95.93260135,45.93932432],[-95.93931451,45.90084917],[-95.95069255,45.86237403],[-95.95701413,45.84624358],[-95.96917092,45.82389889],[-95.99548926,45.78587808],[-95.99604705,45.78542375],[-96.03396442,45.75948951],[-96.07243955,45.75476395],[-96.11091471,45.76554383],[-96.14537761,45.78542375],[-96.14938987,45.78759923],[-96.187865,45.8182072],[-96.19359134,45.82389889],[-96.22634016,45.85511092],[-96.23262959,45.86237403],[-96.26481529,45.89972309],[-96.26558715,45.90084917],[-96.29022483,45.93932432],[-96.30329044,45.95955753],[-96.31425792,45.97779946],[-96.33759511,46.0162746],[-96.34176557,46.02419368],[-96.35661665,46.05474977],[-96.3660897,46.09322491]]]}},
{"type":"Feature","properties":{"Lower":28.0},"geometry":{"type":"Polygon","coordinates":[[[-99.08390457,45.40067229],[-99.07350096,45.42669034],[-99.06839951,45.43914743],[-99.04737038,45.47762258],[-99.0350258,45.50180935],[-99.02533223,45.51609772],[-98.99655067,45.55074191],[-98.99244154,45.55457286],[-98.95807551,45.58480773],[-98.94629976,45.59304801],[-98.91960038,45.61097164],[-98.88112522,45.63115558],[-98.88030361,45.63152315],[-98.84265009,45.6486914],[-98.80417493,45.66303142],[-98.78204227,45.66999829],[-98.76569977,45.67532869],[-98.72722464,45.6856485],[-98.68874948,45.69343528],[-98.65027435,45.69703143],[-98.61179919,45.69146564],[-98.57420462,45.66999829],[-98.57332406,45.66873101],[-98.55412439,45.63152315],[-98.5477317,45.59304801],[-98.54809877,45.55457286],[-98.55439844,45.51609772],[-98.56525266,45.47762258],[-98.57332406,45.46427492],[-98.58435308,45.43914743],[-98.60849831,45.40067229],[-98.61179919,45.3973714],[-98.64909368,45.36219712],[-98.65027435,45.36158498],[-98.68874948,45.34226638],[-98.72722464,45.32950332],[-98.75157075,45.32372198],[-98.76569977,45.32099616],[-98.80417493,45.31396915],[-98.84265009,45.3082293],[-98.88112522,45.30332788],[-98.91960038,45.29996785],[-98.95807551,45.29697763],[-98.99655067,45.29567171],[-99.0350258,45.3131766],[-99.04664528,45.32372198],[-99.07350096,45.35872722],[-99.07592495,45.36219712],[-99.08390457,45.40067229]]]}},
{"type":"Feature","properties":{"Lower":28.0},"geometry":{"type":"Polygon","coordinates":[[[-112.31857264,48.51715911],[-112.30895116,48.50507601],[-112.27047603,48.48933175],[-112.24546743,48.47868395],[-112.23200087,48.47293089],[-112.19352574,48.45614602],[-112.15792506,48.44020881],[-112.15505058,48.43892791],[-112.11657545,48.42130122],[-112.07810029,48.40352234],[-112.07443574,48.40173366],[-112.03962516,48.38547661],[-112.00115,48.36772974],[-111.99175998,48.36325852],[-111.96267487,48.35001099],[-111.92419971,48.33328308],[-111.90392799,48.32478338],[-111.88572455,48.3172352],[-111.84724942,48.30262415],[-111.80877426,48.28927007],[-111.77029913,48.29176844],[-111.73182398,48.30091148],[-111.69334885,48.30654928],[-111.65487369,48.30810369],[-111.61639856,48.30609004],[-111.5779234,48.30161299],[-111.53944827,48.29524207],[-111.50097311,48.28730151],[-111.49679037,48.28630823],[-111.46249795,48.27635644],[-111.42402282,48.26421506],[-111.38554766,48.25123289],[-111.37607581,48.24783309],[-111.34707253,48.23612254],[-111.30859737,48.22024697],[-111.28277931,48.20935795],[-111.27012224,48.20360049],[-111.23164708,48.18639294],[-111.19466652,48.17088278],[-111.19317195,48.17022576],[-111.15469679,48.15385675],[-111.11622166,48.1384515],[-111.10052631,48.13240764],[-111.0777465,48.12314883],[-111.03927137,48.10841296],[-111.00079621,48.09439243],[-110.99950452,48.09393249],[-110.96232105,48.07982611],[-110.92384592,48.06641421],[-110.89128574,48.05545735],[-110.88537076,48.05326596],[-110.84689563,48.03991416],[-110.80842047,48.02756798],[-110.77446318,48.01698221],[-110.76994534,48.01544898],[-110.73147018,48.00322554],[-110.69299505,47.99171919],[-110.65451989,47.98067634],[-110.64662451,47.97850706],[-110.61604476,47.96962991],[-110.5775696,47.9590423],[-110.53909444,47.94903699],[-110.50263065,47.94003192],[-110.50061931,47.93950514],[-110.46214415,47.93005752],[-110.42366902,47.92118584],[-110.38519386,47.9128899],[-110.34671873,47.90514084],[-110.32754423,47.90155678],[-110.30824358,47.89772608],[-110.26976845,47.89073617],[-110.23129329,47.88453774],[-110.19281816,47.87935118],[-110.154343,47.87523115],[-110.11586784,47.87225185],[-110.07739271,47.87035075],[-110.03891755,47.86962035],[-110.00044242,47.87005936],[-109.96196726,47.87152513],[-109.92349213,47.87406225],[-109.88501697,47.87748621],[-109.84654184,47.88168073],[-109.80806668,47.88644278],[-109.76959155,47.89154156],[-109.73111639,47.89674466],[-109.69798447,47.90155678],[-109.69264126,47.90230759],[-109.6541661,47.90625458],[-109.61569094,47.91058697],[-109.57721581,47.91592234],[-109.53874065,47.92278203],[-109.50026552,47.93147362],[-109.46874856,47.94003192],[-109.46179036,47.94196862],[-109.42331523,47.95359383],[-109.38484007,47.96375365],[-109.34636494,47.97213221],[-109.31244432,47.97850706],[-109.30788978,47.97936618],[-109.26941465,47.98370088],[-109.23093949,47.98780142],[-109.19246433,47.99132196],[-109.1539892,47.99478244],[-109.11551404,47.99836819],[-109.07703891,48.00231488],[-109.03856375,48.00684074],[-109.00008862,48.01204138],[-108.96827623,48.01698221],[-108.96161346,48.01803093],[-108.92313833,48.02492441],[-108.88466318,48.03202062],[-108.84618805,48.03957691],[-108.80771289,48.04758209],[-108.77519315,48.05545735],[-108.76923776,48.05688561],[-108.7307626,48.06545631],[-108.69228744,48.07560441],[-108.65381231,48.08677379],[-108.63141878,48.09393249],[-108.61533715,48.09912655],[-108.57686202,48.11274073],[-108.53838686,48.12788283],[-108.52794857,48.13240764],[-108.49991173,48.14474648],[-108.46143657,48.16371808],[-108.44833048,48.17088278],[-108.42296144,48.18503406],[-108.38448628,48.20815468],[-108.38268748,48.20935795],[-108.34601115,48.23487494],[-108.32851362,48.24783309],[-108.30753599,48.264766],[-108.28352459,48.28630823],[-108.26906083,48.30029153],[-108.24548343,48.32478338],[-108.2305857,48.34107066],[-108.21136755,48.36325852],[-108.19211054,48.38615895],[-108.17958291,48.40173366],[-108.15363541,48.43428564],[-108.14907908,48.44020881],[-108.1193137,48.47868395],[-108.11516025,48.48439991],[-108.09152184,48.51715911],[-108.07668512,48.53944005],[-108.06595132,48.55563426],[-108.04256356,48.5941094],[-108.03820996,48.60196776],[-108.02140591,48.63258454],[-108.00239097,48.67105969],[-107.99973483,48.67716585],[-107.98585141,48.70953483],[-107.97186962,48.74800997],[-107.96125967,48.78217339],[-107.95998076,48.78648512],[-107.95383095,48.82496028],[-107.94936422,48.86343543],[-107.94506307,48.90191057],[-107.94082118,48.94038571],[-107.93672212,48.97886086],[-107.93270009,49.017336],[-107.92878635,49.05581114],[-107.92492974,49.09428628],[-107.92278454,49.11632205],[-107.92125194,49.13276145],[-107.91777841,49.17123659],[-107.91433139,49.20971174],[-107.91093745,49.24818688],[-107.92278454,49.25780653],[-107.92278454,49.2578656],[-107.88430938,49.25786277],[-107.84583422,49.25785982],[-107.80735909,49.25785679],[-107.76888393,49.2578537],[-107.7304088,49.25785054],[-107.69193364,49.25784735],[-107.65345851,49.25784414],[-107.61498335,49.25784093],[-107.57650822,49.25783772],[-107.53803306,49.25783456],[-107.49955793,49.25783144],[-107.46108278,49.25782842],[-107.42260765,49.25782547],[-107.38413249,49.25782261],[-107.34565733,49.25781987],[-107.3071822,49.25781726],[-107.26870704,49.2578148],[-107.23023191,49.25781246],[-107.19175675,49.25781028],[-107.15328162,49.25780827],[-107.11480646,49.25780639],[-107.09844535,49.24818688],[-107.09644826,49.20971174],[-107.09438865,49.17123659],[-107.0923432,49.13276145],[-107.09018002,49.09428628],[-107.08799302,49.05581114],[-107.08573612,49.017336],[-107.08336449,48.97886086],[-107.08100884,48.94038571],[-107.07853987,48.90191057],[-107.07633133,48.87996665],[-107.07459764,48.86343543],[-107.07315095,48.82496028],[-107.07025714,48.78648512],[-107.06727726,48.74800997],[-107.06420323,48.70953483],[-107.06111892,48.67105969],[-107.06133576,48.63258454],[-107.06805919,48.5941094],[-107.07633133,48.57124419],[-107.08209582,48.55563426],[-107.10284345,48.51715911],[-107.11480646,48.49142719],[-107.12045822,48.47868395],[-107.13298791,48.44020881],[-107.14240453,48.40173366],[-107.14890768,48.36325852],[-107.15070154,48.32478338],[-107.15097544,48.28630823],[-107.14939578,48.24783309],[-107.14184315,48.20935795],[-107.12858619,48.17088278],[-107.11480646,48.14377907],[-107.10825671,48.13240764],[-107.07929578,48.09393249],[-107.07633133,48.09117854],[-107.03785617,48.06290276],[-107.02675398,48.05545735],[-106.99938104,48.04038171],[-106.96090588,48.02235732],[-106.94798202,48.01698221],[-106.92243072,48.00777476],[-106.88395559,47.99565903],[-106.84548043,47.98495299],[-106.81969481,47.97850706],[-106.8070053,47.97565772],[-106.76853014,47.96780481],[-106.73005501,47.96078665],[-106.69157985,47.95421368],[-106.65310472,47.94811033],[-106.61462956,47.9422736],[-106.59915226,47.94003192],[-106.57615443,47.93701326],[-106.53767927,47.93215434],[-106.49920411,47.92759922],[-106.46072898,47.9234245],[-106.42225382,47.91972975],[-106.38377869,47.91640882],[-106.34530353,47.91356655],[-106.3068284,47.911451],[-106.26835324,47.91020909],[-106.22987811,47.91013727],[-106.19140295,47.91209996],[-106.15292782,47.91658894],[-106.11445267,47.92479099],[-106.07597754,47.93800682],[-106.07178833,47.94003192],[-106.03750238,47.96448698],[-106.02465071,47.97850706],[-106.0062849,48.01698221],[-106.00214134,48.05545735],[-106.00100856,48.09393249],[-106.0052672,48.13240764],[-106.01168703,48.17088278],[-106.01939837,48.20935795],[-106.02800772,48.24783309],[-106.03551997,48.28630823],[-106.03750238,48.29385285],[-106.0465565,48.32478338],[-106.05600703,48.36325852],[-106.06511004,48.40173366],[-106.07375645,48.44020881],[-106.07597754,48.45053768],[-106.08254809,48.47868395],[-106.09108757,48.51715911],[-106.09867164,48.55563426],[-106.10552569,48.5941094],[-106.1116498,48.63258454],[-106.11445267,48.65192289],[-106.11745465,48.67105969],[-106.12275526,48.70953483],[-106.127457,48.74800997],[-106.13158552,48.78648512],[-106.1353082,48.82496028],[-106.13836287,48.86343543],[-106.14114851,48.90191057],[-106.14336229,48.94038571],[-106.1452451,48.97886086],[-106.14678938,49.017336],[-106.14790665,49.05581114],[-106.14862447,49.09428628],[-106.14904069,49.13276145],[-106.14896478,49.17123659],[-106.14861114,49.20971174],[-106.14777599,49.24818688],[-106.11445267,49.25780724],[-106.07597754,49.25780923],[-106.03750238,49.25781136],[-105.99902722,49.25781368],[-105.96055209,49.25781616],[-105.92207693,49.25781883],[-105.8836018,49.25782167],[-105.84512664,49.25782467],[-105.80665151,49.25782788],[-105.76817635,49.25783123],[-105.72970122,49.25783474],[-105.69122606,49.25783842],[-105.65275093,49.25784227],[-105.61427577,49.25784623],[-105.57580061,49.25785033],[-105.53732548,49.25785452],[-105.49885032,49.25785881],[-105.46037519,49.25786317],[-105.42190003,49.25786757],[-105.42190003,49.25780852],[-105.44671584,49.24818688],[-105.4446344,49.20971174],[-105.44236493,49.17123659],[-105.43996545,49.13276145],[-105.43741389,49.09428628],[-105.43473179,49.05581114],[-105.43189547,49.017336],[-105.4289039,48.97886086],[-105.42575811,48.94038571],[-105.42245709,48.90191057],[-105.42190003,48.89570859],[-105.41903968,48.86343543],[-105.41543508,48.82496028],[-105.41163646,48.78648512],[-105.40759486,48.74800997],[-105.40341177,48.70953483],[-105.39893629,48.67105969],[-105.39422034,48.63258454],[-105.38921376,48.5941094],[-105.38440874,48.55563426],[-105.3834249,48.54939196],[-105.37835778,48.51715911],[-105.37243638,48.47868395],[-105.36615042,48.44020881],[-105.35942345,48.40173366],[-105.35221234,48.36325852],[-105.34494974,48.32920518],[-105.34403359,48.32478338],[-105.33630966,48.28630823],[-105.32753027,48.24783309],[-105.31810363,48.20935795],[-105.30806811,48.17088278],[-105.30647461,48.16498541],[-105.29779247,48.13240764],[-105.2870335,48.09393249],[-105.27574355,48.05545735],[-105.26799945,48.03047181],[-105.26385539,48.01698221],[-105.2514437,47.97850706],[-105.23816493,47.94003192],[-105.22952432,47.91659182],[-105.22399648,47.90155678],[-105.20891535,47.86308161],[-105.19241093,47.82460647],[-105.19104916,47.82163427],[-105.17464794,47.78613133],[-105.15488488,47.74765618],[-105.15257403,47.74351099],[-105.13304306,47.70918104],[-105.11409887,47.67968318],[-105.10817706,47.6707059],[-105.07963232,47.63223075],[-105.07562371,47.62741737],[-105.04611956,47.59375561],[-105.03714858,47.58478461],[-105.00573051,47.55528044],[-104.99867342,47.54948655],[-104.96019829,47.52004769],[-104.95579292,47.5168053],[-104.92172313,47.49444311],[-104.89610699,47.47833016],[-104.883248,47.47027033],[-104.84477284,47.44425901],[-104.83877939,47.43985501],[-104.80629771,47.41518596],[-104.78678319,47.40137987],[-104.76782255,47.3874369],[-104.73169563,47.36290473],[-104.72934742,47.36124277],[-104.69087227,47.33479011],[-104.67586949,47.32442959],[-104.65239711,47.3071136],[-104.62474808,47.28595444],[-104.61392198,47.27702812],[-104.58014534,47.24747928],[-104.57544682,47.24235772],[-104.54533686,47.20900413],[-104.53697169,47.19869358],[-104.51336741,47.17052899],[-104.49849653,47.15232926],[-104.48087293,47.13205385],[-104.4600214,47.10841186],[-104.44563066,47.0935787],[-104.42154624,47.06970374],[-104.40427217,47.05510356],[-104.38307111,47.03787352],[-104.35049577,47.01662842],[-104.34459595,47.01290517],[-104.30612082,46.99269075],[-104.27037635,46.97815327],[-104.26764566,46.97706334],[-104.2291705,46.96415409],[-104.19069537,46.95405037],[-104.15222021,46.94606967],[-104.11374508,46.9402377],[-104.10981035,46.93967811],[-104.07526992,46.93466649],[-104.03679479,46.930392],[-103.99831963,46.92671206],[-103.9598445,46.92369126],[-103.92136934,46.92123024],[-103.88289421,46.9194033],[-103.84441905,46.91821671],[-103.80594392,46.91777688],[-103.76746876,46.91816915],[-103.7289936,46.91947294],[-103.69051847,46.92191601],[-103.65204331,46.92567309],[-103.61356818,46.93099299],[-103.57509302,46.93822337],[-103.56920836,46.93967811],[-103.53661789,46.94828337],[-103.49814273,46.96213976],[-103.46376625,46.97815327],[-103.4596676,46.98019984],[-103.42119244,47.00286711],[-103.40117576,47.01662842],[-103.38271731,47.02998242],[-103.35182387,47.05510356],[-103.34424215,47.06152797],[-103.30966004,47.0935787],[-103.305767,47.09730272],[-103.27199283,47.13205385],[-103.26729187,47.13704327],[-103.23759819,47.17052899],[-103.22881671,47.18073647],[-103.20572087,47.20900413],[-103.19034158,47.22842494],[-103.17593653,47.24747928],[-103.15186642,47.28036215],[-103.14788951,47.28595444],[-103.1208384,47.32442959],[-103.11339129,47.33517123],[-103.09416363,47.36290473],[-103.07491613,47.39087479],[-103.06757365,47.40137987],[-103.04099524,47.43985501],[-103.036441,47.44656749],[-103.01454613,47.47833016],[-102.99796584,47.50375994],[-102.98925105,47.5168053],[-102.96654533,47.55528044],[-102.95949071,47.56884427],[-102.94618347,47.59375561],[-102.92807761,47.63223075],[-102.92101555,47.64934263],[-102.91196381,47.6707059],[-102.89788451,47.70918104],[-102.88584506,47.74765618],[-102.88254042,47.76016129],[-102.87552995,47.78613133],[-102.86689028,47.82460647],[-102.85990592,47.86308161],[-102.85439253,47.90155678],[-102.85023302,47.94003192],[-102.84727369,47.97850706],[-102.84532021,48.01698221],[-102.84489131,48.05545735],[-102.84406526,48.07731324],[-102.84342846,48.09393249],[-102.84406526,48.1099121],[-102.84494817,48.13240764],[-102.84525552,48.17088278],[-102.84660301,48.20935795],[-102.84829962,48.24783309],[-102.85022586,48.28630823],[-102.8524259,48.32478338],[-102.85471282,48.36325852],[-102.85705623,48.40173366],[-102.85943213,48.44020881],[-102.8619506,48.47868395],[-102.86464721,48.51715911],[-102.86752178,48.55563426],[-102.87048122,48.5941094],[-102.87355696,48.63258454],[-102.87674897,48.67105969],[-102.87994435,48.70953483],[-102.88254042,48.73977495],[-102.88323793,48.74800997],[-102.88643909,48.78648512],[-102.88973379,48.82496028],[-102.89296744,48.86343543],[-102.89613445,48.90191057],[-102.89932451,48.94038571],[-102.90241173,48.97886086],[-102.90539982,49.017336],[-102.90831444,49.05581114],[-102.9111138,49.09428628],[-102.91376729,49.13276145],[-102.91624526,49.17123659],[-102.91853881,49.20971174],[-102.92101555,49.21933078],[-102.92101555,49.21938985],[-102.88254042,49.21938573],[-102.84406526,49.2193817],[-102.8055901,49.21937771],[-102.76711497,49.21937385],[-102.72863981,49.2193701],[-102.69016468,49.21936647],[-102.65168952,49.21936298],[-102.61321439,49.21935962],[-102.57473923,49.21935644],[-102.5362641,49.21935344],[-102.49778894,49.21935063],[-102.45931381,49.21934805],[-102.42083865,49.21934571],[-102.38236349,49.21934357],[-102.34388836,49.21934165],[-102.3054132,49.21933992],[-102.26693807,49.21933837],[-102.22846291,49.21933699],[-102.18998778,49.21933577],[-102.15151262,49.21933472],[-102.11303749,49.21933383],[-102.07456233,49.21933308],[-102.0360872,49.21933249],[-101.99761204,49.21933202],[-101.95913688,49.21933172],[-101.92066175,49.21933155],[-101.8821866,49.21933155],[-101.84371147,49.21933172],[-101.80523631,49.21933205],[-101.76676118,49.21933256],[-101.72828602,49.21933331],[-101.68981089,49.2193343],[-101.65133573,49.21933558],[-101.6128606,49.2193372],[-101.57438544,49.21933919],[-101.53591031,49.21934151],[-101.49743515,49.21934371],[-101.45895999,49.21934561],[-101.42048486,49.21934704],[-101.3820097,49.2193481],[-101.34353457,49.21934894],[-101.30505941,49.21934962],[-101.26658428,49.21935025],[-101.22810912,49.21935086],[-101.18963399,49.21935147],[-101.15115883,49.21935213],[-101.1126837,49.21935281],[-101.07420854,49.21935356],[-101.03573338,49.21935438],[-100.99725825,49.21935524],[-100.95878309,49.21935618],[-100.92030796,49.21935721],[-100.8818328,49.21935834],[-100.84335767,49.21935953],[-100.80488251,49.21936084],[-100.76640738,49.21936225],[-100.72793222,49.21936377],[-100.68945709,49.21936541],[-100.65098193,49.21936722],[-100.61250677,49.21936914],[-100.57403164,49.21937122],[-100.53555649,49.21937343],[-100.49708136,49.21937572],[-100.4586062,49.21937811],[-100.42013107,49.21938057],[-100.38165591,49.21938313],[-100.34318078,49.21938575],[-100.30470562,49.21938842],[-100.26623049,49.21939114],[-100.26623049,49.21933209],[-100.28828267,49.20971174],[-100.29631434,49.17123659],[-100.3038836,49.13276145],[-100.30470562,49.12940978],[-100.31358043,49.09428628],[-100.3227711,49.05581114],[-100.33227688,49.017336],[-100.34202563,48.97886086],[-100.34318078,48.97445449],[-100.35216917,48.94038571],[-100.36252364,48.90191057],[-100.37306321,48.86343543],[-100.38165591,48.83265585],[-100.38381774,48.82496028],[-100.39489076,48.78648512],[-100.40608126,48.74800997],[-100.41738937,48.70953483],[-100.42013107,48.70038341],[-100.42893424,48.67105969],[-100.44054843,48.63258454],[-100.45220406,48.5941094],[-100.4586062,48.5732098],[-100.46400065,48.55563426],[-100.47590858,48.51715911],[-100.48782049,48.47868395],[-100.49708136,48.44900365],[-100.4998469,48.44020881],[-100.51209944,48.40173366],[-100.52443316,48.36325852],[-100.53555649,48.32863111],[-100.53680682,48.32478338],[-100.54947246,48.28630823],[-100.56211682,48.24783309],[-100.57403164,48.21174619],[-100.57483235,48.20935795],[-100.58780019,48.17088278],[-100.60086192,48.13240764],[-100.61250677,48.09818864],[-100.61399187,48.09393249],[-100.62746281,48.05545735],[-100.64108616,48.01698221],[-100.65098193,47.98933922],[-100.65505785,47.97850706],[-100.66972456,47.94003192],[-100.68509246,47.90155678],[-100.68945709,47.89152258],[-100.70414596,47.86308161],[-100.72793222,47.82735569],[-100.73035851,47.82460647],[-100.76640738,47.79195557],[-100.78149561,47.78613133],[-100.80488251,47.77954559],[-100.84335767,47.78165069],[-100.85628471,47.78613133],[-100.8818328,47.7939321],[-100.92030796,47.81202772],[-100.94008874,47.82460647],[-100.95878309,47.83499221],[-100.99725825,47.86071608],[-101.00016357,47.86308161],[-101.03573338,47.88837659],[-101.05218426,47.90155678],[-101.07420854,47.91744718],[-101.10267355,47.94003192],[-101.1126837,47.94738358],[-101.15115883,47.97802309],[-101.15170659,47.97850706],[-101.18963399,48.00963425],[-101.19854318,48.01698221],[-101.22810912,48.04019871],[-101.24872648,48.05545735],[-101.26658428,48.06840285],[-101.30505941,48.08948124],[-101.34353457,48.08245504],[-101.3820097,48.06711265],[-101.4015676,48.05545735],[-101.42048486,48.04299988],[-101.44944865,48.01698221],[-101.45895999,48.00635327],[-101.48046315,47.97850706],[-101.49743515,47.94865462],[-101.50255843,47.94003192],[-101.51987618,47.90155678],[-101.53248696,47.86308161],[-101.53591031,47.84865858],[-101.54417603,47.82460647],[-101.55463186,47.78613133],[-101.56355483,47.74765618],[-101.57144627,47.70918104],[-101.57438544,47.69151911],[-101.58504636,47.6707059],[-101.59625328,47.63223075],[-101.59841747,47.59375561],[-101.60324883,47.55528044],[-101.60948843,47.5168053],[-101.6128606,47.50141525],[-101.6169719,47.47833016],[-101.62555185,47.43985501],[-101.63390672,47.40137987],[-101.64240469,47.36290473],[-101.65083512,47.32442959],[-101.65133573,47.3217597],[-101.65752067,47.28595444],[-101.66043633,47.24747928],[-101.66005634,47.20900413],[-101.65668618,47.17052899],[-101.65133573,47.1370795],[-101.65051851,47.13205385],[-101.64164484,47.0935787],[-101.63032522,47.05510356],[-101.61660145,47.01662842],[-101.6128606,47.00762039],[-101.60024638,46.97815327],[-101.58159629,46.93967811],[-101.57438544,46.92635414],[-101.56023967,46.90120296],[-101.53665259,46.86272782],[-101.53591031,46.86154276],[-101.51050532,46.82425268],[-101.49743515,46.80692544],[-101.47815433,46.78577754],[-101.45895999,46.76661396],[-101.43574162,46.74730239],[-101.42048486,46.73541308],[-101.3820097,46.71052527],[-101.37886709,46.70882725],[-101.34353457,46.69051351],[-101.30505941,46.67379094],[-101.29582062,46.67035211],[-101.26658428,46.65972076],[-101.22810912,46.64853148],[-101.18963399,46.63945014],[-101.15397682,46.63187694],[-101.15115883,46.63127365],[-101.1126837,46.62525046],[-101.07420854,46.61934683],[-101.03573338,46.61325648],[-100.99725825,46.60586874],[-100.95878309,46.5952417],[-100.95418776,46.5934018],[-100.92030796,46.57890134],[-100.88653804,46.55492665],[-100.8818328,46.55133877],[-100.85127284,46.51645151],[-100.84335767,46.50669261],[-100.82663933,46.47797637],[-100.80584084,46.43950122],[-100.80488251,46.43772117],[-100.7896345,46.40102608],[-100.77439228,46.36255094],[-100.76640738,46.34206145],[-100.76068222,46.32407577],[-100.74858199,46.28560063],[-100.73686393,46.24712549],[-100.72793222,46.21703636],[-100.72568568,46.20865034],[-100.71547827,46.1701752],[-100.70553717,46.13170006],[-100.69583713,46.09322491],[-100.68945709,46.06723965],[-100.68655348,46.05474977],[-100.67793721,46.0162746],[-100.66963402,45.97779946],[-100.66172639,45.93932432],[-100.65408726,45.90084917],[-100.65098193,45.89082737],[-100.64194412,45.86237403],[-100.62508167,45.82389889],[-100.61250677,45.80108075],[-100.60384409,45.78542375],[-100.57833105,45.7469486],[-100.57403164,45.74141967],[-100.5480691,45.70847344],[-100.53555649,45.69480583],[-100.512187,45.66999829],[-100.49708136,45.65588476],[-100.46933897,45.63152315],[-100.4586062,45.62282829],[-100.42013107,45.59413897],[-100.41854183,45.59304801],[-100.38165591,45.56667174],[-100.36222159,45.55457286],[-100.34318078,45.54193706],[-100.30470562,45.52072523],[-100.29406768,45.51609772],[-100.26623049,45.50280052],[-100.22775533,45.49020442],[-100.1892802,45.48370983],[-100.15080504,45.48345743],[-100.11232988,45.48960814],[-100.07385475,45.50231963],[-100.04652005,45.51609772],[-100.03537959,45.52091087],[-99.99690446,45.54317587],[-99.98098621,45.55457286],[-99.9584293,45.56865401],[-99.92447857,45.59304801],[-99.91995417,45.59563317],[-99.88147901,45.61105972],[-99.84300388,45.61587292],[-99.80452872,45.61453822],[-99.76605359,45.60751027],[-99.72757843,45.59427344],[-99.7243197,45.59304801],[-99.68910327,45.58071109],[-99.65062814,45.56331806],[-99.63486289,45.55457286],[-99.61215298,45.54215105],[-99.57702965,45.51609772],[-99.57367785,45.51373148],[-99.53520269,45.47932555],[-99.5336333,45.47762258],[-99.49672756,45.44737545],[-99.48897993,45.43914743],[-99.4582524,45.41308222],[-99.44430623,45.40067229],[-99.42285331,45.36219712],[-99.41977727,45.35321551],[-99.40932862,45.32372198],[-99.40168189,45.28524684],[-99.39880097,45.2467717],[-99.40045422,45.20829655],[-99.40644523,45.16982141],[-99.41630297,45.13134627],[-99.41977727,45.12085016],[-99.42945733,45.09287112],[-99.44498682,45.05439596],[-99.4582524,45.02547209],[-99.46283946,45.01592081],[-99.48245844,44.97744567],[-99.49672756,44.9513738],[-99.50396788,44.93897053],[-99.5269655,44.90049538],[-99.53520269,44.88710103],[-99.55221136,44.86202024],[-99.57367785,44.82947663],[-99.57919345,44.8235451],[-99.6100884,44.78506996],[-99.61215298,44.78208831],[-99.65035441,44.74659479],[-99.65062814,44.7462713],[-99.68910327,44.72242883],[-99.72757843,44.71284135],[-99.76605359,44.71643419],[-99.80452872,44.72967451],[-99.84300388,44.74495134],[-99.84960004,44.74659479],[-99.88147901,44.75485973],[-99.91995417,44.75716725],[-99.9584293,44.75484687],[-99.99690446,44.74946858],[-100.01160392,44.74659479],[-100.03537959,44.74158237],[-100.07385475,44.73211969],[-100.11232988,44.72150863],[-100.15080504,44.70982079],[-100.1559765,44.70811965],[-100.1892802,44.69758055],[-100.22775533,44.6847141],[-100.26623049,44.67162752],[-100.27186008,44.6696445],[-100.30470562,44.658769],[-100.34318078,44.64631239],[-100.38165591,44.63424756],[-100.39167559,44.63116936],[-100.42013107,44.62292051],[-100.4586062,44.61213431],[-100.49708136,44.60194787],[-100.53158008,44.59269422],[-100.53555649,44.5916899],[-100.57403164,44.58348909],[-100.61250677,44.57523944],[-100.65098193,44.56761949],[-100.68945709,44.56063974],[-100.72449236,44.55421907],[-100.72793222,44.55358968],[-100.76640738,44.5481316],[-100.80488251,44.54229417],[-100.84335767,44.53692138],[-100.8818328,44.53207315],[-100.92030796,44.52782334],[-100.95878309,44.52430978],[-100.99725825,44.5215345],[-101.03573338,44.51953269],[-101.07420854,44.5183662],[-101.1126837,44.51798238],[-101.15115883,44.51833134],[-101.18963399,44.51941741],[-101.22810912,44.52107255],[-101.26658428,44.52324574],[-101.30505941,44.52631935],[-101.34353457,44.5304832],[-101.3820097,44.53559449],[-101.42048486,44.54165607],[-101.45895999,44.54849821],[-101.487796,44.55421907],[-101.49743515,44.55611994],[-101.53591031,44.56461676],[-101.57438544,44.57434842],[-101.6128606,44.58544713],[-101.63551414,44.59269422],[-101.65133573,44.59791936],[-101.68981089,44.61191328],[-101.72828602,44.62776638],[-101.73593799,44.63116936],[-101.76676118,44.6453403],[-101.80523631,44.66513987],[-101.81330526,44.6696445],[-101.84371147,44.68714094],[-101.87665136,44.70811965],[-101.8821866,44.71175669],[-101.92066175,44.73901556],[-101.93053843,44.74659479],[-101.95913688,44.76922461],[-101.9777684,44.78506996],[-101.99761204,44.80237749],[-102.02077811,44.8235451],[-102.0360872,44.83790044],[-102.06102467,44.86202024],[-102.07456233,44.87551216],[-102.09913052,44.90049538],[-102.11303749,44.91528695],[-102.13494083,44.93897053],[-102.15151262,44.95768277],[-102.1693057,44.97744567],[-102.18998778,45.0009376],[-102.20427029,45.01592081],[-102.22846291,45.04159097],[-102.24172346,45.05439596],[-102.26693807,45.07921809],[-102.28260263,45.09287112],[-102.3054132,45.11314699],[-102.32905288,45.13134627],[-102.34388836,45.14295131],[-102.38236349,45.16801825],[-102.38604689,45.16982141],[-102.42083865,45.18729195],[-102.45931381,45.19994257],[-102.49778894,45.20406593],[-102.5362641,45.20034945],[-102.57473923,45.19311575],[-102.61321439,45.18497996],[-102.65168952,45.17785806],[-102.69016468,45.17298675],[-102.72863981,45.17201894],[-102.76711497,45.17155667],[-102.8055901,45.17509293],[-102.84406526,45.1814518],[-102.88254042,45.19022464],[-102.92101555,45.20128205],[-102.94071573,45.20829655],[-102.95949071,45.21455472],[-102.99796584,45.22938377],[-103.036441,45.24518092],[-103.0398061,45.2467717],[-103.07491613,45.26261263],[-103.11339129,45.28079978],[-103.1221469,45.28524684],[-103.15186642,45.29929518],[-103.19034158,45.3193461],[-103.1980963,45.32372198],[-103.22881671,45.33986146],[-103.26729187,45.36139031],[-103.26856498,45.36219712],[-103.305767,45.38470757],[-103.33061733,45.40067229],[-103.34424215,45.40884726],[-103.38271731,45.43401285],[-103.38999707,45.43914743],[-103.42119244,45.45977732],[-103.44615807,45.47762258],[-103.4596676,45.48668156],[-103.49814273,45.51434142],[-103.50045494,45.51609772],[-103.53661789,45.54194526],[-103.55321882,45.55457286],[-103.57509302,45.57026028],[-103.60499915,45.59304801],[-103.61356818,45.59920617],[-103.65204331,45.62834893],[-103.65604615,45.63152315],[-103.69051847,45.65732823],[-103.70658109,45.66999829],[-103.7289936,45.68680763],[-103.7563374,45.70847344],[-103.76746876,45.71689087],[-103.80513915,45.7469486],[-103.80594392,45.74756346],[-103.84441905,45.77831294],[-103.85282873,45.78542375],[-103.88289421,45.80988511],[-103.89913808,45.82389889],[-103.92136934,45.84251555],[-103.94347024,45.86237403],[-103.9598445,45.87697976],[-103.9845226,45.90084917],[-103.99831963,45.91462895],[-104.02267923,45.93932432],[-104.03679479,45.95383433],[-104.06016595,45.97779946],[-104.07526992,45.99367051],[-104.09686185,46.0162746],[-104.11374508,46.03439766],[-104.13279988,46.05474977],[-104.15222021,46.07606139],[-104.16793899,46.09322491],[-104.19069537,46.11877386],[-104.2022816,46.13170006],[-104.2291705,46.1626594],[-104.23574797,46.1701752],[-104.26764566,46.20794232],[-104.26824748,46.20865034],[-104.29956807,46.24712549],[-104.30612082,46.25555515],[-104.32962949,46.28560063],[-104.34459595,46.30588387],[-104.35812567,46.32407577],[-104.38307111,46.36032058],[-104.3846267,46.36255094],[-104.41053343,46.40102608],[-104.42154624,46.41708076],[-104.43751979,46.43950122],[-104.4600214,46.47016147],[-104.46609567,46.47797637],[-104.49688236,46.51645151],[-104.49849653,46.51844491],[-104.53105585,46.55492665],[-104.53697169,46.56136145],[-104.5702438,46.5934018],[-104.57544682,46.59826976],[-104.61392198,46.62970441],[-104.61694912,46.63187694],[-104.65239711,46.65672616],[-104.67505683,46.67035211],[-104.69087227,46.67972214],[-104.72934742,46.70022075],[-104.74674273,46.70882725],[-104.76782255,46.7192879],[-104.80629771,46.73802299],[-104.8242527,46.74730239],[-104.84477284,46.75813509],[-104.883248,46.78060909],[-104.89193338,46.78577754],[-104.92172313,46.80475033],[-104.95145575,46.82425268],[-104.96019829,46.83025066],[-104.99867342,46.85750354],[-105.00573979,46.86272782],[-105.03714858,46.88615595],[-105.05692724,46.90120296],[-105.07562371,46.91530098],[-105.10820608,46.93967811],[-105.11409887,46.94393029],[-105.15257403,46.97117077],[-105.16268667,46.97815327],[-105.19104916,46.99713432],[-105.22139932,47.01662842],[-105.22952432,47.02171031],[-105.26799945,47.04527223],[-105.28458022,47.05510356],[-105.30647461,47.06825575],[-105.34494974,47.09026235],[-105.35095726,47.0935787],[-105.3834249,47.11290075],[-105.42046621,47.13205385],[-105.42190003,47.13284032],[-105.46037519,47.15079711],[-105.49885032,47.16581127],[-105.51303858,47.17052899],[-105.53732548,47.17887269],[-105.57580061,47.19009528],[-105.61427577,47.19961495],[-105.65275093,47.20775803],[-105.65960884,47.20900413],[-105.69122606,47.21485776],[-105.72970122,47.2209034],[-105.76817635,47.22601987],[-105.80665151,47.23032173],[-105.84512664,47.23387603],[-105.8836018,47.23674488],[-105.92207693,47.23903206],[-105.96055209,47.24067706],[-105.99902722,47.2417695],[-106.03750238,47.24241217],[-106.07597754,47.24291051],[-106.11445267,47.24321681],[-106.15292782,47.24333047],[-106.19140295,47.24328593],[-106.22987811,47.24303163],[-106.26835324,47.24261333],[-106.3068284,47.24197232],[-106.34530353,47.24114611],[-106.38377869,47.24003567],[-106.42225382,47.23872126],[-106.46072898,47.2371632],[-106.49920411,47.23536296],[-106.53767927,47.23321991],[-106.57615443,47.23080273],[-106.61462956,47.22802236],[-106.65310472,47.22491286],[-106.69157985,47.22138754],[-106.73005501,47.2174861],[-106.76853014,47.21312538],[-106.80177267,47.20900413],[-106.8070053,47.2083168],[-106.84548043,47.20262412],[-106.88395559,47.19616485],[-106.92243072,47.18890907],[-106.96090588,47.18084945],[-106.99938104,47.17190985],[-107.00494941,47.17052899],[-107.03785617,47.16178717],[-107.07633133,47.15054958],[-107.11480646,47.13843465],[-107.13360627,47.13205385],[-107.15328162,47.12495543],[-107.19175675,47.11021326],[-107.23023191,47.09528158],[-107.23403504,47.0935787],[-107.26870704,47.07680283],[-107.3071822,47.05804221],[-107.31293309,47.05510356],[-107.34565733,47.03761294],[-107.38093698,47.01662842],[-107.38413249,47.01471112],[-107.42260765,46.99236641],[-107.44495311,46.97815327],[-107.46108278,46.96756977],[-107.49955793,46.94138],[-107.50199361,46.93967811],[-107.53803306,46.91374823],[-107.55492774,46.90120296],[-107.57650822,46.88490933],[-107.60512267,46.86272782],[-107.61498335,46.85492689],[-107.65124779,46.82425268],[-107.65345851,46.82233677],[-107.69193364,46.78999312],[-107.69669136,46.78577754],[-107.7304088,46.75365939],[-107.73700029,46.74730239],[-107.76888393,46.714477],[-107.77432698,46.70882725],[-107.80735909,46.67238808],[-107.80918991,46.67035211],[-107.84209461,46.63187694],[-107.84583422,46.62729004],[-107.87324266,46.5934018],[-107.88430938,46.5790832],[-107.90305442,46.55492665],[-107.92278454,46.52826504],[-107.93152641,46.51645151],[-107.95907412,46.47797637],[-107.96125967,46.47481812],[-107.98569947,46.43950122],[-107.99973483,46.4186157],[-108.01165015,46.40102608],[-108.03534779,46.36255094],[-108.03820996,46.35818146],[-108.06163946,46.32407577],[-108.07668512,46.30019727],[-108.08591949,46.28560063],[-108.10976721,46.24712549],[-108.11516025,46.23823403],[-108.13325302,46.20865034],[-108.15363541,46.17509616],[-108.15664952,46.1701752],[-108.17984413,46.13170006],[-108.19211054,46.11105473],[-108.20283837,46.09322491],[-108.22580476,46.05474977],[-108.2305857,46.04660807],[-108.2486291,46.0162746],[-108.26906083,45.98192608],[-108.27154767,45.97779946],[-108.29450896,45.93932432],[-108.30753599,45.91748519],[-108.31759126,45.90084917],[-108.34065187,45.86237403],[-108.34601115,45.85348136],[-108.36416431,45.82389889],[-108.38448628,45.79053497],[-108.38765706,45.78542375],[-108.41147205,45.7469486],[-108.42296144,45.72851498],[-108.4356898,45.70847344],[-108.45842991,45.66999829],[-108.46143657,45.6654046],[-108.48523528,45.63152315],[-108.49991173,45.60907089],[-108.51059338,45.59304801],[-108.53642453,45.55457286],[-108.53838686,45.55166564],[-108.56301147,45.51609772],[-108.57686202,45.49638402],[-108.59031892,45.47762258],[-108.61533715,45.44299522],[-108.6181919,45.43914743],[-108.64704202,45.40067229],[-108.65381231,45.39169412],[-108.67655385,45.36219712],[-108.69228744,45.34178984],[-108.70653501,45.32372198],[-108.7307626,45.29321922],[-108.73728111,45.28524684],[-108.76661717,45.2467717],[-108.76923776,45.24360216],[-108.80109665,45.20829655],[-108.80771289,45.20043369],[-108.83428182,45.16982141],[-108.84618805,45.15620193],[-108.86847779,45.13134627],[-108.88466318,45.11329891],[-108.90372121,45.09287112],[-108.92313833,45.07220567],[-108.94033388,45.05439596],[-108.96161346,45.03251263],[-108.97832383,45.01592081],[-109.00008862,44.99431039],[-109.0178344,44.97744567],[-109.03856375,44.95788423],[-109.05938209,44.93897053],[-109.07703891,44.9230413],[-109.10303969,44.90049538],[-109.11551404,44.88967858],[-109.14903269,44.86202024],[-109.1539892,44.8579587],[-109.19246433,44.82770911],[-109.19799127,44.8235451],[-109.23093949,44.79872161],[-109.25010308,44.78506996],[-109.26941465,44.77131286],[-109.30252685,44.74659479],[-109.30788978,44.74284783],[-109.34636494,44.7202869],[-109.36615216,44.70811965],[-109.38484007,44.69662837],[-109.42331523,44.67427222],[-109.43177027,44.6696445],[-109.46179036,44.65321352],[-109.50026552,44.63547485],[-109.50851334,44.63116936],[-109.53874065,44.61433219],[-109.57721581,44.59674719],[-109.58656824,44.59269422],[-109.61569094,44.58007357],[-109.6541661,44.56461566],[-109.68170619,44.55421907],[-109.69264126,44.5500635],[-109.73111639,44.53658695],[-109.76959155,44.52410197],[-109.79827301,44.51574393],[-109.80806668,44.51287092],[-109.84654184,44.50252208],[-109.88501697,44.49348617],[-109.92349213,44.48553626],[-109.96196726,44.48111444],[-109.98038291,44.47726879],[-110.00044242,44.4727358],[-110.03891755,44.46792799],[-110.07739271,44.4642129],[-110.11586784,44.46133954],[-110.154343,44.45960273],[-110.19281816,44.45852023],[-110.23129329,44.45838726],[-110.26976845,44.45907691],[-110.30824358,44.46060543],[-110.34671873,44.46288875],[-110.38519386,44.4659782],[-110.42366902,44.4695732],[-110.46214415,44.47407655],[-110.47753946,44.47726879],[-110.50061931,44.48175559],[-110.53909444,44.48496435],[-110.5775696,44.49120246],[-110.61604476,44.49819693],[-110.65451989,44.50540482],[-110.69299505,44.5107441],[-110.71191563,44.51574393],[-110.73147018,44.52130843],[-110.76994534,44.52989198],[-110.80842047,44.53865006],[-110.84689563,44.54759728],[-110.86825442,44.55421907],[-110.88537076,44.55907426],[-110.92384592,44.56465475],[-110.96232105,44.57223374],[-111.00079621,44.57922695],[-111.03927137,44.58540366],[-111.0777465,44.58833748],[-111.09505931,44.59269422],[-111.11622166,44.59783974],[-111.15469679,44.59868576],[-111.19317195,44.60022717],[-111.23164708,44.60007132],[-111.27012224,44.59780734],[-111.30859737,44.59656437],[-111.32701835,44.59269422],[-111.34707253,44.58837075],[-111.38554766,44.58800047],[-111.42402282,44.58544158],[-111.46249795,44.5831584],[-111.50097311,44.58132061],[-111.53944827,44.57952624],[-111.5779234,44.57799221],[-111.61639856,44.57569624],[-111.65487369,44.57225199],[-111.69334885,44.56804796],[-111.73182398,44.56284043],[-111.77029913,44.5573436],[-111.78918693,44.55421907],[-111.80877426,44.55092936],[-111.84724942,44.54439238],[-111.88572455,44.53729001],[-111.92419971,44.53000166],[-111.96267487,44.52254467],[-111.98774549,44.51574393],[-112.00115,44.51234467],[-112.03962516,44.50750296],[-112.07810029,44.49992973],[-112.11657545,44.49235702],[-112.15505058,44.4850245],[-112.19352574,44.48083532],[-112.20844263,44.47726879],[-112.23200087,44.47114866],[-112.27047603,44.46448316],[-112.30895116,44.45827167],[-112.34742632,44.45215653],[-112.38590145,44.446726],[-112.42437661,44.44395839],[-112.44446964,44.43879362],[-112.46285177,44.43406866],[-112.5013269,44.43256667],[-112.53980206,44.42853284],[-112.57827719,44.42513831],[-112.61675235,44.42220656],[-112.65522748,44.41978376],[-112.69370264,44.41752033],[-112.73217777,44.41559807],[-112.77065293,44.41392512],[-112.80912806,44.41244313],[-112.84760322,44.41145248],[-112.88607838,44.41063378],[-112.92455351,44.41022043],[-112.96302867,44.41015166],[-113.0015038,44.41034921],[-113.03997896,44.410998],[-113.07845409,44.41196576],[-113.11692924,44.41343702],[-113.15540437,44.4153018],[-113.19387953,44.41773464],[-113.23235466,44.42025569],[-113.27082982,44.42345196],[-113.30930498,44.42705556],[-113.34778011,44.43124333],[-113.38625527,44.43563896],[-113.40264325,44.43879362],[-113.4247304,44.44277367],[-113.46320556,44.44582814],[-113.50168069,44.45118148],[-113.54015585,44.4567031],[-113.57863098,44.46215598],[-113.61710614,44.46771898],[-113.65558127,44.47328196],[-113.67505064,44.47726879],[-113.69405643,44.48091897],[-113.70367532,44.47726879],[-113.70373437,44.47726879],[-113.70373334,44.51574393],[-113.69405643,44.52542083],[-113.66525706,44.55421907],[-113.66525609,44.59269422],[-113.66525512,44.63116936],[-113.65558127,44.64084319],[-113.62677884,44.6696445],[-113.62677787,44.70811965],[-113.6267769,44.74659479],[-113.61710614,44.75626557],[-113.58830071,44.78506996],[-113.58829974,44.8235451],[-113.58829879,44.86202024],[-113.57863098,44.87168802],[-113.54982263,44.90049538],[-113.54982169,44.93897053],[-113.54982075,44.97744567],[-113.54015585,44.98711057],[-113.51134462,45.01592081],[-113.51134371,45.05439596],[-113.51134279,45.09287112],[-113.50168069,45.10253321],[-113.47286672,45.13134627],[-113.47286581,45.16982141],[-113.4728649,45.20829655],[-113.46320556,45.2179559],[-113.43438885,45.2467717],[-113.43438797,45.28524684],[-113.43438712,45.32372198],[-113.4247304,45.33337868],[-113.39591113,45.36219712],[-113.39591028,45.40067229],[-113.39590943,45.43914743],[-113.38625527,45.4488016],[-113.3574335,45.47762258],[-113.35743268,45.51609772],[-113.35743188,45.55457286],[-113.34778011,45.56422464],[-113.31895599,45.59304801],[-113.31895522,45.63152315],[-113.30930498,45.6411734],[-113.28047939,45.66999829],[-113.28047862,45.70847344],[-113.28047791,45.7469486],[-113.27082982,45.75659668],[-113.24200211,45.78542375],[-113.2420014,45.82389889],[-113.24200072,45.86237403],[-113.23235466,45.87202009],[-113.20352501,45.90084917],[-113.20352436,45.93932432],[-113.20352374,45.97779946],[-113.19387953,45.98744367],[-113.16504805,46.0162746],[-113.16504746,46.05474977],[-113.1650469,46.09322491],[-113.15540437,46.10286744],[-113.12657127,46.13170006],[-113.12657077,46.1701752],[-113.12657027,46.20865034],[-113.11692924,46.21829139],[-113.08809473,46.24712549],[-113.08809429,46.28560063],[-113.08809388,46.32407577],[-113.07845409,46.33371555],[-113.04961839,46.36255094],[-113.04961801,46.40102608],[-113.04961769,46.43950122],[-113.03997896,46.44913995],[-113.01114226,46.47797637],[-113.011142,46.51645151],[-113.01114173,46.55492665],[-113.0015038,46.56456458],[-112.9726664,46.5934018],[-112.97266622,46.63187694],[-112.97266604,46.67035211],[-112.96302867,46.67998947],[-112.9341908,46.70882725],[-112.93419068,46.74730239],[-112.92455351,46.75693957],[-112.89571549,46.78577754],[-112.89571543,46.82425268],[-112.89571543,46.86272782],[-112.88607838,46.87236488],[-112.8572403,46.90120296],[-112.85724036,46.93967811],[-112.85724042,46.97815327],[-112.84760322,46.98779045],[-112.81876541,47.01662842],[-112.81876552,47.05510356],[-112.81876567,47.0935787],[-112.80912806,47.10321628],[-112.78029072,47.13205385],[-112.78029092,47.17052899],[-112.78029116,47.20900413],[-112.77065293,47.21864237],[-112.74181629,47.24747928],[-112.74181656,47.28595444],[-112.74181688,47.32442959],[-112.73217777,47.33406866],[-112.70334208,47.36290473],[-112.70334243,47.40137987],[-112.70334278,47.43985501],[-112.69370264,47.44949517],[-112.66486806,47.47833016],[-112.66486848,47.5168053],[-112.66486889,47.55528044],[-112.65522748,47.56492186],[-112.62639423,47.59375561],[-112.6263947,47.63223075],[-112.62639517,47.6707059],[-112.61675235,47.68034872],[-112.58792054,47.70918104],[-112.58792104,47.74765618],[-112.58792157,47.78613133],[-112.57827719,47.7957757],[-112.54944697,47.82460647],[-112.5494475,47.86308161],[-112.54944806,47.90155678],[-112.53980206,47.91120277],[-112.51097349,47.94003192],[-112.51097405,47.97850706],[-112.5013269,47.9881542],[-112.47249951,48.01698221],[-112.47250007,48.05545735],[-112.47250063,48.09393249],[-112.46285177,48.10358137],[-112.43402608,48.13240764],[-112.4340267,48.17088278],[-112.43402729,48.20935795],[-112.42437661,48.21900862],[-112.39555284,48.24783309],[-112.39555351,48.28630823],[-112.39555434,48.32478338],[-112.38590145,48.33443623],[-112.35708059,48.36325852],[-112.35708292,48.40173366],[-112.3570881,48.44020881],[-112.34742632,48.44987059],[-112.31862315,48.47868395],[-112.31863169,48.51715911],[-112.31857264,48.51715911]],[[-99.90845922,45.28524684],[-99.90796485,45.32372198],[-99.90105634,45.36219712],[-99.8878825,45.40067229],[-99.88147901,45.41294681],[-99.86917075,45.43914743],[-99.84517928,45.47762258],[-99.84300388,45.48036803],[-99.8143429,45.51609772],[-99.80452872,45.52274904],[-99.76605359,45.53665429],[-99.72757843,45.53545573],[-99.68910327,45.52248638],[-99.67728846,45.51609772],[-99.65062814,45.50171009],[-99.61229868,45.47762258],[-99.61215298,45.4775184],[-99.57367785,45.4506027],[-99.5580165,45.43914743],[-99.53520269,45.41724373],[-99.5165808,45.40067229],[-99.49672756,45.36435438],[-99.49558242,45.36219712],[-99.48542428,45.32372198],[-99.48155893,45.28524684],[-99.48338831,45.2467717],[-99.48990856,45.20829655],[-99.49672756,45.18222738],[-99.50082835,45.16982141],[-99.51637388,45.13134627],[-99.53356295,45.09287112],[-99.53520269,45.08954298],[-99.55864879,45.05439596],[-99.57367785,45.03229875],[-99.59841308,45.01592081],[-99.61215298,45.00663944],[-99.65062814,45.00193173],[-99.68910327,45.01069011],[-99.70034886,45.01592081],[-99.72757843,45.02966305],[-99.76352829,45.05439596],[-99.76605359,45.05629802],[-99.80452872,45.09051177],[-99.80691133,45.09287112],[-99.84119422,45.13134627],[-99.84300388,45.13374339],[-99.86826985,45.16982141],[-99.88147901,45.19433036],[-99.88875176,45.20829655],[-99.90219515,45.2467717],[-99.90845922,45.28524684]],[[-102.74561972,46.78577754],[-102.74524342,46.82425268],[-102.73349077,46.86272782],[-102.72863981,46.872567],[-102.71397596,46.90120296],[-102.69216368,46.93967811],[-102.69016468,46.94289029],[-102.66692367,46.97815327],[-102.65168952,47.0006471],[-102.64001655,47.01662842],[-102.61321439,47.05167628],[-102.6103705,47.05510356],[-102.57695722,47.0935787],[-102.57473923,47.09605613],[-102.53967415,47.13205385],[-102.5362641,47.13546391],[-102.49778894,47.16717039],[-102.49312259,47.17052899],[-102.45931381,47.19555036],[-102.43225334,47.20900413],[-102.42083865,47.21458436],[-102.38236349,47.22327993],[-102.34388836,47.22044255],[-102.31837356,47.20900413],[-102.3054132,47.20167874],[-102.27675546,47.17052899],[-102.26693807,47.15609166],[-102.256513,47.13205385],[-102.24687638,47.0935787],[-102.24278863,47.05510356],[-102.23595094,47.01662842],[-102.22846291,46.99337122],[-102.22403794,46.97815327],[-102.21745096,46.93967811],[-102.21666123,46.90120296],[-102.22078575,46.86272782],[-102.22846291,46.83466776],[-102.23185224,46.82425268],[-102.24652589,46.78577754],[-102.26693807,46.7540039],[-102.27274206,46.74730239],[-102.3054132,46.71936979],[-102.32433205,46.70882725],[-102.34388836,46.70042905],[-102.38236349,46.69123969],[-102.42083865,46.68887743],[-102.45931381,46.69202099],[-102.49778894,46.69955199],[-102.5362641,46.70578513],[-102.55873451,46.70882725],[-102.57473923,46.71142499],[-102.61321439,46.71937122],[-102.65168952,46.7274351],[-102.69016468,46.73755237],[-102.71426761,46.74730239],[-102.72863981,46.75880014],[-102.74561972,46.78577754]],[[-101.17545838,45.63152315],[-101.15115883,45.6565444],[-101.13538454,45.66999829],[-101.1126837,45.68316046],[-101.07420854,45.68646051],[-101.03573338,45.68086906],[-101.01802958,45.66999829],[-100.99725825,45.65086202],[-100.99032596,45.63152315],[-100.99251045,45.59304801],[-100.99725825,45.57595771],[-101.01062379,45.55457286],[-101.03573338,45.53448518],[-101.07420854,45.52448163],[-101.1126837,45.5312435],[-101.15115883,45.54798741],[-101.15835426,45.55457286],[-101.17395265,45.59304801],[-101.17545838,45.63152315]]]}},
{"type":"Feature","properties":{"Lower":30.0},"geometry":{"type":"Polygon","coordinates":[[[-96.6447737,46.24712549],[-96.64422606,46.28560063],[-96.6110916,46.31780556],[-96.57261647,46.28646241],[-96.5715654,46.28560063],[-96.53414131,46.25686839],[-96.51316636,46.24712549],[-96.49566615,46.23555475],[-96.45719102,46.22505757],[-96.41871586,46.22307068],[-96.38024073,46.22715154],[-96.35050555,46.24712549],[-96.34176557,46.2701262],[-96.33533618,46.28560063],[-96.32185771,46.32407577],[-96.30329044,46.3583735],[-96.29977944,46.36255094],[-96.26481529,46.3938241],[-96.25171797,46.40102608],[-96.22634016,46.41350431],[-96.187865,46.42417025],[-96.14938987,46.42782645],[-96.11091471,46.42515973],[-96.07243955,46.41631894],[-96.03396442,46.40126208],[-96.033524,46.40102608],[-95.99548926,46.37951021],[-95.97202888,46.36255094],[-95.95701413,46.3509302],[-95.92771168,46.32407577],[-95.91853897,46.31492149],[-95.89166316,46.28560063],[-95.88006384,46.27126841],[-95.86093501,46.24712549],[-95.84158868,46.21763697],[-95.83554781,46.20865034],[-95.81323484,46.1701752],[-95.80311355,46.15014412],[-95.79363673,46.13170006],[-95.77782765,46.09322491],[-95.76824417,46.05474977],[-95.76702391,46.0162746],[-95.77121642,45.97779946],[-95.77995307,45.93932432],[-95.78803339,45.90084917],[-95.79490096,45.86237403],[-95.80048502,45.82389889],[-95.80311355,45.79741186],[-95.8041144,45.78542375],[-95.80311355,45.75553711],[-95.80258798,45.7469486],[-95.79384692,45.70847344],[-95.77878371,45.66999829],[-95.76463839,45.64373295],[-95.75493367,45.63152315],[-95.72616326,45.59991907],[-95.71802879,45.59304801],[-95.6876881,45.5687972],[-95.6666353,45.55457286],[-95.64921297,45.54312997],[-95.61073781,45.52021353],[-95.60346268,45.51609772],[-95.57226265,45.49832871],[-95.53378752,45.47831849],[-95.5324951,45.47762258],[-95.49531236,45.45683535],[-95.46198824,45.43914743],[-95.45683723,45.43630947],[-95.41836207,45.41538503],[-95.39065392,45.40067229],[-95.37988694,45.39475693],[-95.34141178,45.37396504],[-95.31914662,45.36219712],[-95.30293665,45.3534087],[-95.26446149,45.35257564],[-95.26446149,45.35251669],[-95.29326154,45.32372198],[-95.29326469,45.28524684],[-95.30293665,45.27557489],[-95.331744,45.2467717],[-95.33174621,45.20829655],[-95.34141178,45.19863097],[-95.37022393,45.16982141],[-95.37022516,45.13134627],[-95.37988694,45.12168448],[-95.40870153,45.09287112],[-95.40870197,45.05439596],[-95.41836207,45.04473586],[-95.44717737,45.01592081],[-95.45683723,45.00626098],[-95.48565238,44.97744567],[-95.48565211,44.93897053],[-95.49531236,44.92931027],[-95.52412668,44.90049538],[-95.53378752,44.89083454],[-95.56260111,44.86202024],[-95.57226265,44.85235867],[-95.60107544,44.8235451],[-95.61073781,44.81388273],[-95.63954957,44.78506996],[-95.64921297,44.77540656],[-95.6876881,44.77540567],[-95.71649645,44.74659479],[-95.72616326,44.73692799],[-95.76463839,44.73692574],[-95.79344006,44.70811965],[-95.80311355,44.69844617],[-95.84158868,44.69844238],[-95.87038046,44.6696445],[-95.87043944,44.6696445],[-95.84566419,44.70811965],[-95.85965177,44.74659479],[-95.87468137,44.78506996],[-95.88006384,44.797942],[-95.8892965,44.8235451],[-95.90412995,44.86202024],[-95.91853897,44.89636094],[-95.92002721,44.90049538],[-95.93466981,44.93897053],[-95.95060652,44.97744567],[-95.95701413,44.99172041],[-95.96608941,45.01592081],[-95.98153075,45.05439596],[-95.99548926,45.08655616],[-95.99772553,45.09287112],[-96.01188986,45.13134627],[-96.02636192,45.16982141],[-96.03396442,45.18985108],[-96.03951828,45.20829655],[-96.05101459,45.2467717],[-96.06288785,45.28524684],[-96.07243955,45.31370575],[-96.07520091,45.32372198],[-96.08603953,45.36219712],[-96.09603364,45.40067229],[-96.10647593,45.43914743],[-96.11091471,45.45205711],[-96.11787075,45.47762258],[-96.13136147,45.51609772],[-96.14938987,45.5540805],[-96.1495818,45.55457286],[-96.16851816,45.59304801],[-96.187865,45.62338874],[-96.19227104,45.63152315],[-96.21748094,45.66999829],[-96.22634016,45.68149859],[-96.24442589,45.70847344],[-96.26481529,45.73533119],[-96.27256127,45.7469486],[-96.30020911,45.78542375],[-96.30329044,45.78956109],[-96.32514325,45.82389889],[-96.34176557,45.84962641],[-96.34972613,45.86237403],[-96.37433152,45.90084917],[-96.38024073,45.90991175],[-96.39935755,45.93932432],[-96.41871586,45.96850967],[-96.42512798,45.97779946],[-96.45129441,46.0162746],[-96.45719102,46.02559504],[-96.47938119,46.05474977],[-96.49566615,46.07864608],[-96.51069878,46.09322491],[-96.53414131,46.11951851],[-96.55512495,46.13170006],[-96.57261647,46.14390981],[-96.59690843,46.1701752],[-96.6110916,46.18424384],[-96.62885583,46.20865034],[-96.6447737,46.24712549]],[[-96.3660897,46.09322491],[-96.3528768,46.13170006],[-96.34176557,46.13913951],[-96.30329044,46.1555418],[-96.27544849,46.1701752],[-96.26481529,46.17762251],[-96.22634016,46.20003444],[-96.20879453,46.20865034],[-96.187865,46.22188768],[-96.14938987,46.23298344],[-96.11091471,46.2315385],[-96.07243955,46.21917327],[-96.05429389,46.20865034],[-96.03396442,46.1964172],[-96.00340436,46.1701752],[-95.99548926,46.16274629],[-95.96911412,46.13170006],[-95.95701413,46.11352238],[-95.94522325,46.09322491],[-95.93112661,46.05474977],[-95.92734556,46.0162746],[-95.92930942,45.97779946],[-95.93260135,45.93932432],[-95.93931451,45.90084917],[-95.95069255,45.86237403],[-95.95701413,45.84624358],[-95.96917092,45.82389889],[-95.99548926,45.78587808],[-95.99604705,45.78542375],[-96.03396442,45.75948951],[-96.07243955,45.75476395],[-96.11091471,45.76554383],[-96.14537761,45.78542375],[-96.14938987,45.78759923],[-96.187865,45.8182072],[-96.19359134,45.82389889],[-96.22634016,45.85511092],[-96.23262959,45.86237403],[-96.26481529,45.89972309],[-96.26558715,45.90084917],[-96.29022483,45.93932432],[-96.30329044,45.95955753],[-96.31425792,45.97779946],[-96.33759511,46.0162746],[-96.34176557,46.02419368],[-96.35661665,46.05474977],[-96.3660897,46.09322491]]]}},
{"type":"Feature","properties":{"Lower":30.0},"geometry":{"type":"Polygon","coordinates":[[[-98.54276183,47.13205385],[-98.5415859,47.17052899],[-98.53699654,47.20900413],[-98.5348489,47.21895421],[-98.52853674,47.24747928],[-98.51548838,47.28595444],[-98.49688029,47.32442959],[-98.49637377,47.32526102],[-98.47183854,47.36290473],[-98.45789861,47.3803898],[-98.43938256,47.40137987],[-98.41942348,47.42277608],[-98.40281834,47.43985501],[-98.38094832,47.46337132],[-98.36619899,47.47833016],[-98.34247316,47.50056137],[-98.32214831,47.5168053],[-98.30399803,47.52883337],[-98.26552287,47.54636345],[-98.23842891,47.55528044],[-98.22704774,47.55917832],[-98.18857258,47.56923305],[-98.15009745,47.57790771],[-98.11162229,47.58911936],[-98.10408235,47.59375561],[-98.07314716,47.61313251],[-98.05449958,47.63223075],[-98.034672,47.65332592],[-98.01866278,47.6707059],[-97.99619687,47.69181737],[-97.97505118,47.70918104],[-97.95772171,47.72186898],[-97.91924658,47.747008],[-97.91818895,47.74765618],[-97.88077142,47.77462688],[-97.86195227,47.78613133],[-97.84229626,47.80036886],[-97.80530026,47.82460647],[-97.80382113,47.82571719],[-97.76534597,47.85258931],[-97.74838725,47.86308161],[-97.72687084,47.87817626],[-97.69142887,47.90155678],[-97.68839569,47.90368856],[-97.64992056,47.92919278],[-97.63350441,47.94003192],[-97.6114454,47.95501455],[-97.58052837,47.97850706],[-97.57297027,47.984179],[-97.53449511,48.01185967],[-97.52718386,48.01698221],[-97.49601998,48.03534684],[-97.47303628,48.05545735],[-97.45754482,48.06764164],[-97.43613413,48.09393249],[-97.41906966,48.11234488],[-97.40533955,48.13240764],[-97.38059453,48.16441202],[-97.37598733,48.17088278],[-97.34477221,48.20935795],[-97.34211937,48.21242429],[-97.3087088,48.24783309],[-97.30364424,48.25305217],[-97.26516908,48.2859207],[-97.26334152,48.28630823],[-97.22669395,48.29316179],[-97.21167595,48.28630823],[-97.18821879,48.27549555],[-97.14974366,48.26051824],[-97.11763738,48.24783309],[-97.1112685,48.24518157],[-97.07279337,48.22693046],[-97.04635262,48.20935795],[-97.03431821,48.19975561],[-97.00652638,48.17088278],[-96.99584308,48.15578263],[-96.97911273,48.13240764],[-96.96038082,48.09393249],[-96.95736792,48.08509374],[-96.9458362,48.05545735],[-96.93605922,48.01698221],[-96.93011325,47.97850706],[-96.92711807,47.94003192],[-96.9260393,47.90155678],[-96.92560745,47.86308161],[-96.92489584,47.82460647],[-96.923764,47.78613133],[-96.95600362,47.74765618],[-96.95736792,47.74688079],[-96.99584308,47.73072906],[-97.03431821,47.72405663],[-97.07279337,47.72673704],[-97.1112685,47.73630554],[-97.14208671,47.74765618],[-97.14974366,47.75042118],[-97.18821879,47.76720525],[-97.22669395,47.78455381],[-97.23032092,47.78613133],[-97.26516908,47.80154905],[-97.30364424,47.8155013],[-97.33573992,47.82460647],[-97.34211937,47.82704382],[-97.38059453,47.83443499],[-97.41906966,47.83014356],[-97.42695445,47.82460647],[-97.45754482,47.79395108],[-97.46095042,47.78613133],[-97.47662039,47.74765618],[-97.48863688,47.70918104],[-97.49601998,47.68179589],[-97.4984058,47.6707059],[-97.50724488,47.63223075],[-97.51614071,47.59375561],[-97.52584949,47.55528044],[-97.53449511,47.52316992],[-97.53623504,47.5168053],[-97.54595592,47.47833016],[-97.55242334,47.43985501],[-97.53575462,47.40137987],[-97.53449511,47.40043303],[-97.49601998,47.37948776],[-97.4609614,47.36290473],[-97.45754482,47.36075403],[-97.41906966,47.33695358],[-97.39840997,47.32442959],[-97.38059453,47.309557],[-97.35130356,47.28595444],[-97.34211937,47.27383813],[-97.32143649,47.24747928],[-97.30364424,47.21275749],[-97.30164429,47.20900413],[-97.28939075,47.17052899],[-97.28297493,47.13205385],[-97.28292804,47.0935787],[-97.28761532,47.05510356],[-97.2950265,47.01662842],[-97.30364424,46.98228324],[-97.30482055,46.97815327],[-97.31747736,46.93967811],[-97.33289162,46.90120296],[-97.34211937,46.8814081],[-97.35194285,46.86272782],[-97.37543913,46.82425268],[-97.38059453,46.8167093],[-97.4047334,46.78577754],[-97.41906966,46.7688032],[-97.43990374,46.74730239],[-97.45754482,46.73031962],[-97.48337459,46.70882725],[-97.49601998,46.69889779],[-97.53449511,46.67260154],[-97.53821947,46.67035211],[-97.57297027,46.64977028],[-97.60796412,46.63187694],[-97.6114454,46.63007947],[-97.64992056,46.61200663],[-97.68839569,46.5965289],[-97.69699497,46.5934018],[-97.72687084,46.58203733],[-97.76534597,46.56919816],[-97.80382113,46.55801671],[-97.81525375,46.55492665],[-97.84229626,46.54711047],[-97.88077142,46.53670432],[-97.91924658,46.5271372],[-97.95772171,46.51823632],[-97.96579096,46.51645151],[-97.99619687,46.50910353],[-98.034672,46.50135229],[-98.07314716,46.49586408],[-98.11162229,46.49337537],[-98.15009745,46.49491996],[-98.18857258,46.50223045],[-98.2225425,46.51645151],[-98.22704774,46.51802793],[-98.26552287,46.54229441],[-98.27828126,46.55492665],[-98.30399803,46.57845127],[-98.31602049,46.5934018],[-98.34247316,46.62532469],[-98.34682634,46.63187694],[-98.37224431,46.67035211],[-98.38094832,46.68383255],[-98.39627987,46.70882725],[-98.41900302,46.74730239],[-98.41942348,46.74799477],[-98.44226743,46.78577754],[-98.45789861,46.81347674],[-98.46367267,46.82425268],[-98.48164428,46.86272782],[-98.49637377,46.89960881],[-98.49701192,46.90120296],[-98.51008233,46.93967811],[-98.52098149,46.97815327],[-98.52979464,47.01662842],[-98.5348489,47.04605123],[-98.53649541,47.05510356],[-98.54095043,47.0935787],[-98.54276183,47.13205385]]]}},
{"type":"Feature","properties":{"Lower":30.0},"geometry":{"type":"Polygon","coordinates":[[[-105.44671584,49.24818688],[-105.42190003,49.25780852],[-105.3834249,49.25781295],[-105.34494974,49.2578174],[-105.30647461,49.25782186],[-105.26799945,49.25782624],[-105.22952432,49.25783057],[-105.19104916,49.25783484],[-105.15257403,49.25783899],[-105.11409887,49.25784302],[-105.07562371,49.25784693],[-105.03714858,49.25785068],[-104.99867342,49.25785419],[-104.96019829,49.25785743],[-104.92172313,49.25786038],[-104.883248,49.25786307],[-104.84477284,49.25786551],[-104.84477284,49.25780656],[-104.85867849,49.24818688],[-104.85705041,49.20971174],[-104.85550423,49.17123659],[-104.85409325,49.13276145],[-104.85276618,49.09428628],[-104.85162069,49.05581114],[-104.85049627,49.017336],[-104.84940288,48.97886086],[-104.84847369,48.94038571],[-104.84749665,48.90191057],[-104.84661314,48.86343543],[-104.84566827,48.82496028],[-104.84477284,48.80533865],[-104.84385882,48.78648512],[-104.84358317,48.74800997],[-104.84236951,48.70953483],[-104.84102999,48.67105969],[-104.83949389,48.63258454],[-104.83770048,48.5941094],[-104.83567713,48.55563426],[-104.83329373,48.51715911],[-104.83049513,48.47868395],[-104.82725565,48.44020881],[-104.8236731,48.40173366],[-104.81959809,48.36325852],[-104.81512964,48.32478338],[-104.81032413,48.28630823],[-104.80629771,48.25658883],[-104.80504447,48.24783309],[-104.79896533,48.20935795],[-104.7924318,48.17088278],[-104.78534087,48.13240764],[-104.7776876,48.09393249],[-104.76935351,48.05545735],[-104.76782255,48.04912116],[-104.75970271,48.01698221],[-104.7491546,47.97850706],[-104.73773191,47.94003192],[-104.72934742,47.91450153],[-104.72493685,47.90155678],[-104.71043762,47.86308161],[-104.69460484,47.82460647],[-104.69087227,47.81658633],[-104.67635638,47.78613133],[-104.65599061,47.74765618],[-104.65239711,47.74178735],[-104.63196064,47.70918104],[-104.61392198,47.68449497],[-104.60356881,47.6707059],[-104.57544682,47.64037524],[-104.5674966,47.63223075],[-104.53697169,47.60937611],[-104.5126254,47.59375561],[-104.49849653,47.58669806],[-104.4600214,47.56741658],[-104.43857645,47.55528044],[-104.42154624,47.54456296],[-104.38663017,47.5168053],[-104.38307111,47.51339939],[-104.35213095,47.47833016],[-104.34459595,47.47011969],[-104.31184628,47.43985501],[-104.30612082,47.43513081],[-104.26764566,47.40801784],[-104.25674352,47.40137987],[-104.2291705,47.38579499],[-104.19069537,47.3666388],[-104.18190373,47.36290473],[-104.15222021,47.35113309],[-104.11374508,47.3382794],[-104.07526992,47.32787543],[-104.05722454,47.32442959],[-104.03679479,47.32079761],[-103.99831963,47.31702223],[-103.9598445,47.31670909],[-103.92136934,47.3201226],[-103.89710873,47.32442959],[-103.88289421,47.32740738],[-103.84441905,47.33887687],[-103.80594392,47.35362122],[-103.78566022,47.36290473],[-103.76746876,47.37226539],[-103.7289936,47.39465221],[-103.71856661,47.40137987],[-103.69051847,47.42134482],[-103.66654307,47.43985501],[-103.65204331,47.45221932],[-103.6235648,47.47833016],[-103.61356818,47.4885657],[-103.58797621,47.5168053],[-103.57509302,47.53509674],[-103.56186299,47.55528044],[-103.54252231,47.59375561],[-103.53661789,47.60903232],[-103.52820015,47.63223075],[-103.51760925,47.6707059],[-103.509184,47.70918104],[-103.50232912,47.74765618],[-103.49814273,47.7772899],[-103.49694906,47.78613133],[-103.49290581,47.82460647],[-103.48975557,47.86308161],[-103.48741458,47.90155678],[-103.48570944,47.94003192],[-103.48468878,47.97850706],[-103.48425513,48.01698221],[-103.48427862,48.05545735],[-103.48485325,48.09393249],[-103.48586323,48.13240764],[-103.48718724,48.17088278],[-103.48883051,48.20935795],[-103.49066248,48.24783309],[-103.49264747,48.28630823],[-103.49473186,48.32478338],[-103.4967991,48.36325852],[-103.49814273,48.38053308],[-103.49984473,48.40173366],[-103.50130763,48.44020881],[-103.50357518,48.47868395],[-103.50591906,48.51715911],[-103.50857093,48.55563426],[-103.51145994,48.5941094],[-103.51445886,48.63258454],[-103.51759571,48.67105969],[-103.52070798,48.70953483],[-103.52378925,48.74800997],[-103.52679038,48.78648512],[-103.52953787,48.82496028],[-103.53218059,48.86343543],[-103.53447137,48.90191057],[-103.53563184,48.94038571],[-103.53661789,48.95507908],[-103.53839253,48.97886086],[-103.53991309,49.017336],[-103.54092242,49.05581114],[-103.54150709,49.09428628],[-103.54149437,49.13276145],[-103.54097796,49.17123659],[-103.53997069,49.20971174],[-103.57509302,49.21933258],[-103.57509302,49.21939154],[-103.53661789,49.21938929],[-103.49814273,49.21938683],[-103.4596676,49.21938418],[-103.42119244,49.2193813],[-103.38271731,49.21937821],[-103.34424215,49.21937483],[-103.305767,49.21937125],[-103.26729187,49.2193675],[-103.22881671,49.21936365],[-103.19034158,49.21935972],[-103.15186642,49.21935569],[-103.11339129,49.21935161],[-103.07491613,49.21934746],[-103.036441,49.21934329],[-102.99796584,49.21933912],[-102.95949071,49.21933493],[-102.92101555,49.21933078],[-102.91853881,49.20971174],[-102.91624526,49.17123659],[-102.91376729,49.13276145],[-102.9111138,49.09428628],[-102.90831444,49.05581114],[-102.90539982,49.017336],[-102.90241173,48.97886086],[-102.89932451,48.94038571],[-102.89613445,48.90191057],[-102.89296744,48.86343543],[-102.88973379,48.82496028],[-102.88643909,48.78648512],[-102.88323793,48.74800997],[-102.88254042,48.73977495],[-102.87994435,48.70953483],[-102.87674897,48.67105969],[-102.87355696,48.63258454],[-102.87048122,48.5941094],[-102.86752178,48.55563426],[-102.86464721,48.51715911],[-102.8619506,48.47868395],[-102.85943213,48.44020881],[-102.85705623,48.40173366],[-102.85471282,48.36325852],[-102.8524259,48.32478338],[-102.85022586,48.28630823],[-102.84829962,48.24783309],[-102.84660301,48.20935795],[-102.84525552,48.17088278],[-102.84494817,48.13240764],[-102.84406526,48.1099121],[-102.84342846,48.09393249],[-102.84406526,48.07731324],[-102.84489131,48.05545735],[-102.84532021,48.01698221],[-102.84727369,47.97850706],[-102.85023302,47.94003192],[-102.85439253,47.90155678],[-102.85990592,47.86308161],[-102.86689028,47.82460647],[-102.87552995,47.78613133],[-102.88254042,47.76016129],[-102.88584506,47.74765618],[-102.89788451,47.70918104],[-102.91196381,47.6707059],[-102.92101555,47.64934263],[-102.92807761,47.63223075],[-102.94618347,47.59375561],[-102.95949071,47.56884427],[-102.96654533,47.55528044],[-102.98925105,47.5168053],[-102.99796584,47.50375994],[-103.01454613,47.47833016],[-103.036441,47.44656749],[-103.04099524,47.43985501],[-103.06757365,47.40137987],[-103.07491613,47.39087479],[-103.09416363,47.36290473],[-103.11339129,47.33517123],[-103.1208384,47.32442959],[-103.14788951,47.28595444],[-103.15186642,47.28036215],[-103.17593653,47.24747928],[-103.19034158,47.22842494],[-103.20572087,47.20900413],[-103.22881671,47.18073647],[-103.23759819,47.17052899],[-103.26729187,47.13704327],[-103.27199283,47.13205385],[-103.305767,47.09730272],[-103.30966004,47.0935787],[-103.34424215,47.06152797],[-103.35182387,47.05510356],[-103.38271731,47.02998242],[-103.40117576,47.01662842],[-103.42119244,47.00286711],[-103.4596676,46.98019984],[-103.46376625,46.97815327],[-103.49814273,46.96213976],[-103.53661789,46.94828337],[-103.56920836,46.93967811],[-103.57509302,46.93822337],[-103.61356818,46.93099299],[-103.65204331,46.92567309],[-103.69051847,46.92191601],[-103.7289936,46.91947294],[-103.76746876,46.91816915],[-103.80594392,46.91777688],[-103.84441905,46.91821671],[-103.88289421,46.9194033],[-103.92136934,46.92123024],[-103.9598445,46.92369126],[-103.99831963,46.92671206],[-104.03679479,46.930392],[-104.07526992,46.93466649],[-104.10981035,46.93967811],[-104.11374508,46.9402377],[-104.15222021,46.94606967],[-104.19069537,46.95405037],[-104.2291705,46.96415409],[-104.26764566,46.97706334],[-104.27037635,46.97815327],[-104.30612082,46.99269075],[-104.34459595,47.01290517],[-104.35049577,47.01662842],[-104.38307111,47.03787352],[-104.40427217,47.05510356],[-104.42154624,47.06970374],[-104.44563066,47.0935787],[-104.4600214,47.10841186],[-104.48087293,47.13205385],[-104.49849653,47.15232926],[-104.51336741,47.17052899],[-104.53697169,47.19869358],[-104.54533686,47.20900413],[-104.57544682,47.24235772],[-104.58014534,47.24747928],[-104.61392198,47.27702812],[-104.62474808,47.28595444],[-104.65239711,47.3071136],[-104.67586949,47.32442959],[-104.69087227,47.33479011],[-104.72934742,47.36124277],[-104.73169563,47.36290473],[-104.76782255,47.3874369],[-104.78678319,47.40137987],[-104.80629771,47.41518596],[-104.83877939,47.43985501],[-104.84477284,47.44425901],[-104.883248,47.47027033],[-104.89610699,47.47833016],[-104.92172313,47.49444311],[-104.95579292,47.5168053],[-104.96019829,47.52004769],[-104.99867342,47.54948655],[-105.00573051,47.55528044],[-105.03714858,47.58478461],[-105.04611956,47.59375561],[-105.07562371,47.62741737],[-105.07963232,47.63223075],[-105.10817706,47.6707059],[-105.11409887,47.67968318],[-105.13304306,47.70918104],[-105.15257403,47.74351099],[-105.15488488,47.74765618],[-105.17464794,47.78613133],[-105.19104916,47.82163427],[-105.19241093,47.82460647],[-105.20891535,47.86308161],[-105.22399648,47.90155678],[-105.22952432,47.91659182],[-105.23816493,47.94003192],[-105.2514437,47.97850706],[-105.26385539,48.01698221],[-105.26799945,48.03047181],[-105.27574355,48.05545735],[-105.2870335,48.09393249],[-105.29779247,48.13240764],[-105.30647461,48.16498541],[-105.30806811,48.17088278],[-105.31810363,48.20935795],[-105.32753027,48.24783309],[-105.33630966,48.28630823],[-105.34403359,48.32478338],[-105.34494974,48.32920518],[-105.35221234,48.36325852],[-105.35942345,48.40173366],[-105.36615042,48.44020881],[-105.37243638,48.47868395],[-105.37835778,48.51715911],[-105.3834249,48.54939196],[-105.38440874,48.55563426],[-105.38921376,48.5941094],[-105.39422034,48.63258454],[-105.39893629,48.67105969],[-105.40341177,48.70953483],[-105.40759486,48.74800997],[-105.41163646,48.78648512],[-105.41543508,48.82496028],[-105.41903968,48.86343543],[-105.42190003,48.89570859],[-105.42245709,48.90191057],[-105.42575811,48.94038571],[-105.4289039,48.97886086],[-105.43189547,49.017336],[-105.43473179,49.05581114],[-105.43741389,49.09428628],[-105.43996545,49.13276145],[-105.44236493,49.17123659],[-105.4446344,49.20971174],[-105.44671584,49.24818688]]]}},
{"type":"Feature","properties":{"Lower":30.0},"geometry":{"type":"Polygon","coordinates":[[[-112.31858124,48.55563426],[-112.30895116,48.56526434],[-112.28011735,48.5941094],[-112.28012403,48.63258454],[-112.27047603,48.64223255],[-112.24165653,48.67105969],[-112.24166059,48.70953483],[-112.24166377,48.74800997],[-112.23200087,48.75767288],[-112.20319193,48.78648512],[-112.19352574,48.7961513],[-112.16471895,48.82496028],[-112.15505058,48.83462863],[-112.12624515,48.86343543],[-112.12624585,48.90191057],[-112.11657545,48.91158097],[-112.07810029,48.91158111],[-112.04929621,48.94038571],[-112.03962516,48.95005677],[-112.01082143,48.97886086],[-112.00115,48.98853229],[-111.96267487,48.98853229],[-111.9338715,49.017336],[-111.92419971,49.02700779],[-111.88572455,49.02700781],[-111.84724942,49.02700788],[-111.81844661,49.05581114],[-111.80877426,49.06548349],[-111.77029913,49.06548366],[-111.73182398,49.06548389],[-111.69334885,49.06548422],[-111.65487369,49.06548462],[-111.6260729,49.09428628],[-111.61639856,49.10396067],[-111.5779234,49.10396131],[-111.53944827,49.10396208],[-111.50097311,49.10396297],[-111.46249795,49.10396398],[-111.42402282,49.10396522],[-111.42402282,49.10390624],[-111.46007513,49.09428628],[-111.44859062,49.05581114],[-111.43512304,49.017336],[-111.42402282,48.98606656],[-111.42171841,48.97886086],[-111.40952188,48.94038571],[-111.39716117,48.90191057],[-111.38554766,48.86982579],[-111.38351098,48.86343543],[-111.37384685,48.82496028],[-111.36298992,48.78648512],[-111.35478407,48.74800997],[-111.3495447,48.70953483],[-111.34707253,48.69458789],[-111.34344606,48.67105969],[-111.33041974,48.63258454],[-111.30859737,48.60494915],[-111.30010016,48.5941094],[-111.27012224,48.57359838],[-111.2457423,48.55563426],[-111.23164708,48.5480862],[-111.19317195,48.52499238],[-111.18124079,48.51715911],[-111.15469679,48.5027186],[-111.11622166,48.47946721],[-111.11499287,48.47868395],[-111.0777465,48.45816878],[-111.04734933,48.44020881],[-111.03927137,48.43611535],[-111.00079621,48.41729202],[-110.96772901,48.40173366],[-110.96232105,48.39958995],[-110.92384592,48.38529785],[-110.88537076,48.37196943],[-110.85792474,48.36325852],[-110.84689563,48.36014098],[-110.80842047,48.34981501],[-110.76994534,48.33981071],[-110.73147018,48.33027433],[-110.70750561,48.32478338],[-110.69299505,48.32169348],[-110.65451989,48.3143769],[-110.61604476,48.30792174],[-110.5775696,48.30253377],[-110.53909444,48.29839322],[-110.50061931,48.29579423],[-110.46214415,48.2949751],[-110.42366902,48.29627931],[-110.38519386,48.30015793],[-110.34671873,48.30717543],[-110.30824358,48.31797731],[-110.29090072,48.32478338],[-110.26976845,48.33479337],[-110.23129329,48.35932306],[-110.22632665,48.36325852],[-110.19281816,48.39810583],[-110.18992169,48.40173366],[-110.16836667,48.44020881],[-110.15771198,48.47868395],[-110.15817897,48.51715911],[-110.16379197,48.55563426],[-110.17023546,48.5941094],[-110.1728015,48.63258454],[-110.17238899,48.67105969],[-110.17187935,48.70953483],[-110.17134184,48.74800997],[-110.170093,48.78648512],[-110.16754701,48.82496028],[-110.16375176,48.86343543],[-110.15905285,48.90191057],[-110.154343,48.93341022],[-110.15302723,48.94038571],[-110.14798018,48.97886086],[-110.14228333,49.017336],[-110.13713892,49.05581114],[-110.13255097,49.09428628],[-110.12853677,49.13276145],[-110.12508955,49.17123659],[-110.12227542,49.20971174],[-110.11999462,49.24818688],[-110.154343,49.2578074],[-110.154343,49.25786635],[-110.11586784,49.25786443],[-110.07739271,49.25786279],[-110.03891755,49.25786139],[-110.00044242,49.25786019],[-109.96196726,49.25785914],[-109.92349213,49.25785822],[-109.88501697,49.25785738],[-109.84654184,49.25785663],[-109.80806668,49.25785593],[-109.76959155,49.25785522],[-109.73111639,49.25785452],[-109.69264126,49.25785382],[-109.6541661,49.25785309],[-109.61569094,49.25785232],[-109.57721581,49.2578515],[-109.53874065,49.25785061],[-109.50026552,49.25784967],[-109.46179036,49.25784864],[-109.42331523,49.25784754],[-109.38484007,49.25784639],[-109.34636494,49.25784522],[-109.30788978,49.25784407],[-109.26941465,49.25784295],[-109.23093949,49.25784182],[-109.19246433,49.25784077],[-109.1539892,49.25783976],[-109.11551404,49.25783882],[-109.07703891,49.25783795],[-109.03856375,49.25783718],[-109.00008862,49.25783648],[-108.96161346,49.25783587],[-108.92313833,49.25783533],[-108.88466318,49.25783486],[-108.84618805,49.25783449],[-108.80771289,49.25783418],[-108.76923776,49.25783397],[-108.7307626,49.25783378],[-108.69228744,49.2578336],[-108.65381231,49.25783341],[-108.61533715,49.25783315],[-108.57686202,49.25783287],[-108.53838686,49.25783247],[-108.49991173,49.257832],[-108.46143657,49.25783139],[-108.42296144,49.25783062],[-108.38448628,49.25782966],[-108.34601115,49.25782858],[-108.30753599,49.25782734],[-108.26906083,49.25782596],[-108.2305857,49.25782441],[-108.19211054,49.2578227],[-108.15363541,49.25782085],[-108.11516025,49.25781881],[-108.07668512,49.25781666],[-108.03820996,49.25781434],[-107.99973483,49.25781185],[-107.96125967,49.25780927],[-107.92278454,49.25780653],[-107.91093745,49.24818688],[-107.91433139,49.20971174],[-107.91777841,49.17123659],[-107.92125194,49.13276145],[-107.92278454,49.11632205],[-107.92492974,49.09428628],[-107.92878635,49.05581114],[-107.93270009,49.017336],[-107.93672212,48.97886086],[-107.94082118,48.94038571],[-107.94506307,48.90191057],[-107.94936422,48.86343543],[-107.95383095,48.82496028],[-107.95998076,48.78648512],[-107.96125967,48.78217339],[-107.97186962,48.74800997],[-107.98585141,48.70953483],[-107.99973483,48.67716585],[-108.00239097,48.67105969],[-108.02140591,48.63258454],[-108.03820996,48.60196776],[-108.04256356,48.5941094],[-108.06595132,48.55563426],[-108.07668512,48.53944005],[-108.09152184,48.51715911],[-108.11516025,48.48439991],[-108.1193137,48.47868395],[-108.14907908,48.44020881],[-108.15363541,48.43428564],[-108.17958291,48.40173366],[-108.19211054,48.38615895],[-108.21136755,48.36325852],[-108.2305857,48.34107066],[-108.24548343,48.32478338],[-108.26906083,48.30029153],[-108.28352459,48.28630823],[-108.30753599,48.264766],[-108.32851362,48.24783309],[-108.34601115,48.23487494],[-108.38268748,48.20935795],[-108.38448628,48.20815468],[-108.42296144,48.18503406],[-108.44833048,48.17088278],[-108.46143657,48.16371808],[-108.49991173,48.14474648],[-108.52794857,48.13240764],[-108.53838686,48.12788283],[-108.57686202,48.11274073],[-108.61533715,48.09912655],[-108.63141878,48.09393249],[-108.65381231,48.08677379],[-108.69228744,48.07560441],[-108.7307626,48.06545631],[-108.76923776,48.05688561],[-108.77519315,48.05545735],[-108.80771289,48.04758209],[-108.84618805,48.03957691],[-108.88466318,48.03202062],[-108.92313833,48.02492441],[-108.96161346,48.01803093],[-108.96827623,48.01698221],[-109.00008862,48.01204138],[-109.03856375,48.00684074],[-109.07703891,48.00231488],[-109.11551404,47.99836819],[-109.1539892,47.99478244],[-109.19246433,47.99132196],[-109.23093949,47.98780142],[-109.26941465,47.98370088],[-109.30788978,47.97936618],[-109.31244432,47.97850706],[-109.34636494,47.97213221],[-109.38484007,47.96375365],[-109.42331523,47.95359383],[-109.46179036,47.94196862],[-109.46874856,47.94003192],[-109.50026552,47.93147362],[-109.53874065,47.92278203],[-109.57721581,47.91592234],[-109.61569094,47.91058697],[-109.6541661,47.90625458],[-109.69264126,47.90230759],[-109.69798447,47.90155678],[-109.73111639,47.89674466],[-109.76959155,47.89154156],[-109.80806668,47.88644278],[-109.84654184,47.88168073],[-109.88501697,47.87748621],[-109.92349213,47.87406225],[-109.96196726,47.87152513],[-110.00044242,47.87005936],[-110.03891755,47.86962035],[-110.07739271,47.87035075],[-110.11586784,47.87225185],[-110.154343,47.87523115],[-110.19281816,47.87935118],[-110.23129329,47.88453774],[-110.26976845,47.89073617],[-110.30824358,47.89772608],[-110.32754423,47.90155678],[-110.34671873,47.90514084],[-110.38519386,47.9128899],[-110.42366902,47.92118584],[-110.46214415,47.93005752],[-110.50061931,47.93950514],[-110.50263065,47.94003192],[-110.53909444,47.94903699],[-110.5775696,47.9590423],[-110.61604476,47.96962991],[-110.64662451,47.97850706],[-110.65451989,47.98067634],[-110.69299505,47.99171919],[-110.73147018,48.00322554],[-110.76994534,48.01544898],[-110.77446318,48.01698221],[-110.80842047,48.02756798],[-110.84689563,48.03991416],[-110.88537076,48.05326596],[-110.89128574,48.05545735],[-110.92384592,48.06641421],[-110.96232105,48.07982611],[-110.99950452,48.09393249],[-111.00079621,48.09439243],[-111.03927137,48.10841296],[-111.0777465,48.12314883],[-111.10052631,48.13240764],[-111.11622166,48.1384515],[-111.15469679,48.15385675],[-111.19317195,48.17022576],[-111.19466652,48.17088278],[-111.23164708,48.18639294],[-111.27012224,48.20360049],[-111.28277931,48.20935795],[-111.30859737,48.22024697],[-111.34707253,48.23612254],[-111.37607581,48.24783309],[-111.38554766,48.25123289],[-111.42402282,48.26421506],[-111.46249795,48.27635644],[-111.49679037,48.28630823],[-111.50097311,48.28730151],[-111.53944827,48.29524207],[-111.5779234,48.30161299],[-111.61639856,48.30609004],[-111.65487369,48.30810369],[-111.69334885,48.30654928],[-111.73182398,48.30091148],[-111.77029913,48.29176844],[-111.80877426,48.28927007],[-111.84724942,48.30262415],[-111.88572455,48.3172352],[-111.90392799,48.32478338],[-111.92419971,48.33328308],[-111.96267487,48.35001099],[-111.99175998,48.36325852],[-112.00115,48.36772974],[-112.03962516,48.38547661],[-112.07443574,48.40173366],[-112.07810029,48.40352234],[-112.11657545,48.42130122],[-112.15505058,48.43892791],[-112.15792506,48.44020881],[-112.19352574,48.45614602],[-112.23200087,48.47293089],[-112.24546743,48.47868395],[-112.27047603,48.48933175],[-112.30895116,48.50507601],[-112.31857264,48.51715911],[-112.31858124,48.55563426]]]}},
{"type":"Feature","properties":{"Lower":30.0},"geometry":{"type":"Polygon","coordinates":[[[-114.15575817,43.21721125],[-114.15575817,43.21727023],[-114.12695871,43.24606412],[-114.12695491,43.28453926],[-114.12695147,43.3230144],[-114.11728304,43.33268281],[-114.08847228,43.36148954],[-114.08846945,43.39996469],[-114.07880788,43.40962626],[-114.04999099,43.43843983],[-114.04998861,43.47691497],[-114.0499864,43.51539012],[-114.04033275,43.52504379],[-114.01150865,43.55386528],[-114.01150674,43.59234043],[-114.01150491,43.63081557],[-114.00185759,43.64046289],[-113.97302764,43.66929071],[-113.97302605,43.70776586],[-113.97302452,43.746241],[-113.96338246,43.75588305],[-113.93454756,43.78471614],[-113.93454615,43.82319128],[-113.93454482,43.86166645],[-113.9249073,43.87130396],[-113.8960681,43.90014159],[-113.89606687,43.93861674],[-113.89606566,43.97709188],[-113.88643217,43.98672538],[-113.85758909,44.01556702],[-113.85758797,44.05404217],[-113.85758685,44.09251731],[-113.84795701,44.10214715],[-113.8191104,44.13099245],[-113.81910934,44.16946762],[-113.81910828,44.20794276],[-113.80948188,44.21756916],[-113.78063191,44.24641791],[-113.78063088,44.28489305],[-113.78062985,44.32336819],[-113.77100672,44.33299131],[-113.74215354,44.36184333],[-113.74215254,44.40031848],[-113.74215154,44.43879362],[-113.73253156,44.4484136],[-113.70367532,44.47726879],[-113.69405643,44.48091897],[-113.67505064,44.47726879],[-113.65558127,44.47328196],[-113.61710614,44.46771898],[-113.57863098,44.46215598],[-113.54015585,44.4567031],[-113.50168069,44.45118148],[-113.46320556,44.44582814],[-113.4247304,44.44277367],[-113.40264325,44.43879362],[-113.38625527,44.43563896],[-113.34778011,44.43124333],[-113.30930498,44.42705556],[-113.27082982,44.42345196],[-113.23235466,44.42025569],[-113.19387953,44.41773464],[-113.15540437,44.4153018],[-113.11692924,44.41343702],[-113.07845409,44.41196576],[-113.03997896,44.410998],[-113.0015038,44.41034921],[-112.96302867,44.41015166],[-112.92455351,44.41022043],[-112.88607838,44.41063378],[-112.84760322,44.41145248],[-112.80912806,44.41244313],[-112.77065293,44.41392512],[-112.73217777,44.41559807],[-112.69370264,44.41752033],[-112.65522748,44.41978376],[-112.61675235,44.42220656],[-112.57827719,44.42513831],[-112.53980206,44.42853284],[-112.5013269,44.43256667],[-112.46285177,44.43406866],[-112.44446964,44.43879362],[-112.42437661,44.44395839],[-112.38590145,44.446726],[-112.34742632,44.45215653],[-112.30895116,44.45827167],[-112.27047603,44.46448316],[-112.23200087,44.47114866],[-112.20844263,44.47726879],[-112.19352574,44.48083532],[-112.15505058,44.4850245],[-112.11657545,44.49235702],[-112.07810029,44.49992973],[-112.03962516,44.50750296],[-112.00115,44.51234467],[-111.98774549,44.51574393],[-111.96267487,44.52254467],[-111.92419971,44.53000166],[-111.88572455,44.53729001],[-111.84724942,44.54439238],[-111.80877426,44.55092936],[-111.78918693,44.55421907],[-111.77029913,44.5573436],[-111.73182398,44.56284043],[-111.69334885,44.56804796],[-111.65487369,44.57225199],[-111.61639856,44.57569624],[-111.5779234,44.57799221],[-111.53944827,44.57952624],[-111.50097311,44.58132061],[-111.46249795,44.5831584],[-111.42402282,44.58544158],[-111.38554766,44.58800047],[-111.34707253,44.58837075],[-111.32701835,44.59269422],[-111.30859737,44.59656437],[-111.27012224,44.59780734],[-111.23164708,44.60007132],[-111.19317195,44.60022717],[-111.15469679,44.59868576],[-111.11622166,44.59783974],[-111.09505931,44.59269422],[-111.0777465,44.58833748],[-111.03927137,44.58540366],[-111.00079621,44.57922695],[-110.96232105,44.57223374],[-110.92384592,44.56465475],[-110.88537076,44.55907426],[-110.86825442,44.55421907],[-110.84689563,44.54759728],[-110.80842047,44.53865006],[-110.76994534,44.52989198],[-110.73147018,44.52130843],[-110.71191563,44.51574393],[-110.69299505,44.5107441],[-110.65451989,44.50540482],[-110.61604476,44.49819693],[-110.5775696,44.49120246],[-110.53909444,44.48496435],[-110.50061931,44.48175559],[-110.47753946,44.47726879],[-110.46214415,44.47407655],[-110.42366902,44.4695732],[-110.38519386,44.4659782],[-110.34671873,44.46288875],[-110.30824358,44.46060543],[-110.26976845,44.45907691],[-110.23129329,44.45838726],[-110.19281816,44.45852023],[-110.154343,44.45960273],[-110.11586784,44.46133954],[-110.07739271,44.4642129],[-110.03891755,44.46792799],[-110.00044242,44.4727358],[-109.98038291,44.47726879],[-109.96196726,44.48111444],[-109.92349213,44.48553626],[-109.88501697,44.49348617],[-109.84654184,44.50252208],[-109.80806668,44.51287092],[-109.79827301,44.51574393],[-109.76959155,44.52410197],[-109.73111639,44.53658695],[-109.69264126,44.5500635],[-109.68170619,44.55421907],[-109.6541661,44.56461566],[-109.61569094,44.58007357],[-109.58656824,44.59269422],[-109.57721581,44.59674719],[-109.53874065,44.61433219],[-109.50851334,44.63116936],[-109.50026552,44.63547485],[-109.46179036,44.65321352],[-109.43177027,44.6696445],[-109.42331523,44.67427222],[-109.38484007,44.69662837],[-109.36615216,44.70811965],[-109.34636494,44.7202869],[-109.30788978,44.74284783],[-109.30252685,44.74659479],[-109.26941465,44.77131286],[-109.25010308,44.78506996],[-109.23093949,44.79872161],[-109.19799127,44.8235451],[-109.19246433,44.82770911],[-109.1539892,44.8579587],[-109.14903269,44.86202024],[-109.11551404,44.88967858],[-109.10303969,44.90049538],[-109.07703891,44.9230413],[-109.05938209,44.93897053],[-109.03856375,44.95788423],[-109.0178344,44.97744567],[-109.00008862,44.99431039],[-108.97832383,45.01592081],[-108.96161346,45.03251263],[-108.94033388,45.05439596],[-108.92313833,45.07220567],[-108.90372121,45.09287112],[-108.88466318,45.11329891],[-108.86847779,45.13134627],[-108.84618805,45.15620193],[-108.83428182,45.16982141],[-108.80771289,45.20043369],[-108.80109665,45.20829655],[-108.76923776,45.24360216],[-108.76661717,45.2467717],[-108.73728111,45.28524684],[-108.7307626,45.29321922],[-108.70653501,45.32372198],[-108.69228744,45.34178984],[-108.67655385,45.36219712],[-108.65381231,45.39169412],[-108.64704202,45.40067229],[-108.6181919,45.43914743],[-108.61533715,45.44299522],[-108.59031892,45.47762258],[-108.57686202,45.49638402],[-108.56301147,45.51609772],[-108.53838686,45.55166564],[-108.53642453,45.55457286],[-108.51059338,45.59304801],[-108.49991173,45.60907089],[-108.48523528,45.63152315],[-108.46143657,45.6654046],[-108.45842991,45.66999829],[-108.4356898,45.70847344],[-108.42296144,45.72851498],[-108.41147205,45.7469486],[-108.38765706,45.78542375],[-108.38448628,45.79053497],[-108.36416431,45.82389889],[-108.34601115,45.85348136],[-108.34065187,45.86237403],[-108.31759126,45.90084917],[-108.30753599,45.91748519],[-108.29450896,45.93932432],[-108.27154767,45.97779946],[-108.26906083,45.98192608],[-108.2486291,46.0162746],[-108.2305857,46.04660807],[-108.22580476,46.05474977],[-108.20283837,46.09322491],[-108.19211054,46.11105473],[-108.17984413,46.13170006],[-108.15664952,46.1701752],[-108.15363541,46.17509616],[-108.13325302,46.20865034],[-108.11516025,46.23823403],[-108.10976721,46.24712549],[-108.08591949,46.28560063],[-108.07668512,46.30019727],[-108.06163946,46.32407577],[-108.03820996,46.35818146],[-108.03534779,46.36255094],[-108.01165015,46.40102608],[-107.99973483,46.4186157],[-107.98569947,46.43950122],[-107.96125967,46.47481812],[-107.95907412,46.47797637],[-107.93152641,46.51645151],[-107.92278454,46.52826504],[-107.90305442,46.55492665],[-107.88430938,46.5790832],[-107.87324266,46.5934018],[-107.84583422,46.62729004],[-107.84209461,46.63187694],[-107.80918991,46.67035211],[-107.80735909,46.67238808],[-107.77432698,46.70882725],[-107.76888393,46.714477],[-107.73700029,46.74730239],[-107.7304088,46.75365939],[-107.69669136,46.78577754],[-107.69193364,46.78999312],[-107.65345851,46.82233677],[-107.65124779,46.82425268],[-107.61498335,46.85492689],[-107.60512267,46.86272782],[-107.57650822,46.88490933],[-107.55492774,46.90120296],[-107.53803306,46.91374823],[-107.50199361,46.93967811],[-107.49955793,46.94138],[-107.46108278,46.96756977],[-107.44495311,46.97815327],[-107.42260765,46.99236641],[-107.38413249,47.01471112],[-107.38093698,47.01662842],[-107.34565733,47.03761294],[-107.31293309,47.05510356],[-107.3071822,47.05804221],[-107.26870704,47.07680283],[-107.23403504,47.0935787],[-107.23023191,47.09528158],[-107.19175675,47.11021326],[-107.15328162,47.12495543],[-107.13360627,47.13205385],[-107.11480646,47.13843465],[-107.07633133,47.15054958],[-107.03785617,47.16178717],[-107.00494941,47.17052899],[-106.99938104,47.17190985],[-106.96090588,47.18084945],[-106.92243072,47.18890907],[-106.88395559,47.19616485],[-106.84548043,47.20262412],[-106.8070053,47.2083168],[-106.80177267,47.20900413],[-106.76853014,47.21312538],[-106.73005501,47.2174861],[-106.69157985,47.22138754],[-106.65310472,47.22491286],[-106.61462956,47.22802236],[-106.57615443,47.23080273],[-106.53767927,47.23321991],[-106.49920411,47.23536296],[-106.46072898,47.2371632],[-106.42225382,47.23872126],[-106.38377869,47.24003567],[-106.34530353,47.24114611],[-106.3068284,47.24197232],[-106.26835324,47.24261333],[-106.22987811,47.24303163],[-106.19140295,47.24328593],[-106.15292782,47.24333047],[-106.11445267,47.24321681],[-106.07597754,47.24291051],[-106.03750238,47.24241217],[-105.99902722,47.2417695],[-105.96055209,47.24067706],[-105.92207693,47.23903206],[-105.8836018,47.23674488],[-105.84512664,47.23387603],[-105.80665151,47.23032173],[-105.76817635,47.22601987],[-105.72970122,47.2209034],[-105.69122606,47.21485776],[-105.65960884,47.20900413],[-105.65275093,47.20775803],[-105.61427577,47.19961495],[-105.57580061,47.19009528],[-105.53732548,47.17887269],[-105.51303858,47.17052899],[-105.49885032,47.16581127],[-105.46037519,47.15079711],[-105.42190003,47.13284032],[-105.42046621,47.13205385],[-105.3834249,47.11290075],[-105.35095726,47.0935787],[-105.34494974,47.09026235],[-105.30647461,47.06825575],[-105.28458022,47.05510356],[-105.26799945,47.04527223],[-105.22952432,47.02171031],[-105.22139932,47.01662842],[-105.19104916,46.99713432],[-105.16268667,46.97815327],[-105.15257403,46.97117077],[-105.11409887,46.94393029],[-105.10820608,46.93967811],[-105.07562371,46.91530098],[-105.05692724,46.90120296],[-105.03714858,46.88615595],[-105.00573979,46.86272782],[-104.99867342,46.85750354],[-104.96019829,46.83025066],[-104.95145575,46.82425268],[-104.92172313,46.80475033],[-104.89193338,46.78577754],[-104.883248,46.78060909],[-104.84477284,46.75813509],[-104.8242527,46.74730239],[-104.80629771,46.73802299],[-104.76782255,46.7192879],[-104.74674273,46.70882725],[-104.72934742,46.70022075],[-104.69087227,46.67972214],[-104.67505683,46.67035211],[-104.65239711,46.65672616],[-104.61694912,46.63187694],[-104.61392198,46.62970441],[-104.57544682,46.59826976],[-104.5702438,46.5934018],[-104.53697169,46.56136145],[-104.53105585,46.55492665],[-104.49849653,46.51844491],[-104.49688236,46.51645151],[-104.46609567,46.47797637],[-104.4600214,46.47016147],[-104.43751979,46.43950122],[-104.42154624,46.41708076],[-104.41053343,46.40102608],[-104.3846267,46.36255094],[-104.38307111,46.36032058],[-104.35812567,46.32407577],[-104.34459595,46.30588387],[-104.32962949,46.28560063],[-104.30612082,46.25555515],[-104.29956807,46.24712549],[-104.26824748,46.20865034],[-104.26764566,46.20794232],[-104.23574797,46.1701752],[-104.2291705,46.1626594],[-104.2022816,46.13170006],[-104.19069537,46.11877386],[-104.16793899,46.09322491],[-104.15222021,46.07606139],[-104.13279988,46.05474977],[-104.11374508,46.03439766],[-104.09686185,46.0162746],[-104.07526992,45.99367051],[-104.06016595,45.97779946],[-104.03679479,45.95383433],[-104.02267923,45.93932432],[-103.99831963,45.91462895],[-103.9845226,45.90084917],[-103.9598445,45.87697976],[-103.94347024,45.86237403],[-103.92136934,45.84251555],[-103.89913808,45.82389889],[-103.88289421,45.80988511],[-103.85282873,45.78542375],[-103.84441905,45.77831294],[-103.80594392,45.74756346],[-103.80513915,45.7469486],[-103.76746876,45.71689087],[-103.7563374,45.70847344],[-103.7289936,45.68680763],[-103.70658109,45.66999829],[-103.69051847,45.65732823],[-103.65604615,45.63152315],[-103.65204331,45.62834893],[-103.61356818,45.59920617],[-103.60499915,45.59304801],[-103.57509302,45.57026028],[-103.55321882,45.55457286],[-103.53661789,45.54194526],[-103.50045494,45.51609772],[-103.49814273,45.51434142],[-103.4596676,45.48668156],[-103.44615807,45.47762258],[-103.42119244,45.45977732],[-103.38999707,45.43914743],[-103.38271731,45.43401285],[-103.34424215,45.40884726],[-103.33061733,45.40067229],[-103.305767,45.38470757],[-103.26856498,45.36219712],[-103.26729187,45.36139031],[-103.22881671,45.33986146],[-103.1980963,45.32372198],[-103.19034158,45.3193461],[-103.15186642,45.29929518],[-103.1221469,45.28524684],[-103.11339129,45.28079978],[-103.07491613,45.26261263],[-103.0398061,45.2467717],[-103.036441,45.24518092],[-102.99796584,45.22938377],[-102.95949071,45.21455472],[-102.94071573,45.20829655],[-102.92101555,45.20128205],[-102.88254042,45.19022464],[-102.84406526,45.1814518],[-102.8055901,45.17509293],[-102.76711497,45.17155667],[-102.72863981,45.17201894],[-102.69016468,45.17298675],[-102.65168952,45.17785806],[-102.61321439,45.18497996],[-102.57473923,45.19311575],[-102.5362641,45.20034945],[-102.49778894,45.20406593],[-102.45931381,45.19994257],[-102.42083865,45.18729195],[-102.38604689,45.16982141],[-102.38236349,45.16801825],[-102.34388836,45.14295131],[-102.32905288,45.13134627],[-102.3054132,45.11314699],[-102.28260263,45.09287112],[-102.26693807,45.07921809],[-102.24172346,45.05439596],[-102.22846291,45.04159097],[-102.20427029,45.01592081],[-102.18998778,45.0009376],[-102.1693057,44.97744567],[-102.15151262,44.95768277],[-102.13494083,44.93897053],[-102.11303749,44.91528695],[-102.09913052,44.90049538],[-102.07456233,44.87551216],[-102.06102467,44.86202024],[-102.0360872,44.83790044],[-102.02077811,44.8235451],[-101.99761204,44.80237749],[-101.9777684,44.78506996],[-101.95913688,44.76922461],[-101.93053843,44.74659479],[-101.92066175,44.73901556],[-101.8821866,44.71175669],[-101.87665136,44.70811965],[-101.84371147,44.68714094],[-101.81330526,44.6696445],[-101.80523631,44.66513987],[-101.76676118,44.6453403],[-101.73593799,44.63116936],[-101.72828602,44.62776638],[-101.68981089,44.61191328],[-101.65133573,44.59791936],[-101.63551414,44.59269422],[-101.6128606,44.58544713],[-101.57438544,44.57434842],[-101.53591031,44.56461676],[-101.49743515,44.55611994],[-101.487796,44.55421907],[-101.45895999,44.54849821],[-101.42048486,44.54165607],[-101.3820097,44.53559449],[-101.34353457,44.5304832],[-101.30505941,44.52631935],[-101.26658428,44.52324574],[-101.22810912,44.52107255],[-101.18963399,44.51941741],[-101.15115883,44.51833134],[-101.1126837,44.51798238],[-101.07420854,44.5183662],[-101.03573338,44.51953269],[-100.99725825,44.5215345],[-100.95878309,44.52430978],[-100.92030796,44.52782334],[-100.8818328,44.53207315],[-100.84335767,44.53692138],[-100.80488251,44.54229417],[-100.76640738,44.5481316],[-100.72793222,44.55358968],[-100.72449236,44.55421907],[-100.68945709,44.56063974],[-100.65098193,44.56761949],[-100.61250677,44.57523944],[-100.57403164,44.58348909],[-100.53555649,44.5916899],[-100.53158008,44.59269422],[-100.49708136,44.60194787],[-100.4586062,44.61213431],[-100.42013107,44.62292051],[-100.39167559,44.63116936],[-100.38165591,44.63424756],[-100.34318078,44.64631239],[-100.30470562,44.658769],[-100.27186008,44.6696445],[-100.26623049,44.67162752],[-100.22775533,44.6847141],[-100.1892802,44.69758055],[-100.1559765,44.70811965],[-100.15080504,44.70982079],[-100.11232988,44.72150863],[-100.07385475,44.73211969],[-100.03537959,44.74158237],[-100.01160392,44.74659479],[-99.99690446,44.74946858],[-99.9584293,44.75484687],[-99.91995417,44.75716725],[-99.88147901,44.75485973],[-99.84960004,44.74659479],[-99.84300388,44.74495134],[-99.80452872,44.72967451],[-99.76605359,44.71643419],[-99.72757843,44.71284135],[-99.68910327,44.72242883],[-99.65062814,44.7462713],[-99.65035441,44.74659479],[-99.61215298,44.78208831],[-99.6100884,44.78506996],[-99.57919345,44.8235451],[-99.57367785,44.82947663],[-99.55221136,44.86202024],[-99.53520269,44.88710103],[-99.5269655,44.90049538],[-99.50396788,44.93897053],[-99.49672756,44.9513738],[-99.48245844,44.97744567],[-99.46283946,45.01592081],[-99.4582524,45.02547209],[-99.44498682,45.05439596],[-99.42945733,45.09287112],[-99.41977727,45.12085016],[-99.41630297,45.13134627],[-99.40644523,45.16982141],[-99.40045422,45.20829655],[-99.39880097,45.2467717],[-99.40168189,45.28524684],[-99.40932862,45.32372198],[-99.41977727,45.35321551],[-99.42285331,45.36219712],[-99.44430623,45.40067229],[-99.4582524,45.41308222],[-99.48897993,45.43914743],[-99.49672756,45.44737545],[-99.5336333,45.47762258],[-99.53520269,45.47932555],[-99.57367785,45.51373148],[-99.57702965,45.51609772],[-99.61215298,45.54215105],[-99.63486289,45.55457286],[-99.65062814,45.56331806],[-99.68910327,45.58071109],[-99.7243197,45.59304801],[-99.72757843,45.59427344],[-99.76605359,45.60751027],[-99.80452872,45.61453822],[-99.84300388,45.61587292],[-99.88147901,45.61105972],[-99.91995417,45.59563317],[-99.92447857,45.59304801],[-99.9584293,45.56865401],[-99.98098621,45.55457286],[-99.99690446,45.54317587],[-100.03537959,45.52091087],[-100.04652005,45.51609772],[-100.07385475,45.50231963],[-100.11232988,45.48960814],[-100.15080504,45.48345743],[-100.1892802,45.48370983],[-100.22775533,45.49020442],[-100.26623049,45.50280052],[-100.29406768,45.51609772],[-100.30470562,45.52072523],[-100.34318078,45.54193706],[-100.36222159,45.55457286],[-100.38165591,45.56667174],[-100.41854183,45.59304801],[-100.42013107,45.59413897],[-100.4586062,45.62282829],[-100.46933897,45.63152315],[-100.49708136,45.65588476],[-100.512187,45.66999829],[-100.53555649,45.69480583],[-100.5480691,45.70847344],[-100.57403164,45.74141967],[-100.57833105,45.7469486],[-100.60384409,45.78542375],[-100.61250677,45.80108075],[-100.62508167,45.82389889],[-100.64194412,45.86237403],[-100.65098193,45.89082737],[-100.65408726,45.90084917],[-100.66172639,45.93932432],[-100.66963402,45.97779946],[-100.67793721,46.0162746],[-100.68655348,46.05474977],[-100.68945709,46.06723965],[-100.69583713,46.09322491],[-100.70553717,46.13170006],[-100.71547827,46.1701752],[-100.72568568,46.20865034],[-100.72793222,46.21703636],[-100.73686393,46.24712549],[-100.74858199,46.28560063],[-100.76068222,46.32407577],[-100.76640738,46.34206145],[-100.77439228,46.36255094],[-100.7896345,46.40102608],[-100.80488251,46.43772117],[-100.80584084,46.43950122],[-100.82663933,46.47797637],[-100.84335767,46.50669261],[-100.85127284,46.51645151],[-100.8818328,46.55133877],[-100.88653804,46.55492665],[-100.92030796,46.57890134],[-100.95418776,46.5934018],[-100.95878309,46.5952417],[-100.99725825,46.60586874],[-101.03573338,46.61325648],[-101.07420854,46.61934683],[-101.1126837,46.62525046],[-101.15115883,46.63127365],[-101.15397682,46.63187694],[-101.18963399,46.63945014],[-101.22810912,46.64853148],[-101.26658428,46.65972076],[-101.29582062,46.67035211],[-101.30505941,46.67379094],[-101.34353457,46.69051351],[-101.37886709,46.70882725],[-101.3820097,46.71052527],[-101.42048486,46.73541308],[-101.43574162,46.74730239],[-101.45895999,46.76661396],[-101.47815433,46.78577754],[-101.49743515,46.80692544],[-101.51050532,46.82425268],[-101.53591031,46.86154276],[-101.53665259,46.86272782],[-101.56023967,46.90120296],[-101.57438544,46.92635414],[-101.58159629,46.93967811],[-101.60024638,46.97815327],[-101.6128606,47.00762039],[-101.61660145,47.01662842],[-101.63032522,47.05510356],[-101.64164484,47.0935787],[-101.65051851,47.13205385],[-101.65133573,47.1370795],[-101.65668618,47.17052899],[-101.66005634,47.20900413],[-101.66043633,47.24747928],[-101.65752067,47.28595444],[-101.65133573,47.3217597],[-101.65083512,47.32442959],[-101.64240469,47.36290473],[-101.63390672,47.40137987],[-101.62555185,47.43985501],[-101.6169719,47.47833016],[-101.6128606,47.50141525],[-101.60948843,47.5168053],[-101.60324883,47.55528044],[-101.59841747,47.59375561],[-101.59625328,47.63223075],[-101.58504636,47.6707059],[-101.57438544,47.69151911],[-101.57144627,47.70918104],[-101.56355483,47.74765618],[-101.55463186,47.78613133],[-101.54417603,47.82460647],[-101.53591031,47.84865858],[-101.53248696,47.86308161],[-101.51987618,47.90155678],[-101.50255843,47.94003192],[-101.49743515,47.94865462],[-101.48046315,47.97850706],[-101.45895999,48.00635327],[-101.44944865,48.01698221],[-101.42048486,48.04299988],[-101.4015676,48.05545735],[-101.3820097,48.06711265],[-101.34353457,48.08245504],[-101.30505941,48.08948124],[-101.26658428,48.06840285],[-101.24872648,48.05545735],[-101.22810912,48.04019871],[-101.19854318,48.01698221],[-101.18963399,48.00963425],[-101.15170659,47.97850706],[-101.15115883,47.97802309],[-101.1126837,47.94738358],[-101.10267355,47.94003192],[-101.07420854,47.91744718],[-101.05218426,47.90155678],[-101.03573338,47.88837659],[-101.00016357,47.86308161],[-100.99725825,47.86071608],[-100.95878309,47.83499221],[-100.94008874,47.82460647],[-100.92030796,47.81202772],[-100.8818328,47.7939321],[-100.85628471,47.78613133],[-100.84335767,47.78165069],[-100.80488251,47.77954559],[-100.78149561,47.78613133],[-100.76640738,47.79195557],[-100.73035851,47.82460647],[-100.72793222,47.82735569],[-100.70414596,47.86308161],[-100.68945709,47.89152258],[-100.68509246,47.90155678],[-100.66972456,47.94003192],[-100.65505785,47.97850706],[-100.65098193,47.98933922],[-100.64108616,48.01698221],[-100.62746281,48.05545735],[-100.61399187,48.09393249],[-100.61250677,48.09818864],[-100.60086192,48.13240764],[-100.58780019,48.17088278],[-100.57483235,48.20935795],[-100.57403164,48.21174619],[-100.56211682,48.24783309],[-100.54947246,48.28630823],[-100.53680682,48.32478338],[-100.53555649,48.32863111],[-100.52443316,48.36325852],[-100.51209944,48.40173366],[-100.4998469,48.44020881],[-100.49708136,48.44900365],[-100.48782049,48.47868395],[-100.47590858,48.51715911],[-100.46400065,48.55563426],[-100.4586062,48.5732098],[-100.45220406,48.5941094],[-100.44054843,48.63258454],[-100.42893424,48.67105969],[-100.42013107,48.70038341],[-100.41738937,48.70953483],[-100.40608126,48.74800997],[-100.39489076,48.78648512],[-100.38381774,48.82496028],[-100.38165591,48.83265585],[-100.37306321,48.86343543],[-100.36252364,48.90191057],[-100.35216917,48.94038571],[-100.34318078,48.97445449],[-100.34202563,48.97886086],[-100.33227688,49.017336],[-100.3227711,49.05581114],[-100.31358043,49.09428628],[-100.30470562,49.12940978],[-100.3038836,49.13276145],[-100.29631434,49.17123659],[-100.28828267,49.20971174],[-100.26623049,49.21933209],[-100.22775533,49.21933486],[-100.1892802,49.21933769],[-100.15080504,49.21934055],[-100.11232988,49.21934348],[-100.07385475,49.21934641],[-100.03537959,49.21934938],[-99.99690446,49.21935238],[-99.9584293,49.21935541],[-99.91995417,49.21935845],[-99.88147901,49.21936152],[-99.84300388,49.21936462],[-99.80452872,49.21936771],[-99.76605359,49.2193708],[-99.72757843,49.21937392],[-99.68910327,49.21937706],[-99.65062814,49.21938017],[-99.61215298,49.21938331],[-99.57367785,49.21938648],[-99.53520269,49.21938962],[-99.53520269,49.21933066],[-99.53683566,49.20971174],[-99.54051102,49.17123659],[-99.54489281,49.13276145],[-99.5499094,49.09428628],[-99.55556292,49.05581114],[-99.56186402,49.017336],[-99.56877685,48.97886086],[-99.57367785,48.95363252],[-99.57627247,48.94038571],[-99.58430131,48.90191057],[-99.5929735,48.86343543],[-99.60223958,48.82496028],[-99.61122115,48.78648512],[-99.61215298,48.78321986],[-99.62246718,48.74800997],[-99.63338806,48.70953483],[-99.6449936,48.67105969],[-99.65062814,48.65313401],[-99.65707287,48.63258454],[-99.66970619,48.5941094],[-99.68293537,48.55563426],[-99.68910327,48.53846127],[-99.69671833,48.51715911],[-99.71091872,48.47868395],[-99.72578943,48.44020881],[-99.72757843,48.43570923],[-99.74098998,48.40173366],[-99.75678101,48.36325852],[-99.76605359,48.34130312],[-99.77294679,48.32478338],[-99.78939231,48.28630823],[-99.80452872,48.25202374],[-99.80634341,48.24783309],[-99.82327176,48.20935795],[-99.84061247,48.17088278],[-99.84300388,48.16562178],[-99.85781042,48.13240764],[-99.87517957,48.09393249],[-99.88147901,48.07993739],[-99.8922104,48.05545735],[-99.90890805,48.01698221],[-99.91995417,47.99112603],[-99.92518291,47.97850706],[-99.94063885,47.94003192],[-99.9552644,47.90155678],[-99.9584293,47.89262448],[-99.96845278,47.86308161],[-99.97999863,47.82460647],[-99.98974526,47.78613133],[-99.99690446,47.75369611],[-99.99815226,47.74765618],[-100.00293055,47.70918104],[-100.00654016,47.6707059],[-100.00803132,47.63223075],[-100.00696279,47.59375561],[-100.00315769,47.55528044],[-99.99690446,47.5237041],[-99.99555655,47.5168053],[-99.98590037,47.47833016],[-99.97352862,47.43985501],[-99.95930695,47.40137987],[-99.9584293,47.39935142],[-99.94260306,47.36290473],[-99.92432295,47.32442959],[-99.91995417,47.31511037],[-99.90583289,47.28595444],[-99.88847912,47.24747928],[-99.88147901,47.23004238],[-99.87277912,47.20900413],[-99.85974862,47.17052899],[-99.85036543,47.13205385],[-99.84523473,47.0935787],[-99.84521451,47.05510356],[-99.85108025,47.01662842],[-99.86390784,46.97815327],[-99.88147901,46.94485799],[-99.88419805,46.93967811],[-99.90821433,46.90120296],[-99.91995417,46.88449711],[-99.93548072,46.86272782],[-99.9584293,46.83386804],[-99.96622002,46.82425268],[-99.99690446,46.78984602],[-100.0006031,46.78577754],[-100.03537959,46.75031639],[-100.03837,46.74730239],[-100.07385475,46.71353461],[-100.07881126,46.70882725],[-100.11232988,46.67835649],[-100.12104928,46.67035211],[-100.15080504,46.64383933],[-100.16405084,46.63187694],[-100.1892802,46.60966815],[-100.20811981,46.5934018],[-100.22775533,46.57667396],[-100.25308537,46.55492665],[-100.26623049,46.54354613],[-100.29630171,46.51645151],[-100.30470562,46.50863022],[-100.33520092,46.47797637],[-100.34318078,46.46946839],[-100.36841637,46.43950122],[-100.38165591,46.42218826],[-100.39637995,46.40102608],[-100.41959935,46.36255094],[-100.42013107,46.36153781],[-100.4373639,46.32407577],[-100.45111973,46.28560063],[-100.4586062,46.25745628],[-100.4609265,46.24712549],[-100.46681726,46.20865034],[-100.46974833,46.1701752],[-100.46992405,46.13170006],[-100.46747139,46.09322491],[-100.46248055,46.05474977],[-100.4586062,46.03433552],[-100.45503203,46.0162746],[-100.44651392,45.97779946],[-100.43751542,45.93932432],[-100.42490918,45.90084917],[-100.42013107,45.89033327],[-100.40692376,45.86237403],[-100.38471578,45.82389889],[-100.38165591,45.81948226],[-100.35668427,45.78542375],[-100.34318078,45.7700183],[-100.32111264,45.7469486],[-100.30470562,45.73291549],[-100.27049528,45.70847344],[-100.26623049,45.70605745],[-100.22775533,45.68940007],[-100.1892802,45.67825867],[-100.15080504,45.67236683],[-100.11232988,45.67179735],[-100.07385475,45.67619687],[-100.03537959,45.68491458],[-99.99690446,45.6968048],[-99.9584293,45.70372207],[-99.91995417,45.70236179],[-99.88147901,45.69927014],[-99.84300388,45.69437413],[-99.80452872,45.68843268],[-99.76605359,45.68243011],[-99.72757843,45.67658843],[-99.68910327,45.67055036],[-99.68553576,45.66999829],[-99.65062814,45.66549366],[-99.61215298,45.65915716],[-99.57367785,45.65090405],[-99.53520269,45.64037346],[-99.50724894,45.63152315],[-99.49672756,45.62778102],[-99.4582524,45.6129062],[-99.41977727,45.59493372],[-99.41432454,45.59304801],[-99.38130211,45.56686184],[-99.35912436,45.55457286],[-99.36348611,45.51609772],[-99.38130211,45.48127082],[-99.38185752,45.47762258],[-99.38323015,45.43914743],[-99.38130211,45.43715164],[-99.35193653,45.40067229],[-99.34282698,45.37764055],[-99.33283137,45.36219712],[-99.31900264,45.32372198],[-99.31301728,45.28524684],[-99.3109255,45.2467717],[-99.31150395,45.20829655],[-99.31420616,45.16982141],[-99.31942777,45.13134627],[-99.32770323,45.09287112],[-99.33924119,45.05439596],[-99.34282698,45.04432361],[-99.35214863,45.01592081],[-99.36715838,44.97744567],[-99.38130211,44.94652086],[-99.38455039,44.93897053],[-99.4018443,44.90049538],[-99.41977727,44.86605327],[-99.42176745,44.86202024],[-99.44078481,44.8235451],[-99.4582524,44.79262744],[-99.46228485,44.78506996],[-99.48292226,44.74659479],[-99.49672756,44.72331631],[-99.50497477,44.70811965],[-99.52604399,44.6696445],[-99.53520269,44.65339736],[-99.54581953,44.63116936],[-99.56308321,44.59269422],[-99.57367785,44.56345977],[-99.57635724,44.55421907],[-99.5793556,44.51574393],[-99.58935931,44.47726879],[-99.60080617,44.43879362],[-99.60729257,44.40031848],[-99.60482178,44.36184333],[-99.59477881,44.32336819],[-99.5751565,44.28489305],[-99.57367785,44.28279179],[-99.53520269,44.2608711],[-99.49672756,44.25736921],[-99.4582524,44.26263742],[-99.41977727,44.27318203],[-99.39524431,44.28489305],[-99.38130211,44.29164257],[-99.34282698,44.31563816],[-99.33267116,44.32336819],[-99.30435182,44.34507852],[-99.28431292,44.36184333],[-99.26587669,44.37793173],[-99.24177467,44.40031848],[-99.22740153,44.41408112],[-99.20301857,44.43879362],[-99.18892637,44.45304872],[-99.16529823,44.47726879],[-99.15045124,44.49147485],[-99.12489506,44.51574393],[-99.11197609,44.52690801],[-99.08043175,44.55421907],[-99.07350096,44.55974074],[-99.0350258,44.59193816],[-99.03419983,44.59269422],[-98.99655067,44.62600851],[-98.99116581,44.63116936],[-98.95807551,44.66227864],[-98.95115228,44.6696445],[-98.91960038,44.70439626],[-98.91643436,44.70811965],[-98.88566218,44.74659479],[-98.88112522,44.75277106],[-98.8584043,44.78506996],[-98.84265009,44.81048607],[-98.83475788,44.8235451],[-98.81511,44.86202024],[-98.80417493,44.88947435],[-98.7998221,44.90049538],[-98.78945821,44.93897053],[-98.78489114,44.97744567],[-98.78701526,45.01592081],[-98.79706877,45.05439596],[-98.80417493,45.06769675],[-98.81667403,45.09287112],[-98.84265009,45.12309304],[-98.84943589,45.13134627],[-98.88112522,45.15817574],[-98.89620173,45.16982141],[-98.91960038,45.18176105],[-98.95807551,45.19638625],[-98.99655067,45.20658782],[-99.00979971,45.20829655],[-99.0350258,45.21025396],[-99.07350096,45.2173733],[-99.10496721,45.2467717],[-99.11197609,45.25331994],[-99.14608279,45.28524684],[-99.15045124,45.28989475],[-99.18581075,45.32372198],[-99.18892637,45.3276111],[-99.22281883,45.36219712],[-99.22740153,45.3698149],[-99.25330547,45.40067229],[-99.25028327,45.43914743],[-99.26266515,45.47762258],[-99.26587669,45.48503842],[-99.29274629,45.51609772],[-99.30435182,45.54195543],[-99.3221275,45.55457286],[-99.30435182,45.58704681],[-99.30342011,45.59304801],[-99.28046099,45.63152315],[-99.26587669,45.64820092],[-99.25174241,45.66999829],[-99.22740153,45.69901014],[-99.2195888,45.70847344],[-99.18892637,45.73826963],[-99.17898354,45.7469486],[-99.15045124,45.76961278],[-99.1275444,45.78542375],[-99.11197609,45.79588711],[-99.07350096,45.81814961],[-99.0618412,45.82389889],[-99.0350258,45.83749707],[-98.99655067,45.85365745],[-98.97166189,45.86237403],[-98.95807551,45.86747492],[-98.91960038,45.88002978],[-98.88112522,45.89050835],[-98.84265009,45.8993147],[-98.83542019,45.90084917],[-98.80417493,45.90822066],[-98.76569977,45.91687574],[-98.72722464,45.92559822],[-98.68874948,45.93480495],[-98.67145798,45.93932432],[-98.65027435,45.94553112],[-98.61179919,45.95646021],[-98.57332406,45.9670679],[-98.5348489,45.97738025],[-98.53334323,45.97779946],[-98.49637377,45.98962654],[-98.45789861,45.99760077],[-98.41942348,46.00160263],[-98.38094832,46.00390966],[-98.34247316,46.00413406],[-98.30399803,45.99686943],[-98.27114043,45.97779946],[-98.26552287,45.97383865],[-98.23760595,45.93932432],[-98.22704774,45.92196472],[-98.21607688,45.90084917],[-98.20011975,45.86237403],[-98.18857258,45.82688798],[-98.18761193,45.82389889],[-98.17632822,45.78542375],[-98.16715757,45.7469486],[-98.15959873,45.70847344],[-98.15329537,45.66999829],[-98.15009745,45.64815424],[-98.14740385,45.63152315],[-98.14180189,45.59304801],[-98.13692991,45.55457286],[-98.1326496,45.51609772],[-98.12896765,45.47762258],[-98.12815894,45.43914743],[-98.130713,45.40067229],[-98.13466256,45.36219712],[-98.13875014,45.32372198],[-98.14333249,45.28524684],[-98.14696146,45.2467717],[-98.14793656,45.20829655],[-98.14365738,45.16982141],[-98.12334724,45.13134627],[-98.11162229,45.11893481],[-98.07966541,45.09287112],[-98.07314716,45.08809359],[-98.03613152,45.05439596],[-98.034672,45.05296707],[-98.00430909,45.01592081],[-97.99619687,45.00591792],[-97.97571049,44.97744567],[-97.95772171,44.95291198],[-97.94831663,44.93897053],[-97.92145563,44.90049538],[-97.91924658,44.89740005],[-97.89534541,44.86202024],[-97.88077142,44.84106857],[-97.86903632,44.8235451],[-97.84307655,44.78506996],[-97.84229626,44.78395978],[-97.81627035,44.74659479],[-97.80382113,44.7287548],[-97.78971049,44.70811965],[-97.76534597,44.67331896],[-97.76282405,44.6696445],[-97.73617215,44.63116936],[-97.72687084,44.61795072],[-97.7094288,44.59269422],[-97.68839569,44.56272119],[-97.68250245,44.55421907],[-97.65552019,44.51574393],[-97.64992056,44.50782277],[-97.62848335,44.47726879],[-97.6114454,44.4533258],[-97.60116825,44.43879362],[-97.57369286,44.40031848],[-97.57297027,44.39930268],[-97.54642485,44.36184333],[-97.53449511,44.34512911],[-97.51902236,44.32336819],[-97.49601998,44.29124602],[-97.4914821,44.28489305],[-97.46412582,44.24641791],[-97.45754482,44.23715401],[-97.43682026,44.20794276],[-97.41906966,44.18292285],[-97.40953609,44.16946762],[-97.38237025,44.13099245],[-97.38059453,44.12845373],[-97.35549177,44.09251731],[-97.34211937,44.07333768],[-97.3286662,44.05404217],[-97.30364424,44.0444205],[-97.30364424,44.04436152],[-97.33244614,44.01556702],[-97.34211937,44.00589381],[-97.38059453,44.005898],[-97.40940735,43.97709188],[-97.41906966,43.96742956],[-97.45754482,43.96743338],[-97.48636735,43.93861674],[-97.49601998,43.92896412],[-97.53449511,43.92896744],[-97.57297027,43.92897061],[-97.60180399,43.90014159],[-97.6114454,43.89050017],[-97.64992056,43.89050284],[-97.67876078,43.86166645],[-97.68839569,43.85203154],[-97.72687084,43.8520337],[-97.75571625,43.82319128],[-97.76534597,43.81356158],[-97.80382113,43.81356327],[-97.83267051,43.78471614],[-97.84229626,43.7750904],[-97.88077142,43.77509166],[-97.91924658,43.77509281],[-97.94809979,43.746241],[-97.95772171,43.73661907],[-97.99619687,43.73661985],[-98.02505176,43.70776586],[-98.034672,43.69814562],[-98.07314716,43.69814611],[-98.10200302,43.66929071],[-98.11162229,43.65967143],[-98.15009745,43.65967167],[-98.17895372,43.63081557],[-98.18857258,43.62119669],[-98.22704774,43.62119671],[-98.26552287,43.62119664],[-98.2943789,43.59234043],[-98.30399803,43.58272131],[-98.34247316,43.58272105],[-98.38094832,43.5827207],[-98.41942348,43.58272021],[-98.45789861,43.58271963],[-98.48675208,43.55386528],[-98.49637377,43.54424362],[-98.5348489,43.54424275],[-98.57332406,43.54424176],[-98.61179919,43.54424064],[-98.6406481,43.51539012],[-98.65027435,43.50576388],[-98.68874948,43.50576243],[-98.72722464,43.50576081],[-98.76569977,43.50575905],[-98.79454138,43.47691497],[-98.80417493,43.46728145],[-98.84265009,43.46727936],[-98.88112522,43.46727716],[-98.91960038,43.46727491],[-98.95807551,43.46727259],[-98.98690531,43.43843983],[-98.99655067,43.42879447],[-99.0350258,43.42879215],[-99.07350096,43.4287899],[-99.11197609,43.42878773],[-99.1407965,43.39996469],[-99.15045124,43.39030996],[-99.18892637,43.39030806],[-99.22740153,43.39030633],[-99.26587669,43.39030478],[-99.30435182,43.3903034],[-99.33316409,43.36148954],[-99.34282698,43.35182666],[-99.38130211,43.35182565],[-99.41977727,43.35182481],[-99.4582524,43.35182411],[-99.48706134,43.3230144],[-99.49672756,43.31334819],[-99.53520269,43.31334777],[-99.57367785,43.31334749],[-99.61215298,43.3133473],[-99.64096089,43.28453926],[-99.65062814,43.27487199],[-99.68910327,43.27487204],[-99.72757843,43.27487216],[-99.76605359,43.27487227],[-99.80452872,43.27487244],[-99.84300388,43.27487263],[-99.87181252,43.24606412],[-99.88147901,43.2363976],[-99.91995417,43.23639781],[-99.9584293,43.23639802],[-99.99690446,43.23639823],[-100.03537959,43.23639847],[-100.07385475,43.23639872],[-100.11232988,43.23639898],[-100.15080504,43.23639926],[-100.1892802,43.23639954],[-100.22775533,43.23639985],[-100.25656644,43.20758895],[-100.26623049,43.19792492],[-100.30470562,43.19792524],[-100.34318078,43.19792557],[-100.38165591,43.1979259],[-100.42013107,43.19792625],[-100.4586062,43.19792663],[-100.49708136,43.197927],[-100.53555649,43.19792738],[-100.57403164,43.19792778],[-100.61250677,43.19792815],[-100.64132136,43.16911381],[-100.65098193,43.15945324],[-100.68945709,43.15945362],[-100.72793222,43.15945401],[-100.76640738,43.15945439],[-100.80488251,43.15945476],[-100.84335767,43.15945514],[-100.8818328,43.15945551],[-100.92030796,43.15945587],[-100.95878309,43.15945622],[-100.99725825,43.15945655],[-101.0260762,43.13063866],[-101.03573338,43.12098147],[-101.07420854,43.12098178],[-101.1126837,43.12098206],[-101.15115883,43.12098234],[-101.18963399,43.1209826],[-101.22810912,43.12098286],[-101.26658428,43.12098309],[-101.30505941,43.1209833],[-101.34353457,43.12098351],[-101.3820097,43.1209837],[-101.41082976,43.09216352],[-101.42048486,43.08250844],[-101.45895999,43.0825086],[-101.49743515,43.08250874],[-101.53591031,43.08250888],[-101.57438544,43.082509],[-101.6128606,43.08250912],[-101.65133573,43.08250921],[-101.68981089,43.08250928],[-101.72828602,43.08250938],[-101.76676118,43.08250945],[-101.79558195,43.05368838],[-101.80523631,43.044034],[-101.84371147,43.04403405],[-101.8821866,43.04403409],[-101.92066175,43.04403412],[-101.95913688,43.04403416],[-101.99761204,43.04403416],[-102.0360872,43.04403419],[-102.07456233,43.04403419],[-102.11303749,43.04403419],[-102.15151262,43.04403419],[-102.18033316,43.01521323],[-102.18998778,43.00555862],[-102.22846291,43.00555857],[-102.26693807,43.00555853],[-102.3054132,43.00555843],[-102.34388836,43.00555834],[-102.38236349,43.0055582],[-102.42083865,43.00555806],[-102.45931381,43.00555787],[-102.49778894,43.00555768],[-102.5362641,43.00555743],[-102.56508281,42.97673809],[-102.57473923,42.96708165],[-102.61321439,42.96708135],[-102.65168952,42.96708102],[-102.69016468,42.96708069],[-102.72863981,42.96708029],[-102.76711497,42.96707989],[-102.8055901,42.96707945],[-102.84406526,42.96707898],[-102.88254042,42.96707846],[-102.92101555,42.96707792],[-102.94982961,42.93826295],[-102.95949071,42.92860187],[-102.99796584,42.92860126],[-103.036441,42.92860065],[-103.07491613,42.92859999],[-103.11339129,42.92859931],[-103.15186642,42.92859863],[-103.19034158,42.92859793],[-103.22881671,42.92859723],[-103.26729187,42.92859655],[-103.305767,42.92859587],[-103.33457414,42.89978778],[-103.34424215,42.89011977],[-103.38271731,42.89011911],[-103.42119244,42.89011848],[-103.4596676,42.89011784],[-103.49814273,42.89011723],[-103.53661789,42.89011665],[-103.57509302,42.89011606],[-103.61356818,42.8901155],[-103.65204331,42.89011494],[-103.69051847,42.8901144],[-103.71931952,42.86131264],[-103.7289936,42.85163853],[-103.76746876,42.85163804],[-103.80594392,42.85163755],[-103.84441905,42.85163708],[-103.88289421,42.85163663],[-103.92136934,42.85163619],[-103.9598445,42.85163577],[-103.99831963,42.85163534],[-104.03679479,42.85163502],[-104.07526992,42.85163457],[-104.07526992,42.85169352],[-104.04669092,42.86131264],[-104.05590931,42.89978778],[-104.06912179,42.93826295],[-104.07526992,42.95698419],[-104.08185457,42.97673809],[-104.09438444,43.01521323],[-104.10665979,43.05368838],[-104.11374508,43.06946153],[-104.12276709,43.09216352],[-104.1300751,43.13063866],[-104.14122733,43.16911381],[-104.1471427,43.20758895],[-104.15222021,43.22130215],[-104.16282574,43.24606412],[-104.17326377,43.28453926],[-104.18326356,43.3230144],[-104.19069537,43.34185936],[-104.19756756,43.36148954],[-104.20261102,43.39996469],[-104.21169154,43.43843983],[-104.22088818,43.47691497],[-104.2291705,43.5001692],[-104.23405681,43.51539012],[-104.23787946,43.55386528],[-104.24647913,43.59234043],[-104.25445419,43.63081557],[-104.26222569,43.66929071],[-104.26764566,43.68577168],[-104.27419055,43.70776586],[-104.27715921,43.746241],[-104.28449871,43.78471614],[-104.29146362,43.82319128],[-104.29798417,43.86166645],[-104.30032919,43.90014159],[-104.30612082,43.91611827],[-104.31465164,43.93861674],[-104.31697918,43.97709188],[-104.32309311,44.01556702],[-104.32877689,44.05404217],[-104.33453017,44.09251731],[-104.3397499,44.13099245],[-104.34459595,44.15061409],[-104.34889842,44.16946762],[-104.34983252,44.20794276],[-104.35468787,44.24641791],[-104.35904332,44.28489305],[-104.36352327,44.32336819],[-104.36780319,44.36184333],[-104.37190181,44.40031848],[-104.37574249,44.43879362],[-104.37622223,44.47726879],[-104.38307111,44.50125613],[-104.38732854,44.51574393],[-104.38733034,44.55421907],[-104.39088649,44.59269422],[-104.39468959,44.63116936],[-104.39857405,44.6696445],[-104.40204278,44.70811965],[-104.40589651,44.74659479],[-104.40953549,44.78506996],[-104.41332632,44.8235451],[-104.41729531,44.86202024],[-104.41833354,44.90049538],[-104.42154624,44.91838561],[-104.42565983,44.93897053],[-104.43012077,44.97744567],[-104.43488396,45.01592081],[-104.43965101,45.05439596],[-104.44454071,45.09287112],[-104.44963667,45.13134627],[-104.45495295,45.16982141],[-104.4600214,45.19304365],[-104.46319403,45.20829655],[-104.4666874,45.2467717],[-104.47275162,45.28524684],[-104.47932997,45.32372198],[-104.4859674,45.36219712],[-104.49312609,45.40067229],[-104.49849653,45.42782997],[-104.50081297,45.43914743],[-104.50939948,45.47762258],[-104.51848978,45.51609772],[-104.5279185,45.55457286],[-104.53697169,45.58432217],[-104.53960192,45.59304801],[-104.54931379,45.63152315],[-104.56147477,45.66999829],[-104.57280331,45.70847344],[-104.57544682,45.71507091],[-104.5890699,45.7469486],[-104.60430885,45.78542375],[-104.61392198,45.80902775],[-104.62015996,45.82389889],[-104.63691141,45.86237403],[-104.65239711,45.89531131],[-104.65498272,45.90084917],[-104.6721231,45.93932432],[-104.68953289,45.97779946],[-104.69087227,45.98023201],[-104.71164357,46.0162746],[-104.72934742,46.04733028],[-104.73361705,46.05474977],[-104.758744,46.09322491],[-104.76782255,46.10516357],[-104.78761634,46.13170006],[-104.80629771,46.1519886],[-104.82238391,46.1701752],[-104.84477284,46.19274183],[-104.86072397,46.20865034],[-104.883248,46.23298161],[-104.89655309,46.24712549],[-104.92172313,46.27696006],[-104.92913263,46.28560063],[-104.96019829,46.3207051],[-104.96349737,46.32407577],[-104.99867342,46.34958843],[-105.0201986,46.36255094],[-105.03714858,46.37051725],[-105.07562371,46.38475166],[-105.11409887,46.39877597],[-105.11833777,46.40102608],[-105.15257403,46.42111468],[-105.17371175,46.43950122],[-105.19104916,46.45523182],[-105.21299024,46.47797637],[-105.22952432,46.49515329],[-105.25235049,46.51645151],[-105.26799945,46.53111598],[-105.30434628,46.55492665],[-105.30647461,46.55630301],[-105.34494974,46.57359562],[-105.3834249,46.58741665],[-105.40506149,46.5934018],[-105.42190003,46.59777144],[-105.46037519,46.60536044],[-105.49885032,46.61098985],[-105.53732548,46.61497969],[-105.57580061,46.61730706],[-105.61427577,46.61803805],[-105.65275093,46.61722446],[-105.69122606,46.61450851],[-105.72970122,46.6095031],[-105.76817635,46.60231378],[-105.8010839,46.5934018],[-105.80665151,46.59169885],[-105.84512664,46.5811639],[-105.8836018,46.56796848],[-105.91542561,46.55492665],[-105.92207693,46.55184723],[-105.96055209,46.53505604],[-105.99468722,46.51645151],[-105.99902722,46.51349471],[-106.03750238,46.48560269],[-106.04750411,46.47797637],[-106.07597754,46.45224304],[-106.08973875,46.43950122],[-106.11445267,46.41309733],[-106.12557334,46.40102608],[-106.15292782,46.36729717],[-106.156747,46.36255094],[-106.18428956,46.32407577],[-106.19140295,46.3132759],[-106.20949057,46.28560063],[-106.22987811,46.25513702],[-106.23481231,46.24712549],[-106.25330231,46.20865034],[-106.26835324,46.17901663],[-106.27277365,46.1701752],[-106.29073355,46.13170006],[-106.3068284,46.09975381],[-106.30985208,46.09322491],[-106.32112437,46.05474977],[-106.33366753,46.0162746],[-106.34188398,45.97779946],[-106.34530353,45.96694139],[-106.35466379,45.93932432],[-106.36344963,45.90084917],[-106.37142281,45.86237403],[-106.37882362,45.82389889],[-106.38377869,45.80424895],[-106.38809844,45.78542375],[-106.39095605,45.7469486],[-106.39614341,45.70847344],[-106.40093203,45.66999829],[-106.40529183,45.63152315],[-106.4093186,45.59304801],[-106.41299876,45.55457286],[-106.41630897,45.51609772],[-106.41609522,45.47762258],[-106.42225382,45.45384579],[-106.4260267,45.43914743],[-106.42855889,45.40067229],[-106.42775029,45.36219712],[-106.43023816,45.32372198],[-106.43247551,45.28524684],[-106.43481715,45.2467717],[-106.43709174,45.20829655],[-106.43942252,45.16982141],[-106.44180166,45.13134627],[-106.44404605,45.09287112],[-106.44639732,45.05439596],[-106.44868342,45.01592081],[-106.45120516,44.97744567],[-106.45393871,44.93897053],[-106.45291015,44.90049538],[-106.45541724,44.86202024],[-106.46072898,44.84449447],[-106.4669401,44.8235451],[-106.46594312,44.78506996],[-106.46946693,44.74659479],[-106.47307492,44.70811965],[-106.47728791,44.6696445],[-106.48161325,44.63116936],[-106.48605226,44.59269422],[-106.4911416,44.55421907],[-106.49203108,44.51574393],[-106.49920411,44.49676064],[-106.50639477,44.47726879],[-106.50800964,44.43879362],[-106.51422261,44.40031848],[-106.52103287,44.36184333],[-106.52803392,44.32336819],[-106.5307209,44.28489305],[-106.53767927,44.26871796],[-106.54715373,44.24641791],[-106.55145682,44.20794276],[-106.55958191,44.16946762],[-106.56851847,44.13099245],[-106.57615443,44.11130357],[-106.5824142,44.09251731],[-106.58689727,44.05404217],[-106.59638872,44.01556702],[-106.60663681,43.97709188],[-106.61462956,43.9581394],[-106.62156453,43.93861674],[-106.62748281,43.90014159],[-106.63850121,43.86166645],[-106.64557434,43.82319128],[-106.65310472,43.8042318],[-106.66194616,43.78471614],[-106.67429948,43.746241],[-106.68234153,43.70776586],[-106.69157985,43.68631198],[-106.69995539,43.66929071],[-106.71311648,43.63081557],[-106.7217694,43.59234043],[-106.73005501,43.5745186],[-106.74104789,43.55386528],[-106.75572913,43.51539012],[-106.76853014,43.49241716],[-106.77595365,43.47691497],[-106.78630199,43.43843983],[-106.79736392,43.39996469],[-106.8070053,43.38096267],[-106.81836462,43.36148954],[-106.83533412,43.3230144],[-106.84548043,43.30038029],[-106.85246238,43.28453926],[-106.87007075,43.24606412],[-106.88395559,43.22449177],[-106.89326358,43.20758895],[-106.90697749,43.16911381],[-106.92243072,43.14612647],[-106.93131375,43.13063866],[-106.94545265,43.09216352],[-106.96090588,43.06974566],[-106.97049184,43.05368838],[-106.98635887,43.01521323],[-106.99938104,42.99127261],[-107.0072882,42.97673809],[-107.0287216,42.93826295],[-107.03785617,42.92227744],[-107.05070957,42.89978778],[-107.067874,42.86131264],[-107.07633133,42.84852736],[-107.09641168,42.82283749],[-107.11480646,42.79983905],[-107.12512501,42.78436235],[-107.14398255,42.74588721],[-107.15328162,42.73167787],[-107.16916743,42.70741207],[-107.19175675,42.68039657],[-107.1998657,42.66893692],[-107.2200483,42.63046178],[-107.23023191,42.61559659],[-107.24641197,42.59198661],[-107.26870704,42.56689413],[-107.27874256,42.55351147],[-107.29583467,42.51503633],[-107.26870704,42.50541728],[-107.26870704,42.50535833],[-107.3071822,42.50535868],[-107.34565733,42.50535894],[-107.38413249,42.50535927],[-107.42260765,42.50535959],[-107.46108278,42.50535992],[-107.49955793,42.50536027],[-107.5283571,42.47656118],[-107.53803306,42.4668852],[-107.57650822,42.46688555],[-107.61498335,42.46688588],[-107.65345851,42.46688626],[-107.69193364,42.46688661],[-107.7304088,42.46688696],[-107.76888393,42.46688731],[-107.80735909,42.46688769],[-107.84583422,42.46688806],[-107.88430938,42.46688844],[-107.91311184,42.43808604],[-107.92278454,42.42841334],[-107.96125967,42.42841371],[-107.99973483,42.42841409],[-108.03820996,42.42841446],[-108.07668512,42.42841484],[-108.11516025,42.42841524],[-108.15363541,42.42841561],[-108.19211054,42.42841601],[-108.2305857,42.42841638],[-108.26906083,42.42841678],[-108.29786674,42.3996109],[-108.30753599,42.38994164],[-108.34601115,42.38994204],[-108.38448628,42.38994241],[-108.42296144,42.38994281],[-108.46143657,42.38994319],[-108.49991173,42.38994358],[-108.53838686,42.38994396],[-108.57686202,42.38994436],[-108.61533715,42.38994473],[-108.65381231,42.38994513],[-108.68262163,42.36113575],[-108.69228744,42.35146994],[-108.7307626,42.35147029],[-108.76923776,42.35147069],[-108.80771289,42.35147104],[-108.84618805,42.35147142],[-108.88466318,42.35147179],[-108.92313833,42.35147217],[-108.96161346,42.35147252],[-109.00008862,42.35147289],[-109.03856375,42.35147325],[-109.06737628,42.32266061],[-109.07703891,42.31299799],[-109.11551404,42.31299834],[-109.1539892,42.31299866],[-109.19246433,42.31299899],[-109.23093949,42.31299932],[-109.26941465,42.31299965],[-109.30788978,42.31299995],[-109.34636494,42.31300026],[-109.38484007,42.31300056],[-109.42331523,42.31300084],[-109.45213041,42.28418544],[-109.46179036,42.27452551],[-109.50026552,42.27452579],[-109.53874065,42.27452605],[-109.57721581,42.27452633],[-109.61569094,42.27452659],[-109.6541661,42.27452685],[-109.69264126,42.27452711],[-109.73111639,42.27452734],[-109.76959155,42.2745276],[-109.80806668,42.27452783],[-109.83688395,42.2457103],[-109.84654184,42.23605243],[-109.88501697,42.23605267],[-109.92349213,42.23605288],[-109.96196726,42.23605311],[-110.00044242,42.23605332],[-110.03891755,42.23605353],[-110.07739271,42.23605374],[-110.11586784,42.23605396],[-110.154343,42.23605417],[-110.18316174,42.20723516],[-110.19281816,42.19757877],[-110.23129329,42.19757895],[-110.26976845,42.19757916],[-110.30824358,42.19757935],[-110.34671873,42.19757956],[-110.38519386,42.19757975],[-110.42366902,42.19757994],[-110.46214415,42.19758012],[-110.50061931,42.19758031],[-110.53909444,42.1975805],[-110.56791471,42.16876002],[-110.5775696,42.15910512],[-110.61604476,42.15910531],[-110.65451989,42.1591055],[-110.69299505,42.15910568],[-110.73147018,42.15910587],[-110.76994534,42.15910606],[-110.80842047,42.15910622],[-110.84689563,42.15910641],[-110.88537076,42.1591066],[-110.92384592,42.15910676],[-110.9526676,42.13028487],[-110.96232105,42.12063141],[-111.00079621,42.12063157],[-111.03927137,42.12063174],[-111.0777465,42.1206319],[-111.11622166,42.12063206],[-111.15469679,42.1206322],[-111.19317195,42.12063232],[-111.23164708,42.12063246],[-111.27012224,42.12063256],[-111.30859737,42.12063265],[-111.33741996,42.09180973],[-111.34707253,42.08215716],[-111.38554766,42.08215718],[-111.42402282,42.08215716],[-111.46249795,42.08215706],[-111.50097311,42.0821569],[-111.53944827,42.08215666],[-111.5779234,42.08215631],[-111.61639856,42.0821558],[-111.65487369,42.08215507],[-111.69334885,42.08215404],[-111.72216632,42.05333459],[-111.73182398,42.0436769],[-111.77029913,42.04367475],[-111.80877426,42.04367161],[-111.84724942,42.0436677],[-111.88572455,42.04366348],[-111.92419971,42.0436591],[-111.96267487,42.04365467],[-111.96267487,42.04371362],[-111.94388913,42.05333459],[-111.94952337,42.09180973],[-111.95493366,42.13028487],[-111.96014886,42.16876002],[-111.96267487,42.18827433],[-111.96515211,42.20723516],[-111.96995784,42.2457103],[-111.97453966,42.28418544],[-111.97890782,42.32266061],[-111.98306136,42.36113575],[-111.98704021,42.3996109],[-111.99087195,42.43808604],[-111.99459349,42.47656118],[-111.99833242,42.51503633],[-112.00115,42.54317639],[-112.00219619,42.55351147],[-112.00646404,42.59198661],[-112.01125764,42.63046178],[-112.01651779,42.66893692],[-112.02186005,42.70741207],[-112.02721968,42.74588721],[-112.03257911,42.78436235],[-112.03797986,42.82283749],[-112.03962516,42.83463476],[-112.04337987,42.86131264],[-112.04879458,42.89978778],[-112.05419241,42.93826295],[-112.05960108,42.97673809],[-112.06500945,43.01521323],[-112.07040903,43.05368838],[-112.07810029,43.08663988],[-112.07977715,43.09216352],[-112.10853799,43.13063866],[-112.11657545,43.13565337],[-112.15505058,43.14511983],[-112.19352574,43.14293291],[-112.23200087,43.13489879],[-112.2425063,43.13063866],[-112.27047603,43.1201129],[-112.30895116,43.10380284],[-112.3311267,43.09216352],[-112.34742632,43.0843094],[-112.38590145,43.06569212],[-112.4069622,43.05368838],[-112.42437661,43.04495876],[-112.46285177,43.02463637],[-112.47793817,43.01521323],[-112.5013269,43.00280731],[-112.53980206,42.98052928],[-112.54539133,42.97673809],[-112.57827719,42.95803201],[-112.61103095,42.93826295],[-112.61675235,42.93456447],[-112.65522748,42.91117751],[-112.67422273,42.89978778],[-112.69370264,42.88388243],[-112.72417783,42.86131264],[-112.73217777,42.84192628],[-112.74079195,42.82283749],[-112.73785764,42.78436235],[-112.74168661,42.74588721],[-112.75199036,42.70741207],[-112.76639705,42.66893692],[-112.77065293,42.65904582],[-112.78598595,42.63046178],[-112.80912806,42.59338631],[-112.81033836,42.59198661],[-112.84620454,42.55351147],[-112.84760322,42.55217075],[-112.88607838,42.53163527],[-112.92455351,42.52577476],[-112.96302867,42.53219453],[-113.0015038,42.54861706],[-113.00866761,42.55351147],[-113.03997896,42.57306246],[-113.06220774,42.59198661],[-113.07845409,42.60508004],[-113.10244968,42.63046178],[-113.11692924,42.6459385],[-113.13325526,42.66893692],[-113.15540437,42.70556628],[-113.1563924,42.70741207],[-113.19225901,42.74588721],[-113.19387953,42.74695828],[-113.23235466,42.76816036],[-113.27082982,42.78413598],[-113.27142732,42.78436235],[-113.30930498,42.80052268],[-113.34778011,42.81550755],[-113.36744115,42.82283749],[-113.38625527,42.83522648],[-113.4247304,42.85806453],[-113.43059176,42.86131264],[-113.46320556,42.88533271],[-113.48521378,42.89978778],[-113.50168069,42.91246033],[-113.53900621,42.93826295],[-113.54015585,42.9391337],[-113.57863098,42.96649587],[-113.59449454,42.97673809],[-113.61710614,42.99224504],[-113.65412676,43.01521323],[-113.65558127,43.01615154],[-113.69405643,43.03983674],[-113.71885146,43.05368838],[-113.73253156,43.0615993],[-113.77100672,43.08245546],[-113.79027809,43.09216352],[-113.80948188,43.10218305],[-113.84795701,43.12080616],[-113.86979975,43.13063866],[-113.88643217,43.13847015],[-113.9249073,43.15543247],[-113.95896125,43.16911381],[-113.96338246,43.17098255],[-114.00185759,43.1864533],[-114.04033275,43.20055335],[-114.06103535,43.20758895],[-114.07880788,43.21397566],[-114.11728304,43.22683791],[-114.15575817,43.21721125]],[[-99.08390457,45.40067229],[-99.07350096,45.42669034],[-99.06839951,45.43914743],[-99.04737038,45.47762258],[-99.0350258,45.50180935],[-99.02533223,45.51609772],[-98.99655067,45.55074191],[-98.99244154,45.55457286],[-98.95807551,45.58480773],[-98.94629976,45.59304801],[-98.91960038,45.61097164],[-98.88112522,45.63115558],[-98.88030361,45.63152315],[-98.84265009,45.6486914],[-98.80417493,45.66303142],[-98.78204227,45.66999829],[-98.76569977,45.67532869],[-98.72722464,45.6856485],[-98.68874948,45.69343528],[-98.65027435,45.69703143],[-98.61179919,45.69146564],[-98.57420462,45.66999829],[-98.57332406,45.66873101],[-98.55412439,45.63152315],[-98.5477317,45.59304801],[-98.54809877,45.55457286],[-98.55439844,45.51609772],[-98.56525266,45.47762258],[-98.57332406,45.46427492],[-98.58435308,45.43914743],[-98.60849831,45.40067229],[-98.61179919,45.3973714],[-98.64909368,45.36219712],[-98.65027435,45.36158498],[-98.68874948,45.34226638],[-98.72722464,45.32950332],[-98.75157075,45.32372198],[-98.76569977,45.32099616],[-98.80417493,45.31396915],[-98.84265009,45.3082293],[-98.88112522,45.30332788],[-98.91960038,45.29996785],[-98.95807551,45.29697763],[-98.99655067,45.29567171],[-99.0350258,45.3131766],[-99.04664528,45.32372198],[-99.07350096,45.35872722],[-99.07592495,45.36219712],[-99.08390457,45.40067229]]]}},
{"type":"Feature","properties":{"Lower":32.0},"geometry":{"type":"Polygon","coordinates":[[[-111.46007513,49.09428628],[-111.42402282,49.10390624],[-111.38554766,49.10390758],[-111.35669566,49.13276145],[-111.34707253,49.14238459],[-111.30859737,49.14238612],[-111.27012224,49.14238776],[-111.23164708,49.14238942],[-111.19317195,49.14239109],[-111.15469679,49.14239275],[-111.12585494,49.17123659],[-111.11622166,49.18086988],[-111.0777465,49.18087141],[-111.03927137,49.18087281],[-111.00079621,49.1808741],[-110.96232105,49.18087527],[-110.92384592,49.1808763],[-110.89501161,49.20971174],[-110.88537076,49.21935257],[-110.84689563,49.21935332],[-110.80842047,49.21935393],[-110.76994534,49.2193544],[-110.73147018,49.21935473],[-110.69299505,49.21935496],[-110.65451989,49.21935508],[-110.62568811,49.24818688],[-110.61604476,49.25783025],[-110.5775696,49.25783008],[-110.53909444,49.25782973],[-110.50061931,49.25782912],[-110.46214415,49.25782821],[-110.42366902,49.25782687],[-110.38519386,49.25782495],[-110.34671873,49.25782226],[-110.30824358,49.25781895],[-110.26976845,49.25781551],[-110.23129329,49.25781239],[-110.19281816,49.2578097],[-110.154343,49.2578074],[-110.11999462,49.24818688],[-110.12227542,49.20971174],[-110.12508955,49.17123659],[-110.12853677,49.13276145],[-110.13255097,49.09428628],[-110.13713892,49.05581114],[-110.14228333,49.017336],[-110.14798018,48.97886086],[-110.15302723,48.94038571],[-110.154343,48.93341022],[-110.15905285,48.90191057],[-110.16375176,48.86343543],[-110.16754701,48.82496028],[-110.170093,48.78648512],[-110.17134184,48.74800997],[-110.17187935,48.70953483],[-110.17238899,48.67105969],[-110.1728015,48.63258454],[-110.17023546,48.5941094],[-110.16379197,48.55563426],[-110.15817897,48.51715911],[-110.15771198,48.47868395],[-110.16836667,48.44020881],[-110.18992169,48.40173366],[-110.19281816,48.39810583],[-110.22632665,48.36325852],[-110.23129329,48.35932306],[-110.26976845,48.33479337],[-110.29090072,48.32478338],[-110.30824358,48.31797731],[-110.34671873,48.30717543],[-110.38519386,48.30015793],[-110.42366902,48.29627931],[-110.46214415,48.2949751],[-110.50061931,48.29579423],[-110.53909444,48.29839322],[-110.5775696,48.30253377],[-110.61604476,48.30792174],[-110.65451989,48.3143769],[-110.69299505,48.32169348],[-110.70750561,48.32478338],[-110.73147018,48.33027433],[-110.76994534,48.33981071],[-110.80842047,48.34981501],[-110.84689563,48.36014098],[-110.85792474,48.36325852],[-110.88537076,48.37196943],[-110.92384592,48.38529785],[-110.96232105,48.39958995],[-110.96772901,48.40173366],[-111.00079621,48.41729202],[-111.03927137,48.43611535],[-111.04734933,48.44020881],[-111.0777465,48.45816878],[-111.11499287,48.47868395],[-111.11622166,48.47946721],[-111.15469679,48.5027186],[-111.18124079,48.51715911],[-111.19317195,48.52499238],[-111.23164708,48.5480862],[-111.2457423,48.55563426],[-111.27012224,48.57359838],[-111.30010016,48.5941094],[-111.30859737,48.60494915],[-111.33041974,48.63258454],[-111.34344606,48.67105969],[-111.34707253,48.69458789],[-111.3495447,48.70953483],[-111.35478407,48.74800997],[-111.36298992,48.78648512],[-111.37384685,48.82496028],[-111.38351098,48.86343543],[-111.38554766,48.86982579],[-111.39716117,48.90191057],[-111.40952188,48.94038571],[-111.42171841,48.97886086],[-111.42402282,48.98606656],[-111.43512304,49.017336],[-111.44859062,49.05581114],[-111.46007513,49.09428628]]]}},
{"type":"Feature","properties":{"Lower":32.0},"geometry":{"type":"Polygon","coordinates":[[[-114.15575817,43.21721125],[-114.11728304,43.22683791],[-114.07880788,43.21397566],[-114.06103535,43.20758895],[-114.04033275,43.20055335],[-114.00185759,43.1864533],[-113.96338246,43.17098255],[-113.95896125,43.16911381],[-113.9249073,43.15543247],[-113.88643217,43.13847015],[-113.86979975,43.13063866],[-113.84795701,43.12080616],[-113.80948188,43.10218305],[-113.79027809,43.09216352],[-113.77100672,43.08245546],[-113.73253156,43.0615993],[-113.71885146,43.05368838],[-113.69405643,43.03983674],[-113.65558127,43.01615154],[-113.65412676,43.01521323],[-113.61710614,42.99224504],[-113.59449454,42.97673809],[-113.57863098,42.96649587],[-113.54015585,42.9391337],[-113.53900621,42.93826295],[-113.50168069,42.91246033],[-113.48521378,42.89978778],[-113.46320556,42.88533271],[-113.43059176,42.86131264],[-113.4247304,42.85806453],[-113.38625527,42.83522648],[-113.36744115,42.82283749],[-113.34778011,42.81550755],[-113.30930498,42.80052268],[-113.27142732,42.78436235],[-113.27082982,42.78413598],[-113.23235466,42.76816036],[-113.19387953,42.74695828],[-113.19225901,42.74588721],[-113.1563924,42.70741207],[-113.15540437,42.70556628],[-113.13325526,42.66893692],[-113.11692924,42.6459385],[-113.10244968,42.63046178],[-113.07845409,42.60508004],[-113.06220774,42.59198661],[-113.03997896,42.57306246],[-113.00866761,42.55351147],[-113.0015038,42.54861706],[-112.96302867,42.53219453],[-112.92455351,42.52577476],[-112.88607838,42.53163527],[-112.84760322,42.55217075],[-112.84620454,42.55351147],[-112.81033836,42.59198661],[-112.80912806,42.59338631],[-112.78598595,42.63046178],[-112.77065293,42.65904582],[-112.76639705,42.66893692],[-112.75199036,42.70741207],[-112.74168661,42.74588721],[-112.73785764,42.78436235],[-112.74079195,42.82283749],[-112.73217777,42.84192628],[-112.72417783,42.86131264],[-112.69370264,42.88388243],[-112.67422273,42.89978778],[-112.65522748,42.91117751],[-112.61675235,42.93456447],[-112.61103095,42.93826295],[-112.57827719,42.95803201],[-112.54539133,42.97673809],[-112.53980206,42.98052928],[-112.5013269,43.00280731],[-112.47793817,43.01521323],[-112.46285177,43.02463637],[-112.42437661,43.04495876],[-112.4069622,43.05368838],[-112.38590145,43.06569212],[-112.34742632,43.0843094],[-112.3311267,43.09216352],[-112.30895116,43.10380284],[-112.27047603,43.1201129],[-112.2425063,43.13063866],[-112.23200087,43.13489879],[-112.19352574,43.14293291],[-112.15505058,43.14511983],[-112.11657545,43.13565337],[-112.10853799,43.13063866],[-112.07977715,43.09216352],[-112.07810029,43.08663988],[-112.07040903,43.05368838],[-112.06500945,43.01521323],[-112.05960108,42.97673809],[-112.05419241,42.93826295],[-112.04879458,42.89978778],[-112.04337987,42.86131264],[-112.03962516,42.83463476],[-112.03797986,42.82283749],[-112.03257911,42.78436235],[-112.02721968,42.74588721],[-112.02186005,42.70741207],[-112.01651779,42.66893692],[-112.01125764,42.63046178],[-112.00646404,42.59198661],[-112.00219619,42.55351147],[-112.00115,42.54317639],[-111.99833242,42.51503633],[-111.99459349,42.47656118],[-111.99087195,42.43808604],[-111.98704021,42.3996109],[-111.98306136,42.36113575],[-111.97890782,42.32266061],[-111.97453966,42.28418544],[-111.96995784,42.2457103],[-111.96515211,42.20723516],[-111.96267487,42.18827433],[-111.96014886,42.16876002],[-111.95493366,42.13028487],[-111.94952337,42.09180973],[-111.94388913,42.05333459],[-111.96267487,42.04371362],[-112.00115,42.04370931],[-112.03962516,42.04370523],[-112.07810029,42.04370144],[-112.1069384,42.01485944],[-112.11657545,42.00522238],[-112.15505058,42.00521948],[-112.19352574,42.00521704],[-112.23200087,42.00521505],[-112.27047603,42.00521352],[-112.30895116,42.00521242],[-112.34742632,42.0052117],[-112.38590145,42.00521134],[-112.42437661,42.00521132],[-112.46285177,42.0052116],[-112.49167954,41.97638428],[-112.5013269,41.96673693],[-112.53980206,41.96673772],[-112.57827719,41.96673878],[-112.61675235,41.96674014],[-112.65522748,41.96674171],[-112.69370264,41.96674304],[-112.73217777,41.96674398],[-112.77065293,41.9667444],[-112.80912806,41.96674419],[-112.84760322,41.96674323],[-112.87643488,41.93790913],[-112.88607838,41.92826565],[-112.92455351,41.92826296],[-112.96302867,41.92825944],[-113.0015038,41.92825513],[-113.03997896,41.92825007],[-113.07845409,41.92824433],[-113.11692924,41.928238],[-113.15540437,41.92823118],[-113.15540437,41.92829007],[-113.15372419,41.93790913],[-113.15540437,41.94592266],[-113.16148186,41.97638428],[-113.17025907,42.01485944],[-113.18011399,42.05333459],[-113.19113454,42.09180973],[-113.19387953,42.10053791],[-113.20277731,42.13028487],[-113.21538061,42.16876002],[-113.22908755,42.20723516],[-113.23235466,42.21572713],[-113.24327843,42.2457103],[-113.25821322,42.28418544],[-113.27082982,42.31480914],[-113.27387278,42.32266061],[-113.28937469,42.36113575],[-113.30524955,42.3996109],[-113.30930498,42.40933562],[-113.32023275,42.43808604],[-113.33414638,42.47656118],[-113.34649787,42.51503633],[-113.34778011,42.51987807],[-113.35533027,42.55351147],[-113.36232249,42.59198661],[-113.38379072,42.63046178],[-113.38625527,42.63289813],[-113.4247304,42.66435661],[-113.4314063,42.66893692],[-113.46320556,42.68586688],[-113.50168069,42.70326132],[-113.51224007,42.70741207],[-113.54015585,42.71709095],[-113.57863098,42.72989275],[-113.61710614,42.74276418],[-113.62632842,42.74588721],[-113.65558127,42.75565513],[-113.69405643,42.768491],[-113.73253156,42.78138031],[-113.7413264,42.78436235],[-113.77100672,42.79476949],[-113.80948188,42.80777457],[-113.84795701,42.82045865],[-113.85516189,42.82283749],[-113.88643217,42.83491899],[-113.9249073,42.84853493],[-113.96338246,42.86099041],[-113.96439827,42.86131264],[-114.00185759,42.87563058],[-114.04033275,42.88904377],[-114.0736775,42.89978778],[-114.07880788,42.9017338],[-114.11728304,42.91583981],[-114.15575817,42.92884108],[-114.18552063,42.93826295],[-114.19423333,42.94142773],[-114.23270849,42.95506183],[-114.24233294,42.93826295],[-114.24239181,42.93826295],[-114.24237883,42.97673809],[-114.23270849,42.98640842],[-114.20388978,43.01521323],[-114.2038813,43.05368838],[-114.20387403,43.09216352],[-114.19423333,43.10180424],[-114.16539072,43.13063866],[-114.16538533,43.16911381],[-114.16538048,43.20758895],[-114.15575817,43.21721125]]]}},
{"type":"Feature","properties":{"Lower":32.0},"geometry":{"type":"Polygon","coordinates":[[[-104.85867849,49.24818688],[-104.84477284,49.25780656],[-104.80629771,49.25780881],[-104.76782255,49.25781084],[-104.72934742,49.2578127],[-104.69087227,49.25781436],[-104.65239711,49.25781586],[-104.61392198,49.25781722],[-104.57544682,49.25781844],[-104.53697169,49.25781949],[-104.49849653,49.25782043],[-104.4600214,49.25782125],[-104.42154624,49.25782195],[-104.38307111,49.25782251],[-104.37343547,49.24818688],[-104.34459595,49.21934782],[-104.30612082,49.21934817],[-104.26764566,49.2193484],[-104.2291705,49.21934852],[-104.19069537,49.21934854],[-104.15222021,49.21934845],[-104.11374508,49.21934826],[-104.07526992,49.21934796],[-104.03679479,49.21934753],[-103.99831963,49.21934699],[-103.9598445,49.21934636],[-103.92136934,49.21934559],[-103.88289421,49.2193447],[-103.84441905,49.21934369],[-103.80594392,49.21934254],[-103.76746876,49.21934128],[-103.7289936,49.21933985],[-103.69051847,49.21933828],[-103.65204331,49.21933654],[-103.61356818,49.21933465],[-103.57509302,49.21933258],[-103.53997069,49.20971174],[-103.54097796,49.17123659],[-103.54149437,49.13276145],[-103.54150709,49.09428628],[-103.54092242,49.05581114],[-103.53991309,49.017336],[-103.53839253,48.97886086],[-103.53661789,48.95507908],[-103.53563184,48.94038571],[-103.53447137,48.90191057],[-103.53218059,48.86343543],[-103.52953787,48.82496028],[-103.52679038,48.78648512],[-103.52378925,48.74800997],[-103.52070798,48.70953483],[-103.51759571,48.67105969],[-103.51445886,48.63258454],[-103.51145994,48.5941094],[-103.50857093,48.55563426],[-103.50591906,48.51715911],[-103.50357518,48.47868395],[-103.50130763,48.44020881],[-103.49984473,48.40173366],[-103.49814273,48.38053308],[-103.4967991,48.36325852],[-103.49473186,48.32478338],[-103.49264747,48.28630823],[-103.49066248,48.24783309],[-103.48883051,48.20935795],[-103.48718724,48.17088278],[-103.48586323,48.13240764],[-103.48485325,48.09393249],[-103.48427862,48.05545735],[-103.48425513,48.01698221],[-103.48468878,47.97850706],[-103.48570944,47.94003192],[-103.48741458,47.90155678],[-103.48975557,47.86308161],[-103.49290581,47.82460647],[-103.49694906,47.78613133],[-103.49814273,47.7772899],[-103.50232912,47.74765618],[-103.509184,47.70918104],[-103.51760925,47.6707059],[-103.52820015,47.63223075],[-103.53661789,47.60903232],[-103.54252231,47.59375561],[-103.56186299,47.55528044],[-103.57509302,47.53509674],[-103.58797621,47.5168053],[-103.61356818,47.4885657],[-103.6235648,47.47833016],[-103.65204331,47.45221932],[-103.66654307,47.43985501],[-103.69051847,47.42134482],[-103.71856661,47.40137987],[-103.7289936,47.39465221],[-103.76746876,47.37226539],[-103.78566022,47.36290473],[-103.80594392,47.35362122],[-103.84441905,47.33887687],[-103.88289421,47.32740738],[-103.89710873,47.32442959],[-103.92136934,47.3201226],[-103.9598445,47.31670909],[-103.99831963,47.31702223],[-104.03679479,47.32079761],[-104.05722454,47.32442959],[-104.07526992,47.32787543],[-104.11374508,47.3382794],[-104.15222021,47.35113309],[-104.18190373,47.36290473],[-104.19069537,47.3666388],[-104.2291705,47.38579499],[-104.25674352,47.40137987],[-104.26764566,47.40801784],[-104.30612082,47.43513081],[-104.31184628,47.43985501],[-104.34459595,47.47011969],[-104.35213095,47.47833016],[-104.38307111,47.51339939],[-104.38663017,47.5168053],[-104.42154624,47.54456296],[-104.43857645,47.55528044],[-104.4600214,47.56741658],[-104.49849653,47.58669806],[-104.5126254,47.59375561],[-104.53697169,47.60937611],[-104.5674966,47.63223075],[-104.57544682,47.64037524],[-104.60356881,47.6707059],[-104.61392198,47.68449497],[-104.63196064,47.70918104],[-104.65239711,47.74178735],[-104.65599061,47.74765618],[-104.67635638,47.78613133],[-104.69087227,47.81658633],[-104.69460484,47.82460647],[-104.71043762,47.86308161],[-104.72493685,47.90155678],[-104.72934742,47.91450153],[-104.73773191,47.94003192],[-104.7491546,47.97850706],[-104.75970271,48.01698221],[-104.76782255,48.04912116],[-104.76935351,48.05545735],[-104.7776876,48.09393249],[-104.78534087,48.13240764],[-104.7924318,48.17088278],[-104.79896533,48.20935795],[-104.80504447,48.24783309],[-104.80629771,48.25658883],[-104.81032413,48.28630823],[-104.81512964,48.32478338],[-104.81959809,48.36325852],[-104.8236731,48.40173366],[-104.82725565,48.44020881],[-104.83049513,48.47868395],[-104.83329373,48.51715911],[-104.83567713,48.55563426],[-104.83770048,48.5941094],[-104.83949389,48.63258454],[-104.84102999,48.67105969],[-104.84236951,48.70953483],[-104.84358317,48.74800997],[-104.84385882,48.78648512],[-104.84477284,48.80533865],[-104.84566827,48.82496028],[-104.84661314,48.86343543],[-104.84749665,48.90191057],[-104.84847369,48.94038571],[-104.84940288,48.97886086],[-104.85049627,49.017336],[-104.85162069,49.05581114],[-104.85276618,49.09428628],[-104.85409325,49.13276145],[-104.85550423,49.17123659],[-104.85705041,49.20971174],[-104.85867849,49.24818688]]]}},
{"type":"Feature","properties":{"Lower":32.0},"geometry":{"type":"Polygon","coordinates":[[[-107.29583467,42.51503633],[-107.27874256,42.55351147],[-107.26870704,42.56689413],[-107.24641197,42.59198661],[-107.23023191,42.61559659],[-107.2200483,42.63046178],[-107.1998657,42.66893692],[-107.19175675,42.68039657],[-107.16916743,42.70741207],[-107.15328162,42.73167787],[-107.14398255,42.74588721],[-107.12512501,42.78436235],[-107.11480646,42.79983905],[-107.09641168,42.82283749],[-107.07633133,42.84852736],[-107.067874,42.86131264],[-107.05070957,42.89978778],[-107.03785617,42.92227744],[-107.0287216,42.93826295],[-107.0072882,42.97673809],[-106.99938104,42.99127261],[-106.98635887,43.01521323],[-106.97049184,43.05368838],[-106.96090588,43.06974566],[-106.94545265,43.09216352],[-106.93131375,43.13063866],[-106.92243072,43.14612647],[-106.90697749,43.16911381],[-106.89326358,43.20758895],[-106.88395559,43.22449177],[-106.87007075,43.24606412],[-106.85246238,43.28453926],[-106.84548043,43.30038029],[-106.83533412,43.3230144],[-106.81836462,43.36148954],[-106.8070053,43.38096267],[-106.79736392,43.39996469],[-106.78630199,43.43843983],[-106.77595365,43.47691497],[-106.76853014,43.49241716],[-106.75572913,43.51539012],[-106.74104789,43.55386528],[-106.73005501,43.5745186],[-106.7217694,43.59234043],[-106.71311648,43.63081557],[-106.69995539,43.66929071],[-106.69157985,43.68631198],[-106.68234153,43.70776586],[-106.67429948,43.746241],[-106.66194616,43.78471614],[-106.65310472,43.8042318],[-106.64557434,43.82319128],[-106.63850121,43.86166645],[-106.62748281,43.90014159],[-106.62156453,43.93861674],[-106.61462956,43.9581394],[-106.60663681,43.97709188],[-106.59638872,44.01556702],[-106.58689727,44.05404217],[-106.5824142,44.09251731],[-106.57615443,44.11130357],[-106.56851847,44.13099245],[-106.55958191,44.16946762],[-106.55145682,44.20794276],[-106.54715373,44.24641791],[-106.53767927,44.26871796],[-106.5307209,44.28489305],[-106.52803392,44.32336819],[-106.52103287,44.36184333],[-106.51422261,44.40031848],[-106.50800964,44.43879362],[-106.50639477,44.47726879],[-106.49920411,44.49676064],[-106.49203108,44.51574393],[-106.4911416,44.55421907],[-106.48605226,44.59269422],[-106.48161325,44.63116936],[-106.47728791,44.6696445],[-106.47307492,44.70811965],[-106.46946693,44.74659479],[-106.46594312,44.78506996],[-106.4669401,44.8235451],[-106.46072898,44.84449447],[-106.45541724,44.86202024],[-106.45291015,44.90049538],[-106.45393871,44.93897053],[-106.45120516,44.97744567],[-106.44868342,45.01592081],[-106.44639732,45.05439596],[-106.44404605,45.09287112],[-106.44180166,45.13134627],[-106.43942252,45.16982141],[-106.43709174,45.20829655],[-106.43481715,45.2467717],[-106.43247551,45.28524684],[-106.43023816,45.32372198],[-106.42775029,45.36219712],[-106.42855889,45.40067229],[-106.4260267,45.43914743],[-106.42225382,45.45384579],[-106.41609522,45.47762258],[-106.41630897,45.51609772],[-106.41299876,45.55457286],[-106.4093186,45.59304801],[-106.40529183,45.63152315],[-106.40093203,45.66999829],[-106.39614341,45.70847344],[-106.39095605,45.7469486],[-106.38809844,45.78542375],[-106.38377869,45.80424895],[-106.37882362,45.82389889],[-106.37142281,45.86237403],[-106.36344963,45.90084917],[-106.35466379,45.93932432],[-106.34530353,45.96694139],[-106.34188398,45.97779946],[-106.33366753,46.0162746],[-106.32112437,46.05474977],[-106.30985208,46.09322491],[-106.3068284,46.09975381],[-106.29073355,46.13170006],[-106.27277365,46.1701752],[-106.26835324,46.17901663],[-106.25330231,46.20865034],[-106.23481231,46.24712549],[-106.22987811,46.25513702],[-106.20949057,46.28560063],[-106.19140295,46.3132759],[-106.18428956,46.32407577],[-106.156747,46.36255094],[-106.15292782,46.36729717],[-106.12557334,46.40102608],[-106.11445267,46.41309733],[-106.08973875,46.43950122],[-106.07597754,46.45224304],[-106.04750411,46.47797637],[-106.03750238,46.48560269],[-105.99902722,46.51349471],[-105.99468722,46.51645151],[-105.96055209,46.53505604],[-105.92207693,46.55184723],[-105.91542561,46.55492665],[-105.8836018,46.56796848],[-105.84512664,46.5811639],[-105.80665151,46.59169885],[-105.8010839,46.5934018],[-105.76817635,46.60231378],[-105.72970122,46.6095031],[-105.69122606,46.61450851],[-105.65275093,46.61722446],[-105.61427577,46.61803805],[-105.57580061,46.61730706],[-105.53732548,46.61497969],[-105.49885032,46.61098985],[-105.46037519,46.60536044],[-105.42190003,46.59777144],[-105.40506149,46.5934018],[-105.3834249,46.58741665],[-105.34494974,46.57359562],[-105.30647461,46.55630301],[-105.30434628,46.55492665],[-105.26799945,46.53111598],[-105.25235049,46.51645151],[-105.22952432,46.49515329],[-105.21299024,46.47797637],[-105.19104916,46.45523182],[-105.17371175,46.43950122],[-105.15257403,46.42111468],[-105.11833777,46.40102608],[-105.11409887,46.39877597],[-105.07562371,46.38475166],[-105.03714858,46.37051725],[-105.0201986,46.36255094],[-104.99867342,46.34958843],[-104.96349737,46.32407577],[-104.96019829,46.3207051],[-104.92913263,46.28560063],[-104.92172313,46.27696006],[-104.89655309,46.24712549],[-104.883248,46.23298161],[-104.86072397,46.20865034],[-104.84477284,46.19274183],[-104.82238391,46.1701752],[-104.80629771,46.1519886],[-104.78761634,46.13170006],[-104.76782255,46.10516357],[-104.758744,46.09322491],[-104.73361705,46.05474977],[-104.72934742,46.04733028],[-104.71164357,46.0162746],[-104.69087227,45.98023201],[-104.68953289,45.97779946],[-104.6721231,45.93932432],[-104.65498272,45.90084917],[-104.65239711,45.89531131],[-104.63691141,45.86237403],[-104.62015996,45.82389889],[-104.61392198,45.80902775],[-104.60430885,45.78542375],[-104.5890699,45.7469486],[-104.57544682,45.71507091],[-104.57280331,45.70847344],[-104.56147477,45.66999829],[-104.54931379,45.63152315],[-104.53960192,45.59304801],[-104.53697169,45.58432217],[-104.5279185,45.55457286],[-104.51848978,45.51609772],[-104.50939948,45.47762258],[-104.50081297,45.43914743],[-104.49849653,45.42782997],[-104.49312609,45.40067229],[-104.4859674,45.36219712],[-104.47932997,45.32372198],[-104.47275162,45.28524684],[-104.4666874,45.2467717],[-104.46319403,45.20829655],[-104.4600214,45.19304365],[-104.45495295,45.16982141],[-104.44963667,45.13134627],[-104.44454071,45.09287112],[-104.43965101,45.05439596],[-104.43488396,45.01592081],[-104.43012077,44.97744567],[-104.42565983,44.93897053],[-104.42154624,44.91838561],[-104.41833354,44.90049538],[-104.41729531,44.86202024],[-104.41332632,44.8235451],[-104.40953549,44.78506996],[-104.40589651,44.74659479],[-104.40204278,44.70811965],[-104.39857405,44.6696445],[-104.39468959,44.63116936],[-104.39088649,44.59269422],[-104.38733034,44.55421907],[-104.38732854,44.51574393],[-104.38307111,44.50125613],[-104.37622223,44.47726879],[-104.37574249,44.43879362],[-104.37190181,44.40031848],[-104.36780319,44.36184333],[-104.36352327,44.32336819],[-104.35904332,44.28489305],[-104.35468787,44.24641791],[-104.34983252,44.20794276],[-104.34889842,44.16946762],[-104.34459595,44.15061409],[-104.3397499,44.13099245],[-104.33453017,44.09251731],[-104.32877689,44.05404217],[-104.32309311,44.01556702],[-104.31697918,43.97709188],[-104.31465164,43.93861674],[-104.30612082,43.91611827],[-104.30032919,43.90014159],[-104.29798417,43.86166645],[-104.29146362,43.82319128],[-104.28449871,43.78471614],[-104.27715921,43.746241],[-104.27419055,43.70776586],[-104.26764566,43.68577168],[-104.26222569,43.66929071],[-104.25445419,43.63081557],[-104.24647913,43.59234043],[-104.23787946,43.55386528],[-104.23405681,43.51539012],[-104.2291705,43.5001692],[-104.22088818,43.47691497],[-104.21169154,43.43843983],[-104.20261102,43.39996469],[-104.19756756,43.36148954],[-104.19069537,43.34185936],[-104.18326356,43.3230144],[-104.17326377,43.28453926],[-104.16282574,43.24606412],[-104.15222021,43.22130215],[-104.1471427,43.20758895],[-104.14122733,43.16911381],[-104.1300751,43.13063866],[-104.12276709,43.09216352],[-104.11374508,43.06946153],[-104.10665979,43.05368838],[-104.09438444,43.01521323],[-104.08185457,42.97673809],[-104.07526992,42.95698419],[-104.06912179,42.93826295],[-104.05590931,42.89978778],[-104.04669092,42.86131264],[-104.07526992,42.85169352],[-104.10412545,42.82283749],[-104.11374508,42.81321789],[-104.15222021,42.81321754],[-104.19069537,42.81321719],[-104.2291705,42.81321686],[-104.26764566,42.81321653],[-104.30612082,42.81321622],[-104.34459595,42.81321594],[-104.38307111,42.81321566],[-104.42154624,42.81321538],[-104.45039894,42.78436235],[-104.4600214,42.77473991],[-104.49849653,42.77473968],[-104.53697169,42.77473944],[-104.57544682,42.77473921],[-104.61392198,42.77473902],[-104.65239711,42.77473881],[-104.69087227,42.77473862],[-104.72934742,42.77473843],[-104.76782255,42.77473827],[-104.80629771,42.77473811],[-104.83514839,42.74588721],[-104.84477284,42.73626275],[-104.883248,42.73626261],[-104.92172313,42.73626247],[-104.96019829,42.73626235],[-104.99867342,42.73626224],[-105.03714858,42.73626214],[-105.07562371,42.73626205],[-105.11409887,42.73626196],[-105.15257403,42.73626186],[-105.19104916,42.73626179],[-105.21989878,42.70741207],[-105.22952432,42.69778653],[-105.26799945,42.69778646],[-105.30647461,42.69778641],[-105.34494974,42.69778639],[-105.3834249,42.69778634],[-105.42190003,42.69778632],[-105.46037519,42.6977863],[-105.49885032,42.6977863],[-105.53732548,42.6977863],[-105.57580061,42.6977863],[-105.60464996,42.66893692],[-105.61427577,42.65931108],[-105.65275093,42.65931111],[-105.69122606,42.65931113],[-105.72970122,42.65931118],[-105.76817635,42.6593112],[-105.80665151,42.65931125],[-105.84512664,42.65931132],[-105.8836018,42.65931139],[-105.92207693,42.65931146],[-105.96055209,42.65931153],[-105.98940185,42.63046178],[-105.99902722,42.62083639],[-106.03750238,42.62083648],[-106.07597754,42.62083657],[-106.11445267,42.62083669],[-106.15292782,42.62083681],[-106.19140295,42.62083692],[-106.22987811,42.62083707],[-106.26835324,42.62083721],[-106.3068284,42.62083735],[-106.34530353,42.62083751],[-106.37415447,42.59198661],[-106.38377869,42.58236241],[-106.42225382,42.58236258],[-106.46072898,42.58236274],[-106.49920411,42.58236293],[-106.53767927,42.58236312],[-106.57615443,42.5823633],[-106.61462956,42.58236352],[-106.65310472,42.58236373],[-106.69157985,42.58236394],[-106.73005501,42.58236415],[-106.75890777,42.55351147],[-106.76853014,42.5438891],[-106.8070053,42.54388933],[-106.84548043,42.54388957],[-106.88395559,42.5438898],[-106.92243072,42.54389006],[-106.96090588,42.54389034],[-106.99938104,42.5438906],[-107.03785617,42.54389088],[-107.07633133,42.54389116],[-107.11480646,42.54389144],[-107.14366166,42.51503633],[-107.15328162,42.50541639],[-107.19175675,42.50541667],[-107.23023191,42.50541698],[-107.26870704,42.50541728],[-107.29583467,42.51503633]]]}},
{"type":"Feature","properties":{"Lower":32.0},"geometry":{"type":"Polygon","coordinates":[[[-100.46992405,46.13170006],[-100.46974833,46.1701752],[-100.46681726,46.20865034],[-100.4609265,46.24712549],[-100.4586062,46.25745628],[-100.45111973,46.28560063],[-100.4373639,46.32407577],[-100.42013107,46.36153781],[-100.41959935,46.36255094],[-100.39637995,46.40102608],[-100.38165591,46.42218826],[-100.36841637,46.43950122],[-100.34318078,46.46946839],[-100.33520092,46.47797637],[-100.30470562,46.50863022],[-100.29630171,46.51645151],[-100.26623049,46.54354613],[-100.25308537,46.55492665],[-100.22775533,46.57667396],[-100.20811981,46.5934018],[-100.1892802,46.60966815],[-100.16405084,46.63187694],[-100.15080504,46.64383933],[-100.12104928,46.67035211],[-100.11232988,46.67835649],[-100.07881126,46.70882725],[-100.07385475,46.71353461],[-100.03837,46.74730239],[-100.03537959,46.75031639],[-100.0006031,46.78577754],[-99.99690446,46.78984602],[-99.96622002,46.82425268],[-99.9584293,46.83386804],[-99.93548072,46.86272782],[-99.91995417,46.88449711],[-99.90821433,46.90120296],[-99.88419805,46.93967811],[-99.88147901,46.94485799],[-99.86390784,46.97815327],[-99.85108025,47.01662842],[-99.84521451,47.05510356],[-99.84523473,47.0935787],[-99.85036543,47.13205385],[-99.85974862,47.17052899],[-99.87277912,47.20900413],[-99.88147901,47.23004238],[-99.88847912,47.24747928],[-99.90583289,47.28595444],[-99.91995417,47.31511037],[-99.92432295,47.32442959],[-99.94260306,47.36290473],[-99.9584293,47.39935142],[-99.95930695,47.40137987],[-99.97352862,47.43985501],[-99.98590037,47.47833016],[-99.99555655,47.5168053],[-99.99690446,47.5237041],[-100.00315769,47.55528044],[-100.00696279,47.59375561],[-100.00803132,47.63223075],[-100.00654016,47.6707059],[-100.00293055,47.70918104],[-99.99815226,47.74765618],[-99.99690446,47.75369611],[-99.98974526,47.78613133],[-99.97999863,47.82460647],[-99.96845278,47.86308161],[-99.9584293,47.89262448],[-99.9552644,47.90155678],[-99.94063885,47.94003192],[-99.92518291,47.97850706],[-99.91995417,47.99112603],[-99.90890805,48.01698221],[-99.8922104,48.05545735],[-99.88147901,48.07993739],[-99.87517957,48.09393249],[-99.85781042,48.13240764],[-99.84300388,48.16562178],[-99.84061247,48.17088278],[-99.82327176,48.20935795],[-99.80634341,48.24783309],[-99.80452872,48.25202374],[-99.78939231,48.28630823],[-99.77294679,48.32478338],[-99.76605359,48.34130312],[-99.75678101,48.36325852],[-99.74098998,48.40173366],[-99.72757843,48.43570923],[-99.72578943,48.44020881],[-99.71091872,48.47868395],[-99.69671833,48.51715911],[-99.68910327,48.53846127],[-99.68293537,48.55563426],[-99.66970619,48.5941094],[-99.65707287,48.63258454],[-99.65062814,48.65313401],[-99.6449936,48.67105969],[-99.63338806,48.70953483],[-99.62246718,48.74800997],[-99.61215298,48.78321986],[-99.61122115,48.78648512],[-99.60223958,48.82496028],[-99.5929735,48.86343543],[-99.58430131,48.90191057],[-99.57627247,48.94038571],[-99.57367785,48.95363252],[-99.56877685,48.97886086],[-99.56186402,49.017336],[-99.55556292,49.05581114],[-99.5499094,49.09428628],[-99.54489281,49.13276145],[-99.54051102,49.17123659],[-99.53683566,49.20971174],[-99.53520269,49.21933066],[-99.49672756,49.21933383],[-99.4582524,49.21933699],[-99.41977727,49.21934018],[-99.38130211,49.21934336],[-99.34282698,49.21934657],[-99.30435182,49.21934978],[-99.26587669,49.21935302],[-99.22740153,49.21935623],[-99.18892637,49.21935946],[-99.15045124,49.21936265],[-99.11197609,49.21936586],[-99.07350096,49.21936902],[-99.0350258,49.21937218],[-98.99655067,49.21937532],[-98.95807551,49.21937844],[-98.91960038,49.21938153],[-98.88112522,49.2193846],[-98.84265009,49.21938762],[-98.80417493,49.21939062],[-98.80417493,49.21933176],[-98.82006421,49.20971174],[-98.81355556,49.17123659],[-98.80675171,49.13276145],[-98.80417493,49.11854866],[-98.79969574,49.09428628],[-98.79231806,49.05581114],[-98.7846278,49.017336],[-98.77663802,48.97886086],[-98.76820573,48.94038571],[-98.76569977,48.92927327],[-98.75942237,48.90191057],[-98.75019279,48.86343543],[-98.74041723,48.82496028],[-98.73016454,48.78648512],[-98.72722464,48.77596807],[-98.71924596,48.74800997],[-98.70763359,48.70953483],[-98.69531191,48.67105969],[-98.68874948,48.65179093],[-98.68206281,48.63258454],[-98.66791219,48.5941094],[-98.65254582,48.55563426],[-98.65027435,48.5502308],[-98.63603772,48.51715911],[-98.61783308,48.47868395],[-98.61179919,48.46678138],[-98.59802396,48.44020881],[-98.5760207,48.40173366],[-98.57332406,48.3973647],[-98.55162896,48.36325852],[-98.5348489,48.33960606],[-98.52396666,48.32478338],[-98.49637377,48.29111869],[-98.49227527,48.28630823],[-98.45789861,48.2502719],[-98.45545127,48.24783309],[-98.41942348,48.21599235],[-98.41141851,48.20935795],[-98.38094832,48.18727892],[-98.35591749,48.17088278],[-98.34247316,48.16324083],[-98.30399803,48.14352521],[-98.27912829,48.13240764],[-98.26552287,48.12726284],[-98.22704774,48.11453494],[-98.18857258,48.10445753],[-98.15009745,48.09708249],[-98.12282338,48.09393249],[-98.11162229,48.09292968],[-98.07314716,48.0925253],[-98.05680737,48.09393249],[-98.034672,48.09581729],[-97.99619687,48.10392949],[-97.95772171,48.11654538],[-97.91924658,48.13125432],[-97.91525231,48.13240764],[-97.88077142,48.1425731],[-97.84229626,48.14968405],[-97.80382113,48.15941503],[-97.77461888,48.17088278],[-97.76534597,48.17434141],[-97.72687084,48.19331857],[-97.69902568,48.20935795],[-97.68839569,48.21549511],[-97.64992056,48.23878465],[-97.63543981,48.24783309],[-97.6114454,48.26345246],[-97.5780194,48.28630823],[-97.57297027,48.29001029],[-97.53449511,48.3203399],[-97.52940915,48.32478338],[-97.49601998,48.35809713],[-97.49156807,48.36325852],[-97.46512403,48.40173366],[-97.45754482,48.41729359],[-97.44741028,48.44020881],[-97.43565104,48.47868395],[-97.42795001,48.51715911],[-97.42264447,48.55563426],[-97.41906966,48.58895092],[-97.41845073,48.5941094],[-97.41526232,48.63258454],[-97.41294593,48.67105969],[-97.40951249,48.70953483],[-97.40446991,48.74800997],[-97.398251,48.78648512],[-97.39129195,48.82496028],[-97.3840741,48.86343543],[-97.38059453,48.88210151],[-97.37623608,48.90191057],[-97.36814846,48.94038571],[-97.36054176,48.97886086],[-97.35343463,49.017336],[-97.34687923,49.05581114],[-97.34211937,49.08631381],[-97.34066312,49.09428628],[-97.33442381,49.13276145],[-97.32894052,49.17123659],[-97.32424164,49.20971174],[-97.34211937,49.2193335],[-97.34211937,49.21939236],[-97.30364424,49.21938596],[-97.26516908,49.21938064],[-97.25550018,49.20971174],[-97.22669395,49.18090053],[-97.18821879,49.18089725],[-97.14974366,49.18089479],[-97.1112685,49.18089299],[-97.07279337,49.18089172],[-97.06313821,49.17123659],[-97.03431821,49.14241527],[-96.99584308,49.14241475],[-96.98618975,49.13276145],[-96.95736792,49.1039389],[-96.94771533,49.09428628],[-96.91889276,49.06546311],[-96.88041763,49.06546287],[-96.87076589,49.05581114],[-96.84194247,49.02698707],[-96.83229141,49.017336],[-96.80346734,48.98851118],[-96.79381701,48.97886086],[-96.76499218,48.95003519],[-96.75534271,48.94038571],[-96.72651705,48.91155911],[-96.71686849,48.90191057],[-96.68804189,48.87308296],[-96.67839433,48.86343543],[-96.64956676,48.83460681],[-96.6110916,48.83460644],[-96.60144545,48.82496028],[-96.57261647,48.79613033],[-96.56297124,48.78648512],[-96.53414131,48.75765437],[-96.52449693,48.74800997],[-96.49566615,48.71917859],[-96.48602242,48.70953483],[-96.45719102,48.6807031],[-96.44754761,48.67105969],[-96.41871586,48.64222793],[-96.40907248,48.63258454],[-96.38024073,48.60375321],[-96.34176557,48.60375384],[-96.33212113,48.5941094],[-96.30329044,48.5652798],[-96.29364489,48.55563426],[-96.26481529,48.52680625],[-96.25516814,48.51715911],[-96.22634016,48.48833317],[-96.21669092,48.47868395],[-96.187865,48.44986056],[-96.17821326,48.44020881],[-96.14938987,48.41138834],[-96.13973518,48.40173366],[-96.11091471,48.37291653],[-96.10125673,48.36325852],[-96.07243955,48.33444502],[-96.03396442,48.33444731],[-96.02430049,48.32478338],[-95.99548926,48.29597622],[-95.98582127,48.28630823],[-95.95701413,48.25750535],[-95.94734184,48.24783309],[-95.91853897,48.21903465],[-95.90886227,48.20935795],[-95.88006384,48.18056408],[-95.88006384,48.1805052],[-95.91853897,48.18958352],[-95.93127657,48.17088278],[-95.95562445,48.13240764],[-95.95701413,48.13023735],[-95.98025981,48.09393249],[-95.99548926,48.06823012],[-96.00291865,48.05545735],[-96.02450806,48.01698221],[-96.03396442,47.99952975],[-96.0450893,47.97850706],[-96.06468706,47.94003192],[-96.07243955,47.92446853],[-96.083578,47.90155678],[-96.10175333,47.86308161],[-96.11091471,47.84349027],[-96.11951338,47.82460647],[-96.13697391,47.78613133],[-96.14938987,47.75920143],[-96.15456357,47.74765618],[-96.17272002,47.70918104],[-96.187865,47.67884253],[-96.19178389,47.6707059],[-96.21220099,47.63223075],[-96.22634016,47.60830569],[-96.23479887,47.59375561],[-96.2602445,47.55528044],[-96.26481529,47.54943903],[-96.29020229,47.5168053],[-96.30329044,47.50043892],[-96.32071775,47.47833016],[-96.34176557,47.45041323],[-96.34947217,47.43985501],[-96.37482029,47.40137987],[-96.38024073,47.3923296],[-96.39716246,47.36290473],[-96.41696166,47.32442959],[-96.41871586,47.32055181],[-96.43372733,47.28595444],[-96.44743112,47.24747928],[-96.45719102,47.21264434],[-96.45817513,47.20900413],[-96.46585698,47.17052899],[-96.47076163,47.13205385],[-96.47326603,47.0935787],[-96.473658,47.05510356],[-96.47216825,47.01662842],[-96.46905652,46.97815327],[-96.46448444,46.93967811],[-96.45860851,46.90120296],[-96.45719102,46.89323323],[-96.45082274,46.86272782],[-96.4409279,46.82425268],[-96.42808943,46.78577754],[-96.41871586,46.76371206],[-96.40835701,46.74730239],[-96.38024073,46.7182109],[-96.36287851,46.70882725],[-96.34176557,46.70108564],[-96.30329044,46.69294439],[-96.26481529,46.6874663],[-96.22634016,46.6826946],[-96.187865,46.67773488],[-96.14938987,46.67229124],[-96.13722265,46.67035211],[-96.11091471,46.66682747],[-96.07243955,46.66094123],[-96.03396442,46.65408779],[-95.99548926,46.64700385],[-95.95701413,46.64128149],[-95.91853897,46.63664443],[-95.88006384,46.63288065],[-95.86758224,46.63187694],[-95.84158868,46.62977934],[-95.80311355,46.62720601],[-95.76463839,46.62515429],[-95.72616326,46.62356138],[-95.6876881,46.62247611],[-95.64921297,46.62198724],[-95.61073781,46.62211368],[-95.57226265,46.62288616],[-95.53378752,46.62435151],[-95.49531236,46.62656121],[-95.45683723,46.62953776],[-95.43243599,46.63187694],[-95.41836207,46.6332335],[-95.37988694,46.63774704],[-95.34141178,46.64299093],[-95.30293665,46.64882536],[-95.26446149,46.65524413],[-95.22598636,46.66223398],[-95.1875112,46.66954211],[-95.18316773,46.67035211],[-95.14903604,46.67658126],[-95.13941474,46.70882725],[-95.13935584,46.70882725],[-95.13935887,46.67035211],[-95.13936182,46.63187694],[-95.13936464,46.5934018],[-95.11056091,46.56459504],[-95.10089254,46.55492665],[-95.10089493,46.51645151],[-95.10089708,46.47797637],[-95.10089902,46.43950122],[-95.10090075,46.40102608],[-95.10090226,46.36255094],[-95.07208575,46.33373315],[-95.06242839,46.32407577],[-95.06242942,46.28560063],[-95.06243028,46.24712549],[-95.06243095,46.20865034],[-95.06243148,46.1701752],[-95.06243189,46.13170006],[-95.03361062,46.10287868],[-95.02395685,46.09322491],[-95.02395703,46.05474977],[-95.02395715,46.0162746],[-95.02395724,45.97779946],[-95.02395726,45.93932432],[-95.02395735,45.90084917],[-95.03361062,45.8911959],[-95.06243289,45.86237403],[-95.06243313,45.82389889],[-95.06243351,45.78542375],[-95.06243404,45.7469486],[-95.07208575,45.73729687],[-95.10091056,45.70847344],[-95.10091162,45.66999829],[-95.11056091,45.66034902],[-95.13938907,45.63152315],[-95.13939087,45.59304801],[-95.14903604,45.58340284],[-95.17786956,45.55457286],[-95.17787224,45.51609772],[-95.1875112,45.50645876],[-95.21635222,45.47762258],[-95.21635564,45.43914743],[-95.22598636,45.42951672],[-95.25483636,45.40067229],[-95.25484001,45.36219712],[-95.26446149,45.35257564],[-95.30293665,45.3534087],[-95.31914662,45.36219712],[-95.34141178,45.37396504],[-95.37988694,45.39475693],[-95.39065392,45.40067229],[-95.41836207,45.41538503],[-95.45683723,45.43630947],[-95.46198824,45.43914743],[-95.49531236,45.45683535],[-95.5324951,45.47762258],[-95.53378752,45.47831849],[-95.57226265,45.49832871],[-95.60346268,45.51609772],[-95.61073781,45.52021353],[-95.64921297,45.54312997],[-95.6666353,45.55457286],[-95.6876881,45.5687972],[-95.71802879,45.59304801],[-95.72616326,45.59991907],[-95.75493367,45.63152315],[-95.76463839,45.64373295],[-95.77878371,45.66999829],[-95.79384692,45.70847344],[-95.80258798,45.7469486],[-95.80311355,45.75553711],[-95.8041144,45.78542375],[-95.80311355,45.79741186],[-95.80048502,45.82389889],[-95.79490096,45.86237403],[-95.78803339,45.90084917],[-95.77995307,45.93932432],[-95.77121642,45.97779946],[-95.76702391,46.0162746],[-95.76824417,46.05474977],[-95.77782765,46.09322491],[-95.79363673,46.13170006],[-95.80311355,46.15014412],[-95.81323484,46.1701752],[-95.83554781,46.20865034],[-95.84158868,46.21763697],[-95.86093501,46.24712549],[-95.88006384,46.27126841],[-95.89166316,46.28560063],[-95.91853897,46.31492149],[-95.92771168,46.32407577],[-95.95701413,46.3509302],[-95.97202888,46.36255094],[-95.99548926,46.37951021],[-96.033524,46.40102608],[-96.03396442,46.40126208],[-96.07243955,46.41631894],[-96.11091471,46.42515973],[-96.14938987,46.42782645],[-96.187865,46.42417025],[-96.22634016,46.41350431],[-96.25171797,46.40102608],[-96.26481529,46.3938241],[-96.29977944,46.36255094],[-96.30329044,46.3583735],[-96.32185771,46.32407577],[-96.33533618,46.28560063],[-96.34176557,46.2701262],[-96.35050555,46.24712549],[-96.38024073,46.22715154],[-96.41871586,46.22307068],[-96.45719102,46.22505757],[-96.49566615,46.23555475],[-96.51316636,46.24712549],[-96.53414131,46.25686839],[-96.5715654,46.28560063],[-96.57261647,46.28646241],[-96.6110916,46.31780556],[-96.64422606,46.28560063],[-96.6447737,46.24712549],[-96.62885583,46.20865034],[-96.6110916,46.18424384],[-96.59690843,46.1701752],[-96.57261647,46.14390981],[-96.55512495,46.13170006],[-96.53414131,46.11951851],[-96.51069878,46.09322491],[-96.49566615,46.07864608],[-96.47938119,46.05474977],[-96.45719102,46.02559504],[-96.45129441,46.0162746],[-96.42512798,45.97779946],[-96.41871586,45.96850967],[-96.39935755,45.93932432],[-96.38024073,45.90991175],[-96.37433152,45.90084917],[-96.34972613,45.86237403],[-96.34176557,45.84962641],[-96.32514325,45.82389889],[-96.30329044,45.78956109],[-96.30020911,45.78542375],[-96.27256127,45.7469486],[-96.26481529,45.73533119],[-96.24442589,45.70847344],[-96.22634016,45.68149859],[-96.21748094,45.66999829],[-96.19227104,45.63152315],[-96.187865,45.62338874],[-96.16851816,45.59304801],[-96.1495818,45.55457286],[-96.14938987,45.5540805],[-96.13136147,45.51609772],[-96.11787075,45.47762258],[-96.11091471,45.45205711],[-96.10647593,45.43914743],[-96.09603364,45.40067229],[-96.08603953,45.36219712],[-96.07520091,45.32372198],[-96.07243955,45.31370575],[-96.06288785,45.28524684],[-96.05101459,45.2467717],[-96.03951828,45.20829655],[-96.03396442,45.18985108],[-96.02636192,45.16982141],[-96.01188986,45.13134627],[-95.99772553,45.09287112],[-95.99548926,45.08655616],[-95.98153075,45.05439596],[-95.96608941,45.01592081],[-95.95701413,44.99172041],[-95.95060652,44.97744567],[-95.93466981,44.93897053],[-95.92002721,44.90049538],[-95.91853897,44.89636094],[-95.90412995,44.86202024],[-95.8892965,44.8235451],[-95.88006384,44.797942],[-95.87468137,44.78506996],[-95.85965177,44.74659479],[-95.84566419,44.70811965],[-95.87043944,44.6696445],[-95.88006384,44.66002009],[-95.91853897,44.66001503],[-95.94737775,44.63116936],[-95.95701413,44.62153298],[-95.99548926,44.62152733],[-96.02431533,44.59269422],[-96.03396442,44.58304511],[-96.07243955,44.58303923],[-96.11091471,44.58303325],[-96.13972229,44.55421907],[-96.14938987,44.5445515],[-96.187865,44.54454579],[-96.21666104,44.51574393],[-96.21671994,44.51574393],[-96.21794057,44.55421907],[-96.21959288,44.59269422],[-96.22105037,44.63116936],[-96.22233064,44.6696445],[-96.22342294,44.70811965],[-96.2243994,44.74659479],[-96.22517886,44.78506996],[-96.22586542,44.8235451],[-96.22634016,44.84581017],[-96.22667287,44.86202024],[-96.22674522,44.90049538],[-96.22696953,44.93897053],[-96.22706866,44.97744567],[-96.22708285,45.01592081],[-96.22704647,45.05439596],[-96.22701044,45.09287112],[-96.22705795,45.13134627],[-96.22727287,45.16982141],[-96.22763961,45.20829655],[-96.22830931,45.2467717],[-96.22960957,45.28524684],[-96.23201708,45.32372198],[-96.23502462,45.36219712],[-96.23869651,45.40067229],[-96.24378518,45.43914743],[-96.2508835,45.47762258],[-96.25878669,45.51609772],[-96.26481529,45.53605794],[-96.26990239,45.55457286],[-96.28394561,45.59304801],[-96.30156673,45.63152315],[-96.30329044,45.63467856],[-96.32086165,45.66999829],[-96.34176557,45.70761341],[-96.34222477,45.70847344],[-96.36431998,45.7469486],[-96.38024073,45.77316753],[-96.38782315,45.78542375],[-96.41231373,45.82389889],[-96.41871586,45.83371925],[-96.43814815,45.86237403],[-96.45719102,45.88980921],[-96.4655539,45.90084917],[-96.49566615,45.93909788],[-96.49588317,45.93932432],[-96.53414131,45.97669847],[-96.53589213,45.97779946],[-96.57261647,46.00020819],[-96.58957131,46.0162746],[-96.6110916,46.03769612],[-96.63088056,46.05474977],[-96.64956676,46.07148248],[-96.68262157,46.09322491],[-96.68804189,46.09713708],[-96.72651705,46.11713505],[-96.75968532,46.13170006],[-96.76499218,46.13472523],[-96.80346734,46.15558911],[-96.83814573,46.1701752],[-96.84194247,46.17200041],[-96.88041763,46.18483534],[-96.91889276,46.19334013],[-96.95736792,46.19827761],[-96.99584308,46.20003254],[-97.03431821,46.19878541],[-97.07279337,46.1944888],[-97.1112685,46.18701738],[-97.14974366,46.1761408],[-97.16610815,46.1701752],[-97.18821879,46.16227726],[-97.22669395,46.1451005],[-97.25145313,46.13170006],[-97.26516908,46.12422606],[-97.30364424,46.09983746],[-97.31288956,46.09322491],[-97.34211937,46.07178643],[-97.36280917,46.05474977],[-97.38059453,46.03950952],[-97.4055256,46.0162746],[-97.41906966,46.00299502],[-97.44329674,45.97779946],[-97.45754482,45.9620138],[-97.47724936,45.93932432],[-97.49601998,45.91605109],[-97.50803308,45.90084917],[-97.53449511,45.86445218],[-97.53599842,45.86237403],[-97.5620518,45.82389889],[-97.57297027,45.80590819],[-97.5856201,45.78542375],[-97.60564253,45.7469486],[-97.6114454,45.73292437],[-97.62192719,45.70847344],[-97.63423866,45.66999829],[-97.64244992,45.63152315],[-97.6466532,45.59304801],[-97.6479197,45.55457286],[-97.64992056,45.53302187],[-97.65154237,45.51609772],[-97.65710745,45.47762258],[-97.66317269,45.43914743],[-97.6680044,45.40067229],[-97.67004779,45.36219712],[-97.66866336,45.32372198],[-97.66467862,45.28524684],[-97.65868482,45.2467717],[-97.65085545,45.20829655],[-97.64992056,45.2047015],[-97.64084227,45.16982141],[-97.62822337,45.13134627],[-97.61319201,45.09287112],[-97.6114454,45.08888624],[-97.59620983,45.05439596],[-97.57733452,45.01592081],[-97.57297027,45.00766901],[-97.55679877,44.97744567],[-97.53507545,44.93897053],[-97.53449511,44.93800909],[-97.51132465,44.90049538],[-97.49601998,44.8764773],[-97.4866332,44.86202024],[-97.46082951,44.8235451],[-97.45754482,44.8187632],[-97.43394611,44.78506996],[-97.41906966,44.76429618],[-97.40610073,44.74659479],[-97.38059453,44.71229914],[-97.37740926,44.70811965],[-97.34787509,44.6696445],[-97.34211937,44.66218785],[-97.31756316,44.63116936],[-97.30364424,44.61363483],[-97.28654659,44.59269422],[-97.26516908,44.56644111],[-97.25490091,44.55421907],[-97.22669395,44.52037071],[-97.22270724,44.51574393],[-97.18991972,44.47726879],[-97.18821879,44.47524996],[-97.15649638,44.43879362],[-97.14974366,44.43091236],[-97.12257458,44.40031848],[-97.1112685,44.38734819],[-97.08816424,44.36184333],[-97.07279337,44.34447432],[-97.05332612,44.32336819],[-97.03431821,44.30219713],[-97.01807393,44.28489305],[-96.99584308,44.26047058],[-96.98244081,44.24641791],[-96.95736792,44.21923518],[-96.94642949,44.20794276],[-96.91889276,44.19832128],[-96.91889276,44.1982624],[-96.95736792,44.19826615],[-96.98617415,44.16946762],[-96.99584308,44.15979869],[-97.03431821,44.159803],[-97.06313689,44.13099245],[-97.07279337,44.12133599],[-97.1112685,44.12134061],[-97.14010007,44.09251731],[-97.14974366,44.08287373],[-97.18821879,44.08287844],[-97.22669395,44.08288313],[-97.25554286,44.05404217],[-97.26516908,44.04441595],[-97.30364424,44.0444205],[-97.3286662,44.05404217],[-97.34211937,44.07333768],[-97.35549177,44.09251731],[-97.38059453,44.12845373],[-97.38237025,44.13099245],[-97.40953609,44.16946762],[-97.41906966,44.18292285],[-97.43682026,44.20794276],[-97.45754482,44.23715401],[-97.46412582,44.24641791],[-97.4914821,44.28489305],[-97.49601998,44.29124602],[-97.51902236,44.32336819],[-97.53449511,44.34512911],[-97.54642485,44.36184333],[-97.57297027,44.39930268],[-97.57369286,44.40031848],[-97.60116825,44.43879362],[-97.6114454,44.4533258],[-97.62848335,44.47726879],[-97.64992056,44.50782277],[-97.65552019,44.51574393],[-97.68250245,44.55421907],[-97.68839569,44.56272119],[-97.7094288,44.59269422],[-97.72687084,44.61795072],[-97.73617215,44.63116936],[-97.76282405,44.6696445],[-97.76534597,44.67331896],[-97.78971049,44.70811965],[-97.80382113,44.7287548],[-97.81627035,44.74659479],[-97.84229626,44.78395978],[-97.84307655,44.78506996],[-97.86903632,44.8235451],[-97.88077142,44.84106857],[-97.89534541,44.86202024],[-97.91924658,44.89740005],[-97.92145563,44.90049538],[-97.94831663,44.93897053],[-97.95772171,44.95291198],[-97.97571049,44.97744567],[-97.99619687,45.00591792],[-98.00430909,45.01592081],[-98.034672,45.05296707],[-98.03613152,45.05439596],[-98.07314716,45.08809359],[-98.07966541,45.09287112],[-98.11162229,45.11893481],[-98.12334724,45.13134627],[-98.14365738,45.16982141],[-98.14793656,45.20829655],[-98.14696146,45.2467717],[-98.14333249,45.28524684],[-98.13875014,45.32372198],[-98.13466256,45.36219712],[-98.130713,45.40067229],[-98.12815894,45.43914743],[-98.12896765,45.47762258],[-98.1326496,45.51609772],[-98.13692991,45.55457286],[-98.14180189,45.59304801],[-98.14740385,45.63152315],[-98.15009745,45.64815424],[-98.15329537,45.66999829],[-98.15959873,45.70847344],[-98.16715757,45.7469486],[-98.17632822,45.78542375],[-98.18761193,45.82389889],[-98.18857258,45.82688798],[-98.20011975,45.86237403],[-98.21607688,45.90084917],[-98.22704774,45.92196472],[-98.23760595,45.93932432],[-98.26552287,45.97383865],[-98.27114043,45.97779946],[-98.30399803,45.99686943],[-98.34247316,46.00413406],[-98.38094832,46.00390966],[-98.41942348,46.00160263],[-98.45789861,45.99760077],[-98.49637377,45.98962654],[-98.53334323,45.97779946],[-98.5348489,45.97738025],[-98.57332406,45.9670679],[-98.61179919,45.95646021],[-98.65027435,45.94553112],[-98.67145798,45.93932432],[-98.68874948,45.93480495],[-98.72722464,45.92559822],[-98.76569977,45.91687574],[-98.80417493,45.90822066],[-98.83542019,45.90084917],[-98.84265009,45.8993147],[-98.88112522,45.89050835],[-98.91960038,45.88002978],[-98.95807551,45.86747492],[-98.97166189,45.86237403],[-98.99655067,45.85365745],[-99.0350258,45.83749707],[-99.0618412,45.82389889],[-99.07350096,45.81814961],[-99.11197609,45.79588711],[-99.1275444,45.78542375],[-99.15045124,45.76961278],[-99.17898354,45.7469486],[-99.18892637,45.73826963],[-99.2195888,45.70847344],[-99.22740153,45.69901014],[-99.25174241,45.66999829],[-99.26587669,45.64820092],[-99.28046099,45.63152315],[-99.30342011,45.59304801],[-99.30435182,45.58704681],[-99.3221275,45.55457286],[-99.30435182,45.54195543],[-99.29274629,45.51609772],[-99.26587669,45.48503842],[-99.26266515,45.47762258],[-99.25028327,45.43914743],[-99.25330547,45.40067229],[-99.22740153,45.3698149],[-99.22281883,45.36219712],[-99.18892637,45.3276111],[-99.18581075,45.32372198],[-99.15045124,45.28989475],[-99.14608279,45.28524684],[-99.11197609,45.25331994],[-99.10496721,45.2467717],[-99.07350096,45.2173733],[-99.0350258,45.21025396],[-99.00979971,45.20829655],[-98.99655067,45.20658782],[-98.95807551,45.19638625],[-98.91960038,45.18176105],[-98.89620173,45.16982141],[-98.88112522,45.15817574],[-98.84943589,45.13134627],[-98.84265009,45.12309304],[-98.81667403,45.09287112],[-98.80417493,45.06769675],[-98.79706877,45.05439596],[-98.78701526,45.01592081],[-98.78489114,44.97744567],[-98.78945821,44.93897053],[-98.7998221,44.90049538],[-98.80417493,44.88947435],[-98.81511,44.86202024],[-98.83475788,44.8235451],[-98.84265009,44.81048607],[-98.8584043,44.78506996],[-98.88112522,44.75277106],[-98.88566218,44.74659479],[-98.91643436,44.70811965],[-98.91960038,44.70439626],[-98.95115228,44.6696445],[-98.95807551,44.66227864],[-98.99116581,44.63116936],[-98.99655067,44.62600851],[-99.03419983,44.59269422],[-99.0350258,44.59193816],[-99.07350096,44.55974074],[-99.08043175,44.55421907],[-99.11197609,44.52690801],[-99.12489506,44.51574393],[-99.15045124,44.49147485],[-99.16529823,44.47726879],[-99.18892637,44.45304872],[-99.20301857,44.43879362],[-99.22740153,44.41408112],[-99.24177467,44.40031848],[-99.26587669,44.37793173],[-99.28431292,44.36184333],[-99.30435182,44.34507852],[-99.33267116,44.32336819],[-99.34282698,44.31563816],[-99.38130211,44.29164257],[-99.39524431,44.28489305],[-99.41977727,44.27318203],[-99.4582524,44.26263742],[-99.49672756,44.25736921],[-99.53520269,44.2608711],[-99.57367785,44.28279179],[-99.5751565,44.28489305],[-99.59477881,44.32336819],[-99.60482178,44.36184333],[-99.60729257,44.40031848],[-99.60080617,44.43879362],[-99.58935931,44.47726879],[-99.5793556,44.51574393],[-99.57635724,44.55421907],[-99.57367785,44.56345977],[-99.56308321,44.59269422],[-99.54581953,44.63116936],[-99.53520269,44.65339736],[-99.52604399,44.6696445],[-99.50497477,44.70811965],[-99.49672756,44.72331631],[-99.48292226,44.74659479],[-99.46228485,44.78506996],[-99.4582524,44.79262744],[-99.44078481,44.8235451],[-99.42176745,44.86202024],[-99.41977727,44.86605327],[-99.4018443,44.90049538],[-99.38455039,44.93897053],[-99.38130211,44.94652086],[-99.36715838,44.97744567],[-99.35214863,45.01592081],[-99.34282698,45.04432361],[-99.33924119,45.05439596],[-99.32770323,45.09287112],[-99.31942777,45.13134627],[-99.31420616,45.16982141],[-99.31150395,45.20829655],[-99.3109255,45.2467717],[-99.31301728,45.28524684],[-99.31900264,45.32372198],[-99.33283137,45.36219712],[-99.34282698,45.37764055],[-99.35193653,45.40067229],[-99.38130211,45.43715164],[-99.38323015,45.43914743],[-99.38185752,45.47762258],[-99.38130211,45.48127082],[-99.36348611,45.51609772],[-99.35912436,45.55457286],[-99.38130211,45.56686184],[-99.41432454,45.59304801],[-99.41977727,45.59493372],[-99.4582524,45.6129062],[-99.49672756,45.62778102],[-99.50724894,45.63152315],[-99.53520269,45.64037346],[-99.57367785,45.65090405],[-99.61215298,45.65915716],[-99.65062814,45.66549366],[-99.68553576,45.66999829],[-99.68910327,45.67055036],[-99.72757843,45.67658843],[-99.76605359,45.68243011],[-99.80452872,45.68843268],[-99.84300388,45.69437413],[-99.88147901,45.69927014],[-99.91995417,45.70236179],[-99.9584293,45.70372207],[-99.99690446,45.6968048],[-100.03537959,45.68491458],[-100.07385475,45.67619687],[-100.11232988,45.67179735],[-100.15080504,45.67236683],[-100.1892802,45.67825867],[-100.22775533,45.68940007],[-100.26623049,45.70605745],[-100.27049528,45.70847344],[-100.30470562,45.73291549],[-100.32111264,45.7469486],[-100.34318078,45.7700183],[-100.35668427,45.78542375],[-100.38165591,45.81948226],[-100.38471578,45.82389889],[-100.40692376,45.86237403],[-100.42013107,45.89033327],[-100.42490918,45.90084917],[-100.43751542,45.93932432],[-100.44651392,45.97779946],[-100.45503203,46.0162746],[-100.4586062,46.03433552],[-100.46248055,46.05474977],[-100.46747139,46.09322491],[-100.46992405,46.13170006]],[[-98.54276183,47.13205385],[-98.5415859,47.17052899],[-98.53699654,47.20900413],[-98.5348489,47.21895421],[-98.52853674,47.24747928],[-98.51548838,47.28595444],[-98.49688029,47.32442959],[-98.49637377,47.32526102],[-98.47183854,47.36290473],[-98.45789861,47.3803898],[-98.43938256,47.40137987],[-98.41942348,47.42277608],[-98.40281834,47.43985501],[-98.38094832,47.46337132],[-98.36619899,47.47833016],[-98.34247316,47.50056137],[-98.32214831,47.5168053],[-98.30399803,47.52883337],[-98.26552287,47.54636345],[-98.23842891,47.55528044],[-98.22704774,47.55917832],[-98.18857258,47.56923305],[-98.15009745,47.57790771],[-98.11162229,47.58911936],[-98.10408235,47.59375561],[-98.07314716,47.61313251],[-98.05449958,47.63223075],[-98.034672,47.65332592],[-98.01866278,47.6707059],[-97.99619687,47.69181737],[-97.97505118,47.70918104],[-97.95772171,47.72186898],[-97.91924658,47.747008],[-97.91818895,47.74765618],[-97.88077142,47.77462688],[-97.86195227,47.78613133],[-97.84229626,47.80036886],[-97.80530026,47.82460647],[-97.80382113,47.82571719],[-97.76534597,47.85258931],[-97.74838725,47.86308161],[-97.72687084,47.87817626],[-97.69142887,47.90155678],[-97.68839569,47.90368856],[-97.64992056,47.92919278],[-97.63350441,47.94003192],[-97.6114454,47.95501455],[-97.58052837,47.97850706],[-97.57297027,47.984179],[-97.53449511,48.01185967],[-97.52718386,48.01698221],[-97.49601998,48.03534684],[-97.47303628,48.05545735],[-97.45754482,48.06764164],[-97.43613413,48.09393249],[-97.41906966,48.11234488],[-97.40533955,48.13240764],[-97.38059453,48.16441202],[-97.37598733,48.17088278],[-97.34477221,48.20935795],[-97.34211937,48.21242429],[-97.3087088,48.24783309],[-97.30364424,48.25305217],[-97.26516908,48.2859207],[-97.26334152,48.28630823],[-97.22669395,48.29316179],[-97.21167595,48.28630823],[-97.18821879,48.27549555],[-97.14974366,48.26051824],[-97.11763738,48.24783309],[-97.1112685,48.24518157],[-97.07279337,48.22693046],[-97.04635262,48.20935795],[-97.03431821,48.19975561],[-97.00652638,48.17088278],[-96.99584308,48.15578263],[-96.97911273,48.13240764],[-96.96038082,48.09393249],[-96.95736792,48.08509374],[-96.9458362,48.05545735],[-96.93605922,48.01698221],[-96.93011325,47.97850706],[-96.92711807,47.94003192],[-96.9260393,47.90155678],[-96.92560745,47.86308161],[-96.92489584,47.82460647],[-96.923764,47.78613133],[-96.95600362,47.74765618],[-96.95736792,47.74688079],[-96.99584308,47.73072906],[-97.03431821,47.72405663],[-97.07279337,47.72673704],[-97.1112685,47.73630554],[-97.14208671,47.74765618],[-97.14974366,47.75042118],[-97.18821879,47.76720525],[-97.22669395,47.78455381],[-97.23032092,47.78613133],[-97.26516908,47.80154905],[-97.30364424,47.8155013],[-97.33573992,47.82460647],[-97.34211937,47.82704382],[-97.38059453,47.83443499],[-97.41906966,47.83014356],[-97.42695445,47.82460647],[-97.45754482,47.79395108],[-97.46095042,47.78613133],[-97.47662039,47.74765618],[-97.48863688,47.70918104],[-97.49601998,47.68179589],[-97.4984058,47.6707059],[-97.50724488,47.63223075],[-97.51614071,47.59375561],[-97.52584949,47.55528044],[-97.53449511,47.52316992],[-97.53623504,47.5168053],[-97.54595592,47.47833016],[-97.55242334,47.43985501],[-97.53575462,47.40137987],[-97.53449511,47.40043303],[-97.49601998,47.37948776],[-97.4609614,47.36290473],[-97.45754482,47.36075403],[-97.41906966,47.33695358],[-97.39840997,47.32442959],[-97.38059453,47.309557],[-97.35130356,47.28595444],[-97.34211937,47.27383813],[-97.32143649,47.24747928],[-97.30364424,47.21275749],[-97.30164429,47.20900413],[-97.28939075,47.17052899],[-97.28297493,47.13205385],[-97.28292804,47.0935787],[-97.28761532,47.05510356],[-97.2950265,47.01662842],[-97.30364424,46.98228324],[-97.30482055,46.97815327],[-97.31747736,46.93967811],[-97.33289162,46.90120296],[-97.34211937,46.8814081],[-97.35194285,46.86272782],[-97.37543913,46.82425268],[-97.38059453,46.8167093],[-97.4047334,46.78577754],[-97.41906966,46.7688032],[-97.43990374,46.74730239],[-97.45754482,46.73031962],[-97.48337459,46.70882725],[-97.49601998,46.69889779],[-97.53449511,46.67260154],[-97.53821947,46.67035211],[-97.57297027,46.64977028],[-97.60796412,46.63187694],[-97.6114454,46.63007947],[-97.64992056,46.61200663],[-97.68839569,46.5965289],[-97.69699497,46.5934018],[-97.72687084,46.58203733],[-97.76534597,46.56919816],[-97.80382113,46.55801671],[-97.81525375,46.55492665],[-97.84229626,46.54711047],[-97.88077142,46.53670432],[-97.91924658,46.5271372],[-97.95772171,46.51823632],[-97.96579096,46.51645151],[-97.99619687,46.50910353],[-98.034672,46.50135229],[-98.07314716,46.49586408],[-98.11162229,46.49337537],[-98.15009745,46.49491996],[-98.18857258,46.50223045],[-98.2225425,46.51645151],[-98.22704774,46.51802793],[-98.26552287,46.54229441],[-98.27828126,46.55492665],[-98.30399803,46.57845127],[-98.31602049,46.5934018],[-98.34247316,46.62532469],[-98.34682634,46.63187694],[-98.37224431,46.67035211],[-98.38094832,46.68383255],[-98.39627987,46.70882725],[-98.41900302,46.74730239],[-98.41942348,46.74799477],[-98.44226743,46.78577754],[-98.45789861,46.81347674],[-98.46367267,46.82425268],[-98.48164428,46.86272782],[-98.49637377,46.89960881],[-98.49701192,46.90120296],[-98.51008233,46.93967811],[-98.52098149,46.97815327],[-98.52979464,47.01662842],[-98.5348489,47.04605123],[-98.53649541,47.05510356],[-98.54095043,47.0935787],[-98.54276183,47.13205385]]]}},
{"type":"Feature","properties":{"Lower":34.0},"geometry":{"type":"Polygon","coordinates":[[[-114.24233294,42.93826295],[-114.23270849,42.95506183],[-114.19423333,42.94142773],[-114.18552063,42.93826295],[-114.15575817,42.92884108],[-114.11728304,42.91583981],[-114.07880788,42.9017338],[-114.0736775,42.89978778],[-114.04033275,42.88904377],[-114.00185759,42.87563058],[-113.96439827,42.86131264],[-113.96338246,42.86099041],[-113.9249073,42.84853493],[-113.88643217,42.83491899],[-113.85516189,42.82283749],[-113.84795701,42.82045865],[-113.80948188,42.80777457],[-113.77100672,42.79476949],[-113.7413264,42.78436235],[-113.73253156,42.78138031],[-113.69405643,42.768491],[-113.65558127,42.75565513],[-113.62632842,42.74588721],[-113.61710614,42.74276418],[-113.57863098,42.72989275],[-113.54015585,42.71709095],[-113.51224007,42.70741207],[-113.50168069,42.70326132],[-113.46320556,42.68586688],[-113.4314063,42.66893692],[-113.4247304,42.66435661],[-113.38625527,42.63289813],[-113.38379072,42.63046178],[-113.36232249,42.59198661],[-113.35533027,42.55351147],[-113.34778011,42.51987807],[-113.34649787,42.51503633],[-113.33414638,42.47656118],[-113.32023275,42.43808604],[-113.30930498,42.40933562],[-113.30524955,42.3996109],[-113.28937469,42.36113575],[-113.27387278,42.32266061],[-113.27082982,42.31480914],[-113.25821322,42.28418544],[-113.24327843,42.2457103],[-113.23235466,42.21572713],[-113.22908755,42.20723516],[-113.21538061,42.16876002],[-113.20277731,42.13028487],[-113.19387953,42.10053791],[-113.19113454,42.09180973],[-113.18011399,42.05333459],[-113.17025907,42.01485944],[-113.16148186,41.97638428],[-113.15540437,41.94592266],[-113.15372419,41.93790913],[-113.15540437,41.92829007],[-113.19387953,41.9282828],[-113.23235466,41.92827526],[-113.26118694,41.89943399],[-113.27082982,41.88979109],[-113.30930498,41.88978343],[-113.34778011,41.88977582],[-113.38625527,41.88976832],[-113.4247304,41.88976105],[-113.46320556,41.8897541],[-113.46320556,41.88981288],[-113.45038525,41.89943399],[-113.45624866,41.93790913],[-113.4622782,41.97638428],[-113.46320556,41.98203597],[-113.46867622,42.01485944],[-113.4751781,42.05333459],[-113.48173818,42.09180973],[-113.48834962,42.13028487],[-113.49493033,42.16876002],[-113.50119425,42.20723516],[-113.50168069,42.20992095],[-113.50801966,42.2457103],[-113.51427528,42.28418544],[-113.52008074,42.32266061],[-113.52561412,42.36113575],[-113.53111854,42.3996109],[-113.53668414,42.43808604],[-113.54015585,42.46193174],[-113.54248763,42.47656118],[-113.5492307,42.51503633],[-113.57346008,42.55351147],[-113.57863098,42.55822572],[-113.61710614,42.58797781],[-113.62327269,42.59198661],[-113.65558127,42.60750202],[-113.69405643,42.62286772],[-113.71343258,42.63046178],[-113.73253156,42.63725343],[-113.77100672,42.65122131],[-113.80948188,42.66590968],[-113.81749886,42.66893692],[-113.84795701,42.67932812],[-113.88643217,42.69247483],[-113.9249073,42.70590646],[-113.92928535,42.70741207],[-113.96338246,42.71794866],[-114.00185759,42.73015009],[-114.04033275,42.7430317],[-114.04873048,42.74588721],[-114.07880788,42.75500641],[-114.11728304,42.76721399],[-114.15575817,42.78034952],[-114.16708394,42.78436235],[-114.19423333,42.79289127],[-114.23270849,42.80564888],[-114.27118362,42.81952458],[-114.28081316,42.78436235],[-114.28087194,42.78436235],[-114.28086017,42.82283749],[-114.28084604,42.86131264],[-114.27118362,42.87097508],[-114.24234887,42.89978778],[-114.24233294,42.93826295]]]}},
{"type":"Feature","properties":{"Lower":34.0},"geometry":{"type":"Polygon","coordinates":[[[-98.82006421,49.20971174],[-98.80417493,49.21933176],[-98.76569977,49.21933474],[-98.72722464,49.21933767],[-98.68874948,49.21934057],[-98.65027435,49.21934343],[-98.61179919,49.21934625],[-98.57332406,49.21934901],[-98.5348489,49.2193517],[-98.49637377,49.21935435],[-98.45789861,49.21935693],[-98.41942348,49.21935946],[-98.38094832,49.2193619],[-98.34247316,49.21936426],[-98.30399803,49.21936654],[-98.26552287,49.21936874],[-98.22704774,49.21937082],[-98.18857258,49.21937284],[-98.15009745,49.21937471],[-98.11162229,49.2193765],[-98.07314716,49.21937814],[-98.034672,49.21937961],[-97.99619687,49.21938092],[-97.95772171,49.21938212],[-97.91924658,49.21938313],[-97.88077142,49.21938399],[-97.84229626,49.21938472],[-97.80382113,49.21938526],[-97.76534597,49.21938561],[-97.72687084,49.21938573],[-97.68839569,49.21938552],[-97.64992056,49.21938477],[-97.6114454,49.21938313],[-97.57297027,49.2193794],[-97.53449511,49.21937336],[-97.49601998,49.21936586],[-97.45754482,49.21935754],[-97.41906966,49.21934903],[-97.38059453,49.21934088],[-97.34211937,49.2193335],[-97.32424164,49.20971174],[-97.32894052,49.17123659],[-97.33442381,49.13276145],[-97.34066312,49.09428628],[-97.34211937,49.08631381],[-97.34687923,49.05581114],[-97.35343463,49.017336],[-97.36054176,48.97886086],[-97.36814846,48.94038571],[-97.37623608,48.90191057],[-97.38059453,48.88210151],[-97.3840741,48.86343543],[-97.39129195,48.82496028],[-97.398251,48.78648512],[-97.40446991,48.74800997],[-97.40951249,48.70953483],[-97.41294593,48.67105969],[-97.41526232,48.63258454],[-97.41845073,48.5941094],[-97.41906966,48.58895092],[-97.42264447,48.55563426],[-97.42795001,48.51715911],[-97.43565104,48.47868395],[-97.44741028,48.44020881],[-97.45754482,48.41729359],[-97.46512403,48.40173366],[-97.49156807,48.36325852],[-97.49601998,48.35809713],[-97.52940915,48.32478338],[-97.53449511,48.3203399],[-97.57297027,48.29001029],[-97.5780194,48.28630823],[-97.6114454,48.26345246],[-97.63543981,48.24783309],[-97.64992056,48.23878465],[-97.68839569,48.21549511],[-97.69902568,48.20935795],[-97.72687084,48.19331857],[-97.76534597,48.17434141],[-97.77461888,48.17088278],[-97.80382113,48.15941503],[-97.84229626,48.14968405],[-97.88077142,48.1425731],[-97.91525231,48.13240764],[-97.91924658,48.13125432],[-97.95772171,48.11654538],[-97.99619687,48.10392949],[-98.034672,48.09581729],[-98.05680737,48.09393249],[-98.07314716,48.0925253],[-98.11162229,48.09292968],[-98.12282338,48.09393249],[-98.15009745,48.09708249],[-98.18857258,48.10445753],[-98.22704774,48.11453494],[-98.26552287,48.12726284],[-98.27912829,48.13240764],[-98.30399803,48.14352521],[-98.34247316,48.16324083],[-98.35591749,48.17088278],[-98.38094832,48.18727892],[-98.41141851,48.20935795],[-98.41942348,48.21599235],[-98.45545127,48.24783309],[-98.45789861,48.2502719],[-98.49227527,48.28630823],[-98.49637377,48.29111869],[-98.52396666,48.32478338],[-98.5348489,48.33960606],[-98.55162896,48.36325852],[-98.57332406,48.3973647],[-98.5760207,48.40173366],[-98.59802396,48.44020881],[-98.61179919,48.46678138],[-98.61783308,48.47868395],[-98.63603772,48.51715911],[-98.65027435,48.5502308],[-98.65254582,48.55563426],[-98.66791219,48.5941094],[-98.68206281,48.63258454],[-98.68874948,48.65179093],[-98.69531191,48.67105969],[-98.70763359,48.70953483],[-98.71924596,48.74800997],[-98.72722464,48.77596807],[-98.73016454,48.78648512],[-98.74041723,48.82496028],[-98.75019279,48.86343543],[-98.75942237,48.90191057],[-98.76569977,48.92927327],[-98.76820573,48.94038571],[-98.77663802,48.97886086],[-98.7846278,49.017336],[-98.79231806,49.05581114],[-98.79969574,49.09428628],[-98.80417493,49.11854866],[-98.80675171,49.13276145],[-98.81355556,49.17123659],[-98.82006421,49.20971174]]]}},
{"type":"Feature","properties":{"Lower":34.0},"geometry":{"type":"Polygon","coordinates":[[[-96.473658,47.05510356],[-96.47326603,47.0935787],[-96.47076163,47.13205385],[-96.46585698,47.17052899],[-96.45817513,47.20900413],[-96.45719102,47.21264434],[-96.44743112,47.24747928],[-96.43372733,47.28595444],[-96.41871586,47.32055181],[-96.41696166,47.32442959],[-96.39716246,47.36290473],[-96.38024073,47.3923296],[-96.37482029,47.40137987],[-96.34947217,47.43985501],[-96.34176557,47.45041323],[-96.32071775,47.47833016],[-96.30329044,47.50043892],[-96.29020229,47.5168053],[-96.26481529,47.54943903],[-96.2602445,47.55528044],[-96.23479887,47.59375561],[-96.22634016,47.60830569],[-96.21220099,47.63223075],[-96.19178389,47.6707059],[-96.187865,47.67884253],[-96.17272002,47.70918104],[-96.15456357,47.74765618],[-96.14938987,47.75920143],[-96.13697391,47.78613133],[-96.11951338,47.82460647],[-96.11091471,47.84349027],[-96.10175333,47.86308161],[-96.083578,47.90155678],[-96.07243955,47.92446853],[-96.06468706,47.94003192],[-96.0450893,47.97850706],[-96.03396442,47.99952975],[-96.02450806,48.01698221],[-96.00291865,48.05545735],[-95.99548926,48.06823012],[-95.98025981,48.09393249],[-95.95701413,48.13023735],[-95.95562445,48.13240764],[-95.93127657,48.17088278],[-95.91853897,48.18958352],[-95.88006384,48.1805052],[-95.87044141,48.17088278],[-95.84158868,48.14203472],[-95.83196163,48.13240764],[-95.80311355,48.10356419],[-95.76463839,48.10356686],[-95.75500401,48.09393249],[-95.72616326,48.06509615],[-95.71652447,48.05545735],[-95.6876881,48.02662506],[-95.67804525,48.01698221],[-95.64921297,47.98815359],[-95.63956641,47.97850706],[-95.61073781,47.94968171],[-95.60108801,47.94003192],[-95.57226265,47.91120933],[-95.56261012,47.90155678],[-95.53378752,47.87273644],[-95.52413269,47.86308161],[-95.49531236,47.83426303],[-95.45683723,47.83426368],[-95.44718002,47.82460647],[-95.4471796,47.78613133],[-95.41836207,47.75731438],[-95.40870388,47.74765618],[-95.37988694,47.71883947],[-95.37022849,47.70918104],[-95.34141178,47.68036438],[-95.3317533,47.6707059],[-95.3317533,47.63223075],[-95.30293665,47.60341409],[-95.29327817,47.59375561],[-95.2932782,47.55528044],[-95.29327826,47.5168053],[-95.26446149,47.48798838],[-95.25480328,47.47833016],[-95.25480348,47.43985501],[-95.25480378,47.40137987],[-95.25480422,47.36290473],[-95.25480475,47.32442959],[-95.25480548,47.28595444],[-95.22598636,47.25713431],[-95.21633133,47.24747928],[-95.21633241,47.20900413],[-95.21633374,47.17052899],[-95.21633527,47.13205385],[-95.21633704,47.0935787],[-95.21633901,47.05510356],[-95.1875112,47.02627328],[-95.17786635,47.01662842],[-95.17786876,46.97815327],[-95.17787138,46.93967811],[-95.17787415,46.90120296],[-95.17787706,46.86272782],[-95.17788007,46.82425268],[-95.14903604,46.79540506],[-95.13940853,46.78577754],[-95.13941165,46.74730239],[-95.13941474,46.70882725],[-95.14903604,46.67658126],[-95.18316773,46.67035211],[-95.1875112,46.66954211],[-95.22598636,46.66223398],[-95.26446149,46.65524413],[-95.30293665,46.64882536],[-95.34141178,46.64299093],[-95.37988694,46.63774704],[-95.41836207,46.6332335],[-95.43243599,46.63187694],[-95.45683723,46.62953776],[-95.49531236,46.62656121],[-95.53378752,46.62435151],[-95.57226265,46.62288616],[-95.61073781,46.62211368],[-95.64921297,46.62198724],[-95.6876881,46.62247611],[-95.72616326,46.62356138],[-95.76463839,46.62515429],[-95.80311355,46.62720601],[-95.84158868,46.62977934],[-95.86758224,46.63187694],[-95.88006384,46.63288065],[-95.91853897,46.63664443],[-95.95701413,46.64128149],[-95.99548926,46.64700385],[-96.03396442,46.65408779],[-96.07243955,46.66094123],[-96.11091471,46.66682747],[-96.13722265,46.67035211],[-96.14938987,46.67229124],[-96.187865,46.67773488],[-96.22634016,46.6826946],[-96.26481529,46.6874663],[-96.30329044,46.69294439],[-96.34176557,46.70108564],[-96.36287851,46.70882725],[-96.38024073,46.7182109],[-96.40835701,46.74730239],[-96.41871586,46.76371206],[-96.42808943,46.78577754],[-96.4409279,46.82425268],[-96.45082274,46.86272782],[-96.45719102,46.89323323],[-96.45860851,46.90120296],[-96.46448444,46.93967811],[-96.46905652,46.97815327],[-96.47216825,47.01662842],[-96.473658,47.05510356]]]}},
{"type":"Feature","properties":{"Lower":34.0},"geometry":{"type":"Polygon","coordinates":[[[-97.67004779,45.36219712],[-97.6680044,45.40067229],[-97.66317269,45.43914743],[-97.65710745,45.47762258],[-97.65154237,45.51609772],[-97.64992056,45.53302187],[-97.6479197,45.55457286],[-97.6466532,45.59304801],[-97.64244992,45.63152315],[-97.63423866,45.66999829],[-97.62192719,45.70847344],[-97.6114454,45.73292437],[-97.60564253,45.7469486],[-97.5856201,45.78542375],[-97.57297027,45.80590819],[-97.5620518,45.82389889],[-97.53599842,45.86237403],[-97.53449511,45.86445218],[-97.50803308,45.90084917],[-97.49601998,45.91605109],[-97.47724936,45.93932432],[-97.45754482,45.9620138],[-97.44329674,45.97779946],[-97.41906966,46.00299502],[-97.4055256,46.0162746],[-97.38059453,46.03950952],[-97.36280917,46.05474977],[-97.34211937,46.07178643],[-97.31288956,46.09322491],[-97.30364424,46.09983746],[-97.26516908,46.12422606],[-97.25145313,46.13170006],[-97.22669395,46.1451005],[-97.18821879,46.16227726],[-97.16610815,46.1701752],[-97.14974366,46.1761408],[-97.1112685,46.18701738],[-97.07279337,46.1944888],[-97.03431821,46.19878541],[-96.99584308,46.20003254],[-96.95736792,46.19827761],[-96.91889276,46.19334013],[-96.88041763,46.18483534],[-96.84194247,46.17200041],[-96.83814573,46.1701752],[-96.80346734,46.15558911],[-96.76499218,46.13472523],[-96.75968532,46.13170006],[-96.72651705,46.11713505],[-96.68804189,46.09713708],[-96.68262157,46.09322491],[-96.64956676,46.07148248],[-96.63088056,46.05474977],[-96.6110916,46.03769612],[-96.58957131,46.0162746],[-96.57261647,46.00020819],[-96.53589213,45.97779946],[-96.53414131,45.97669847],[-96.49588317,45.93932432],[-96.49566615,45.93909788],[-96.4655539,45.90084917],[-96.45719102,45.88980921],[-96.43814815,45.86237403],[-96.41871586,45.83371925],[-96.41231373,45.82389889],[-96.38782315,45.78542375],[-96.38024073,45.77316753],[-96.36431998,45.7469486],[-96.34222477,45.70847344],[-96.34176557,45.70761341],[-96.32086165,45.66999829],[-96.30329044,45.63467856],[-96.30156673,45.63152315],[-96.28394561,45.59304801],[-96.26990239,45.55457286],[-96.26481529,45.53605794],[-96.25878669,45.51609772],[-96.2508835,45.47762258],[-96.24378518,45.43914743],[-96.23869651,45.40067229],[-96.23502462,45.36219712],[-96.23201708,45.32372198],[-96.22960957,45.28524684],[-96.22830931,45.2467717],[-96.22763961,45.20829655],[-96.22727287,45.16982141],[-96.22705795,45.13134627],[-96.22701044,45.09287112],[-96.22704647,45.05439596],[-96.22708285,45.01592081],[-96.22706866,44.97744567],[-96.22696953,44.93897053],[-96.22674522,44.90049538],[-96.22667287,44.86202024],[-96.22634016,44.84581017],[-96.22586542,44.8235451],[-96.22517886,44.78506996],[-96.2243994,44.74659479],[-96.22342294,44.70811965],[-96.22233064,44.6696445],[-96.22105037,44.63116936],[-96.21959288,44.59269422],[-96.21794057,44.55421907],[-96.21671994,44.51574393],[-96.22634016,44.50612372],[-96.26481529,44.50611854],[-96.2936604,44.47726879],[-96.30329044,44.46763873],[-96.34176557,44.46763437],[-96.37060306,44.43879362],[-96.38024073,44.42915595],[-96.41871586,44.42915255],[-96.45719102,44.42914955],[-96.48602098,44.40031848],[-96.49566615,44.39067331],[-96.53414131,44.39067143],[-96.56296994,44.36184333],[-96.57261647,44.35219681],[-96.6110916,44.3521961],[-96.6399217,44.32336819],[-96.64956676,44.31372314],[-96.68804189,44.31372363],[-96.71687623,44.28489305],[-96.72651705,44.27525224],[-96.76499218,44.27525385],[-96.80346734,44.27525589],[-96.83231113,44.24641791],[-96.84194247,44.23678654],[-96.88041763,44.23678954],[-96.90927131,44.20794276],[-96.91889276,44.19832128],[-96.94642949,44.20794276],[-96.95736792,44.21923518],[-96.98244081,44.24641791],[-96.99584308,44.26047058],[-97.01807393,44.28489305],[-97.03431821,44.30219713],[-97.05332612,44.32336819],[-97.07279337,44.34447432],[-97.08816424,44.36184333],[-97.1112685,44.38734819],[-97.12257458,44.40031848],[-97.14974366,44.43091236],[-97.15649638,44.43879362],[-97.18821879,44.47524996],[-97.18991972,44.47726879],[-97.22270724,44.51574393],[-97.22669395,44.52037071],[-97.25490091,44.55421907],[-97.26516908,44.56644111],[-97.28654659,44.59269422],[-97.30364424,44.61363483],[-97.31756316,44.63116936],[-97.34211937,44.66218785],[-97.34787509,44.6696445],[-97.37740926,44.70811965],[-97.38059453,44.71229914],[-97.40610073,44.74659479],[-97.41906966,44.76429618],[-97.43394611,44.78506996],[-97.45754482,44.8187632],[-97.46082951,44.8235451],[-97.4866332,44.86202024],[-97.49601998,44.8764773],[-97.51132465,44.90049538],[-97.53449511,44.93800909],[-97.53507545,44.93897053],[-97.55679877,44.97744567],[-97.57297027,45.00766901],[-97.57733452,45.01592081],[-97.59620983,45.05439596],[-97.6114454,45.08888624],[-97.61319201,45.09287112],[-97.62822337,45.13134627],[-97.64084227,45.16982141],[-97.64992056,45.2047015],[-97.65085545,45.20829655],[-97.65868482,45.2467717],[-97.66467862,45.28524684],[-97.66866336,45.32372198],[-97.67004779,45.36219712]],[[-97.4240697,45.47762258],[-97.41999914,45.51609772],[-97.41906966,45.51987488],[-97.41056606,45.55457286],[-97.4000717,45.59304801],[-97.39059982,45.63152315],[-97.38205402,45.66999829],[-97.38059453,45.67444812],[-97.36937222,45.70847344],[-97.35139089,45.7469486],[-97.34211937,45.76235946],[-97.32787948,45.78542375],[-97.30364424,45.81757959],[-97.29867486,45.82389889],[-97.26516908,45.86080474],[-97.26364245,45.86237403],[-97.22669395,45.89640153],[-97.22138194,45.90084917],[-97.18821879,45.92622555],[-97.16875834,45.93932432],[-97.14974366,45.95120069],[-97.1112685,45.97170925],[-97.09757478,45.97779946],[-97.07279337,45.98815198],[-97.03431821,46.00075015],[-96.99584308,46.00980356],[-96.95736792,46.0153788],[-96.94010986,46.0162746],[-96.91889276,46.01732646],[-96.89525067,46.0162746],[-96.88041763,46.01564229],[-96.84194247,46.01109203],[-96.80346734,46.00566034],[-96.76499218,46.00091621],[-96.72651705,45.99239308],[-96.68915321,45.97779946],[-96.68804189,45.97735825],[-96.64956676,45.95368076],[-96.63259953,45.93932432],[-96.6110916,45.92074892],[-96.5868239,45.90084917],[-96.57261647,45.88958998],[-96.53970607,45.86237403],[-96.53414131,45.85718052],[-96.50620755,45.82389889],[-96.49566615,45.81052621],[-96.47808338,45.78542375],[-96.45719102,45.75447408],[-96.45245353,45.7469486],[-96.42998342,45.70847344],[-96.41871586,45.6875146],[-96.4097335,45.66999829],[-96.39254761,45.63152315],[-96.38024073,45.59781758],[-96.37853339,45.59304801],[-96.36999411,45.55457286],[-96.3667144,45.51609772],[-96.36656023,45.47762258],[-96.36972029,45.43914743],[-96.37551107,45.40067229],[-96.38024073,45.37926158],[-96.3848429,45.36219712],[-96.3963624,45.32372198],[-96.40863966,45.28524684],[-96.41871586,45.25423885],[-96.42150139,45.2467717],[-96.43537598,45.20829655],[-96.44931268,45.16982141],[-96.45719102,45.14789157],[-96.46397547,45.13134627],[-96.47957113,45.09287112],[-96.49509294,45.05439596],[-96.49566615,45.05298977],[-96.51322841,45.01592081],[-96.53152865,44.97744567],[-96.53414131,44.97192883],[-96.55250966,44.93897053],[-96.57261647,44.9042602],[-96.57525404,44.90049538],[-96.6026912,44.86202024],[-96.6110916,44.85067138],[-96.63670171,44.8235451],[-96.64956676,44.81047126],[-96.68397048,44.78506996],[-96.68804189,44.7821923],[-96.72651705,44.76397067],[-96.76499218,44.75445461],[-96.80346734,44.75223816],[-96.84194247,44.7562274],[-96.88041763,44.76562755],[-96.91889276,44.77976088],[-96.92978097,44.78506996],[-96.95736792,44.79802935],[-96.99584308,44.82018764],[-97.00076103,44.8235451],[-97.03431821,44.84590197],[-97.05541313,44.86202024],[-97.07279337,44.87505518],[-97.10276923,44.90049538],[-97.1112685,44.90764289],[-97.14464172,44.93897053],[-97.14974366,44.94375973],[-97.18228364,44.97744567],[-97.18821879,44.98366274],[-97.21635658,45.01592081],[-97.22669395,45.02802745],[-97.247442,45.05439596],[-97.26516908,45.07780869],[-97.27576484,45.09287112],[-97.30139814,45.13134627],[-97.30364424,45.13493726],[-97.32397259,45.16982141],[-97.34211937,45.20339783],[-97.34460594,45.20829655],[-97.36362359,45.2467717],[-97.38059453,45.28323624],[-97.38147312,45.28524684],[-97.39637585,45.32372198],[-97.40845582,45.36219712],[-97.41745944,45.40067229],[-97.41906966,45.41151729],[-97.42286249,45.43914743],[-97.4240697,45.47762258]]]}},
{"type":"Feature","properties":{"Lower":36.0},"geometry":{"type":"Polygon","coordinates":[[[-114.35779165,42.28418544],[-114.35779165,42.32266061],[-114.35779165,42.36113575],[-114.35779165,42.3996109],[-114.35779165,42.43808604],[-114.35779165,42.47656118],[-114.35779165,42.51503633],[-114.35779156,42.55351147],[-114.35779109,42.59198661],[-114.35778986,42.63046178],[-114.34813391,42.6401177],[-114.31931119,42.66893692],[-114.31930678,42.70741207],[-114.31930045,42.74588721],[-114.30965878,42.75552889],[-114.28081316,42.78436235],[-114.27118362,42.81952458],[-114.23270849,42.80564888],[-114.19423333,42.79289127],[-114.16708394,42.78436235],[-114.15575817,42.78034952],[-114.11728304,42.76721399],[-114.07880788,42.75500641],[-114.04873048,42.74588721],[-114.04033275,42.7430317],[-114.00185759,42.73015009],[-113.96338246,42.71794866],[-113.92928535,42.70741207],[-113.9249073,42.70590646],[-113.88643217,42.69247483],[-113.84795701,42.67932812],[-113.81749886,42.66893692],[-113.80948188,42.66590968],[-113.77100672,42.65122131],[-113.73253156,42.63725343],[-113.71343258,42.63046178],[-113.69405643,42.62286772],[-113.65558127,42.60750202],[-113.62327269,42.59198661],[-113.61710614,42.58797781],[-113.57863098,42.55822572],[-113.57346008,42.55351147],[-113.5492307,42.51503633],[-113.54248763,42.47656118],[-113.54015585,42.46193174],[-113.53668414,42.43808604],[-113.53111854,42.3996109],[-113.52561412,42.36113575],[-113.52008074,42.32266061],[-113.51427528,42.28418544],[-113.50801966,42.2457103],[-113.50168069,42.20992095],[-113.50119425,42.20723516],[-113.49493033,42.16876002],[-113.48834962,42.13028487],[-113.48173818,42.09180973],[-113.4751781,42.05333459],[-113.46867622,42.01485944],[-113.46320556,41.98203597],[-113.4622782,41.97638428],[-113.45624866,41.93790913],[-113.45038525,41.89943399],[-113.46320556,41.88981288],[-113.50168069,41.88980623],[-113.54015585,41.8898],[-113.57863098,41.88979426],[-113.61710614,41.8897891],[-113.64593191,41.86095885],[-113.65558127,41.85130946],[-113.69405643,41.85130651],[-113.73253156,41.85130438],[-113.77100672,41.85130292],[-113.80948188,41.85130199],[-113.84795701,41.85130147],[-113.88643217,41.85130121],[-113.8960898,41.86095885],[-113.9249073,41.88977626],[-113.96338246,41.88977626],[-114.00185759,41.88977626],[-114.01151533,41.89943399],[-114.04033275,41.9282514],[-114.07880788,41.9282514],[-114.08846562,41.93790913],[-114.11728304,41.96672655],[-114.12694078,41.97638428],[-114.15575817,42.00520169],[-114.16541591,42.01485944],[-114.19423333,42.04367683],[-114.20389107,42.05333459],[-114.23270849,42.08215198],[-114.2423662,42.09180973],[-114.27118362,42.12062712],[-114.28084136,42.13028487],[-114.28084136,42.16876002],[-114.30965878,42.19757743],[-114.31931649,42.20723516],[-114.31931649,42.2457103],[-114.34813391,42.27452772],[-114.35779165,42.28418544]]]}},
{"type":"Feature","properties":{"Lower":36.0},"geometry":{"type":"Polygon","coordinates":[[[-97.4240697,45.47762258],[-97.41999914,45.51609772],[-97.41906966,45.51987488],[-97.41056606,45.55457286],[-97.4000717,45.59304801],[-97.39059982,45.63152315],[-97.38205402,45.66999829],[-97.38059453,45.67444812],[-97.36937222,45.70847344],[-97.35139089,45.7469486],[-97.34211937,45.76235946],[-97.32787948,45.78542375],[-97.30364424,45.81757959],[-97.29867486,45.82389889],[-97.26516908,45.86080474],[-97.26364245,45.86237403],[-97.22669395,45.89640153],[-97.22138194,45.90084917],[-97.18821879,45.92622555],[-97.16875834,45.93932432],[-97.14974366,45.95120069],[-97.1112685,45.97170925],[-97.09757478,45.97779946],[-97.07279337,45.98815198],[-97.03431821,46.00075015],[-96.99584308,46.00980356],[-96.95736792,46.0153788],[-96.94010986,46.0162746],[-96.91889276,46.01732646],[-96.89525067,46.0162746],[-96.88041763,46.01564229],[-96.84194247,46.01109203],[-96.80346734,46.00566034],[-96.76499218,46.00091621],[-96.72651705,45.99239308],[-96.68915321,45.97779946],[-96.68804189,45.97735825],[-96.64956676,45.95368076],[-96.63259953,45.93932432],[-96.6110916,45.92074892],[-96.5868239,45.90084917],[-96.57261647,45.88958998],[-96.53970607,45.86237403],[-96.53414131,45.85718052],[-96.50620755,45.82389889],[-96.49566615,45.81052621],[-96.47808338,45.78542375],[-96.45719102,45.75447408],[-96.45245353,45.7469486],[-96.42998342,45.70847344],[-96.41871586,45.6875146],[-96.4097335,45.66999829],[-96.39254761,45.63152315],[-96.38024073,45.59781758],[-96.37853339,45.59304801],[-96.36999411,45.55457286],[-96.3667144,45.51609772],[-96.36656023,45.47762258],[-96.36972029,45.43914743],[-96.37551107,45.40067229],[-96.38024073,45.37926158],[-96.3848429,45.36219712],[-96.3963624,45.32372198],[-96.40863966,45.28524684],[-96.41871586,45.25423885],[-96.42150139,45.2467717],[-96.43537598,45.20829655],[-96.44931268,45.16982141],[-96.45719102,45.14789157],[-96.46397547,45.13134627],[-96.47957113,45.09287112],[-96.49509294,45.05439596],[-96.49566615,45.05298977],[-96.51322841,45.01592081],[-96.53152865,44.97744567],[-96.53414131,44.97192883],[-96.55250966,44.93897053],[-96.57261647,44.9042602],[-96.57525404,44.90049538],[-96.6026912,44.86202024],[-96.6110916,44.85067138],[-96.63670171,44.8235451],[-96.64956676,44.81047126],[-96.68397048,44.78506996],[-96.68804189,44.7821923],[-96.72651705,44.76397067],[-96.76499218,44.75445461],[-96.80346734,44.75223816],[-96.84194247,44.7562274],[-96.88041763,44.76562755],[-96.91889276,44.77976088],[-96.92978097,44.78506996],[-96.95736792,44.79802935],[-96.99584308,44.82018764],[-97.00076103,44.8235451],[-97.03431821,44.84590197],[-97.05541313,44.86202024],[-97.07279337,44.87505518],[-97.10276923,44.90049538],[-97.1112685,44.90764289],[-97.14464172,44.93897053],[-97.14974366,44.94375973],[-97.18228364,44.97744567],[-97.18821879,44.98366274],[-97.21635658,45.01592081],[-97.22669395,45.02802745],[-97.247442,45.05439596],[-97.26516908,45.07780869],[-97.27576484,45.09287112],[-97.30139814,45.13134627],[-97.30364424,45.13493726],[-97.32397259,45.16982141],[-97.34211937,45.20339783],[-97.34460594,45.20829655],[-97.36362359,45.2467717],[-97.38059453,45.28323624],[-97.38147312,45.28524684],[-97.39637585,45.32372198],[-97.40845582,45.36219712],[-97.41745944,45.40067229],[-97.41906966,45.41151729],[-97.42286249,45.43914743],[-97.4240697,45.47762258]],[[-97.15001474,45.55457286],[-97.14974366,45.55813284],[-97.14702347,45.59304801],[-97.13340693,45.63152315],[-97.11955968,45.66999829],[-97.1112685,45.6896345],[-97.10267701,45.70847344],[-97.07482416,45.7469486],[-97.07279337,45.74902739],[-97.03431821,45.78368645],[-97.03209401,45.78542375],[-96.99584308,45.80778605],[-96.96392603,45.82389889],[-96.95736792,45.82664237],[-96.91889276,45.84003583],[-96.88041763,45.85018825],[-96.84194247,45.8566655],[-96.80346734,45.85889194],[-96.76499218,45.85672304],[-96.72651705,45.84967353],[-96.68804189,45.83667974],[-96.66673408,45.82389889],[-96.64956676,45.81249927],[-96.61730213,45.78542375],[-96.6110916,45.78031041],[-96.57479588,45.7469486],[-96.57261647,45.74443416],[-96.54743939,45.70847344],[-96.53414131,45.68644109],[-96.5254547,45.66999829],[-96.50975549,45.63152315],[-96.50105451,45.59304801],[-96.50284607,45.55457286],[-96.51509281,45.51609772],[-96.53414131,45.48207606],[-96.53752899,45.47762258],[-96.56896581,45.43914743],[-96.57261647,45.43463275],[-96.60580111,45.40067229],[-96.6110916,45.39501462],[-96.6483531,45.36219712],[-96.64956676,45.36107558],[-96.68804189,45.33252294],[-96.70330654,45.32372198],[-96.72651705,45.30967568],[-96.76499218,45.29268927],[-96.79106934,45.28524684],[-96.80346734,45.28155565],[-96.84194247,45.27636244],[-96.88041763,45.27727947],[-96.91889276,45.28448841],[-96.92106386,45.28524684],[-96.95736792,45.29833738],[-96.99584308,45.31935466],[-97.00199538,45.32372198],[-97.03431821,45.34742801],[-97.0505038,45.36219712],[-97.07279337,45.38557403],[-97.08478434,45.40067229],[-97.11066243,45.43914743],[-97.1112685,45.44024144],[-97.12935208,45.47762258],[-97.14276101,45.51609772],[-97.14974366,45.55291146],[-97.15001474,45.55457286]]]}},
{"type":"Feature","properties":{"Lower":38.0},"geometry":{"type":"Polygon","coordinates":[[[-97.15001474,45.55457286],[-97.14974366,45.55813284],[-97.14702347,45.59304801],[-97.13340693,45.63152315],[-97.11955968,45.66999829],[-97.1112685,45.6896345],[-97.10267701,45.70847344],[-97.07482416,45.7469486],[-97.07279337,45.74902739],[-97.03431821,45.78368645],[-97.03209401,45.78542375],[-96.99584308,45.80778605],[-96.96392603,45.82389889],[-96.95736792,45.82664237],[-96.91889276,45.84003583],[-96.88041763,45.85018825],[-96.84194247,45.8566655],[-96.80346734,45.85889194],[-96.76499218,45.85672304],[-96.72651705,45.84967353],[-96.68804189,45.83667974],[-96.66673408,45.82389889],[-96.64956676,45.81249927],[-96.61730213,45.78542375],[-96.6110916,45.78031041],[-96.57479588,45.7469486],[-96.57261647,45.74443416],[-96.54743939,45.70847344],[-96.53414131,45.68644109],[-96.5254547,45.66999829],[-96.50975549,45.63152315],[-96.50105451,45.59304801],[-96.50284607,45.55457286],[-96.51509281,45.51609772],[-96.53414131,45.48207606],[-96.53752899,45.47762258],[-96.56896581,45.43914743],[-96.57261647,45.43463275],[-96.60580111,45.40067229],[-96.6110916,45.39501462],[-96.6483531,45.36219712],[-96.64956676,45.36107558],[-96.68804189,45.33252294],[-96.70330654,45.32372198],[-96.72651705,45.30967568],[-96.76499218,45.29268927],[-96.79106934,45.28524684],[-96.80346734,45.28155565],[-96.84194247,45.27636244],[-96.88041763,45.27727947],[-96.91889276,45.28448841],[-96.92106386,45.28524684],[-96.95736792,45.29833738],[-96.99584308,45.31935466],[-97.00199538,45.32372198],[-97.03431821,45.34742801],[-97.0505038,45.36219712],[-97.07279337,45.38557403],[-97.08478434,45.40067229],[-97.11066243,45.43914743],[-97.1112685,45.44024144],[-97.12935208,45.47762258],[-97.14276101,45.51609772],[-97.14974366,45.55291146],[-97.15001474,45.55457286]]]}}
]
}
