{
"type": "FeatureCollection",
"name": "26_HRW_ProofTime",
"crs": { "type": "name", "properties": { "name": "urn:ogc:def:crs:EPSG::4269" } },
"features": [
{ "type": "Feature", "properties": { "Lower": 39.5234 }, "geometry": { "type": "Polygon", "coordinates": [ [ [ -101.1157121, 39.37332256 ], [ -101.11487819, 39.37596674 ], [ -101.10365659, 39.40602465 ], [ -101.08928562, 39.43872675 ], [ -101.08217609, 39.45434112 ], [ -101.06856732, 39.47142883 ], [ -101.04947399, 39.49698996 ], [ -101.04002584, 39.50413094 ], [ -101.01677191, 39.52277974 ], [ -100.99079035, 39.53683302 ], [ -100.98406981, 39.5406938 ], [ -100.95136772, 39.55047553 ], [ -100.91866562, 39.55377595 ], [ -100.88596352, 39.55093797 ], [ -100.85326142, 39.54073351 ], [ -100.84599143, 39.53683302 ], [ -100.82055933, 39.51314497 ], [ -100.81394516, 39.50413094 ], [ -100.80420582, 39.47142883 ], [ -100.80479725, 39.43872675 ], [ -100.81174339, 39.40602465 ], [ -100.82055933, 39.38145784 ], [ -100.82326822, 39.37332256 ], [ -100.83808403, 39.34062046 ], [ -100.85326142, 39.31325342 ], [ -100.85611475, 39.30791835 ], [ -100.87690812, 39.27521627 ], [ -100.88596352, 39.26318968 ], [ -100.90212352, 39.24251417 ], [ -100.91866562, 39.22555684 ], [ -100.93809447, 39.20981208 ], [ -100.95136772, 39.20128796 ], [ -100.98406981, 39.18901843 ], [ -101.01677191, 39.19337021 ], [ -101.03548764, 39.20981208 ], [ -101.04947399, 39.22023499 ], [ -101.0689922, 39.24251417 ], [ -101.08217609, 39.26025457 ], [ -101.09074423, 39.27521627 ], [ -101.10355636, 39.30791835 ], [ -101.11249997, 39.34062046 ], [ -101.11487819, 39.36398078 ], [ -101.1157121, 39.37332256 ] ] ] } },
{ "type": "Feature", "properties": { "Lower": 39.5234 }, "geometry": { "type": "Polygon", "coordinates": [ [ [ -98.72988789, 39.63493932 ], [ -98.72940472, 39.66764142 ], [ -98.72762524, 39.67493177 ], [ -98.72314516, 39.7003435 ], [ -98.71442568, 39.73304561 ], [ -98.7046143, 39.76574769 ], [ -98.69492314, 39.79596385 ], [ -98.69419422, 39.7984498 ], [ -98.68258964, 39.83115188 ], [ -98.67042526, 39.86385398 ], [ -98.66222104, 39.87893837 ], [ -98.65108881, 39.89655607 ], [ -98.62951897, 39.92380562 ], [ -98.62310149, 39.92925817 ], [ -98.59681687, 39.94550281 ], [ -98.56411477, 39.95540898 ], [ -98.53141267, 39.95725627 ], [ -98.49871058, 39.9489079 ], [ -98.47130694, 39.92925817 ], [ -98.46600848, 39.92040582 ], [ -98.45805857, 39.89655607 ], [ -98.45148716, 39.86385398 ], [ -98.44997845, 39.83115188 ], [ -98.45262649, 39.7984498 ], [ -98.45575992, 39.76574769 ], [ -98.45984572, 39.73304561 ], [ -98.46542075, 39.7003435 ], [ -98.46600848, 39.69741217 ], [ -98.47465388, 39.66764142 ], [ -98.48873465, 39.63493932 ], [ -98.49871058, 39.61771053 ], [ -98.51560074, 39.60223721 ], [ -98.53141267, 39.5900688 ], [ -98.56411477, 39.5787263 ], [ -98.59681687, 39.57447139 ], [ -98.62951897, 39.57381577 ], [ -98.66222104, 39.58011065 ], [ -98.69492314, 39.59074538 ], [ -98.71335856, 39.60223721 ], [ -98.72762524, 39.62704069 ], [ -98.72988789, 39.63493932 ] ] ] } },
{ "type": "Feature", "properties": { "Lower": 39.5234 }, "geometry": { "type": "Polygon", "coordinates": [ [ [ -97.42396854, 39.17710998 ], [ -97.42288942, 39.20981208 ], [ -97.41954143, 39.22428045 ], [ -97.41446323, 39.24251417 ], [ -97.3968198, 39.27521627 ], [ -97.38683934, 39.28657413 ], [ -97.35860597, 39.30791835 ], [ -97.35413724, 39.31021032 ], [ -97.32143516, 39.32084045 ], [ -97.28873306, 39.32642732 ], [ -97.25603097, 39.32814673 ], [ -97.22332887, 39.32723751 ], [ -97.19062677, 39.32423584 ], [ -97.15792467, 39.31943249 ], [ -97.12522257, 39.31291085 ], [ -97.1055922, 39.30791835 ], [ -97.09252048, 39.303554 ], [ -97.0598184, 39.28898401 ], [ -97.03804804, 39.27521627 ], [ -97.0271163, 39.26285405 ], [ -97.01234464, 39.24251417 ], [ -97.0070834, 39.20981208 ], [ -97.01953829, 39.17710998 ], [ -97.0271163, 39.16772684 ], [ -97.04529136, 39.14440789 ], [ -97.0598184, 39.1308527 ], [ -97.08099989, 39.11170579 ], [ -97.09252048, 39.10411655 ], [ -97.12522257, 39.08408332 ], [ -97.13409118, 39.07900371 ], [ -97.15792467, 39.06450081 ], [ -97.19062677, 39.05096327 ], [ -97.22332887, 39.05077381 ], [ -97.25603097, 39.06063163 ], [ -97.28873306, 39.07582127 ], [ -97.29396068, 39.07900371 ], [ -97.32143516, 39.09582671 ], [ -97.34641788, 39.11170579 ], [ -97.35413724, 39.11687911 ], [ -97.38683934, 39.13781978 ], [ -97.40023198, 39.14440789 ], [ -97.41954143, 39.17069503 ], [ -97.42396854, 39.17710998 ] ] ] } },
{ "type": "Feature", "properties": { "Lower": 39.5234 }, "geometry": { "type": "Polygon", "coordinates": [ [ [ -99.67967044, 34.3371999 ], [ -99.67848001, 34.369902 ], [ -99.67598601, 34.39062795 ], [ -99.67405574, 34.40260408 ], [ -99.66446345, 34.43530619 ], [ -99.64876685, 34.46800827 ], [ -99.64328391, 34.47646519 ], [ -99.61912274, 34.50071038 ], [ -99.61058181, 34.50777869 ], [ -99.57787972, 34.52382581 ], [ -99.54517762, 34.53000515 ], [ -99.51247552, 34.52683794 ], [ -99.47977342, 34.51453255 ], [ -99.45351129, 34.50071038 ], [ -99.44707133, 34.49701081 ], [ -99.41436925, 34.47253233 ], [ -99.41001701, 34.46800827 ], [ -99.38718771, 34.43530619 ], [ -99.38166715, 34.41952507 ], [ -99.37719077, 34.40260408 ], [ -99.37637946, 34.369902 ], [ -99.38166715, 34.34256893 ], [ -99.3825734, 34.3371999 ], [ -99.39378349, 34.30449781 ], [ -99.40806874, 34.27179571 ], [ -99.41436925, 34.25956648 ], [ -99.4243879, 34.23909363 ], [ -99.4427455, 34.20639152 ], [ -99.44707133, 34.2018618 ], [ -99.47977342, 34.17435467 ], [ -99.48089903, 34.17368942 ], [ -99.51247552, 34.16248593 ], [ -99.54517762, 34.15420313 ], [ -99.57787972, 34.14853606 ], [ -99.61058181, 34.1493284 ], [ -99.64328391, 34.17174461 ], [ -99.64504599, 34.17368942 ], [ -99.66181117, 34.20639152 ], [ -99.67008412, 34.23909363 ], [ -99.67556698, 34.27179571 ], [ -99.67598601, 34.27607749 ], [ -99.67858977, 34.30449781 ], [ -99.67967044, 34.3371999 ] ] ] } },
{ "type": "Feature", "properties": { "Lower": 39.5234 }, "geometry": { "type": "Polygon", "coordinates": [ [ [ -101.86875474, 39.66764142 ], [ -101.86702637, 39.67232021 ], [ -101.85817686, 39.7003435 ], [ -101.8347914, 39.73304561 ], [ -101.83432427, 39.73349666 ], [ -101.80271528, 39.76574769 ], [ -101.80162219, 39.76658498 ], [ -101.7689201, 39.79278005 ], [ -101.76212005, 39.7984498 ], [ -101.736218, 39.81544462 ], [ -101.71292249, 39.83115188 ], [ -101.7035159, 39.83633882 ], [ -101.6708138, 39.85531746 ], [ -101.65692896, 39.86385398 ], [ -101.63811171, 39.8735693 ], [ -101.60540961, 39.88982254 ], [ -101.58945187, 39.89655607 ], [ -101.57270751, 39.90254698 ], [ -101.54000543, 39.91281486 ], [ -101.50730334, 39.92234756 ], [ -101.47594133, 39.92925817 ], [ -101.47460124, 39.92952046 ], [ -101.44189914, 39.93237813 ], [ -101.40919704, 39.9319309 ], [ -101.39011078, 39.92925817 ], [ -101.37649495, 39.92636358 ], [ -101.34379285, 39.91204689 ], [ -101.32305397, 39.89655607 ], [ -101.31109075, 39.87960354 ], [ -101.30295588, 39.86385398 ], [ -101.29661004, 39.83115188 ], [ -101.29843346, 39.7984498 ], [ -101.30725955, 39.76574769 ], [ -101.31109075, 39.75810578 ], [ -101.32486916, 39.73304561 ], [ -101.34379285, 39.71098805 ], [ -101.3547377, 39.7003435 ], [ -101.37649495, 39.6851042 ], [ -101.40518453, 39.66764142 ], [ -101.40919704, 39.66557772 ], [ -101.44189914, 39.65012301 ], [ -101.47181165, 39.63493932 ], [ -101.47460124, 39.63363109 ], [ -101.50730334, 39.61780196 ], [ -101.53730355, 39.60223721 ], [ -101.54000543, 39.60089117 ], [ -101.57270751, 39.58733046 ], [ -101.60540961, 39.57634202 ], [ -101.63284313, 39.56953513 ], [ -101.63811171, 39.56807214 ], [ -101.6708138, 39.56273901 ], [ -101.7035159, 39.56047434 ], [ -101.736218, 39.56130984 ], [ -101.7689201, 39.5659419 ], [ -101.78218785, 39.56953513 ], [ -101.80162219, 39.57697916 ], [ -101.83432427, 39.59675036 ], [ -101.84124134, 39.60223721 ], [ -101.8643515, 39.63493932 ], [ -101.86702637, 39.65401766 ], [ -101.86875474, 39.66764142 ] ] ] } },
{ "type": "Feature", "properties": { "Lower": 39.5234 }, "geometry": { "type": "Polygon", "coordinates": [ [ [ -99.13137964, 37.54200524 ], [ -99.12838107, 37.57470732 ], [ -99.12090066, 37.60740942 ], [ -99.12005039, 37.6096367 ], [ -99.10889838, 37.64011151 ], [ -99.09183208, 37.67281361 ], [ -99.08734829, 37.67907671 ], [ -99.06985194, 37.7055157 ], [ -99.05464619, 37.72281056 ], [ -99.04245731, 37.7382178 ], [ -99.0219441, 37.75953708 ], [ -99.0125232, 37.77091988 ], [ -98.989242, 37.79414441 ], [ -98.98085901, 37.80362199 ], [ -98.9565399, 37.82120539 ], [ -98.9238378, 37.83450096 ], [ -98.89113573, 37.83417487 ], [ -98.85843363, 37.82035446 ], [ -98.84021892, 37.80362199 ], [ -98.82573153, 37.79269243 ], [ -98.8080148, 37.77091988 ], [ -98.79302943, 37.75582978 ], [ -98.7770601, 37.7382178 ], [ -98.76032734, 37.72263722 ], [ -98.74440929, 37.7055157 ], [ -98.72946301, 37.67281361 ], [ -98.72762524, 37.66730544 ], [ -98.7041253, 37.64011151 ], [ -98.69492314, 37.61183073 ], [ -98.69239321, 37.60740942 ], [ -98.68403813, 37.57470732 ], [ -98.68208681, 37.54200524 ], [ -98.68571536, 37.50930313 ], [ -98.68465914, 37.47660103 ], [ -98.69149763, 37.44389894 ], [ -98.69492314, 37.43166482 ], [ -98.69911947, 37.41119684 ], [ -98.7088017, 37.37849476 ], [ -98.72189955, 37.34579265 ], [ -98.72762524, 37.33403803 ], [ -98.74161006, 37.31309057 ], [ -98.76032734, 37.28941768 ], [ -98.77166976, 37.28038846 ], [ -98.79302943, 37.26503299 ], [ -98.82573153, 37.25215154 ], [ -98.85679505, 37.24768638 ], [ -98.85843363, 37.24746456 ], [ -98.86206152, 37.24768638 ], [ -98.89113573, 37.24951734 ], [ -98.9238378, 37.25745988 ], [ -98.9565399, 37.27048668 ], [ -98.97485803, 37.28038846 ], [ -98.989242, 37.28874043 ], [ -99.0219441, 37.31273562 ], [ -99.02234481, 37.31309057 ], [ -99.05464619, 37.34492304 ], [ -99.05539489, 37.34579265 ], [ -99.08070005, 37.37849476 ], [ -99.08734829, 37.38867833 ], [ -99.10049444, 37.41119684 ], [ -99.11496697, 37.44389894 ], [ -99.12005039, 37.46044238 ], [ -99.12470797, 37.47660103 ], [ -99.13012043, 37.50930313 ], [ -99.13137964, 37.54200524 ] ] ] } },
{ "type": "Feature", "properties": { "Lower": 39.5234 }, "geometry": { "type": "Polygon", "coordinates": [ [ [ -96.89354913, 38.3595576 ], [ -96.89218562, 38.3922597 ], [ -96.88354861, 38.42496181 ], [ -96.86755384, 38.45766389 ], [ -96.86360581, 38.46372743 ], [ -96.84486609, 38.49036599 ], [ -96.83090372, 38.5070049 ], [ -96.81622641, 38.52306808 ], [ -96.79820164, 38.54028277 ], [ -96.78060542, 38.55577018 ], [ -96.76549954, 38.56749898 ], [ -96.73833282, 38.58847227 ], [ -96.73279744, 38.59272698 ], [ -96.70474996, 38.62117437 ], [ -96.70009535, 38.62625161 ], [ -96.68005606, 38.65387645 ], [ -96.66739325, 38.67283018 ], [ -96.65688684, 38.68657856 ], [ -96.63469115, 38.7159621 ], [ -96.63110809, 38.71928066 ], [ -96.60198905, 38.74704053 ], [ -96.59386045, 38.75198275 ], [ -96.56928696, 38.76739625 ], [ -96.53658488, 38.77518353 ], [ -96.50388278, 38.77215013 ], [ -96.47118068, 38.76165363 ], [ -96.45108373, 38.75198275 ], [ -96.43847858, 38.74573861 ], [ -96.40577649, 38.72627385 ], [ -96.39529505, 38.71928066 ], [ -96.37307439, 38.70406576 ], [ -96.34982202, 38.68657856 ], [ -96.34037229, 38.6793772 ], [ -96.30928484, 38.65387645 ], [ -96.30767019, 38.65253184 ], [ -96.27496812, 38.62327582 ], [ -96.27278471, 38.62117437 ], [ -96.24226602, 38.59134344 ], [ -96.239491, 38.58847227 ], [ -96.20956392, 38.55756141 ], [ -96.20790209, 38.55577018 ], [ -96.17709837, 38.52306808 ], [ -96.17686182, 38.52281688 ], [ -96.1465566, 38.49036599 ], [ -96.14415973, 38.48779032 ], [ -96.11579647, 38.45766389 ], [ -96.11145763, 38.45303888 ], [ -96.08430032, 38.42496181 ], [ -96.07875553, 38.41923941 ], [ -96.05128702, 38.3922597 ], [ -96.04605343, 38.38717352 ], [ -96.01565468, 38.3595576 ], [ -96.01335136, 38.35749419 ], [ -95.98064926, 38.3303583 ], [ -95.97603875, 38.32685551 ], [ -95.94794716, 38.30584071 ], [ -95.9304968, 38.29415341 ], [ -95.91524506, 38.28409317 ], [ -95.88254297, 38.26477368 ], [ -95.87599759, 38.26145132 ], [ -95.84984087, 38.24826551 ], [ -95.81713877, 38.23546636 ], [ -95.79763157, 38.22874922 ], [ -95.78443667, 38.22409326 ], [ -95.75173457, 38.21167687 ], [ -95.7190325, 38.19847765 ], [ -95.71377878, 38.19604714 ], [ -95.6863304, 38.18268279 ], [ -95.6536283, 38.16365292 ], [ -95.65319967, 38.16334503 ], [ -95.6209262, 38.13709496 ], [ -95.61460627, 38.13064295 ], [ -95.59007533, 38.09794084 ], [ -95.58822411, 38.09422449 ], [ -95.57823671, 38.06523874 ], [ -95.57388732, 38.03253666 ], [ -95.57542754, 37.99983455 ], [ -95.58197178, 37.96713247 ], [ -95.58822411, 37.95111151 ], [ -95.59497832, 37.93443036 ], [ -95.61217837, 37.90172828 ], [ -95.6209262, 37.88639198 ], [ -95.63172555, 37.86902618 ], [ -95.65298781, 37.83632409 ], [ -95.6536283, 37.83548819 ], [ -95.67819586, 37.80362199 ], [ -95.6863304, 37.79264352 ], [ -95.7030157, 37.77091988 ], [ -95.7190325, 37.7525791 ], [ -95.73735849, 37.7382178 ], [ -95.75173457, 37.72726179 ], [ -95.78443667, 37.71546255 ], [ -95.81713877, 37.71389666 ], [ -95.84984087, 37.72287696 ], [ -95.87153078, 37.7382178 ], [ -95.88254297, 37.7503287 ], [ -95.89602852, 37.77091988 ], [ -95.91524506, 37.79821173 ], [ -95.91920871, 37.80362199 ], [ -95.94794716, 37.83616418 ], [ -95.94809386, 37.83632409 ], [ -95.98064926, 37.86735252 ], [ -95.98245839, 37.86902618 ], [ -96.01335136, 37.89815654 ], [ -96.01749126, 37.90172828 ], [ -96.04605343, 37.93062628 ], [ -96.0502692, 37.93443036 ], [ -96.07875553, 37.96213928 ], [ -96.08465082, 37.96713247 ], [ -96.11145763, 37.99059188 ], [ -96.12399581, 37.99983455 ], [ -96.14415973, 38.01509817 ], [ -96.1729856, 38.03253666 ], [ -96.17686182, 38.03502304 ], [ -96.20956392, 38.05074766 ], [ -96.24226602, 38.06120218 ], [ -96.26044728, 38.06523874 ], [ -96.27496812, 38.06891791 ], [ -96.30767019, 38.07452366 ], [ -96.34037229, 38.07834917 ], [ -96.37307439, 38.08140179 ], [ -96.40577649, 38.08399182 ], [ -96.43847858, 38.08560529 ], [ -96.47118068, 38.08529462 ], [ -96.50388278, 38.08335577 ], [ -96.53658488, 38.08054227 ], [ -96.56928696, 38.07800631 ], [ -96.60198905, 38.07732413 ], [ -96.63469115, 38.0801778 ], [ -96.66739325, 38.08912673 ], [ -96.68536304, 38.09794084 ], [ -96.70009535, 38.10554277 ], [ -96.73279744, 38.12864326 ], [ -96.7350747, 38.13064295 ], [ -96.76549954, 38.15764239 ], [ -96.77111293, 38.16334503 ], [ -96.79820164, 38.19075534 ], [ -96.80300547, 38.19604714 ], [ -96.83090372, 38.22653827 ], [ -96.83280594, 38.22874922 ], [ -96.85733787, 38.26145132 ], [ -96.86360581, 38.2719849 ], [ -96.87573707, 38.29415341 ], [ -96.88791302, 38.32685551 ], [ -96.89354913, 38.3595576 ] ] ] } },
{ "type": "Feature", "properties": { "Lower": 39.5234 }, "geometry": { "type": "Polygon", "coordinates": [ [ [ -100.22316261, 39.7984498 ], [ -100.20836275, 39.83115188 ], [ -100.19921953, 39.84537048 ], [ -100.18480588, 39.86385398 ], [ -100.16651743, 39.88593758 ], [ -100.15548391, 39.89655607 ], [ -100.13381534, 39.91321739 ], [ -100.10670604, 39.92925817 ], [ -100.10111324, 39.93191274 ], [ -100.06841114, 39.94483751 ], [ -100.03570904, 39.95482782 ], [ -100.00545001, 39.96196028 ], [ -100.00300695, 39.96247084 ], [ -99.97030487, 39.96791199 ], [ -99.93760277, 39.97261521 ], [ -99.90490067, 39.97555781 ], [ -99.87219858, 39.97532082 ], [ -99.83949648, 39.9711802 ], [ -99.81227945, 39.96196028 ], [ -99.80679438, 39.95923761 ], [ -99.77409228, 39.92988711 ], [ -99.77343619, 39.92925817 ], [ -99.74139018, 39.90130925 ], [ -99.73484729, 39.89655607 ], [ -99.70868809, 39.8781895 ], [ -99.68496968, 39.86385398 ], [ -99.67598601, 39.85838226 ], [ -99.64328391, 39.84025061 ], [ -99.62593994, 39.83115188 ], [ -99.61058181, 39.82286414 ], [ -99.57787972, 39.80554233 ], [ -99.5648394, 39.7984498 ], [ -99.54517762, 39.78741641 ], [ -99.51247552, 39.76862097 ], [ -99.5078711, 39.76574769 ], [ -99.47977342, 39.74777919 ], [ -99.45673452, 39.73304561 ], [ -99.44707133, 39.72665652 ], [ -99.41436925, 39.70629479 ], [ -99.40404855, 39.7003435 ], [ -99.38166715, 39.68680973 ], [ -99.34896505, 39.66941076 ], [ -99.34537256, 39.66764142 ], [ -99.31626296, 39.65239119 ], [ -99.28356086, 39.63779725 ], [ -99.27652594, 39.63493932 ], [ -99.25085876, 39.62366091 ], [ -99.21815666, 39.61044854 ], [ -99.1978651, 39.60223721 ], [ -99.18545457, 39.59622283 ], [ -99.15275249, 39.58098523 ], [ -99.12393913, 39.56953513 ], [ -99.12005039, 39.56774365 ], [ -99.08734829, 39.55455424 ], [ -99.05464619, 39.5438694 ], [ -99.02731669, 39.53683302 ], [ -99.0219441, 39.53502909 ], [ -98.989242, 39.52585813 ], [ -98.9565399, 39.51575082 ], [ -98.92767647, 39.50413094 ], [ -98.9238378, 39.50006463 ], [ -98.90485441, 39.47142883 ], [ -98.9065695, 39.43872675 ], [ -98.91622329, 39.40602465 ], [ -98.9238378, 39.38742565 ], [ -98.92865495, 39.37332256 ], [ -98.94143888, 39.34062046 ], [ -98.95304791, 39.30791835 ], [ -98.9565399, 39.2971945 ], [ -98.96281363, 39.27521627 ], [ -98.96987166, 39.24251417 ], [ -98.97372939, 39.20981208 ], [ -98.97502938, 39.17710998 ], [ -98.97433152, 39.14440789 ], [ -98.97203334, 39.11170579 ], [ -98.9682765, 39.07900371 ], [ -98.96288914, 39.0463016 ], [ -98.9565399, 39.01420712 ], [ -98.95643184, 39.0135995 ], [ -98.94982103, 38.98089741 ], [ -98.94220725, 38.94819531 ], [ -98.93307337, 38.91549323 ], [ -98.92403776, 38.88279112 ], [ -98.9238378, 38.88203946 ], [ -98.91620197, 38.85008904 ], [ -98.90798834, 38.81738693 ], [ -98.89937024, 38.78468485 ], [ -98.89113573, 38.75409948 ], [ -98.89050474, 38.75198275 ], [ -98.88104895, 38.71928066 ], [ -98.87239184, 38.68657856 ], [ -98.86530566, 38.65387645 ], [ -98.86021883, 38.62117437 ], [ -98.85843363, 38.60873443 ], [ -98.85449803, 38.58847227 ], [ -98.84423329, 38.55577018 ], [ -98.8343725, 38.52306808 ], [ -98.82573153, 38.50023286 ], [ -98.81797024, 38.49036599 ], [ -98.79302943, 38.45806345 ], [ -98.79279221, 38.45766389 ], [ -98.77484766, 38.42496181 ], [ -98.76089257, 38.3922597 ], [ -98.76032734, 38.39049945 ], [ -98.75195306, 38.3595576 ], [ -98.74752601, 38.32685551 ], [ -98.75242278, 38.29415341 ], [ -98.76032734, 38.27646225 ], [ -98.77804495, 38.26145132 ], [ -98.79302943, 38.25391491 ], [ -98.82573153, 38.25699427 ], [ -98.83357414, 38.26145132 ], [ -98.85843363, 38.27614676 ], [ -98.87614827, 38.29415341 ], [ -98.89113573, 38.31012824 ], [ -98.9009703, 38.32685551 ], [ -98.92220825, 38.3595576 ], [ -98.9238378, 38.36084268 ], [ -98.9565399, 38.38577095 ], [ -98.97346798, 38.3922597 ], [ -98.989242, 38.39628285 ], [ -99.0219441, 38.39969054 ], [ -99.05464619, 38.40422952 ], [ -99.08734829, 38.4102443 ], [ -99.12005039, 38.41597934 ], [ -99.15275249, 38.42078571 ], [ -99.18545457, 38.42457096 ], [ -99.1902925, 38.42496181 ], [ -99.21815666, 38.42817288 ], [ -99.25085876, 38.43169125 ], [ -99.28356086, 38.43729034 ], [ -99.31626296, 38.45191979 ], [ -99.32248703, 38.45766389 ], [ -99.34195314, 38.49036599 ], [ -99.34896505, 38.50543371 ], [ -99.35585345, 38.52306808 ], [ -99.36947799, 38.55577018 ], [ -99.38166715, 38.58271826 ], [ -99.38406824, 38.58847227 ], [ -99.39916415, 38.62117437 ], [ -99.41436925, 38.65250614 ], [ -99.4149904, 38.65387645 ], [ -99.42991288, 38.68657856 ], [ -99.44247058, 38.71928066 ], [ -99.44707133, 38.73406686 ], [ -99.45227522, 38.75198275 ], [ -99.45973697, 38.78468485 ], [ -99.46528531, 38.81738693 ], [ -99.46905463, 38.85008904 ], [ -99.47110489, 38.88279112 ], [ -99.47142864, 38.91549323 ], [ -99.47048156, 38.94819531 ], [ -99.46930318, 38.98089741 ], [ -99.4685725, 39.0135995 ], [ -99.46907829, 39.0463016 ], [ -99.4713143, 39.07900371 ], [ -99.47622599, 39.11170579 ], [ -99.47977342, 39.1261532 ], [ -99.48471212, 39.14440789 ], [ -99.49740533, 39.17710998 ], [ -99.51247552, 39.20546553 ], [ -99.51499873, 39.20981208 ], [ -99.536501, 39.24251417 ], [ -99.54517762, 39.25421124 ], [ -99.56257589, 39.27521627 ], [ -99.57787972, 39.2920467 ], [ -99.59386539, 39.30791835 ], [ -99.61058181, 39.32355036 ], [ -99.63045242, 39.34062046 ], [ -99.64328391, 39.35121671 ], [ -99.67211748, 39.37332256 ], [ -99.67598601, 39.37620175 ], [ -99.70868809, 39.39941978 ], [ -99.71848738, 39.40602465 ], [ -99.74139018, 39.42124268 ], [ -99.76933314, 39.43872675 ], [ -99.77409228, 39.44173587 ], [ -99.80679438, 39.46186325 ], [ -99.82298128, 39.47142883 ], [ -99.83949648, 39.48148283 ], [ -99.87219858, 39.50074405 ], [ -99.87792532, 39.50413094 ], [ -99.90490067, 39.52081493 ], [ -99.93114213, 39.53683302 ], [ -99.93760277, 39.5410171 ], [ -99.97030487, 39.56266835 ], [ -99.98034229, 39.56953513 ], [ -100.00300695, 39.58611808 ], [ -100.02419913, 39.60223721 ], [ -100.03570904, 39.61169474 ], [ -100.06234178, 39.63493932 ], [ -100.06841114, 39.6405901 ], [ -100.09675522, 39.66764142 ], [ -100.10111324, 39.67176396 ], [ -100.13030402, 39.7003435 ], [ -100.13381534, 39.70359826 ], [ -100.16434642, 39.73304561 ], [ -100.16651743, 39.73472286 ], [ -100.19921953, 39.75906976 ], [ -100.20837528, 39.76574769 ], [ -100.22316261, 39.7984498 ] ] ] } },
{ "type": "Feature", "properties": { "Lower": 39.5234 }, "geometry": { "type": "Polygon", "coordinates": [ [ [ -98.46906465, 36.16851722 ], [ -98.46743035, 36.20121933 ], [ -98.46600848, 36.20408777 ], [ -98.43960701, 36.23392141 ], [ -98.43330638, 36.23888379 ], [ -98.40068831, 36.26662352 ], [ -98.40060428, 36.26670258 ], [ -98.3679022, 36.29544931 ], [ -98.36320406, 36.29932562 ], [ -98.33520011, 36.32827827 ], [ -98.33139399, 36.3320277 ], [ -98.30490584, 36.36472981 ], [ -98.30249801, 36.36840991 ], [ -98.28270552, 36.39743189 ], [ -98.26979591, 36.42178043 ], [ -98.26507174, 36.430134 ], [ -98.25108092, 36.46283608 ], [ -98.23929214, 36.49553819 ], [ -98.23709381, 36.50231265 ], [ -98.22815268, 36.52824027 ], [ -98.21669407, 36.56094237 ], [ -98.20517057, 36.59364446 ], [ -98.20439172, 36.59588587 ], [ -98.19254999, 36.62634656 ], [ -98.17869952, 36.65904867 ], [ -98.17168962, 36.67383092 ], [ -98.16163613, 36.69175075 ], [ -98.14105926, 36.72445285 ], [ -98.13898752, 36.72740947 ], [ -98.11415187, 36.75715494 ], [ -98.10628544, 36.76599003 ], [ -98.08119624, 36.78985704 ], [ -98.07358335, 36.79715834 ], [ -98.04435467, 36.82255913 ], [ -98.04088125, 36.82595267 ], [ -98.01000995, 36.85526123 ], [ -98.00817915, 36.85775191 ], [ -97.97547705, 36.86640278 ], [ -97.96402997, 36.85526123 ], [ -97.94277496, 36.84425671 ], [ -97.9145348, 36.82255913 ], [ -97.91007286, 36.82031783 ], [ -97.87737076, 36.79853963 ], [ -97.86331323, 36.78985704 ], [ -97.84466868, 36.7801895 ], [ -97.81196658, 36.76453677 ], [ -97.79444651, 36.75715494 ], [ -97.77926449, 36.75042343 ], [ -97.74656239, 36.73742396 ], [ -97.71386029, 36.7268328 ], [ -97.70473593, 36.72445285 ], [ -97.68115819, 36.71690497 ], [ -97.6484561, 36.70882001 ], [ -97.615754, 36.70279159 ], [ -97.58305192, 36.69828035 ], [ -97.55034982, 36.69466214 ], [ -97.52172482, 36.69175075 ], [ -97.51764773, 36.6912095 ], [ -97.48494563, 36.68633235 ], [ -97.45224353, 36.6802134 ], [ -97.41954143, 36.67421548 ], [ -97.38683934, 36.67329546 ], [ -97.35413724, 36.68062893 ], [ -97.33599557, 36.69175075 ], [ -97.32143516, 36.69871168 ], [ -97.29226509, 36.72445285 ], [ -97.28873306, 36.72694808 ], [ -97.25961009, 36.75715494 ], [ -97.25603097, 36.76032424 ], [ -97.22744087, 36.78985704 ], [ -97.22332887, 36.79413544 ], [ -97.19619946, 36.82255913 ], [ -97.19062677, 36.82914987 ], [ -97.16702521, 36.85526123 ], [ -97.15792467, 36.86725971 ], [ -97.14128878, 36.88796331 ], [ -97.12522257, 36.91596499 ], [ -97.12209016, 36.92066542 ], [ -97.10019364, 36.95336752 ], [ -97.09252048, 36.96938194 ], [ -97.08094143, 36.98606961 ], [ -97.06362243, 37.01877171 ], [ -97.0598184, 37.02551494 ], [ -97.04081111, 37.05147379 ], [ -97.02863163, 37.0841759 ], [ -97.02863415, 37.11687798 ], [ -97.0271163, 37.12299487 ], [ -97.01430738, 37.14958009 ], [ -96.9944142, 37.179495 ], [ -96.99066018, 37.18228217 ], [ -96.96171211, 37.20255101 ], [ -96.92901001, 37.21201861 ], [ -96.89630791, 37.21316702 ], [ -96.86360581, 37.21165569 ], [ -96.83090372, 37.20848191 ], [ -96.79820164, 37.19821342 ], [ -96.78145345, 37.18228217 ], [ -96.78340832, 37.14958009 ], [ -96.79436147, 37.11687798 ], [ -96.79820164, 37.10871097 ], [ -96.81014024, 37.0841759 ], [ -96.82749509, 37.05147379 ], [ -96.83090372, 37.04537452 ], [ -96.846852, 37.01877171 ], [ -96.86360581, 36.98938693 ], [ -96.86575797, 36.98606961 ], [ -96.88552077, 36.95336752 ], [ -96.89630791, 36.93279891 ], [ -96.90375205, 36.92066542 ], [ -96.92029404, 36.88796331 ], [ -96.92901001, 36.86669142 ], [ -96.93451884, 36.85526123 ], [ -96.94677498, 36.82255913 ], [ -96.9559836, 36.78985704 ], [ -96.96171211, 36.76127773 ], [ -96.96264203, 36.75715494 ], [ -96.96761854, 36.72445285 ], [ -96.97062905, 36.69175075 ], [ -96.97230119, 36.65904867 ], [ -96.97284503, 36.62634656 ], [ -96.972702, 36.59364446 ], [ -96.97195147, 36.56094237 ], [ -96.97128606, 36.52824027 ], [ -96.97121121, 36.49553819 ], [ -96.97208833, 36.46283608 ], [ -96.9738704, 36.430134 ], [ -96.97636456, 36.39743189 ], [ -96.97956728, 36.36472981 ], [ -96.98351443, 36.3320277 ], [ -96.98814762, 36.29932562 ], [ -96.99360532, 36.26662352 ], [ -96.9944142, 36.26227147 ], [ -97.00024712, 36.23392141 ], [ -97.00807654, 36.20121933 ], [ -97.01704772, 36.16851722 ], [ -97.0271163, 36.13870092 ], [ -97.02817483, 36.13581514 ], [ -97.04028992, 36.10311304 ], [ -97.05520879, 36.07041095 ], [ -97.0598184, 36.06148544 ], [ -97.07369979, 36.03770885 ], [ -97.09252048, 36.00965223 ], [ -97.09607879, 36.00500676 ], [ -97.12352855, 35.97230466 ], [ -97.12522257, 35.97058498 ], [ -97.15792467, 35.94323808 ], [ -97.16294173, 35.93960256 ], [ -97.19062677, 35.9217413 ], [ -97.22011953, 35.90690047 ], [ -97.22332887, 35.90544515 ], [ -97.25603097, 35.89370361 ], [ -97.28873306, 35.8857092 ], [ -97.32143516, 35.88119286 ], [ -97.35413724, 35.8802714 ], [ -97.38683934, 35.88288512 ], [ -97.41954143, 35.8894196 ], [ -97.45224353, 35.89853436 ], [ -97.47465915, 35.90690047 ], [ -97.48494563, 35.91063448 ], [ -97.51764773, 35.92635001 ], [ -97.53873187, 35.93960256 ], [ -97.55034982, 35.94674638 ], [ -97.5798469, 35.97230466 ], [ -97.58305192, 35.97514338 ], [ -97.60622184, 36.00500676 ], [ -97.615754, 36.01680585 ], [ -97.63384437, 36.03770885 ], [ -97.6484561, 36.05390144 ], [ -97.66672861, 36.07041095 ], [ -97.68115819, 36.08421491 ], [ -97.70941747, 36.10311304 ], [ -97.71386029, 36.10721414 ], [ -97.74656239, 36.12769676 ], [ -97.7683601, 36.13581514 ], [ -97.76081185, 36.16851722 ], [ -97.75055038, 36.20121933 ], [ -97.74656239, 36.21234641 ], [ -97.73951836, 36.23392141 ], [ -97.72861236, 36.26662352 ], [ -97.72048124, 36.29932562 ], [ -97.71997377, 36.3320277 ], [ -97.74656239, 36.34906169 ], [ -97.77926449, 36.34618372 ], [ -97.81196658, 36.33780513 ], [ -97.83224058, 36.3320277 ], [ -97.84466868, 36.32801154 ], [ -97.87737076, 36.31645409 ], [ -97.91007286, 36.30403762 ], [ -97.91998708, 36.29932562 ], [ -97.94277496, 36.28583991 ], [ -97.96032996, 36.26662352 ], [ -97.97547705, 36.24032832 ], [ -97.97793578, 36.23392141 ], [ -97.9841933, 36.20121933 ], [ -97.98337143, 36.16851722 ], [ -97.97547705, 36.13989473 ], [ -97.97374322, 36.13581514 ], [ -97.94277496, 36.10543373 ], [ -97.91007286, 36.10466992 ], [ -97.87737076, 36.12292729 ], [ -97.84466868, 36.13272336 ], [ -97.81196658, 36.1249109 ], [ -97.80260687, 36.10311304 ], [ -97.81196658, 36.09591006 ], [ -97.82374346, 36.07041095 ], [ -97.84466868, 36.04369107 ], [ -97.84738468, 36.03770885 ], [ -97.87012345, 36.00500676 ], [ -97.87737076, 35.99738527 ], [ -97.89536332, 35.97230466 ], [ -97.91007286, 35.95672989 ], [ -97.92394741, 35.93960256 ], [ -97.94277496, 35.9202676 ], [ -97.96134409, 35.90690047 ], [ -97.97547705, 35.89734354 ], [ -98.00817915, 35.88663317 ], [ -98.04088125, 35.87684787 ], [ -98.05270408, 35.87419837 ], [ -98.07358335, 35.87034142 ], [ -98.10628544, 35.86577435 ], [ -98.13898752, 35.8605086 ], [ -98.17168962, 35.84758245 ], [ -98.18226775, 35.84149628 ], [ -98.20439172, 35.83461315 ], [ -98.23709381, 35.818898 ], [ -98.26979591, 35.81093518 ], [ -98.30249801, 35.82400114 ], [ -98.31984638, 35.84149628 ], [ -98.33520011, 35.85560013 ], [ -98.34795946, 35.87419837 ], [ -98.3679022, 35.9040286 ], [ -98.36984333, 35.90690047 ], [ -98.38904906, 35.93960256 ], [ -98.40060428, 35.96390509 ], [ -98.40525643, 35.97230466 ], [ -98.42082867, 36.00500676 ], [ -98.43222398, 36.03770885 ], [ -98.43330638, 36.04061146 ], [ -98.4456011, 36.07041095 ], [ -98.45509285, 36.10311304 ], [ -98.46372308, 36.13581514 ], [ -98.46600848, 36.15006398 ], [ -98.46906465, 36.16851722 ] ] ] } },
{ "type": "Feature", "properties": { "Lower": 39.5234 }, "geometry": { "type": "Polygon", "coordinates": [ [ [ -103.24110717, 39.17710998 ], [ -103.24051437, 39.18153974 ], [ -103.23748225, 39.20981208 ], [ -103.22146388, 39.24251417 ], [ -103.20781227, 39.25849619 ], [ -103.1947836, 39.27521627 ], [ -103.17511018, 39.29622057 ], [ -103.16306835, 39.30791835 ], [ -103.14240808, 39.32874984 ], [ -103.12907179, 39.34062046 ], [ -103.109706, 39.36352051 ], [ -103.10006041, 39.37332256 ], [ -103.0770039, 39.39882142 ], [ -103.06773093, 39.40602465 ], [ -103.0443018, 39.42926512 ], [ -103.03145887, 39.43872675 ], [ -103.01159971, 39.45740224 ], [ -102.99224096, 39.47142883 ], [ -102.97889761, 39.48336673 ], [ -102.94898486, 39.50413094 ], [ -102.94619551, 39.50649279 ], [ -102.91349341, 39.52850481 ], [ -102.89664861, 39.53683302 ], [ -102.88079132, 39.5465786 ], [ -102.84808924, 39.56087137 ], [ -102.81630514, 39.56953513 ], [ -102.81538714, 39.56985527 ], [ -102.78268504, 39.57523457 ], [ -102.74998295, 39.57433282 ], [ -102.73202116, 39.56953513 ], [ -102.71728085, 39.56588639 ], [ -102.68457875, 39.54742504 ], [ -102.67351832, 39.53683302 ], [ -102.65187665, 39.51122804 ], [ -102.64783454, 39.50413094 ], [ -102.63637847, 39.47142883 ], [ -102.63600722, 39.43872675 ], [ -102.64688599, 39.40602465 ], [ -102.65187665, 39.40030477 ], [ -102.67044335, 39.37332256 ], [ -102.68457875, 39.35942013 ], [ -102.70229531, 39.34062046 ], [ -102.71728085, 39.31620317 ], [ -102.72261114, 39.30791835 ], [ -102.72373507, 39.27521627 ], [ -102.71728085, 39.2659553 ], [ -102.70132698, 39.24251417 ], [ -102.68457875, 39.22171919 ], [ -102.67486009, 39.20981208 ], [ -102.65187665, 39.18143801 ], [ -102.64800732, 39.17710998 ], [ -102.61917456, 39.14453329 ], [ -102.61904728, 39.14440789 ], [ -102.58647248, 39.11201713 ], [ -102.58604767, 39.11170579 ], [ -102.55377038, 39.08697163 ], [ -102.53921847, 39.07900371 ], [ -102.52106828, 39.06825498 ], [ -102.48836619, 39.05488669 ], [ -102.45566409, 39.04828572 ], [ -102.42296199, 39.04891469 ], [ -102.39025989, 39.05493185 ], [ -102.35755779, 39.0617144 ], [ -102.32485572, 39.06405043 ], [ -102.29215362, 39.05726694 ], [ -102.26993106, 39.0463016 ], [ -102.25945152, 39.04022293 ], [ -102.22674942, 39.0198538 ], [ -102.21632568, 39.0135995 ], [ -102.19404733, 39.00137869 ], [ -102.16134523, 38.9852967 ], [ -102.15176155, 38.98089741 ], [ -102.12864313, 38.97176026 ], [ -102.09594103, 38.95963295 ], [ -102.06513079, 38.94819531 ], [ -102.06323896, 38.94755486 ], [ -102.03053686, 38.93596318 ], [ -101.99783476, 38.9238804 ], [ -101.9758466, 38.91549323 ], [ -101.96513266, 38.91166149 ], [ -101.93243057, 38.89951635 ], [ -101.89972847, 38.88659729 ], [ -101.89035736, 38.88279112 ], [ -101.86702637, 38.8734973 ], [ -101.83432427, 38.86002573 ], [ -101.81078039, 38.85008904 ], [ -101.80162219, 38.84618672 ], [ -101.7689201, 38.83239558 ], [ -101.736218, 38.81824098 ], [ -101.73419232, 38.81738693 ], [ -101.7035159, 38.80414496 ], [ -101.6708138, 38.79003004 ], [ -101.65809732, 38.78468485 ], [ -101.63811171, 38.77588654 ], [ -101.60540961, 38.7621194 ], [ -101.58005265, 38.75198275 ], [ -101.57270751, 38.74877533 ], [ -101.54000543, 38.73546566 ], [ -101.50730334, 38.72315598 ], [ -101.49628262, 38.71928066 ], [ -101.47460124, 38.71087676 ], [ -101.44189914, 38.69905336 ], [ -101.40919704, 38.68751297 ], [ -101.40691959, 38.68657856 ], [ -101.37649495, 38.67334493 ], [ -101.34379285, 38.65743948 ], [ -101.33765434, 38.65387645 ], [ -101.31109075, 38.63735204 ], [ -101.29384252, 38.62117437 ], [ -101.27838867, 38.60203291 ], [ -101.27148896, 38.58847227 ], [ -101.26330694, 38.55577018 ], [ -101.26360453, 38.52306808 ], [ -101.26950706, 38.49036599 ], [ -101.27506439, 38.45766389 ], [ -101.27838867, 38.44961131 ], [ -101.29328659, 38.42496181 ], [ -101.30996415, 38.3922597 ], [ -101.31109075, 38.38979827 ], [ -101.32760107, 38.3595576 ], [ -101.34379285, 38.33112646 ], [ -101.34635745, 38.32685551 ], [ -101.36842121, 38.29415341 ], [ -101.37649495, 38.28433526 ], [ -101.39451294, 38.26145132 ], [ -101.40919704, 38.24620642 ], [ -101.42480965, 38.22874922 ], [ -101.44189914, 38.21291061 ], [ -101.45858109, 38.19604714 ], [ -101.47460124, 38.18247117 ], [ -101.49526993, 38.16334503 ], [ -101.50730334, 38.15381396 ], [ -101.53424052, 38.13064295 ], [ -101.54000543, 38.1262869 ], [ -101.57270751, 38.09963958 ], [ -101.57464438, 38.09794084 ], [ -101.60540961, 38.07362225 ], [ -101.61538555, 38.06523874 ], [ -101.63811171, 38.04750237 ], [ -101.65623495, 38.03253666 ], [ -101.6708138, 38.02103675 ], [ -101.6962342, 37.99983455 ], [ -101.7035159, 37.99386287 ], [ -101.73458737, 37.96713247 ], [ -101.736218, 37.96570785 ], [ -101.7689201, 37.93593613 ], [ -101.77049585, 37.93443036 ], [ -101.80162219, 37.90312816 ], [ -101.80292316, 37.90172828 ], [ -101.83192849, 37.86902618 ], [ -101.83432427, 37.86623042 ], [ -101.85980733, 37.83632409 ], [ -101.86702637, 37.82778589 ], [ -101.888257, 37.80362199 ], [ -101.89972847, 37.79063794 ], [ -101.91983642, 37.77091988 ], [ -101.93243057, 37.75935183 ], [ -101.9615825, 37.7382178 ], [ -101.96513266, 37.73572177 ], [ -101.99783476, 37.71979789 ], [ -102.03053686, 37.71848766 ], [ -102.06323896, 37.73115672 ], [ -102.07357225, 37.7382178 ], [ -102.09594103, 37.75336014 ], [ -102.11718335, 37.77091988 ], [ -102.12864313, 37.78004641 ], [ -102.15783791, 37.80362199 ], [ -102.16134523, 37.80631843 ], [ -102.19404733, 37.82879692 ], [ -102.20566382, 37.83632409 ], [ -102.22674942, 37.84967935 ], [ -102.25626812, 37.86902618 ], [ -102.25945152, 37.87107452 ], [ -102.29215362, 37.89314887 ], [ -102.30412639, 37.90172828 ], [ -102.32485572, 37.91622994 ], [ -102.3494537, 37.93443036 ], [ -102.35755779, 37.940285 ], [ -102.39025989, 37.96513716 ], [ -102.39276436, 37.96713247 ], [ -102.42296199, 37.99071396 ], [ -102.4340832, 37.99983455 ], [ -102.45566409, 38.01727584 ], [ -102.47369512, 38.03253666 ], [ -102.48836619, 38.04515445 ], [ -102.50991352, 38.06523874 ], [ -102.52106828, 38.07612379 ], [ -102.54341485, 38.09794084 ], [ -102.55377038, 38.10890458 ], [ -102.57556585, 38.13064295 ], [ -102.58647248, 38.14251043 ], [ -102.60703654, 38.16334503 ], [ -102.61917456, 38.17674682 ], [ -102.63793681, 38.19604714 ], [ -102.65187665, 38.21168331 ], [ -102.6681991, 38.22874922 ], [ -102.68457875, 38.24746534 ], [ -102.69769731, 38.26145132 ], [ -102.71728085, 38.2843546 ], [ -102.72626675, 38.29415341 ], [ -102.74998295, 38.32274101 ], [ -102.75364541, 38.32685551 ], [ -102.78009342, 38.3595576 ], [ -102.78268504, 38.36309622 ], [ -102.80566299, 38.3922597 ], [ -102.81538714, 38.40629251 ], [ -102.82936209, 38.42496181 ], [ -102.84808924, 38.4539147 ], [ -102.85073055, 38.45766389 ], [ -102.87199102, 38.49036599 ], [ -102.88079132, 38.5053984 ], [ -102.89219778, 38.52306808 ], [ -102.9112006, 38.55577018 ], [ -102.91349341, 38.55990314 ], [ -102.93093426, 38.58847227 ], [ -102.94619551, 38.61638632 ], [ -102.94908312, 38.62117437 ], [ -102.96830074, 38.65387645 ], [ -102.97889761, 38.67349487 ], [ -102.98670382, 38.68657856 ], [ -103.00418191, 38.71928066 ], [ -103.01159971, 38.73522519 ], [ -103.02035898, 38.75198275 ], [ -103.03486999, 38.78468485 ], [ -103.0443018, 38.80998284 ], [ -103.04741028, 38.81738693 ], [ -103.05837392, 38.85008904 ], [ -103.06716101, 38.88279112 ], [ -103.07447612, 38.91549323 ], [ -103.0770039, 38.92739998 ], [ -103.08178602, 38.94819531 ], [ -103.09178767, 38.98089741 ], [ -103.10943428, 39.0135995 ], [ -103.109706, 39.01389051 ], [ -103.13810141, 39.0463016 ], [ -103.14240808, 39.05022366 ], [ -103.17126078, 39.07900371 ], [ -103.17511018, 39.08258235 ], [ -103.20406402, 39.11170579 ], [ -103.20781227, 39.11593181 ], [ -103.22946091, 39.14440789 ], [ -103.24051437, 39.17488899 ], [ -103.24110717, 39.17710998 ] ] ] } },
{ "type": "Feature", "properties": { "Lower": 39.5234 }, "geometry": { "type": "Polygon", "coordinates": [ [ [ -102.43005493, 35.80879418 ], [ -102.42845852, 35.84149628 ], [ -102.42502455, 35.87419837 ], [ -102.42296199, 35.88747385 ], [ -102.42005462, 35.90690047 ], [ -102.41357186, 35.93960256 ], [ -102.40554958, 35.97230466 ], [ -102.39596255, 36.00500676 ], [ -102.39025989, 36.02169473 ], [ -102.38493558, 36.03770885 ], [ -102.37257205, 36.07041095 ], [ -102.35879646, 36.10311304 ], [ -102.35755779, 36.10576296 ], [ -102.34384317, 36.13581514 ], [ -102.3274921, 36.16851722 ], [ -102.32485572, 36.17334463 ], [ -102.30993023, 36.20121933 ], [ -102.29215362, 36.23157684 ], [ -102.29080053, 36.23392141 ], [ -102.27007405, 36.26662352 ], [ -102.25945152, 36.28222589 ], [ -102.24813911, 36.29932562 ], [ -102.22674942, 36.33049128 ], [ -102.22572979, 36.3320277 ], [ -102.2032725, 36.36472981 ], [ -102.19404733, 36.3777927 ], [ -102.18077756, 36.39743189 ], [ -102.16134523, 36.42556171 ], [ -102.15835171, 36.430134 ], [ -102.13649347, 36.46283608 ], [ -102.12864313, 36.4744185 ], [ -102.11533674, 36.49553819 ], [ -102.09594103, 36.52632267 ], [ -102.09484129, 36.52824027 ], [ -102.07608763, 36.56094237 ], [ -102.06323896, 36.58390953 ], [ -102.05847759, 36.59364446 ], [ -102.04306293, 36.62634656 ], [ -102.03053686, 36.65506032 ], [ -102.02910115, 36.65904867 ], [ -102.0184254, 36.69175075 ], [ -102.00977838, 36.72445285 ], [ -102.00320509, 36.75715494 ], [ -101.99845829, 36.78985704 ], [ -101.99783476, 36.79579327 ], [ -101.99510039, 36.82255913 ], [ -101.99301209, 36.85526123 ], [ -101.99237769, 36.88796331 ], [ -101.99343282, 36.92066542 ], [ -101.99645914, 36.95336752 ], [ -101.99783476, 36.96174733 ], [ -102.0014721, 36.98606961 ], [ -102.00866105, 37.01877171 ], [ -102.01849519, 37.05147379 ], [ -102.03053686, 37.08197415 ], [ -102.03134244, 37.0841759 ], [ -102.04577501, 37.11687798 ], [ -102.06218414, 37.14958009 ], [ -102.06323896, 37.151886 ], [ -102.07541203, 37.18228217 ], [ -102.07684107, 37.21498427 ], [ -102.06921575, 37.24768638 ], [ -102.06323896, 37.25408963 ], [ -102.03281193, 37.28038846 ], [ -102.03053686, 37.28229427 ], [ -101.99783476, 37.30705262 ], [ -101.98775832, 37.31309057 ], [ -101.96513266, 37.32688452 ], [ -101.93243057, 37.33803631 ], [ -101.89972847, 37.34275414 ], [ -101.86702637, 37.34275847 ], [ -101.83432427, 37.339466 ], [ -101.80162219, 37.33199324 ], [ -101.7689201, 37.31924868 ], [ -101.74980486, 37.31309057 ], [ -101.736218, 37.30829628 ], [ -101.7035159, 37.30998507 ], [ -101.68991844, 37.31309057 ], [ -101.6708138, 37.31716749 ], [ -101.63811171, 37.32589774 ], [ -101.60540961, 37.33543872 ], [ -101.57270751, 37.34471024 ], [ -101.56848225, 37.34579265 ], [ -101.54000543, 37.35251694 ], [ -101.50730334, 37.35997758 ], [ -101.47460124, 37.36782843 ], [ -101.44189914, 37.37648257 ], [ -101.43455395, 37.37849476 ], [ -101.40919704, 37.38542094 ], [ -101.37649495, 37.39509945 ], [ -101.34379285, 37.40589273 ], [ -101.32867184, 37.41119684 ], [ -101.31109075, 37.41785859 ], [ -101.27838867, 37.43120309 ], [ -101.25080968, 37.44389894 ], [ -101.24568658, 37.44656797 ], [ -101.21298448, 37.46441757 ], [ -101.19314987, 37.47660103 ], [ -101.18028238, 37.48584315 ], [ -101.15067343, 37.50930313 ], [ -101.14758028, 37.51219815 ], [ -101.11753829, 37.54200524 ], [ -101.11487819, 37.54508201 ], [ -101.08997127, 37.57470732 ], [ -101.08217609, 37.58486758 ], [ -101.06480162, 37.60740942 ], [ -101.04947399, 37.62617205 ], [ -101.037725, 37.64011151 ], [ -101.01677191, 37.66856083 ], [ -101.01355811, 37.67281361 ], [ -100.99501709, 37.7055157 ], [ -100.98406981, 37.73401159 ], [ -100.98234733, 37.7382178 ], [ -100.97228443, 37.77091988 ], [ -100.96291295, 37.80362199 ], [ -100.95297381, 37.83632409 ], [ -100.95136772, 37.84129173 ], [ -100.93924771, 37.86902618 ], [ -100.92374133, 37.90172828 ], [ -100.91866562, 37.91161266 ], [ -100.9021863, 37.93443036 ], [ -100.88596352, 37.95635973 ], [ -100.873518, 37.96713247 ], [ -100.85326142, 37.98693721 ], [ -100.82548168, 37.99983455 ], [ -100.82055933, 38.00260166 ], [ -100.8034927, 37.99983455 ], [ -100.78785723, 37.99678926 ], [ -100.76234334, 37.96713247 ], [ -100.75515515, 37.95667164 ], [ -100.74558963, 37.93443036 ], [ -100.73569762, 37.90172828 ], [ -100.72980155, 37.86902618 ], [ -100.72649776, 37.83632409 ], [ -100.72441115, 37.80362199 ], [ -100.72245305, 37.77571231 ], [ -100.72208301, 37.77091988 ], [ -100.71819874, 37.7382178 ], [ -100.71482803, 37.7055157 ], [ -100.71149363, 37.67281361 ], [ -100.70783021, 37.64011151 ], [ -100.70329581, 37.60740942 ], [ -100.69502621, 37.57470732 ], [ -100.68975096, 37.55805149 ], [ -100.68529364, 37.54200524 ], [ -100.68258264, 37.50930313 ], [ -100.68863122, 37.47660103 ], [ -100.68975096, 37.47473095 ], [ -100.72245305, 37.44488914 ], [ -100.7237981, 37.44389894 ], [ -100.75515515, 37.423632 ], [ -100.77512593, 37.41119684 ], [ -100.78785723, 37.4039466 ], [ -100.82055933, 37.38592618 ], [ -100.83362174, 37.37849476 ], [ -100.85326142, 37.36752751 ], [ -100.88596352, 37.34713674 ], [ -100.88795453, 37.34579265 ], [ -100.91866562, 37.32183988 ], [ -100.92873465, 37.31309057 ], [ -100.95136772, 37.28540522 ], [ -100.95527264, 37.28038846 ], [ -100.97408854, 37.24768638 ], [ -100.98406981, 37.22532124 ], [ -100.98863772, 37.21498427 ], [ -101.00102524, 37.18228217 ], [ -101.01185165, 37.14958009 ], [ -101.01677191, 37.1335235 ], [ -101.02187255, 37.11687798 ], [ -101.03142661, 37.0841759 ], [ -101.04046835, 37.05147379 ], [ -101.04905463, 37.01877171 ], [ -101.04947399, 37.01715235 ], [ -101.05756634, 36.98606961 ], [ -101.06575556, 36.95336752 ], [ -101.07351802, 36.92066542 ], [ -101.08069776, 36.88796331 ], [ -101.08217609, 36.880545 ], [ -101.08731964, 36.85526123 ], [ -101.09288133, 36.82255913 ], [ -101.09731211, 36.78985704 ], [ -101.10068753, 36.75715494 ], [ -101.10306342, 36.72445285 ], [ -101.10447721, 36.69175075 ], [ -101.1050115, 36.65904867 ], [ -101.10471568, 36.62634656 ], [ -101.103648, 36.59364446 ], [ -101.10189371, 36.56094237 ], [ -101.09949894, 36.52824027 ], [ -101.09696107, 36.49553819 ], [ -101.09450295, 36.46283608 ], [ -101.09220782, 36.430134 ], [ -101.09014157, 36.39743189 ], [ -101.08841516, 36.36472981 ], [ -101.08711174, 36.3320277 ], [ -101.08628829, 36.29932562 ], [ -101.08600926, 36.26662352 ], [ -101.08627978, 36.23392141 ], [ -101.08722669, 36.20121933 ], [ -101.08889059, 36.16851722 ], [ -101.09130377, 36.13581514 ], [ -101.09458262, 36.10311304 ], [ -101.09879458, 36.07041095 ], [ -101.10401211, 36.03770885 ], [ -101.1103461, 36.00500676 ], [ -101.11487819, 35.98525727 ], [ -101.11796085, 35.97230466 ], [ -101.12710893, 35.93960256 ], [ -101.1377061, 35.90690047 ], [ -101.14758028, 35.88052066 ], [ -101.15003936, 35.87419837 ], [ -101.1645147, 35.84149628 ], [ -101.18028238, 35.81032373 ], [ -101.18108888, 35.80879418 ], [ -101.20050403, 35.7760921 ], [ -101.21298448, 35.75710299 ], [ -101.22245082, 35.74338999 ], [ -101.24568658, 35.71228884 ], [ -101.24694943, 35.71068791 ], [ -101.27460821, 35.6779858 ], [ -101.27838867, 35.67384007 ], [ -101.30621943, 35.6452837 ], [ -101.31109075, 35.64064796 ], [ -101.34301751, 35.61258162 ], [ -101.34379285, 35.61195196 ], [ -101.37649495, 35.58764453 ], [ -101.38816473, 35.57987951 ], [ -101.40919704, 35.56708463 ], [ -101.44189914, 35.54994538 ], [ -101.44804862, 35.54717743 ], [ -101.47460124, 35.53646127 ], [ -101.50730334, 35.52603855 ], [ -101.54000543, 35.51846283 ], [ -101.566534, 35.51447532 ], [ -101.57270751, 35.51367046 ], [ -101.60540961, 35.51130444 ], [ -101.63811171, 35.51022161 ], [ -101.6708138, 35.50962858 ], [ -101.7035159, 35.5092412 ], [ -101.736218, 35.5100807 ], [ -101.7689201, 35.51269567 ], [ -101.78026611, 35.51447532 ], [ -101.80162219, 35.5178413 ], [ -101.83432427, 35.52369021 ], [ -101.86702637, 35.51903878 ], [ -101.87505269, 35.51447532 ], [ -101.89972847, 35.50050016 ], [ -101.91890251, 35.48177324 ], [ -101.93243057, 35.46834437 ], [ -101.95072315, 35.44907114 ], [ -101.96513266, 35.433872 ], [ -101.98266527, 35.41636905 ], [ -101.99783476, 35.40107838 ], [ -102.01871188, 35.38366695 ], [ -102.03053686, 35.37286188 ], [ -102.06323896, 35.35676693 ], [ -102.09594103, 35.35292646 ], [ -102.12864313, 35.3585022 ], [ -102.16134523, 35.37089275 ], [ -102.18600681, 35.38366695 ], [ -102.19404733, 35.3884009 ], [ -102.22674942, 35.41048992 ], [ -102.23474113, 35.41636905 ], [ -102.25945152, 35.43687411 ], [ -102.27339097, 35.44907114 ], [ -102.29215362, 35.46773732 ], [ -102.30583812, 35.48177324 ], [ -102.32485572, 35.50419747 ], [ -102.33340094, 35.51447532 ], [ -102.35670815, 35.54717743 ], [ -102.35755779, 35.54858014 ], [ -102.37636683, 35.57987951 ], [ -102.39025989, 35.60811099 ], [ -102.39245652, 35.61258162 ], [ -102.40545986, 35.6452837 ], [ -102.41539853, 35.6779858 ], [ -102.42255776, 35.71068791 ], [ -102.42296199, 35.7135009 ], [ -102.42728906, 35.74338999 ], [ -102.42972643, 35.7760921 ], [ -102.43005493, 35.80879418 ] ] ] } },
{ "type": "Feature", "properties": { "Lower": 39.5234 }, "geometry": { "type": "Polygon", "coordinates": [ [ [ -99.64216565, 41.82597969 ], [ -99.64201065, 41.85868179 ], [ -99.64101934, 41.89138388 ], [ -99.6394129, 41.92408598 ], [ -99.6370399, 41.95678806 ], [ -99.63399493, 41.98949017 ], [ -99.63024178, 42.02219225 ], [ -99.62589212, 42.05489436 ], [ -99.62091288, 42.08759646 ], [ -99.61540187, 42.12029854 ], [ -99.61058181, 42.14600485 ], [ -99.60927001, 42.15300065 ], [ -99.6027099, 42.18570273 ], [ -99.59563198, 42.21840484 ], [ -99.5880627, 42.25110692 ], [ -99.58000262, 42.28380902 ], [ -99.57787972, 42.29208782 ], [ -99.57164892, 42.31651111 ], [ -99.56291112, 42.34921321 ], [ -99.55376976, 42.38191532 ], [ -99.54517762, 42.41144183 ], [ -99.54426317, 42.4146174 ], [ -99.53462508, 42.44731951 ], [ -99.52461228, 42.48002159 ], [ -99.51422017, 42.51272369 ], [ -99.51247552, 42.51816787 ], [ -99.503836, 42.54542578 ], [ -99.49315535, 42.57812788 ], [ -99.48229714, 42.61082996 ], [ -99.47977342, 42.61840074 ], [ -99.47144303, 42.64353207 ], [ -99.46027421, 42.67623417 ], [ -99.44908584, 42.70893626 ], [ -99.44707133, 42.7147443 ], [ -99.43779683, 42.74163836 ], [ -99.42654289, 42.77434045 ], [ -99.41587089, 42.80704255 ], [ -99.41436925, 42.81121966 ], [ -99.40397637, 42.83974463 ], [ -99.3926956, 42.87244674 ], [ -99.38166715, 42.90218609 ], [ -99.38061421, 42.90514882 ], [ -99.37050455, 42.93785093 ], [ -99.35953497, 42.97055303 ], [ -99.34896505, 43.00014236 ], [ -99.34789995, 43.00325511 ], [ -99.33832353, 43.03595722 ], [ -99.32801593, 43.0686593 ], [ -99.31798886, 43.10136141 ], [ -99.31626296, 43.10713751 ], [ -99.30845573, 43.13406349 ], [ -99.29945518, 43.16676559 ], [ -99.29078202, 43.19946768 ], [ -99.28356086, 43.22734652 ], [ -99.28232637, 43.23216978 ], [ -99.27423379, 43.26487189 ], [ -99.26634363, 43.29757397 ], [ -99.25886413, 43.33027608 ], [ -99.25224346, 43.36297816 ], [ -99.25085876, 43.36907699 ], [ -99.24477064, 43.39568026 ], [ -99.23819554, 43.42838235 ], [ -99.23195305, 43.46108445 ], [ -99.22584076, 43.49378653 ], [ -99.21958818, 43.52648864 ], [ -99.21815666, 43.53399115 ], [ -99.21334877, 43.55919072 ], [ -99.20673521, 43.59189283 ], [ -99.19968349, 43.62459493 ], [ -99.19214829, 43.65729702 ], [ -99.18545457, 43.68569791 ], [ -99.18442607, 43.68999912 ], [ -99.17616619, 43.7227012 ], [ -99.16739551, 43.75540331 ], [ -99.15824304, 43.78810539 ], [ -99.17727835, 43.8208075 ], [ -99.17716517, 43.8208075 ], [ -99.15275249, 43.796394 ], [ -99.14446389, 43.78810539 ], [ -99.12005039, 43.76369105 ], [ -99.11176266, 43.75540331 ], [ -99.08734829, 43.73098804 ], [ -99.07906146, 43.7227012 ], [ -99.05464619, 43.69828499 ], [ -99.04636032, 43.68999912 ], [ -99.0219441, 43.6655819 ], [ -99.01365921, 43.65729702 ], [ -98.989242, 43.63287876 ], [ -98.98095817, 43.62459493 ], [ -98.9565399, 43.60017556 ], [ -98.94825719, 43.59189283 ], [ -98.9238378, 43.5674723 ], [ -98.91555624, 43.55919072 ], [ -98.89113573, 43.534769 ], [ -98.88285535, 43.52648864 ], [ -98.85843363, 43.50206565 ], [ -98.85015452, 43.49378653 ], [ -98.82573153, 43.46936224 ], [ -98.81745373, 43.46108445 ], [ -98.79302943, 43.43665877 ], [ -98.78475302, 43.42838235 ], [ -98.76032734, 43.40395525 ], [ -98.75205233, 43.39568026 ], [ -98.72762524, 43.3712517 ], [ -98.71935172, 43.36297816 ], [ -98.69492314, 43.33854808 ], [ -98.68665112, 43.33027608 ], [ -98.66222104, 43.30584444 ], [ -98.65395059, 43.29757397 ], [ -98.62951897, 43.27314073 ], [ -98.62125009, 43.26487189 ], [ -98.59681687, 43.24043701 ], [ -98.56411477, 43.24043591 ], [ -98.55584863, 43.23216978 ], [ -98.53141267, 43.20773217 ], [ -98.52314819, 43.19946768 ], [ -98.49871058, 43.17502842 ], [ -98.49044773, 43.16676559 ], [ -98.46600848, 43.1423247 ], [ -98.45774728, 43.13406349 ], [ -98.43330638, 43.10962099 ], [ -98.4250468, 43.10136141 ], [ -98.40060428, 43.07691729 ], [ -98.3923463, 43.0686593 ], [ -98.3679022, 43.04421363 ], [ -98.35964579, 43.03595722 ], [ -98.33520011, 43.01150999 ], [ -98.32694523, 43.00325511 ], [ -98.30249801, 42.97880639 ], [ -98.29424466, 42.97055303 ], [ -98.26979591, 42.94610281 ], [ -98.26154402, 42.93785093 ], [ -98.23709381, 42.9133993 ], [ -98.22884335, 42.90514882 ], [ -98.20439172, 42.88069582 ], [ -98.19614264, 42.87244674 ], [ -98.17168962, 42.84799241 ], [ -98.16344187, 42.83974463 ], [ -98.13898752, 42.81528905 ], [ -98.13074102, 42.80704255 ], [ -98.10628544, 42.78258574 ], [ -98.09804013, 42.77434045 ], [ -98.07358335, 42.74988252 ], [ -98.06533919, 42.74163836 ], [ -98.04088125, 42.71717937 ], [ -98.03263814, 42.70893626 ], [ -98.00817915, 42.68447627 ], [ -97.97547705, 42.68447573 ], [ -97.96723551, 42.67623417 ], [ -97.94277496, 42.65177276 ], [ -97.93453425, 42.64353207 ], [ -97.91007286, 42.6190699 ], [ -97.90183294, 42.61082996 ], [ -97.87737076, 42.58636714 ], [ -97.86913152, 42.57812788 ], [ -97.84466868, 42.55366447 ], [ -97.83642999, 42.54542578 ], [ -97.81196658, 42.52096188 ], [ -97.80372838, 42.51272369 ], [ -97.77926449, 42.48825942 ], [ -97.77102665, 42.48002159 ], [ -97.74656239, 42.45555708 ], [ -97.73832481, 42.44731951 ], [ -97.71386029, 42.42285485 ], [ -97.70562285, 42.4146174 ], [ -97.68115819, 42.39015274 ], [ -97.67292077, 42.38191532 ], [ -97.6484561, 42.35745077 ], [ -97.64021854, 42.34921321 ], [ -97.615754, 42.32474896 ], [ -97.60751619, 42.31651111 ], [ -97.58305192, 42.29204727 ], [ -97.57481366, 42.28380902 ], [ -97.55034982, 42.25934576 ], [ -97.542111, 42.25110692 ], [ -97.51764773, 42.22664439 ], [ -97.50940816, 42.21840484 ], [ -97.48494563, 42.19394321 ], [ -97.47670516, 42.18570273 ], [ -97.45224353, 42.16124222 ], [ -97.44400197, 42.15300065 ], [ -97.41954143, 42.12854142 ], [ -97.41129856, 42.12029854 ], [ -97.38683934, 42.09584081 ], [ -97.35413724, 42.0958418 ], [ -97.34589191, 42.08759646 ], [ -97.32143516, 42.06314155 ], [ -97.31318796, 42.05489436 ], [ -97.28873306, 42.03044155 ], [ -97.28048377, 42.02219225 ], [ -97.25603097, 41.9977418 ], [ -97.24777933, 41.98949017 ], [ -97.22332887, 41.96504233 ], [ -97.2150746, 41.95678806 ], [ -97.19062677, 41.93234315 ], [ -97.18236961, 41.92408598 ], [ -97.15792467, 41.89964426 ], [ -97.14966429, 41.89138388 ], [ -97.12522257, 41.86694569 ], [ -97.11695866, 41.85868179 ], [ -97.09252048, 41.83424748 ], [ -97.0842527, 41.82597969 ], [ -97.0598184, 41.80154961 ], [ -97.05154638, 41.7932776 ], [ -97.0271163, 41.76885211 ], [ -97.01883968, 41.7605755 ], [ -96.9944142, 41.73615501 ], [ -96.9861326, 41.7278734 ], [ -96.96171211, 41.70345832 ], [ -96.9534251, 41.69517131 ], [ -96.92901001, 41.67076204 ], [ -96.92901001, 41.67064889 ], [ -96.96171211, 41.67379134 ], [ -96.97106596, 41.66246921 ], [ -96.9944142, 41.63370823 ], [ -96.99758826, 41.62976712 ], [ -97.02356053, 41.59706502 ], [ -97.0271163, 41.59252387 ], [ -97.04900039, 41.56436294 ], [ -97.0598184, 41.55019497 ], [ -97.07386451, 41.53166083 ], [ -97.09252048, 41.50659861 ], [ -97.09816536, 41.49895875 ], [ -97.122015, 41.46625664 ], [ -97.12522257, 41.46181926 ], [ -97.14553796, 41.43355454 ], [ -97.15792467, 41.41607926 ], [ -97.16864148, 41.40085246 ], [ -97.19062677, 41.36904065 ], [ -97.19123861, 41.36815035 ], [ -97.21371028, 41.33544827 ], [ -97.22332887, 41.32126946 ], [ -97.23581025, 41.30274616 ], [ -97.25603097, 41.27225122 ], [ -97.25748474, 41.27004408 ], [ -97.27909218, 41.23734197 ], [ -97.28873306, 41.22258722 ], [ -97.30038512, 41.20463989 ], [ -97.32119711, 41.17193779 ], [ -97.32143516, 41.17157188 ], [ -97.34242612, 41.1392357 ], [ -97.35413724, 41.12087402 ], [ -97.36321718, 41.1065336 ], [ -97.38387941, 41.07383149 ], [ -97.38683934, 41.06919719 ], [ -97.40462116, 41.04112941 ], [ -97.41954143, 41.01749173 ], [ -97.42521705, 41.00842731 ], [ -97.44592412, 40.97572522 ], [ -97.45224353, 40.96588895 ], [ -97.46680579, 40.94302312 ], [ -97.48494563, 40.91468541 ], [ -97.48771225, 40.91032103 ], [ -97.50903577, 40.87761893 ], [ -97.51764773, 40.86470763 ], [ -97.53069987, 40.84491685 ], [ -97.55034982, 40.81579926 ], [ -97.5527395, 40.81221474 ], [ -97.57555739, 40.77951264 ], [ -97.58305192, 40.76925955 ], [ -97.59921174, 40.74681055 ], [ -97.615754, 40.72503687 ], [ -97.62391719, 40.71410845 ], [ -97.6484561, 40.68340601 ], [ -97.65002646, 40.68140637 ], [ -97.6781536, 40.64870426 ], [ -97.68115819, 40.64555163 ], [ -97.7088389, 40.61600218 ], [ -97.71386029, 40.61125276 ], [ -97.74301492, 40.58330007 ], [ -97.74656239, 40.58034965 ], [ -97.77926449, 40.55310523 ], [ -97.78226498, 40.55059799 ], [ -97.81196658, 40.52812801 ], [ -97.8256332, 40.51789589 ], [ -97.84466868, 40.50493049 ], [ -97.87434413, 40.48519378 ], [ -97.87737076, 40.48341901 ], [ -97.91007286, 40.46496261 ], [ -97.93311804, 40.4524917 ], [ -97.94277496, 40.44818702 ], [ -97.97547705, 40.43450876 ], [ -98.00817915, 40.42203997 ], [ -98.01483256, 40.41978959 ], [ -98.04088125, 40.41345404 ], [ -98.07358335, 40.40780262 ], [ -98.10628544, 40.40467678 ], [ -98.13898752, 40.4034636 ], [ -98.17168962, 40.4036269 ], [ -98.20439172, 40.40436468 ], [ -98.23709381, 40.40497026 ], [ -98.26979591, 40.40471577 ], [ -98.30249801, 40.4022708 ], [ -98.33520011, 40.39388417 ], [ -98.34954152, 40.38708751 ], [ -98.3679022, 40.37844047 ], [ -98.40060428, 40.36890081 ], [ -98.43330638, 40.36756667 ], [ -98.46600848, 40.37663508 ], [ -98.48284567, 40.38708751 ], [ -98.49871058, 40.39856227 ], [ -98.52125903, 40.41978959 ], [ -98.53141267, 40.426184 ], [ -98.56411477, 40.43334386 ], [ -98.59681687, 40.43415523 ], [ -98.62951897, 40.43311375 ], [ -98.66222104, 40.43200074 ], [ -98.69492314, 40.43105962 ], [ -98.72762524, 40.4325641 ], [ -98.76032734, 40.43600714 ], [ -98.79302943, 40.44075305 ], [ -98.82573153, 40.44630089 ], [ -98.85711814, 40.4524917 ], [ -98.85843363, 40.45290544 ], [ -98.89113573, 40.46424188 ], [ -98.9238378, 40.47723502 ], [ -98.94205757, 40.48519378 ], [ -98.9565399, 40.4942408 ], [ -98.989242, 40.5160826 ], [ -98.99184732, 40.51789589 ], [ -99.0219441, 40.54608738 ], [ -99.0265965, 40.55059799 ], [ -99.05285832, 40.58330007 ], [ -99.05464619, 40.58605014 ], [ -99.0739624, 40.61600218 ], [ -99.08734829, 40.64081284 ], [ -99.09191444, 40.64870426 ], [ -99.11171422, 40.68140637 ], [ -99.12005039, 40.69452282 ], [ -99.13399605, 40.71410845 ], [ -99.15275249, 40.74039792 ], [ -99.15776578, 40.74681055 ], [ -99.18270313, 40.77951264 ], [ -99.18545457, 40.78323209 ], [ -99.208338, 40.81221474 ], [ -99.21815666, 40.82517551 ], [ -99.23399218, 40.84491685 ], [ -99.25085876, 40.86692163 ], [ -99.25947265, 40.87761893 ], [ -99.28356086, 40.90914658 ], [ -99.28450041, 40.91032103 ], [ -99.30931974, 40.94302312 ], [ -99.31626296, 40.95268727 ], [ -99.33351797, 40.97572522 ], [ -99.34896505, 40.9976528 ], [ -99.35687554, 41.00842731 ], [ -99.37952251, 41.04112941 ], [ -99.38166715, 41.04443623 ], [ -99.40152057, 41.07383149 ], [ -99.41436925, 41.09416807 ], [ -99.42250066, 41.1065336 ], [ -99.44248233, 41.1392357 ], [ -99.44707133, 41.14738988 ], [ -99.46145503, 41.17193779 ], [ -99.47934005, 41.20463989 ], [ -99.47977342, 41.20550452 ], [ -99.49634852, 41.23734197 ], [ -99.51182148, 41.27004408 ], [ -99.51247552, 41.27150376 ], [ -99.52721903, 41.30274616 ], [ -99.54117369, 41.33544827 ], [ -99.54517762, 41.34571907 ], [ -99.5542821, 41.36815035 ], [ -99.56642008, 41.40085246 ], [ -99.5771204, 41.43355454 ], [ -99.57787972, 41.435975 ], [ -99.58790618, 41.46625664 ], [ -99.59729336, 41.49895875 ], [ -99.60573191, 41.53166083 ], [ -99.61058181, 41.55298744 ], [ -99.61327691, 41.56436294 ], [ -99.61996823, 41.59706502 ], [ -99.62576214, 41.62976712 ], [ -99.63064564, 41.66246921 ], [ -99.63469451, 41.69517131 ], [ -99.63781146, 41.7278734 ], [ -99.64002109, 41.7605755 ], [ -99.64153188, 41.7932776 ], [ -99.64216565, 41.82597969 ] ] ] } },
{ "type": "Feature", "properties": { "Lower": 39.5234 }, "geometry": { "type": "Polygon", "coordinates": [ [ [ -104.54859818, 41.04930831 ], [ -104.54859818, 41.04942149 ], [ -104.5241841, 41.07383149 ], [ -104.52418161, 41.1065336 ], [ -104.51589608, 41.11481913 ], [ -104.49147578, 41.1392357 ], [ -104.48319398, 41.14751747 ], [ -104.45877017, 41.17193779 ], [ -104.45876806, 41.20463989 ], [ -104.4504919, 41.21291604 ], [ -104.42606284, 41.23734197 ], [ -104.4177898, 41.24561503 ], [ -104.39335793, 41.27004408 ], [ -104.39335641, 41.30274616 ], [ -104.38508771, 41.31101488 ], [ -104.36065222, 41.33544827 ], [ -104.35238561, 41.34371486 ], [ -104.32794835, 41.36815035 ], [ -104.32794745, 41.40085246 ], [ -104.31968351, 41.4091164 ], [ -104.29524402, 41.43355454 ], [ -104.28698141, 41.44181715 ], [ -104.26254081, 41.46625664 ], [ -104.2625403, 41.49895875 ], [ -104.25427932, 41.5072197 ], [ -104.22983739, 41.53166083 ], [ -104.22157722, 41.53992098 ], [ -104.19713464, 41.56436294 ], [ -104.19713441, 41.59706502 ], [ -104.18887514, 41.60532431 ], [ -104.16443194, 41.62976712 ], [ -104.16443186, 41.66246921 ], [ -104.15617304, 41.67072804 ], [ -104.13172957, 41.69517131 ], [ -104.12347095, 41.70342995 ], [ -104.09902741, 41.7278734 ], [ -104.09902749, 41.7605755 ], [ -104.09076885, 41.76883416 ], [ -104.06632551, 41.7932776 ], [ -104.05806675, 41.80153637 ], [ -104.03362369, 41.82597969 ], [ -104.03362396, 41.85868179 ], [ -104.02536465, 41.8669411 ], [ -104.00092235, 41.89138388 ], [ -103.99266256, 41.89964367 ], [ -103.96822086, 41.92408598 ], [ -103.96822131, 41.95678806 ], [ -103.95996046, 41.96504891 ], [ -103.93552001, 41.98949017 ], [ -103.92725838, 41.9977518 ], [ -103.90281883, 42.02219225 ], [ -103.90281944, 42.05489436 ], [ -103.89455628, 42.06315752 ], [ -103.87011839, 42.08759646 ], [ -103.86185419, 42.09586068 ], [ -103.83741743, 42.12029854 ], [ -103.83741809, 42.15300065 ], [ -103.82915209, 42.16126665 ], [ -103.80471719, 42.18570273 ], [ -103.79644999, 42.19396994 ], [ -103.77201626, 42.21840484 ], [ -103.7720169, 42.25110692 ], [ -103.76374789, 42.25937593 ], [ -103.73931592, 42.28380902 ], [ -103.73104579, 42.29207915 ], [ -103.70661489, 42.31651111 ], [ -103.7066154, 42.34921321 ], [ -103.6983437, 42.35748492 ], [ -103.67391424, 42.38191532 ], [ -103.6656416, 42.39018795 ], [ -103.641213, 42.4146174 ], [ -103.64121335, 42.44731951 ], [ -103.63293952, 42.45559334 ], [ -103.60851194, 42.48002159 ], [ -103.60023742, 42.48829612 ], [ -103.57581045, 42.51272369 ], [ -103.57581064, 42.54542578 ], [ -103.56753533, 42.5537011 ], [ -103.54310901, 42.57812788 ], [ -103.53483323, 42.58640367 ], [ -103.51040733, 42.61082996 ], [ -103.51040744, 42.64353207 ], [ -103.50213113, 42.65180838 ], [ -103.47770578, 42.67623417 ], [ -103.46942903, 42.68451091 ], [ -103.44500417, 42.70893626 ], [ -103.43672694, 42.71721348 ], [ -103.4123026, 42.74163836 ], [ -103.40402484, 42.74991609 ], [ -103.37960106, 42.77434045 ], [ -103.37960128, 42.80704255 ], [ -103.37132276, 42.81532107 ], [ -103.34689983, 42.83974463 ], [ -103.33862066, 42.84802381 ], [ -103.31419841, 42.87244674 ], [ -103.30591857, 42.88072659 ], [ -103.28149706, 42.90514882 ], [ -103.27321647, 42.91342943 ], [ -103.24879576, 42.93785093 ], [ -103.24051437, 42.94613231 ], [ -103.2160945, 42.97055303 ], [ -103.21609483, 43.00325511 ], [ -103.20781227, 43.01153768 ], [ -103.18339363, 43.03595722 ], [ -103.17511018, 43.04424067 ], [ -103.15069249, 43.0686593 ], [ -103.14240808, 43.07694372 ], [ -103.11799139, 43.10136141 ], [ -103.109706, 43.10964679 ], [ -103.08529031, 43.13406349 ], [ -103.08529076, 43.16676559 ], [ -103.0770039, 43.17505245 ], [ -103.05258973, 43.19946768 ], [ -103.0443018, 43.20775563 ], [ -103.01988875, 43.23216978 ], [ -103.01977557, 43.23216978 ], [ -103.01159971, 43.2066906 ], [ -103.00694158, 43.19946768 ], [ -102.9865066, 43.16676559 ], [ -102.97889761, 43.1541741 ], [ -102.96700182, 43.13406349 ], [ -102.94766641, 43.10136141 ], [ -102.94619551, 43.09889253 ], [ -102.92792497, 43.0686593 ], [ -102.91349341, 43.04533231 ], [ -102.90747679, 43.03595722 ], [ -102.88562045, 43.00325511 ], [ -102.88079132, 42.99637876 ], [ -102.86147371, 42.97055303 ], [ -102.84808924, 42.95340406 ], [ -102.83499192, 42.93785093 ], [ -102.81538714, 42.91615199 ], [ -102.80370367, 42.90514882 ], [ -102.78268504, 42.88661487 ], [ -102.76344404, 42.87244674 ], [ -102.74998295, 42.86320657 ], [ -102.71728085, 42.84470459 ], [ -102.70657783, 42.83974463 ], [ -102.68457875, 42.8301724 ], [ -102.65187665, 42.81913448 ], [ -102.61917456, 42.81085122 ], [ -102.59900281, 42.80704255 ], [ -102.58647248, 42.80478716 ], [ -102.55377038, 42.80072154 ], [ -102.52106828, 42.79792255 ], [ -102.48836619, 42.7946596 ], [ -102.45566409, 42.79102195 ], [ -102.42296199, 42.78668333 ], [ -102.39025989, 42.78175878 ], [ -102.35755779, 42.77623131 ], [ -102.34769101, 42.77434045 ], [ -102.32485572, 42.77004162 ], [ -102.29215362, 42.76311676 ], [ -102.25945152, 42.75553318 ], [ -102.22674942, 42.7472772 ], [ -102.20654466, 42.74163836 ], [ -102.19404733, 42.73815054 ], [ -102.16134523, 42.72791423 ], [ -102.12864313, 42.71661013 ], [ -102.1077273, 42.70893626 ], [ -102.09594103, 42.70463743 ], [ -102.06323896, 42.69164777 ], [ -102.03053686, 42.67773304 ], [ -102.02715426, 42.67623417 ], [ -101.99783476, 42.66339622 ], [ -101.96513266, 42.6481918 ], [ -101.95558336, 42.64353207 ], [ -101.93243057, 42.63223485 ], [ -101.89972847, 42.61479809 ], [ -101.89281649, 42.61082996 ], [ -101.86702637, 42.59574527 ], [ -101.83901403, 42.57812788 ], [ -101.83432427, 42.57510225 ], [ -101.80162219, 42.55266625 ], [ -101.79161742, 42.54542578 ], [ -101.7689201, 42.52855629 ], [ -101.74889204, 42.51272369 ], [ -101.736218, 42.50242604 ], [ -101.70998783, 42.48002159 ], [ -101.7035159, 42.4743759 ], [ -101.67394383, 42.44731951 ], [ -101.6708138, 42.44435071 ], [ -101.64063634, 42.4146174 ], [ -101.63811171, 42.41205448 ], [ -101.60969451, 42.38191532 ], [ -101.60540961, 42.37722861 ], [ -101.58067858, 42.34921321 ], [ -101.57270751, 42.33981678 ], [ -101.55359671, 42.31651111 ], [ -101.54000543, 42.29937887 ], [ -101.52805176, 42.28380902 ], [ -101.50730334, 42.25559744 ], [ -101.50408373, 42.25110692 ], [ -101.48169207, 42.21840484 ], [ -101.47460124, 42.20760276 ], [ -101.46048538, 42.18570273 ], [ -101.44189914, 42.15515492 ], [ -101.4406192, 42.15300065 ], [ -101.42196819, 42.12029854 ], [ -101.40919704, 42.09652196 ], [ -101.40448376, 42.08759646 ], [ -101.38823638, 42.05489436 ], [ -101.37649495, 42.03004725 ], [ -101.372863, 42.02219225 ], [ -101.35873294, 41.98949017 ], [ -101.34554577, 41.95678806 ], [ -101.34379285, 41.95208919 ], [ -101.33350587, 41.92408598 ], [ -101.32237232, 41.89138388 ], [ -101.31226206, 41.85868179 ], [ -101.31109075, 41.85461165 ], [ -101.30296973, 41.82597969 ], [ -101.29479224, 41.7932776 ], [ -101.28741462, 41.7605755 ], [ -101.28112793, 41.7278734 ], [ -101.27838867, 41.71120934 ], [ -101.27578797, 41.69517131 ], [ -101.27123486, 41.66246921 ], [ -101.26777376, 41.62976712 ], [ -101.26516016, 41.59706502 ], [ -101.26359663, 41.56436294 ], [ -101.26302983, 41.53166083 ], [ -101.26347302, 41.49895875 ], [ -101.26488347, 41.46625664 ], [ -101.26740344, 41.43355454 ], [ -101.27095353, 41.40085246 ], [ -101.27553862, 41.36815035 ], [ -101.27838867, 41.35131159 ], [ -101.28102289, 41.33544827 ], [ -101.28758253, 41.30274616 ], [ -101.29520351, 41.27004408 ], [ -101.3038518, 41.23734197 ], [ -101.31109075, 41.21344491 ], [ -101.3137008, 41.20463989 ], [ -101.32465034, 41.17193779 ], [ -101.3368575, 41.1392357 ], [ -101.34379285, 41.12256788 ], [ -101.35028291, 41.1065336 ], [ -101.36497125, 41.07383149 ], [ -101.37649495, 41.05054874 ], [ -101.38102, 41.04112941 ], [ -101.39847319, 41.00842731 ], [ -101.40919704, 40.99016137 ], [ -101.41738197, 40.97572522 ], [ -101.43772013, 40.94302312 ], [ -101.44189914, 40.93696823 ], [ -101.45958571, 40.91032103 ], [ -101.47460124, 40.88987831 ], [ -101.483176, 40.87761893 ], [ -101.50730334, 40.84568781 ], [ -101.50785488, 40.84491685 ], [ -101.53262551, 40.81221474 ], [ -101.54000543, 40.80295358 ], [ -101.55741563, 40.77951264 ], [ -101.57270751, 40.7598857 ], [ -101.58205524, 40.74681055 ], [ -101.60540961, 40.71550839 ], [ -101.60634756, 40.71410845 ], [ -101.62936247, 40.68140637 ], [ -101.63811171, 40.66954377 ], [ -101.65148382, 40.64870426 ], [ -101.6708138, 40.61963657 ], [ -101.67285909, 40.61600218 ], [ -101.69237142, 40.58330007 ], [ -101.7035159, 40.56571468 ], [ -101.71131757, 40.55059799 ], [ -101.73013443, 40.51789589 ], [ -101.736218, 40.50928396 ], [ -101.75083381, 40.48519378 ], [ -101.7689201, 40.46675855 ], [ -101.7831123, 40.4524917 ], [ -101.80162219, 40.44255616 ], [ -101.83432427, 40.43120547 ], [ -101.86702637, 40.4287271 ], [ -101.89972847, 40.42564383 ], [ -101.91636112, 40.41978959 ], [ -101.93243057, 40.40582724 ], [ -101.94302102, 40.38708751 ], [ -101.9593934, 40.3543854 ], [ -101.96513266, 40.34250511 ], [ -101.97561865, 40.32168332 ], [ -101.99160158, 40.28898122 ], [ -101.99783476, 40.27588787 ], [ -102.0082651, 40.25627913 ], [ -102.02548319, 40.22357703 ], [ -102.03053686, 40.2138546 ], [ -102.04510394, 40.19087492 ], [ -102.06323896, 40.16169841 ], [ -102.06689668, 40.15817284 ], [ -102.09594103, 40.12773038 ], [ -102.09990708, 40.12547074 ], [ -102.12864313, 40.10756861 ], [ -102.16134523, 40.09409755 ], [ -102.16583518, 40.09276865 ], [ -102.19404733, 40.08356765 ], [ -102.22674942, 40.07535182 ], [ -102.25945152, 40.06851189 ], [ -102.29215362, 40.0624801 ], [ -102.3066911, 40.06006655 ], [ -102.32485572, 40.05669497 ], [ -102.35755779, 40.0509585 ], [ -102.39025989, 40.04544092 ], [ -102.42296199, 40.04018191 ], [ -102.45566409, 40.03507527 ], [ -102.48836619, 40.03025479 ], [ -102.50916859, 40.02736446 ], [ -102.52106828, 40.02546844 ], [ -102.55377038, 40.02074787 ], [ -102.58647248, 40.01628718 ], [ -102.61917456, 40.01236009 ], [ -102.65187665, 40.00919763 ], [ -102.68457875, 40.00765007 ], [ -102.71728085, 40.00845863 ], [ -102.74998295, 40.01225237 ], [ -102.78268504, 40.01929846 ], [ -102.80710728, 40.02736446 ], [ -102.81538714, 40.02992665 ], [ -102.84808924, 40.0432181 ], [ -102.88079132, 40.05958326 ], [ -102.88158066, 40.06006655 ], [ -102.91349341, 40.07857417 ], [ -102.93524566, 40.09276865 ], [ -102.94619551, 40.09951367 ], [ -102.97889761, 40.12189647 ], [ -102.98368047, 40.12547074 ], [ -103.01159971, 40.14512038 ], [ -103.02895885, 40.15817284 ], [ -103.0443018, 40.16907439 ], [ -103.07323084, 40.19087492 ], [ -103.0770039, 40.19357 ], [ -103.109706, 40.21785718 ], [ -103.11713177, 40.22357703 ], [ -103.14240808, 40.24200889 ], [ -103.16153016, 40.25627913 ], [ -103.17511018, 40.26592018 ], [ -103.20686727, 40.28898122 ], [ -103.20781227, 40.28963559 ], [ -103.24051437, 40.31268377 ], [ -103.25314286, 40.32168332 ], [ -103.27321647, 40.33535979 ], [ -103.30077115, 40.3543854 ], [ -103.30591857, 40.35779585 ], [ -103.33862066, 40.37980196 ], [ -103.34929744, 40.38708751 ], [ -103.37132276, 40.4015369 ], [ -103.39872464, 40.41978959 ], [ -103.40402484, 40.42321106 ], [ -103.43672694, 40.44477176 ], [ -103.44814964, 40.4524917 ], [ -103.46942903, 40.46648759 ], [ -103.49713838, 40.48519378 ], [ -103.50213113, 40.48850683 ], [ -103.53483323, 40.51089491 ], [ -103.544727, 40.51789589 ], [ -103.56753533, 40.53388625 ], [ -103.59046507, 40.55059799 ], [ -103.60023742, 40.55773121 ], [ -103.63293952, 40.58260211 ], [ -103.63382581, 40.58330007 ], [ -103.6656416, 40.60875288 ], [ -103.67439084, 40.61600218 ], [ -103.6983437, 40.63636599 ], [ -103.71250382, 40.64870426 ], [ -103.73104579, 40.66543286 ], [ -103.74891801, 40.68140637 ], [ -103.76374789, 40.69505192 ], [ -103.78548395, 40.71410845 ], [ -103.79644999, 40.72370598 ], [ -103.82634048, 40.74681055 ], [ -103.82915209, 40.74894317 ], [ -103.86185419, 40.77119343 ], [ -103.87536184, 40.77951264 ], [ -103.89455628, 40.79116074 ], [ -103.92725838, 40.80837926 ], [ -103.93579993, 40.81221474 ], [ -103.95996046, 40.82296112 ], [ -103.99266256, 40.83557637 ], [ -104.02021296, 40.84491685 ], [ -104.02536465, 40.84666344 ], [ -104.05806675, 40.85662433 ], [ -104.09076885, 40.86617026 ], [ -104.12347095, 40.87730083 ], [ -104.1242399, 40.87761893 ], [ -104.15617304, 40.89175988 ], [ -104.18887514, 40.90600314 ], [ -104.19881151, 40.91032103 ], [ -104.22157722, 40.92047999 ], [ -104.25427932, 40.93514577 ], [ -104.27175359, 40.94302312 ], [ -104.28698141, 40.95006418 ], [ -104.31968351, 40.96534329 ], [ -104.34169462, 40.97572522 ], [ -104.35238561, 40.98090023 ], [ -104.38508771, 40.99697803 ], [ -104.4081586, 41.00842731 ], [ -104.4177898, 41.01333516 ], [ -104.4504919, 41.03027087 ], [ -104.47126143, 41.04112941 ], [ -104.48319398, 41.04752601 ], [ -104.51589608, 41.06533058 ], [ -104.54859818, 41.04930831 ] ], [ [ -102.99585651, 41.1392357 ], [ -102.97889761, 41.1533554 ], [ -102.94619551, 41.16357538 ], [ -102.91349341, 41.16621615 ], [ -102.88079132, 41.15726146 ], [ -102.84808924, 41.14528729 ], [ -102.83138716, 41.1392357 ], [ -102.81538714, 41.12506919 ], [ -102.78268504, 41.10805267 ], [ -102.77942813, 41.1065336 ], [ -102.78268504, 41.09569678 ], [ -102.81538714, 41.08172414 ], [ -102.84808924, 41.08666998 ], [ -102.88079132, 41.09435014 ], [ -102.91349341, 41.10425655 ], [ -102.91851135, 41.1065336 ], [ -102.94619551, 41.11662711 ], [ -102.97889761, 41.1253058 ], [ -102.99585651, 41.1392357 ] ] ] } },
{ "type": "Feature", "properties": { "Lower": 50.0 }, "geometry": { "type": "Polygon", "coordinates": [ [ [ -96.57661315, 39.17710998 ], [ -96.56928696, 39.17959304 ], [ -96.56417564, 39.17710998 ], [ -96.56928696, 39.17488373 ], [ -96.57661315, 39.17710998 ] ] ] } },
{ "type": "Feature", "properties": { "Lower": 50.0 }, "geometry": { "type": "Polygon", "coordinates": [ [ [ -102.99585651, 41.1392357 ], [ -102.97889761, 41.1533554 ], [ -102.94619551, 41.16357538 ], [ -102.91349341, 41.16621615 ], [ -102.88079132, 41.15726146 ], [ -102.84808924, 41.14528729 ], [ -102.83138716, 41.1392357 ], [ -102.81538714, 41.12506919 ], [ -102.78268504, 41.10805267 ], [ -102.77942813, 41.1065336 ], [ -102.78268504, 41.09569678 ], [ -102.81538714, 41.08172414 ], [ -102.84808924, 41.08666998 ], [ -102.88079132, 41.09435014 ], [ -102.91349341, 41.10425655 ], [ -102.91851135, 41.1065336 ], [ -102.94619551, 41.11662711 ], [ -102.97889761, 41.1253058 ], [ -102.99585651, 41.1392357 ] ] ] } },
{ "type": "Feature", "properties": { "Lower": 50.0 }, "geometry": { "type": "Polygon", "coordinates": [ [ [ -101.1273707, 39.37332256 ], [ -101.11721077, 39.40602465 ], [ -101.11487819, 39.41087707 ], [ -101.10163298, 39.43872675 ], [ -101.08748334, 39.47142883 ], [ -101.08217609, 39.48361315 ], [ -101.06737198, 39.50413094 ], [ -101.04947399, 39.52804606 ], [ -101.03842104, 39.53683302 ], [ -101.01677191, 39.55466385 ], [ -100.99069529, 39.56953513 ], [ -100.98406981, 39.57356228 ], [ -100.95136772, 39.58802602 ], [ -100.91866562, 39.59681185 ], [ -100.88596352, 39.60051945 ], [ -100.85326142, 39.59934769 ], [ -100.82055933, 39.59306397 ], [ -100.78785723, 39.58167346 ], [ -100.76544797, 39.56953513 ], [ -100.75515515, 39.559232 ], [ -100.73857562, 39.53683302 ], [ -100.73160057, 39.50413094 ], [ -100.73436136, 39.47142883 ], [ -100.74216704, 39.43872675 ], [ -100.75405764, 39.40602465 ], [ -100.75515515, 39.40363424 ], [ -100.76681344, 39.37332256 ], [ -100.78404442, 39.34062046 ], [ -100.78785723, 39.33487697 ], [ -100.80336435, 39.30791835 ], [ -100.82055933, 39.28535963 ], [ -100.82719029, 39.27521627 ], [ -100.85326142, 39.2445373 ], [ -100.85475161, 39.24251417 ], [ -100.88463515, 39.20981208 ], [ -100.88596352, 39.2086839 ], [ -100.91866562, 39.18193705 ], [ -100.92662673, 39.17710998 ], [ -100.95136772, 39.16374176 ], [ -100.98406981, 39.15796957 ], [ -101.01677191, 39.16920963 ], [ -101.02474626, 39.17710998 ], [ -101.04947399, 39.19955279 ], [ -101.06017475, 39.20981208 ], [ -101.08217609, 39.23516761 ], [ -101.08777513, 39.24251417 ], [ -101.10550559, 39.27521627 ], [ -101.11487819, 39.30224758 ], [ -101.11645214, 39.30791835 ], [ -101.12365027, 39.34062046 ], [ -101.1273707, 39.37332256 ] ], [ [ -101.1157121, 39.37332256 ], [ -101.11487819, 39.37596674 ], [ -101.10365659, 39.40602465 ], [ -101.08928562, 39.43872675 ], [ -101.08217609, 39.45434112 ], [ -101.06856732, 39.47142883 ], [ -101.04947399, 39.49698996 ], [ -101.04002584, 39.50413094 ], [ -101.01677191, 39.52277974 ], [ -100.99079035, 39.53683302 ], [ -100.98406981, 39.5406938 ], [ -100.95136772, 39.55047553 ], [ -100.91866562, 39.55377595 ], [ -100.88596352, 39.55093797 ], [ -100.85326142, 39.54073351 ], [ -100.84599143, 39.53683302 ], [ -100.82055933, 39.51314497 ], [ -100.81394516, 39.50413094 ], [ -100.80420582, 39.47142883 ], [ -100.80479725, 39.43872675 ], [ -100.81174339, 39.40602465 ], [ -100.82055933, 39.38145784 ], [ -100.82326822, 39.37332256 ], [ -100.83808403, 39.34062046 ], [ -100.85326142, 39.31325342 ], [ -100.85611475, 39.30791835 ], [ -100.87690812, 39.27521627 ], [ -100.88596352, 39.26318968 ], [ -100.90212352, 39.24251417 ], [ -100.91866562, 39.22555684 ], [ -100.93809447, 39.20981208 ], [ -100.95136772, 39.20128796 ], [ -100.98406981, 39.18901843 ], [ -101.01677191, 39.19337021 ], [ -101.03548764, 39.20981208 ], [ -101.04947399, 39.22023499 ], [ -101.0689922, 39.24251417 ], [ -101.08217609, 39.26025457 ], [ -101.09074423, 39.27521627 ], [ -101.10355636, 39.30791835 ], [ -101.11249997, 39.34062046 ], [ -101.11487819, 39.36398078 ], [ -101.1157121, 39.37332256 ] ] ] } },
{ "type": "Feature", "properties": { "Lower": 50.0 }, "geometry": { "type": "Polygon", "coordinates": [ [ [ -97.79993261, 37.44389894 ], [ -97.78274984, 37.47660103 ], [ -97.77926449, 37.48058853 ], [ -97.75519951, 37.50930313 ], [ -97.74656239, 37.51738894 ], [ -97.72197882, 37.54200524 ], [ -97.71386029, 37.54930903 ], [ -97.6887619, 37.57470732 ], [ -97.68115819, 37.58202585 ], [ -97.6568254, 37.60740942 ], [ -97.6484561, 37.61577871 ], [ -97.62540408, 37.64011151 ], [ -97.615754, 37.64966301 ], [ -97.59324713, 37.67281361 ], [ -97.58305192, 37.68236396 ], [ -97.55867551, 37.7055157 ], [ -97.55034982, 37.71250626 ], [ -97.51927106, 37.7382178 ], [ -97.51764773, 37.73942839 ], [ -97.48494563, 37.76272374 ], [ -97.47388209, 37.77091988 ], [ -97.45224353, 37.78672815 ], [ -97.4316379, 37.80362199 ], [ -97.41954143, 37.81310155 ], [ -97.39161275, 37.83632409 ], [ -97.38683934, 37.8397951 ], [ -97.35413724, 37.85694386 ], [ -97.32143516, 37.85204812 ], [ -97.29191834, 37.83632409 ], [ -97.28873306, 37.83443998 ], [ -97.25603097, 37.81178077 ], [ -97.24503885, 37.80362199 ], [ -97.22332887, 37.78461969 ], [ -97.20805499, 37.77091988 ], [ -97.19062677, 37.75035872 ], [ -97.17924598, 37.7382178 ], [ -97.15809952, 37.7055157 ], [ -97.15792467, 37.70504253 ], [ -97.14388714, 37.67281361 ], [ -97.14354743, 37.64011151 ], [ -97.15792467, 37.62134109 ], [ -97.17189952, 37.60740942 ], [ -97.19062677, 37.59981034 ], [ -97.22332887, 37.59018587 ], [ -97.25603097, 37.58585735 ], [ -97.28873306, 37.5868853 ], [ -97.32143516, 37.58612013 ], [ -97.35086572, 37.57470732 ], [ -97.35413724, 37.57366327 ], [ -97.38683934, 37.55026911 ], [ -97.39774106, 37.54200524 ], [ -97.41954143, 37.5254206 ], [ -97.43963429, 37.50930313 ], [ -97.45224353, 37.49883872 ], [ -97.47699965, 37.47660103 ], [ -97.48494563, 37.46915043 ], [ -97.51030614, 37.44389894 ], [ -97.51764773, 37.43723629 ], [ -97.54560423, 37.41119684 ], [ -97.55034982, 37.40826691 ], [ -97.58305192, 37.39045016 ], [ -97.615754, 37.37972014 ], [ -97.61887241, 37.37849476 ], [ -97.6484561, 37.37512798 ], [ -97.68115819, 37.37524601 ], [ -97.71386029, 37.37782318 ], [ -97.72055341, 37.37849476 ], [ -97.74656239, 37.38794624 ], [ -97.77926449, 37.40197444 ], [ -97.79548452, 37.41119684 ], [ -97.79993261, 37.44389894 ] ] ] } },
{ "type": "Feature", "properties": { "Lower": 50.0 }, "geometry": { "type": "Polygon", "coordinates": [ [ [ -102.13323884, 39.66764142 ], [ -102.12864313, 39.6693854 ], [ -102.09594103, 39.69091439 ], [ -102.08621761, 39.7003435 ], [ -102.06323896, 39.71148472 ], [ -102.03053686, 39.73074476 ], [ -102.02757861, 39.73304561 ], [ -101.99783476, 39.74902917 ], [ -101.96795889, 39.76574769 ], [ -101.96513266, 39.76692318 ], [ -101.93243057, 39.78355497 ], [ -101.90277998, 39.7984498 ], [ -101.89972847, 39.79963601 ], [ -101.86702637, 39.81470304 ], [ -101.83432427, 39.8293418 ], [ -101.83077606, 39.83115188 ], [ -101.80162219, 39.84328098 ], [ -101.7689201, 39.85691416 ], [ -101.75337444, 39.86385398 ], [ -101.736218, 39.87033156 ], [ -101.7035159, 39.8835126 ], [ -101.67205921, 39.89655607 ], [ -101.6708138, 39.8970026 ], [ -101.63811171, 39.91059971 ], [ -101.60540961, 39.92454251 ], [ -101.59269793, 39.92925817 ], [ -101.57270751, 39.93617535 ], [ -101.54000543, 39.94719504 ], [ -101.50730334, 39.95700234 ], [ -101.48418289, 39.96196028 ], [ -101.47460124, 39.96388261 ], [ -101.44189914, 39.96772283 ], [ -101.40919704, 39.96951005 ], [ -101.37649495, 39.969265 ], [ -101.34379285, 39.96642705 ], [ -101.32098395, 39.96196028 ], [ -101.31109075, 39.95909253 ], [ -101.27838867, 39.94217321 ], [ -101.26371861, 39.92925817 ], [ -101.24577097, 39.89655607 ], [ -101.24568658, 39.89619226 ], [ -101.23943325, 39.86385398 ], [ -101.23942037, 39.83115188 ], [ -101.24457768, 39.7984498 ], [ -101.24568658, 39.79508386 ], [ -101.25512055, 39.76574769 ], [ -101.2715698, 39.73304561 ], [ -101.27838867, 39.72373629 ], [ -101.29642451, 39.7003435 ], [ -101.31109075, 39.68605813 ], [ -101.33301765, 39.66764142 ], [ -101.34379285, 39.66015898 ], [ -101.37649495, 39.64099086 ], [ -101.38804761, 39.63493932 ], [ -101.40919704, 39.62483004 ], [ -101.44189914, 39.60923499 ], [ -101.45597272, 39.60223721 ], [ -101.47460124, 39.59334431 ], [ -101.50730334, 39.57658474 ], [ -101.52059013, 39.56953513 ], [ -101.54000543, 39.55763827 ], [ -101.57270751, 39.5388039 ], [ -101.57697026, 39.53683302 ], [ -101.60540961, 39.52093967 ], [ -101.63811171, 39.50634609 ], [ -101.64507138, 39.50413094 ], [ -101.6708138, 39.49378913 ], [ -101.7035159, 39.48468765 ], [ -101.736218, 39.47908956 ], [ -101.7689201, 39.47665308 ], [ -101.80162219, 39.47698454 ], [ -101.83432427, 39.47984696 ], [ -101.86702637, 39.48593195 ], [ -101.89972847, 39.49834596 ], [ -101.91021759, 39.50413094 ], [ -101.93243057, 39.51617738 ], [ -101.96382572, 39.53683302 ], [ -101.96513266, 39.53782265 ], [ -101.99783476, 39.55978505 ], [ -102.01491086, 39.56953513 ], [ -102.03053686, 39.58219144 ], [ -102.06195648, 39.60223721 ], [ -102.06323896, 39.6036955 ], [ -102.09594103, 39.62825248 ], [ -102.10998343, 39.63493932 ], [ -102.12864313, 39.66488969 ], [ -102.13323884, 39.66764142 ] ], [ [ -101.86875474, 39.66764142 ], [ -101.86702637, 39.67232021 ], [ -101.85817686, 39.7003435 ], [ -101.8347914, 39.73304561 ], [ -101.83432427, 39.73349666 ], [ -101.80271528, 39.76574769 ], [ -101.80162219, 39.76658498 ], [ -101.7689201, 39.79278005 ], [ -101.76212005, 39.7984498 ], [ -101.736218, 39.81544462 ], [ -101.71292249, 39.83115188 ], [ -101.7035159, 39.83633882 ], [ -101.6708138, 39.85531746 ], [ -101.65692896, 39.86385398 ], [ -101.63811171, 39.8735693 ], [ -101.60540961, 39.88982254 ], [ -101.58945187, 39.89655607 ], [ -101.57270751, 39.90254698 ], [ -101.54000543, 39.91281486 ], [ -101.50730334, 39.92234756 ], [ -101.47594133, 39.92925817 ], [ -101.47460124, 39.92952046 ], [ -101.44189914, 39.93237813 ], [ -101.40919704, 39.9319309 ], [ -101.39011078, 39.92925817 ], [ -101.37649495, 39.92636358 ], [ -101.34379285, 39.91204689 ], [ -101.32305397, 39.89655607 ], [ -101.31109075, 39.87960354 ], [ -101.30295588, 39.86385398 ], [ -101.29661004, 39.83115188 ], [ -101.29843346, 39.7984498 ], [ -101.30725955, 39.76574769 ], [ -101.31109075, 39.75810578 ], [ -101.32486916, 39.73304561 ], [ -101.34379285, 39.71098805 ], [ -101.3547377, 39.7003435 ], [ -101.37649495, 39.6851042 ], [ -101.40518453, 39.66764142 ], [ -101.40919704, 39.66557772 ], [ -101.44189914, 39.65012301 ], [ -101.47181165, 39.63493932 ], [ -101.47460124, 39.63363109 ], [ -101.50730334, 39.61780196 ], [ -101.53730355, 39.60223721 ], [ -101.54000543, 39.60089117 ], [ -101.57270751, 39.58733046 ], [ -101.60540961, 39.57634202 ], [ -101.63284313, 39.56953513 ], [ -101.63811171, 39.56807214 ], [ -101.6708138, 39.56273901 ], [ -101.7035159, 39.56047434 ], [ -101.736218, 39.56130984 ], [ -101.7689201, 39.5659419 ], [ -101.78218785, 39.56953513 ], [ -101.80162219, 39.57697916 ], [ -101.83432427, 39.59675036 ], [ -101.84124134, 39.60223721 ], [ -101.8643515, 39.63493932 ], [ -101.86702637, 39.65401766 ], [ -101.86875474, 39.66764142 ] ] ] } },
{ "type": "Feature", "properties": { "Lower": 50.0 }, "geometry": { "type": "Polygon", "coordinates": [ [ [ -99.30527615, 37.54200524 ], [ -99.30439237, 37.57470732 ], [ -99.29911761, 37.60740942 ], [ -99.28864065, 37.64011151 ], [ -99.28356086, 37.65036133 ], [ -99.27235131, 37.67281361 ], [ -99.25085876, 37.70232777 ], [ -99.24851303, 37.7055157 ], [ -99.21815666, 37.73633204 ], [ -99.21627377, 37.7382178 ], [ -99.18545457, 37.76226907 ], [ -99.17416446, 37.77091988 ], [ -99.15275249, 37.78385875 ], [ -99.12044567, 37.80362199 ], [ -99.12005039, 37.80382346 ], [ -99.08734829, 37.8225597 ], [ -99.06514125, 37.83632409 ], [ -99.05464619, 37.84128731 ], [ -99.0219441, 37.85645627 ], [ -98.989242, 37.86726561 ], [ -98.98355206, 37.86902618 ], [ -98.9565399, 37.87600447 ], [ -98.9238378, 37.87990622 ], [ -98.89113573, 37.87438085 ], [ -98.88010349, 37.86902618 ], [ -98.85843363, 37.85897164 ], [ -98.83048803, 37.83632409 ], [ -98.82573153, 37.83208032 ], [ -98.80090876, 37.80362199 ], [ -98.79302943, 37.79199899 ], [ -98.77856616, 37.77091988 ], [ -98.76032734, 37.74871078 ], [ -98.74882556, 37.7382178 ], [ -98.72762524, 37.71145914 ], [ -98.7142084, 37.7055157 ], [ -98.69492314, 37.69575493 ], [ -98.66683684, 37.67281361 ], [ -98.66222104, 37.66737478 ], [ -98.64779568, 37.64011151 ], [ -98.63565214, 37.60740942 ], [ -98.62951897, 37.58767306 ], [ -98.62655494, 37.57470732 ], [ -98.61948243, 37.54200524 ], [ -98.61327428, 37.50930313 ], [ -98.60909605, 37.47660103 ], [ -98.60267071, 37.44389894 ], [ -98.59681687, 37.41624209 ], [ -98.59594986, 37.41119684 ], [ -98.59312807, 37.37849476 ], [ -98.59142389, 37.34579265 ], [ -98.59071018, 37.31309057 ], [ -98.59099641, 37.28038846 ], [ -98.59246604, 37.24768638 ], [ -98.59536809, 37.21498427 ], [ -98.59681687, 37.20423079 ], [ -98.60168418, 37.18228217 ], [ -98.61219996, 37.14958009 ], [ -98.62726531, 37.11687798 ], [ -98.62951897, 37.11291131 ], [ -98.66078685, 37.0841759 ], [ -98.66222104, 37.08310205 ], [ -98.69492314, 37.06829627 ], [ -98.72762524, 37.05951391 ], [ -98.76032734, 37.05352083 ], [ -98.77863152, 37.05147379 ], [ -98.79302943, 37.04999494 ], [ -98.82573153, 37.05008713 ], [ -98.8387859, 37.05147379 ], [ -98.85843363, 37.05344894 ], [ -98.89113573, 37.05983218 ], [ -98.9238378, 37.0691554 ], [ -98.9565399, 37.08130978 ], [ -98.96273817, 37.0841759 ], [ -98.989242, 37.09643149 ], [ -99.0219441, 37.11434284 ], [ -99.02595517, 37.11687798 ], [ -99.05464619, 37.1354536 ], [ -99.07374269, 37.14958009 ], [ -99.08734829, 37.16004733 ], [ -99.11276931, 37.18228217 ], [ -99.12005039, 37.18903799 ], [ -99.14480596, 37.21498427 ], [ -99.15275249, 37.22391958 ], [ -99.17252827, 37.24768638 ], [ -99.18545457, 37.26419882 ], [ -99.19757727, 37.28038846 ], [ -99.21815666, 37.31007438 ], [ -99.22019107, 37.31309057 ], [ -99.24035206, 37.34579265 ], [ -99.25085876, 37.36486147 ], [ -99.25828351, 37.37849476 ], [ -99.27376324, 37.41119684 ], [ -99.28356086, 37.43674805 ], [ -99.28635165, 37.44389894 ], [ -99.29595058, 37.47660103 ], [ -99.30234383, 37.50930313 ], [ -99.30527615, 37.54200524 ] ], [ [ -99.13137964, 37.54200524 ], [ -99.12838107, 37.57470732 ], [ -99.12090066, 37.60740942 ], [ -99.12005039, 37.6096367 ], [ -99.10889838, 37.64011151 ], [ -99.09183208, 37.67281361 ], [ -99.08734829, 37.67907671 ], [ -99.06985194, 37.7055157 ], [ -99.05464619, 37.72281056 ], [ -99.04245731, 37.7382178 ], [ -99.0219441, 37.75953708 ], [ -99.0125232, 37.77091988 ], [ -98.989242, 37.79414441 ], [ -98.98085901, 37.80362199 ], [ -98.9565399, 37.82120539 ], [ -98.9238378, 37.83450096 ], [ -98.89113573, 37.83417487 ], [ -98.85843363, 37.82035446 ], [ -98.84021892, 37.80362199 ], [ -98.82573153, 37.79269243 ], [ -98.8080148, 37.77091988 ], [ -98.79302943, 37.75582978 ], [ -98.7770601, 37.7382178 ], [ -98.76032734, 37.72263722 ], [ -98.74440929, 37.7055157 ], [ -98.72946301, 37.67281361 ], [ -98.72762524, 37.66730544 ], [ -98.7041253, 37.64011151 ], [ -98.69492314, 37.61183073 ], [ -98.69239321, 37.60740942 ], [ -98.68403813, 37.57470732 ], [ -98.68208681, 37.54200524 ], [ -98.68571536, 37.50930313 ], [ -98.68465914, 37.47660103 ], [ -98.69149763, 37.44389894 ], [ -98.69492314, 37.43166482 ], [ -98.69911947, 37.41119684 ], [ -98.7088017, 37.37849476 ], [ -98.72189955, 37.34579265 ], [ -98.72762524, 37.33403803 ], [ -98.74161006, 37.31309057 ], [ -98.76032734, 37.28941768 ], [ -98.77166976, 37.28038846 ], [ -98.79302943, 37.26503299 ], [ -98.82573153, 37.25215154 ], [ -98.85679505, 37.24768638 ], [ -98.85843363, 37.24746456 ], [ -98.86206152, 37.24768638 ], [ -98.89113573, 37.24951734 ], [ -98.9238378, 37.25745988 ], [ -98.9565399, 37.27048668 ], [ -98.97485803, 37.28038846 ], [ -98.989242, 37.28874043 ], [ -99.0219441, 37.31273562 ], [ -99.02234481, 37.31309057 ], [ -99.05464619, 37.34492304 ], [ -99.05539489, 37.34579265 ], [ -99.08070005, 37.37849476 ], [ -99.08734829, 37.38867833 ], [ -99.10049444, 37.41119684 ], [ -99.11496697, 37.44389894 ], [ -99.12005039, 37.46044238 ], [ -99.12470797, 37.47660103 ], [ -99.13012043, 37.50930313 ], [ -99.13137964, 37.54200524 ] ] ] } },
{ "type": "Feature", "properties": { "Lower": 50.0 }, "geometry": { "type": "Polygon", "coordinates": [ [ [ -100.78785723, 31.61472883 ], [ -100.78785723, 31.61475042 ], [ -100.78070676, 31.622926 ], [ -100.75515515, 31.63902714 ], [ -100.72990896, 31.6556281 ], [ -100.72245305, 31.66046454 ], [ -100.68975096, 31.6823548 ], [ -100.68078729, 31.68833019 ], [ -100.65704886, 31.70415483 ], [ -100.63334853, 31.72103229 ], [ -100.62434676, 31.72744343 ], [ -100.59164466, 31.75088048 ], [ -100.58760761, 31.7537344 ], [ -100.55894257, 31.77472293 ], [ -100.54332299, 31.78643648 ], [ -100.52624047, 31.79924712 ], [ -100.50033832, 31.81913858 ], [ -100.49353839, 31.82455414 ], [ -100.46083629, 31.84778755 ], [ -100.45567666, 31.85184067 ], [ -100.42813419, 31.87596919 ], [ -100.41717884, 31.88454277 ], [ -100.3954321, 31.90156163 ], [ -100.37539199, 31.91724486 ], [ -100.36273, 31.92715406 ], [ -100.33671212, 31.94994696 ], [ -100.3300279, 31.95509802 ], [ -100.2973258, 31.97743168 ], [ -100.2899825, 31.98264904 ], [ -100.26462371, 31.99976817 ], [ -100.2423656, 32.01535115 ], [ -100.23192163, 32.02184983 ], [ -100.19921953, 32.04060246 ], [ -100.18382504, 32.04805323 ], [ -100.16651743, 32.05507222 ], [ -100.13381534, 32.05507666 ], [ -100.13215023, 32.04805323 ], [ -100.1265799, 32.01535115 ], [ -100.11636923, 31.98264904 ], [ -100.10111324, 31.95770937 ], [ -100.09984747, 31.94994696 ], [ -100.09558225, 31.91724486 ], [ -100.08631467, 31.88454277 ], [ -100.06841114, 31.85615671 ], [ -100.0670617, 31.85184067 ], [ -100.05535008, 31.81913858 ], [ -100.03570904, 31.79425966 ], [ -100.03151805, 31.78643648 ], [ -100.00300695, 31.75556453 ], [ -100.00166473, 31.7537344 ], [ -99.97030487, 31.72284881 ], [ -99.96859351, 31.72103229 ], [ -99.93760277, 31.69576046 ], [ -99.92876987, 31.68833019 ], [ -99.90490067, 31.67168126 ], [ -99.88188559, 31.6556281 ], [ -99.87219858, 31.64965735 ], [ -99.83949648, 31.62831721 ], [ -99.83144984, 31.622926 ], [ -99.80679438, 31.60708002 ], [ -99.78027005, 31.59022392 ], [ -99.77409228, 31.58635369 ], [ -99.74139018, 31.56488428 ], [ -99.72988644, 31.55752181 ], [ -99.70868809, 31.54360332 ], [ -99.67869938, 31.52481973 ], [ -99.67598601, 31.52305935 ], [ -99.64328391, 31.50200516 ], [ -99.62715882, 31.49211762 ], [ -99.61058181, 31.48149406 ], [ -99.57787972, 31.46156992 ], [ -99.57428908, 31.45941554 ], [ -99.54517762, 31.44110659 ], [ -99.52108808, 31.42671344 ], [ -99.51247552, 31.42130682 ], [ -99.47977342, 31.40134183 ], [ -99.46736023, 31.39401133 ], [ -99.44707133, 31.38140761 ], [ -99.41436925, 31.36196748 ], [ -99.41325945, 31.36130925 ], [ -99.38166715, 31.34157221 ], [ -99.36002806, 31.32860714 ], [ -99.34896505, 31.32158988 ], [ -99.31626296, 31.30128219 ], [ -99.30750428, 31.29590506 ], [ -99.28356086, 31.28031777 ], [ -99.25662322, 31.26320295 ], [ -99.25085876, 31.25930507 ], [ -99.21815666, 31.23761208 ], [ -99.20707589, 31.23050087 ], [ -99.18545457, 31.21611952 ], [ -99.1564194, 31.19779877 ], [ -99.15275249, 31.19540316 ], [ -99.12005039, 31.1742834 ], [ -99.10525495, 31.16509668 ], [ -99.08734829, 31.15692037 ], [ -99.08734829, 31.15689878 ], [ -99.11185598, 31.13239458 ], [ -99.12005039, 31.12420017 ], [ -99.14456083, 31.09969247 ], [ -99.14456219, 31.06699039 ], [ -99.15275249, 31.0588001 ], [ -99.17726601, 31.03428829 ], [ -99.18545457, 31.02609972 ], [ -99.20996926, 31.0015862 ], [ -99.20996973, 30.9688841 ], [ -99.21815666, 30.96069716 ], [ -99.24267227, 30.93618201 ], [ -99.25085876, 30.92799551 ], [ -99.27537453, 30.90347991 ], [ -99.28356086, 30.89529358 ], [ -99.30807663, 30.87077783 ], [ -99.31626296, 30.86259149 ], [ -99.34077872, 30.83807572 ], [ -99.34896505, 30.82988939 ], [ -99.37348082, 30.80537362 ], [ -99.38166715, 30.79718731 ], [ -99.40618292, 30.77267153 ], [ -99.41436925, 30.7644852 ], [ -99.44707133, 30.7644852 ], [ -99.47977342, 30.7644852 ], [ -99.50428921, 30.73996943 ], [ -99.51247552, 30.73178312 ], [ -99.54517762, 30.73178312 ], [ -99.57787972, 30.73178312 ], [ -99.61058181, 30.73178312 ], [ -99.64328391, 30.73178312 ], [ -99.67598601, 30.7317831 ], [ -99.68417234, 30.73996943 ], [ -99.70868809, 30.76448516 ], [ -99.74139018, 30.76448514 ], [ -99.74957659, 30.77267153 ], [ -99.77409228, 30.79718712 ], [ -99.80679438, 30.79718701 ], [ -99.814981, 30.80537362 ], [ -99.83949648, 30.82988884 ], [ -99.84768335, 30.83807572 ], [ -99.87219858, 30.86259053 ], [ -99.90490067, 30.86259019 ], [ -99.91308829, 30.87077783 ], [ -99.93760277, 30.89529158 ], [ -99.97030487, 30.89529101 ], [ -99.97849376, 30.90347991 ], [ -100.00300695, 30.92799206 ], [ -100.03570904, 30.92799133 ], [ -100.04389973, 30.93618201 ], [ -100.06841114, 30.96069219 ], [ -100.07660307, 30.9688841 ], [ -100.10111324, 30.99339305 ], [ -100.13381534, 30.99339234 ], [ -100.1420092, 31.0015862 ], [ -100.16651743, 31.02609343 ], [ -100.19921953, 31.02609291 ], [ -100.20741492, 31.03428829 ], [ -100.23192163, 31.05879434 ], [ -100.24011768, 31.06699039 ], [ -100.26462371, 31.09149596 ], [ -100.2973258, 31.09149575 ], [ -100.30552254, 31.09969247 ], [ -100.3300279, 31.12419762 ], [ -100.36273, 31.12419754 ], [ -100.37092703, 31.13239458 ], [ -100.3954321, 31.15689958 ], [ -100.40362918, 31.16509668 ], [ -100.42813419, 31.18960168 ], [ -100.43633128, 31.19779877 ], [ -100.46083629, 31.22230383 ], [ -100.46903332, 31.23050087 ], [ -100.46903328, 31.26320295 ], [ -100.49353839, 31.28770821 ], [ -100.50173522, 31.29590506 ], [ -100.52624047, 31.32041054 ], [ -100.53443709, 31.32860714 ], [ -100.55894257, 31.35311294 ], [ -100.56713887, 31.36130925 ], [ -100.59164466, 31.38581532 ], [ -100.5998407, 31.39401133 ], [ -100.62434676, 31.41851759 ], [ -100.6325426, 31.42671344 ], [ -100.65704886, 31.45121976 ], [ -100.66524462, 31.45941554 ], [ -100.68975096, 31.4839218 ], [ -100.69794677, 31.49211762 ], [ -100.69794689, 31.52481973 ], [ -100.72245305, 31.54932561 ], [ -100.73064924, 31.55752181 ], [ -100.75515515, 31.58202729 ], [ -100.76335175, 31.59022392 ], [ -100.78785723, 31.61472883 ] ] ] } },
{ "type": "Feature", "properties": { "Lower": 50.0 }, "geometry": { "type": "Polygon", "coordinates": [ [ [ -97.05015998, 38.3922597 ], [ -97.0466852, 38.42496181 ], [ -97.03936958, 38.45766389 ], [ -97.02810562, 38.49036599 ], [ -97.0271163, 38.49265529 ], [ -97.01399692, 38.52306808 ], [ -96.99519494, 38.55577018 ], [ -96.9944142, 38.55692168 ], [ -96.97106126, 38.58847227 ], [ -96.96171211, 38.59847678 ], [ -96.93742615, 38.62117437 ], [ -96.92901001, 38.62762352 ], [ -96.89630791, 38.64960345 ], [ -96.88937401, 38.65387645 ], [ -96.86360581, 38.66780429 ], [ -96.83090372, 38.68381084 ], [ -96.82542201, 38.68657856 ], [ -96.79820164, 38.69960387 ], [ -96.76549954, 38.71866227 ], [ -96.76475184, 38.71928066 ], [ -96.73279744, 38.74562085 ], [ -96.72720221, 38.75198275 ], [ -96.70009535, 38.78246671 ], [ -96.69865284, 38.78468485 ], [ -96.6781834, 38.81738693 ], [ -96.66739325, 38.83537477 ], [ -96.65827295, 38.85008904 ], [ -96.64122567, 38.88279112 ], [ -96.63469115, 38.89937155 ], [ -96.62560346, 38.91549323 ], [ -96.61067059, 38.94819531 ], [ -96.60198905, 38.9733815 ], [ -96.59686924, 38.98089741 ], [ -96.58082881, 39.0135995 ], [ -96.57041992, 39.0463016 ], [ -96.56928696, 39.05349635 ], [ -96.55264148, 39.07900371 ], [ -96.53913521, 39.11170579 ], [ -96.53658488, 39.12305362 ], [ -96.53409064, 39.11170579 ], [ -96.50388278, 39.08716245 ], [ -96.49827688, 39.07900371 ], [ -96.47118068, 39.05807075 ], [ -96.45946666, 39.0463016 ], [ -96.43847858, 39.03166535 ], [ -96.41727387, 39.0135995 ], [ -96.40577649, 39.00555142 ], [ -96.37681774, 38.98089741 ], [ -96.37307439, 38.97806972 ], [ -96.34037229, 38.94885994 ], [ -96.33971067, 38.94819531 ], [ -96.30767019, 38.91760769 ], [ -96.30568038, 38.91549323 ], [ -96.27496812, 38.88388167 ], [ -96.27400633, 38.88279112 ], [ -96.24451856, 38.85008904 ], [ -96.24226602, 38.84765067 ], [ -96.21677269, 38.81738693 ], [ -96.20956392, 38.80903088 ], [ -96.19017097, 38.78468485 ], [ -96.17686182, 38.76842382 ], [ -96.16430895, 38.75198275 ], [ -96.14415973, 38.72651754 ], [ -96.13876443, 38.71928066 ], [ -96.11330975, 38.68657856 ], [ -96.11145763, 38.68429101 ], [ -96.08793538, 38.65387645 ], [ -96.07875553, 38.64232172 ], [ -96.06246959, 38.62117437 ], [ -96.04605343, 38.60060812 ], [ -96.03653672, 38.58847227 ], [ -96.01335136, 38.56043168 ], [ -96.009497, 38.55577018 ], [ -95.98064926, 38.52334205 ], [ -95.98040086, 38.52306808 ], [ -95.9482108, 38.49036599 ], [ -95.94794716, 38.49012031 ], [ -95.91524506, 38.46084264 ], [ -95.91150773, 38.45766389 ], [ -95.88254297, 38.43496683 ], [ -95.86879728, 38.42496181 ], [ -95.84984087, 38.41172814 ], [ -95.81750083, 38.3922597 ], [ -95.81713877, 38.39204954 ], [ -95.78443667, 38.37565568 ], [ -95.75173457, 38.36113033 ], [ -95.74828224, 38.3595576 ], [ -95.7190325, 38.34608302 ], [ -95.6863304, 38.33053041 ], [ -95.67907343, 38.32685551 ], [ -95.6536283, 38.31363182 ], [ -95.6209262, 38.29584207 ], [ -95.61800468, 38.29415341 ], [ -95.58822411, 38.27591123 ], [ -95.56712282, 38.26145132 ], [ -95.55552201, 38.25266129 ], [ -95.52914022, 38.22874922 ], [ -95.52281991, 38.22183221 ], [ -95.50450977, 38.19604714 ], [ -95.49011781, 38.16409535 ], [ -95.4898737, 38.16334503 ], [ -95.48443412, 38.13064295 ], [ -95.48425605, 38.09794084 ], [ -95.4880632, 38.06523874 ], [ -95.49011781, 38.05657 ], [ -95.49604701, 38.03253666 ], [ -95.50750168, 37.99983455 ], [ -95.52130556, 37.96713247 ], [ -95.52281991, 37.96402701 ], [ -95.5379157, 37.93443036 ], [ -95.55500923, 37.90172828 ], [ -95.55552201, 37.90081496 ], [ -95.57433909, 37.86902618 ], [ -95.58822411, 37.8466442 ], [ -95.59504091, 37.83632409 ], [ -95.61873865, 37.80362199 ], [ -95.6209262, 37.80109427 ], [ -95.64728605, 37.77091988 ], [ -95.6536283, 37.76400912 ], [ -95.67522024, 37.7382178 ], [ -95.6863304, 37.72561532 ], [ -95.70543769, 37.7055157 ], [ -95.7190325, 37.69060955 ], [ -95.73978459, 37.67281361 ], [ -95.75173457, 37.660691 ], [ -95.78414072, 37.64011151 ], [ -95.78443667, 37.6398646 ], [ -95.81713877, 37.62767399 ], [ -95.84984087, 37.62732193 ], [ -95.88254297, 37.63980191 ], [ -95.88295246, 37.64011151 ], [ -95.91524506, 37.66515485 ], [ -95.92167681, 37.67281361 ], [ -95.94609519, 37.7055157 ], [ -95.94794716, 37.70835857 ], [ -95.96639078, 37.7382178 ], [ -95.98064926, 37.75793447 ], [ -95.99065618, 37.77091988 ], [ -96.01335136, 37.79706337 ], [ -96.01936115, 37.80362199 ], [ -96.04605343, 37.83018677 ], [ -96.05249412, 37.83632409 ], [ -96.07875553, 37.85941034 ], [ -96.09015104, 37.86902618 ], [ -96.11145763, 37.88583066 ], [ -96.13257568, 37.90172828 ], [ -96.14415973, 37.9104796 ], [ -96.17686182, 37.93088299 ], [ -96.18453973, 37.93443036 ], [ -96.20956392, 37.94648791 ], [ -96.24226602, 37.95732686 ], [ -96.27496812, 37.96517283 ], [ -96.28935988, 37.96713247 ], [ -96.30767019, 37.96974308 ], [ -96.34037229, 37.97142715 ], [ -96.37307439, 37.97056985 ], [ -96.40577649, 37.96731551 ], [ -96.40693724, 37.96713247 ], [ -96.43847858, 37.96179042 ], [ -96.47118068, 37.95437734 ], [ -96.50388278, 37.94544738 ], [ -96.53658488, 37.93546052 ], [ -96.54003977, 37.93443036 ], [ -96.56928696, 37.92451257 ], [ -96.60198905, 37.91544183 ], [ -96.63469115, 37.91116977 ], [ -96.66739325, 37.91234574 ], [ -96.70009535, 37.92023241 ], [ -96.72849093, 37.93443036 ], [ -96.73279744, 37.93660358 ], [ -96.76549954, 37.96135477 ], [ -96.77108373, 37.96713247 ], [ -96.79820164, 37.99533718 ], [ -96.80166206, 37.99983455 ], [ -96.82717788, 38.03253666 ], [ -96.83090372, 38.03723319 ], [ -96.85006221, 38.06523874 ], [ -96.86360581, 38.08449579 ], [ -96.87204421, 38.09794084 ], [ -96.89390949, 38.13064295 ], [ -96.89630791, 38.13392818 ], [ -96.91624862, 38.16334503 ], [ -96.92901001, 38.17999226 ], [ -96.94081898, 38.19604714 ], [ -96.96171211, 38.22166087 ], [ -96.96754715, 38.22874922 ], [ -96.99171632, 38.26145132 ], [ -96.9944142, 38.26580497 ], [ -97.01463406, 38.29415341 ], [ -97.0271163, 38.31647555 ], [ -97.0343903, 38.32685551 ], [ -97.04716974, 38.3595576 ], [ -97.05015998, 38.3922597 ] ], [ [ -96.89354913, 38.3595576 ], [ -96.89218562, 38.3922597 ], [ -96.88354861, 38.42496181 ], [ -96.86755384, 38.45766389 ], [ -96.86360581, 38.46372743 ], [ -96.84486609, 38.49036599 ], [ -96.83090372, 38.5070049 ], [ -96.81622641, 38.52306808 ], [ -96.79820164, 38.54028277 ], [ -96.78060542, 38.55577018 ], [ -96.76549954, 38.56749898 ], [ -96.73833282, 38.58847227 ], [ -96.73279744, 38.59272698 ], [ -96.70474996, 38.62117437 ], [ -96.70009535, 38.62625161 ], [ -96.68005606, 38.65387645 ], [ -96.66739325, 38.67283018 ], [ -96.65688684, 38.68657856 ], [ -96.63469115, 38.7159621 ], [ -96.63110809, 38.71928066 ], [ -96.60198905, 38.74704053 ], [ -96.59386045, 38.75198275 ], [ -96.56928696, 38.76739625 ], [ -96.53658488, 38.77518353 ], [ -96.50388278, 38.77215013 ], [ -96.47118068, 38.76165363 ], [ -96.45108373, 38.75198275 ], [ -96.43847858, 38.74573861 ], [ -96.40577649, 38.72627385 ], [ -96.39529505, 38.71928066 ], [ -96.37307439, 38.70406576 ], [ -96.34982202, 38.68657856 ], [ -96.34037229, 38.6793772 ], [ -96.30928484, 38.65387645 ], [ -96.30767019, 38.65253184 ], [ -96.27496812, 38.62327582 ], [ -96.27278471, 38.62117437 ], [ -96.24226602, 38.59134344 ], [ -96.239491, 38.58847227 ], [ -96.20956392, 38.55756141 ], [ -96.20790209, 38.55577018 ], [ -96.17709837, 38.52306808 ], [ -96.17686182, 38.52281688 ], [ -96.1465566, 38.49036599 ], [ -96.14415973, 38.48779032 ], [ -96.11579647, 38.45766389 ], [ -96.11145763, 38.45303888 ], [ -96.08430032, 38.42496181 ], [ -96.07875553, 38.41923941 ], [ -96.05128702, 38.3922597 ], [ -96.04605343, 38.38717352 ], [ -96.01565468, 38.3595576 ], [ -96.01335136, 38.35749419 ], [ -95.98064926, 38.3303583 ], [ -95.97603875, 38.32685551 ], [ -95.94794716, 38.30584071 ], [ -95.9304968, 38.29415341 ], [ -95.91524506, 38.28409317 ], [ -95.88254297, 38.26477368 ], [ -95.87599759, 38.26145132 ], [ -95.84984087, 38.24826551 ], [ -95.81713877, 38.23546636 ], [ -95.79763157, 38.22874922 ], [ -95.78443667, 38.22409326 ], [ -95.75173457, 38.21167687 ], [ -95.7190325, 38.19847765 ], [ -95.71377878, 38.19604714 ], [ -95.6863304, 38.18268279 ], [ -95.6536283, 38.16365292 ], [ -95.65319967, 38.16334503 ], [ -95.6209262, 38.13709496 ], [ -95.61460627, 38.13064295 ], [ -95.59007533, 38.09794084 ], [ -95.58822411, 38.09422449 ], [ -95.57823671, 38.06523874 ], [ -95.57388732, 38.03253666 ], [ -95.57542754, 37.99983455 ], [ -95.58197178, 37.96713247 ], [ -95.58822411, 37.95111151 ], [ -95.59497832, 37.93443036 ], [ -95.61217837, 37.90172828 ], [ -95.6209262, 37.88639198 ], [ -95.63172555, 37.86902618 ], [ -95.65298781, 37.83632409 ], [ -95.6536283, 37.83548819 ], [ -95.67819586, 37.80362199 ], [ -95.6863304, 37.79264352 ], [ -95.7030157, 37.77091988 ], [ -95.7190325, 37.7525791 ], [ -95.73735849, 37.7382178 ], [ -95.75173457, 37.72726179 ], [ -95.78443667, 37.71546255 ], [ -95.81713877, 37.71389666 ], [ -95.84984087, 37.72287696 ], [ -95.87153078, 37.7382178 ], [ -95.88254297, 37.7503287 ], [ -95.89602852, 37.77091988 ], [ -95.91524506, 37.79821173 ], [ -95.91920871, 37.80362199 ], [ -95.94794716, 37.83616418 ], [ -95.94809386, 37.83632409 ], [ -95.98064926, 37.86735252 ], [ -95.98245839, 37.86902618 ], [ -96.01335136, 37.89815654 ], [ -96.01749126, 37.90172828 ], [ -96.04605343, 37.93062628 ], [ -96.0502692, 37.93443036 ], [ -96.07875553, 37.96213928 ], [ -96.08465082, 37.96713247 ], [ -96.11145763, 37.99059188 ], [ -96.12399581, 37.99983455 ], [ -96.14415973, 38.01509817 ], [ -96.1729856, 38.03253666 ], [ -96.17686182, 38.03502304 ], [ -96.20956392, 38.05074766 ], [ -96.24226602, 38.06120218 ], [ -96.26044728, 38.06523874 ], [ -96.27496812, 38.06891791 ], [ -96.30767019, 38.07452366 ], [ -96.34037229, 38.07834917 ], [ -96.37307439, 38.08140179 ], [ -96.40577649, 38.08399182 ], [ -96.43847858, 38.08560529 ], [ -96.47118068, 38.08529462 ], [ -96.50388278, 38.08335577 ], [ -96.53658488, 38.08054227 ], [ -96.56928696, 38.07800631 ], [ -96.60198905, 38.07732413 ], [ -96.63469115, 38.0801778 ], [ -96.66739325, 38.08912673 ], [ -96.68536304, 38.09794084 ], [ -96.70009535, 38.10554277 ], [ -96.73279744, 38.12864326 ], [ -96.7350747, 38.13064295 ], [ -96.76549954, 38.15764239 ], [ -96.77111293, 38.16334503 ], [ -96.79820164, 38.19075534 ], [ -96.80300547, 38.19604714 ], [ -96.83090372, 38.22653827 ], [ -96.83280594, 38.22874922 ], [ -96.85733787, 38.26145132 ], [ -96.86360581, 38.2719849 ], [ -96.87573707, 38.29415341 ], [ -96.88791302, 38.32685551 ], [ -96.89354913, 38.3595576 ] ] ] } },
{ "type": "Feature", "properties": { "Lower": 50.0 }, "geometry": { "type": "Polygon", "coordinates": [ [ [ -100.34295557, 39.7984498 ], [ -100.33592948, 39.83115188 ], [ -100.33474589, 39.86385398 ], [ -100.33257684, 39.89655607 ], [ -100.3300279, 39.90660789 ], [ -100.32353255, 39.92925817 ], [ -100.30143185, 39.96196028 ], [ -100.2973258, 39.96561365 ], [ -100.26462371, 39.98945528 ], [ -100.25557734, 39.99466236 ], [ -100.23192163, 40.00526835 ], [ -100.19921953, 40.01702935 ], [ -100.16651743, 40.02625424 ], [ -100.16193683, 40.02736446 ], [ -100.13381534, 40.03388209 ], [ -100.10111324, 40.04009983 ], [ -100.06841114, 40.04516619 ], [ -100.03570904, 40.04923968 ], [ -100.00300695, 40.05256736 ], [ -99.97030487, 40.05544219 ], [ -99.93760277, 40.05807202 ], [ -99.91267055, 40.06006655 ], [ -99.90490067, 40.06076285 ], [ -99.87219858, 40.063493 ], [ -99.83949648, 40.0645256 ], [ -99.80679438, 40.06362768 ], [ -99.77409228, 40.06030049 ], [ -99.77327313, 40.06006655 ], [ -99.74139018, 40.0485344 ], [ -99.71692338, 40.02736446 ], [ -99.70868809, 40.01935425 ], [ -99.67899013, 39.99466236 ], [ -99.67598601, 39.99241774 ], [ -99.64328391, 39.97010004 ], [ -99.6315277, 39.96196028 ], [ -99.61058181, 39.94874887 ], [ -99.58173775, 39.92925817 ], [ -99.57787972, 39.92686227 ], [ -99.54517762, 39.90449215 ], [ -99.53476639, 39.89655607 ], [ -99.51247552, 39.88095245 ], [ -99.4901213, 39.86385398 ], [ -99.47977342, 39.85642129 ], [ -99.44707133, 39.83134658 ], [ -99.44681661, 39.83115188 ], [ -99.41436925, 39.80775383 ], [ -99.40060336, 39.7984498 ], [ -99.38166715, 39.78594961 ], [ -99.34896505, 39.76615302 ], [ -99.3482624, 39.76574769 ], [ -99.31626296, 39.74724752 ], [ -99.28867165, 39.73304561 ], [ -99.28356086, 39.73035244 ], [ -99.25085876, 39.71421021 ], [ -99.21884528, 39.7003435 ], [ -99.21815666, 39.70003294 ], [ -99.18545457, 39.68614174 ], [ -99.15275249, 39.67392567 ], [ -99.1344034, 39.66764142 ], [ -99.12005039, 39.66207102 ], [ -99.08734829, 39.65122126 ], [ -99.05464619, 39.64282346 ], [ -99.0219441, 39.63705173 ], [ -98.99857041, 39.63493932 ], [ -98.989242, 39.63391751 ], [ -98.9565399, 39.63425489 ], [ -98.95207919, 39.63493932 ], [ -98.9238378, 39.63850066 ], [ -98.89113573, 39.64743043 ], [ -98.85843363, 39.6625254 ], [ -98.85056584, 39.66764142 ], [ -98.82573153, 39.68204289 ], [ -98.80508385, 39.7003435 ], [ -98.79302943, 39.71120055 ], [ -98.77581464, 39.73304561 ], [ -98.76032734, 39.75454633 ], [ -98.75397862, 39.76574769 ], [ -98.736091, 39.7984498 ], [ -98.72762524, 39.81499538 ], [ -98.72022963, 39.83115188 ], [ -98.70563344, 39.86385398 ], [ -98.69492314, 39.88523934 ], [ -98.68874959, 39.89655607 ], [ -98.66618497, 39.92925817 ], [ -98.66222104, 39.93421843 ], [ -98.63480978, 39.96196028 ], [ -98.62951897, 39.96605651 ], [ -98.59681687, 39.98211302 ], [ -98.56411477, 39.99308452 ], [ -98.55115716, 39.99466236 ], [ -98.53141267, 39.99717943 ], [ -98.51373446, 39.99466236 ], [ -98.49871058, 39.99232806 ], [ -98.46600848, 39.9769656 ], [ -98.44857136, 39.96196028 ], [ -98.43330638, 39.93446897 ], [ -98.43145313, 39.92925817 ], [ -98.4231119, 39.89655607 ], [ -98.41727688, 39.86385398 ], [ -98.41556958, 39.83115188 ], [ -98.4151109, 39.7984498 ], [ -98.41405339, 39.76574769 ], [ -98.41241723, 39.73304561 ], [ -98.41009214, 39.7003435 ], [ -98.40683959, 39.66764142 ], [ -98.40220137, 39.63493932 ], [ -98.40060428, 39.62584423 ], [ -98.39611353, 39.60223721 ], [ -98.38764651, 39.56953513 ], [ -98.37572865, 39.53683302 ], [ -98.3679022, 39.51912669 ], [ -98.3606803, 39.50413094 ], [ -98.34125705, 39.47142883 ], [ -98.33520011, 39.46284158 ], [ -98.31566993, 39.43872675 ], [ -98.30249801, 39.42510634 ], [ -98.28032764, 39.40602465 ], [ -98.26979591, 39.39786912 ], [ -98.23709381, 39.37669332 ], [ -98.23105624, 39.37332256 ], [ -98.20439172, 39.35856813 ], [ -98.17168962, 39.34368633 ], [ -98.16428277, 39.34062046 ], [ -98.13898752, 39.3295506 ], [ -98.10628544, 39.31685204 ], [ -98.08091374, 39.30791835 ], [ -98.07358335, 39.30505791 ], [ -98.04088125, 39.29278799 ], [ -98.00817915, 39.28146615 ], [ -97.98800535, 39.27521627 ], [ -97.97547705, 39.27064482 ], [ -97.94277496, 39.26005844 ], [ -97.91007286, 39.25050652 ], [ -97.88022967, 39.24251417 ], [ -97.87737076, 39.24152648 ], [ -97.84466868, 39.23164816 ], [ -97.81196658, 39.22243007 ], [ -97.77926449, 39.21411432 ], [ -97.75808419, 39.20981208 ], [ -97.74656239, 39.20536951 ], [ -97.71386029, 39.19528788 ], [ -97.68115819, 39.18648697 ], [ -97.66065305, 39.20981208 ], [ -97.6484561, 39.22187634 ], [ -97.64227153, 39.24251417 ], [ -97.62144771, 39.27521627 ], [ -97.615754, 39.28106683 ], [ -97.59664197, 39.30791835 ], [ -97.58305192, 39.32124705 ], [ -97.56645512, 39.34062046 ], [ -97.55034982, 39.35448706 ], [ -97.52985745, 39.37332256 ], [ -97.51764773, 39.38207466 ], [ -97.48494563, 39.40471025 ], [ -97.48288111, 39.40602465 ], [ -97.45224353, 39.42181415 ], [ -97.41954143, 39.43452323 ], [ -97.404146, 39.43872675 ], [ -97.38683934, 39.44272823 ], [ -97.35413724, 39.447753 ], [ -97.32143516, 39.45091742 ], [ -97.28873306, 39.4525818 ], [ -97.25603097, 39.45274703 ], [ -97.22332887, 39.45172037 ], [ -97.19062677, 39.44975421 ], [ -97.15792467, 39.44703108 ], [ -97.12522257, 39.44372158 ], [ -97.09252048, 39.43989001 ], [ -97.0836596, 39.43872675 ], [ -97.0598184, 39.43520034 ], [ -97.0271163, 39.42983253 ], [ -96.9944142, 39.42374443 ], [ -96.96171211, 39.4166956 ], [ -96.92901001, 39.40816322 ], [ -96.92222107, 39.40602465 ], [ -96.89630791, 39.39591142 ], [ -96.86360581, 39.38282504 ], [ -96.83990201, 39.37332256 ], [ -96.83090372, 39.36850926 ], [ -96.79820164, 39.35093072 ], [ -96.77883908, 39.34062046 ], [ -96.76549954, 39.33019707 ], [ -96.73459672, 39.30791835 ], [ -96.73279744, 39.30580558 ], [ -96.70116619, 39.27521627 ], [ -96.70009535, 39.2733217 ], [ -96.67282166, 39.24251417 ], [ -96.66739325, 39.22549752 ], [ -96.65423798, 39.20981208 ], [ -96.66739325, 39.19893762 ], [ -96.69297307, 39.17710998 ], [ -96.70009535, 39.17581134 ], [ -96.73279744, 39.16470519 ], [ -96.76549954, 39.15012291 ], [ -96.77517875, 39.14440789 ], [ -96.79820164, 39.1367784 ], [ -96.83090372, 39.12325827 ], [ -96.85507619, 39.11170579 ], [ -96.86360581, 39.10862035 ], [ -96.89630791, 39.09195057 ], [ -96.91619449, 39.07900371 ], [ -96.92901001, 39.07066035 ], [ -96.96171211, 39.04748431 ], [ -96.96335603, 39.0463016 ], [ -96.9944142, 39.01820824 ], [ -96.99960277, 39.0135995 ], [ -97.02627116, 38.98089741 ], [ -97.0271163, 38.97958495 ], [ -97.05116824, 38.94819531 ], [ -97.0598184, 38.9379087 ], [ -97.08746394, 38.91549323 ], [ -97.09252048, 38.91180614 ], [ -97.12522257, 38.89951766 ], [ -97.15792467, 38.89914459 ], [ -97.19062677, 38.90817941 ], [ -97.20357279, 38.91549323 ], [ -97.22332887, 38.92471493 ], [ -97.25603097, 38.94703672 ], [ -97.257321, 38.94819531 ], [ -97.28873306, 38.97286891 ], [ -97.29752785, 38.98089741 ], [ -97.32143516, 39.00054308 ], [ -97.33577841, 39.0135995 ], [ -97.35413724, 39.02892696 ], [ -97.37351875, 39.0463016 ], [ -97.38683934, 39.05737403 ], [ -97.41134134, 39.07900371 ], [ -97.41954143, 39.08535367 ], [ -97.45224353, 39.10488781 ], [ -97.47306364, 39.11170579 ], [ -97.48494563, 39.11676283 ], [ -97.51764773, 39.12947686 ], [ -97.55034982, 39.1399916 ], [ -97.56823721, 39.14440789 ], [ -97.58305192, 39.15523337 ], [ -97.615754, 39.17074705 ], [ -97.6484561, 39.17677063 ], [ -97.68115819, 39.17456715 ], [ -97.71259566, 39.14440789 ], [ -97.71386029, 39.14405598 ], [ -97.74656239, 39.12742688 ], [ -97.7603257, 39.11170579 ], [ -97.77926449, 39.10293939 ], [ -97.80584668, 39.07900371 ], [ -97.81196658, 39.07622414 ], [ -97.84466868, 39.0545759 ], [ -97.85311258, 39.0463016 ], [ -97.87737076, 39.03393305 ], [ -97.90568419, 39.0135995 ], [ -97.91007286, 39.01072487 ], [ -97.94277496, 38.98745361 ], [ -97.95112755, 38.98089741 ], [ -97.97547705, 38.95362911 ], [ -97.98011603, 38.94819531 ], [ -97.99980579, 38.91549323 ], [ -98.00817915, 38.89826589 ], [ -98.01735696, 38.88279112 ], [ -98.03710508, 38.85008904 ], [ -98.04088125, 38.84412571 ], [ -98.06518929, 38.81738693 ], [ -98.07358335, 38.80830601 ], [ -98.10378714, 38.78468485 ], [ -98.10628544, 38.78271397 ], [ -98.13898752, 38.76517493 ], [ -98.17168962, 38.7533044 ], [ -98.17945148, 38.75198275 ], [ -98.20439172, 38.74777744 ], [ -98.23709381, 38.74812708 ], [ -98.25614493, 38.75198275 ], [ -98.26979591, 38.75569319 ], [ -98.30249801, 38.77596396 ], [ -98.31038296, 38.78468485 ], [ -98.32676249, 38.81738693 ], [ -98.33290221, 38.85008904 ], [ -98.33339466, 38.88279112 ], [ -98.33285553, 38.91549323 ], [ -98.33306343, 38.94819531 ], [ -98.33495706, 38.98089741 ], [ -98.33520011, 38.98257549 ], [ -98.3390874, 39.0135995 ], [ -98.34647164, 39.0463016 ], [ -98.35815802, 39.07900371 ], [ -98.3679022, 39.09806632 ], [ -98.37443186, 39.11170579 ], [ -98.39392243, 39.14440789 ], [ -98.40060428, 39.1544868 ], [ -98.41658142, 39.17710998 ], [ -98.43330638, 39.19932939 ], [ -98.44194924, 39.20981208 ], [ -98.46600848, 39.23682752 ], [ -98.47163355, 39.24251417 ], [ -98.49871058, 39.26802539 ], [ -98.50703388, 39.27521627 ], [ -98.53141267, 39.29493675 ], [ -98.5474397, 39.30791835 ], [ -98.56411477, 39.32055305 ], [ -98.59210357, 39.34062046 ], [ -98.59681687, 39.34418378 ], [ -98.62951897, 39.35756295 ], [ -98.66222104, 39.35900447 ], [ -98.69492314, 39.35234289 ], [ -98.72658454, 39.34062046 ], [ -98.72762524, 39.34027953 ], [ -98.76032734, 39.32728303 ], [ -98.79302943, 39.30833344 ], [ -98.79358557, 39.30791835 ], [ -98.82573153, 39.28563672 ], [ -98.83671705, 39.27521627 ], [ -98.85843363, 39.25252832 ], [ -98.86596857, 39.24251417 ], [ -98.88504603, 39.20981208 ], [ -98.89113573, 39.19446972 ], [ -98.89697268, 39.17710998 ], [ -98.90351258, 39.14440789 ], [ -98.90614815, 39.11170579 ], [ -98.90558397, 39.07900371 ], [ -98.90280026, 39.0463016 ], [ -98.89886199, 39.0135995 ], [ -98.89413019, 38.98089741 ], [ -98.89113573, 38.96362746 ], [ -98.88853848, 38.94819531 ], [ -98.88166384, 38.91549323 ], [ -98.87549229, 38.88279112 ], [ -98.86811623, 38.85008904 ], [ -98.85922037, 38.81738693 ], [ -98.85843363, 38.81481681 ], [ -98.84625708, 38.78468485 ], [ -98.83118017, 38.75198275 ], [ -98.82573153, 38.74037551 ], [ -98.81073638, 38.71928066 ], [ -98.79302943, 38.69452836 ], [ -98.78493478, 38.68657856 ], [ -98.76032734, 38.65956827 ], [ -98.7546886, 38.65387645 ], [ -98.73322274, 38.62117437 ], [ -98.72762524, 38.59792646 ], [ -98.72558511, 38.58847227 ], [ -98.72529509, 38.55577018 ], [ -98.72762524, 38.53398478 ], [ -98.72868505, 38.52306808 ], [ -98.73077499, 38.49036599 ], [ -98.72762524, 38.46343469 ], [ -98.72699009, 38.45766389 ], [ -98.71522134, 38.42496181 ], [ -98.70033422, 38.3922597 ], [ -98.69492314, 38.38021764 ], [ -98.68433814, 38.3595576 ], [ -98.67365538, 38.32685551 ], [ -98.66613801, 38.29415341 ], [ -98.66222104, 38.26879269 ], [ -98.66100899, 38.26145132 ], [ -98.66060591, 38.22874922 ], [ -98.66222104, 38.21597496 ], [ -98.66566225, 38.19604714 ], [ -98.67767051, 38.16334503 ], [ -98.69492314, 38.13397765 ], [ -98.69844557, 38.13064295 ], [ -98.72762524, 38.10775399 ], [ -98.76032734, 38.10225392 ], [ -98.79302943, 38.11141231 ], [ -98.82320477, 38.13064295 ], [ -98.82573153, 38.13199432 ], [ -98.85843363, 38.15901216 ], [ -98.86241569, 38.16334503 ], [ -98.89113573, 38.19157102 ], [ -98.8946735, 38.19604714 ], [ -98.91991922, 38.22874922 ], [ -98.9238378, 38.23400649 ], [ -98.93908763, 38.26145132 ], [ -98.95453027, 38.29415341 ], [ -98.9565399, 38.29834251 ], [ -98.97001578, 38.32685551 ], [ -98.989242, 38.3480157 ], [ -99.00805511, 38.3595576 ], [ -99.0219441, 38.364185 ], [ -99.05464619, 38.36940763 ], [ -99.08734829, 38.37309871 ], [ -99.12005039, 38.37575023 ], [ -99.15275249, 38.37670941 ], [ -99.18545457, 38.37539861 ], [ -99.21815666, 38.37102859 ], [ -99.25085876, 38.36227768 ], [ -99.25781347, 38.3595576 ], [ -99.28356086, 38.3482318 ], [ -99.31134314, 38.32685551 ], [ -99.31626296, 38.32208004 ], [ -99.33876719, 38.29415341 ], [ -99.34896505, 38.28072736 ], [ -99.36245288, 38.26145132 ], [ -99.38166715, 38.24847749 ], [ -99.41436925, 38.23778829 ], [ -99.44707133, 38.23694088 ], [ -99.47977342, 38.23723492 ], [ -99.51247552, 38.23886215 ], [ -99.54517762, 38.24247119 ], [ -99.57787972, 38.24775602 ], [ -99.61058181, 38.25503507 ], [ -99.63353743, 38.26145132 ], [ -99.63601107, 38.29415341 ], [ -99.61058181, 38.30513015 ], [ -99.57787972, 38.32514303 ], [ -99.57596444, 38.32685551 ], [ -99.54517762, 38.35278928 ], [ -99.53854808, 38.3595576 ], [ -99.51279369, 38.3922597 ], [ -99.51247552, 38.39270091 ], [ -99.49105538, 38.42496181 ], [ -99.47977342, 38.45015883 ], [ -99.47637634, 38.45766389 ], [ -99.47073643, 38.49036599 ], [ -99.47160917, 38.52306808 ], [ -99.47701076, 38.55577018 ], [ -99.47977342, 38.56585786 ], [ -99.48579432, 38.58847227 ], [ -99.49691877, 38.62117437 ], [ -99.5092191, 38.65387645 ], [ -99.51247552, 38.66251281 ], [ -99.52140848, 38.68657856 ], [ -99.53125802, 38.71928066 ], [ -99.53873965, 38.75198275 ], [ -99.54405281, 38.78468485 ], [ -99.54517762, 38.79565997 ], [ -99.54739125, 38.81738693 ], [ -99.54887439, 38.85008904 ], [ -99.54877718, 38.88279112 ], [ -99.54796316, 38.91549323 ], [ -99.54706071, 38.94819531 ], [ -99.54690573, 38.98089741 ], [ -99.54852742, 39.0135995 ], [ -99.55321296, 39.0463016 ], [ -99.56147106, 39.07900371 ], [ -99.57341245, 39.11170579 ], [ -99.57787972, 39.12117396 ], [ -99.59025478, 39.14440789 ], [ -99.61058181, 39.17386515 ], [ -99.61316668, 39.17710998 ], [ -99.64309104, 39.20981208 ], [ -99.64328391, 39.21000956 ], [ -99.67598601, 39.24101501 ], [ -99.6776601, 39.24251417 ], [ -99.70868809, 39.26918034 ], [ -99.71595708, 39.27521627 ], [ -99.74139018, 39.29557192 ], [ -99.75715437, 39.30791835 ], [ -99.77409228, 39.32063274 ], [ -99.80128389, 39.34062046 ], [ -99.80679438, 39.34447101 ], [ -99.83949648, 39.36661334 ], [ -99.84968051, 39.37332256 ], [ -99.87219858, 39.38758811 ], [ -99.90185047, 39.40602465 ], [ -99.90490067, 39.40788761 ], [ -99.93760277, 39.42763332 ], [ -99.95580047, 39.43872675 ], [ -99.97030487, 39.44757554 ], [ -100.00300695, 39.46782085 ], [ -100.00870281, 39.47142883 ], [ -100.03570904, 39.48879315 ], [ -100.05781019, 39.50413094 ], [ -100.06841114, 39.51163848 ], [ -100.10111324, 39.536645 ], [ -100.10133988, 39.53683302 ], [ -100.13381534, 39.56385391 ], [ -100.13994274, 39.56953513 ], [ -100.16651743, 39.59522209 ], [ -100.17332588, 39.60223721 ], [ -100.19921953, 39.6309205 ], [ -100.20258011, 39.63493932 ], [ -100.22879072, 39.66764142 ], [ -100.23192163, 39.67122312 ], [ -100.25812215, 39.7003435 ], [ -100.26462371, 39.70597987 ], [ -100.29663959, 39.73304561 ], [ -100.2973258, 39.73364083 ], [ -100.32958559, 39.76574769 ], [ -100.3300279, 39.76695763 ], [ -100.34295557, 39.7984498 ] ], [ [ -97.42396854, 39.17710998 ], [ -97.42288942, 39.20981208 ], [ -97.41954143, 39.22428045 ], [ -97.41446323, 39.24251417 ], [ -97.3968198, 39.27521627 ], [ -97.38683934, 39.28657413 ], [ -97.35860597, 39.30791835 ], [ -97.35413724, 39.31021032 ], [ -97.32143516, 39.32084045 ], [ -97.28873306, 39.32642732 ], [ -97.25603097, 39.32814673 ], [ -97.22332887, 39.32723751 ], [ -97.19062677, 39.32423584 ], [ -97.15792467, 39.31943249 ], [ -97.12522257, 39.31291085 ], [ -97.1055922, 39.30791835 ], [ -97.09252048, 39.303554 ], [ -97.0598184, 39.28898401 ], [ -97.03804804, 39.27521627 ], [ -97.0271163, 39.26285405 ], [ -97.01234464, 39.24251417 ], [ -97.0070834, 39.20981208 ], [ -97.01953829, 39.17710998 ], [ -97.0271163, 39.16772684 ], [ -97.04529136, 39.14440789 ], [ -97.0598184, 39.1308527 ], [ -97.08099989, 39.11170579 ], [ -97.09252048, 39.10411655 ], [ -97.12522257, 39.08408332 ], [ -97.13409118, 39.07900371 ], [ -97.15792467, 39.06450081 ], [ -97.19062677, 39.05096327 ], [ -97.22332887, 39.05077381 ], [ -97.25603097, 39.06063163 ], [ -97.28873306, 39.07582127 ], [ -97.29396068, 39.07900371 ], [ -97.32143516, 39.09582671 ], [ -97.34641788, 39.11170579 ], [ -97.35413724, 39.11687911 ], [ -97.38683934, 39.13781978 ], [ -97.40023198, 39.14440789 ], [ -97.41954143, 39.17069503 ], [ -97.42396854, 39.17710998 ] ], [ [ -100.22316261, 39.7984498 ], [ -100.20836275, 39.83115188 ], [ -100.19921953, 39.84537048 ], [ -100.18480588, 39.86385398 ], [ -100.16651743, 39.88593758 ], [ -100.15548391, 39.89655607 ], [ -100.13381534, 39.91321739 ], [ -100.10670604, 39.92925817 ], [ -100.10111324, 39.93191274 ], [ -100.06841114, 39.94483751 ], [ -100.03570904, 39.95482782 ], [ -100.00545001, 39.96196028 ], [ -100.00300695, 39.96247084 ], [ -99.97030487, 39.96791199 ], [ -99.93760277, 39.97261521 ], [ -99.90490067, 39.97555781 ], [ -99.87219858, 39.97532082 ], [ -99.83949648, 39.9711802 ], [ -99.81227945, 39.96196028 ], [ -99.80679438, 39.95923761 ], [ -99.77409228, 39.92988711 ], [ -99.77343619, 39.92925817 ], [ -99.74139018, 39.90130925 ], [ -99.73484729, 39.89655607 ], [ -99.70868809, 39.8781895 ], [ -99.68496968, 39.86385398 ], [ -99.67598601, 39.85838226 ], [ -99.64328391, 39.84025061 ], [ -99.62593994, 39.83115188 ], [ -99.61058181, 39.82286414 ], [ -99.57787972, 39.80554233 ], [ -99.5648394, 39.7984498 ], [ -99.54517762, 39.78741641 ], [ -99.51247552, 39.76862097 ], [ -99.5078711, 39.76574769 ], [ -99.47977342, 39.74777919 ], [ -99.45673452, 39.73304561 ], [ -99.44707133, 39.72665652 ], [ -99.41436925, 39.70629479 ], [ -99.40404855, 39.7003435 ], [ -99.38166715, 39.68680973 ], [ -99.34896505, 39.66941076 ], [ -99.34537256, 39.66764142 ], [ -99.31626296, 39.65239119 ], [ -99.28356086, 39.63779725 ], [ -99.27652594, 39.63493932 ], [ -99.25085876, 39.62366091 ], [ -99.21815666, 39.61044854 ], [ -99.1978651, 39.60223721 ], [ -99.18545457, 39.59622283 ], [ -99.15275249, 39.58098523 ], [ -99.12393913, 39.56953513 ], [ -99.12005039, 39.56774365 ], [ -99.08734829, 39.55455424 ], [ -99.05464619, 39.5438694 ], [ -99.02731669, 39.53683302 ], [ -99.0219441, 39.53502909 ], [ -98.989242, 39.52585813 ], [ -98.9565399, 39.51575082 ], [ -98.92767647, 39.50413094 ], [ -98.9238378, 39.50006463 ], [ -98.90485441, 39.47142883 ], [ -98.9065695, 39.43872675 ], [ -98.91622329, 39.40602465 ], [ -98.9238378, 39.38742565 ], [ -98.92865495, 39.37332256 ], [ -98.94143888, 39.34062046 ], [ -98.95304791, 39.30791835 ], [ -98.9565399, 39.2971945 ], [ -98.96281363, 39.27521627 ], [ -98.96987166, 39.24251417 ], [ -98.97372939, 39.20981208 ], [ -98.97502938, 39.17710998 ], [ -98.97433152, 39.14440789 ], [ -98.97203334, 39.11170579 ], [ -98.9682765, 39.07900371 ], [ -98.96288914, 39.0463016 ], [ -98.9565399, 39.01420712 ], [ -98.95643184, 39.0135995 ], [ -98.94982103, 38.98089741 ], [ -98.94220725, 38.94819531 ], [ -98.93307337, 38.91549323 ], [ -98.92403776, 38.88279112 ], [ -98.9238378, 38.88203946 ], [ -98.91620197, 38.85008904 ], [ -98.90798834, 38.81738693 ], [ -98.89937024, 38.78468485 ], [ -98.89113573, 38.75409948 ], [ -98.89050474, 38.75198275 ], [ -98.88104895, 38.71928066 ], [ -98.87239184, 38.68657856 ], [ -98.86530566, 38.65387645 ], [ -98.86021883, 38.62117437 ], [ -98.85843363, 38.60873443 ], [ -98.85449803, 38.58847227 ], [ -98.84423329, 38.55577018 ], [ -98.8343725, 38.52306808 ], [ -98.82573153, 38.50023286 ], [ -98.81797024, 38.49036599 ], [ -98.79302943, 38.45806345 ], [ -98.79279221, 38.45766389 ], [ -98.77484766, 38.42496181 ], [ -98.76089257, 38.3922597 ], [ -98.76032734, 38.39049945 ], [ -98.75195306, 38.3595576 ], [ -98.74752601, 38.32685551 ], [ -98.75242278, 38.29415341 ], [ -98.76032734, 38.27646225 ], [ -98.77804495, 38.26145132 ], [ -98.79302943, 38.25391491 ], [ -98.82573153, 38.25699427 ], [ -98.83357414, 38.26145132 ], [ -98.85843363, 38.27614676 ], [ -98.87614827, 38.29415341 ], [ -98.89113573, 38.31012824 ], [ -98.9009703, 38.32685551 ], [ -98.92220825, 38.3595576 ], [ -98.9238378, 38.36084268 ], [ -98.9565399, 38.38577095 ], [ -98.97346798, 38.3922597 ], [ -98.989242, 38.39628285 ], [ -99.0219441, 38.39969054 ], [ -99.05464619, 38.40422952 ], [ -99.08734829, 38.4102443 ], [ -99.12005039, 38.41597934 ], [ -99.15275249, 38.42078571 ], [ -99.18545457, 38.42457096 ], [ -99.1902925, 38.42496181 ], [ -99.21815666, 38.42817288 ], [ -99.25085876, 38.43169125 ], [ -99.28356086, 38.43729034 ], [ -99.31626296, 38.45191979 ], [ -99.32248703, 38.45766389 ], [ -99.34195314, 38.49036599 ], [ -99.34896505, 38.50543371 ], [ -99.35585345, 38.52306808 ], [ -99.36947799, 38.55577018 ], [ -99.38166715, 38.58271826 ], [ -99.38406824, 38.58847227 ], [ -99.39916415, 38.62117437 ], [ -99.41436925, 38.65250614 ], [ -99.4149904, 38.65387645 ], [ -99.42991288, 38.68657856 ], [ -99.44247058, 38.71928066 ], [ -99.44707133, 38.73406686 ], [ -99.45227522, 38.75198275 ], [ -99.45973697, 38.78468485 ], [ -99.46528531, 38.81738693 ], [ -99.46905463, 38.85008904 ], [ -99.47110489, 38.88279112 ], [ -99.47142864, 38.91549323 ], [ -99.47048156, 38.94819531 ], [ -99.46930318, 38.98089741 ], [ -99.4685725, 39.0135995 ], [ -99.46907829, 39.0463016 ], [ -99.4713143, 39.07900371 ], [ -99.47622599, 39.11170579 ], [ -99.47977342, 39.1261532 ], [ -99.48471212, 39.14440789 ], [ -99.49740533, 39.17710998 ], [ -99.51247552, 39.20546553 ], [ -99.51499873, 39.20981208 ], [ -99.536501, 39.24251417 ], [ -99.54517762, 39.25421124 ], [ -99.56257589, 39.27521627 ], [ -99.57787972, 39.2920467 ], [ -99.59386539, 39.30791835 ], [ -99.61058181, 39.32355036 ], [ -99.63045242, 39.34062046 ], [ -99.64328391, 39.35121671 ], [ -99.67211748, 39.37332256 ], [ -99.67598601, 39.37620175 ], [ -99.70868809, 39.39941978 ], [ -99.71848738, 39.40602465 ], [ -99.74139018, 39.42124268 ], [ -99.76933314, 39.43872675 ], [ -99.77409228, 39.44173587 ], [ -99.80679438, 39.46186325 ], [ -99.82298128, 39.47142883 ], [ -99.83949648, 39.48148283 ], [ -99.87219858, 39.50074405 ], [ -99.87792532, 39.50413094 ], [ -99.90490067, 39.52081493 ], [ -99.93114213, 39.53683302 ], [ -99.93760277, 39.5410171 ], [ -99.97030487, 39.56266835 ], [ -99.98034229, 39.56953513 ], [ -100.00300695, 39.58611808 ], [ -100.02419913, 39.60223721 ], [ -100.03570904, 39.61169474 ], [ -100.06234178, 39.63493932 ], [ -100.06841114, 39.6405901 ], [ -100.09675522, 39.66764142 ], [ -100.10111324, 39.67176396 ], [ -100.13030402, 39.7003435 ], [ -100.13381534, 39.70359826 ], [ -100.16434642, 39.73304561 ], [ -100.16651743, 39.73472286 ], [ -100.19921953, 39.75906976 ], [ -100.20837528, 39.76574769 ], [ -100.22316261, 39.7984498 ] ], [ [ -98.72988789, 39.63493932 ], [ -98.72940472, 39.66764142 ], [ -98.72762524, 39.67493177 ], [ -98.72314516, 39.7003435 ], [ -98.71442568, 39.73304561 ], [ -98.7046143, 39.76574769 ], [ -98.69492314, 39.79596385 ], [ -98.69419422, 39.7984498 ], [ -98.68258964, 39.83115188 ], [ -98.67042526, 39.86385398 ], [ -98.66222104, 39.87893837 ], [ -98.65108881, 39.89655607 ], [ -98.62951897, 39.92380562 ], [ -98.62310149, 39.92925817 ], [ -98.59681687, 39.94550281 ], [ -98.56411477, 39.95540898 ], [ -98.53141267, 39.95725627 ], [ -98.49871058, 39.9489079 ], [ -98.47130694, 39.92925817 ], [ -98.46600848, 39.92040582 ], [ -98.45805857, 39.89655607 ], [ -98.45148716, 39.86385398 ], [ -98.44997845, 39.83115188 ], [ -98.45262649, 39.7984498 ], [ -98.45575992, 39.76574769 ], [ -98.45984572, 39.73304561 ], [ -98.46542075, 39.7003435 ], [ -98.46600848, 39.69741217 ], [ -98.47465388, 39.66764142 ], [ -98.48873465, 39.63493932 ], [ -98.49871058, 39.61771053 ], [ -98.51560074, 39.60223721 ], [ -98.53141267, 39.5900688 ], [ -98.56411477, 39.5787263 ], [ -98.59681687, 39.57447139 ], [ -98.62951897, 39.57381577 ], [ -98.66222104, 39.58011065 ], [ -98.69492314, 39.59074538 ], [ -98.71335856, 39.60223721 ], [ -98.72762524, 39.62704069 ], [ -98.72988789, 39.63493932 ] ] ] } },
{ "type": "Feature", "properties": { "Lower": 50.0 }, "geometry": { "type": "Polygon", "coordinates": [ [ [ -102.65563273, 35.74338999 ], [ -102.6548086, 35.7760921 ], [ -102.65187665, 35.80459405 ], [ -102.6514662, 35.80879418 ], [ -102.6467568, 35.84149628 ], [ -102.63992661, 35.87419837 ], [ -102.63138006, 35.90690047 ], [ -102.62117804, 35.93960256 ], [ -102.61917456, 35.94514419 ], [ -102.60976104, 35.97230466 ], [ -102.59686998, 36.00500676 ], [ -102.58647248, 36.02855922 ], [ -102.58258106, 36.03770885 ], [ -102.56725639, 36.07041095 ], [ -102.55377038, 36.09685981 ], [ -102.55068978, 36.10311304 ], [ -102.53310575, 36.13581514 ], [ -102.52106828, 36.15645551 ], [ -102.51422536, 36.16851722 ], [ -102.494262, 36.20121933 ], [ -102.48836619, 36.21019914 ], [ -102.47318528, 36.23392141 ], [ -102.45566409, 36.25934512 ], [ -102.45076518, 36.26662352 ], [ -102.42706416, 36.29932562 ], [ -102.42296199, 36.30458727 ], [ -102.40189177, 36.3320277 ], [ -102.39025989, 36.34623561 ], [ -102.37546439, 36.36472981 ], [ -102.35755779, 36.38631645 ], [ -102.34857828, 36.39743189 ], [ -102.32485572, 36.42574342 ], [ -102.32128872, 36.430134 ], [ -102.29387218, 36.46283608 ], [ -102.29215362, 36.46482535 ], [ -102.26654075, 36.49553819 ], [ -102.25945152, 36.50379356 ], [ -102.23933071, 36.52824027 ], [ -102.22674942, 36.54313968 ], [ -102.21246309, 36.56094237 ], [ -102.19404733, 36.58341658 ], [ -102.18619802, 36.59364446 ], [ -102.16134523, 36.62554532 ], [ -102.16077082, 36.62634656 ], [ -102.13724532, 36.65904867 ], [ -102.12864313, 36.67102204 ], [ -102.11547645, 36.69175075 ], [ -102.09594103, 36.72340395 ], [ -102.09539651, 36.72445285 ], [ -102.07939516, 36.75715494 ], [ -102.0653917, 36.78985704 ], [ -102.06323896, 36.7957722 ], [ -102.05622487, 36.82255913 ], [ -102.05040818, 36.85526123 ], [ -102.04731008, 36.88796331 ], [ -102.04664199, 36.92066542 ], [ -102.04818122, 36.95336752 ], [ -102.05193712, 36.98606961 ], [ -102.05807065, 37.01877171 ], [ -102.06323896, 37.03793411 ], [ -102.06684213, 37.05147379 ], [ -102.07800115, 37.0841759 ], [ -102.09115245, 37.11687798 ], [ -102.09594103, 37.12758063 ], [ -102.10517086, 37.14958009 ], [ -102.11592263, 37.18228217 ], [ -102.11886799, 37.21498427 ], [ -102.11624657, 37.24768638 ], [ -102.09594103, 37.27617272 ], [ -102.09206262, 37.28038846 ], [ -102.06323896, 37.30566028 ], [ -102.05434393, 37.31309057 ], [ -102.03053686, 37.33497401 ], [ -102.01675869, 37.34579265 ], [ -101.99783476, 37.36195784 ], [ -101.97084484, 37.37849476 ], [ -101.96513266, 37.38243923 ], [ -101.93243057, 37.39502674 ], [ -101.89972847, 37.39956168 ], [ -101.86702637, 37.39843523 ], [ -101.83432427, 37.39345201 ], [ -101.80162219, 37.3865285 ], [ -101.7689201, 37.37858484 ], [ -101.76856458, 37.37849476 ], [ -101.736218, 37.3702895 ], [ -101.7035159, 37.37271537 ], [ -101.67889375, 37.37849476 ], [ -101.6708138, 37.38046132 ], [ -101.63811171, 37.38910822 ], [ -101.60540961, 37.3977863 ], [ -101.57270751, 37.40669932 ], [ -101.55730703, 37.41119684 ], [ -101.54000543, 37.41649072 ], [ -101.50730334, 37.42699947 ], [ -101.47460124, 37.43857667 ], [ -101.46065597, 37.44389894 ], [ -101.44189914, 37.45196432 ], [ -101.40919704, 37.46717334 ], [ -101.39045273, 37.47660103 ], [ -101.37649495, 37.48458227 ], [ -101.34379285, 37.50462316 ], [ -101.33657639, 37.50930313 ], [ -101.31109075, 37.52800387 ], [ -101.2933411, 37.54200524 ], [ -101.27838867, 37.55509023 ], [ -101.25733194, 37.57470732 ], [ -101.24568658, 37.58626224 ], [ -101.22544347, 37.60740942 ], [ -101.21298448, 37.62092341 ], [ -101.19558541, 37.64011151 ], [ -101.18028238, 37.65973817 ], [ -101.17002168, 37.67281361 ], [ -101.14916662, 37.7055157 ], [ -101.14758028, 37.70862134 ], [ -101.13243545, 37.7382178 ], [ -101.12001236, 37.77091988 ], [ -101.11487819, 37.79115185 ], [ -101.11169392, 37.80362199 ], [ -101.10725482, 37.83632409 ], [ -101.10478128, 37.86902618 ], [ -101.10385741, 37.90172828 ], [ -101.10436725, 37.93443036 ], [ -101.10614282, 37.96713247 ], [ -101.1090451, 37.99983455 ], [ -101.11273425, 38.03253666 ], [ -101.11487819, 38.05124844 ], [ -101.11681558, 38.06523874 ], [ -101.1209296, 38.09794084 ], [ -101.12410902, 38.13064295 ], [ -101.12221567, 38.16334503 ], [ -101.11487819, 38.17511102 ], [ -101.09501664, 38.19604714 ], [ -101.08217609, 38.20077164 ], [ -101.04947399, 38.21349407 ], [ -101.01677191, 38.22514644 ], [ -101.00773051, 38.22874922 ], [ -100.98406981, 38.23676335 ], [ -100.95136772, 38.25331219 ], [ -100.93435179, 38.26145132 ], [ -100.91866562, 38.26730165 ], [ -100.88596352, 38.27688615 ], [ -100.85326142, 38.28615026 ], [ -100.82839604, 38.29415341 ], [ -100.82055933, 38.29678186 ], [ -100.78785723, 38.3103053 ], [ -100.75813075, 38.32685551 ], [ -100.75515515, 38.32883767 ], [ -100.72245305, 38.35513448 ], [ -100.71634332, 38.3595576 ], [ -100.68975096, 38.38658276 ], [ -100.68163159, 38.3922597 ], [ -100.65704886, 38.41936336 ], [ -100.64901159, 38.42496181 ], [ -100.62434676, 38.45367962 ], [ -100.61882425, 38.45766389 ], [ -100.59164466, 38.48782775 ], [ -100.59006257, 38.49036599 ], [ -100.57258653, 38.52306808 ], [ -100.55894257, 38.54670117 ], [ -100.55599844, 38.55577018 ], [ -100.5404019, 38.58847227 ], [ -100.52624047, 38.61519385 ], [ -100.52380595, 38.62117437 ], [ -100.50515798, 38.65387645 ], [ -100.49353839, 38.67112469 ], [ -100.48383312, 38.68657856 ], [ -100.46083629, 38.71780534 ], [ -100.45972468, 38.71928066 ], [ -100.43088993, 38.75198275 ], [ -100.42813419, 38.75475546 ], [ -100.3954321, 38.78344674 ], [ -100.39370658, 38.78468485 ], [ -100.36273, 38.80427751 ], [ -100.33316445, 38.81738693 ], [ -100.3300279, 38.81864988 ], [ -100.2973258, 38.82652918 ], [ -100.26462371, 38.82903602 ], [ -100.23192163, 38.82694137 ], [ -100.19921953, 38.82098298 ], [ -100.18685201, 38.81738693 ], [ -100.16651743, 38.81171925 ], [ -100.13381534, 38.79972721 ], [ -100.10111324, 38.78485739 ], [ -100.10083519, 38.78468485 ], [ -100.06841114, 38.76462668 ], [ -100.05249567, 38.75198275 ], [ -100.03570904, 38.73886772 ], [ -100.01454366, 38.71928066 ], [ -100.00300695, 38.70759746 ], [ -99.98683973, 38.68657856 ], [ -99.97030487, 38.65874883 ], [ -99.9677767, 38.65387645 ], [ -99.95694371, 38.62117437 ], [ -99.95578646, 38.58847227 ], [ -99.97030487, 38.55606162 ], [ -99.97047657, 38.55577018 ], [ -100.00187146, 38.52306808 ], [ -100.00300695, 38.52157365 ], [ -100.03163491, 38.49036599 ], [ -100.03570904, 38.48442386 ], [ -100.05823929, 38.45766389 ], [ -100.06841114, 38.44186711 ], [ -100.08157478, 38.42496181 ], [ -100.10042679, 38.3922597 ], [ -100.10111324, 38.39022897 ], [ -100.11399024, 38.3595576 ], [ -100.11914258, 38.32685551 ], [ -100.11144954, 38.29415341 ], [ -100.10111324, 38.27861206 ], [ -100.08419614, 38.26145132 ], [ -100.06841114, 38.25085255 ], [ -100.03570904, 38.23600838 ], [ -100.01470932, 38.22874922 ], [ -100.00300695, 38.22124544 ], [ -99.97299752, 38.19604714 ], [ -99.98094069, 38.16334503 ], [ -100.00105514, 38.13064295 ], [ -100.00300695, 38.12815643 ], [ -100.02456892, 38.09794084 ], [ -100.03570904, 38.08299743 ], [ -100.04810263, 38.06523874 ], [ -100.06841114, 38.03595863 ], [ -100.07068779, 38.03253666 ], [ -100.09276096, 37.99983455 ], [ -100.10111324, 37.98713914 ], [ -100.11403251, 37.96713247 ], [ -100.13381534, 37.93596214 ], [ -100.13477338, 37.93443036 ], [ -100.15550991, 37.90172828 ], [ -100.16651743, 37.88449945 ], [ -100.17630105, 37.86902618 ], [ -100.19748767, 37.83632409 ], [ -100.19921953, 37.83376879 ], [ -100.21925187, 37.80362199 ], [ -100.23192163, 37.78536081 ], [ -100.24178041, 37.77091988 ], [ -100.26462371, 37.73942586 ], [ -100.26547195, 37.7382178 ], [ -100.28918086, 37.7055157 ], [ -100.2973258, 37.69504817 ], [ -100.3141662, 37.67281361 ], [ -100.3300279, 37.65303078 ], [ -100.34003123, 37.64011151 ], [ -100.36273, 37.61252563 ], [ -100.36674484, 37.60740942 ], [ -100.39457413, 37.57470732 ], [ -100.3954321, 37.57380658 ], [ -100.42420469, 37.54200524 ], [ -100.42813419, 37.53842562 ], [ -100.45955233, 37.50930313 ], [ -100.46083629, 37.50838213 ], [ -100.49353839, 37.48268702 ], [ -100.50086152, 37.47660103 ], [ -100.52624047, 37.45755719 ], [ -100.54598279, 37.44389894 ], [ -100.55894257, 37.43569163 ], [ -100.59164466, 37.41477799 ], [ -100.59375992, 37.41119684 ], [ -100.61433921, 37.37849476 ], [ -100.62434676, 37.36683674 ], [ -100.65163419, 37.34579265 ], [ -100.65704886, 37.34208231 ], [ -100.68975096, 37.32152759 ], [ -100.70303929, 37.31309057 ], [ -100.72245305, 37.29656826 ], [ -100.73978514, 37.28038846 ], [ -100.75515515, 37.2584135 ], [ -100.76261557, 37.24768638 ], [ -100.78129193, 37.21498427 ], [ -100.78785723, 37.20247285 ], [ -100.79827547, 37.18228217 ], [ -100.81431619, 37.14958009 ], [ -100.82055933, 37.13661614 ], [ -100.82977554, 37.11687798 ], [ -100.84477313, 37.0841759 ], [ -100.85326142, 37.06530752 ], [ -100.85927614, 37.05147379 ], [ -100.87327015, 37.01877171 ], [ -100.88596352, 36.98798205 ], [ -100.88672805, 36.98606961 ], [ -100.89952059, 36.95336752 ], [ -100.9113966, 36.92066542 ], [ -100.91866562, 36.89823801 ], [ -100.92192725, 36.88796331 ], [ -100.93109583, 36.85526123 ], [ -100.93897018, 36.82255913 ], [ -100.94554554, 36.78985704 ], [ -100.95090867, 36.75715494 ], [ -100.95136772, 36.75362143 ], [ -100.95513799, 36.72445285 ], [ -100.95829176, 36.69175075 ], [ -100.96041617, 36.65904867 ], [ -100.96158506, 36.62634656 ], [ -100.96183179, 36.59364446 ], [ -100.96127654, 36.56094237 ], [ -100.96000786, 36.52824027 ], [ -100.95852412, 36.49553819 ], [ -100.95702363, 36.46283608 ], [ -100.95548404, 36.430134 ], [ -100.95407202, 36.39743189 ], [ -100.95282563, 36.36472981 ], [ -100.95182466, 36.3320277 ], [ -100.95136772, 36.31150788 ], [ -100.95109918, 36.29932562 ], [ -100.95076715, 36.26662352 ], [ -100.95079571, 36.23392141 ], [ -100.95117889, 36.20121933 ], [ -100.95136772, 36.19588921 ], [ -100.95235496, 36.16851722 ], [ -100.9539733, 36.13581514 ], [ -100.95624202, 36.10311304 ], [ -100.9592458, 36.07041095 ], [ -100.96304432, 36.03770885 ], [ -100.96772074, 36.00500676 ], [ -100.97339955, 35.97230466 ], [ -100.98015814, 35.93960256 ], [ -100.98406981, 35.9234648 ], [ -100.98816802, 35.90690047 ], [ -100.99755982, 35.87419837 ], [ -101.00846649, 35.84149628 ], [ -101.01677191, 35.8198835 ], [ -101.02115121, 35.80879418 ], [ -101.03579459, 35.7760921 ], [ -101.04947399, 35.74867154 ], [ -101.05219204, 35.74338999 ], [ -101.0703868, 35.71068791 ], [ -101.08217609, 35.6912648 ], [ -101.09052712, 35.6779858 ], [ -101.11291257, 35.6452837 ], [ -101.11487819, 35.64261389 ], [ -101.13790297, 35.61258162 ], [ -101.14758028, 35.60096876 ], [ -101.16604083, 35.57987951 ], [ -101.18028238, 35.56488179 ], [ -101.19809191, 35.54717743 ], [ -101.21298448, 35.53353951 ], [ -101.23532714, 35.51447532 ], [ -101.24568658, 35.50637348 ], [ -101.27838867, 35.48291678 ], [ -101.28013551, 35.48177324 ], [ -101.31109075, 35.46328839 ], [ -101.33858944, 35.44907114 ], [ -101.34379285, 35.44663494 ], [ -101.37649495, 35.43350205 ], [ -101.40919704, 35.42313789 ], [ -101.43808984, 35.41636905 ], [ -101.44189914, 35.41553938 ], [ -101.47460124, 35.41052235 ], [ -101.50730334, 35.40785869 ], [ -101.54000543, 35.40746092 ], [ -101.57270751, 35.40920694 ], [ -101.60540961, 35.41275823 ], [ -101.62847561, 35.41636905 ], [ -101.63811171, 35.41776516 ], [ -101.6708138, 35.42356519 ], [ -101.7035159, 35.42937296 ], [ -101.736218, 35.43372076 ], [ -101.7689201, 35.43780342 ], [ -101.80162219, 35.44434293 ], [ -101.83357173, 35.44907114 ], [ -101.83432427, 35.44918172 ], [ -101.83485565, 35.44907114 ], [ -101.86702637, 35.44200694 ], [ -101.89972847, 35.42171801 ], [ -101.90502016, 35.41636905 ], [ -101.93243057, 35.38824524 ], [ -101.93677995, 35.38366695 ], [ -101.96513266, 35.3540107 ], [ -101.96814905, 35.35096484 ], [ -101.99783476, 35.32107495 ], [ -102.00085277, 35.31826276 ], [ -102.03053686, 35.29053936 ], [ -102.03658985, 35.28556065 ], [ -102.06323896, 35.26327012 ], [ -102.08041101, 35.25285857 ], [ -102.09594103, 35.2422182 ], [ -102.12864313, 35.23296244 ], [ -102.16134523, 35.23287883 ], [ -102.19404733, 35.23887124 ], [ -102.22674942, 35.24889661 ], [ -102.23724954, 35.25285857 ], [ -102.25945152, 35.26202432 ], [ -102.29215362, 35.27726957 ], [ -102.30868084, 35.28556065 ], [ -102.32485572, 35.29444219 ], [ -102.35755779, 35.31327199 ], [ -102.3659705, 35.31826276 ], [ -102.39025989, 35.33409919 ], [ -102.41538558, 35.35096484 ], [ -102.42296199, 35.35660094 ], [ -102.45566409, 35.38140402 ], [ -102.45862079, 35.38366695 ], [ -102.48836619, 35.40920814 ], [ -102.49660415, 35.41636905 ], [ -102.52106828, 35.44049008 ], [ -102.52968389, 35.44907114 ], [ -102.55377038, 35.47665402 ], [ -102.55822273, 35.48177324 ], [ -102.58259504, 35.51447532 ], [ -102.58647248, 35.52065759 ], [ -102.60310534, 35.54717743 ], [ -102.61917456, 35.5788845 ], [ -102.61968181, 35.57987951 ], [ -102.63306141, 35.61258162 ], [ -102.64304301, 35.6452837 ], [ -102.64995991, 35.6779858 ], [ -102.65187665, 35.69318016 ], [ -102.65411391, 35.71068791 ], [ -102.65563273, 35.74338999 ] ], [ [ -102.43005493, 35.80879418 ], [ -102.42845852, 35.84149628 ], [ -102.42502455, 35.87419837 ], [ -102.42296199, 35.88747385 ], [ -102.42005462, 35.90690047 ], [ -102.41357186, 35.93960256 ], [ -102.40554958, 35.97230466 ], [ -102.39596255, 36.00500676 ], [ -102.39025989, 36.02169473 ], [ -102.38493558, 36.03770885 ], [ -102.37257205, 36.07041095 ], [ -102.35879646, 36.10311304 ], [ -102.35755779, 36.10576296 ], [ -102.34384317, 36.13581514 ], [ -102.3274921, 36.16851722 ], [ -102.32485572, 36.17334463 ], [ -102.30993023, 36.20121933 ], [ -102.29215362, 36.23157684 ], [ -102.29080053, 36.23392141 ], [ -102.27007405, 36.26662352 ], [ -102.25945152, 36.28222589 ], [ -102.24813911, 36.29932562 ], [ -102.22674942, 36.33049128 ], [ -102.22572979, 36.3320277 ], [ -102.2032725, 36.36472981 ], [ -102.19404733, 36.3777927 ], [ -102.18077756, 36.39743189 ], [ -102.16134523, 36.42556171 ], [ -102.15835171, 36.430134 ], [ -102.13649347, 36.46283608 ], [ -102.12864313, 36.4744185 ], [ -102.11533674, 36.49553819 ], [ -102.09594103, 36.52632267 ], [ -102.09484129, 36.52824027 ], [ -102.07608763, 36.56094237 ], [ -102.06323896, 36.58390953 ], [ -102.05847759, 36.59364446 ], [ -102.04306293, 36.62634656 ], [ -102.03053686, 36.65506032 ], [ -102.02910115, 36.65904867 ], [ -102.0184254, 36.69175075 ], [ -102.00977838, 36.72445285 ], [ -102.00320509, 36.75715494 ], [ -101.99845829, 36.78985704 ], [ -101.99783476, 36.79579327 ], [ -101.99510039, 36.82255913 ], [ -101.99301209, 36.85526123 ], [ -101.99237769, 36.88796331 ], [ -101.99343282, 36.92066542 ], [ -101.99645914, 36.95336752 ], [ -101.99783476, 36.96174733 ], [ -102.0014721, 36.98606961 ], [ -102.00866105, 37.01877171 ], [ -102.01849519, 37.05147379 ], [ -102.03053686, 37.08197415 ], [ -102.03134244, 37.0841759 ], [ -102.04577501, 37.11687798 ], [ -102.06218414, 37.14958009 ], [ -102.06323896, 37.151886 ], [ -102.07541203, 37.18228217 ], [ -102.07684107, 37.21498427 ], [ -102.06921575, 37.24768638 ], [ -102.06323896, 37.25408963 ], [ -102.03281193, 37.28038846 ], [ -102.03053686, 37.28229427 ], [ -101.99783476, 37.30705262 ], [ -101.98775832, 37.31309057 ], [ -101.96513266, 37.32688452 ], [ -101.93243057, 37.33803631 ], [ -101.89972847, 37.34275414 ], [ -101.86702637, 37.34275847 ], [ -101.83432427, 37.339466 ], [ -101.80162219, 37.33199324 ], [ -101.7689201, 37.31924868 ], [ -101.74980486, 37.31309057 ], [ -101.736218, 37.30829628 ], [ -101.7035159, 37.30998507 ], [ -101.68991844, 37.31309057 ], [ -101.6708138, 37.31716749 ], [ -101.63811171, 37.32589774 ], [ -101.60540961, 37.33543872 ], [ -101.57270751, 37.34471024 ], [ -101.56848225, 37.34579265 ], [ -101.54000543, 37.35251694 ], [ -101.50730334, 37.35997758 ], [ -101.47460124, 37.36782843 ], [ -101.44189914, 37.37648257 ], [ -101.43455395, 37.37849476 ], [ -101.40919704, 37.38542094 ], [ -101.37649495, 37.39509945 ], [ -101.34379285, 37.40589273 ], [ -101.32867184, 37.41119684 ], [ -101.31109075, 37.41785859 ], [ -101.27838867, 37.43120309 ], [ -101.25080968, 37.44389894 ], [ -101.24568658, 37.44656797 ], [ -101.21298448, 37.46441757 ], [ -101.19314987, 37.47660103 ], [ -101.18028238, 37.48584315 ], [ -101.15067343, 37.50930313 ], [ -101.14758028, 37.51219815 ], [ -101.11753829, 37.54200524 ], [ -101.11487819, 37.54508201 ], [ -101.08997127, 37.57470732 ], [ -101.08217609, 37.58486758 ], [ -101.06480162, 37.60740942 ], [ -101.04947399, 37.62617205 ], [ -101.037725, 37.64011151 ], [ -101.01677191, 37.66856083 ], [ -101.01355811, 37.67281361 ], [ -100.99501709, 37.7055157 ], [ -100.98406981, 37.73401159 ], [ -100.98234733, 37.7382178 ], [ -100.97228443, 37.77091988 ], [ -100.96291295, 37.80362199 ], [ -100.95297381, 37.83632409 ], [ -100.95136772, 37.84129173 ], [ -100.93924771, 37.86902618 ], [ -100.92374133, 37.90172828 ], [ -100.91866562, 37.91161266 ], [ -100.9021863, 37.93443036 ], [ -100.88596352, 37.95635973 ], [ -100.873518, 37.96713247 ], [ -100.85326142, 37.98693721 ], [ -100.82548168, 37.99983455 ], [ -100.82055933, 38.00260166 ], [ -100.8034927, 37.99983455 ], [ -100.78785723, 37.99678926 ], [ -100.76234334, 37.96713247 ], [ -100.75515515, 37.95667164 ], [ -100.74558963, 37.93443036 ], [ -100.73569762, 37.90172828 ], [ -100.72980155, 37.86902618 ], [ -100.72649776, 37.83632409 ], [ -100.72441115, 37.80362199 ], [ -100.72245305, 37.77571231 ], [ -100.72208301, 37.77091988 ], [ -100.71819874, 37.7382178 ], [ -100.71482803, 37.7055157 ], [ -100.71149363, 37.67281361 ], [ -100.70783021, 37.64011151 ], [ -100.70329581, 37.60740942 ], [ -100.69502621, 37.57470732 ], [ -100.68975096, 37.55805149 ], [ -100.68529364, 37.54200524 ], [ -100.68258264, 37.50930313 ], [ -100.68863122, 37.47660103 ], [ -100.68975096, 37.47473095 ], [ -100.72245305, 37.44488914 ], [ -100.7237981, 37.44389894 ], [ -100.75515515, 37.423632 ], [ -100.77512593, 37.41119684 ], [ -100.78785723, 37.4039466 ], [ -100.82055933, 37.38592618 ], [ -100.83362174, 37.37849476 ], [ -100.85326142, 37.36752751 ], [ -100.88596352, 37.34713674 ], [ -100.88795453, 37.34579265 ], [ -100.91866562, 37.32183988 ], [ -100.92873465, 37.31309057 ], [ -100.95136772, 37.28540522 ], [ -100.95527264, 37.28038846 ], [ -100.97408854, 37.24768638 ], [ -100.98406981, 37.22532124 ], [ -100.98863772, 37.21498427 ], [ -101.00102524, 37.18228217 ], [ -101.01185165, 37.14958009 ], [ -101.01677191, 37.1335235 ], [ -101.02187255, 37.11687798 ], [ -101.03142661, 37.0841759 ], [ -101.04046835, 37.05147379 ], [ -101.04905463, 37.01877171 ], [ -101.04947399, 37.01715235 ], [ -101.05756634, 36.98606961 ], [ -101.06575556, 36.95336752 ], [ -101.07351802, 36.92066542 ], [ -101.08069776, 36.88796331 ], [ -101.08217609, 36.880545 ], [ -101.08731964, 36.85526123 ], [ -101.09288133, 36.82255913 ], [ -101.09731211, 36.78985704 ], [ -101.10068753, 36.75715494 ], [ -101.10306342, 36.72445285 ], [ -101.10447721, 36.69175075 ], [ -101.1050115, 36.65904867 ], [ -101.10471568, 36.62634656 ], [ -101.103648, 36.59364446 ], [ -101.10189371, 36.56094237 ], [ -101.09949894, 36.52824027 ], [ -101.09696107, 36.49553819 ], [ -101.09450295, 36.46283608 ], [ -101.09220782, 36.430134 ], [ -101.09014157, 36.39743189 ], [ -101.08841516, 36.36472981 ], [ -101.08711174, 36.3320277 ], [ -101.08628829, 36.29932562 ], [ -101.08600926, 36.26662352 ], [ -101.08627978, 36.23392141 ], [ -101.08722669, 36.20121933 ], [ -101.08889059, 36.16851722 ], [ -101.09130377, 36.13581514 ], [ -101.09458262, 36.10311304 ], [ -101.09879458, 36.07041095 ], [ -101.10401211, 36.03770885 ], [ -101.1103461, 36.00500676 ], [ -101.11487819, 35.98525727 ], [ -101.11796085, 35.97230466 ], [ -101.12710893, 35.93960256 ], [ -101.1377061, 35.90690047 ], [ -101.14758028, 35.88052066 ], [ -101.15003936, 35.87419837 ], [ -101.1645147, 35.84149628 ], [ -101.18028238, 35.81032373 ], [ -101.18108888, 35.80879418 ], [ -101.20050403, 35.7760921 ], [ -101.21298448, 35.75710299 ], [ -101.22245082, 35.74338999 ], [ -101.24568658, 35.71228884 ], [ -101.24694943, 35.71068791 ], [ -101.27460821, 35.6779858 ], [ -101.27838867, 35.67384007 ], [ -101.30621943, 35.6452837 ], [ -101.31109075, 35.64064796 ], [ -101.34301751, 35.61258162 ], [ -101.34379285, 35.61195196 ], [ -101.37649495, 35.58764453 ], [ -101.38816473, 35.57987951 ], [ -101.40919704, 35.56708463 ], [ -101.44189914, 35.54994538 ], [ -101.44804862, 35.54717743 ], [ -101.47460124, 35.53646127 ], [ -101.50730334, 35.52603855 ], [ -101.54000543, 35.51846283 ], [ -101.566534, 35.51447532 ], [ -101.57270751, 35.51367046 ], [ -101.60540961, 35.51130444 ], [ -101.63811171, 35.51022161 ], [ -101.6708138, 35.50962858 ], [ -101.7035159, 35.5092412 ], [ -101.736218, 35.5100807 ], [ -101.7689201, 35.51269567 ], [ -101.78026611, 35.51447532 ], [ -101.80162219, 35.5178413 ], [ -101.83432427, 35.52369021 ], [ -101.86702637, 35.51903878 ], [ -101.87505269, 35.51447532 ], [ -101.89972847, 35.50050016 ], [ -101.91890251, 35.48177324 ], [ -101.93243057, 35.46834437 ], [ -101.95072315, 35.44907114 ], [ -101.96513266, 35.433872 ], [ -101.98266527, 35.41636905 ], [ -101.99783476, 35.40107838 ], [ -102.01871188, 35.38366695 ], [ -102.03053686, 35.37286188 ], [ -102.06323896, 35.35676693 ], [ -102.09594103, 35.35292646 ], [ -102.12864313, 35.3585022 ], [ -102.16134523, 35.37089275 ], [ -102.18600681, 35.38366695 ], [ -102.19404733, 35.3884009 ], [ -102.22674942, 35.41048992 ], [ -102.23474113, 35.41636905 ], [ -102.25945152, 35.43687411 ], [ -102.27339097, 35.44907114 ], [ -102.29215362, 35.46773732 ], [ -102.30583812, 35.48177324 ], [ -102.32485572, 35.50419747 ], [ -102.33340094, 35.51447532 ], [ -102.35670815, 35.54717743 ], [ -102.35755779, 35.54858014 ], [ -102.37636683, 35.57987951 ], [ -102.39025989, 35.60811099 ], [ -102.39245652, 35.61258162 ], [ -102.40545986, 35.6452837 ], [ -102.41539853, 35.6779858 ], [ -102.42255776, 35.71068791 ], [ -102.42296199, 35.7135009 ], [ -102.42728906, 35.74338999 ], [ -102.42972643, 35.7760921 ], [ -102.43005493, 35.80879418 ] ] ] } },
{ "type": "Feature", "properties": { "Lower": 50.0 }, "geometry": { "type": "Polygon", "coordinates": [ [ [ -99.73911638, 34.40260408 ], [ -99.73889661, 34.43530619 ], [ -99.7360672, 34.46800827 ], [ -99.72983541, 34.50071038 ], [ -99.71927157, 34.53341248 ], [ -99.70868809, 34.55616523 ], [ -99.70248466, 34.56611457 ], [ -99.67657916, 34.59881667 ], [ -99.67598601, 34.59948016 ], [ -99.64328391, 34.62604886 ], [ -99.63329677, 34.63151875 ], [ -99.61058181, 34.64475402 ], [ -99.57787972, 34.65761207 ], [ -99.55061907, 34.66422086 ], [ -99.54517762, 34.66653915 ], [ -99.51247552, 34.67576704 ], [ -99.47977342, 34.68403239 ], [ -99.44707133, 34.69097085 ], [ -99.41436925, 34.69611372 ], [ -99.4011561, 34.69692294 ], [ -99.38166715, 34.69958147 ], [ -99.36078533, 34.69692294 ], [ -99.34896505, 34.69495234 ], [ -99.31626296, 34.67139498 ], [ -99.28969189, 34.66422086 ], [ -99.28356086, 34.66315288 ], [ -99.25085876, 34.65394654 ], [ -99.21815666, 34.64577736 ], [ -99.18545457, 34.63802935 ], [ -99.15798977, 34.63151875 ], [ -99.15275249, 34.63029432 ], [ -99.12005039, 34.62112442 ], [ -99.08734829, 34.61229707 ], [ -99.05464619, 34.60375068 ], [ -99.03480025, 34.59881667 ], [ -99.0219441, 34.59537603 ], [ -98.989242, 34.58707103 ], [ -98.9565399, 34.58011458 ], [ -98.9238378, 34.57450906 ], [ -98.89113573, 34.57022398 ], [ -98.85843363, 34.56724685 ], [ -98.83857308, 34.56611457 ], [ -98.82573153, 34.5651709 ], [ -98.79302943, 34.56422658 ], [ -98.76032734, 34.56461172 ], [ -98.72762524, 34.56398323 ], [ -98.69492314, 34.56153973 ], [ -98.66222104, 34.55863981 ], [ -98.62951897, 34.55768966 ], [ -98.59681687, 34.56086504 ], [ -98.57175109, 34.56611457 ], [ -98.56411477, 34.56747463 ], [ -98.53141267, 34.57558377 ], [ -98.49871058, 34.58753421 ], [ -98.47411465, 34.59881667 ], [ -98.46600848, 34.6021172 ], [ -98.43330638, 34.61583538 ], [ -98.40060428, 34.62888161 ], [ -98.39093462, 34.63151875 ], [ -98.3679022, 34.63734302 ], [ -98.33520011, 34.64049301 ], [ -98.30249801, 34.64045191 ], [ -98.26979591, 34.63957367 ], [ -98.23709381, 34.63898436 ], [ -98.20439172, 34.63911548 ], [ -98.17168962, 34.64014484 ], [ -98.13898752, 34.64199642 ], [ -98.10628544, 34.6446451 ], [ -98.07358335, 34.64797056 ], [ -98.04088125, 34.65157968 ], [ -98.00817915, 34.65595942 ], [ -97.97547705, 34.65998872 ], [ -97.94445071, 34.66422086 ], [ -97.94277496, 34.6643914 ], [ -97.91007286, 34.66753494 ], [ -97.87737076, 34.67149564 ], [ -97.84466868, 34.67585124 ], [ -97.81196658, 34.68063957 ], [ -97.77926449, 34.68601682 ], [ -97.74656239, 34.69211662 ], [ -97.72269514, 34.69692294 ], [ -97.71386029, 34.69835901 ], [ -97.68115819, 34.70380056 ], [ -97.6484561, 34.71061408 ], [ -97.615754, 34.71902831 ], [ -97.58305192, 34.72834901 ], [ -97.57891024, 34.72962505 ], [ -97.55034982, 34.73921275 ], [ -97.51764773, 34.75201729 ], [ -97.49284924, 34.76232713 ], [ -97.48494563, 34.7666917 ], [ -97.45224353, 34.78723495 ], [ -97.43813524, 34.79502923 ], [ -97.41954143, 34.81426188 ], [ -97.4108066, 34.82773134 ], [ -97.40400229, 34.86043342 ], [ -97.39857347, 34.89313553 ], [ -97.39577541, 34.92583761 ], [ -97.39499015, 34.95853971 ], [ -97.39600364, 34.9912418 ], [ -97.39836254, 35.0239439 ], [ -97.40217793, 35.05664599 ], [ -97.40742392, 35.08934809 ], [ -97.41388038, 35.12205019 ], [ -97.41954143, 35.14519017 ], [ -97.42135797, 35.15475228 ], [ -97.42906994, 35.18745438 ], [ -97.43789607, 35.22015647 ], [ -97.44808932, 35.25285857 ], [ -97.45224353, 35.26435046 ], [ -97.45822554, 35.28556065 ], [ -97.46893565, 35.31826276 ], [ -97.48109123, 35.35096484 ], [ -97.48494563, 35.36002102 ], [ -97.49276434, 35.38366695 ], [ -97.50503169, 35.41636905 ], [ -97.51764773, 35.44620421 ], [ -97.51857798, 35.44907114 ], [ -97.53061774, 35.48177324 ], [ -97.54434464, 35.51447532 ], [ -97.55034982, 35.52713858 ], [ -97.55755133, 35.54717743 ], [ -97.57091573, 35.57987951 ], [ -97.58305192, 35.60589175 ], [ -97.58536883, 35.61258162 ], [ -97.59816725, 35.6452837 ], [ -97.61299206, 35.6779858 ], [ -97.615754, 35.6834006 ], [ -97.62620943, 35.71068791 ], [ -97.64088002, 35.74338999 ], [ -97.6484561, 35.75813182 ], [ -97.65768617, 35.7760921 ], [ -97.67689676, 35.80879418 ], [ -97.68115819, 35.81530549 ], [ -97.70091494, 35.84149628 ], [ -97.71386029, 35.85646606 ], [ -97.73477314, 35.87419837 ], [ -97.74656239, 35.88302915 ], [ -97.77926449, 35.8963783 ], [ -97.81196658, 35.89829495 ], [ -97.84466868, 35.89097248 ], [ -97.87737076, 35.87656567 ], [ -97.88092438, 35.87419837 ], [ -97.91007286, 35.85782781 ], [ -97.93841432, 35.84149628 ], [ -97.94277496, 35.83946905 ], [ -97.97547705, 35.821214 ], [ -98.00817915, 35.81123785 ], [ -98.01488982, 35.80879418 ], [ -98.04088125, 35.7994214 ], [ -98.07358335, 35.77994261 ], [ -98.07857918, 35.7760921 ], [ -98.10628544, 35.75116018 ], [ -98.11422717, 35.74338999 ], [ -98.13898752, 35.71859644 ], [ -98.14844862, 35.71068791 ], [ -98.17168962, 35.69287172 ], [ -98.20439172, 35.68166502 ], [ -98.23709381, 35.69381017 ], [ -98.26644734, 35.71068791 ], [ -98.26979591, 35.71240933 ], [ -98.30249801, 35.7387859 ], [ -98.30610919, 35.74338999 ], [ -98.33282517, 35.7760921 ], [ -98.33520011, 35.77875397 ], [ -98.35808458, 35.80879418 ], [ -98.3679022, 35.82386924 ], [ -98.38270183, 35.84149628 ], [ -98.40060428, 35.86834998 ], [ -98.40507963, 35.87419837 ], [ -98.42627432, 35.90690047 ], [ -98.43330638, 35.92121411 ], [ -98.443627, 35.93960256 ], [ -98.45790329, 35.97230466 ], [ -98.46600848, 35.99830695 ], [ -98.46849817, 36.00500676 ], [ -98.47885086, 36.03770885 ], [ -98.48637351, 36.07041095 ], [ -98.49177925, 36.10311304 ], [ -98.49555265, 36.13581514 ], [ -98.49862768, 36.16851722 ], [ -98.49871058, 36.16912678 ], [ -98.50427434, 36.20121933 ], [ -98.50140668, 36.23392141 ], [ -98.49871058, 36.23777228 ], [ -98.46600848, 36.26523275 ], [ -98.46423482, 36.26662352 ], [ -98.43330638, 36.29458673 ], [ -98.42825244, 36.29932562 ], [ -98.40060428, 36.33066689 ], [ -98.39935154, 36.3320277 ], [ -98.37556317, 36.36472981 ], [ -98.3679022, 36.37922072 ], [ -98.357937, 36.39743189 ], [ -98.34488917, 36.430134 ], [ -98.33520011, 36.46040996 ], [ -98.33443701, 36.46283608 ], [ -98.3262626, 36.49553819 ], [ -98.31901887, 36.52824027 ], [ -98.31228526, 36.56094237 ], [ -98.30560608, 36.59364446 ], [ -98.30249801, 36.60828017 ], [ -98.29876778, 36.62634656 ], [ -98.29119403, 36.65904867 ], [ -98.28181362, 36.69175075 ], [ -98.26979591, 36.72368612 ], [ -98.26950535, 36.72445285 ], [ -98.25408208, 36.75715494 ], [ -98.23709381, 36.78375285 ], [ -98.23309206, 36.78985704 ], [ -98.20580096, 36.82255913 ], [ -98.20439172, 36.82389522 ], [ -98.17168962, 36.8550704 ], [ -98.17148855, 36.85526123 ], [ -98.13898752, 36.88178955 ], [ -98.13170439, 36.88796331 ], [ -98.10628544, 36.90671612 ], [ -98.08857121, 36.92066542 ], [ -98.07358335, 36.93033591 ], [ -98.04088125, 36.94947848 ], [ -98.02319304, 36.95336752 ], [ -98.00817915, 36.95515907 ], [ -97.97547705, 36.96726935 ], [ -97.94277496, 36.97027682 ], [ -97.91007286, 36.95887441 ], [ -97.90086988, 36.95336752 ], [ -97.87737076, 36.93254523 ], [ -97.86356202, 36.92066542 ], [ -97.84466868, 36.90259079 ], [ -97.8265355, 36.88796331 ], [ -97.81196658, 36.87613213 ], [ -97.77964043, 36.85526123 ], [ -97.77926449, 36.85502205 ], [ -97.74656239, 36.83759473 ], [ -97.71386029, 36.82476767 ], [ -97.70656426, 36.82255913 ], [ -97.68115819, 36.81449373 ], [ -97.6484561, 36.806859 ], [ -97.615754, 36.80144186 ], [ -97.58305192, 36.79761134 ], [ -97.55034982, 36.7947638 ], [ -97.51764773, 36.79235753 ], [ -97.485863, 36.78985704 ], [ -97.48494563, 36.78977179 ], [ -97.45224353, 36.78619372 ], [ -97.41954143, 36.78262622 ], [ -97.38683934, 36.78208473 ], [ -97.35413724, 36.78550077 ], [ -97.33890397, 36.78985704 ], [ -97.32143516, 36.79409219 ], [ -97.28873306, 36.80923036 ], [ -97.27043589, 36.82255913 ], [ -97.25603097, 36.83141149 ], [ -97.22864799, 36.85526123 ], [ -97.22332887, 36.85922134 ], [ -97.19446596, 36.88796331 ], [ -97.19062677, 36.8912855 ], [ -97.16443978, 36.92066542 ], [ -97.15792467, 36.92723201 ], [ -97.1378415, 36.95336752 ], [ -97.12522257, 36.97038758 ], [ -97.1145724, 36.98606961 ], [ -97.09544918, 37.01877171 ], [ -97.09252048, 37.02404832 ], [ -97.07546386, 37.05147379 ], [ -97.06398899, 37.0841759 ], [ -97.06989969, 37.11687798 ], [ -97.06675117, 37.14958009 ], [ -97.0598184, 37.17235503 ], [ -97.05559466, 37.18228217 ], [ -97.03596956, 37.21498427 ], [ -97.0271163, 37.22733282 ], [ -97.00832908, 37.24768638 ], [ -96.9944142, 37.26262945 ], [ -96.97329847, 37.28038846 ], [ -96.96171211, 37.29171301 ], [ -96.93177675, 37.31309057 ], [ -96.92901001, 37.31551915 ], [ -96.89630791, 37.33434541 ], [ -96.86360581, 37.3446788 ], [ -96.85456183, 37.34579265 ], [ -96.83090372, 37.34920503 ], [ -96.79820164, 37.35253628 ], [ -96.76549954, 37.35433618 ], [ -96.73279744, 37.3533946 ], [ -96.70009535, 37.34850865 ], [ -96.69095781, 37.34579265 ], [ -96.66739325, 37.33874401 ], [ -96.63469115, 37.32207642 ], [ -96.62268793, 37.31309057 ], [ -96.60198905, 37.29420363 ], [ -96.59142767, 37.28038846 ], [ -96.58804474, 37.24768638 ], [ -96.59738458, 37.21498427 ], [ -96.60198905, 37.20528677 ], [ -96.61270197, 37.18228217 ], [ -96.63062936, 37.14958009 ], [ -96.63469115, 37.14260264 ], [ -96.64991241, 37.11687798 ], [ -96.66739325, 37.08459675 ], [ -96.66763145, 37.0841759 ], [ -96.68213313, 37.05147379 ], [ -96.69361766, 37.01877171 ], [ -96.70009535, 36.9944427 ], [ -96.70246665, 36.98606961 ], [ -96.70905091, 36.95336752 ], [ -96.71361724, 36.92066542 ], [ -96.71640711, 36.88796331 ], [ -96.71760605, 36.85526123 ], [ -96.71737888, 36.82255913 ], [ -96.71585929, 36.78985704 ], [ -96.71317906, 36.75715494 ], [ -96.7094346, 36.72445285 ], [ -96.70474797, 36.69175075 ], [ -96.70009535, 36.66401313 ], [ -96.69925185, 36.65904867 ], [ -96.69311043, 36.62634656 ], [ -96.68630874, 36.59364446 ], [ -96.67893533, 36.56094237 ], [ -96.67098399, 36.52824027 ], [ -96.66739325, 36.51421085 ], [ -96.66256998, 36.49553819 ], [ -96.65378145, 36.46283608 ], [ -96.64460846, 36.430134 ], [ -96.63522884, 36.39743189 ], [ -96.63469115, 36.39553639 ], [ -96.62584422, 36.36472981 ], [ -96.61623898, 36.3320277 ], [ -96.60636357, 36.29932562 ], [ -96.60198905, 36.28488318 ], [ -96.59637068, 36.26662352 ], [ -96.5861825, 36.23392141 ], [ -96.57571993, 36.20121933 ], [ -96.56928696, 36.18138467 ], [ -96.56505117, 36.16851722 ], [ -96.55417283, 36.13581514 ], [ -96.54289987, 36.10311304 ], [ -96.53658488, 36.08509818 ], [ -96.53137971, 36.07041095 ], [ -96.5195816, 36.03770885 ], [ -96.50732547, 36.00500676 ], [ -96.50388278, 35.99583531 ], [ -96.49491546, 35.97230466 ], [ -96.48201814, 35.93960256 ], [ -96.47118068, 35.91280713 ], [ -96.46876866, 35.90690047 ], [ -96.45533189, 35.87419837 ], [ -96.44126893, 35.84149628 ], [ -96.43847858, 35.83499312 ], [ -96.4271566, 35.80879418 ], [ -96.41254526, 35.7760921 ], [ -96.40577649, 35.76121217 ], [ -96.39760808, 35.74338999 ], [ -96.38237003, 35.71068791 ], [ -96.37307439, 35.69116042 ], [ -96.3667777, 35.6779858 ], [ -96.35105056, 35.6452837 ], [ -96.34037229, 35.62374449 ], [ -96.33479086, 35.61258162 ], [ -96.31833255, 35.57987951 ], [ -96.30767019, 35.55902549 ], [ -96.30158491, 35.54717743 ], [ -96.28456824, 35.51447532 ], [ -96.27496812, 35.49615655 ], [ -96.26735715, 35.48177324 ], [ -96.2498224, 35.44907114 ], [ -96.24226602, 35.4350377 ], [ -96.23221419, 35.41636905 ], [ -96.21437271, 35.38366695 ], [ -96.20956392, 35.37481868 ], [ -96.19652911, 35.35096484 ], [ -96.17802125, 35.31826276 ], [ -96.17686182, 35.3100872 ], [ -96.17686182, 35.31006561 ], [ -96.20136804, 35.28556065 ], [ -96.20956392, 35.27736479 ], [ -96.23407123, 35.25285857 ], [ -96.23407153, 35.22015647 ], [ -96.24226602, 35.21196199 ], [ -96.26677445, 35.18745438 ], [ -96.27496812, 35.17926071 ], [ -96.29947719, 35.15475228 ], [ -96.2994773, 35.12205019 ], [ -96.30767019, 35.11385728 ], [ -96.33217983, 35.08934809 ], [ -96.34037229, 35.08115561 ], [ -96.3648822, 35.05664599 ], [ -96.36488218, 35.0239439 ], [ -96.37307439, 35.0157517 ], [ -96.3975844, 34.9912418 ], [ -96.40577649, 34.98304972 ], [ -96.43028651, 34.95853971 ], [ -96.43847858, 34.95034764 ], [ -96.46298855, 34.92583761 ], [ -96.46298842, 34.89313553 ], [ -96.47118068, 34.88494326 ], [ -96.49569038, 34.86043342 ], [ -96.50388278, 34.85224103 ], [ -96.52839228, 34.82773134 ], [ -96.52839212, 34.79502923 ], [ -96.53658488, 34.78683648 ], [ -96.56109399, 34.76232713 ], [ -96.56928696, 34.75413417 ], [ -96.59379585, 34.72962505 ], [ -96.60198905, 34.72143183 ], [ -96.62649769, 34.69692294 ], [ -96.62649758, 34.66422086 ], [ -96.63469115, 34.65602729 ], [ -96.65919944, 34.63151875 ], [ -96.66739325, 34.62332495 ], [ -96.69190134, 34.59881667 ], [ -96.69190128, 34.56611457 ], [ -96.70009535, 34.55792051 ], [ -96.72460323, 34.53341248 ], [ -96.73279744, 34.52521826 ], [ -96.75730521, 34.50071038 ], [ -96.75730523, 34.46800827 ], [ -96.76549954, 34.45981399 ], [ -96.79000726, 34.43530619 ], [ -96.79820164, 34.42711182 ], [ -96.82270932, 34.40260408 ], [ -96.83090372, 34.39440969 ], [ -96.8554114, 34.369902 ], [ -96.8554115, 34.3371999 ], [ -96.86360581, 34.32900557 ], [ -96.8881136, 34.30449781 ], [ -96.89630791, 34.29630348 ], [ -96.92081571, 34.27179571 ], [ -96.92081579, 34.23909363 ], [ -96.92901001, 34.2308994 ], [ -96.95351787, 34.20639152 ], [ -96.96171211, 34.1981973 ], [ -96.98621989, 34.17368942 ], [ -96.98621987, 34.14098733 ], [ -96.9944142, 34.132793 ], [ -97.01892173, 34.10828523 ], [ -97.0271163, 34.10009067 ], [ -97.05162346, 34.07558314 ], [ -97.0598184, 34.06738823 ], [ -97.08432505, 34.04288104 ], [ -97.08432468, 34.01017896 ], [ -97.09252048, 34.00198315 ], [ -97.11702605, 33.97747685 ], [ -97.12522257, 33.96928031 ], [ -97.14972737, 33.94477477 ], [ -97.14974896, 33.94477477 ], [ -97.15792467, 33.95824015 ], [ -97.18584934, 33.97747685 ], [ -97.19062677, 33.98080495 ], [ -97.22332887, 34.00257131 ], [ -97.23513475, 34.01017896 ], [ -97.25603097, 34.02379579 ], [ -97.28467471, 34.04288104 ], [ -97.28873306, 34.04548849 ], [ -97.32143516, 34.06374588 ], [ -97.34215129, 34.07558314 ], [ -97.35413724, 34.08243195 ], [ -97.38683934, 34.10021933 ], [ -97.40214998, 34.10828523 ], [ -97.41954143, 34.1173506 ], [ -97.45224353, 34.13385498 ], [ -97.46712775, 34.14098733 ], [ -97.48494563, 34.14926584 ], [ -97.51764773, 34.1638663 ], [ -97.54064225, 34.17368942 ], [ -97.55034982, 34.17764428 ], [ -97.58305192, 34.19020482 ], [ -97.615754, 34.20189755 ], [ -97.62911963, 34.20639152 ], [ -97.6484561, 34.21242457 ], [ -97.68115819, 34.22200375 ], [ -97.71386029, 34.23069172 ], [ -97.74656239, 34.23768849 ], [ -97.7521864, 34.23909363 ], [ -97.77926449, 34.24519942 ], [ -97.81196658, 34.25090923 ], [ -97.84466868, 34.255823 ], [ -97.87737076, 34.26008965 ], [ -97.91007286, 34.26367194 ], [ -97.94277496, 34.26661687 ], [ -97.97547705, 34.26897988 ], [ -98.00817915, 34.27082159 ], [ -98.02524637, 34.27179571 ], [ -98.04088125, 34.27246795 ], [ -98.07358335, 34.27268786 ], [ -98.10628544, 34.27297557 ], [ -98.13898752, 34.27303645 ], [ -98.17168962, 34.27277088 ], [ -98.20439172, 34.272271 ], [ -98.22054578, 34.27179571 ], [ -98.23709381, 34.27120457 ], [ -98.26979591, 34.27039735 ], [ -98.30249801, 34.26907988 ], [ -98.33520011, 34.26773897 ], [ -98.3679022, 34.26715393 ], [ -98.40060428, 34.26818743 ], [ -98.43330638, 34.2698827 ], [ -98.4546805, 34.27179571 ], [ -98.46600848, 34.27258331 ], [ -98.49871058, 34.28611967 ], [ -98.52152301, 34.30449781 ], [ -98.53141267, 34.31046106 ], [ -98.56411477, 34.32465392 ], [ -98.59681687, 34.33181338 ], [ -98.62951897, 34.33545377 ], [ -98.65202974, 34.3371999 ], [ -98.66222104, 34.33798142 ], [ -98.69492314, 34.33803435 ], [ -98.70338426, 34.3371999 ], [ -98.72762524, 34.33451603 ], [ -98.76032734, 34.32919505 ], [ -98.79302943, 34.3238031 ], [ -98.82573153, 34.31903043 ], [ -98.85843363, 34.31518903 ], [ -98.89113573, 34.31226403 ], [ -98.9238378, 34.31033825 ], [ -98.9565399, 34.30943521 ], [ -98.989242, 34.30971695 ], [ -99.0219441, 34.3114848 ], [ -99.05464619, 34.31671801 ], [ -99.08734829, 34.3278184 ], [ -99.1102278, 34.3371999 ], [ -99.12005039, 34.34259736 ], [ -99.15275249, 34.3619704 ], [ -99.16819938, 34.369902 ], [ -99.18545457, 34.38043951 ], [ -99.21815666, 34.39019927 ], [ -99.25085876, 34.3849181 ], [ -99.26800516, 34.369902 ], [ -99.28356086, 34.35986724 ], [ -99.30058522, 34.3371999 ], [ -99.31626296, 34.32045543 ], [ -99.32607828, 34.30449781 ], [ -99.34896505, 34.27267351 ], [ -99.34945961, 34.27179571 ], [ -99.36980809, 34.23909363 ], [ -99.38166715, 34.22054848 ], [ -99.38970698, 34.20639152 ], [ -99.41436925, 34.17719984 ], [ -99.41770017, 34.17368942 ], [ -99.44707133, 34.15657144 ], [ -99.47977342, 34.1436113 ], [ -99.4879669, 34.14098733 ], [ -99.51247552, 34.13145369 ], [ -99.54517762, 34.12325509 ], [ -99.57787972, 34.11857327 ], [ -99.61058181, 34.11630719 ], [ -99.64328391, 34.1197264 ], [ -99.67235947, 34.14098733 ], [ -99.67598601, 34.14504641 ], [ -99.69497434, 34.17368942 ], [ -99.70760461, 34.20639152 ], [ -99.70868809, 34.21039117 ], [ -99.71659303, 34.23909363 ], [ -99.72365557, 34.27179571 ], [ -99.72938206, 34.30449781 ], [ -99.7339759, 34.3371999 ], [ -99.73732447, 34.369902 ], [ -99.73911638, 34.40260408 ] ], [ [ -98.46906465, 36.16851722 ], [ -98.46743035, 36.20121933 ], [ -98.46600848, 36.20408777 ], [ -98.43960701, 36.23392141 ], [ -98.43330638, 36.23888379 ], [ -98.40068831, 36.26662352 ], [ -98.40060428, 36.26670258 ], [ -98.3679022, 36.29544931 ], [ -98.36320406, 36.29932562 ], [ -98.33520011, 36.32827827 ], [ -98.33139399, 36.3320277 ], [ -98.30490584, 36.36472981 ], [ -98.30249801, 36.36840991 ], [ -98.28270552, 36.39743189 ], [ -98.26979591, 36.42178043 ], [ -98.26507174, 36.430134 ], [ -98.25108092, 36.46283608 ], [ -98.23929214, 36.49553819 ], [ -98.23709381, 36.50231265 ], [ -98.22815268, 36.52824027 ], [ -98.21669407, 36.56094237 ], [ -98.20517057, 36.59364446 ], [ -98.20439172, 36.59588587 ], [ -98.19254999, 36.62634656 ], [ -98.17869952, 36.65904867 ], [ -98.17168962, 36.67383092 ], [ -98.16163613, 36.69175075 ], [ -98.14105926, 36.72445285 ], [ -98.13898752, 36.72740947 ], [ -98.11415187, 36.75715494 ], [ -98.10628544, 36.76599003 ], [ -98.08119624, 36.78985704 ], [ -98.07358335, 36.79715834 ], [ -98.04435467, 36.82255913 ], [ -98.04088125, 36.82595267 ], [ -98.01000995, 36.85526123 ], [ -98.00817915, 36.85775191 ], [ -97.97547705, 36.86640278 ], [ -97.96402997, 36.85526123 ], [ -97.94277496, 36.84425671 ], [ -97.9145348, 36.82255913 ], [ -97.91007286, 36.82031783 ], [ -97.87737076, 36.79853963 ], [ -97.86331323, 36.78985704 ], [ -97.84466868, 36.7801895 ], [ -97.81196658, 36.76453677 ], [ -97.79444651, 36.75715494 ], [ -97.77926449, 36.75042343 ], [ -97.74656239, 36.73742396 ], [ -97.71386029, 36.7268328 ], [ -97.70473593, 36.72445285 ], [ -97.68115819, 36.71690497 ], [ -97.6484561, 36.70882001 ], [ -97.615754, 36.70279159 ], [ -97.58305192, 36.69828035 ], [ -97.55034982, 36.69466214 ], [ -97.52172482, 36.69175075 ], [ -97.51764773, 36.6912095 ], [ -97.48494563, 36.68633235 ], [ -97.45224353, 36.6802134 ], [ -97.41954143, 36.67421548 ], [ -97.38683934, 36.67329546 ], [ -97.35413724, 36.68062893 ], [ -97.33599557, 36.69175075 ], [ -97.32143516, 36.69871168 ], [ -97.29226509, 36.72445285 ], [ -97.28873306, 36.72694808 ], [ -97.25961009, 36.75715494 ], [ -97.25603097, 36.76032424 ], [ -97.22744087, 36.78985704 ], [ -97.22332887, 36.79413544 ], [ -97.19619946, 36.82255913 ], [ -97.19062677, 36.82914987 ], [ -97.16702521, 36.85526123 ], [ -97.15792467, 36.86725971 ], [ -97.14128878, 36.88796331 ], [ -97.12522257, 36.91596499 ], [ -97.12209016, 36.92066542 ], [ -97.10019364, 36.95336752 ], [ -97.09252048, 36.96938194 ], [ -97.08094143, 36.98606961 ], [ -97.06362243, 37.01877171 ], [ -97.0598184, 37.02551494 ], [ -97.04081111, 37.05147379 ], [ -97.02863163, 37.0841759 ], [ -97.02863415, 37.11687798 ], [ -97.0271163, 37.12299487 ], [ -97.01430738, 37.14958009 ], [ -96.9944142, 37.179495 ], [ -96.99066018, 37.18228217 ], [ -96.96171211, 37.20255101 ], [ -96.92901001, 37.21201861 ], [ -96.89630791, 37.21316702 ], [ -96.86360581, 37.21165569 ], [ -96.83090372, 37.20848191 ], [ -96.79820164, 37.19821342 ], [ -96.78145345, 37.18228217 ], [ -96.78340832, 37.14958009 ], [ -96.79436147, 37.11687798 ], [ -96.79820164, 37.10871097 ], [ -96.81014024, 37.0841759 ], [ -96.82749509, 37.05147379 ], [ -96.83090372, 37.04537452 ], [ -96.846852, 37.01877171 ], [ -96.86360581, 36.98938693 ], [ -96.86575797, 36.98606961 ], [ -96.88552077, 36.95336752 ], [ -96.89630791, 36.93279891 ], [ -96.90375205, 36.92066542 ], [ -96.92029404, 36.88796331 ], [ -96.92901001, 36.86669142 ], [ -96.93451884, 36.85526123 ], [ -96.94677498, 36.82255913 ], [ -96.9559836, 36.78985704 ], [ -96.96171211, 36.76127773 ], [ -96.96264203, 36.75715494 ], [ -96.96761854, 36.72445285 ], [ -96.97062905, 36.69175075 ], [ -96.97230119, 36.65904867 ], [ -96.97284503, 36.62634656 ], [ -96.972702, 36.59364446 ], [ -96.97195147, 36.56094237 ], [ -96.97128606, 36.52824027 ], [ -96.97121121, 36.49553819 ], [ -96.97208833, 36.46283608 ], [ -96.9738704, 36.430134 ], [ -96.97636456, 36.39743189 ], [ -96.97956728, 36.36472981 ], [ -96.98351443, 36.3320277 ], [ -96.98814762, 36.29932562 ], [ -96.99360532, 36.26662352 ], [ -96.9944142, 36.26227147 ], [ -97.00024712, 36.23392141 ], [ -97.00807654, 36.20121933 ], [ -97.01704772, 36.16851722 ], [ -97.0271163, 36.13870092 ], [ -97.02817483, 36.13581514 ], [ -97.04028992, 36.10311304 ], [ -97.05520879, 36.07041095 ], [ -97.0598184, 36.06148544 ], [ -97.07369979, 36.03770885 ], [ -97.09252048, 36.00965223 ], [ -97.09607879, 36.00500676 ], [ -97.12352855, 35.97230466 ], [ -97.12522257, 35.97058498 ], [ -97.15792467, 35.94323808 ], [ -97.16294173, 35.93960256 ], [ -97.19062677, 35.9217413 ], [ -97.22011953, 35.90690047 ], [ -97.22332887, 35.90544515 ], [ -97.25603097, 35.89370361 ], [ -97.28873306, 35.8857092 ], [ -97.32143516, 35.88119286 ], [ -97.35413724, 35.8802714 ], [ -97.38683934, 35.88288512 ], [ -97.41954143, 35.8894196 ], [ -97.45224353, 35.89853436 ], [ -97.47465915, 35.90690047 ], [ -97.48494563, 35.91063448 ], [ -97.51764773, 35.92635001 ], [ -97.53873187, 35.93960256 ], [ -97.55034982, 35.94674638 ], [ -97.5798469, 35.97230466 ], [ -97.58305192, 35.97514338 ], [ -97.60622184, 36.00500676 ], [ -97.615754, 36.01680585 ], [ -97.63384437, 36.03770885 ], [ -97.6484561, 36.05390144 ], [ -97.66672861, 36.07041095 ], [ -97.68115819, 36.08421491 ], [ -97.70941747, 36.10311304 ], [ -97.71386029, 36.10721414 ], [ -97.74656239, 36.12769676 ], [ -97.7683601, 36.13581514 ], [ -97.76081185, 36.16851722 ], [ -97.75055038, 36.20121933 ], [ -97.74656239, 36.21234641 ], [ -97.73951836, 36.23392141 ], [ -97.72861236, 36.26662352 ], [ -97.72048124, 36.29932562 ], [ -97.71997377, 36.3320277 ], [ -97.74656239, 36.34906169 ], [ -97.77926449, 36.34618372 ], [ -97.81196658, 36.33780513 ], [ -97.83224058, 36.3320277 ], [ -97.84466868, 36.32801154 ], [ -97.87737076, 36.31645409 ], [ -97.91007286, 36.30403762 ], [ -97.91998708, 36.29932562 ], [ -97.94277496, 36.28583991 ], [ -97.96032996, 36.26662352 ], [ -97.97547705, 36.24032832 ], [ -97.97793578, 36.23392141 ], [ -97.9841933, 36.20121933 ], [ -97.98337143, 36.16851722 ], [ -97.97547705, 36.13989473 ], [ -97.97374322, 36.13581514 ], [ -97.94277496, 36.10543373 ], [ -97.91007286, 36.10466992 ], [ -97.87737076, 36.12292729 ], [ -97.84466868, 36.13272336 ], [ -97.81196658, 36.1249109 ], [ -97.80260687, 36.10311304 ], [ -97.81196658, 36.09591006 ], [ -97.82374346, 36.07041095 ], [ -97.84466868, 36.04369107 ], [ -97.84738468, 36.03770885 ], [ -97.87012345, 36.00500676 ], [ -97.87737076, 35.99738527 ], [ -97.89536332, 35.97230466 ], [ -97.91007286, 35.95672989 ], [ -97.92394741, 35.93960256 ], [ -97.94277496, 35.9202676 ], [ -97.96134409, 35.90690047 ], [ -97.97547705, 35.89734354 ], [ -98.00817915, 35.88663317 ], [ -98.04088125, 35.87684787 ], [ -98.05270408, 35.87419837 ], [ -98.07358335, 35.87034142 ], [ -98.10628544, 35.86577435 ], [ -98.13898752, 35.8605086 ], [ -98.17168962, 35.84758245 ], [ -98.18226775, 35.84149628 ], [ -98.20439172, 35.83461315 ], [ -98.23709381, 35.818898 ], [ -98.26979591, 35.81093518 ], [ -98.30249801, 35.82400114 ], [ -98.31984638, 35.84149628 ], [ -98.33520011, 35.85560013 ], [ -98.34795946, 35.87419837 ], [ -98.3679022, 35.9040286 ], [ -98.36984333, 35.90690047 ], [ -98.38904906, 35.93960256 ], [ -98.40060428, 35.96390509 ], [ -98.40525643, 35.97230466 ], [ -98.42082867, 36.00500676 ], [ -98.43222398, 36.03770885 ], [ -98.43330638, 36.04061146 ], [ -98.4456011, 36.07041095 ], [ -98.45509285, 36.10311304 ], [ -98.46372308, 36.13581514 ], [ -98.46600848, 36.15006398 ], [ -98.46906465, 36.16851722 ] ], [ [ -99.67967044, 34.3371999 ], [ -99.67848001, 34.369902 ], [ -99.67598601, 34.39062795 ], [ -99.67405574, 34.40260408 ], [ -99.66446345, 34.43530619 ], [ -99.64876685, 34.46800827 ], [ -99.64328391, 34.47646519 ], [ -99.61912274, 34.50071038 ], [ -99.61058181, 34.50777869 ], [ -99.57787972, 34.52382581 ], [ -99.54517762, 34.53000515 ], [ -99.51247552, 34.52683794 ], [ -99.47977342, 34.51453255 ], [ -99.45351129, 34.50071038 ], [ -99.44707133, 34.49701081 ], [ -99.41436925, 34.47253233 ], [ -99.41001701, 34.46800827 ], [ -99.38718771, 34.43530619 ], [ -99.38166715, 34.41952507 ], [ -99.37719077, 34.40260408 ], [ -99.37637946, 34.369902 ], [ -99.38166715, 34.34256893 ], [ -99.3825734, 34.3371999 ], [ -99.39378349, 34.30449781 ], [ -99.40806874, 34.27179571 ], [ -99.41436925, 34.25956648 ], [ -99.4243879, 34.23909363 ], [ -99.4427455, 34.20639152 ], [ -99.44707133, 34.2018618 ], [ -99.47977342, 34.17435467 ], [ -99.48089903, 34.17368942 ], [ -99.51247552, 34.16248593 ], [ -99.54517762, 34.15420313 ], [ -99.57787972, 34.14853606 ], [ -99.61058181, 34.1493284 ], [ -99.64328391, 34.17174461 ], [ -99.64504599, 34.17368942 ], [ -99.66181117, 34.20639152 ], [ -99.67008412, 34.23909363 ], [ -99.67556698, 34.27179571 ], [ -99.67598601, 34.27607749 ], [ -99.67858977, 34.30449781 ], [ -99.67967044, 34.3371999 ] ] ] } },
{ "type": "Feature", "properties": { "Lower": 50.0 }, "geometry": { "type": "Polygon", "coordinates": [ [ [ -104.54859818, 41.04930831 ], [ -104.51589608, 41.06533058 ], [ -104.48319398, 41.04752601 ], [ -104.47126143, 41.04112941 ], [ -104.4504919, 41.03027087 ], [ -104.4177898, 41.01333516 ], [ -104.4081586, 41.00842731 ], [ -104.38508771, 40.99697803 ], [ -104.35238561, 40.98090023 ], [ -104.34169462, 40.97572522 ], [ -104.31968351, 40.96534329 ], [ -104.28698141, 40.95006418 ], [ -104.27175359, 40.94302312 ], [ -104.25427932, 40.93514577 ], [ -104.22157722, 40.92047999 ], [ -104.19881151, 40.91032103 ], [ -104.18887514, 40.90600314 ], [ -104.15617304, 40.89175988 ], [ -104.1242399, 40.87761893 ], [ -104.12347095, 40.87730083 ], [ -104.09076885, 40.86617026 ], [ -104.05806675, 40.85662433 ], [ -104.02536465, 40.84666344 ], [ -104.02021296, 40.84491685 ], [ -103.99266256, 40.83557637 ], [ -103.95996046, 40.82296112 ], [ -103.93579993, 40.81221474 ], [ -103.92725838, 40.80837926 ], [ -103.89455628, 40.79116074 ], [ -103.87536184, 40.77951264 ], [ -103.86185419, 40.77119343 ], [ -103.82915209, 40.74894317 ], [ -103.82634048, 40.74681055 ], [ -103.79644999, 40.72370598 ], [ -103.78548395, 40.71410845 ], [ -103.76374789, 40.69505192 ], [ -103.74891801, 40.68140637 ], [ -103.73104579, 40.66543286 ], [ -103.71250382, 40.64870426 ], [ -103.6983437, 40.63636599 ], [ -103.67439084, 40.61600218 ], [ -103.6656416, 40.60875288 ], [ -103.63382581, 40.58330007 ], [ -103.63293952, 40.58260211 ], [ -103.60023742, 40.55773121 ], [ -103.59046507, 40.55059799 ], [ -103.56753533, 40.53388625 ], [ -103.544727, 40.51789589 ], [ -103.53483323, 40.51089491 ], [ -103.50213113, 40.48850683 ], [ -103.49713838, 40.48519378 ], [ -103.46942903, 40.46648759 ], [ -103.44814964, 40.4524917 ], [ -103.43672694, 40.44477176 ], [ -103.40402484, 40.42321106 ], [ -103.39872464, 40.41978959 ], [ -103.37132276, 40.4015369 ], [ -103.34929744, 40.38708751 ], [ -103.33862066, 40.37980196 ], [ -103.30591857, 40.35779585 ], [ -103.30077115, 40.3543854 ], [ -103.27321647, 40.33535979 ], [ -103.25314286, 40.32168332 ], [ -103.24051437, 40.31268377 ], [ -103.20781227, 40.28963559 ], [ -103.20686727, 40.28898122 ], [ -103.17511018, 40.26592018 ], [ -103.16153016, 40.25627913 ], [ -103.14240808, 40.24200889 ], [ -103.11713177, 40.22357703 ], [ -103.109706, 40.21785718 ], [ -103.0770039, 40.19357 ], [ -103.07323084, 40.19087492 ], [ -103.0443018, 40.16907439 ], [ -103.02895885, 40.15817284 ], [ -103.01159971, 40.14512038 ], [ -102.98368047, 40.12547074 ], [ -102.97889761, 40.12189647 ], [ -102.94619551, 40.09951367 ], [ -102.93524566, 40.09276865 ], [ -102.91349341, 40.07857417 ], [ -102.88158066, 40.06006655 ], [ -102.88079132, 40.05958326 ], [ -102.84808924, 40.0432181 ], [ -102.81538714, 40.02992665 ], [ -102.80710728, 40.02736446 ], [ -102.78268504, 40.01929846 ], [ -102.74998295, 40.01225237 ], [ -102.71728085, 40.00845863 ], [ -102.68457875, 40.00765007 ], [ -102.65187665, 40.00919763 ], [ -102.61917456, 40.01236009 ], [ -102.58647248, 40.01628718 ], [ -102.55377038, 40.02074787 ], [ -102.52106828, 40.02546844 ], [ -102.50916859, 40.02736446 ], [ -102.48836619, 40.03025479 ], [ -102.45566409, 40.03507527 ], [ -102.42296199, 40.04018191 ], [ -102.39025989, 40.04544092 ], [ -102.35755779, 40.0509585 ], [ -102.32485572, 40.05669497 ], [ -102.3066911, 40.06006655 ], [ -102.29215362, 40.0624801 ], [ -102.25945152, 40.06851189 ], [ -102.22674942, 40.07535182 ], [ -102.19404733, 40.08356765 ], [ -102.16583518, 40.09276865 ], [ -102.16134523, 40.09409755 ], [ -102.12864313, 40.10756861 ], [ -102.09990708, 40.12547074 ], [ -102.09594103, 40.12773038 ], [ -102.06689668, 40.15817284 ], [ -102.06323896, 40.16169841 ], [ -102.04510394, 40.19087492 ], [ -102.03053686, 40.2138546 ], [ -102.02548319, 40.22357703 ], [ -102.0082651, 40.25627913 ], [ -101.99783476, 40.27588787 ], [ -101.99160158, 40.28898122 ], [ -101.97561865, 40.32168332 ], [ -101.96513266, 40.34250511 ], [ -101.9593934, 40.3543854 ], [ -101.94302102, 40.38708751 ], [ -101.93243057, 40.40582724 ], [ -101.91636112, 40.41978959 ], [ -101.89972847, 40.42564383 ], [ -101.86702637, 40.4287271 ], [ -101.83432427, 40.43120547 ], [ -101.80162219, 40.44255616 ], [ -101.7831123, 40.4524917 ], [ -101.7689201, 40.46675855 ], [ -101.75083381, 40.48519378 ], [ -101.736218, 40.50928396 ], [ -101.73013443, 40.51789589 ], [ -101.71131757, 40.55059799 ], [ -101.7035159, 40.56571468 ], [ -101.69237142, 40.58330007 ], [ -101.67285909, 40.61600218 ], [ -101.6708138, 40.61963657 ], [ -101.65148382, 40.64870426 ], [ -101.63811171, 40.66954377 ], [ -101.62936247, 40.68140637 ], [ -101.60634756, 40.71410845 ], [ -101.60540961, 40.71550839 ], [ -101.58205524, 40.74681055 ], [ -101.57270751, 40.7598857 ], [ -101.55741563, 40.77951264 ], [ -101.54000543, 40.80295358 ], [ -101.53262551, 40.81221474 ], [ -101.50785488, 40.84491685 ], [ -101.50730334, 40.84568781 ], [ -101.483176, 40.87761893 ], [ -101.47460124, 40.88987831 ], [ -101.45958571, 40.91032103 ], [ -101.44189914, 40.93696823 ], [ -101.43772013, 40.94302312 ], [ -101.41738197, 40.97572522 ], [ -101.40919704, 40.99016137 ], [ -101.39847319, 41.00842731 ], [ -101.38102, 41.04112941 ], [ -101.37649495, 41.05054874 ], [ -101.36497125, 41.07383149 ], [ -101.35028291, 41.1065336 ], [ -101.34379285, 41.12256788 ], [ -101.3368575, 41.1392357 ], [ -101.32465034, 41.17193779 ], [ -101.3137008, 41.20463989 ], [ -101.31109075, 41.21344491 ], [ -101.3038518, 41.23734197 ], [ -101.29520351, 41.27004408 ], [ -101.28758253, 41.30274616 ], [ -101.28102289, 41.33544827 ], [ -101.27838867, 41.35131159 ], [ -101.27553862, 41.36815035 ], [ -101.27095353, 41.40085246 ], [ -101.26740344, 41.43355454 ], [ -101.26488347, 41.46625664 ], [ -101.26347302, 41.49895875 ], [ -101.26302983, 41.53166083 ], [ -101.26359663, 41.56436294 ], [ -101.26516016, 41.59706502 ], [ -101.26777376, 41.62976712 ], [ -101.27123486, 41.66246921 ], [ -101.27578797, 41.69517131 ], [ -101.27838867, 41.71120934 ], [ -101.28112793, 41.7278734 ], [ -101.28741462, 41.7605755 ], [ -101.29479224, 41.7932776 ], [ -101.30296973, 41.82597969 ], [ -101.31109075, 41.85461165 ], [ -101.31226206, 41.85868179 ], [ -101.32237232, 41.89138388 ], [ -101.33350587, 41.92408598 ], [ -101.34379285, 41.95208919 ], [ -101.34554577, 41.95678806 ], [ -101.35873294, 41.98949017 ], [ -101.372863, 42.02219225 ], [ -101.37649495, 42.03004725 ], [ -101.38823638, 42.05489436 ], [ -101.40448376, 42.08759646 ], [ -101.40919704, 42.09652196 ], [ -101.42196819, 42.12029854 ], [ -101.4406192, 42.15300065 ], [ -101.44189914, 42.15515492 ], [ -101.46048538, 42.18570273 ], [ -101.47460124, 42.20760276 ], [ -101.48169207, 42.21840484 ], [ -101.50408373, 42.25110692 ], [ -101.50730334, 42.25559744 ], [ -101.52805176, 42.28380902 ], [ -101.54000543, 42.29937887 ], [ -101.55359671, 42.31651111 ], [ -101.57270751, 42.33981678 ], [ -101.58067858, 42.34921321 ], [ -101.60540961, 42.37722861 ], [ -101.60969451, 42.38191532 ], [ -101.63811171, 42.41205448 ], [ -101.64063634, 42.4146174 ], [ -101.6708138, 42.44435071 ], [ -101.67394383, 42.44731951 ], [ -101.7035159, 42.4743759 ], [ -101.70998783, 42.48002159 ], [ -101.736218, 42.50242604 ], [ -101.74889204, 42.51272369 ], [ -101.7689201, 42.52855629 ], [ -101.79161742, 42.54542578 ], [ -101.80162219, 42.55266625 ], [ -101.83432427, 42.57510225 ], [ -101.83901403, 42.57812788 ], [ -101.86702637, 42.59574527 ], [ -101.89281649, 42.61082996 ], [ -101.89972847, 42.61479809 ], [ -101.93243057, 42.63223485 ], [ -101.95558336, 42.64353207 ], [ -101.96513266, 42.6481918 ], [ -101.99783476, 42.66339622 ], [ -102.02715426, 42.67623417 ], [ -102.03053686, 42.67773304 ], [ -102.06323896, 42.69164777 ], [ -102.09594103, 42.70463743 ], [ -102.1077273, 42.70893626 ], [ -102.12864313, 42.71661013 ], [ -102.16134523, 42.72791423 ], [ -102.19404733, 42.73815054 ], [ -102.20654466, 42.74163836 ], [ -102.22674942, 42.7472772 ], [ -102.25945152, 42.75553318 ], [ -102.29215362, 42.76311676 ], [ -102.32485572, 42.77004162 ], [ -102.34769101, 42.77434045 ], [ -102.35755779, 42.77623131 ], [ -102.39025989, 42.78175878 ], [ -102.42296199, 42.78668333 ], [ -102.45566409, 42.79102195 ], [ -102.48836619, 42.7946596 ], [ -102.52106828, 42.79792255 ], [ -102.55377038, 42.80072154 ], [ -102.58647248, 42.80478716 ], [ -102.59900281, 42.80704255 ], [ -102.61917456, 42.81085122 ], [ -102.65187665, 42.81913448 ], [ -102.68457875, 42.8301724 ], [ -102.70657783, 42.83974463 ], [ -102.71728085, 42.84470459 ], [ -102.74998295, 42.86320657 ], [ -102.76344404, 42.87244674 ], [ -102.78268504, 42.88661487 ], [ -102.80370367, 42.90514882 ], [ -102.81538714, 42.91615199 ], [ -102.83499192, 42.93785093 ], [ -102.84808924, 42.95340406 ], [ -102.86147371, 42.97055303 ], [ -102.88079132, 42.99637876 ], [ -102.88562045, 43.00325511 ], [ -102.90747679, 43.03595722 ], [ -102.91349341, 43.04533231 ], [ -102.92792497, 43.0686593 ], [ -102.94619551, 43.09889253 ], [ -102.94766641, 43.10136141 ], [ -102.96700182, 43.13406349 ], [ -102.97889761, 43.1541741 ], [ -102.9865066, 43.16676559 ], [ -103.00694158, 43.19946768 ], [ -103.01159971, 43.2066906 ], [ -103.01977557, 43.23216978 ], [ -103.01159971, 43.24034566 ], [ -102.98707463, 43.26487189 ], [ -102.97889761, 43.2730489 ], [ -102.9543737, 43.29757397 ], [ -102.94619551, 43.30575216 ], [ -102.92167279, 43.33027608 ], [ -102.92167326, 43.36297816 ], [ -102.91349341, 43.37115801 ], [ -102.88897234, 43.39568026 ], [ -102.88079132, 43.40386127 ], [ -102.85627141, 43.42838235 ], [ -102.84808924, 43.43656453 ], [ -102.82357047, 43.46108445 ], [ -102.81538714, 43.46926777 ], [ -102.7908695, 43.49378653 ], [ -102.78268504, 43.50197099 ], [ -102.75816848, 43.52648864 ], [ -102.75816894, 43.55919072 ], [ -102.74998295, 43.56737672 ], [ -102.72546786, 43.59189283 ], [ -102.71728085, 43.60007985 ], [ -102.69276676, 43.62459493 ], [ -102.68457875, 43.63278293 ], [ -102.6600656, 43.65729702 ], [ -102.65187665, 43.66548596 ], [ -102.62736438, 43.68999912 ], [ -102.62736479, 43.7227012 ], [ -102.61917456, 43.73089143 ], [ -102.59466349, 43.75540331 ], [ -102.58647248, 43.76359433 ], [ -102.56196214, 43.78810539 ], [ -102.55377038, 43.79629717 ], [ -102.52926074, 43.8208075 ], [ -102.52106828, 43.82899995 ], [ -102.49655929, 43.85350958 ], [ -102.48836619, 43.86170269 ], [ -102.46385778, 43.88621168 ], [ -102.46385809, 43.91891379 ], [ -102.45566409, 43.92710778 ], [ -102.4311565, 43.95161587 ], [ -102.42296199, 43.95981037 ], [ -102.39845485, 43.98431798 ], [ -102.39025989, 43.99251294 ], [ -102.36575316, 44.01702006 ], [ -102.35755779, 44.02521542 ], [ -102.33305142, 44.04972216 ], [ -102.32485572, 44.05791786 ], [ -102.30034963, 44.08242425 ], [ -102.30034979, 44.11512635 ], [ -102.29215362, 44.12332253 ], [ -102.26764793, 44.14782844 ], [ -102.25945152, 44.15602487 ], [ -102.23494602, 44.18053054 ], [ -102.22674942, 44.18872714 ], [ -102.2022441, 44.21323264 ], [ -102.19404733, 44.22142941 ], [ -102.16954212, 44.24593473 ], [ -102.16954218, 44.27863683 ], [ -102.16134523, 44.28683377 ], [ -102.13684016, 44.31133892 ], [ -102.12864313, 44.31953594 ], [ -102.10413812, 44.34404102 ], [ -102.09594103, 44.35223809 ], [ -102.07143602, 44.3767431 ], [ -102.06323896, 44.38494019 ], [ -102.03873395, 44.40944521 ], [ -102.03053686, 44.41764229 ], [ -102.00603189, 44.44214729 ], [ -102.00601029, 44.44214729 ], [ -102.01267647, 44.40944521 ], [ -101.99783476, 44.39460348 ], [ -101.97997438, 44.3767431 ], [ -101.96513266, 44.3619014 ], [ -101.94727228, 44.34404102 ], [ -101.93243057, 44.32919929 ], [ -101.9145702, 44.31133892 ], [ -101.89972847, 44.29649721 ], [ -101.8818681, 44.27863683 ], [ -101.86702637, 44.26379511 ], [ -101.84916601, 44.24593473 ], [ -101.83432427, 44.23109302 ], [ -101.81646391, 44.21323264 ], [ -101.80162219, 44.19839092 ], [ -101.78376181, 44.18053054 ], [ -101.7689201, 44.16568881 ], [ -101.75105971, 44.14782844 ], [ -101.736218, 44.13298673 ], [ -101.72143962, 44.11512635 ], [ -101.71482847, 44.08242425 ], [ -101.7035159, 44.07013494 ], [ -101.68834323, 44.04972216 ], [ -101.6708138, 44.02962359 ], [ -101.65792261, 44.01702006 ], [ -101.65170105, 43.98431798 ], [ -101.63811171, 43.96977745 ], [ -101.62113818, 43.95161587 ], [ -101.60540961, 43.93685304 ], [ -101.58747037, 43.91891379 ], [ -101.57270751, 43.90705695 ], [ -101.54824299, 43.88621168 ], [ -101.54000543, 43.88009732 ], [ -101.50730334, 43.86248255 ], [ -101.49487488, 43.85350958 ], [ -101.47460124, 43.84096036 ], [ -101.45147513, 43.8208075 ], [ -101.44189914, 43.81438897 ], [ -101.40919704, 43.79842083 ], [ -101.39298969, 43.78810539 ], [ -101.37649495, 43.77848253 ], [ -101.34379285, 43.76407274 ], [ -101.33011011, 43.75540331 ], [ -101.31109075, 43.74224519 ], [ -101.27838867, 43.73017905 ], [ -101.26411081, 43.7227012 ], [ -101.24568658, 43.71216184 ], [ -101.21298448, 43.69945757 ], [ -101.19289299, 43.68999912 ], [ -101.18028238, 43.68513638 ], [ -101.14758028, 43.68173977 ], [ -101.11487819, 43.67711895 ], [ -101.08217609, 43.67653284 ], [ -101.04947399, 43.67900047 ], [ -101.01677191, 43.68144269 ], [ -100.99986455, 43.68999912 ], [ -100.98406981, 43.70079051 ], [ -100.95136772, 43.71601214 ], [ -100.94398471, 43.7227012 ], [ -100.9271087, 43.75540331 ], [ -100.91866562, 43.76531161 ], [ -100.89894778, 43.78810539 ], [ -100.88596352, 43.80403677 ], [ -100.87630456, 43.8208075 ], [ -100.86544367, 43.85350958 ], [ -100.85326142, 43.87549928 ], [ -100.84885075, 43.88621168 ], [ -100.84304838, 43.91891379 ], [ -100.83357399, 43.95161587 ], [ -100.82594262, 43.98431798 ], [ -100.82055933, 44.00000455 ], [ -100.8161012, 44.01702006 ], [ -100.81596106, 44.04972216 ], [ -100.81505185, 44.08242425 ], [ -100.81596106, 44.11512635 ], [ -100.81621193, 44.14782844 ], [ -100.82055933, 44.16071587 ], [ -100.82798088, 44.18053054 ], [ -100.83174227, 44.21323264 ], [ -100.83932869, 44.24593473 ], [ -100.8470664, 44.27863683 ], [ -100.85326142, 44.29617446 ], [ -100.85856918, 44.31133892 ], [ -100.86253644, 44.34404102 ], [ -100.87070958, 44.3767431 ], [ -100.87799847, 44.40944521 ], [ -100.88155285, 44.44214729 ], [ -100.88596352, 44.45032285 ], [ -100.88596352, 44.45034444 ], [ -100.85326142, 44.45034427 ], [ -100.82055933, 44.4503441 ], [ -100.81236253, 44.44214729 ], [ -100.78785723, 44.41764185 ], [ -100.75515515, 44.41764164 ], [ -100.72245305, 44.41764141 ], [ -100.68975096, 44.41764116 ], [ -100.65704886, 44.41764088 ], [ -100.62434676, 44.41764057 ], [ -100.59164466, 44.41764025 ], [ -100.58344963, 44.40944521 ], [ -100.55894257, 44.38493785 ], [ -100.52624047, 44.3849375 ], [ -100.49353839, 44.38493712 ], [ -100.46083629, 44.38493672 ], [ -100.42813419, 44.38493632 ], [ -100.3954321, 44.3849359 ], [ -100.36273, 44.38493546 ], [ -100.35453766, 44.3767431 ], [ -100.3300279, 44.35223297 ], [ -100.2973258, 44.35223253 ], [ -100.26462371, 44.35223207 ], [ -100.23192163, 44.3522316 ], [ -100.19921953, 44.35223114 ], [ -100.16651743, 44.35223066 ], [ -100.15832778, 44.34404102 ], [ -100.13381534, 44.31952817 ], [ -100.10111324, 44.31952771 ], [ -100.06841114, 44.31952725 ], [ -100.03570904, 44.31952678 ], [ -100.00300695, 44.31952634 ], [ -99.97030487, 44.3195259 ], [ -99.93760277, 44.31952546 ], [ -99.92941623, 44.31133892 ], [ -99.90490067, 44.28682302 ], [ -99.87219858, 44.2868226 ], [ -99.83949648, 44.2868222 ], [ -99.80679438, 44.28682178 ], [ -99.77409228, 44.28682138 ], [ -99.76590773, 44.27863683 ], [ -99.74139018, 44.254119 ], [ -99.70868809, 44.2541186 ], [ -99.67598601, 44.25411822 ], [ -99.66780251, 44.24593473 ], [ -99.64328391, 44.22141584 ], [ -99.61058181, 44.22141546 ], [ -99.602399, 44.21323264 ], [ -99.57787972, 44.18871306 ], [ -99.56969719, 44.18053054 ], [ -99.54517762, 44.15601069 ], [ -99.53699539, 44.14782844 ], [ -99.51247552, 44.12330824 ], [ -99.50429362, 44.11512635 ], [ -99.47977342, 44.09060578 ], [ -99.4715919, 44.08242425 ], [ -99.44707133, 44.05790328 ], [ -99.43889021, 44.04972216 ], [ -99.41436925, 44.02520073 ], [ -99.40618858, 44.01702006 ], [ -99.38166715, 43.99249812 ], [ -99.37348699, 43.98431798 ], [ -99.34896505, 43.95979547 ], [ -99.34078546, 43.95161587 ], [ -99.31626296, 43.92709276 ], [ -99.30808397, 43.91891379 ], [ -99.28356086, 43.89439 ], [ -99.27538255, 43.88621168 ], [ -99.25085876, 43.8616872 ], [ -99.24268116, 43.85350958 ], [ -99.21815666, 43.82898434 ], [ -99.18545457, 43.82898373 ], [ -99.17727835, 43.8208075 ], [ -99.15824304, 43.78810539 ], [ -99.16739551, 43.75540331 ], [ -99.17616619, 43.7227012 ], [ -99.18442607, 43.68999912 ], [ -99.18545457, 43.68569791 ], [ -99.19214829, 43.65729702 ], [ -99.19968349, 43.62459493 ], [ -99.20673521, 43.59189283 ], [ -99.21334877, 43.55919072 ], [ -99.21815666, 43.53399115 ], [ -99.21958818, 43.52648864 ], [ -99.22584076, 43.49378653 ], [ -99.23195305, 43.46108445 ], [ -99.23819554, 43.42838235 ], [ -99.24477064, 43.39568026 ], [ -99.25085876, 43.36907699 ], [ -99.25224346, 43.36297816 ], [ -99.25886413, 43.33027608 ], [ -99.26634363, 43.29757397 ], [ -99.27423379, 43.26487189 ], [ -99.28232637, 43.23216978 ], [ -99.28356086, 43.22734652 ], [ -99.29078202, 43.19946768 ], [ -99.29945518, 43.16676559 ], [ -99.30845573, 43.13406349 ], [ -99.31626296, 43.10713751 ], [ -99.31798886, 43.10136141 ], [ -99.32801593, 43.0686593 ], [ -99.33832353, 43.03595722 ], [ -99.34789995, 43.00325511 ], [ -99.34896505, 43.00014236 ], [ -99.35953497, 42.97055303 ], [ -99.37050455, 42.93785093 ], [ -99.38061421, 42.90514882 ], [ -99.38166715, 42.90218609 ], [ -99.3926956, 42.87244674 ], [ -99.40397637, 42.83974463 ], [ -99.41436925, 42.81121966 ], [ -99.41587089, 42.80704255 ], [ -99.42654289, 42.77434045 ], [ -99.43779683, 42.74163836 ], [ -99.44707133, 42.7147443 ], [ -99.44908584, 42.70893626 ], [ -99.46027421, 42.67623417 ], [ -99.47144303, 42.64353207 ], [ -99.47977342, 42.61840074 ], [ -99.48229714, 42.61082996 ], [ -99.49315535, 42.57812788 ], [ -99.503836, 42.54542578 ], [ -99.51247552, 42.51816787 ], [ -99.51422017, 42.51272369 ], [ -99.52461228, 42.48002159 ], [ -99.53462508, 42.44731951 ], [ -99.54426317, 42.4146174 ], [ -99.54517762, 42.41144183 ], [ -99.55376976, 42.38191532 ], [ -99.56291112, 42.34921321 ], [ -99.57164892, 42.31651111 ], [ -99.57787972, 42.29208782 ], [ -99.58000262, 42.28380902 ], [ -99.5880627, 42.25110692 ], [ -99.59563198, 42.21840484 ], [ -99.6027099, 42.18570273 ], [ -99.60927001, 42.15300065 ], [ -99.61058181, 42.14600485 ], [ -99.61540187, 42.12029854 ], [ -99.62091288, 42.08759646 ], [ -99.62589212, 42.05489436 ], [ -99.63024178, 42.02219225 ], [ -99.63399493, 41.98949017 ], [ -99.6370399, 41.95678806 ], [ -99.6394129, 41.92408598 ], [ -99.64101934, 41.89138388 ], [ -99.64201065, 41.85868179 ], [ -99.64216565, 41.82597969 ], [ -99.64153188, 41.7932776 ], [ -99.64002109, 41.7605755 ], [ -99.63781146, 41.7278734 ], [ -99.63469451, 41.69517131 ], [ -99.63064564, 41.66246921 ], [ -99.62576214, 41.62976712 ], [ -99.61996823, 41.59706502 ], [ -99.61327691, 41.56436294 ], [ -99.61058181, 41.55298744 ], [ -99.60573191, 41.53166083 ], [ -99.59729336, 41.49895875 ], [ -99.58790618, 41.46625664 ], [ -99.57787972, 41.435975 ], [ -99.5771204, 41.43355454 ], [ -99.56642008, 41.40085246 ], [ -99.5542821, 41.36815035 ], [ -99.54517762, 41.34571907 ], [ -99.54117369, 41.33544827 ], [ -99.52721903, 41.30274616 ], [ -99.51247552, 41.27150376 ], [ -99.51182148, 41.27004408 ], [ -99.49634852, 41.23734197 ], [ -99.47977342, 41.20550452 ], [ -99.47934005, 41.20463989 ], [ -99.46145503, 41.17193779 ], [ -99.44707133, 41.14738988 ], [ -99.44248233, 41.1392357 ], [ -99.42250066, 41.1065336 ], [ -99.41436925, 41.09416807 ], [ -99.40152057, 41.07383149 ], [ -99.38166715, 41.04443623 ], [ -99.37952251, 41.04112941 ], [ -99.35687554, 41.00842731 ], [ -99.34896505, 40.9976528 ], [ -99.33351797, 40.97572522 ], [ -99.31626296, 40.95268727 ], [ -99.30931974, 40.94302312 ], [ -99.28450041, 40.91032103 ], [ -99.28356086, 40.90914658 ], [ -99.25947265, 40.87761893 ], [ -99.25085876, 40.86692163 ], [ -99.23399218, 40.84491685 ], [ -99.21815666, 40.82517551 ], [ -99.208338, 40.81221474 ], [ -99.18545457, 40.78323209 ], [ -99.18270313, 40.77951264 ], [ -99.15776578, 40.74681055 ], [ -99.15275249, 40.74039792 ], [ -99.13399605, 40.71410845 ], [ -99.12005039, 40.69452282 ], [ -99.11171422, 40.68140637 ], [ -99.09191444, 40.64870426 ], [ -99.08734829, 40.64081284 ], [ -99.0739624, 40.61600218 ], [ -99.05464619, 40.58605014 ], [ -99.05285832, 40.58330007 ], [ -99.0265965, 40.55059799 ], [ -99.0219441, 40.54608738 ], [ -98.99184732, 40.51789589 ], [ -98.989242, 40.5160826 ], [ -98.9565399, 40.4942408 ], [ -98.94205757, 40.48519378 ], [ -98.9238378, 40.47723502 ], [ -98.89113573, 40.46424188 ], [ -98.85843363, 40.45290544 ], [ -98.85711814, 40.4524917 ], [ -98.82573153, 40.44630089 ], [ -98.79302943, 40.44075305 ], [ -98.76032734, 40.43600714 ], [ -98.72762524, 40.4325641 ], [ -98.69492314, 40.43105962 ], [ -98.66222104, 40.43200074 ], [ -98.62951897, 40.43311375 ], [ -98.59681687, 40.43415523 ], [ -98.56411477, 40.43334386 ], [ -98.53141267, 40.426184 ], [ -98.52125903, 40.41978959 ], [ -98.49871058, 40.39856227 ], [ -98.48284567, 40.38708751 ], [ -98.46600848, 40.37663508 ], [ -98.43330638, 40.36756667 ], [ -98.40060428, 40.36890081 ], [ -98.3679022, 40.37844047 ], [ -98.34954152, 40.38708751 ], [ -98.33520011, 40.39388417 ], [ -98.30249801, 40.4022708 ], [ -98.26979591, 40.40471577 ], [ -98.23709381, 40.40497026 ], [ -98.20439172, 40.40436468 ], [ -98.17168962, 40.4036269 ], [ -98.13898752, 40.4034636 ], [ -98.10628544, 40.40467678 ], [ -98.07358335, 40.40780262 ], [ -98.04088125, 40.41345404 ], [ -98.01483256, 40.41978959 ], [ -98.00817915, 40.42203997 ], [ -97.97547705, 40.43450876 ], [ -97.94277496, 40.44818702 ], [ -97.93311804, 40.4524917 ], [ -97.91007286, 40.46496261 ], [ -97.87737076, 40.48341901 ], [ -97.87434413, 40.48519378 ], [ -97.84466868, 40.50493049 ], [ -97.8256332, 40.51789589 ], [ -97.81196658, 40.52812801 ], [ -97.78226498, 40.55059799 ], [ -97.77926449, 40.55310523 ], [ -97.74656239, 40.58034965 ], [ -97.74301492, 40.58330007 ], [ -97.71386029, 40.61125276 ], [ -97.7088389, 40.61600218 ], [ -97.68115819, 40.64555163 ], [ -97.6781536, 40.64870426 ], [ -97.65002646, 40.68140637 ], [ -97.6484561, 40.68340601 ], [ -97.62391719, 40.71410845 ], [ -97.615754, 40.72503687 ], [ -97.59921174, 40.74681055 ], [ -97.58305192, 40.76925955 ], [ -97.57555739, 40.77951264 ], [ -97.5527395, 40.81221474 ], [ -97.55034982, 40.81579926 ], [ -97.53069987, 40.84491685 ], [ -97.51764773, 40.86470763 ], [ -97.50903577, 40.87761893 ], [ -97.48771225, 40.91032103 ], [ -97.48494563, 40.91468541 ], [ -97.46680579, 40.94302312 ], [ -97.45224353, 40.96588895 ], [ -97.44592412, 40.97572522 ], [ -97.42521705, 41.00842731 ], [ -97.41954143, 41.01749173 ], [ -97.40462116, 41.04112941 ], [ -97.38683934, 41.06919719 ], [ -97.38387941, 41.07383149 ], [ -97.36321718, 41.1065336 ], [ -97.35413724, 41.12087402 ], [ -97.34242612, 41.1392357 ], [ -97.32143516, 41.17157188 ], [ -97.32119711, 41.17193779 ], [ -97.30038512, 41.20463989 ], [ -97.28873306, 41.22258722 ], [ -97.27909218, 41.23734197 ], [ -97.25748474, 41.27004408 ], [ -97.25603097, 41.27225122 ], [ -97.23581025, 41.30274616 ], [ -97.22332887, 41.32126946 ], [ -97.21371028, 41.33544827 ], [ -97.19123861, 41.36815035 ], [ -97.19062677, 41.36904065 ], [ -97.16864148, 41.40085246 ], [ -97.15792467, 41.41607926 ], [ -97.14553796, 41.43355454 ], [ -97.12522257, 41.46181926 ], [ -97.122015, 41.46625664 ], [ -97.09816536, 41.49895875 ], [ -97.09252048, 41.50659861 ], [ -97.07386451, 41.53166083 ], [ -97.0598184, 41.55019497 ], [ -97.04900039, 41.56436294 ], [ -97.0271163, 41.59252387 ], [ -97.02356053, 41.59706502 ], [ -96.99758826, 41.62976712 ], [ -96.9944142, 41.63370823 ], [ -96.97106596, 41.66246921 ], [ -96.96171211, 41.67379134 ], [ -96.92901001, 41.67064889 ], [ -96.92083034, 41.66246921 ], [ -96.89630791, 41.63795308 ], [ -96.88812195, 41.62976712 ], [ -96.86360581, 41.60525775 ], [ -96.8554131, 41.59706502 ], [ -96.83090372, 41.57256286 ], [ -96.83090372, 41.57254127 ], [ -96.85418775, 41.56436294 ], [ -96.86360581, 41.55326959 ], [ -96.88178985, 41.53166083 ], [ -96.89630791, 41.5141732 ], [ -96.9088285, 41.49895875 ], [ -96.92901001, 41.47413416 ], [ -96.93535874, 41.46625664 ], [ -96.96136231, 41.43355454 ], [ -96.96171211, 41.43311281 ], [ -96.98704593, 41.40085246 ], [ -96.9944142, 41.39138373 ], [ -97.012366, 41.36815035 ], [ -97.0271163, 41.34888423 ], [ -97.0373427, 41.33544827 ], [ -97.0598184, 41.3056436 ], [ -97.06198559, 41.30274616 ], [ -97.08645303, 41.27004408 ], [ -97.09252048, 41.2619084 ], [ -97.11069866, 41.23734197 ], [ -97.12522257, 41.21759477 ], [ -97.13466639, 41.20463989 ], [ -97.15792467, 41.17258888 ], [ -97.15839352, 41.17193779 ], [ -97.18215825, 41.1392357 ], [ -97.19062677, 41.12755578 ], [ -97.20572467, 41.1065336 ], [ -97.22332887, 41.08205783 ], [ -97.22919013, 41.07383149 ], [ -97.25260801, 41.04112941 ], [ -97.25603097, 41.03641516 ], [ -97.27612964, 41.00842731 ], [ -97.28873306, 40.99099776 ], [ -97.29965711, 40.97572522 ], [ -97.32143516, 40.94556877 ], [ -97.32325204, 40.94302312 ], [ -97.34716878, 40.91032103 ], [ -97.35413724, 40.90098586 ], [ -97.37133788, 40.87761893 ], [ -97.38683934, 40.85705186 ], [ -97.39586028, 40.84491685 ], [ -97.41954143, 40.81393604 ], [ -97.42083705, 40.81221474 ], [ -97.44655415, 40.77951264 ], [ -97.45224353, 40.77261008 ], [ -97.47312895, 40.74681055 ], [ -97.48494563, 40.73298331 ], [ -97.50077968, 40.71410845 ], [ -97.51764773, 40.69529296 ], [ -97.52984249, 40.68140637 ], [ -97.55034982, 40.65967277 ], [ -97.5605248, 40.64870426 ], [ -97.58305192, 40.62628523 ], [ -97.593213, 40.61600218 ], [ -97.615754, 40.59542905 ], [ -97.6288465, 40.58330007 ], [ -97.6484561, 40.56658115 ], [ -97.66736476, 40.55059799 ], [ -97.68115819, 40.53941391 ], [ -97.70814159, 40.51789589 ], [ -97.71386029, 40.51358012 ], [ -97.74656239, 40.48952777 ], [ -97.75261181, 40.48519378 ], [ -97.77926449, 40.46764565 ], [ -97.80341242, 40.4524917 ], [ -97.81196658, 40.44769916 ], [ -97.84466868, 40.43055108 ], [ -97.86704401, 40.41978959 ], [ -97.87737076, 40.41560085 ], [ -97.91007286, 40.40374248 ], [ -97.94277496, 40.39373971 ], [ -97.96867817, 40.38708751 ], [ -97.97547705, 40.38577229 ], [ -98.00817915, 40.38053354 ], [ -98.04088125, 40.37669838 ], [ -98.07358335, 40.37427609 ], [ -98.10628544, 40.37315132 ], [ -98.13898752, 40.37267638 ], [ -98.17168962, 40.37280738 ], [ -98.20439172, 40.37304957 ], [ -98.23709381, 40.37263665 ], [ -98.26979591, 40.37083326 ], [ -98.30249801, 40.36588123 ], [ -98.33135153, 40.3543854 ], [ -98.33520011, 40.35269525 ], [ -98.3679022, 40.337366 ], [ -98.40060428, 40.32706731 ], [ -98.43330638, 40.32388469 ], [ -98.46600848, 40.33011023 ], [ -98.49871058, 40.34744623 ], [ -98.506975, 40.3543854 ], [ -98.53141267, 40.37681776 ], [ -98.54123196, 40.38708751 ], [ -98.56411477, 40.40231015 ], [ -98.59681687, 40.40909217 ], [ -98.62951897, 40.41034838 ], [ -98.66222104, 40.40937918 ], [ -98.69492314, 40.40784358 ], [ -98.72762524, 40.40709012 ], [ -98.76032734, 40.40659103 ], [ -98.79302943, 40.40709831 ], [ -98.82573153, 40.40834795 ], [ -98.85843363, 40.40985551 ], [ -98.89113573, 40.41194259 ], [ -98.9238378, 40.41494371 ], [ -98.9565399, 40.41882873 ], [ -98.96376804, 40.41978959 ], [ -98.989242, 40.42508882 ], [ -99.0219441, 40.43285036 ], [ -99.05464619, 40.44180749 ], [ -99.08734829, 40.45220849 ], [ -99.08820302, 40.4524917 ], [ -99.12005039, 40.46791672 ], [ -99.15086557, 40.48519378 ], [ -99.15275249, 40.48667084 ], [ -99.18545457, 40.51361606 ], [ -99.19032762, 40.51789589 ], [ -99.21815666, 40.54782496 ], [ -99.22113781, 40.55059799 ], [ -99.25085876, 40.57840158 ], [ -99.2568206, 40.58330007 ], [ -99.28356086, 40.6060476 ], [ -99.29632381, 40.61600218 ], [ -99.31626296, 40.63232362 ], [ -99.3376196, 40.64870426 ], [ -99.34896505, 40.65787917 ], [ -99.37953677, 40.68140637 ], [ -99.38166715, 40.68313608 ], [ -99.41436925, 40.70837446 ], [ -99.42206401, 40.71410845 ], [ -99.44707133, 40.7338343 ], [ -99.46406984, 40.74681055 ], [ -99.47977342, 40.75947482 ], [ -99.50530151, 40.77951264 ], [ -99.51247552, 40.78546389 ], [ -99.54517762, 40.81173406 ], [ -99.54580121, 40.81221474 ], [ -99.57787972, 40.8384238 ], [ -99.58611292, 40.84491685 ], [ -99.61058181, 40.86530791 ], [ -99.62584361, 40.87761893 ], [ -99.64328391, 40.89253229 ], [ -99.66479715, 40.91032103 ], [ -99.67598601, 40.92009051 ], [ -99.70306105, 40.94302312 ], [ -99.70868809, 40.94805202 ], [ -99.74030761, 40.97572522 ], [ -99.74139018, 40.9767103 ], [ -99.77409228, 41.00459662 ], [ -99.77870521, 41.00842731 ], [ -99.80679438, 41.03315108 ], [ -99.81625491, 41.04112941 ], [ -99.83949648, 41.06177645 ], [ -99.85376827, 41.07383149 ], [ -99.87219858, 41.09036163 ], [ -99.89121301, 41.1065336 ], [ -99.90490067, 41.11880781 ], [ -99.92899513, 41.1392357 ], [ -99.93760277, 41.14695288 ], [ -99.96737938, 41.17193779 ], [ -99.97030487, 41.17454217 ], [ -100.00300695, 41.20136141 ], [ -100.00735098, 41.20463989 ], [ -100.03570904, 41.22732603 ], [ -100.04936744, 41.23734197 ], [ -100.06841114, 41.25209458 ], [ -100.09415655, 41.27004408 ], [ -100.10111324, 41.27518375 ], [ -100.13381534, 41.29647237 ], [ -100.14514331, 41.30274616 ], [ -100.16651743, 41.31525813 ], [ -100.19921953, 41.33137699 ], [ -100.20984026, 41.33544827 ], [ -100.23192163, 41.34443696 ], [ -100.26462371, 41.35432024 ], [ -100.2973258, 41.36029529 ], [ -100.3300279, 41.36261522 ], [ -100.36273, 41.36062296 ], [ -100.3954321, 41.35438354 ], [ -100.42813419, 41.34372675 ], [ -100.44634508, 41.33544827 ], [ -100.46083629, 41.32899072 ], [ -100.49353839, 41.3103641 ], [ -100.50431132, 41.30274616 ], [ -100.52624047, 41.28754665 ], [ -100.54779867, 41.27004408 ], [ -100.55894257, 41.26125781 ], [ -100.58540278, 41.23734197 ], [ -100.59164466, 41.23185861 ], [ -100.6193823, 41.20463989 ], [ -100.62434676, 41.19990091 ], [ -100.65132787, 41.17193779 ], [ -100.65704886, 41.16616612 ], [ -100.68179137, 41.1392357 ], [ -100.68975096, 41.1309391 ], [ -100.71156726, 41.1065336 ], [ -100.72245305, 41.09475547 ], [ -100.74081819, 41.07383149 ], [ -100.75515515, 41.05838307 ], [ -100.77039994, 41.04112941 ], [ -100.78785723, 41.02224944 ], [ -100.80021491, 41.00842731 ], [ -100.82055933, 40.98679344 ], [ -100.83063396, 40.97572522 ], [ -100.85326142, 40.95234906 ], [ -100.86206281, 40.94302312 ], [ -100.88596352, 40.91926978 ], [ -100.89480237, 40.91032103 ], [ -100.91866562, 40.88809445 ], [ -100.92991252, 40.87761893 ], [ -100.95136772, 40.85921261 ], [ -100.96803149, 40.84491685 ], [ -100.98406981, 40.83228756 ], [ -101.00987786, 40.81221474 ], [ -101.01677191, 40.80725983 ], [ -101.04947399, 40.783678 ], [ -101.05522272, 40.77951264 ], [ -101.08217609, 40.76150889 ], [ -101.10430942, 40.74681055 ], [ -101.11487819, 40.74032418 ], [ -101.14758028, 40.72009139 ], [ -101.15701018, 40.71410845 ], [ -101.18028238, 40.70047154 ], [ -101.21212536, 40.68140637 ], [ -101.21298448, 40.68093132 ], [ -101.24568658, 40.66182755 ], [ -101.26770412, 40.64870426 ], [ -101.27838867, 40.64283332 ], [ -101.31109075, 40.62442788 ], [ -101.32561758, 40.61600218 ], [ -101.34379285, 40.60630867 ], [ -101.37649495, 40.58834671 ], [ -101.38523981, 40.58330007 ], [ -101.40919704, 40.57074637 ], [ -101.44189914, 40.55298684 ], [ -101.44597975, 40.55059799 ], [ -101.47460124, 40.53554698 ], [ -101.50610219, 40.51789589 ], [ -101.50730334, 40.51730262 ], [ -101.54000543, 40.499483 ], [ -101.56401815, 40.48519378 ], [ -101.57270751, 40.48095259 ], [ -101.60540961, 40.46341888 ], [ -101.6241361, 40.4524917 ], [ -101.63811171, 40.44665179 ], [ -101.6708138, 40.43083605 ], [ -101.69175121, 40.41978959 ], [ -101.7035159, 40.41595015 ], [ -101.736218, 40.40537926 ], [ -101.7689201, 40.39746429 ], [ -101.80162219, 40.39454156 ], [ -101.83432427, 40.39429107 ], [ -101.86702637, 40.39053036 ], [ -101.87593408, 40.38708751 ], [ -101.89972847, 40.36435655 ], [ -101.90544859, 40.3543854 ], [ -101.92150582, 40.32168332 ], [ -101.93243057, 40.2977287 ], [ -101.93646272, 40.28898122 ], [ -101.95064002, 40.25627913 ], [ -101.96412006, 40.22357703 ], [ -101.96513266, 40.22092759 ], [ -101.97772439, 40.19087492 ], [ -101.99098581, 40.15817284 ], [ -101.99783476, 40.14038031 ], [ -102.00453048, 40.12547074 ], [ -102.01848479, 40.09276865 ], [ -102.03053686, 40.06407186 ], [ -102.03259975, 40.06006655 ], [ -102.047992, 40.02736446 ], [ -102.06323896, 39.99555272 ], [ -102.06378162, 39.99466236 ], [ -102.08152424, 39.96196028 ], [ -102.09594103, 39.93571613 ], [ -102.10070008, 39.92925817 ], [ -102.12191253, 39.89655607 ], [ -102.12864313, 39.88537501 ], [ -102.14686702, 39.86385398 ], [ -102.16134523, 39.84370777 ], [ -102.17648268, 39.83115188 ], [ -102.19404733, 39.80954992 ], [ -102.20913657, 39.7984498 ], [ -102.22674942, 39.77950491 ], [ -102.24110954, 39.76574769 ], [ -102.25945152, 39.73670483 ], [ -102.26136065, 39.73304561 ], [ -102.25945152, 39.72049637 ], [ -102.25025387, 39.7003435 ], [ -102.23044283, 39.66764142 ], [ -102.23857672, 39.63493932 ], [ -102.25945152, 39.6164846 ], [ -102.29215362, 39.60872634 ], [ -102.2987887, 39.60223721 ], [ -102.32485572, 39.59113711 ], [ -102.35125838, 39.56953513 ], [ -102.35755779, 39.56642187 ], [ -102.39025989, 39.5412527 ], [ -102.3943957, 39.53683302 ], [ -102.42296199, 39.51555623 ], [ -102.43480266, 39.50413094 ], [ -102.45566409, 39.48899765 ], [ -102.47551837, 39.47142883 ], [ -102.48836619, 39.46211487 ], [ -102.51722572, 39.43872675 ], [ -102.52106828, 39.43587593 ], [ -102.55377038, 39.40842619 ], [ -102.55600477, 39.40602465 ], [ -102.58647248, 39.37680407 ], [ -102.59005552, 39.37332256 ], [ -102.61917456, 39.34397522 ], [ -102.62254251, 39.34062046 ], [ -102.64157011, 39.30791835 ], [ -102.64009094, 39.27521627 ], [ -102.61917456, 39.24338481 ], [ -102.6185003, 39.24251417 ], [ -102.58884189, 39.20981208 ], [ -102.58647248, 39.20740413 ], [ -102.55377038, 39.18617861 ], [ -102.5282456, 39.17710998 ], [ -102.52106828, 39.17473822 ], [ -102.48836619, 39.17142902 ], [ -102.45566409, 39.17345606 ], [ -102.43766841, 39.17710998 ], [ -102.42296199, 39.18096989 ], [ -102.39025989, 39.19079588 ], [ -102.35755779, 39.19942299 ], [ -102.32485572, 39.20616734 ], [ -102.29753668, 39.20981208 ], [ -102.29215362, 39.21070514 ], [ -102.25945152, 39.2128092 ], [ -102.22674942, 39.21169681 ], [ -102.21466824, 39.20981208 ], [ -102.19404733, 39.20657489 ], [ -102.16134523, 39.1945232 ], [ -102.13048397, 39.17710998 ], [ -102.12864313, 39.1760311 ], [ -102.09594103, 39.15582927 ], [ -102.07815812, 39.14440789 ], [ -102.06323896, 39.13547954 ], [ -102.03053686, 39.11546465 ], [ -102.02450762, 39.11170579 ], [ -101.99783476, 39.09673662 ], [ -101.96716278, 39.07900371 ], [ -101.96513266, 39.07798199 ], [ -101.93243057, 39.06219975 ], [ -101.89972847, 39.04671057 ], [ -101.89882058, 39.0463016 ], [ -101.86702637, 39.03409174 ], [ -101.83432427, 39.02147198 ], [ -101.8140112, 39.0135995 ], [ -101.80162219, 39.00928032 ], [ -101.7689201, 38.99767852 ], [ -101.736218, 38.98567777 ], [ -101.72355837, 38.98089741 ], [ -101.7035159, 38.97388402 ], [ -101.6708138, 38.96197393 ], [ -101.63811171, 38.94964192 ], [ -101.63443405, 38.94819531 ], [ -101.60540961, 38.93726308 ], [ -101.57270751, 38.92433478 ], [ -101.55149875, 38.91549323 ], [ -101.54000543, 38.91081902 ], [ -101.50730334, 38.89657117 ], [ -101.47798327, 38.88279112 ], [ -101.47460124, 38.88125648 ], [ -101.44189914, 38.86535023 ], [ -101.41239417, 38.85008904 ], [ -101.40919704, 38.84857687 ], [ -101.37649495, 38.83280354 ], [ -101.34689486, 38.81738693 ], [ -101.34379285, 38.81582277 ], [ -101.31109075, 38.7966384 ], [ -101.29318939, 38.78468485 ], [ -101.27838867, 38.77480171 ], [ -101.25086376, 38.75198275 ], [ -101.24568658, 38.74741569 ], [ -101.21887077, 38.71928066 ], [ -101.21298448, 38.71227062 ], [ -101.1941437, 38.68657856 ], [ -101.18028238, 38.66240195 ], [ -101.17586173, 38.65387645 ], [ -101.16387991, 38.62117437 ], [ -101.15782182, 38.58847227 ], [ -101.15739233, 38.55577018 ], [ -101.16232829, 38.52306808 ], [ -101.17290146, 38.49036599 ], [ -101.18028238, 38.47542925 ], [ -101.18770233, 38.45766389 ], [ -101.19886787, 38.42496181 ], [ -101.19674334, 38.3922597 ], [ -101.1913849, 38.3595576 ], [ -101.18607135, 38.32685551 ], [ -101.18079393, 38.29415341 ], [ -101.18028238, 38.28827987 ], [ -101.17590219, 38.26145132 ], [ -101.17689722, 38.22874922 ], [ -101.18028238, 38.22261575 ], [ -101.20302355, 38.19604714 ], [ -101.21298448, 38.1924082 ], [ -101.24568658, 38.17939434 ], [ -101.27838867, 38.16769455 ], [ -101.28868413, 38.16334503 ], [ -101.31109075, 38.15611971 ], [ -101.34379285, 38.14373253 ], [ -101.37435644, 38.13064295 ], [ -101.37649495, 38.12986599 ], [ -101.40919704, 38.11503615 ], [ -101.44189914, 38.09861305 ], [ -101.44303613, 38.09794084 ], [ -101.47460124, 38.08111586 ], [ -101.50188607, 38.06523874 ], [ -101.50730334, 38.06230176 ], [ -101.54000543, 38.04243147 ], [ -101.55506501, 38.03253666 ], [ -101.57270751, 38.0214197 ], [ -101.60489806, 37.99983455 ], [ -101.60540961, 37.99949678 ], [ -101.63811171, 37.97610885 ], [ -101.64996222, 37.96713247 ], [ -101.6708138, 37.95126456 ], [ -101.69159315, 37.93443036 ], [ -101.7035159, 37.92453056 ], [ -101.72893264, 37.90172828 ], [ -101.736218, 37.89488764 ], [ -101.76200796, 37.86902618 ], [ -101.7689201, 37.86172621 ], [ -101.79180736, 37.83632409 ], [ -101.80162219, 37.8250418 ], [ -101.819386, 37.80362199 ], [ -101.83432427, 37.78504709 ], [ -101.8458067, 37.77091988 ], [ -101.86702637, 37.74466501 ], [ -101.8728552, 37.7382178 ], [ -101.89972847, 37.71060804 ], [ -101.90572254, 37.7055157 ], [ -101.93243057, 37.68315157 ], [ -101.94841997, 37.67281361 ], [ -101.96513266, 37.6618887 ], [ -101.99783476, 37.64788302 ], [ -102.03053686, 37.6420638 ], [ -102.06323896, 37.65034793 ], [ -102.09594103, 37.67161759 ], [ -102.09728364, 37.67281361 ], [ -102.12864313, 37.70016946 ], [ -102.13428384, 37.7055157 ], [ -102.16134523, 37.72981926 ], [ -102.1717381, 37.7382178 ], [ -102.19404733, 37.75515583 ], [ -102.21704939, 37.77091988 ], [ -102.22674942, 37.77730314 ], [ -102.25945152, 37.79918027 ], [ -102.26572302, 37.80362199 ], [ -102.29215362, 37.82181448 ], [ -102.31171142, 37.83632409 ], [ -102.32485572, 37.8457987 ], [ -102.35501172, 37.86902618 ], [ -102.35755779, 37.87093119 ], [ -102.39025989, 37.89667552 ], [ -102.39636275, 37.90172828 ], [ -102.42296199, 37.92311463 ], [ -102.43638172, 37.93443036 ], [ -102.45566409, 37.9503129 ], [ -102.47610914, 37.96713247 ], [ -102.48836619, 37.97739166 ], [ -102.51724887, 37.99983455 ], [ -102.52106828, 38.00300034 ], [ -102.55377038, 38.02861952 ], [ -102.55900098, 38.03253666 ], [ -102.58647248, 38.05470621 ], [ -102.60003162, 38.06523874 ], [ -102.61917456, 38.08122898 ], [ -102.64012629, 38.09794084 ], [ -102.65187665, 38.10800456 ], [ -102.67970015, 38.13064295 ], [ -102.68457875, 38.13491381 ], [ -102.71728085, 38.16181359 ], [ -102.71927881, 38.16334503 ], [ -102.74998295, 38.18867343 ], [ -102.75941624, 38.19604714 ], [ -102.78268504, 38.21569226 ], [ -102.79903348, 38.22874922 ], [ -102.81538714, 38.24294747 ], [ -102.83799089, 38.26145132 ], [ -102.84808924, 38.27051845 ], [ -102.87615346, 38.29415341 ], [ -102.88079132, 38.29847799 ], [ -102.91309118, 38.32685551 ], [ -102.91349341, 38.3272479 ], [ -102.94619551, 38.35642125 ], [ -102.94995915, 38.3595576 ], [ -102.97889761, 38.38683564 ], [ -102.98521495, 38.3922597 ], [ -103.01159971, 38.41755769 ], [ -103.0201821, 38.42496181 ], [ -103.0443018, 38.44833728 ], [ -103.05506744, 38.45766389 ], [ -103.0770039, 38.47909176 ], [ -103.08996919, 38.49036599 ], [ -103.109706, 38.50990773 ], [ -103.12475355, 38.52306808 ], [ -103.14240808, 38.540789 ], [ -103.15938264, 38.55577018 ], [ -103.17511018, 38.57184293 ], [ -103.19387981, 38.58847227 ], [ -103.20781227, 38.60290473 ], [ -103.22805425, 38.62117437 ], [ -103.24051437, 38.63446527 ], [ -103.26186624, 38.65387645 ], [ -103.27321647, 38.66621386 ], [ -103.29534532, 38.68657856 ], [ -103.30591857, 38.69846138 ], [ -103.32811225, 38.71928066 ], [ -103.33862066, 38.73138865 ], [ -103.36039944, 38.75198275 ], [ -103.37132276, 38.76518133 ], [ -103.39138403, 38.78468485 ], [ -103.40402484, 38.80077248 ], [ -103.42126419, 38.81738693 ], [ -103.43672694, 38.83787604 ], [ -103.44893994, 38.85008904 ], [ -103.46942903, 38.87470222 ], [ -103.47628351, 38.88279112 ], [ -103.49334737, 38.91549323 ], [ -103.50213113, 38.93272147 ], [ -103.50865085, 38.94819531 ], [ -103.50789927, 38.98089741 ], [ -103.50213113, 38.98987036 ], [ -103.49450416, 39.0135995 ], [ -103.46942903, 39.02853777 ], [ -103.46035387, 39.0463016 ], [ -103.43672694, 39.06624382 ], [ -103.42912685, 39.07900371 ], [ -103.40402484, 39.10318114 ], [ -103.39889933, 39.11170579 ], [ -103.37132276, 39.14114539 ], [ -103.36939134, 39.14440789 ], [ -103.34245491, 39.17710998 ], [ -103.33862066, 39.18033458 ], [ -103.31496612, 39.20981208 ], [ -103.30591857, 39.21868907 ], [ -103.28630822, 39.24251417 ], [ -103.27321647, 39.25696982 ], [ -103.25819301, 39.27521627 ], [ -103.24051437, 39.29593492 ], [ -103.23050946, 39.30791835 ], [ -103.20781227, 39.3356355 ], [ -103.20353657, 39.34062046 ], [ -103.18825269, 39.37332256 ], [ -103.18342155, 39.40602465 ], [ -103.18154911, 39.43872675 ], [ -103.18014203, 39.47142883 ], [ -103.17804376, 39.50413094 ], [ -103.17562752, 39.53683302 ], [ -103.17511018, 39.54520976 ], [ -103.17353901, 39.56953513 ], [ -103.17201621, 39.60223721 ], [ -103.17134471, 39.63493932 ], [ -103.17196582, 39.66764142 ], [ -103.17409714, 39.7003435 ], [ -103.17511018, 39.70875458 ], [ -103.17823734, 39.73304561 ], [ -103.18433313, 39.76574769 ], [ -103.19267394, 39.7984498 ], [ -103.20320774, 39.83115188 ], [ -103.20781227, 39.84293975 ], [ -103.21611129, 39.86385398 ], [ -103.23132664, 39.89655607 ], [ -103.24051437, 39.91378976 ], [ -103.2487612, 39.92925817 ], [ -103.2683356, 39.96196028 ], [ -103.27321647, 39.96923651 ], [ -103.29043253, 39.99466236 ], [ -103.30591857, 40.01550643 ], [ -103.31475617, 40.02736446 ], [ -103.33862066, 40.05677845 ], [ -103.34128003, 40.06006655 ], [ -103.36982559, 40.09276865 ], [ -103.37132276, 40.09435759 ], [ -103.40028735, 40.12547074 ], [ -103.40402484, 40.1292195 ], [ -103.43238048, 40.15817284 ], [ -103.43672694, 40.16233516 ], [ -103.46592652, 40.19087492 ], [ -103.46942903, 40.19409797 ], [ -103.50056434, 40.22357703 ], [ -103.50213113, 40.22497147 ], [ -103.53483323, 40.25501015 ], [ -103.53616809, 40.25627913 ], [ -103.56753533, 40.28441705 ], [ -103.57242293, 40.28898122 ], [ -103.60023742, 40.31339914 ], [ -103.60927088, 40.32168332 ], [ -103.63293952, 40.34211746 ], [ -103.64656727, 40.3543854 ], [ -103.6656416, 40.37050725 ], [ -103.68444288, 40.38708751 ], [ -103.6983437, 40.39857427 ], [ -103.72310286, 40.41978959 ], [ -103.73104579, 40.42636961 ], [ -103.76175755, 40.4524917 ], [ -103.76374789, 40.45415694 ], [ -103.79644999, 40.48179333 ], [ -103.80046192, 40.48519378 ], [ -103.82915209, 40.50902386 ], [ -103.84009761, 40.51789589 ], [ -103.86185419, 40.53518475 ], [ -103.88260263, 40.55059799 ], [ -103.89455628, 40.55921627 ], [ -103.92725838, 40.58085792 ], [ -103.93132864, 40.58330007 ], [ -103.95996046, 40.59981847 ], [ -103.99266256, 40.6155164 ], [ -103.99384173, 40.61600218 ], [ -104.02536465, 40.62861141 ], [ -104.05806675, 40.64021545 ], [ -104.08451451, 40.64870426 ], [ -104.09076885, 40.65066426 ], [ -104.12347095, 40.65993437 ], [ -104.15617304, 40.66840069 ], [ -104.18887514, 40.67591635 ], [ -104.21086945, 40.68140637 ], [ -104.22157722, 40.68418377 ], [ -104.25427932, 40.69599883 ], [ -104.28698141, 40.70885731 ], [ -104.29999814, 40.71410845 ], [ -104.31968351, 40.72204985 ], [ -104.35238561, 40.73559213 ], [ -104.37859226, 40.74681055 ], [ -104.38508771, 40.74959593 ], [ -104.4177898, 40.76399854 ], [ -104.4504919, 40.77899044 ], [ -104.45161232, 40.77951264 ], [ -104.48319398, 40.79425851 ], [ -104.51589608, 40.810066 ], [ -104.52026548, 40.81221474 ], [ -104.54859818, 40.82614801 ], [ -104.58130027, 40.84284612 ], [ -104.58526431, 40.84491685 ], [ -104.61400237, 40.85995727 ], [ -104.64600035, 40.87761893 ], [ -104.64670447, 40.87800519 ], [ -104.65488002, 40.87761893 ], [ -104.65490161, 40.87761893 ], [ -104.6548989, 40.91032103 ], [ -104.64670447, 40.91851547 ], [ -104.62219255, 40.94302312 ], [ -104.61400237, 40.9512133 ], [ -104.58948613, 40.97572522 ], [ -104.58948338, 41.00842731 ], [ -104.58130027, 41.01661042 ], [ -104.55677709, 41.04112941 ], [ -104.54859818, 41.04930831 ] ], [ [ -103.24110717, 39.17710998 ], [ -103.24051437, 39.18153974 ], [ -103.23748225, 39.20981208 ], [ -103.22146388, 39.24251417 ], [ -103.20781227, 39.25849619 ], [ -103.1947836, 39.27521627 ], [ -103.17511018, 39.29622057 ], [ -103.16306835, 39.30791835 ], [ -103.14240808, 39.32874984 ], [ -103.12907179, 39.34062046 ], [ -103.109706, 39.36352051 ], [ -103.10006041, 39.37332256 ], [ -103.0770039, 39.39882142 ], [ -103.06773093, 39.40602465 ], [ -103.0443018, 39.42926512 ], [ -103.03145887, 39.43872675 ], [ -103.01159971, 39.45740224 ], [ -102.99224096, 39.47142883 ], [ -102.97889761, 39.48336673 ], [ -102.94898486, 39.50413094 ], [ -102.94619551, 39.50649279 ], [ -102.91349341, 39.52850481 ], [ -102.89664861, 39.53683302 ], [ -102.88079132, 39.5465786 ], [ -102.84808924, 39.56087137 ], [ -102.81630514, 39.56953513 ], [ -102.81538714, 39.56985527 ], [ -102.78268504, 39.57523457 ], [ -102.74998295, 39.57433282 ], [ -102.73202116, 39.56953513 ], [ -102.71728085, 39.56588639 ], [ -102.68457875, 39.54742504 ], [ -102.67351832, 39.53683302 ], [ -102.65187665, 39.51122804 ], [ -102.64783454, 39.50413094 ], [ -102.63637847, 39.47142883 ], [ -102.63600722, 39.43872675 ], [ -102.64688599, 39.40602465 ], [ -102.65187665, 39.40030477 ], [ -102.67044335, 39.37332256 ], [ -102.68457875, 39.35942013 ], [ -102.70229531, 39.34062046 ], [ -102.71728085, 39.31620317 ], [ -102.72261114, 39.30791835 ], [ -102.72373507, 39.27521627 ], [ -102.71728085, 39.2659553 ], [ -102.70132698, 39.24251417 ], [ -102.68457875, 39.22171919 ], [ -102.67486009, 39.20981208 ], [ -102.65187665, 39.18143801 ], [ -102.64800732, 39.17710998 ], [ -102.61917456, 39.14453329 ], [ -102.61904728, 39.14440789 ], [ -102.58647248, 39.11201713 ], [ -102.58604767, 39.11170579 ], [ -102.55377038, 39.08697163 ], [ -102.53921847, 39.07900371 ], [ -102.52106828, 39.06825498 ], [ -102.48836619, 39.05488669 ], [ -102.45566409, 39.04828572 ], [ -102.42296199, 39.04891469 ], [ -102.39025989, 39.05493185 ], [ -102.35755779, 39.0617144 ], [ -102.32485572, 39.06405043 ], [ -102.29215362, 39.05726694 ], [ -102.26993106, 39.0463016 ], [ -102.25945152, 39.04022293 ], [ -102.22674942, 39.0198538 ], [ -102.21632568, 39.0135995 ], [ -102.19404733, 39.00137869 ], [ -102.16134523, 38.9852967 ], [ -102.15176155, 38.98089741 ], [ -102.12864313, 38.97176026 ], [ -102.09594103, 38.95963295 ], [ -102.06513079, 38.94819531 ], [ -102.06323896, 38.94755486 ], [ -102.03053686, 38.93596318 ], [ -101.99783476, 38.9238804 ], [ -101.9758466, 38.91549323 ], [ -101.96513266, 38.91166149 ], [ -101.93243057, 38.89951635 ], [ -101.89972847, 38.88659729 ], [ -101.89035736, 38.88279112 ], [ -101.86702637, 38.8734973 ], [ -101.83432427, 38.86002573 ], [ -101.81078039, 38.85008904 ], [ -101.80162219, 38.84618672 ], [ -101.7689201, 38.83239558 ], [ -101.736218, 38.81824098 ], [ -101.73419232, 38.81738693 ], [ -101.7035159, 38.80414496 ], [ -101.6708138, 38.79003004 ], [ -101.65809732, 38.78468485 ], [ -101.63811171, 38.77588654 ], [ -101.60540961, 38.7621194 ], [ -101.58005265, 38.75198275 ], [ -101.57270751, 38.74877533 ], [ -101.54000543, 38.73546566 ], [ -101.50730334, 38.72315598 ], [ -101.49628262, 38.71928066 ], [ -101.47460124, 38.71087676 ], [ -101.44189914, 38.69905336 ], [ -101.40919704, 38.68751297 ], [ -101.40691959, 38.68657856 ], [ -101.37649495, 38.67334493 ], [ -101.34379285, 38.65743948 ], [ -101.33765434, 38.65387645 ], [ -101.31109075, 38.63735204 ], [ -101.29384252, 38.62117437 ], [ -101.27838867, 38.60203291 ], [ -101.27148896, 38.58847227 ], [ -101.26330694, 38.55577018 ], [ -101.26360453, 38.52306808 ], [ -101.26950706, 38.49036599 ], [ -101.27506439, 38.45766389 ], [ -101.27838867, 38.44961131 ], [ -101.29328659, 38.42496181 ], [ -101.30996415, 38.3922597 ], [ -101.31109075, 38.38979827 ], [ -101.32760107, 38.3595576 ], [ -101.34379285, 38.33112646 ], [ -101.34635745, 38.32685551 ], [ -101.36842121, 38.29415341 ], [ -101.37649495, 38.28433526 ], [ -101.39451294, 38.26145132 ], [ -101.40919704, 38.24620642 ], [ -101.42480965, 38.22874922 ], [ -101.44189914, 38.21291061 ], [ -101.45858109, 38.19604714 ], [ -101.47460124, 38.18247117 ], [ -101.49526993, 38.16334503 ], [ -101.50730334, 38.15381396 ], [ -101.53424052, 38.13064295 ], [ -101.54000543, 38.1262869 ], [ -101.57270751, 38.09963958 ], [ -101.57464438, 38.09794084 ], [ -101.60540961, 38.07362225 ], [ -101.61538555, 38.06523874 ], [ -101.63811171, 38.04750237 ], [ -101.65623495, 38.03253666 ], [ -101.6708138, 38.02103675 ], [ -101.6962342, 37.99983455 ], [ -101.7035159, 37.99386287 ], [ -101.73458737, 37.96713247 ], [ -101.736218, 37.96570785 ], [ -101.7689201, 37.93593613 ], [ -101.77049585, 37.93443036 ], [ -101.80162219, 37.90312816 ], [ -101.80292316, 37.90172828 ], [ -101.83192849, 37.86902618 ], [ -101.83432427, 37.86623042 ], [ -101.85980733, 37.83632409 ], [ -101.86702637, 37.82778589 ], [ -101.888257, 37.80362199 ], [ -101.89972847, 37.79063794 ], [ -101.91983642, 37.77091988 ], [ -101.93243057, 37.75935183 ], [ -101.9615825, 37.7382178 ], [ -101.96513266, 37.73572177 ], [ -101.99783476, 37.71979789 ], [ -102.03053686, 37.71848766 ], [ -102.06323896, 37.73115672 ], [ -102.07357225, 37.7382178 ], [ -102.09594103, 37.75336014 ], [ -102.11718335, 37.77091988 ], [ -102.12864313, 37.78004641 ], [ -102.15783791, 37.80362199 ], [ -102.16134523, 37.80631843 ], [ -102.19404733, 37.82879692 ], [ -102.20566382, 37.83632409 ], [ -102.22674942, 37.84967935 ], [ -102.25626812, 37.86902618 ], [ -102.25945152, 37.87107452 ], [ -102.29215362, 37.89314887 ], [ -102.30412639, 37.90172828 ], [ -102.32485572, 37.91622994 ], [ -102.3494537, 37.93443036 ], [ -102.35755779, 37.940285 ], [ -102.39025989, 37.96513716 ], [ -102.39276436, 37.96713247 ], [ -102.42296199, 37.99071396 ], [ -102.4340832, 37.99983455 ], [ -102.45566409, 38.01727584 ], [ -102.47369512, 38.03253666 ], [ -102.48836619, 38.04515445 ], [ -102.50991352, 38.06523874 ], [ -102.52106828, 38.07612379 ], [ -102.54341485, 38.09794084 ], [ -102.55377038, 38.10890458 ], [ -102.57556585, 38.13064295 ], [ -102.58647248, 38.14251043 ], [ -102.60703654, 38.16334503 ], [ -102.61917456, 38.17674682 ], [ -102.63793681, 38.19604714 ], [ -102.65187665, 38.21168331 ], [ -102.6681991, 38.22874922 ], [ -102.68457875, 38.24746534 ], [ -102.69769731, 38.26145132 ], [ -102.71728085, 38.2843546 ], [ -102.72626675, 38.29415341 ], [ -102.74998295, 38.32274101 ], [ -102.75364541, 38.32685551 ], [ -102.78009342, 38.3595576 ], [ -102.78268504, 38.36309622 ], [ -102.80566299, 38.3922597 ], [ -102.81538714, 38.40629251 ], [ -102.82936209, 38.42496181 ], [ -102.84808924, 38.4539147 ], [ -102.85073055, 38.45766389 ], [ -102.87199102, 38.49036599 ], [ -102.88079132, 38.5053984 ], [ -102.89219778, 38.52306808 ], [ -102.9112006, 38.55577018 ], [ -102.91349341, 38.55990314 ], [ -102.93093426, 38.58847227 ], [ -102.94619551, 38.61638632 ], [ -102.94908312, 38.62117437 ], [ -102.96830074, 38.65387645 ], [ -102.97889761, 38.67349487 ], [ -102.98670382, 38.68657856 ], [ -103.00418191, 38.71928066 ], [ -103.01159971, 38.73522519 ], [ -103.02035898, 38.75198275 ], [ -103.03486999, 38.78468485 ], [ -103.0443018, 38.80998284 ], [ -103.04741028, 38.81738693 ], [ -103.05837392, 38.85008904 ], [ -103.06716101, 38.88279112 ], [ -103.07447612, 38.91549323 ], [ -103.0770039, 38.92739998 ], [ -103.08178602, 38.94819531 ], [ -103.09178767, 38.98089741 ], [ -103.10943428, 39.0135995 ], [ -103.109706, 39.01389051 ], [ -103.13810141, 39.0463016 ], [ -103.14240808, 39.05022366 ], [ -103.17126078, 39.07900371 ], [ -103.17511018, 39.08258235 ], [ -103.20406402, 39.11170579 ], [ -103.20781227, 39.11593181 ], [ -103.22946091, 39.14440789 ], [ -103.24051437, 39.17488899 ], [ -103.24110717, 39.17710998 ] ] ] } },
{ "type": "Feature", "properties": { "Lower": 52.0 }, "geometry": { "type": "Polygon", "coordinates": [ [ [ -97.65502115, 38.16334503 ], [ -97.6484561, 38.18318386 ], [ -97.64321909, 38.19604714 ], [ -97.615754, 38.21726882 ], [ -97.59447872, 38.22874922 ], [ -97.58305192, 38.23221861 ], [ -97.55034982, 38.23785422 ], [ -97.51764773, 38.23670493 ], [ -97.48494563, 38.23096635 ], [ -97.47389512, 38.22874922 ], [ -97.45224353, 38.21759645 ], [ -97.42717432, 38.19604714 ], [ -97.43061356, 38.16334503 ], [ -97.45224353, 38.13812446 ], [ -97.46259133, 38.13064295 ], [ -97.48494563, 38.1225212 ], [ -97.51764773, 38.11981406 ], [ -97.55034982, 38.11253495 ], [ -97.58305192, 38.11137628 ], [ -97.615754, 38.11839169 ], [ -97.64114677, 38.13064295 ], [ -97.6484561, 38.14635806 ], [ -97.65502115, 38.16334503 ] ] ] } },
{ "type": "Feature", "properties": { "Lower": 52.0 }, "geometry": { "type": "Polygon", "coordinates": [ [ [ -95.38555764, 37.34579265 ], [ -95.35930944, 37.37339694 ], [ -95.35292984, 37.37849476 ], [ -95.32660735, 37.39179934 ], [ -95.29390525, 37.40990363 ], [ -95.2889345, 37.41119684 ], [ -95.26120315, 37.41757599 ], [ -95.22850105, 37.42241297 ], [ -95.19579897, 37.4262751 ], [ -95.16309688, 37.42949103 ], [ -95.13039478, 37.43220053 ], [ -95.09769268, 37.4345891 ], [ -95.06499058, 37.43681373 ], [ -95.03228849, 37.43887882 ], [ -94.99958639, 37.44084463 ], [ -94.96688429, 37.44268198 ], [ -94.94360711, 37.44389894 ], [ -94.93418221, 37.44434112 ], [ -94.90148012, 37.44569909 ], [ -94.86877802, 37.44692992 ], [ -94.83607592, 37.44800511 ], [ -94.80337382, 37.44884297 ], [ -94.79519571, 37.47660103 ], [ -94.79517412, 37.47660103 ], [ -94.79517718, 37.44389894 ], [ -94.80337382, 37.4357023 ], [ -94.8278819, 37.41119684 ], [ -94.82788414, 37.37849476 ], [ -94.82788594, 37.34579265 ], [ -94.83607592, 37.33760266 ], [ -94.8605895, 37.31309057 ], [ -94.8605905, 37.28038846 ], [ -94.86059112, 37.24768638 ], [ -94.86877802, 37.23949948 ], [ -94.89329363, 37.21498427 ], [ -94.89329377, 37.18228217 ], [ -94.89329375, 37.14958009 ], [ -94.90148012, 37.14139371 ], [ -94.92599526, 37.11687798 ], [ -94.92599413, 37.0841759 ], [ -94.93418221, 37.07598782 ], [ -94.95869207, 37.05147379 ], [ -94.96688429, 37.04328157 ], [ -94.99138628, 37.01877171 ], [ -94.99140785, 37.01877171 ], [ -94.99958639, 37.03793365 ], [ -95.0202486, 37.05147379 ], [ -95.03228849, 37.0600121 ], [ -95.06499058, 37.08144909 ], [ -95.06923894, 37.0841759 ], [ -95.09769268, 37.1037964 ], [ -95.11847853, 37.11687798 ], [ -95.13039478, 37.1249878 ], [ -95.16309688, 37.14591544 ], [ -95.1688803, 37.14958009 ], [ -95.19579897, 37.16783748 ], [ -95.218569, 37.18228217 ], [ -95.22850105, 37.18906648 ], [ -95.26120315, 37.21097945 ], [ -95.26703456, 37.21498427 ], [ -95.29390525, 37.23487043 ], [ -95.31118031, 37.24768638 ], [ -95.32660735, 37.26032949 ], [ -95.35084729, 37.28038846 ], [ -95.35930944, 37.28860314 ], [ -95.38283392, 37.31309057 ], [ -95.38555764, 37.34579265 ] ] ] } },
{ "type": "Feature", "properties": { "Lower": 52.0 }, "geometry": { "type": "Polygon", "coordinates": [ [ [ -101.13902928, 39.37332256 ], [ -101.12969067, 39.40602465 ], [ -101.11487819, 39.43683887 ], [ -101.11398032, 39.43872675 ], [ -101.10183213, 39.47142883 ], [ -101.08900718, 39.50413094 ], [ -101.08217609, 39.51940156 ], [ -101.06997439, 39.53683302 ], [ -101.04947399, 39.56365707 ], [ -101.04213758, 39.56953513 ], [ -101.01677191, 39.59057396 ], [ -100.99633467, 39.60223721 ], [ -100.98406981, 39.60990185 ], [ -100.95136772, 39.62591159 ], [ -100.9234363, 39.63493932 ], [ -100.91866562, 39.63672103 ], [ -100.88596352, 39.64397237 ], [ -100.85326142, 39.64702012 ], [ -100.82055933, 39.6478214 ], [ -100.78785723, 39.64738424 ], [ -100.75515515, 39.64592759 ], [ -100.72245305, 39.64350019 ], [ -100.68975096, 39.64005138 ], [ -100.65704886, 39.63535636 ], [ -100.6541657, 39.63493932 ], [ -100.62434676, 39.62622015 ], [ -100.59164466, 39.60939471 ], [ -100.58139019, 39.60223721 ], [ -100.57955847, 39.56953513 ], [ -100.59164466, 39.53832025 ], [ -100.59198497, 39.53683302 ], [ -100.60175326, 39.50413094 ], [ -100.61414047, 39.47142883 ], [ -100.62434676, 39.45049646 ], [ -100.62843581, 39.43872675 ], [ -100.64319681, 39.40602465 ], [ -100.65704886, 39.38329922 ], [ -100.66180456, 39.37332256 ], [ -100.68252274, 39.34062046 ], [ -100.68975096, 39.33193017 ], [ -100.70663309, 39.30791835 ], [ -100.72245305, 39.29110373 ], [ -100.73581921, 39.27521627 ], [ -100.75515515, 39.25768193 ], [ -100.77068094, 39.24251417 ], [ -100.78785723, 39.22934277 ], [ -100.81222204, 39.20981208 ], [ -100.82055933, 39.20447407 ], [ -100.85326142, 39.18200845 ], [ -100.85935073, 39.17710998 ], [ -100.88596352, 39.15924994 ], [ -100.90804286, 39.14440789 ], [ -100.91866562, 39.1374171 ], [ -100.95136772, 39.12555404 ], [ -100.98406981, 39.12904575 ], [ -101.00938232, 39.14440789 ], [ -101.01677191, 39.14780981 ], [ -101.04634652, 39.17710998 ], [ -101.04947399, 39.17994847 ], [ -101.08062263, 39.20981208 ], [ -101.08217609, 39.21160236 ], [ -101.10573491, 39.24251417 ], [ -101.11487819, 39.26155946 ], [ -101.12000239, 39.27521627 ], [ -101.12826841, 39.30791835 ], [ -101.1343331, 39.34062046 ], [ -101.13902928, 39.37332256 ] ], [ [ -101.1273707, 39.37332256 ], [ -101.11721077, 39.40602465 ], [ -101.11487819, 39.41087707 ], [ -101.10163298, 39.43872675 ], [ -101.08748334, 39.47142883 ], [ -101.08217609, 39.48361315 ], [ -101.06737198, 39.50413094 ], [ -101.04947399, 39.52804606 ], [ -101.03842104, 39.53683302 ], [ -101.01677191, 39.55466385 ], [ -100.99069529, 39.56953513 ], [ -100.98406981, 39.57356228 ], [ -100.95136772, 39.58802602 ], [ -100.91866562, 39.59681185 ], [ -100.88596352, 39.60051945 ], [ -100.85326142, 39.59934769 ], [ -100.82055933, 39.59306397 ], [ -100.78785723, 39.58167346 ], [ -100.76544797, 39.56953513 ], [ -100.75515515, 39.559232 ], [ -100.73857562, 39.53683302 ], [ -100.73160057, 39.50413094 ], [ -100.73436136, 39.47142883 ], [ -100.74216704, 39.43872675 ], [ -100.75405764, 39.40602465 ], [ -100.75515515, 39.40363424 ], [ -100.76681344, 39.37332256 ], [ -100.78404442, 39.34062046 ], [ -100.78785723, 39.33487697 ], [ -100.80336435, 39.30791835 ], [ -100.82055933, 39.28535963 ], [ -100.82719029, 39.27521627 ], [ -100.85326142, 39.2445373 ], [ -100.85475161, 39.24251417 ], [ -100.88463515, 39.20981208 ], [ -100.88596352, 39.2086839 ], [ -100.91866562, 39.18193705 ], [ -100.92662673, 39.17710998 ], [ -100.95136772, 39.16374176 ], [ -100.98406981, 39.15796957 ], [ -101.01677191, 39.16920963 ], [ -101.02474626, 39.17710998 ], [ -101.04947399, 39.19955279 ], [ -101.06017475, 39.20981208 ], [ -101.08217609, 39.23516761 ], [ -101.08777513, 39.24251417 ], [ -101.10550559, 39.27521627 ], [ -101.11487819, 39.30224758 ], [ -101.11645214, 39.30791835 ], [ -101.12365027, 39.34062046 ], [ -101.1273707, 39.37332256 ] ] ] } },
{ "type": "Feature", "properties": { "Lower": 52.0 }, "geometry": { "type": "Polygon", "coordinates": [ [ [ -102.01267647, 44.40944521 ], [ -102.00601029, 44.44214729 ], [ -101.99783476, 44.45032285 ], [ -101.97330822, 44.4748494 ], [ -101.96513266, 44.48302493 ], [ -101.94060612, 44.5075515 ], [ -101.93243057, 44.51572704 ], [ -101.89972847, 44.51572704 ], [ -101.87520192, 44.54025359 ], [ -101.86702637, 44.54842914 ], [ -101.83432427, 44.54842914 ], [ -101.80162219, 44.54842914 ], [ -101.77709563, 44.57295569 ], [ -101.7689201, 44.58113123 ], [ -101.736218, 44.58113123 ], [ -101.7035159, 44.58113123 ], [ -101.6708138, 44.58113123 ], [ -101.66263825, 44.57295569 ], [ -101.63811171, 44.54842914 ], [ -101.60540961, 44.54842914 ], [ -101.57270751, 44.54842916 ], [ -101.54000543, 44.54842918 ], [ -101.50730334, 44.54842921 ], [ -101.47460124, 44.54842923 ], [ -101.44189914, 44.54842927 ], [ -101.43372345, 44.54025359 ], [ -101.40919704, 44.51572723 ], [ -101.37649495, 44.51572727 ], [ -101.34379285, 44.51572731 ], [ -101.31109075, 44.51572733 ], [ -101.27838867, 44.51572737 ], [ -101.24568658, 44.5157274 ], [ -101.23751067, 44.5075515 ], [ -101.21298448, 44.48302535 ], [ -101.18028238, 44.48302535 ], [ -101.14758028, 44.48302538 ], [ -101.11487819, 44.48302535 ], [ -101.08217609, 44.48302533 ], [ -101.04947399, 44.48302531 ], [ -101.01677191, 44.48302527 ], [ -101.00859605, 44.4748494 ], [ -100.98406981, 44.45032312 ], [ -100.95136772, 44.45032306 ], [ -100.91866562, 44.45032296 ], [ -100.88596352, 44.45032285 ], [ -100.88155285, 44.44214729 ], [ -100.87799847, 44.40944521 ], [ -100.87070958, 44.3767431 ], [ -100.86253644, 44.34404102 ], [ -100.85856918, 44.31133892 ], [ -100.85326142, 44.29617446 ], [ -100.8470664, 44.27863683 ], [ -100.83932869, 44.24593473 ], [ -100.83174227, 44.21323264 ], [ -100.82798088, 44.18053054 ], [ -100.82055933, 44.16071587 ], [ -100.81621193, 44.14782844 ], [ -100.81596106, 44.11512635 ], [ -100.81505185, 44.08242425 ], [ -100.81596106, 44.04972216 ], [ -100.8161012, 44.01702006 ], [ -100.82055933, 44.00000455 ], [ -100.82594262, 43.98431798 ], [ -100.83357399, 43.95161587 ], [ -100.84304838, 43.91891379 ], [ -100.84885075, 43.88621168 ], [ -100.85326142, 43.87549928 ], [ -100.86544367, 43.85350958 ], [ -100.87630456, 43.8208075 ], [ -100.88596352, 43.80403677 ], [ -100.89894778, 43.78810539 ], [ -100.91866562, 43.76531161 ], [ -100.9271087, 43.75540331 ], [ -100.94398471, 43.7227012 ], [ -100.95136772, 43.71601214 ], [ -100.98406981, 43.70079051 ], [ -100.99986455, 43.68999912 ], [ -101.01677191, 43.68144269 ], [ -101.04947399, 43.67900047 ], [ -101.08217609, 43.67653284 ], [ -101.11487819, 43.67711895 ], [ -101.14758028, 43.68173977 ], [ -101.18028238, 43.68513638 ], [ -101.19289299, 43.68999912 ], [ -101.21298448, 43.69945757 ], [ -101.24568658, 43.71216184 ], [ -101.26411081, 43.7227012 ], [ -101.27838867, 43.73017905 ], [ -101.31109075, 43.74224519 ], [ -101.33011011, 43.75540331 ], [ -101.34379285, 43.76407274 ], [ -101.37649495, 43.77848253 ], [ -101.39298969, 43.78810539 ], [ -101.40919704, 43.79842083 ], [ -101.44189914, 43.81438897 ], [ -101.45147513, 43.8208075 ], [ -101.47460124, 43.84096036 ], [ -101.49487488, 43.85350958 ], [ -101.50730334, 43.86248255 ], [ -101.54000543, 43.88009732 ], [ -101.54824299, 43.88621168 ], [ -101.57270751, 43.90705695 ], [ -101.58747037, 43.91891379 ], [ -101.60540961, 43.93685304 ], [ -101.62113818, 43.95161587 ], [ -101.63811171, 43.96977745 ], [ -101.65170105, 43.98431798 ], [ -101.65792261, 44.01702006 ], [ -101.6708138, 44.02962359 ], [ -101.68834323, 44.04972216 ], [ -101.7035159, 44.07013494 ], [ -101.71482847, 44.08242425 ], [ -101.72143962, 44.11512635 ], [ -101.736218, 44.13298673 ], [ -101.75105971, 44.14782844 ], [ -101.7689201, 44.16568881 ], [ -101.78376181, 44.18053054 ], [ -101.80162219, 44.19839092 ], [ -101.81646391, 44.21323264 ], [ -101.83432427, 44.23109302 ], [ -101.84916601, 44.24593473 ], [ -101.86702637, 44.26379511 ], [ -101.8818681, 44.27863683 ], [ -101.89972847, 44.29649721 ], [ -101.9145702, 44.31133892 ], [ -101.93243057, 44.32919929 ], [ -101.94727228, 44.34404102 ], [ -101.96513266, 44.3619014 ], [ -101.97997438, 44.3767431 ], [ -101.99783476, 44.39460348 ], [ -102.01267647, 44.40944521 ] ] ] } },
{ "type": "Feature", "properties": { "Lower": 52.0 }, "geometry": { "type": "Polygon", "coordinates": [ [ [ -98.98106555, 31.32860714 ], [ -98.98104397, 31.32860714 ], [ -98.98104745, 31.29590506 ], [ -98.989242, 31.2877105 ], [ -99.01375535, 31.26320295 ], [ -99.0219441, 31.2550142 ], [ -99.04646277, 31.23050087 ], [ -99.05464619, 31.22231744 ], [ -99.0791695, 31.19779877 ], [ -99.07917198, 31.16509668 ], [ -99.08734829, 31.15692037 ], [ -99.10525495, 31.16509668 ], [ -99.12005039, 31.1742834 ], [ -99.15275249, 31.19540316 ], [ -99.1564194, 31.19779877 ], [ -99.18545457, 31.21611952 ], [ -99.20707589, 31.23050087 ], [ -99.21815666, 31.23761208 ], [ -99.25085876, 31.25930507 ], [ -99.25662322, 31.26320295 ], [ -99.28356086, 31.28031777 ], [ -99.30750428, 31.29590506 ], [ -99.31626296, 31.30128219 ], [ -99.34896505, 31.32158988 ], [ -99.36002806, 31.32860714 ], [ -99.38166715, 31.34157221 ], [ -99.41325945, 31.36130925 ], [ -99.41436925, 31.36196748 ], [ -99.44707133, 31.38140761 ], [ -99.46736023, 31.39401133 ], [ -99.47977342, 31.40134183 ], [ -99.51247552, 31.42130682 ], [ -99.52108808, 31.42671344 ], [ -99.54517762, 31.44110659 ], [ -99.57428908, 31.45941554 ], [ -99.57787972, 31.46156992 ], [ -99.61058181, 31.48149406 ], [ -99.62715882, 31.49211762 ], [ -99.64328391, 31.50200516 ], [ -99.67598601, 31.52305935 ], [ -99.67869938, 31.52481973 ], [ -99.70868809, 31.54360332 ], [ -99.72988644, 31.55752181 ], [ -99.74139018, 31.56488428 ], [ -99.77409228, 31.58635369 ], [ -99.78027005, 31.59022392 ], [ -99.80679438, 31.60708002 ], [ -99.83144984, 31.622926 ], [ -99.83949648, 31.62831721 ], [ -99.87219858, 31.64965735 ], [ -99.88188559, 31.6556281 ], [ -99.90490067, 31.67168126 ], [ -99.92876987, 31.68833019 ], [ -99.93760277, 31.69576046 ], [ -99.96859351, 31.72103229 ], [ -99.97030487, 31.72284881 ], [ -100.00166473, 31.7537344 ], [ -100.00300695, 31.75556453 ], [ -100.03151805, 31.78643648 ], [ -100.03570904, 31.79425966 ], [ -100.05535008, 31.81913858 ], [ -100.0670617, 31.85184067 ], [ -100.06841114, 31.85615671 ], [ -100.08631467, 31.88454277 ], [ -100.09558225, 31.91724486 ], [ -100.09984747, 31.94994696 ], [ -100.10111324, 31.95770937 ], [ -100.11636923, 31.98264904 ], [ -100.1265799, 32.01535115 ], [ -100.13215023, 32.04805323 ], [ -100.13381534, 32.05507666 ], [ -100.16651743, 32.05507222 ], [ -100.18382504, 32.04805323 ], [ -100.19921953, 32.04060246 ], [ -100.23192163, 32.02184983 ], [ -100.2423656, 32.01535115 ], [ -100.26462371, 31.99976817 ], [ -100.2899825, 31.98264904 ], [ -100.2973258, 31.97743168 ], [ -100.3300279, 31.95509802 ], [ -100.33671212, 31.94994696 ], [ -100.36273, 31.92715406 ], [ -100.37539199, 31.91724486 ], [ -100.3954321, 31.90156163 ], [ -100.41717884, 31.88454277 ], [ -100.42813419, 31.87596919 ], [ -100.45567666, 31.85184067 ], [ -100.46083629, 31.84778755 ], [ -100.49353839, 31.82455414 ], [ -100.50033832, 31.81913858 ], [ -100.52624047, 31.79924712 ], [ -100.54332299, 31.78643648 ], [ -100.55894257, 31.77472293 ], [ -100.58760761, 31.7537344 ], [ -100.59164466, 31.75088048 ], [ -100.62434676, 31.72744343 ], [ -100.63334853, 31.72103229 ], [ -100.65704886, 31.70415483 ], [ -100.68078729, 31.68833019 ], [ -100.68975096, 31.6823548 ], [ -100.72245305, 31.66046454 ], [ -100.72990896, 31.6556281 ], [ -100.75515515, 31.63902714 ], [ -100.78070676, 31.622926 ], [ -100.78785723, 31.61475042 ], [ -100.7960328, 31.622926 ], [ -100.82055933, 31.64745181 ], [ -100.82873562, 31.6556281 ], [ -100.85326142, 31.68015303 ], [ -100.8614386, 31.68833019 ], [ -100.88596352, 31.71285408 ], [ -100.89414173, 31.72103229 ], [ -100.91866562, 31.74555499 ], [ -100.92684502, 31.7537344 ], [ -100.95136772, 31.7782557 ], [ -100.95954848, 31.78643648 ], [ -100.95954934, 31.81913858 ], [ -100.98406981, 31.84365737 ], [ -100.99225312, 31.85184067 ], [ -101.01677191, 31.8763576 ], [ -101.02495709, 31.88454277 ], [ -101.04947399, 31.9090576 ], [ -101.05766126, 31.91724486 ], [ -101.08217609, 31.94175741 ], [ -101.09036564, 31.94994696 ], [ -101.11487819, 31.97445701 ], [ -101.12307024, 31.98264904 ], [ -101.14758028, 32.0071564 ], [ -101.15577505, 32.01535115 ], [ -101.18028238, 32.03985558 ], [ -101.18028238, 32.03987715 ], [ -101.16553038, 32.04805323 ], [ -101.14758028, 32.0610982 ], [ -101.12085276, 32.08075534 ], [ -101.11487819, 32.0850864 ], [ -101.08217609, 32.10895807 ], [ -101.07603241, 32.11345744 ], [ -101.04947399, 32.13257049 ], [ -101.03081644, 32.14615952 ], [ -101.01677191, 32.15618569 ], [ -100.98525706, 32.17886163 ], [ -100.98406981, 32.17969698 ], [ -100.95136772, 32.20257304 ], [ -100.93860666, 32.21156371 ], [ -100.91866562, 32.22526274 ], [ -100.89111488, 32.24426582 ], [ -100.88596352, 32.24773253 ], [ -100.85326142, 32.26944173 ], [ -100.84184649, 32.2769679 ], [ -100.82055933, 32.29059134 ], [ -100.79062432, 32.30967 ], [ -100.78785723, 32.31137011 ], [ -100.75515515, 32.33120614 ], [ -100.73664144, 32.34237209 ], [ -100.72245305, 32.3506277 ], [ -100.68975096, 32.36950373 ], [ -100.67995873, 32.37507419 ], [ -100.65704886, 32.38753469 ], [ -100.62434676, 32.40505573 ], [ -100.61918539, 32.4077763 ], [ -100.59164466, 32.42151478 ], [ -100.55894257, 32.43727899 ], [ -100.5520775, 32.44047838 ], [ -100.52624047, 32.45167991 ], [ -100.49353839, 32.4649855 ], [ -100.47165323, 32.47318049 ], [ -100.46083629, 32.47685698 ], [ -100.42813419, 32.48674633 ], [ -100.3954321, 32.49552313 ], [ -100.36273, 32.50331834 ], [ -100.35015032, 32.50588257 ], [ -100.3300279, 32.50967106 ], [ -100.2973258, 32.51452831 ], [ -100.26462371, 32.51784294 ], [ -100.23192163, 32.51920582 ], [ -100.19921953, 32.51823088 ], [ -100.16651743, 32.51421088 ], [ -100.13381534, 32.50625016 ], [ -100.13300684, 32.50588257 ], [ -100.10111324, 32.49074198 ], [ -100.07929762, 32.47318049 ], [ -100.06841114, 32.46397161 ], [ -100.04836783, 32.44047838 ], [ -100.03570904, 32.42445879 ], [ -100.02521287, 32.4077763 ], [ -100.0076453, 32.37507419 ], [ -100.00300695, 32.36440945 ], [ -99.99649484, 32.34237209 ], [ -99.98936649, 32.30967 ], [ -99.98433354, 32.2769679 ], [ -99.97995624, 32.24426582 ], [ -99.9748333, 32.21156371 ], [ -99.97030487, 32.19004199 ], [ -99.96790852, 32.17886163 ], [ -99.95859289, 32.14615952 ], [ -99.94771522, 32.11345744 ], [ -99.93760277, 32.08430543 ], [ -99.93643374, 32.08075534 ], [ -99.9252224, 32.04805323 ], [ -99.91265794, 32.01535115 ], [ -99.90490067, 31.99725594 ], [ -99.89853003, 31.98264904 ], [ -99.88256892, 31.94994696 ], [ -99.87219858, 31.93128044 ], [ -99.86367022, 31.91724486 ], [ -99.84132744, 31.88454277 ], [ -99.83949648, 31.88207278 ], [ -99.81303843, 31.85184067 ], [ -99.80679438, 31.845162 ], [ -99.77865238, 31.81913858 ], [ -99.77409228, 31.815072 ], [ -99.74139018, 31.78875431 ], [ -99.73827941, 31.78643648 ], [ -99.70868809, 31.76458805 ], [ -99.69302634, 31.7537344 ], [ -99.67598601, 31.74192548 ], [ -99.64423506, 31.72103229 ], [ -99.64328391, 31.72040232 ], [ -99.61058181, 31.69937843 ], [ -99.59281428, 31.68833019 ], [ -99.57787972, 31.67893626 ], [ -99.54517762, 31.65896098 ], [ -99.53964363, 31.6556281 ], [ -99.51247552, 31.6390789 ], [ -99.48527796, 31.622926 ], [ -99.47977342, 31.61960201 ], [ -99.44707133, 31.60007666 ], [ -99.43031958, 31.59022392 ], [ -99.41436925, 31.58069863 ], [ -99.38166715, 31.5614602 ], [ -99.37495763, 31.55752181 ], [ -99.34896505, 31.54201215 ], [ -99.31971533, 31.52481973 ], [ -99.31626296, 31.52275369 ], [ -99.28356086, 31.5031653 ], [ -99.26500707, 31.49211762 ], [ -99.25085876, 31.48353024 ], [ -99.21815666, 31.46386136 ], [ -99.21072459, 31.45941554 ], [ -99.18545457, 31.44395971 ], [ -99.15731798, 31.42671344 ], [ -99.15275249, 31.42385459 ], [ -99.12005039, 31.40344266 ], [ -99.10511754, 31.39401133 ], [ -99.08734829, 31.38263097 ], [ -99.05464619, 31.36169532 ], [ -99.05403738, 31.36130925 ], [ -99.0219441, 31.34083976 ], [ -99.00289415, 31.32860714 ], [ -98.989242, 31.31982796 ], [ -98.98106555, 31.32860714 ] ] ] } },
{ "type": "Feature", "properties": { "Lower": 52.0 }, "geometry": { "type": "Polygon", "coordinates": [ [ [ -104.84291703, 40.62417933 ], [ -104.84291703, 40.62420093 ], [ -104.81841148, 40.64870426 ], [ -104.81021494, 40.6569008 ], [ -104.78570684, 40.68140637 ], [ -104.78570501, 40.71410845 ], [ -104.77751284, 40.72230063 ], [ -104.75299984, 40.74681055 ], [ -104.74481074, 40.75499964 ], [ -104.72029437, 40.77951264 ], [ -104.72029205, 40.81221474 ], [ -104.71210866, 40.82039813 ], [ -104.68758612, 40.84491685 ], [ -104.67940657, 40.8530964 ], [ -104.65488002, 40.87761893 ], [ -104.64670447, 40.87800519 ], [ -104.64600035, 40.87761893 ], [ -104.61400237, 40.85995727 ], [ -104.58526431, 40.84491685 ], [ -104.58130027, 40.84284612 ], [ -104.54859818, 40.82614801 ], [ -104.52026548, 40.81221474 ], [ -104.51589608, 40.810066 ], [ -104.48319398, 40.79425851 ], [ -104.45161232, 40.77951264 ], [ -104.4504919, 40.77899044 ], [ -104.4177898, 40.76399854 ], [ -104.38508771, 40.74959593 ], [ -104.37859226, 40.74681055 ], [ -104.35238561, 40.73559213 ], [ -104.31968351, 40.72204985 ], [ -104.29999814, 40.71410845 ], [ -104.28698141, 40.70885731 ], [ -104.25427932, 40.69599883 ], [ -104.22157722, 40.68418377 ], [ -104.21086945, 40.68140637 ], [ -104.18887514, 40.67591635 ], [ -104.15617304, 40.66840069 ], [ -104.12347095, 40.65993437 ], [ -104.09076885, 40.65066426 ], [ -104.08451451, 40.64870426 ], [ -104.05806675, 40.64021545 ], [ -104.02536465, 40.62861141 ], [ -103.99384173, 40.61600218 ], [ -103.99266256, 40.6155164 ], [ -103.95996046, 40.59981847 ], [ -103.93132864, 40.58330007 ], [ -103.92725838, 40.58085792 ], [ -103.89455628, 40.55921627 ], [ -103.88260263, 40.55059799 ], [ -103.86185419, 40.53518475 ], [ -103.84009761, 40.51789589 ], [ -103.82915209, 40.50902386 ], [ -103.80046192, 40.48519378 ], [ -103.79644999, 40.48179333 ], [ -103.76374789, 40.45415694 ], [ -103.76175755, 40.4524917 ], [ -103.73104579, 40.42636961 ], [ -103.72310286, 40.41978959 ], [ -103.6983437, 40.39857427 ], [ -103.68444288, 40.38708751 ], [ -103.6656416, 40.37050725 ], [ -103.64656727, 40.3543854 ], [ -103.63293952, 40.34211746 ], [ -103.60927088, 40.32168332 ], [ -103.60023742, 40.31339914 ], [ -103.57242293, 40.28898122 ], [ -103.56753533, 40.28441705 ], [ -103.53616809, 40.25627913 ], [ -103.53483323, 40.25501015 ], [ -103.50213113, 40.22497147 ], [ -103.50056434, 40.22357703 ], [ -103.46942903, 40.19409797 ], [ -103.46592652, 40.19087492 ], [ -103.43672694, 40.16233516 ], [ -103.43238048, 40.15817284 ], [ -103.40402484, 40.1292195 ], [ -103.40028735, 40.12547074 ], [ -103.37132276, 40.09435759 ], [ -103.36982559, 40.09276865 ], [ -103.34128003, 40.06006655 ], [ -103.33862066, 40.05677845 ], [ -103.31475617, 40.02736446 ], [ -103.30591857, 40.01550643 ], [ -103.29043253, 39.99466236 ], [ -103.27321647, 39.96923651 ], [ -103.2683356, 39.96196028 ], [ -103.2487612, 39.92925817 ], [ -103.24051437, 39.91378976 ], [ -103.23132664, 39.89655607 ], [ -103.21611129, 39.86385398 ], [ -103.20781227, 39.84293975 ], [ -103.20320774, 39.83115188 ], [ -103.19267394, 39.7984498 ], [ -103.18433313, 39.76574769 ], [ -103.17823734, 39.73304561 ], [ -103.17511018, 39.70875458 ], [ -103.17409714, 39.7003435 ], [ -103.17196582, 39.66764142 ], [ -103.17134471, 39.63493932 ], [ -103.17201621, 39.60223721 ], [ -103.17353901, 39.56953513 ], [ -103.17511018, 39.54520976 ], [ -103.17562752, 39.53683302 ], [ -103.17804376, 39.50413094 ], [ -103.18014203, 39.47142883 ], [ -103.18154911, 39.43872675 ], [ -103.18342155, 39.40602465 ], [ -103.18825269, 39.37332256 ], [ -103.20353657, 39.34062046 ], [ -103.20781227, 39.3356355 ], [ -103.23050946, 39.30791835 ], [ -103.24051437, 39.29593492 ], [ -103.25819301, 39.27521627 ], [ -103.27321647, 39.25696982 ], [ -103.28630822, 39.24251417 ], [ -103.30591857, 39.21868907 ], [ -103.31496612, 39.20981208 ], [ -103.33862066, 39.18033458 ], [ -103.34245491, 39.17710998 ], [ -103.36939134, 39.14440789 ], [ -103.37132276, 39.14114539 ], [ -103.39889933, 39.11170579 ], [ -103.40402484, 39.10318114 ], [ -103.42912685, 39.07900371 ], [ -103.43672694, 39.06624382 ], [ -103.46035387, 39.0463016 ], [ -103.46942903, 39.02853777 ], [ -103.49450416, 39.0135995 ], [ -103.50213113, 38.98987036 ], [ -103.50789927, 38.98089741 ], [ -103.50865085, 38.94819531 ], [ -103.50213113, 38.93272147 ], [ -103.49334737, 38.91549323 ], [ -103.47628351, 38.88279112 ], [ -103.46942903, 38.87470222 ], [ -103.44893994, 38.85008904 ], [ -103.43672694, 38.83787604 ], [ -103.42126419, 38.81738693 ], [ -103.40402484, 38.80077248 ], [ -103.39138403, 38.78468485 ], [ -103.37132276, 38.76518133 ], [ -103.36039944, 38.75198275 ], [ -103.33862066, 38.73138865 ], [ -103.32811225, 38.71928066 ], [ -103.30591857, 38.69846138 ], [ -103.29534532, 38.68657856 ], [ -103.27321647, 38.66621386 ], [ -103.26186624, 38.65387645 ], [ -103.24051437, 38.63446527 ], [ -103.22805425, 38.62117437 ], [ -103.20781227, 38.60290473 ], [ -103.19387981, 38.58847227 ], [ -103.17511018, 38.57184293 ], [ -103.15938264, 38.55577018 ], [ -103.14240808, 38.540789 ], [ -103.12475355, 38.52306808 ], [ -103.109706, 38.50990773 ], [ -103.08996919, 38.49036599 ], [ -103.0770039, 38.47909176 ], [ -103.05506744, 38.45766389 ], [ -103.0443018, 38.44833728 ], [ -103.0201821, 38.42496181 ], [ -103.01159971, 38.41755769 ], [ -102.98521495, 38.3922597 ], [ -102.97889761, 38.38683564 ], [ -102.94995915, 38.3595576 ], [ -102.94619551, 38.35642125 ], [ -102.91349341, 38.3272479 ], [ -102.91309118, 38.32685551 ], [ -102.88079132, 38.29847799 ], [ -102.87615346, 38.29415341 ], [ -102.84808924, 38.27051845 ], [ -102.83799089, 38.26145132 ], [ -102.81538714, 38.24294747 ], [ -102.79903348, 38.22874922 ], [ -102.78268504, 38.21569226 ], [ -102.75941624, 38.19604714 ], [ -102.74998295, 38.18867343 ], [ -102.71927881, 38.16334503 ], [ -102.71728085, 38.16181359 ], [ -102.68457875, 38.13491381 ], [ -102.67970015, 38.13064295 ], [ -102.65187665, 38.10800456 ], [ -102.64012629, 38.09794084 ], [ -102.61917456, 38.08122898 ], [ -102.60003162, 38.06523874 ], [ -102.58647248, 38.05470621 ], [ -102.55900098, 38.03253666 ], [ -102.55377038, 38.02861952 ], [ -102.52106828, 38.00300034 ], [ -102.51724887, 37.99983455 ], [ -102.48836619, 37.97739166 ], [ -102.47610914, 37.96713247 ], [ -102.45566409, 37.9503129 ], [ -102.43638172, 37.93443036 ], [ -102.42296199, 37.92311463 ], [ -102.39636275, 37.90172828 ], [ -102.39025989, 37.89667552 ], [ -102.35755779, 37.87093119 ], [ -102.35501172, 37.86902618 ], [ -102.32485572, 37.8457987 ], [ -102.31171142, 37.83632409 ], [ -102.29215362, 37.82181448 ], [ -102.26572302, 37.80362199 ], [ -102.25945152, 37.79918027 ], [ -102.22674942, 37.77730314 ], [ -102.21704939, 37.77091988 ], [ -102.19404733, 37.75515583 ], [ -102.1717381, 37.7382178 ], [ -102.16134523, 37.72981926 ], [ -102.13428384, 37.7055157 ], [ -102.12864313, 37.70016946 ], [ -102.09728364, 37.67281361 ], [ -102.09594103, 37.67161759 ], [ -102.06323896, 37.65034793 ], [ -102.03053686, 37.6420638 ], [ -101.99783476, 37.64788302 ], [ -101.96513266, 37.6618887 ], [ -101.94841997, 37.67281361 ], [ -101.93243057, 37.68315157 ], [ -101.90572254, 37.7055157 ], [ -101.89972847, 37.71060804 ], [ -101.8728552, 37.7382178 ], [ -101.86702637, 37.74466501 ], [ -101.8458067, 37.77091988 ], [ -101.83432427, 37.78504709 ], [ -101.819386, 37.80362199 ], [ -101.80162219, 37.8250418 ], [ -101.79180736, 37.83632409 ], [ -101.7689201, 37.86172621 ], [ -101.76200796, 37.86902618 ], [ -101.736218, 37.89488764 ], [ -101.72893264, 37.90172828 ], [ -101.7035159, 37.92453056 ], [ -101.69159315, 37.93443036 ], [ -101.6708138, 37.95126456 ], [ -101.64996222, 37.96713247 ], [ -101.63811171, 37.97610885 ], [ -101.60540961, 37.99949678 ], [ -101.60489806, 37.99983455 ], [ -101.57270751, 38.0214197 ], [ -101.55506501, 38.03253666 ], [ -101.54000543, 38.04243147 ], [ -101.50730334, 38.06230176 ], [ -101.50188607, 38.06523874 ], [ -101.47460124, 38.08111586 ], [ -101.44303613, 38.09794084 ], [ -101.44189914, 38.09861305 ], [ -101.40919704, 38.11503615 ], [ -101.37649495, 38.12986599 ], [ -101.37435644, 38.13064295 ], [ -101.34379285, 38.14373253 ], [ -101.31109075, 38.15611971 ], [ -101.28868413, 38.16334503 ], [ -101.27838867, 38.16769455 ], [ -101.24568658, 38.17939434 ], [ -101.21298448, 38.1924082 ], [ -101.20302355, 38.19604714 ], [ -101.18028238, 38.22261575 ], [ -101.17689722, 38.22874922 ], [ -101.17590219, 38.26145132 ], [ -101.18028238, 38.28827987 ], [ -101.18079393, 38.29415341 ], [ -101.18607135, 38.32685551 ], [ -101.1913849, 38.3595576 ], [ -101.19674334, 38.3922597 ], [ -101.19886787, 38.42496181 ], [ -101.18770233, 38.45766389 ], [ -101.18028238, 38.47542925 ], [ -101.17290146, 38.49036599 ], [ -101.16232829, 38.52306808 ], [ -101.15739233, 38.55577018 ], [ -101.15782182, 38.58847227 ], [ -101.16387991, 38.62117437 ], [ -101.17586173, 38.65387645 ], [ -101.18028238, 38.66240195 ], [ -101.1941437, 38.68657856 ], [ -101.21298448, 38.71227062 ], [ -101.21887077, 38.71928066 ], [ -101.24568658, 38.74741569 ], [ -101.25086376, 38.75198275 ], [ -101.27838867, 38.77480171 ], [ -101.29318939, 38.78468485 ], [ -101.31109075, 38.7966384 ], [ -101.34379285, 38.81582277 ], [ -101.34689486, 38.81738693 ], [ -101.37649495, 38.83280354 ], [ -101.40919704, 38.84857687 ], [ -101.41239417, 38.85008904 ], [ -101.44189914, 38.86535023 ], [ -101.47460124, 38.88125648 ], [ -101.47798327, 38.88279112 ], [ -101.50730334, 38.89657117 ], [ -101.54000543, 38.91081902 ], [ -101.55149875, 38.91549323 ], [ -101.57270751, 38.92433478 ], [ -101.60540961, 38.93726308 ], [ -101.63443405, 38.94819531 ], [ -101.63811171, 38.94964192 ], [ -101.6708138, 38.96197393 ], [ -101.7035159, 38.97388402 ], [ -101.72355837, 38.98089741 ], [ -101.736218, 38.98567777 ], [ -101.7689201, 38.99767852 ], [ -101.80162219, 39.00928032 ], [ -101.8140112, 39.0135995 ], [ -101.83432427, 39.02147198 ], [ -101.86702637, 39.03409174 ], [ -101.89882058, 39.0463016 ], [ -101.89972847, 39.04671057 ], [ -101.93243057, 39.06219975 ], [ -101.96513266, 39.07798199 ], [ -101.96716278, 39.07900371 ], [ -101.99783476, 39.09673662 ], [ -102.02450762, 39.11170579 ], [ -102.03053686, 39.11546465 ], [ -102.06323896, 39.13547954 ], [ -102.07815812, 39.14440789 ], [ -102.09594103, 39.15582927 ], [ -102.12864313, 39.1760311 ], [ -102.13048397, 39.17710998 ], [ -102.16134523, 39.1945232 ], [ -102.19404733, 39.20657489 ], [ -102.21466824, 39.20981208 ], [ -102.22674942, 39.21169681 ], [ -102.25945152, 39.2128092 ], [ -102.29215362, 39.21070514 ], [ -102.29753668, 39.20981208 ], [ -102.32485572, 39.20616734 ], [ -102.35755779, 39.19942299 ], [ -102.39025989, 39.19079588 ], [ -102.42296199, 39.18096989 ], [ -102.43766841, 39.17710998 ], [ -102.45566409, 39.17345606 ], [ -102.48836619, 39.17142902 ], [ -102.52106828, 39.17473822 ], [ -102.5282456, 39.17710998 ], [ -102.55377038, 39.18617861 ], [ -102.58647248, 39.20740413 ], [ -102.58884189, 39.20981208 ], [ -102.6185003, 39.24251417 ], [ -102.61917456, 39.24338481 ], [ -102.64009094, 39.27521627 ], [ -102.64157011, 39.30791835 ], [ -102.62254251, 39.34062046 ], [ -102.61917456, 39.34397522 ], [ -102.59005552, 39.37332256 ], [ -102.58647248, 39.37680407 ], [ -102.55600477, 39.40602465 ], [ -102.55377038, 39.40842619 ], [ -102.52106828, 39.43587593 ], [ -102.51722572, 39.43872675 ], [ -102.48836619, 39.46211487 ], [ -102.47551837, 39.47142883 ], [ -102.45566409, 39.48899765 ], [ -102.43480266, 39.50413094 ], [ -102.42296199, 39.51555623 ], [ -102.3943957, 39.53683302 ], [ -102.39025989, 39.5412527 ], [ -102.35755779, 39.56642187 ], [ -102.35125838, 39.56953513 ], [ -102.32485572, 39.59113711 ], [ -102.2987887, 39.60223721 ], [ -102.29215362, 39.60872634 ], [ -102.25945152, 39.6164846 ], [ -102.23857672, 39.63493932 ], [ -102.23044283, 39.66764142 ], [ -102.25025387, 39.7003435 ], [ -102.25945152, 39.72049637 ], [ -102.26136065, 39.73304561 ], [ -102.25945152, 39.73670483 ], [ -102.24110954, 39.76574769 ], [ -102.22674942, 39.77950491 ], [ -102.20913657, 39.7984498 ], [ -102.19404733, 39.80954992 ], [ -102.17648268, 39.83115188 ], [ -102.16134523, 39.84370777 ], [ -102.14686702, 39.86385398 ], [ -102.12864313, 39.88537501 ], [ -102.12191253, 39.89655607 ], [ -102.10070008, 39.92925817 ], [ -102.09594103, 39.93571613 ], [ -102.08152424, 39.96196028 ], [ -102.06378162, 39.99466236 ], [ -102.06323896, 39.99555272 ], [ -102.047992, 40.02736446 ], [ -102.03259975, 40.06006655 ], [ -102.03053686, 40.06407186 ], [ -102.01848479, 40.09276865 ], [ -102.00453048, 40.12547074 ], [ -101.99783476, 40.14038031 ], [ -101.99098581, 40.15817284 ], [ -101.97772439, 40.19087492 ], [ -101.96513266, 40.22092759 ], [ -101.96412006, 40.22357703 ], [ -101.95064002, 40.25627913 ], [ -101.93646272, 40.28898122 ], [ -101.93243057, 40.2977287 ], [ -101.92150582, 40.32168332 ], [ -101.90544859, 40.3543854 ], [ -101.89972847, 40.36435655 ], [ -101.87593408, 40.38708751 ], [ -101.86702637, 40.39053036 ], [ -101.83432427, 40.39429107 ], [ -101.80162219, 40.39454156 ], [ -101.7689201, 40.39746429 ], [ -101.736218, 40.40537926 ], [ -101.7035159, 40.41595015 ], [ -101.69175121, 40.41978959 ], [ -101.6708138, 40.43083605 ], [ -101.63811171, 40.44665179 ], [ -101.6241361, 40.4524917 ], [ -101.60540961, 40.46341888 ], [ -101.57270751, 40.48095259 ], [ -101.56401815, 40.48519378 ], [ -101.54000543, 40.499483 ], [ -101.50730334, 40.51730262 ], [ -101.50610219, 40.51789589 ], [ -101.47460124, 40.53554698 ], [ -101.44597975, 40.55059799 ], [ -101.44189914, 40.55298684 ], [ -101.40919704, 40.57074637 ], [ -101.38523981, 40.58330007 ], [ -101.37649495, 40.58834671 ], [ -101.34379285, 40.60630867 ], [ -101.32561758, 40.61600218 ], [ -101.31109075, 40.62442788 ], [ -101.27838867, 40.64283332 ], [ -101.26770412, 40.64870426 ], [ -101.24568658, 40.66182755 ], [ -101.21298448, 40.68093132 ], [ -101.21212536, 40.68140637 ], [ -101.18028238, 40.70047154 ], [ -101.15701018, 40.71410845 ], [ -101.14758028, 40.72009139 ], [ -101.11487819, 40.74032418 ], [ -101.10430942, 40.74681055 ], [ -101.08217609, 40.76150889 ], [ -101.05522272, 40.77951264 ], [ -101.04947399, 40.783678 ], [ -101.01677191, 40.80725983 ], [ -101.00987786, 40.81221474 ], [ -100.98406981, 40.83228756 ], [ -100.96803149, 40.84491685 ], [ -100.95136772, 40.85921261 ], [ -100.92991252, 40.87761893 ], [ -100.91866562, 40.88809445 ], [ -100.89480237, 40.91032103 ], [ -100.88596352, 40.91926978 ], [ -100.86206281, 40.94302312 ], [ -100.85326142, 40.95234906 ], [ -100.83063396, 40.97572522 ], [ -100.82055933, 40.98679344 ], [ -100.80021491, 41.00842731 ], [ -100.78785723, 41.02224944 ], [ -100.77039994, 41.04112941 ], [ -100.75515515, 41.05838307 ], [ -100.74081819, 41.07383149 ], [ -100.72245305, 41.09475547 ], [ -100.71156726, 41.1065336 ], [ -100.68975096, 41.1309391 ], [ -100.68179137, 41.1392357 ], [ -100.65704886, 41.16616612 ], [ -100.65132787, 41.17193779 ], [ -100.62434676, 41.19990091 ], [ -100.6193823, 41.20463989 ], [ -100.59164466, 41.23185861 ], [ -100.58540278, 41.23734197 ], [ -100.55894257, 41.26125781 ], [ -100.54779867, 41.27004408 ], [ -100.52624047, 41.28754665 ], [ -100.50431132, 41.30274616 ], [ -100.49353839, 41.3103641 ], [ -100.46083629, 41.32899072 ], [ -100.44634508, 41.33544827 ], [ -100.42813419, 41.34372675 ], [ -100.3954321, 41.35438354 ], [ -100.36273, 41.36062296 ], [ -100.3300279, 41.36261522 ], [ -100.2973258, 41.36029529 ], [ -100.26462371, 41.35432024 ], [ -100.23192163, 41.34443696 ], [ -100.20984026, 41.33544827 ], [ -100.19921953, 41.33137699 ], [ -100.16651743, 41.31525813 ], [ -100.14514331, 41.30274616 ], [ -100.13381534, 41.29647237 ], [ -100.10111324, 41.27518375 ], [ -100.09415655, 41.27004408 ], [ -100.06841114, 41.25209458 ], [ -100.04936744, 41.23734197 ], [ -100.03570904, 41.22732603 ], [ -100.00735098, 41.20463989 ], [ -100.00300695, 41.20136141 ], [ -99.97030487, 41.17454217 ], [ -99.96737938, 41.17193779 ], [ -99.93760277, 41.14695288 ], [ -99.92899513, 41.1392357 ], [ -99.90490067, 41.11880781 ], [ -99.89121301, 41.1065336 ], [ -99.87219858, 41.09036163 ], [ -99.85376827, 41.07383149 ], [ -99.83949648, 41.06177645 ], [ -99.81625491, 41.04112941 ], [ -99.80679438, 41.03315108 ], [ -99.77870521, 41.00842731 ], [ -99.77409228, 41.00459662 ], [ -99.74139018, 40.9767103 ], [ -99.74030761, 40.97572522 ], [ -99.70868809, 40.94805202 ], [ -99.70306105, 40.94302312 ], [ -99.67598601, 40.92009051 ], [ -99.66479715, 40.91032103 ], [ -99.64328391, 40.89253229 ], [ -99.62584361, 40.87761893 ], [ -99.61058181, 40.86530791 ], [ -99.58611292, 40.84491685 ], [ -99.57787972, 40.8384238 ], [ -99.54580121, 40.81221474 ], [ -99.54517762, 40.81173406 ], [ -99.51247552, 40.78546389 ], [ -99.50530151, 40.77951264 ], [ -99.47977342, 40.75947482 ], [ -99.46406984, 40.74681055 ], [ -99.44707133, 40.7338343 ], [ -99.42206401, 40.71410845 ], [ -99.41436925, 40.70837446 ], [ -99.38166715, 40.68313608 ], [ -99.37953677, 40.68140637 ], [ -99.34896505, 40.65787917 ], [ -99.3376196, 40.64870426 ], [ -99.31626296, 40.63232362 ], [ -99.29632381, 40.61600218 ], [ -99.28356086, 40.6060476 ], [ -99.2568206, 40.58330007 ], [ -99.25085876, 40.57840158 ], [ -99.22113781, 40.55059799 ], [ -99.21815666, 40.54782496 ], [ -99.19032762, 40.51789589 ], [ -99.18545457, 40.51361606 ], [ -99.15275249, 40.48667084 ], [ -99.15086557, 40.48519378 ], [ -99.12005039, 40.46791672 ], [ -99.08820302, 40.4524917 ], [ -99.08734829, 40.45220849 ], [ -99.05464619, 40.44180749 ], [ -99.0219441, 40.43285036 ], [ -98.989242, 40.42508882 ], [ -98.96376804, 40.41978959 ], [ -98.9565399, 40.41882873 ], [ -98.9238378, 40.41494371 ], [ -98.89113573, 40.41194259 ], [ -98.85843363, 40.40985551 ], [ -98.82573153, 40.40834795 ], [ -98.79302943, 40.40709831 ], [ -98.76032734, 40.40659103 ], [ -98.72762524, 40.40709012 ], [ -98.69492314, 40.40784358 ], [ -98.66222104, 40.40937918 ], [ -98.62951897, 40.41034838 ], [ -98.59681687, 40.40909217 ], [ -98.56411477, 40.40231015 ], [ -98.54123196, 40.38708751 ], [ -98.53141267, 40.37681776 ], [ -98.506975, 40.3543854 ], [ -98.49871058, 40.34744623 ], [ -98.46600848, 40.33011023 ], [ -98.43330638, 40.32388469 ], [ -98.40060428, 40.32706731 ], [ -98.3679022, 40.337366 ], [ -98.33520011, 40.35269525 ], [ -98.33135153, 40.3543854 ], [ -98.30249801, 40.36588123 ], [ -98.26979591, 40.37083326 ], [ -98.23709381, 40.37263665 ], [ -98.20439172, 40.37304957 ], [ -98.17168962, 40.37280738 ], [ -98.13898752, 40.37267638 ], [ -98.10628544, 40.37315132 ], [ -98.07358335, 40.37427609 ], [ -98.04088125, 40.37669838 ], [ -98.00817915, 40.38053354 ], [ -97.97547705, 40.38577229 ], [ -97.96867817, 40.38708751 ], [ -97.94277496, 40.39373971 ], [ -97.91007286, 40.40374248 ], [ -97.87737076, 40.41560085 ], [ -97.86704401, 40.41978959 ], [ -97.84466868, 40.43055108 ], [ -97.81196658, 40.44769916 ], [ -97.80341242, 40.4524917 ], [ -97.77926449, 40.46764565 ], [ -97.75261181, 40.48519378 ], [ -97.74656239, 40.48952777 ], [ -97.71386029, 40.51358012 ], [ -97.70814159, 40.51789589 ], [ -97.68115819, 40.53941391 ], [ -97.66736476, 40.55059799 ], [ -97.6484561, 40.56658115 ], [ -97.6288465, 40.58330007 ], [ -97.615754, 40.59542905 ], [ -97.593213, 40.61600218 ], [ -97.58305192, 40.62628523 ], [ -97.5605248, 40.64870426 ], [ -97.55034982, 40.65967277 ], [ -97.52984249, 40.68140637 ], [ -97.51764773, 40.69529296 ], [ -97.50077968, 40.71410845 ], [ -97.48494563, 40.73298331 ], [ -97.47312895, 40.74681055 ], [ -97.45224353, 40.77261008 ], [ -97.44655415, 40.77951264 ], [ -97.42083705, 40.81221474 ], [ -97.41954143, 40.81393604 ], [ -97.39586028, 40.84491685 ], [ -97.38683934, 40.85705186 ], [ -97.37133788, 40.87761893 ], [ -97.35413724, 40.90098586 ], [ -97.34716878, 40.91032103 ], [ -97.32325204, 40.94302312 ], [ -97.32143516, 40.94556877 ], [ -97.29965711, 40.97572522 ], [ -97.28873306, 40.99099776 ], [ -97.27612964, 41.00842731 ], [ -97.25603097, 41.03641516 ], [ -97.25260801, 41.04112941 ], [ -97.22919013, 41.07383149 ], [ -97.22332887, 41.08205783 ], [ -97.20572467, 41.1065336 ], [ -97.19062677, 41.12755578 ], [ -97.18215825, 41.1392357 ], [ -97.15839352, 41.17193779 ], [ -97.15792467, 41.17258888 ], [ -97.13466639, 41.20463989 ], [ -97.12522257, 41.21759477 ], [ -97.11069866, 41.23734197 ], [ -97.09252048, 41.2619084 ], [ -97.08645303, 41.27004408 ], [ -97.06198559, 41.30274616 ], [ -97.0598184, 41.3056436 ], [ -97.0373427, 41.33544827 ], [ -97.0271163, 41.34888423 ], [ -97.012366, 41.36815035 ], [ -96.9944142, 41.39138373 ], [ -96.98704593, 41.40085246 ], [ -96.96171211, 41.43311281 ], [ -96.96136231, 41.43355454 ], [ -96.93535874, 41.46625664 ], [ -96.92901001, 41.47413416 ], [ -96.9088285, 41.49895875 ], [ -96.89630791, 41.5141732 ], [ -96.88178985, 41.53166083 ], [ -96.86360581, 41.55326959 ], [ -96.85418775, 41.56436294 ], [ -96.83090372, 41.57254127 ], [ -96.82272539, 41.56436294 ], [ -96.79820164, 41.53984687 ], [ -96.7900156, 41.53166083 ], [ -96.76549954, 41.50715295 ], [ -96.73279744, 41.5071575 ], [ -96.73279744, 41.50713593 ], [ -96.74473685, 41.49895875 ], [ -96.76549954, 41.47517734 ], [ -96.77322825, 41.46625664 ], [ -96.79820164, 41.43713691 ], [ -96.80124721, 41.43355454 ], [ -96.82882618, 41.40085246 ], [ -96.83090372, 41.39837509 ], [ -96.85603845, 41.36815035 ], [ -96.86360581, 41.35896959 ], [ -96.88285275, 41.33544827 ], [ -96.89630791, 41.31887884 ], [ -96.90932724, 41.30274616 ], [ -96.92901001, 41.27826257 ], [ -96.93557641, 41.27004408 ], [ -96.96150014, 41.23734197 ], [ -96.96171211, 41.23707745 ], [ -96.98763303, 41.20463989 ], [ -96.9944142, 41.1961085 ], [ -97.01347518, 41.17193779 ], [ -97.0271163, 41.1546397 ], [ -97.03916894, 41.1392357 ], [ -97.0598184, 41.11291044 ], [ -97.06477199, 41.1065336 ], [ -97.09033131, 41.07383149 ], [ -97.09252048, 41.07106514 ], [ -97.11596798, 41.04112941 ], [ -97.12522257, 41.029425 ], [ -97.14164211, 41.00842731 ], [ -97.15792467, 40.98779893 ], [ -97.16735072, 40.97572522 ], [ -97.19062677, 40.94635627 ], [ -97.19323284, 40.94302312 ], [ -97.21935602, 40.91032103 ], [ -97.22332887, 40.90546722 ], [ -97.24582813, 40.87761893 ], [ -97.25603097, 40.86531828 ], [ -97.27269479, 40.84491685 ], [ -97.28873306, 40.82587436 ], [ -97.30006469, 40.81221474 ], [ -97.32143516, 40.78742748 ], [ -97.3281413, 40.77951264 ], [ -97.35413724, 40.75016801 ], [ -97.35705878, 40.74681055 ], [ -97.38683934, 40.71438924 ], [ -97.38709255, 40.71410845 ], [ -97.41853191, 40.68140637 ], [ -97.41954143, 40.68041806 ], [ -97.45132694, 40.64870426 ], [ -97.45224353, 40.64784826 ], [ -97.48494563, 40.61680026 ], [ -97.485773, 40.61600218 ], [ -97.51764773, 40.58728911 ], [ -97.52206939, 40.58330007 ], [ -97.55034982, 40.55845717 ], [ -97.55937748, 40.55059799 ], [ -97.58305192, 40.53054131 ], [ -97.59819546, 40.51789589 ], [ -97.615754, 40.50376678 ], [ -97.63934078, 40.48519378 ], [ -97.6484561, 40.4783693 ], [ -97.68115819, 40.45467514 ], [ -97.68427177, 40.4524917 ], [ -97.71386029, 40.43326154 ], [ -97.73589348, 40.41978959 ], [ -97.74656239, 40.41389333 ], [ -97.77926449, 40.3972362 ], [ -97.80149048, 40.38708751 ], [ -97.81196658, 40.38296574 ], [ -97.84466868, 40.37176409 ], [ -97.87737076, 40.36274693 ], [ -97.91007286, 40.3559026 ], [ -97.91986817, 40.3543854 ], [ -97.94277496, 40.35166783 ], [ -97.97547705, 40.34925503 ], [ -98.00817915, 40.34796844 ], [ -98.04088125, 40.34693575 ], [ -98.07358335, 40.34544505 ], [ -98.10628544, 40.34427828 ], [ -98.13898752, 40.34361414 ], [ -98.17168962, 40.34337234 ], [ -98.20439172, 40.34279658 ], [ -98.23709381, 40.34120088 ], [ -98.26979591, 40.33772122 ], [ -98.30249801, 40.32985692 ], [ -98.31925826, 40.32168332 ], [ -98.33520011, 40.31323438 ], [ -98.3679022, 40.29753584 ], [ -98.39245596, 40.28898122 ], [ -98.40060428, 40.28588605 ], [ -98.43330638, 40.2803472 ], [ -98.46600848, 40.28414788 ], [ -98.47642833, 40.28898122 ], [ -98.49871058, 40.29916345 ], [ -98.52667189, 40.32168332 ], [ -98.53141267, 40.32562832 ], [ -98.55804846, 40.3543854 ], [ -98.56411477, 40.360709 ], [ -98.59681687, 40.38222275 ], [ -98.6216868, 40.38708751 ], [ -98.62951897, 40.38814456 ], [ -98.66222104, 40.3894329 ], [ -98.69492314, 40.38884046 ], [ -98.72468326, 40.38708751 ], [ -98.72762524, 40.38692638 ], [ -98.76032734, 40.38451373 ], [ -98.79302943, 40.38319771 ], [ -98.82573153, 40.3822963 ], [ -98.85843363, 40.38125844 ], [ -98.89113573, 40.38008062 ], [ -98.9238378, 40.37925092 ], [ -98.9565399, 40.37875747 ], [ -98.989242, 40.37849312 ], [ -99.0219441, 40.37835551 ], [ -99.05464619, 40.37825471 ], [ -99.08734829, 40.37810726 ], [ -99.12005039, 40.37783051 ], [ -99.15275249, 40.37731574 ], [ -99.18545457, 40.37646113 ], [ -99.21815666, 40.3752219 ], [ -99.25085876, 40.37351979 ], [ -99.28356086, 40.37129334 ], [ -99.31626296, 40.36841404 ], [ -99.34896505, 40.36479983 ], [ -99.38166715, 40.36022462 ], [ -99.41436925, 40.35480235 ], [ -99.41680049, 40.3543854 ], [ -99.44707133, 40.3488863 ], [ -99.47977342, 40.34070254 ], [ -99.51247552, 40.32959023 ], [ -99.53349465, 40.32168332 ], [ -99.54517762, 40.31584184 ], [ -99.57787972, 40.29652998 ], [ -99.59094933, 40.28898122 ], [ -99.61058181, 40.26991602 ], [ -99.62575798, 40.25627913 ], [ -99.63175479, 40.22357703 ], [ -99.6185446, 40.19087492 ], [ -99.61058181, 40.1760735 ], [ -99.60511756, 40.15817284 ], [ -99.58988388, 40.12547074 ], [ -99.57787972, 40.10586932 ], [ -99.57210463, 40.09276865 ], [ -99.55249158, 40.06006655 ], [ -99.54517762, 40.05059945 ], [ -99.53070513, 40.02736446 ], [ -99.51247552, 40.00445846 ], [ -99.50586631, 39.99466236 ], [ -99.47977342, 39.96376676 ], [ -99.47842592, 39.96196028 ], [ -99.44893661, 39.92925817 ], [ -99.44707133, 39.9274725 ], [ -99.41643821, 39.89655607 ], [ -99.41436925, 39.89473931 ], [ -99.38166715, 39.86709852 ], [ -99.37763787, 39.86385398 ], [ -99.34896505, 39.84273765 ], [ -99.33206173, 39.83115188 ], [ -99.31626296, 39.82086942 ], [ -99.28356086, 39.80116083 ], [ -99.27880781, 39.7984498 ], [ -99.25085876, 39.78284563 ], [ -99.21815666, 39.76641114 ], [ -99.21676601, 39.76574769 ], [ -99.18545457, 39.75079736 ], [ -99.15275249, 39.7369232 ], [ -99.14282528, 39.73304561 ], [ -99.12005039, 39.7239558 ], [ -99.08734829, 39.71298681 ], [ -99.05464619, 39.70476754 ], [ -99.02917352, 39.7003435 ], [ -99.0219441, 39.69893723 ], [ -98.989242, 39.69550497 ], [ -98.9565399, 39.6955557 ], [ -98.9238378, 39.69979016 ], [ -98.92189763, 39.7003435 ], [ -98.89113573, 39.70796525 ], [ -98.85843363, 39.7224643 ], [ -98.84300706, 39.73304561 ], [ -98.82573153, 39.7451262 ], [ -98.80459487, 39.76574769 ], [ -98.79302943, 39.77786743 ], [ -98.77764535, 39.7984498 ], [ -98.76032734, 39.82421349 ], [ -98.75636279, 39.83115188 ], [ -98.73860106, 39.86385398 ], [ -98.72762524, 39.88554366 ], [ -98.72204347, 39.89655607 ], [ -98.70132742, 39.92925817 ], [ -98.69492314, 39.93813106 ], [ -98.6759656, 39.96196028 ], [ -98.66222104, 39.97652038 ], [ -98.63789202, 39.99466236 ], [ -98.62951897, 39.99995031 ], [ -98.59681687, 40.01655267 ], [ -98.56878235, 40.02736446 ], [ -98.56411477, 40.02937171 ], [ -98.53141267, 40.03654545 ], [ -98.49871058, 40.03497615 ], [ -98.47887911, 40.02736446 ], [ -98.46600848, 40.02241484 ], [ -98.43330638, 39.99919448 ], [ -98.42877267, 39.99466236 ], [ -98.40781293, 39.96196028 ], [ -98.40060428, 39.93883348 ], [ -98.3978672, 39.92925817 ], [ -98.39027126, 39.89655607 ], [ -98.38474161, 39.86385398 ], [ -98.38218823, 39.83115188 ], [ -98.3789713, 39.7984498 ], [ -98.37444789, 39.76574769 ], [ -98.36837654, 39.73304561 ], [ -98.3679022, 39.73088182 ], [ -98.3604314, 39.7003435 ], [ -98.3502817, 39.66764142 ], [ -98.33715484, 39.63493932 ], [ -98.33520011, 39.63068788 ], [ -98.32045905, 39.60223721 ], [ -98.30249801, 39.57412796 ], [ -98.29913097, 39.56953513 ], [ -98.27244792, 39.53683302 ], [ -98.26979591, 39.53378477 ], [ -98.23926291, 39.50413094 ], [ -98.23709381, 39.50212869 ], [ -98.20439172, 39.4765413 ], [ -98.19638309, 39.47142883 ], [ -98.17168962, 39.4555935 ], [ -98.13898752, 39.43888992 ], [ -98.13860637, 39.43872675 ], [ -98.10628544, 39.42422943 ], [ -98.07358335, 39.41251258 ], [ -98.05066131, 39.40602465 ], [ -98.04088125, 39.40300823 ], [ -98.00817915, 39.39552884 ], [ -97.97547705, 39.38963372 ], [ -97.94277496, 39.38510772 ], [ -97.91007286, 39.38225736 ], [ -97.87737076, 39.38151599 ], [ -97.84466868, 39.38292826 ], [ -97.81196658, 39.38673161 ], [ -97.77926449, 39.39313362 ], [ -97.74656239, 39.40242115 ], [ -97.73672069, 39.40602465 ], [ -97.71386029, 39.41372874 ], [ -97.68115819, 39.4270151 ], [ -97.65632775, 39.43872675 ], [ -97.6484561, 39.4420668 ], [ -97.615754, 39.45710485 ], [ -97.58616823, 39.47142883 ], [ -97.58305192, 39.47277446 ], [ -97.55034982, 39.48690026 ], [ -97.51764773, 39.50063626 ], [ -97.50869968, 39.50413094 ], [ -97.48494563, 39.51234116 ], [ -97.45224353, 39.52145053 ], [ -97.41954143, 39.52820309 ], [ -97.38683934, 39.53291385 ], [ -97.35413724, 39.53606271 ], [ -97.34167524, 39.53683302 ], [ -97.32143516, 39.53799298 ], [ -97.28873306, 39.53896931 ], [ -97.25603097, 39.53914906 ], [ -97.22332887, 39.53847381 ], [ -97.19062677, 39.53713807 ], [ -97.18520953, 39.53683302 ], [ -97.15792467, 39.53518416 ], [ -97.12522257, 39.53278533 ], [ -97.09252048, 39.53008139 ], [ -97.0598184, 39.52714717 ], [ -97.0271163, 39.52401969 ], [ -96.9944142, 39.52075485 ], [ -96.96171211, 39.51731332 ], [ -96.92901001, 39.51363501 ], [ -96.89630791, 39.50960715 ], [ -96.86360581, 39.5050926 ], [ -96.85742494, 39.50413094 ], [ -96.83090372, 39.49942936 ], [ -96.79820164, 39.494461 ], [ -96.76549954, 39.49106634 ], [ -96.73279744, 39.4883116 ], [ -96.70009535, 39.485527 ], [ -96.66739325, 39.48189305 ], [ -96.63469115, 39.47623936 ], [ -96.61743144, 39.47142883 ], [ -96.60198905, 39.46650337 ], [ -96.56928696, 39.45063895 ], [ -96.55280395, 39.43872675 ], [ -96.53658488, 39.42639809 ], [ -96.51852944, 39.40602465 ], [ -96.50388278, 39.38895968 ], [ -96.49382447, 39.37332256 ], [ -96.47118068, 39.34384359 ], [ -96.46838257, 39.34062046 ], [ -96.43847858, 39.30999151 ], [ -96.43641792, 39.30791835 ], [ -96.40854727, 39.27521627 ], [ -96.40577649, 39.27150259 ], [ -96.38038589, 39.24251417 ], [ -96.37307439, 39.23501188 ], [ -96.34516521, 39.20981208 ], [ -96.34037229, 39.20495743 ], [ -96.31119221, 39.17710998 ], [ -96.30767019, 39.17336267 ], [ -96.27890307, 39.14440789 ], [ -96.27496812, 39.14019423 ], [ -96.24750966, 39.11170579 ], [ -96.24226602, 39.1060042 ], [ -96.2171653, 39.07900371 ], [ -96.20956392, 39.07047947 ], [ -96.18811952, 39.0463016 ], [ -96.17686182, 39.03304584 ], [ -96.16063073, 39.0135995 ], [ -96.14415973, 38.99298335 ], [ -96.13472838, 38.98089741 ], [ -96.11145763, 38.94978929 ], [ -96.11029526, 38.94819531 ], [ -96.0875169, 38.91549323 ], [ -96.07875553, 38.90254967 ], [ -96.06579497, 38.88279112 ], [ -96.04605343, 38.85217458 ], [ -96.04474275, 38.85008904 ], [ -96.02445405, 38.81738693 ], [ -96.01335136, 38.79959253 ], [ -96.00424792, 38.78468485 ], [ -95.98389129, 38.75198275 ], [ -95.98064926, 38.74693756 ], [ -95.9631258, 38.71928066 ], [ -95.94794716, 38.69645959 ], [ -95.94134433, 38.68657856 ], [ -95.91815001, 38.65387645 ], [ -95.91524506, 38.65006426 ], [ -95.89288994, 38.62117437 ], [ -95.88254297, 38.6087757 ], [ -95.8651222, 38.58847227 ], [ -95.84984087, 38.5720448 ], [ -95.83410456, 38.55577018 ], [ -95.81713877, 38.53972309 ], [ -95.79825709, 38.52306808 ], [ -95.78443667, 38.51226815 ], [ -95.75278129, 38.49036599 ], [ -95.75173457, 38.48972574 ], [ -95.7190325, 38.47173276 ], [ -95.69147455, 38.45766389 ], [ -95.6863304, 38.45515696 ], [ -95.6536283, 38.43933302 ], [ -95.62421285, 38.42496181 ], [ -95.6209262, 38.42334469 ], [ -95.58822411, 38.40696456 ], [ -95.56027717, 38.3922597 ], [ -95.55552201, 38.38969042 ], [ -95.52281991, 38.37086289 ], [ -95.50518506, 38.3595576 ], [ -95.49011781, 38.3491385 ], [ -95.46276682, 38.32685551 ], [ -95.45741574, 38.32179991 ], [ -95.43403538, 38.29415341 ], [ -95.42471364, 38.27910114 ], [ -95.41652623, 38.26145132 ], [ -95.40800676, 38.22874922 ], [ -95.40549128, 38.19604714 ], [ -95.40699835, 38.16334503 ], [ -95.41168969, 38.13064295 ], [ -95.41927425, 38.09794084 ], [ -95.42471364, 38.08153729 ], [ -95.4296257, 38.06523874 ], [ -95.44231684, 38.03253666 ], [ -95.45741574, 38.00120741 ], [ -95.45801047, 37.99983455 ], [ -95.47337382, 37.96713247 ], [ -95.49011781, 37.93491241 ], [ -95.49036297, 37.93443036 ], [ -95.50779197, 37.90172828 ], [ -95.52281991, 37.87467265 ], [ -95.52604619, 37.86902618 ], [ -95.54553428, 37.83632409 ], [ -95.55552201, 37.82089415 ], [ -95.5673121, 37.80362199 ], [ -95.58822411, 37.77726722 ], [ -95.59369258, 37.77091988 ], [ -95.6209262, 37.74386318 ], [ -95.62613746, 37.7382178 ], [ -95.6536283, 37.70914788 ], [ -95.65684742, 37.7055157 ], [ -95.68297925, 37.67281361 ], [ -95.6863304, 37.66760864 ], [ -95.70658688, 37.64011151 ], [ -95.7190325, 37.61985574 ], [ -95.72883456, 37.60740942 ], [ -95.75048808, 37.57470732 ], [ -95.75173457, 37.5727557 ], [ -95.77735664, 37.54200524 ], [ -95.78443667, 37.53424018 ], [ -95.81713877, 37.51097357 ], [ -95.835541, 37.50930313 ], [ -95.84984087, 37.50849015 ], [ -95.85233825, 37.50930313 ], [ -95.88254297, 37.5204551 ], [ -95.91524506, 37.5366429 ], [ -95.92432909, 37.54200524 ], [ -95.94794716, 37.56157081 ], [ -95.96367874, 37.57470732 ], [ -95.98064926, 37.59442098 ], [ -95.99218806, 37.60740942 ], [ -96.01125713, 37.64011151 ], [ -96.01335136, 37.6458503 ], [ -96.0230616, 37.67281361 ], [ -96.03658498, 37.7055157 ], [ -96.04605343, 37.71910601 ], [ -96.06075702, 37.7382178 ], [ -96.07875553, 37.75854436 ], [ -96.09057239, 37.77091988 ], [ -96.11145763, 37.79118376 ], [ -96.12515214, 37.80362199 ], [ -96.14415973, 37.8196291 ], [ -96.16623358, 37.83632409 ], [ -96.17686182, 37.84363427 ], [ -96.20956392, 37.85849729 ], [ -96.24226602, 37.86766841 ], [ -96.25364249, 37.86902618 ], [ -96.27496812, 37.87138721 ], [ -96.30767019, 37.87049451 ], [ -96.31800356, 37.86902618 ], [ -96.34037229, 37.8652369 ], [ -96.37307439, 37.8562964 ], [ -96.40577649, 37.84405224 ], [ -96.42250668, 37.83632409 ], [ -96.43847858, 37.82703107 ], [ -96.47069018, 37.80362199 ], [ -96.47118068, 37.80312712 ], [ -96.50121764, 37.77091988 ], [ -96.50388278, 37.76708718 ], [ -96.52436446, 37.7382178 ], [ -96.53658488, 37.71283389 ], [ -96.54029603, 37.7055157 ], [ -96.55082719, 37.67281361 ], [ -96.55582533, 37.64011151 ], [ -96.5496512, 37.60740942 ], [ -96.54098987, 37.57470732 ], [ -96.53658488, 37.55068906 ], [ -96.53510108, 37.54200524 ], [ -96.52777627, 37.50930313 ], [ -96.51669862, 37.47660103 ], [ -96.50388278, 37.44721214 ], [ -96.50266776, 37.44389894 ], [ -96.48818646, 37.41119684 ], [ -96.47264871, 37.37849476 ], [ -96.47118068, 37.3756271 ], [ -96.45744197, 37.34579265 ], [ -96.44415371, 37.31309057 ], [ -96.44555811, 37.28038846 ], [ -96.45715476, 37.24768638 ], [ -96.47118068, 37.22093782 ], [ -96.47416503, 37.21498427 ], [ -96.49370204, 37.18228217 ], [ -96.50388278, 37.16390405 ], [ -96.51205189, 37.14958009 ], [ -96.52559371, 37.11687798 ], [ -96.53495403, 37.0841759 ], [ -96.53658488, 37.07473283 ], [ -96.5406996, 37.05147379 ], [ -96.54362362, 37.01877171 ], [ -96.54421179, 36.98606961 ], [ -96.54285085, 36.95336752 ], [ -96.53979542, 36.92066542 ], [ -96.53658488, 36.89697917 ], [ -96.53528819, 36.88796331 ], [ -96.52941402, 36.85526123 ], [ -96.522472, 36.82255913 ], [ -96.51456487, 36.78985704 ], [ -96.50583281, 36.75715494 ], [ -96.50388278, 36.7503451 ], [ -96.49617969, 36.72445285 ], [ -96.48575526, 36.69175075 ], [ -96.47470834, 36.65904867 ], [ -96.47118068, 36.6490778 ], [ -96.46288387, 36.62634656 ], [ -96.45047347, 36.59364446 ], [ -96.43847858, 36.56347802 ], [ -96.43744048, 36.56094237 ], [ -96.42385405, 36.52824027 ], [ -96.40988047, 36.49553819 ], [ -96.40577649, 36.48610936 ], [ -96.39536575, 36.46283608 ], [ -96.38040963, 36.430134 ], [ -96.37307439, 36.41433953 ], [ -96.36496387, 36.39743189 ], [ -96.34895026, 36.36472981 ], [ -96.34037229, 36.34743814 ], [ -96.33239923, 36.3320277 ], [ -96.31523789, 36.29932562 ], [ -96.30767019, 36.28504753 ], [ -96.29752725, 36.26662352 ], [ -96.27935989, 36.23392141 ], [ -96.27496812, 36.22606065 ], [ -96.26062141, 36.20121933 ], [ -96.24226602, 36.16956022 ], [ -96.24164311, 36.16851722 ], [ -96.22203014, 36.13581514 ], [ -96.20956392, 36.11510255 ], [ -96.20215697, 36.10311304 ], [ -96.1819364, 36.07041095 ], [ -96.17686182, 36.06223201 ], [ -96.16126712, 36.03770885 ], [ -96.14415973, 36.01091123 ], [ -96.14031355, 36.00500676 ], [ -96.11900485, 35.97230466 ], [ -96.11145763, 35.96079128 ], [ -96.09731332, 35.93960256 ], [ -96.07875553, 35.911911 ], [ -96.07533502, 35.90690047 ], [ -96.05301588, 35.87419837 ], [ -96.04605343, 35.86405608 ], [ -96.03035438, 35.84149628 ], [ -96.01335136, 35.81725372 ], [ -96.00733573, 35.80879418 ], [ -95.98403721, 35.7760921 ], [ -95.98064926, 35.77137557 ], [ -95.96031746, 35.74338999 ], [ -95.94794716, 35.72649506 ], [ -95.93623977, 35.71068791 ], [ -95.91524506, 35.68245105 ], [ -95.90706842, 35.71068791 ], [ -95.90704684, 35.71068791 ], [ -95.90704813, 35.6779858 ], [ -95.91524506, 35.66978889 ], [ -95.93975322, 35.6452837 ], [ -95.94794716, 35.63708977 ], [ -95.97245822, 35.61258162 ], [ -95.98064926, 35.60439057 ], [ -96.00516309, 35.57987951 ], [ -96.0051642, 35.54717743 ], [ -96.01335136, 35.53899027 ], [ -96.0378688, 35.51447532 ], [ -96.04605343, 35.5062907 ], [ -96.0705732, 35.48177324 ], [ -96.07057408, 35.44907114 ], [ -96.07875553, 35.44088969 ], [ -96.10327819, 35.41636905 ], [ -96.11145763, 35.4081896 ], [ -96.13598206, 35.38366695 ], [ -96.13598269, 35.35096484 ], [ -96.14415973, 35.34278781 ], [ -96.16868627, 35.31826276 ], [ -96.17686182, 35.3100872 ], [ -96.17802125, 35.31826276 ], [ -96.19652911, 35.35096484 ], [ -96.20956392, 35.37481868 ], [ -96.21437271, 35.38366695 ], [ -96.23221419, 35.41636905 ], [ -96.24226602, 35.4350377 ], [ -96.2498224, 35.44907114 ], [ -96.26735715, 35.48177324 ], [ -96.27496812, 35.49615655 ], [ -96.28456824, 35.51447532 ], [ -96.30158491, 35.54717743 ], [ -96.30767019, 35.55902549 ], [ -96.31833255, 35.57987951 ], [ -96.33479086, 35.61258162 ], [ -96.34037229, 35.62374449 ], [ -96.35105056, 35.6452837 ], [ -96.3667777, 35.6779858 ], [ -96.37307439, 35.69116042 ], [ -96.38237003, 35.71068791 ], [ -96.39760808, 35.74338999 ], [ -96.40577649, 35.76121217 ], [ -96.41254526, 35.7760921 ], [ -96.4271566, 35.80879418 ], [ -96.43847858, 35.83499312 ], [ -96.44126893, 35.84149628 ], [ -96.45533189, 35.87419837 ], [ -96.46876866, 35.90690047 ], [ -96.47118068, 35.91280713 ], [ -96.48201814, 35.93960256 ], [ -96.49491546, 35.97230466 ], [ -96.50388278, 35.99583531 ], [ -96.50732547, 36.00500676 ], [ -96.5195816, 36.03770885 ], [ -96.53137971, 36.07041095 ], [ -96.53658488, 36.08509818 ], [ -96.54289987, 36.10311304 ], [ -96.55417283, 36.13581514 ], [ -96.56505117, 36.16851722 ], [ -96.56928696, 36.18138467 ], [ -96.57571993, 36.20121933 ], [ -96.5861825, 36.23392141 ], [ -96.59637068, 36.26662352 ], [ -96.60198905, 36.28488318 ], [ -96.60636357, 36.29932562 ], [ -96.61623898, 36.3320277 ], [ -96.62584422, 36.36472981 ], [ -96.63469115, 36.39553639 ], [ -96.63522884, 36.39743189 ], [ -96.64460846, 36.430134 ], [ -96.65378145, 36.46283608 ], [ -96.66256998, 36.49553819 ], [ -96.66739325, 36.51421085 ], [ -96.67098399, 36.52824027 ], [ -96.67893533, 36.56094237 ], [ -96.68630874, 36.59364446 ], [ -96.69311043, 36.62634656 ], [ -96.69925185, 36.65904867 ], [ -96.70009535, 36.66401313 ], [ -96.70474797, 36.69175075 ], [ -96.7094346, 36.72445285 ], [ -96.71317906, 36.75715494 ], [ -96.71585929, 36.78985704 ], [ -96.71737888, 36.82255913 ], [ -96.71760605, 36.85526123 ], [ -96.71640711, 36.88796331 ], [ -96.71361724, 36.92066542 ], [ -96.70905091, 36.95336752 ], [ -96.70246665, 36.98606961 ], [ -96.70009535, 36.9944427 ], [ -96.69361766, 37.01877171 ], [ -96.68213313, 37.05147379 ], [ -96.66763145, 37.0841759 ], [ -96.66739325, 37.08459675 ], [ -96.64991241, 37.11687798 ], [ -96.63469115, 37.14260264 ], [ -96.63062936, 37.14958009 ], [ -96.61270197, 37.18228217 ], [ -96.60198905, 37.20528677 ], [ -96.59738458, 37.21498427 ], [ -96.58804474, 37.24768638 ], [ -96.59142767, 37.28038846 ], [ -96.60198905, 37.29420363 ], [ -96.62268793, 37.31309057 ], [ -96.63469115, 37.32207642 ], [ -96.66739325, 37.33874401 ], [ -96.69095781, 37.34579265 ], [ -96.70009535, 37.34850865 ], [ -96.73279744, 37.3533946 ], [ -96.76549954, 37.35433618 ], [ -96.79820164, 37.35253628 ], [ -96.83090372, 37.34920503 ], [ -96.85456183, 37.34579265 ], [ -96.86360581, 37.3446788 ], [ -96.89630791, 37.33434541 ], [ -96.92901001, 37.31551915 ], [ -96.93177675, 37.31309057 ], [ -96.96171211, 37.29171301 ], [ -96.97329847, 37.28038846 ], [ -96.9944142, 37.26262945 ], [ -97.00832908, 37.24768638 ], [ -97.0271163, 37.22733282 ], [ -97.03596956, 37.21498427 ], [ -97.05559466, 37.18228217 ], [ -97.0598184, 37.17235503 ], [ -97.06675117, 37.14958009 ], [ -97.06989969, 37.11687798 ], [ -97.06398899, 37.0841759 ], [ -97.07546386, 37.05147379 ], [ -97.09252048, 37.02404832 ], [ -97.09544918, 37.01877171 ], [ -97.1145724, 36.98606961 ], [ -97.12522257, 36.97038758 ], [ -97.1378415, 36.95336752 ], [ -97.15792467, 36.92723201 ], [ -97.16443978, 36.92066542 ], [ -97.19062677, 36.8912855 ], [ -97.19446596, 36.88796331 ], [ -97.22332887, 36.85922134 ], [ -97.22864799, 36.85526123 ], [ -97.25603097, 36.83141149 ], [ -97.27043589, 36.82255913 ], [ -97.28873306, 36.80923036 ], [ -97.32143516, 36.79409219 ], [ -97.33890397, 36.78985704 ], [ -97.35413724, 36.78550077 ], [ -97.38683934, 36.78208473 ], [ -97.41954143, 36.78262622 ], [ -97.45224353, 36.78619372 ], [ -97.48494563, 36.78977179 ], [ -97.485863, 36.78985704 ], [ -97.51764773, 36.79235753 ], [ -97.55034982, 36.7947638 ], [ -97.58305192, 36.79761134 ], [ -97.615754, 36.80144186 ], [ -97.6484561, 36.806859 ], [ -97.68115819, 36.81449373 ], [ -97.70656426, 36.82255913 ], [ -97.71386029, 36.82476767 ], [ -97.74656239, 36.83759473 ], [ -97.77926449, 36.85502205 ], [ -97.77964043, 36.85526123 ], [ -97.81196658, 36.87613213 ], [ -97.8265355, 36.88796331 ], [ -97.84466868, 36.90259079 ], [ -97.86356202, 36.92066542 ], [ -97.87737076, 36.93254523 ], [ -97.90086988, 36.95336752 ], [ -97.91007286, 36.95887441 ], [ -97.94277496, 36.97027682 ], [ -97.97547705, 36.96726935 ], [ -98.00817915, 36.95515907 ], [ -98.02319304, 36.95336752 ], [ -98.04088125, 36.94947848 ], [ -98.07358335, 36.93033591 ], [ -98.08857121, 36.92066542 ], [ -98.10628544, 36.90671612 ], [ -98.13170439, 36.88796331 ], [ -98.13898752, 36.88178955 ], [ -98.17148855, 36.85526123 ], [ -98.17168962, 36.8550704 ], [ -98.20439172, 36.82389522 ], [ -98.20580096, 36.82255913 ], [ -98.23309206, 36.78985704 ], [ -98.23709381, 36.78375285 ], [ -98.25408208, 36.75715494 ], [ -98.26950535, 36.72445285 ], [ -98.26979591, 36.72368612 ], [ -98.28181362, 36.69175075 ], [ -98.29119403, 36.65904867 ], [ -98.29876778, 36.62634656 ], [ -98.30249801, 36.60828017 ], [ -98.30560608, 36.59364446 ], [ -98.31228526, 36.56094237 ], [ -98.31901887, 36.52824027 ], [ -98.3262626, 36.49553819 ], [ -98.33443701, 36.46283608 ], [ -98.33520011, 36.46040996 ], [ -98.34488917, 36.430134 ], [ -98.357937, 36.39743189 ], [ -98.3679022, 36.37922072 ], [ -98.37556317, 36.36472981 ], [ -98.39935154, 36.3320277 ], [ -98.40060428, 36.33066689 ], [ -98.42825244, 36.29932562 ], [ -98.43330638, 36.29458673 ], [ -98.46423482, 36.26662352 ], [ -98.46600848, 36.26523275 ], [ -98.49871058, 36.23777228 ], [ -98.50140668, 36.23392141 ], [ -98.50427434, 36.20121933 ], [ -98.49871058, 36.16912678 ], [ -98.49862768, 36.16851722 ], [ -98.49555265, 36.13581514 ], [ -98.49177925, 36.10311304 ], [ -98.48637351, 36.07041095 ], [ -98.47885086, 36.03770885 ], [ -98.46849817, 36.00500676 ], [ -98.46600848, 35.99830695 ], [ -98.45790329, 35.97230466 ], [ -98.443627, 35.93960256 ], [ -98.43330638, 35.92121411 ], [ -98.42627432, 35.90690047 ], [ -98.40507963, 35.87419837 ], [ -98.40060428, 35.86834998 ], [ -98.38270183, 35.84149628 ], [ -98.3679022, 35.82386924 ], [ -98.35808458, 35.80879418 ], [ -98.33520011, 35.77875397 ], [ -98.33282517, 35.7760921 ], [ -98.30610919, 35.74338999 ], [ -98.30249801, 35.7387859 ], [ -98.26979591, 35.71240933 ], [ -98.26644734, 35.71068791 ], [ -98.23709381, 35.69381017 ], [ -98.20439172, 35.68166502 ], [ -98.17168962, 35.69287172 ], [ -98.14844862, 35.71068791 ], [ -98.13898752, 35.71859644 ], [ -98.11422717, 35.74338999 ], [ -98.10628544, 35.75116018 ], [ -98.07857918, 35.7760921 ], [ -98.07358335, 35.77994261 ], [ -98.04088125, 35.7994214 ], [ -98.01488982, 35.80879418 ], [ -98.00817915, 35.81123785 ], [ -97.97547705, 35.821214 ], [ -97.94277496, 35.83946905 ], [ -97.93841432, 35.84149628 ], [ -97.91007286, 35.85782781 ], [ -97.88092438, 35.87419837 ], [ -97.87737076, 35.87656567 ], [ -97.84466868, 35.89097248 ], [ -97.81196658, 35.89829495 ], [ -97.77926449, 35.8963783 ], [ -97.74656239, 35.88302915 ], [ -97.73477314, 35.87419837 ], [ -97.71386029, 35.85646606 ], [ -97.70091494, 35.84149628 ], [ -97.68115819, 35.81530549 ], [ -97.67689676, 35.80879418 ], [ -97.65768617, 35.7760921 ], [ -97.6484561, 35.75813182 ], [ -97.64088002, 35.74338999 ], [ -97.62620943, 35.71068791 ], [ -97.615754, 35.6834006 ], [ -97.61299206, 35.6779858 ], [ -97.59816725, 35.6452837 ], [ -97.58536883, 35.61258162 ], [ -97.58305192, 35.60589175 ], [ -97.57091573, 35.57987951 ], [ -97.55755133, 35.54717743 ], [ -97.55034982, 35.52713858 ], [ -97.54434464, 35.51447532 ], [ -97.53061774, 35.48177324 ], [ -97.51857798, 35.44907114 ], [ -97.51764773, 35.44620421 ], [ -97.50503169, 35.41636905 ], [ -97.49276434, 35.38366695 ], [ -97.48494563, 35.36002102 ], [ -97.48109123, 35.35096484 ], [ -97.46893565, 35.31826276 ], [ -97.45822554, 35.28556065 ], [ -97.45224353, 35.26435046 ], [ -97.44808932, 35.25285857 ], [ -97.43789607, 35.22015647 ], [ -97.42906994, 35.18745438 ], [ -97.42135797, 35.15475228 ], [ -97.41954143, 35.14519017 ], [ -97.41388038, 35.12205019 ], [ -97.40742392, 35.08934809 ], [ -97.40217793, 35.05664599 ], [ -97.39836254, 35.0239439 ], [ -97.39600364, 34.9912418 ], [ -97.39499015, 34.95853971 ], [ -97.39577541, 34.92583761 ], [ -97.39857347, 34.89313553 ], [ -97.40400229, 34.86043342 ], [ -97.4108066, 34.82773134 ], [ -97.41954143, 34.81426188 ], [ -97.43813524, 34.79502923 ], [ -97.45224353, 34.78723495 ], [ -97.48494563, 34.7666917 ], [ -97.49284924, 34.76232713 ], [ -97.51764773, 34.75201729 ], [ -97.55034982, 34.73921275 ], [ -97.57891024, 34.72962505 ], [ -97.58305192, 34.72834901 ], [ -97.615754, 34.71902831 ], [ -97.6484561, 34.71061408 ], [ -97.68115819, 34.70380056 ], [ -97.71386029, 34.69835901 ], [ -97.72269514, 34.69692294 ], [ -97.74656239, 34.69211662 ], [ -97.77926449, 34.68601682 ], [ -97.81196658, 34.68063957 ], [ -97.84466868, 34.67585124 ], [ -97.87737076, 34.67149564 ], [ -97.91007286, 34.66753494 ], [ -97.94277496, 34.6643914 ], [ -97.94445071, 34.66422086 ], [ -97.97547705, 34.65998872 ], [ -98.00817915, 34.65595942 ], [ -98.04088125, 34.65157968 ], [ -98.07358335, 34.64797056 ], [ -98.10628544, 34.6446451 ], [ -98.13898752, 34.64199642 ], [ -98.17168962, 34.64014484 ], [ -98.20439172, 34.63911548 ], [ -98.23709381, 34.63898436 ], [ -98.26979591, 34.63957367 ], [ -98.30249801, 34.64045191 ], [ -98.33520011, 34.64049301 ], [ -98.3679022, 34.63734302 ], [ -98.39093462, 34.63151875 ], [ -98.40060428, 34.62888161 ], [ -98.43330638, 34.61583538 ], [ -98.46600848, 34.6021172 ], [ -98.47411465, 34.59881667 ], [ -98.49871058, 34.58753421 ], [ -98.53141267, 34.57558377 ], [ -98.56411477, 34.56747463 ], [ -98.57175109, 34.56611457 ], [ -98.59681687, 34.56086504 ], [ -98.62951897, 34.55768966 ], [ -98.66222104, 34.55863981 ], [ -98.69492314, 34.56153973 ], [ -98.72762524, 34.56398323 ], [ -98.76032734, 34.56461172 ], [ -98.79302943, 34.56422658 ], [ -98.82573153, 34.5651709 ], [ -98.83857308, 34.56611457 ], [ -98.85843363, 34.56724685 ], [ -98.89113573, 34.57022398 ], [ -98.9238378, 34.57450906 ], [ -98.9565399, 34.58011458 ], [ -98.989242, 34.58707103 ], [ -99.0219441, 34.59537603 ], [ -99.03480025, 34.59881667 ], [ -99.05464619, 34.60375068 ], [ -99.08734829, 34.61229707 ], [ -99.12005039, 34.62112442 ], [ -99.15275249, 34.63029432 ], [ -99.15798977, 34.63151875 ], [ -99.18545457, 34.63802935 ], [ -99.21815666, 34.64577736 ], [ -99.25085876, 34.65394654 ], [ -99.28356086, 34.66315288 ], [ -99.28969189, 34.66422086 ], [ -99.31626296, 34.67139498 ], [ -99.34896505, 34.69495234 ], [ -99.36078533, 34.69692294 ], [ -99.38166715, 34.69958147 ], [ -99.4011561, 34.69692294 ], [ -99.41436925, 34.69611372 ], [ -99.44707133, 34.69097085 ], [ -99.47977342, 34.68403239 ], [ -99.51247552, 34.67576704 ], [ -99.54517762, 34.66653915 ], [ -99.55061907, 34.66422086 ], [ -99.57787972, 34.65761207 ], [ -99.61058181, 34.64475402 ], [ -99.63329677, 34.63151875 ], [ -99.64328391, 34.62604886 ], [ -99.67598601, 34.59948016 ], [ -99.67657916, 34.59881667 ], [ -99.70248466, 34.56611457 ], [ -99.70868809, 34.55616523 ], [ -99.71927157, 34.53341248 ], [ -99.72983541, 34.50071038 ], [ -99.7360672, 34.46800827 ], [ -99.73889661, 34.43530619 ], [ -99.73911638, 34.40260408 ], [ -99.73732447, 34.369902 ], [ -99.7339759, 34.3371999 ], [ -99.72938206, 34.30449781 ], [ -99.72365557, 34.27179571 ], [ -99.71659303, 34.23909363 ], [ -99.70868809, 34.21039117 ], [ -99.70760461, 34.20639152 ], [ -99.69497434, 34.17368942 ], [ -99.67598601, 34.14504641 ], [ -99.67235947, 34.14098733 ], [ -99.64328391, 34.1197264 ], [ -99.61058181, 34.11630719 ], [ -99.57787972, 34.11857327 ], [ -99.54517762, 34.12325509 ], [ -99.51247552, 34.13145369 ], [ -99.4879669, 34.14098733 ], [ -99.47977342, 34.1436113 ], [ -99.44707133, 34.15657144 ], [ -99.41770017, 34.17368942 ], [ -99.41436925, 34.17719984 ], [ -99.38970698, 34.20639152 ], [ -99.38166715, 34.22054848 ], [ -99.36980809, 34.23909363 ], [ -99.34945961, 34.27179571 ], [ -99.34896505, 34.27267351 ], [ -99.32607828, 34.30449781 ], [ -99.31626296, 34.32045543 ], [ -99.30058522, 34.3371999 ], [ -99.28356086, 34.35986724 ], [ -99.26800516, 34.369902 ], [ -99.25085876, 34.3849181 ], [ -99.21815666, 34.39019927 ], [ -99.18545457, 34.38043951 ], [ -99.16819938, 34.369902 ], [ -99.15275249, 34.3619704 ], [ -99.12005039, 34.34259736 ], [ -99.1102278, 34.3371999 ], [ -99.08734829, 34.3278184 ], [ -99.05464619, 34.31671801 ], [ -99.0219441, 34.3114848 ], [ -98.989242, 34.30971695 ], [ -98.9565399, 34.30943521 ], [ -98.9238378, 34.31033825 ], [ -98.89113573, 34.31226403 ], [ -98.85843363, 34.31518903 ], [ -98.82573153, 34.31903043 ], [ -98.79302943, 34.3238031 ], [ -98.76032734, 34.32919505 ], [ -98.72762524, 34.33451603 ], [ -98.70338426, 34.3371999 ], [ -98.69492314, 34.33803435 ], [ -98.66222104, 34.33798142 ], [ -98.65202974, 34.3371999 ], [ -98.62951897, 34.33545377 ], [ -98.59681687, 34.33181338 ], [ -98.56411477, 34.32465392 ], [ -98.53141267, 34.31046106 ], [ -98.52152301, 34.30449781 ], [ -98.49871058, 34.28611967 ], [ -98.46600848, 34.27258331 ], [ -98.4546805, 34.27179571 ], [ -98.43330638, 34.2698827 ], [ -98.40060428, 34.26818743 ], [ -98.3679022, 34.26715393 ], [ -98.33520011, 34.26773897 ], [ -98.30249801, 34.26907988 ], [ -98.26979591, 34.27039735 ], [ -98.23709381, 34.27120457 ], [ -98.22054578, 34.27179571 ], [ -98.20439172, 34.272271 ], [ -98.17168962, 34.27277088 ], [ -98.13898752, 34.27303645 ], [ -98.10628544, 34.27297557 ], [ -98.07358335, 34.27268786 ], [ -98.04088125, 34.27246795 ], [ -98.02524637, 34.27179571 ], [ -98.00817915, 34.27082159 ], [ -97.97547705, 34.26897988 ], [ -97.94277496, 34.26661687 ], [ -97.91007286, 34.26367194 ], [ -97.87737076, 34.26008965 ], [ -97.84466868, 34.255823 ], [ -97.81196658, 34.25090923 ], [ -97.77926449, 34.24519942 ], [ -97.7521864, 34.23909363 ], [ -97.74656239, 34.23768849 ], [ -97.71386029, 34.23069172 ], [ -97.68115819, 34.22200375 ], [ -97.6484561, 34.21242457 ], [ -97.62911963, 34.20639152 ], [ -97.615754, 34.20189755 ], [ -97.58305192, 34.19020482 ], [ -97.55034982, 34.17764428 ], [ -97.54064225, 34.17368942 ], [ -97.51764773, 34.1638663 ], [ -97.48494563, 34.14926584 ], [ -97.46712775, 34.14098733 ], [ -97.45224353, 34.13385498 ], [ -97.41954143, 34.1173506 ], [ -97.40214998, 34.10828523 ], [ -97.38683934, 34.10021933 ], [ -97.35413724, 34.08243195 ], [ -97.34215129, 34.07558314 ], [ -97.32143516, 34.06374588 ], [ -97.28873306, 34.04548849 ], [ -97.28467471, 34.04288104 ], [ -97.25603097, 34.02379579 ], [ -97.23513475, 34.01017896 ], [ -97.22332887, 34.00257131 ], [ -97.19062677, 33.98080495 ], [ -97.18584934, 33.97747685 ], [ -97.15792467, 33.95824015 ], [ -97.14974896, 33.94477477 ], [ -97.14974849, 33.91207266 ], [ -97.15792467, 33.90389647 ], [ -97.18244977, 33.87937058 ], [ -97.19062677, 33.87119357 ], [ -97.21515103, 33.84666848 ], [ -97.21515052, 33.81396637 ], [ -97.22332887, 33.80578804 ], [ -97.24785174, 33.78126429 ], [ -97.25603097, 33.77308507 ], [ -97.28055294, 33.74856218 ], [ -97.28873306, 33.74038208 ], [ -97.31325414, 33.7158601 ], [ -97.31325355, 33.683158 ], [ -97.32143516, 33.6749764 ], [ -97.34595471, 33.65045591 ], [ -97.35413724, 33.64227337 ], [ -97.37865582, 33.61775381 ], [ -97.37865517, 33.58505172 ], [ -97.38683934, 33.57686754 ], [ -97.4113562, 33.55234962 ], [ -97.41954143, 33.54416438 ], [ -97.44405718, 33.51964751 ], [ -97.44405642, 33.48694543 ], [ -97.45224353, 33.47875832 ], [ -97.47675729, 33.45424333 ], [ -97.48494563, 33.446055 ], [ -97.50945808, 33.42154124 ], [ -97.51764773, 33.41335161 ], [ -97.54215879, 33.38883914 ], [ -97.54215787, 33.35613706 ], [ -97.55034982, 33.3479451 ], [ -97.57485845, 33.32343495 ], [ -97.58305192, 33.31524148 ], [ -97.60755892, 33.29073287 ], [ -97.60755785, 33.25803076 ], [ -97.615754, 33.2498346 ], [ -97.64025817, 33.22532866 ], [ -97.64027974, 33.22532866 ], [ -97.6484561, 33.24942301 ], [ -97.66335427, 33.25803076 ], [ -97.68115819, 33.26836335 ], [ -97.71386029, 33.28700363 ], [ -97.72050927, 33.29073287 ], [ -97.74656239, 33.30540915 ], [ -97.77926449, 33.3226804 ], [ -97.78062927, 33.32343495 ], [ -97.81196658, 33.34115208 ], [ -97.84024421, 33.35613706 ], [ -97.84466868, 33.35850189 ], [ -97.87737076, 33.37575493 ], [ -97.90268746, 33.38883914 ], [ -97.91007286, 33.39268832 ], [ -97.94277496, 33.4094338 ], [ -97.96729533, 33.42154124 ], [ -97.97547705, 33.42563209 ], [ -98.00817915, 33.44161486 ], [ -98.03497401, 33.45424333 ], [ -98.04088125, 33.45706212 ], [ -98.07358335, 33.47221987 ], [ -98.10628544, 33.48636864 ], [ -98.10755662, 33.48694543 ], [ -98.13898752, 33.50162527 ], [ -98.17168962, 33.51588509 ], [ -98.18045711, 33.51964751 ], [ -98.20439172, 33.53008284 ], [ -98.23709381, 33.54389008 ], [ -98.25752503, 33.55234962 ], [ -98.26979591, 33.55753168 ], [ -98.30249801, 33.57109956 ], [ -98.33520011, 33.58427451 ], [ -98.33713938, 33.58505172 ], [ -98.3679022, 33.59762062 ], [ -98.40060428, 33.61061127 ], [ -98.4189504, 33.61775381 ], [ -98.43330638, 33.6234963 ], [ -98.46600848, 33.63646637 ], [ -98.49871058, 33.64919444 ], [ -98.50198789, 33.65045591 ], [ -98.53141267, 33.66213434 ], [ -98.56411477, 33.6748921 ], [ -98.58555668, 33.683158 ], [ -98.59681687, 33.68767094 ], [ -98.62951897, 33.70081604 ], [ -98.66222104, 33.71370972 ], [ -98.66758665, 33.7158601 ], [ -98.69492314, 33.72725052 ], [ -98.72762524, 33.74130904 ], [ -98.7430905, 33.74856218 ], [ -98.76032734, 33.75707499 ], [ -98.79302943, 33.77813872 ], [ -98.79709101, 33.78126429 ], [ -98.82573153, 33.80395807 ], [ -98.83809771, 33.81396637 ], [ -98.85843363, 33.83107736 ], [ -98.87630832, 33.84666848 ], [ -98.89113573, 33.8601976 ], [ -98.91094759, 33.87937058 ], [ -98.9238378, 33.89270568 ], [ -98.94093132, 33.91207266 ], [ -98.9565399, 33.93212797 ], [ -98.96511507, 33.94477477 ], [ -98.98141039, 33.97747685 ], [ -98.989242, 34.00238025 ], [ -98.99179373, 34.01017896 ], [ -99.00922662, 34.04288104 ], [ -99.01728119, 34.07558314 ], [ -99.01701163, 34.10828523 ], [ -99.01648363, 34.14098733 ], [ -99.0219441, 34.16574376 ], [ -99.02366627, 34.17368942 ], [ -99.05464619, 34.20503125 ], [ -99.05619176, 34.20639152 ], [ -99.08734829, 34.21499526 ], [ -99.12005039, 34.22205484 ], [ -99.15275249, 34.2282437 ], [ -99.18545457, 34.23423468 ], [ -99.20880398, 34.23909363 ], [ -99.21815666, 34.2410879 ], [ -99.25085876, 34.24520636 ], [ -99.27498568, 34.23909363 ], [ -99.28356086, 34.23695187 ], [ -99.31626296, 34.21195537 ], [ -99.32075334, 34.20639152 ], [ -99.3470799, 34.17368942 ], [ -99.34896505, 34.17192153 ], [ -99.38166715, 34.14610685 ], [ -99.39082523, 34.14098733 ], [ -99.41436925, 34.12546191 ], [ -99.44707133, 34.11054426 ], [ -99.45335489, 34.10828523 ], [ -99.47977342, 34.09462311 ], [ -99.51247552, 34.08539623 ], [ -99.54517762, 34.08144475 ], [ -99.57787972, 34.08073498 ], [ -99.61058181, 34.08144866 ], [ -99.64328391, 34.08227166 ], [ -99.67598601, 34.08827771 ], [ -99.70040447, 34.10828523 ], [ -99.70868809, 34.11859223 ], [ -99.72311367, 34.14098733 ], [ -99.74011097, 34.17368942 ], [ -99.74139018, 34.17716129 ], [ -99.75603721, 34.20639152 ], [ -99.7680394, 34.23909363 ], [ -99.77409228, 34.26008858 ], [ -99.7786722, 34.27179571 ], [ -99.78858465, 34.30449781 ], [ -99.79603224, 34.3371999 ], [ -99.801521, 34.369902 ], [ -99.80537038, 34.40260408 ], [ -99.80679438, 34.42180257 ], [ -99.80804622, 34.43530619 ], [ -99.80946003, 34.46800827 ], [ -99.80949925, 34.50071038 ], [ -99.8083566, 34.53341248 ], [ -99.80679438, 34.55497871 ], [ -99.80598007, 34.56611457 ], [ -99.8011739, 34.59881667 ], [ -99.79341614, 34.63151875 ], [ -99.78265049, 34.66422086 ], [ -99.77409228, 34.68851333 ], [ -99.77057495, 34.69692294 ], [ -99.76117666, 34.72962505 ], [ -99.75474492, 34.76232713 ], [ -99.75037445, 34.79502923 ], [ -99.74531172, 34.82773134 ], [ -99.74139018, 34.8438355 ], [ -99.73663597, 34.86043342 ], [ -99.7244985, 34.89313553 ], [ -99.7096171, 34.92583761 ], [ -99.70868809, 34.92761596 ], [ -99.69038219, 34.95853971 ], [ -99.67598601, 34.97955639 ], [ -99.66684084, 34.9912418 ], [ -99.64328391, 35.01781563 ], [ -99.63696626, 35.0239439 ], [ -99.61058181, 35.04679757 ], [ -99.59690729, 35.05664599 ], [ -99.57787972, 35.06897012 ], [ -99.54517762, 35.08605116 ], [ -99.5372103, 35.08934809 ], [ -99.51247552, 35.09912024 ], [ -99.47977342, 35.10879504 ], [ -99.44707133, 35.11522397 ], [ -99.41436925, 35.11824687 ], [ -99.38166715, 35.11759695 ], [ -99.34896505, 35.11296239 ], [ -99.31626296, 35.10383222 ], [ -99.28440258, 35.08934809 ], [ -99.28356086, 35.08893835 ], [ -99.25085876, 35.06739436 ], [ -99.23867093, 35.05664599 ], [ -99.21815666, 35.03733811 ], [ -99.20655052, 35.0239439 ], [ -99.18545457, 34.9984557 ], [ -99.18042404, 34.9912418 ], [ -99.15831789, 34.95853971 ], [ -99.15275249, 34.95014147 ], [ -99.13899409, 34.92583761 ], [ -99.12100976, 34.89313553 ], [ -99.12005039, 34.89137908 ], [ -99.10580407, 34.86043342 ], [ -99.09194199, 34.82773134 ], [ -99.08734829, 34.81555152 ], [ -99.08072518, 34.79502923 ], [ -99.06489427, 34.76232713 ], [ -99.05464619, 34.75080327 ], [ -99.03346797, 34.72962505 ], [ -99.0219441, 34.72214595 ], [ -98.989242, 34.70270308 ], [ -98.9783966, 34.69692294 ], [ -98.9565399, 34.68698804 ], [ -98.9238378, 34.6746968 ], [ -98.89113573, 34.66541789 ], [ -98.88530484, 34.66422086 ], [ -98.85843363, 34.65888937 ], [ -98.82573153, 34.65497369 ], [ -98.79302943, 34.65345921 ], [ -98.76032734, 34.6522191 ], [ -98.72762524, 34.64971478 ], [ -98.69492314, 34.64636736 ], [ -98.66222104, 34.64465835 ], [ -98.62951897, 34.64629144 ], [ -98.59681687, 34.65111886 ], [ -98.56411477, 34.65914253 ], [ -98.54929174, 34.66422086 ], [ -98.53141267, 34.67004551 ], [ -98.49871058, 34.68314216 ], [ -98.46864494, 34.69692294 ], [ -98.46600848, 34.69810135 ], [ -98.43330638, 34.71408153 ], [ -98.40320514, 34.72962505 ], [ -98.40060428, 34.73098395 ], [ -98.3679022, 34.74625583 ], [ -98.33520011, 34.75951724 ], [ -98.32528358, 34.76232713 ], [ -98.30249801, 34.7690791 ], [ -98.26979591, 34.77437132 ], [ -98.23709381, 34.77561633 ], [ -98.20439172, 34.77398262 ], [ -98.17168962, 34.77088926 ], [ -98.13898752, 34.76727777 ], [ -98.10628544, 34.76392115 ], [ -98.08397042, 34.76232713 ], [ -98.07358335, 34.76167054 ], [ -98.04088125, 34.76132431 ], [ -98.01806319, 34.76232713 ], [ -98.00817915, 34.76278445 ], [ -97.97547705, 34.7663196 ], [ -97.94277496, 34.77174829 ], [ -97.91007286, 34.77925127 ], [ -97.87737076, 34.78925399 ], [ -97.86159328, 34.79502923 ], [ -97.84466868, 34.80193564 ], [ -97.81196658, 34.81574201 ], [ -97.78463169, 34.82773134 ], [ -97.77926449, 34.83057516 ], [ -97.74656239, 34.84971674 ], [ -97.73099174, 34.86043342 ], [ -97.71386029, 34.88208637 ], [ -97.70617016, 34.89313553 ], [ -97.69774208, 34.92583761 ], [ -97.69869334, 34.95853971 ], [ -97.70121716, 34.9912418 ], [ -97.69847952, 35.0239439 ], [ -97.69147965, 35.05664599 ], [ -97.68318696, 35.08934809 ], [ -97.68115819, 35.0983949 ], [ -97.67606335, 35.12205019 ], [ -97.67072828, 35.15475228 ], [ -97.66692062, 35.18745438 ], [ -97.66436963, 35.22015647 ], [ -97.66294805, 35.25285857 ], [ -97.66255037, 35.28556065 ], [ -97.6630755, 35.31826276 ], [ -97.66449415, 35.35096484 ], [ -97.66678549, 35.38366695 ], [ -97.6699743, 35.41636905 ], [ -97.6740536, 35.44907114 ], [ -97.67898205, 35.48177324 ], [ -97.68115819, 35.49390036 ], [ -97.6848418, 35.51447532 ], [ -97.69174548, 35.54717743 ], [ -97.69988724, 35.57987951 ], [ -97.70952498, 35.61258162 ], [ -97.71386029, 35.62509043 ], [ -97.72152276, 35.6452837 ], [ -97.73662411, 35.6779858 ], [ -97.74656239, 35.69539757 ], [ -97.75750908, 35.71068791 ], [ -97.77926449, 35.73497517 ], [ -97.79019534, 35.74338999 ], [ -97.81196658, 35.75745238 ], [ -97.84466868, 35.76801736 ], [ -97.87737076, 35.77015953 ], [ -97.91007286, 35.76775221 ], [ -97.94277496, 35.76556868 ], [ -97.97547705, 35.75685752 ], [ -98.00817915, 35.74855869 ], [ -98.01942622, 35.74338999 ], [ -98.04088125, 35.73204922 ], [ -98.06520032, 35.71068791 ], [ -98.07358335, 35.70247973 ], [ -98.09695344, 35.6779858 ], [ -98.10628544, 35.66837215 ], [ -98.13186477, 35.6452837 ], [ -98.13898752, 35.63945229 ], [ -98.17168962, 35.61743004 ], [ -98.18050009, 35.61258162 ], [ -98.20439172, 35.59796316 ], [ -98.23709381, 35.58341268 ], [ -98.26979591, 35.58305931 ], [ -98.30249801, 35.60458453 ], [ -98.30910181, 35.61258162 ], [ -98.33332512, 35.6452837 ], [ -98.33520011, 35.64790917 ], [ -98.36656112, 35.6779858 ], [ -98.3679022, 35.67937869 ], [ -98.40060428, 35.70591109 ], [ -98.40615266, 35.71068791 ], [ -98.43330638, 35.73410406 ], [ -98.44343198, 35.74338999 ], [ -98.46600848, 35.76537041 ], [ -98.4764902, 35.7760921 ], [ -98.49871058, 35.80175793 ], [ -98.50457998, 35.80879418 ], [ -98.52773621, 35.84149628 ], [ -98.53141267, 35.8478993 ], [ -98.54644605, 35.87419837 ], [ -98.56052027, 35.90690047 ], [ -98.56411477, 35.91823201 ], [ -98.57114904, 35.93960256 ], [ -98.57861582, 35.97230466 ], [ -98.58295471, 36.00500676 ], [ -98.58448068, 36.03770885 ], [ -98.58338332, 36.07041095 ], [ -98.57954165, 36.10311304 ], [ -98.57243267, 36.13581514 ], [ -98.56411477, 36.15925385 ], [ -98.5620305, 36.16851722 ], [ -98.55499389, 36.20121933 ], [ -98.55253504, 36.23392141 ], [ -98.54788301, 36.26662352 ], [ -98.53141267, 36.28548922 ], [ -98.51281388, 36.29932562 ], [ -98.49871058, 36.31674732 ], [ -98.48610918, 36.3320277 ], [ -98.47057559, 36.36472981 ], [ -98.46600848, 36.38031266 ], [ -98.46153162, 36.39743189 ], [ -98.45615526, 36.430134 ], [ -98.45278457, 36.46283608 ], [ -98.45099531, 36.49553819 ], [ -98.45076443, 36.52824027 ], [ -98.45227913, 36.56094237 ], [ -98.45550403, 36.59364446 ], [ -98.4609398, 36.62634656 ], [ -98.46600848, 36.64848022 ], [ -98.46984853, 36.65904867 ], [ -98.48600081, 36.69175075 ], [ -98.49871058, 36.70973211 ], [ -98.51708518, 36.72445285 ], [ -98.53141267, 36.73304935 ], [ -98.56411477, 36.74464897 ], [ -98.59681687, 36.75193199 ], [ -98.62528029, 36.75715494 ], [ -98.62951897, 36.75780376 ], [ -98.66222104, 36.76296662 ], [ -98.69492314, 36.76886926 ], [ -98.72762524, 36.77915282 ], [ -98.75031069, 36.78985704 ], [ -98.76032734, 36.79438739 ], [ -98.79302943, 36.81279346 ], [ -98.80856002, 36.82255913 ], [ -98.82573153, 36.83222 ], [ -98.85843363, 36.85006775 ], [ -98.86805069, 36.85526123 ], [ -98.89113573, 36.86641659 ], [ -98.9238378, 36.88308109 ], [ -98.93268855, 36.88796331 ], [ -98.9565399, 36.90023338 ], [ -98.989242, 36.91853143 ], [ -98.99271562, 36.92066542 ], [ -99.0219441, 36.93792112 ], [ -99.04570041, 36.95336752 ], [ -99.05464619, 36.95904381 ], [ -99.08734829, 36.98188385 ], [ -99.09283818, 36.98606961 ], [ -99.12005039, 37.00671193 ], [ -99.13454041, 37.01877171 ], [ -99.15275249, 37.0340849 ], [ -99.17164498, 37.05147379 ], [ -99.18545457, 37.06453637 ], [ -99.20444282, 37.0841759 ], [ -99.21815666, 37.09884399 ], [ -99.23443618, 37.11687798 ], [ -99.25085876, 37.13563348 ], [ -99.26283469, 37.14958009 ], [ -99.28356086, 37.17463296 ], [ -99.28982843, 37.18228217 ], [ -99.31549866, 37.21498427 ], [ -99.31626296, 37.21600734 ], [ -99.34004083, 37.24768638 ], [ -99.34896505, 37.26027305 ], [ -99.36346868, 37.28038846 ], [ -99.38166715, 37.30729599 ], [ -99.38572334, 37.31309057 ], [ -99.40709318, 37.34579265 ], [ -99.41436925, 37.3578792 ], [ -99.4275031, 37.37849476 ], [ -99.44672994, 37.41119684 ], [ -99.44707133, 37.41183912 ], [ -99.46585209, 37.44389894 ], [ -99.47977342, 37.46961156 ], [ -99.48405126, 37.47660103 ], [ -99.50223686, 37.50930313 ], [ -99.51247552, 37.52953283 ], [ -99.52000062, 37.54200524 ], [ -99.53790243, 37.57470732 ], [ -99.54517762, 37.58952491 ], [ -99.55654451, 37.60740942 ], [ -99.57583951, 37.64011151 ], [ -99.57787972, 37.64417839 ], [ -99.59928576, 37.67281361 ], [ -99.61058181, 37.68911195 ], [ -99.63165135, 37.7055157 ], [ -99.64328391, 37.71519504 ], [ -99.67598601, 37.72458035 ], [ -99.70868809, 37.722986 ], [ -99.74139018, 37.7152208 ], [ -99.76769863, 37.7055157 ], [ -99.77409228, 37.70367948 ], [ -99.80679438, 37.69064686 ], [ -99.83949648, 37.67485976 ], [ -99.84304912, 37.67281361 ], [ -99.87219858, 37.65827919 ], [ -99.90362538, 37.64011151 ], [ -99.90490067, 37.63945679 ], [ -99.93760277, 37.62031291 ], [ -99.95712483, 37.60740942 ], [ -99.97030487, 37.59945453 ], [ -100.00300695, 37.57764341 ], [ -100.00703377, 37.57470732 ], [ -100.03570904, 37.55533044 ], [ -100.05395966, 37.54200524 ], [ -100.06841114, 37.53217383 ], [ -100.09969812, 37.50930313 ], [ -100.10111324, 37.50834177 ], [ -100.13381534, 37.48504994 ], [ -100.14515741, 37.47660103 ], [ -100.16651743, 37.46183602 ], [ -100.19183798, 37.44389894 ], [ -100.19921953, 37.43891758 ], [ -100.23192163, 37.41674283 ], [ -100.24013896, 37.41119684 ], [ -100.26462371, 37.39530126 ], [ -100.29102799, 37.37849476 ], [ -100.2973258, 37.374524 ], [ -100.3300279, 37.35439786 ], [ -100.3445232, 37.34579265 ], [ -100.36273, 37.33475629 ], [ -100.3954321, 37.31582605 ], [ -100.40049445, 37.31309057 ], [ -100.42813419, 37.29678512 ], [ -100.45671267, 37.28038846 ], [ -100.46083629, 37.27760742 ], [ -100.49353839, 37.25575051 ], [ -100.50462332, 37.24768638 ], [ -100.52624047, 37.22679875 ], [ -100.53629663, 37.21498427 ], [ -100.55894257, 37.19082408 ], [ -100.56572708, 37.18228217 ], [ -100.59164466, 37.15247395 ], [ -100.59385297, 37.14958009 ], [ -100.62049268, 37.11687798 ], [ -100.62434676, 37.11230506 ], [ -100.64563516, 37.0841759 ], [ -100.65704886, 37.06936083 ], [ -100.6695532, 37.05147379 ], [ -100.68975096, 37.02258163 ], [ -100.69219904, 37.01877171 ], [ -100.7130026, 36.98606961 ], [ -100.72245305, 36.97079709 ], [ -100.73246404, 36.95336752 ], [ -100.75024686, 36.92066542 ], [ -100.75515515, 36.91071223 ], [ -100.76565257, 36.88796331 ], [ -100.77902855, 36.85526123 ], [ -100.78785723, 36.8305012 ], [ -100.79054771, 36.82255913 ], [ -100.80019965, 36.78985704 ], [ -100.80829691, 36.75715494 ], [ -100.81494482, 36.72445285 ], [ -100.82025473, 36.69175075 ], [ -100.82055933, 36.68929898 ], [ -100.82419633, 36.65904867 ], [ -100.82698535, 36.62634656 ], [ -100.82868113, 36.59364446 ], [ -100.82938992, 36.56094237 ], [ -100.82916316, 36.52824027 ], [ -100.82843981, 36.49553819 ], [ -100.82747386, 36.46283608 ], [ -100.82636971, 36.430134 ], [ -100.82521575, 36.39743189 ], [ -100.82404239, 36.36472981 ], [ -100.82296157, 36.3320277 ], [ -100.82197317, 36.29932562 ], [ -100.82118949, 36.26662352 ], [ -100.8207742, 36.23392141 ], [ -100.82055933, 36.21653141 ], [ -100.82036503, 36.20121933 ], [ -100.82032329, 36.16851722 ], [ -100.82055933, 36.15576731 ], [ -100.82092775, 36.13581514 ], [ -100.82188054, 36.10311304 ], [ -100.82337347, 36.07041095 ], [ -100.82546057, 36.03770885 ], [ -100.82821535, 36.00500676 ], [ -100.83173301, 35.97230466 ], [ -100.83611256, 35.93960256 ], [ -100.8414161, 35.90690047 ], [ -100.84781497, 35.87419837 ], [ -100.85326142, 35.85064882 ], [ -100.855397, 35.84149628 ], [ -100.8642536, 35.80879418 ], [ -100.87466747, 35.7760921 ], [ -100.88596352, 35.74565763 ], [ -100.88681832, 35.74338999 ], [ -100.90033522, 35.71068791 ], [ -100.91557993, 35.6779858 ], [ -100.91866562, 35.67195427 ], [ -100.93256069, 35.6452837 ], [ -100.95136772, 35.61300702 ], [ -100.95162124, 35.61258162 ], [ -100.97286946, 35.57987951 ], [ -100.98406981, 35.56436811 ], [ -100.99682107, 35.54717743 ], [ -101.01677191, 35.52282422 ], [ -101.02384492, 35.51447532 ], [ -101.04947399, 35.48696897 ], [ -101.05451715, 35.48177324 ], [ -101.08217609, 35.45587542 ], [ -101.08980884, 35.44907114 ], [ -101.11487819, 35.4287249 ], [ -101.13113136, 35.41636905 ], [ -101.14758028, 35.40496165 ], [ -101.18028238, 35.38407092 ], [ -101.18096243, 35.38366695 ], [ -101.21298448, 35.36622496 ], [ -101.24495024, 35.35096484 ], [ -101.24568658, 35.3506309 ], [ -101.27838867, 35.33717541 ], [ -101.31109075, 35.32568697 ], [ -101.33615328, 35.31826276 ], [ -101.34379285, 35.31607808 ], [ -101.37649495, 35.30833558 ], [ -101.40919704, 35.30228115 ], [ -101.44189914, 35.2978246 ], [ -101.47460124, 35.29510183 ], [ -101.50730334, 35.29419486 ], [ -101.54000543, 35.29521458 ], [ -101.57270751, 35.2982995 ], [ -101.60540961, 35.30362667 ], [ -101.63811171, 35.31136732 ], [ -101.65996305, 35.31826276 ], [ -101.6708138, 35.32144092 ], [ -101.7035159, 35.33307667 ], [ -101.736218, 35.34616654 ], [ -101.74868761, 35.35096484 ], [ -101.7689201, 35.35718541 ], [ -101.80162219, 35.36335711 ], [ -101.83432427, 35.36639967 ], [ -101.86702637, 35.35759029 ], [ -101.8758893, 35.35096484 ], [ -101.89972847, 35.331148 ], [ -101.91219662, 35.31826276 ], [ -101.93243057, 35.29742759 ], [ -101.94389062, 35.28556065 ], [ -101.96513266, 35.26380093 ], [ -101.97620198, 35.25285857 ], [ -101.99783476, 35.2315045 ], [ -102.01018151, 35.22015647 ], [ -102.03053686, 35.20107885 ], [ -102.04692453, 35.18745438 ], [ -102.06323896, 35.17379107 ], [ -102.09021052, 35.15475228 ], [ -102.09594103, 35.15068329 ], [ -102.12864313, 35.13139185 ], [ -102.15157686, 35.12205019 ], [ -102.16134523, 35.1177814 ], [ -102.19404733, 35.11530785 ], [ -102.22674942, 35.11910749 ], [ -102.24134722, 35.12205019 ], [ -102.25945152, 35.12584677 ], [ -102.29215362, 35.13442618 ], [ -102.32485572, 35.14422699 ], [ -102.35699566, 35.15475228 ], [ -102.35755779, 35.1549478 ], [ -102.39025989, 35.16669318 ], [ -102.42296199, 35.17908148 ], [ -102.44441477, 35.18745438 ], [ -102.45566409, 35.19216152 ], [ -102.48836619, 35.2061096 ], [ -102.52018486, 35.22015647 ], [ -102.52106828, 35.22057726 ], [ -102.55377038, 35.23620901 ], [ -102.58647248, 35.25234453 ], [ -102.5875122, 35.25285857 ], [ -102.61917456, 35.26989628 ], [ -102.64748273, 35.28556065 ], [ -102.65187665, 35.28822785 ], [ -102.68457875, 35.30817916 ], [ -102.7008136, 35.31826276 ], [ -102.71728085, 35.32958798 ], [ -102.74785279, 35.35096484 ], [ -102.74998295, 35.35263692 ], [ -102.78268504, 35.37847921 ], [ -102.78917329, 35.38366695 ], [ -102.81538714, 35.40755225 ], [ -102.8249832, 35.41636905 ], [ -102.84808924, 35.44104301 ], [ -102.85556602, 35.44907114 ], [ -102.88079132, 35.48117568 ], [ -102.88125954, 35.48177324 ], [ -102.90258323, 35.51447532 ], [ -102.91349341, 35.53567699 ], [ -102.91942718, 35.54717743 ], [ -102.93232023, 35.57987951 ], [ -102.94142458, 35.61258162 ], [ -102.94619551, 35.63996427 ], [ -102.94713419, 35.6452837 ], [ -102.94973838, 35.6779858 ], [ -102.94943546, 35.71068791 ], [ -102.94670911, 35.74338999 ], [ -102.94619551, 35.74626081 ], [ -102.9410292, 35.7760921 ], [ -102.93358799, 35.80879418 ], [ -102.92438567, 35.84149628 ], [ -102.91349341, 35.87306324 ], [ -102.9131188, 35.87419837 ], [ -102.90139867, 35.90690047 ], [ -102.88768947, 35.93960256 ], [ -102.88079132, 35.95433917 ], [ -102.87266986, 35.97230466 ], [ -102.85628199, 36.00500676 ], [ -102.84808924, 36.01999174 ], [ -102.83870944, 36.03770885 ], [ -102.81973905, 36.07041095 ], [ -102.81538714, 36.07739343 ], [ -102.7998627, 36.10311304 ], [ -102.78268504, 36.12923281 ], [ -102.77847927, 36.13581514 ], [ -102.7560663, 36.16851722 ], [ -102.74998295, 36.17679057 ], [ -102.73257226, 36.20121933 ], [ -102.71728085, 36.22108486 ], [ -102.70771476, 36.23392141 ], [ -102.68457875, 36.26274965 ], [ -102.68156574, 36.26662352 ], [ -102.65428893, 36.29932562 ], [ -102.65187665, 36.30202924 ], [ -102.62578545, 36.3320277 ], [ -102.61917456, 36.33908329 ], [ -102.59568701, 36.36472981 ], [ -102.58647248, 36.37403986 ], [ -102.56392254, 36.39743189 ], [ -102.55377038, 36.40738498 ], [ -102.53132965, 36.430134 ], [ -102.52106828, 36.44003161 ], [ -102.49847441, 36.46283608 ], [ -102.48836619, 36.47256656 ], [ -102.46575664, 36.49553819 ], [ -102.45566409, 36.50528929 ], [ -102.4332814, 36.52824027 ], [ -102.42296199, 36.53842511 ], [ -102.40087617, 36.56094237 ], [ -102.39025989, 36.57149131 ], [ -102.3684529, 36.59364446 ], [ -102.35755779, 36.60443843 ], [ -102.3360493, 36.62634656 ], [ -102.32485572, 36.63748929 ], [ -102.30386788, 36.65904867 ], [ -102.29215362, 36.67084975 ], [ -102.2722281, 36.69175075 ], [ -102.25945152, 36.70493774 ], [ -102.2415082, 36.72445285 ], [ -102.22674942, 36.74031899 ], [ -102.21218346, 36.75715494 ], [ -102.19404733, 36.77808741 ], [ -102.18485938, 36.78985704 ], [ -102.16134523, 36.82055308 ], [ -102.16002911, 36.82255913 ], [ -102.13988179, 36.85526123 ], [ -102.12864313, 36.87571978 ], [ -102.12358316, 36.88796331 ], [ -102.11327882, 36.92066542 ], [ -102.10770076, 36.95336752 ], [ -102.10717069, 36.98606961 ], [ -102.11026214, 37.01877171 ], [ -102.11638105, 37.05147379 ], [ -102.12499478, 37.0841759 ], [ -102.12864313, 37.09504721 ], [ -102.13594961, 37.11687798 ], [ -102.1472442, 37.14958009 ], [ -102.15510268, 37.18228217 ], [ -102.15964166, 37.21498427 ], [ -102.16124308, 37.24768638 ], [ -102.15061618, 37.28038846 ], [ -102.12864313, 37.30132978 ], [ -102.1152327, 37.31309057 ], [ -102.09594103, 37.33393148 ], [ -102.08423653, 37.34579265 ], [ -102.06323896, 37.37084327 ], [ -102.05583338, 37.37849476 ], [ -102.03053686, 37.40919168 ], [ -102.02839583, 37.41119684 ], [ -102.0000916, 37.44389894 ], [ -101.99783476, 37.44770105 ], [ -101.96565171, 37.47660103 ], [ -101.96513266, 37.47742723 ], [ -101.93243057, 37.4942211 ], [ -101.89972847, 37.49148495 ], [ -101.86702637, 37.48172256 ], [ -101.85494355, 37.47660103 ], [ -101.83432427, 37.47076245 ], [ -101.80162219, 37.45940271 ], [ -101.7689201, 37.44754261 ], [ -101.75482263, 37.44389894 ], [ -101.736218, 37.44012148 ], [ -101.7035159, 37.44093293 ], [ -101.68982221, 37.44389894 ], [ -101.6708138, 37.44850674 ], [ -101.63811171, 37.45630906 ], [ -101.60540961, 37.46392062 ], [ -101.57270751, 37.4727243 ], [ -101.56089152, 37.47660103 ], [ -101.54000543, 37.48491686 ], [ -101.50730334, 37.49988056 ], [ -101.48849173, 37.50930313 ], [ -101.47460124, 37.5175298 ], [ -101.44189914, 37.53769107 ], [ -101.43526474, 37.54200524 ], [ -101.40919704, 37.56176583 ], [ -101.39228269, 37.57470732 ], [ -101.37649495, 37.58881496 ], [ -101.35600155, 37.60740942 ], [ -101.34379285, 37.62022726 ], [ -101.32522901, 37.64011151 ], [ -101.31109075, 37.65767977 ], [ -101.29919465, 37.67281361 ], [ -101.27838867, 37.70405298 ], [ -101.27743747, 37.7055157 ], [ -101.26031943, 37.7382178 ], [ -101.24712428, 37.77091988 ], [ -101.24568658, 37.77644022 ], [ -101.23888451, 37.80362199 ], [ -101.2360208, 37.83632409 ], [ -101.23841203, 37.86902618 ], [ -101.24533971, 37.90172828 ], [ -101.24568658, 37.90271837 ], [ -101.25927147, 37.93443036 ], [ -101.27838867, 37.96241944 ], [ -101.28290024, 37.96713247 ], [ -101.31109075, 37.98816781 ], [ -101.34113292, 37.99983455 ], [ -101.34379285, 38.00063453 ], [ -101.37649495, 38.00412391 ], [ -101.40919704, 38.00197546 ], [ -101.4193705, 37.99983455 ], [ -101.44189914, 37.99515277 ], [ -101.47460124, 37.98474343 ], [ -101.50730334, 37.97180558 ], [ -101.51700142, 37.96713247 ], [ -101.54000543, 37.95586259 ], [ -101.57270751, 37.93809161 ], [ -101.57868892, 37.93443036 ], [ -101.60540961, 37.91753666 ], [ -101.62882937, 37.90172828 ], [ -101.63811171, 37.8951647 ], [ -101.6708138, 37.87021816 ], [ -101.67222689, 37.86902618 ], [ -101.7035159, 37.84115581 ], [ -101.70842281, 37.83632409 ], [ -101.736218, 37.80749514 ], [ -101.73968488, 37.80362199 ], [ -101.76771382, 37.77091988 ], [ -101.7689201, 37.76943848 ], [ -101.79258741, 37.7382178 ], [ -101.80162219, 37.72528712 ], [ -101.81535693, 37.7055157 ], [ -101.83432427, 37.67913744 ], [ -101.83964636, 37.67281361 ], [ -101.86702637, 37.64158916 ], [ -101.86850911, 37.64011151 ], [ -101.89752276, 37.60740942 ], [ -101.89972847, 37.60418263 ], [ -101.92938304, 37.57470732 ], [ -101.93243057, 37.57017737 ], [ -101.96513266, 37.54916442 ], [ -101.99783476, 37.54659217 ], [ -102.03053686, 37.55045243 ], [ -102.06323896, 37.55743775 ], [ -102.09594103, 37.57426984 ], [ -102.09644936, 37.57470732 ], [ -102.12864313, 37.60264622 ], [ -102.13306456, 37.60740942 ], [ -102.16134523, 37.63689591 ], [ -102.16451491, 37.64011151 ], [ -102.19404733, 37.66763581 ], [ -102.20077698, 37.67281361 ], [ -102.22674942, 37.69153754 ], [ -102.24634598, 37.7055157 ], [ -102.25945152, 37.71447303 ], [ -102.29177626, 37.7382178 ], [ -102.29215362, 37.73848386 ], [ -102.32485572, 37.76305573 ], [ -102.33449293, 37.77091988 ], [ -102.35755779, 37.7890758 ], [ -102.37481659, 37.80362199 ], [ -102.39025989, 37.81620142 ], [ -102.41368929, 37.83632409 ], [ -102.42296199, 37.84405321 ], [ -102.4542119, 37.86902618 ], [ -102.45566409, 37.87021441 ], [ -102.48836619, 37.89248829 ], [ -102.50340852, 37.90172828 ], [ -102.52106828, 37.91267158 ], [ -102.55377038, 37.93137788 ], [ -102.55970413, 37.93443036 ], [ -102.58647248, 37.9485142 ], [ -102.61917456, 37.96610351 ], [ -102.6212247, 37.96713247 ], [ -102.65187665, 37.98321721 ], [ -102.68336564, 37.99983455 ], [ -102.68457875, 38.00050389 ], [ -102.71728085, 38.01695755 ], [ -102.74865256, 38.03253666 ], [ -102.74998295, 38.03322632 ], [ -102.78268504, 38.048542 ], [ -102.81538714, 38.06337666 ], [ -102.81992633, 38.06523874 ], [ -102.84808924, 38.07727384 ], [ -102.88079132, 38.09037911 ], [ -102.9013114, 38.09794084 ], [ -102.91349341, 38.10263075 ], [ -102.94619551, 38.11389284 ], [ -102.97889761, 38.12425199 ], [ -103.00156803, 38.13064295 ], [ -103.01159971, 38.13361313 ], [ -103.0443018, 38.14199496 ], [ -103.0770039, 38.14935288 ], [ -103.109706, 38.15568341 ], [ -103.14240808, 38.16093276 ], [ -103.16137822, 38.16334503 ], [ -103.17511018, 38.16517814 ], [ -103.20781227, 38.16833546 ], [ -103.24051437, 38.17031867 ], [ -103.27321647, 38.17132486 ], [ -103.30591857, 38.17140165 ], [ -103.33862066, 38.17055712 ], [ -103.37132276, 38.16886017 ], [ -103.40402484, 38.16657014 ], [ -103.43672694, 38.16436896 ], [ -103.45212816, 38.16334503 ], [ -103.46942903, 38.16220993 ], [ -103.50213113, 38.16026477 ], [ -103.53483323, 38.15833526 ], [ -103.56753533, 38.15634948 ], [ -103.60023742, 38.15448084 ], [ -103.63293952, 38.15254811 ], [ -103.6656416, 38.15060606 ], [ -103.6983437, 38.14848519 ], [ -103.73104579, 38.14622624 ], [ -103.76374789, 38.14372161 ], [ -103.79644999, 38.14103922 ], [ -103.82915209, 38.13819043 ], [ -103.86185419, 38.13512204 ], [ -103.89455628, 38.13182109 ], [ -103.90556597, 38.13064295 ], [ -103.92725838, 38.12836734 ], [ -103.95996046, 38.12471268 ], [ -103.99266256, 38.12082938 ], [ -104.02536465, 38.11671629 ], [ -104.05806675, 38.11234558 ], [ -104.09076885, 38.10774894 ], [ -104.12347095, 38.10275821 ], [ -104.15040143, 38.09794084 ], [ -104.15617304, 38.09695341 ], [ -104.18887514, 38.09214296 ], [ -104.22157722, 38.08648003 ], [ -104.25427932, 38.08042942 ], [ -104.28698141, 38.07396459 ], [ -104.31968351, 38.06705511 ], [ -104.32787367, 38.06523874 ], [ -104.35238561, 38.059993 ], [ -104.38508771, 38.05257157 ], [ -104.4177898, 38.04465321 ], [ -104.4504919, 38.03607854 ], [ -104.46346047, 38.03253666 ], [ -104.48319398, 38.02736451 ], [ -104.49137057, 37.99983455 ], [ -104.49139214, 37.99983455 ], [ -104.51589608, 38.02434008 ], [ -104.52409266, 38.03253666 ], [ -104.52409153, 38.06523874 ], [ -104.52409047, 38.09794084 ], [ -104.54859818, 38.12244974 ], [ -104.55679138, 38.13064295 ], [ -104.55679054, 38.16334503 ], [ -104.58130027, 38.18785569 ], [ -104.58949172, 38.19604714 ], [ -104.58949111, 38.22874922 ], [ -104.58949061, 38.26145132 ], [ -104.61400237, 38.28596354 ], [ -104.62219225, 38.29415341 ], [ -104.622192, 38.32685551 ], [ -104.62219184, 38.3595576 ], [ -104.64670447, 38.38407015 ], [ -104.65489402, 38.3922597 ], [ -104.65489416, 38.42496181 ], [ -104.67940657, 38.44947373 ], [ -104.68759672, 38.45766389 ], [ -104.68759717, 38.49036599 ], [ -104.68759776, 38.52306808 ], [ -104.71210866, 38.54757789 ], [ -104.72030095, 38.55577018 ], [ -104.72030185, 38.58847227 ], [ -104.72030288, 38.62117437 ], [ -104.74481074, 38.64568052 ], [ -104.75300668, 38.65387645 ], [ -104.75300806, 38.68657856 ], [ -104.75298647, 38.68657856 ], [ -104.74481074, 38.68172984 ], [ -104.73341397, 38.68657856 ], [ -104.71210866, 38.69502827 ], [ -104.67940657, 38.70898568 ], [ -104.65724541, 38.71928066 ], [ -104.64670447, 38.72382303 ], [ -104.61400237, 38.73879239 ], [ -104.58762165, 38.75198275 ], [ -104.58130027, 38.75492204 ], [ -104.54859818, 38.77106511 ], [ -104.52320793, 38.78468485 ], [ -104.51589608, 38.7883072 ], [ -104.48319398, 38.80567909 ], [ -104.46281855, 38.81738693 ], [ -104.4504919, 38.82392972 ], [ -104.4177898, 38.84265681 ], [ -104.4058032, 38.85008904 ], [ -104.38508771, 38.86186012 ], [ -104.35238561, 38.88224047 ], [ -104.35156082, 38.88279112 ], [ -104.31968351, 38.90220575 ], [ -104.29993585, 38.91549323 ], [ -104.28698141, 38.92344816 ], [ -104.25427932, 38.94493579 ], [ -104.24956571, 38.94819531 ], [ -104.22157722, 38.96574491 ], [ -104.19908485, 38.98089741 ], [ -104.18887514, 38.98704456 ], [ -104.15617304, 39.00780665 ], [ -104.14754051, 39.0135995 ], [ -104.12347095, 39.02773651 ], [ -104.09380072, 39.0463016 ], [ -104.09076885, 39.04791926 ], [ -104.05806675, 39.06583517 ], [ -104.03529294, 39.07900371 ], [ -104.02536465, 39.08362785 ], [ -103.99266256, 39.09900123 ], [ -103.9660241, 39.11170579 ], [ -103.95996046, 39.11391722 ], [ -103.92725838, 39.12579529 ], [ -103.89455628, 39.13799381 ], [ -103.87789091, 39.14440789 ], [ -103.86185419, 39.1504239 ], [ -103.82915209, 39.1633293 ], [ -103.79691064, 39.17710998 ], [ -103.79644999, 39.17730779 ], [ -103.76374789, 39.19210411 ], [ -103.73104579, 39.20896019 ], [ -103.72954212, 39.20981208 ], [ -103.6983437, 39.2298349 ], [ -103.68275618, 39.24251417 ], [ -103.6656416, 39.26174588 ], [ -103.65460602, 39.27521627 ], [ -103.63555703, 39.30791835 ], [ -103.63293952, 39.31529816 ], [ -103.62302889, 39.34062046 ], [ -103.61764696, 39.37332256 ], [ -103.61694176, 39.40602465 ], [ -103.61770365, 39.43872675 ], [ -103.61954711, 39.47142883 ], [ -103.62247136, 39.50413094 ], [ -103.62654005, 39.53683302 ], [ -103.63149455, 39.56953513 ], [ -103.63293952, 39.57976961 ], [ -103.63575991, 39.60223721 ], [ -103.64002305, 39.63493932 ], [ -103.64509954, 39.66764142 ], [ -103.65128935, 39.7003435 ], [ -103.65870602, 39.73304561 ], [ -103.6656416, 39.75919945 ], [ -103.66728287, 39.76574769 ], [ -103.67665268, 39.7984498 ], [ -103.68759033, 39.83115188 ], [ -103.6983437, 39.85955322 ], [ -103.69992185, 39.86385398 ], [ -103.71318619, 39.89655607 ], [ -103.72809542, 39.92925817 ], [ -103.73104579, 39.93523139 ], [ -103.74405087, 39.96196028 ], [ -103.76126254, 39.99466236 ], [ -103.76374789, 39.99911424 ], [ -103.77937561, 40.02736446 ], [ -103.79644999, 40.05647037 ], [ -103.79854685, 40.06006655 ], [ -103.81830702, 40.09276865 ], [ -103.82915209, 40.11029197 ], [ -103.83851779, 40.12547074 ], [ -103.85912618, 40.15817284 ], [ -103.86185419, 40.16239801 ], [ -103.88013094, 40.19087492 ], [ -103.89455628, 40.21274189 ], [ -103.90179035, 40.22357703 ], [ -103.92458652, 40.25627913 ], [ -103.92725838, 40.25981386 ], [ -103.95105566, 40.28898122 ], [ -103.95996046, 40.29872085 ], [ -103.98349478, 40.32168332 ], [ -103.99266256, 40.32932763 ], [ -104.02536465, 40.3533905 ], [ -104.02687727, 40.3543854 ], [ -104.05806675, 40.37252444 ], [ -104.0879801, 40.38708751 ], [ -104.09076885, 40.38828732 ], [ -104.12347095, 40.40004365 ], [ -104.15617304, 40.41058421 ], [ -104.18678491, 40.41978959 ], [ -104.18887514, 40.420372 ], [ -104.22157722, 40.42804068 ], [ -104.25427932, 40.43466474 ], [ -104.28698141, 40.43999778 ], [ -104.31968351, 40.44895769 ], [ -104.33156269, 40.4524917 ], [ -104.35238561, 40.45852072 ], [ -104.38508771, 40.46828042 ], [ -104.4177898, 40.47836841 ], [ -104.43919179, 40.48519378 ], [ -104.4504919, 40.4886844 ], [ -104.48319398, 40.49881448 ], [ -104.51589608, 40.50972292 ], [ -104.53892879, 40.51789589 ], [ -104.54859818, 40.52119164 ], [ -104.58130027, 40.53280939 ], [ -104.61400237, 40.54551989 ], [ -104.62638483, 40.55059799 ], [ -104.64670447, 40.55862712 ], [ -104.67940657, 40.57255122 ], [ -104.70278396, 40.58330007 ], [ -104.71210866, 40.58744105 ], [ -104.74481074, 40.60274658 ], [ -104.77080902, 40.61600218 ], [ -104.77751284, 40.61932192 ], [ -104.81021494, 40.63615292 ], [ -104.84291703, 40.62417933 ] ], [ [ -96.57661315, 39.17710998 ], [ -96.56928696, 39.17959304 ], [ -96.56417564, 39.17710998 ], [ -96.56928696, 39.17488373 ], [ -96.57661315, 39.17710998 ] ], [ [ -102.65563273, 35.74338999 ], [ -102.6548086, 35.7760921 ], [ -102.65187665, 35.80459405 ], [ -102.6514662, 35.80879418 ], [ -102.6467568, 35.84149628 ], [ -102.63992661, 35.87419837 ], [ -102.63138006, 35.90690047 ], [ -102.62117804, 35.93960256 ], [ -102.61917456, 35.94514419 ], [ -102.60976104, 35.97230466 ], [ -102.59686998, 36.00500676 ], [ -102.58647248, 36.02855922 ], [ -102.58258106, 36.03770885 ], [ -102.56725639, 36.07041095 ], [ -102.55377038, 36.09685981 ], [ -102.55068978, 36.10311304 ], [ -102.53310575, 36.13581514 ], [ -102.52106828, 36.15645551 ], [ -102.51422536, 36.16851722 ], [ -102.494262, 36.20121933 ], [ -102.48836619, 36.21019914 ], [ -102.47318528, 36.23392141 ], [ -102.45566409, 36.25934512 ], [ -102.45076518, 36.26662352 ], [ -102.42706416, 36.29932562 ], [ -102.42296199, 36.30458727 ], [ -102.40189177, 36.3320277 ], [ -102.39025989, 36.34623561 ], [ -102.37546439, 36.36472981 ], [ -102.35755779, 36.38631645 ], [ -102.34857828, 36.39743189 ], [ -102.32485572, 36.42574342 ], [ -102.32128872, 36.430134 ], [ -102.29387218, 36.46283608 ], [ -102.29215362, 36.46482535 ], [ -102.26654075, 36.49553819 ], [ -102.25945152, 36.50379356 ], [ -102.23933071, 36.52824027 ], [ -102.22674942, 36.54313968 ], [ -102.21246309, 36.56094237 ], [ -102.19404733, 36.58341658 ], [ -102.18619802, 36.59364446 ], [ -102.16134523, 36.62554532 ], [ -102.16077082, 36.62634656 ], [ -102.13724532, 36.65904867 ], [ -102.12864313, 36.67102204 ], [ -102.11547645, 36.69175075 ], [ -102.09594103, 36.72340395 ], [ -102.09539651, 36.72445285 ], [ -102.07939516, 36.75715494 ], [ -102.0653917, 36.78985704 ], [ -102.06323896, 36.7957722 ], [ -102.05622487, 36.82255913 ], [ -102.05040818, 36.85526123 ], [ -102.04731008, 36.88796331 ], [ -102.04664199, 36.92066542 ], [ -102.04818122, 36.95336752 ], [ -102.05193712, 36.98606961 ], [ -102.05807065, 37.01877171 ], [ -102.06323896, 37.03793411 ], [ -102.06684213, 37.05147379 ], [ -102.07800115, 37.0841759 ], [ -102.09115245, 37.11687798 ], [ -102.09594103, 37.12758063 ], [ -102.10517086, 37.14958009 ], [ -102.11592263, 37.18228217 ], [ -102.11886799, 37.21498427 ], [ -102.11624657, 37.24768638 ], [ -102.09594103, 37.27617272 ], [ -102.09206262, 37.28038846 ], [ -102.06323896, 37.30566028 ], [ -102.05434393, 37.31309057 ], [ -102.03053686, 37.33497401 ], [ -102.01675869, 37.34579265 ], [ -101.99783476, 37.36195784 ], [ -101.97084484, 37.37849476 ], [ -101.96513266, 37.38243923 ], [ -101.93243057, 37.39502674 ], [ -101.89972847, 37.39956168 ], [ -101.86702637, 37.39843523 ], [ -101.83432427, 37.39345201 ], [ -101.80162219, 37.3865285 ], [ -101.7689201, 37.37858484 ], [ -101.76856458, 37.37849476 ], [ -101.736218, 37.3702895 ], [ -101.7035159, 37.37271537 ], [ -101.67889375, 37.37849476 ], [ -101.6708138, 37.38046132 ], [ -101.63811171, 37.38910822 ], [ -101.60540961, 37.3977863 ], [ -101.57270751, 37.40669932 ], [ -101.55730703, 37.41119684 ], [ -101.54000543, 37.41649072 ], [ -101.50730334, 37.42699947 ], [ -101.47460124, 37.43857667 ], [ -101.46065597, 37.44389894 ], [ -101.44189914, 37.45196432 ], [ -101.40919704, 37.46717334 ], [ -101.39045273, 37.47660103 ], [ -101.37649495, 37.48458227 ], [ -101.34379285, 37.50462316 ], [ -101.33657639, 37.50930313 ], [ -101.31109075, 37.52800387 ], [ -101.2933411, 37.54200524 ], [ -101.27838867, 37.55509023 ], [ -101.25733194, 37.57470732 ], [ -101.24568658, 37.58626224 ], [ -101.22544347, 37.60740942 ], [ -101.21298448, 37.62092341 ], [ -101.19558541, 37.64011151 ], [ -101.18028238, 37.65973817 ], [ -101.17002168, 37.67281361 ], [ -101.14916662, 37.7055157 ], [ -101.14758028, 37.70862134 ], [ -101.13243545, 37.7382178 ], [ -101.12001236, 37.77091988 ], [ -101.11487819, 37.79115185 ], [ -101.11169392, 37.80362199 ], [ -101.10725482, 37.83632409 ], [ -101.10478128, 37.86902618 ], [ -101.10385741, 37.90172828 ], [ -101.10436725, 37.93443036 ], [ -101.10614282, 37.96713247 ], [ -101.1090451, 37.99983455 ], [ -101.11273425, 38.03253666 ], [ -101.11487819, 38.05124844 ], [ -101.11681558, 38.06523874 ], [ -101.1209296, 38.09794084 ], [ -101.12410902, 38.13064295 ], [ -101.12221567, 38.16334503 ], [ -101.11487819, 38.17511102 ], [ -101.09501664, 38.19604714 ], [ -101.08217609, 38.20077164 ], [ -101.04947399, 38.21349407 ], [ -101.01677191, 38.22514644 ], [ -101.00773051, 38.22874922 ], [ -100.98406981, 38.23676335 ], [ -100.95136772, 38.25331219 ], [ -100.93435179, 38.26145132 ], [ -100.91866562, 38.26730165 ], [ -100.88596352, 38.27688615 ], [ -100.85326142, 38.28615026 ], [ -100.82839604, 38.29415341 ], [ -100.82055933, 38.29678186 ], [ -100.78785723, 38.3103053 ], [ -100.75813075, 38.32685551 ], [ -100.75515515, 38.32883767 ], [ -100.72245305, 38.35513448 ], [ -100.71634332, 38.3595576 ], [ -100.68975096, 38.38658276 ], [ -100.68163159, 38.3922597 ], [ -100.65704886, 38.41936336 ], [ -100.64901159, 38.42496181 ], [ -100.62434676, 38.45367962 ], [ -100.61882425, 38.45766389 ], [ -100.59164466, 38.48782775 ], [ -100.59006257, 38.49036599 ], [ -100.57258653, 38.52306808 ], [ -100.55894257, 38.54670117 ], [ -100.55599844, 38.55577018 ], [ -100.5404019, 38.58847227 ], [ -100.52624047, 38.61519385 ], [ -100.52380595, 38.62117437 ], [ -100.50515798, 38.65387645 ], [ -100.49353839, 38.67112469 ], [ -100.48383312, 38.68657856 ], [ -100.46083629, 38.71780534 ], [ -100.45972468, 38.71928066 ], [ -100.43088993, 38.75198275 ], [ -100.42813419, 38.75475546 ], [ -100.3954321, 38.78344674 ], [ -100.39370658, 38.78468485 ], [ -100.36273, 38.80427751 ], [ -100.33316445, 38.81738693 ], [ -100.3300279, 38.81864988 ], [ -100.2973258, 38.82652918 ], [ -100.26462371, 38.82903602 ], [ -100.23192163, 38.82694137 ], [ -100.19921953, 38.82098298 ], [ -100.18685201, 38.81738693 ], [ -100.16651743, 38.81171925 ], [ -100.13381534, 38.79972721 ], [ -100.10111324, 38.78485739 ], [ -100.10083519, 38.78468485 ], [ -100.06841114, 38.76462668 ], [ -100.05249567, 38.75198275 ], [ -100.03570904, 38.73886772 ], [ -100.01454366, 38.71928066 ], [ -100.00300695, 38.70759746 ], [ -99.98683973, 38.68657856 ], [ -99.97030487, 38.65874883 ], [ -99.9677767, 38.65387645 ], [ -99.95694371, 38.62117437 ], [ -99.95578646, 38.58847227 ], [ -99.97030487, 38.55606162 ], [ -99.97047657, 38.55577018 ], [ -100.00187146, 38.52306808 ], [ -100.00300695, 38.52157365 ], [ -100.03163491, 38.49036599 ], [ -100.03570904, 38.48442386 ], [ -100.05823929, 38.45766389 ], [ -100.06841114, 38.44186711 ], [ -100.08157478, 38.42496181 ], [ -100.10042679, 38.3922597 ], [ -100.10111324, 38.39022897 ], [ -100.11399024, 38.3595576 ], [ -100.11914258, 38.32685551 ], [ -100.11144954, 38.29415341 ], [ -100.10111324, 38.27861206 ], [ -100.08419614, 38.26145132 ], [ -100.06841114, 38.25085255 ], [ -100.03570904, 38.23600838 ], [ -100.01470932, 38.22874922 ], [ -100.00300695, 38.22124544 ], [ -99.97299752, 38.19604714 ], [ -99.98094069, 38.16334503 ], [ -100.00105514, 38.13064295 ], [ -100.00300695, 38.12815643 ], [ -100.02456892, 38.09794084 ], [ -100.03570904, 38.08299743 ], [ -100.04810263, 38.06523874 ], [ -100.06841114, 38.03595863 ], [ -100.07068779, 38.03253666 ], [ -100.09276096, 37.99983455 ], [ -100.10111324, 37.98713914 ], [ -100.11403251, 37.96713247 ], [ -100.13381534, 37.93596214 ], [ -100.13477338, 37.93443036 ], [ -100.15550991, 37.90172828 ], [ -100.16651743, 37.88449945 ], [ -100.17630105, 37.86902618 ], [ -100.19748767, 37.83632409 ], [ -100.19921953, 37.83376879 ], [ -100.21925187, 37.80362199 ], [ -100.23192163, 37.78536081 ], [ -100.24178041, 37.77091988 ], [ -100.26462371, 37.73942586 ], [ -100.26547195, 37.7382178 ], [ -100.28918086, 37.7055157 ], [ -100.2973258, 37.69504817 ], [ -100.3141662, 37.67281361 ], [ -100.3300279, 37.65303078 ], [ -100.34003123, 37.64011151 ], [ -100.36273, 37.61252563 ], [ -100.36674484, 37.60740942 ], [ -100.39457413, 37.57470732 ], [ -100.3954321, 37.57380658 ], [ -100.42420469, 37.54200524 ], [ -100.42813419, 37.53842562 ], [ -100.45955233, 37.50930313 ], [ -100.46083629, 37.50838213 ], [ -100.49353839, 37.48268702 ], [ -100.50086152, 37.47660103 ], [ -100.52624047, 37.45755719 ], [ -100.54598279, 37.44389894 ], [ -100.55894257, 37.43569163 ], [ -100.59164466, 37.41477799 ], [ -100.59375992, 37.41119684 ], [ -100.61433921, 37.37849476 ], [ -100.62434676, 37.36683674 ], [ -100.65163419, 37.34579265 ], [ -100.65704886, 37.34208231 ], [ -100.68975096, 37.32152759 ], [ -100.70303929, 37.31309057 ], [ -100.72245305, 37.29656826 ], [ -100.73978514, 37.28038846 ], [ -100.75515515, 37.2584135 ], [ -100.76261557, 37.24768638 ], [ -100.78129193, 37.21498427 ], [ -100.78785723, 37.20247285 ], [ -100.79827547, 37.18228217 ], [ -100.81431619, 37.14958009 ], [ -100.82055933, 37.13661614 ], [ -100.82977554, 37.11687798 ], [ -100.84477313, 37.0841759 ], [ -100.85326142, 37.06530752 ], [ -100.85927614, 37.05147379 ], [ -100.87327015, 37.01877171 ], [ -100.88596352, 36.98798205 ], [ -100.88672805, 36.98606961 ], [ -100.89952059, 36.95336752 ], [ -100.9113966, 36.92066542 ], [ -100.91866562, 36.89823801 ], [ -100.92192725, 36.88796331 ], [ -100.93109583, 36.85526123 ], [ -100.93897018, 36.82255913 ], [ -100.94554554, 36.78985704 ], [ -100.95090867, 36.75715494 ], [ -100.95136772, 36.75362143 ], [ -100.95513799, 36.72445285 ], [ -100.95829176, 36.69175075 ], [ -100.96041617, 36.65904867 ], [ -100.96158506, 36.62634656 ], [ -100.96183179, 36.59364446 ], [ -100.96127654, 36.56094237 ], [ -100.96000786, 36.52824027 ], [ -100.95852412, 36.49553819 ], [ -100.95702363, 36.46283608 ], [ -100.95548404, 36.430134 ], [ -100.95407202, 36.39743189 ], [ -100.95282563, 36.36472981 ], [ -100.95182466, 36.3320277 ], [ -100.95136772, 36.31150788 ], [ -100.95109918, 36.29932562 ], [ -100.95076715, 36.26662352 ], [ -100.95079571, 36.23392141 ], [ -100.95117889, 36.20121933 ], [ -100.95136772, 36.19588921 ], [ -100.95235496, 36.16851722 ], [ -100.9539733, 36.13581514 ], [ -100.95624202, 36.10311304 ], [ -100.9592458, 36.07041095 ], [ -100.96304432, 36.03770885 ], [ -100.96772074, 36.00500676 ], [ -100.97339955, 35.97230466 ], [ -100.98015814, 35.93960256 ], [ -100.98406981, 35.9234648 ], [ -100.98816802, 35.90690047 ], [ -100.99755982, 35.87419837 ], [ -101.00846649, 35.84149628 ], [ -101.01677191, 35.8198835 ], [ -101.02115121, 35.80879418 ], [ -101.03579459, 35.7760921 ], [ -101.04947399, 35.74867154 ], [ -101.05219204, 35.74338999 ], [ -101.0703868, 35.71068791 ], [ -101.08217609, 35.6912648 ], [ -101.09052712, 35.6779858 ], [ -101.11291257, 35.6452837 ], [ -101.11487819, 35.64261389 ], [ -101.13790297, 35.61258162 ], [ -101.14758028, 35.60096876 ], [ -101.16604083, 35.57987951 ], [ -101.18028238, 35.56488179 ], [ -101.19809191, 35.54717743 ], [ -101.21298448, 35.53353951 ], [ -101.23532714, 35.51447532 ], [ -101.24568658, 35.50637348 ], [ -101.27838867, 35.48291678 ], [ -101.28013551, 35.48177324 ], [ -101.31109075, 35.46328839 ], [ -101.33858944, 35.44907114 ], [ -101.34379285, 35.44663494 ], [ -101.37649495, 35.43350205 ], [ -101.40919704, 35.42313789 ], [ -101.43808984, 35.41636905 ], [ -101.44189914, 35.41553938 ], [ -101.47460124, 35.41052235 ], [ -101.50730334, 35.40785869 ], [ -101.54000543, 35.40746092 ], [ -101.57270751, 35.40920694 ], [ -101.60540961, 35.41275823 ], [ -101.62847561, 35.41636905 ], [ -101.63811171, 35.41776516 ], [ -101.6708138, 35.42356519 ], [ -101.7035159, 35.42937296 ], [ -101.736218, 35.43372076 ], [ -101.7689201, 35.43780342 ], [ -101.80162219, 35.44434293 ], [ -101.83357173, 35.44907114 ], [ -101.83432427, 35.44918172 ], [ -101.83485565, 35.44907114 ], [ -101.86702637, 35.44200694 ], [ -101.89972847, 35.42171801 ], [ -101.90502016, 35.41636905 ], [ -101.93243057, 35.38824524 ], [ -101.93677995, 35.38366695 ], [ -101.96513266, 35.3540107 ], [ -101.96814905, 35.35096484 ], [ -101.99783476, 35.32107495 ], [ -102.00085277, 35.31826276 ], [ -102.03053686, 35.29053936 ], [ -102.03658985, 35.28556065 ], [ -102.06323896, 35.26327012 ], [ -102.08041101, 35.25285857 ], [ -102.09594103, 35.2422182 ], [ -102.12864313, 35.23296244 ], [ -102.16134523, 35.23287883 ], [ -102.19404733, 35.23887124 ], [ -102.22674942, 35.24889661 ], [ -102.23724954, 35.25285857 ], [ -102.25945152, 35.26202432 ], [ -102.29215362, 35.27726957 ], [ -102.30868084, 35.28556065 ], [ -102.32485572, 35.29444219 ], [ -102.35755779, 35.31327199 ], [ -102.3659705, 35.31826276 ], [ -102.39025989, 35.33409919 ], [ -102.41538558, 35.35096484 ], [ -102.42296199, 35.35660094 ], [ -102.45566409, 35.38140402 ], [ -102.45862079, 35.38366695 ], [ -102.48836619, 35.40920814 ], [ -102.49660415, 35.41636905 ], [ -102.52106828, 35.44049008 ], [ -102.52968389, 35.44907114 ], [ -102.55377038, 35.47665402 ], [ -102.55822273, 35.48177324 ], [ -102.58259504, 35.51447532 ], [ -102.58647248, 35.52065759 ], [ -102.60310534, 35.54717743 ], [ -102.61917456, 35.5788845 ], [ -102.61968181, 35.57987951 ], [ -102.63306141, 35.61258162 ], [ -102.64304301, 35.6452837 ], [ -102.64995991, 35.6779858 ], [ -102.65187665, 35.69318016 ], [ -102.65411391, 35.71068791 ], [ -102.65563273, 35.74338999 ] ], [ [ -97.05015998, 38.3922597 ], [ -97.0466852, 38.42496181 ], [ -97.03936958, 38.45766389 ], [ -97.02810562, 38.49036599 ], [ -97.0271163, 38.49265529 ], [ -97.01399692, 38.52306808 ], [ -96.99519494, 38.55577018 ], [ -96.9944142, 38.55692168 ], [ -96.97106126, 38.58847227 ], [ -96.96171211, 38.59847678 ], [ -96.93742615, 38.62117437 ], [ -96.92901001, 38.62762352 ], [ -96.89630791, 38.64960345 ], [ -96.88937401, 38.65387645 ], [ -96.86360581, 38.66780429 ], [ -96.83090372, 38.68381084 ], [ -96.82542201, 38.68657856 ], [ -96.79820164, 38.69960387 ], [ -96.76549954, 38.71866227 ], [ -96.76475184, 38.71928066 ], [ -96.73279744, 38.74562085 ], [ -96.72720221, 38.75198275 ], [ -96.70009535, 38.78246671 ], [ -96.69865284, 38.78468485 ], [ -96.6781834, 38.81738693 ], [ -96.66739325, 38.83537477 ], [ -96.65827295, 38.85008904 ], [ -96.64122567, 38.88279112 ], [ -96.63469115, 38.89937155 ], [ -96.62560346, 38.91549323 ], [ -96.61067059, 38.94819531 ], [ -96.60198905, 38.9733815 ], [ -96.59686924, 38.98089741 ], [ -96.58082881, 39.0135995 ], [ -96.57041992, 39.0463016 ], [ -96.56928696, 39.05349635 ], [ -96.55264148, 39.07900371 ], [ -96.53913521, 39.11170579 ], [ -96.53658488, 39.12305362 ], [ -96.53409064, 39.11170579 ], [ -96.50388278, 39.08716245 ], [ -96.49827688, 39.07900371 ], [ -96.47118068, 39.05807075 ], [ -96.45946666, 39.0463016 ], [ -96.43847858, 39.03166535 ], [ -96.41727387, 39.0135995 ], [ -96.40577649, 39.00555142 ], [ -96.37681774, 38.98089741 ], [ -96.37307439, 38.97806972 ], [ -96.34037229, 38.94885994 ], [ -96.33971067, 38.94819531 ], [ -96.30767019, 38.91760769 ], [ -96.30568038, 38.91549323 ], [ -96.27496812, 38.88388167 ], [ -96.27400633, 38.88279112 ], [ -96.24451856, 38.85008904 ], [ -96.24226602, 38.84765067 ], [ -96.21677269, 38.81738693 ], [ -96.20956392, 38.80903088 ], [ -96.19017097, 38.78468485 ], [ -96.17686182, 38.76842382 ], [ -96.16430895, 38.75198275 ], [ -96.14415973, 38.72651754 ], [ -96.13876443, 38.71928066 ], [ -96.11330975, 38.68657856 ], [ -96.11145763, 38.68429101 ], [ -96.08793538, 38.65387645 ], [ -96.07875553, 38.64232172 ], [ -96.06246959, 38.62117437 ], [ -96.04605343, 38.60060812 ], [ -96.03653672, 38.58847227 ], [ -96.01335136, 38.56043168 ], [ -96.009497, 38.55577018 ], [ -95.98064926, 38.52334205 ], [ -95.98040086, 38.52306808 ], [ -95.9482108, 38.49036599 ], [ -95.94794716, 38.49012031 ], [ -95.91524506, 38.46084264 ], [ -95.91150773, 38.45766389 ], [ -95.88254297, 38.43496683 ], [ -95.86879728, 38.42496181 ], [ -95.84984087, 38.41172814 ], [ -95.81750083, 38.3922597 ], [ -95.81713877, 38.39204954 ], [ -95.78443667, 38.37565568 ], [ -95.75173457, 38.36113033 ], [ -95.74828224, 38.3595576 ], [ -95.7190325, 38.34608302 ], [ -95.6863304, 38.33053041 ], [ -95.67907343, 38.32685551 ], [ -95.6536283, 38.31363182 ], [ -95.6209262, 38.29584207 ], [ -95.61800468, 38.29415341 ], [ -95.58822411, 38.27591123 ], [ -95.56712282, 38.26145132 ], [ -95.55552201, 38.25266129 ], [ -95.52914022, 38.22874922 ], [ -95.52281991, 38.22183221 ], [ -95.50450977, 38.19604714 ], [ -95.49011781, 38.16409535 ], [ -95.4898737, 38.16334503 ], [ -95.48443412, 38.13064295 ], [ -95.48425605, 38.09794084 ], [ -95.4880632, 38.06523874 ], [ -95.49011781, 38.05657 ], [ -95.49604701, 38.03253666 ], [ -95.50750168, 37.99983455 ], [ -95.52130556, 37.96713247 ], [ -95.52281991, 37.96402701 ], [ -95.5379157, 37.93443036 ], [ -95.55500923, 37.90172828 ], [ -95.55552201, 37.90081496 ], [ -95.57433909, 37.86902618 ], [ -95.58822411, 37.8466442 ], [ -95.59504091, 37.83632409 ], [ -95.61873865, 37.80362199 ], [ -95.6209262, 37.80109427 ], [ -95.64728605, 37.77091988 ], [ -95.6536283, 37.76400912 ], [ -95.67522024, 37.7382178 ], [ -95.6863304, 37.72561532 ], [ -95.70543769, 37.7055157 ], [ -95.7190325, 37.69060955 ], [ -95.73978459, 37.67281361 ], [ -95.75173457, 37.660691 ], [ -95.78414072, 37.64011151 ], [ -95.78443667, 37.6398646 ], [ -95.81713877, 37.62767399 ], [ -95.84984087, 37.62732193 ], [ -95.88254297, 37.63980191 ], [ -95.88295246, 37.64011151 ], [ -95.91524506, 37.66515485 ], [ -95.92167681, 37.67281361 ], [ -95.94609519, 37.7055157 ], [ -95.94794716, 37.70835857 ], [ -95.96639078, 37.7382178 ], [ -95.98064926, 37.75793447 ], [ -95.99065618, 37.77091988 ], [ -96.01335136, 37.79706337 ], [ -96.01936115, 37.80362199 ], [ -96.04605343, 37.83018677 ], [ -96.05249412, 37.83632409 ], [ -96.07875553, 37.85941034 ], [ -96.09015104, 37.86902618 ], [ -96.11145763, 37.88583066 ], [ -96.13257568, 37.90172828 ], [ -96.14415973, 37.9104796 ], [ -96.17686182, 37.93088299 ], [ -96.18453973, 37.93443036 ], [ -96.20956392, 37.94648791 ], [ -96.24226602, 37.95732686 ], [ -96.27496812, 37.96517283 ], [ -96.28935988, 37.96713247 ], [ -96.30767019, 37.96974308 ], [ -96.34037229, 37.97142715 ], [ -96.37307439, 37.97056985 ], [ -96.40577649, 37.96731551 ], [ -96.40693724, 37.96713247 ], [ -96.43847858, 37.96179042 ], [ -96.47118068, 37.95437734 ], [ -96.50388278, 37.94544738 ], [ -96.53658488, 37.93546052 ], [ -96.54003977, 37.93443036 ], [ -96.56928696, 37.92451257 ], [ -96.60198905, 37.91544183 ], [ -96.63469115, 37.91116977 ], [ -96.66739325, 37.91234574 ], [ -96.70009535, 37.92023241 ], [ -96.72849093, 37.93443036 ], [ -96.73279744, 37.93660358 ], [ -96.76549954, 37.96135477 ], [ -96.77108373, 37.96713247 ], [ -96.79820164, 37.99533718 ], [ -96.80166206, 37.99983455 ], [ -96.82717788, 38.03253666 ], [ -96.83090372, 38.03723319 ], [ -96.85006221, 38.06523874 ], [ -96.86360581, 38.08449579 ], [ -96.87204421, 38.09794084 ], [ -96.89390949, 38.13064295 ], [ -96.89630791, 38.13392818 ], [ -96.91624862, 38.16334503 ], [ -96.92901001, 38.17999226 ], [ -96.94081898, 38.19604714 ], [ -96.96171211, 38.22166087 ], [ -96.96754715, 38.22874922 ], [ -96.99171632, 38.26145132 ], [ -96.9944142, 38.26580497 ], [ -97.01463406, 38.29415341 ], [ -97.0271163, 38.31647555 ], [ -97.0343903, 38.32685551 ], [ -97.04716974, 38.3595576 ], [ -97.05015998, 38.3922597 ] ], [ [ -102.13323884, 39.66764142 ], [ -102.12864313, 39.6693854 ], [ -102.09594103, 39.69091439 ], [ -102.08621761, 39.7003435 ], [ -102.06323896, 39.71148472 ], [ -102.03053686, 39.73074476 ], [ -102.02757861, 39.73304561 ], [ -101.99783476, 39.74902917 ], [ -101.96795889, 39.76574769 ], [ -101.96513266, 39.76692318 ], [ -101.93243057, 39.78355497 ], [ -101.90277998, 39.7984498 ], [ -101.89972847, 39.79963601 ], [ -101.86702637, 39.81470304 ], [ -101.83432427, 39.8293418 ], [ -101.83077606, 39.83115188 ], [ -101.80162219, 39.84328098 ], [ -101.7689201, 39.85691416 ], [ -101.75337444, 39.86385398 ], [ -101.736218, 39.87033156 ], [ -101.7035159, 39.8835126 ], [ -101.67205921, 39.89655607 ], [ -101.6708138, 39.8970026 ], [ -101.63811171, 39.91059971 ], [ -101.60540961, 39.92454251 ], [ -101.59269793, 39.92925817 ], [ -101.57270751, 39.93617535 ], [ -101.54000543, 39.94719504 ], [ -101.50730334, 39.95700234 ], [ -101.48418289, 39.96196028 ], [ -101.47460124, 39.96388261 ], [ -101.44189914, 39.96772283 ], [ -101.40919704, 39.96951005 ], [ -101.37649495, 39.969265 ], [ -101.34379285, 39.96642705 ], [ -101.32098395, 39.96196028 ], [ -101.31109075, 39.95909253 ], [ -101.27838867, 39.94217321 ], [ -101.26371861, 39.92925817 ], [ -101.24577097, 39.89655607 ], [ -101.24568658, 39.89619226 ], [ -101.23943325, 39.86385398 ], [ -101.23942037, 39.83115188 ], [ -101.24457768, 39.7984498 ], [ -101.24568658, 39.79508386 ], [ -101.25512055, 39.76574769 ], [ -101.2715698, 39.73304561 ], [ -101.27838867, 39.72373629 ], [ -101.29642451, 39.7003435 ], [ -101.31109075, 39.68605813 ], [ -101.33301765, 39.66764142 ], [ -101.34379285, 39.66015898 ], [ -101.37649495, 39.64099086 ], [ -101.38804761, 39.63493932 ], [ -101.40919704, 39.62483004 ], [ -101.44189914, 39.60923499 ], [ -101.45597272, 39.60223721 ], [ -101.47460124, 39.59334431 ], [ -101.50730334, 39.57658474 ], [ -101.52059013, 39.56953513 ], [ -101.54000543, 39.55763827 ], [ -101.57270751, 39.5388039 ], [ -101.57697026, 39.53683302 ], [ -101.60540961, 39.52093967 ], [ -101.63811171, 39.50634609 ], [ -101.64507138, 39.50413094 ], [ -101.6708138, 39.49378913 ], [ -101.7035159, 39.48468765 ], [ -101.736218, 39.47908956 ], [ -101.7689201, 39.47665308 ], [ -101.80162219, 39.47698454 ], [ -101.83432427, 39.47984696 ], [ -101.86702637, 39.48593195 ], [ -101.89972847, 39.49834596 ], [ -101.91021759, 39.50413094 ], [ -101.93243057, 39.51617738 ], [ -101.96382572, 39.53683302 ], [ -101.96513266, 39.53782265 ], [ -101.99783476, 39.55978505 ], [ -102.01491086, 39.56953513 ], [ -102.03053686, 39.58219144 ], [ -102.06195648, 39.60223721 ], [ -102.06323896, 39.6036955 ], [ -102.09594103, 39.62825248 ], [ -102.10998343, 39.63493932 ], [ -102.12864313, 39.66488969 ], [ -102.13323884, 39.66764142 ] ], [ [ -97.79993261, 37.44389894 ], [ -97.78274984, 37.47660103 ], [ -97.77926449, 37.48058853 ], [ -97.75519951, 37.50930313 ], [ -97.74656239, 37.51738894 ], [ -97.72197882, 37.54200524 ], [ -97.71386029, 37.54930903 ], [ -97.6887619, 37.57470732 ], [ -97.68115819, 37.58202585 ], [ -97.6568254, 37.60740942 ], [ -97.6484561, 37.61577871 ], [ -97.62540408, 37.64011151 ], [ -97.615754, 37.64966301 ], [ -97.59324713, 37.67281361 ], [ -97.58305192, 37.68236396 ], [ -97.55867551, 37.7055157 ], [ -97.55034982, 37.71250626 ], [ -97.51927106, 37.7382178 ], [ -97.51764773, 37.73942839 ], [ -97.48494563, 37.76272374 ], [ -97.47388209, 37.77091988 ], [ -97.45224353, 37.78672815 ], [ -97.4316379, 37.80362199 ], [ -97.41954143, 37.81310155 ], [ -97.39161275, 37.83632409 ], [ -97.38683934, 37.8397951 ], [ -97.35413724, 37.85694386 ], [ -97.32143516, 37.85204812 ], [ -97.29191834, 37.83632409 ], [ -97.28873306, 37.83443998 ], [ -97.25603097, 37.81178077 ], [ -97.24503885, 37.80362199 ], [ -97.22332887, 37.78461969 ], [ -97.20805499, 37.77091988 ], [ -97.19062677, 37.75035872 ], [ -97.17924598, 37.7382178 ], [ -97.15809952, 37.7055157 ], [ -97.15792467, 37.70504253 ], [ -97.14388714, 37.67281361 ], [ -97.14354743, 37.64011151 ], [ -97.15792467, 37.62134109 ], [ -97.17189952, 37.60740942 ], [ -97.19062677, 37.59981034 ], [ -97.22332887, 37.59018587 ], [ -97.25603097, 37.58585735 ], [ -97.28873306, 37.5868853 ], [ -97.32143516, 37.58612013 ], [ -97.35086572, 37.57470732 ], [ -97.35413724, 37.57366327 ], [ -97.38683934, 37.55026911 ], [ -97.39774106, 37.54200524 ], [ -97.41954143, 37.5254206 ], [ -97.43963429, 37.50930313 ], [ -97.45224353, 37.49883872 ], [ -97.47699965, 37.47660103 ], [ -97.48494563, 37.46915043 ], [ -97.51030614, 37.44389894 ], [ -97.51764773, 37.43723629 ], [ -97.54560423, 37.41119684 ], [ -97.55034982, 37.40826691 ], [ -97.58305192, 37.39045016 ], [ -97.615754, 37.37972014 ], [ -97.61887241, 37.37849476 ], [ -97.6484561, 37.37512798 ], [ -97.68115819, 37.37524601 ], [ -97.71386029, 37.37782318 ], [ -97.72055341, 37.37849476 ], [ -97.74656239, 37.38794624 ], [ -97.77926449, 37.40197444 ], [ -97.79548452, 37.41119684 ], [ -97.79993261, 37.44389894 ] ], [ [ -101.9449729, 40.06006655 ], [ -101.94185, 40.09276865 ], [ -101.93612198, 40.12547074 ], [ -101.93243057, 40.14044003 ], [ -101.92845132, 40.15817284 ], [ -101.91926733, 40.19087492 ], [ -101.90864207, 40.22357703 ], [ -101.89972847, 40.2476984 ], [ -101.89656872, 40.25627913 ], [ -101.88281119, 40.28898122 ], [ -101.86734188, 40.32168332 ], [ -101.86702637, 40.32226832 ], [ -101.83950031, 40.3543854 ], [ -101.83432427, 40.35670437 ], [ -101.80162219, 40.36191925 ], [ -101.7689201, 40.36281263 ], [ -101.736218, 40.36188022 ], [ -101.7035159, 40.3631786 ], [ -101.6708138, 40.36577039 ], [ -101.63811171, 40.36788799 ], [ -101.60540961, 40.36836002 ], [ -101.57270751, 40.36630451 ], [ -101.54000543, 40.36312363 ], [ -101.50730334, 40.35929528 ], [ -101.47460124, 40.35474521 ], [ -101.47203451, 40.3543854 ], [ -101.44189914, 40.35045141 ], [ -101.40919704, 40.34506938 ], [ -101.37649495, 40.33835039 ], [ -101.34379285, 40.33024143 ], [ -101.31405536, 40.32168332 ], [ -101.31109075, 40.32076836 ], [ -101.27838867, 40.31036658 ], [ -101.24568658, 40.29769989 ], [ -101.22482814, 40.28898122 ], [ -101.21298448, 40.28284579 ], [ -101.18028238, 40.26511967 ], [ -101.16422625, 40.25627913 ], [ -101.14758028, 40.24334301 ], [ -101.12117571, 40.22357703 ], [ -101.11487819, 40.21593868 ], [ -101.08958001, 40.19087492 ], [ -101.08217609, 40.17697606 ], [ -101.06460449, 40.15817284 ], [ -101.04947399, 40.14139254 ], [ -101.01677191, 40.1346363 ], [ -100.98406981, 40.13527008 ], [ -100.95136772, 40.13692595 ], [ -100.91866562, 40.13840331 ], [ -100.88596352, 40.13815021 ], [ -100.85326142, 40.13640486 ], [ -100.82055933, 40.13241262 ], [ -100.78785723, 40.12714906 ], [ -100.78267309, 40.12547074 ], [ -100.75515515, 40.11871534 ], [ -100.72245305, 40.10745615 ], [ -100.69501069, 40.09276865 ], [ -100.68975096, 40.09085594 ], [ -100.65704886, 40.07218546 ], [ -100.64414292, 40.06006655 ], [ -100.62434676, 40.04274525 ], [ -100.61325255, 40.02736446 ], [ -100.59239027, 39.99466236 ], [ -100.59164466, 39.99349803 ], [ -100.57606749, 39.96196028 ], [ -100.56072825, 39.92925817 ], [ -100.55894257, 39.92560785 ], [ -100.54636429, 39.89655607 ], [ -100.53164282, 39.86385398 ], [ -100.52624047, 39.85171571 ], [ -100.51734086, 39.83115188 ], [ -100.50195693, 39.7984498 ], [ -100.49353839, 39.77765899 ], [ -100.4880151, 39.76574769 ], [ -100.47206831, 39.73304561 ], [ -100.46083629, 39.70927043 ], [ -100.45497427, 39.7003435 ], [ -100.43268221, 39.66764142 ], [ -100.42813419, 39.66131206 ], [ -100.40108462, 39.63493932 ], [ -100.3954321, 39.63021557 ], [ -100.37140216, 39.60223721 ], [ -100.36273, 39.59262078 ], [ -100.34910116, 39.56953513 ], [ -100.3300279, 39.54480035 ], [ -100.32529174, 39.53683302 ], [ -100.30080089, 39.50413094 ], [ -100.2973258, 39.50026191 ], [ -100.27405233, 39.47142883 ], [ -100.26462371, 39.46187522 ], [ -100.24060008, 39.43872675 ], [ -100.23192163, 39.43159276 ], [ -100.19921953, 39.40799418 ], [ -100.19613171, 39.40602465 ], [ -100.16651743, 39.38885962 ], [ -100.13381534, 39.37395842 ], [ -100.13230991, 39.37332256 ], [ -100.10111324, 39.36073656 ], [ -100.06841114, 39.34936273 ], [ -100.04174316, 39.34062046 ], [ -100.03570904, 39.33865714 ], [ -100.00300695, 39.32705342 ], [ -99.97030487, 39.31485115 ], [ -99.95419784, 39.30791835 ], [ -99.93760277, 39.30060296 ], [ -99.90490067, 39.28348068 ], [ -99.89199704, 39.27521627 ], [ -99.87219858, 39.26215636 ], [ -99.84637183, 39.24251417 ], [ -99.83949648, 39.23698482 ], [ -99.80679438, 39.21023376 ], [ -99.80628445, 39.20981208 ], [ -99.77409228, 39.18206663 ], [ -99.76835646, 39.17710998 ], [ -99.74139018, 39.15286605 ], [ -99.73225975, 39.14440789 ], [ -99.70868809, 39.12098627 ], [ -99.70038118, 39.11170579 ], [ -99.67615393, 39.07900371 ], [ -99.67598601, 39.07872805 ], [ -99.65954912, 39.0463016 ], [ -99.64744664, 39.0135995 ], [ -99.64328391, 38.99774285 ], [ -99.63964482, 38.98089741 ], [ -99.63598503, 38.94819531 ], [ -99.63508462, 38.91549323 ], [ -99.6356038, 38.88279112 ], [ -99.63640555, 38.85008904 ], [ -99.63655426, 38.81738693 ], [ -99.63542563, 38.78468485 ], [ -99.6325749, 38.75198275 ], [ -99.62770623, 38.71928066 ], [ -99.62042869, 38.68657856 ], [ -99.61110349, 38.65387645 ], [ -99.61058181, 38.65194038 ], [ -99.60290334, 38.62117437 ], [ -99.59556246, 38.58847227 ], [ -99.59001525, 38.55577018 ], [ -99.58749953, 38.52306808 ], [ -99.58956862, 38.49036599 ], [ -99.59894125, 38.45766389 ], [ -99.61058181, 38.44147635 ], [ -99.6249213, 38.42496181 ], [ -99.64328391, 38.41158744 ], [ -99.67598601, 38.40256679 ], [ -99.70868809, 38.39998854 ], [ -99.74139018, 38.40158078 ], [ -99.77409228, 38.4076988 ], [ -99.80679438, 38.41978238 ], [ -99.81614199, 38.42496181 ], [ -99.83949648, 38.4478204 ], [ -99.84653188, 38.45766389 ], [ -99.85608186, 38.49036599 ], [ -99.85303034, 38.52306808 ], [ -99.8466655, 38.55577018 ], [ -99.85548303, 38.58847227 ], [ -99.86975937, 38.62117437 ], [ -99.87219858, 38.62578877 ], [ -99.88498394, 38.65387645 ], [ -99.90212036, 38.68657856 ], [ -99.90490067, 38.69142459 ], [ -99.92035586, 38.71928066 ], [ -99.93760277, 38.74761247 ], [ -99.94052972, 38.75198275 ], [ -99.96304038, 38.78468485 ], [ -99.97030487, 38.79429339 ], [ -99.99212943, 38.81738693 ], [ -100.00300695, 38.82865665 ], [ -100.02612856, 38.85008904 ], [ -100.03570904, 38.85919418 ], [ -100.06352748, 38.88279112 ], [ -100.06841114, 38.88723641 ], [ -100.10111324, 38.91188914 ], [ -100.10682312, 38.91549323 ], [ -100.13381534, 38.93511541 ], [ -100.15605625, 38.94819531 ], [ -100.16651743, 38.95560037 ], [ -100.19921953, 38.97372337 ], [ -100.21672977, 38.98089741 ], [ -100.23192163, 38.98843143 ], [ -100.26462371, 38.99905377 ], [ -100.2973258, 39.00402714 ], [ -100.3300279, 39.0030382 ], [ -100.36273, 38.99529905 ], [ -100.39409775, 38.98089741 ], [ -100.3954321, 38.98033289 ], [ -100.42813419, 38.96026197 ], [ -100.44298936, 38.94819531 ], [ -100.46083629, 38.9342459 ], [ -100.48076713, 38.91549323 ], [ -100.49353839, 38.9036519 ], [ -100.51349495, 38.88279112 ], [ -100.52624047, 38.8694467 ], [ -100.54355016, 38.85008904 ], [ -100.55894257, 38.83287551 ], [ -100.57230813, 38.81738693 ], [ -100.59164466, 38.79515925 ], [ -100.60068088, 38.78468485 ], [ -100.62434676, 38.75814797 ], [ -100.62996982, 38.75198275 ], [ -100.65704886, 38.72443471 ], [ -100.66257791, 38.71928066 ], [ -100.68975096, 38.69750189 ], [ -100.70735949, 38.68657856 ], [ -100.72245305, 38.67826718 ], [ -100.75515515, 38.66151977 ], [ -100.77092814, 38.65387645 ], [ -100.78785723, 38.64416493 ], [ -100.82055933, 38.62683124 ], [ -100.83743315, 38.62117437 ], [ -100.85326142, 38.61450538 ], [ -100.88596352, 38.60826636 ], [ -100.91866562, 38.60822402 ], [ -100.95136772, 38.6140235 ], [ -100.96953522, 38.62117437 ], [ -100.98406981, 38.62616289 ], [ -101.01677191, 38.64743299 ], [ -101.02239673, 38.65387645 ], [ -101.04947399, 38.68307298 ], [ -101.05169379, 38.68657856 ], [ -101.07351665, 38.71928066 ], [ -101.08217609, 38.73241004 ], [ -101.09355939, 38.75198275 ], [ -101.11265409, 38.78468485 ], [ -101.11487819, 38.78859847 ], [ -101.13244781, 38.81738693 ], [ -101.14758028, 38.84278772 ], [ -101.15288666, 38.85008904 ], [ -101.17538258, 38.88279112 ], [ -101.18028238, 38.89066655 ], [ -101.20139411, 38.91549323 ], [ -101.21298448, 38.93289464 ], [ -101.23321892, 38.94819531 ], [ -101.24568658, 38.95711003 ], [ -101.27838867, 38.97363034 ], [ -101.29179003, 38.98089741 ], [ -101.31109075, 38.98846239 ], [ -101.34379285, 39.003134 ], [ -101.36629041, 39.0135995 ], [ -101.37649495, 39.01764744 ], [ -101.40919704, 39.03198109 ], [ -101.43916908, 39.0463016 ], [ -101.44189914, 39.04751701 ], [ -101.47460124, 39.06363245 ], [ -101.50213897, 39.07900371 ], [ -101.50730334, 39.08206066 ], [ -101.54000543, 39.10364501 ], [ -101.5511922, 39.11170579 ], [ -101.57270751, 39.13016825 ], [ -101.58826088, 39.14440789 ], [ -101.60540961, 39.16422617 ], [ -101.61637606, 39.17710998 ], [ -101.6370187, 39.20981208 ], [ -101.63811171, 39.21214119 ], [ -101.65312175, 39.24251417 ], [ -101.66347732, 39.27521627 ], [ -101.66920094, 39.30791835 ], [ -101.6708138, 39.33613824 ], [ -101.67110911, 39.34062046 ], [ -101.6708138, 39.34182886 ], [ -101.66533842, 39.37332256 ], [ -101.64691126, 39.40602465 ], [ -101.63811171, 39.41434238 ], [ -101.61841882, 39.43872675 ], [ -101.60540961, 39.44944166 ], [ -101.58382247, 39.47142883 ], [ -101.57270751, 39.47985361 ], [ -101.54522885, 39.50413094 ], [ -101.54000543, 39.50780293 ], [ -101.50730334, 39.53284398 ], [ -101.5022296, 39.53683302 ], [ -101.47460124, 39.55429207 ], [ -101.44823026, 39.56953513 ], [ -101.44189914, 39.57268204 ], [ -101.40919704, 39.58803763 ], [ -101.37915913, 39.60223721 ], [ -101.37649495, 39.60353652 ], [ -101.34379285, 39.62040024 ], [ -101.3192667, 39.63493932 ], [ -101.31109075, 39.64052379 ], [ -101.27838867, 39.6670499 ], [ -101.2776802, 39.66764142 ], [ -101.24599733, 39.7003435 ], [ -101.24568658, 39.7007713 ], [ -101.22203256, 39.73304561 ], [ -101.21298448, 39.75076745 ], [ -101.20488983, 39.76574769 ], [ -101.19236514, 39.7984498 ], [ -101.18399889, 39.83115188 ], [ -101.18028238, 39.85513148 ], [ -101.17868935, 39.86385398 ], [ -101.17577388, 39.89655607 ], [ -101.17535841, 39.92925817 ], [ -101.17889692, 39.96196028 ], [ -101.18028238, 39.96649951 ], [ -101.19787723, 39.99466236 ], [ -101.21298448, 40.00230195 ], [ -101.24568658, 40.00834735 ], [ -101.27838867, 40.00962942 ], [ -101.31109075, 40.00916084 ], [ -101.34379285, 40.00780162 ], [ -101.37649495, 40.00581473 ], [ -101.40919704, 40.00322817 ], [ -101.44189914, 39.99989019 ], [ -101.47460124, 39.99543867 ], [ -101.47853232, 39.99466236 ], [ -101.50730334, 39.9889004 ], [ -101.54000543, 39.97905451 ], [ -101.57270751, 39.96744593 ], [ -101.58757656, 39.96196028 ], [ -101.60540961, 39.95549099 ], [ -101.63811171, 39.9453095 ], [ -101.6708138, 39.93633247 ], [ -101.70022367, 39.92925817 ], [ -101.7035159, 39.92836798 ], [ -101.736218, 39.92173352 ], [ -101.7689201, 39.9166353 ], [ -101.80162219, 39.91369182 ], [ -101.83432427, 39.91394504 ], [ -101.86702637, 39.91928221 ], [ -101.89208375, 39.92925817 ], [ -101.89972847, 39.93378114 ], [ -101.92668781, 39.96196028 ], [ -101.93243057, 39.97382788 ], [ -101.93999407, 39.99466236 ], [ -101.94488239, 40.02736446 ], [ -101.9449729, 40.06006655 ] ], [ [ -98.60270999, 37.7055157 ], [ -98.6017295, 37.7382178 ], [ -98.59759744, 37.77091988 ], [ -98.59681687, 37.77662561 ], [ -98.59338177, 37.80362199 ], [ -98.59103216, 37.83632409 ], [ -98.59119129, 37.86902618 ], [ -98.59296356, 37.90172828 ], [ -98.59437784, 37.93443036 ], [ -98.59330707, 37.96713247 ], [ -98.58921524, 37.99983455 ], [ -98.58365457, 38.03253666 ], [ -98.57770845, 38.06523874 ], [ -98.57228281, 38.09794084 ], [ -98.56753564, 38.13064295 ], [ -98.56411477, 38.15727922 ], [ -98.56289256, 38.16334503 ], [ -98.55761383, 38.19604714 ], [ -98.55449036, 38.22874922 ], [ -98.55429548, 38.26145132 ], [ -98.55824064, 38.29415341 ], [ -98.56411477, 38.31638656 ], [ -98.56618194, 38.32685551 ], [ -98.57465862, 38.3595576 ], [ -98.58671159, 38.3922597 ], [ -98.56506791, 38.42496181 ], [ -98.56411477, 38.42614146 ], [ -98.54672091, 38.45766389 ], [ -98.53141267, 38.48562196 ], [ -98.52910291, 38.49036599 ], [ -98.51032453, 38.52306808 ], [ -98.49871058, 38.54075993 ], [ -98.48581011, 38.55577018 ], [ -98.46600848, 38.57277252 ], [ -98.43330638, 38.58633868 ], [ -98.42356009, 38.58847227 ], [ -98.40060428, 38.59219961 ], [ -98.3679022, 38.59510798 ], [ -98.33520011, 38.59714824 ], [ -98.30249801, 38.60011254 ], [ -98.26979591, 38.60465 ], [ -98.23709381, 38.61139721 ], [ -98.20521083, 38.62117437 ], [ -98.20439172, 38.62140347 ], [ -98.17168962, 38.6348032 ], [ -98.13898752, 38.65347163 ], [ -98.13843609, 38.65387645 ], [ -98.10628544, 38.67641691 ], [ -98.09499276, 38.68657856 ], [ -98.07358335, 38.70520735 ], [ -98.06130723, 38.71928066 ], [ -98.04088125, 38.74216432 ], [ -98.03441313, 38.75198275 ], [ -98.01255115, 38.78468485 ], [ -98.00817915, 38.79112215 ], [ -97.99461687, 38.81738693 ], [ -97.97709238, 38.85008904 ], [ -97.97547705, 38.8531511 ], [ -97.96165156, 38.88279112 ], [ -97.94317475, 38.91549323 ], [ -97.94277496, 38.91607637 ], [ -97.92063145, 38.94819531 ], [ -97.91007286, 38.9591101 ], [ -97.88783716, 38.98089741 ], [ -97.87737076, 38.98844551 ], [ -97.84466868, 39.00931206 ], [ -97.83708892, 39.0135995 ], [ -97.81196658, 39.02824381 ], [ -97.77926449, 39.0441286 ], [ -97.77420994, 39.0463016 ], [ -97.74656239, 39.06074893 ], [ -97.71386029, 39.0740121 ], [ -97.6982783, 39.07900371 ], [ -97.68115819, 39.08626226 ], [ -97.6484561, 39.09509142 ], [ -97.615754, 39.09906901 ], [ -97.58305192, 39.09818109 ], [ -97.55034982, 39.09428399 ], [ -97.51764773, 39.08791407 ], [ -97.48641926, 39.07900371 ], [ -97.48494563, 39.07854678 ], [ -97.45224353, 39.05746696 ], [ -97.43997186, 39.0463016 ], [ -97.41954143, 39.02458895 ], [ -97.40831554, 39.0135995 ], [ -97.38683934, 38.99039604 ], [ -97.3773407, 38.98089741 ], [ -97.35413724, 38.95495626 ], [ -97.34754089, 38.94819531 ], [ -97.32143516, 38.91757044 ], [ -97.31946127, 38.91549323 ], [ -97.29295973, 38.88279112 ], [ -97.28873306, 38.87630709 ], [ -97.26881308, 38.85008904 ], [ -97.25603097, 38.82790403 ], [ -97.24835956, 38.81738693 ], [ -97.23060659, 38.78468485 ], [ -97.22332887, 38.76515073 ], [ -97.21688226, 38.75198275 ], [ -97.20719535, 38.71928066 ], [ -97.20285943, 38.68657856 ], [ -97.20295744, 38.65387645 ], [ -97.20689129, 38.62117437 ], [ -97.21429228, 38.58847227 ], [ -97.22332887, 38.56063744 ], [ -97.22461203, 38.55577018 ], [ -97.23533547, 38.52306808 ], [ -97.24880152, 38.49036599 ], [ -97.25603097, 38.4758524 ], [ -97.26251021, 38.45766389 ], [ -97.2754599, 38.42496181 ], [ -97.28804538, 38.3922597 ], [ -97.28873306, 38.38798356 ], [ -97.29044407, 38.3595576 ], [ -97.29512648, 38.32685551 ], [ -97.29554559, 38.29415341 ], [ -97.28873306, 38.27648743 ], [ -97.26427218, 38.26145132 ], [ -97.25603097, 38.2586186 ], [ -97.22332887, 38.25938748 ], [ -97.19062677, 38.25971812 ], [ -97.15792467, 38.25680454 ], [ -97.12522257, 38.24651349 ], [ -97.09377492, 38.22874922 ], [ -97.09252048, 38.22789402 ], [ -97.0598184, 38.19985981 ], [ -97.05604489, 38.19604714 ], [ -97.03101033, 38.16334503 ], [ -97.0271163, 38.15645199 ], [ -97.01269418, 38.13064295 ], [ -96.9977111, 38.09794084 ], [ -96.9944142, 38.08891817 ], [ -96.98533705, 38.06523874 ], [ -96.97522193, 38.03253666 ], [ -96.96741388, 37.99983455 ], [ -96.96246543, 37.96713247 ], [ -96.96171211, 37.94122046 ], [ -96.96148841, 37.93443036 ], [ -96.96171211, 37.93273314 ], [ -96.96686091, 37.90172828 ], [ -96.98462094, 37.86902618 ], [ -96.9944142, 37.85899405 ], [ -97.0271163, 37.83960766 ], [ -97.04025079, 37.83632409 ], [ -97.0598184, 37.83232169 ], [ -97.09252048, 37.83290155 ], [ -97.10800819, 37.83632409 ], [ -97.12522257, 37.83933906 ], [ -97.15792467, 37.84935719 ], [ -97.19062677, 37.86162758 ], [ -97.2060024, 37.86902618 ], [ -97.22332887, 37.87698509 ], [ -97.25603097, 37.89702459 ], [ -97.26331822, 37.90172828 ], [ -97.28873306, 37.91815248 ], [ -97.32143516, 37.93147598 ], [ -97.35413724, 37.93144475 ], [ -97.38683934, 37.92197134 ], [ -97.41954143, 37.90571095 ], [ -97.42628295, 37.90172828 ], [ -97.45224353, 37.88507195 ], [ -97.47521508, 37.86902618 ], [ -97.48494563, 37.86202048 ], [ -97.51764773, 37.83820507 ], [ -97.52017053, 37.83632409 ], [ -97.55034982, 37.81484909 ], [ -97.56538614, 37.80362199 ], [ -97.58305192, 37.79061416 ], [ -97.60892291, 37.77091988 ], [ -97.615754, 37.76547084 ], [ -97.6484561, 37.73835311 ], [ -97.64861404, 37.7382178 ], [ -97.68115819, 37.70928489 ], [ -97.68545155, 37.7055157 ], [ -97.71386029, 37.68022118 ], [ -97.72284004, 37.67281361 ], [ -97.74656239, 37.65302602 ], [ -97.7626446, 37.64011151 ], [ -97.77926449, 37.6266255 ], [ -97.80239458, 37.60740942 ], [ -97.81196658, 37.59939906 ], [ -97.83907909, 37.57470732 ], [ -97.84466868, 37.5696002 ], [ -97.87110131, 37.54200524 ], [ -97.87737076, 37.53541177 ], [ -97.89854604, 37.50930313 ], [ -97.91007286, 37.49513733 ], [ -97.92335344, 37.47660103 ], [ -97.94277496, 37.45197057 ], [ -97.94862548, 37.44389894 ], [ -97.97547705, 37.41133613 ], [ -97.97558316, 37.41119684 ], [ -98.00176154, 37.37849476 ], [ -98.00817915, 37.37127673 ], [ -98.02564536, 37.34579265 ], [ -98.03746085, 37.31309057 ], [ -98.02310895, 37.28038846 ], [ -98.00817915, 37.26335997 ], [ -97.97547705, 37.25978661 ], [ -97.94277496, 37.27098056 ], [ -97.9163968, 37.28038846 ], [ -97.91007286, 37.28383786 ], [ -97.87737076, 37.30117673 ], [ -97.84466868, 37.31273047 ], [ -97.84359751, 37.31309057 ], [ -97.81196658, 37.32827078 ], [ -97.77926449, 37.3373224 ], [ -97.74656239, 37.34236342 ], [ -97.71386029, 37.34496022 ], [ -97.70543307, 37.34579265 ], [ -97.68115819, 37.35001984 ], [ -97.6484561, 37.35718195 ], [ -97.615754, 37.36195848 ], [ -97.58305192, 37.36647447 ], [ -97.55034982, 37.37541293 ], [ -97.54231579, 37.37849476 ], [ -97.51764773, 37.39545471 ], [ -97.49360096, 37.41119684 ], [ -97.48494563, 37.4192373 ], [ -97.45806696, 37.44389894 ], [ -97.45224353, 37.44945792 ], [ -97.42333498, 37.47660103 ], [ -97.41954143, 37.47993527 ], [ -97.38683934, 37.50651832 ], [ -97.38265457, 37.50930313 ], [ -97.35413724, 37.5289185 ], [ -97.32143516, 37.53923918 ], [ -97.28873306, 37.54162948 ], [ -97.25603097, 37.5398114 ], [ -97.22332887, 37.53614069 ], [ -97.19062677, 37.53262486 ], [ -97.15792467, 37.52795156 ], [ -97.12522257, 37.5211313 ], [ -97.09252048, 37.51079187 ], [ -97.08853756, 37.50930313 ], [ -97.0598184, 37.49733077 ], [ -97.0271163, 37.47696904 ], [ -97.02658857, 37.47660103 ], [ -96.9944142, 37.44623081 ], [ -96.99234073, 37.44389894 ], [ -96.9783759, 37.41119684 ], [ -96.98358616, 37.37849476 ], [ -96.9944142, 37.356449 ], [ -96.99804979, 37.34579265 ], [ -97.01622926, 37.31309057 ], [ -97.0271163, 37.29857222 ], [ -97.03785482, 37.28038846 ], [ -97.0598184, 37.25075027 ], [ -97.06174797, 37.24768638 ], [ -97.0809361, 37.21498427 ], [ -97.09252048, 37.18822302 ], [ -97.09472962, 37.18228217 ], [ -97.1014335, 37.14958009 ], [ -97.10112, 37.11687798 ], [ -97.09252048, 37.08679535 ], [ -97.09180411, 37.0841759 ], [ -97.09252048, 37.08218976 ], [ -97.10333006, 37.05147379 ], [ -97.12074793, 37.01877171 ], [ -97.12522257, 37.01137604 ], [ -97.14290294, 36.98606961 ], [ -97.15792467, 36.96586575 ], [ -97.1714588, 36.95336752 ], [ -97.19062677, 36.93402991 ], [ -97.20819411, 36.92066542 ], [ -97.22332887, 36.90781866 ], [ -97.25439721, 36.88796331 ], [ -97.25603097, 36.88678795 ], [ -97.28873306, 36.87118556 ], [ -97.32143516, 36.86085579 ], [ -97.35347443, 36.85526123 ], [ -97.35413724, 36.85513817 ], [ -97.38683934, 36.85322082 ], [ -97.41954143, 36.8537454 ], [ -97.44601801, 36.85526123 ], [ -97.45224353, 36.85557756 ], [ -97.48494563, 36.85686683 ], [ -97.51764773, 36.85814692 ], [ -97.55034982, 36.85991536 ], [ -97.58305192, 36.86274577 ], [ -97.615754, 36.86721884 ], [ -97.6484561, 36.87382851 ], [ -97.68115819, 36.88319106 ], [ -97.69376043, 36.88796331 ], [ -97.71386029, 36.89529232 ], [ -97.74656239, 36.91080604 ], [ -97.76299723, 36.92066542 ], [ -97.77926449, 36.92993306 ], [ -97.81196658, 36.95267558 ], [ -97.81283738, 36.95336752 ], [ -97.84466868, 36.9750545 ], [ -97.86062277, 36.98606961 ], [ -97.87737076, 36.99520886 ], [ -97.91007286, 37.00966917 ], [ -97.94277496, 37.01428921 ], [ -97.97547705, 37.00557134 ], [ -98.00817915, 36.99489258 ], [ -98.04088125, 36.99873158 ], [ -98.07358335, 36.99666141 ], [ -98.10628544, 36.98613899 ], [ -98.10645824, 36.98606961 ], [ -98.13898752, 36.96969732 ], [ -98.17168962, 36.95369663 ], [ -98.17247341, 36.95336752 ], [ -98.20439172, 36.93721714 ], [ -98.23709381, 36.92321835 ], [ -98.24516263, 36.92066542 ], [ -98.26979591, 36.91045802 ], [ -98.30249801, 36.90065773 ], [ -98.33520011, 36.89538748 ], [ -98.3679022, 36.89796274 ], [ -98.40060428, 36.91871586 ], [ -98.40228677, 36.92066542 ], [ -98.42547951, 36.95336752 ], [ -98.43330638, 36.96851176 ], [ -98.44055818, 36.98606961 ], [ -98.45259336, 37.01877171 ], [ -98.46245239, 37.05147379 ], [ -98.46600848, 37.06363932 ], [ -98.47182269, 37.0841759 ], [ -98.48084777, 37.11687798 ], [ -98.48903478, 37.14958009 ], [ -98.49650436, 37.18228217 ], [ -98.49871058, 37.19163098 ], [ -98.50461971, 37.21498427 ], [ -98.51285381, 37.24768638 ], [ -98.52068328, 37.28038846 ], [ -98.52815656, 37.31309057 ], [ -98.53141267, 37.32594627 ], [ -98.53704965, 37.34579265 ], [ -98.54667458, 37.37849476 ], [ -98.55585273, 37.41119684 ], [ -98.56411477, 37.44267262 ], [ -98.56446859, 37.44389894 ], [ -98.5728645, 37.47660103 ], [ -98.57755244, 37.50930313 ], [ -98.5831784, 37.54200524 ], [ -98.58892159, 37.57470732 ], [ -98.59390761, 37.60740942 ], [ -98.59681687, 37.63251829 ], [ -98.59801707, 37.64011151 ], [ -98.60126533, 37.67281361 ], [ -98.60270999, 37.7055157 ] ], [ [ -100.34295557, 39.7984498 ], [ -100.33592948, 39.83115188 ], [ -100.33474589, 39.86385398 ], [ -100.33257684, 39.89655607 ], [ -100.3300279, 39.90660789 ], [ -100.32353255, 39.92925817 ], [ -100.30143185, 39.96196028 ], [ -100.2973258, 39.96561365 ], [ -100.26462371, 39.98945528 ], [ -100.25557734, 39.99466236 ], [ -100.23192163, 40.00526835 ], [ -100.19921953, 40.01702935 ], [ -100.16651743, 40.02625424 ], [ -100.16193683, 40.02736446 ], [ -100.13381534, 40.03388209 ], [ -100.10111324, 40.04009983 ], [ -100.06841114, 40.04516619 ], [ -100.03570904, 40.04923968 ], [ -100.00300695, 40.05256736 ], [ -99.97030487, 40.05544219 ], [ -99.93760277, 40.05807202 ], [ -99.91267055, 40.06006655 ], [ -99.90490067, 40.06076285 ], [ -99.87219858, 40.063493 ], [ -99.83949648, 40.0645256 ], [ -99.80679438, 40.06362768 ], [ -99.77409228, 40.06030049 ], [ -99.77327313, 40.06006655 ], [ -99.74139018, 40.0485344 ], [ -99.71692338, 40.02736446 ], [ -99.70868809, 40.01935425 ], [ -99.67899013, 39.99466236 ], [ -99.67598601, 39.99241774 ], [ -99.64328391, 39.97010004 ], [ -99.6315277, 39.96196028 ], [ -99.61058181, 39.94874887 ], [ -99.58173775, 39.92925817 ], [ -99.57787972, 39.92686227 ], [ -99.54517762, 39.90449215 ], [ -99.53476639, 39.89655607 ], [ -99.51247552, 39.88095245 ], [ -99.4901213, 39.86385398 ], [ -99.47977342, 39.85642129 ], [ -99.44707133, 39.83134658 ], [ -99.44681661, 39.83115188 ], [ -99.41436925, 39.80775383 ], [ -99.40060336, 39.7984498 ], [ -99.38166715, 39.78594961 ], [ -99.34896505, 39.76615302 ], [ -99.3482624, 39.76574769 ], [ -99.31626296, 39.74724752 ], [ -99.28867165, 39.73304561 ], [ -99.28356086, 39.73035244 ], [ -99.25085876, 39.71421021 ], [ -99.21884528, 39.7003435 ], [ -99.21815666, 39.70003294 ], [ -99.18545457, 39.68614174 ], [ -99.15275249, 39.67392567 ], [ -99.1344034, 39.66764142 ], [ -99.12005039, 39.66207102 ], [ -99.08734829, 39.65122126 ], [ -99.05464619, 39.64282346 ], [ -99.0219441, 39.63705173 ], [ -98.99857041, 39.63493932 ], [ -98.989242, 39.63391751 ], [ -98.9565399, 39.63425489 ], [ -98.95207919, 39.63493932 ], [ -98.9238378, 39.63850066 ], [ -98.89113573, 39.64743043 ], [ -98.85843363, 39.6625254 ], [ -98.85056584, 39.66764142 ], [ -98.82573153, 39.68204289 ], [ -98.80508385, 39.7003435 ], [ -98.79302943, 39.71120055 ], [ -98.77581464, 39.73304561 ], [ -98.76032734, 39.75454633 ], [ -98.75397862, 39.76574769 ], [ -98.736091, 39.7984498 ], [ -98.72762524, 39.81499538 ], [ -98.72022963, 39.83115188 ], [ -98.70563344, 39.86385398 ], [ -98.69492314, 39.88523934 ], [ -98.68874959, 39.89655607 ], [ -98.66618497, 39.92925817 ], [ -98.66222104, 39.93421843 ], [ -98.63480978, 39.96196028 ], [ -98.62951897, 39.96605651 ], [ -98.59681687, 39.98211302 ], [ -98.56411477, 39.99308452 ], [ -98.55115716, 39.99466236 ], [ -98.53141267, 39.99717943 ], [ -98.51373446, 39.99466236 ], [ -98.49871058, 39.99232806 ], [ -98.46600848, 39.9769656 ], [ -98.44857136, 39.96196028 ], [ -98.43330638, 39.93446897 ], [ -98.43145313, 39.92925817 ], [ -98.4231119, 39.89655607 ], [ -98.41727688, 39.86385398 ], [ -98.41556958, 39.83115188 ], [ -98.4151109, 39.7984498 ], [ -98.41405339, 39.76574769 ], [ -98.41241723, 39.73304561 ], [ -98.41009214, 39.7003435 ], [ -98.40683959, 39.66764142 ], [ -98.40220137, 39.63493932 ], [ -98.40060428, 39.62584423 ], [ -98.39611353, 39.60223721 ], [ -98.38764651, 39.56953513 ], [ -98.37572865, 39.53683302 ], [ -98.3679022, 39.51912669 ], [ -98.3606803, 39.50413094 ], [ -98.34125705, 39.47142883 ], [ -98.33520011, 39.46284158 ], [ -98.31566993, 39.43872675 ], [ -98.30249801, 39.42510634 ], [ -98.28032764, 39.40602465 ], [ -98.26979591, 39.39786912 ], [ -98.23709381, 39.37669332 ], [ -98.23105624, 39.37332256 ], [ -98.20439172, 39.35856813 ], [ -98.17168962, 39.34368633 ], [ -98.16428277, 39.34062046 ], [ -98.13898752, 39.3295506 ], [ -98.10628544, 39.31685204 ], [ -98.08091374, 39.30791835 ], [ -98.07358335, 39.30505791 ], [ -98.04088125, 39.29278799 ], [ -98.00817915, 39.28146615 ], [ -97.98800535, 39.27521627 ], [ -97.97547705, 39.27064482 ], [ -97.94277496, 39.26005844 ], [ -97.91007286, 39.25050652 ], [ -97.88022967, 39.24251417 ], [ -97.87737076, 39.24152648 ], [ -97.84466868, 39.23164816 ], [ -97.81196658, 39.22243007 ], [ -97.77926449, 39.21411432 ], [ -97.75808419, 39.20981208 ], [ -97.74656239, 39.20536951 ], [ -97.71386029, 39.19528788 ], [ -97.68115819, 39.18648697 ], [ -97.66065305, 39.20981208 ], [ -97.6484561, 39.22187634 ], [ -97.64227153, 39.24251417 ], [ -97.62144771, 39.27521627 ], [ -97.615754, 39.28106683 ], [ -97.59664197, 39.30791835 ], [ -97.58305192, 39.32124705 ], [ -97.56645512, 39.34062046 ], [ -97.55034982, 39.35448706 ], [ -97.52985745, 39.37332256 ], [ -97.51764773, 39.38207466 ], [ -97.48494563, 39.40471025 ], [ -97.48288111, 39.40602465 ], [ -97.45224353, 39.42181415 ], [ -97.41954143, 39.43452323 ], [ -97.404146, 39.43872675 ], [ -97.38683934, 39.44272823 ], [ -97.35413724, 39.447753 ], [ -97.32143516, 39.45091742 ], [ -97.28873306, 39.4525818 ], [ -97.25603097, 39.45274703 ], [ -97.22332887, 39.45172037 ], [ -97.19062677, 39.44975421 ], [ -97.15792467, 39.44703108 ], [ -97.12522257, 39.44372158 ], [ -97.09252048, 39.43989001 ], [ -97.0836596, 39.43872675 ], [ -97.0598184, 39.43520034 ], [ -97.0271163, 39.42983253 ], [ -96.9944142, 39.42374443 ], [ -96.96171211, 39.4166956 ], [ -96.92901001, 39.40816322 ], [ -96.92222107, 39.40602465 ], [ -96.89630791, 39.39591142 ], [ -96.86360581, 39.38282504 ], [ -96.83990201, 39.37332256 ], [ -96.83090372, 39.36850926 ], [ -96.79820164, 39.35093072 ], [ -96.77883908, 39.34062046 ], [ -96.76549954, 39.33019707 ], [ -96.73459672, 39.30791835 ], [ -96.73279744, 39.30580558 ], [ -96.70116619, 39.27521627 ], [ -96.70009535, 39.2733217 ], [ -96.67282166, 39.24251417 ], [ -96.66739325, 39.22549752 ], [ -96.65423798, 39.20981208 ], [ -96.66739325, 39.19893762 ], [ -96.69297307, 39.17710998 ], [ -96.70009535, 39.17581134 ], [ -96.73279744, 39.16470519 ], [ -96.76549954, 39.15012291 ], [ -96.77517875, 39.14440789 ], [ -96.79820164, 39.1367784 ], [ -96.83090372, 39.12325827 ], [ -96.85507619, 39.11170579 ], [ -96.86360581, 39.10862035 ], [ -96.89630791, 39.09195057 ], [ -96.91619449, 39.07900371 ], [ -96.92901001, 39.07066035 ], [ -96.96171211, 39.04748431 ], [ -96.96335603, 39.0463016 ], [ -96.9944142, 39.01820824 ], [ -96.99960277, 39.0135995 ], [ -97.02627116, 38.98089741 ], [ -97.0271163, 38.97958495 ], [ -97.05116824, 38.94819531 ], [ -97.0598184, 38.9379087 ], [ -97.08746394, 38.91549323 ], [ -97.09252048, 38.91180614 ], [ -97.12522257, 38.89951766 ], [ -97.15792467, 38.89914459 ], [ -97.19062677, 38.90817941 ], [ -97.20357279, 38.91549323 ], [ -97.22332887, 38.92471493 ], [ -97.25603097, 38.94703672 ], [ -97.257321, 38.94819531 ], [ -97.28873306, 38.97286891 ], [ -97.29752785, 38.98089741 ], [ -97.32143516, 39.00054308 ], [ -97.33577841, 39.0135995 ], [ -97.35413724, 39.02892696 ], [ -97.37351875, 39.0463016 ], [ -97.38683934, 39.05737403 ], [ -97.41134134, 39.07900371 ], [ -97.41954143, 39.08535367 ], [ -97.45224353, 39.10488781 ], [ -97.47306364, 39.11170579 ], [ -97.48494563, 39.11676283 ], [ -97.51764773, 39.12947686 ], [ -97.55034982, 39.1399916 ], [ -97.56823721, 39.14440789 ], [ -97.58305192, 39.15523337 ], [ -97.615754, 39.17074705 ], [ -97.6484561, 39.17677063 ], [ -97.68115819, 39.17456715 ], [ -97.71259566, 39.14440789 ], [ -97.71386029, 39.14405598 ], [ -97.74656239, 39.12742688 ], [ -97.7603257, 39.11170579 ], [ -97.77926449, 39.10293939 ], [ -97.80584668, 39.07900371 ], [ -97.81196658, 39.07622414 ], [ -97.84466868, 39.0545759 ], [ -97.85311258, 39.0463016 ], [ -97.87737076, 39.03393305 ], [ -97.90568419, 39.0135995 ], [ -97.91007286, 39.01072487 ], [ -97.94277496, 38.98745361 ], [ -97.95112755, 38.98089741 ], [ -97.97547705, 38.95362911 ], [ -97.98011603, 38.94819531 ], [ -97.99980579, 38.91549323 ], [ -98.00817915, 38.89826589 ], [ -98.01735696, 38.88279112 ], [ -98.03710508, 38.85008904 ], [ -98.04088125, 38.84412571 ], [ -98.06518929, 38.81738693 ], [ -98.07358335, 38.80830601 ], [ -98.10378714, 38.78468485 ], [ -98.10628544, 38.78271397 ], [ -98.13898752, 38.76517493 ], [ -98.17168962, 38.7533044 ], [ -98.17945148, 38.75198275 ], [ -98.20439172, 38.74777744 ], [ -98.23709381, 38.74812708 ], [ -98.25614493, 38.75198275 ], [ -98.26979591, 38.75569319 ], [ -98.30249801, 38.77596396 ], [ -98.31038296, 38.78468485 ], [ -98.32676249, 38.81738693 ], [ -98.33290221, 38.85008904 ], [ -98.33339466, 38.88279112 ], [ -98.33285553, 38.91549323 ], [ -98.33306343, 38.94819531 ], [ -98.33495706, 38.98089741 ], [ -98.33520011, 38.98257549 ], [ -98.3390874, 39.0135995 ], [ -98.34647164, 39.0463016 ], [ -98.35815802, 39.07900371 ], [ -98.3679022, 39.09806632 ], [ -98.37443186, 39.11170579 ], [ -98.39392243, 39.14440789 ], [ -98.40060428, 39.1544868 ], [ -98.41658142, 39.17710998 ], [ -98.43330638, 39.19932939 ], [ -98.44194924, 39.20981208 ], [ -98.46600848, 39.23682752 ], [ -98.47163355, 39.24251417 ], [ -98.49871058, 39.26802539 ], [ -98.50703388, 39.27521627 ], [ -98.53141267, 39.29493675 ], [ -98.5474397, 39.30791835 ], [ -98.56411477, 39.32055305 ], [ -98.59210357, 39.34062046 ], [ -98.59681687, 39.34418378 ], [ -98.62951897, 39.35756295 ], [ -98.66222104, 39.35900447 ], [ -98.69492314, 39.35234289 ], [ -98.72658454, 39.34062046 ], [ -98.72762524, 39.34027953 ], [ -98.76032734, 39.32728303 ], [ -98.79302943, 39.30833344 ], [ -98.79358557, 39.30791835 ], [ -98.82573153, 39.28563672 ], [ -98.83671705, 39.27521627 ], [ -98.85843363, 39.25252832 ], [ -98.86596857, 39.24251417 ], [ -98.88504603, 39.20981208 ], [ -98.89113573, 39.19446972 ], [ -98.89697268, 39.17710998 ], [ -98.90351258, 39.14440789 ], [ -98.90614815, 39.11170579 ], [ -98.90558397, 39.07900371 ], [ -98.90280026, 39.0463016 ], [ -98.89886199, 39.0135995 ], [ -98.89413019, 38.98089741 ], [ -98.89113573, 38.96362746 ], [ -98.88853848, 38.94819531 ], [ -98.88166384, 38.91549323 ], [ -98.87549229, 38.88279112 ], [ -98.86811623, 38.85008904 ], [ -98.85922037, 38.81738693 ], [ -98.85843363, 38.81481681 ], [ -98.84625708, 38.78468485 ], [ -98.83118017, 38.75198275 ], [ -98.82573153, 38.74037551 ], [ -98.81073638, 38.71928066 ], [ -98.79302943, 38.69452836 ], [ -98.78493478, 38.68657856 ], [ -98.76032734, 38.65956827 ], [ -98.7546886, 38.65387645 ], [ -98.73322274, 38.62117437 ], [ -98.72762524, 38.59792646 ], [ -98.72558511, 38.58847227 ], [ -98.72529509, 38.55577018 ], [ -98.72762524, 38.53398478 ], [ -98.72868505, 38.52306808 ], [ -98.73077499, 38.49036599 ], [ -98.72762524, 38.46343469 ], [ -98.72699009, 38.45766389 ], [ -98.71522134, 38.42496181 ], [ -98.70033422, 38.3922597 ], [ -98.69492314, 38.38021764 ], [ -98.68433814, 38.3595576 ], [ -98.67365538, 38.32685551 ], [ -98.66613801, 38.29415341 ], [ -98.66222104, 38.26879269 ], [ -98.66100899, 38.26145132 ], [ -98.66060591, 38.22874922 ], [ -98.66222104, 38.21597496 ], [ -98.66566225, 38.19604714 ], [ -98.67767051, 38.16334503 ], [ -98.69492314, 38.13397765 ], [ -98.69844557, 38.13064295 ], [ -98.72762524, 38.10775399 ], [ -98.76032734, 38.10225392 ], [ -98.79302943, 38.11141231 ], [ -98.82320477, 38.13064295 ], [ -98.82573153, 38.13199432 ], [ -98.85843363, 38.15901216 ], [ -98.86241569, 38.16334503 ], [ -98.89113573, 38.19157102 ], [ -98.8946735, 38.19604714 ], [ -98.91991922, 38.22874922 ], [ -98.9238378, 38.23400649 ], [ -98.93908763, 38.26145132 ], [ -98.95453027, 38.29415341 ], [ -98.9565399, 38.29834251 ], [ -98.97001578, 38.32685551 ], [ -98.989242, 38.3480157 ], [ -99.00805511, 38.3595576 ], [ -99.0219441, 38.364185 ], [ -99.05464619, 38.36940763 ], [ -99.08734829, 38.37309871 ], [ -99.12005039, 38.37575023 ], [ -99.15275249, 38.37670941 ], [ -99.18545457, 38.37539861 ], [ -99.21815666, 38.37102859 ], [ -99.25085876, 38.36227768 ], [ -99.25781347, 38.3595576 ], [ -99.28356086, 38.3482318 ], [ -99.31134314, 38.32685551 ], [ -99.31626296, 38.32208004 ], [ -99.33876719, 38.29415341 ], [ -99.34896505, 38.28072736 ], [ -99.36245288, 38.26145132 ], [ -99.38166715, 38.24847749 ], [ -99.41436925, 38.23778829 ], [ -99.44707133, 38.23694088 ], [ -99.47977342, 38.23723492 ], [ -99.51247552, 38.23886215 ], [ -99.54517762, 38.24247119 ], [ -99.57787972, 38.24775602 ], [ -99.61058181, 38.25503507 ], [ -99.63353743, 38.26145132 ], [ -99.63601107, 38.29415341 ], [ -99.61058181, 38.30513015 ], [ -99.57787972, 38.32514303 ], [ -99.57596444, 38.32685551 ], [ -99.54517762, 38.35278928 ], [ -99.53854808, 38.3595576 ], [ -99.51279369, 38.3922597 ], [ -99.51247552, 38.39270091 ], [ -99.49105538, 38.42496181 ], [ -99.47977342, 38.45015883 ], [ -99.47637634, 38.45766389 ], [ -99.47073643, 38.49036599 ], [ -99.47160917, 38.52306808 ], [ -99.47701076, 38.55577018 ], [ -99.47977342, 38.56585786 ], [ -99.48579432, 38.58847227 ], [ -99.49691877, 38.62117437 ], [ -99.5092191, 38.65387645 ], [ -99.51247552, 38.66251281 ], [ -99.52140848, 38.68657856 ], [ -99.53125802, 38.71928066 ], [ -99.53873965, 38.75198275 ], [ -99.54405281, 38.78468485 ], [ -99.54517762, 38.79565997 ], [ -99.54739125, 38.81738693 ], [ -99.54887439, 38.85008904 ], [ -99.54877718, 38.88279112 ], [ -99.54796316, 38.91549323 ], [ -99.54706071, 38.94819531 ], [ -99.54690573, 38.98089741 ], [ -99.54852742, 39.0135995 ], [ -99.55321296, 39.0463016 ], [ -99.56147106, 39.07900371 ], [ -99.57341245, 39.11170579 ], [ -99.57787972, 39.12117396 ], [ -99.59025478, 39.14440789 ], [ -99.61058181, 39.17386515 ], [ -99.61316668, 39.17710998 ], [ -99.64309104, 39.20981208 ], [ -99.64328391, 39.21000956 ], [ -99.67598601, 39.24101501 ], [ -99.6776601, 39.24251417 ], [ -99.70868809, 39.26918034 ], [ -99.71595708, 39.27521627 ], [ -99.74139018, 39.29557192 ], [ -99.75715437, 39.30791835 ], [ -99.77409228, 39.32063274 ], [ -99.80128389, 39.34062046 ], [ -99.80679438, 39.34447101 ], [ -99.83949648, 39.36661334 ], [ -99.84968051, 39.37332256 ], [ -99.87219858, 39.38758811 ], [ -99.90185047, 39.40602465 ], [ -99.90490067, 39.40788761 ], [ -99.93760277, 39.42763332 ], [ -99.95580047, 39.43872675 ], [ -99.97030487, 39.44757554 ], [ -100.00300695, 39.46782085 ], [ -100.00870281, 39.47142883 ], [ -100.03570904, 39.48879315 ], [ -100.05781019, 39.50413094 ], [ -100.06841114, 39.51163848 ], [ -100.10111324, 39.536645 ], [ -100.10133988, 39.53683302 ], [ -100.13381534, 39.56385391 ], [ -100.13994274, 39.56953513 ], [ -100.16651743, 39.59522209 ], [ -100.17332588, 39.60223721 ], [ -100.19921953, 39.6309205 ], [ -100.20258011, 39.63493932 ], [ -100.22879072, 39.66764142 ], [ -100.23192163, 39.67122312 ], [ -100.25812215, 39.7003435 ], [ -100.26462371, 39.70597987 ], [ -100.29663959, 39.73304561 ], [ -100.2973258, 39.73364083 ], [ -100.32958559, 39.76574769 ], [ -100.3300279, 39.76695763 ], [ -100.34295557, 39.7984498 ] ], [ [ -98.84194418, 39.0463016 ], [ -98.84184965, 39.07900371 ], [ -98.8383937, 39.11170579 ], [ -98.82956832, 39.14440789 ], [ -98.82573153, 39.15297236 ], [ -98.811941, 39.17710998 ], [ -98.79302943, 39.19988835 ], [ -98.78185801, 39.20981208 ], [ -98.76032734, 39.22561246 ], [ -98.72788257, 39.24251417 ], [ -98.72762524, 39.24263893 ], [ -98.69492314, 39.25261142 ], [ -98.66222104, 39.25513577 ], [ -98.62951897, 39.25086662 ], [ -98.60841731, 39.24251417 ], [ -98.59681687, 39.2378819 ], [ -98.56411477, 39.2151949 ], [ -98.55772697, 39.20981208 ], [ -98.53141267, 39.18730334 ], [ -98.52093934, 39.17710998 ], [ -98.49871058, 39.1540867 ], [ -98.49004895, 39.14440789 ], [ -98.46657203, 39.11170579 ], [ -98.46600848, 39.11041793 ], [ -98.45251911, 39.07900371 ], [ -98.44529631, 39.0463016 ], [ -98.44247549, 39.0135995 ], [ -98.44255619, 38.98089741 ], [ -98.44501271, 38.94819531 ], [ -98.44976869, 38.91549323 ], [ -98.4571984, 38.88279112 ], [ -98.46600848, 38.85322936 ], [ -98.46709396, 38.85008904 ], [ -98.47842235, 38.81738693 ], [ -98.49104092, 38.78468485 ], [ -98.49871058, 38.76611119 ], [ -98.50788523, 38.75198275 ], [ -98.53141267, 38.72260369 ], [ -98.5391397, 38.71928066 ], [ -98.56411477, 38.70961655 ], [ -98.59681687, 38.7130369 ], [ -98.61185621, 38.71928066 ], [ -98.62951897, 38.72446232 ], [ -98.66222104, 38.73979216 ], [ -98.68491938, 38.75198275 ], [ -98.69492314, 38.75648532 ], [ -98.72762524, 38.77340279 ], [ -98.74490178, 38.78468485 ], [ -98.76032734, 38.79462546 ], [ -98.78433236, 38.81738693 ], [ -98.79302943, 38.82662276 ], [ -98.80641425, 38.85008904 ], [ -98.82042414, 38.88279112 ], [ -98.82573153, 38.90160552 ], [ -98.82864093, 38.91549323 ], [ -98.83372771, 38.94819531 ], [ -98.83757884, 38.98089741 ], [ -98.84027848, 39.0135995 ], [ -98.84194418, 39.0463016 ] ], [ [ -99.62606525, 37.99983455 ], [ -99.61697344, 38.03253666 ], [ -99.61058181, 38.04290849 ], [ -99.59854111, 38.06523874 ], [ -99.57787972, 38.08808397 ], [ -99.57000689, 38.09794084 ], [ -99.54517762, 38.11728494 ], [ -99.52979658, 38.13064295 ], [ -99.51247552, 38.14019366 ], [ -99.47977342, 38.15969307 ], [ -99.47449598, 38.16334503 ], [ -99.44707133, 38.17458135 ], [ -99.41436925, 38.18915744 ], [ -99.4039776, 38.19604714 ], [ -99.38166715, 38.20446592 ], [ -99.35764688, 38.22874922 ], [ -99.34896505, 38.23532008 ], [ -99.31626296, 38.25940469 ], [ -99.31350679, 38.26145132 ], [ -99.28356086, 38.29008615 ], [ -99.27721433, 38.29415341 ], [ -99.25085876, 38.31331044 ], [ -99.21923483, 38.32685551 ], [ -99.21815666, 38.32731921 ], [ -99.18545457, 38.33713596 ], [ -99.15275249, 38.342152 ], [ -99.12005039, 38.34360821 ], [ -99.08734829, 38.34151837 ], [ -99.05464619, 38.33531939 ], [ -99.03486604, 38.32685551 ], [ -99.0219441, 38.31647943 ], [ -99.00450725, 38.29415341 ], [ -98.99023918, 38.26145132 ], [ -98.989242, 38.25863478 ], [ -98.97769724, 38.22874922 ], [ -98.9627418, 38.19604714 ], [ -98.9565399, 38.18389868 ], [ -98.9436998, 38.16334503 ], [ -98.9238378, 38.13182931 ], [ -98.92293952, 38.13064295 ], [ -98.90183184, 38.09794084 ], [ -98.89113573, 38.07676855 ], [ -98.88403808, 38.06523874 ], [ -98.8694262, 38.03253666 ], [ -98.86014907, 37.99983455 ], [ -98.85843363, 37.98187866 ], [ -98.85641743, 37.96713247 ], [ -98.85843363, 37.96061558 ], [ -98.87165412, 37.93443036 ], [ -98.89113573, 37.92839216 ], [ -98.9238378, 37.92590443 ], [ -98.9565399, 37.92359809 ], [ -98.989242, 37.91673169 ], [ -99.0219441, 37.90978536 ], [ -99.05464619, 37.90601055 ], [ -99.08734829, 37.90227639 ], [ -99.09141098, 37.90172828 ], [ -99.12005039, 37.89604725 ], [ -99.15275249, 37.88937071 ], [ -99.18545457, 37.88344179 ], [ -99.21815666, 37.87903595 ], [ -99.25085876, 37.87579163 ], [ -99.28356086, 37.87293944 ], [ -99.31626296, 37.87032902 ], [ -99.33566575, 37.86902618 ], [ -99.34896505, 37.86786247 ], [ -99.38166715, 37.86548 ], [ -99.41436925, 37.86347167 ], [ -99.44707133, 37.86199431 ], [ -99.47977342, 37.86125939 ], [ -99.51247552, 37.86197985 ], [ -99.54517762, 37.8657989 ], [ -99.55552991, 37.86902618 ], [ -99.57787972, 37.87799999 ], [ -99.60108021, 37.90172828 ], [ -99.61058181, 37.91718234 ], [ -99.61749758, 37.93443036 ], [ -99.62518636, 37.96713247 ], [ -99.62606525, 37.99983455 ] ], [ [ -99.30527615, 37.54200524 ], [ -99.30439237, 37.57470732 ], [ -99.29911761, 37.60740942 ], [ -99.28864065, 37.64011151 ], [ -99.28356086, 37.65036133 ], [ -99.27235131, 37.67281361 ], [ -99.25085876, 37.70232777 ], [ -99.24851303, 37.7055157 ], [ -99.21815666, 37.73633204 ], [ -99.21627377, 37.7382178 ], [ -99.18545457, 37.76226907 ], [ -99.17416446, 37.77091988 ], [ -99.15275249, 37.78385875 ], [ -99.12044567, 37.80362199 ], [ -99.12005039, 37.80382346 ], [ -99.08734829, 37.8225597 ], [ -99.06514125, 37.83632409 ], [ -99.05464619, 37.84128731 ], [ -99.0219441, 37.85645627 ], [ -98.989242, 37.86726561 ], [ -98.98355206, 37.86902618 ], [ -98.9565399, 37.87600447 ], [ -98.9238378, 37.87990622 ], [ -98.89113573, 37.87438085 ], [ -98.88010349, 37.86902618 ], [ -98.85843363, 37.85897164 ], [ -98.83048803, 37.83632409 ], [ -98.82573153, 37.83208032 ], [ -98.80090876, 37.80362199 ], [ -98.79302943, 37.79199899 ], [ -98.77856616, 37.77091988 ], [ -98.76032734, 37.74871078 ], [ -98.74882556, 37.7382178 ], [ -98.72762524, 37.71145914 ], [ -98.7142084, 37.7055157 ], [ -98.69492314, 37.69575493 ], [ -98.66683684, 37.67281361 ], [ -98.66222104, 37.66737478 ], [ -98.64779568, 37.64011151 ], [ -98.63565214, 37.60740942 ], [ -98.62951897, 37.58767306 ], [ -98.62655494, 37.57470732 ], [ -98.61948243, 37.54200524 ], [ -98.61327428, 37.50930313 ], [ -98.60909605, 37.47660103 ], [ -98.60267071, 37.44389894 ], [ -98.59681687, 37.41624209 ], [ -98.59594986, 37.41119684 ], [ -98.59312807, 37.37849476 ], [ -98.59142389, 37.34579265 ], [ -98.59071018, 37.31309057 ], [ -98.59099641, 37.28038846 ], [ -98.59246604, 37.24768638 ], [ -98.59536809, 37.21498427 ], [ -98.59681687, 37.20423079 ], [ -98.60168418, 37.18228217 ], [ -98.61219996, 37.14958009 ], [ -98.62726531, 37.11687798 ], [ -98.62951897, 37.11291131 ], [ -98.66078685, 37.0841759 ], [ -98.66222104, 37.08310205 ], [ -98.69492314, 37.06829627 ], [ -98.72762524, 37.05951391 ], [ -98.76032734, 37.05352083 ], [ -98.77863152, 37.05147379 ], [ -98.79302943, 37.04999494 ], [ -98.82573153, 37.05008713 ], [ -98.8387859, 37.05147379 ], [ -98.85843363, 37.05344894 ], [ -98.89113573, 37.05983218 ], [ -98.9238378, 37.0691554 ], [ -98.9565399, 37.08130978 ], [ -98.96273817, 37.0841759 ], [ -98.989242, 37.09643149 ], [ -99.0219441, 37.11434284 ], [ -99.02595517, 37.11687798 ], [ -99.05464619, 37.1354536 ], [ -99.07374269, 37.14958009 ], [ -99.08734829, 37.16004733 ], [ -99.11276931, 37.18228217 ], [ -99.12005039, 37.18903799 ], [ -99.14480596, 37.21498427 ], [ -99.15275249, 37.22391958 ], [ -99.17252827, 37.24768638 ], [ -99.18545457, 37.26419882 ], [ -99.19757727, 37.28038846 ], [ -99.21815666, 37.31007438 ], [ -99.22019107, 37.31309057 ], [ -99.24035206, 37.34579265 ], [ -99.25085876, 37.36486147 ], [ -99.25828351, 37.37849476 ], [ -99.27376324, 37.41119684 ], [ -99.28356086, 37.43674805 ], [ -99.28635165, 37.44389894 ], [ -99.29595058, 37.47660103 ], [ -99.30234383, 37.50930313 ], [ -99.30527615, 37.54200524 ] ] ] } },
{ "type": "Feature", "properties": { "Lower": 54.0 }, "geometry": { "type": "Polygon", "coordinates": [ [ [ -96.42197129, 39.96196028 ], [ -96.42104455, 39.99466236 ], [ -96.41189739, 40.02736446 ], [ -96.40577649, 40.04082334 ], [ -96.39440027, 40.06006655 ], [ -96.37307439, 40.08506549 ], [ -96.36094835, 40.09276865 ], [ -96.34037229, 40.10411538 ], [ -96.30767019, 40.10731634 ], [ -96.27496812, 40.0988319 ], [ -96.26523167, 40.09276865 ], [ -96.24226602, 40.06184866 ], [ -96.24149456, 40.06006655 ], [ -96.23756477, 40.02736446 ], [ -96.24137043, 39.99466236 ], [ -96.24226602, 39.99167713 ], [ -96.25076939, 39.96196028 ], [ -96.26365941, 39.92925817 ], [ -96.27496812, 39.90674341 ], [ -96.28489818, 39.89655607 ], [ -96.30767019, 39.88696273 ], [ -96.34037229, 39.88482392 ], [ -96.37307439, 39.89222765 ], [ -96.38071214, 39.89655607 ], [ -96.40577649, 39.92052805 ], [ -96.4111379, 39.92925817 ], [ -96.42197129, 39.96196028 ] ] ] } },
{ "type": "Feature", "properties": { "Lower": 54.0 }, "geometry": { "type": "Polygon", "coordinates": [ [ [ -95.50906728, 37.31309057 ], [ -95.50245875, 37.34579265 ], [ -95.49011781, 37.36421332 ], [ -95.4800468, 37.37849476 ], [ -95.45741574, 37.39927159 ], [ -95.44309076, 37.41119684 ], [ -95.42471364, 37.42321594 ], [ -95.39201154, 37.44311613 ], [ -95.39063988, 37.44389894 ], [ -95.35930944, 37.46352647 ], [ -95.34324443, 37.47660103 ], [ -95.32660735, 37.49085511 ], [ -95.29390525, 37.50794629 ], [ -95.29059252, 37.50930313 ], [ -95.26120315, 37.52231504 ], [ -95.22850105, 37.53494397 ], [ -95.20829701, 37.54200524 ], [ -95.19579897, 37.5467023 ], [ -95.16309688, 37.55769181 ], [ -95.13039478, 37.56791057 ], [ -95.10683971, 37.57470732 ], [ -95.09769268, 37.57748704 ], [ -95.06499058, 37.58640292 ], [ -95.03228849, 37.59454954 ], [ -94.99958639, 37.6019538 ], [ -94.97291415, 37.60740942 ], [ -94.96688429, 37.60868087 ], [ -94.93418221, 37.6146907 ], [ -94.90148012, 37.6199473 ], [ -94.86877802, 37.62450905 ], [ -94.83607592, 37.62837976 ], [ -94.80337382, 37.63158172 ], [ -94.77067173, 37.63417796 ], [ -94.76249541, 37.64011151 ], [ -94.76247386, 37.64011151 ], [ -94.76247821, 37.60740942 ], [ -94.76248247, 37.57470732 ], [ -94.76248653, 37.54200524 ], [ -94.77067173, 37.53382002 ], [ -94.79519224, 37.50930313 ], [ -94.79519571, 37.47660103 ], [ -94.80337382, 37.44884297 ], [ -94.83607592, 37.44800511 ], [ -94.86877802, 37.44692992 ], [ -94.90148012, 37.44569909 ], [ -94.93418221, 37.44434112 ], [ -94.94360711, 37.44389894 ], [ -94.96688429, 37.44268198 ], [ -94.99958639, 37.44084463 ], [ -95.03228849, 37.43887882 ], [ -95.06499058, 37.43681373 ], [ -95.09769268, 37.4345891 ], [ -95.13039478, 37.43220053 ], [ -95.16309688, 37.42949103 ], [ -95.19579897, 37.4262751 ], [ -95.22850105, 37.42241297 ], [ -95.26120315, 37.41757599 ], [ -95.2889345, 37.41119684 ], [ -95.29390525, 37.40990363 ], [ -95.32660735, 37.39179934 ], [ -95.35292984, 37.37849476 ], [ -95.35930944, 37.37339694 ], [ -95.38555764, 37.34579265 ], [ -95.38283392, 37.31309057 ], [ -95.35930944, 37.28860314 ], [ -95.35084729, 37.28038846 ], [ -95.32660735, 37.26032949 ], [ -95.31118031, 37.24768638 ], [ -95.29390525, 37.23487043 ], [ -95.26703456, 37.21498427 ], [ -95.26120315, 37.21097945 ], [ -95.22850105, 37.18906648 ], [ -95.218569, 37.18228217 ], [ -95.19579897, 37.16783748 ], [ -95.1688803, 37.14958009 ], [ -95.16309688, 37.14591544 ], [ -95.13039478, 37.1249878 ], [ -95.11847853, 37.11687798 ], [ -95.09769268, 37.1037964 ], [ -95.06923894, 37.0841759 ], [ -95.06499058, 37.08144909 ], [ -95.03228849, 37.0600121 ], [ -95.0202486, 37.05147379 ], [ -94.99958639, 37.03793365 ], [ -94.99140785, 37.01877171 ], [ -94.99140135, 36.98606961 ], [ -94.99958639, 36.97788456 ], [ -95.02409142, 36.95336752 ], [ -95.03228849, 36.94517046 ], [ -95.05678463, 36.92066542 ], [ -95.05680619, 36.92066542 ], [ -95.03247179, 36.95336752 ], [ -95.06499058, 36.9750021 ], [ -95.08038334, 36.98606961 ], [ -95.09769268, 36.99757383 ], [ -95.12727484, 37.01877171 ], [ -95.13039478, 37.02082251 ], [ -95.16309688, 37.0428753 ], [ -95.17475632, 37.05147379 ], [ -95.19579897, 37.06530824 ], [ -95.22185527, 37.0841759 ], [ -95.22850105, 37.08855917 ], [ -95.26120315, 37.11075779 ], [ -95.26933261, 37.11687798 ], [ -95.29390525, 37.13352142 ], [ -95.31658738, 37.14958009 ], [ -95.32660735, 37.15663799 ], [ -95.35930944, 37.1793885 ], [ -95.36338262, 37.18228217 ], [ -95.39201154, 37.20343765 ], [ -95.40755277, 37.21498427 ], [ -95.42471364, 37.22864896 ], [ -95.44851457, 37.24768638 ], [ -95.45741574, 37.2557032 ], [ -95.48450823, 37.28038846 ], [ -95.49011781, 37.28749813 ], [ -95.50906728, 37.31309057 ] ] ] } },
{ "type": "Feature", "properties": { "Lower": 54.0 }, "geometry": { "type": "Polygon", "coordinates": [ [ [ -98.84194418, 39.0463016 ], [ -98.84184965, 39.07900371 ], [ -98.8383937, 39.11170579 ], [ -98.82956832, 39.14440789 ], [ -98.82573153, 39.15297236 ], [ -98.811941, 39.17710998 ], [ -98.79302943, 39.19988835 ], [ -98.78185801, 39.20981208 ], [ -98.76032734, 39.22561246 ], [ -98.72788257, 39.24251417 ], [ -98.72762524, 39.24263893 ], [ -98.69492314, 39.25261142 ], [ -98.66222104, 39.25513577 ], [ -98.62951897, 39.25086662 ], [ -98.60841731, 39.24251417 ], [ -98.59681687, 39.2378819 ], [ -98.56411477, 39.2151949 ], [ -98.55772697, 39.20981208 ], [ -98.53141267, 39.18730334 ], [ -98.52093934, 39.17710998 ], [ -98.49871058, 39.1540867 ], [ -98.49004895, 39.14440789 ], [ -98.46657203, 39.11170579 ], [ -98.46600848, 39.11041793 ], [ -98.45251911, 39.07900371 ], [ -98.44529631, 39.0463016 ], [ -98.44247549, 39.0135995 ], [ -98.44255619, 38.98089741 ], [ -98.44501271, 38.94819531 ], [ -98.44976869, 38.91549323 ], [ -98.4571984, 38.88279112 ], [ -98.46600848, 38.85322936 ], [ -98.46709396, 38.85008904 ], [ -98.47842235, 38.81738693 ], [ -98.49104092, 38.78468485 ], [ -98.49871058, 38.76611119 ], [ -98.50788523, 38.75198275 ], [ -98.53141267, 38.72260369 ], [ -98.5391397, 38.71928066 ], [ -98.56411477, 38.70961655 ], [ -98.59681687, 38.7130369 ], [ -98.61185621, 38.71928066 ], [ -98.62951897, 38.72446232 ], [ -98.66222104, 38.73979216 ], [ -98.68491938, 38.75198275 ], [ -98.69492314, 38.75648532 ], [ -98.72762524, 38.77340279 ], [ -98.74490178, 38.78468485 ], [ -98.76032734, 38.79462546 ], [ -98.78433236, 38.81738693 ], [ -98.79302943, 38.82662276 ], [ -98.80641425, 38.85008904 ], [ -98.82042414, 38.88279112 ], [ -98.82573153, 38.90160552 ], [ -98.82864093, 38.91549323 ], [ -98.83372771, 38.94819531 ], [ -98.83757884, 38.98089741 ], [ -98.84027848, 39.0135995 ], [ -98.84194418, 39.0463016 ] ], [ [ -98.7669827, 39.0135995 ], [ -98.76569037, 39.0463016 ], [ -98.76068974, 39.07900371 ], [ -98.76032734, 39.08008656 ], [ -98.74493497, 39.11170579 ], [ -98.72762524, 39.13173732 ], [ -98.70748006, 39.14440789 ], [ -98.69492314, 39.15027484 ], [ -98.66222104, 39.15385399 ], [ -98.62951897, 39.14868915 ], [ -98.62086287, 39.14440789 ], [ -98.59681687, 39.12939491 ], [ -98.57672432, 39.11170579 ], [ -98.56411477, 39.09288119 ], [ -98.55706309, 39.07900371 ], [ -98.55134846, 39.0463016 ], [ -98.55235291, 39.0135995 ], [ -98.55847506, 38.98089741 ], [ -98.56411477, 38.96338668 ], [ -98.57094141, 38.94819531 ], [ -98.59471989, 38.91549323 ], [ -98.59681687, 38.91331896 ], [ -98.62951897, 38.89528158 ], [ -98.66222104, 38.8914993 ], [ -98.69492314, 38.89774146 ], [ -98.72762524, 38.91245924 ], [ -98.73110321, 38.91549323 ], [ -98.75731735, 38.94819531 ], [ -98.76032734, 38.95616899 ], [ -98.76524252, 38.98089741 ], [ -98.7669827, 39.0135995 ] ] ] } },
{ "type": "Feature", "properties": { "Lower": 54.0 }, "geometry": { "type": "Polygon", "coordinates": [ [ [ -99.62606525, 37.99983455 ], [ -99.61697344, 38.03253666 ], [ -99.61058181, 38.04290849 ], [ -99.59854111, 38.06523874 ], [ -99.57787972, 38.08808397 ], [ -99.57000689, 38.09794084 ], [ -99.54517762, 38.11728494 ], [ -99.52979658, 38.13064295 ], [ -99.51247552, 38.14019366 ], [ -99.47977342, 38.15969307 ], [ -99.47449598, 38.16334503 ], [ -99.44707133, 38.17458135 ], [ -99.41436925, 38.18915744 ], [ -99.4039776, 38.19604714 ], [ -99.38166715, 38.20446592 ], [ -99.35764688, 38.22874922 ], [ -99.34896505, 38.23532008 ], [ -99.31626296, 38.25940469 ], [ -99.31350679, 38.26145132 ], [ -99.28356086, 38.29008615 ], [ -99.27721433, 38.29415341 ], [ -99.25085876, 38.31331044 ], [ -99.21923483, 38.32685551 ], [ -99.21815666, 38.32731921 ], [ -99.18545457, 38.33713596 ], [ -99.15275249, 38.342152 ], [ -99.12005039, 38.34360821 ], [ -99.08734829, 38.34151837 ], [ -99.05464619, 38.33531939 ], [ -99.03486604, 38.32685551 ], [ -99.0219441, 38.31647943 ], [ -99.00450725, 38.29415341 ], [ -98.99023918, 38.26145132 ], [ -98.989242, 38.25863478 ], [ -98.97769724, 38.22874922 ], [ -98.9627418, 38.19604714 ], [ -98.9565399, 38.18389868 ], [ -98.9436998, 38.16334503 ], [ -98.9238378, 38.13182931 ], [ -98.92293952, 38.13064295 ], [ -98.90183184, 38.09794084 ], [ -98.89113573, 38.07676855 ], [ -98.88403808, 38.06523874 ], [ -98.8694262, 38.03253666 ], [ -98.86014907, 37.99983455 ], [ -98.85843363, 37.98187866 ], [ -98.85641743, 37.96713247 ], [ -98.85843363, 37.96061558 ], [ -98.87165412, 37.93443036 ], [ -98.89113573, 37.92839216 ], [ -98.9238378, 37.92590443 ], [ -98.9565399, 37.92359809 ], [ -98.989242, 37.91673169 ], [ -99.0219441, 37.90978536 ], [ -99.05464619, 37.90601055 ], [ -99.08734829, 37.90227639 ], [ -99.09141098, 37.90172828 ], [ -99.12005039, 37.89604725 ], [ -99.15275249, 37.88937071 ], [ -99.18545457, 37.88344179 ], [ -99.21815666, 37.87903595 ], [ -99.25085876, 37.87579163 ], [ -99.28356086, 37.87293944 ], [ -99.31626296, 37.87032902 ], [ -99.33566575, 37.86902618 ], [ -99.34896505, 37.86786247 ], [ -99.38166715, 37.86548 ], [ -99.41436925, 37.86347167 ], [ -99.44707133, 37.86199431 ], [ -99.47977342, 37.86125939 ], [ -99.51247552, 37.86197985 ], [ -99.54517762, 37.8657989 ], [ -99.55552991, 37.86902618 ], [ -99.57787972, 37.87799999 ], [ -99.60108021, 37.90172828 ], [ -99.61058181, 37.91718234 ], [ -99.61749758, 37.93443036 ], [ -99.62518636, 37.96713247 ], [ -99.62606525, 37.99983455 ] ], [ [ -99.36888878, 38.09794084 ], [ -99.36512444, 38.13064295 ], [ -99.35604581, 38.16334503 ], [ -99.34896505, 38.18492063 ], [ -99.34716373, 38.19604714 ], [ -99.31912671, 38.22874922 ], [ -99.31626296, 38.2309366 ], [ -99.28356086, 38.25546702 ], [ -99.2742702, 38.26145132 ], [ -99.25085876, 38.27798699 ], [ -99.21815666, 38.29353925 ], [ -99.21642215, 38.29415341 ], [ -99.18545457, 38.30571054 ], [ -99.15275249, 38.31189173 ], [ -99.12005039, 38.31276116 ], [ -99.08734829, 38.30652798 ], [ -99.06303172, 38.29415341 ], [ -99.05464619, 38.28598642 ], [ -99.03766314, 38.26145132 ], [ -99.02420476, 38.22874922 ], [ -99.0219441, 38.22231502 ], [ -99.01293649, 38.19604714 ], [ -99.00016458, 38.16334503 ], [ -98.989242, 38.1384462 ], [ -98.98532741, 38.13064295 ], [ -98.96950074, 38.09794084 ], [ -98.9565399, 38.06543933 ], [ -98.95645125, 38.06523874 ], [ -98.94768358, 38.03253666 ], [ -98.94872211, 37.99983455 ], [ -98.9565399, 37.98936956 ], [ -98.989242, 37.96983586 ], [ -98.99701625, 37.96713247 ], [ -99.0219441, 37.96059342 ], [ -99.05464619, 37.95524249 ], [ -99.08734829, 37.95381532 ], [ -99.12005039, 37.95417759 ], [ -99.15275249, 37.95584809 ], [ -99.18545457, 37.95909412 ], [ -99.21815666, 37.96511239 ], [ -99.22540608, 37.96713247 ], [ -99.25085876, 37.97454043 ], [ -99.28356086, 37.98940148 ], [ -99.3017604, 37.99983455 ], [ -99.31626296, 38.01122459 ], [ -99.34106193, 38.03253666 ], [ -99.34896505, 38.04463221 ], [ -99.36214552, 38.06523874 ], [ -99.36888878, 38.09794084 ] ] ] } },
{ "type": "Feature", "properties": { "Lower": 54.0 }, "geometry": { "type": "Polygon", "coordinates": [ [ [ -98.85843363, 31.48394 ], [ -98.85843363, 31.48391845 ], [ -98.88294084, 31.45941554 ], [ -98.89113573, 31.45122066 ], [ -98.91564761, 31.42671344 ], [ -98.91565065, 31.39401133 ], [ -98.9238378, 31.38582418 ], [ -98.94835794, 31.36130925 ], [ -98.9565399, 31.35312727 ], [ -98.98106555, 31.32860714 ], [ -98.989242, 31.31982796 ], [ -99.00289415, 31.32860714 ], [ -99.0219441, 31.34083976 ], [ -99.05403738, 31.36130925 ], [ -99.05464619, 31.36169532 ], [ -99.08734829, 31.38263097 ], [ -99.10511754, 31.39401133 ], [ -99.12005039, 31.40344266 ], [ -99.15275249, 31.42385459 ], [ -99.15731798, 31.42671344 ], [ -99.18545457, 31.44395971 ], [ -99.21072459, 31.45941554 ], [ -99.21815666, 31.46386136 ], [ -99.25085876, 31.48353024 ], [ -99.26500707, 31.49211762 ], [ -99.28356086, 31.5031653 ], [ -99.31626296, 31.52275369 ], [ -99.31971533, 31.52481973 ], [ -99.34896505, 31.54201215 ], [ -99.37495763, 31.55752181 ], [ -99.38166715, 31.5614602 ], [ -99.41436925, 31.58069863 ], [ -99.43031958, 31.59022392 ], [ -99.44707133, 31.60007666 ], [ -99.47977342, 31.61960201 ], [ -99.48527796, 31.622926 ], [ -99.51247552, 31.6390789 ], [ -99.53964363, 31.6556281 ], [ -99.54517762, 31.65896098 ], [ -99.57787972, 31.67893626 ], [ -99.59281428, 31.68833019 ], [ -99.61058181, 31.69937843 ], [ -99.64328391, 31.72040232 ], [ -99.64423506, 31.72103229 ], [ -99.67598601, 31.74192548 ], [ -99.69302634, 31.7537344 ], [ -99.70868809, 31.76458805 ], [ -99.73827941, 31.78643648 ], [ -99.74139018, 31.78875431 ], [ -99.77409228, 31.815072 ], [ -99.77865238, 31.81913858 ], [ -99.80679438, 31.845162 ], [ -99.81303843, 31.85184067 ], [ -99.83949648, 31.88207278 ], [ -99.84132744, 31.88454277 ], [ -99.86367022, 31.91724486 ], [ -99.87219858, 31.93128044 ], [ -99.88256892, 31.94994696 ], [ -99.89853003, 31.98264904 ], [ -99.90490067, 31.99725594 ], [ -99.91265794, 32.01535115 ], [ -99.9252224, 32.04805323 ], [ -99.93643374, 32.08075534 ], [ -99.93760277, 32.08430543 ], [ -99.94771522, 32.11345744 ], [ -99.95859289, 32.14615952 ], [ -99.96790852, 32.17886163 ], [ -99.97030487, 32.19004199 ], [ -99.9748333, 32.21156371 ], [ -99.97995624, 32.24426582 ], [ -99.98433354, 32.2769679 ], [ -99.98936649, 32.30967 ], [ -99.99649484, 32.34237209 ], [ -100.00300695, 32.36440945 ], [ -100.0076453, 32.37507419 ], [ -100.02521287, 32.4077763 ], [ -100.03570904, 32.42445879 ], [ -100.04836783, 32.44047838 ], [ -100.06841114, 32.46397161 ], [ -100.07929762, 32.47318049 ], [ -100.10111324, 32.49074198 ], [ -100.13300684, 32.50588257 ], [ -100.13381534, 32.50625016 ], [ -100.16651743, 32.51421088 ], [ -100.19921953, 32.51823088 ], [ -100.23192163, 32.51920582 ], [ -100.26462371, 32.51784294 ], [ -100.2973258, 32.51452831 ], [ -100.3300279, 32.50967106 ], [ -100.35015032, 32.50588257 ], [ -100.36273, 32.50331834 ], [ -100.3954321, 32.49552313 ], [ -100.42813419, 32.48674633 ], [ -100.46083629, 32.47685698 ], [ -100.47165323, 32.47318049 ], [ -100.49353839, 32.4649855 ], [ -100.52624047, 32.45167991 ], [ -100.5520775, 32.44047838 ], [ -100.55894257, 32.43727899 ], [ -100.59164466, 32.42151478 ], [ -100.61918539, 32.4077763 ], [ -100.62434676, 32.40505573 ], [ -100.65704886, 32.38753469 ], [ -100.67995873, 32.37507419 ], [ -100.68975096, 32.36950373 ], [ -100.72245305, 32.3506277 ], [ -100.73664144, 32.34237209 ], [ -100.75515515, 32.33120614 ], [ -100.78785723, 32.31137011 ], [ -100.79062432, 32.30967 ], [ -100.82055933, 32.29059134 ], [ -100.84184649, 32.2769679 ], [ -100.85326142, 32.26944173 ], [ -100.88596352, 32.24773253 ], [ -100.89111488, 32.24426582 ], [ -100.91866562, 32.22526274 ], [ -100.93860666, 32.21156371 ], [ -100.95136772, 32.20257304 ], [ -100.98406981, 32.17969698 ], [ -100.98525706, 32.17886163 ], [ -101.01677191, 32.15618569 ], [ -101.03081644, 32.14615952 ], [ -101.04947399, 32.13257049 ], [ -101.07603241, 32.11345744 ], [ -101.08217609, 32.10895807 ], [ -101.11487819, 32.0850864 ], [ -101.12085276, 32.08075534 ], [ -101.14758028, 32.0610982 ], [ -101.16553038, 32.04805323 ], [ -101.18028238, 32.03987715 ], [ -101.18845846, 32.04805323 ], [ -101.18846024, 32.08075534 ], [ -101.21298448, 32.10527635 ], [ -101.22116556, 32.11345744 ], [ -101.24568658, 32.13797504 ], [ -101.25387105, 32.14615952 ], [ -101.27838867, 32.17067357 ], [ -101.2865767, 32.17886163 ], [ -101.31109075, 32.20337197 ], [ -101.31928251, 32.21156371 ], [ -101.34379285, 32.23607023 ], [ -101.35198843, 32.24426582 ], [ -101.37649495, 32.26876839 ], [ -101.37649495, 32.26878994 ], [ -101.34379285, 32.26586418 ], [ -101.32838982, 32.2769679 ], [ -101.31109075, 32.2893567 ], [ -101.28263949, 32.30967 ], [ -101.27838867, 32.31268524 ], [ -101.24568658, 32.33582511 ], [ -101.23639477, 32.34237209 ], [ -101.21298448, 32.35868831 ], [ -101.18940088, 32.37507419 ], [ -101.18028238, 32.38132856 ], [ -101.14758028, 32.40366257 ], [ -101.14152686, 32.4077763 ], [ -101.11487819, 32.42561742 ], [ -101.09246793, 32.44047838 ], [ -101.08217609, 32.44720364 ], [ -101.04947399, 32.468358 ], [ -101.04191619, 32.47318049 ], [ -101.01677191, 32.48889572 ], [ -100.98913963, 32.50588257 ], [ -100.98406981, 32.50892441 ], [ -100.95136772, 32.52808803 ], [ -100.93295272, 32.53858467 ], [ -100.91866562, 32.54650653 ], [ -100.88596352, 32.56415735 ], [ -100.87233857, 32.57128676 ], [ -100.85326142, 32.5809326 ], [ -100.82055933, 32.59689487 ], [ -100.80544222, 32.60398886 ], [ -100.78785723, 32.61188784 ], [ -100.75515515, 32.62583891 ], [ -100.72823827, 32.63669095 ], [ -100.72245305, 32.63895174 ], [ -100.68975096, 32.65111241 ], [ -100.65704886, 32.66244439 ], [ -100.63566847, 32.66939305 ], [ -100.62434676, 32.67296544 ], [ -100.59164466, 32.68251095 ], [ -100.55894257, 32.69116913 ], [ -100.52624047, 32.69888109 ], [ -100.51086025, 32.70209515 ], [ -100.49353839, 32.70556462 ], [ -100.46083629, 32.71110274 ], [ -100.42813419, 32.71556257 ], [ -100.3954321, 32.71885477 ], [ -100.36273, 32.72089922 ], [ -100.3300279, 32.72158371 ], [ -100.2973258, 32.72075568 ], [ -100.26462371, 32.71826529 ], [ -100.23192163, 32.71389384 ], [ -100.19921953, 32.70728544 ], [ -100.18125767, 32.70209515 ], [ -100.16651743, 32.69784544 ], [ -100.13381534, 32.68463198 ], [ -100.10625425, 32.66939305 ], [ -100.10111324, 32.66656274 ], [ -100.06841114, 32.64139916 ], [ -100.06287439, 32.63669095 ], [ -100.03570904, 32.61269925 ], [ -100.02660856, 32.60398886 ], [ -100.00300695, 32.58014697 ], [ -99.99523665, 32.57128676 ], [ -99.97030487, 32.54006776 ], [ -99.96932223, 32.53858467 ], [ -99.95056845, 32.50588257 ], [ -99.93760277, 32.47721919 ], [ -99.93624794, 32.47318049 ], [ -99.92811147, 32.44047838 ], [ -99.92257842, 32.4077763 ], [ -99.91815877, 32.37507419 ], [ -99.91389313, 32.34237209 ], [ -99.90868406, 32.30967 ], [ -99.90490067, 32.29125963 ], [ -99.90169005, 32.2769679 ], [ -99.89307743, 32.24426582 ], [ -99.88299074, 32.21156371 ], [ -99.87219858, 32.17975828 ], [ -99.87188361, 32.17886163 ], [ -99.85991553, 32.14615952 ], [ -99.84682412, 32.11345744 ], [ -99.83949648, 32.0967357 ], [ -99.83079396, 32.08075534 ], [ -99.8112219, 32.04805323 ], [ -99.80679438, 32.04120958 ], [ -99.78608395, 32.01535115 ], [ -99.77409228, 32.00124517 ], [ -99.75552118, 31.98264904 ], [ -99.74139018, 31.96904823 ], [ -99.71905234, 31.94994696 ], [ -99.70868809, 31.94131873 ], [ -99.67724935, 31.91724486 ], [ -99.67598601, 31.91629656 ], [ -99.64328391, 31.89315215 ], [ -99.63058892, 31.88454277 ], [ -99.61058181, 31.87115597 ], [ -99.58084948, 31.85184067 ], [ -99.57787972, 31.84993 ], [ -99.54517762, 31.82934847 ], [ -99.52873054, 31.81913858 ], [ -99.51247552, 31.80913249 ], [ -99.47977342, 31.78921778 ], [ -99.47504861, 31.78643648 ], [ -99.44707133, 31.76984746 ], [ -99.41861411, 31.7537344 ], [ -99.41436925, 31.75129828 ], [ -99.38166715, 31.73404992 ], [ -99.35616232, 31.72103229 ], [ -99.34896505, 31.71732025 ], [ -99.31626296, 31.70133519 ], [ -99.28928969, 31.68833019 ], [ -99.28356086, 31.68554895 ], [ -99.25085876, 31.67018629 ], [ -99.22000599, 31.6556281 ], [ -99.21815666, 31.65475041 ], [ -99.18545457, 31.63949995 ], [ -99.15275249, 31.62392756 ], [ -99.15063991, 31.622926 ], [ -99.12005039, 31.60833198 ], [ -99.08734829, 31.5921337 ], [ -99.0835287, 31.59022392 ], [ -99.05464619, 31.57571098 ], [ -99.0219441, 31.55845249 ], [ -99.02020841, 31.55752181 ], [ -98.989242, 31.54086001 ], [ -98.96017824, 31.52481973 ], [ -98.9565399, 31.52280125 ], [ -98.9238378, 31.50454363 ], [ -98.90225762, 31.49211762 ], [ -98.89113573, 31.48569036 ], [ -98.85843363, 31.48394 ] ] ] } },
{ "type": "Feature", "properties": { "Lower": 54.0 }, "geometry": { "type": "Polygon", "coordinates": [ [ [ -104.84291703, 40.62417933 ], [ -104.81021494, 40.63615292 ], [ -104.77751284, 40.61932192 ], [ -104.77080902, 40.61600218 ], [ -104.74481074, 40.60274658 ], [ -104.71210866, 40.58744105 ], [ -104.70278396, 40.58330007 ], [ -104.67940657, 40.57255122 ], [ -104.64670447, 40.55862712 ], [ -104.62638483, 40.55059799 ], [ -104.61400237, 40.54551989 ], [ -104.58130027, 40.53280939 ], [ -104.54859818, 40.52119164 ], [ -104.53892879, 40.51789589 ], [ -104.51589608, 40.50972292 ], [ -104.48319398, 40.49881448 ], [ -104.4504919, 40.4886844 ], [ -104.43919179, 40.48519378 ], [ -104.4177898, 40.47836841 ], [ -104.38508771, 40.46828042 ], [ -104.35238561, 40.45852072 ], [ -104.33156269, 40.4524917 ], [ -104.31968351, 40.44895769 ], [ -104.28698141, 40.43999778 ], [ -104.25427932, 40.43466474 ], [ -104.22157722, 40.42804068 ], [ -104.18887514, 40.420372 ], [ -104.18678491, 40.41978959 ], [ -104.15617304, 40.41058421 ], [ -104.12347095, 40.40004365 ], [ -104.09076885, 40.38828732 ], [ -104.0879801, 40.38708751 ], [ -104.05806675, 40.37252444 ], [ -104.02687727, 40.3543854 ], [ -104.02536465, 40.3533905 ], [ -103.99266256, 40.32932763 ], [ -103.98349478, 40.32168332 ], [ -103.95996046, 40.29872085 ], [ -103.95105566, 40.28898122 ], [ -103.92725838, 40.25981386 ], [ -103.92458652, 40.25627913 ], [ -103.90179035, 40.22357703 ], [ -103.89455628, 40.21274189 ], [ -103.88013094, 40.19087492 ], [ -103.86185419, 40.16239801 ], [ -103.85912618, 40.15817284 ], [ -103.83851779, 40.12547074 ], [ -103.82915209, 40.11029197 ], [ -103.81830702, 40.09276865 ], [ -103.79854685, 40.06006655 ], [ -103.79644999, 40.05647037 ], [ -103.77937561, 40.02736446 ], [ -103.76374789, 39.99911424 ], [ -103.76126254, 39.99466236 ], [ -103.74405087, 39.96196028 ], [ -103.73104579, 39.93523139 ], [ -103.72809542, 39.92925817 ], [ -103.71318619, 39.89655607 ], [ -103.69992185, 39.86385398 ], [ -103.6983437, 39.85955322 ], [ -103.68759033, 39.83115188 ], [ -103.67665268, 39.7984498 ], [ -103.66728287, 39.76574769 ], [ -103.6656416, 39.75919945 ], [ -103.65870602, 39.73304561 ], [ -103.65128935, 39.7003435 ], [ -103.64509954, 39.66764142 ], [ -103.64002305, 39.63493932 ], [ -103.63575991, 39.60223721 ], [ -103.63293952, 39.57976961 ], [ -103.63149455, 39.56953513 ], [ -103.62654005, 39.53683302 ], [ -103.62247136, 39.50413094 ], [ -103.61954711, 39.47142883 ], [ -103.61770365, 39.43872675 ], [ -103.61694176, 39.40602465 ], [ -103.61764696, 39.37332256 ], [ -103.62302889, 39.34062046 ], [ -103.63293952, 39.31529816 ], [ -103.63555703, 39.30791835 ], [ -103.65460602, 39.27521627 ], [ -103.6656416, 39.26174588 ], [ -103.68275618, 39.24251417 ], [ -103.6983437, 39.2298349 ], [ -103.72954212, 39.20981208 ], [ -103.73104579, 39.20896019 ], [ -103.76374789, 39.19210411 ], [ -103.79644999, 39.17730779 ], [ -103.79691064, 39.17710998 ], [ -103.82915209, 39.1633293 ], [ -103.86185419, 39.1504239 ], [ -103.87789091, 39.14440789 ], [ -103.89455628, 39.13799381 ], [ -103.92725838, 39.12579529 ], [ -103.95996046, 39.11391722 ], [ -103.9660241, 39.11170579 ], [ -103.99266256, 39.09900123 ], [ -104.02536465, 39.08362785 ], [ -104.03529294, 39.07900371 ], [ -104.05806675, 39.06583517 ], [ -104.09076885, 39.04791926 ], [ -104.09380072, 39.0463016 ], [ -104.12347095, 39.02773651 ], [ -104.14754051, 39.0135995 ], [ -104.15617304, 39.00780665 ], [ -104.18887514, 38.98704456 ], [ -104.19908485, 38.98089741 ], [ -104.22157722, 38.96574491 ], [ -104.24956571, 38.94819531 ], [ -104.25427932, 38.94493579 ], [ -104.28698141, 38.92344816 ], [ -104.29993585, 38.91549323 ], [ -104.31968351, 38.90220575 ], [ -104.35156082, 38.88279112 ], [ -104.35238561, 38.88224047 ], [ -104.38508771, 38.86186012 ], [ -104.4058032, 38.85008904 ], [ -104.4177898, 38.84265681 ], [ -104.4504919, 38.82392972 ], [ -104.46281855, 38.81738693 ], [ -104.48319398, 38.80567909 ], [ -104.51589608, 38.7883072 ], [ -104.52320793, 38.78468485 ], [ -104.54859818, 38.77106511 ], [ -104.58130027, 38.75492204 ], [ -104.58762165, 38.75198275 ], [ -104.61400237, 38.73879239 ], [ -104.64670447, 38.72382303 ], [ -104.65724541, 38.71928066 ], [ -104.67940657, 38.70898568 ], [ -104.71210866, 38.69502827 ], [ -104.73341397, 38.68657856 ], [ -104.74481074, 38.68172984 ], [ -104.75298647, 38.68657856 ], [ -104.75298801, 38.71928066 ], [ -104.77751284, 38.74380306 ], [ -104.78569253, 38.75198275 ], [ -104.7856945, 38.78468485 ], [ -104.81021494, 38.80920224 ], [ -104.81839965, 38.81738693 ], [ -104.81840215, 38.85008904 ], [ -104.81840494, 38.88279112 ], [ -104.84291703, 38.90729894 ], [ -104.85111131, 38.91549323 ], [ -104.8511149, 38.94819531 ], [ -104.85109333, 38.94819531 ], [ -104.84291703, 38.94109351 ], [ -104.82372869, 38.94819531 ], [ -104.81021494, 38.95283408 ], [ -104.77751284, 38.96421802 ], [ -104.74481074, 38.97597664 ], [ -104.73142255, 38.98089741 ], [ -104.71210866, 38.98740908 ], [ -104.67940657, 38.99864361 ], [ -104.64670447, 39.01035175 ], [ -104.63777021, 39.0135995 ], [ -104.61400237, 39.02144444 ], [ -104.58130027, 39.03260074 ], [ -104.54859818, 39.0442158 ], [ -104.54285862, 39.0463016 ], [ -104.51589608, 39.05507156 ], [ -104.48319398, 39.06615809 ], [ -104.4504919, 39.07776608 ], [ -104.44711576, 39.07900371 ], [ -104.4177898, 39.0884485 ], [ -104.38508771, 39.09951297 ], [ -104.35238561, 39.11122429 ], [ -104.35110714, 39.11170579 ], [ -104.31968351, 39.12182817 ], [ -104.28698141, 39.13295788 ], [ -104.25567058, 39.14440789 ], [ -104.25427932, 39.14486534 ], [ -104.22157722, 39.15615126 ], [ -104.18887514, 39.16750273 ], [ -104.16138182, 39.17710998 ], [ -104.15617304, 39.17888422 ], [ -104.12347095, 39.18995555 ], [ -104.09076885, 39.20109831 ], [ -104.06604448, 39.20981208 ], [ -104.05806675, 39.2126431 ], [ -104.02536465, 39.22469392 ], [ -103.99266256, 39.23742321 ], [ -103.98009955, 39.24251417 ], [ -103.95996046, 39.2508482 ], [ -103.92725838, 39.26513877 ], [ -103.90560207, 39.27521627 ], [ -103.89455628, 39.28062333 ], [ -103.86185419, 39.29806674 ], [ -103.8455036, 39.30791835 ], [ -103.82915209, 39.31947132 ], [ -103.80516321, 39.34062046 ], [ -103.79644999, 39.3529815 ], [ -103.78584827, 39.37332256 ], [ -103.77968583, 39.40602465 ], [ -103.78057162, 39.43872675 ], [ -103.78608015, 39.47142883 ], [ -103.79419745, 39.50413094 ], [ -103.79644999, 39.51158953 ], [ -103.80369685, 39.53683302 ], [ -103.81480896, 39.56953513 ], [ -103.82794423, 39.60223721 ], [ -103.82915209, 39.60505838 ], [ -103.84179175, 39.63493932 ], [ -103.85767639, 39.66764142 ], [ -103.86185419, 39.67572861 ], [ -103.87479919, 39.7003435 ], [ -103.89420567, 39.73304561 ], [ -103.89455628, 39.73361933 ], [ -103.91517966, 39.76574769 ], [ -103.92725838, 39.78293119 ], [ -103.93900827, 39.7984498 ], [ -103.95996046, 39.82422586 ], [ -103.96615683, 39.83115188 ], [ -103.99266256, 39.85924792 ], [ -103.99758007, 39.86385398 ], [ -104.02536465, 39.88899901 ], [ -104.03510108, 39.89655607 ], [ -104.05806675, 39.91412657 ], [ -104.08207937, 39.92925817 ], [ -104.09076885, 39.93476889 ], [ -104.12347095, 39.95265145 ], [ -104.14398416, 39.96196028 ], [ -104.15617304, 39.96763812 ], [ -104.18887514, 39.98161504 ], [ -104.22079723, 39.99466236 ], [ -104.22157722, 39.99499691 ], [ -104.25427932, 40.01501954 ], [ -104.27429908, 40.02736446 ], [ -104.28698141, 40.03597085 ], [ -104.31968351, 40.05083463 ], [ -104.35238561, 40.05089436 ], [ -104.38508771, 40.0399229 ], [ -104.41167361, 40.02736446 ], [ -104.4177898, 40.02503647 ], [ -104.4504919, 40.0100322 ], [ -104.47845077, 39.99466236 ], [ -104.48319398, 39.99242911 ], [ -104.51589608, 39.97827816 ], [ -104.54859818, 39.96432602 ], [ -104.5550732, 39.96196028 ], [ -104.58130027, 39.95447334 ], [ -104.61400237, 39.94879917 ], [ -104.64670447, 39.9465804 ], [ -104.67940657, 39.94514935 ], [ -104.71210866, 39.94438471 ], [ -104.74481074, 39.94426469 ], [ -104.77751284, 39.94481333 ], [ -104.81021494, 39.9443116 ], [ -104.84291703, 39.94366926 ], [ -104.87561913, 39.94210213 ], [ -104.90832123, 39.93972988 ], [ -104.94102333, 39.93630277 ], [ -104.97372542, 39.93327499 ], [ -104.98926033, 39.92925817 ], [ -105.0064275, 39.9273552 ], [ -105.0391296, 39.924117 ], [ -105.0718317, 39.9193284 ], [ -105.1045338, 39.91266249 ], [ -105.13723589, 39.90364718 ], [ -105.15934768, 39.89655607 ], [ -105.16993799, 39.89470011 ], [ -105.17811397, 39.86385398 ], [ -105.17813553, 39.86385398 ], [ -105.17813504, 39.89655607 ], [ -105.17813484, 39.92925817 ], [ -105.17813469, 39.96196028 ], [ -105.17813455, 39.99466236 ], [ -105.17813439, 40.02736446 ], [ -105.17813418, 40.06006655 ], [ -105.17813383, 40.09276865 ], [ -105.16993799, 40.1009645 ], [ -105.14543083, 40.12547074 ], [ -105.1454298, 40.15817284 ], [ -105.13723589, 40.16636675 ], [ -105.11272583, 40.19087492 ], [ -105.1045338, 40.19906696 ], [ -105.08002205, 40.22357703 ], [ -105.08002105, 40.25627913 ], [ -105.0718317, 40.26446847 ], [ -105.04731757, 40.28898122 ], [ -105.0391296, 40.29716919 ], [ -105.01461428, 40.32168332 ], [ -105.01461362, 40.3543854 ], [ -105.0064275, 40.36257151 ], [ -104.98191052, 40.38708751 ], [ -104.97372542, 40.39527262 ], [ -104.94920747, 40.41978959 ], [ -104.94920683, 40.4524917 ], [ -104.94102333, 40.46067521 ], [ -104.91650362, 40.48519378 ], [ -104.90832123, 40.4933762 ], [ -104.88380025, 40.51789589 ], [ -104.88379927, 40.55059799 ], [ -104.87561913, 40.55877813 ], [ -104.85109548, 40.58330007 ], [ -104.85109421, 40.61600218 ], [ -104.84291703, 40.62417933 ] ] ] } },
{ "type": "Feature", "properties": { "Lower": 54.0 }, "geometry": { "type": "Polygon", "coordinates": [ [ [ -99.63175479, 40.22357703 ], [ -99.62575798, 40.25627913 ], [ -99.61058181, 40.26991602 ], [ -99.59094933, 40.28898122 ], [ -99.57787972, 40.29652998 ], [ -99.54517762, 40.31584184 ], [ -99.53349465, 40.32168332 ], [ -99.51247552, 40.32959023 ], [ -99.47977342, 40.34070254 ], [ -99.44707133, 40.3488863 ], [ -99.41680049, 40.3543854 ], [ -99.41436925, 40.35480235 ], [ -99.38166715, 40.36022462 ], [ -99.34896505, 40.36479983 ], [ -99.31626296, 40.36841404 ], [ -99.28356086, 40.37129334 ], [ -99.25085876, 40.37351979 ], [ -99.21815666, 40.3752219 ], [ -99.18545457, 40.37646113 ], [ -99.15275249, 40.37731574 ], [ -99.12005039, 40.37783051 ], [ -99.08734829, 40.37810726 ], [ -99.05464619, 40.37825471 ], [ -99.0219441, 40.37835551 ], [ -98.989242, 40.37849312 ], [ -98.9565399, 40.37875747 ], [ -98.9238378, 40.37925092 ], [ -98.89113573, 40.38008062 ], [ -98.85843363, 40.38125844 ], [ -98.82573153, 40.3822963 ], [ -98.79302943, 40.38319771 ], [ -98.76032734, 40.38451373 ], [ -98.72762524, 40.38692638 ], [ -98.72468326, 40.38708751 ], [ -98.69492314, 40.38884046 ], [ -98.66222104, 40.3894329 ], [ -98.62951897, 40.38814456 ], [ -98.6216868, 40.38708751 ], [ -98.59681687, 40.38222275 ], [ -98.56411477, 40.360709 ], [ -98.55804846, 40.3543854 ], [ -98.53141267, 40.32562832 ], [ -98.52667189, 40.32168332 ], [ -98.49871058, 40.29916345 ], [ -98.47642833, 40.28898122 ], [ -98.46600848, 40.28414788 ], [ -98.43330638, 40.2803472 ], [ -98.40060428, 40.28588605 ], [ -98.39245596, 40.28898122 ], [ -98.3679022, 40.29753584 ], [ -98.33520011, 40.31323438 ], [ -98.31925826, 40.32168332 ], [ -98.30249801, 40.32985692 ], [ -98.26979591, 40.33772122 ], [ -98.23709381, 40.34120088 ], [ -98.20439172, 40.34279658 ], [ -98.17168962, 40.34337234 ], [ -98.13898752, 40.34361414 ], [ -98.10628544, 40.34427828 ], [ -98.07358335, 40.34544505 ], [ -98.04088125, 40.34693575 ], [ -98.00817915, 40.34796844 ], [ -97.97547705, 40.34925503 ], [ -97.94277496, 40.35166783 ], [ -97.91986817, 40.3543854 ], [ -97.91007286, 40.3559026 ], [ -97.87737076, 40.36274693 ], [ -97.84466868, 40.37176409 ], [ -97.81196658, 40.38296574 ], [ -97.80149048, 40.38708751 ], [ -97.77926449, 40.3972362 ], [ -97.74656239, 40.41389333 ], [ -97.73589348, 40.41978959 ], [ -97.71386029, 40.43326154 ], [ -97.68427177, 40.4524917 ], [ -97.68115819, 40.45467514 ], [ -97.6484561, 40.4783693 ], [ -97.63934078, 40.48519378 ], [ -97.615754, 40.50376678 ], [ -97.59819546, 40.51789589 ], [ -97.58305192, 40.53054131 ], [ -97.55937748, 40.55059799 ], [ -97.55034982, 40.55845717 ], [ -97.52206939, 40.58330007 ], [ -97.51764773, 40.58728911 ], [ -97.485773, 40.61600218 ], [ -97.48494563, 40.61680026 ], [ -97.45224353, 40.64784826 ], [ -97.45132694, 40.64870426 ], [ -97.41954143, 40.68041806 ], [ -97.41853191, 40.68140637 ], [ -97.38709255, 40.71410845 ], [ -97.38683934, 40.71438924 ], [ -97.35705878, 40.74681055 ], [ -97.35413724, 40.75016801 ], [ -97.3281413, 40.77951264 ], [ -97.32143516, 40.78742748 ], [ -97.30006469, 40.81221474 ], [ -97.28873306, 40.82587436 ], [ -97.27269479, 40.84491685 ], [ -97.25603097, 40.86531828 ], [ -97.24582813, 40.87761893 ], [ -97.22332887, 40.90546722 ], [ -97.21935602, 40.91032103 ], [ -97.19323284, 40.94302312 ], [ -97.19062677, 40.94635627 ], [ -97.16735072, 40.97572522 ], [ -97.15792467, 40.98779893 ], [ -97.14164211, 41.00842731 ], [ -97.12522257, 41.029425 ], [ -97.11596798, 41.04112941 ], [ -97.09252048, 41.07106514 ], [ -97.09033131, 41.07383149 ], [ -97.06477199, 41.1065336 ], [ -97.0598184, 41.11291044 ], [ -97.03916894, 41.1392357 ], [ -97.0271163, 41.1546397 ], [ -97.01347518, 41.17193779 ], [ -96.9944142, 41.1961085 ], [ -96.98763303, 41.20463989 ], [ -96.96171211, 41.23707745 ], [ -96.96150014, 41.23734197 ], [ -96.93557641, 41.27004408 ], [ -96.92901001, 41.27826257 ], [ -96.90932724, 41.30274616 ], [ -96.89630791, 41.31887884 ], [ -96.88285275, 41.33544827 ], [ -96.86360581, 41.35896959 ], [ -96.85603845, 41.36815035 ], [ -96.83090372, 41.39837509 ], [ -96.82882618, 41.40085246 ], [ -96.80124721, 41.43355454 ], [ -96.79820164, 41.43713691 ], [ -96.77322825, 41.46625664 ], [ -96.76549954, 41.47517734 ], [ -96.74473685, 41.49895875 ], [ -96.73279744, 41.50713593 ], [ -96.72462025, 41.49895875 ], [ -96.70009535, 41.47444272 ], [ -96.69190927, 41.46625664 ], [ -96.66739325, 41.44174996 ], [ -96.65919784, 41.43355454 ], [ -96.63469115, 41.40905762 ], [ -96.63469115, 41.40903607 ], [ -96.66739325, 41.42154297 ], [ -96.68572205, 41.40085246 ], [ -96.70009535, 41.38448293 ], [ -96.71435265, 41.36815035 ], [ -96.73279744, 41.34685521 ], [ -96.74260148, 41.33544827 ], [ -96.76549954, 41.30862643 ], [ -96.77048597, 41.30274616 ], [ -96.79806373, 41.27004408 ], [ -96.79820164, 41.2698803 ], [ -96.82542283, 41.23734197 ], [ -96.83090372, 41.23079043 ], [ -96.85267959, 41.20463989 ], [ -96.86360581, 41.19153329 ], [ -96.87985146, 41.17193779 ], [ -96.89630791, 41.15213176 ], [ -96.90695445, 41.1392357 ], [ -96.92901001, 41.11266707 ], [ -96.93406473, 41.1065336 ], [ -96.96117409, 41.07383149 ], [ -96.96171211, 41.073191 ], [ -96.98840662, 41.04112941 ], [ -96.9944142, 41.03398205 ], [ -97.01570596, 41.00842731 ], [ -97.0271163, 40.9949166 ], [ -97.04314229, 40.97572522 ], [ -97.0598184, 40.95608033 ], [ -97.07078873, 40.94302312 ], [ -97.09252048, 40.91762247 ], [ -97.0986934, 40.91032103 ], [ -97.12522257, 40.87964656 ], [ -97.12695283, 40.87761893 ], [ -97.15566864, 40.84491685 ], [ -97.15792467, 40.84243153 ], [ -97.18497866, 40.81221474 ], [ -97.19062677, 40.80613595 ], [ -97.21501042, 40.77951264 ], [ -97.22332887, 40.77081452 ], [ -97.24592633, 40.74681055 ], [ -97.25603097, 40.73661831 ], [ -97.27798723, 40.71410845 ], [ -97.28873306, 40.70373731 ], [ -97.31146873, 40.68140637 ], [ -97.32143516, 40.67215928 ], [ -97.34628313, 40.64870426 ], [ -97.35413724, 40.64146797 ], [ -97.38179783, 40.61600218 ], [ -97.38683934, 40.61138593 ], [ -97.4176498, 40.58330007 ], [ -97.41954143, 40.58159199 ], [ -97.45224353, 40.55224275 ], [ -97.45408866, 40.55059799 ], [ -97.48494563, 40.52356018 ], [ -97.49148829, 40.51789589 ], [ -97.51764773, 40.49581244 ], [ -97.5304391, 40.48519378 ], [ -97.55034982, 40.46921602 ], [ -97.57173378, 40.4524917 ], [ -97.58305192, 40.44403645 ], [ -97.615754, 40.42051388 ], [ -97.61679607, 40.41978959 ], [ -97.6484561, 40.39924958 ], [ -97.66853216, 40.38708751 ], [ -97.68115819, 40.38009236 ], [ -97.71386029, 40.36351944 ], [ -97.73412444, 40.3543854 ], [ -97.74656239, 40.34946452 ], [ -97.77926449, 40.33834934 ], [ -97.81196658, 40.32957138 ], [ -97.84466868, 40.32311937 ], [ -97.85528793, 40.32168332 ], [ -97.87737076, 40.31927494 ], [ -97.91007286, 40.31739741 ], [ -97.94277496, 40.31709407 ], [ -97.97547705, 40.31760766 ], [ -98.00817915, 40.31824571 ], [ -98.04088125, 40.31838098 ], [ -98.07358335, 40.31730484 ], [ -98.10628544, 40.31584722 ], [ -98.13898752, 40.3147597 ], [ -98.17168962, 40.31390389 ], [ -98.20439172, 40.31232472 ], [ -98.23709381, 40.30942562 ], [ -98.26979591, 40.30402936 ], [ -98.30249801, 40.29199258 ], [ -98.30807206, 40.28898122 ], [ -98.33520011, 40.27335775 ], [ -98.36777864, 40.25627913 ], [ -98.3679022, 40.2562047 ], [ -98.40060428, 40.24053463 ], [ -98.43330638, 40.23071843 ], [ -98.46600848, 40.23040883 ], [ -98.49871058, 40.24432596 ], [ -98.51148161, 40.25627913 ], [ -98.53141267, 40.27243524 ], [ -98.54567365, 40.28898122 ], [ -98.56411477, 40.30887344 ], [ -98.57429576, 40.32168332 ], [ -98.59681687, 40.34772205 ], [ -98.60599669, 40.3543854 ], [ -98.62951897, 40.36309674 ], [ -98.66222104, 40.36801248 ], [ -98.69492314, 40.36955308 ], [ -98.72762524, 40.3692576 ], [ -98.76032734, 40.36789695 ], [ -98.79302943, 40.3663015 ], [ -98.82573153, 40.36389962 ], [ -98.85843363, 40.36060942 ], [ -98.89113573, 40.35670336 ], [ -98.91131974, 40.3543854 ], [ -98.9238378, 40.35329832 ], [ -98.9565399, 40.35067326 ], [ -98.989242, 40.34791526 ], [ -99.0219441, 40.34486597 ], [ -99.05464619, 40.341361 ], [ -99.08734829, 40.33706945 ], [ -99.12005039, 40.33151947 ], [ -99.15275249, 40.32430483 ], [ -99.16313217, 40.32168332 ], [ -99.18545457, 40.31698254 ], [ -99.21815666, 40.30865096 ], [ -99.25085876, 40.29799543 ], [ -99.27366746, 40.28898122 ], [ -99.28356086, 40.28594323 ], [ -99.31626296, 40.27474488 ], [ -99.34896505, 40.2602735 ], [ -99.35707845, 40.25627913 ], [ -99.38166715, 40.24710286 ], [ -99.41436925, 40.23308584 ], [ -99.43368657, 40.22357703 ], [ -99.44707133, 40.21162746 ], [ -99.46611501, 40.19087492 ], [ -99.46568733, 40.15817284 ], [ -99.46091146, 40.12547074 ], [ -99.45353429, 40.09276865 ], [ -99.44707133, 40.0733798 ], [ -99.4431715, 40.06006655 ], [ -99.42970584, 40.02736446 ], [ -99.41436925, 39.99972375 ], [ -99.41178913, 39.99466236 ], [ -99.39008581, 39.96196028 ], [ -99.38166715, 39.95203068 ], [ -99.36149915, 39.92925817 ], [ -99.34896505, 39.91747078 ], [ -99.32547158, 39.89655607 ], [ -99.31626296, 39.88930595 ], [ -99.28356086, 39.86513995 ], [ -99.28173091, 39.86385398 ], [ -99.25085876, 39.84374089 ], [ -99.22988, 39.83115188 ], [ -99.21815666, 39.82442853 ], [ -99.18545457, 39.80690456 ], [ -99.16833719, 39.7984498 ], [ -99.15275249, 39.79090656 ], [ -99.12005039, 39.77640475 ], [ -99.09235963, 39.76574769 ], [ -99.08734829, 39.76382378 ], [ -99.05464619, 39.75378105 ], [ -99.0219441, 39.74680754 ], [ -98.989242, 39.74292605 ], [ -98.9565399, 39.74242744 ], [ -98.9238378, 39.74590453 ], [ -98.89113573, 39.75447604 ], [ -98.86743671, 39.76574769 ], [ -98.85843363, 39.7700216 ], [ -98.82573153, 39.79511463 ], [ -98.82252708, 39.7984498 ], [ -98.79369814, 39.83115188 ], [ -98.79302943, 39.83198082 ], [ -98.77178069, 39.86385398 ], [ -98.76032734, 39.88307373 ], [ -98.75310906, 39.89655607 ], [ -98.73403063, 39.92925817 ], [ -98.72762524, 39.93872727 ], [ -98.71098898, 39.96196028 ], [ -98.69492314, 39.98176565 ], [ -98.68280143, 39.99466236 ], [ -98.66222104, 40.01208692 ], [ -98.63785357, 40.02736446 ], [ -98.62951897, 40.03273737 ], [ -98.59681687, 40.05165126 ], [ -98.57877234, 40.06006655 ], [ -98.56411477, 40.0685262 ], [ -98.53141267, 40.08108293 ], [ -98.49871058, 40.08496075 ], [ -98.46600848, 40.07583513 ], [ -98.44588175, 40.06006655 ], [ -98.43330638, 40.05143295 ], [ -98.41007487, 40.02736446 ], [ -98.40060428, 40.01789753 ], [ -98.38468585, 39.99466236 ], [ -98.37346298, 39.96196028 ], [ -98.3679022, 39.94092077 ], [ -98.36480029, 39.92925817 ], [ -98.35741696, 39.89655607 ], [ -98.35212059, 39.86385398 ], [ -98.3478095, 39.83115188 ], [ -98.3418984, 39.7984498 ], [ -98.33520011, 39.76973278 ], [ -98.33412178, 39.76574769 ], [ -98.32370874, 39.73304561 ], [ -98.31088471, 39.7003435 ], [ -98.30249801, 39.68230078 ], [ -98.29452829, 39.66764142 ], [ -98.27405575, 39.63493932 ], [ -98.26979591, 39.62885463 ], [ -98.24773743, 39.60223721 ], [ -98.23709381, 39.5905204 ], [ -98.21404574, 39.56953513 ], [ -98.20439172, 39.56117415 ], [ -98.17168962, 39.53819879 ], [ -98.16923421, 39.53683302 ], [ -98.13898752, 39.52000912 ], [ -98.10628544, 39.50613016 ], [ -98.09986537, 39.50413094 ], [ -98.07358335, 39.4957017 ], [ -98.04088125, 39.48746246 ], [ -98.00817915, 39.48137815 ], [ -97.97547705, 39.47782051 ], [ -97.94277496, 39.47649759 ], [ -97.91007286, 39.47719328 ], [ -97.87737076, 39.47979886 ], [ -97.84466868, 39.48425865 ], [ -97.81196658, 39.49050891 ], [ -97.77926449, 39.49847634 ], [ -97.75980508, 39.50413094 ], [ -97.74656239, 39.50782049 ], [ -97.71386029, 39.51811414 ], [ -97.68115819, 39.52935326 ], [ -97.66067581, 39.53683302 ], [ -97.6484561, 39.54101878 ], [ -97.615754, 39.55254018 ], [ -97.58305192, 39.56395795 ], [ -97.56655701, 39.56953513 ], [ -97.55034982, 39.57463709 ], [ -97.51764773, 39.58429853 ], [ -97.48494563, 39.59256106 ], [ -97.45224353, 39.59902365 ], [ -97.43050113, 39.60223721 ], [ -97.41954143, 39.60377642 ], [ -97.38683934, 39.60703036 ], [ -97.35413724, 39.60931047 ], [ -97.32143516, 39.61078613 ], [ -97.28873306, 39.61160027 ], [ -97.25603097, 39.61183438 ], [ -97.22332887, 39.61159349 ], [ -97.19062677, 39.61082304 ], [ -97.15792467, 39.60961826 ], [ -97.12522257, 39.60809822 ], [ -97.09252048, 39.60635224 ], [ -97.0598184, 39.6044878 ], [ -97.0271163, 39.60255278 ], [ -97.02161392, 39.60223721 ], [ -96.9944142, 39.60060583 ], [ -96.96171211, 39.59866713 ], [ -96.92901001, 39.59673811 ], [ -96.89630791, 39.59480505 ], [ -96.86360581, 39.59284082 ], [ -96.83090372, 39.59083768 ], [ -96.79820164, 39.58872734 ], [ -96.76549954, 39.58718256 ], [ -96.73279744, 39.58761242 ], [ -96.70009535, 39.5895163 ], [ -96.66739325, 39.59152228 ], [ -96.63469115, 39.5924292 ], [ -96.60198905, 39.59042478 ], [ -96.56928696, 39.58274203 ], [ -96.54412091, 39.56953513 ], [ -96.53658488, 39.56524674 ], [ -96.5070772, 39.53683302 ], [ -96.50388278, 39.53358866 ], [ -96.48440297, 39.50413094 ], [ -96.47118068, 39.48332226 ], [ -96.46577054, 39.47142883 ], [ -96.44866282, 39.43872675 ], [ -96.43847858, 39.42350571 ], [ -96.42506042, 39.40602465 ], [ -96.40577649, 39.38452405 ], [ -96.39509996, 39.37332256 ], [ -96.37307439, 39.3514356 ], [ -96.3613598, 39.34062046 ], [ -96.34037229, 39.32021704 ], [ -96.32525936, 39.30791835 ], [ -96.30767019, 39.29341236 ], [ -96.28108136, 39.27521627 ], [ -96.27496812, 39.27068249 ], [ -96.24226602, 39.24704864 ], [ -96.23585319, 39.24251417 ], [ -96.20956392, 39.22184341 ], [ -96.19373846, 39.20981208 ], [ -96.17686182, 39.19573847 ], [ -96.15390373, 39.17710998 ], [ -96.14415973, 39.16845479 ], [ -96.11652803, 39.14440789 ], [ -96.11145763, 39.13958419 ], [ -96.08170021, 39.11170579 ], [ -96.07875553, 39.10868777 ], [ -96.04946954, 39.07900371 ], [ -96.04605343, 39.07521976 ], [ -96.01965118, 39.0463016 ], [ -96.01335136, 39.03876735 ], [ -95.99206669, 39.0135995 ], [ -95.98064926, 38.99890792 ], [ -95.96640833, 38.98089741 ], [ -95.94794716, 38.95553555 ], [ -95.94247695, 38.94819531 ], [ -95.91981366, 38.91549323 ], [ -95.91524506, 38.90849471 ], [ -95.89801528, 38.88279112 ], [ -95.88254297, 38.85856197 ], [ -95.87693367, 38.85008904 ], [ -95.85594138, 38.81738693 ], [ -95.84984087, 38.80775193 ], [ -95.83466351, 38.78468485 ], [ -95.81713877, 38.75820788 ], [ -95.812833, 38.75198275 ], [ -95.78966599, 38.71928066 ], [ -95.78443667, 38.71222251 ], [ -95.76455184, 38.68657856 ], [ -95.75173457, 38.67101328 ], [ -95.73684513, 38.65387645 ], [ -95.7190325, 38.635054 ], [ -95.70465487, 38.62117437 ], [ -95.6863304, 38.60563784 ], [ -95.664009, 38.58847227 ], [ -95.6536283, 38.58145929 ], [ -95.6209262, 38.56090769 ], [ -95.61250444, 38.55577018 ], [ -95.58822411, 38.5422177 ], [ -95.55552201, 38.52434605 ], [ -95.55308478, 38.52306808 ], [ -95.52281991, 38.5085323 ], [ -95.49011781, 38.49229512 ], [ -95.48639651, 38.49036599 ], [ -95.45741574, 38.47512799 ], [ -95.42800751, 38.45766389 ], [ -95.42471364, 38.45560381 ], [ -95.39201154, 38.43199967 ], [ -95.38400184, 38.42496181 ], [ -95.35930944, 38.39902516 ], [ -95.35431919, 38.3922597 ], [ -95.33671077, 38.3595576 ], [ -95.32734509, 38.32685551 ], [ -95.32660735, 38.32024736 ], [ -95.32428015, 38.29415341 ], [ -95.32439584, 38.26145132 ], [ -95.32660735, 38.23170888 ], [ -95.32681478, 38.22874922 ], [ -95.33115862, 38.19604714 ], [ -95.33723089, 38.16334503 ], [ -95.34508269, 38.13064295 ], [ -95.35549013, 38.09794084 ], [ -95.35930944, 38.08791655 ], [ -95.36705584, 38.06523874 ], [ -95.38076775, 38.03253666 ], [ -95.39201154, 38.01087848 ], [ -95.39714662, 37.99983455 ], [ -95.41531713, 37.96713247 ], [ -95.42471364, 37.95322984 ], [ -95.4356949, 37.93443036 ], [ -95.45741574, 37.90383123 ], [ -95.45855964, 37.90172828 ], [ -95.47780089, 37.86902618 ], [ -95.49011781, 37.85044387 ], [ -95.49810231, 37.83632409 ], [ -95.51778368, 37.80362199 ], [ -95.52281991, 37.79600563 ], [ -95.54029959, 37.77091988 ], [ -95.55552201, 37.75306961 ], [ -95.56964137, 37.7382178 ], [ -95.58822411, 37.7221787 ], [ -95.60653323, 37.7055157 ], [ -95.6209262, 37.68943705 ], [ -95.63406398, 37.67281361 ], [ -95.6536283, 37.641102 ], [ -95.6542473, 37.64011151 ], [ -95.67067039, 37.60740942 ], [ -95.68517769, 37.57470732 ], [ -95.6863304, 37.57190024 ], [ -95.69990953, 37.54200524 ], [ -95.7190325, 37.50989682 ], [ -95.71944621, 37.50930313 ], [ -95.75057308, 37.47660103 ], [ -95.75173457, 37.47567211 ], [ -95.78443667, 37.45286171 ], [ -95.80960828, 37.44389894 ], [ -95.81713877, 37.44148522 ], [ -95.82897981, 37.44389894 ], [ -95.84984087, 37.44759985 ], [ -95.88254297, 37.46214808 ], [ -95.91039649, 37.47660103 ], [ -95.91524506, 37.47913369 ], [ -95.94794716, 37.49410416 ], [ -95.97983838, 37.50930313 ], [ -95.98064926, 37.50973638 ], [ -96.01335136, 37.52469783 ], [ -96.04605343, 37.54060161 ], [ -96.04952627, 37.54200524 ], [ -96.07875553, 37.55835597 ], [ -96.10924322, 37.57470732 ], [ -96.11145763, 37.57664648 ], [ -96.14415973, 37.5993607 ], [ -96.15860206, 37.60740942 ], [ -96.17686182, 37.62948618 ], [ -96.1900132, 37.64011151 ], [ -96.20843265, 37.67281361 ], [ -96.20956392, 37.67406728 ], [ -96.24226602, 37.68142374 ], [ -96.2554443, 37.67281361 ], [ -96.25452748, 37.64011151 ], [ -96.24860608, 37.60740942 ], [ -96.25396933, 37.57470732 ], [ -96.26643847, 37.54200524 ], [ -96.27496812, 37.52438695 ], [ -96.28026943, 37.50930313 ], [ -96.29202821, 37.47660103 ], [ -96.30048044, 37.44389894 ], [ -96.30439507, 37.41119684 ], [ -96.30342756, 37.37849476 ], [ -96.29772313, 37.34579265 ], [ -96.29564868, 37.31309057 ], [ -96.30604233, 37.28038846 ], [ -96.30767019, 37.27747895 ], [ -96.32325139, 37.24768638 ], [ -96.34037229, 37.22078205 ], [ -96.343925, 37.21498427 ], [ -96.35929993, 37.18228217 ], [ -96.36797727, 37.14958009 ], [ -96.37153913, 37.11687798 ], [ -96.37122592, 37.0841759 ], [ -96.36790681, 37.05147379 ], [ -96.36229814, 37.01877171 ], [ -96.3549318, 36.98606961 ], [ -96.34618736, 36.95336752 ], [ -96.34037229, 36.93397402 ], [ -96.33608798, 36.92066542 ], [ -96.32475498, 36.88796331 ], [ -96.31271166, 36.85526123 ], [ -96.30767019, 36.84216727 ], [ -96.2997044, 36.82255913 ], [ -96.28597886, 36.78985704 ], [ -96.27496812, 36.76446166 ], [ -96.271568, 36.75715494 ], [ -96.25564069, 36.72445285 ], [ -96.24226602, 36.69812513 ], [ -96.23877655, 36.69175075 ], [ -96.22049927, 36.65904867 ], [ -96.20956392, 36.63983871 ], [ -96.20142531, 36.62634656 ], [ -96.18139879, 36.59364446 ], [ -96.17686182, 36.58629079 ], [ -96.16051013, 36.56094237 ], [ -96.14415973, 36.53550206 ], [ -96.13929436, 36.52824027 ], [ -96.11750248, 36.49553819 ], [ -96.11145763, 36.48641435 ], [ -96.09527419, 36.46283608 ], [ -96.07875553, 36.43858843 ], [ -96.07279679, 36.430134 ], [ -96.04979612, 36.39743189 ], [ -96.04605343, 36.39208527 ], [ -96.02633388, 36.36472981 ], [ -96.01335136, 36.34658353 ], [ -96.00267721, 36.3320277 ], [ -95.98064926, 36.30187584 ], [ -95.9787438, 36.29932562 ], [ -95.95444056, 36.26662352 ], [ -95.94794716, 36.25782513 ], [ -95.9299509, 36.23392141 ], [ -95.91524506, 36.21423845 ], [ -95.90534743, 36.20121933 ], [ -95.88254297, 36.17099006 ], [ -95.88064416, 36.16851722 ], [ -95.85565881, 36.13581514 ], [ -95.84984087, 36.12814811 ], [ -95.83056029, 36.10311304 ], [ -95.81713877, 36.08554944 ], [ -95.8054305, 36.07041095 ], [ -95.78443667, 36.04315991 ], [ -95.78019882, 36.03770885 ], [ -95.75493473, 36.00500676 ], [ -95.75173457, 36.00085663 ], [ -95.72951783, 35.97230466 ], [ -95.7190325, 35.9641286 ], [ -95.7190325, 35.96410705 ], [ -95.74353991, 35.93960256 ], [ -95.75173457, 35.93140789 ], [ -95.77624503, 35.90690047 ], [ -95.77624636, 35.87419837 ], [ -95.78443667, 35.86600804 ], [ -95.80895152, 35.84149628 ], [ -95.81713877, 35.83330903 ], [ -95.84165672, 35.80879418 ], [ -95.84165805, 35.7760921 ], [ -95.84984087, 35.76790928 ], [ -95.87436325, 35.74338999 ], [ -95.88254297, 35.73521029 ], [ -95.90706842, 35.71068791 ], [ -95.91524506, 35.68245105 ], [ -95.93623977, 35.71068791 ], [ -95.94794716, 35.72649506 ], [ -95.96031746, 35.74338999 ], [ -95.98064926, 35.77137557 ], [ -95.98403721, 35.7760921 ], [ -96.00733573, 35.80879418 ], [ -96.01335136, 35.81725372 ], [ -96.03035438, 35.84149628 ], [ -96.04605343, 35.86405608 ], [ -96.05301588, 35.87419837 ], [ -96.07533502, 35.90690047 ], [ -96.07875553, 35.911911 ], [ -96.09731332, 35.93960256 ], [ -96.11145763, 35.96079128 ], [ -96.11900485, 35.97230466 ], [ -96.14031355, 36.00500676 ], [ -96.14415973, 36.01091123 ], [ -96.16126712, 36.03770885 ], [ -96.17686182, 36.06223201 ], [ -96.1819364, 36.07041095 ], [ -96.20215697, 36.10311304 ], [ -96.20956392, 36.11510255 ], [ -96.22203014, 36.13581514 ], [ -96.24164311, 36.16851722 ], [ -96.24226602, 36.16956022 ], [ -96.26062141, 36.20121933 ], [ -96.27496812, 36.22606065 ], [ -96.27935989, 36.23392141 ], [ -96.29752725, 36.26662352 ], [ -96.30767019, 36.28504753 ], [ -96.31523789, 36.29932562 ], [ -96.33239923, 36.3320277 ], [ -96.34037229, 36.34743814 ], [ -96.34895026, 36.36472981 ], [ -96.36496387, 36.39743189 ], [ -96.37307439, 36.41433953 ], [ -96.38040963, 36.430134 ], [ -96.39536575, 36.46283608 ], [ -96.40577649, 36.48610936 ], [ -96.40988047, 36.49553819 ], [ -96.42385405, 36.52824027 ], [ -96.43744048, 36.56094237 ], [ -96.43847858, 36.56347802 ], [ -96.45047347, 36.59364446 ], [ -96.46288387, 36.62634656 ], [ -96.47118068, 36.6490778 ], [ -96.47470834, 36.65904867 ], [ -96.48575526, 36.69175075 ], [ -96.49617969, 36.72445285 ], [ -96.50388278, 36.7503451 ], [ -96.50583281, 36.75715494 ], [ -96.51456487, 36.78985704 ], [ -96.522472, 36.82255913 ], [ -96.52941402, 36.85526123 ], [ -96.53528819, 36.88796331 ], [ -96.53658488, 36.89697917 ], [ -96.53979542, 36.92066542 ], [ -96.54285085, 36.95336752 ], [ -96.54421179, 36.98606961 ], [ -96.54362362, 37.01877171 ], [ -96.5406996, 37.05147379 ], [ -96.53658488, 37.07473283 ], [ -96.53495403, 37.0841759 ], [ -96.52559371, 37.11687798 ], [ -96.51205189, 37.14958009 ], [ -96.50388278, 37.16390405 ], [ -96.49370204, 37.18228217 ], [ -96.47416503, 37.21498427 ], [ -96.47118068, 37.22093782 ], [ -96.45715476, 37.24768638 ], [ -96.44555811, 37.28038846 ], [ -96.44415371, 37.31309057 ], [ -96.45744197, 37.34579265 ], [ -96.47118068, 37.3756271 ], [ -96.47264871, 37.37849476 ], [ -96.48818646, 37.41119684 ], [ -96.50266776, 37.44389894 ], [ -96.50388278, 37.44721214 ], [ -96.51669862, 37.47660103 ], [ -96.52777627, 37.50930313 ], [ -96.53510108, 37.54200524 ], [ -96.53658488, 37.55068906 ], [ -96.54098987, 37.57470732 ], [ -96.5496512, 37.60740942 ], [ -96.55582533, 37.64011151 ], [ -96.55082719, 37.67281361 ], [ -96.54029603, 37.7055157 ], [ -96.53658488, 37.71283389 ], [ -96.52436446, 37.7382178 ], [ -96.50388278, 37.76708718 ], [ -96.50121764, 37.77091988 ], [ -96.47118068, 37.80312712 ], [ -96.47069018, 37.80362199 ], [ -96.43847858, 37.82703107 ], [ -96.42250668, 37.83632409 ], [ -96.40577649, 37.84405224 ], [ -96.37307439, 37.8562964 ], [ -96.34037229, 37.8652369 ], [ -96.31800356, 37.86902618 ], [ -96.30767019, 37.87049451 ], [ -96.27496812, 37.87138721 ], [ -96.25364249, 37.86902618 ], [ -96.24226602, 37.86766841 ], [ -96.20956392, 37.85849729 ], [ -96.17686182, 37.84363427 ], [ -96.16623358, 37.83632409 ], [ -96.14415973, 37.8196291 ], [ -96.12515214, 37.80362199 ], [ -96.11145763, 37.79118376 ], [ -96.09057239, 37.77091988 ], [ -96.07875553, 37.75854436 ], [ -96.06075702, 37.7382178 ], [ -96.04605343, 37.71910601 ], [ -96.03658498, 37.7055157 ], [ -96.0230616, 37.67281361 ], [ -96.01335136, 37.6458503 ], [ -96.01125713, 37.64011151 ], [ -95.99218806, 37.60740942 ], [ -95.98064926, 37.59442098 ], [ -95.96367874, 37.57470732 ], [ -95.94794716, 37.56157081 ], [ -95.92432909, 37.54200524 ], [ -95.91524506, 37.5366429 ], [ -95.88254297, 37.5204551 ], [ -95.85233825, 37.50930313 ], [ -95.84984087, 37.50849015 ], [ -95.835541, 37.50930313 ], [ -95.81713877, 37.51097357 ], [ -95.78443667, 37.53424018 ], [ -95.77735664, 37.54200524 ], [ -95.75173457, 37.5727557 ], [ -95.75048808, 37.57470732 ], [ -95.72883456, 37.60740942 ], [ -95.7190325, 37.61985574 ], [ -95.70658688, 37.64011151 ], [ -95.6863304, 37.66760864 ], [ -95.68297925, 37.67281361 ], [ -95.65684742, 37.7055157 ], [ -95.6536283, 37.70914788 ], [ -95.62613746, 37.7382178 ], [ -95.6209262, 37.74386318 ], [ -95.59369258, 37.77091988 ], [ -95.58822411, 37.77726722 ], [ -95.5673121, 37.80362199 ], [ -95.55552201, 37.82089415 ], [ -95.54553428, 37.83632409 ], [ -95.52604619, 37.86902618 ], [ -95.52281991, 37.87467265 ], [ -95.50779197, 37.90172828 ], [ -95.49036297, 37.93443036 ], [ -95.49011781, 37.93491241 ], [ -95.47337382, 37.96713247 ], [ -95.45801047, 37.99983455 ], [ -95.45741574, 38.00120741 ], [ -95.44231684, 38.03253666 ], [ -95.4296257, 38.06523874 ], [ -95.42471364, 38.08153729 ], [ -95.41927425, 38.09794084 ], [ -95.41168969, 38.13064295 ], [ -95.40699835, 38.16334503 ], [ -95.40549128, 38.19604714 ], [ -95.40800676, 38.22874922 ], [ -95.41652623, 38.26145132 ], [ -95.42471364, 38.27910114 ], [ -95.43403538, 38.29415341 ], [ -95.45741574, 38.32179991 ], [ -95.46276682, 38.32685551 ], [ -95.49011781, 38.3491385 ], [ -95.50518506, 38.3595576 ], [ -95.52281991, 38.37086289 ], [ -95.55552201, 38.38969042 ], [ -95.56027717, 38.3922597 ], [ -95.58822411, 38.40696456 ], [ -95.6209262, 38.42334469 ], [ -95.62421285, 38.42496181 ], [ -95.6536283, 38.43933302 ], [ -95.6863304, 38.45515696 ], [ -95.69147455, 38.45766389 ], [ -95.7190325, 38.47173276 ], [ -95.75173457, 38.48972574 ], [ -95.75278129, 38.49036599 ], [ -95.78443667, 38.51226815 ], [ -95.79825709, 38.52306808 ], [ -95.81713877, 38.53972309 ], [ -95.83410456, 38.55577018 ], [ -95.84984087, 38.5720448 ], [ -95.8651222, 38.58847227 ], [ -95.88254297, 38.6087757 ], [ -95.89288994, 38.62117437 ], [ -95.91524506, 38.65006426 ], [ -95.91815001, 38.65387645 ], [ -95.94134433, 38.68657856 ], [ -95.94794716, 38.69645959 ], [ -95.9631258, 38.71928066 ], [ -95.98064926, 38.74693756 ], [ -95.98389129, 38.75198275 ], [ -96.00424792, 38.78468485 ], [ -96.01335136, 38.79959253 ], [ -96.02445405, 38.81738693 ], [ -96.04474275, 38.85008904 ], [ -96.04605343, 38.85217458 ], [ -96.06579497, 38.88279112 ], [ -96.07875553, 38.90254967 ], [ -96.0875169, 38.91549323 ], [ -96.11029526, 38.94819531 ], [ -96.11145763, 38.94978929 ], [ -96.13472838, 38.98089741 ], [ -96.14415973, 38.99298335 ], [ -96.16063073, 39.0135995 ], [ -96.17686182, 39.03304584 ], [ -96.18811952, 39.0463016 ], [ -96.20956392, 39.07047947 ], [ -96.2171653, 39.07900371 ], [ -96.24226602, 39.1060042 ], [ -96.24750966, 39.11170579 ], [ -96.27496812, 39.14019423 ], [ -96.27890307, 39.14440789 ], [ -96.30767019, 39.17336267 ], [ -96.31119221, 39.17710998 ], [ -96.34037229, 39.20495743 ], [ -96.34516521, 39.20981208 ], [ -96.37307439, 39.23501188 ], [ -96.38038589, 39.24251417 ], [ -96.40577649, 39.27150259 ], [ -96.40854727, 39.27521627 ], [ -96.43641792, 39.30791835 ], [ -96.43847858, 39.30999151 ], [ -96.46838257, 39.34062046 ], [ -96.47118068, 39.34384359 ], [ -96.49382447, 39.37332256 ], [ -96.50388278, 39.38895968 ], [ -96.51852944, 39.40602465 ], [ -96.53658488, 39.42639809 ], [ -96.55280395, 39.43872675 ], [ -96.56928696, 39.45063895 ], [ -96.60198905, 39.46650337 ], [ -96.61743144, 39.47142883 ], [ -96.63469115, 39.47623936 ], [ -96.66739325, 39.48189305 ], [ -96.70009535, 39.485527 ], [ -96.73279744, 39.4883116 ], [ -96.76549954, 39.49106634 ], [ -96.79820164, 39.494461 ], [ -96.83090372, 39.49942936 ], [ -96.85742494, 39.50413094 ], [ -96.86360581, 39.5050926 ], [ -96.89630791, 39.50960715 ], [ -96.92901001, 39.51363501 ], [ -96.96171211, 39.51731332 ], [ -96.9944142, 39.52075485 ], [ -97.0271163, 39.52401969 ], [ -97.0598184, 39.52714717 ], [ -97.09252048, 39.53008139 ], [ -97.12522257, 39.53278533 ], [ -97.15792467, 39.53518416 ], [ -97.18520953, 39.53683302 ], [ -97.19062677, 39.53713807 ], [ -97.22332887, 39.53847381 ], [ -97.25603097, 39.53914906 ], [ -97.28873306, 39.53896931 ], [ -97.32143516, 39.53799298 ], [ -97.34167524, 39.53683302 ], [ -97.35413724, 39.53606271 ], [ -97.38683934, 39.53291385 ], [ -97.41954143, 39.52820309 ], [ -97.45224353, 39.52145053 ], [ -97.48494563, 39.51234116 ], [ -97.50869968, 39.50413094 ], [ -97.51764773, 39.50063626 ], [ -97.55034982, 39.48690026 ], [ -97.58305192, 39.47277446 ], [ -97.58616823, 39.47142883 ], [ -97.615754, 39.45710485 ], [ -97.6484561, 39.4420668 ], [ -97.65632775, 39.43872675 ], [ -97.68115819, 39.4270151 ], [ -97.71386029, 39.41372874 ], [ -97.73672069, 39.40602465 ], [ -97.74656239, 39.40242115 ], [ -97.77926449, 39.39313362 ], [ -97.81196658, 39.38673161 ], [ -97.84466868, 39.38292826 ], [ -97.87737076, 39.38151599 ], [ -97.91007286, 39.38225736 ], [ -97.94277496, 39.38510772 ], [ -97.97547705, 39.38963372 ], [ -98.00817915, 39.39552884 ], [ -98.04088125, 39.40300823 ], [ -98.05066131, 39.40602465 ], [ -98.07358335, 39.41251258 ], [ -98.10628544, 39.42422943 ], [ -98.13860637, 39.43872675 ], [ -98.13898752, 39.43888992 ], [ -98.17168962, 39.4555935 ], [ -98.19638309, 39.47142883 ], [ -98.20439172, 39.4765413 ], [ -98.23709381, 39.50212869 ], [ -98.23926291, 39.50413094 ], [ -98.26979591, 39.53378477 ], [ -98.27244792, 39.53683302 ], [ -98.29913097, 39.56953513 ], [ -98.30249801, 39.57412796 ], [ -98.32045905, 39.60223721 ], [ -98.33520011, 39.63068788 ], [ -98.33715484, 39.63493932 ], [ -98.3502817, 39.66764142 ], [ -98.3604314, 39.7003435 ], [ -98.3679022, 39.73088182 ], [ -98.36837654, 39.73304561 ], [ -98.37444789, 39.76574769 ], [ -98.3789713, 39.7984498 ], [ -98.38218823, 39.83115188 ], [ -98.38474161, 39.86385398 ], [ -98.39027126, 39.89655607 ], [ -98.3978672, 39.92925817 ], [ -98.40060428, 39.93883348 ], [ -98.40781293, 39.96196028 ], [ -98.42877267, 39.99466236 ], [ -98.43330638, 39.99919448 ], [ -98.46600848, 40.02241484 ], [ -98.47887911, 40.02736446 ], [ -98.49871058, 40.03497615 ], [ -98.53141267, 40.03654545 ], [ -98.56411477, 40.02937171 ], [ -98.56878235, 40.02736446 ], [ -98.59681687, 40.01655267 ], [ -98.62951897, 39.99995031 ], [ -98.63789202, 39.99466236 ], [ -98.66222104, 39.97652038 ], [ -98.6759656, 39.96196028 ], [ -98.69492314, 39.93813106 ], [ -98.70132742, 39.92925817 ], [ -98.72204347, 39.89655607 ], [ -98.72762524, 39.88554366 ], [ -98.73860106, 39.86385398 ], [ -98.75636279, 39.83115188 ], [ -98.76032734, 39.82421349 ], [ -98.77764535, 39.7984498 ], [ -98.79302943, 39.77786743 ], [ -98.80459487, 39.76574769 ], [ -98.82573153, 39.7451262 ], [ -98.84300706, 39.73304561 ], [ -98.85843363, 39.7224643 ], [ -98.89113573, 39.70796525 ], [ -98.92189763, 39.7003435 ], [ -98.9238378, 39.69979016 ], [ -98.9565399, 39.6955557 ], [ -98.989242, 39.69550497 ], [ -99.0219441, 39.69893723 ], [ -99.02917352, 39.7003435 ], [ -99.05464619, 39.70476754 ], [ -99.08734829, 39.71298681 ], [ -99.12005039, 39.7239558 ], [ -99.14282528, 39.73304561 ], [ -99.15275249, 39.7369232 ], [ -99.18545457, 39.75079736 ], [ -99.21676601, 39.76574769 ], [ -99.21815666, 39.76641114 ], [ -99.25085876, 39.78284563 ], [ -99.27880781, 39.7984498 ], [ -99.28356086, 39.80116083 ], [ -99.31626296, 39.82086942 ], [ -99.33206173, 39.83115188 ], [ -99.34896505, 39.84273765 ], [ -99.37763787, 39.86385398 ], [ -99.38166715, 39.86709852 ], [ -99.41436925, 39.89473931 ], [ -99.41643821, 39.89655607 ], [ -99.44707133, 39.9274725 ], [ -99.44893661, 39.92925817 ], [ -99.47842592, 39.96196028 ], [ -99.47977342, 39.96376676 ], [ -99.50586631, 39.99466236 ], [ -99.51247552, 40.00445846 ], [ -99.53070513, 40.02736446 ], [ -99.54517762, 40.05059945 ], [ -99.55249158, 40.06006655 ], [ -99.57210463, 40.09276865 ], [ -99.57787972, 40.10586932 ], [ -99.58988388, 40.12547074 ], [ -99.60511756, 40.15817284 ], [ -99.61058181, 40.1760735 ], [ -99.6185446, 40.19087492 ], [ -99.63175479, 40.22357703 ] ] ] } },
{ "type": "Feature", "properties": { "Lower": 54.0 }, "geometry": { "type": "Polygon", "coordinates": [ [ [ -101.9449729, 40.06006655 ], [ -101.94185, 40.09276865 ], [ -101.93612198, 40.12547074 ], [ -101.93243057, 40.14044003 ], [ -101.92845132, 40.15817284 ], [ -101.91926733, 40.19087492 ], [ -101.90864207, 40.22357703 ], [ -101.89972847, 40.2476984 ], [ -101.89656872, 40.25627913 ], [ -101.88281119, 40.28898122 ], [ -101.86734188, 40.32168332 ], [ -101.86702637, 40.32226832 ], [ -101.83950031, 40.3543854 ], [ -101.83432427, 40.35670437 ], [ -101.80162219, 40.36191925 ], [ -101.7689201, 40.36281263 ], [ -101.736218, 40.36188022 ], [ -101.7035159, 40.3631786 ], [ -101.6708138, 40.36577039 ], [ -101.63811171, 40.36788799 ], [ -101.60540961, 40.36836002 ], [ -101.57270751, 40.36630451 ], [ -101.54000543, 40.36312363 ], [ -101.50730334, 40.35929528 ], [ -101.47460124, 40.35474521 ], [ -101.47203451, 40.3543854 ], [ -101.44189914, 40.35045141 ], [ -101.40919704, 40.34506938 ], [ -101.37649495, 40.33835039 ], [ -101.34379285, 40.33024143 ], [ -101.31405536, 40.32168332 ], [ -101.31109075, 40.32076836 ], [ -101.27838867, 40.31036658 ], [ -101.24568658, 40.29769989 ], [ -101.22482814, 40.28898122 ], [ -101.21298448, 40.28284579 ], [ -101.18028238, 40.26511967 ], [ -101.16422625, 40.25627913 ], [ -101.14758028, 40.24334301 ], [ -101.12117571, 40.22357703 ], [ -101.11487819, 40.21593868 ], [ -101.08958001, 40.19087492 ], [ -101.08217609, 40.17697606 ], [ -101.06460449, 40.15817284 ], [ -101.04947399, 40.14139254 ], [ -101.01677191, 40.1346363 ], [ -100.98406981, 40.13527008 ], [ -100.95136772, 40.13692595 ], [ -100.91866562, 40.13840331 ], [ -100.88596352, 40.13815021 ], [ -100.85326142, 40.13640486 ], [ -100.82055933, 40.13241262 ], [ -100.78785723, 40.12714906 ], [ -100.78267309, 40.12547074 ], [ -100.75515515, 40.11871534 ], [ -100.72245305, 40.10745615 ], [ -100.69501069, 40.09276865 ], [ -100.68975096, 40.09085594 ], [ -100.65704886, 40.07218546 ], [ -100.64414292, 40.06006655 ], [ -100.62434676, 40.04274525 ], [ -100.61325255, 40.02736446 ], [ -100.59239027, 39.99466236 ], [ -100.59164466, 39.99349803 ], [ -100.57606749, 39.96196028 ], [ -100.56072825, 39.92925817 ], [ -100.55894257, 39.92560785 ], [ -100.54636429, 39.89655607 ], [ -100.53164282, 39.86385398 ], [ -100.52624047, 39.85171571 ], [ -100.51734086, 39.83115188 ], [ -100.50195693, 39.7984498 ], [ -100.49353839, 39.77765899 ], [ -100.4880151, 39.76574769 ], [ -100.47206831, 39.73304561 ], [ -100.46083629, 39.70927043 ], [ -100.45497427, 39.7003435 ], [ -100.43268221, 39.66764142 ], [ -100.42813419, 39.66131206 ], [ -100.40108462, 39.63493932 ], [ -100.3954321, 39.63021557 ], [ -100.37140216, 39.60223721 ], [ -100.36273, 39.59262078 ], [ -100.34910116, 39.56953513 ], [ -100.3300279, 39.54480035 ], [ -100.32529174, 39.53683302 ], [ -100.30080089, 39.50413094 ], [ -100.2973258, 39.50026191 ], [ -100.27405233, 39.47142883 ], [ -100.26462371, 39.46187522 ], [ -100.24060008, 39.43872675 ], [ -100.23192163, 39.43159276 ], [ -100.19921953, 39.40799418 ], [ -100.19613171, 39.40602465 ], [ -100.16651743, 39.38885962 ], [ -100.13381534, 39.37395842 ], [ -100.13230991, 39.37332256 ], [ -100.10111324, 39.36073656 ], [ -100.06841114, 39.34936273 ], [ -100.04174316, 39.34062046 ], [ -100.03570904, 39.33865714 ], [ -100.00300695, 39.32705342 ], [ -99.97030487, 39.31485115 ], [ -99.95419784, 39.30791835 ], [ -99.93760277, 39.30060296 ], [ -99.90490067, 39.28348068 ], [ -99.89199704, 39.27521627 ], [ -99.87219858, 39.26215636 ], [ -99.84637183, 39.24251417 ], [ -99.83949648, 39.23698482 ], [ -99.80679438, 39.21023376 ], [ -99.80628445, 39.20981208 ], [ -99.77409228, 39.18206663 ], [ -99.76835646, 39.17710998 ], [ -99.74139018, 39.15286605 ], [ -99.73225975, 39.14440789 ], [ -99.70868809, 39.12098627 ], [ -99.70038118, 39.11170579 ], [ -99.67615393, 39.07900371 ], [ -99.67598601, 39.07872805 ], [ -99.65954912, 39.0463016 ], [ -99.64744664, 39.0135995 ], [ -99.64328391, 38.99774285 ], [ -99.63964482, 38.98089741 ], [ -99.63598503, 38.94819531 ], [ -99.63508462, 38.91549323 ], [ -99.6356038, 38.88279112 ], [ -99.63640555, 38.85008904 ], [ -99.63655426, 38.81738693 ], [ -99.63542563, 38.78468485 ], [ -99.6325749, 38.75198275 ], [ -99.62770623, 38.71928066 ], [ -99.62042869, 38.68657856 ], [ -99.61110349, 38.65387645 ], [ -99.61058181, 38.65194038 ], [ -99.60290334, 38.62117437 ], [ -99.59556246, 38.58847227 ], [ -99.59001525, 38.55577018 ], [ -99.58749953, 38.52306808 ], [ -99.58956862, 38.49036599 ], [ -99.59894125, 38.45766389 ], [ -99.61058181, 38.44147635 ], [ -99.6249213, 38.42496181 ], [ -99.64328391, 38.41158744 ], [ -99.67598601, 38.40256679 ], [ -99.70868809, 38.39998854 ], [ -99.74139018, 38.40158078 ], [ -99.77409228, 38.4076988 ], [ -99.80679438, 38.41978238 ], [ -99.81614199, 38.42496181 ], [ -99.83949648, 38.4478204 ], [ -99.84653188, 38.45766389 ], [ -99.85608186, 38.49036599 ], [ -99.85303034, 38.52306808 ], [ -99.8466655, 38.55577018 ], [ -99.85548303, 38.58847227 ], [ -99.86975937, 38.62117437 ], [ -99.87219858, 38.62578877 ], [ -99.88498394, 38.65387645 ], [ -99.90212036, 38.68657856 ], [ -99.90490067, 38.69142459 ], [ -99.92035586, 38.71928066 ], [ -99.93760277, 38.74761247 ], [ -99.94052972, 38.75198275 ], [ -99.96304038, 38.78468485 ], [ -99.97030487, 38.79429339 ], [ -99.99212943, 38.81738693 ], [ -100.00300695, 38.82865665 ], [ -100.02612856, 38.85008904 ], [ -100.03570904, 38.85919418 ], [ -100.06352748, 38.88279112 ], [ -100.06841114, 38.88723641 ], [ -100.10111324, 38.91188914 ], [ -100.10682312, 38.91549323 ], [ -100.13381534, 38.93511541 ], [ -100.15605625, 38.94819531 ], [ -100.16651743, 38.95560037 ], [ -100.19921953, 38.97372337 ], [ -100.21672977, 38.98089741 ], [ -100.23192163, 38.98843143 ], [ -100.26462371, 38.99905377 ], [ -100.2973258, 39.00402714 ], [ -100.3300279, 39.0030382 ], [ -100.36273, 38.99529905 ], [ -100.39409775, 38.98089741 ], [ -100.3954321, 38.98033289 ], [ -100.42813419, 38.96026197 ], [ -100.44298936, 38.94819531 ], [ -100.46083629, 38.9342459 ], [ -100.48076713, 38.91549323 ], [ -100.49353839, 38.9036519 ], [ -100.51349495, 38.88279112 ], [ -100.52624047, 38.8694467 ], [ -100.54355016, 38.85008904 ], [ -100.55894257, 38.83287551 ], [ -100.57230813, 38.81738693 ], [ -100.59164466, 38.79515925 ], [ -100.60068088, 38.78468485 ], [ -100.62434676, 38.75814797 ], [ -100.62996982, 38.75198275 ], [ -100.65704886, 38.72443471 ], [ -100.66257791, 38.71928066 ], [ -100.68975096, 38.69750189 ], [ -100.70735949, 38.68657856 ], [ -100.72245305, 38.67826718 ], [ -100.75515515, 38.66151977 ], [ -100.77092814, 38.65387645 ], [ -100.78785723, 38.64416493 ], [ -100.82055933, 38.62683124 ], [ -100.83743315, 38.62117437 ], [ -100.85326142, 38.61450538 ], [ -100.88596352, 38.60826636 ], [ -100.91866562, 38.60822402 ], [ -100.95136772, 38.6140235 ], [ -100.96953522, 38.62117437 ], [ -100.98406981, 38.62616289 ], [ -101.01677191, 38.64743299 ], [ -101.02239673, 38.65387645 ], [ -101.04947399, 38.68307298 ], [ -101.05169379, 38.68657856 ], [ -101.07351665, 38.71928066 ], [ -101.08217609, 38.73241004 ], [ -101.09355939, 38.75198275 ], [ -101.11265409, 38.78468485 ], [ -101.11487819, 38.78859847 ], [ -101.13244781, 38.81738693 ], [ -101.14758028, 38.84278772 ], [ -101.15288666, 38.85008904 ], [ -101.17538258, 38.88279112 ], [ -101.18028238, 38.89066655 ], [ -101.20139411, 38.91549323 ], [ -101.21298448, 38.93289464 ], [ -101.23321892, 38.94819531 ], [ -101.24568658, 38.95711003 ], [ -101.27838867, 38.97363034 ], [ -101.29179003, 38.98089741 ], [ -101.31109075, 38.98846239 ], [ -101.34379285, 39.003134 ], [ -101.36629041, 39.0135995 ], [ -101.37649495, 39.01764744 ], [ -101.40919704, 39.03198109 ], [ -101.43916908, 39.0463016 ], [ -101.44189914, 39.04751701 ], [ -101.47460124, 39.06363245 ], [ -101.50213897, 39.07900371 ], [ -101.50730334, 39.08206066 ], [ -101.54000543, 39.10364501 ], [ -101.5511922, 39.11170579 ], [ -101.57270751, 39.13016825 ], [ -101.58826088, 39.14440789 ], [ -101.60540961, 39.16422617 ], [ -101.61637606, 39.17710998 ], [ -101.6370187, 39.20981208 ], [ -101.63811171, 39.21214119 ], [ -101.65312175, 39.24251417 ], [ -101.66347732, 39.27521627 ], [ -101.66920094, 39.30791835 ], [ -101.6708138, 39.33613824 ], [ -101.67110911, 39.34062046 ], [ -101.6708138, 39.34182886 ], [ -101.66533842, 39.37332256 ], [ -101.64691126, 39.40602465 ], [ -101.63811171, 39.41434238 ], [ -101.61841882, 39.43872675 ], [ -101.60540961, 39.44944166 ], [ -101.58382247, 39.47142883 ], [ -101.57270751, 39.47985361 ], [ -101.54522885, 39.50413094 ], [ -101.54000543, 39.50780293 ], [ -101.50730334, 39.53284398 ], [ -101.5022296, 39.53683302 ], [ -101.47460124, 39.55429207 ], [ -101.44823026, 39.56953513 ], [ -101.44189914, 39.57268204 ], [ -101.40919704, 39.58803763 ], [ -101.37915913, 39.60223721 ], [ -101.37649495, 39.60353652 ], [ -101.34379285, 39.62040024 ], [ -101.3192667, 39.63493932 ], [ -101.31109075, 39.64052379 ], [ -101.27838867, 39.6670499 ], [ -101.2776802, 39.66764142 ], [ -101.24599733, 39.7003435 ], [ -101.24568658, 39.7007713 ], [ -101.22203256, 39.73304561 ], [ -101.21298448, 39.75076745 ], [ -101.20488983, 39.76574769 ], [ -101.19236514, 39.7984498 ], [ -101.18399889, 39.83115188 ], [ -101.18028238, 39.85513148 ], [ -101.17868935, 39.86385398 ], [ -101.17577388, 39.89655607 ], [ -101.17535841, 39.92925817 ], [ -101.17889692, 39.96196028 ], [ -101.18028238, 39.96649951 ], [ -101.19787723, 39.99466236 ], [ -101.21298448, 40.00230195 ], [ -101.24568658, 40.00834735 ], [ -101.27838867, 40.00962942 ], [ -101.31109075, 40.00916084 ], [ -101.34379285, 40.00780162 ], [ -101.37649495, 40.00581473 ], [ -101.40919704, 40.00322817 ], [ -101.44189914, 39.99989019 ], [ -101.47460124, 39.99543867 ], [ -101.47853232, 39.99466236 ], [ -101.50730334, 39.9889004 ], [ -101.54000543, 39.97905451 ], [ -101.57270751, 39.96744593 ], [ -101.58757656, 39.96196028 ], [ -101.60540961, 39.95549099 ], [ -101.63811171, 39.9453095 ], [ -101.6708138, 39.93633247 ], [ -101.70022367, 39.92925817 ], [ -101.7035159, 39.92836798 ], [ -101.736218, 39.92173352 ], [ -101.7689201, 39.9166353 ], [ -101.80162219, 39.91369182 ], [ -101.83432427, 39.91394504 ], [ -101.86702637, 39.91928221 ], [ -101.89208375, 39.92925817 ], [ -101.89972847, 39.93378114 ], [ -101.92668781, 39.96196028 ], [ -101.93243057, 39.97382788 ], [ -101.93999407, 39.99466236 ], [ -101.94488239, 40.02736446 ], [ -101.9449729, 40.06006655 ] ], [ [ -101.13902928, 39.37332256 ], [ -101.12969067, 39.40602465 ], [ -101.11487819, 39.43683887 ], [ -101.11398032, 39.43872675 ], [ -101.10183213, 39.47142883 ], [ -101.08900718, 39.50413094 ], [ -101.08217609, 39.51940156 ], [ -101.06997439, 39.53683302 ], [ -101.04947399, 39.56365707 ], [ -101.04213758, 39.56953513 ], [ -101.01677191, 39.59057396 ], [ -100.99633467, 39.60223721 ], [ -100.98406981, 39.60990185 ], [ -100.95136772, 39.62591159 ], [ -100.9234363, 39.63493932 ], [ -100.91866562, 39.63672103 ], [ -100.88596352, 39.64397237 ], [ -100.85326142, 39.64702012 ], [ -100.82055933, 39.6478214 ], [ -100.78785723, 39.64738424 ], [ -100.75515515, 39.64592759 ], [ -100.72245305, 39.64350019 ], [ -100.68975096, 39.64005138 ], [ -100.65704886, 39.63535636 ], [ -100.6541657, 39.63493932 ], [ -100.62434676, 39.62622015 ], [ -100.59164466, 39.60939471 ], [ -100.58139019, 39.60223721 ], [ -100.57955847, 39.56953513 ], [ -100.59164466, 39.53832025 ], [ -100.59198497, 39.53683302 ], [ -100.60175326, 39.50413094 ], [ -100.61414047, 39.47142883 ], [ -100.62434676, 39.45049646 ], [ -100.62843581, 39.43872675 ], [ -100.64319681, 39.40602465 ], [ -100.65704886, 39.38329922 ], [ -100.66180456, 39.37332256 ], [ -100.68252274, 39.34062046 ], [ -100.68975096, 39.33193017 ], [ -100.70663309, 39.30791835 ], [ -100.72245305, 39.29110373 ], [ -100.73581921, 39.27521627 ], [ -100.75515515, 39.25768193 ], [ -100.77068094, 39.24251417 ], [ -100.78785723, 39.22934277 ], [ -100.81222204, 39.20981208 ], [ -100.82055933, 39.20447407 ], [ -100.85326142, 39.18200845 ], [ -100.85935073, 39.17710998 ], [ -100.88596352, 39.15924994 ], [ -100.90804286, 39.14440789 ], [ -100.91866562, 39.1374171 ], [ -100.95136772, 39.12555404 ], [ -100.98406981, 39.12904575 ], [ -101.00938232, 39.14440789 ], [ -101.01677191, 39.14780981 ], [ -101.04634652, 39.17710998 ], [ -101.04947399, 39.17994847 ], [ -101.08062263, 39.20981208 ], [ -101.08217609, 39.21160236 ], [ -101.10573491, 39.24251417 ], [ -101.11487819, 39.26155946 ], [ -101.12000239, 39.27521627 ], [ -101.12826841, 39.30791835 ], [ -101.1343331, 39.34062046 ], [ -101.13902928, 39.37332256 ] ], [ [ -101.87118597, 40.12547074 ], [ -101.86811861, 40.15817284 ], [ -101.86702637, 40.16365774 ], [ -101.86165508, 40.19087492 ], [ -101.85235712, 40.22357703 ], [ -101.84054771, 40.25627913 ], [ -101.83432427, 40.27050579 ], [ -101.8255771, 40.28898122 ], [ -101.80162219, 40.32099664 ], [ -101.80045166, 40.32168332 ], [ -101.7689201, 40.32934044 ], [ -101.736218, 40.33091298 ], [ -101.7035159, 40.33018314 ], [ -101.6708138, 40.32752525 ], [ -101.63811171, 40.32491986 ], [ -101.6126018, 40.32168332 ], [ -101.60540961, 40.32092124 ], [ -101.57270751, 40.31501835 ], [ -101.54000543, 40.30611516 ], [ -101.50730334, 40.29444736 ], [ -101.49399929, 40.28898122 ], [ -101.47460124, 40.28251902 ], [ -101.44189914, 40.26925811 ], [ -101.41753966, 40.25627913 ], [ -101.40919704, 40.25256751 ], [ -101.37649495, 40.23592456 ], [ -101.35763888, 40.22357703 ], [ -101.34379285, 40.21620551 ], [ -101.31109075, 40.19658002 ], [ -101.30299725, 40.19087492 ], [ -101.27838867, 40.17586554 ], [ -101.25092727, 40.15817284 ], [ -101.24568658, 40.15112963 ], [ -101.22289468, 40.12547074 ], [ -101.24568658, 40.09827436 ], [ -101.25086458, 40.09276865 ], [ -101.27838867, 40.07445804 ], [ -101.30834183, 40.06006655 ], [ -101.31109075, 40.05915325 ], [ -101.34379285, 40.04983331 ], [ -101.37649495, 40.04277572 ], [ -101.40919704, 40.03700299 ], [ -101.44189914, 40.03180279 ], [ -101.46932169, 40.02736446 ], [ -101.47460124, 40.026579 ], [ -101.50730334, 40.0205685 ], [ -101.54000543, 40.01091541 ], [ -101.57270751, 39.99874921 ], [ -101.58423613, 39.99466236 ], [ -101.60540961, 39.98737155 ], [ -101.63811171, 39.98077922 ], [ -101.6708138, 39.97686981 ], [ -101.7035159, 39.97492883 ], [ -101.736218, 39.97562721 ], [ -101.7689201, 39.98019052 ], [ -101.80162219, 39.99075705 ], [ -101.80913304, 39.99466236 ], [ -101.83432427, 40.01387015 ], [ -101.84603486, 40.02736446 ], [ -101.86257414, 40.06006655 ], [ -101.86702637, 40.07831285 ], [ -101.86996792, 40.09276865 ], [ -101.87118597, 40.12547074 ] ], [ [ -101.55710123, 39.37332256 ], [ -101.5503956, 39.40602465 ], [ -101.54000543, 39.42625578 ], [ -101.53437986, 39.43872675 ], [ -101.51031543, 39.47142883 ], [ -101.50730334, 39.4743785 ], [ -101.4783687, 39.50413094 ], [ -101.47460124, 39.50711078 ], [ -101.44189914, 39.53220503 ], [ -101.43545055, 39.53683302 ], [ -101.40919704, 39.55121642 ], [ -101.37649495, 39.56735577 ], [ -101.37202399, 39.56953513 ], [ -101.34379285, 39.58316884 ], [ -101.31109075, 39.60107968 ], [ -101.30913842, 39.60223721 ], [ -101.27838867, 39.62200624 ], [ -101.2592732, 39.63493932 ], [ -101.24568658, 39.64602134 ], [ -101.21926308, 39.66764142 ], [ -101.21298448, 39.67429791 ], [ -101.18819591, 39.7003435 ], [ -101.18028238, 39.71160427 ], [ -101.16435984, 39.73304561 ], [ -101.14758028, 39.7646466 ], [ -101.14691292, 39.76574769 ], [ -101.13109523, 39.7984498 ], [ -101.11843265, 39.83115188 ], [ -101.11487819, 39.84206073 ], [ -101.10594488, 39.86385398 ], [ -101.09163564, 39.89655607 ], [ -101.08217609, 39.91302652 ], [ -101.06835721, 39.92925817 ], [ -101.04947399, 39.9456236 ], [ -101.01677191, 39.9572754 ], [ -100.98406981, 39.9582871 ], [ -100.95136772, 39.95218606 ], [ -100.91866562, 39.94293367 ], [ -100.88596352, 39.93304519 ], [ -100.87496537, 39.92925817 ], [ -100.85326142, 39.92165412 ], [ -100.82055933, 39.90863472 ], [ -100.79541366, 39.89655607 ], [ -100.78785723, 39.89242414 ], [ -100.75515515, 39.87223775 ], [ -100.74323974, 39.86385398 ], [ -100.72245305, 39.84298895 ], [ -100.71103158, 39.83115188 ], [ -100.69250764, 39.7984498 ], [ -100.68975096, 39.76781472 ], [ -100.68955449, 39.76574769 ], [ -100.68975096, 39.7654482 ], [ -100.71548362, 39.73304561 ], [ -100.72245305, 39.72996086 ], [ -100.75515515, 39.71806171 ], [ -100.78785723, 39.70867552 ], [ -100.82055933, 39.70100102 ], [ -100.82387691, 39.7003435 ], [ -100.85326142, 39.69650312 ], [ -100.88596352, 39.69242516 ], [ -100.91866562, 39.68604997 ], [ -100.95136772, 39.67353038 ], [ -100.96175743, 39.66764142 ], [ -100.98406981, 39.65702224 ], [ -101.01677191, 39.63626941 ], [ -101.01835331, 39.63493932 ], [ -101.04947399, 39.61042367 ], [ -101.05588926, 39.60223721 ], [ -101.07964618, 39.56953513 ], [ -101.08217609, 39.56593003 ], [ -101.0959255, 39.53683302 ], [ -101.10711959, 39.50413094 ], [ -101.11487819, 39.47714787 ], [ -101.11654732, 39.47142883 ], [ -101.127898, 39.43872675 ], [ -101.14217057, 39.40602465 ], [ -101.14758028, 39.38577462 ], [ -101.15099996, 39.37332256 ], [ -101.14758028, 39.35611591 ], [ -101.14501596, 39.34062046 ], [ -101.1400847, 39.30791835 ], [ -101.13403901, 39.27521627 ], [ -101.12401793, 39.24251417 ], [ -101.11487819, 39.22503298 ], [ -101.10453541, 39.20981208 ], [ -101.08217609, 39.18759419 ], [ -101.07113313, 39.17710998 ], [ -101.04947399, 39.15930436 ], [ -101.03444181, 39.14440789 ], [ -101.01677191, 39.12726294 ], [ -100.99504227, 39.11170579 ], [ -100.98406981, 39.10128797 ], [ -100.95136772, 39.08292886 ], [ -100.91866562, 39.07947997 ], [ -100.88596352, 39.0920569 ], [ -100.85326142, 39.1039694 ], [ -100.82055933, 39.11114643 ], [ -100.81024587, 39.11170579 ], [ -100.78785723, 39.11279199 ], [ -100.76979035, 39.11170579 ], [ -100.75515515, 39.11004421 ], [ -100.72245305, 39.09961381 ], [ -100.69344634, 39.07900371 ], [ -100.68975096, 39.07144503 ], [ -100.68090023, 39.0463016 ], [ -100.68174707, 39.0135995 ], [ -100.68975096, 38.98251934 ], [ -100.690151, 38.98089741 ], [ -100.70420678, 38.94819531 ], [ -100.72196224, 38.91549323 ], [ -100.72245305, 38.91475934 ], [ -100.74405349, 38.88279112 ], [ -100.75515515, 38.86736894 ], [ -100.76839228, 38.85008904 ], [ -100.78785723, 38.82951675 ], [ -100.80539944, 38.81738693 ], [ -100.82055933, 38.81000544 ], [ -100.85326142, 38.80148155 ], [ -100.88596352, 38.79858607 ], [ -100.91866562, 38.80440626 ], [ -100.95038111, 38.81738693 ], [ -100.95136772, 38.81781496 ], [ -100.98406981, 38.83916451 ], [ -100.99570409, 38.85008904 ], [ -101.01677191, 38.86860396 ], [ -101.02841349, 38.88279112 ], [ -101.04947399, 38.90284334 ], [ -101.05989092, 38.91549323 ], [ -101.08217609, 38.93314422 ], [ -101.0973782, 38.94819531 ], [ -101.11487819, 38.95752731 ], [ -101.14758028, 38.97652441 ], [ -101.15438703, 38.98089741 ], [ -101.18028238, 38.99977048 ], [ -101.18965418, 39.0135995 ], [ -101.20367668, 39.0463016 ], [ -101.21298448, 39.06139724 ], [ -101.23714805, 39.07900371 ], [ -101.24568658, 39.08451268 ], [ -101.27838867, 39.10124995 ], [ -101.30012333, 39.11170579 ], [ -101.31109075, 39.11657423 ], [ -101.34379285, 39.12855461 ], [ -101.37649495, 39.14236837 ], [ -101.38062179, 39.14440789 ], [ -101.40919704, 39.15894615 ], [ -101.4360193, 39.17710998 ], [ -101.44189914, 39.18141177 ], [ -101.4738616, 39.20981208 ], [ -101.47460124, 39.21055171 ], [ -101.50249391, 39.24251417 ], [ -101.50730334, 39.24909164 ], [ -101.52511889, 39.27521627 ], [ -101.54000543, 39.30414533 ], [ -101.54193758, 39.30791835 ], [ -101.55390459, 39.34062046 ], [ -101.55710123, 39.37332256 ] ] ] } },
{ "type": "Feature", "properties": { "Lower": 54.0 }, "geometry": { "type": "Polygon", "coordinates": [ [ [ -98.60270999, 37.7055157 ], [ -98.6017295, 37.7382178 ], [ -98.59759744, 37.77091988 ], [ -98.59681687, 37.77662561 ], [ -98.59338177, 37.80362199 ], [ -98.59103216, 37.83632409 ], [ -98.59119129, 37.86902618 ], [ -98.59296356, 37.90172828 ], [ -98.59437784, 37.93443036 ], [ -98.59330707, 37.96713247 ], [ -98.58921524, 37.99983455 ], [ -98.58365457, 38.03253666 ], [ -98.57770845, 38.06523874 ], [ -98.57228281, 38.09794084 ], [ -98.56753564, 38.13064295 ], [ -98.56411477, 38.15727922 ], [ -98.56289256, 38.16334503 ], [ -98.55761383, 38.19604714 ], [ -98.55449036, 38.22874922 ], [ -98.55429548, 38.26145132 ], [ -98.55824064, 38.29415341 ], [ -98.56411477, 38.31638656 ], [ -98.56618194, 38.32685551 ], [ -98.57465862, 38.3595576 ], [ -98.58671159, 38.3922597 ], [ -98.56506791, 38.42496181 ], [ -98.56411477, 38.42614146 ], [ -98.54672091, 38.45766389 ], [ -98.53141267, 38.48562196 ], [ -98.52910291, 38.49036599 ], [ -98.51032453, 38.52306808 ], [ -98.49871058, 38.54075993 ], [ -98.48581011, 38.55577018 ], [ -98.46600848, 38.57277252 ], [ -98.43330638, 38.58633868 ], [ -98.42356009, 38.58847227 ], [ -98.40060428, 38.59219961 ], [ -98.3679022, 38.59510798 ], [ -98.33520011, 38.59714824 ], [ -98.30249801, 38.60011254 ], [ -98.26979591, 38.60465 ], [ -98.23709381, 38.61139721 ], [ -98.20521083, 38.62117437 ], [ -98.20439172, 38.62140347 ], [ -98.17168962, 38.6348032 ], [ -98.13898752, 38.65347163 ], [ -98.13843609, 38.65387645 ], [ -98.10628544, 38.67641691 ], [ -98.09499276, 38.68657856 ], [ -98.07358335, 38.70520735 ], [ -98.06130723, 38.71928066 ], [ -98.04088125, 38.74216432 ], [ -98.03441313, 38.75198275 ], [ -98.01255115, 38.78468485 ], [ -98.00817915, 38.79112215 ], [ -97.99461687, 38.81738693 ], [ -97.97709238, 38.85008904 ], [ -97.97547705, 38.8531511 ], [ -97.96165156, 38.88279112 ], [ -97.94317475, 38.91549323 ], [ -97.94277496, 38.91607637 ], [ -97.92063145, 38.94819531 ], [ -97.91007286, 38.9591101 ], [ -97.88783716, 38.98089741 ], [ -97.87737076, 38.98844551 ], [ -97.84466868, 39.00931206 ], [ -97.83708892, 39.0135995 ], [ -97.81196658, 39.02824381 ], [ -97.77926449, 39.0441286 ], [ -97.77420994, 39.0463016 ], [ -97.74656239, 39.06074893 ], [ -97.71386029, 39.0740121 ], [ -97.6982783, 39.07900371 ], [ -97.68115819, 39.08626226 ], [ -97.6484561, 39.09509142 ], [ -97.615754, 39.09906901 ], [ -97.58305192, 39.09818109 ], [ -97.55034982, 39.09428399 ], [ -97.51764773, 39.08791407 ], [ -97.48641926, 39.07900371 ], [ -97.48494563, 39.07854678 ], [ -97.45224353, 39.05746696 ], [ -97.43997186, 39.0463016 ], [ -97.41954143, 39.02458895 ], [ -97.40831554, 39.0135995 ], [ -97.38683934, 38.99039604 ], [ -97.3773407, 38.98089741 ], [ -97.35413724, 38.95495626 ], [ -97.34754089, 38.94819531 ], [ -97.32143516, 38.91757044 ], [ -97.31946127, 38.91549323 ], [ -97.29295973, 38.88279112 ], [ -97.28873306, 38.87630709 ], [ -97.26881308, 38.85008904 ], [ -97.25603097, 38.82790403 ], [ -97.24835956, 38.81738693 ], [ -97.23060659, 38.78468485 ], [ -97.22332887, 38.76515073 ], [ -97.21688226, 38.75198275 ], [ -97.20719535, 38.71928066 ], [ -97.20285943, 38.68657856 ], [ -97.20295744, 38.65387645 ], [ -97.20689129, 38.62117437 ], [ -97.21429228, 38.58847227 ], [ -97.22332887, 38.56063744 ], [ -97.22461203, 38.55577018 ], [ -97.23533547, 38.52306808 ], [ -97.24880152, 38.49036599 ], [ -97.25603097, 38.4758524 ], [ -97.26251021, 38.45766389 ], [ -97.2754599, 38.42496181 ], [ -97.28804538, 38.3922597 ], [ -97.28873306, 38.38798356 ], [ -97.29044407, 38.3595576 ], [ -97.29512648, 38.32685551 ], [ -97.29554559, 38.29415341 ], [ -97.28873306, 38.27648743 ], [ -97.26427218, 38.26145132 ], [ -97.25603097, 38.2586186 ], [ -97.22332887, 38.25938748 ], [ -97.19062677, 38.25971812 ], [ -97.15792467, 38.25680454 ], [ -97.12522257, 38.24651349 ], [ -97.09377492, 38.22874922 ], [ -97.09252048, 38.22789402 ], [ -97.0598184, 38.19985981 ], [ -97.05604489, 38.19604714 ], [ -97.03101033, 38.16334503 ], [ -97.0271163, 38.15645199 ], [ -97.01269418, 38.13064295 ], [ -96.9977111, 38.09794084 ], [ -96.9944142, 38.08891817 ], [ -96.98533705, 38.06523874 ], [ -96.97522193, 38.03253666 ], [ -96.96741388, 37.99983455 ], [ -96.96246543, 37.96713247 ], [ -96.96171211, 37.94122046 ], [ -96.96148841, 37.93443036 ], [ -96.96171211, 37.93273314 ], [ -96.96686091, 37.90172828 ], [ -96.98462094, 37.86902618 ], [ -96.9944142, 37.85899405 ], [ -97.0271163, 37.83960766 ], [ -97.04025079, 37.83632409 ], [ -97.0598184, 37.83232169 ], [ -97.09252048, 37.83290155 ], [ -97.10800819, 37.83632409 ], [ -97.12522257, 37.83933906 ], [ -97.15792467, 37.84935719 ], [ -97.19062677, 37.86162758 ], [ -97.2060024, 37.86902618 ], [ -97.22332887, 37.87698509 ], [ -97.25603097, 37.89702459 ], [ -97.26331822, 37.90172828 ], [ -97.28873306, 37.91815248 ], [ -97.32143516, 37.93147598 ], [ -97.35413724, 37.93144475 ], [ -97.38683934, 37.92197134 ], [ -97.41954143, 37.90571095 ], [ -97.42628295, 37.90172828 ], [ -97.45224353, 37.88507195 ], [ -97.47521508, 37.86902618 ], [ -97.48494563, 37.86202048 ], [ -97.51764773, 37.83820507 ], [ -97.52017053, 37.83632409 ], [ -97.55034982, 37.81484909 ], [ -97.56538614, 37.80362199 ], [ -97.58305192, 37.79061416 ], [ -97.60892291, 37.77091988 ], [ -97.615754, 37.76547084 ], [ -97.6484561, 37.73835311 ], [ -97.64861404, 37.7382178 ], [ -97.68115819, 37.70928489 ], [ -97.68545155, 37.7055157 ], [ -97.71386029, 37.68022118 ], [ -97.72284004, 37.67281361 ], [ -97.74656239, 37.65302602 ], [ -97.7626446, 37.64011151 ], [ -97.77926449, 37.6266255 ], [ -97.80239458, 37.60740942 ], [ -97.81196658, 37.59939906 ], [ -97.83907909, 37.57470732 ], [ -97.84466868, 37.5696002 ], [ -97.87110131, 37.54200524 ], [ -97.87737076, 37.53541177 ], [ -97.89854604, 37.50930313 ], [ -97.91007286, 37.49513733 ], [ -97.92335344, 37.47660103 ], [ -97.94277496, 37.45197057 ], [ -97.94862548, 37.44389894 ], [ -97.97547705, 37.41133613 ], [ -97.97558316, 37.41119684 ], [ -98.00176154, 37.37849476 ], [ -98.00817915, 37.37127673 ], [ -98.02564536, 37.34579265 ], [ -98.03746085, 37.31309057 ], [ -98.02310895, 37.28038846 ], [ -98.00817915, 37.26335997 ], [ -97.97547705, 37.25978661 ], [ -97.94277496, 37.27098056 ], [ -97.9163968, 37.28038846 ], [ -97.91007286, 37.28383786 ], [ -97.87737076, 37.30117673 ], [ -97.84466868, 37.31273047 ], [ -97.84359751, 37.31309057 ], [ -97.81196658, 37.32827078 ], [ -97.77926449, 37.3373224 ], [ -97.74656239, 37.34236342 ], [ -97.71386029, 37.34496022 ], [ -97.70543307, 37.34579265 ], [ -97.68115819, 37.35001984 ], [ -97.6484561, 37.35718195 ], [ -97.615754, 37.36195848 ], [ -97.58305192, 37.36647447 ], [ -97.55034982, 37.37541293 ], [ -97.54231579, 37.37849476 ], [ -97.51764773, 37.39545471 ], [ -97.49360096, 37.41119684 ], [ -97.48494563, 37.4192373 ], [ -97.45806696, 37.44389894 ], [ -97.45224353, 37.44945792 ], [ -97.42333498, 37.47660103 ], [ -97.41954143, 37.47993527 ], [ -97.38683934, 37.50651832 ], [ -97.38265457, 37.50930313 ], [ -97.35413724, 37.5289185 ], [ -97.32143516, 37.53923918 ], [ -97.28873306, 37.54162948 ], [ -97.25603097, 37.5398114 ], [ -97.22332887, 37.53614069 ], [ -97.19062677, 37.53262486 ], [ -97.15792467, 37.52795156 ], [ -97.12522257, 37.5211313 ], [ -97.09252048, 37.51079187 ], [ -97.08853756, 37.50930313 ], [ -97.0598184, 37.49733077 ], [ -97.0271163, 37.47696904 ], [ -97.02658857, 37.47660103 ], [ -96.9944142, 37.44623081 ], [ -96.99234073, 37.44389894 ], [ -96.9783759, 37.41119684 ], [ -96.98358616, 37.37849476 ], [ -96.9944142, 37.356449 ], [ -96.99804979, 37.34579265 ], [ -97.01622926, 37.31309057 ], [ -97.0271163, 37.29857222 ], [ -97.03785482, 37.28038846 ], [ -97.0598184, 37.25075027 ], [ -97.06174797, 37.24768638 ], [ -97.0809361, 37.21498427 ], [ -97.09252048, 37.18822302 ], [ -97.09472962, 37.18228217 ], [ -97.1014335, 37.14958009 ], [ -97.10112, 37.11687798 ], [ -97.09252048, 37.08679535 ], [ -97.09180411, 37.0841759 ], [ -97.09252048, 37.08218976 ], [ -97.10333006, 37.05147379 ], [ -97.12074793, 37.01877171 ], [ -97.12522257, 37.01137604 ], [ -97.14290294, 36.98606961 ], [ -97.15792467, 36.96586575 ], [ -97.1714588, 36.95336752 ], [ -97.19062677, 36.93402991 ], [ -97.20819411, 36.92066542 ], [ -97.22332887, 36.90781866 ], [ -97.25439721, 36.88796331 ], [ -97.25603097, 36.88678795 ], [ -97.28873306, 36.87118556 ], [ -97.32143516, 36.86085579 ], [ -97.35347443, 36.85526123 ], [ -97.35413724, 36.85513817 ], [ -97.38683934, 36.85322082 ], [ -97.41954143, 36.8537454 ], [ -97.44601801, 36.85526123 ], [ -97.45224353, 36.85557756 ], [ -97.48494563, 36.85686683 ], [ -97.51764773, 36.85814692 ], [ -97.55034982, 36.85991536 ], [ -97.58305192, 36.86274577 ], [ -97.615754, 36.86721884 ], [ -97.6484561, 36.87382851 ], [ -97.68115819, 36.88319106 ], [ -97.69376043, 36.88796331 ], [ -97.71386029, 36.89529232 ], [ -97.74656239, 36.91080604 ], [ -97.76299723, 36.92066542 ], [ -97.77926449, 36.92993306 ], [ -97.81196658, 36.95267558 ], [ -97.81283738, 36.95336752 ], [ -97.84466868, 36.9750545 ], [ -97.86062277, 36.98606961 ], [ -97.87737076, 36.99520886 ], [ -97.91007286, 37.00966917 ], [ -97.94277496, 37.01428921 ], [ -97.97547705, 37.00557134 ], [ -98.00817915, 36.99489258 ], [ -98.04088125, 36.99873158 ], [ -98.07358335, 36.99666141 ], [ -98.10628544, 36.98613899 ], [ -98.10645824, 36.98606961 ], [ -98.13898752, 36.96969732 ], [ -98.17168962, 36.95369663 ], [ -98.17247341, 36.95336752 ], [ -98.20439172, 36.93721714 ], [ -98.23709381, 36.92321835 ], [ -98.24516263, 36.92066542 ], [ -98.26979591, 36.91045802 ], [ -98.30249801, 36.90065773 ], [ -98.33520011, 36.89538748 ], [ -98.3679022, 36.89796274 ], [ -98.40060428, 36.91871586 ], [ -98.40228677, 36.92066542 ], [ -98.42547951, 36.95336752 ], [ -98.43330638, 36.96851176 ], [ -98.44055818, 36.98606961 ], [ -98.45259336, 37.01877171 ], [ -98.46245239, 37.05147379 ], [ -98.46600848, 37.06363932 ], [ -98.47182269, 37.0841759 ], [ -98.48084777, 37.11687798 ], [ -98.48903478, 37.14958009 ], [ -98.49650436, 37.18228217 ], [ -98.49871058, 37.19163098 ], [ -98.50461971, 37.21498427 ], [ -98.51285381, 37.24768638 ], [ -98.52068328, 37.28038846 ], [ -98.52815656, 37.31309057 ], [ -98.53141267, 37.32594627 ], [ -98.53704965, 37.34579265 ], [ -98.54667458, 37.37849476 ], [ -98.55585273, 37.41119684 ], [ -98.56411477, 37.44267262 ], [ -98.56446859, 37.44389894 ], [ -98.5728645, 37.47660103 ], [ -98.57755244, 37.50930313 ], [ -98.5831784, 37.54200524 ], [ -98.58892159, 37.57470732 ], [ -98.59390761, 37.60740942 ], [ -98.59681687, 37.63251829 ], [ -98.59801707, 37.64011151 ], [ -98.60126533, 37.67281361 ], [ -98.60270999, 37.7055157 ] ], [ [ -97.38214628, 38.06523874 ], [ -97.35450837, 38.09794084 ], [ -97.35413724, 38.09826875 ], [ -97.32143516, 38.12853987 ], [ -97.31883872, 38.13064295 ], [ -97.28873306, 38.14695162 ], [ -97.25603097, 38.15138729 ], [ -97.22332887, 38.15675075 ], [ -97.19062677, 38.15113973 ], [ -97.16339838, 38.13064295 ], [ -97.15792467, 38.12125645 ], [ -97.14759132, 38.09794084 ], [ -97.14337469, 38.06523874 ], [ -97.15045328, 38.03253666 ], [ -97.15792467, 38.02142056 ], [ -97.19062677, 38.00135547 ], [ -97.22332887, 38.00127849 ], [ -97.25603097, 38.01352047 ], [ -97.28873306, 38.02629233 ], [ -97.32143516, 38.02768189 ], [ -97.35413724, 38.03048341 ], [ -97.36946307, 38.03253666 ], [ -97.38214628, 38.06523874 ] ], [ [ -98.56145423, 37.64011151 ], [ -98.55846007, 37.67281361 ], [ -98.55122623, 37.7055157 ], [ -98.53896358, 37.7382178 ], [ -98.53141267, 37.75359242 ], [ -98.52137723, 37.77091988 ], [ -98.49907011, 37.80362199 ], [ -98.49871058, 37.80415766 ], [ -98.47050275, 37.83632409 ], [ -98.46600848, 37.84161812 ], [ -98.43398608, 37.86902618 ], [ -98.43330638, 37.86967369 ], [ -98.40060428, 37.89289353 ], [ -98.38266286, 37.90172828 ], [ -98.3679022, 37.91041849 ], [ -98.33520011, 37.92730918 ], [ -98.32130669, 37.93443036 ], [ -98.30249801, 37.94721432 ], [ -98.27353499, 37.96713247 ], [ -98.26979591, 37.97113188 ], [ -98.24536831, 37.99983455 ], [ -98.23709381, 38.01914205 ], [ -98.23175866, 38.03253666 ], [ -98.22865634, 38.06523874 ], [ -98.23459161, 38.09794084 ], [ -98.23709381, 38.10366787 ], [ -98.25200835, 38.13064295 ], [ -98.26979591, 38.15434378 ], [ -98.27698158, 38.16334503 ], [ -98.30204933, 38.19604714 ], [ -98.30249801, 38.19674453 ], [ -98.31788823, 38.22874922 ], [ -98.32513569, 38.26145132 ], [ -98.32527555, 38.29415341 ], [ -98.31848386, 38.32685551 ], [ -98.30629421, 38.3595576 ], [ -98.30249801, 38.3676087 ], [ -98.28901122, 38.3922597 ], [ -98.26979591, 38.4183255 ], [ -98.26364249, 38.42496181 ], [ -98.23709381, 38.44653252 ], [ -98.22194484, 38.45766389 ], [ -98.20439172, 38.46869795 ], [ -98.17533336, 38.49036599 ], [ -98.17168962, 38.49278264 ], [ -98.13898752, 38.51673459 ], [ -98.13159151, 38.52306808 ], [ -98.10628544, 38.54328641 ], [ -98.0941833, 38.55577018 ], [ -98.07358335, 38.57613664 ], [ -98.06433453, 38.58847227 ], [ -98.04088125, 38.61928735 ], [ -98.03983088, 38.62117437 ], [ -98.02070337, 38.65387645 ], [ -98.00817915, 38.67559043 ], [ -98.00338015, 38.68657856 ], [ -97.98886131, 38.71928066 ], [ -97.97547705, 38.75040158 ], [ -97.97492986, 38.75198275 ], [ -97.96279647, 38.78468485 ], [ -97.9498276, 38.81738693 ], [ -97.94277496, 38.83230838 ], [ -97.93493707, 38.85008904 ], [ -97.91816618, 38.88279112 ], [ -97.91007286, 38.89627599 ], [ -97.89844633, 38.91549323 ], [ -97.87737076, 38.94287354 ], [ -97.87312256, 38.94819531 ], [ -97.84466868, 38.97442866 ], [ -97.83674133, 38.98089741 ], [ -97.81196658, 38.99610297 ], [ -97.77926449, 39.01276886 ], [ -97.77737658, 39.0135995 ], [ -97.74656239, 39.02778028 ], [ -97.71386029, 39.03974945 ], [ -97.69078701, 39.0463016 ], [ -97.68115819, 39.04952233 ], [ -97.6484561, 39.05756742 ], [ -97.615754, 39.0629571 ], [ -97.58305192, 39.06487494 ], [ -97.55034982, 39.06300926 ], [ -97.51764773, 39.05695027 ], [ -97.49427297, 39.0463016 ], [ -97.48494563, 39.03973013 ], [ -97.45986318, 39.0135995 ], [ -97.45224353, 39.0040043 ], [ -97.4322323, 38.98089741 ], [ -97.41954143, 38.96464647 ], [ -97.40563952, 38.94819531 ], [ -97.38683934, 38.9230913 ], [ -97.38070698, 38.91549323 ], [ -97.35787772, 38.88279112 ], [ -97.35413724, 38.87641754 ], [ -97.33751271, 38.85008904 ], [ -97.32172172, 38.81738693 ], [ -97.32143516, 38.81656987 ], [ -97.30883494, 38.78468485 ], [ -97.30010258, 38.75198275 ], [ -97.29505829, 38.71928066 ], [ -97.29330896, 38.68657856 ], [ -97.29450791, 38.65387645 ], [ -97.29818155, 38.62117437 ], [ -97.30384982, 38.58847227 ], [ -97.31086574, 38.55577018 ], [ -97.31844816, 38.52306808 ], [ -97.32143516, 38.50963275 ], [ -97.32438072, 38.49036599 ], [ -97.32799353, 38.45766389 ], [ -97.32953949, 38.42496181 ], [ -97.32827625, 38.3922597 ], [ -97.32477208, 38.3595576 ], [ -97.33713619, 38.32685551 ], [ -97.35413724, 38.29515055 ], [ -97.35507835, 38.29415341 ], [ -97.38683934, 38.27032444 ], [ -97.41954143, 38.26689597 ], [ -97.45224353, 38.26863271 ], [ -97.48494563, 38.27490456 ], [ -97.51764773, 38.28932912 ], [ -97.53317986, 38.29415341 ], [ -97.55034982, 38.29997608 ], [ -97.58305192, 38.30577342 ], [ -97.615754, 38.30797331 ], [ -97.6484561, 38.30660715 ], [ -97.68115819, 38.30187013 ], [ -97.71327071, 38.29415341 ], [ -97.71386029, 38.29395086 ], [ -97.74656239, 38.28020716 ], [ -97.77926449, 38.2626242 ], [ -97.78130159, 38.26145132 ], [ -97.81196658, 38.2292202 ], [ -97.81237899, 38.22874922 ], [ -97.82236161, 38.19604714 ], [ -97.81735972, 38.16334503 ], [ -97.81196658, 38.15343805 ], [ -97.80090529, 38.13064295 ], [ -97.77926449, 38.10735214 ], [ -97.77048881, 38.09794084 ], [ -97.74656239, 38.08350636 ], [ -97.71386029, 38.06789426 ], [ -97.70684154, 38.06523874 ], [ -97.68115819, 38.05483532 ], [ -97.6484561, 38.04434498 ], [ -97.615754, 38.03719487 ], [ -97.58305192, 38.0333202 ], [ -97.56670454, 38.03253666 ], [ -97.55034982, 38.02884042 ], [ -97.51764773, 38.02193858 ], [ -97.50287196, 37.99983455 ], [ -97.51764773, 37.99106284 ], [ -97.53546834, 37.96713247 ], [ -97.55034982, 37.95350726 ], [ -97.56463435, 37.93443036 ], [ -97.58305192, 37.9158622 ], [ -97.59466253, 37.90172828 ], [ -97.615754, 37.88211138 ], [ -97.62912306, 37.86902618 ], [ -97.6484561, 37.85360692 ], [ -97.66907375, 37.83632409 ], [ -97.68115819, 37.8267403 ], [ -97.7082993, 37.80362199 ], [ -97.71386029, 37.79894822 ], [ -97.74656239, 37.77124653 ], [ -97.74696053, 37.77091988 ], [ -97.77926449, 37.74540981 ], [ -97.78771212, 37.7382178 ], [ -97.81196658, 37.7179978 ], [ -97.82462419, 37.7055157 ], [ -97.84466868, 37.68615166 ], [ -97.85646236, 37.67281361 ], [ -97.87737076, 37.6489826 ], [ -97.88391851, 37.64011151 ], [ -97.90793433, 37.60740942 ], [ -97.91007286, 37.60458953 ], [ -97.92841041, 37.57470732 ], [ -97.94277496, 37.55180527 ], [ -97.94778321, 37.54200524 ], [ -97.9669779, 37.50930313 ], [ -97.97547705, 37.4970351 ], [ -97.98794913, 37.47660103 ], [ -98.00817915, 37.44918127 ], [ -98.01167575, 37.44389894 ], [ -98.03634005, 37.41119684 ], [ -98.04088125, 37.40550859 ], [ -98.05842916, 37.37849476 ], [ -98.07232887, 37.34579265 ], [ -98.07144041, 37.31309057 ], [ -98.0570503, 37.28038846 ], [ -98.04088125, 37.2507585 ], [ -98.0381272, 37.24768638 ], [ -98.00817915, 37.21813064 ], [ -97.97547705, 37.21878192 ], [ -97.94277496, 37.23253215 ], [ -97.91413186, 37.24768638 ], [ -97.91007286, 37.24981172 ], [ -97.87737076, 37.26694444 ], [ -97.85048272, 37.28038846 ], [ -97.84466868, 37.28363224 ], [ -97.81196658, 37.2996416 ], [ -97.77926449, 37.31062554 ], [ -97.77153445, 37.31309057 ], [ -97.74656239, 37.32243694 ], [ -97.71386029, 37.33065086 ], [ -97.68115819, 37.3356277 ], [ -97.6484561, 37.34101337 ], [ -97.615754, 37.34524227 ], [ -97.61191462, 37.34579265 ], [ -97.58305192, 37.3507318 ], [ -97.55034982, 37.3587647 ], [ -97.51764773, 37.36980177 ], [ -97.49843515, 37.37849476 ], [ -97.48494563, 37.38739763 ], [ -97.45224353, 37.40962645 ], [ -97.45004282, 37.41119684 ], [ -97.41954143, 37.43827541 ], [ -97.41290639, 37.44389894 ], [ -97.38683934, 37.46640737 ], [ -97.37239461, 37.47660103 ], [ -97.35413724, 37.48857051 ], [ -97.32143516, 37.49905293 ], [ -97.28873306, 37.50215537 ], [ -97.25603097, 37.50134656 ], [ -97.22332887, 37.49536942 ], [ -97.19062677, 37.48532185 ], [ -97.16871477, 37.47660103 ], [ -97.15792467, 37.4710894 ], [ -97.12522257, 37.45227488 ], [ -97.11261786, 37.44389894 ], [ -97.09252048, 37.42370302 ], [ -97.08152275, 37.41119684 ], [ -97.0684383, 37.37849476 ], [ -97.0675205, 37.34579265 ], [ -97.07479886, 37.31309057 ], [ -97.08809228, 37.28038846 ], [ -97.09252048, 37.27286204 ], [ -97.10605445, 37.24768638 ], [ -97.12053339, 37.21498427 ], [ -97.12522257, 37.19927344 ], [ -97.13022165, 37.18228217 ], [ -97.13415377, 37.14958009 ], [ -97.13123426, 37.11687798 ], [ -97.12522257, 37.10047093 ], [ -97.12036818, 37.0841759 ], [ -97.12522257, 37.0688823 ], [ -97.13238779, 37.05147379 ], [ -97.1513703, 37.01877171 ], [ -97.15792467, 37.00902269 ], [ -97.18431757, 36.98606961 ], [ -97.19062677, 36.98036423 ], [ -97.22332887, 36.95939243 ], [ -97.23542654, 36.95336752 ], [ -97.25603097, 36.94339937 ], [ -97.28873306, 36.93173239 ], [ -97.32143516, 36.92323346 ], [ -97.33601587, 36.92066542 ], [ -97.35413724, 36.91775952 ], [ -97.38683934, 36.91464077 ], [ -97.41954143, 36.9132935 ], [ -97.45224353, 36.91247723 ], [ -97.48494563, 36.91199788 ], [ -97.51764773, 36.91233881 ], [ -97.55034982, 36.91392814 ], [ -97.58305192, 36.91723513 ], [ -97.60399392, 36.92066542 ], [ -97.615754, 36.92251893 ], [ -97.6484561, 36.92992547 ], [ -97.68115819, 36.94004663 ], [ -97.7136838, 36.95336752 ], [ -97.71386029, 36.95343615 ], [ -97.74656239, 36.96868726 ], [ -97.77746309, 36.98606961 ], [ -97.77926449, 36.98698326 ], [ -97.81196658, 37.00508163 ], [ -97.83638649, 37.01877171 ], [ -97.84466868, 37.02303659 ], [ -97.87737076, 37.04018098 ], [ -97.90864763, 37.05147379 ], [ -97.91007286, 37.05195835 ], [ -97.92052754, 37.05147379 ], [ -97.94277496, 37.05057777 ], [ -97.97547705, 37.03972504 ], [ -98.00817915, 37.02959588 ], [ -98.04088125, 37.03853607 ], [ -98.07358335, 37.04204882 ], [ -98.10628544, 37.03951012 ], [ -98.13898752, 37.03150399 ], [ -98.17168962, 37.02161111 ], [ -98.18304715, 37.01877171 ], [ -98.20439172, 37.01254916 ], [ -98.23709381, 37.00685494 ], [ -98.26979591, 37.00651786 ], [ -98.30249801, 37.01375824 ], [ -98.31257129, 37.01877171 ], [ -98.33520011, 37.03053616 ], [ -98.35820472, 37.05147379 ], [ -98.3679022, 37.06105575 ], [ -98.38491603, 37.0841759 ], [ -98.40060428, 37.10819527 ], [ -98.40540922, 37.11687798 ], [ -98.42243312, 37.14958009 ], [ -98.43330638, 37.17258738 ], [ -98.43770196, 37.18228217 ], [ -98.45174112, 37.21498427 ], [ -98.4642308, 37.24768638 ], [ -98.46600848, 37.25219291 ], [ -98.47706649, 37.28038846 ], [ -98.48897038, 37.31309057 ], [ -98.49871058, 37.34065628 ], [ -98.50056178, 37.34579265 ], [ -98.51258402, 37.37849476 ], [ -98.52378414, 37.41119684 ], [ -98.53141267, 37.43546579 ], [ -98.53417176, 37.44389894 ], [ -98.54324712, 37.47660103 ], [ -98.54810698, 37.50930313 ], [ -98.55336993, 37.54200524 ], [ -98.55801203, 37.57470732 ], [ -98.56101127, 37.60740942 ], [ -98.56145423, 37.64011151 ] ], [ [ -97.65502115, 38.16334503 ], [ -97.6484561, 38.18318386 ], [ -97.64321909, 38.19604714 ], [ -97.615754, 38.21726882 ], [ -97.59447872, 38.22874922 ], [ -97.58305192, 38.23221861 ], [ -97.55034982, 38.23785422 ], [ -97.51764773, 38.23670493 ], [ -97.48494563, 38.23096635 ], [ -97.47389512, 38.22874922 ], [ -97.45224353, 38.21759645 ], [ -97.42717432, 38.19604714 ], [ -97.43061356, 38.16334503 ], [ -97.45224353, 38.13812446 ], [ -97.46259133, 38.13064295 ], [ -97.48494563, 38.1225212 ], [ -97.51764773, 38.11981406 ], [ -97.55034982, 38.11253495 ], [ -97.58305192, 38.11137628 ], [ -97.615754, 38.11839169 ], [ -97.64114677, 38.13064295 ], [ -97.6484561, 38.14635806 ], [ -97.65502115, 38.16334503 ] ] ] } },
{ "type": "Feature", "properties": { "Lower": 54.0 }, "geometry": { "type": "Polygon", "coordinates": [ [ [ -104.49137326, 37.93443036 ], [ -104.49137188, 37.96713247 ], [ -104.49137057, 37.99983455 ], [ -104.48319398, 38.02736451 ], [ -104.46346047, 38.03253666 ], [ -104.4504919, 38.03607854 ], [ -104.4177898, 38.04465321 ], [ -104.38508771, 38.05257157 ], [ -104.35238561, 38.059993 ], [ -104.32787367, 38.06523874 ], [ -104.31968351, 38.06705511 ], [ -104.28698141, 38.07396459 ], [ -104.25427932, 38.08042942 ], [ -104.22157722, 38.08648003 ], [ -104.18887514, 38.09214296 ], [ -104.15617304, 38.09695341 ], [ -104.15040143, 38.09794084 ], [ -104.12347095, 38.10275821 ], [ -104.09076885, 38.10774894 ], [ -104.05806675, 38.11234558 ], [ -104.02536465, 38.11671629 ], [ -103.99266256, 38.12082938 ], [ -103.95996046, 38.12471268 ], [ -103.92725838, 38.12836734 ], [ -103.90556597, 38.13064295 ], [ -103.89455628, 38.13182109 ], [ -103.86185419, 38.13512204 ], [ -103.82915209, 38.13819043 ], [ -103.79644999, 38.14103922 ], [ -103.76374789, 38.14372161 ], [ -103.73104579, 38.14622624 ], [ -103.6983437, 38.14848519 ], [ -103.6656416, 38.15060606 ], [ -103.63293952, 38.15254811 ], [ -103.60023742, 38.15448084 ], [ -103.56753533, 38.15634948 ], [ -103.53483323, 38.15833526 ], [ -103.50213113, 38.16026477 ], [ -103.46942903, 38.16220993 ], [ -103.45212816, 38.16334503 ], [ -103.43672694, 38.16436896 ], [ -103.40402484, 38.16657014 ], [ -103.37132276, 38.16886017 ], [ -103.33862066, 38.17055712 ], [ -103.30591857, 38.17140165 ], [ -103.27321647, 38.17132486 ], [ -103.24051437, 38.17031867 ], [ -103.20781227, 38.16833546 ], [ -103.17511018, 38.16517814 ], [ -103.16137822, 38.16334503 ], [ -103.14240808, 38.16093276 ], [ -103.109706, 38.15568341 ], [ -103.0770039, 38.14935288 ], [ -103.0443018, 38.14199496 ], [ -103.01159971, 38.13361313 ], [ -103.00156803, 38.13064295 ], [ -102.97889761, 38.12425199 ], [ -102.94619551, 38.11389284 ], [ -102.91349341, 38.10263075 ], [ -102.9013114, 38.09794084 ], [ -102.88079132, 38.09037911 ], [ -102.84808924, 38.07727384 ], [ -102.81992633, 38.06523874 ], [ -102.81538714, 38.06337666 ], [ -102.78268504, 38.048542 ], [ -102.74998295, 38.03322632 ], [ -102.74865256, 38.03253666 ], [ -102.71728085, 38.01695755 ], [ -102.68457875, 38.00050389 ], [ -102.68336564, 37.99983455 ], [ -102.65187665, 37.98321721 ], [ -102.6212247, 37.96713247 ], [ -102.61917456, 37.96610351 ], [ -102.58647248, 37.9485142 ], [ -102.55970413, 37.93443036 ], [ -102.55377038, 37.93137788 ], [ -102.52106828, 37.91267158 ], [ -102.50340852, 37.90172828 ], [ -102.48836619, 37.89248829 ], [ -102.45566409, 37.87021441 ], [ -102.4542119, 37.86902618 ], [ -102.42296199, 37.84405321 ], [ -102.41368929, 37.83632409 ], [ -102.39025989, 37.81620142 ], [ -102.37481659, 37.80362199 ], [ -102.35755779, 37.7890758 ], [ -102.33449293, 37.77091988 ], [ -102.32485572, 37.76305573 ], [ -102.29215362, 37.73848386 ], [ -102.29177626, 37.7382178 ], [ -102.25945152, 37.71447303 ], [ -102.24634598, 37.7055157 ], [ -102.22674942, 37.69153754 ], [ -102.20077698, 37.67281361 ], [ -102.19404733, 37.66763581 ], [ -102.16451491, 37.64011151 ], [ -102.16134523, 37.63689591 ], [ -102.13306456, 37.60740942 ], [ -102.12864313, 37.60264622 ], [ -102.09644936, 37.57470732 ], [ -102.09594103, 37.57426984 ], [ -102.06323896, 37.55743775 ], [ -102.03053686, 37.55045243 ], [ -101.99783476, 37.54659217 ], [ -101.96513266, 37.54916442 ], [ -101.93243057, 37.57017737 ], [ -101.92938304, 37.57470732 ], [ -101.89972847, 37.60418263 ], [ -101.89752276, 37.60740942 ], [ -101.86850911, 37.64011151 ], [ -101.86702637, 37.64158916 ], [ -101.83964636, 37.67281361 ], [ -101.83432427, 37.67913744 ], [ -101.81535693, 37.7055157 ], [ -101.80162219, 37.72528712 ], [ -101.79258741, 37.7382178 ], [ -101.7689201, 37.76943848 ], [ -101.76771382, 37.77091988 ], [ -101.73968488, 37.80362199 ], [ -101.736218, 37.80749514 ], [ -101.70842281, 37.83632409 ], [ -101.7035159, 37.84115581 ], [ -101.67222689, 37.86902618 ], [ -101.6708138, 37.87021816 ], [ -101.63811171, 37.8951647 ], [ -101.62882937, 37.90172828 ], [ -101.60540961, 37.91753666 ], [ -101.57868892, 37.93443036 ], [ -101.57270751, 37.93809161 ], [ -101.54000543, 37.95586259 ], [ -101.51700142, 37.96713247 ], [ -101.50730334, 37.97180558 ], [ -101.47460124, 37.98474343 ], [ -101.44189914, 37.99515277 ], [ -101.4193705, 37.99983455 ], [ -101.40919704, 38.00197546 ], [ -101.37649495, 38.00412391 ], [ -101.34379285, 38.00063453 ], [ -101.34113292, 37.99983455 ], [ -101.31109075, 37.98816781 ], [ -101.28290024, 37.96713247 ], [ -101.27838867, 37.96241944 ], [ -101.25927147, 37.93443036 ], [ -101.24568658, 37.90271837 ], [ -101.24533971, 37.90172828 ], [ -101.23841203, 37.86902618 ], [ -101.2360208, 37.83632409 ], [ -101.23888451, 37.80362199 ], [ -101.24568658, 37.77644022 ], [ -101.24712428, 37.77091988 ], [ -101.26031943, 37.7382178 ], [ -101.27743747, 37.7055157 ], [ -101.27838867, 37.70405298 ], [ -101.29919465, 37.67281361 ], [ -101.31109075, 37.65767977 ], [ -101.32522901, 37.64011151 ], [ -101.34379285, 37.62022726 ], [ -101.35600155, 37.60740942 ], [ -101.37649495, 37.58881496 ], [ -101.39228269, 37.57470732 ], [ -101.40919704, 37.56176583 ], [ -101.43526474, 37.54200524 ], [ -101.44189914, 37.53769107 ], [ -101.47460124, 37.5175298 ], [ -101.48849173, 37.50930313 ], [ -101.50730334, 37.49988056 ], [ -101.54000543, 37.48491686 ], [ -101.56089152, 37.47660103 ], [ -101.57270751, 37.4727243 ], [ -101.60540961, 37.46392062 ], [ -101.63811171, 37.45630906 ], [ -101.6708138, 37.44850674 ], [ -101.68982221, 37.44389894 ], [ -101.7035159, 37.44093293 ], [ -101.736218, 37.44012148 ], [ -101.75482263, 37.44389894 ], [ -101.7689201, 37.44754261 ], [ -101.80162219, 37.45940271 ], [ -101.83432427, 37.47076245 ], [ -101.85494355, 37.47660103 ], [ -101.86702637, 37.48172256 ], [ -101.89972847, 37.49148495 ], [ -101.93243057, 37.4942211 ], [ -101.96513266, 37.47742723 ], [ -101.96565171, 37.47660103 ], [ -101.99783476, 37.44770105 ], [ -102.0000916, 37.44389894 ], [ -102.02839583, 37.41119684 ], [ -102.03053686, 37.40919168 ], [ -102.05583338, 37.37849476 ], [ -102.06323896, 37.37084327 ], [ -102.08423653, 37.34579265 ], [ -102.09594103, 37.33393148 ], [ -102.1152327, 37.31309057 ], [ -102.12864313, 37.30132978 ], [ -102.15061618, 37.28038846 ], [ -102.16124308, 37.24768638 ], [ -102.15964166, 37.21498427 ], [ -102.15510268, 37.18228217 ], [ -102.1472442, 37.14958009 ], [ -102.13594961, 37.11687798 ], [ -102.12864313, 37.09504721 ], [ -102.12499478, 37.0841759 ], [ -102.11638105, 37.05147379 ], [ -102.11026214, 37.01877171 ], [ -102.10717069, 36.98606961 ], [ -102.10770076, 36.95336752 ], [ -102.11327882, 36.92066542 ], [ -102.12358316, 36.88796331 ], [ -102.12864313, 36.87571978 ], [ -102.13988179, 36.85526123 ], [ -102.16002911, 36.82255913 ], [ -102.16134523, 36.82055308 ], [ -102.18485938, 36.78985704 ], [ -102.19404733, 36.77808741 ], [ -102.21218346, 36.75715494 ], [ -102.22674942, 36.74031899 ], [ -102.2415082, 36.72445285 ], [ -102.25945152, 36.70493774 ], [ -102.2722281, 36.69175075 ], [ -102.29215362, 36.67084975 ], [ -102.30386788, 36.65904867 ], [ -102.32485572, 36.63748929 ], [ -102.3360493, 36.62634656 ], [ -102.35755779, 36.60443843 ], [ -102.3684529, 36.59364446 ], [ -102.39025989, 36.57149131 ], [ -102.40087617, 36.56094237 ], [ -102.42296199, 36.53842511 ], [ -102.4332814, 36.52824027 ], [ -102.45566409, 36.50528929 ], [ -102.46575664, 36.49553819 ], [ -102.48836619, 36.47256656 ], [ -102.49847441, 36.46283608 ], [ -102.52106828, 36.44003161 ], [ -102.53132965, 36.430134 ], [ -102.55377038, 36.40738498 ], [ -102.56392254, 36.39743189 ], [ -102.58647248, 36.37403986 ], [ -102.59568701, 36.36472981 ], [ -102.61917456, 36.33908329 ], [ -102.62578545, 36.3320277 ], [ -102.65187665, 36.30202924 ], [ -102.65428893, 36.29932562 ], [ -102.68156574, 36.26662352 ], [ -102.68457875, 36.26274965 ], [ -102.70771476, 36.23392141 ], [ -102.71728085, 36.22108486 ], [ -102.73257226, 36.20121933 ], [ -102.74998295, 36.17679057 ], [ -102.7560663, 36.16851722 ], [ -102.77847927, 36.13581514 ], [ -102.78268504, 36.12923281 ], [ -102.7998627, 36.10311304 ], [ -102.81538714, 36.07739343 ], [ -102.81973905, 36.07041095 ], [ -102.83870944, 36.03770885 ], [ -102.84808924, 36.01999174 ], [ -102.85628199, 36.00500676 ], [ -102.87266986, 35.97230466 ], [ -102.88079132, 35.95433917 ], [ -102.88768947, 35.93960256 ], [ -102.90139867, 35.90690047 ], [ -102.9131188, 35.87419837 ], [ -102.91349341, 35.87306324 ], [ -102.92438567, 35.84149628 ], [ -102.93358799, 35.80879418 ], [ -102.9410292, 35.7760921 ], [ -102.94619551, 35.74626081 ], [ -102.94670911, 35.74338999 ], [ -102.94943546, 35.71068791 ], [ -102.94973838, 35.6779858 ], [ -102.94713419, 35.6452837 ], [ -102.94619551, 35.63996427 ], [ -102.94142458, 35.61258162 ], [ -102.93232023, 35.57987951 ], [ -102.91942718, 35.54717743 ], [ -102.91349341, 35.53567699 ], [ -102.90258323, 35.51447532 ], [ -102.88125954, 35.48177324 ], [ -102.88079132, 35.48117568 ], [ -102.85556602, 35.44907114 ], [ -102.84808924, 35.44104301 ], [ -102.8249832, 35.41636905 ], [ -102.81538714, 35.40755225 ], [ -102.78917329, 35.38366695 ], [ -102.78268504, 35.37847921 ], [ -102.74998295, 35.35263692 ], [ -102.74785279, 35.35096484 ], [ -102.71728085, 35.32958798 ], [ -102.7008136, 35.31826276 ], [ -102.68457875, 35.30817916 ], [ -102.65187665, 35.28822785 ], [ -102.64748273, 35.28556065 ], [ -102.61917456, 35.26989628 ], [ -102.5875122, 35.25285857 ], [ -102.58647248, 35.25234453 ], [ -102.55377038, 35.23620901 ], [ -102.52106828, 35.22057726 ], [ -102.52018486, 35.22015647 ], [ -102.48836619, 35.2061096 ], [ -102.45566409, 35.19216152 ], [ -102.44441477, 35.18745438 ], [ -102.42296199, 35.17908148 ], [ -102.39025989, 35.16669318 ], [ -102.35755779, 35.1549478 ], [ -102.35699566, 35.15475228 ], [ -102.32485572, 35.14422699 ], [ -102.29215362, 35.13442618 ], [ -102.25945152, 35.12584677 ], [ -102.24134722, 35.12205019 ], [ -102.22674942, 35.11910749 ], [ -102.19404733, 35.11530785 ], [ -102.16134523, 35.1177814 ], [ -102.15157686, 35.12205019 ], [ -102.12864313, 35.13139185 ], [ -102.09594103, 35.15068329 ], [ -102.09021052, 35.15475228 ], [ -102.06323896, 35.17379107 ], [ -102.04692453, 35.18745438 ], [ -102.03053686, 35.20107885 ], [ -102.01018151, 35.22015647 ], [ -101.99783476, 35.2315045 ], [ -101.97620198, 35.25285857 ], [ -101.96513266, 35.26380093 ], [ -101.94389062, 35.28556065 ], [ -101.93243057, 35.29742759 ], [ -101.91219662, 35.31826276 ], [ -101.89972847, 35.331148 ], [ -101.8758893, 35.35096484 ], [ -101.86702637, 35.35759029 ], [ -101.83432427, 35.36639967 ], [ -101.80162219, 35.36335711 ], [ -101.7689201, 35.35718541 ], [ -101.74868761, 35.35096484 ], [ -101.736218, 35.34616654 ], [ -101.7035159, 35.33307667 ], [ -101.6708138, 35.32144092 ], [ -101.65996305, 35.31826276 ], [ -101.63811171, 35.31136732 ], [ -101.60540961, 35.30362667 ], [ -101.57270751, 35.2982995 ], [ -101.54000543, 35.29521458 ], [ -101.50730334, 35.29419486 ], [ -101.47460124, 35.29510183 ], [ -101.44189914, 35.2978246 ], [ -101.40919704, 35.30228115 ], [ -101.37649495, 35.30833558 ], [ -101.34379285, 35.31607808 ], [ -101.33615328, 35.31826276 ], [ -101.31109075, 35.32568697 ], [ -101.27838867, 35.33717541 ], [ -101.24568658, 35.3506309 ], [ -101.24495024, 35.35096484 ], [ -101.21298448, 35.36622496 ], [ -101.18096243, 35.38366695 ], [ -101.18028238, 35.38407092 ], [ -101.14758028, 35.40496165 ], [ -101.13113136, 35.41636905 ], [ -101.11487819, 35.4287249 ], [ -101.08980884, 35.44907114 ], [ -101.08217609, 35.45587542 ], [ -101.05451715, 35.48177324 ], [ -101.04947399, 35.48696897 ], [ -101.02384492, 35.51447532 ], [ -101.01677191, 35.52282422 ], [ -100.99682107, 35.54717743 ], [ -100.98406981, 35.56436811 ], [ -100.97286946, 35.57987951 ], [ -100.95162124, 35.61258162 ], [ -100.95136772, 35.61300702 ], [ -100.93256069, 35.6452837 ], [ -100.91866562, 35.67195427 ], [ -100.91557993, 35.6779858 ], [ -100.90033522, 35.71068791 ], [ -100.88681832, 35.74338999 ], [ -100.88596352, 35.74565763 ], [ -100.87466747, 35.7760921 ], [ -100.8642536, 35.80879418 ], [ -100.855397, 35.84149628 ], [ -100.85326142, 35.85064882 ], [ -100.84781497, 35.87419837 ], [ -100.8414161, 35.90690047 ], [ -100.83611256, 35.93960256 ], [ -100.83173301, 35.97230466 ], [ -100.82821535, 36.00500676 ], [ -100.82546057, 36.03770885 ], [ -100.82337347, 36.07041095 ], [ -100.82188054, 36.10311304 ], [ -100.82092775, 36.13581514 ], [ -100.82055933, 36.15576731 ], [ -100.82032329, 36.16851722 ], [ -100.82036503, 36.20121933 ], [ -100.82055933, 36.21653141 ], [ -100.8207742, 36.23392141 ], [ -100.82118949, 36.26662352 ], [ -100.82197317, 36.29932562 ], [ -100.82296157, 36.3320277 ], [ -100.82404239, 36.36472981 ], [ -100.82521575, 36.39743189 ], [ -100.82636971, 36.430134 ], [ -100.82747386, 36.46283608 ], [ -100.82843981, 36.49553819 ], [ -100.82916316, 36.52824027 ], [ -100.82938992, 36.56094237 ], [ -100.82868113, 36.59364446 ], [ -100.82698535, 36.62634656 ], [ -100.82419633, 36.65904867 ], [ -100.82055933, 36.68929898 ], [ -100.82025473, 36.69175075 ], [ -100.81494482, 36.72445285 ], [ -100.80829691, 36.75715494 ], [ -100.80019965, 36.78985704 ], [ -100.79054771, 36.82255913 ], [ -100.78785723, 36.8305012 ], [ -100.77902855, 36.85526123 ], [ -100.76565257, 36.88796331 ], [ -100.75515515, 36.91071223 ], [ -100.75024686, 36.92066542 ], [ -100.73246404, 36.95336752 ], [ -100.72245305, 36.97079709 ], [ -100.7130026, 36.98606961 ], [ -100.69219904, 37.01877171 ], [ -100.68975096, 37.02258163 ], [ -100.6695532, 37.05147379 ], [ -100.65704886, 37.06936083 ], [ -100.64563516, 37.0841759 ], [ -100.62434676, 37.11230506 ], [ -100.62049268, 37.11687798 ], [ -100.59385297, 37.14958009 ], [ -100.59164466, 37.15247395 ], [ -100.56572708, 37.18228217 ], [ -100.55894257, 37.19082408 ], [ -100.53629663, 37.21498427 ], [ -100.52624047, 37.22679875 ], [ -100.50462332, 37.24768638 ], [ -100.49353839, 37.25575051 ], [ -100.46083629, 37.27760742 ], [ -100.45671267, 37.28038846 ], [ -100.42813419, 37.29678512 ], [ -100.40049445, 37.31309057 ], [ -100.3954321, 37.31582605 ], [ -100.36273, 37.33475629 ], [ -100.3445232, 37.34579265 ], [ -100.3300279, 37.35439786 ], [ -100.2973258, 37.374524 ], [ -100.29102799, 37.37849476 ], [ -100.26462371, 37.39530126 ], [ -100.24013896, 37.41119684 ], [ -100.23192163, 37.41674283 ], [ -100.19921953, 37.43891758 ], [ -100.19183798, 37.44389894 ], [ -100.16651743, 37.46183602 ], [ -100.14515741, 37.47660103 ], [ -100.13381534, 37.48504994 ], [ -100.10111324, 37.50834177 ], [ -100.09969812, 37.50930313 ], [ -100.06841114, 37.53217383 ], [ -100.05395966, 37.54200524 ], [ -100.03570904, 37.55533044 ], [ -100.00703377, 37.57470732 ], [ -100.00300695, 37.57764341 ], [ -99.97030487, 37.59945453 ], [ -99.95712483, 37.60740942 ], [ -99.93760277, 37.62031291 ], [ -99.90490067, 37.63945679 ], [ -99.90362538, 37.64011151 ], [ -99.87219858, 37.65827919 ], [ -99.84304912, 37.67281361 ], [ -99.83949648, 37.67485976 ], [ -99.80679438, 37.69064686 ], [ -99.77409228, 37.70367948 ], [ -99.76769863, 37.7055157 ], [ -99.74139018, 37.7152208 ], [ -99.70868809, 37.722986 ], [ -99.67598601, 37.72458035 ], [ -99.64328391, 37.71519504 ], [ -99.63165135, 37.7055157 ], [ -99.61058181, 37.68911195 ], [ -99.59928576, 37.67281361 ], [ -99.57787972, 37.64417839 ], [ -99.57583951, 37.64011151 ], [ -99.55654451, 37.60740942 ], [ -99.54517762, 37.58952491 ], [ -99.53790243, 37.57470732 ], [ -99.52000062, 37.54200524 ], [ -99.51247552, 37.52953283 ], [ -99.50223686, 37.50930313 ], [ -99.48405126, 37.47660103 ], [ -99.47977342, 37.46961156 ], [ -99.46585209, 37.44389894 ], [ -99.44707133, 37.41183912 ], [ -99.44672994, 37.41119684 ], [ -99.4275031, 37.37849476 ], [ -99.41436925, 37.3578792 ], [ -99.40709318, 37.34579265 ], [ -99.38572334, 37.31309057 ], [ -99.38166715, 37.30729599 ], [ -99.36346868, 37.28038846 ], [ -99.34896505, 37.26027305 ], [ -99.34004083, 37.24768638 ], [ -99.31626296, 37.21600734 ], [ -99.31549866, 37.21498427 ], [ -99.28982843, 37.18228217 ], [ -99.28356086, 37.17463296 ], [ -99.26283469, 37.14958009 ], [ -99.25085876, 37.13563348 ], [ -99.23443618, 37.11687798 ], [ -99.21815666, 37.09884399 ], [ -99.20444282, 37.0841759 ], [ -99.18545457, 37.06453637 ], [ -99.17164498, 37.05147379 ], [ -99.15275249, 37.0340849 ], [ -99.13454041, 37.01877171 ], [ -99.12005039, 37.00671193 ], [ -99.09283818, 36.98606961 ], [ -99.08734829, 36.98188385 ], [ -99.05464619, 36.95904381 ], [ -99.04570041, 36.95336752 ], [ -99.0219441, 36.93792112 ], [ -98.99271562, 36.92066542 ], [ -98.989242, 36.91853143 ], [ -98.9565399, 36.90023338 ], [ -98.93268855, 36.88796331 ], [ -98.9238378, 36.88308109 ], [ -98.89113573, 36.86641659 ], [ -98.86805069, 36.85526123 ], [ -98.85843363, 36.85006775 ], [ -98.82573153, 36.83222 ], [ -98.80856002, 36.82255913 ], [ -98.79302943, 36.81279346 ], [ -98.76032734, 36.79438739 ], [ -98.75031069, 36.78985704 ], [ -98.72762524, 36.77915282 ], [ -98.69492314, 36.76886926 ], [ -98.66222104, 36.76296662 ], [ -98.62951897, 36.75780376 ], [ -98.62528029, 36.75715494 ], [ -98.59681687, 36.75193199 ], [ -98.56411477, 36.74464897 ], [ -98.53141267, 36.73304935 ], [ -98.51708518, 36.72445285 ], [ -98.49871058, 36.70973211 ], [ -98.48600081, 36.69175075 ], [ -98.46984853, 36.65904867 ], [ -98.46600848, 36.64848022 ], [ -98.4609398, 36.62634656 ], [ -98.45550403, 36.59364446 ], [ -98.45227913, 36.56094237 ], [ -98.45076443, 36.52824027 ], [ -98.45099531, 36.49553819 ], [ -98.45278457, 36.46283608 ], [ -98.45615526, 36.430134 ], [ -98.46153162, 36.39743189 ], [ -98.46600848, 36.38031266 ], [ -98.47057559, 36.36472981 ], [ -98.48610918, 36.3320277 ], [ -98.49871058, 36.31674732 ], [ -98.51281388, 36.29932562 ], [ -98.53141267, 36.28548922 ], [ -98.54788301, 36.26662352 ], [ -98.55253504, 36.23392141 ], [ -98.55499389, 36.20121933 ], [ -98.5620305, 36.16851722 ], [ -98.56411477, 36.15925385 ], [ -98.57243267, 36.13581514 ], [ -98.57954165, 36.10311304 ], [ -98.58338332, 36.07041095 ], [ -98.58448068, 36.03770885 ], [ -98.58295471, 36.00500676 ], [ -98.57861582, 35.97230466 ], [ -98.57114904, 35.93960256 ], [ -98.56411477, 35.91823201 ], [ -98.56052027, 35.90690047 ], [ -98.54644605, 35.87419837 ], [ -98.53141267, 35.8478993 ], [ -98.52773621, 35.84149628 ], [ -98.50457998, 35.80879418 ], [ -98.49871058, 35.80175793 ], [ -98.4764902, 35.7760921 ], [ -98.46600848, 35.76537041 ], [ -98.44343198, 35.74338999 ], [ -98.43330638, 35.73410406 ], [ -98.40615266, 35.71068791 ], [ -98.40060428, 35.70591109 ], [ -98.3679022, 35.67937869 ], [ -98.36656112, 35.6779858 ], [ -98.33520011, 35.64790917 ], [ -98.33332512, 35.6452837 ], [ -98.30910181, 35.61258162 ], [ -98.30249801, 35.60458453 ], [ -98.26979591, 35.58305931 ], [ -98.23709381, 35.58341268 ], [ -98.20439172, 35.59796316 ], [ -98.18050009, 35.61258162 ], [ -98.17168962, 35.61743004 ], [ -98.13898752, 35.63945229 ], [ -98.13186477, 35.6452837 ], [ -98.10628544, 35.66837215 ], [ -98.09695344, 35.6779858 ], [ -98.07358335, 35.70247973 ], [ -98.06520032, 35.71068791 ], [ -98.04088125, 35.73204922 ], [ -98.01942622, 35.74338999 ], [ -98.00817915, 35.74855869 ], [ -97.97547705, 35.75685752 ], [ -97.94277496, 35.76556868 ], [ -97.91007286, 35.76775221 ], [ -97.87737076, 35.77015953 ], [ -97.84466868, 35.76801736 ], [ -97.81196658, 35.75745238 ], [ -97.79019534, 35.74338999 ], [ -97.77926449, 35.73497517 ], [ -97.75750908, 35.71068791 ], [ -97.74656239, 35.69539757 ], [ -97.73662411, 35.6779858 ], [ -97.72152276, 35.6452837 ], [ -97.71386029, 35.62509043 ], [ -97.70952498, 35.61258162 ], [ -97.69988724, 35.57987951 ], [ -97.69174548, 35.54717743 ], [ -97.6848418, 35.51447532 ], [ -97.68115819, 35.49390036 ], [ -97.67898205, 35.48177324 ], [ -97.6740536, 35.44907114 ], [ -97.6699743, 35.41636905 ], [ -97.66678549, 35.38366695 ], [ -97.66449415, 35.35096484 ], [ -97.6630755, 35.31826276 ], [ -97.66255037, 35.28556065 ], [ -97.66294805, 35.25285857 ], [ -97.66436963, 35.22015647 ], [ -97.66692062, 35.18745438 ], [ -97.67072828, 35.15475228 ], [ -97.67606335, 35.12205019 ], [ -97.68115819, 35.0983949 ], [ -97.68318696, 35.08934809 ], [ -97.69147965, 35.05664599 ], [ -97.69847952, 35.0239439 ], [ -97.70121716, 34.9912418 ], [ -97.69869334, 34.95853971 ], [ -97.69774208, 34.92583761 ], [ -97.70617016, 34.89313553 ], [ -97.71386029, 34.88208637 ], [ -97.73099174, 34.86043342 ], [ -97.74656239, 34.84971674 ], [ -97.77926449, 34.83057516 ], [ -97.78463169, 34.82773134 ], [ -97.81196658, 34.81574201 ], [ -97.84466868, 34.80193564 ], [ -97.86159328, 34.79502923 ], [ -97.87737076, 34.78925399 ], [ -97.91007286, 34.77925127 ], [ -97.94277496, 34.77174829 ], [ -97.97547705, 34.7663196 ], [ -98.00817915, 34.76278445 ], [ -98.01806319, 34.76232713 ], [ -98.04088125, 34.76132431 ], [ -98.07358335, 34.76167054 ], [ -98.08397042, 34.76232713 ], [ -98.10628544, 34.76392115 ], [ -98.13898752, 34.76727777 ], [ -98.17168962, 34.77088926 ], [ -98.20439172, 34.77398262 ], [ -98.23709381, 34.77561633 ], [ -98.26979591, 34.77437132 ], [ -98.30249801, 34.7690791 ], [ -98.32528358, 34.76232713 ], [ -98.33520011, 34.75951724 ], [ -98.3679022, 34.74625583 ], [ -98.40060428, 34.73098395 ], [ -98.40320514, 34.72962505 ], [ -98.43330638, 34.71408153 ], [ -98.46600848, 34.69810135 ], [ -98.46864494, 34.69692294 ], [ -98.49871058, 34.68314216 ], [ -98.53141267, 34.67004551 ], [ -98.54929174, 34.66422086 ], [ -98.56411477, 34.65914253 ], [ -98.59681687, 34.65111886 ], [ -98.62951897, 34.64629144 ], [ -98.66222104, 34.64465835 ], [ -98.69492314, 34.64636736 ], [ -98.72762524, 34.64971478 ], [ -98.76032734, 34.6522191 ], [ -98.79302943, 34.65345921 ], [ -98.82573153, 34.65497369 ], [ -98.85843363, 34.65888937 ], [ -98.88530484, 34.66422086 ], [ -98.89113573, 34.66541789 ], [ -98.9238378, 34.6746968 ], [ -98.9565399, 34.68698804 ], [ -98.9783966, 34.69692294 ], [ -98.989242, 34.70270308 ], [ -99.0219441, 34.72214595 ], [ -99.03346797, 34.72962505 ], [ -99.05464619, 34.75080327 ], [ -99.06489427, 34.76232713 ], [ -99.08072518, 34.79502923 ], [ -99.08734829, 34.81555152 ], [ -99.09194199, 34.82773134 ], [ -99.10580407, 34.86043342 ], [ -99.12005039, 34.89137908 ], [ -99.12100976, 34.89313553 ], [ -99.13899409, 34.92583761 ], [ -99.15275249, 34.95014147 ], [ -99.15831789, 34.95853971 ], [ -99.18042404, 34.9912418 ], [ -99.18545457, 34.9984557 ], [ -99.20655052, 35.0239439 ], [ -99.21815666, 35.03733811 ], [ -99.23867093, 35.05664599 ], [ -99.25085876, 35.06739436 ], [ -99.28356086, 35.08893835 ], [ -99.28440258, 35.08934809 ], [ -99.31626296, 35.10383222 ], [ -99.34896505, 35.11296239 ], [ -99.38166715, 35.11759695 ], [ -99.41436925, 35.11824687 ], [ -99.44707133, 35.11522397 ], [ -99.47977342, 35.10879504 ], [ -99.51247552, 35.09912024 ], [ -99.5372103, 35.08934809 ], [ -99.54517762, 35.08605116 ], [ -99.57787972, 35.06897012 ], [ -99.59690729, 35.05664599 ], [ -99.61058181, 35.04679757 ], [ -99.63696626, 35.0239439 ], [ -99.64328391, 35.01781563 ], [ -99.66684084, 34.9912418 ], [ -99.67598601, 34.97955639 ], [ -99.69038219, 34.95853971 ], [ -99.70868809, 34.92761596 ], [ -99.7096171, 34.92583761 ], [ -99.7244985, 34.89313553 ], [ -99.73663597, 34.86043342 ], [ -99.74139018, 34.8438355 ], [ -99.74531172, 34.82773134 ], [ -99.75037445, 34.79502923 ], [ -99.75474492, 34.76232713 ], [ -99.76117666, 34.72962505 ], [ -99.77057495, 34.69692294 ], [ -99.77409228, 34.68851333 ], [ -99.78265049, 34.66422086 ], [ -99.79341614, 34.63151875 ], [ -99.8011739, 34.59881667 ], [ -99.80598007, 34.56611457 ], [ -99.80679438, 34.55497871 ], [ -99.8083566, 34.53341248 ], [ -99.80949925, 34.50071038 ], [ -99.80946003, 34.46800827 ], [ -99.80804622, 34.43530619 ], [ -99.80679438, 34.42180257 ], [ -99.80537038, 34.40260408 ], [ -99.801521, 34.369902 ], [ -99.79603224, 34.3371999 ], [ -99.78858465, 34.30449781 ], [ -99.7786722, 34.27179571 ], [ -99.77409228, 34.26008858 ], [ -99.7680394, 34.23909363 ], [ -99.75603721, 34.20639152 ], [ -99.74139018, 34.17716129 ], [ -99.74011097, 34.17368942 ], [ -99.72311367, 34.14098733 ], [ -99.70868809, 34.11859223 ], [ -99.70040447, 34.10828523 ], [ -99.67598601, 34.08827771 ], [ -99.64328391, 34.08227166 ], [ -99.61058181, 34.08144866 ], [ -99.57787972, 34.08073498 ], [ -99.54517762, 34.08144475 ], [ -99.51247552, 34.08539623 ], [ -99.47977342, 34.09462311 ], [ -99.45335489, 34.10828523 ], [ -99.44707133, 34.11054426 ], [ -99.41436925, 34.12546191 ], [ -99.39082523, 34.14098733 ], [ -99.38166715, 34.14610685 ], [ -99.34896505, 34.17192153 ], [ -99.3470799, 34.17368942 ], [ -99.32075334, 34.20639152 ], [ -99.31626296, 34.21195537 ], [ -99.28356086, 34.23695187 ], [ -99.27498568, 34.23909363 ], [ -99.25085876, 34.24520636 ], [ -99.21815666, 34.2410879 ], [ -99.20880398, 34.23909363 ], [ -99.18545457, 34.23423468 ], [ -99.15275249, 34.2282437 ], [ -99.12005039, 34.22205484 ], [ -99.08734829, 34.21499526 ], [ -99.05619176, 34.20639152 ], [ -99.05464619, 34.20503125 ], [ -99.02366627, 34.17368942 ], [ -99.0219441, 34.16574376 ], [ -99.01648363, 34.14098733 ], [ -99.01701163, 34.10828523 ], [ -99.01728119, 34.07558314 ], [ -99.00922662, 34.04288104 ], [ -98.99179373, 34.01017896 ], [ -98.989242, 34.00238025 ], [ -98.98141039, 33.97747685 ], [ -98.96511507, 33.94477477 ], [ -98.9565399, 33.93212797 ], [ -98.94093132, 33.91207266 ], [ -98.9238378, 33.89270568 ], [ -98.91094759, 33.87937058 ], [ -98.89113573, 33.8601976 ], [ -98.87630832, 33.84666848 ], [ -98.85843363, 33.83107736 ], [ -98.83809771, 33.81396637 ], [ -98.82573153, 33.80395807 ], [ -98.79709101, 33.78126429 ], [ -98.79302943, 33.77813872 ], [ -98.76032734, 33.75707499 ], [ -98.7430905, 33.74856218 ], [ -98.72762524, 33.74130904 ], [ -98.69492314, 33.72725052 ], [ -98.66758665, 33.7158601 ], [ -98.66222104, 33.71370972 ], [ -98.62951897, 33.70081604 ], [ -98.59681687, 33.68767094 ], [ -98.58555668, 33.683158 ], [ -98.56411477, 33.6748921 ], [ -98.53141267, 33.66213434 ], [ -98.50198789, 33.65045591 ], [ -98.49871058, 33.64919444 ], [ -98.46600848, 33.63646637 ], [ -98.43330638, 33.6234963 ], [ -98.4189504, 33.61775381 ], [ -98.40060428, 33.61061127 ], [ -98.3679022, 33.59762062 ], [ -98.33713938, 33.58505172 ], [ -98.33520011, 33.58427451 ], [ -98.30249801, 33.57109956 ], [ -98.26979591, 33.55753168 ], [ -98.25752503, 33.55234962 ], [ -98.23709381, 33.54389008 ], [ -98.20439172, 33.53008284 ], [ -98.18045711, 33.51964751 ], [ -98.17168962, 33.51588509 ], [ -98.13898752, 33.50162527 ], [ -98.10755662, 33.48694543 ], [ -98.10628544, 33.48636864 ], [ -98.07358335, 33.47221987 ], [ -98.04088125, 33.45706212 ], [ -98.03497401, 33.45424333 ], [ -98.00817915, 33.44161486 ], [ -97.97547705, 33.42563209 ], [ -97.96729533, 33.42154124 ], [ -97.94277496, 33.4094338 ], [ -97.91007286, 33.39268832 ], [ -97.90268746, 33.38883914 ], [ -97.87737076, 33.37575493 ], [ -97.84466868, 33.35850189 ], [ -97.84024421, 33.35613706 ], [ -97.81196658, 33.34115208 ], [ -97.78062927, 33.32343495 ], [ -97.77926449, 33.3226804 ], [ -97.74656239, 33.30540915 ], [ -97.72050927, 33.29073287 ], [ -97.71386029, 33.28700363 ], [ -97.68115819, 33.26836335 ], [ -97.66335427, 33.25803076 ], [ -97.6484561, 33.24942301 ], [ -97.64027974, 33.22532866 ], [ -97.6484561, 33.21715232 ], [ -97.67297999, 33.19262657 ], [ -97.67297876, 33.15992447 ], [ -97.68115819, 33.15174504 ], [ -97.70567882, 33.12722239 ], [ -97.71386029, 33.11904092 ], [ -97.73837881, 33.09452028 ], [ -97.74656239, 33.08633671 ], [ -97.77107878, 33.0618182 ], [ -97.77107745, 33.02911609 ], [ -97.77926449, 33.02092907 ], [ -97.8037774, 32.99641401 ], [ -97.81196658, 32.98822484 ], [ -97.83647735, 32.96371191 ], [ -97.83647605, 32.9310098 ], [ -97.84466868, 32.9228172 ], [ -97.86917602, 32.89830772 ], [ -97.87737076, 32.89011295 ], [ -97.90187597, 32.86560561 ], [ -97.9018747, 32.83290353 ], [ -97.90189627, 32.83290353 ], [ -97.91007286, 32.86075725 ], [ -97.91720447, 32.86560561 ], [ -97.94277496, 32.88271875 ], [ -97.96606697, 32.89830772 ], [ -97.97547705, 32.90450914 ], [ -98.00817915, 32.92607829 ], [ -98.01560492, 32.9310098 ], [ -98.04088125, 32.94748194 ], [ -98.06578598, 32.96371191 ], [ -98.07358335, 32.96869998 ], [ -98.10628544, 32.98943061 ], [ -98.11728225, 32.99641401 ], [ -98.13898752, 33.00990245 ], [ -98.17008452, 33.02911609 ], [ -98.17168962, 33.0300836 ], [ -98.20439172, 33.04976633 ], [ -98.22418189, 33.0618182 ], [ -98.23709381, 33.06949542 ], [ -98.26979591, 33.08908705 ], [ -98.2788411, 33.09452028 ], [ -98.30249801, 33.10840441 ], [ -98.33438478, 33.12722239 ], [ -98.33520011, 33.12768977 ], [ -98.3679022, 33.14656435 ], [ -98.39091965, 33.15992447 ], [ -98.40060428, 33.16537401 ], [ -98.43330638, 33.18381023 ], [ -98.44887609, 33.19262657 ], [ -98.46600848, 33.20201684 ], [ -98.49871058, 33.21992432 ], [ -98.50855731, 33.22532866 ], [ -98.53141267, 33.23748863 ], [ -98.56411477, 33.25486685 ], [ -98.5700091, 33.25803076 ], [ -98.59681687, 33.27192834 ], [ -98.62951897, 33.28883547 ], [ -98.63311005, 33.29073287 ], [ -98.66222104, 33.30546822 ], [ -98.69492314, 33.32213423 ], [ -98.69737677, 33.32343495 ], [ -98.72762524, 33.33909286 ], [ -98.7592577, 33.35613706 ], [ -98.76032734, 33.35671071 ], [ -98.79302943, 33.37560017 ], [ -98.81379275, 33.38883914 ], [ -98.82573153, 33.39645148 ], [ -98.85843363, 33.42025465 ], [ -98.8601225, 33.42154124 ], [ -98.89113573, 33.44527353 ], [ -98.90275446, 33.45424333 ], [ -98.9238378, 33.47059377 ], [ -98.94467926, 33.48694543 ], [ -98.9565399, 33.49627217 ], [ -98.98584216, 33.51964751 ], [ -98.989242, 33.52236587 ], [ -99.0219441, 33.54902773 ], [ -99.02594468, 33.55234962 ], [ -99.05464619, 33.57634277 ], [ -99.06487156, 33.58505172 ], [ -99.08734829, 33.60454514 ], [ -99.10226361, 33.61775381 ], [ -99.12005039, 33.63387458 ], [ -99.13802036, 33.65045591 ], [ -99.15275249, 33.66447628 ], [ -99.17213677, 33.683158 ], [ -99.18545457, 33.69634349 ], [ -99.20551892, 33.7158601 ], [ -99.21815666, 33.72818345 ], [ -99.241971, 33.74856218 ], [ -99.25085876, 33.7553414 ], [ -99.28356086, 33.76590065 ], [ -99.31626296, 33.76019296 ], [ -99.33993134, 33.74856218 ], [ -99.34896505, 33.7447175 ], [ -99.38166715, 33.72349753 ], [ -99.39077724, 33.7158601 ], [ -99.41436925, 33.69744888 ], [ -99.42921873, 33.683158 ], [ -99.44707133, 33.66677944 ], [ -99.4619663, 33.65045591 ], [ -99.47977342, 33.63141717 ], [ -99.4907992, 33.61775381 ], [ -99.51247552, 33.59089209 ], [ -99.516678, 33.58505172 ], [ -99.54036161, 33.55234962 ], [ -99.54517762, 33.54589044 ], [ -99.56284726, 33.51964751 ], [ -99.57787972, 33.49738132 ], [ -99.58449654, 33.48694543 ], [ -99.60734144, 33.45424333 ], [ -99.61058181, 33.45026091 ], [ -99.63378182, 33.42154124 ], [ -99.64328391, 33.41023475 ], [ -99.66522379, 33.38883914 ], [ -99.67598601, 33.37951705 ], [ -99.70868809, 33.36789679 ], [ -99.73272327, 33.38883914 ], [ -99.74139018, 33.41955389 ], [ -99.74168694, 33.42154124 ], [ -99.74474102, 33.45424333 ], [ -99.74693544, 33.48694543 ], [ -99.74880393, 33.51964751 ], [ -99.7505435, 33.55234962 ], [ -99.75154753, 33.58505172 ], [ -99.75078637, 33.61775381 ], [ -99.74784333, 33.65045591 ], [ -99.74227454, 33.683158 ], [ -99.74139018, 33.68704695 ], [ -99.73478908, 33.7158601 ], [ -99.72508105, 33.74856218 ], [ -99.71269231, 33.78126429 ], [ -99.70868809, 33.79048751 ], [ -99.69488618, 33.81396637 ], [ -99.67598601, 33.83915542 ], [ -99.66941069, 33.84666848 ], [ -99.64328391, 33.8780689 ], [ -99.64232624, 33.87937058 ], [ -99.62221912, 33.91207266 ], [ -99.61058181, 33.94039665 ], [ -99.60882938, 33.94477477 ], [ -99.60718065, 33.97747685 ], [ -99.61058181, 33.98350895 ], [ -99.62660817, 34.01017896 ], [ -99.64328391, 34.01920704 ], [ -99.67598601, 34.03265849 ], [ -99.70868809, 34.04175741 ], [ -99.71033779, 34.04288104 ], [ -99.74139018, 34.07523245 ], [ -99.74168957, 34.07558314 ], [ -99.7688241, 34.10828523 ], [ -99.77409228, 34.11503368 ], [ -99.80239175, 34.14098733 ], [ -99.80679438, 34.14633667 ], [ -99.83323046, 34.17368942 ], [ -99.83949648, 34.18273473 ], [ -99.85834887, 34.20639152 ], [ -99.87219858, 34.23033606 ], [ -99.87790174, 34.23909363 ], [ -99.89430462, 34.27179571 ], [ -99.90490067, 34.30125027 ], [ -99.9062197, 34.30449781 ], [ -99.91627269, 34.3371999 ], [ -99.92312799, 34.369902 ], [ -99.92748886, 34.40260408 ], [ -99.92983679, 34.43530619 ], [ -99.93057325, 34.46800827 ], [ -99.93004594, 34.50071038 ], [ -99.92860246, 34.53341248 ], [ -99.9265815, 34.56611457 ], [ -99.92439647, 34.59881667 ], [ -99.92239156, 34.63151875 ], [ -99.9210821, 34.66422086 ], [ -99.92093328, 34.69692294 ], [ -99.92215941, 34.72962505 ], [ -99.92458987, 34.76232713 ], [ -99.92723568, 34.79502923 ], [ -99.92970728, 34.82773134 ], [ -99.93172402, 34.86043342 ], [ -99.93294759, 34.89313553 ], [ -99.9330834, 34.92583761 ], [ -99.9309969, 34.95853971 ], [ -99.92558184, 34.9912418 ], [ -99.91677981, 35.0239439 ], [ -99.90490067, 35.05479712 ], [ -99.90414956, 35.05664599 ], [ -99.88747491, 35.08934809 ], [ -99.87219858, 35.11342664 ], [ -99.86639042, 35.12205019 ], [ -99.84037824, 35.15475228 ], [ -99.83949648, 35.15572873 ], [ -99.8087252, 35.18745438 ], [ -99.80679438, 35.18928357 ], [ -99.77409228, 35.21806147 ], [ -99.77150878, 35.22015647 ], [ -99.74139018, 35.24317783 ], [ -99.72750175, 35.25285857 ], [ -99.70868809, 35.26533026 ], [ -99.67598601, 35.28499216 ], [ -99.67495474, 35.28556065 ], [ -99.64328391, 35.30240327 ], [ -99.61058181, 35.31795114 ], [ -99.60985807, 35.31826276 ], [ -99.57787972, 35.33175023 ], [ -99.54517762, 35.34393409 ], [ -99.5239064, 35.35096484 ], [ -99.51247552, 35.35471775 ], [ -99.47977342, 35.36401863 ], [ -99.44707133, 35.37203579 ], [ -99.41436925, 35.37873407 ], [ -99.38425135, 35.38366695 ], [ -99.38166715, 35.38409839 ], [ -99.34896505, 35.38802179 ], [ -99.31626296, 35.39041108 ], [ -99.28356086, 35.39113196 ], [ -99.25085876, 35.38987192 ], [ -99.21815666, 35.38620277 ], [ -99.20518562, 35.38366695 ], [ -99.18545457, 35.37945974 ], [ -99.15275249, 35.36851663 ], [ -99.12005039, 35.35162151 ], [ -99.11909631, 35.35096484 ], [ -99.08734829, 35.32531409 ], [ -99.08092527, 35.31826276 ], [ -99.05636415, 35.28556065 ], [ -99.05464619, 35.28282435 ], [ -99.03956081, 35.25285857 ], [ -99.02665816, 35.22015647 ], [ -99.0219441, 35.20651617 ], [ -99.01636116, 35.18745438 ], [ -99.00763989, 35.15475228 ], [ -98.99974255, 35.12205019 ], [ -98.99247958, 35.08934809 ], [ -98.989242, 35.07418231 ], [ -98.98599143, 35.05664599 ], [ -98.9802223, 35.0239439 ], [ -98.974972, 34.9912418 ], [ -98.97032551, 34.95853971 ], [ -98.9664985, 34.92583761 ], [ -98.9634266, 34.89313553 ], [ -98.95938265, 34.86043342 ], [ -98.9565399, 34.84690056 ], [ -98.95255191, 34.82773134 ], [ -98.93876337, 34.79502923 ], [ -98.9238378, 34.77872982 ], [ -98.90469135, 34.76232713 ], [ -98.89113573, 34.75439143 ], [ -98.85843363, 34.7397391 ], [ -98.82573153, 34.73044087 ], [ -98.82030138, 34.72962505 ], [ -98.79302943, 34.72610332 ], [ -98.76032734, 34.72306346 ], [ -98.72762524, 34.71984385 ], [ -98.69492314, 34.71671947 ], [ -98.66222104, 34.71642337 ], [ -98.62951897, 34.71918425 ], [ -98.59681687, 34.72474093 ], [ -98.57739004, 34.72962505 ], [ -98.56411477, 34.7330309 ], [ -98.53141267, 34.7440451 ], [ -98.49871058, 34.75787719 ], [ -98.48962706, 34.76232713 ], [ -98.46600848, 34.77437224 ], [ -98.43330638, 34.7927258 ], [ -98.42946024, 34.79502923 ], [ -98.40060428, 34.81379336 ], [ -98.37874679, 34.82773134 ], [ -98.3679022, 34.83562712 ], [ -98.33520011, 34.85675433 ], [ -98.32823735, 34.86043342 ], [ -98.30249801, 34.87650684 ], [ -98.26979591, 34.89227513 ], [ -98.26728418, 34.89313553 ], [ -98.23709381, 34.90562814 ], [ -98.20439172, 34.91530782 ], [ -98.17168962, 34.92231197 ], [ -98.14858376, 34.92583761 ], [ -98.13898752, 34.92804517 ], [ -98.10628544, 34.93412251 ], [ -98.07358335, 34.94008085 ], [ -98.04088125, 34.94603993 ], [ -98.00817915, 34.95195944 ], [ -97.97547705, 34.95707822 ], [ -97.95563728, 34.95853971 ], [ -97.94277496, 34.96315639 ], [ -97.92566305, 34.9912418 ], [ -97.91007286, 35.00436995 ], [ -97.90357649, 35.0239439 ], [ -97.88476408, 35.05664599 ], [ -97.87737076, 35.0656912 ], [ -97.8671173, 35.08934809 ], [ -97.84858569, 35.12205019 ], [ -97.84466868, 35.12788242 ], [ -97.83272639, 35.15475228 ], [ -97.81735544, 35.18745438 ], [ -97.81196658, 35.19961397 ], [ -97.8052261, 35.22015647 ], [ -97.79687802, 35.25285857 ], [ -97.79071605, 35.28556065 ], [ -97.78653766, 35.31826276 ], [ -97.78423969, 35.35096484 ], [ -97.78377822, 35.38366695 ], [ -97.78518275, 35.41636905 ], [ -97.7884839, 35.44907114 ], [ -97.79382148, 35.48177324 ], [ -97.80145434, 35.51447532 ], [ -97.81176233, 35.54717743 ], [ -97.81196658, 35.54768151 ], [ -97.82711212, 35.57987951 ], [ -97.84466868, 35.60759205 ], [ -97.84840098, 35.61258162 ], [ -97.87737076, 35.6403781 ], [ -97.88393929, 35.6452837 ], [ -97.91007286, 35.66005266 ], [ -97.94277496, 35.67364363 ], [ -97.96963949, 35.6779858 ], [ -97.97547705, 35.67865994 ], [ -97.9787261, 35.6779858 ], [ -98.00817915, 35.67071159 ], [ -98.04088125, 35.64579014 ], [ -98.04136269, 35.6452837 ], [ -98.07217149, 35.61258162 ], [ -98.07358335, 35.61119931 ], [ -98.10628544, 35.5831796 ], [ -98.11065018, 35.57987951 ], [ -98.13898752, 35.55131866 ], [ -98.14356615, 35.54717743 ], [ -98.16065875, 35.51447532 ], [ -98.17030441, 35.48177324 ], [ -98.17168962, 35.47479396 ], [ -98.17751693, 35.44907114 ], [ -98.18567846, 35.41636905 ], [ -98.19887051, 35.38366695 ], [ -98.20439172, 35.37468051 ], [ -98.22734893, 35.35096484 ], [ -98.23709381, 35.34436591 ], [ -98.26979591, 35.33325739 ], [ -98.30249801, 35.33021381 ], [ -98.33520011, 35.33029617 ], [ -98.3679022, 35.32416645 ], [ -98.39697829, 35.35096484 ], [ -98.40060428, 35.35665313 ], [ -98.41208942, 35.38366695 ], [ -98.42737452, 35.41636905 ], [ -98.43330638, 35.42916934 ], [ -98.44501621, 35.44907114 ], [ -98.46437857, 35.48177324 ], [ -98.46600848, 35.48431924 ], [ -98.4902099, 35.51447532 ], [ -98.49871058, 35.52415038 ], [ -98.52352854, 35.54717743 ], [ -98.53141267, 35.55420288 ], [ -98.56411477, 35.57900626 ], [ -98.56545379, 35.57987951 ], [ -98.59681687, 35.60108844 ], [ -98.61526662, 35.61258162 ], [ -98.62951897, 35.62225265 ], [ -98.66222104, 35.64412959 ], [ -98.66395856, 35.6452837 ], [ -98.69492314, 35.66950509 ], [ -98.70495622, 35.6779858 ], [ -98.72762524, 35.70161557 ], [ -98.73552526, 35.71068791 ], [ -98.75770641, 35.74338999 ], [ -98.76032734, 35.7483361 ], [ -98.7739607, 35.7760921 ], [ -98.78590928, 35.80879418 ], [ -98.79302943, 35.83476197 ], [ -98.79479071, 35.84149628 ], [ -98.80140924, 35.87419837 ], [ -98.80629914, 35.90690047 ], [ -98.80978832, 35.93960256 ], [ -98.8121419, 35.97230466 ], [ -98.81360557, 36.00500676 ], [ -98.81423152, 36.03770885 ], [ -98.81426145, 36.07041095 ], [ -98.81392463, 36.10311304 ], [ -98.81338603, 36.13581514 ], [ -98.81279487, 36.16851722 ], [ -98.81211193, 36.20121933 ], [ -98.8117529, 36.23392141 ], [ -98.81205734, 36.26662352 ], [ -98.8132545, 36.29932562 ], [ -98.81557436, 36.3320277 ], [ -98.81865833, 36.36472981 ], [ -98.82298726, 36.39743189 ], [ -98.82573153, 36.41153092 ], [ -98.82918443, 36.430134 ], [ -98.83840217, 36.46283608 ], [ -98.85229307, 36.49553819 ], [ -98.85843363, 36.50610104 ], [ -98.87077259, 36.52824027 ], [ -98.89113573, 36.55939195 ], [ -98.89206401, 36.56094237 ], [ -98.91356332, 36.59364446 ], [ -98.9238378, 36.60816186 ], [ -98.93571587, 36.62634656 ], [ -98.9565399, 36.65478782 ], [ -98.95963575, 36.65904867 ], [ -98.98733588, 36.69175075 ], [ -98.989242, 36.6936953 ], [ -99.01939164, 36.72445285 ], [ -99.0219441, 36.72677994 ], [ -99.05415915, 36.75715494 ], [ -99.05464619, 36.75757257 ], [ -99.08734829, 36.78644679 ], [ -99.09102411, 36.78985704 ], [ -99.12005039, 36.81524382 ], [ -99.12801949, 36.82255913 ], [ -99.15275249, 36.8444169 ], [ -99.16433928, 36.85526123 ], [ -99.18545457, 36.87450719 ], [ -99.1993546, 36.88796331 ], [ -99.21815666, 36.90600789 ], [ -99.23264743, 36.92066542 ], [ -99.25085876, 36.93913956 ], [ -99.26459119, 36.95336752 ], [ -99.28356086, 36.97328005 ], [ -99.29552824, 36.98606961 ], [ -99.31626296, 37.00859137 ], [ -99.32559717, 37.01877171 ], [ -99.34896505, 37.04472029 ], [ -99.35507188, 37.05147379 ], [ -99.38166715, 37.0814756 ], [ -99.38409403, 37.0841759 ], [ -99.41284299, 37.11687798 ], [ -99.41436925, 37.11865698 ], [ -99.44163653, 37.14958009 ], [ -99.44707133, 37.15592363 ], [ -99.47056892, 37.18228217 ], [ -99.47977342, 37.19290041 ], [ -99.50006219, 37.21498427 ], [ -99.51247552, 37.22889054 ], [ -99.53061671, 37.24768638 ], [ -99.54517762, 37.26317175 ], [ -99.56308941, 37.28038846 ], [ -99.57787972, 37.29486028 ], [ -99.59912284, 37.31309057 ], [ -99.61058181, 37.32308572 ], [ -99.64145914, 37.34579265 ], [ -99.64328391, 37.34714448 ], [ -99.67598601, 37.36671799 ], [ -99.70218776, 37.37849476 ], [ -99.70868809, 37.38140587 ], [ -99.74139018, 37.39140898 ], [ -99.77409228, 37.39679514 ], [ -99.80679438, 37.39795867 ], [ -99.83949648, 37.39529366 ], [ -99.87219858, 37.38926575 ], [ -99.90490067, 37.38035646 ], [ -99.91020435, 37.37849476 ], [ -99.93760277, 37.36909731 ], [ -99.97030487, 37.35569666 ], [ -99.99145486, 37.34579265 ], [ -100.00300695, 37.34042362 ], [ -100.03570904, 37.32360832 ], [ -100.05460167, 37.31309057 ], [ -100.06841114, 37.30535655 ], [ -100.10111324, 37.28586299 ], [ -100.1098567, 37.28038846 ], [ -100.13381534, 37.26515862 ], [ -100.16022502, 37.24768638 ], [ -100.16651743, 37.24340597 ], [ -100.19921953, 37.22039118 ], [ -100.20668056, 37.21498427 ], [ -100.23192163, 37.19578078 ], [ -100.24902953, 37.18228217 ], [ -100.26462371, 37.16921829 ], [ -100.28711832, 37.14958009 ], [ -100.2973258, 37.14018841 ], [ -100.32162984, 37.11687798 ], [ -100.3300279, 37.10862389 ], [ -100.35534386, 37.0841759 ], [ -100.36273, 37.07760611 ], [ -100.39455787, 37.05147379 ], [ -100.3954321, 37.05080961 ], [ -100.42813419, 37.02645158 ], [ -100.43816066, 37.01877171 ], [ -100.46083629, 37.00134618 ], [ -100.4790428, 36.98606961 ], [ -100.49353839, 36.97355734 ], [ -100.51563137, 36.95336752 ], [ -100.52624047, 36.94329819 ], [ -100.54844469, 36.92066542 ], [ -100.55894257, 36.9092221 ], [ -100.57678653, 36.88796331 ], [ -100.59164466, 36.86810056 ], [ -100.60041979, 36.85526123 ], [ -100.62012748, 36.82255913 ], [ -100.62434676, 36.8145559 ], [ -100.63639342, 36.78985704 ], [ -100.65007607, 36.75715494 ], [ -100.65704886, 36.73742789 ], [ -100.66133831, 36.72445285 ], [ -100.67038897, 36.69175075 ], [ -100.67768604, 36.65904867 ], [ -100.68334447, 36.62634656 ], [ -100.6875194, 36.59364446 ], [ -100.68975096, 36.5674367 ], [ -100.69027586, 36.56094237 ], [ -100.69174212, 36.52824027 ], [ -100.69202013, 36.49553819 ], [ -100.691584, 36.46283608 ], [ -100.69075521, 36.430134 ], [ -100.68975096, 36.40409979 ], [ -100.68948527, 36.39743189 ], [ -100.68819588, 36.36472981 ], [ -100.68664521, 36.3320277 ], [ -100.68498305, 36.29932562 ], [ -100.6833245, 36.26662352 ], [ -100.68170599, 36.23392141 ], [ -100.68015831, 36.20121933 ], [ -100.67880831, 36.16851722 ], [ -100.67763153, 36.13581514 ], [ -100.67673917, 36.10311304 ], [ -100.67616189, 36.07041095 ], [ -100.67596445, 36.03770885 ], [ -100.67618883, 36.00500676 ], [ -100.67691751, 35.97230466 ], [ -100.67822644, 35.93960256 ], [ -100.68015049, 35.90690047 ], [ -100.68284031, 35.87419837 ], [ -100.68634854, 35.84149628 ], [ -100.68975096, 35.81614806 ], [ -100.69073016, 35.80879418 ], [ -100.69606041, 35.7760921 ], [ -100.70259102, 35.74338999 ], [ -100.71057214, 35.71068791 ], [ -100.72015008, 35.6779858 ], [ -100.72245305, 35.67105497 ], [ -100.73107073, 35.6452837 ], [ -100.74382395, 35.61258162 ], [ -100.75515515, 35.5875694 ], [ -100.75868025, 35.57987951 ], [ -100.77563039, 35.54717743 ], [ -100.78785723, 35.52679914 ], [ -100.79537333, 35.51447532 ], [ -100.81815417, 35.48177324 ], [ -100.82055933, 35.47870665 ], [ -100.84441099, 35.44907114 ], [ -100.85326142, 35.43938249 ], [ -100.87493796, 35.41636905 ], [ -100.88596352, 35.40588709 ], [ -100.91029524, 35.38366695 ], [ -100.91866562, 35.3766715 ], [ -100.95095949, 35.35096484 ], [ -100.95136772, 35.35066381 ], [ -100.98406981, 35.32734049 ], [ -100.99770754, 35.31826276 ], [ -101.01677191, 35.30615675 ], [ -101.04947399, 35.28699081 ], [ -101.05204825, 35.28556065 ], [ -101.08217609, 35.26949258 ], [ -101.11487819, 35.25386465 ], [ -101.11714049, 35.25285857 ], [ -101.14758028, 35.23971752 ], [ -101.18028238, 35.22718547 ], [ -101.20077558, 35.22015647 ], [ -101.21298448, 35.21593468 ], [ -101.24568658, 35.20574609 ], [ -101.27838867, 35.19695118 ], [ -101.31109075, 35.18941493 ], [ -101.32109147, 35.18745438 ], [ -101.34379285, 35.18287014 ], [ -101.37649495, 35.17739324 ], [ -101.40919704, 35.1730337 ], [ -101.44189914, 35.16971147 ], [ -101.47460124, 35.16733605 ], [ -101.50730334, 35.16581191 ], [ -101.54000543, 35.16500073 ], [ -101.57270751, 35.16507628 ], [ -101.60540961, 35.16650318 ], [ -101.63811171, 35.16929295 ], [ -101.6708138, 35.17312901 ], [ -101.7035159, 35.17786083 ], [ -101.736218, 35.18362165 ], [ -101.75642007, 35.18745438 ], [ -101.7689201, 35.1900777 ], [ -101.80162219, 35.19624798 ], [ -101.83432427, 35.20076865 ], [ -101.8530412, 35.18745438 ], [ -101.86702637, 35.1788381 ], [ -101.8871586, 35.15475228 ], [ -101.89972847, 35.1458873 ], [ -101.92420937, 35.12205019 ], [ -101.93243057, 35.11610903 ], [ -101.96513266, 35.08994262 ], [ -101.96586605, 35.08934809 ], [ -101.99783476, 35.06598392 ], [ -102.01302102, 35.05664599 ], [ -102.03053686, 35.04651834 ], [ -102.06323896, 35.03073107 ], [ -102.0809018, 35.0239439 ], [ -102.09594103, 35.01811997 ], [ -102.12864313, 35.00800167 ], [ -102.16134523, 35.00108308 ], [ -102.19404733, 34.99639155 ], [ -102.22674942, 34.99344384 ], [ -102.25945152, 34.99598865 ], [ -102.29215362, 35.00353213 ], [ -102.32485572, 35.01060384 ], [ -102.35755779, 35.01754537 ], [ -102.38752361, 35.0239439 ], [ -102.39025989, 35.02453911 ], [ -102.42296199, 35.03170532 ], [ -102.45566409, 35.03913519 ], [ -102.48836619, 35.04678219 ], [ -102.52106828, 35.05470608 ], [ -102.52898584, 35.05664599 ], [ -102.55377038, 35.06298558 ], [ -102.58647248, 35.0715511 ], [ -102.61917456, 35.08038686 ], [ -102.65123016, 35.08934809 ], [ -102.65187665, 35.08953818 ], [ -102.68457875, 35.09911908 ], [ -102.71728085, 35.10900933 ], [ -102.74998295, 35.11918906 ], [ -102.75912554, 35.12205019 ], [ -102.78268504, 35.12984425 ], [ -102.81538714, 35.14088511 ], [ -102.84808924, 35.1522181 ], [ -102.85536634, 35.15475228 ], [ -102.88079132, 35.16421065 ], [ -102.91349341, 35.17660107 ], [ -102.94151507, 35.18745438 ], [ -102.94619551, 35.18940828 ], [ -102.97889761, 35.20310083 ], [ -103.01159971, 35.21715 ], [ -103.01858652, 35.22015647 ], [ -103.0443018, 35.23219459 ], [ -103.0770039, 35.24791532 ], [ -103.08721519, 35.25285857 ], [ -103.109706, 35.26486492 ], [ -103.14240808, 35.28271469 ], [ -103.14760096, 35.28556065 ], [ -103.17511018, 35.30248309 ], [ -103.20016837, 35.31826276 ], [ -103.20781227, 35.32374801 ], [ -103.24051437, 35.34761406 ], [ -103.24504503, 35.35096484 ], [ -103.27321647, 35.37525871 ], [ -103.28278724, 35.38366695 ], [ -103.30591857, 35.40827178 ], [ -103.31335933, 35.41636905 ], [ -103.33729414, 35.44907114 ], [ -103.33862066, 35.45144065 ], [ -103.35517739, 35.48177324 ], [ -103.36806728, 35.51447532 ], [ -103.37132276, 35.52559836 ], [ -103.37766431, 35.54717743 ], [ -103.38423219, 35.57987951 ], [ -103.38819594, 35.61258162 ], [ -103.3897432, 35.6452837 ], [ -103.38915575, 35.6779858 ], [ -103.38658057, 35.71068791 ], [ -103.38211705, 35.74338999 ], [ -103.37591238, 35.7760921 ], [ -103.37132276, 35.79512836 ], [ -103.36809186, 35.80879418 ], [ -103.35886926, 35.84149628 ], [ -103.34803012, 35.87419837 ], [ -103.33862066, 35.89915917 ], [ -103.33575925, 35.90690047 ], [ -103.32227067, 35.93960256 ], [ -103.30717238, 35.97230466 ], [ -103.30591857, 35.97481239 ], [ -103.29100198, 36.00500676 ], [ -103.27384459, 36.03770885 ], [ -103.27321647, 36.03877621 ], [ -103.25442756, 36.07041095 ], [ -103.24051437, 36.092671 ], [ -103.23404006, 36.10311304 ], [ -103.21234004, 36.13581514 ], [ -103.20781227, 36.14222281 ], [ -103.18930942, 36.16851722 ], [ -103.17511018, 36.18737232 ], [ -103.16472482, 36.20121933 ], [ -103.14240808, 36.22914317 ], [ -103.13857371, 36.23392141 ], [ -103.1108899, 36.26662352 ], [ -103.109706, 36.26794837 ], [ -103.08154754, 36.29932562 ], [ -103.0770039, 36.30413659 ], [ -103.05054859, 36.3320277 ], [ -103.0443018, 36.33824777 ], [ -103.01759128, 36.36472981 ], [ -103.01159971, 36.37038028 ], [ -102.98254002, 36.39743189 ], [ -102.97889761, 36.40070294 ], [ -102.94619551, 36.42958842 ], [ -102.94557366, 36.430134 ], [ -102.91349341, 36.45726939 ], [ -102.90682772, 36.46283608 ], [ -102.88079132, 36.48390031 ], [ -102.86609062, 36.49553819 ], [ -102.84808924, 36.50935761 ], [ -102.82316409, 36.52824027 ], [ -102.81538714, 36.53395863 ], [ -102.78268504, 36.55764292 ], [ -102.77812518, 36.56094237 ], [ -102.74998295, 36.58069227 ], [ -102.73120499, 36.59364446 ], [ -102.71728085, 36.60299546 ], [ -102.68457875, 36.62475769 ], [ -102.68220536, 36.62634656 ], [ -102.65187665, 36.64610124 ], [ -102.6315774, 36.65904867 ], [ -102.61917456, 36.66679228 ], [ -102.58647248, 36.68714374 ], [ -102.57917047, 36.69175075 ], [ -102.55377038, 36.70738638 ], [ -102.52593576, 36.72445285 ], [ -102.52106828, 36.72736645 ], [ -102.48836619, 36.74762944 ], [ -102.47354893, 36.75715494 ], [ -102.45566409, 36.76837692 ], [ -102.42296199, 36.78954261 ], [ -102.42253658, 36.78985704 ], [ -102.39025989, 36.81325762 ], [ -102.3788466, 36.82255913 ], [ -102.35755779, 36.83931491 ], [ -102.33986191, 36.85526123 ], [ -102.32485572, 36.86868183 ], [ -102.3044584, 36.88796331 ], [ -102.29215362, 36.89966108 ], [ -102.27161669, 36.92066542 ], [ -102.25945152, 36.93339742 ], [ -102.2425916, 36.95336752 ], [ -102.22674942, 36.97341669 ], [ -102.2186609, 36.98606961 ], [ -102.20121668, 37.01877171 ], [ -102.19404733, 37.03760597 ], [ -102.19082497, 37.05147379 ], [ -102.18804439, 37.0841759 ], [ -102.18966506, 37.11687798 ], [ -102.19395918, 37.14958009 ], [ -102.19404733, 37.15014989 ], [ -102.20010671, 37.18228217 ], [ -102.20558826, 37.21498427 ], [ -102.21064976, 37.24768638 ], [ -102.21003396, 37.28038846 ], [ -102.19404733, 37.3022137 ], [ -102.18447282, 37.31309057 ], [ -102.16134523, 37.34057625 ], [ -102.15685276, 37.34579265 ], [ -102.13746678, 37.37849476 ], [ -102.12864313, 37.4028818 ], [ -102.12539995, 37.41119684 ], [ -102.12601018, 37.44389894 ], [ -102.12864313, 37.44893653 ], [ -102.146058, 37.47660103 ], [ -102.16134523, 37.4953774 ], [ -102.17129622, 37.50930313 ], [ -102.19404733, 37.53954555 ], [ -102.19609845, 37.54200524 ], [ -102.22674942, 37.57362072 ], [ -102.22809088, 37.57470732 ], [ -102.25945152, 37.59824468 ], [ -102.27101356, 37.60740942 ], [ -102.29215362, 37.62338966 ], [ -102.31205177, 37.64011151 ], [ -102.32485572, 37.65038488 ], [ -102.35045611, 37.67281361 ], [ -102.35755779, 37.67876621 ], [ -102.38800184, 37.7055157 ], [ -102.39025989, 37.70746852 ], [ -102.42296199, 37.73070569 ], [ -102.43587478, 37.7382178 ], [ -102.45566409, 37.74964145 ], [ -102.48836619, 37.76580228 ], [ -102.50058147, 37.77091988 ], [ -102.52106828, 37.77921324 ], [ -102.55377038, 37.79085615 ], [ -102.58647248, 37.80144924 ], [ -102.59419279, 37.80362199 ], [ -102.61917456, 37.81036373 ], [ -102.65187665, 37.81832308 ], [ -102.68457875, 37.82561705 ], [ -102.71728085, 37.8322424 ], [ -102.73982185, 37.83632409 ], [ -102.74998295, 37.8381201 ], [ -102.78268504, 37.84327618 ], [ -102.81538714, 37.84794528 ], [ -102.84808924, 37.85210353 ], [ -102.88079132, 37.85566437 ], [ -102.91349341, 37.85858546 ], [ -102.94619551, 37.86086638 ], [ -102.97889761, 37.86250548 ], [ -103.01159971, 37.86345672 ], [ -103.0443018, 37.86352596 ], [ -103.0770039, 37.86270719 ], [ -103.109706, 37.86096901 ], [ -103.14240808, 37.85832966 ], [ -103.17511018, 37.85486006 ], [ -103.20781227, 37.85065204 ], [ -103.24051437, 37.84566034 ], [ -103.27321647, 37.84002092 ], [ -103.29232606, 37.83632409 ], [ -103.30591857, 37.83348575 ], [ -103.33862066, 37.82624979 ], [ -103.37132276, 37.81834713 ], [ -103.40402484, 37.81001297 ], [ -103.42798972, 37.80362199 ], [ -103.43672694, 37.80114964 ], [ -103.46942903, 37.79147645 ], [ -103.50213113, 37.78162644 ], [ -103.53483323, 37.77150454 ], [ -103.53676315, 37.77091988 ], [ -103.56753533, 37.76115276 ], [ -103.60023742, 37.75101592 ], [ -103.63293952, 37.74111221 ], [ -103.64263284, 37.7382178 ], [ -103.6656416, 37.73107455 ], [ -103.6983437, 37.72115261 ], [ -103.73104579, 37.71154148 ], [ -103.75168458, 37.7055157 ], [ -103.76374789, 37.70186024 ], [ -103.79644999, 37.6921987 ], [ -103.82915209, 37.68269759 ], [ -103.86185419, 37.67337376 ], [ -103.86386452, 37.67281361 ], [ -103.89455628, 37.66402762 ], [ -103.92725838, 37.65479389 ], [ -103.95996046, 37.64568881 ], [ -103.98057329, 37.64011151 ], [ -103.99266256, 37.63676167 ], [ -104.02536465, 37.62774882 ], [ -104.05806675, 37.61893863 ], [ -104.09076885, 37.61020985 ], [ -104.10158286, 37.60740942 ], [ -104.12347095, 37.60164932 ], [ -104.15617304, 37.59302744 ], [ -104.18887514, 37.58458244 ], [ -104.22157722, 37.5763352 ], [ -104.22806228, 37.57470732 ], [ -104.25427932, 37.56807339 ], [ -104.28698141, 37.55991843 ], [ -104.31968351, 37.55189252 ], [ -104.32785942, 37.54200524 ], [ -104.32788099, 37.54200524 ], [ -104.35238561, 37.56651143 ], [ -104.36058149, 37.57470732 ], [ -104.3605802, 37.60740942 ], [ -104.36057889, 37.64011151 ], [ -104.38508771, 37.664622 ], [ -104.39327931, 37.67281361 ], [ -104.39327796, 37.7055157 ], [ -104.3932766, 37.7382178 ], [ -104.4177898, 37.76273275 ], [ -104.42597694, 37.77091988 ], [ -104.42597553, 37.80362199 ], [ -104.4504919, 37.82814016 ], [ -104.45867581, 37.83632409 ], [ -104.45867441, 37.86902618 ], [ -104.45867298, 37.90172828 ], [ -104.48319398, 37.9262511 ], [ -104.49137326, 37.93443036 ] ], [ [ -101.72807763, 37.60740942 ], [ -101.72414074, 37.64011151 ], [ -101.71092029, 37.67281361 ], [ -101.7035159, 37.68530292 ], [ -101.68978695, 37.7055157 ], [ -101.6708138, 37.72986981 ], [ -101.66330227, 37.7382178 ], [ -101.63811171, 37.76249062 ], [ -101.62811669, 37.77091988 ], [ -101.60540961, 37.78755515 ], [ -101.58082311, 37.80362199 ], [ -101.57270751, 37.80825787 ], [ -101.54000543, 37.82232809 ], [ -101.50730334, 37.83188867 ], [ -101.47460124, 37.83258983 ], [ -101.44189914, 37.8156002 ], [ -101.43274864, 37.80362199 ], [ -101.42846101, 37.77091988 ], [ -101.43737951, 37.7382178 ], [ -101.44189914, 37.72960973 ], [ -101.45590031, 37.7055157 ], [ -101.47460124, 37.68049586 ], [ -101.48097115, 37.67281361 ], [ -101.50730334, 37.64665983 ], [ -101.51457555, 37.64011151 ], [ -101.54000543, 37.62072268 ], [ -101.55925598, 37.60740942 ], [ -101.57270751, 37.59950055 ], [ -101.60540961, 37.58302126 ], [ -101.62611735, 37.57470732 ], [ -101.63811171, 37.57092158 ], [ -101.6708138, 37.56564464 ], [ -101.7035159, 37.56855653 ], [ -101.71340735, 37.57470732 ], [ -101.72807763, 37.60740942 ] ] ] } },
{ "type": "Feature", "properties": { "Lower": 56.0 }, "geometry": { "type": "Polygon", "coordinates": [ [ [ -97.38214628, 38.06523874 ], [ -97.35450837, 38.09794084 ], [ -97.35413724, 38.09826875 ], [ -97.32143516, 38.12853987 ], [ -97.31883872, 38.13064295 ], [ -97.28873306, 38.14695162 ], [ -97.25603097, 38.15138729 ], [ -97.22332887, 38.15675075 ], [ -97.19062677, 38.15113973 ], [ -97.16339838, 38.13064295 ], [ -97.15792467, 38.12125645 ], [ -97.14759132, 38.09794084 ], [ -97.14337469, 38.06523874 ], [ -97.15045328, 38.03253666 ], [ -97.15792467, 38.02142056 ], [ -97.19062677, 38.00135547 ], [ -97.22332887, 38.00127849 ], [ -97.25603097, 38.01352047 ], [ -97.28873306, 38.02629233 ], [ -97.32143516, 38.02768189 ], [ -97.35413724, 38.03048341 ], [ -97.36946307, 38.03253666 ], [ -97.38214628, 38.06523874 ] ] ] } },
{ "type": "Feature", "properties": { "Lower": 56.0 }, "geometry": { "type": "Polygon", "coordinates": [ [ [ -98.7669827, 39.0135995 ], [ -98.76569037, 39.0463016 ], [ -98.76068974, 39.07900371 ], [ -98.76032734, 39.08008656 ], [ -98.74493497, 39.11170579 ], [ -98.72762524, 39.13173732 ], [ -98.70748006, 39.14440789 ], [ -98.69492314, 39.15027484 ], [ -98.66222104, 39.15385399 ], [ -98.62951897, 39.14868915 ], [ -98.62086287, 39.14440789 ], [ -98.59681687, 39.12939491 ], [ -98.57672432, 39.11170579 ], [ -98.56411477, 39.09288119 ], [ -98.55706309, 39.07900371 ], [ -98.55134846, 39.0463016 ], [ -98.55235291, 39.0135995 ], [ -98.55847506, 38.98089741 ], [ -98.56411477, 38.96338668 ], [ -98.57094141, 38.94819531 ], [ -98.59471989, 38.91549323 ], [ -98.59681687, 38.91331896 ], [ -98.62951897, 38.89528158 ], [ -98.66222104, 38.8914993 ], [ -98.69492314, 38.89774146 ], [ -98.72762524, 38.91245924 ], [ -98.73110321, 38.91549323 ], [ -98.75731735, 38.94819531 ], [ -98.76032734, 38.95616899 ], [ -98.76524252, 38.98089741 ], [ -98.7669827, 39.0135995 ] ] ] } },
{ "type": "Feature", "properties": { "Lower": 56.0 }, "geometry": { "type": "Polygon", "coordinates": [ [ [ -101.72807763, 37.60740942 ], [ -101.72414074, 37.64011151 ], [ -101.71092029, 37.67281361 ], [ -101.7035159, 37.68530292 ], [ -101.68978695, 37.7055157 ], [ -101.6708138, 37.72986981 ], [ -101.66330227, 37.7382178 ], [ -101.63811171, 37.76249062 ], [ -101.62811669, 37.77091988 ], [ -101.60540961, 37.78755515 ], [ -101.58082311, 37.80362199 ], [ -101.57270751, 37.80825787 ], [ -101.54000543, 37.82232809 ], [ -101.50730334, 37.83188867 ], [ -101.47460124, 37.83258983 ], [ -101.44189914, 37.8156002 ], [ -101.43274864, 37.80362199 ], [ -101.42846101, 37.77091988 ], [ -101.43737951, 37.7382178 ], [ -101.44189914, 37.72960973 ], [ -101.45590031, 37.7055157 ], [ -101.47460124, 37.68049586 ], [ -101.48097115, 37.67281361 ], [ -101.50730334, 37.64665983 ], [ -101.51457555, 37.64011151 ], [ -101.54000543, 37.62072268 ], [ -101.55925598, 37.60740942 ], [ -101.57270751, 37.59950055 ], [ -101.60540961, 37.58302126 ], [ -101.62611735, 37.57470732 ], [ -101.63811171, 37.57092158 ], [ -101.6708138, 37.56564464 ], [ -101.7035159, 37.56855653 ], [ -101.71340735, 37.57470732 ], [ -101.72807763, 37.60740942 ] ] ] } },
{ "type": "Feature", "properties": { "Lower": 56.0 }, "geometry": { "type": "Polygon", "coordinates": [ [ [ -99.36888878, 38.09794084 ], [ -99.36512444, 38.13064295 ], [ -99.35604581, 38.16334503 ], [ -99.34896505, 38.18492063 ], [ -99.34716373, 38.19604714 ], [ -99.31912671, 38.22874922 ], [ -99.31626296, 38.2309366 ], [ -99.28356086, 38.25546702 ], [ -99.2742702, 38.26145132 ], [ -99.25085876, 38.27798699 ], [ -99.21815666, 38.29353925 ], [ -99.21642215, 38.29415341 ], [ -99.18545457, 38.30571054 ], [ -99.15275249, 38.31189173 ], [ -99.12005039, 38.31276116 ], [ -99.08734829, 38.30652798 ], [ -99.06303172, 38.29415341 ], [ -99.05464619, 38.28598642 ], [ -99.03766314, 38.26145132 ], [ -99.02420476, 38.22874922 ], [ -99.0219441, 38.22231502 ], [ -99.01293649, 38.19604714 ], [ -99.00016458, 38.16334503 ], [ -98.989242, 38.1384462 ], [ -98.98532741, 38.13064295 ], [ -98.96950074, 38.09794084 ], [ -98.9565399, 38.06543933 ], [ -98.95645125, 38.06523874 ], [ -98.94768358, 38.03253666 ], [ -98.94872211, 37.99983455 ], [ -98.9565399, 37.98936956 ], [ -98.989242, 37.96983586 ], [ -98.99701625, 37.96713247 ], [ -99.0219441, 37.96059342 ], [ -99.05464619, 37.95524249 ], [ -99.08734829, 37.95381532 ], [ -99.12005039, 37.95417759 ], [ -99.15275249, 37.95584809 ], [ -99.18545457, 37.95909412 ], [ -99.21815666, 37.96511239 ], [ -99.22540608, 37.96713247 ], [ -99.25085876, 37.97454043 ], [ -99.28356086, 37.98940148 ], [ -99.3017604, 37.99983455 ], [ -99.31626296, 38.01122459 ], [ -99.34106193, 38.03253666 ], [ -99.34896505, 38.04463221 ], [ -99.36214552, 38.06523874 ], [ -99.36888878, 38.09794084 ] ], [ [ -99.31440318, 38.19604714 ], [ -99.28356086, 38.22785517 ], [ -99.28249804, 38.22874922 ], [ -99.25085876, 38.24841915 ], [ -99.22575908, 38.26145132 ], [ -99.21815666, 38.26528841 ], [ -99.18545457, 38.27567262 ], [ -99.15275249, 38.27923479 ], [ -99.12005039, 38.27298608 ], [ -99.10044473, 38.26145132 ], [ -99.08734829, 38.24614924 ], [ -99.07689948, 38.22874922 ], [ -99.0645623, 38.19604714 ], [ -99.05464619, 38.16893612 ], [ -99.05280389, 38.16334503 ], [ -99.04080844, 38.13064295 ], [ -99.02795711, 38.09794084 ], [ -99.0219441, 38.07634206 ], [ -99.01882098, 38.06523874 ], [ -99.0219441, 38.03748067 ], [ -99.02312687, 38.03253666 ], [ -99.05464619, 38.01447866 ], [ -99.08734829, 38.00815946 ], [ -99.12005039, 38.00882232 ], [ -99.15275249, 38.01305081 ], [ -99.18545457, 38.02073944 ], [ -99.21700245, 38.03253666 ], [ -99.21815666, 38.03302155 ], [ -99.25085876, 38.05307406 ], [ -99.26380497, 38.06523874 ], [ -99.28356086, 38.08951061 ], [ -99.28880001, 38.09794084 ], [ -99.30387593, 38.13064295 ], [ -99.31256869, 38.16334503 ], [ -99.31440318, 38.19604714 ] ] ] } },
{ "type": "Feature", "properties": { "Lower": 56.0 }, "geometry": { "type": "Polygon", "coordinates": [ [ [ -96.49825642, 39.96196028 ], [ -96.49552326, 39.99466236 ], [ -96.48925875, 40.02736446 ], [ -96.47761516, 40.06006655 ], [ -96.47118068, 40.07286461 ], [ -96.45989589, 40.09276865 ], [ -96.43847858, 40.12208382 ], [ -96.43573539, 40.12547074 ], [ -96.40621164, 40.15817284 ], [ -96.40577649, 40.15861466 ], [ -96.37307439, 40.18431869 ], [ -96.36242203, 40.19087492 ], [ -96.34037229, 40.20442976 ], [ -96.30767019, 40.21876534 ], [ -96.29334131, 40.22357703 ], [ -96.27496812, 40.23001144 ], [ -96.24226602, 40.23939346 ], [ -96.20956392, 40.24777832 ], [ -96.17686182, 40.25533039 ], [ -96.17113668, 40.25627913 ], [ -96.14415973, 40.26092605 ], [ -96.11145763, 40.26455471 ], [ -96.07875553, 40.26476829 ], [ -96.04605343, 40.25684119 ], [ -96.04512495, 40.25627913 ], [ -96.02913551, 40.22357703 ], [ -96.03306148, 40.19087492 ], [ -96.04346505, 40.15817284 ], [ -96.04605343, 40.15294118 ], [ -96.05785717, 40.12547074 ], [ -96.07433123, 40.09276865 ], [ -96.07875553, 40.08565402 ], [ -96.0928089, 40.06006655 ], [ -96.11145763, 40.02973654 ], [ -96.11274141, 40.02736446 ], [ -96.13405913, 39.99466236 ], [ -96.14415973, 39.98109286 ], [ -96.15665394, 39.96196028 ], [ -96.17686182, 39.93484951 ], [ -96.18047224, 39.92925817 ], [ -96.20547747, 39.89655607 ], [ -96.20956392, 39.89325396 ], [ -96.24226602, 39.86782964 ], [ -96.24759076, 39.86385398 ], [ -96.27496812, 39.84850114 ], [ -96.30531182, 39.83115188 ], [ -96.30767019, 39.82972345 ], [ -96.34037229, 39.81766798 ], [ -96.37307439, 39.80591029 ], [ -96.39826583, 39.7984498 ], [ -96.40577649, 39.79508748 ], [ -96.43847858, 39.78745111 ], [ -96.46996689, 39.7984498 ], [ -96.47118068, 39.79923989 ], [ -96.48442507, 39.83115188 ], [ -96.49165604, 39.86385398 ], [ -96.49597077, 39.89655607 ], [ -96.49817958, 39.92925817 ], [ -96.49825642, 39.96196028 ] ], [ [ -96.42197129, 39.96196028 ], [ -96.42104455, 39.99466236 ], [ -96.41189739, 40.02736446 ], [ -96.40577649, 40.04082334 ], [ -96.39440027, 40.06006655 ], [ -96.37307439, 40.08506549 ], [ -96.36094835, 40.09276865 ], [ -96.34037229, 40.10411538 ], [ -96.30767019, 40.10731634 ], [ -96.27496812, 40.0988319 ], [ -96.26523167, 40.09276865 ], [ -96.24226602, 40.06184866 ], [ -96.24149456, 40.06006655 ], [ -96.23756477, 40.02736446 ], [ -96.24137043, 39.99466236 ], [ -96.24226602, 39.99167713 ], [ -96.25076939, 39.96196028 ], [ -96.26365941, 39.92925817 ], [ -96.27496812, 39.90674341 ], [ -96.28489818, 39.89655607 ], [ -96.30767019, 39.88696273 ], [ -96.34037229, 39.88482392 ], [ -96.37307439, 39.89222765 ], [ -96.38071214, 39.89655607 ], [ -96.40577649, 39.92052805 ], [ -96.4111379, 39.92925817 ], [ -96.42197129, 39.96196028 ] ] ] } },
{ "type": "Feature", "properties": { "Lower": 56.0 }, "geometry": { "type": "Polygon", "coordinates": [ [ [ -101.87118597, 40.12547074 ], [ -101.86811861, 40.15817284 ], [ -101.86702637, 40.16365774 ], [ -101.86165508, 40.19087492 ], [ -101.85235712, 40.22357703 ], [ -101.84054771, 40.25627913 ], [ -101.83432427, 40.27050579 ], [ -101.8255771, 40.28898122 ], [ -101.80162219, 40.32099664 ], [ -101.80045166, 40.32168332 ], [ -101.7689201, 40.32934044 ], [ -101.736218, 40.33091298 ], [ -101.7035159, 40.33018314 ], [ -101.6708138, 40.32752525 ], [ -101.63811171, 40.32491986 ], [ -101.6126018, 40.32168332 ], [ -101.60540961, 40.32092124 ], [ -101.57270751, 40.31501835 ], [ -101.54000543, 40.30611516 ], [ -101.50730334, 40.29444736 ], [ -101.49399929, 40.28898122 ], [ -101.47460124, 40.28251902 ], [ -101.44189914, 40.26925811 ], [ -101.41753966, 40.25627913 ], [ -101.40919704, 40.25256751 ], [ -101.37649495, 40.23592456 ], [ -101.35763888, 40.22357703 ], [ -101.34379285, 40.21620551 ], [ -101.31109075, 40.19658002 ], [ -101.30299725, 40.19087492 ], [ -101.27838867, 40.17586554 ], [ -101.25092727, 40.15817284 ], [ -101.24568658, 40.15112963 ], [ -101.22289468, 40.12547074 ], [ -101.24568658, 40.09827436 ], [ -101.25086458, 40.09276865 ], [ -101.27838867, 40.07445804 ], [ -101.30834183, 40.06006655 ], [ -101.31109075, 40.05915325 ], [ -101.34379285, 40.04983331 ], [ -101.37649495, 40.04277572 ], [ -101.40919704, 40.03700299 ], [ -101.44189914, 40.03180279 ], [ -101.46932169, 40.02736446 ], [ -101.47460124, 40.026579 ], [ -101.50730334, 40.0205685 ], [ -101.54000543, 40.01091541 ], [ -101.57270751, 39.99874921 ], [ -101.58423613, 39.99466236 ], [ -101.60540961, 39.98737155 ], [ -101.63811171, 39.98077922 ], [ -101.6708138, 39.97686981 ], [ -101.7035159, 39.97492883 ], [ -101.736218, 39.97562721 ], [ -101.7689201, 39.98019052 ], [ -101.80162219, 39.99075705 ], [ -101.80913304, 39.99466236 ], [ -101.83432427, 40.01387015 ], [ -101.84603486, 40.02736446 ], [ -101.86257414, 40.06006655 ], [ -101.86702637, 40.07831285 ], [ -101.86996792, 40.09276865 ], [ -101.87118597, 40.12547074 ] ], [ [ -101.80311404, 40.15817284 ], [ -101.80162219, 40.170335 ], [ -101.79897054, 40.19087492 ], [ -101.78989333, 40.22357703 ], [ -101.77657198, 40.25627913 ], [ -101.7689201, 40.26943704 ], [ -101.74900805, 40.28898122 ], [ -101.736218, 40.29336841 ], [ -101.7035159, 40.29729427 ], [ -101.6708138, 40.29704299 ], [ -101.63811171, 40.29426502 ], [ -101.60882977, 40.28898122 ], [ -101.60540961, 40.28834136 ], [ -101.57270751, 40.28115305 ], [ -101.54000543, 40.27060413 ], [ -101.50730334, 40.25764271 ], [ -101.50418588, 40.25627913 ], [ -101.47460124, 40.24449364 ], [ -101.44189914, 40.22893356 ], [ -101.43203095, 40.22357703 ], [ -101.40919704, 40.21107628 ], [ -101.37649495, 40.19247472 ], [ -101.37386725, 40.19087492 ], [ -101.34379285, 40.16842273 ], [ -101.32844976, 40.15817284 ], [ -101.31564837, 40.12547074 ], [ -101.34379285, 40.10318194 ], [ -101.3599422, 40.09276865 ], [ -101.37649495, 40.08590236 ], [ -101.40919704, 40.07513254 ], [ -101.44189914, 40.06674941 ], [ -101.47302051, 40.06006655 ], [ -101.47460124, 40.05978658 ], [ -101.50730334, 40.05411191 ], [ -101.54000543, 40.04534591 ], [ -101.57270751, 40.03277948 ], [ -101.59132528, 40.02736446 ], [ -101.60540961, 40.02347618 ], [ -101.63811171, 40.02044916 ], [ -101.6708138, 40.02176801 ], [ -101.7035159, 40.02714639 ], [ -101.70432892, 40.02736446 ], [ -101.736218, 40.03935095 ], [ -101.76826627, 40.06006655 ], [ -101.7689201, 40.06075386 ], [ -101.79161316, 40.09276865 ], [ -101.80150996, 40.12547074 ], [ -101.80162219, 40.12743848 ], [ -101.80311404, 40.15817284 ] ] ] } },
{ "type": "Feature", "properties": { "Lower": 56.0 }, "geometry": { "type": "Polygon", "coordinates": [ [ [ -95.63337674, 37.31309057 ], [ -95.62274358, 37.34579265 ], [ -95.6209262, 37.3511733 ], [ -95.61173474, 37.37849476 ], [ -95.59046847, 37.41119684 ], [ -95.58822411, 37.41305947 ], [ -95.55552201, 37.43764809 ], [ -95.54602161, 37.44389894 ], [ -95.52281991, 37.45506586 ], [ -95.49011781, 37.47044567 ], [ -95.47785638, 37.47660103 ], [ -95.45741574, 37.48637821 ], [ -95.42471364, 37.50342705 ], [ -95.41483459, 37.50930313 ], [ -95.39201154, 37.52657041 ], [ -95.37834303, 37.54200524 ], [ -95.35930944, 37.56425066 ], [ -95.34624111, 37.57470732 ], [ -95.32660735, 37.59151515 ], [ -95.30342196, 37.60740942 ], [ -95.29390525, 37.61601735 ], [ -95.26159258, 37.64011151 ], [ -95.26120315, 37.64051894 ], [ -95.22850105, 37.66730028 ], [ -95.21993683, 37.67281361 ], [ -95.19579897, 37.69103605 ], [ -95.17071747, 37.7055157 ], [ -95.16309688, 37.71040568 ], [ -95.13039478, 37.72716071 ], [ -95.10270632, 37.7382178 ], [ -95.09769268, 37.74038194 ], [ -95.06499058, 37.75226079 ], [ -95.03228849, 37.76198595 ], [ -94.99958639, 37.77017415 ], [ -94.99629238, 37.77091988 ], [ -94.96688429, 37.7781055 ], [ -94.93418221, 37.78509875 ], [ -94.90148012, 37.79135463 ], [ -94.86877802, 37.79703397 ], [ -94.83607592, 37.80230993 ], [ -94.82666363, 37.80362199 ], [ -94.80337382, 37.80717151 ], [ -94.77067173, 37.81110373 ], [ -94.73796963, 37.81414277 ], [ -94.70526753, 37.81637091 ], [ -94.69709002, 37.83632409 ], [ -94.69706847, 37.83632409 ], [ -94.69707173, 37.80362199 ], [ -94.6970753, 37.77091988 ], [ -94.70526753, 37.76272766 ], [ -94.72978099, 37.7382178 ], [ -94.72978506, 37.7055157 ], [ -94.72978927, 37.67281361 ], [ -94.73796963, 37.66463326 ], [ -94.76249541, 37.64011151 ], [ -94.77067173, 37.63417796 ], [ -94.80337382, 37.63158172 ], [ -94.83607592, 37.62837976 ], [ -94.86877802, 37.62450905 ], [ -94.90148012, 37.6199473 ], [ -94.93418221, 37.6146907 ], [ -94.96688429, 37.60868087 ], [ -94.97291415, 37.60740942 ], [ -94.99958639, 37.6019538 ], [ -95.03228849, 37.59454954 ], [ -95.06499058, 37.58640292 ], [ -95.09769268, 37.57748704 ], [ -95.10683971, 37.57470732 ], [ -95.13039478, 37.56791057 ], [ -95.16309688, 37.55769181 ], [ -95.19579897, 37.5467023 ], [ -95.20829701, 37.54200524 ], [ -95.22850105, 37.53494397 ], [ -95.26120315, 37.52231504 ], [ -95.29059252, 37.50930313 ], [ -95.29390525, 37.50794629 ], [ -95.32660735, 37.49085511 ], [ -95.34324443, 37.47660103 ], [ -95.35930944, 37.46352647 ], [ -95.39063988, 37.44389894 ], [ -95.39201154, 37.44311613 ], [ -95.42471364, 37.42321594 ], [ -95.44309076, 37.41119684 ], [ -95.45741574, 37.39927159 ], [ -95.4800468, 37.37849476 ], [ -95.49011781, 37.36421332 ], [ -95.50245875, 37.34579265 ], [ -95.50906728, 37.31309057 ], [ -95.49011781, 37.28749813 ], [ -95.48450823, 37.28038846 ], [ -95.45741574, 37.2557032 ], [ -95.44851457, 37.24768638 ], [ -95.42471364, 37.22864896 ], [ -95.40755277, 37.21498427 ], [ -95.39201154, 37.20343765 ], [ -95.36338262, 37.18228217 ], [ -95.35930944, 37.1793885 ], [ -95.32660735, 37.15663799 ], [ -95.31658738, 37.14958009 ], [ -95.29390525, 37.13352142 ], [ -95.26933261, 37.11687798 ], [ -95.26120315, 37.11075779 ], [ -95.22850105, 37.08855917 ], [ -95.22185527, 37.0841759 ], [ -95.19579897, 37.06530824 ], [ -95.17475632, 37.05147379 ], [ -95.16309688, 37.0428753 ], [ -95.13039478, 37.02082251 ], [ -95.12727484, 37.01877171 ], [ -95.09769268, 36.99757383 ], [ -95.08038334, 36.98606961 ], [ -95.06499058, 36.9750021 ], [ -95.03247179, 36.95336752 ], [ -95.05680619, 36.92066542 ], [ -95.06499058, 36.91248102 ], [ -95.08950212, 36.88796331 ], [ -95.08949938, 36.85526123 ], [ -95.09769268, 36.84706793 ], [ -95.12219795, 36.82255913 ], [ -95.13039478, 36.81436231 ], [ -95.15489756, 36.78985704 ], [ -95.1549191, 36.78985704 ], [ -95.1374861, 36.82255913 ], [ -95.16309688, 36.84002074 ], [ -95.18313392, 36.85526123 ], [ -95.19579897, 36.86466625 ], [ -95.22422685, 36.88796331 ], [ -95.22850105, 36.89136553 ], [ -95.26120315, 36.9198941 ], [ -95.26202896, 36.92066542 ], [ -95.29390525, 36.95003134 ], [ -95.29724142, 36.95336752 ], [ -95.32660735, 36.98233625 ], [ -95.33011552, 36.98606961 ], [ -95.35930944, 37.01652055 ], [ -95.36130904, 37.01877171 ], [ -95.39122991, 37.05147379 ], [ -95.39201154, 37.05226845 ], [ -95.42083121, 37.0841759 ], [ -95.42471364, 37.08810905 ], [ -95.45045431, 37.11687798 ], [ -95.45741574, 37.12382584 ], [ -95.48031829, 37.14958009 ], [ -95.49011781, 37.15861387 ], [ -95.51220121, 37.18228217 ], [ -95.52281991, 37.19013231 ], [ -95.55050407, 37.21498427 ], [ -95.55552201, 37.21880745 ], [ -95.58822411, 37.24355174 ], [ -95.59344317, 37.24768638 ], [ -95.6209262, 37.27353784 ], [ -95.62794345, 37.28038846 ], [ -95.63337674, 37.31309057 ] ] ] } },
{ "type": "Feature", "properties": { "Lower": 56.0 }, "geometry": { "type": "Polygon", "coordinates": [ [ [ -105.17811686, 39.7984498 ], [ -105.17811499, 39.83115188 ], [ -105.17811397, 39.86385398 ], [ -105.16993799, 39.89470011 ], [ -105.15934768, 39.89655607 ], [ -105.13723589, 39.90364718 ], [ -105.1045338, 39.91266249 ], [ -105.0718317, 39.9193284 ], [ -105.0391296, 39.924117 ], [ -105.0064275, 39.9273552 ], [ -104.98926033, 39.92925817 ], [ -104.97372542, 39.93327499 ], [ -104.94102333, 39.93630277 ], [ -104.90832123, 39.93972988 ], [ -104.87561913, 39.94210213 ], [ -104.84291703, 39.94366926 ], [ -104.81021494, 39.9443116 ], [ -104.77751284, 39.94481333 ], [ -104.74481074, 39.94426469 ], [ -104.71210866, 39.94438471 ], [ -104.67940657, 39.94514935 ], [ -104.64670447, 39.9465804 ], [ -104.61400237, 39.94879917 ], [ -104.58130027, 39.95447334 ], [ -104.5550732, 39.96196028 ], [ -104.54859818, 39.96432602 ], [ -104.51589608, 39.97827816 ], [ -104.48319398, 39.99242911 ], [ -104.47845077, 39.99466236 ], [ -104.4504919, 40.0100322 ], [ -104.4177898, 40.02503647 ], [ -104.41167361, 40.02736446 ], [ -104.38508771, 40.0399229 ], [ -104.35238561, 40.05089436 ], [ -104.31968351, 40.05083463 ], [ -104.28698141, 40.03597085 ], [ -104.27429908, 40.02736446 ], [ -104.25427932, 40.01501954 ], [ -104.22157722, 39.99499691 ], [ -104.22079723, 39.99466236 ], [ -104.18887514, 39.98161504 ], [ -104.15617304, 39.96763812 ], [ -104.14398416, 39.96196028 ], [ -104.12347095, 39.95265145 ], [ -104.09076885, 39.93476889 ], [ -104.08207937, 39.92925817 ], [ -104.05806675, 39.91412657 ], [ -104.03510108, 39.89655607 ], [ -104.02536465, 39.88899901 ], [ -103.99758007, 39.86385398 ], [ -103.99266256, 39.85924792 ], [ -103.96615683, 39.83115188 ], [ -103.95996046, 39.82422586 ], [ -103.93900827, 39.7984498 ], [ -103.92725838, 39.78293119 ], [ -103.91517966, 39.76574769 ], [ -103.89455628, 39.73361933 ], [ -103.89420567, 39.73304561 ], [ -103.87479919, 39.7003435 ], [ -103.86185419, 39.67572861 ], [ -103.85767639, 39.66764142 ], [ -103.84179175, 39.63493932 ], [ -103.82915209, 39.60505838 ], [ -103.82794423, 39.60223721 ], [ -103.81480896, 39.56953513 ], [ -103.80369685, 39.53683302 ], [ -103.79644999, 39.51158953 ], [ -103.79419745, 39.50413094 ], [ -103.78608015, 39.47142883 ], [ -103.78057162, 39.43872675 ], [ -103.77968583, 39.40602465 ], [ -103.78584827, 39.37332256 ], [ -103.79644999, 39.3529815 ], [ -103.80516321, 39.34062046 ], [ -103.82915209, 39.31947132 ], [ -103.8455036, 39.30791835 ], [ -103.86185419, 39.29806674 ], [ -103.89455628, 39.28062333 ], [ -103.90560207, 39.27521627 ], [ -103.92725838, 39.26513877 ], [ -103.95996046, 39.2508482 ], [ -103.98009955, 39.24251417 ], [ -103.99266256, 39.23742321 ], [ -104.02536465, 39.22469392 ], [ -104.05806675, 39.2126431 ], [ -104.06604448, 39.20981208 ], [ -104.09076885, 39.20109831 ], [ -104.12347095, 39.18995555 ], [ -104.15617304, 39.17888422 ], [ -104.16138182, 39.17710998 ], [ -104.18887514, 39.16750273 ], [ -104.22157722, 39.15615126 ], [ -104.25427932, 39.14486534 ], [ -104.25567058, 39.14440789 ], [ -104.28698141, 39.13295788 ], [ -104.31968351, 39.12182817 ], [ -104.35110714, 39.11170579 ], [ -104.35238561, 39.11122429 ], [ -104.38508771, 39.09951297 ], [ -104.4177898, 39.0884485 ], [ -104.44711576, 39.07900371 ], [ -104.4504919, 39.07776608 ], [ -104.48319398, 39.06615809 ], [ -104.51589608, 39.05507156 ], [ -104.54285862, 39.0463016 ], [ -104.54859818, 39.0442158 ], [ -104.58130027, 39.03260074 ], [ -104.61400237, 39.02144444 ], [ -104.63777021, 39.0135995 ], [ -104.64670447, 39.01035175 ], [ -104.67940657, 38.99864361 ], [ -104.71210866, 38.98740908 ], [ -104.73142255, 38.98089741 ], [ -104.74481074, 38.97597664 ], [ -104.77751284, 38.96421802 ], [ -104.81021494, 38.95283408 ], [ -104.82372869, 38.94819531 ], [ -104.84291703, 38.94109351 ], [ -104.85109333, 38.94819531 ], [ -104.85109735, 38.98089741 ], [ -104.87561913, 39.00541293 ], [ -104.88380572, 39.0135995 ], [ -104.88381101, 39.0463016 ], [ -104.90832123, 39.07080435 ], [ -104.90832123, 39.0708259 ], [ -104.87561913, 39.0770984 ], [ -104.87015132, 39.07900371 ], [ -104.84291703, 39.08860696 ], [ -104.81021494, 39.09973772 ], [ -104.77751284, 39.11048845 ], [ -104.7737168, 39.11170579 ], [ -104.74481074, 39.12105166 ], [ -104.71210866, 39.13129142 ], [ -104.67940657, 39.14121932 ], [ -104.66868203, 39.14440789 ], [ -104.64670447, 39.1509833 ], [ -104.61400237, 39.16049112 ], [ -104.58130027, 39.1697856 ], [ -104.55507598, 39.17710998 ], [ -104.54859818, 39.17892884 ], [ -104.51589608, 39.18798562 ], [ -104.48319398, 39.19692957 ], [ -104.4504919, 39.20581336 ], [ -104.43586783, 39.20981208 ], [ -104.4177898, 39.21477659 ], [ -104.38508771, 39.22385345 ], [ -104.35238561, 39.2329244 ], [ -104.31968351, 39.24215301 ], [ -104.31845988, 39.24251417 ], [ -104.28698141, 39.25178962 ], [ -104.25427932, 39.26203789 ], [ -104.22157722, 39.27298411 ], [ -104.21487531, 39.27521627 ], [ -104.18887514, 39.284013 ], [ -104.15617304, 39.29567004 ], [ -104.1238199, 39.30791835 ], [ -104.12347095, 39.30805617 ], [ -104.09076885, 39.32142229 ], [ -104.05806675, 39.33545244 ], [ -104.04651908, 39.34062046 ], [ -104.02536465, 39.35060732 ], [ -103.99266256, 39.36716851 ], [ -103.9814813, 39.37332256 ], [ -103.95996046, 39.38668195 ], [ -103.93366229, 39.40602465 ], [ -103.92725838, 39.41240012 ], [ -103.90750622, 39.43872675 ], [ -103.90022518, 39.47142883 ], [ -103.90399118, 39.50413094 ], [ -103.9135214, 39.53683302 ], [ -103.92699007, 39.56953513 ], [ -103.92725838, 39.57007408 ], [ -103.9432109, 39.60223721 ], [ -103.95996046, 39.63062247 ], [ -103.96252646, 39.63493932 ], [ -103.98442316, 39.66764142 ], [ -103.99266256, 39.67864177 ], [ -104.00940957, 39.7003435 ], [ -104.02536465, 39.71903688 ], [ -104.03777845, 39.73304561 ], [ -104.05806675, 39.75404772 ], [ -104.06980807, 39.76574769 ], [ -104.09076885, 39.78516586 ], [ -104.10560558, 39.7984498 ], [ -104.12347095, 39.8134633 ], [ -104.14489118, 39.83115188 ], [ -104.15617304, 39.83992942 ], [ -104.1866406, 39.86385398 ], [ -104.18887514, 39.86550142 ], [ -104.22157722, 39.89132393 ], [ -104.22871992, 39.89655607 ], [ -104.25427932, 39.91500704 ], [ -104.27687898, 39.92925817 ], [ -104.28698141, 39.93571851 ], [ -104.31968351, 39.95384118 ], [ -104.3387579, 39.96196028 ], [ -104.35238561, 39.9675179 ], [ -104.38508771, 39.97075299 ], [ -104.41507505, 39.96196028 ], [ -104.4177898, 39.96122789 ], [ -104.4504919, 39.94700487 ], [ -104.48319398, 39.93227034 ], [ -104.49027104, 39.92925817 ], [ -104.51589608, 39.91898709 ], [ -104.54859818, 39.90783973 ], [ -104.58130027, 39.89857977 ], [ -104.58992488, 39.89655607 ], [ -104.61400237, 39.88961107 ], [ -104.64670447, 39.87602807 ], [ -104.670537, 39.86385398 ], [ -104.67940657, 39.85921524 ], [ -104.71210866, 39.84370989 ], [ -104.73897822, 39.83115188 ], [ -104.74481074, 39.82863047 ], [ -104.77751284, 39.81508147 ], [ -104.81021494, 39.80157951 ], [ -104.81842673, 39.7984498 ], [ -104.84291703, 39.7899856 ], [ -104.87561913, 39.77922166 ], [ -104.90832123, 39.76825487 ], [ -104.91586171, 39.76574769 ], [ -104.94102333, 39.75824312 ], [ -104.97372542, 39.74824617 ], [ -105.0064275, 39.7374716 ], [ -105.01916472, 39.73304561 ], [ -105.0391296, 39.7268919 ], [ -105.0718317, 39.71630295 ], [ -105.1045338, 39.70458675 ], [ -105.11561838, 39.7003435 ], [ -105.11271929, 39.66764142 ], [ -105.11274082, 39.66764142 ], [ -105.13723589, 39.69214831 ], [ -105.14543109, 39.7003435 ], [ -105.14542427, 39.73304561 ], [ -105.1454192, 39.76574769 ], [ -105.16993799, 39.79027091 ], [ -105.17811686, 39.7984498 ] ] ] } },
{ "type": "Feature", "properties": { "Lower": 56.0 }, "geometry": { "type": "Polygon", "coordinates": [ [ [ -101.55710123, 39.37332256 ], [ -101.5503956, 39.40602465 ], [ -101.54000543, 39.42625578 ], [ -101.53437986, 39.43872675 ], [ -101.51031543, 39.47142883 ], [ -101.50730334, 39.4743785 ], [ -101.4783687, 39.50413094 ], [ -101.47460124, 39.50711078 ], [ -101.44189914, 39.53220503 ], [ -101.43545055, 39.53683302 ], [ -101.40919704, 39.55121642 ], [ -101.37649495, 39.56735577 ], [ -101.37202399, 39.56953513 ], [ -101.34379285, 39.58316884 ], [ -101.31109075, 39.60107968 ], [ -101.30913842, 39.60223721 ], [ -101.27838867, 39.62200624 ], [ -101.2592732, 39.63493932 ], [ -101.24568658, 39.64602134 ], [ -101.21926308, 39.66764142 ], [ -101.21298448, 39.67429791 ], [ -101.18819591, 39.7003435 ], [ -101.18028238, 39.71160427 ], [ -101.16435984, 39.73304561 ], [ -101.14758028, 39.7646466 ], [ -101.14691292, 39.76574769 ], [ -101.13109523, 39.7984498 ], [ -101.11843265, 39.83115188 ], [ -101.11487819, 39.84206073 ], [ -101.10594488, 39.86385398 ], [ -101.09163564, 39.89655607 ], [ -101.08217609, 39.91302652 ], [ -101.06835721, 39.92925817 ], [ -101.04947399, 39.9456236 ], [ -101.01677191, 39.9572754 ], [ -100.98406981, 39.9582871 ], [ -100.95136772, 39.95218606 ], [ -100.91866562, 39.94293367 ], [ -100.88596352, 39.93304519 ], [ -100.87496537, 39.92925817 ], [ -100.85326142, 39.92165412 ], [ -100.82055933, 39.90863472 ], [ -100.79541366, 39.89655607 ], [ -100.78785723, 39.89242414 ], [ -100.75515515, 39.87223775 ], [ -100.74323974, 39.86385398 ], [ -100.72245305, 39.84298895 ], [ -100.71103158, 39.83115188 ], [ -100.69250764, 39.7984498 ], [ -100.68975096, 39.76781472 ], [ -100.68955449, 39.76574769 ], [ -100.68975096, 39.7654482 ], [ -100.71548362, 39.73304561 ], [ -100.72245305, 39.72996086 ], [ -100.75515515, 39.71806171 ], [ -100.78785723, 39.70867552 ], [ -100.82055933, 39.70100102 ], [ -100.82387691, 39.7003435 ], [ -100.85326142, 39.69650312 ], [ -100.88596352, 39.69242516 ], [ -100.91866562, 39.68604997 ], [ -100.95136772, 39.67353038 ], [ -100.96175743, 39.66764142 ], [ -100.98406981, 39.65702224 ], [ -101.01677191, 39.63626941 ], [ -101.01835331, 39.63493932 ], [ -101.04947399, 39.61042367 ], [ -101.05588926, 39.60223721 ], [ -101.07964618, 39.56953513 ], [ -101.08217609, 39.56593003 ], [ -101.0959255, 39.53683302 ], [ -101.10711959, 39.50413094 ], [ -101.11487819, 39.47714787 ], [ -101.11654732, 39.47142883 ], [ -101.127898, 39.43872675 ], [ -101.14217057, 39.40602465 ], [ -101.14758028, 39.38577462 ], [ -101.15099996, 39.37332256 ], [ -101.14758028, 39.35611591 ], [ -101.14501596, 39.34062046 ], [ -101.1400847, 39.30791835 ], [ -101.13403901, 39.27521627 ], [ -101.12401793, 39.24251417 ], [ -101.11487819, 39.22503298 ], [ -101.10453541, 39.20981208 ], [ -101.08217609, 39.18759419 ], [ -101.07113313, 39.17710998 ], [ -101.04947399, 39.15930436 ], [ -101.03444181, 39.14440789 ], [ -101.01677191, 39.12726294 ], [ -100.99504227, 39.11170579 ], [ -100.98406981, 39.10128797 ], [ -100.95136772, 39.08292886 ], [ -100.91866562, 39.07947997 ], [ -100.88596352, 39.0920569 ], [ -100.85326142, 39.1039694 ], [ -100.82055933, 39.11114643 ], [ -100.81024587, 39.11170579 ], [ -100.78785723, 39.11279199 ], [ -100.76979035, 39.11170579 ], [ -100.75515515, 39.11004421 ], [ -100.72245305, 39.09961381 ], [ -100.69344634, 39.07900371 ], [ -100.68975096, 39.07144503 ], [ -100.68090023, 39.0463016 ], [ -100.68174707, 39.0135995 ], [ -100.68975096, 38.98251934 ], [ -100.690151, 38.98089741 ], [ -100.70420678, 38.94819531 ], [ -100.72196224, 38.91549323 ], [ -100.72245305, 38.91475934 ], [ -100.74405349, 38.88279112 ], [ -100.75515515, 38.86736894 ], [ -100.76839228, 38.85008904 ], [ -100.78785723, 38.82951675 ], [ -100.80539944, 38.81738693 ], [ -100.82055933, 38.81000544 ], [ -100.85326142, 38.80148155 ], [ -100.88596352, 38.79858607 ], [ -100.91866562, 38.80440626 ], [ -100.95038111, 38.81738693 ], [ -100.95136772, 38.81781496 ], [ -100.98406981, 38.83916451 ], [ -100.99570409, 38.85008904 ], [ -101.01677191, 38.86860396 ], [ -101.02841349, 38.88279112 ], [ -101.04947399, 38.90284334 ], [ -101.05989092, 38.91549323 ], [ -101.08217609, 38.93314422 ], [ -101.0973782, 38.94819531 ], [ -101.11487819, 38.95752731 ], [ -101.14758028, 38.97652441 ], [ -101.15438703, 38.98089741 ], [ -101.18028238, 38.99977048 ], [ -101.18965418, 39.0135995 ], [ -101.20367668, 39.0463016 ], [ -101.21298448, 39.06139724 ], [ -101.23714805, 39.07900371 ], [ -101.24568658, 39.08451268 ], [ -101.27838867, 39.10124995 ], [ -101.30012333, 39.11170579 ], [ -101.31109075, 39.11657423 ], [ -101.34379285, 39.12855461 ], [ -101.37649495, 39.14236837 ], [ -101.38062179, 39.14440789 ], [ -101.40919704, 39.15894615 ], [ -101.4360193, 39.17710998 ], [ -101.44189914, 39.18141177 ], [ -101.4738616, 39.20981208 ], [ -101.47460124, 39.21055171 ], [ -101.50249391, 39.24251417 ], [ -101.50730334, 39.24909164 ], [ -101.52511889, 39.27521627 ], [ -101.54000543, 39.30414533 ], [ -101.54193758, 39.30791835 ], [ -101.55390459, 39.34062046 ], [ -101.55710123, 39.37332256 ] ], [ [ -100.98638331, 39.7984498 ], [ -100.98406981, 39.80022623 ], [ -100.97800382, 39.7984498 ], [ -100.98406981, 39.77510374 ], [ -100.98638331, 39.7984498 ] ], [ [ -101.4840889, 39.37332256 ], [ -101.48072159, 39.40602465 ], [ -101.47460124, 39.42159775 ], [ -101.46800952, 39.43872675 ], [ -101.44586835, 39.47142883 ], [ -101.44189914, 39.47547585 ], [ -101.41233359, 39.50413094 ], [ -101.40919704, 39.50639767 ], [ -101.37649495, 39.52783137 ], [ -101.36037777, 39.53683302 ], [ -101.34379285, 39.54446788 ], [ -101.31109075, 39.56097569 ], [ -101.29575807, 39.56953513 ], [ -101.27838867, 39.57919011 ], [ -101.24568658, 39.59778165 ], [ -101.23642038, 39.60223721 ], [ -101.21298448, 39.61522868 ], [ -101.18028238, 39.63092868 ], [ -101.16767575, 39.63493932 ], [ -101.14758028, 39.64528017 ], [ -101.11487819, 39.65225411 ], [ -101.10635744, 39.63493932 ], [ -101.10916719, 39.60223721 ], [ -101.11462487, 39.56953513 ], [ -101.11487819, 39.56846758 ], [ -101.12234366, 39.53683302 ], [ -101.12887187, 39.50413094 ], [ -101.13493198, 39.47142883 ], [ -101.14193883, 39.43872675 ], [ -101.14758028, 39.42515748 ], [ -101.15664092, 39.40602465 ], [ -101.1638293, 39.37332256 ], [ -101.15861305, 39.34062046 ], [ -101.15391135, 39.30791835 ], [ -101.14837273, 39.27521627 ], [ -101.14758028, 39.27138018 ], [ -101.1426362, 39.24251417 ], [ -101.13192336, 39.20981208 ], [ -101.11487819, 39.18780103 ], [ -101.10407794, 39.17710998 ], [ -101.08217609, 39.16131694 ], [ -101.05994785, 39.14440789 ], [ -101.04947399, 39.13674113 ], [ -101.02341531, 39.11170579 ], [ -101.01677191, 39.10517053 ], [ -100.98918168, 39.07900371 ], [ -100.98406981, 39.07246856 ], [ -100.95926698, 39.0463016 ], [ -100.95136772, 39.02574183 ], [ -100.94235794, 39.0135995 ], [ -100.95136772, 39.00010121 ], [ -100.98406981, 38.98219803 ], [ -100.99335356, 38.98089741 ], [ -101.01677191, 38.9769718 ], [ -101.0458779, 38.98089741 ], [ -101.04947399, 38.98114264 ], [ -101.08217609, 38.98785607 ], [ -101.11487819, 38.99617889 ], [ -101.14758028, 39.01027675 ], [ -101.15141377, 39.0135995 ], [ -101.16424077, 39.0463016 ], [ -101.17223363, 39.07900371 ], [ -101.18028238, 39.10222234 ], [ -101.18761121, 39.11170579 ], [ -101.21298448, 39.13525763 ], [ -101.23040526, 39.14440789 ], [ -101.24568658, 39.15153783 ], [ -101.27838867, 39.16535761 ], [ -101.3048876, 39.17710998 ], [ -101.31109075, 39.17981308 ], [ -101.34379285, 39.19675375 ], [ -101.36438934, 39.20981208 ], [ -101.37649495, 39.21832887 ], [ -101.40662555, 39.24251417 ], [ -101.40919704, 39.24492189 ], [ -101.43909054, 39.27521627 ], [ -101.44189914, 39.27885803 ], [ -101.46299697, 39.30791835 ], [ -101.47460124, 39.33293124 ], [ -101.47808356, 39.34062046 ], [ -101.4840889, 39.37332256 ] ] ] } },
{ "type": "Feature", "properties": { "Lower": 56.0 }, "geometry": { "type": "Polygon", "coordinates": [ [ [ -98.68674645, 31.7537344 ], [ -98.6867249, 31.7537344 ], [ -98.68672633, 31.72103229 ], [ -98.69492314, 31.71283548 ], [ -98.71943075, 31.68833019 ], [ -98.72762524, 31.68013569 ], [ -98.75213538, 31.6556281 ], [ -98.7521372, 31.622926 ], [ -98.76032734, 31.61473586 ], [ -98.78484228, 31.59022392 ], [ -98.79302943, 31.58203676 ], [ -98.8175477, 31.55752181 ], [ -98.82573153, 31.54933798 ], [ -98.85025347, 31.52481973 ], [ -98.85025601, 31.49211762 ], [ -98.85843363, 31.48394 ], [ -98.89113573, 31.48569036 ], [ -98.90225762, 31.49211762 ], [ -98.9238378, 31.50454363 ], [ -98.9565399, 31.52280125 ], [ -98.96017824, 31.52481973 ], [ -98.989242, 31.54086001 ], [ -99.02020841, 31.55752181 ], [ -99.0219441, 31.55845249 ], [ -99.05464619, 31.57571098 ], [ -99.0835287, 31.59022392 ], [ -99.08734829, 31.5921337 ], [ -99.12005039, 31.60833198 ], [ -99.15063991, 31.622926 ], [ -99.15275249, 31.62392756 ], [ -99.18545457, 31.63949995 ], [ -99.21815666, 31.65475041 ], [ -99.22000599, 31.6556281 ], [ -99.25085876, 31.67018629 ], [ -99.28356086, 31.68554895 ], [ -99.28928969, 31.68833019 ], [ -99.31626296, 31.70133519 ], [ -99.34896505, 31.71732025 ], [ -99.35616232, 31.72103229 ], [ -99.38166715, 31.73404992 ], [ -99.41436925, 31.75129828 ], [ -99.41861411, 31.7537344 ], [ -99.44707133, 31.76984746 ], [ -99.47504861, 31.78643648 ], [ -99.47977342, 31.78921778 ], [ -99.51247552, 31.80913249 ], [ -99.52873054, 31.81913858 ], [ -99.54517762, 31.82934847 ], [ -99.57787972, 31.84993 ], [ -99.58084948, 31.85184067 ], [ -99.61058181, 31.87115597 ], [ -99.63058892, 31.88454277 ], [ -99.64328391, 31.89315215 ], [ -99.67598601, 31.91629656 ], [ -99.67724935, 31.91724486 ], [ -99.70868809, 31.94131873 ], [ -99.71905234, 31.94994696 ], [ -99.74139018, 31.96904823 ], [ -99.75552118, 31.98264904 ], [ -99.77409228, 32.00124517 ], [ -99.78608395, 32.01535115 ], [ -99.80679438, 32.04120958 ], [ -99.8112219, 32.04805323 ], [ -99.83079396, 32.08075534 ], [ -99.83949648, 32.0967357 ], [ -99.84682412, 32.11345744 ], [ -99.85991553, 32.14615952 ], [ -99.87188361, 32.17886163 ], [ -99.87219858, 32.17975828 ], [ -99.88299074, 32.21156371 ], [ -99.89307743, 32.24426582 ], [ -99.90169005, 32.2769679 ], [ -99.90490067, 32.29125963 ], [ -99.90868406, 32.30967 ], [ -99.91389313, 32.34237209 ], [ -99.91815877, 32.37507419 ], [ -99.92257842, 32.4077763 ], [ -99.92811147, 32.44047838 ], [ -99.93624794, 32.47318049 ], [ -99.93760277, 32.47721919 ], [ -99.95056845, 32.50588257 ], [ -99.96932223, 32.53858467 ], [ -99.97030487, 32.54006776 ], [ -99.99523665, 32.57128676 ], [ -100.00300695, 32.58014697 ], [ -100.02660856, 32.60398886 ], [ -100.03570904, 32.61269925 ], [ -100.06287439, 32.63669095 ], [ -100.06841114, 32.64139916 ], [ -100.10111324, 32.66656274 ], [ -100.10625425, 32.66939305 ], [ -100.13381534, 32.68463198 ], [ -100.16651743, 32.69784544 ], [ -100.18125767, 32.70209515 ], [ -100.19921953, 32.70728544 ], [ -100.23192163, 32.71389384 ], [ -100.26462371, 32.71826529 ], [ -100.2973258, 32.72075568 ], [ -100.3300279, 32.72158371 ], [ -100.36273, 32.72089922 ], [ -100.3954321, 32.71885477 ], [ -100.42813419, 32.71556257 ], [ -100.46083629, 32.71110274 ], [ -100.49353839, 32.70556462 ], [ -100.51086025, 32.70209515 ], [ -100.52624047, 32.69888109 ], [ -100.55894257, 32.69116913 ], [ -100.59164466, 32.68251095 ], [ -100.62434676, 32.67296544 ], [ -100.63566847, 32.66939305 ], [ -100.65704886, 32.66244439 ], [ -100.68975096, 32.65111241 ], [ -100.72245305, 32.63895174 ], [ -100.72823827, 32.63669095 ], [ -100.75515515, 32.62583891 ], [ -100.78785723, 32.61188784 ], [ -100.80544222, 32.60398886 ], [ -100.82055933, 32.59689487 ], [ -100.85326142, 32.5809326 ], [ -100.87233857, 32.57128676 ], [ -100.88596352, 32.56415735 ], [ -100.91866562, 32.54650653 ], [ -100.93295272, 32.53858467 ], [ -100.95136772, 32.52808803 ], [ -100.98406981, 32.50892441 ], [ -100.98913963, 32.50588257 ], [ -101.01677191, 32.48889572 ], [ -101.04191619, 32.47318049 ], [ -101.04947399, 32.468358 ], [ -101.08217609, 32.44720364 ], [ -101.09246793, 32.44047838 ], [ -101.11487819, 32.42561742 ], [ -101.14152686, 32.4077763 ], [ -101.14758028, 32.40366257 ], [ -101.18028238, 32.38132856 ], [ -101.18940088, 32.37507419 ], [ -101.21298448, 32.35868831 ], [ -101.23639477, 32.34237209 ], [ -101.24568658, 32.33582511 ], [ -101.27838867, 32.31268524 ], [ -101.28263949, 32.30967 ], [ -101.31109075, 32.2893567 ], [ -101.32838982, 32.2769679 ], [ -101.34379285, 32.26586418 ], [ -101.37649495, 32.26878994 ], [ -101.3846729, 32.2769679 ], [ -101.40919704, 32.30148803 ], [ -101.41737902, 32.30967 ], [ -101.41738138, 32.34237209 ], [ -101.44189914, 32.36688576 ], [ -101.45008756, 32.37507419 ], [ -101.47460124, 32.39958376 ], [ -101.48279376, 32.4077763 ], [ -101.50730334, 32.43228178 ], [ -101.51549994, 32.44047838 ], [ -101.54000543, 32.46497993 ], [ -101.54000543, 32.46500148 ], [ -101.50730334, 32.44706105 ], [ -101.47460124, 32.47073101 ], [ -101.47120526, 32.47318049 ], [ -101.44189914, 32.49427327 ], [ -101.42557652, 32.50588257 ], [ -101.40919704, 32.51750782 ], [ -101.37905101, 32.53858467 ], [ -101.37649495, 32.54036422 ], [ -101.34379285, 32.56285754 ], [ -101.33135723, 32.57128676 ], [ -101.31109075, 32.58496668 ], [ -101.28237835, 32.60398886 ], [ -101.27838867, 32.60662655 ], [ -101.24568658, 32.62784952 ], [ -101.23173976, 32.63669095 ], [ -101.21298448, 32.64858088 ], [ -101.18028238, 32.66878737 ], [ -101.17927897, 32.66939305 ], [ -101.14758028, 32.68852685 ], [ -101.12432737, 32.70209515 ], [ -101.11487819, 32.70760884 ], [ -101.08217609, 32.72612345 ], [ -101.06633161, 32.73479724 ], [ -101.04947399, 32.74400741 ], [ -101.01677191, 32.76108536 ], [ -101.00389401, 32.76749934 ], [ -100.98406981, 32.77735386 ], [ -100.95136772, 32.79280432 ], [ -100.93477919, 32.80020143 ], [ -100.91866562, 32.80735958 ], [ -100.88596352, 32.82099918 ], [ -100.85540903, 32.83290353 ], [ -100.85326142, 32.83373716 ], [ -100.82055933, 32.84564159 ], [ -100.78785723, 32.85652261 ], [ -100.75779259, 32.86560561 ], [ -100.75515515, 32.86639684 ], [ -100.72245305, 32.87539351 ], [ -100.68975096, 32.88328291 ], [ -100.65704886, 32.89014771 ], [ -100.62434676, 32.89590927 ], [ -100.60792281, 32.89830772 ], [ -100.59164466, 32.90070002 ], [ -100.55894257, 32.90440985 ], [ -100.52624047, 32.90703132 ], [ -100.49353839, 32.90837848 ], [ -100.46083629, 32.90854376 ], [ -100.42813419, 32.90748031 ], [ -100.3954321, 32.90510076 ], [ -100.36273, 32.90140562 ], [ -100.34278591, 32.89830772 ], [ -100.3300279, 32.89642739 ], [ -100.2973258, 32.88998953 ], [ -100.26462371, 32.88191184 ], [ -100.23192163, 32.87195185 ], [ -100.21516385, 32.86560561 ], [ -100.19921953, 32.85980317 ], [ -100.16651743, 32.84500603 ], [ -100.14512024, 32.83290353 ], [ -100.13381534, 32.82675933 ], [ -100.10111324, 32.80421597 ], [ -100.09576222, 32.80020143 ], [ -100.06841114, 32.77966186 ], [ -100.05296667, 32.76749934 ], [ -100.03570904, 32.75379021 ], [ -100.01307115, 32.73479724 ], [ -100.00300695, 32.72620346 ], [ -99.97671873, 32.70209515 ], [ -99.97030487, 32.69599641 ], [ -99.94502143, 32.66939305 ], [ -99.93760277, 32.66103997 ], [ -99.91899967, 32.63669095 ], [ -99.90490067, 32.61555125 ], [ -99.89865729, 32.60398886 ], [ -99.88432897, 32.57128676 ], [ -99.87400581, 32.53858467 ], [ -99.87219858, 32.53079317 ], [ -99.86671954, 32.50588257 ], [ -99.86100361, 32.47318049 ], [ -99.85569224, 32.44047838 ], [ -99.85010725, 32.4077763 ], [ -99.84370795, 32.37507419 ], [ -99.83949648, 32.3569607 ], [ -99.83549484, 32.34237209 ], [ -99.82478621, 32.30967 ], [ -99.81276368, 32.2769679 ], [ -99.80679438, 32.2620343 ], [ -99.79703111, 32.24426582 ], [ -99.7777575, 32.21156371 ], [ -99.77409228, 32.20567277 ], [ -99.7526027, 32.17886163 ], [ -99.74139018, 32.16532104 ], [ -99.72237372, 32.14615952 ], [ -99.70868809, 32.13265801 ], [ -99.68654132, 32.11345744 ], [ -99.67598601, 32.10448079 ], [ -99.64562804, 32.08075534 ], [ -99.64328391, 32.07896017 ], [ -99.61058181, 32.05548216 ], [ -99.5996246, 32.04805323 ], [ -99.57787972, 32.03343998 ], [ -99.54752432, 32.01535115 ], [ -99.54517762, 32.01393198 ], [ -99.51247552, 31.99765498 ], [ -99.47977342, 31.98309719 ], [ -99.4786492, 31.98264904 ], [ -99.44707133, 31.970034 ], [ -99.41436925, 31.95831989 ], [ -99.38824559, 31.94994696 ], [ -99.38166715, 31.94784616 ], [ -99.34896505, 31.93869444 ], [ -99.31626296, 31.92998942 ], [ -99.28356086, 31.921661 ], [ -99.26570512, 31.91724486 ], [ -99.25085876, 31.91361213 ], [ -99.21815666, 31.90574777 ], [ -99.18545457, 31.89777465 ], [ -99.15275249, 31.88949091 ], [ -99.13356049, 31.88454277 ], [ -99.12005039, 31.88109275 ], [ -99.08734829, 31.8724351 ], [ -99.05464619, 31.86325634 ], [ -99.0219441, 31.8534841 ], [ -99.01669094, 31.85184067 ], [ -98.989242, 31.84329893 ], [ -98.9565399, 31.83260159 ], [ -98.9238378, 31.82129892 ], [ -98.91767831, 31.81913858 ], [ -98.89113573, 31.80982944 ], [ -98.85843363, 31.79767869 ], [ -98.82980767, 31.78643648 ], [ -98.82573153, 31.78483561 ], [ -98.79302943, 31.77167301 ], [ -98.76032734, 31.75751454 ], [ -98.75196094, 31.7537344 ], [ -98.72762524, 31.74273891 ], [ -98.69492314, 31.72695433 ], [ -98.68674645, 31.7537344 ] ] ] } },
{ "type": "Feature", "properties": { "Lower": 56.0 }, "geometry": { "type": "Polygon", "coordinates": [ [ [ -98.56145423, 37.64011151 ], [ -98.55846007, 37.67281361 ], [ -98.55122623, 37.7055157 ], [ -98.53896358, 37.7382178 ], [ -98.53141267, 37.75359242 ], [ -98.52137723, 37.77091988 ], [ -98.49907011, 37.80362199 ], [ -98.49871058, 37.80415766 ], [ -98.47050275, 37.83632409 ], [ -98.46600848, 37.84161812 ], [ -98.43398608, 37.86902618 ], [ -98.43330638, 37.86967369 ], [ -98.40060428, 37.89289353 ], [ -98.38266286, 37.90172828 ], [ -98.3679022, 37.91041849 ], [ -98.33520011, 37.92730918 ], [ -98.32130669, 37.93443036 ], [ -98.30249801, 37.94721432 ], [ -98.27353499, 37.96713247 ], [ -98.26979591, 37.97113188 ], [ -98.24536831, 37.99983455 ], [ -98.23709381, 38.01914205 ], [ -98.23175866, 38.03253666 ], [ -98.22865634, 38.06523874 ], [ -98.23459161, 38.09794084 ], [ -98.23709381, 38.10366787 ], [ -98.25200835, 38.13064295 ], [ -98.26979591, 38.15434378 ], [ -98.27698158, 38.16334503 ], [ -98.30204933, 38.19604714 ], [ -98.30249801, 38.19674453 ], [ -98.31788823, 38.22874922 ], [ -98.32513569, 38.26145132 ], [ -98.32527555, 38.29415341 ], [ -98.31848386, 38.32685551 ], [ -98.30629421, 38.3595576 ], [ -98.30249801, 38.3676087 ], [ -98.28901122, 38.3922597 ], [ -98.26979591, 38.4183255 ], [ -98.26364249, 38.42496181 ], [ -98.23709381, 38.44653252 ], [ -98.22194484, 38.45766389 ], [ -98.20439172, 38.46869795 ], [ -98.17533336, 38.49036599 ], [ -98.17168962, 38.49278264 ], [ -98.13898752, 38.51673459 ], [ -98.13159151, 38.52306808 ], [ -98.10628544, 38.54328641 ], [ -98.0941833, 38.55577018 ], [ -98.07358335, 38.57613664 ], [ -98.06433453, 38.58847227 ], [ -98.04088125, 38.61928735 ], [ -98.03983088, 38.62117437 ], [ -98.02070337, 38.65387645 ], [ -98.00817915, 38.67559043 ], [ -98.00338015, 38.68657856 ], [ -97.98886131, 38.71928066 ], [ -97.97547705, 38.75040158 ], [ -97.97492986, 38.75198275 ], [ -97.96279647, 38.78468485 ], [ -97.9498276, 38.81738693 ], [ -97.94277496, 38.83230838 ], [ -97.93493707, 38.85008904 ], [ -97.91816618, 38.88279112 ], [ -97.91007286, 38.89627599 ], [ -97.89844633, 38.91549323 ], [ -97.87737076, 38.94287354 ], [ -97.87312256, 38.94819531 ], [ -97.84466868, 38.97442866 ], [ -97.83674133, 38.98089741 ], [ -97.81196658, 38.99610297 ], [ -97.77926449, 39.01276886 ], [ -97.77737658, 39.0135995 ], [ -97.74656239, 39.02778028 ], [ -97.71386029, 39.03974945 ], [ -97.69078701, 39.0463016 ], [ -97.68115819, 39.04952233 ], [ -97.6484561, 39.05756742 ], [ -97.615754, 39.0629571 ], [ -97.58305192, 39.06487494 ], [ -97.55034982, 39.06300926 ], [ -97.51764773, 39.05695027 ], [ -97.49427297, 39.0463016 ], [ -97.48494563, 39.03973013 ], [ -97.45986318, 39.0135995 ], [ -97.45224353, 39.0040043 ], [ -97.4322323, 38.98089741 ], [ -97.41954143, 38.96464647 ], [ -97.40563952, 38.94819531 ], [ -97.38683934, 38.9230913 ], [ -97.38070698, 38.91549323 ], [ -97.35787772, 38.88279112 ], [ -97.35413724, 38.87641754 ], [ -97.33751271, 38.85008904 ], [ -97.32172172, 38.81738693 ], [ -97.32143516, 38.81656987 ], [ -97.30883494, 38.78468485 ], [ -97.30010258, 38.75198275 ], [ -97.29505829, 38.71928066 ], [ -97.29330896, 38.68657856 ], [ -97.29450791, 38.65387645 ], [ -97.29818155, 38.62117437 ], [ -97.30384982, 38.58847227 ], [ -97.31086574, 38.55577018 ], [ -97.31844816, 38.52306808 ], [ -97.32143516, 38.50963275 ], [ -97.32438072, 38.49036599 ], [ -97.32799353, 38.45766389 ], [ -97.32953949, 38.42496181 ], [ -97.32827625, 38.3922597 ], [ -97.32477208, 38.3595576 ], [ -97.33713619, 38.32685551 ], [ -97.35413724, 38.29515055 ], [ -97.35507835, 38.29415341 ], [ -97.38683934, 38.27032444 ], [ -97.41954143, 38.26689597 ], [ -97.45224353, 38.26863271 ], [ -97.48494563, 38.27490456 ], [ -97.51764773, 38.28932912 ], [ -97.53317986, 38.29415341 ], [ -97.55034982, 38.29997608 ], [ -97.58305192, 38.30577342 ], [ -97.615754, 38.30797331 ], [ -97.6484561, 38.30660715 ], [ -97.68115819, 38.30187013 ], [ -97.71327071, 38.29415341 ], [ -97.71386029, 38.29395086 ], [ -97.74656239, 38.28020716 ], [ -97.77926449, 38.2626242 ], [ -97.78130159, 38.26145132 ], [ -97.81196658, 38.2292202 ], [ -97.81237899, 38.22874922 ], [ -97.82236161, 38.19604714 ], [ -97.81735972, 38.16334503 ], [ -97.81196658, 38.15343805 ], [ -97.80090529, 38.13064295 ], [ -97.77926449, 38.10735214 ], [ -97.77048881, 38.09794084 ], [ -97.74656239, 38.08350636 ], [ -97.71386029, 38.06789426 ], [ -97.70684154, 38.06523874 ], [ -97.68115819, 38.05483532 ], [ -97.6484561, 38.04434498 ], [ -97.615754, 38.03719487 ], [ -97.58305192, 38.0333202 ], [ -97.56670454, 38.03253666 ], [ -97.55034982, 38.02884042 ], [ -97.51764773, 38.02193858 ], [ -97.50287196, 37.99983455 ], [ -97.51764773, 37.99106284 ], [ -97.53546834, 37.96713247 ], [ -97.55034982, 37.95350726 ], [ -97.56463435, 37.93443036 ], [ -97.58305192, 37.9158622 ], [ -97.59466253, 37.90172828 ], [ -97.615754, 37.88211138 ], [ -97.62912306, 37.86902618 ], [ -97.6484561, 37.85360692 ], [ -97.66907375, 37.83632409 ], [ -97.68115819, 37.8267403 ], [ -97.7082993, 37.80362199 ], [ -97.71386029, 37.79894822 ], [ -97.74656239, 37.77124653 ], [ -97.74696053, 37.77091988 ], [ -97.77926449, 37.74540981 ], [ -97.78771212, 37.7382178 ], [ -97.81196658, 37.7179978 ], [ -97.82462419, 37.7055157 ], [ -97.84466868, 37.68615166 ], [ -97.85646236, 37.67281361 ], [ -97.87737076, 37.6489826 ], [ -97.88391851, 37.64011151 ], [ -97.90793433, 37.60740942 ], [ -97.91007286, 37.60458953 ], [ -97.92841041, 37.57470732 ], [ -97.94277496, 37.55180527 ], [ -97.94778321, 37.54200524 ], [ -97.9669779, 37.50930313 ], [ -97.97547705, 37.4970351 ], [ -97.98794913, 37.47660103 ], [ -98.00817915, 37.44918127 ], [ -98.01167575, 37.44389894 ], [ -98.03634005, 37.41119684 ], [ -98.04088125, 37.40550859 ], [ -98.05842916, 37.37849476 ], [ -98.07232887, 37.34579265 ], [ -98.07144041, 37.31309057 ], [ -98.0570503, 37.28038846 ], [ -98.04088125, 37.2507585 ], [ -98.0381272, 37.24768638 ], [ -98.00817915, 37.21813064 ], [ -97.97547705, 37.21878192 ], [ -97.94277496, 37.23253215 ], [ -97.91413186, 37.24768638 ], [ -97.91007286, 37.24981172 ], [ -97.87737076, 37.26694444 ], [ -97.85048272, 37.28038846 ], [ -97.84466868, 37.28363224 ], [ -97.81196658, 37.2996416 ], [ -97.77926449, 37.31062554 ], [ -97.77153445, 37.31309057 ], [ -97.74656239, 37.32243694 ], [ -97.71386029, 37.33065086 ], [ -97.68115819, 37.3356277 ], [ -97.6484561, 37.34101337 ], [ -97.615754, 37.34524227 ], [ -97.61191462, 37.34579265 ], [ -97.58305192, 37.3507318 ], [ -97.55034982, 37.3587647 ], [ -97.51764773, 37.36980177 ], [ -97.49843515, 37.37849476 ], [ -97.48494563, 37.38739763 ], [ -97.45224353, 37.40962645 ], [ -97.45004282, 37.41119684 ], [ -97.41954143, 37.43827541 ], [ -97.41290639, 37.44389894 ], [ -97.38683934, 37.46640737 ], [ -97.37239461, 37.47660103 ], [ -97.35413724, 37.48857051 ], [ -97.32143516, 37.49905293 ], [ -97.28873306, 37.50215537 ], [ -97.25603097, 37.50134656 ], [ -97.22332887, 37.49536942 ], [ -97.19062677, 37.48532185 ], [ -97.16871477, 37.47660103 ], [ -97.15792467, 37.4710894 ], [ -97.12522257, 37.45227488 ], [ -97.11261786, 37.44389894 ], [ -97.09252048, 37.42370302 ], [ -97.08152275, 37.41119684 ], [ -97.0684383, 37.37849476 ], [ -97.0675205, 37.34579265 ], [ -97.07479886, 37.31309057 ], [ -97.08809228, 37.28038846 ], [ -97.09252048, 37.27286204 ], [ -97.10605445, 37.24768638 ], [ -97.12053339, 37.21498427 ], [ -97.12522257, 37.19927344 ], [ -97.13022165, 37.18228217 ], [ -97.13415377, 37.14958009 ], [ -97.13123426, 37.11687798 ], [ -97.12522257, 37.10047093 ], [ -97.12036818, 37.0841759 ], [ -97.12522257, 37.0688823 ], [ -97.13238779, 37.05147379 ], [ -97.1513703, 37.01877171 ], [ -97.15792467, 37.00902269 ], [ -97.18431757, 36.98606961 ], [ -97.19062677, 36.98036423 ], [ -97.22332887, 36.95939243 ], [ -97.23542654, 36.95336752 ], [ -97.25603097, 36.94339937 ], [ -97.28873306, 36.93173239 ], [ -97.32143516, 36.92323346 ], [ -97.33601587, 36.92066542 ], [ -97.35413724, 36.91775952 ], [ -97.38683934, 36.91464077 ], [ -97.41954143, 36.9132935 ], [ -97.45224353, 36.91247723 ], [ -97.48494563, 36.91199788 ], [ -97.51764773, 36.91233881 ], [ -97.55034982, 36.91392814 ], [ -97.58305192, 36.91723513 ], [ -97.60399392, 36.92066542 ], [ -97.615754, 36.92251893 ], [ -97.6484561, 36.92992547 ], [ -97.68115819, 36.94004663 ], [ -97.7136838, 36.95336752 ], [ -97.71386029, 36.95343615 ], [ -97.74656239, 36.96868726 ], [ -97.77746309, 36.98606961 ], [ -97.77926449, 36.98698326 ], [ -97.81196658, 37.00508163 ], [ -97.83638649, 37.01877171 ], [ -97.84466868, 37.02303659 ], [ -97.87737076, 37.04018098 ], [ -97.90864763, 37.05147379 ], [ -97.91007286, 37.05195835 ], [ -97.92052754, 37.05147379 ], [ -97.94277496, 37.05057777 ], [ -97.97547705, 37.03972504 ], [ -98.00817915, 37.02959588 ], [ -98.04088125, 37.03853607 ], [ -98.07358335, 37.04204882 ], [ -98.10628544, 37.03951012 ], [ -98.13898752, 37.03150399 ], [ -98.17168962, 37.02161111 ], [ -98.18304715, 37.01877171 ], [ -98.20439172, 37.01254916 ], [ -98.23709381, 37.00685494 ], [ -98.26979591, 37.00651786 ], [ -98.30249801, 37.01375824 ], [ -98.31257129, 37.01877171 ], [ -98.33520011, 37.03053616 ], [ -98.35820472, 37.05147379 ], [ -98.3679022, 37.06105575 ], [ -98.38491603, 37.0841759 ], [ -98.40060428, 37.10819527 ], [ -98.40540922, 37.11687798 ], [ -98.42243312, 37.14958009 ], [ -98.43330638, 37.17258738 ], [ -98.43770196, 37.18228217 ], [ -98.45174112, 37.21498427 ], [ -98.4642308, 37.24768638 ], [ -98.46600848, 37.25219291 ], [ -98.47706649, 37.28038846 ], [ -98.48897038, 37.31309057 ], [ -98.49871058, 37.34065628 ], [ -98.50056178, 37.34579265 ], [ -98.51258402, 37.37849476 ], [ -98.52378414, 37.41119684 ], [ -98.53141267, 37.43546579 ], [ -98.53417176, 37.44389894 ], [ -98.54324712, 37.47660103 ], [ -98.54810698, 37.50930313 ], [ -98.55336993, 37.54200524 ], [ -98.55801203, 37.57470732 ], [ -98.56101127, 37.60740942 ], [ -98.56145423, 37.64011151 ] ], [ [ -97.95975846, 38.55577018 ], [ -97.95786319, 38.58847227 ], [ -97.95392777, 38.62117437 ], [ -97.94857767, 38.65387645 ], [ -97.94277496, 38.68342504 ], [ -97.94228073, 38.68657856 ], [ -97.93584808, 38.71928066 ], [ -97.92872727, 38.75198275 ], [ -97.92050078, 38.78468485 ], [ -97.91013861, 38.81738693 ], [ -97.91007286, 38.81753735 ], [ -97.89617165, 38.85008904 ], [ -97.87835256, 38.88279112 ], [ -97.87737076, 38.88435282 ], [ -97.85724692, 38.91549323 ], [ -97.84466868, 38.93098306 ], [ -97.82975594, 38.94819531 ], [ -97.81196658, 38.96303952 ], [ -97.78562199, 38.98089741 ], [ -97.77926449, 38.9843007 ], [ -97.74656239, 38.99895611 ], [ -97.71386029, 39.01029831 ], [ -97.70105137, 39.0135995 ], [ -97.68115819, 39.01902337 ], [ -97.6484561, 39.02634204 ], [ -97.615754, 39.03237385 ], [ -97.58305192, 39.03589185 ], [ -97.55034982, 39.03454639 ], [ -97.51764773, 39.0233453 ], [ -97.50498624, 39.0135995 ], [ -97.48494563, 38.99048741 ], [ -97.47727654, 38.98089741 ], [ -97.45352765, 38.94819531 ], [ -97.45224353, 38.94625614 ], [ -97.43039355, 38.91549323 ], [ -97.41954143, 38.89833405 ], [ -97.40912564, 38.88279112 ], [ -97.39040108, 38.85008904 ], [ -97.38683934, 38.84256182 ], [ -97.37447948, 38.81738693 ], [ -97.36258397, 38.78468485 ], [ -97.3547643, 38.75198275 ], [ -97.35413724, 38.74735096 ], [ -97.35007504, 38.71928066 ], [ -97.34859247, 38.68657856 ], [ -97.34981835, 38.65387645 ], [ -97.35306975, 38.62117437 ], [ -97.35413724, 38.61340721 ], [ -97.35708703, 38.58847227 ], [ -97.36113439, 38.55577018 ], [ -97.36454825, 38.52306808 ], [ -97.36663127, 38.49036599 ], [ -97.36678024, 38.45766389 ], [ -97.36437758, 38.42496181 ], [ -97.35793855, 38.3922597 ], [ -97.35514846, 38.3595576 ], [ -97.37719205, 38.32685551 ], [ -97.38683934, 38.31683576 ], [ -97.41954143, 38.30406394 ], [ -97.45224353, 38.3044619 ], [ -97.48494563, 38.31918006 ], [ -97.49839743, 38.32685551 ], [ -97.51764773, 38.33927645 ], [ -97.55034982, 38.35387849 ], [ -97.57045617, 38.3595576 ], [ -97.58305192, 38.36327082 ], [ -97.615754, 38.36878566 ], [ -97.6484561, 38.37144896 ], [ -97.68115819, 38.37206997 ], [ -97.71386029, 38.37151883 ], [ -97.74656239, 38.3709803 ], [ -97.77926449, 38.37167137 ], [ -97.81196658, 38.37445909 ], [ -97.84466868, 38.38054655 ], [ -97.87737076, 38.39188714 ], [ -97.87817137, 38.3922597 ], [ -97.91007286, 38.41192345 ], [ -97.92407543, 38.42496181 ], [ -97.94277496, 38.45343739 ], [ -97.94491399, 38.45766389 ], [ -97.95498122, 38.49036599 ], [ -97.9591459, 38.52306808 ], [ -97.95975846, 38.55577018 ] ], [ [ -98.53125006, 37.60740942 ], [ -98.52871442, 37.64011151 ], [ -98.52102595, 37.67281361 ], [ -98.50708025, 37.7055157 ], [ -98.49871058, 37.71997695 ], [ -98.48466515, 37.7382178 ], [ -98.46600848, 37.75934849 ], [ -98.45265347, 37.77091988 ], [ -98.43330638, 37.78742603 ], [ -98.40830367, 37.80362199 ], [ -98.40060428, 37.80883723 ], [ -98.3679022, 37.82636991 ], [ -98.34405397, 37.83632409 ], [ -98.33520011, 37.84040718 ], [ -98.30249801, 37.85330802 ], [ -98.26979591, 37.86469355 ], [ -98.25547664, 37.86902618 ], [ -98.23709381, 37.87604794 ], [ -98.20439172, 37.88685417 ], [ -98.17168962, 37.89661588 ], [ -98.15206916, 37.90172828 ], [ -98.13898752, 37.90659554 ], [ -98.10628544, 37.91700484 ], [ -98.07358335, 37.92691571 ], [ -98.04685229, 37.93443036 ], [ -98.04088125, 37.93711002 ], [ -98.00817915, 37.94789185 ], [ -97.97547705, 37.95821966 ], [ -97.94703081, 37.96713247 ], [ -97.94277496, 37.9696226 ], [ -97.92579112, 37.96713247 ], [ -97.91007286, 37.9546044 ], [ -97.90751761, 37.93443036 ], [ -97.91007286, 37.92717934 ], [ -97.91684761, 37.90172828 ], [ -97.9255777, 37.86902618 ], [ -97.93308995, 37.83632409 ], [ -97.94005239, 37.80362199 ], [ -97.94277496, 37.79283797 ], [ -97.94653068, 37.77091988 ], [ -97.95276505, 37.7382178 ], [ -97.95930989, 37.7055157 ], [ -97.96639965, 37.67281361 ], [ -97.97424731, 37.64011151 ], [ -97.97547705, 37.63611832 ], [ -97.98235176, 37.60740942 ], [ -97.99207195, 37.57470732 ], [ -98.00422737, 37.54200524 ], [ -98.00817915, 37.53383721 ], [ -98.01850332, 37.50930313 ], [ -98.03581954, 37.47660103 ], [ -98.04088125, 37.46903046 ], [ -98.05569395, 37.44389894 ], [ -98.07358335, 37.41861621 ], [ -98.07806055, 37.41119684 ], [ -98.09368733, 37.37849476 ], [ -98.09854762, 37.34579265 ], [ -98.09354565, 37.31309057 ], [ -98.0799926, 37.28038846 ], [ -98.07358335, 37.26656132 ], [ -98.06260938, 37.24768638 ], [ -98.04498923, 37.21498427 ], [ -98.04088125, 37.20637705 ], [ -98.01743232, 37.18228217 ], [ -98.00817915, 37.17145781 ], [ -97.97547705, 37.18204983 ], [ -97.97509711, 37.18228217 ], [ -97.94277496, 37.19443111 ], [ -97.91361645, 37.21498427 ], [ -97.91007286, 37.21683634 ], [ -97.87737076, 37.23861981 ], [ -97.86626814, 37.24768638 ], [ -97.84466868, 37.25959302 ], [ -97.81196658, 37.27827421 ], [ -97.80853522, 37.28038846 ], [ -97.77926449, 37.29364774 ], [ -97.74656239, 37.30499289 ], [ -97.72365998, 37.31309057 ], [ -97.71386029, 37.3163415 ], [ -97.68115819, 37.32341649 ], [ -97.6484561, 37.32793227 ], [ -97.615754, 37.33205448 ], [ -97.58305192, 37.33689016 ], [ -97.55034982, 37.34234574 ], [ -97.53286095, 37.34579265 ], [ -97.51764773, 37.3496613 ], [ -97.48494563, 37.35998728 ], [ -97.45224353, 37.37517992 ], [ -97.44589732, 37.37849476 ], [ -97.41954143, 37.39504423 ], [ -97.39692341, 37.41119684 ], [ -97.38683934, 37.41944281 ], [ -97.35420832, 37.44389894 ], [ -97.35413724, 37.4439476 ], [ -97.32143516, 37.45534639 ], [ -97.28873306, 37.45846571 ], [ -97.25603097, 37.45609852 ], [ -97.22332887, 37.44619684 ], [ -97.21810213, 37.44389894 ], [ -97.19062677, 37.42696824 ], [ -97.16965114, 37.41119684 ], [ -97.15792467, 37.3975242 ], [ -97.1445862, 37.37849476 ], [ -97.13420256, 37.34579265 ], [ -97.13424155, 37.31309057 ], [ -97.14260296, 37.28038846 ], [ -97.15488459, 37.24768638 ], [ -97.15792467, 37.23782065 ], [ -97.16655543, 37.21498427 ], [ -97.17549812, 37.18228217 ], [ -97.18054896, 37.14958009 ], [ -97.18268536, 37.11687798 ], [ -97.18180592, 37.0841759 ], [ -97.19062677, 37.07265804 ], [ -97.21321287, 37.05147379 ], [ -97.22332887, 37.04704532 ], [ -97.25603097, 37.03033888 ], [ -97.27742557, 37.01877171 ], [ -97.28873306, 37.01472539 ], [ -97.32143516, 37.00182548 ], [ -97.35413724, 36.98991399 ], [ -97.36553829, 36.98606961 ], [ -97.38683934, 36.98030097 ], [ -97.41954143, 36.97283828 ], [ -97.45224353, 36.96748732 ], [ -97.48494563, 36.96425746 ], [ -97.51764773, 36.96296177 ], [ -97.55034982, 36.96378706 ], [ -97.58305192, 36.9669111 ], [ -97.615754, 36.97238855 ], [ -97.6484561, 36.98030438 ], [ -97.66643708, 36.98606961 ], [ -97.68115819, 36.99060412 ], [ -97.71386029, 37.00288244 ], [ -97.74656239, 37.0174041 ], [ -97.74925444, 37.01877171 ], [ -97.77926449, 37.03257436 ], [ -97.81196658, 37.0485889 ], [ -97.81748012, 37.05147379 ], [ -97.84466868, 37.06650201 ], [ -97.87737076, 37.0840615 ], [ -97.87775492, 37.0841759 ], [ -97.91007286, 37.0947418 ], [ -97.94277496, 37.09352446 ], [ -97.96684493, 37.0841759 ], [ -97.97547705, 37.0816063 ], [ -98.00817915, 37.07016498 ], [ -98.04088125, 37.08012987 ], [ -98.06255083, 37.0841759 ], [ -98.07358335, 37.08674453 ], [ -98.10628544, 37.0859271 ], [ -98.12150046, 37.0841759 ], [ -98.13898752, 37.08214023 ], [ -98.17168962, 37.07658117 ], [ -98.20439172, 37.07189394 ], [ -98.23709381, 37.07102378 ], [ -98.26979591, 37.07630695 ], [ -98.28890986, 37.0841759 ], [ -98.30249801, 37.08982405 ], [ -98.33520011, 37.11384128 ], [ -98.33808022, 37.11687798 ], [ -98.36731159, 37.14958009 ], [ -98.3679022, 37.15026824 ], [ -98.38973586, 37.18228217 ], [ -98.40060428, 37.19961447 ], [ -98.40893719, 37.21498427 ], [ -98.42560174, 37.24768638 ], [ -98.43330638, 37.26353987 ], [ -98.4409576, 37.28038846 ], [ -98.45528609, 37.31309057 ], [ -98.46600848, 37.33859487 ], [ -98.46896631, 37.34579265 ], [ -98.48240472, 37.37849476 ], [ -98.49498191, 37.41119684 ], [ -98.49871058, 37.42161049 ], [ -98.50668338, 37.44389894 ], [ -98.51620476, 37.47660103 ], [ -98.52123564, 37.50930313 ], [ -98.52625077, 37.54200524 ], [ -98.52999244, 37.57470732 ], [ -98.53125006, 37.60740942 ] ] ] } },
{ "type": "Feature", "properties": { "Lower": 56.0 }, "geometry": { "type": "Polygon", "coordinates": [ [ [ -99.46611501, 40.19087492 ], [ -99.44707133, 40.21162746 ], [ -99.43368657, 40.22357703 ], [ -99.41436925, 40.23308584 ], [ -99.38166715, 40.24710286 ], [ -99.35707845, 40.25627913 ], [ -99.34896505, 40.2602735 ], [ -99.31626296, 40.27474488 ], [ -99.28356086, 40.28594323 ], [ -99.27366746, 40.28898122 ], [ -99.25085876, 40.29799543 ], [ -99.21815666, 40.30865096 ], [ -99.18545457, 40.31698254 ], [ -99.16313217, 40.32168332 ], [ -99.15275249, 40.32430483 ], [ -99.12005039, 40.33151947 ], [ -99.08734829, 40.33706945 ], [ -99.05464619, 40.341361 ], [ -99.0219441, 40.34486597 ], [ -98.989242, 40.34791526 ], [ -98.9565399, 40.35067326 ], [ -98.9238378, 40.35329832 ], [ -98.91131974, 40.3543854 ], [ -98.89113573, 40.35670336 ], [ -98.85843363, 40.36060942 ], [ -98.82573153, 40.36389962 ], [ -98.79302943, 40.3663015 ], [ -98.76032734, 40.36789695 ], [ -98.72762524, 40.3692576 ], [ -98.69492314, 40.36955308 ], [ -98.66222104, 40.36801248 ], [ -98.62951897, 40.36309674 ], [ -98.60599669, 40.3543854 ], [ -98.59681687, 40.34772205 ], [ -98.57429576, 40.32168332 ], [ -98.56411477, 40.30887344 ], [ -98.54567365, 40.28898122 ], [ -98.53141267, 40.27243524 ], [ -98.51148161, 40.25627913 ], [ -98.49871058, 40.24432596 ], [ -98.46600848, 40.23040883 ], [ -98.43330638, 40.23071843 ], [ -98.40060428, 40.24053463 ], [ -98.3679022, 40.2562047 ], [ -98.36777864, 40.25627913 ], [ -98.33520011, 40.27335775 ], [ -98.30807206, 40.28898122 ], [ -98.30249801, 40.29199258 ], [ -98.26979591, 40.30402936 ], [ -98.23709381, 40.30942562 ], [ -98.20439172, 40.31232472 ], [ -98.17168962, 40.31390389 ], [ -98.13898752, 40.3147597 ], [ -98.10628544, 40.31584722 ], [ -98.07358335, 40.31730484 ], [ -98.04088125, 40.31838098 ], [ -98.00817915, 40.31824571 ], [ -97.97547705, 40.31760766 ], [ -97.94277496, 40.31709407 ], [ -97.91007286, 40.31739741 ], [ -97.87737076, 40.31927494 ], [ -97.85528793, 40.32168332 ], [ -97.84466868, 40.32311937 ], [ -97.81196658, 40.32957138 ], [ -97.77926449, 40.33834934 ], [ -97.74656239, 40.34946452 ], [ -97.73412444, 40.3543854 ], [ -97.71386029, 40.36351944 ], [ -97.68115819, 40.38009236 ], [ -97.66853216, 40.38708751 ], [ -97.6484561, 40.39924958 ], [ -97.61679607, 40.41978959 ], [ -97.615754, 40.42051388 ], [ -97.58305192, 40.44403645 ], [ -97.57173378, 40.4524917 ], [ -97.55034982, 40.46921602 ], [ -97.5304391, 40.48519378 ], [ -97.51764773, 40.49581244 ], [ -97.49148829, 40.51789589 ], [ -97.48494563, 40.52356018 ], [ -97.45408866, 40.55059799 ], [ -97.45224353, 40.55224275 ], [ -97.41954143, 40.58159199 ], [ -97.4176498, 40.58330007 ], [ -97.38683934, 40.61138593 ], [ -97.38179783, 40.61600218 ], [ -97.35413724, 40.64146797 ], [ -97.34628313, 40.64870426 ], [ -97.32143516, 40.67215928 ], [ -97.31146873, 40.68140637 ], [ -97.28873306, 40.70373731 ], [ -97.27798723, 40.71410845 ], [ -97.25603097, 40.73661831 ], [ -97.24592633, 40.74681055 ], [ -97.22332887, 40.77081452 ], [ -97.21501042, 40.77951264 ], [ -97.19062677, 40.80613595 ], [ -97.18497866, 40.81221474 ], [ -97.15792467, 40.84243153 ], [ -97.15566864, 40.84491685 ], [ -97.12695283, 40.87761893 ], [ -97.12522257, 40.87964656 ], [ -97.0986934, 40.91032103 ], [ -97.09252048, 40.91762247 ], [ -97.07078873, 40.94302312 ], [ -97.0598184, 40.95608033 ], [ -97.04314229, 40.97572522 ], [ -97.0271163, 40.9949166 ], [ -97.01570596, 41.00842731 ], [ -96.9944142, 41.03398205 ], [ -96.98840662, 41.04112941 ], [ -96.96171211, 41.073191 ], [ -96.96117409, 41.07383149 ], [ -96.93406473, 41.1065336 ], [ -96.92901001, 41.11266707 ], [ -96.90695445, 41.1392357 ], [ -96.89630791, 41.15213176 ], [ -96.87985146, 41.17193779 ], [ -96.86360581, 41.19153329 ], [ -96.85267959, 41.20463989 ], [ -96.83090372, 41.23079043 ], [ -96.82542283, 41.23734197 ], [ -96.79820164, 41.2698803 ], [ -96.79806373, 41.27004408 ], [ -96.77048597, 41.30274616 ], [ -96.76549954, 41.30862643 ], [ -96.74260148, 41.33544827 ], [ -96.73279744, 41.34685521 ], [ -96.71435265, 41.36815035 ], [ -96.70009535, 41.38448293 ], [ -96.68572205, 41.40085246 ], [ -96.66739325, 41.42154297 ], [ -96.63469115, 41.40903607 ], [ -96.62650753, 41.40085246 ], [ -96.60198905, 41.3763439 ], [ -96.59379552, 41.36815035 ], [ -96.56928696, 41.34365173 ], [ -96.56928696, 41.34363018 ], [ -96.60198905, 41.34355249 ], [ -96.60922109, 41.33544827 ], [ -96.63469115, 41.30687599 ], [ -96.63834477, 41.30274616 ], [ -96.66717525, 41.27004408 ], [ -96.66739325, 41.2697986 ], [ -96.6960637, 41.23734197 ], [ -96.70009535, 41.23278134 ], [ -96.72462823, 41.20463989 ], [ -96.73279744, 41.19534771 ], [ -96.75304209, 41.17193779 ], [ -96.76549954, 41.15766738 ], [ -96.781331, 41.1392357 ], [ -96.79820164, 41.11989584 ], [ -96.80963326, 41.1065336 ], [ -96.83090372, 41.08202206 ], [ -96.83791913, 41.07383149 ], [ -96.86360581, 41.04411199 ], [ -96.86616817, 41.04112941 ], [ -96.89459251, 41.00842731 ], [ -96.89630791, 41.00648242 ], [ -96.92325289, 40.97572522 ], [ -96.92901001, 40.9692532 ], [ -96.9521477, 40.94302312 ], [ -96.96171211, 40.93239204 ], [ -96.98140411, 40.91032103 ], [ -96.9944142, 40.89605727 ], [ -97.01105258, 40.87761893 ], [ -97.0271163, 40.86028993 ], [ -97.04122806, 40.84491685 ], [ -97.0598184, 40.82525653 ], [ -97.07201162, 40.81221474 ], [ -97.09252048, 40.79106017 ], [ -97.10357353, 40.77951264 ], [ -97.12522257, 40.75782917 ], [ -97.13608588, 40.74681055 ], [ -97.15792467, 40.72569914 ], [ -97.16975721, 40.71410845 ], [ -97.19062677, 40.69446827 ], [ -97.2045278, 40.68140637 ], [ -97.22332887, 40.66409277 ], [ -97.2400654, 40.64870426 ], [ -97.25603097, 40.63403509 ], [ -97.27564232, 40.61600218 ], [ -97.28873306, 40.60397356 ], [ -97.31128447, 40.58330007 ], [ -97.32143516, 40.57403428 ], [ -97.34722971, 40.55059799 ], [ -97.35413724, 40.54437927 ], [ -97.38378523, 40.51789589 ], [ -97.38683934, 40.51520556 ], [ -97.41954143, 40.48670092 ], [ -97.4212909, 40.48519378 ], [ -97.45224353, 40.45912735 ], [ -97.46027418, 40.4524917 ], [ -97.48494563, 40.43273241 ], [ -97.50157113, 40.41978959 ], [ -97.51764773, 40.40778152 ], [ -97.54654131, 40.38708751 ], [ -97.55034982, 40.38450569 ], [ -97.58305192, 40.36333119 ], [ -97.59784049, 40.3543854 ], [ -97.615754, 40.34438114 ], [ -97.6484561, 40.32782721 ], [ -97.66200979, 40.32168332 ], [ -97.68115819, 40.31394213 ], [ -97.71386029, 40.30276516 ], [ -97.74656239, 40.29398438 ], [ -97.77169261, 40.28898122 ], [ -97.77926449, 40.28770182 ], [ -97.81196658, 40.28388733 ], [ -97.84466868, 40.28190562 ], [ -97.87737076, 40.28143295 ], [ -97.91007286, 40.28192656 ], [ -97.94277496, 40.28318336 ], [ -97.97547705, 40.28494525 ], [ -98.00817915, 40.28685264 ], [ -98.04088125, 40.28830504 ], [ -98.07358335, 40.28832574 ], [ -98.10628544, 40.28654371 ], [ -98.13898752, 40.28483702 ], [ -98.17168962, 40.28314613 ], [ -98.20439172, 40.2804266 ], [ -98.23709381, 40.27605797 ], [ -98.26979591, 40.26807965 ], [ -98.29347857, 40.25627913 ], [ -98.30249801, 40.25085882 ], [ -98.33520011, 40.22972544 ], [ -98.3452075, 40.22357703 ], [ -98.3679022, 40.20542892 ], [ -98.38802315, 40.19087492 ], [ -98.40060428, 40.17437907 ], [ -98.41537626, 40.15817284 ], [ -98.41869069, 40.12547074 ], [ -98.40505687, 40.09276865 ], [ -98.40060428, 40.08695061 ], [ -98.38511128, 40.06006655 ], [ -98.3679022, 40.03723529 ], [ -98.36167243, 40.02736446 ], [ -98.34790335, 39.99466236 ], [ -98.33863554, 39.96196028 ], [ -98.33520011, 39.94811169 ], [ -98.33024702, 39.92925817 ], [ -98.32291751, 39.89655607 ], [ -98.31715132, 39.86385398 ], [ -98.31026631, 39.83115188 ], [ -98.30249801, 39.80206504 ], [ -98.30132726, 39.7984498 ], [ -98.28899775, 39.76574769 ], [ -98.2742567, 39.73304561 ], [ -98.26979591, 39.72439189 ], [ -98.25468193, 39.7003435 ], [ -98.23709381, 39.67550132 ], [ -98.23011903, 39.66764142 ], [ -98.20439172, 39.64082705 ], [ -98.19710052, 39.63493932 ], [ -98.17168962, 39.61536189 ], [ -98.14893168, 39.60223721 ], [ -98.13898752, 39.59662182 ], [ -98.10628544, 39.58293308 ], [ -98.07358335, 39.57240769 ], [ -98.05957361, 39.56953513 ], [ -98.04088125, 39.56569596 ], [ -98.00817915, 39.56206024 ], [ -97.97547705, 39.56081317 ], [ -97.94277496, 39.56162239 ], [ -97.91007286, 39.56418449 ], [ -97.87737076, 39.56833024 ], [ -97.87022607, 39.56953513 ], [ -97.84466868, 39.57387754 ], [ -97.81196658, 39.5806157 ], [ -97.77926449, 39.58834275 ], [ -97.74656239, 39.5968364 ], [ -97.72724298, 39.60223721 ], [ -97.71386029, 39.60588848 ], [ -97.68115819, 39.61515621 ], [ -97.6484561, 39.62450538 ], [ -97.615754, 39.63375842 ], [ -97.61151232, 39.63493932 ], [ -97.58305192, 39.64255437 ], [ -97.55034982, 39.65071114 ], [ -97.51764773, 39.65814385 ], [ -97.48494563, 39.66437595 ], [ -97.46351606, 39.66764142 ], [ -97.45224353, 39.66932953 ], [ -97.41954143, 39.67307522 ], [ -97.38683934, 39.67576614 ], [ -97.35413724, 39.67772338 ], [ -97.32143516, 39.67904844 ], [ -97.28873306, 39.6798266 ], [ -97.25603097, 39.68016602 ], [ -97.22332887, 39.68012325 ], [ -97.19062677, 39.67980004 ], [ -97.15792467, 39.67919508 ], [ -97.12522257, 39.67835031 ], [ -97.09252048, 39.67731485 ], [ -97.0598184, 39.67620909 ], [ -97.0271163, 39.67510132 ], [ -96.9944142, 39.67407388 ], [ -96.96171211, 39.67319618 ], [ -96.92901001, 39.67244286 ], [ -96.89630791, 39.67182859 ], [ -96.86360581, 39.67138225 ], [ -96.83090372, 39.67114408 ], [ -96.79820164, 39.6711865 ], [ -96.76549954, 39.67158917 ], [ -96.73279744, 39.67317878 ], [ -96.70009535, 39.67743188 ], [ -96.66739325, 39.68417816 ], [ -96.63469115, 39.69204806 ], [ -96.60268166, 39.7003435 ], [ -96.60198905, 39.70056116 ], [ -96.56928696, 39.70976365 ], [ -96.53658488, 39.71725674 ], [ -96.50388278, 39.71484218 ], [ -96.49323964, 39.7003435 ], [ -96.47510823, 39.66764142 ], [ -96.47118068, 39.66066469 ], [ -96.46362401, 39.63493932 ], [ -96.45274975, 39.60223721 ], [ -96.44098604, 39.56953513 ], [ -96.43847858, 39.56322946 ], [ -96.43118682, 39.53683302 ], [ -96.41983175, 39.50413094 ], [ -96.40577649, 39.4774667 ], [ -96.40201305, 39.47142883 ], [ -96.376278, 39.43872675 ], [ -96.37307439, 39.43513708 ], [ -96.34579996, 39.40602465 ], [ -96.34037229, 39.40071071 ], [ -96.30767019, 39.37455407 ], [ -96.30573192, 39.37332256 ], [ -96.27496812, 39.35220109 ], [ -96.25451373, 39.34062046 ], [ -96.24226602, 39.33322243 ], [ -96.20956392, 39.31511796 ], [ -96.19663356, 39.30791835 ], [ -96.17686182, 39.29546861 ], [ -96.14415973, 39.27533525 ], [ -96.14396436, 39.27521627 ], [ -96.11145763, 39.25333849 ], [ -96.09479811, 39.24251417 ], [ -96.07875553, 39.23105517 ], [ -96.04817681, 39.20981208 ], [ -96.04605343, 39.20818472 ], [ -96.01335136, 39.18380081 ], [ -96.00409728, 39.17710998 ], [ -95.98064926, 39.15835564 ], [ -95.9625964, 39.14440789 ], [ -95.94794716, 39.13185548 ], [ -95.92351546, 39.11170579 ], [ -95.91524506, 39.10412455 ], [ -95.88658853, 39.07900371 ], [ -95.88254297, 39.07506037 ], [ -95.85150602, 39.0463016 ], [ -95.84984087, 39.04458977 ], [ -95.81786864, 39.0135995 ], [ -95.81713877, 39.01281568 ], [ -95.78540844, 38.98089741 ], [ -95.78443667, 38.97981768 ], [ -95.75376652, 38.94819531 ], [ -95.75173457, 38.94589341 ], [ -95.72269008, 38.91549323 ], [ -95.7190325, 38.91131208 ], [ -95.69189495, 38.88279112 ], [ -95.6863304, 38.87647205 ], [ -95.66101994, 38.85008904 ], [ -95.6536283, 38.84184263 ], [ -95.62982056, 38.81738693 ], [ -95.6209262, 38.80779363 ], [ -95.59776222, 38.78468485 ], [ -95.58822411, 38.7749135 ], [ -95.56417617, 38.75198275 ], [ -95.55552201, 38.74404143 ], [ -95.52645217, 38.71928066 ], [ -95.52281991, 38.7164222 ], [ -95.49011781, 38.69200121 ], [ -95.48258457, 38.68657856 ], [ -95.45741574, 38.67000897 ], [ -95.43314085, 38.65387645 ], [ -95.42471364, 38.64879465 ], [ -95.39201154, 38.63016062 ], [ -95.37451394, 38.62117437 ], [ -95.35930944, 38.61410565 ], [ -95.32660735, 38.5972857 ], [ -95.31228918, 38.58847227 ], [ -95.29390525, 38.57635638 ], [ -95.27066124, 38.55577018 ], [ -95.26120315, 38.54556975 ], [ -95.24718399, 38.52306808 ], [ -95.23378314, 38.49036599 ], [ -95.22850105, 38.46741767 ], [ -95.22679002, 38.45766389 ], [ -95.22431447, 38.42496181 ], [ -95.22480969, 38.3922597 ], [ -95.22706952, 38.3595576 ], [ -95.22850105, 38.34400417 ], [ -95.22983126, 38.32685551 ], [ -95.2320979, 38.29415341 ], [ -95.23452305, 38.26145132 ], [ -95.23740636, 38.22874922 ], [ -95.24095286, 38.19604714 ], [ -95.24548258, 38.16334503 ], [ -95.25126981, 38.13064295 ], [ -95.25870606, 38.09794084 ], [ -95.26120315, 38.08881156 ], [ -95.26686428, 38.06523874 ], [ -95.27686169, 38.03253666 ], [ -95.29033177, 37.99983455 ], [ -95.29390525, 37.99265051 ], [ -95.30572999, 37.96713247 ], [ -95.32660735, 37.93492721 ], [ -95.32691154, 37.93443036 ], [ -95.35180603, 37.90172828 ], [ -95.35930944, 37.89426884 ], [ -95.38411646, 37.86902618 ], [ -95.39201154, 37.86272644 ], [ -95.42283778, 37.83632409 ], [ -95.42471364, 37.83502474 ], [ -95.45741574, 37.80569461 ], [ -95.45880623, 37.80362199 ], [ -95.48232845, 37.77091988 ], [ -95.49011781, 37.76117774 ], [ -95.5060841, 37.7382178 ], [ -95.52281991, 37.71893242 ], [ -95.53687184, 37.7055157 ], [ -95.55552201, 37.69031305 ], [ -95.57503915, 37.67281361 ], [ -95.58822411, 37.65401502 ], [ -95.59662732, 37.64011151 ], [ -95.60838369, 37.60740942 ], [ -95.61562817, 37.57470732 ], [ -95.6209262, 37.5430782 ], [ -95.62109855, 37.54200524 ], [ -95.62570707, 37.50930313 ], [ -95.63381449, 37.47660103 ], [ -95.6536283, 37.44696749 ], [ -95.6562251, 37.44389894 ], [ -95.6863304, 37.42041764 ], [ -95.7017704, 37.41119684 ], [ -95.7190325, 37.4020863 ], [ -95.75173457, 37.3850455 ], [ -95.76397206, 37.37849476 ], [ -95.78443667, 37.36679586 ], [ -95.81713877, 37.36715977 ], [ -95.84366341, 37.37849476 ], [ -95.84984087, 37.38055158 ], [ -95.88254297, 37.3912106 ], [ -95.91524506, 37.3996226 ], [ -95.94794716, 37.40443214 ], [ -95.98064926, 37.40473058 ], [ -96.01335136, 37.39930661 ], [ -96.04605343, 37.38608915 ], [ -96.05755806, 37.37849476 ], [ -96.0782588, 37.34579265 ], [ -96.07875553, 37.34314557 ], [ -96.08352029, 37.31309057 ], [ -96.09852198, 37.28038846 ], [ -96.11145763, 37.26134313 ], [ -96.12030275, 37.24768638 ], [ -96.13007198, 37.21498427 ], [ -96.12967892, 37.18228217 ], [ -96.12356842, 37.14958009 ], [ -96.11415042, 37.11687798 ], [ -96.11145763, 37.10926204 ], [ -96.10162825, 37.0841759 ], [ -96.08752107, 37.05147379 ], [ -96.07875553, 37.03330938 ], [ -96.07065745, 37.01877171 ], [ -96.05026022, 36.98606961 ], [ -96.04605343, 36.97975927 ], [ -96.02669949, 36.95336752 ], [ -96.01335136, 36.93543743 ], [ -96.00142706, 36.92066542 ], [ -95.98064926, 36.89479672 ], [ -95.9747585, 36.88796331 ], [ -95.94794716, 36.85638884 ], [ -95.94692344, 36.85526123 ], [ -95.9177345, 36.82255913 ], [ -95.91524506, 36.81973195 ], [ -95.88746489, 36.78985704 ], [ -95.88254297, 36.78445554 ], [ -95.85657419, 36.75715494 ], [ -95.84984087, 36.74981282 ], [ -95.82563944, 36.72445285 ], [ -95.81713877, 36.71525133 ], [ -95.79474554, 36.69175075 ], [ -95.78443667, 36.68062675 ], [ -95.76367927, 36.65904867 ], [ -95.75173457, 36.64627043 ], [ -95.73269613, 36.62634656 ], [ -95.7190325, 36.61161969 ], [ -95.70187887, 36.59364446 ], [ -95.6863304, 36.57684793 ], [ -95.67134966, 36.56094237 ], [ -95.6536283, 36.54152823 ], [ -95.64135673, 36.52824027 ], [ -95.6209262, 36.50553994 ], [ -95.61181727, 36.49553819 ], [ -95.58822411, 36.46875654 ], [ -95.58300852, 36.46283608 ], [ -95.55552201, 36.43169709 ], [ -95.55416876, 36.430134 ], [ -95.52726771, 36.39743189 ], [ -95.52281991, 36.39204603 ], [ -95.50013278, 36.36472981 ], [ -95.49011781, 36.35233377 ], [ -95.47380521, 36.3320277 ], [ -95.45741574, 36.32385173 ], [ -95.45741574, 36.32383018 ], [ -95.48192196, 36.29932562 ], [ -95.49011781, 36.29112974 ], [ -95.51462587, 36.26662352 ], [ -95.52281991, 36.25842946 ], [ -95.54732996, 36.23392141 ], [ -95.5473309, 36.20121933 ], [ -95.55552201, 36.1930282 ], [ -95.58003522, 36.16851722 ], [ -95.58822411, 36.16032835 ], [ -95.6127397, 36.13581514 ], [ -95.61274079, 36.10311304 ], [ -95.6209262, 36.09492763 ], [ -95.64544547, 36.07041095 ], [ -95.6536283, 36.06222811 ], [ -95.67815026, 36.03770885 ], [ -95.67815149, 36.00500676 ], [ -95.6863304, 35.99682784 ], [ -95.71085644, 35.97230466 ], [ -95.7190325, 35.9641286 ], [ -95.72951783, 35.97230466 ], [ -95.75173457, 36.00085663 ], [ -95.75493473, 36.00500676 ], [ -95.78019882, 36.03770885 ], [ -95.78443667, 36.04315991 ], [ -95.8054305, 36.07041095 ], [ -95.81713877, 36.08554944 ], [ -95.83056029, 36.10311304 ], [ -95.84984087, 36.12814811 ], [ -95.85565881, 36.13581514 ], [ -95.88064416, 36.16851722 ], [ -95.88254297, 36.17099006 ], [ -95.90534743, 36.20121933 ], [ -95.91524506, 36.21423845 ], [ -95.9299509, 36.23392141 ], [ -95.94794716, 36.25782513 ], [ -95.95444056, 36.26662352 ], [ -95.9787438, 36.29932562 ], [ -95.98064926, 36.30187584 ], [ -96.00267721, 36.3320277 ], [ -96.01335136, 36.34658353 ], [ -96.02633388, 36.36472981 ], [ -96.04605343, 36.39208527 ], [ -96.04979612, 36.39743189 ], [ -96.07279679, 36.430134 ], [ -96.07875553, 36.43858843 ], [ -96.09527419, 36.46283608 ], [ -96.11145763, 36.48641435 ], [ -96.11750248, 36.49553819 ], [ -96.13929436, 36.52824027 ], [ -96.14415973, 36.53550206 ], [ -96.16051013, 36.56094237 ], [ -96.17686182, 36.58629079 ], [ -96.18139879, 36.59364446 ], [ -96.20142531, 36.62634656 ], [ -96.20956392, 36.63983871 ], [ -96.22049927, 36.65904867 ], [ -96.23877655, 36.69175075 ], [ -96.24226602, 36.69812513 ], [ -96.25564069, 36.72445285 ], [ -96.271568, 36.75715494 ], [ -96.27496812, 36.76446166 ], [ -96.28597886, 36.78985704 ], [ -96.2997044, 36.82255913 ], [ -96.30767019, 36.84216727 ], [ -96.31271166, 36.85526123 ], [ -96.32475498, 36.88796331 ], [ -96.33608798, 36.92066542 ], [ -96.34037229, 36.93397402 ], [ -96.34618736, 36.95336752 ], [ -96.3549318, 36.98606961 ], [ -96.36229814, 37.01877171 ], [ -96.36790681, 37.05147379 ], [ -96.37122592, 37.0841759 ], [ -96.37153913, 37.11687798 ], [ -96.36797727, 37.14958009 ], [ -96.35929993, 37.18228217 ], [ -96.343925, 37.21498427 ], [ -96.34037229, 37.22078205 ], [ -96.32325139, 37.24768638 ], [ -96.30767019, 37.27747895 ], [ -96.30604233, 37.28038846 ], [ -96.29564868, 37.31309057 ], [ -96.29772313, 37.34579265 ], [ -96.30342756, 37.37849476 ], [ -96.30439507, 37.41119684 ], [ -96.30048044, 37.44389894 ], [ -96.29202821, 37.47660103 ], [ -96.28026943, 37.50930313 ], [ -96.27496812, 37.52438695 ], [ -96.26643847, 37.54200524 ], [ -96.25396933, 37.57470732 ], [ -96.24860608, 37.60740942 ], [ -96.25452748, 37.64011151 ], [ -96.2554443, 37.67281361 ], [ -96.24226602, 37.68142374 ], [ -96.20956392, 37.67406728 ], [ -96.20843265, 37.67281361 ], [ -96.1900132, 37.64011151 ], [ -96.17686182, 37.62948618 ], [ -96.15860206, 37.60740942 ], [ -96.14415973, 37.5993607 ], [ -96.11145763, 37.57664648 ], [ -96.10924322, 37.57470732 ], [ -96.07875553, 37.55835597 ], [ -96.04952627, 37.54200524 ], [ -96.04605343, 37.54060161 ], [ -96.01335136, 37.52469783 ], [ -95.98064926, 37.50973638 ], [ -95.97983838, 37.50930313 ], [ -95.94794716, 37.49410416 ], [ -95.91524506, 37.47913369 ], [ -95.91039649, 37.47660103 ], [ -95.88254297, 37.46214808 ], [ -95.84984087, 37.44759985 ], [ -95.82897981, 37.44389894 ], [ -95.81713877, 37.44148522 ], [ -95.80960828, 37.44389894 ], [ -95.78443667, 37.45286171 ], [ -95.75173457, 37.47567211 ], [ -95.75057308, 37.47660103 ], [ -95.71944621, 37.50930313 ], [ -95.7190325, 37.50989682 ], [ -95.69990953, 37.54200524 ], [ -95.6863304, 37.57190024 ], [ -95.68517769, 37.57470732 ], [ -95.67067039, 37.60740942 ], [ -95.6542473, 37.64011151 ], [ -95.6536283, 37.641102 ], [ -95.63406398, 37.67281361 ], [ -95.6209262, 37.68943705 ], [ -95.60653323, 37.7055157 ], [ -95.58822411, 37.7221787 ], [ -95.56964137, 37.7382178 ], [ -95.55552201, 37.75306961 ], [ -95.54029959, 37.77091988 ], [ -95.52281991, 37.79600563 ], [ -95.51778368, 37.80362199 ], [ -95.49810231, 37.83632409 ], [ -95.49011781, 37.85044387 ], [ -95.47780089, 37.86902618 ], [ -95.45855964, 37.90172828 ], [ -95.45741574, 37.90383123 ], [ -95.4356949, 37.93443036 ], [ -95.42471364, 37.95322984 ], [ -95.41531713, 37.96713247 ], [ -95.39714662, 37.99983455 ], [ -95.39201154, 38.01087848 ], [ -95.38076775, 38.03253666 ], [ -95.36705584, 38.06523874 ], [ -95.35930944, 38.08791655 ], [ -95.35549013, 38.09794084 ], [ -95.34508269, 38.13064295 ], [ -95.33723089, 38.16334503 ], [ -95.33115862, 38.19604714 ], [ -95.32681478, 38.22874922 ], [ -95.32660735, 38.23170888 ], [ -95.32439584, 38.26145132 ], [ -95.32428015, 38.29415341 ], [ -95.32660735, 38.32024736 ], [ -95.32734509, 38.32685551 ], [ -95.33671077, 38.3595576 ], [ -95.35431919, 38.3922597 ], [ -95.35930944, 38.39902516 ], [ -95.38400184, 38.42496181 ], [ -95.39201154, 38.43199967 ], [ -95.42471364, 38.45560381 ], [ -95.42800751, 38.45766389 ], [ -95.45741574, 38.47512799 ], [ -95.48639651, 38.49036599 ], [ -95.49011781, 38.49229512 ], [ -95.52281991, 38.5085323 ], [ -95.55308478, 38.52306808 ], [ -95.55552201, 38.52434605 ], [ -95.58822411, 38.5422177 ], [ -95.61250444, 38.55577018 ], [ -95.6209262, 38.56090769 ], [ -95.6536283, 38.58145929 ], [ -95.664009, 38.58847227 ], [ -95.6863304, 38.60563784 ], [ -95.70465487, 38.62117437 ], [ -95.7190325, 38.635054 ], [ -95.73684513, 38.65387645 ], [ -95.75173457, 38.67101328 ], [ -95.76455184, 38.68657856 ], [ -95.78443667, 38.71222251 ], [ -95.78966599, 38.71928066 ], [ -95.812833, 38.75198275 ], [ -95.81713877, 38.75820788 ], [ -95.83466351, 38.78468485 ], [ -95.84984087, 38.80775193 ], [ -95.85594138, 38.81738693 ], [ -95.87693367, 38.85008904 ], [ -95.88254297, 38.85856197 ], [ -95.89801528, 38.88279112 ], [ -95.91524506, 38.90849471 ], [ -95.91981366, 38.91549323 ], [ -95.94247695, 38.94819531 ], [ -95.94794716, 38.95553555 ], [ -95.96640833, 38.98089741 ], [ -95.98064926, 38.99890792 ], [ -95.99206669, 39.0135995 ], [ -96.01335136, 39.03876735 ], [ -96.01965118, 39.0463016 ], [ -96.04605343, 39.07521976 ], [ -96.04946954, 39.07900371 ], [ -96.07875553, 39.10868777 ], [ -96.08170021, 39.11170579 ], [ -96.11145763, 39.13958419 ], [ -96.11652803, 39.14440789 ], [ -96.14415973, 39.16845479 ], [ -96.15390373, 39.17710998 ], [ -96.17686182, 39.19573847 ], [ -96.19373846, 39.20981208 ], [ -96.20956392, 39.22184341 ], [ -96.23585319, 39.24251417 ], [ -96.24226602, 39.24704864 ], [ -96.27496812, 39.27068249 ], [ -96.28108136, 39.27521627 ], [ -96.30767019, 39.29341236 ], [ -96.32525936, 39.30791835 ], [ -96.34037229, 39.32021704 ], [ -96.3613598, 39.34062046 ], [ -96.37307439, 39.3514356 ], [ -96.39509996, 39.37332256 ], [ -96.40577649, 39.38452405 ], [ -96.42506042, 39.40602465 ], [ -96.43847858, 39.42350571 ], [ -96.44866282, 39.43872675 ], [ -96.46577054, 39.47142883 ], [ -96.47118068, 39.48332226 ], [ -96.48440297, 39.50413094 ], [ -96.50388278, 39.53358866 ], [ -96.5070772, 39.53683302 ], [ -96.53658488, 39.56524674 ], [ -96.54412091, 39.56953513 ], [ -96.56928696, 39.58274203 ], [ -96.60198905, 39.59042478 ], [ -96.63469115, 39.5924292 ], [ -96.66739325, 39.59152228 ], [ -96.70009535, 39.5895163 ], [ -96.73279744, 39.58761242 ], [ -96.76549954, 39.58718256 ], [ -96.79820164, 39.58872734 ], [ -96.83090372, 39.59083768 ], [ -96.86360581, 39.59284082 ], [ -96.89630791, 39.59480505 ], [ -96.92901001, 39.59673811 ], [ -96.96171211, 39.59866713 ], [ -96.9944142, 39.60060583 ], [ -97.02161392, 39.60223721 ], [ -97.0271163, 39.60255278 ], [ -97.0598184, 39.6044878 ], [ -97.09252048, 39.60635224 ], [ -97.12522257, 39.60809822 ], [ -97.15792467, 39.60961826 ], [ -97.19062677, 39.61082304 ], [ -97.22332887, 39.61159349 ], [ -97.25603097, 39.61183438 ], [ -97.28873306, 39.61160027 ], [ -97.32143516, 39.61078613 ], [ -97.35413724, 39.60931047 ], [ -97.38683934, 39.60703036 ], [ -97.41954143, 39.60377642 ], [ -97.43050113, 39.60223721 ], [ -97.45224353, 39.59902365 ], [ -97.48494563, 39.59256106 ], [ -97.51764773, 39.58429853 ], [ -97.55034982, 39.57463709 ], [ -97.56655701, 39.56953513 ], [ -97.58305192, 39.56395795 ], [ -97.615754, 39.55254018 ], [ -97.6484561, 39.54101878 ], [ -97.66067581, 39.53683302 ], [ -97.68115819, 39.52935326 ], [ -97.71386029, 39.51811414 ], [ -97.74656239, 39.50782049 ], [ -97.75980508, 39.50413094 ], [ -97.77926449, 39.49847634 ], [ -97.81196658, 39.49050891 ], [ -97.84466868, 39.48425865 ], [ -97.87737076, 39.47979886 ], [ -97.91007286, 39.47719328 ], [ -97.94277496, 39.47649759 ], [ -97.97547705, 39.47782051 ], [ -98.00817915, 39.48137815 ], [ -98.04088125, 39.48746246 ], [ -98.07358335, 39.4957017 ], [ -98.09986537, 39.50413094 ], [ -98.10628544, 39.50613016 ], [ -98.13898752, 39.52000912 ], [ -98.16923421, 39.53683302 ], [ -98.17168962, 39.53819879 ], [ -98.20439172, 39.56117415 ], [ -98.21404574, 39.56953513 ], [ -98.23709381, 39.5905204 ], [ -98.24773743, 39.60223721 ], [ -98.26979591, 39.62885463 ], [ -98.27405575, 39.63493932 ], [ -98.29452829, 39.66764142 ], [ -98.30249801, 39.68230078 ], [ -98.31088471, 39.7003435 ], [ -98.32370874, 39.73304561 ], [ -98.33412178, 39.76574769 ], [ -98.33520011, 39.76973278 ], [ -98.3418984, 39.7984498 ], [ -98.3478095, 39.83115188 ], [ -98.35212059, 39.86385398 ], [ -98.35741696, 39.89655607 ], [ -98.36480029, 39.92925817 ], [ -98.3679022, 39.94092077 ], [ -98.37346298, 39.96196028 ], [ -98.38468585, 39.99466236 ], [ -98.40060428, 40.01789753 ], [ -98.41007487, 40.02736446 ], [ -98.43330638, 40.05143295 ], [ -98.44588175, 40.06006655 ], [ -98.46600848, 40.07583513 ], [ -98.49871058, 40.08496075 ], [ -98.53141267, 40.08108293 ], [ -98.56411477, 40.0685262 ], [ -98.57877234, 40.06006655 ], [ -98.59681687, 40.05165126 ], [ -98.62951897, 40.03273737 ], [ -98.63785357, 40.02736446 ], [ -98.66222104, 40.01208692 ], [ -98.68280143, 39.99466236 ], [ -98.69492314, 39.98176565 ], [ -98.71098898, 39.96196028 ], [ -98.72762524, 39.93872727 ], [ -98.73403063, 39.92925817 ], [ -98.75310906, 39.89655607 ], [ -98.76032734, 39.88307373 ], [ -98.77178069, 39.86385398 ], [ -98.79302943, 39.83198082 ], [ -98.79369814, 39.83115188 ], [ -98.82252708, 39.7984498 ], [ -98.82573153, 39.79511463 ], [ -98.85843363, 39.7700216 ], [ -98.86743671, 39.76574769 ], [ -98.89113573, 39.75447604 ], [ -98.9238378, 39.74590453 ], [ -98.9565399, 39.74242744 ], [ -98.989242, 39.74292605 ], [ -99.0219441, 39.74680754 ], [ -99.05464619, 39.75378105 ], [ -99.08734829, 39.76382378 ], [ -99.09235963, 39.76574769 ], [ -99.12005039, 39.77640475 ], [ -99.15275249, 39.79090656 ], [ -99.16833719, 39.7984498 ], [ -99.18545457, 39.80690456 ], [ -99.21815666, 39.82442853 ], [ -99.22988, 39.83115188 ], [ -99.25085876, 39.84374089 ], [ -99.28173091, 39.86385398 ], [ -99.28356086, 39.86513995 ], [ -99.31626296, 39.88930595 ], [ -99.32547158, 39.89655607 ], [ -99.34896505, 39.91747078 ], [ -99.36149915, 39.92925817 ], [ -99.38166715, 39.95203068 ], [ -99.39008581, 39.96196028 ], [ -99.41178913, 39.99466236 ], [ -99.41436925, 39.99972375 ], [ -99.42970584, 40.02736446 ], [ -99.4431715, 40.06006655 ], [ -99.44707133, 40.0733798 ], [ -99.45353429, 40.09276865 ], [ -99.46091146, 40.12547074 ], [ -99.46568733, 40.15817284 ], [ -99.46611501, 40.19087492 ] ], [ [ -99.39047, 40.15817284 ], [ -99.38166715, 40.18227586 ], [ -99.3781645, 40.19087492 ], [ -99.34896505, 40.21353133 ], [ -99.33483847, 40.22357703 ], [ -99.31626296, 40.23195821 ], [ -99.28356086, 40.2455795 ], [ -99.25598946, 40.25627913 ], [ -99.25085876, 40.25844578 ], [ -99.21815666, 40.27129759 ], [ -99.18545457, 40.28163817 ], [ -99.15835866, 40.28898122 ], [ -99.15275249, 40.29085862 ], [ -99.12005039, 40.30090354 ], [ -99.08734829, 40.30884585 ], [ -99.05464619, 40.31502285 ], [ -99.0219441, 40.31988835 ], [ -99.00898317, 40.32168332 ], [ -98.989242, 40.32516931 ], [ -98.9565399, 40.33060177 ], [ -98.9238378, 40.33562069 ], [ -98.89113573, 40.34001874 ], [ -98.85843363, 40.3436416 ], [ -98.82573153, 40.34672262 ], [ -98.79302943, 40.34936913 ], [ -98.76032734, 40.35094037 ], [ -98.72762524, 40.35118525 ], [ -98.69492314, 40.34953163 ], [ -98.66222104, 40.34467317 ], [ -98.62951897, 40.33223933 ], [ -98.61651946, 40.32168332 ], [ -98.59681687, 40.29566506 ], [ -98.59153144, 40.28898122 ], [ -98.5685696, 40.25627913 ], [ -98.56411477, 40.24794659 ], [ -98.54764225, 40.22357703 ], [ -98.53406671, 40.19087492 ], [ -98.53387483, 40.15817284 ], [ -98.5551309, 40.12547074 ], [ -98.56411477, 40.11923695 ], [ -98.59417008, 40.09276865 ], [ -98.59681687, 40.09115712 ], [ -98.62951897, 40.06754587 ], [ -98.63922373, 40.06006655 ], [ -98.66222104, 40.04497638 ], [ -98.68663176, 40.02736446 ], [ -98.69492314, 40.02052024 ], [ -98.71924893, 39.99466236 ], [ -98.72762524, 39.98421361 ], [ -98.74418431, 39.96196028 ], [ -98.76032734, 39.9377231 ], [ -98.76574079, 39.92925817 ], [ -98.78488035, 39.89655607 ], [ -98.79302943, 39.88342949 ], [ -98.80750753, 39.86385398 ], [ -98.82573153, 39.84166799 ], [ -98.8378427, 39.83115188 ], [ -98.85843363, 39.81428315 ], [ -98.88977736, 39.7984498 ], [ -98.89113573, 39.79777972 ], [ -98.9238378, 39.78875094 ], [ -98.9565399, 39.7853296 ], [ -98.989242, 39.78634949 ], [ -99.0219441, 39.79113994 ], [ -99.05105696, 39.7984498 ], [ -99.05464619, 39.79936724 ], [ -99.08734829, 39.81071088 ], [ -99.12005039, 39.82513459 ], [ -99.13231559, 39.83115188 ], [ -99.15275249, 39.8415997 ], [ -99.18545457, 39.85991692 ], [ -99.19206507, 39.86385398 ], [ -99.21815666, 39.88049771 ], [ -99.24145395, 39.89655607 ], [ -99.25085876, 39.90373619 ], [ -99.28212181, 39.92925817 ], [ -99.28356086, 39.93061659 ], [ -99.31484015, 39.96196028 ], [ -99.31626296, 39.96371535 ], [ -99.34007999, 39.99466236 ], [ -99.34896505, 40.01036034 ], [ -99.35822408, 40.02736446 ], [ -99.37078944, 40.06006655 ], [ -99.37963266, 40.09276865 ], [ -99.38166715, 40.10362719 ], [ -99.38608452, 40.12547074 ], [ -99.39047, 40.15817284 ] ] ] } },
{ "type": "Feature", "properties": { "Lower": 56.0 }, "geometry": { "type": "Polygon", "coordinates": [ [ [ -104.32786067, 37.50930313 ], [ -104.32785942, 37.54200524 ], [ -104.31968351, 37.55189252 ], [ -104.28698141, 37.55991843 ], [ -104.25427932, 37.56807339 ], [ -104.22806228, 37.57470732 ], [ -104.22157722, 37.5763352 ], [ -104.18887514, 37.58458244 ], [ -104.15617304, 37.59302744 ], [ -104.12347095, 37.60164932 ], [ -104.10158286, 37.60740942 ], [ -104.09076885, 37.61020985 ], [ -104.05806675, 37.61893863 ], [ -104.02536465, 37.62774882 ], [ -103.99266256, 37.63676167 ], [ -103.98057329, 37.64011151 ], [ -103.95996046, 37.64568881 ], [ -103.92725838, 37.65479389 ], [ -103.89455628, 37.66402762 ], [ -103.86386452, 37.67281361 ], [ -103.86185419, 37.67337376 ], [ -103.82915209, 37.68269759 ], [ -103.79644999, 37.6921987 ], [ -103.76374789, 37.70186024 ], [ -103.75168458, 37.7055157 ], [ -103.73104579, 37.71154148 ], [ -103.6983437, 37.72115261 ], [ -103.6656416, 37.73107455 ], [ -103.64263284, 37.7382178 ], [ -103.63293952, 37.74111221 ], [ -103.60023742, 37.75101592 ], [ -103.56753533, 37.76115276 ], [ -103.53676315, 37.77091988 ], [ -103.53483323, 37.77150454 ], [ -103.50213113, 37.78162644 ], [ -103.46942903, 37.79147645 ], [ -103.43672694, 37.80114964 ], [ -103.42798972, 37.80362199 ], [ -103.40402484, 37.81001297 ], [ -103.37132276, 37.81834713 ], [ -103.33862066, 37.82624979 ], [ -103.30591857, 37.83348575 ], [ -103.29232606, 37.83632409 ], [ -103.27321647, 37.84002092 ], [ -103.24051437, 37.84566034 ], [ -103.20781227, 37.85065204 ], [ -103.17511018, 37.85486006 ], [ -103.14240808, 37.85832966 ], [ -103.109706, 37.86096901 ], [ -103.0770039, 37.86270719 ], [ -103.0443018, 37.86352596 ], [ -103.01159971, 37.86345672 ], [ -102.97889761, 37.86250548 ], [ -102.94619551, 37.86086638 ], [ -102.91349341, 37.85858546 ], [ -102.88079132, 37.85566437 ], [ -102.84808924, 37.85210353 ], [ -102.81538714, 37.84794528 ], [ -102.78268504, 37.84327618 ], [ -102.74998295, 37.8381201 ], [ -102.73982185, 37.83632409 ], [ -102.71728085, 37.8322424 ], [ -102.68457875, 37.82561705 ], [ -102.65187665, 37.81832308 ], [ -102.61917456, 37.81036373 ], [ -102.59419279, 37.80362199 ], [ -102.58647248, 37.80144924 ], [ -102.55377038, 37.79085615 ], [ -102.52106828, 37.77921324 ], [ -102.50058147, 37.77091988 ], [ -102.48836619, 37.76580228 ], [ -102.45566409, 37.74964145 ], [ -102.43587478, 37.7382178 ], [ -102.42296199, 37.73070569 ], [ -102.39025989, 37.70746852 ], [ -102.38800184, 37.7055157 ], [ -102.35755779, 37.67876621 ], [ -102.35045611, 37.67281361 ], [ -102.32485572, 37.65038488 ], [ -102.31205177, 37.64011151 ], [ -102.29215362, 37.62338966 ], [ -102.27101356, 37.60740942 ], [ -102.25945152, 37.59824468 ], [ -102.22809088, 37.57470732 ], [ -102.22674942, 37.57362072 ], [ -102.19609845, 37.54200524 ], [ -102.19404733, 37.53954555 ], [ -102.17129622, 37.50930313 ], [ -102.16134523, 37.4953774 ], [ -102.146058, 37.47660103 ], [ -102.12864313, 37.44893653 ], [ -102.12601018, 37.44389894 ], [ -102.12539995, 37.41119684 ], [ -102.12864313, 37.4028818 ], [ -102.13746678, 37.37849476 ], [ -102.15685276, 37.34579265 ], [ -102.16134523, 37.34057625 ], [ -102.18447282, 37.31309057 ], [ -102.19404733, 37.3022137 ], [ -102.21003396, 37.28038846 ], [ -102.21064976, 37.24768638 ], [ -102.20558826, 37.21498427 ], [ -102.20010671, 37.18228217 ], [ -102.19404733, 37.15014989 ], [ -102.19395918, 37.14958009 ], [ -102.18966506, 37.11687798 ], [ -102.18804439, 37.0841759 ], [ -102.19082497, 37.05147379 ], [ -102.19404733, 37.03760597 ], [ -102.20121668, 37.01877171 ], [ -102.2186609, 36.98606961 ], [ -102.22674942, 36.97341669 ], [ -102.2425916, 36.95336752 ], [ -102.25945152, 36.93339742 ], [ -102.27161669, 36.92066542 ], [ -102.29215362, 36.89966108 ], [ -102.3044584, 36.88796331 ], [ -102.32485572, 36.86868183 ], [ -102.33986191, 36.85526123 ], [ -102.35755779, 36.83931491 ], [ -102.3788466, 36.82255913 ], [ -102.39025989, 36.81325762 ], [ -102.42253658, 36.78985704 ], [ -102.42296199, 36.78954261 ], [ -102.45566409, 36.76837692 ], [ -102.47354893, 36.75715494 ], [ -102.48836619, 36.74762944 ], [ -102.52106828, 36.72736645 ], [ -102.52593576, 36.72445285 ], [ -102.55377038, 36.70738638 ], [ -102.57917047, 36.69175075 ], [ -102.58647248, 36.68714374 ], [ -102.61917456, 36.66679228 ], [ -102.6315774, 36.65904867 ], [ -102.65187665, 36.64610124 ], [ -102.68220536, 36.62634656 ], [ -102.68457875, 36.62475769 ], [ -102.71728085, 36.60299546 ], [ -102.73120499, 36.59364446 ], [ -102.74998295, 36.58069227 ], [ -102.77812518, 36.56094237 ], [ -102.78268504, 36.55764292 ], [ -102.81538714, 36.53395863 ], [ -102.82316409, 36.52824027 ], [ -102.84808924, 36.50935761 ], [ -102.86609062, 36.49553819 ], [ -102.88079132, 36.48390031 ], [ -102.90682772, 36.46283608 ], [ -102.91349341, 36.45726939 ], [ -102.94557366, 36.430134 ], [ -102.94619551, 36.42958842 ], [ -102.97889761, 36.40070294 ], [ -102.98254002, 36.39743189 ], [ -103.01159971, 36.37038028 ], [ -103.01759128, 36.36472981 ], [ -103.0443018, 36.33824777 ], [ -103.05054859, 36.3320277 ], [ -103.0770039, 36.30413659 ], [ -103.08154754, 36.29932562 ], [ -103.109706, 36.26794837 ], [ -103.1108899, 36.26662352 ], [ -103.13857371, 36.23392141 ], [ -103.14240808, 36.22914317 ], [ -103.16472482, 36.20121933 ], [ -103.17511018, 36.18737232 ], [ -103.18930942, 36.16851722 ], [ -103.20781227, 36.14222281 ], [ -103.21234004, 36.13581514 ], [ -103.23404006, 36.10311304 ], [ -103.24051437, 36.092671 ], [ -103.25442756, 36.07041095 ], [ -103.27321647, 36.03877621 ], [ -103.27384459, 36.03770885 ], [ -103.29100198, 36.00500676 ], [ -103.30591857, 35.97481239 ], [ -103.30717238, 35.97230466 ], [ -103.32227067, 35.93960256 ], [ -103.33575925, 35.90690047 ], [ -103.33862066, 35.89915917 ], [ -103.34803012, 35.87419837 ], [ -103.35886926, 35.84149628 ], [ -103.36809186, 35.80879418 ], [ -103.37132276, 35.79512836 ], [ -103.37591238, 35.7760921 ], [ -103.38211705, 35.74338999 ], [ -103.38658057, 35.71068791 ], [ -103.38915575, 35.6779858 ], [ -103.3897432, 35.6452837 ], [ -103.38819594, 35.61258162 ], [ -103.38423219, 35.57987951 ], [ -103.37766431, 35.54717743 ], [ -103.37132276, 35.52559836 ], [ -103.36806728, 35.51447532 ], [ -103.35517739, 35.48177324 ], [ -103.33862066, 35.45144065 ], [ -103.33729414, 35.44907114 ], [ -103.31335933, 35.41636905 ], [ -103.30591857, 35.40827178 ], [ -103.28278724, 35.38366695 ], [ -103.27321647, 35.37525871 ], [ -103.24504503, 35.35096484 ], [ -103.24051437, 35.34761406 ], [ -103.20781227, 35.32374801 ], [ -103.20016837, 35.31826276 ], [ -103.17511018, 35.30248309 ], [ -103.14760096, 35.28556065 ], [ -103.14240808, 35.28271469 ], [ -103.109706, 35.26486492 ], [ -103.08721519, 35.25285857 ], [ -103.0770039, 35.24791532 ], [ -103.0443018, 35.23219459 ], [ -103.01858652, 35.22015647 ], [ -103.01159971, 35.21715 ], [ -102.97889761, 35.20310083 ], [ -102.94619551, 35.18940828 ], [ -102.94151507, 35.18745438 ], [ -102.91349341, 35.17660107 ], [ -102.88079132, 35.16421065 ], [ -102.85536634, 35.15475228 ], [ -102.84808924, 35.1522181 ], [ -102.81538714, 35.14088511 ], [ -102.78268504, 35.12984425 ], [ -102.75912554, 35.12205019 ], [ -102.74998295, 35.11918906 ], [ -102.71728085, 35.10900933 ], [ -102.68457875, 35.09911908 ], [ -102.65187665, 35.08953818 ], [ -102.65123016, 35.08934809 ], [ -102.61917456, 35.08038686 ], [ -102.58647248, 35.0715511 ], [ -102.55377038, 35.06298558 ], [ -102.52898584, 35.05664599 ], [ -102.52106828, 35.05470608 ], [ -102.48836619, 35.04678219 ], [ -102.45566409, 35.03913519 ], [ -102.42296199, 35.03170532 ], [ -102.39025989, 35.02453911 ], [ -102.38752361, 35.0239439 ], [ -102.35755779, 35.01754537 ], [ -102.32485572, 35.01060384 ], [ -102.29215362, 35.00353213 ], [ -102.25945152, 34.99598865 ], [ -102.22674942, 34.99344384 ], [ -102.19404733, 34.99639155 ], [ -102.16134523, 35.00108308 ], [ -102.12864313, 35.00800167 ], [ -102.09594103, 35.01811997 ], [ -102.0809018, 35.0239439 ], [ -102.06323896, 35.03073107 ], [ -102.03053686, 35.04651834 ], [ -102.01302102, 35.05664599 ], [ -101.99783476, 35.06598392 ], [ -101.96586605, 35.08934809 ], [ -101.96513266, 35.08994262 ], [ -101.93243057, 35.11610903 ], [ -101.92420937, 35.12205019 ], [ -101.89972847, 35.1458873 ], [ -101.8871586, 35.15475228 ], [ -101.86702637, 35.1788381 ], [ -101.8530412, 35.18745438 ], [ -101.83432427, 35.20076865 ], [ -101.80162219, 35.19624798 ], [ -101.7689201, 35.1900777 ], [ -101.75642007, 35.18745438 ], [ -101.736218, 35.18362165 ], [ -101.7035159, 35.17786083 ], [ -101.6708138, 35.17312901 ], [ -101.63811171, 35.16929295 ], [ -101.60540961, 35.16650318 ], [ -101.57270751, 35.16507628 ], [ -101.54000543, 35.16500073 ], [ -101.50730334, 35.16581191 ], [ -101.47460124, 35.16733605 ], [ -101.44189914, 35.16971147 ], [ -101.40919704, 35.1730337 ], [ -101.37649495, 35.17739324 ], [ -101.34379285, 35.18287014 ], [ -101.32109147, 35.18745438 ], [ -101.31109075, 35.18941493 ], [ -101.27838867, 35.19695118 ], [ -101.24568658, 35.20574609 ], [ -101.21298448, 35.21593468 ], [ -101.20077558, 35.22015647 ], [ -101.18028238, 35.22718547 ], [ -101.14758028, 35.23971752 ], [ -101.11714049, 35.25285857 ], [ -101.11487819, 35.25386465 ], [ -101.08217609, 35.26949258 ], [ -101.05204825, 35.28556065 ], [ -101.04947399, 35.28699081 ], [ -101.01677191, 35.30615675 ], [ -100.99770754, 35.31826276 ], [ -100.98406981, 35.32734049 ], [ -100.95136772, 35.35066381 ], [ -100.95095949, 35.35096484 ], [ -100.91866562, 35.3766715 ], [ -100.91029524, 35.38366695 ], [ -100.88596352, 35.40588709 ], [ -100.87493796, 35.41636905 ], [ -100.85326142, 35.43938249 ], [ -100.84441099, 35.44907114 ], [ -100.82055933, 35.47870665 ], [ -100.81815417, 35.48177324 ], [ -100.79537333, 35.51447532 ], [ -100.78785723, 35.52679914 ], [ -100.77563039, 35.54717743 ], [ -100.75868025, 35.57987951 ], [ -100.75515515, 35.5875694 ], [ -100.74382395, 35.61258162 ], [ -100.73107073, 35.6452837 ], [ -100.72245305, 35.67105497 ], [ -100.72015008, 35.6779858 ], [ -100.71057214, 35.71068791 ], [ -100.70259102, 35.74338999 ], [ -100.69606041, 35.7760921 ], [ -100.69073016, 35.80879418 ], [ -100.68975096, 35.81614806 ], [ -100.68634854, 35.84149628 ], [ -100.68284031, 35.87419837 ], [ -100.68015049, 35.90690047 ], [ -100.67822644, 35.93960256 ], [ -100.67691751, 35.97230466 ], [ -100.67618883, 36.00500676 ], [ -100.67596445, 36.03770885 ], [ -100.67616189, 36.07041095 ], [ -100.67673917, 36.10311304 ], [ -100.67763153, 36.13581514 ], [ -100.67880831, 36.16851722 ], [ -100.68015831, 36.20121933 ], [ -100.68170599, 36.23392141 ], [ -100.6833245, 36.26662352 ], [ -100.68498305, 36.29932562 ], [ -100.68664521, 36.3320277 ], [ -100.68819588, 36.36472981 ], [ -100.68948527, 36.39743189 ], [ -100.68975096, 36.40409979 ], [ -100.69075521, 36.430134 ], [ -100.691584, 36.46283608 ], [ -100.69202013, 36.49553819 ], [ -100.69174212, 36.52824027 ], [ -100.69027586, 36.56094237 ], [ -100.68975096, 36.5674367 ], [ -100.6875194, 36.59364446 ], [ -100.68334447, 36.62634656 ], [ -100.67768604, 36.65904867 ], [ -100.67038897, 36.69175075 ], [ -100.66133831, 36.72445285 ], [ -100.65704886, 36.73742789 ], [ -100.65007607, 36.75715494 ], [ -100.63639342, 36.78985704 ], [ -100.62434676, 36.8145559 ], [ -100.62012748, 36.82255913 ], [ -100.60041979, 36.85526123 ], [ -100.59164466, 36.86810056 ], [ -100.57678653, 36.88796331 ], [ -100.55894257, 36.9092221 ], [ -100.54844469, 36.92066542 ], [ -100.52624047, 36.94329819 ], [ -100.51563137, 36.95336752 ], [ -100.49353839, 36.97355734 ], [ -100.4790428, 36.98606961 ], [ -100.46083629, 37.00134618 ], [ -100.43816066, 37.01877171 ], [ -100.42813419, 37.02645158 ], [ -100.3954321, 37.05080961 ], [ -100.39455787, 37.05147379 ], [ -100.36273, 37.07760611 ], [ -100.35534386, 37.0841759 ], [ -100.3300279, 37.10862389 ], [ -100.32162984, 37.11687798 ], [ -100.2973258, 37.14018841 ], [ -100.28711832, 37.14958009 ], [ -100.26462371, 37.16921829 ], [ -100.24902953, 37.18228217 ], [ -100.23192163, 37.19578078 ], [ -100.20668056, 37.21498427 ], [ -100.19921953, 37.22039118 ], [ -100.16651743, 37.24340597 ], [ -100.16022502, 37.24768638 ], [ -100.13381534, 37.26515862 ], [ -100.1098567, 37.28038846 ], [ -100.10111324, 37.28586299 ], [ -100.06841114, 37.30535655 ], [ -100.05460167, 37.31309057 ], [ -100.03570904, 37.32360832 ], [ -100.00300695, 37.34042362 ], [ -99.99145486, 37.34579265 ], [ -99.97030487, 37.35569666 ], [ -99.93760277, 37.36909731 ], [ -99.91020435, 37.37849476 ], [ -99.90490067, 37.38035646 ], [ -99.87219858, 37.38926575 ], [ -99.83949648, 37.39529366 ], [ -99.80679438, 37.39795867 ], [ -99.77409228, 37.39679514 ], [ -99.74139018, 37.39140898 ], [ -99.70868809, 37.38140587 ], [ -99.70218776, 37.37849476 ], [ -99.67598601, 37.36671799 ], [ -99.64328391, 37.34714448 ], [ -99.64145914, 37.34579265 ], [ -99.61058181, 37.32308572 ], [ -99.59912284, 37.31309057 ], [ -99.57787972, 37.29486028 ], [ -99.56308941, 37.28038846 ], [ -99.54517762, 37.26317175 ], [ -99.53061671, 37.24768638 ], [ -99.51247552, 37.22889054 ], [ -99.50006219, 37.21498427 ], [ -99.47977342, 37.19290041 ], [ -99.47056892, 37.18228217 ], [ -99.44707133, 37.15592363 ], [ -99.44163653, 37.14958009 ], [ -99.41436925, 37.11865698 ], [ -99.41284299, 37.11687798 ], [ -99.38409403, 37.0841759 ], [ -99.38166715, 37.0814756 ], [ -99.35507188, 37.05147379 ], [ -99.34896505, 37.04472029 ], [ -99.32559717, 37.01877171 ], [ -99.31626296, 37.00859137 ], [ -99.29552824, 36.98606961 ], [ -99.28356086, 36.97328005 ], [ -99.26459119, 36.95336752 ], [ -99.25085876, 36.93913956 ], [ -99.23264743, 36.92066542 ], [ -99.21815666, 36.90600789 ], [ -99.1993546, 36.88796331 ], [ -99.18545457, 36.87450719 ], [ -99.16433928, 36.85526123 ], [ -99.15275249, 36.8444169 ], [ -99.12801949, 36.82255913 ], [ -99.12005039, 36.81524382 ], [ -99.09102411, 36.78985704 ], [ -99.08734829, 36.78644679 ], [ -99.05464619, 36.75757257 ], [ -99.05415915, 36.75715494 ], [ -99.0219441, 36.72677994 ], [ -99.01939164, 36.72445285 ], [ -98.989242, 36.6936953 ], [ -98.98733588, 36.69175075 ], [ -98.95963575, 36.65904867 ], [ -98.9565399, 36.65478782 ], [ -98.93571587, 36.62634656 ], [ -98.9238378, 36.60816186 ], [ -98.91356332, 36.59364446 ], [ -98.89206401, 36.56094237 ], [ -98.89113573, 36.55939195 ], [ -98.87077259, 36.52824027 ], [ -98.85843363, 36.50610104 ], [ -98.85229307, 36.49553819 ], [ -98.83840217, 36.46283608 ], [ -98.82918443, 36.430134 ], [ -98.82573153, 36.41153092 ], [ -98.82298726, 36.39743189 ], [ -98.81865833, 36.36472981 ], [ -98.81557436, 36.3320277 ], [ -98.8132545, 36.29932562 ], [ -98.81205734, 36.26662352 ], [ -98.8117529, 36.23392141 ], [ -98.81211193, 36.20121933 ], [ -98.81279487, 36.16851722 ], [ -98.81338603, 36.13581514 ], [ -98.81392463, 36.10311304 ], [ -98.81426145, 36.07041095 ], [ -98.81423152, 36.03770885 ], [ -98.81360557, 36.00500676 ], [ -98.8121419, 35.97230466 ], [ -98.80978832, 35.93960256 ], [ -98.80629914, 35.90690047 ], [ -98.80140924, 35.87419837 ], [ -98.79479071, 35.84149628 ], [ -98.79302943, 35.83476197 ], [ -98.78590928, 35.80879418 ], [ -98.7739607, 35.7760921 ], [ -98.76032734, 35.7483361 ], [ -98.75770641, 35.74338999 ], [ -98.73552526, 35.71068791 ], [ -98.72762524, 35.70161557 ], [ -98.70495622, 35.6779858 ], [ -98.69492314, 35.66950509 ], [ -98.66395856, 35.6452837 ], [ -98.66222104, 35.64412959 ], [ -98.62951897, 35.62225265 ], [ -98.61526662, 35.61258162 ], [ -98.59681687, 35.60108844 ], [ -98.56545379, 35.57987951 ], [ -98.56411477, 35.57900626 ], [ -98.53141267, 35.55420288 ], [ -98.52352854, 35.54717743 ], [ -98.49871058, 35.52415038 ], [ -98.4902099, 35.51447532 ], [ -98.46600848, 35.48431924 ], [ -98.46437857, 35.48177324 ], [ -98.44501621, 35.44907114 ], [ -98.43330638, 35.42916934 ], [ -98.42737452, 35.41636905 ], [ -98.41208942, 35.38366695 ], [ -98.40060428, 35.35665313 ], [ -98.39697829, 35.35096484 ], [ -98.3679022, 35.32416645 ], [ -98.33520011, 35.33029617 ], [ -98.30249801, 35.33021381 ], [ -98.26979591, 35.33325739 ], [ -98.23709381, 35.34436591 ], [ -98.22734893, 35.35096484 ], [ -98.20439172, 35.37468051 ], [ -98.19887051, 35.38366695 ], [ -98.18567846, 35.41636905 ], [ -98.17751693, 35.44907114 ], [ -98.17168962, 35.47479396 ], [ -98.17030441, 35.48177324 ], [ -98.16065875, 35.51447532 ], [ -98.14356615, 35.54717743 ], [ -98.13898752, 35.55131866 ], [ -98.11065018, 35.57987951 ], [ -98.10628544, 35.5831796 ], [ -98.07358335, 35.61119931 ], [ -98.07217149, 35.61258162 ], [ -98.04136269, 35.6452837 ], [ -98.04088125, 35.64579014 ], [ -98.00817915, 35.67071159 ], [ -97.9787261, 35.6779858 ], [ -97.97547705, 35.67865994 ], [ -97.96963949, 35.6779858 ], [ -97.94277496, 35.67364363 ], [ -97.91007286, 35.66005266 ], [ -97.88393929, 35.6452837 ], [ -97.87737076, 35.6403781 ], [ -97.84840098, 35.61258162 ], [ -97.84466868, 35.60759205 ], [ -97.82711212, 35.57987951 ], [ -97.81196658, 35.54768151 ], [ -97.81176233, 35.54717743 ], [ -97.80145434, 35.51447532 ], [ -97.79382148, 35.48177324 ], [ -97.7884839, 35.44907114 ], [ -97.78518275, 35.41636905 ], [ -97.78377822, 35.38366695 ], [ -97.78423969, 35.35096484 ], [ -97.78653766, 35.31826276 ], [ -97.79071605, 35.28556065 ], [ -97.79687802, 35.25285857 ], [ -97.8052261, 35.22015647 ], [ -97.81196658, 35.19961397 ], [ -97.81735544, 35.18745438 ], [ -97.83272639, 35.15475228 ], [ -97.84466868, 35.12788242 ], [ -97.84858569, 35.12205019 ], [ -97.8671173, 35.08934809 ], [ -97.87737076, 35.0656912 ], [ -97.88476408, 35.05664599 ], [ -97.90357649, 35.0239439 ], [ -97.91007286, 35.00436995 ], [ -97.92566305, 34.9912418 ], [ -97.94277496, 34.96315639 ], [ -97.95563728, 34.95853971 ], [ -97.97547705, 34.95707822 ], [ -98.00817915, 34.95195944 ], [ -98.04088125, 34.94603993 ], [ -98.07358335, 34.94008085 ], [ -98.10628544, 34.93412251 ], [ -98.13898752, 34.92804517 ], [ -98.14858376, 34.92583761 ], [ -98.17168962, 34.92231197 ], [ -98.20439172, 34.91530782 ], [ -98.23709381, 34.90562814 ], [ -98.26728418, 34.89313553 ], [ -98.26979591, 34.89227513 ], [ -98.30249801, 34.87650684 ], [ -98.32823735, 34.86043342 ], [ -98.33520011, 34.85675433 ], [ -98.3679022, 34.83562712 ], [ -98.37874679, 34.82773134 ], [ -98.40060428, 34.81379336 ], [ -98.42946024, 34.79502923 ], [ -98.43330638, 34.7927258 ], [ -98.46600848, 34.77437224 ], [ -98.48962706, 34.76232713 ], [ -98.49871058, 34.75787719 ], [ -98.53141267, 34.7440451 ], [ -98.56411477, 34.7330309 ], [ -98.57739004, 34.72962505 ], [ -98.59681687, 34.72474093 ], [ -98.62951897, 34.71918425 ], [ -98.66222104, 34.71642337 ], [ -98.69492314, 34.71671947 ], [ -98.72762524, 34.71984385 ], [ -98.76032734, 34.72306346 ], [ -98.79302943, 34.72610332 ], [ -98.82030138, 34.72962505 ], [ -98.82573153, 34.73044087 ], [ -98.85843363, 34.7397391 ], [ -98.89113573, 34.75439143 ], [ -98.90469135, 34.76232713 ], [ -98.9238378, 34.77872982 ], [ -98.93876337, 34.79502923 ], [ -98.95255191, 34.82773134 ], [ -98.9565399, 34.84690056 ], [ -98.95938265, 34.86043342 ], [ -98.9634266, 34.89313553 ], [ -98.9664985, 34.92583761 ], [ -98.97032551, 34.95853971 ], [ -98.974972, 34.9912418 ], [ -98.9802223, 35.0239439 ], [ -98.98599143, 35.05664599 ], [ -98.989242, 35.07418231 ], [ -98.99247958, 35.08934809 ], [ -98.99974255, 35.12205019 ], [ -99.00763989, 35.15475228 ], [ -99.01636116, 35.18745438 ], [ -99.0219441, 35.20651617 ], [ -99.02665816, 35.22015647 ], [ -99.03956081, 35.25285857 ], [ -99.05464619, 35.28282435 ], [ -99.05636415, 35.28556065 ], [ -99.08092527, 35.31826276 ], [ -99.08734829, 35.32531409 ], [ -99.11909631, 35.35096484 ], [ -99.12005039, 35.35162151 ], [ -99.15275249, 35.36851663 ], [ -99.18545457, 35.37945974 ], [ -99.20518562, 35.38366695 ], [ -99.21815666, 35.38620277 ], [ -99.25085876, 35.38987192 ], [ -99.28356086, 35.39113196 ], [ -99.31626296, 35.39041108 ], [ -99.34896505, 35.38802179 ], [ -99.38166715, 35.38409839 ], [ -99.38425135, 35.38366695 ], [ -99.41436925, 35.37873407 ], [ -99.44707133, 35.37203579 ], [ -99.47977342, 35.36401863 ], [ -99.51247552, 35.35471775 ], [ -99.5239064, 35.35096484 ], [ -99.54517762, 35.34393409 ], [ -99.57787972, 35.33175023 ], [ -99.60985807, 35.31826276 ], [ -99.61058181, 35.31795114 ], [ -99.64328391, 35.30240327 ], [ -99.67495474, 35.28556065 ], [ -99.67598601, 35.28499216 ], [ -99.70868809, 35.26533026 ], [ -99.72750175, 35.25285857 ], [ -99.74139018, 35.24317783 ], [ -99.77150878, 35.22015647 ], [ -99.77409228, 35.21806147 ], [ -99.80679438, 35.18928357 ], [ -99.8087252, 35.18745438 ], [ -99.83949648, 35.15572873 ], [ -99.84037824, 35.15475228 ], [ -99.86639042, 35.12205019 ], [ -99.87219858, 35.11342664 ], [ -99.88747491, 35.08934809 ], [ -99.90414956, 35.05664599 ], [ -99.90490067, 35.05479712 ], [ -99.91677981, 35.0239439 ], [ -99.92558184, 34.9912418 ], [ -99.9309969, 34.95853971 ], [ -99.9330834, 34.92583761 ], [ -99.93294759, 34.89313553 ], [ -99.93172402, 34.86043342 ], [ -99.92970728, 34.82773134 ], [ -99.92723568, 34.79502923 ], [ -99.92458987, 34.76232713 ], [ -99.92215941, 34.72962505 ], [ -99.92093328, 34.69692294 ], [ -99.9210821, 34.66422086 ], [ -99.92239156, 34.63151875 ], [ -99.92439647, 34.59881667 ], [ -99.9265815, 34.56611457 ], [ -99.92860246, 34.53341248 ], [ -99.93004594, 34.50071038 ], [ -99.93057325, 34.46800827 ], [ -99.92983679, 34.43530619 ], [ -99.92748886, 34.40260408 ], [ -99.92312799, 34.369902 ], [ -99.91627269, 34.3371999 ], [ -99.9062197, 34.30449781 ], [ -99.90490067, 34.30125027 ], [ -99.89430462, 34.27179571 ], [ -99.87790174, 34.23909363 ], [ -99.87219858, 34.23033606 ], [ -99.85834887, 34.20639152 ], [ -99.83949648, 34.18273473 ], [ -99.83323046, 34.17368942 ], [ -99.80679438, 34.14633667 ], [ -99.80239175, 34.14098733 ], [ -99.77409228, 34.11503368 ], [ -99.7688241, 34.10828523 ], [ -99.74168957, 34.07558314 ], [ -99.74139018, 34.07523245 ], [ -99.71033779, 34.04288104 ], [ -99.70868809, 34.04175741 ], [ -99.67598601, 34.03265849 ], [ -99.64328391, 34.01920704 ], [ -99.62660817, 34.01017896 ], [ -99.61058181, 33.98350895 ], [ -99.60718065, 33.97747685 ], [ -99.60882938, 33.94477477 ], [ -99.61058181, 33.94039665 ], [ -99.62221912, 33.91207266 ], [ -99.64232624, 33.87937058 ], [ -99.64328391, 33.8780689 ], [ -99.66941069, 33.84666848 ], [ -99.67598601, 33.83915542 ], [ -99.69488618, 33.81396637 ], [ -99.70868809, 33.79048751 ], [ -99.71269231, 33.78126429 ], [ -99.72508105, 33.74856218 ], [ -99.73478908, 33.7158601 ], [ -99.74139018, 33.68704695 ], [ -99.74227454, 33.683158 ], [ -99.74784333, 33.65045591 ], [ -99.75078637, 33.61775381 ], [ -99.75154753, 33.58505172 ], [ -99.7505435, 33.55234962 ], [ -99.74880393, 33.51964751 ], [ -99.74693544, 33.48694543 ], [ -99.74474102, 33.45424333 ], [ -99.74168694, 33.42154124 ], [ -99.74139018, 33.41955389 ], [ -99.73272327, 33.38883914 ], [ -99.70868809, 33.36789679 ], [ -99.67598601, 33.37951705 ], [ -99.66522379, 33.38883914 ], [ -99.64328391, 33.41023475 ], [ -99.63378182, 33.42154124 ], [ -99.61058181, 33.45026091 ], [ -99.60734144, 33.45424333 ], [ -99.58449654, 33.48694543 ], [ -99.57787972, 33.49738132 ], [ -99.56284726, 33.51964751 ], [ -99.54517762, 33.54589044 ], [ -99.54036161, 33.55234962 ], [ -99.516678, 33.58505172 ], [ -99.51247552, 33.59089209 ], [ -99.4907992, 33.61775381 ], [ -99.47977342, 33.63141717 ], [ -99.4619663, 33.65045591 ], [ -99.44707133, 33.66677944 ], [ -99.42921873, 33.683158 ], [ -99.41436925, 33.69744888 ], [ -99.39077724, 33.7158601 ], [ -99.38166715, 33.72349753 ], [ -99.34896505, 33.7447175 ], [ -99.33993134, 33.74856218 ], [ -99.31626296, 33.76019296 ], [ -99.28356086, 33.76590065 ], [ -99.25085876, 33.7553414 ], [ -99.241971, 33.74856218 ], [ -99.21815666, 33.72818345 ], [ -99.20551892, 33.7158601 ], [ -99.18545457, 33.69634349 ], [ -99.17213677, 33.683158 ], [ -99.15275249, 33.66447628 ], [ -99.13802036, 33.65045591 ], [ -99.12005039, 33.63387458 ], [ -99.10226361, 33.61775381 ], [ -99.08734829, 33.60454514 ], [ -99.06487156, 33.58505172 ], [ -99.05464619, 33.57634277 ], [ -99.02594468, 33.55234962 ], [ -99.0219441, 33.54902773 ], [ -98.989242, 33.52236587 ], [ -98.98584216, 33.51964751 ], [ -98.9565399, 33.49627217 ], [ -98.94467926, 33.48694543 ], [ -98.9238378, 33.47059377 ], [ -98.90275446, 33.45424333 ], [ -98.89113573, 33.44527353 ], [ -98.8601225, 33.42154124 ], [ -98.85843363, 33.42025465 ], [ -98.82573153, 33.39645148 ], [ -98.81379275, 33.38883914 ], [ -98.79302943, 33.37560017 ], [ -98.76032734, 33.35671071 ], [ -98.7592577, 33.35613706 ], [ -98.72762524, 33.33909286 ], [ -98.69737677, 33.32343495 ], [ -98.69492314, 33.32213423 ], [ -98.66222104, 33.30546822 ], [ -98.63311005, 33.29073287 ], [ -98.62951897, 33.28883547 ], [ -98.59681687, 33.27192834 ], [ -98.5700091, 33.25803076 ], [ -98.56411477, 33.25486685 ], [ -98.53141267, 33.23748863 ], [ -98.50855731, 33.22532866 ], [ -98.49871058, 33.21992432 ], [ -98.46600848, 33.20201684 ], [ -98.44887609, 33.19262657 ], [ -98.43330638, 33.18381023 ], [ -98.40060428, 33.16537401 ], [ -98.39091965, 33.15992447 ], [ -98.3679022, 33.14656435 ], [ -98.33520011, 33.12768977 ], [ -98.33438478, 33.12722239 ], [ -98.30249801, 33.10840441 ], [ -98.2788411, 33.09452028 ], [ -98.26979591, 33.08908705 ], [ -98.23709381, 33.06949542 ], [ -98.22418189, 33.0618182 ], [ -98.20439172, 33.04976633 ], [ -98.17168962, 33.0300836 ], [ -98.17008452, 33.02911609 ], [ -98.13898752, 33.00990245 ], [ -98.11728225, 32.99641401 ], [ -98.10628544, 32.98943061 ], [ -98.07358335, 32.96869998 ], [ -98.06578598, 32.96371191 ], [ -98.04088125, 32.94748194 ], [ -98.01560492, 32.9310098 ], [ -98.00817915, 32.92607829 ], [ -97.97547705, 32.90450914 ], [ -97.96606697, 32.89830772 ], [ -97.94277496, 32.88271875 ], [ -97.91720447, 32.86560561 ], [ -97.91007286, 32.86075725 ], [ -97.90189627, 32.83290353 ], [ -97.91007286, 32.82472692 ], [ -97.93459624, 32.80020143 ], [ -97.94277496, 32.79202271 ], [ -97.96729623, 32.76749934 ], [ -97.97547705, 32.7593185 ], [ -97.99999624, 32.73479724 ], [ -97.99999505, 32.70209515 ], [ -98.00817915, 32.69391103 ], [ -98.03269507, 32.66939305 ], [ -98.04088125, 32.66120689 ], [ -98.06539514, 32.63669095 ], [ -98.06539401, 32.60398886 ], [ -98.07358335, 32.59579954 ], [ -98.09809413, 32.57128676 ], [ -98.10628544, 32.56309548 ], [ -98.1307943, 32.53858467 ], [ -98.13898752, 32.53039144 ], [ -98.16349448, 32.50588257 ], [ -98.16349349, 32.47318049 ], [ -98.17168962, 32.46498435 ], [ -98.19619377, 32.44047838 ], [ -98.1962153, 32.44047838 ], [ -98.20439172, 32.47097907 ], [ -98.2067818, 32.47318049 ], [ -98.23709381, 32.50066554 ], [ -98.24265682, 32.50588257 ], [ -98.26979591, 32.53094401 ], [ -98.27780429, 32.53858467 ], [ -98.30249801, 32.56167387 ], [ -98.31240806, 32.57128676 ], [ -98.33520011, 32.59285564 ], [ -98.3466119, 32.60398886 ], [ -98.3679022, 32.62426526 ], [ -98.38050815, 32.63669095 ], [ -98.40060428, 32.65586094 ], [ -98.41445531, 32.66939305 ], [ -98.43330638, 32.68715467 ], [ -98.44865597, 32.70209515 ], [ -98.46600848, 32.71833556 ], [ -98.48305342, 32.73479724 ], [ -98.49871058, 32.7493591 ], [ -98.51762876, 32.76749934 ], [ -98.53141267, 32.78029479 ], [ -98.55197528, 32.80020143 ], [ -98.56411477, 32.81154723 ], [ -98.58623684, 32.83290353 ], [ -98.59681687, 32.842739 ], [ -98.62038162, 32.86560561 ], [ -98.62951897, 32.87412511 ], [ -98.65441012, 32.89830772 ], [ -98.66222104, 32.90558542 ], [ -98.68826754, 32.9310098 ], [ -98.69492314, 32.9372101 ], [ -98.72186411, 32.96371191 ], [ -98.72762524, 32.96911532 ], [ -98.75518017, 32.99641401 ], [ -98.76032734, 33.00128624 ], [ -98.78783112, 33.02911609 ], [ -98.79302943, 33.03410935 ], [ -98.82005318, 33.0618182 ], [ -98.82573153, 33.06738944 ], [ -98.85257274, 33.09452028 ], [ -98.85843363, 33.10021414 ], [ -98.88586811, 33.12722239 ], [ -98.89113573, 33.13220167 ], [ -98.92015798, 33.15992447 ], [ -98.9238378, 33.16328091 ], [ -98.95584486, 33.19262657 ], [ -98.9565399, 33.19323083 ], [ -98.989242, 33.22175125 ], [ -98.99335422, 33.22532866 ], [ -99.0219441, 33.24898044 ], [ -99.03274444, 33.25803076 ], [ -99.05464619, 33.27630568 ], [ -99.07154985, 33.29073287 ], [ -99.08734829, 33.3041884 ], [ -99.10945127, 33.32343495 ], [ -99.12005039, 33.33264462 ], [ -99.14638218, 33.35613706 ], [ -99.15275249, 33.36183258 ], [ -99.18219111, 33.38883914 ], [ -99.18545457, 33.39183293 ], [ -99.21703639, 33.42154124 ], [ -99.21815666, 33.42259282 ], [ -99.25085876, 33.453634 ], [ -99.25150074, 33.45424333 ], [ -99.28356086, 33.48385759 ], [ -99.28703555, 33.48694543 ], [ -99.31626296, 33.51179189 ], [ -99.32647526, 33.51964751 ], [ -99.34896505, 33.53641793 ], [ -99.37779602, 33.55234962 ], [ -99.38166715, 33.55425549 ], [ -99.41436925, 33.56024003 ], [ -99.44601903, 33.55234962 ], [ -99.44707133, 33.55212115 ], [ -99.47977342, 33.53049086 ], [ -99.4897152, 33.51964751 ], [ -99.51247552, 33.50028299 ], [ -99.52288187, 33.48694543 ], [ -99.54517762, 33.46422791 ], [ -99.55286958, 33.45424333 ], [ -99.57787972, 33.42578047 ], [ -99.5813581, 33.42154124 ], [ -99.60959761, 33.38883914 ], [ -99.61058181, 33.38776149 ], [ -99.63888043, 33.35613706 ], [ -99.64328391, 33.35153013 ], [ -99.67598601, 33.32674257 ], [ -99.6859983, 33.32343495 ], [ -99.70868809, 33.31676573 ], [ -99.74139018, 33.31688799 ], [ -99.75421311, 33.32343495 ], [ -99.77299307, 33.35613706 ], [ -99.77409228, 33.36320142 ], [ -99.77782716, 33.38883914 ], [ -99.78293049, 33.42154124 ], [ -99.78992976, 33.45424333 ], [ -99.79784391, 33.48694543 ], [ -99.80617762, 33.51964751 ], [ -99.80679438, 33.52215236 ], [ -99.81767598, 33.55234962 ], [ -99.82989439, 33.58505172 ], [ -99.83949648, 33.61002821 ], [ -99.84378031, 33.61775381 ], [ -99.8616679, 33.65045591 ], [ -99.87219858, 33.66891221 ], [ -99.88354283, 33.683158 ], [ -99.90490067, 33.70942777 ], [ -99.91142689, 33.7158601 ], [ -99.93760277, 33.74409467 ], [ -99.94209038, 33.74856218 ], [ -99.97030487, 33.77927224 ], [ -99.97222612, 33.78126429 ], [ -100.00122411, 33.81396637 ], [ -100.00300695, 33.81613367 ], [ -100.02845262, 33.84666848 ], [ -100.03570904, 33.85595675 ], [ -100.05400101, 33.87937058 ], [ -100.06841114, 33.89913269 ], [ -100.07772534, 33.91207266 ], [ -100.09832479, 33.94477477 ], [ -100.10111324, 33.94987768 ], [ -100.11591173, 33.97747685 ], [ -100.1318835, 34.01017896 ], [ -100.13381534, 34.01456831 ], [ -100.14580835, 34.04288104 ], [ -100.15845773, 34.07558314 ], [ -100.16651743, 34.09862888 ], [ -100.16975301, 34.10828523 ], [ -100.17949434, 34.14098733 ], [ -100.18804348, 34.17368942 ], [ -100.19545508, 34.20639152 ], [ -100.19921953, 34.22592793 ], [ -100.20169202, 34.23909363 ], [ -100.2071102, 34.27179571 ], [ -100.21153842, 34.30449781 ], [ -100.21509334, 34.3371999 ], [ -100.21775581, 34.369902 ], [ -100.21965117, 34.40260408 ], [ -100.2209732, 34.43530619 ], [ -100.22175715, 34.46800827 ], [ -100.2224112, 34.50071038 ], [ -100.22299162, 34.53341248 ], [ -100.22377604, 34.56611457 ], [ -100.22461983, 34.59881667 ], [ -100.22558717, 34.63151875 ], [ -100.22691193, 34.66422086 ], [ -100.22852109, 34.69692294 ], [ -100.23051337, 34.72962505 ], [ -100.23192163, 34.74925893 ], [ -100.23303234, 34.76232713 ], [ -100.23645652, 34.79502923 ], [ -100.24057829, 34.82773134 ], [ -100.24569137, 34.86043342 ], [ -100.25180121, 34.89313553 ], [ -100.25935316, 34.92583761 ], [ -100.26462371, 34.94635075 ], [ -100.26868671, 34.95853971 ], [ -100.27981979, 34.9912418 ], [ -100.28884149, 35.0239439 ], [ -100.29487196, 35.05664599 ], [ -100.2973258, 35.07312846 ], [ -100.30010869, 35.08934809 ], [ -100.30004518, 35.12205019 ], [ -100.2973258, 35.13427849 ], [ -100.29262492, 35.15475228 ], [ -100.27922654, 35.18745438 ], [ -100.26462371, 35.20609725 ], [ -100.25445771, 35.22015647 ], [ -100.23192163, 35.23995176 ], [ -100.21883784, 35.25285857 ], [ -100.19921953, 35.26649744 ], [ -100.17480829, 35.28556065 ], [ -100.16651743, 35.29048737 ], [ -100.13381534, 35.31225587 ], [ -100.12543743, 35.31826276 ], [ -100.10111324, 35.33248334 ], [ -100.07057112, 35.35096484 ], [ -100.06841114, 35.35207301 ], [ -100.03570904, 35.37035512 ], [ -100.01252667, 35.38366695 ], [ -100.00300695, 35.38849252 ], [ -99.97030487, 35.40616719 ], [ -99.95166024, 35.41636905 ], [ -99.93760277, 35.42339779 ], [ -99.90490067, 35.44022897 ], [ -99.8878481, 35.44907114 ], [ -99.87219858, 35.45670124 ], [ -99.83949648, 35.47296214 ], [ -99.82150164, 35.48177324 ], [ -99.80679438, 35.48873444 ], [ -99.77409228, 35.5035372 ], [ -99.74835239, 35.51447532 ], [ -99.74139018, 35.51739073 ], [ -99.70868809, 35.53061573 ], [ -99.67598601, 35.54302885 ], [ -99.66464337, 35.54717743 ], [ -99.64328391, 35.55503556 ], [ -99.61058181, 35.56667331 ], [ -99.57787972, 35.57783424 ], [ -99.5717785, 35.57987951 ], [ -99.54517762, 35.58905593 ], [ -99.51247552, 35.60015563 ], [ -99.47977342, 35.61124533 ], [ -99.47585524, 35.61258162 ], [ -99.44707133, 35.62295793 ], [ -99.41436925, 35.63499959 ], [ -99.3876084, 35.6452837 ], [ -99.38166715, 35.64775043 ], [ -99.34896505, 35.66195763 ], [ -99.31626296, 35.67734548 ], [ -99.31497308, 35.6779858 ], [ -99.28356086, 35.69545557 ], [ -99.25889927, 35.71068791 ], [ -99.25085876, 35.7163505 ], [ -99.21815666, 35.74197379 ], [ -99.21652051, 35.74338999 ], [ -99.18545457, 35.77530184 ], [ -99.18476378, 35.7760921 ], [ -99.16077756, 35.80879418 ], [ -99.15275249, 35.82239841 ], [ -99.14254908, 35.84149628 ], [ -99.12851686, 35.87419837 ], [ -99.12005039, 35.89946168 ], [ -99.11775017, 35.90690047 ], [ -99.1096039, 35.93960256 ], [ -99.10345682, 35.97230466 ], [ -99.09899129, 36.00500676 ], [ -99.09592052, 36.03770885 ], [ -99.09390247, 36.07041095 ], [ -99.09220169, 36.10311304 ], [ -99.09075893, 36.13581514 ], [ -99.08957627, 36.16851722 ], [ -99.08876214, 36.20121933 ], [ -99.08835699, 36.23392141 ], [ -99.0885303, 36.26662352 ], [ -99.08964023, 36.29932562 ], [ -99.09192751, 36.3320277 ], [ -99.09566529, 36.36472981 ], [ -99.10067224, 36.39743189 ], [ -99.10674146, 36.430134 ], [ -99.11377854, 36.46283608 ], [ -99.12005039, 36.48752561 ], [ -99.12208949, 36.49553819 ], [ -99.13300254, 36.52824027 ], [ -99.14720356, 36.56094237 ], [ -99.15275249, 36.57086726 ], [ -99.16569226, 36.59364446 ], [ -99.18545457, 36.6231293 ], [ -99.18765031, 36.62634656 ], [ -99.21238408, 36.65904867 ], [ -99.21815666, 36.66611654 ], [ -99.23920488, 36.69175075 ], [ -99.25085876, 36.70518273 ], [ -99.26763801, 36.72445285 ], [ -99.28356086, 36.74212022 ], [ -99.29713542, 36.75715494 ], [ -99.31626296, 36.7778456 ], [ -99.32740724, 36.78985704 ], [ -99.34896505, 36.81282431 ], [ -99.35811887, 36.82255913 ], [ -99.38166715, 36.847506 ], [ -99.38905444, 36.85526123 ], [ -99.41436925, 36.88193917 ], [ -99.42015954, 36.88796331 ], [ -99.44707133, 36.91612423 ], [ -99.45150954, 36.92066542 ], [ -99.47977342, 36.94958547 ], [ -99.48359986, 36.95336752 ], [ -99.51247552, 36.9820187 ], [ -99.51675935, 36.98606961 ], [ -99.54517762, 37.01299512 ], [ -99.55166052, 37.01877171 ], [ -99.57787972, 37.04208889 ], [ -99.5893058, 37.05147379 ], [ -99.61058181, 37.06888167 ], [ -99.63133539, 37.0841759 ], [ -99.64328391, 37.09289687 ], [ -99.67598601, 37.11370401 ], [ -99.68195033, 37.11687798 ], [ -99.70868809, 37.13080803 ], [ -99.74139018, 37.14420554 ], [ -99.75960796, 37.14958009 ], [ -99.77409228, 37.15368792 ], [ -99.80679438, 37.15907305 ], [ -99.83949648, 37.16069096 ], [ -99.87219858, 37.15861732 ], [ -99.90490067, 37.15305267 ], [ -99.91752231, 37.14958009 ], [ -99.93760277, 37.14387414 ], [ -99.97030487, 37.13136567 ], [ -100.00081102, 37.11687798 ], [ -100.00300695, 37.11580035 ], [ -100.03570904, 37.09682589 ], [ -100.05527544, 37.0841759 ], [ -100.06841114, 37.0753605 ], [ -100.10060251, 37.05147379 ], [ -100.10111324, 37.05108697 ], [ -100.13381534, 37.02490865 ], [ -100.14100753, 37.01877171 ], [ -100.16651743, 36.99687774 ], [ -100.17875072, 36.98606961 ], [ -100.19921953, 36.96826194 ], [ -100.21649174, 36.95336752 ], [ -100.23192163, 36.94105099 ], [ -100.25947621, 36.92066542 ], [ -100.26462371, 36.91697474 ], [ -100.2973258, 36.89380078 ], [ -100.3055759, 36.88796331 ], [ -100.3300279, 36.87042623 ], [ -100.35068185, 36.85526123 ], [ -100.36273, 36.84602136 ], [ -100.39084429, 36.82255913 ], [ -100.3954321, 36.81820356 ], [ -100.4222072, 36.78985704 ], [ -100.42813419, 36.78266488 ], [ -100.44735573, 36.75715494 ], [ -100.46083629, 36.73637101 ], [ -100.46794502, 36.72445285 ], [ -100.4846209, 36.69175075 ], [ -100.49353839, 36.67078826 ], [ -100.49815161, 36.65904867 ], [ -100.50864503, 36.62634656 ], [ -100.51687994, 36.59364446 ], [ -100.52304953, 36.56094237 ], [ -100.52624047, 36.53649015 ], [ -100.52723783, 36.52824027 ], [ -100.52956637, 36.49553819 ], [ -100.53041573, 36.46283608 ], [ -100.52996636, 36.430134 ], [ -100.52854906, 36.39743189 ], [ -100.526584, 36.36472981 ], [ -100.52624047, 36.36010367 ], [ -100.52401303, 36.3320277 ], [ -100.52099411, 36.29932562 ], [ -100.51766779, 36.26662352 ], [ -100.51408901, 36.23392141 ], [ -100.51031221, 36.20121933 ], [ -100.5063969, 36.16851722 ], [ -100.50242847, 36.13581514 ], [ -100.49841063, 36.10311304 ], [ -100.49441906, 36.07041095 ], [ -100.49353839, 36.06306101 ], [ -100.49023162, 36.03770885 ], [ -100.48604392, 36.00500676 ], [ -100.48197221, 35.97230466 ], [ -100.47798551, 35.93960256 ], [ -100.47417131, 35.90690047 ], [ -100.47046355, 35.87419837 ], [ -100.46693433, 35.84149628 ], [ -100.46358546, 35.80879418 ], [ -100.46083629, 35.77995742 ], [ -100.46042, 35.7760921 ], [ -100.45714296, 35.74338999 ], [ -100.45403968, 35.71068791 ], [ -100.45112036, 35.6779858 ], [ -100.44843202, 35.6452837 ], [ -100.44602773, 35.61258162 ], [ -100.44402776, 35.57987951 ], [ -100.4425891, 35.54717743 ], [ -100.44173293, 35.51447532 ], [ -100.44130342, 35.48177324 ], [ -100.44124998, 35.44907114 ], [ -100.44196559, 35.41636905 ], [ -100.44371029, 35.38366695 ], [ -100.44758355, 35.35096484 ], [ -100.45533918, 35.31826276 ], [ -100.46083629, 35.3044414 ], [ -100.46920114, 35.28556065 ], [ -100.49353839, 35.25686323 ], [ -100.49773042, 35.25285857 ], [ -100.52624047, 35.23404878 ], [ -100.55215349, 35.22015647 ], [ -100.55894257, 35.21723858 ], [ -100.59164466, 35.20307355 ], [ -100.62434676, 35.19031306 ], [ -100.63135192, 35.18745438 ], [ -100.65704886, 35.17804909 ], [ -100.68975096, 35.16632513 ], [ -100.72245305, 35.15571383 ], [ -100.72502902, 35.15475228 ], [ -100.75515515, 35.14395917 ], [ -100.78785723, 35.13319388 ], [ -100.82055933, 35.12286566 ], [ -100.82302073, 35.12205019 ], [ -100.85326142, 35.11235546 ], [ -100.88596352, 35.10232378 ], [ -100.91866562, 35.0927648 ], [ -100.93036362, 35.08934809 ], [ -100.95136772, 35.08330303 ], [ -100.98406981, 35.07416206 ], [ -101.01677191, 35.06557904 ], [ -101.04947399, 35.05750133 ], [ -101.05301447, 35.05664599 ], [ -101.08217609, 35.04955873 ], [ -101.11487819, 35.04212448 ], [ -101.14758028, 35.0353052 ], [ -101.18028238, 35.02908071 ], [ -101.21013689, 35.0239439 ], [ -101.21298448, 35.02343934 ], [ -101.24568658, 35.01798945 ], [ -101.27838867, 35.01314347 ], [ -101.31109075, 35.00880144 ], [ -101.34379285, 35.00492502 ], [ -101.37649495, 35.0014496 ], [ -101.40919704, 34.99817083 ], [ -101.44189914, 34.99488004 ], [ -101.4713472, 34.9912418 ], [ -101.47460124, 34.99080621 ], [ -101.50730334, 34.98618018 ], [ -101.54000543, 34.98047583 ], [ -101.57270751, 34.9741032 ], [ -101.60540961, 34.96740652 ], [ -101.63811171, 34.96114014 ], [ -101.65438134, 34.95853971 ], [ -101.6708138, 34.95654121 ], [ -101.7035159, 34.9533403 ], [ -101.736218, 34.94888337 ], [ -101.7689201, 34.94219609 ], [ -101.80162219, 34.93142779 ], [ -101.81202276, 34.92583761 ], [ -101.83432427, 34.91419995 ], [ -101.85810499, 34.89313553 ], [ -101.86702637, 34.88524193 ], [ -101.88900725, 34.86043342 ], [ -101.89972847, 34.84841375 ], [ -101.91738903, 34.82773134 ], [ -101.93243057, 34.8096335 ], [ -101.94454552, 34.79502923 ], [ -101.96513266, 34.76858139 ], [ -101.97027364, 34.76232713 ], [ -101.99454404, 34.72962505 ], [ -101.99783476, 34.72483975 ], [ -102.01816691, 34.69692294 ], [ -102.03053686, 34.67775608 ], [ -102.04008204, 34.66422086 ], [ -102.06022288, 34.63151875 ], [ -102.06323896, 34.62598205 ], [ -102.07970476, 34.59881667 ], [ -102.09404709, 34.56611457 ], [ -102.0864013, 34.53341248 ], [ -102.06323896, 34.50510695 ], [ -102.05989282, 34.50071038 ], [ -102.03903433, 34.46800827 ], [ -102.03626766, 34.43530619 ], [ -102.05362822, 34.40260408 ], [ -102.06323896, 34.3926228 ], [ -102.09280046, 34.369902 ], [ -102.09594103, 34.36788769 ], [ -102.12864313, 34.35137847 ], [ -102.16134523, 34.33885049 ], [ -102.16739737, 34.3371999 ], [ -102.19404733, 34.3299646 ], [ -102.22674942, 34.32413498 ], [ -102.25945152, 34.32159396 ], [ -102.29215362, 34.32278003 ], [ -102.32485572, 34.32859376 ], [ -102.34879975, 34.3371999 ], [ -102.35755779, 34.34072593 ], [ -102.39025989, 34.36233364 ], [ -102.39777193, 34.369902 ], [ -102.4224153, 34.40260408 ], [ -102.42296199, 34.40360255 ], [ -102.4349708, 34.43530619 ], [ -102.44136685, 34.46800827 ], [ -102.43844246, 34.50071038 ], [ -102.42296199, 34.52711599 ], [ -102.41959997, 34.53341248 ], [ -102.39427262, 34.56611457 ], [ -102.39025989, 34.57212659 ], [ -102.3720403, 34.59881667 ], [ -102.35755779, 34.62385384 ], [ -102.35281148, 34.63151875 ], [ -102.33443149, 34.66422086 ], [ -102.32485572, 34.68374085 ], [ -102.31746925, 34.69692294 ], [ -102.30368858, 34.72962505 ], [ -102.29524818, 34.76232713 ], [ -102.29423902, 34.79502923 ], [ -102.30658917, 34.82773134 ], [ -102.32485572, 34.84447572 ], [ -102.34865377, 34.86043342 ], [ -102.35755779, 34.86472417 ], [ -102.39025989, 34.87747242 ], [ -102.42296199, 34.88467207 ], [ -102.45566409, 34.88982029 ], [ -102.48129734, 34.89313553 ], [ -102.48836619, 34.89402111 ], [ -102.52106828, 34.89778833 ], [ -102.55377038, 34.90144393 ], [ -102.58647248, 34.90511067 ], [ -102.61917456, 34.90882467 ], [ -102.65187665, 34.91263162 ], [ -102.68457875, 34.91654006 ], [ -102.71728085, 34.9206109 ], [ -102.74998295, 34.92479668 ], [ -102.7580841, 34.92583761 ], [ -102.78268504, 34.92904342 ], [ -102.81538714, 34.93342718 ], [ -102.84808924, 34.93792683 ], [ -102.88079132, 34.94255238 ], [ -102.91349341, 34.9472864 ], [ -102.94619551, 34.95213853 ], [ -102.97889761, 34.95706705 ], [ -102.98874321, 34.95853971 ], [ -103.01159971, 34.96203488 ], [ -103.0443018, 34.9670449 ], [ -103.0770039, 34.97210836 ], [ -103.109706, 34.97719553 ], [ -103.14240808, 34.98232474 ], [ -103.17511018, 34.98744228 ], [ -103.19975973, 34.9912418 ], [ -103.20781227, 34.99252358 ], [ -103.24051437, 34.99750774 ], [ -103.27321647, 35.00244021 ], [ -103.30591857, 35.00728006 ], [ -103.33862066, 35.01213562 ], [ -103.37132276, 35.01735814 ], [ -103.37949997, 34.9912418 ], [ -103.37952153, 34.9912418 ], [ -103.40402484, 35.0157469 ], [ -103.41222185, 35.0239439 ], [ -103.41221982, 35.05664599 ], [ -103.43672694, 35.08115462 ], [ -103.44492039, 35.08934809 ], [ -103.44491854, 35.12205019 ], [ -103.44491674, 35.15475228 ], [ -103.46942903, 35.17926561 ], [ -103.4776178, 35.18745438 ], [ -103.47761628, 35.22015647 ], [ -103.47761486, 35.25285857 ], [ -103.50213113, 35.27737531 ], [ -103.51031649, 35.28556065 ], [ -103.51031537, 35.31826276 ], [ -103.5103144, 35.35096484 ], [ -103.53483323, 35.37548356 ], [ -103.54301663, 35.38366695 ], [ -103.54301597, 35.41636905 ], [ -103.56753533, 35.4408879 ], [ -103.57571857, 35.44907114 ], [ -103.57571814, 35.48177324 ], [ -103.57571783, 35.51447532 ], [ -103.60023742, 35.53899408 ], [ -103.60842077, 35.54717743 ], [ -103.60842061, 35.57987951 ], [ -103.60842055, 35.61258162 ], [ -103.63293952, 35.63709949 ], [ -103.64112374, 35.6452837 ], [ -103.64112378, 35.6779858 ], [ -103.6656416, 35.70250242 ], [ -103.67382709, 35.71068791 ], [ -103.67382727, 35.74338999 ], [ -103.67382746, 35.7760921 ], [ -103.6983437, 35.80060701 ], [ -103.70653089, 35.80879418 ], [ -103.70653114, 35.84149628 ], [ -103.70653145, 35.87419837 ], [ -103.73104579, 35.8987114 ], [ -103.73923486, 35.90690047 ], [ -103.73923519, 35.93960256 ], [ -103.73923552, 35.97230466 ], [ -103.76374789, 35.99681576 ], [ -103.77193889, 36.00500676 ], [ -103.77193922, 36.03770885 ], [ -103.79644999, 36.06221841 ], [ -103.80464251, 36.07041095 ], [ -103.80464284, 36.10311304 ], [ -103.80464315, 36.13581514 ], [ -103.82915209, 36.16032298 ], [ -103.83734634, 36.16851722 ], [ -103.83734662, 36.20121933 ], [ -103.83734689, 36.23392141 ], [ -103.86185419, 36.25842778 ], [ -103.87004993, 36.26662352 ], [ -103.87005014, 36.29932562 ], [ -103.89455628, 36.32383093 ], [ -103.90275306, 36.3320277 ], [ -103.90275321, 36.36472981 ], [ -103.90275337, 36.39743189 ], [ -103.90273184, 36.39743189 ], [ -103.89455628, 36.39202587 ], [ -103.89296735, 36.39743189 ], [ -103.88679437, 36.430134 ], [ -103.87965321, 36.46283608 ], [ -103.87376944, 36.49553819 ], [ -103.86908519, 36.52824027 ], [ -103.86590883, 36.56094237 ], [ -103.86489726, 36.59364446 ], [ -103.86712368, 36.62634656 ], [ -103.87299972, 36.65904867 ], [ -103.883732, 36.69175075 ], [ -103.89455628, 36.7115992 ], [ -103.90258926, 36.72445285 ], [ -103.92725838, 36.7519885 ], [ -103.932676, 36.75715494 ], [ -103.95996046, 36.77678186 ], [ -103.98125592, 36.78985704 ], [ -103.99266256, 36.79556035 ], [ -104.02536465, 36.81000343 ], [ -104.05806675, 36.82022238 ], [ -104.06624268, 36.78985704 ], [ -104.06626423, 36.78985704 ], [ -104.0662638, 36.82255913 ], [ -104.06626337, 36.85526123 ], [ -104.09076885, 36.87976711 ], [ -104.09896506, 36.88796331 ], [ -104.09896451, 36.92066542 ], [ -104.12347095, 36.94517242 ], [ -104.13166604, 36.95336752 ], [ -104.13166538, 36.98606961 ], [ -104.13166468, 37.01877171 ], [ -104.15617304, 37.04328088 ], [ -104.16436597, 37.05147379 ], [ -104.16436515, 37.0841759 ], [ -104.16436429, 37.11687798 ], [ -104.18887514, 37.14138986 ], [ -104.19706534, 37.14958009 ], [ -104.19706438, 37.18228217 ], [ -104.22157722, 37.2067962 ], [ -104.22976531, 37.21498427 ], [ -104.22976427, 37.24768638 ], [ -104.22976322, 37.28038846 ], [ -104.25427932, 37.30490588 ], [ -104.26246401, 37.31309057 ], [ -104.26246291, 37.34579265 ], [ -104.26246178, 37.37849476 ], [ -104.28698141, 37.40301579 ], [ -104.29516247, 37.41119684 ], [ -104.29516128, 37.44389894 ], [ -104.29516009, 37.47660103 ], [ -104.31968351, 37.50112597 ], [ -104.32786067, 37.50930313 ] ], [ [ -98.84528512, 34.92583761 ], [ -98.84470926, 34.95853971 ], [ -98.84269959, 34.9912418 ], [ -98.83961597, 35.0239439 ], [ -98.83564875, 35.05664599 ], [ -98.83077475, 35.08934809 ], [ -98.82573153, 35.11774202 ], [ -98.82492228, 35.12205019 ], [ -98.81798104, 35.15475228 ], [ -98.80913107, 35.18745438 ], [ -98.79735787, 35.22015647 ], [ -98.79302943, 35.22988089 ], [ -98.78099909, 35.25285857 ], [ -98.76032734, 35.28394742 ], [ -98.75897647, 35.28556065 ], [ -98.72762524, 35.3171902 ], [ -98.72607485, 35.31826276 ], [ -98.69492314, 35.33743294 ], [ -98.66222104, 35.34767818 ], [ -98.62951897, 35.35051686 ], [ -98.59681687, 35.34735644 ], [ -98.56411477, 35.33899286 ], [ -98.53141267, 35.32576283 ], [ -98.51835889, 35.31826276 ], [ -98.49871058, 35.30888371 ], [ -98.46631917, 35.28556065 ], [ -98.46600848, 35.28535592 ], [ -98.44495797, 35.25285857 ], [ -98.43669999, 35.22015647 ], [ -98.43368991, 35.18745438 ], [ -98.43330638, 35.16826675 ], [ -98.4310226, 35.15475228 ], [ -98.43233288, 35.12205019 ], [ -98.40060428, 35.09730547 ], [ -98.39618098, 35.08934809 ], [ -98.37363857, 35.05664599 ], [ -98.3679022, 35.03205549 ], [ -98.36615908, 35.0239439 ], [ -98.36735163, 34.9912418 ], [ -98.3679022, 34.98980762 ], [ -98.37711209, 34.95853971 ], [ -98.39585225, 34.92583761 ], [ -98.40060428, 34.9203074 ], [ -98.42288797, 34.89313553 ], [ -98.43330638, 34.88356573 ], [ -98.46112121, 34.86043342 ], [ -98.46600848, 34.85705549 ], [ -98.49871058, 34.83732121 ], [ -98.51860697, 34.82773134 ], [ -98.53141267, 34.82212455 ], [ -98.56411477, 34.81093582 ], [ -98.59681687, 34.80226009 ], [ -98.62951897, 34.79614306 ], [ -98.64126347, 34.79502923 ], [ -98.66222104, 34.79323706 ], [ -98.69492314, 34.79369632 ], [ -98.7060723, 34.79502923 ], [ -98.72762524, 34.79810607 ], [ -98.76032734, 34.80497068 ], [ -98.79302943, 34.81558919 ], [ -98.81495333, 34.82773134 ], [ -98.82573153, 34.83984792 ], [ -98.83731924, 34.86043342 ], [ -98.84359586, 34.89313553 ], [ -98.84528512, 34.92583761 ] ], [ [ -102.5359623, 37.34579265 ], [ -102.52106828, 37.36456953 ], [ -102.50714306, 37.37849476 ], [ -102.48836619, 37.38634832 ], [ -102.45566409, 37.39468436 ], [ -102.42296199, 37.39519217 ], [ -102.39025989, 37.38770049 ], [ -102.36826722, 37.37849476 ], [ -102.35755779, 37.37093475 ], [ -102.33027847, 37.34579265 ], [ -102.32485572, 37.33079894 ], [ -102.32381769, 37.31309057 ], [ -102.32485572, 37.30608965 ], [ -102.3524808, 37.28038846 ], [ -102.35755779, 37.27802697 ], [ -102.39025989, 37.27138197 ], [ -102.42296199, 37.26984674 ], [ -102.45566409, 37.27345323 ], [ -102.47973551, 37.28038846 ], [ -102.48836619, 37.28473801 ], [ -102.52106828, 37.30232258 ], [ -102.53298783, 37.31309057 ], [ -102.5359623, 37.34579265 ] ] ] } },
{ "type": "Feature", "properties": { "Lower": 58.0 }, "geometry": { "type": "Polygon", "coordinates": [ [ [ -100.98638331, 39.7984498 ], [ -100.98406981, 39.80022623 ], [ -100.97800382, 39.7984498 ], [ -100.98406981, 39.77510374 ], [ -100.98638331, 39.7984498 ] ] ] } },
{ "type": "Feature", "properties": { "Lower": 58.0 }, "geometry": { "type": "Polygon", "coordinates": [ [ [ -102.5359623, 37.34579265 ], [ -102.52106828, 37.36456953 ], [ -102.50714306, 37.37849476 ], [ -102.48836619, 37.38634832 ], [ -102.45566409, 37.39468436 ], [ -102.42296199, 37.39519217 ], [ -102.39025989, 37.38770049 ], [ -102.36826722, 37.37849476 ], [ -102.35755779, 37.37093475 ], [ -102.33027847, 37.34579265 ], [ -102.32485572, 37.33079894 ], [ -102.32381769, 37.31309057 ], [ -102.32485572, 37.30608965 ], [ -102.3524808, 37.28038846 ], [ -102.35755779, 37.27802697 ], [ -102.39025989, 37.27138197 ], [ -102.42296199, 37.26984674 ], [ -102.45566409, 37.27345323 ], [ -102.47973551, 37.28038846 ], [ -102.48836619, 37.28473801 ], [ -102.52106828, 37.30232258 ], [ -102.53298783, 37.31309057 ], [ -102.5359623, 37.34579265 ] ] ] } },
{ "type": "Feature", "properties": { "Lower": 58.0 }, "geometry": { "type": "Polygon", "coordinates": [ [ [ -103.90273184, 36.39743189 ], [ -103.92725838, 36.42195785 ], [ -103.93543452, 36.430134 ], [ -103.93543458, 36.46283608 ], [ -103.93543464, 36.49553819 ], [ -103.95996046, 36.5200636 ], [ -103.96813714, 36.52824027 ], [ -103.96813711, 36.56094237 ], [ -103.96813703, 36.59364446 ], [ -103.99266256, 36.61816978 ], [ -104.00083934, 36.62634656 ], [ -104.00083916, 36.65904867 ], [ -104.02536465, 36.6835741 ], [ -104.03354132, 36.69175075 ], [ -104.03354105, 36.72445285 ], [ -104.03354075, 36.75715494 ], [ -104.05806675, 36.78168113 ], [ -104.06624268, 36.78985704 ], [ -104.05806675, 36.82022238 ], [ -104.02536465, 36.81000343 ], [ -103.99266256, 36.79556035 ], [ -103.98125592, 36.78985704 ], [ -103.95996046, 36.77678186 ], [ -103.932676, 36.75715494 ], [ -103.92725838, 36.7519885 ], [ -103.90258926, 36.72445285 ], [ -103.89455628, 36.7115992 ], [ -103.883732, 36.69175075 ], [ -103.87299972, 36.65904867 ], [ -103.86712368, 36.62634656 ], [ -103.86489726, 36.59364446 ], [ -103.86590883, 36.56094237 ], [ -103.86908519, 36.52824027 ], [ -103.87376944, 36.49553819 ], [ -103.87965321, 36.46283608 ], [ -103.88679437, 36.430134 ], [ -103.89296735, 36.39743189 ], [ -103.89455628, 36.39202587 ], [ -103.90273184, 36.39743189 ] ] ] } },
{ "type": "Feature", "properties": { "Lower": 58.0 }, "geometry": { "type": "Polygon", "coordinates": [ [ [ -99.31440318, 38.19604714 ], [ -99.28356086, 38.22785517 ], [ -99.28249804, 38.22874922 ], [ -99.25085876, 38.24841915 ], [ -99.22575908, 38.26145132 ], [ -99.21815666, 38.26528841 ], [ -99.18545457, 38.27567262 ], [ -99.15275249, 38.27923479 ], [ -99.12005039, 38.27298608 ], [ -99.10044473, 38.26145132 ], [ -99.08734829, 38.24614924 ], [ -99.07689948, 38.22874922 ], [ -99.0645623, 38.19604714 ], [ -99.05464619, 38.16893612 ], [ -99.05280389, 38.16334503 ], [ -99.04080844, 38.13064295 ], [ -99.02795711, 38.09794084 ], [ -99.0219441, 38.07634206 ], [ -99.01882098, 38.06523874 ], [ -99.0219441, 38.03748067 ], [ -99.02312687, 38.03253666 ], [ -99.05464619, 38.01447866 ], [ -99.08734829, 38.00815946 ], [ -99.12005039, 38.00882232 ], [ -99.15275249, 38.01305081 ], [ -99.18545457, 38.02073944 ], [ -99.21700245, 38.03253666 ], [ -99.21815666, 38.03302155 ], [ -99.25085876, 38.05307406 ], [ -99.26380497, 38.06523874 ], [ -99.28356086, 38.08951061 ], [ -99.28880001, 38.09794084 ], [ -99.30387593, 38.13064295 ], [ -99.31256869, 38.16334503 ], [ -99.31440318, 38.19604714 ] ], [ [ -99.27145108, 38.19604714 ], [ -99.25085876, 38.21244417 ], [ -99.22258861, 38.22874922 ], [ -99.21815666, 38.23056029 ], [ -99.18545457, 38.23324651 ], [ -99.16973497, 38.22874922 ], [ -99.15275249, 38.21461267 ], [ -99.14007253, 38.19604714 ], [ -99.12735541, 38.16334503 ], [ -99.12005039, 38.14662031 ], [ -99.1143875, 38.13064295 ], [ -99.11200566, 38.09794084 ], [ -99.12005039, 38.08957627 ], [ -99.15275249, 38.08277033 ], [ -99.18545457, 38.08923582 ], [ -99.20373518, 38.09794084 ], [ -99.21815666, 38.10546362 ], [ -99.24819731, 38.13064295 ], [ -99.25085876, 38.1329182 ], [ -99.26949111, 38.16334503 ], [ -99.27145108, 38.19604714 ] ] ] } },
{ "type": "Feature", "properties": { "Lower": 58.0 }, "geometry": { "type": "Polygon", "coordinates": [ [ [ -101.80311404, 40.15817284 ], [ -101.80162219, 40.170335 ], [ -101.79897054, 40.19087492 ], [ -101.78989333, 40.22357703 ], [ -101.77657198, 40.25627913 ], [ -101.7689201, 40.26943704 ], [ -101.74900805, 40.28898122 ], [ -101.736218, 40.29336841 ], [ -101.7035159, 40.29729427 ], [ -101.6708138, 40.29704299 ], [ -101.63811171, 40.29426502 ], [ -101.60882977, 40.28898122 ], [ -101.60540961, 40.28834136 ], [ -101.57270751, 40.28115305 ], [ -101.54000543, 40.27060413 ], [ -101.50730334, 40.25764271 ], [ -101.50418588, 40.25627913 ], [ -101.47460124, 40.24449364 ], [ -101.44189914, 40.22893356 ], [ -101.43203095, 40.22357703 ], [ -101.40919704, 40.21107628 ], [ -101.37649495, 40.19247472 ], [ -101.37386725, 40.19087492 ], [ -101.34379285, 40.16842273 ], [ -101.32844976, 40.15817284 ], [ -101.31564837, 40.12547074 ], [ -101.34379285, 40.10318194 ], [ -101.3599422, 40.09276865 ], [ -101.37649495, 40.08590236 ], [ -101.40919704, 40.07513254 ], [ -101.44189914, 40.06674941 ], [ -101.47302051, 40.06006655 ], [ -101.47460124, 40.05978658 ], [ -101.50730334, 40.05411191 ], [ -101.54000543, 40.04534591 ], [ -101.57270751, 40.03277948 ], [ -101.59132528, 40.02736446 ], [ -101.60540961, 40.02347618 ], [ -101.63811171, 40.02044916 ], [ -101.6708138, 40.02176801 ], [ -101.7035159, 40.02714639 ], [ -101.70432892, 40.02736446 ], [ -101.736218, 40.03935095 ], [ -101.76826627, 40.06006655 ], [ -101.7689201, 40.06075386 ], [ -101.79161316, 40.09276865 ], [ -101.80150996, 40.12547074 ], [ -101.80162219, 40.12743848 ], [ -101.80311404, 40.15817284 ] ], [ [ -101.72203629, 40.15817284 ], [ -101.72052621, 40.19087492 ], [ -101.71063264, 40.22357703 ], [ -101.7035159, 40.23437852 ], [ -101.67309501, 40.25627913 ], [ -101.6708138, 40.25680279 ], [ -101.63811171, 40.25915104 ], [ -101.60540961, 40.25734506 ], [ -101.59949605, 40.25627913 ], [ -101.57270751, 40.24982468 ], [ -101.54000543, 40.23820548 ], [ -101.50730334, 40.22673518 ], [ -101.49980375, 40.22357703 ], [ -101.47460124, 40.20905395 ], [ -101.44189914, 40.1918773 ], [ -101.44004267, 40.19087492 ], [ -101.40919704, 40.1631763 ], [ -101.4029144, 40.15817284 ], [ -101.40919704, 40.1367455 ], [ -101.41434928, 40.12547074 ], [ -101.44189914, 40.11269115 ], [ -101.47460124, 40.10130172 ], [ -101.50730334, 40.09320708 ], [ -101.50914849, 40.09276865 ], [ -101.54000543, 40.08682365 ], [ -101.57270751, 40.0758518 ], [ -101.60540961, 40.07146734 ], [ -101.63811171, 40.07494594 ], [ -101.6708138, 40.08593845 ], [ -101.68325304, 40.09276865 ], [ -101.7035159, 40.11280241 ], [ -101.7127009, 40.12547074 ], [ -101.72203629, 40.15817284 ] ] ] } },
{ "type": "Feature", "properties": { "Lower": 58.0 }, "geometry": { "type": "Polygon", "coordinates": [ [ [ -101.4840889, 39.37332256 ], [ -101.48072159, 39.40602465 ], [ -101.47460124, 39.42159775 ], [ -101.46800952, 39.43872675 ], [ -101.44586835, 39.47142883 ], [ -101.44189914, 39.47547585 ], [ -101.41233359, 39.50413094 ], [ -101.40919704, 39.50639767 ], [ -101.37649495, 39.52783137 ], [ -101.36037777, 39.53683302 ], [ -101.34379285, 39.54446788 ], [ -101.31109075, 39.56097569 ], [ -101.29575807, 39.56953513 ], [ -101.27838867, 39.57919011 ], [ -101.24568658, 39.59778165 ], [ -101.23642038, 39.60223721 ], [ -101.21298448, 39.61522868 ], [ -101.18028238, 39.63092868 ], [ -101.16767575, 39.63493932 ], [ -101.14758028, 39.64528017 ], [ -101.11487819, 39.65225411 ], [ -101.10635744, 39.63493932 ], [ -101.10916719, 39.60223721 ], [ -101.11462487, 39.56953513 ], [ -101.11487819, 39.56846758 ], [ -101.12234366, 39.53683302 ], [ -101.12887187, 39.50413094 ], [ -101.13493198, 39.47142883 ], [ -101.14193883, 39.43872675 ], [ -101.14758028, 39.42515748 ], [ -101.15664092, 39.40602465 ], [ -101.1638293, 39.37332256 ], [ -101.15861305, 39.34062046 ], [ -101.15391135, 39.30791835 ], [ -101.14837273, 39.27521627 ], [ -101.14758028, 39.27138018 ], [ -101.1426362, 39.24251417 ], [ -101.13192336, 39.20981208 ], [ -101.11487819, 39.18780103 ], [ -101.10407794, 39.17710998 ], [ -101.08217609, 39.16131694 ], [ -101.05994785, 39.14440789 ], [ -101.04947399, 39.13674113 ], [ -101.02341531, 39.11170579 ], [ -101.01677191, 39.10517053 ], [ -100.98918168, 39.07900371 ], [ -100.98406981, 39.07246856 ], [ -100.95926698, 39.0463016 ], [ -100.95136772, 39.02574183 ], [ -100.94235794, 39.0135995 ], [ -100.95136772, 39.00010121 ], [ -100.98406981, 38.98219803 ], [ -100.99335356, 38.98089741 ], [ -101.01677191, 38.9769718 ], [ -101.0458779, 38.98089741 ], [ -101.04947399, 38.98114264 ], [ -101.08217609, 38.98785607 ], [ -101.11487819, 38.99617889 ], [ -101.14758028, 39.01027675 ], [ -101.15141377, 39.0135995 ], [ -101.16424077, 39.0463016 ], [ -101.17223363, 39.07900371 ], [ -101.18028238, 39.10222234 ], [ -101.18761121, 39.11170579 ], [ -101.21298448, 39.13525763 ], [ -101.23040526, 39.14440789 ], [ -101.24568658, 39.15153783 ], [ -101.27838867, 39.16535761 ], [ -101.3048876, 39.17710998 ], [ -101.31109075, 39.17981308 ], [ -101.34379285, 39.19675375 ], [ -101.36438934, 39.20981208 ], [ -101.37649495, 39.21832887 ], [ -101.40662555, 39.24251417 ], [ -101.40919704, 39.24492189 ], [ -101.43909054, 39.27521627 ], [ -101.44189914, 39.27885803 ], [ -101.46299697, 39.30791835 ], [ -101.47460124, 39.33293124 ], [ -101.47808356, 39.34062046 ], [ -101.4840889, 39.37332256 ] ], [ [ -101.13743262, 39.11170579 ], [ -101.11487819, 39.14108866 ], [ -101.08217609, 39.12915695 ], [ -101.05389823, 39.11170579 ], [ -101.04947399, 39.10863039 ], [ -101.01906938, 39.07900371 ], [ -101.01677191, 39.07543849 ], [ -100.99756418, 39.0463016 ], [ -101.01677191, 39.02143701 ], [ -101.04947399, 39.01553542 ], [ -101.08217609, 39.0182377 ], [ -101.11487819, 39.02799329 ], [ -101.13133011, 39.0463016 ], [ -101.13686217, 39.07900371 ], [ -101.13743262, 39.11170579 ] ], [ [ -101.41469322, 39.37332256 ], [ -101.41288536, 39.40602465 ], [ -101.40919704, 39.41590601 ], [ -101.39994807, 39.43872675 ], [ -101.37649495, 39.46974634 ], [ -101.3750843, 39.47142883 ], [ -101.34379285, 39.49679911 ], [ -101.33301476, 39.50413094 ], [ -101.31109075, 39.51498072 ], [ -101.27838867, 39.53174853 ], [ -101.26812924, 39.53683302 ], [ -101.24568658, 39.54749825 ], [ -101.21298448, 39.55876426 ], [ -101.18028238, 39.55641619 ], [ -101.16552868, 39.53683302 ], [ -101.15780298, 39.50413094 ], [ -101.15743848, 39.47142883 ], [ -101.1614656, 39.43872675 ], [ -101.17263421, 39.40602465 ], [ -101.17665865, 39.37332256 ], [ -101.17313064, 39.34062046 ], [ -101.17122561, 39.30791835 ], [ -101.1708282, 39.27521627 ], [ -101.17207256, 39.24251417 ], [ -101.17893058, 39.20981208 ], [ -101.18028238, 39.20735878 ], [ -101.21298448, 39.20639265 ], [ -101.22582907, 39.20981208 ], [ -101.24568658, 39.21485073 ], [ -101.27838867, 39.22628496 ], [ -101.31109075, 39.24132698 ], [ -101.31307305, 39.24251417 ], [ -101.34379285, 39.26413429 ], [ -101.3570797, 39.27521627 ], [ -101.37649495, 39.29555413 ], [ -101.38696795, 39.30791835 ], [ -101.40618183, 39.34062046 ], [ -101.40919704, 39.35132685 ], [ -101.41469322, 39.37332256 ] ] ] } },
{ "type": "Feature", "properties": { "Lower": 58.0 }, "geometry": { "type": "Polygon", "coordinates": [ [ [ -98.84528512, 34.92583761 ], [ -98.84470926, 34.95853971 ], [ -98.84269959, 34.9912418 ], [ -98.83961597, 35.0239439 ], [ -98.83564875, 35.05664599 ], [ -98.83077475, 35.08934809 ], [ -98.82573153, 35.11774202 ], [ -98.82492228, 35.12205019 ], [ -98.81798104, 35.15475228 ], [ -98.80913107, 35.18745438 ], [ -98.79735787, 35.22015647 ], [ -98.79302943, 35.22988089 ], [ -98.78099909, 35.25285857 ], [ -98.76032734, 35.28394742 ], [ -98.75897647, 35.28556065 ], [ -98.72762524, 35.3171902 ], [ -98.72607485, 35.31826276 ], [ -98.69492314, 35.33743294 ], [ -98.66222104, 35.34767818 ], [ -98.62951897, 35.35051686 ], [ -98.59681687, 35.34735644 ], [ -98.56411477, 35.33899286 ], [ -98.53141267, 35.32576283 ], [ -98.51835889, 35.31826276 ], [ -98.49871058, 35.30888371 ], [ -98.46631917, 35.28556065 ], [ -98.46600848, 35.28535592 ], [ -98.44495797, 35.25285857 ], [ -98.43669999, 35.22015647 ], [ -98.43368991, 35.18745438 ], [ -98.43330638, 35.16826675 ], [ -98.4310226, 35.15475228 ], [ -98.43233288, 35.12205019 ], [ -98.40060428, 35.09730547 ], [ -98.39618098, 35.08934809 ], [ -98.37363857, 35.05664599 ], [ -98.3679022, 35.03205549 ], [ -98.36615908, 35.0239439 ], [ -98.36735163, 34.9912418 ], [ -98.3679022, 34.98980762 ], [ -98.37711209, 34.95853971 ], [ -98.39585225, 34.92583761 ], [ -98.40060428, 34.9203074 ], [ -98.42288797, 34.89313553 ], [ -98.43330638, 34.88356573 ], [ -98.46112121, 34.86043342 ], [ -98.46600848, 34.85705549 ], [ -98.49871058, 34.83732121 ], [ -98.51860697, 34.82773134 ], [ -98.53141267, 34.82212455 ], [ -98.56411477, 34.81093582 ], [ -98.59681687, 34.80226009 ], [ -98.62951897, 34.79614306 ], [ -98.64126347, 34.79502923 ], [ -98.66222104, 34.79323706 ], [ -98.69492314, 34.79369632 ], [ -98.7060723, 34.79502923 ], [ -98.72762524, 34.79810607 ], [ -98.76032734, 34.80497068 ], [ -98.79302943, 34.81558919 ], [ -98.81495333, 34.82773134 ], [ -98.82573153, 34.83984792 ], [ -98.83731924, 34.86043342 ], [ -98.84359586, 34.89313553 ], [ -98.84528512, 34.92583761 ] ], [ [ -98.70320049, 34.95853971 ], [ -98.70244289, 34.9912418 ], [ -98.69678557, 35.0239439 ], [ -98.69492314, 35.03055483 ], [ -98.68663716, 35.05664599 ], [ -98.67251681, 35.08934809 ], [ -98.66222104, 35.10697412 ], [ -98.65159924, 35.12205019 ], [ -98.62951897, 35.14558215 ], [ -98.6175273, 35.15475228 ], [ -98.59681687, 35.16681298 ], [ -98.56411477, 35.17803657 ], [ -98.53141267, 35.18228283 ], [ -98.49871058, 35.1783553 ], [ -98.48806107, 35.15475228 ], [ -98.4876594, 35.12205019 ], [ -98.49569575, 35.08934809 ], [ -98.48919862, 35.05664599 ], [ -98.48431245, 35.0239439 ], [ -98.48752365, 34.9912418 ], [ -98.49871058, 34.96583291 ], [ -98.5042858, 34.95853971 ], [ -98.53141267, 34.93590593 ], [ -98.55089914, 34.92583761 ], [ -98.56411477, 34.92025208 ], [ -98.59681687, 34.91148925 ], [ -98.62951897, 34.90774929 ], [ -98.66222104, 34.91102755 ], [ -98.69277169, 34.92583761 ], [ -98.69492314, 34.92940064 ], [ -98.70320049, 34.95853971 ] ] ] } },
{ "type": "Feature", "properties": { "Lower": 58.0 }, "geometry": { "type": "Polygon", "coordinates": [ [ [ -104.90832123, 39.0708259 ], [ -104.91649903, 39.07900371 ], [ -104.91650436, 39.11170579 ], [ -104.91650947, 39.14440789 ], [ -104.94102333, 39.16891519 ], [ -104.94921811, 39.17710998 ], [ -104.94922248, 39.20981208 ], [ -104.94920095, 39.20981208 ], [ -104.94102333, 39.19406253 ], [ -104.90832123, 39.2057589 ], [ -104.89643796, 39.20981208 ], [ -104.87561913, 39.21725938 ], [ -104.84291703, 39.2282923 ], [ -104.81021494, 39.23861103 ], [ -104.79728407, 39.24251417 ], [ -104.77751284, 39.24875304 ], [ -104.74481074, 39.25852698 ], [ -104.71210866, 39.26773922 ], [ -104.6843281, 39.27521627 ], [ -104.67940657, 39.27659517 ], [ -104.64670447, 39.28546477 ], [ -104.61400237, 39.29395441 ], [ -104.58130027, 39.30208371 ], [ -104.55722946, 39.30791835 ], [ -104.54859818, 39.31008296 ], [ -104.51589608, 39.31820932 ], [ -104.48319398, 39.32617928 ], [ -104.4504919, 39.33408893 ], [ -104.4234704, 39.34062046 ], [ -104.4177898, 39.34203633 ], [ -104.38508771, 39.35000751 ], [ -104.35238561, 39.35783123 ], [ -104.31968351, 39.36571986 ], [ -104.28974589, 39.37332256 ], [ -104.28698141, 39.37405527 ], [ -104.25427932, 39.38493106 ], [ -104.22157722, 39.39751683 ], [ -104.20059403, 39.40602465 ], [ -104.18887514, 39.41110818 ], [ -104.15617304, 39.42590647 ], [ -104.12924763, 39.43872675 ], [ -104.12347095, 39.44173639 ], [ -104.09076885, 39.46025418 ], [ -104.0733008, 39.47142883 ], [ -104.05806675, 39.48376749 ], [ -104.03853159, 39.50413094 ], [ -104.02573567, 39.53683302 ], [ -104.03127343, 39.56953513 ], [ -104.04465499, 39.60223721 ], [ -104.05806675, 39.62574393 ], [ -104.06329704, 39.63493932 ], [ -104.08653311, 39.66764142 ], [ -104.09076885, 39.67275601 ], [ -104.11382715, 39.7003435 ], [ -104.12347095, 39.71078102 ], [ -104.1444752, 39.73304561 ], [ -104.15617304, 39.74456782 ], [ -104.1783849, 39.76574769 ], [ -104.18887514, 39.7752223 ], [ -104.21565663, 39.7984498 ], [ -104.22157722, 39.80336506 ], [ -104.25427932, 39.82909807 ], [ -104.25704385, 39.83115188 ], [ -104.28698141, 39.85205315 ], [ -104.30557273, 39.86385398 ], [ -104.31968351, 39.87218232 ], [ -104.35238561, 39.8892961 ], [ -104.36984292, 39.89655607 ], [ -104.38508771, 39.90206729 ], [ -104.4177898, 39.90095961 ], [ -104.43043462, 39.89655607 ], [ -104.4504919, 39.88929779 ], [ -104.48319398, 39.87615406 ], [ -104.51589608, 39.86494302 ], [ -104.51937176, 39.86385398 ], [ -104.54859818, 39.85270216 ], [ -104.58130027, 39.8356288 ], [ -104.5886309, 39.83115188 ], [ -104.61400237, 39.81451823 ], [ -104.64466709, 39.7984498 ], [ -104.64670447, 39.79743683 ], [ -104.67940657, 39.78236718 ], [ -104.71210866, 39.76854323 ], [ -104.71889134, 39.76574769 ], [ -104.74481074, 39.75521666 ], [ -104.77751284, 39.74261138 ], [ -104.8032972, 39.73304561 ], [ -104.81021494, 39.73018887 ], [ -104.84291703, 39.71779125 ], [ -104.87561913, 39.70651401 ], [ -104.89433787, 39.7003435 ], [ -104.90832123, 39.69434145 ], [ -104.94102333, 39.68168904 ], [ -104.97372542, 39.6705624 ], [ -104.98280152, 39.66764142 ], [ -105.0064275, 39.6579978 ], [ -105.0391296, 39.64593899 ], [ -105.0718317, 39.63513631 ], [ -105.07243397, 39.63493932 ], [ -105.0800135, 39.60223721 ], [ -105.08003503, 39.60223721 ], [ -105.1045338, 39.6267449 ], [ -105.11272821, 39.63493932 ], [ -105.11271929, 39.66764142 ], [ -105.11561838, 39.7003435 ], [ -105.1045338, 39.70458675 ], [ -105.0718317, 39.71630295 ], [ -105.0391296, 39.7268919 ], [ -105.01916472, 39.73304561 ], [ -105.0064275, 39.7374716 ], [ -104.97372542, 39.74824617 ], [ -104.94102333, 39.75824312 ], [ -104.91586171, 39.76574769 ], [ -104.90832123, 39.76825487 ], [ -104.87561913, 39.77922166 ], [ -104.84291703, 39.7899856 ], [ -104.81842673, 39.7984498 ], [ -104.81021494, 39.80157951 ], [ -104.77751284, 39.81508147 ], [ -104.74481074, 39.82863047 ], [ -104.73897822, 39.83115188 ], [ -104.71210866, 39.84370989 ], [ -104.67940657, 39.85921524 ], [ -104.670537, 39.86385398 ], [ -104.64670447, 39.87602807 ], [ -104.61400237, 39.88961107 ], [ -104.58992488, 39.89655607 ], [ -104.58130027, 39.89857977 ], [ -104.54859818, 39.90783973 ], [ -104.51589608, 39.91898709 ], [ -104.49027104, 39.92925817 ], [ -104.48319398, 39.93227034 ], [ -104.4504919, 39.94700487 ], [ -104.4177898, 39.96122789 ], [ -104.41507505, 39.96196028 ], [ -104.38508771, 39.97075299 ], [ -104.35238561, 39.9675179 ], [ -104.3387579, 39.96196028 ], [ -104.31968351, 39.95384118 ], [ -104.28698141, 39.93571851 ], [ -104.27687898, 39.92925817 ], [ -104.25427932, 39.91500704 ], [ -104.22871992, 39.89655607 ], [ -104.22157722, 39.89132393 ], [ -104.18887514, 39.86550142 ], [ -104.1866406, 39.86385398 ], [ -104.15617304, 39.83992942 ], [ -104.14489118, 39.83115188 ], [ -104.12347095, 39.8134633 ], [ -104.10560558, 39.7984498 ], [ -104.09076885, 39.78516586 ], [ -104.06980807, 39.76574769 ], [ -104.05806675, 39.75404772 ], [ -104.03777845, 39.73304561 ], [ -104.02536465, 39.71903688 ], [ -104.00940957, 39.7003435 ], [ -103.99266256, 39.67864177 ], [ -103.98442316, 39.66764142 ], [ -103.96252646, 39.63493932 ], [ -103.95996046, 39.63062247 ], [ -103.9432109, 39.60223721 ], [ -103.92725838, 39.57007408 ], [ -103.92699007, 39.56953513 ], [ -103.9135214, 39.53683302 ], [ -103.90399118, 39.50413094 ], [ -103.90022518, 39.47142883 ], [ -103.90750622, 39.43872675 ], [ -103.92725838, 39.41240012 ], [ -103.93366229, 39.40602465 ], [ -103.95996046, 39.38668195 ], [ -103.9814813, 39.37332256 ], [ -103.99266256, 39.36716851 ], [ -104.02536465, 39.35060732 ], [ -104.04651908, 39.34062046 ], [ -104.05806675, 39.33545244 ], [ -104.09076885, 39.32142229 ], [ -104.12347095, 39.30805617 ], [ -104.1238199, 39.30791835 ], [ -104.15617304, 39.29567004 ], [ -104.18887514, 39.284013 ], [ -104.21487531, 39.27521627 ], [ -104.22157722, 39.27298411 ], [ -104.25427932, 39.26203789 ], [ -104.28698141, 39.25178962 ], [ -104.31845988, 39.24251417 ], [ -104.31968351, 39.24215301 ], [ -104.35238561, 39.2329244 ], [ -104.38508771, 39.22385345 ], [ -104.4177898, 39.21477659 ], [ -104.43586783, 39.20981208 ], [ -104.4504919, 39.20581336 ], [ -104.48319398, 39.19692957 ], [ -104.51589608, 39.18798562 ], [ -104.54859818, 39.17892884 ], [ -104.55507598, 39.17710998 ], [ -104.58130027, 39.1697856 ], [ -104.61400237, 39.16049112 ], [ -104.64670447, 39.1509833 ], [ -104.66868203, 39.14440789 ], [ -104.67940657, 39.14121932 ], [ -104.71210866, 39.13129142 ], [ -104.74481074, 39.12105166 ], [ -104.7737168, 39.11170579 ], [ -104.77751284, 39.11048845 ], [ -104.81021494, 39.09973772 ], [ -104.84291703, 39.08860696 ], [ -104.87015132, 39.07900371 ], [ -104.87561913, 39.0770984 ], [ -104.90832123, 39.0708259 ] ] ] } },
{ "type": "Feature", "properties": { "Lower": 58.0 }, "geometry": { "type": "Polygon", "coordinates": [ [ [ -99.39047, 40.15817284 ], [ -99.38166715, 40.18227586 ], [ -99.3781645, 40.19087492 ], [ -99.34896505, 40.21353133 ], [ -99.33483847, 40.22357703 ], [ -99.31626296, 40.23195821 ], [ -99.28356086, 40.2455795 ], [ -99.25598946, 40.25627913 ], [ -99.25085876, 40.25844578 ], [ -99.21815666, 40.27129759 ], [ -99.18545457, 40.28163817 ], [ -99.15835866, 40.28898122 ], [ -99.15275249, 40.29085862 ], [ -99.12005039, 40.30090354 ], [ -99.08734829, 40.30884585 ], [ -99.05464619, 40.31502285 ], [ -99.0219441, 40.31988835 ], [ -99.00898317, 40.32168332 ], [ -98.989242, 40.32516931 ], [ -98.9565399, 40.33060177 ], [ -98.9238378, 40.33562069 ], [ -98.89113573, 40.34001874 ], [ -98.85843363, 40.3436416 ], [ -98.82573153, 40.34672262 ], [ -98.79302943, 40.34936913 ], [ -98.76032734, 40.35094037 ], [ -98.72762524, 40.35118525 ], [ -98.69492314, 40.34953163 ], [ -98.66222104, 40.34467317 ], [ -98.62951897, 40.33223933 ], [ -98.61651946, 40.32168332 ], [ -98.59681687, 40.29566506 ], [ -98.59153144, 40.28898122 ], [ -98.5685696, 40.25627913 ], [ -98.56411477, 40.24794659 ], [ -98.54764225, 40.22357703 ], [ -98.53406671, 40.19087492 ], [ -98.53387483, 40.15817284 ], [ -98.5551309, 40.12547074 ], [ -98.56411477, 40.11923695 ], [ -98.59417008, 40.09276865 ], [ -98.59681687, 40.09115712 ], [ -98.62951897, 40.06754587 ], [ -98.63922373, 40.06006655 ], [ -98.66222104, 40.04497638 ], [ -98.68663176, 40.02736446 ], [ -98.69492314, 40.02052024 ], [ -98.71924893, 39.99466236 ], [ -98.72762524, 39.98421361 ], [ -98.74418431, 39.96196028 ], [ -98.76032734, 39.9377231 ], [ -98.76574079, 39.92925817 ], [ -98.78488035, 39.89655607 ], [ -98.79302943, 39.88342949 ], [ -98.80750753, 39.86385398 ], [ -98.82573153, 39.84166799 ], [ -98.8378427, 39.83115188 ], [ -98.85843363, 39.81428315 ], [ -98.88977736, 39.7984498 ], [ -98.89113573, 39.79777972 ], [ -98.9238378, 39.78875094 ], [ -98.9565399, 39.7853296 ], [ -98.989242, 39.78634949 ], [ -99.0219441, 39.79113994 ], [ -99.05105696, 39.7984498 ], [ -99.05464619, 39.79936724 ], [ -99.08734829, 39.81071088 ], [ -99.12005039, 39.82513459 ], [ -99.13231559, 39.83115188 ], [ -99.15275249, 39.8415997 ], [ -99.18545457, 39.85991692 ], [ -99.19206507, 39.86385398 ], [ -99.21815666, 39.88049771 ], [ -99.24145395, 39.89655607 ], [ -99.25085876, 39.90373619 ], [ -99.28212181, 39.92925817 ], [ -99.28356086, 39.93061659 ], [ -99.31484015, 39.96196028 ], [ -99.31626296, 39.96371535 ], [ -99.34007999, 39.99466236 ], [ -99.34896505, 40.01036034 ], [ -99.35822408, 40.02736446 ], [ -99.37078944, 40.06006655 ], [ -99.37963266, 40.09276865 ], [ -99.38166715, 40.10362719 ], [ -99.38608452, 40.12547074 ], [ -99.39047, 40.15817284 ] ], [ [ -99.32637497, 40.15817284 ], [ -99.31626296, 40.17526463 ], [ -99.30646638, 40.19087492 ], [ -99.28356086, 40.20738484 ], [ -99.25966698, 40.22357703 ], [ -99.25085876, 40.22744059 ], [ -99.21815666, 40.24152941 ], [ -99.18545457, 40.2551483 ], [ -99.18277419, 40.25627913 ], [ -99.15275249, 40.26694017 ], [ -99.12005039, 40.27686401 ], [ -99.08734829, 40.28577269 ], [ -99.0754193, 40.28898122 ], [ -99.05464619, 40.29468728 ], [ -99.0219441, 40.30204929 ], [ -98.989242, 40.30772369 ], [ -98.9565399, 40.31286656 ], [ -98.9238378, 40.31829826 ], [ -98.9046863, 40.32168332 ], [ -98.89113573, 40.32407078 ], [ -98.85843363, 40.32826208 ], [ -98.82573153, 40.33085202 ], [ -98.79302943, 40.33235025 ], [ -98.76032734, 40.33250509 ], [ -98.72762524, 40.33096662 ], [ -98.69492314, 40.32693185 ], [ -98.6736695, 40.32168332 ], [ -98.66222104, 40.3166414 ], [ -98.63330997, 40.28898122 ], [ -98.62951897, 40.28305787 ], [ -98.612411, 40.25627913 ], [ -98.59738853, 40.22357703 ], [ -98.59681687, 40.22062372 ], [ -98.59014505, 40.19087492 ], [ -98.59534793, 40.15817284 ], [ -98.59681687, 40.15578603 ], [ -98.61396557, 40.12547074 ], [ -98.62951897, 40.10992282 ], [ -98.64603196, 40.09276865 ], [ -98.66222104, 40.08016428 ], [ -98.68800835, 40.06006655 ], [ -98.69492314, 40.05514602 ], [ -98.72674822, 40.02736446 ], [ -98.72762524, 40.02642616 ], [ -98.75396254, 39.99466236 ], [ -98.76032734, 39.98594926 ], [ -98.77720073, 39.96196028 ], [ -98.79302943, 39.93639869 ], [ -98.79767741, 39.92925817 ], [ -98.82006283, 39.89655607 ], [ -98.82573153, 39.88903011 ], [ -98.85252979, 39.86385398 ], [ -98.85843363, 39.85869729 ], [ -98.89113573, 39.8407464 ], [ -98.92322718, 39.83115188 ], [ -98.9238378, 39.83097589 ], [ -98.9565399, 39.82752344 ], [ -98.989242, 39.82894615 ], [ -99.00235353, 39.83115188 ], [ -99.0219441, 39.8345696 ], [ -99.05464619, 39.84396783 ], [ -99.08734829, 39.85685642 ], [ -99.10173113, 39.86385398 ], [ -99.12005039, 39.87332064 ], [ -99.15275249, 39.89226724 ], [ -99.15963863, 39.89655607 ], [ -99.18545457, 39.91417795 ], [ -99.20591186, 39.92925817 ], [ -99.21815666, 39.93950924 ], [ -99.24321433, 39.96196028 ], [ -99.25085876, 39.97012834 ], [ -99.27244687, 39.99466236 ], [ -99.28356086, 40.0108568 ], [ -99.2942697, 40.02736446 ], [ -99.30932337, 40.06006655 ], [ -99.31626296, 40.08439091 ], [ -99.31863701, 40.09276865 ], [ -99.32484978, 40.12547074 ], [ -99.32637497, 40.15817284 ] ] ] } },
{ "type": "Feature", "properties": { "Lower": 58.0 }, "geometry": { "type": "Polygon", "coordinates": [ [ [ -97.95975846, 38.55577018 ], [ -97.95786319, 38.58847227 ], [ -97.95392777, 38.62117437 ], [ -97.94857767, 38.65387645 ], [ -97.94277496, 38.68342504 ], [ -97.94228073, 38.68657856 ], [ -97.93584808, 38.71928066 ], [ -97.92872727, 38.75198275 ], [ -97.92050078, 38.78468485 ], [ -97.91013861, 38.81738693 ], [ -97.91007286, 38.81753735 ], [ -97.89617165, 38.85008904 ], [ -97.87835256, 38.88279112 ], [ -97.87737076, 38.88435282 ], [ -97.85724692, 38.91549323 ], [ -97.84466868, 38.93098306 ], [ -97.82975594, 38.94819531 ], [ -97.81196658, 38.96303952 ], [ -97.78562199, 38.98089741 ], [ -97.77926449, 38.9843007 ], [ -97.74656239, 38.99895611 ], [ -97.71386029, 39.01029831 ], [ -97.70105137, 39.0135995 ], [ -97.68115819, 39.01902337 ], [ -97.6484561, 39.02634204 ], [ -97.615754, 39.03237385 ], [ -97.58305192, 39.03589185 ], [ -97.55034982, 39.03454639 ], [ -97.51764773, 39.0233453 ], [ -97.50498624, 39.0135995 ], [ -97.48494563, 38.99048741 ], [ -97.47727654, 38.98089741 ], [ -97.45352765, 38.94819531 ], [ -97.45224353, 38.94625614 ], [ -97.43039355, 38.91549323 ], [ -97.41954143, 38.89833405 ], [ -97.40912564, 38.88279112 ], [ -97.39040108, 38.85008904 ], [ -97.38683934, 38.84256182 ], [ -97.37447948, 38.81738693 ], [ -97.36258397, 38.78468485 ], [ -97.3547643, 38.75198275 ], [ -97.35413724, 38.74735096 ], [ -97.35007504, 38.71928066 ], [ -97.34859247, 38.68657856 ], [ -97.34981835, 38.65387645 ], [ -97.35306975, 38.62117437 ], [ -97.35413724, 38.61340721 ], [ -97.35708703, 38.58847227 ], [ -97.36113439, 38.55577018 ], [ -97.36454825, 38.52306808 ], [ -97.36663127, 38.49036599 ], [ -97.36678024, 38.45766389 ], [ -97.36437758, 38.42496181 ], [ -97.35793855, 38.3922597 ], [ -97.35514846, 38.3595576 ], [ -97.37719205, 38.32685551 ], [ -97.38683934, 38.31683576 ], [ -97.41954143, 38.30406394 ], [ -97.45224353, 38.3044619 ], [ -97.48494563, 38.31918006 ], [ -97.49839743, 38.32685551 ], [ -97.51764773, 38.33927645 ], [ -97.55034982, 38.35387849 ], [ -97.57045617, 38.3595576 ], [ -97.58305192, 38.36327082 ], [ -97.615754, 38.36878566 ], [ -97.6484561, 38.37144896 ], [ -97.68115819, 38.37206997 ], [ -97.71386029, 38.37151883 ], [ -97.74656239, 38.3709803 ], [ -97.77926449, 38.37167137 ], [ -97.81196658, 38.37445909 ], [ -97.84466868, 38.38054655 ], [ -97.87737076, 38.39188714 ], [ -97.87817137, 38.3922597 ], [ -97.91007286, 38.41192345 ], [ -97.92407543, 38.42496181 ], [ -97.94277496, 38.45343739 ], [ -97.94491399, 38.45766389 ], [ -97.95498122, 38.49036599 ], [ -97.9591459, 38.52306808 ], [ -97.95975846, 38.55577018 ] ], [ [ -97.89014259, 38.68657856 ], [ -97.88834474, 38.71928066 ], [ -97.88469456, 38.75198275 ], [ -97.87882363, 38.78468485 ], [ -97.87737076, 38.78999563 ], [ -97.86979146, 38.81738693 ], [ -97.85696151, 38.85008904 ], [ -97.84466868, 38.87226409 ], [ -97.83857092, 38.88279112 ], [ -97.81606565, 38.91549323 ], [ -97.81196658, 38.92019569 ], [ -97.78463294, 38.94819531 ], [ -97.77926449, 38.95198858 ], [ -97.74656239, 38.96984866 ], [ -97.7167908, 38.98089741 ], [ -97.71386029, 38.98188767 ], [ -97.68115819, 38.98943234 ], [ -97.6484561, 38.99629186 ], [ -97.615754, 39.00292444 ], [ -97.58305192, 39.0074497 ], [ -97.55034982, 39.00363579 ], [ -97.51884334, 38.98089741 ], [ -97.51764773, 38.9795291 ], [ -97.49594591, 38.94819531 ], [ -97.48494563, 38.93035379 ], [ -97.47520492, 38.91549323 ], [ -97.45575979, 38.88279112 ], [ -97.45224353, 38.87617392 ], [ -97.43793585, 38.85008904 ], [ -97.42264575, 38.81738693 ], [ -97.41954143, 38.80910597 ], [ -97.41044497, 38.78468485 ], [ -97.40200697, 38.75198275 ], [ -97.39695533, 38.71928066 ], [ -97.39490663, 38.68657856 ], [ -97.39533868, 38.65387645 ], [ -97.39750632, 38.62117437 ], [ -97.40053459, 38.58847227 ], [ -97.40357487, 38.55577018 ], [ -97.40590324, 38.52306808 ], [ -97.4066731, 38.49036599 ], [ -97.40502724, 38.45766389 ], [ -97.40012316, 38.42496181 ], [ -97.38936454, 38.3922597 ], [ -97.39782136, 38.3595576 ], [ -97.41954143, 38.34526964 ], [ -97.45224353, 38.35281457 ], [ -97.46252028, 38.3595576 ], [ -97.48494563, 38.37709954 ], [ -97.51133365, 38.3922597 ], [ -97.51764773, 38.39583696 ], [ -97.55034982, 38.41058571 ], [ -97.58305192, 38.4201525 ], [ -97.60762466, 38.42496181 ], [ -97.615754, 38.42663996 ], [ -97.6484561, 38.43127379 ], [ -97.68115819, 38.43545641 ], [ -97.71386029, 38.441406 ], [ -97.74656239, 38.45034622 ], [ -97.76550174, 38.45766389 ], [ -97.77926449, 38.46394081 ], [ -97.81196658, 38.48453299 ], [ -97.81907328, 38.49036599 ], [ -97.84466868, 38.51717899 ], [ -97.84912041, 38.52306808 ], [ -97.86798067, 38.55577018 ], [ -97.87737076, 38.58005643 ], [ -97.88009024, 38.58847227 ], [ -97.88688871, 38.62117437 ], [ -97.88986989, 38.65387645 ], [ -97.89014259, 38.68657856 ] ] ] } },
{ "type": "Feature", "properties": { "Lower": 58.0 }, "geometry": { "type": "Polygon", "coordinates": [ [ [ -98.53125006, 37.60740942 ], [ -98.52871442, 37.64011151 ], [ -98.52102595, 37.67281361 ], [ -98.50708025, 37.7055157 ], [ -98.49871058, 37.71997695 ], [ -98.48466515, 37.7382178 ], [ -98.46600848, 37.75934849 ], [ -98.45265347, 37.77091988 ], [ -98.43330638, 37.78742603 ], [ -98.40830367, 37.80362199 ], [ -98.40060428, 37.80883723 ], [ -98.3679022, 37.82636991 ], [ -98.34405397, 37.83632409 ], [ -98.33520011, 37.84040718 ], [ -98.30249801, 37.85330802 ], [ -98.26979591, 37.86469355 ], [ -98.25547664, 37.86902618 ], [ -98.23709381, 37.87604794 ], [ -98.20439172, 37.88685417 ], [ -98.17168962, 37.89661588 ], [ -98.15206916, 37.90172828 ], [ -98.13898752, 37.90659554 ], [ -98.10628544, 37.91700484 ], [ -98.07358335, 37.92691571 ], [ -98.04685229, 37.93443036 ], [ -98.04088125, 37.93711002 ], [ -98.00817915, 37.94789185 ], [ -97.97547705, 37.95821966 ], [ -97.94703081, 37.96713247 ], [ -97.94277496, 37.9696226 ], [ -97.92579112, 37.96713247 ], [ -97.91007286, 37.9546044 ], [ -97.90751761, 37.93443036 ], [ -97.91007286, 37.92717934 ], [ -97.91684761, 37.90172828 ], [ -97.9255777, 37.86902618 ], [ -97.93308995, 37.83632409 ], [ -97.94005239, 37.80362199 ], [ -97.94277496, 37.79283797 ], [ -97.94653068, 37.77091988 ], [ -97.95276505, 37.7382178 ], [ -97.95930989, 37.7055157 ], [ -97.96639965, 37.67281361 ], [ -97.97424731, 37.64011151 ], [ -97.97547705, 37.63611832 ], [ -97.98235176, 37.60740942 ], [ -97.99207195, 37.57470732 ], [ -98.00422737, 37.54200524 ], [ -98.00817915, 37.53383721 ], [ -98.01850332, 37.50930313 ], [ -98.03581954, 37.47660103 ], [ -98.04088125, 37.46903046 ], [ -98.05569395, 37.44389894 ], [ -98.07358335, 37.41861621 ], [ -98.07806055, 37.41119684 ], [ -98.09368733, 37.37849476 ], [ -98.09854762, 37.34579265 ], [ -98.09354565, 37.31309057 ], [ -98.0799926, 37.28038846 ], [ -98.07358335, 37.26656132 ], [ -98.06260938, 37.24768638 ], [ -98.04498923, 37.21498427 ], [ -98.04088125, 37.20637705 ], [ -98.01743232, 37.18228217 ], [ -98.00817915, 37.17145781 ], [ -97.97547705, 37.18204983 ], [ -97.97509711, 37.18228217 ], [ -97.94277496, 37.19443111 ], [ -97.91361645, 37.21498427 ], [ -97.91007286, 37.21683634 ], [ -97.87737076, 37.23861981 ], [ -97.86626814, 37.24768638 ], [ -97.84466868, 37.25959302 ], [ -97.81196658, 37.27827421 ], [ -97.80853522, 37.28038846 ], [ -97.77926449, 37.29364774 ], [ -97.74656239, 37.30499289 ], [ -97.72365998, 37.31309057 ], [ -97.71386029, 37.3163415 ], [ -97.68115819, 37.32341649 ], [ -97.6484561, 37.32793227 ], [ -97.615754, 37.33205448 ], [ -97.58305192, 37.33689016 ], [ -97.55034982, 37.34234574 ], [ -97.53286095, 37.34579265 ], [ -97.51764773, 37.3496613 ], [ -97.48494563, 37.35998728 ], [ -97.45224353, 37.37517992 ], [ -97.44589732, 37.37849476 ], [ -97.41954143, 37.39504423 ], [ -97.39692341, 37.41119684 ], [ -97.38683934, 37.41944281 ], [ -97.35420832, 37.44389894 ], [ -97.35413724, 37.4439476 ], [ -97.32143516, 37.45534639 ], [ -97.28873306, 37.45846571 ], [ -97.25603097, 37.45609852 ], [ -97.22332887, 37.44619684 ], [ -97.21810213, 37.44389894 ], [ -97.19062677, 37.42696824 ], [ -97.16965114, 37.41119684 ], [ -97.15792467, 37.3975242 ], [ -97.1445862, 37.37849476 ], [ -97.13420256, 37.34579265 ], [ -97.13424155, 37.31309057 ], [ -97.14260296, 37.28038846 ], [ -97.15488459, 37.24768638 ], [ -97.15792467, 37.23782065 ], [ -97.16655543, 37.21498427 ], [ -97.17549812, 37.18228217 ], [ -97.18054896, 37.14958009 ], [ -97.18268536, 37.11687798 ], [ -97.18180592, 37.0841759 ], [ -97.19062677, 37.07265804 ], [ -97.21321287, 37.05147379 ], [ -97.22332887, 37.04704532 ], [ -97.25603097, 37.03033888 ], [ -97.27742557, 37.01877171 ], [ -97.28873306, 37.01472539 ], [ -97.32143516, 37.00182548 ], [ -97.35413724, 36.98991399 ], [ -97.36553829, 36.98606961 ], [ -97.38683934, 36.98030097 ], [ -97.41954143, 36.97283828 ], [ -97.45224353, 36.96748732 ], [ -97.48494563, 36.96425746 ], [ -97.51764773, 36.96296177 ], [ -97.55034982, 36.96378706 ], [ -97.58305192, 36.9669111 ], [ -97.615754, 36.97238855 ], [ -97.6484561, 36.98030438 ], [ -97.66643708, 36.98606961 ], [ -97.68115819, 36.99060412 ], [ -97.71386029, 37.00288244 ], [ -97.74656239, 37.0174041 ], [ -97.74925444, 37.01877171 ], [ -97.77926449, 37.03257436 ], [ -97.81196658, 37.0485889 ], [ -97.81748012, 37.05147379 ], [ -97.84466868, 37.06650201 ], [ -97.87737076, 37.0840615 ], [ -97.87775492, 37.0841759 ], [ -97.91007286, 37.0947418 ], [ -97.94277496, 37.09352446 ], [ -97.96684493, 37.0841759 ], [ -97.97547705, 37.0816063 ], [ -98.00817915, 37.07016498 ], [ -98.04088125, 37.08012987 ], [ -98.06255083, 37.0841759 ], [ -98.07358335, 37.08674453 ], [ -98.10628544, 37.0859271 ], [ -98.12150046, 37.0841759 ], [ -98.13898752, 37.08214023 ], [ -98.17168962, 37.07658117 ], [ -98.20439172, 37.07189394 ], [ -98.23709381, 37.07102378 ], [ -98.26979591, 37.07630695 ], [ -98.28890986, 37.0841759 ], [ -98.30249801, 37.08982405 ], [ -98.33520011, 37.11384128 ], [ -98.33808022, 37.11687798 ], [ -98.36731159, 37.14958009 ], [ -98.3679022, 37.15026824 ], [ -98.38973586, 37.18228217 ], [ -98.40060428, 37.19961447 ], [ -98.40893719, 37.21498427 ], [ -98.42560174, 37.24768638 ], [ -98.43330638, 37.26353987 ], [ -98.4409576, 37.28038846 ], [ -98.45528609, 37.31309057 ], [ -98.46600848, 37.33859487 ], [ -98.46896631, 37.34579265 ], [ -98.48240472, 37.37849476 ], [ -98.49498191, 37.41119684 ], [ -98.49871058, 37.42161049 ], [ -98.50668338, 37.44389894 ], [ -98.51620476, 37.47660103 ], [ -98.52123564, 37.50930313 ], [ -98.52625077, 37.54200524 ], [ -98.52999244, 37.57470732 ], [ -98.53125006, 37.60740942 ] ], [ [ -97.89060617, 37.14958009 ], [ -97.88799963, 37.18228217 ], [ -97.87737076, 37.19355216 ], [ -97.86248162, 37.21498427 ], [ -97.84466868, 37.22926407 ], [ -97.82497586, 37.24768638 ], [ -97.81196658, 37.25518096 ], [ -97.77926449, 37.2748998 ], [ -97.77065892, 37.28038846 ], [ -97.74656239, 37.28974178 ], [ -97.71386029, 37.3009149 ], [ -97.68115819, 37.31049597 ], [ -97.66368704, 37.31309057 ], [ -97.6484561, 37.3148512 ], [ -97.615754, 37.31886669 ], [ -97.58305192, 37.32391762 ], [ -97.55034982, 37.32673581 ], [ -97.51764773, 37.32956498 ], [ -97.48494563, 37.33318005 ], [ -97.45224353, 37.33800116 ], [ -97.41954143, 37.3443788 ], [ -97.41168428, 37.34579265 ], [ -97.38683934, 37.3525632 ], [ -97.35413724, 37.36310113 ], [ -97.32143516, 37.37469572 ], [ -97.28873306, 37.37315599 ], [ -97.25603097, 37.34860019 ], [ -97.25378395, 37.34579265 ], [ -97.2471175, 37.31309057 ], [ -97.25603097, 37.28871634 ], [ -97.25994081, 37.28038846 ], [ -97.28873306, 37.24820736 ], [ -97.28890873, 37.24768638 ], [ -97.30218367, 37.21498427 ], [ -97.31157931, 37.18228217 ], [ -97.32040906, 37.14958009 ], [ -97.32143516, 37.14713038 ], [ -97.3346677, 37.11687798 ], [ -97.35413724, 37.09111532 ], [ -97.36002421, 37.0841759 ], [ -97.38683934, 37.06193467 ], [ -97.40204434, 37.05147379 ], [ -97.41954143, 37.04225381 ], [ -97.45224353, 37.02875809 ], [ -97.48494563, 37.01962205 ], [ -97.49021825, 37.01877171 ], [ -97.51764773, 37.01509786 ], [ -97.55034982, 37.01400624 ], [ -97.58305192, 37.01590803 ], [ -97.60274596, 37.01877171 ], [ -97.615754, 37.02068665 ], [ -97.6484561, 37.0281208 ], [ -97.68115819, 37.03737834 ], [ -97.71386029, 37.04842211 ], [ -97.72157928, 37.05147379 ], [ -97.74656239, 37.06176051 ], [ -97.77926449, 37.07655743 ], [ -97.79447216, 37.0841759 ], [ -97.81196658, 37.09396047 ], [ -97.84466868, 37.11452796 ], [ -97.8488326, 37.11687798 ], [ -97.87737076, 37.13934971 ], [ -97.89060617, 37.14958009 ] ], [ [ -98.5026955, 37.57470732 ], [ -98.5018538, 37.60740942 ], [ -98.49871058, 37.62584118 ], [ -98.4955316, 37.64011151 ], [ -98.48087694, 37.67281361 ], [ -98.46600848, 37.69493306 ], [ -98.4565435, 37.7055157 ], [ -98.43330638, 37.72774533 ], [ -98.41923487, 37.7382178 ], [ -98.40060428, 37.7514466 ], [ -98.3679022, 37.76956174 ], [ -98.36485074, 37.77091988 ], [ -98.33520011, 37.78447575 ], [ -98.30249801, 37.79504247 ], [ -98.26979591, 37.80186929 ], [ -98.25349547, 37.80362199 ], [ -98.23709381, 37.8056713 ], [ -98.20439172, 37.80619714 ], [ -98.18346741, 37.80362199 ], [ -98.17168962, 37.80208547 ], [ -98.13898752, 37.79162391 ], [ -98.10628544, 37.77197788 ], [ -98.10496101, 37.77091988 ], [ -98.07454113, 37.7382178 ], [ -98.07358335, 37.7367355 ], [ -98.05716223, 37.7055157 ], [ -98.04746035, 37.67281361 ], [ -98.04298469, 37.64011151 ], [ -98.04264952, 37.60740942 ], [ -98.04600818, 37.57470732 ], [ -98.05290144, 37.54200524 ], [ -98.06331893, 37.50930313 ], [ -98.07358335, 37.48579527 ], [ -98.07713474, 37.47660103 ], [ -98.09344895, 37.44389894 ], [ -98.10628544, 37.42188875 ], [ -98.11132068, 37.41119684 ], [ -98.12099262, 37.37849476 ], [ -98.12123393, 37.34579265 ], [ -98.11345712, 37.31309057 ], [ -98.10628544, 37.29699335 ], [ -98.09854701, 37.28038846 ], [ -98.08497559, 37.24768638 ], [ -98.07358335, 37.21939007 ], [ -98.0714094, 37.21498427 ], [ -98.06422418, 37.18228217 ], [ -98.07227321, 37.14958009 ], [ -98.07358335, 37.14865517 ], [ -98.10628544, 37.13603447 ], [ -98.13898752, 37.12848993 ], [ -98.17168962, 37.12383264 ], [ -98.20439172, 37.12227405 ], [ -98.23709381, 37.12471072 ], [ -98.26979591, 37.1334078 ], [ -98.30008491, 37.14958009 ], [ -98.30249801, 37.15089364 ], [ -98.33520011, 37.17814443 ], [ -98.33882589, 37.18228217 ], [ -98.365947, 37.21498427 ], [ -98.3679022, 37.21746618 ], [ -98.38748074, 37.24768638 ], [ -98.40060428, 37.26932328 ], [ -98.40646902, 37.28038846 ], [ -98.42322195, 37.31309057 ], [ -98.43330638, 37.33354745 ], [ -98.43895181, 37.34579265 ], [ -98.45374386, 37.37849476 ], [ -98.46600848, 37.40701483 ], [ -98.46774317, 37.41119684 ], [ -98.4801842, 37.44389894 ], [ -98.49015215, 37.47660103 ], [ -98.49545199, 37.50930313 ], [ -98.49871058, 37.53199157 ], [ -98.50015412, 37.54200524 ], [ -98.5026955, 37.57470732 ] ] ] } },
{ "type": "Feature", "properties": { "Lower": 58.0 }, "geometry": { "type": "Polygon", "coordinates": [ [ [ -98.41869069, 40.12547074 ], [ -98.41537626, 40.15817284 ], [ -98.40060428, 40.17437907 ], [ -98.38802315, 40.19087492 ], [ -98.3679022, 40.20542892 ], [ -98.3452075, 40.22357703 ], [ -98.33520011, 40.22972544 ], [ -98.30249801, 40.25085882 ], [ -98.29347857, 40.25627913 ], [ -98.26979591, 40.26807965 ], [ -98.23709381, 40.27605797 ], [ -98.20439172, 40.2804266 ], [ -98.17168962, 40.28314613 ], [ -98.13898752, 40.28483702 ], [ -98.10628544, 40.28654371 ], [ -98.07358335, 40.28832574 ], [ -98.04088125, 40.28830504 ], [ -98.00817915, 40.28685264 ], [ -97.97547705, 40.28494525 ], [ -97.94277496, 40.28318336 ], [ -97.91007286, 40.28192656 ], [ -97.87737076, 40.28143295 ], [ -97.84466868, 40.28190562 ], [ -97.81196658, 40.28388733 ], [ -97.77926449, 40.28770182 ], [ -97.77169261, 40.28898122 ], [ -97.74656239, 40.29398438 ], [ -97.71386029, 40.30276516 ], [ -97.68115819, 40.31394213 ], [ -97.66200979, 40.32168332 ], [ -97.6484561, 40.32782721 ], [ -97.615754, 40.34438114 ], [ -97.59784049, 40.3543854 ], [ -97.58305192, 40.36333119 ], [ -97.55034982, 40.38450569 ], [ -97.54654131, 40.38708751 ], [ -97.51764773, 40.40778152 ], [ -97.50157113, 40.41978959 ], [ -97.48494563, 40.43273241 ], [ -97.46027418, 40.4524917 ], [ -97.45224353, 40.45912735 ], [ -97.4212909, 40.48519378 ], [ -97.41954143, 40.48670092 ], [ -97.38683934, 40.51520556 ], [ -97.38378523, 40.51789589 ], [ -97.35413724, 40.54437927 ], [ -97.34722971, 40.55059799 ], [ -97.32143516, 40.57403428 ], [ -97.31128447, 40.58330007 ], [ -97.28873306, 40.60397356 ], [ -97.27564232, 40.61600218 ], [ -97.25603097, 40.63403509 ], [ -97.2400654, 40.64870426 ], [ -97.22332887, 40.66409277 ], [ -97.2045278, 40.68140637 ], [ -97.19062677, 40.69446827 ], [ -97.16975721, 40.71410845 ], [ -97.15792467, 40.72569914 ], [ -97.13608588, 40.74681055 ], [ -97.12522257, 40.75782917 ], [ -97.10357353, 40.77951264 ], [ -97.09252048, 40.79106017 ], [ -97.07201162, 40.81221474 ], [ -97.0598184, 40.82525653 ], [ -97.04122806, 40.84491685 ], [ -97.0271163, 40.86028993 ], [ -97.01105258, 40.87761893 ], [ -96.9944142, 40.89605727 ], [ -96.98140411, 40.91032103 ], [ -96.96171211, 40.93239204 ], [ -96.9521477, 40.94302312 ], [ -96.92901001, 40.9692532 ], [ -96.92325289, 40.97572522 ], [ -96.89630791, 41.00648242 ], [ -96.89459251, 41.00842731 ], [ -96.86616817, 41.04112941 ], [ -96.86360581, 41.04411199 ], [ -96.83791913, 41.07383149 ], [ -96.83090372, 41.08202206 ], [ -96.80963326, 41.1065336 ], [ -96.79820164, 41.11989584 ], [ -96.781331, 41.1392357 ], [ -96.76549954, 41.15766738 ], [ -96.75304209, 41.17193779 ], [ -96.73279744, 41.19534771 ], [ -96.72462823, 41.20463989 ], [ -96.70009535, 41.23278134 ], [ -96.6960637, 41.23734197 ], [ -96.66739325, 41.2697986 ], [ -96.66717525, 41.27004408 ], [ -96.63834477, 41.30274616 ], [ -96.63469115, 41.30687599 ], [ -96.60922109, 41.33544827 ], [ -96.60198905, 41.34355249 ], [ -96.56928696, 41.34363018 ], [ -96.56110504, 41.33544827 ], [ -96.53658488, 41.31093799 ], [ -96.52839304, 41.30274616 ], [ -96.50388278, 41.27824571 ], [ -96.50388278, 41.27822418 ], [ -96.53296648, 41.27004408 ], [ -96.53658488, 41.2660284 ], [ -96.56243324, 41.23734197 ], [ -96.56928696, 41.22976831 ], [ -96.59196087, 41.20463989 ], [ -96.60198905, 41.19362066 ], [ -96.62162684, 41.17193779 ], [ -96.63469115, 41.1576344 ], [ -96.65138358, 41.1392357 ], [ -96.66739325, 41.12181009 ], [ -96.68126921, 41.1065336 ], [ -96.70009535, 41.08608385 ], [ -96.71124838, 41.07383149 ], [ -96.73279744, 41.05061139 ], [ -96.7414995, 41.04112941 ], [ -96.76549954, 41.01554529 ], [ -96.77206746, 41.00842731 ], [ -96.79820164, 40.98075867 ], [ -96.8028462, 40.97572522 ], [ -96.83090372, 40.94608857 ], [ -96.83371349, 40.94302312 ], [ -96.86360581, 40.91127436 ], [ -96.86447793, 40.91032103 ], [ -96.89507239, 40.87761893 ], [ -96.89630791, 40.87633273 ], [ -96.92621035, 40.84491685 ], [ -96.92901001, 40.8420358 ], [ -96.957989, 40.81221474 ], [ -96.96171211, 40.80843833 ], [ -96.99044398, 40.77951264 ], [ -96.9944142, 40.77554906 ], [ -97.02339484, 40.74681055 ], [ -97.0271163, 40.74315981 ], [ -97.05695693, 40.71410845 ], [ -97.0598184, 40.71135903 ], [ -97.0912585, 40.68140637 ], [ -97.09252048, 40.68022339 ], [ -97.12522257, 40.64979071 ], [ -97.1263982, 40.64870426 ], [ -97.15792467, 40.61999132 ], [ -97.16230471, 40.61600218 ], [ -97.19062677, 40.59010898 ], [ -97.19807438, 40.58330007 ], [ -97.22332887, 40.56019369 ], [ -97.23384308, 40.55059799 ], [ -97.25603097, 40.53042564 ], [ -97.26988239, 40.51789589 ], [ -97.28873306, 40.50098591 ], [ -97.30650257, 40.48519378 ], [ -97.32143516, 40.4721013 ], [ -97.34409018, 40.4524917 ], [ -97.35413724, 40.44395465 ], [ -97.38312693, 40.41978959 ], [ -97.38683934, 40.41677244 ], [ -97.41954143, 40.39078667 ], [ -97.42431861, 40.38708751 ], [ -97.45224353, 40.36624992 ], [ -97.46888014, 40.3543854 ], [ -97.48494563, 40.34347622 ], [ -97.51764773, 40.32264128 ], [ -97.51923012, 40.32168332 ], [ -97.55034982, 40.30413618 ], [ -97.58071074, 40.28898122 ], [ -97.58305192, 40.28791108 ], [ -97.615754, 40.27441979 ], [ -97.6484561, 40.26337453 ], [ -97.67493786, 40.25627913 ], [ -97.68115819, 40.25479224 ], [ -97.71386029, 40.24862784 ], [ -97.74656239, 40.24434341 ], [ -97.77926449, 40.24164216 ], [ -97.81196658, 40.24020344 ], [ -97.84466868, 40.23991148 ], [ -97.87737076, 40.24067358 ], [ -97.91007286, 40.24235548 ], [ -97.94277496, 40.24480536 ], [ -97.97547705, 40.24782178 ], [ -98.00817915, 40.2510734 ], [ -98.04088125, 40.2540374 ], [ -98.07358335, 40.25575127 ], [ -98.10628544, 40.25461421 ], [ -98.13898752, 40.25211774 ], [ -98.17168962, 40.24941444 ], [ -98.20439172, 40.24542794 ], [ -98.23709381, 40.23919936 ], [ -98.26979591, 40.22626228 ], [ -98.27419844, 40.22357703 ], [ -98.30249801, 40.20234419 ], [ -98.31656702, 40.19087492 ], [ -98.33520011, 40.16804623 ], [ -98.34289276, 40.15817284 ], [ -98.35292939, 40.12547074 ], [ -98.34912695, 40.09276865 ], [ -98.33540358, 40.06006655 ], [ -98.33520011, 40.05971699 ], [ -98.31927542, 40.02736446 ], [ -98.30959891, 39.99466236 ], [ -98.30249801, 39.96805816 ], [ -98.30070286, 39.96196028 ], [ -98.29189087, 39.92925817 ], [ -98.28433588, 39.89655607 ], [ -98.2762668, 39.86385398 ], [ -98.26979591, 39.84241258 ], [ -98.26543635, 39.83115188 ], [ -98.25082074, 39.7984498 ], [ -98.23709381, 39.77186207 ], [ -98.23295446, 39.76574769 ], [ -98.20850681, 39.73304561 ], [ -98.20439172, 39.72802447 ], [ -98.17394062, 39.7003435 ], [ -98.17168962, 39.69842145 ], [ -98.13898752, 39.6780427 ], [ -98.11579367, 39.66764142 ], [ -98.10628544, 39.66350339 ], [ -98.07358335, 39.65481541 ], [ -98.04088125, 39.64993893 ], [ -98.00817915, 39.6479278 ], [ -97.97547705, 39.6481601 ], [ -97.94277496, 39.65017448 ], [ -97.91007286, 39.65359075 ], [ -97.87737076, 39.65815791 ], [ -97.84466868, 39.66363003 ], [ -97.82347726, 39.66764142 ], [ -97.81196658, 39.66986383 ], [ -97.77926449, 39.67672224 ], [ -97.74656239, 39.68385941 ], [ -97.71386029, 39.69111359 ], [ -97.68115819, 39.69833534 ], [ -97.67211054, 39.7003435 ], [ -97.6484561, 39.7055626 ], [ -97.615754, 39.71254274 ], [ -97.58305192, 39.71903183 ], [ -97.55034982, 39.7249586 ], [ -97.51764773, 39.73030762 ], [ -97.49957522, 39.73304561 ], [ -97.48494563, 39.73529218 ], [ -97.45224353, 39.73941498 ], [ -97.41954143, 39.74261496 ], [ -97.38683934, 39.74497784 ], [ -97.35413724, 39.74674994 ], [ -97.32143516, 39.74804226 ], [ -97.28873306, 39.74890192 ], [ -97.25603097, 39.74938136 ], [ -97.22332887, 39.74956413 ], [ -97.19062677, 39.74949807 ], [ -97.15792467, 39.74923871 ], [ -97.12522257, 39.7488591 ], [ -97.09252048, 39.74841524 ], [ -97.0598184, 39.74794716 ], [ -97.0271163, 39.74752193 ], [ -96.9944142, 39.7472358 ], [ -96.96171211, 39.74717993 ], [ -96.92901001, 39.74738403 ], [ -96.89630791, 39.74784295 ], [ -96.86360581, 39.74862204 ], [ -96.83090372, 39.749835 ], [ -96.79820164, 39.751639 ], [ -96.76549954, 39.7542888 ], [ -96.73279744, 39.75834267 ], [ -96.70009535, 39.76561661 ], [ -96.69974368, 39.76574769 ], [ -96.66739325, 39.77950364 ], [ -96.63863582, 39.7984498 ], [ -96.63469115, 39.80167171 ], [ -96.60756035, 39.83115188 ], [ -96.60198905, 39.83950534 ], [ -96.58904116, 39.86385398 ], [ -96.57714971, 39.89655607 ], [ -96.56928696, 39.92596558 ], [ -96.56853188, 39.92925817 ], [ -96.56138699, 39.96196028 ], [ -96.55393393, 39.99466236 ], [ -96.54558692, 40.02736446 ], [ -96.53799986, 40.06006655 ], [ -96.53658488, 40.0641142 ], [ -96.52485248, 40.09276865 ], [ -96.50613021, 40.12547074 ], [ -96.50388278, 40.1285696 ], [ -96.4800889, 40.15817284 ], [ -96.47118068, 40.16791408 ], [ -96.45059051, 40.19087492 ], [ -96.43847858, 40.20395021 ], [ -96.41773362, 40.22357703 ], [ -96.40577649, 40.23442969 ], [ -96.37798343, 40.25627913 ], [ -96.37307439, 40.26016763 ], [ -96.34037229, 40.28323735 ], [ -96.3306145, 40.28898122 ], [ -96.30767019, 40.3031873 ], [ -96.27526102, 40.32168332 ], [ -96.27496812, 40.32186005 ], [ -96.24226602, 40.33980313 ], [ -96.21597675, 40.3543854 ], [ -96.20956392, 40.35812769 ], [ -96.17686182, 40.3766909 ], [ -96.15905445, 40.38708751 ], [ -96.14415973, 40.39616766 ], [ -96.11145763, 40.41674308 ], [ -96.10667325, 40.41978959 ], [ -96.07875553, 40.43823151 ], [ -96.05840515, 40.4524917 ], [ -96.04605343, 40.46144089 ], [ -96.01504598, 40.48519378 ], [ -96.01335136, 40.48652977 ], [ -95.98064926, 40.51312441 ], [ -95.9751048, 40.51789589 ], [ -95.94794716, 40.54189987 ], [ -95.93865178, 40.55059799 ], [ -95.91524506, 40.57303169 ], [ -95.90511694, 40.58330007 ], [ -95.88254297, 40.60667273 ], [ -95.87401785, 40.61600218 ], [ -95.84984087, 40.64300112 ], [ -95.84166461, 40.64870426 ], [ -95.84164308, 40.64870426 ], [ -95.81713877, 40.6241915 ], [ -95.80894945, 40.61600218 ], [ -95.78443667, 40.59148316 ], [ -95.77625358, 40.58330007 ], [ -95.75173457, 40.55877731 ], [ -95.74355525, 40.55059799 ], [ -95.7190325, 40.52607399 ], [ -95.71085439, 40.51789589 ], [ -95.6863304, 40.49337317 ], [ -95.67815102, 40.48519378 ], [ -95.6536283, 40.46067464 ], [ -95.64544535, 40.4524917 ], [ -95.6209262, 40.42797811 ], [ -95.61273769, 40.41978959 ], [ -95.58822411, 40.39528321 ], [ -95.58002842, 40.38708751 ], [ -95.55552201, 40.36258943 ], [ -95.55552201, 40.36256791 ], [ -95.58822411, 40.3778141 ], [ -95.6209262, 40.35507619 ], [ -95.62190554, 40.3543854 ], [ -95.6536283, 40.33180785 ], [ -95.66722989, 40.32168332 ], [ -95.6863304, 40.3074172 ], [ -95.70980638, 40.28898122 ], [ -95.7190325, 40.28176035 ], [ -95.74998647, 40.25627913 ], [ -95.75173457, 40.25485133 ], [ -95.78443667, 40.22695959 ], [ -95.78818441, 40.22357703 ], [ -95.81713877, 40.19794373 ], [ -95.82460919, 40.19087492 ], [ -95.84984087, 40.16766519 ], [ -95.85950159, 40.15817284 ], [ -95.88254297, 40.13639301 ], [ -95.89330883, 40.12547074 ], [ -95.91524506, 40.10428138 ], [ -95.92634452, 40.09276865 ], [ -95.94794716, 40.07170604 ], [ -95.95903233, 40.06006655 ], [ -95.98064926, 40.03899156 ], [ -95.99168224, 40.02736446 ], [ -96.01335136, 40.0065217 ], [ -96.02469165, 39.99466236 ], [ -96.04605343, 39.97466204 ], [ -96.05844499, 39.96196028 ], [ -96.07875553, 39.94376429 ], [ -96.0933585, 39.92925817 ], [ -96.11145763, 39.91419565 ], [ -96.13022312, 39.89655607 ], [ -96.14415973, 39.88684806 ], [ -96.17405943, 39.86385398 ], [ -96.17686182, 39.86278346 ], [ -96.20956392, 39.8515292 ], [ -96.24226602, 39.84664771 ], [ -96.26165563, 39.83115188 ], [ -96.27496812, 39.81186503 ], [ -96.29436892, 39.7984498 ], [ -96.30767019, 39.78680513 ], [ -96.33535527, 39.76574769 ], [ -96.34037229, 39.76014345 ], [ -96.36592359, 39.73304561 ], [ -96.37307439, 39.7196491 ], [ -96.3843132, 39.7003435 ], [ -96.39348262, 39.66764142 ], [ -96.39629917, 39.63493932 ], [ -96.39535015, 39.60223721 ], [ -96.39160545, 39.56953513 ], [ -96.3825585, 39.53683302 ], [ -96.37307439, 39.51807944 ], [ -96.36459355, 39.50413094 ], [ -96.34037229, 39.47325165 ], [ -96.33880839, 39.47142883 ], [ -96.30767019, 39.43908862 ], [ -96.30723104, 39.43872675 ], [ -96.27496812, 39.41528771 ], [ -96.25732831, 39.40602465 ], [ -96.24226602, 39.39776365 ], [ -96.20956392, 39.38276755 ], [ -96.18680358, 39.37332256 ], [ -96.17686182, 39.36858548 ], [ -96.14415973, 39.35269217 ], [ -96.11961471, 39.34062046 ], [ -96.11145763, 39.33613845 ], [ -96.07875553, 39.31844427 ], [ -96.0589325, 39.30791835 ], [ -96.04605343, 39.30042525 ], [ -96.01335136, 39.28195902 ], [ -96.00099693, 39.27521627 ], [ -95.98064926, 39.26309429 ], [ -95.94794716, 39.24435135 ], [ -95.94460093, 39.24251417 ], [ -95.91524506, 39.22474611 ], [ -95.88932246, 39.20981208 ], [ -95.88254297, 39.20548817 ], [ -95.84984087, 39.1857707 ], [ -95.83455514, 39.17710998 ], [ -95.81713877, 39.16615428 ], [ -95.78443667, 39.1470422 ], [ -95.77954868, 39.14440789 ], [ -95.75173457, 39.12772494 ], [ -95.72246105, 39.11170579 ], [ -95.7190325, 39.10961364 ], [ -95.6863304, 39.09160597 ], [ -95.66068178, 39.07900371 ], [ -95.6536283, 39.0751315 ], [ -95.6209262, 39.05931467 ], [ -95.5899038, 39.0463016 ], [ -95.58822411, 39.04551158 ], [ -95.55552201, 39.03219655 ], [ -95.52281991, 39.02095553 ], [ -95.49712401, 39.0135995 ], [ -95.49011781, 39.01133645 ], [ -95.45741574, 39.00237499 ], [ -95.42471364, 38.99485844 ], [ -95.39201154, 38.98828899 ], [ -95.35930944, 38.98201602 ], [ -95.35438293, 38.98089741 ], [ -95.32660735, 38.97393547 ], [ -95.29390525, 38.9648039 ], [ -95.26120315, 38.95474593 ], [ -95.24044737, 38.94819531 ], [ -95.22850105, 38.94390578 ], [ -95.19579897, 38.93301846 ], [ -95.16309688, 38.92277312 ], [ -95.13830734, 38.91549323 ], [ -95.13039478, 38.9126239 ], [ -95.09769268, 38.90153647 ], [ -95.06499058, 38.89108438 ], [ -95.03721759, 38.88279112 ], [ -95.03228849, 38.8808149 ], [ -94.99958639, 38.86924613 ], [ -94.96688429, 38.85857419 ], [ -94.93772608, 38.85008904 ], [ -94.93418221, 38.84852348 ], [ -94.90148012, 38.83639102 ], [ -94.86877802, 38.82576876 ], [ -94.83880413, 38.81738693 ], [ -94.83607592, 38.81601107 ], [ -94.80337382, 38.80335133 ], [ -94.77067173, 38.79305336 ], [ -94.74360151, 38.78468485 ], [ -94.73796963, 38.78122361 ], [ -94.70526753, 38.77072896 ], [ -94.67256545, 38.76065247 ], [ -94.63986336, 38.75645453 ], [ -94.62279573, 38.75198275 ], [ -94.60716126, 38.73960339 ], [ -94.57445916, 38.7360843 ], [ -94.54175706, 38.73156974 ], [ -94.53358149, 38.75198275 ], [ -94.53355996, 38.75198275 ], [ -94.50905497, 38.72747768 ], [ -94.50085794, 38.71928066 ], [ -94.50085794, 38.68657856 ], [ -94.50085794, 38.65387645 ], [ -94.50085794, 38.62117437 ], [ -94.50085794, 38.58847227 ], [ -94.50085794, 38.55577018 ], [ -94.50085796, 38.52306808 ], [ -94.50085796, 38.49036599 ], [ -94.50085801, 38.45766389 ], [ -94.50085807, 38.42496181 ], [ -94.50905497, 38.41676491 ], [ -94.53356029, 38.3922597 ], [ -94.53356042, 38.3595576 ], [ -94.53356062, 38.32685551 ], [ -94.54175706, 38.31865906 ], [ -94.56626297, 38.29415341 ], [ -94.56626326, 38.26145132 ], [ -94.56626365, 38.22874922 ], [ -94.56626414, 38.19604714 ], [ -94.57445916, 38.18785209 ], [ -94.59896684, 38.16334503 ], [ -94.59896757, 38.13064295 ], [ -94.59896845, 38.09794084 ], [ -94.60716126, 38.08974805 ], [ -94.63167162, 38.06523874 ], [ -94.63167289, 38.03253666 ], [ -94.63167437, 37.99983455 ], [ -94.63986336, 37.99164559 ], [ -94.66437817, 37.96713247 ], [ -94.66438018, 37.93443036 ], [ -94.6643825, 37.90172828 ], [ -94.66438514, 37.86902618 ], [ -94.67256545, 37.86084586 ], [ -94.69709002, 37.83632409 ], [ -94.70526753, 37.81637091 ], [ -94.73796963, 37.81414277 ], [ -94.77067173, 37.81110373 ], [ -94.80337382, 37.80717151 ], [ -94.82666363, 37.80362199 ], [ -94.83607592, 37.80230993 ], [ -94.86877802, 37.79703397 ], [ -94.90148012, 37.79135463 ], [ -94.93418221, 37.78509875 ], [ -94.96688429, 37.7781055 ], [ -94.99629238, 37.77091988 ], [ -94.99958639, 37.77017415 ], [ -95.03228849, 37.76198595 ], [ -95.06499058, 37.75226079 ], [ -95.09769268, 37.74038194 ], [ -95.10270632, 37.7382178 ], [ -95.13039478, 37.72716071 ], [ -95.16309688, 37.71040568 ], [ -95.17071747, 37.7055157 ], [ -95.19579897, 37.69103605 ], [ -95.21993683, 37.67281361 ], [ -95.22850105, 37.66730028 ], [ -95.26120315, 37.64051894 ], [ -95.26159258, 37.64011151 ], [ -95.29390525, 37.61601735 ], [ -95.30342196, 37.60740942 ], [ -95.32660735, 37.59151515 ], [ -95.34624111, 37.57470732 ], [ -95.35930944, 37.56425066 ], [ -95.37834303, 37.54200524 ], [ -95.39201154, 37.52657041 ], [ -95.41483459, 37.50930313 ], [ -95.42471364, 37.50342705 ], [ -95.45741574, 37.48637821 ], [ -95.47785638, 37.47660103 ], [ -95.49011781, 37.47044567 ], [ -95.52281991, 37.45506586 ], [ -95.54602161, 37.44389894 ], [ -95.55552201, 37.43764809 ], [ -95.58822411, 37.41305947 ], [ -95.59046847, 37.41119684 ], [ -95.61173474, 37.37849476 ], [ -95.6209262, 37.3511733 ], [ -95.62274358, 37.34579265 ], [ -95.63337674, 37.31309057 ], [ -95.62794345, 37.28038846 ], [ -95.6209262, 37.27353784 ], [ -95.59344317, 37.24768638 ], [ -95.58822411, 37.24355174 ], [ -95.55552201, 37.21880745 ], [ -95.55050407, 37.21498427 ], [ -95.52281991, 37.19013231 ], [ -95.51220121, 37.18228217 ], [ -95.49011781, 37.15861387 ], [ -95.48031829, 37.14958009 ], [ -95.45741574, 37.12382584 ], [ -95.45045431, 37.11687798 ], [ -95.42471364, 37.08810905 ], [ -95.42083121, 37.0841759 ], [ -95.39201154, 37.05226845 ], [ -95.39122991, 37.05147379 ], [ -95.36130904, 37.01877171 ], [ -95.35930944, 37.01652055 ], [ -95.33011552, 36.98606961 ], [ -95.32660735, 36.98233625 ], [ -95.29724142, 36.95336752 ], [ -95.29390525, 36.95003134 ], [ -95.26202896, 36.92066542 ], [ -95.26120315, 36.9198941 ], [ -95.22850105, 36.89136553 ], [ -95.22422685, 36.88796331 ], [ -95.19579897, 36.86466625 ], [ -95.18313392, 36.85526123 ], [ -95.16309688, 36.84002074 ], [ -95.1374861, 36.82255913 ], [ -95.1549191, 36.78985704 ], [ -95.15491797, 36.75715494 ], [ -95.16309688, 36.74897603 ], [ -95.18761872, 36.72445285 ], [ -95.19579897, 36.7162726 ], [ -95.22031999, 36.69175075 ], [ -95.22031962, 36.65904867 ], [ -95.22850105, 36.65086722 ], [ -95.25302147, 36.62634656 ], [ -95.26120315, 36.61816488 ], [ -95.2857236, 36.59364446 ], [ -95.29390525, 36.58546282 ], [ -95.31842601, 36.56094237 ], [ -95.31842619, 36.52824027 ], [ -95.32660735, 36.52005911 ], [ -95.35112893, 36.49553819 ], [ -95.35930944, 36.48735768 ], [ -95.38383191, 36.46283608 ], [ -95.38383236, 36.430134 ], [ -95.39201154, 36.4219548 ], [ -95.41653562, 36.39743189 ], [ -95.42471364, 36.38925389 ], [ -95.44923909, 36.36472981 ], [ -95.44923975, 36.3320277 ], [ -95.45741574, 36.32385173 ], [ -95.47380521, 36.3320277 ], [ -95.49011781, 36.35233377 ], [ -95.50013278, 36.36472981 ], [ -95.52281991, 36.39204603 ], [ -95.52726771, 36.39743189 ], [ -95.55416876, 36.430134 ], [ -95.55552201, 36.43169709 ], [ -95.58300852, 36.46283608 ], [ -95.58822411, 36.46875654 ], [ -95.61181727, 36.49553819 ], [ -95.6209262, 36.50553994 ], [ -95.64135673, 36.52824027 ], [ -95.6536283, 36.54152823 ], [ -95.67134966, 36.56094237 ], [ -95.6863304, 36.57684793 ], [ -95.70187887, 36.59364446 ], [ -95.7190325, 36.61161969 ], [ -95.73269613, 36.62634656 ], [ -95.75173457, 36.64627043 ], [ -95.76367927, 36.65904867 ], [ -95.78443667, 36.68062675 ], [ -95.79474554, 36.69175075 ], [ -95.81713877, 36.71525133 ], [ -95.82563944, 36.72445285 ], [ -95.84984087, 36.74981282 ], [ -95.85657419, 36.75715494 ], [ -95.88254297, 36.78445554 ], [ -95.88746489, 36.78985704 ], [ -95.91524506, 36.81973195 ], [ -95.9177345, 36.82255913 ], [ -95.94692344, 36.85526123 ], [ -95.94794716, 36.85638884 ], [ -95.9747585, 36.88796331 ], [ -95.98064926, 36.89479672 ], [ -96.00142706, 36.92066542 ], [ -96.01335136, 36.93543743 ], [ -96.02669949, 36.95336752 ], [ -96.04605343, 36.97975927 ], [ -96.05026022, 36.98606961 ], [ -96.07065745, 37.01877171 ], [ -96.07875553, 37.03330938 ], [ -96.08752107, 37.05147379 ], [ -96.10162825, 37.0841759 ], [ -96.11145763, 37.10926204 ], [ -96.11415042, 37.11687798 ], [ -96.12356842, 37.14958009 ], [ -96.12967892, 37.18228217 ], [ -96.13007198, 37.21498427 ], [ -96.12030275, 37.24768638 ], [ -96.11145763, 37.26134313 ], [ -96.09852198, 37.28038846 ], [ -96.08352029, 37.31309057 ], [ -96.07875553, 37.34314557 ], [ -96.0782588, 37.34579265 ], [ -96.05755806, 37.37849476 ], [ -96.04605343, 37.38608915 ], [ -96.01335136, 37.39930661 ], [ -95.98064926, 37.40473058 ], [ -95.94794716, 37.40443214 ], [ -95.91524506, 37.3996226 ], [ -95.88254297, 37.3912106 ], [ -95.84984087, 37.38055158 ], [ -95.84366341, 37.37849476 ], [ -95.81713877, 37.36715977 ], [ -95.78443667, 37.36679586 ], [ -95.76397206, 37.37849476 ], [ -95.75173457, 37.3850455 ], [ -95.7190325, 37.4020863 ], [ -95.7017704, 37.41119684 ], [ -95.6863304, 37.42041764 ], [ -95.6562251, 37.44389894 ], [ -95.6536283, 37.44696749 ], [ -95.63381449, 37.47660103 ], [ -95.62570707, 37.50930313 ], [ -95.62109855, 37.54200524 ], [ -95.6209262, 37.5430782 ], [ -95.61562817, 37.57470732 ], [ -95.60838369, 37.60740942 ], [ -95.59662732, 37.64011151 ], [ -95.58822411, 37.65401502 ], [ -95.57503915, 37.67281361 ], [ -95.55552201, 37.69031305 ], [ -95.53687184, 37.7055157 ], [ -95.52281991, 37.71893242 ], [ -95.5060841, 37.7382178 ], [ -95.49011781, 37.76117774 ], [ -95.48232845, 37.77091988 ], [ -95.45880623, 37.80362199 ], [ -95.45741574, 37.80569461 ], [ -95.42471364, 37.83502474 ], [ -95.42283778, 37.83632409 ], [ -95.39201154, 37.86272644 ], [ -95.38411646, 37.86902618 ], [ -95.35930944, 37.89426884 ], [ -95.35180603, 37.90172828 ], [ -95.32691154, 37.93443036 ], [ -95.32660735, 37.93492721 ], [ -95.30572999, 37.96713247 ], [ -95.29390525, 37.99265051 ], [ -95.29033177, 37.99983455 ], [ -95.27686169, 38.03253666 ], [ -95.26686428, 38.06523874 ], [ -95.26120315, 38.08881156 ], [ -95.25870606, 38.09794084 ], [ -95.25126981, 38.13064295 ], [ -95.24548258, 38.16334503 ], [ -95.24095286, 38.19604714 ], [ -95.23740636, 38.22874922 ], [ -95.23452305, 38.26145132 ], [ -95.2320979, 38.29415341 ], [ -95.22983126, 38.32685551 ], [ -95.22850105, 38.34400417 ], [ -95.22706952, 38.3595576 ], [ -95.22480969, 38.3922597 ], [ -95.22431447, 38.42496181 ], [ -95.22679002, 38.45766389 ], [ -95.22850105, 38.46741767 ], [ -95.23378314, 38.49036599 ], [ -95.24718399, 38.52306808 ], [ -95.26120315, 38.54556975 ], [ -95.27066124, 38.55577018 ], [ -95.29390525, 38.57635638 ], [ -95.31228918, 38.58847227 ], [ -95.32660735, 38.5972857 ], [ -95.35930944, 38.61410565 ], [ -95.37451394, 38.62117437 ], [ -95.39201154, 38.63016062 ], [ -95.42471364, 38.64879465 ], [ -95.43314085, 38.65387645 ], [ -95.45741574, 38.67000897 ], [ -95.48258457, 38.68657856 ], [ -95.49011781, 38.69200121 ], [ -95.52281991, 38.7164222 ], [ -95.52645217, 38.71928066 ], [ -95.55552201, 38.74404143 ], [ -95.56417617, 38.75198275 ], [ -95.58822411, 38.7749135 ], [ -95.59776222, 38.78468485 ], [ -95.6209262, 38.80779363 ], [ -95.62982056, 38.81738693 ], [ -95.6536283, 38.84184263 ], [ -95.66101994, 38.85008904 ], [ -95.6863304, 38.87647205 ], [ -95.69189495, 38.88279112 ], [ -95.7190325, 38.91131208 ], [ -95.72269008, 38.91549323 ], [ -95.75173457, 38.94589341 ], [ -95.75376652, 38.94819531 ], [ -95.78443667, 38.97981768 ], [ -95.78540844, 38.98089741 ], [ -95.81713877, 39.01281568 ], [ -95.81786864, 39.0135995 ], [ -95.84984087, 39.04458977 ], [ -95.85150602, 39.0463016 ], [ -95.88254297, 39.07506037 ], [ -95.88658853, 39.07900371 ], [ -95.91524506, 39.10412455 ], [ -95.92351546, 39.11170579 ], [ -95.94794716, 39.13185548 ], [ -95.9625964, 39.14440789 ], [ -95.98064926, 39.15835564 ], [ -96.00409728, 39.17710998 ], [ -96.01335136, 39.18380081 ], [ -96.04605343, 39.20818472 ], [ -96.04817681, 39.20981208 ], [ -96.07875553, 39.23105517 ], [ -96.09479811, 39.24251417 ], [ -96.11145763, 39.25333849 ], [ -96.14396436, 39.27521627 ], [ -96.14415973, 39.27533525 ], [ -96.17686182, 39.29546861 ], [ -96.19663356, 39.30791835 ], [ -96.20956392, 39.31511796 ], [ -96.24226602, 39.33322243 ], [ -96.25451373, 39.34062046 ], [ -96.27496812, 39.35220109 ], [ -96.30573192, 39.37332256 ], [ -96.30767019, 39.37455407 ], [ -96.34037229, 39.40071071 ], [ -96.34579996, 39.40602465 ], [ -96.37307439, 39.43513708 ], [ -96.376278, 39.43872675 ], [ -96.40201305, 39.47142883 ], [ -96.40577649, 39.4774667 ], [ -96.41983175, 39.50413094 ], [ -96.43118682, 39.53683302 ], [ -96.43847858, 39.56322946 ], [ -96.44098604, 39.56953513 ], [ -96.45274975, 39.60223721 ], [ -96.46362401, 39.63493932 ], [ -96.47118068, 39.66066469 ], [ -96.47510823, 39.66764142 ], [ -96.49323964, 39.7003435 ], [ -96.50388278, 39.71484218 ], [ -96.53658488, 39.71725674 ], [ -96.56928696, 39.70976365 ], [ -96.60198905, 39.70056116 ], [ -96.60268166, 39.7003435 ], [ -96.63469115, 39.69204806 ], [ -96.66739325, 39.68417816 ], [ -96.70009535, 39.67743188 ], [ -96.73279744, 39.67317878 ], [ -96.76549954, 39.67158917 ], [ -96.79820164, 39.6711865 ], [ -96.83090372, 39.67114408 ], [ -96.86360581, 39.67138225 ], [ -96.89630791, 39.67182859 ], [ -96.92901001, 39.67244286 ], [ -96.96171211, 39.67319618 ], [ -96.9944142, 39.67407388 ], [ -97.0271163, 39.67510132 ], [ -97.0598184, 39.67620909 ], [ -97.09252048, 39.67731485 ], [ -97.12522257, 39.67835031 ], [ -97.15792467, 39.67919508 ], [ -97.19062677, 39.67980004 ], [ -97.22332887, 39.68012325 ], [ -97.25603097, 39.68016602 ], [ -97.28873306, 39.6798266 ], [ -97.32143516, 39.67904844 ], [ -97.35413724, 39.67772338 ], [ -97.38683934, 39.67576614 ], [ -97.41954143, 39.67307522 ], [ -97.45224353, 39.66932953 ], [ -97.46351606, 39.66764142 ], [ -97.48494563, 39.66437595 ], [ -97.51764773, 39.65814385 ], [ -97.55034982, 39.65071114 ], [ -97.58305192, 39.64255437 ], [ -97.61151232, 39.63493932 ], [ -97.615754, 39.63375842 ], [ -97.6484561, 39.62450538 ], [ -97.68115819, 39.61515621 ], [ -97.71386029, 39.60588848 ], [ -97.72724298, 39.60223721 ], [ -97.74656239, 39.5968364 ], [ -97.77926449, 39.58834275 ], [ -97.81196658, 39.5806157 ], [ -97.84466868, 39.57387754 ], [ -97.87022607, 39.56953513 ], [ -97.87737076, 39.56833024 ], [ -97.91007286, 39.56418449 ], [ -97.94277496, 39.56162239 ], [ -97.97547705, 39.56081317 ], [ -98.00817915, 39.56206024 ], [ -98.04088125, 39.56569596 ], [ -98.05957361, 39.56953513 ], [ -98.07358335, 39.57240769 ], [ -98.10628544, 39.58293308 ], [ -98.13898752, 39.59662182 ], [ -98.14893168, 39.60223721 ], [ -98.17168962, 39.61536189 ], [ -98.19710052, 39.63493932 ], [ -98.20439172, 39.64082705 ], [ -98.23011903, 39.66764142 ], [ -98.23709381, 39.67550132 ], [ -98.25468193, 39.7003435 ], [ -98.26979591, 39.72439189 ], [ -98.2742567, 39.73304561 ], [ -98.28899775, 39.76574769 ], [ -98.30132726, 39.7984498 ], [ -98.30249801, 39.80206504 ], [ -98.31026631, 39.83115188 ], [ -98.31715132, 39.86385398 ], [ -98.32291751, 39.89655607 ], [ -98.33024702, 39.92925817 ], [ -98.33520011, 39.94811169 ], [ -98.33863554, 39.96196028 ], [ -98.34790335, 39.99466236 ], [ -98.36167243, 40.02736446 ], [ -98.3679022, 40.03723529 ], [ -98.38511128, 40.06006655 ], [ -98.40060428, 40.08695061 ], [ -98.40505687, 40.09276865 ], [ -98.41869069, 40.12547074 ] ], [ [ -96.49825642, 39.96196028 ], [ -96.49552326, 39.99466236 ], [ -96.48925875, 40.02736446 ], [ -96.47761516, 40.06006655 ], [ -96.47118068, 40.07286461 ], [ -96.45989589, 40.09276865 ], [ -96.43847858, 40.12208382 ], [ -96.43573539, 40.12547074 ], [ -96.40621164, 40.15817284 ], [ -96.40577649, 40.15861466 ], [ -96.37307439, 40.18431869 ], [ -96.36242203, 40.19087492 ], [ -96.34037229, 40.20442976 ], [ -96.30767019, 40.21876534 ], [ -96.29334131, 40.22357703 ], [ -96.27496812, 40.23001144 ], [ -96.24226602, 40.23939346 ], [ -96.20956392, 40.24777832 ], [ -96.17686182, 40.25533039 ], [ -96.17113668, 40.25627913 ], [ -96.14415973, 40.26092605 ], [ -96.11145763, 40.26455471 ], [ -96.07875553, 40.26476829 ], [ -96.04605343, 40.25684119 ], [ -96.04512495, 40.25627913 ], [ -96.02913551, 40.22357703 ], [ -96.03306148, 40.19087492 ], [ -96.04346505, 40.15817284 ], [ -96.04605343, 40.15294118 ], [ -96.05785717, 40.12547074 ], [ -96.07433123, 40.09276865 ], [ -96.07875553, 40.08565402 ], [ -96.0928089, 40.06006655 ], [ -96.11145763, 40.02973654 ], [ -96.11274141, 40.02736446 ], [ -96.13405913, 39.99466236 ], [ -96.14415973, 39.98109286 ], [ -96.15665394, 39.96196028 ], [ -96.17686182, 39.93484951 ], [ -96.18047224, 39.92925817 ], [ -96.20547747, 39.89655607 ], [ -96.20956392, 39.89325396 ], [ -96.24226602, 39.86782964 ], [ -96.24759076, 39.86385398 ], [ -96.27496812, 39.84850114 ], [ -96.30531182, 39.83115188 ], [ -96.30767019, 39.82972345 ], [ -96.34037229, 39.81766798 ], [ -96.37307439, 39.80591029 ], [ -96.39826583, 39.7984498 ], [ -96.40577649, 39.79508748 ], [ -96.43847858, 39.78745111 ], [ -96.46996689, 39.7984498 ], [ -96.47118068, 39.79923989 ], [ -96.48442507, 39.83115188 ], [ -96.49165604, 39.86385398 ], [ -96.49597077, 39.89655607 ], [ -96.49817958, 39.92925817 ], [ -96.49825642, 39.96196028 ] ] ] } },
{ "type": "Feature", "properties": { "Lower": 58.0 }, "geometry": { "type": "Polygon", "coordinates": [ [ [ -103.37950431, 34.92583761 ], [ -103.37950214, 34.95853971 ], [ -103.37949997, 34.9912418 ], [ -103.37132276, 35.01735814 ], [ -103.33862066, 35.01213562 ], [ -103.30591857, 35.00728006 ], [ -103.27321647, 35.00244021 ], [ -103.24051437, 34.99750774 ], [ -103.20781227, 34.99252358 ], [ -103.19975973, 34.9912418 ], [ -103.17511018, 34.98744228 ], [ -103.14240808, 34.98232474 ], [ -103.109706, 34.97719553 ], [ -103.0770039, 34.97210836 ], [ -103.0443018, 34.9670449 ], [ -103.01159971, 34.96203488 ], [ -102.98874321, 34.95853971 ], [ -102.97889761, 34.95706705 ], [ -102.94619551, 34.95213853 ], [ -102.91349341, 34.9472864 ], [ -102.88079132, 34.94255238 ], [ -102.84808924, 34.93792683 ], [ -102.81538714, 34.93342718 ], [ -102.78268504, 34.92904342 ], [ -102.7580841, 34.92583761 ], [ -102.74998295, 34.92479668 ], [ -102.71728085, 34.9206109 ], [ -102.68457875, 34.91654006 ], [ -102.65187665, 34.91263162 ], [ -102.61917456, 34.90882467 ], [ -102.58647248, 34.90511067 ], [ -102.55377038, 34.90144393 ], [ -102.52106828, 34.89778833 ], [ -102.48836619, 34.89402111 ], [ -102.48129734, 34.89313553 ], [ -102.45566409, 34.88982029 ], [ -102.42296199, 34.88467207 ], [ -102.39025989, 34.87747242 ], [ -102.35755779, 34.86472417 ], [ -102.34865377, 34.86043342 ], [ -102.32485572, 34.84447572 ], [ -102.30658917, 34.82773134 ], [ -102.29423902, 34.79502923 ], [ -102.29524818, 34.76232713 ], [ -102.30368858, 34.72962505 ], [ -102.31746925, 34.69692294 ], [ -102.32485572, 34.68374085 ], [ -102.33443149, 34.66422086 ], [ -102.35281148, 34.63151875 ], [ -102.35755779, 34.62385384 ], [ -102.3720403, 34.59881667 ], [ -102.39025989, 34.57212659 ], [ -102.39427262, 34.56611457 ], [ -102.41959997, 34.53341248 ], [ -102.42296199, 34.52711599 ], [ -102.43844246, 34.50071038 ], [ -102.44136685, 34.46800827 ], [ -102.4349708, 34.43530619 ], [ -102.42296199, 34.40360255 ], [ -102.4224153, 34.40260408 ], [ -102.39777193, 34.369902 ], [ -102.39025989, 34.36233364 ], [ -102.35755779, 34.34072593 ], [ -102.34879975, 34.3371999 ], [ -102.32485572, 34.32859376 ], [ -102.29215362, 34.32278003 ], [ -102.25945152, 34.32159396 ], [ -102.22674942, 34.32413498 ], [ -102.19404733, 34.3299646 ], [ -102.16739737, 34.3371999 ], [ -102.16134523, 34.33885049 ], [ -102.12864313, 34.35137847 ], [ -102.09594103, 34.36788769 ], [ -102.09280046, 34.369902 ], [ -102.06323896, 34.3926228 ], [ -102.05362822, 34.40260408 ], [ -102.03626766, 34.43530619 ], [ -102.03903433, 34.46800827 ], [ -102.05989282, 34.50071038 ], [ -102.06323896, 34.50510695 ], [ -102.0864013, 34.53341248 ], [ -102.09404709, 34.56611457 ], [ -102.07970476, 34.59881667 ], [ -102.06323896, 34.62598205 ], [ -102.06022288, 34.63151875 ], [ -102.04008204, 34.66422086 ], [ -102.03053686, 34.67775608 ], [ -102.01816691, 34.69692294 ], [ -101.99783476, 34.72483975 ], [ -101.99454404, 34.72962505 ], [ -101.97027364, 34.76232713 ], [ -101.96513266, 34.76858139 ], [ -101.94454552, 34.79502923 ], [ -101.93243057, 34.8096335 ], [ -101.91738903, 34.82773134 ], [ -101.89972847, 34.84841375 ], [ -101.88900725, 34.86043342 ], [ -101.86702637, 34.88524193 ], [ -101.85810499, 34.89313553 ], [ -101.83432427, 34.91419995 ], [ -101.81202276, 34.92583761 ], [ -101.80162219, 34.93142779 ], [ -101.7689201, 34.94219609 ], [ -101.736218, 34.94888337 ], [ -101.7035159, 34.9533403 ], [ -101.6708138, 34.95654121 ], [ -101.65438134, 34.95853971 ], [ -101.63811171, 34.96114014 ], [ -101.60540961, 34.96740652 ], [ -101.57270751, 34.9741032 ], [ -101.54000543, 34.98047583 ], [ -101.50730334, 34.98618018 ], [ -101.47460124, 34.99080621 ], [ -101.4713472, 34.9912418 ], [ -101.44189914, 34.99488004 ], [ -101.40919704, 34.99817083 ], [ -101.37649495, 35.0014496 ], [ -101.34379285, 35.00492502 ], [ -101.31109075, 35.00880144 ], [ -101.27838867, 35.01314347 ], [ -101.24568658, 35.01798945 ], [ -101.21298448, 35.02343934 ], [ -101.21013689, 35.0239439 ], [ -101.18028238, 35.02908071 ], [ -101.14758028, 35.0353052 ], [ -101.11487819, 35.04212448 ], [ -101.08217609, 35.04955873 ], [ -101.05301447, 35.05664599 ], [ -101.04947399, 35.05750133 ], [ -101.01677191, 35.06557904 ], [ -100.98406981, 35.07416206 ], [ -100.95136772, 35.08330303 ], [ -100.93036362, 35.08934809 ], [ -100.91866562, 35.0927648 ], [ -100.88596352, 35.10232378 ], [ -100.85326142, 35.11235546 ], [ -100.82302073, 35.12205019 ], [ -100.82055933, 35.12286566 ], [ -100.78785723, 35.13319388 ], [ -100.75515515, 35.14395917 ], [ -100.72502902, 35.15475228 ], [ -100.72245305, 35.15571383 ], [ -100.68975096, 35.16632513 ], [ -100.65704886, 35.17804909 ], [ -100.63135192, 35.18745438 ], [ -100.62434676, 35.19031306 ], [ -100.59164466, 35.20307355 ], [ -100.55894257, 35.21723858 ], [ -100.55215349, 35.22015647 ], [ -100.52624047, 35.23404878 ], [ -100.49773042, 35.25285857 ], [ -100.49353839, 35.25686323 ], [ -100.46920114, 35.28556065 ], [ -100.46083629, 35.3044414 ], [ -100.45533918, 35.31826276 ], [ -100.44758355, 35.35096484 ], [ -100.44371029, 35.38366695 ], [ -100.44196559, 35.41636905 ], [ -100.44124998, 35.44907114 ], [ -100.44130342, 35.48177324 ], [ -100.44173293, 35.51447532 ], [ -100.4425891, 35.54717743 ], [ -100.44402776, 35.57987951 ], [ -100.44602773, 35.61258162 ], [ -100.44843202, 35.6452837 ], [ -100.45112036, 35.6779858 ], [ -100.45403968, 35.71068791 ], [ -100.45714296, 35.74338999 ], [ -100.46042, 35.7760921 ], [ -100.46083629, 35.77995742 ], [ -100.46358546, 35.80879418 ], [ -100.46693433, 35.84149628 ], [ -100.47046355, 35.87419837 ], [ -100.47417131, 35.90690047 ], [ -100.47798551, 35.93960256 ], [ -100.48197221, 35.97230466 ], [ -100.48604392, 36.00500676 ], [ -100.49023162, 36.03770885 ], [ -100.49353839, 36.06306101 ], [ -100.49441906, 36.07041095 ], [ -100.49841063, 36.10311304 ], [ -100.50242847, 36.13581514 ], [ -100.5063969, 36.16851722 ], [ -100.51031221, 36.20121933 ], [ -100.51408901, 36.23392141 ], [ -100.51766779, 36.26662352 ], [ -100.52099411, 36.29932562 ], [ -100.52401303, 36.3320277 ], [ -100.52624047, 36.36010367 ], [ -100.526584, 36.36472981 ], [ -100.52854906, 36.39743189 ], [ -100.52996636, 36.430134 ], [ -100.53041573, 36.46283608 ], [ -100.52956637, 36.49553819 ], [ -100.52723783, 36.52824027 ], [ -100.52624047, 36.53649015 ], [ -100.52304953, 36.56094237 ], [ -100.51687994, 36.59364446 ], [ -100.50864503, 36.62634656 ], [ -100.49815161, 36.65904867 ], [ -100.49353839, 36.67078826 ], [ -100.4846209, 36.69175075 ], [ -100.46794502, 36.72445285 ], [ -100.46083629, 36.73637101 ], [ -100.44735573, 36.75715494 ], [ -100.42813419, 36.78266488 ], [ -100.4222072, 36.78985704 ], [ -100.3954321, 36.81820356 ], [ -100.39084429, 36.82255913 ], [ -100.36273, 36.84602136 ], [ -100.35068185, 36.85526123 ], [ -100.3300279, 36.87042623 ], [ -100.3055759, 36.88796331 ], [ -100.2973258, 36.89380078 ], [ -100.26462371, 36.91697474 ], [ -100.25947621, 36.92066542 ], [ -100.23192163, 36.94105099 ], [ -100.21649174, 36.95336752 ], [ -100.19921953, 36.96826194 ], [ -100.17875072, 36.98606961 ], [ -100.16651743, 36.99687774 ], [ -100.14100753, 37.01877171 ], [ -100.13381534, 37.02490865 ], [ -100.10111324, 37.05108697 ], [ -100.10060251, 37.05147379 ], [ -100.06841114, 37.0753605 ], [ -100.05527544, 37.0841759 ], [ -100.03570904, 37.09682589 ], [ -100.00300695, 37.11580035 ], [ -100.00081102, 37.11687798 ], [ -99.97030487, 37.13136567 ], [ -99.93760277, 37.14387414 ], [ -99.91752231, 37.14958009 ], [ -99.90490067, 37.15305267 ], [ -99.87219858, 37.15861732 ], [ -99.83949648, 37.16069096 ], [ -99.80679438, 37.15907305 ], [ -99.77409228, 37.15368792 ], [ -99.75960796, 37.14958009 ], [ -99.74139018, 37.14420554 ], [ -99.70868809, 37.13080803 ], [ -99.68195033, 37.11687798 ], [ -99.67598601, 37.11370401 ], [ -99.64328391, 37.09289687 ], [ -99.63133539, 37.0841759 ], [ -99.61058181, 37.06888167 ], [ -99.5893058, 37.05147379 ], [ -99.57787972, 37.04208889 ], [ -99.55166052, 37.01877171 ], [ -99.54517762, 37.01299512 ], [ -99.51675935, 36.98606961 ], [ -99.51247552, 36.9820187 ], [ -99.48359986, 36.95336752 ], [ -99.47977342, 36.94958547 ], [ -99.45150954, 36.92066542 ], [ -99.44707133, 36.91612423 ], [ -99.42015954, 36.88796331 ], [ -99.41436925, 36.88193917 ], [ -99.38905444, 36.85526123 ], [ -99.38166715, 36.847506 ], [ -99.35811887, 36.82255913 ], [ -99.34896505, 36.81282431 ], [ -99.32740724, 36.78985704 ], [ -99.31626296, 36.7778456 ], [ -99.29713542, 36.75715494 ], [ -99.28356086, 36.74212022 ], [ -99.26763801, 36.72445285 ], [ -99.25085876, 36.70518273 ], [ -99.23920488, 36.69175075 ], [ -99.21815666, 36.66611654 ], [ -99.21238408, 36.65904867 ], [ -99.18765031, 36.62634656 ], [ -99.18545457, 36.6231293 ], [ -99.16569226, 36.59364446 ], [ -99.15275249, 36.57086726 ], [ -99.14720356, 36.56094237 ], [ -99.13300254, 36.52824027 ], [ -99.12208949, 36.49553819 ], [ -99.12005039, 36.48752561 ], [ -99.11377854, 36.46283608 ], [ -99.10674146, 36.430134 ], [ -99.10067224, 36.39743189 ], [ -99.09566529, 36.36472981 ], [ -99.09192751, 36.3320277 ], [ -99.08964023, 36.29932562 ], [ -99.0885303, 36.26662352 ], [ -99.08835699, 36.23392141 ], [ -99.08876214, 36.20121933 ], [ -99.08957627, 36.16851722 ], [ -99.09075893, 36.13581514 ], [ -99.09220169, 36.10311304 ], [ -99.09390247, 36.07041095 ], [ -99.09592052, 36.03770885 ], [ -99.09899129, 36.00500676 ], [ -99.10345682, 35.97230466 ], [ -99.1096039, 35.93960256 ], [ -99.11775017, 35.90690047 ], [ -99.12005039, 35.89946168 ], [ -99.12851686, 35.87419837 ], [ -99.14254908, 35.84149628 ], [ -99.15275249, 35.82239841 ], [ -99.16077756, 35.80879418 ], [ -99.18476378, 35.7760921 ], [ -99.18545457, 35.77530184 ], [ -99.21652051, 35.74338999 ], [ -99.21815666, 35.74197379 ], [ -99.25085876, 35.7163505 ], [ -99.25889927, 35.71068791 ], [ -99.28356086, 35.69545557 ], [ -99.31497308, 35.6779858 ], [ -99.31626296, 35.67734548 ], [ -99.34896505, 35.66195763 ], [ -99.38166715, 35.64775043 ], [ -99.3876084, 35.6452837 ], [ -99.41436925, 35.63499959 ], [ -99.44707133, 35.62295793 ], [ -99.47585524, 35.61258162 ], [ -99.47977342, 35.61124533 ], [ -99.51247552, 35.60015563 ], [ -99.54517762, 35.58905593 ], [ -99.5717785, 35.57987951 ], [ -99.57787972, 35.57783424 ], [ -99.61058181, 35.56667331 ], [ -99.64328391, 35.55503556 ], [ -99.66464337, 35.54717743 ], [ -99.67598601, 35.54302885 ], [ -99.70868809, 35.53061573 ], [ -99.74139018, 35.51739073 ], [ -99.74835239, 35.51447532 ], [ -99.77409228, 35.5035372 ], [ -99.80679438, 35.48873444 ], [ -99.82150164, 35.48177324 ], [ -99.83949648, 35.47296214 ], [ -99.87219858, 35.45670124 ], [ -99.8878481, 35.44907114 ], [ -99.90490067, 35.44022897 ], [ -99.93760277, 35.42339779 ], [ -99.95166024, 35.41636905 ], [ -99.97030487, 35.40616719 ], [ -100.00300695, 35.38849252 ], [ -100.01252667, 35.38366695 ], [ -100.03570904, 35.37035512 ], [ -100.06841114, 35.35207301 ], [ -100.07057112, 35.35096484 ], [ -100.10111324, 35.33248334 ], [ -100.12543743, 35.31826276 ], [ -100.13381534, 35.31225587 ], [ -100.16651743, 35.29048737 ], [ -100.17480829, 35.28556065 ], [ -100.19921953, 35.26649744 ], [ -100.21883784, 35.25285857 ], [ -100.23192163, 35.23995176 ], [ -100.25445771, 35.22015647 ], [ -100.26462371, 35.20609725 ], [ -100.27922654, 35.18745438 ], [ -100.29262492, 35.15475228 ], [ -100.2973258, 35.13427849 ], [ -100.30004518, 35.12205019 ], [ -100.30010869, 35.08934809 ], [ -100.2973258, 35.07312846 ], [ -100.29487196, 35.05664599 ], [ -100.28884149, 35.0239439 ], [ -100.27981979, 34.9912418 ], [ -100.26868671, 34.95853971 ], [ -100.26462371, 34.94635075 ], [ -100.25935316, 34.92583761 ], [ -100.25180121, 34.89313553 ], [ -100.24569137, 34.86043342 ], [ -100.24057829, 34.82773134 ], [ -100.23645652, 34.79502923 ], [ -100.23303234, 34.76232713 ], [ -100.23192163, 34.74925893 ], [ -100.23051337, 34.72962505 ], [ -100.22852109, 34.69692294 ], [ -100.22691193, 34.66422086 ], [ -100.22558717, 34.63151875 ], [ -100.22461983, 34.59881667 ], [ -100.22377604, 34.56611457 ], [ -100.22299162, 34.53341248 ], [ -100.2224112, 34.50071038 ], [ -100.22175715, 34.46800827 ], [ -100.2209732, 34.43530619 ], [ -100.21965117, 34.40260408 ], [ -100.21775581, 34.369902 ], [ -100.21509334, 34.3371999 ], [ -100.21153842, 34.30449781 ], [ -100.2071102, 34.27179571 ], [ -100.20169202, 34.23909363 ], [ -100.19921953, 34.22592793 ], [ -100.19545508, 34.20639152 ], [ -100.18804348, 34.17368942 ], [ -100.17949434, 34.14098733 ], [ -100.16975301, 34.10828523 ], [ -100.16651743, 34.09862888 ], [ -100.15845773, 34.07558314 ], [ -100.14580835, 34.04288104 ], [ -100.13381534, 34.01456831 ], [ -100.1318835, 34.01017896 ], [ -100.11591173, 33.97747685 ], [ -100.10111324, 33.94987768 ], [ -100.09832479, 33.94477477 ], [ -100.07772534, 33.91207266 ], [ -100.06841114, 33.89913269 ], [ -100.05400101, 33.87937058 ], [ -100.03570904, 33.85595675 ], [ -100.02845262, 33.84666848 ], [ -100.00300695, 33.81613367 ], [ -100.00122411, 33.81396637 ], [ -99.97222612, 33.78126429 ], [ -99.97030487, 33.77927224 ], [ -99.94209038, 33.74856218 ], [ -99.93760277, 33.74409467 ], [ -99.91142689, 33.7158601 ], [ -99.90490067, 33.70942777 ], [ -99.88354283, 33.683158 ], [ -99.87219858, 33.66891221 ], [ -99.8616679, 33.65045591 ], [ -99.84378031, 33.61775381 ], [ -99.83949648, 33.61002821 ], [ -99.82989439, 33.58505172 ], [ -99.81767598, 33.55234962 ], [ -99.80679438, 33.52215236 ], [ -99.80617762, 33.51964751 ], [ -99.79784391, 33.48694543 ], [ -99.78992976, 33.45424333 ], [ -99.78293049, 33.42154124 ], [ -99.77782716, 33.38883914 ], [ -99.77409228, 33.36320142 ], [ -99.77299307, 33.35613706 ], [ -99.75421311, 33.32343495 ], [ -99.74139018, 33.31688799 ], [ -99.70868809, 33.31676573 ], [ -99.6859983, 33.32343495 ], [ -99.67598601, 33.32674257 ], [ -99.64328391, 33.35153013 ], [ -99.63888043, 33.35613706 ], [ -99.61058181, 33.38776149 ], [ -99.60959761, 33.38883914 ], [ -99.5813581, 33.42154124 ], [ -99.57787972, 33.42578047 ], [ -99.55286958, 33.45424333 ], [ -99.54517762, 33.46422791 ], [ -99.52288187, 33.48694543 ], [ -99.51247552, 33.50028299 ], [ -99.4897152, 33.51964751 ], [ -99.47977342, 33.53049086 ], [ -99.44707133, 33.55212115 ], [ -99.44601903, 33.55234962 ], [ -99.41436925, 33.56024003 ], [ -99.38166715, 33.55425549 ], [ -99.37779602, 33.55234962 ], [ -99.34896505, 33.53641793 ], [ -99.32647526, 33.51964751 ], [ -99.31626296, 33.51179189 ], [ -99.28703555, 33.48694543 ], [ -99.28356086, 33.48385759 ], [ -99.25150074, 33.45424333 ], [ -99.25085876, 33.453634 ], [ -99.21815666, 33.42259282 ], [ -99.21703639, 33.42154124 ], [ -99.18545457, 33.39183293 ], [ -99.18219111, 33.38883914 ], [ -99.15275249, 33.36183258 ], [ -99.14638218, 33.35613706 ], [ -99.12005039, 33.33264462 ], [ -99.10945127, 33.32343495 ], [ -99.08734829, 33.3041884 ], [ -99.07154985, 33.29073287 ], [ -99.05464619, 33.27630568 ], [ -99.03274444, 33.25803076 ], [ -99.0219441, 33.24898044 ], [ -98.99335422, 33.22532866 ], [ -98.989242, 33.22175125 ], [ -98.9565399, 33.19323083 ], [ -98.95584486, 33.19262657 ], [ -98.9238378, 33.16328091 ], [ -98.92015798, 33.15992447 ], [ -98.89113573, 33.13220167 ], [ -98.88586811, 33.12722239 ], [ -98.85843363, 33.10021414 ], [ -98.85257274, 33.09452028 ], [ -98.82573153, 33.06738944 ], [ -98.82005318, 33.0618182 ], [ -98.79302943, 33.03410935 ], [ -98.78783112, 33.02911609 ], [ -98.76032734, 33.00128624 ], [ -98.75518017, 32.99641401 ], [ -98.72762524, 32.96911532 ], [ -98.72186411, 32.96371191 ], [ -98.69492314, 32.9372101 ], [ -98.68826754, 32.9310098 ], [ -98.66222104, 32.90558542 ], [ -98.65441012, 32.89830772 ], [ -98.62951897, 32.87412511 ], [ -98.62038162, 32.86560561 ], [ -98.59681687, 32.842739 ], [ -98.58623684, 32.83290353 ], [ -98.56411477, 32.81154723 ], [ -98.55197528, 32.80020143 ], [ -98.53141267, 32.78029479 ], [ -98.51762876, 32.76749934 ], [ -98.49871058, 32.7493591 ], [ -98.48305342, 32.73479724 ], [ -98.46600848, 32.71833556 ], [ -98.44865597, 32.70209515 ], [ -98.43330638, 32.68715467 ], [ -98.41445531, 32.66939305 ], [ -98.40060428, 32.65586094 ], [ -98.38050815, 32.63669095 ], [ -98.3679022, 32.62426526 ], [ -98.3466119, 32.60398886 ], [ -98.33520011, 32.59285564 ], [ -98.31240806, 32.57128676 ], [ -98.30249801, 32.56167387 ], [ -98.27780429, 32.53858467 ], [ -98.26979591, 32.53094401 ], [ -98.24265682, 32.50588257 ], [ -98.23709381, 32.50066554 ], [ -98.2067818, 32.47318049 ], [ -98.20439172, 32.47097907 ], [ -98.1962153, 32.44047838 ], [ -98.20439172, 32.43230198 ], [ -98.22891564, 32.4077763 ], [ -98.22891477, 32.37507419 ], [ -98.23709381, 32.36689514 ], [ -98.26161524, 32.34237209 ], [ -98.26979591, 32.33419142 ], [ -98.29431578, 32.30967 ], [ -98.2943151, 32.2769679 ], [ -98.30249801, 32.268785 ], [ -98.32701592, 32.24426582 ], [ -98.33520011, 32.23608163 ], [ -98.35971699, 32.21156371 ], [ -98.3679022, 32.20337852 ], [ -98.39241832, 32.17886163 ], [ -98.39241817, 32.14615952 ], [ -98.40060428, 32.1379734 ], [ -98.42511989, 32.11345744 ], [ -98.43330638, 32.10527094 ], [ -98.45782187, 32.08075534 ], [ -98.45782213, 32.04805323 ], [ -98.46600848, 32.03986688 ], [ -98.49052452, 32.01535115 ], [ -98.49871058, 32.00716509 ], [ -98.52322714, 31.98264904 ], [ -98.52322777, 31.94994696 ], [ -98.53141267, 31.94176204 ], [ -98.55593078, 31.91724486 ], [ -98.56411477, 31.90906088 ], [ -98.58863403, 31.88454277 ], [ -98.59681687, 31.87635993 ], [ -98.6213375, 31.85184067 ], [ -98.62133859, 31.81913858 ], [ -98.62951897, 31.81095821 ], [ -98.65404241, 31.78643648 ], [ -98.66222104, 31.77825785 ], [ -98.68674645, 31.7537344 ], [ -98.69492314, 31.72695433 ], [ -98.72762524, 31.74273891 ], [ -98.75196094, 31.7537344 ], [ -98.76032734, 31.75751454 ], [ -98.79302943, 31.77167301 ], [ -98.82573153, 31.78483561 ], [ -98.82980767, 31.78643648 ], [ -98.85843363, 31.79767869 ], [ -98.89113573, 31.80982944 ], [ -98.91767831, 31.81913858 ], [ -98.9238378, 31.82129892 ], [ -98.9565399, 31.83260159 ], [ -98.989242, 31.84329893 ], [ -99.01669094, 31.85184067 ], [ -99.0219441, 31.8534841 ], [ -99.05464619, 31.86325634 ], [ -99.08734829, 31.8724351 ], [ -99.12005039, 31.88109275 ], [ -99.13356049, 31.88454277 ], [ -99.15275249, 31.88949091 ], [ -99.18545457, 31.89777465 ], [ -99.21815666, 31.90574777 ], [ -99.25085876, 31.91361213 ], [ -99.26570512, 31.91724486 ], [ -99.28356086, 31.921661 ], [ -99.31626296, 31.92998942 ], [ -99.34896505, 31.93869444 ], [ -99.38166715, 31.94784616 ], [ -99.38824559, 31.94994696 ], [ -99.41436925, 31.95831989 ], [ -99.44707133, 31.970034 ], [ -99.4786492, 31.98264904 ], [ -99.47977342, 31.98309719 ], [ -99.51247552, 31.99765498 ], [ -99.54517762, 32.01393198 ], [ -99.54752432, 32.01535115 ], [ -99.57787972, 32.03343998 ], [ -99.5996246, 32.04805323 ], [ -99.61058181, 32.05548216 ], [ -99.64328391, 32.07896017 ], [ -99.64562804, 32.08075534 ], [ -99.67598601, 32.10448079 ], [ -99.68654132, 32.11345744 ], [ -99.70868809, 32.13265801 ], [ -99.72237372, 32.14615952 ], [ -99.74139018, 32.16532104 ], [ -99.7526027, 32.17886163 ], [ -99.77409228, 32.20567277 ], [ -99.7777575, 32.21156371 ], [ -99.79703111, 32.24426582 ], [ -99.80679438, 32.2620343 ], [ -99.81276368, 32.2769679 ], [ -99.82478621, 32.30967 ], [ -99.83549484, 32.34237209 ], [ -99.83949648, 32.3569607 ], [ -99.84370795, 32.37507419 ], [ -99.85010725, 32.4077763 ], [ -99.85569224, 32.44047838 ], [ -99.86100361, 32.47318049 ], [ -99.86671954, 32.50588257 ], [ -99.87219858, 32.53079317 ], [ -99.87400581, 32.53858467 ], [ -99.88432897, 32.57128676 ], [ -99.89865729, 32.60398886 ], [ -99.90490067, 32.61555125 ], [ -99.91899967, 32.63669095 ], [ -99.93760277, 32.66103997 ], [ -99.94502143, 32.66939305 ], [ -99.97030487, 32.69599641 ], [ -99.97671873, 32.70209515 ], [ -100.00300695, 32.72620346 ], [ -100.01307115, 32.73479724 ], [ -100.03570904, 32.75379021 ], [ -100.05296667, 32.76749934 ], [ -100.06841114, 32.77966186 ], [ -100.09576222, 32.80020143 ], [ -100.10111324, 32.80421597 ], [ -100.13381534, 32.82675933 ], [ -100.14512024, 32.83290353 ], [ -100.16651743, 32.84500603 ], [ -100.19921953, 32.85980317 ], [ -100.21516385, 32.86560561 ], [ -100.23192163, 32.87195185 ], [ -100.26462371, 32.88191184 ], [ -100.2973258, 32.88998953 ], [ -100.3300279, 32.89642739 ], [ -100.34278591, 32.89830772 ], [ -100.36273, 32.90140562 ], [ -100.3954321, 32.90510076 ], [ -100.42813419, 32.90748031 ], [ -100.46083629, 32.90854376 ], [ -100.49353839, 32.90837848 ], [ -100.52624047, 32.90703132 ], [ -100.55894257, 32.90440985 ], [ -100.59164466, 32.90070002 ], [ -100.60792281, 32.89830772 ], [ -100.62434676, 32.89590927 ], [ -100.65704886, 32.89014771 ], [ -100.68975096, 32.88328291 ], [ -100.72245305, 32.87539351 ], [ -100.75515515, 32.86639684 ], [ -100.75779259, 32.86560561 ], [ -100.78785723, 32.85652261 ], [ -100.82055933, 32.84564159 ], [ -100.85326142, 32.83373716 ], [ -100.85540903, 32.83290353 ], [ -100.88596352, 32.82099918 ], [ -100.91866562, 32.80735958 ], [ -100.93477919, 32.80020143 ], [ -100.95136772, 32.79280432 ], [ -100.98406981, 32.77735386 ], [ -101.00389401, 32.76749934 ], [ -101.01677191, 32.76108536 ], [ -101.04947399, 32.74400741 ], [ -101.06633161, 32.73479724 ], [ -101.08217609, 32.72612345 ], [ -101.11487819, 32.70760884 ], [ -101.12432737, 32.70209515 ], [ -101.14758028, 32.68852685 ], [ -101.17927897, 32.66939305 ], [ -101.18028238, 32.66878737 ], [ -101.21298448, 32.64858088 ], [ -101.23173976, 32.63669095 ], [ -101.24568658, 32.62784952 ], [ -101.27838867, 32.60662655 ], [ -101.28237835, 32.60398886 ], [ -101.31109075, 32.58496668 ], [ -101.33135723, 32.57128676 ], [ -101.34379285, 32.56285754 ], [ -101.37649495, 32.54036422 ], [ -101.37905101, 32.53858467 ], [ -101.40919704, 32.51750782 ], [ -101.42557652, 32.50588257 ], [ -101.44189914, 32.49427327 ], [ -101.47120526, 32.47318049 ], [ -101.47460124, 32.47073101 ], [ -101.50730334, 32.44706105 ], [ -101.54000543, 32.46500148 ], [ -101.54818442, 32.47318049 ], [ -101.57270751, 32.49769988 ], [ -101.58089021, 32.50588257 ], [ -101.60540961, 32.53039855 ], [ -101.61359573, 32.53858467 ], [ -101.63811171, 32.5630975 ], [ -101.64630099, 32.57128676 ], [ -101.6708138, 32.59579668 ], [ -101.67900599, 32.60398886 ], [ -101.67900757, 32.63669095 ], [ -101.7035159, 32.66119674 ], [ -101.71171219, 32.66939305 ], [ -101.736218, 32.69389651 ], [ -101.736218, 32.69391806 ], [ -101.7035159, 32.68734705 ], [ -101.68223852, 32.70209515 ], [ -101.6708138, 32.710014 ], [ -101.63811171, 32.73209025 ], [ -101.63401569, 32.73479724 ], [ -101.60540961, 32.75370311 ], [ -101.5837409, 32.76749934 ], [ -101.57270751, 32.77457296 ], [ -101.54000543, 32.79497779 ], [ -101.53144213, 32.80020143 ], [ -101.50730334, 32.81497508 ], [ -101.47701733, 32.83290353 ], [ -101.47460124, 32.83433859 ], [ -101.44189914, 32.85352134 ], [ -101.42066666, 32.86560561 ], [ -101.40919704, 32.87215434 ], [ -101.37649495, 32.89051987 ], [ -101.36236263, 32.89830772 ], [ -101.34379285, 32.90857269 ], [ -101.31109075, 32.92623421 ], [ -101.30220276, 32.9310098 ], [ -101.27838867, 32.94388198 ], [ -101.24568658, 32.96117442 ], [ -101.24090112, 32.96371191 ], [ -101.21298448, 32.97855788 ], [ -101.18028238, 32.99560317 ], [ -101.17872976, 32.99641401 ], [ -101.14758028, 33.01281803 ], [ -101.11487819, 33.02857131 ], [ -101.1137376, 33.02911609 ], [ -101.08217609, 33.04453329 ], [ -101.04947399, 33.05887556 ], [ -101.04227016, 33.0618182 ], [ -101.01677191, 33.07245979 ], [ -100.98406981, 33.0852326 ], [ -100.95867902, 33.09452028 ], [ -100.95136772, 33.09727443 ], [ -100.91866562, 33.10880163 ], [ -100.88596352, 33.11939071 ], [ -100.85930761, 33.12722239 ], [ -100.85326142, 33.12906035 ], [ -100.82055933, 33.1380446 ], [ -100.78785723, 33.14587999 ], [ -100.75515515, 33.15263635 ], [ -100.72245305, 33.1581631 ], [ -100.70917745, 33.15992447 ], [ -100.68975096, 33.16260055 ], [ -100.65704886, 33.16581739 ], [ -100.62434676, 33.16756375 ], [ -100.59164466, 33.16782993 ], [ -100.55894257, 33.1664083 ], [ -100.52624047, 33.16323925 ], [ -100.50489571, 33.15992447 ], [ -100.49353839, 33.15829492 ], [ -100.46083629, 33.15152663 ], [ -100.42813419, 33.14264547 ], [ -100.3954321, 33.13140107 ], [ -100.38564092, 33.12722239 ], [ -100.36273, 33.11823412 ], [ -100.3300279, 33.10279386 ], [ -100.31537511, 33.09452028 ], [ -100.2973258, 33.08519744 ], [ -100.26462371, 33.06531843 ], [ -100.25970811, 33.0618182 ], [ -100.23192163, 33.04399842 ], [ -100.21187086, 33.02911609 ], [ -100.19921953, 33.02082078 ], [ -100.16688699, 32.99641401 ], [ -100.16651743, 32.99617596 ], [ -100.13381534, 32.97357743 ], [ -100.12007399, 32.96371191 ], [ -100.10111324, 32.95042365 ], [ -100.07501047, 32.9310098 ], [ -100.06841114, 32.92619911 ], [ -100.03570904, 32.90102231 ], [ -100.03237445, 32.89830772 ], [ -100.00300695, 32.8748139 ], [ -99.99238206, 32.86560561 ], [ -99.97030487, 32.84670534 ], [ -99.95558779, 32.83290353 ], [ -99.93760277, 32.81611895 ], [ -99.92235154, 32.80020143 ], [ -99.90490067, 32.78171895 ], [ -99.89327292, 32.76749934 ], [ -99.87219858, 32.74042715 ], [ -99.86855374, 32.73479724 ], [ -99.84889953, 32.70209515 ], [ -99.83949648, 32.68388198 ], [ -99.83194592, 32.66939305 ], [ -99.81733069, 32.63669095 ], [ -99.80679438, 32.60765696 ], [ -99.80511588, 32.60398886 ], [ -99.79278527, 32.57128676 ], [ -99.78357995, 32.53858467 ], [ -99.77636523, 32.50588257 ], [ -99.77409228, 32.49550263 ], [ -99.76717591, 32.47318049 ], [ -99.75454635, 32.44047838 ], [ -99.74139018, 32.41463058 ], [ -99.73513901, 32.4077763 ], [ -99.70868809, 32.37995183 ], [ -99.7026354, 32.37507419 ], [ -99.67598601, 32.35359841 ], [ -99.65783526, 32.34237209 ], [ -99.64328391, 32.3329241 ], [ -99.61058181, 32.32016598 ], [ -99.57787972, 32.31365616 ], [ -99.54517762, 32.31060018 ], [ -99.52577391, 32.30967 ], [ -99.51247552, 32.30905616 ], [ -99.47977342, 32.30893288 ], [ -99.46359701, 32.30967 ], [ -99.44707133, 32.31048956 ], [ -99.41436925, 32.3114186 ], [ -99.38166715, 32.31349852 ], [ -99.34896505, 32.31619569 ], [ -99.31626296, 32.31960508 ], [ -99.28356086, 32.3237898 ], [ -99.25085876, 32.32886018 ], [ -99.21815666, 32.33492467 ], [ -99.18799468, 32.34237209 ], [ -99.18545457, 32.34306864 ], [ -99.15275249, 32.3520236 ], [ -99.12005039, 32.36369773 ], [ -99.09375214, 32.37507419 ], [ -99.08734829, 32.37838365 ], [ -99.05464619, 32.39824708 ], [ -99.0415911, 32.4077763 ], [ -99.0219441, 32.42631027 ], [ -99.00932318, 32.44047838 ], [ -98.989242, 32.47100102 ], [ -98.98804283, 32.47318049 ], [ -98.97728975, 32.50588257 ], [ -98.97154313, 32.53858467 ], [ -98.97059446, 32.57128676 ], [ -98.97355767, 32.60398886 ], [ -98.97941237, 32.63669095 ], [ -98.98783057, 32.66939305 ], [ -98.989242, 32.67366437 ], [ -98.99828301, 32.70209515 ], [ -99.01036671, 32.73479724 ], [ -99.0219441, 32.76280314 ], [ -99.02382619, 32.76749934 ], [ -99.03865966, 32.80020143 ], [ -99.05464619, 32.83187695 ], [ -99.0551422, 32.83290353 ], [ -99.07193537, 32.86560561 ], [ -99.08734829, 32.89303757 ], [ -99.09025115, 32.89830772 ], [ -99.10987748, 32.9310098 ], [ -99.12005039, 32.94686769 ], [ -99.13062337, 32.96371191 ], [ -99.15225252, 32.99641401 ], [ -99.15275249, 32.99709301 ], [ -99.17635164, 33.02911609 ], [ -99.18545457, 33.04074195 ], [ -99.20181303, 33.0618182 ], [ -99.21815666, 33.08107266 ], [ -99.2296049, 33.09452028 ], [ -99.25085876, 33.11715987 ], [ -99.26006361, 33.12722239 ], [ -99.28356086, 33.15228635 ], [ -99.29041024, 33.15992447 ], [ -99.31626296, 33.18807198 ], [ -99.32025114, 33.19262657 ], [ -99.34896505, 33.2245671 ], [ -99.34962242, 33.22532866 ], [ -99.37882938, 33.25803076 ], [ -99.38166715, 33.26110621 ], [ -99.40861324, 33.29073287 ], [ -99.41436925, 33.29673165 ], [ -99.44081041, 33.32343495 ], [ -99.44707133, 33.32906011 ], [ -99.47977342, 33.35403061 ], [ -99.48380806, 33.35613706 ], [ -99.51247552, 33.36629185 ], [ -99.54517762, 33.36633549 ], [ -99.5750832, 33.35613706 ], [ -99.57787972, 33.35533194 ], [ -99.61058181, 33.3270593 ], [ -99.61402457, 33.32343495 ], [ -99.64328391, 33.29461614 ], [ -99.6495322, 33.29073287 ], [ -99.67598601, 33.27509629 ], [ -99.70868809, 33.27032442 ], [ -99.74139018, 33.26940161 ], [ -99.77409228, 33.27235856 ], [ -99.80522888, 33.29073287 ], [ -99.80679438, 33.29563294 ], [ -99.81346788, 33.32343495 ], [ -99.82239921, 33.35613706 ], [ -99.83458016, 33.38883914 ], [ -99.83949648, 33.40099475 ], [ -99.85231649, 33.42154124 ], [ -99.87205908, 33.45424333 ], [ -99.87219858, 33.45447352 ], [ -99.8992145, 33.48694543 ], [ -99.90490067, 33.49383845 ], [ -99.93235307, 33.51964751 ], [ -99.93760277, 33.52454295 ], [ -99.97030487, 33.54965088 ], [ -99.97433911, 33.55234962 ], [ -100.00300695, 33.57126722 ], [ -100.02576506, 33.58505172 ], [ -100.03570904, 33.59125118 ], [ -100.06841114, 33.61186946 ], [ -100.07751719, 33.61775381 ], [ -100.10111324, 33.63402449 ], [ -100.12441558, 33.65045591 ], [ -100.13381534, 33.65756072 ], [ -100.16651743, 33.68247357 ], [ -100.16741294, 33.683158 ], [ -100.19921953, 33.70908541 ], [ -100.20749286, 33.7158601 ], [ -100.23192163, 33.73733199 ], [ -100.24469832, 33.74856218 ], [ -100.26462371, 33.7674233 ], [ -100.27931211, 33.78126429 ], [ -100.2973258, 33.79961078 ], [ -100.3114853, 33.81396637 ], [ -100.3300279, 33.8344709 ], [ -100.34118556, 33.84666848 ], [ -100.36273, 33.87249797 ], [ -100.36854276, 33.87937058 ], [ -100.39357545, 33.91207266 ], [ -100.3954321, 33.91475379 ], [ -100.416558, 33.94477477 ], [ -100.42813419, 33.96322803 ], [ -100.43724145, 33.97747685 ], [ -100.45585767, 34.01017896 ], [ -100.46083629, 34.0200224 ], [ -100.47269889, 34.04288104 ], [ -100.4878634, 34.07558314 ], [ -100.49353839, 34.08858062 ], [ -100.50267835, 34.10828523 ], [ -100.51735046, 34.14098733 ], [ -100.52624047, 34.16104028 ], [ -100.53220907, 34.17368942 ], [ -100.54748562, 34.20639152 ], [ -100.55894257, 34.23062244 ], [ -100.56319037, 34.23909363 ], [ -100.57966452, 34.27179571 ], [ -100.59164466, 34.29487589 ], [ -100.59695027, 34.30449781 ], [ -100.61529417, 34.3371999 ], [ -100.62434676, 34.35290467 ], [ -100.63470545, 34.369902 ], [ -100.6553718, 34.40260408 ], [ -100.65704886, 34.40515918 ], [ -100.67798716, 34.43530619 ], [ -100.68975096, 34.45132121 ], [ -100.7027655, 34.46800827 ], [ -100.72245305, 34.49150593 ], [ -100.73067273, 34.50071038 ], [ -100.75515515, 34.5262436 ], [ -100.76254599, 34.53341248 ], [ -100.78785723, 34.55620294 ], [ -100.79970419, 34.56611457 ], [ -100.82055933, 34.58233496 ], [ -100.84361691, 34.59881667 ], [ -100.85326142, 34.60521325 ], [ -100.88596352, 34.62505599 ], [ -100.89758864, 34.63151875 ], [ -100.91866562, 34.64234579 ], [ -100.95136772, 34.65746378 ], [ -100.96750916, 34.66422086 ], [ -100.98406981, 34.67103463 ], [ -101.01677191, 34.68310419 ], [ -101.04947399, 34.69360383 ], [ -101.06109095, 34.69692294 ], [ -101.08217609, 34.70288528 ], [ -101.11487819, 34.71092041 ], [ -101.14758028, 34.71766621 ], [ -101.18028238, 34.72336342 ], [ -101.21298448, 34.72841387 ], [ -101.22108098, 34.72962505 ], [ -101.24568658, 34.73328326 ], [ -101.27838867, 34.73788962 ], [ -101.31109075, 34.74249097 ], [ -101.34379285, 34.74725059 ], [ -101.37649495, 34.75229593 ], [ -101.40919704, 34.75778148 ], [ -101.43189208, 34.76232713 ], [ -101.44189914, 34.76424725 ], [ -101.47460124, 34.77089995 ], [ -101.50730334, 34.77792877 ], [ -101.54000543, 34.78523644 ], [ -101.57270751, 34.79264546 ], [ -101.58343451, 34.79502923 ], [ -101.60540961, 34.79953294 ], [ -101.63811171, 34.80519608 ], [ -101.6708138, 34.80874139 ], [ -101.7035159, 34.80901122 ], [ -101.736218, 34.80393276 ], [ -101.7689201, 34.79553971 ], [ -101.77035544, 34.79502923 ], [ -101.80162219, 34.78347415 ], [ -101.83432427, 34.76411135 ], [ -101.83620293, 34.76232713 ], [ -101.86702637, 34.73168018 ], [ -101.86877365, 34.72962505 ], [ -101.89458666, 34.69692294 ], [ -101.89972847, 34.68963688 ], [ -101.91594405, 34.66422086 ], [ -101.93243057, 34.63425769 ], [ -101.93388623, 34.63151875 ], [ -101.9476692, 34.59881667 ], [ -101.95326101, 34.56611457 ], [ -101.94169284, 34.53341248 ], [ -101.93243057, 34.51946674 ], [ -101.92018008, 34.50071038 ], [ -101.89972847, 34.47607754 ], [ -101.89311432, 34.46800827 ], [ -101.86702637, 34.43939243 ], [ -101.86337101, 34.43530619 ], [ -101.83926943, 34.40260408 ], [ -101.83432427, 34.39211615 ], [ -101.82273307, 34.369902 ], [ -101.81434125, 34.3371999 ], [ -101.81558361, 34.30449781 ], [ -101.8267725, 34.27179571 ], [ -101.83432427, 34.25886897 ], [ -101.84825129, 34.23909363 ], [ -101.86702637, 34.21810986 ], [ -101.87904777, 34.20639152 ], [ -101.89972847, 34.18807881 ], [ -101.91791182, 34.17368942 ], [ -101.93243057, 34.16259515 ], [ -101.96317961, 34.14098733 ], [ -101.96513266, 34.13961829 ], [ -101.99783476, 34.11796592 ], [ -102.01342751, 34.10828523 ], [ -102.03053686, 34.09745754 ], [ -102.06323896, 34.07790726 ], [ -102.06731582, 34.07558314 ], [ -102.09594103, 34.05870343 ], [ -102.1240623, 34.04288104 ], [ -102.12864313, 34.04020498 ], [ -102.16134523, 34.02187544 ], [ -102.18298078, 34.01017896 ], [ -102.19404733, 34.00394303 ], [ -102.22674942, 33.98631777 ], [ -102.24366838, 33.97747685 ], [ -102.25945152, 33.96886415 ], [ -102.29215362, 33.95172926 ], [ -102.30587064, 33.94477477 ], [ -102.32485572, 33.93469782 ], [ -102.35755779, 33.91793963 ], [ -102.3694341, 33.91207266 ], [ -102.39025989, 33.90133433 ], [ -102.42296199, 33.8850409 ], [ -102.4347972, 33.87937058 ], [ -102.45566409, 33.86893683 ], [ -102.48836619, 33.8531543 ], [ -102.50236206, 33.84666848 ], [ -102.52106828, 33.83762175 ], [ -102.55377038, 33.82256918 ], [ -102.57320105, 33.81396637 ], [ -102.58647248, 33.80788154 ], [ -102.61917456, 33.79403175 ], [ -102.64917246, 33.78126429 ], [ -102.65187665, 33.78009516 ], [ -102.66005332, 33.74856218 ], [ -102.66007485, 33.74856218 ], [ -102.68457875, 33.77306764 ], [ -102.69277539, 33.78126429 ], [ -102.71728085, 33.80577095 ], [ -102.7254763, 33.81396637 ], [ -102.74998295, 33.83847383 ], [ -102.75817757, 33.84666848 ], [ -102.78268504, 33.87117627 ], [ -102.79087934, 33.87937058 ], [ -102.81538714, 33.90387821 ], [ -102.82358159, 33.91207266 ], [ -102.84808924, 33.93657966 ], [ -102.85628434, 33.94477477 ], [ -102.88079132, 33.96928069 ], [ -102.88898751, 33.97747685 ], [ -102.88898792, 34.01017896 ], [ -102.91349341, 34.03468284 ], [ -102.91349341, 34.03470437 ], [ -102.88079132, 34.04004713 ], [ -102.87947647, 34.04288104 ], [ -102.86302587, 34.07558314 ], [ -102.84808924, 34.10438099 ], [ -102.84621945, 34.10828523 ], [ -102.82917796, 34.14098733 ], [ -102.81538714, 34.16622493 ], [ -102.81166697, 34.17368942 ], [ -102.79412864, 34.20639152 ], [ -102.78268504, 34.22644809 ], [ -102.77620552, 34.23909363 ], [ -102.75829227, 34.27179571 ], [ -102.74998295, 34.28586334 ], [ -102.74026059, 34.30449781 ], [ -102.7222583, 34.3371999 ], [ -102.71728085, 34.3454425 ], [ -102.70419227, 34.369902 ], [ -102.68539941, 34.40260408 ], [ -102.68457875, 34.40381882 ], [ -102.66575576, 34.43530619 ], [ -102.65187665, 34.45414853 ], [ -102.64291197, 34.46800827 ], [ -102.61917456, 34.49256176 ], [ -102.61224679, 34.50071038 ], [ -102.58647248, 34.52749619 ], [ -102.58068798, 34.53341248 ], [ -102.5559035, 34.56611457 ], [ -102.55377038, 34.56981808 ], [ -102.53704392, 34.59881667 ], [ -102.5229262, 34.63151875 ], [ -102.52106828, 34.64506892 ], [ -102.51844707, 34.66422086 ], [ -102.52106828, 34.6736089 ], [ -102.53805426, 34.69692294 ], [ -102.55377038, 34.70333166 ], [ -102.58647248, 34.70795681 ], [ -102.61917456, 34.70947851 ], [ -102.65187665, 34.70962961 ], [ -102.68457875, 34.70912342 ], [ -102.71728085, 34.7082544 ], [ -102.74998295, 34.70713383 ], [ -102.78268504, 34.7058819 ], [ -102.81538714, 34.7045087 ], [ -102.84808924, 34.70312223 ], [ -102.88079132, 34.70168429 ], [ -102.91349341, 34.70017419 ], [ -102.94619551, 34.69858748 ], [ -102.97384391, 34.69692294 ], [ -102.97889761, 34.69658906 ], [ -103.01159971, 34.69502094 ], [ -103.0443018, 34.69302176 ], [ -103.0770039, 34.69077474 ], [ -103.109706, 34.68831529 ], [ -103.14240808, 34.68566973 ], [ -103.17511018, 34.68313782 ], [ -103.20781227, 34.68096168 ], [ -103.24051437, 34.67905436 ], [ -103.27321647, 34.67752687 ], [ -103.28139274, 34.66422086 ], [ -103.28141428, 34.66422086 ], [ -103.28141244, 34.69692294 ], [ -103.28141051, 34.72962505 ], [ -103.30591857, 34.75413514 ], [ -103.31411056, 34.76232713 ], [ -103.31410851, 34.79502923 ], [ -103.33862066, 34.81954347 ], [ -103.34680854, 34.82773134 ], [ -103.34680639, 34.86043342 ], [ -103.3468042, 34.89313553 ], [ -103.37132276, 34.91765608 ], [ -103.37950431, 34.92583761 ] ], [ [ -100.28507723, 36.430134 ], [ -100.28336423, 36.46283608 ], [ -100.27924502, 36.49553819 ], [ -100.2723318, 36.52824027 ], [ -100.26462371, 36.55393281 ], [ -100.26228708, 36.56094237 ], [ -100.24775586, 36.59364446 ], [ -100.23192163, 36.62159243 ], [ -100.22888387, 36.62634656 ], [ -100.20265928, 36.65904867 ], [ -100.19921953, 36.66260195 ], [ -100.16812056, 36.69175075 ], [ -100.16651743, 36.69305157 ], [ -100.13381534, 36.71751993 ], [ -100.12415491, 36.72445285 ], [ -100.10111324, 36.74033478 ], [ -100.07710351, 36.75715494 ], [ -100.06841114, 36.76307725 ], [ -100.03570904, 36.78389506 ], [ -100.02490901, 36.78985704 ], [ -100.00300695, 36.80138153 ], [ -99.97030487, 36.81541013 ], [ -99.948289, 36.82255913 ], [ -99.93760277, 36.8259703 ], [ -99.90490067, 36.83287879 ], [ -99.87219858, 36.83616097 ], [ -99.83949648, 36.83551236 ], [ -99.80679438, 36.83090327 ], [ -99.77608243, 36.82255913 ], [ -99.77409228, 36.82198728 ], [ -99.74139018, 36.80940606 ], [ -99.70868809, 36.7930032 ], [ -99.70345559, 36.78985704 ], [ -99.67598601, 36.77244467 ], [ -99.65450824, 36.75715494 ], [ -99.64328391, 36.7487665 ], [ -99.61357848, 36.72445285 ], [ -99.61058181, 36.72190007 ], [ -99.57787972, 36.69256967 ], [ -99.5770344, 36.69175075 ], [ -99.54517762, 36.65977939 ], [ -99.54448425, 36.65904867 ], [ -99.51545794, 36.62634656 ], [ -99.51247552, 36.62282661 ], [ -99.48902861, 36.59364446 ], [ -99.47977342, 36.58080239 ], [ -99.46634095, 36.56094237 ], [ -99.44794928, 36.52824027 ], [ -99.44707133, 36.52631144 ], [ -99.43397768, 36.49553819 ], [ -99.42283613, 36.46283608 ], [ -99.41502622, 36.430134 ], [ -99.41436925, 36.42598955 ], [ -99.41014448, 36.39743189 ], [ -99.4091365, 36.36472981 ], [ -99.4100296, 36.3320277 ], [ -99.41197676, 36.29932562 ], [ -99.41436925, 36.27488077 ], [ -99.41525902, 36.26662352 ], [ -99.42040514, 36.23392141 ], [ -99.42707669, 36.20121933 ], [ -99.43504409, 36.16851722 ], [ -99.44443189, 36.13581514 ], [ -99.44707133, 36.12784082 ], [ -99.45615129, 36.10311304 ], [ -99.47053304, 36.07041095 ], [ -99.47977342, 36.05335662 ], [ -99.4894465, 36.03770885 ], [ -99.51247552, 36.00700348 ], [ -99.51420955, 36.00500676 ], [ -99.54517762, 35.97467777 ], [ -99.54800211, 35.97230466 ], [ -99.57787972, 35.95036709 ], [ -99.59494943, 35.93960256 ], [ -99.61058181, 35.9308137 ], [ -99.64328391, 35.91515191 ], [ -99.66350802, 35.90690047 ], [ -99.67598601, 35.90222113 ], [ -99.70868809, 35.8920784 ], [ -99.74139018, 35.88379729 ], [ -99.77409228, 35.87745363 ], [ -99.79714327, 35.87419837 ], [ -99.80679438, 35.87289986 ], [ -99.83949648, 35.86986324 ], [ -99.87219858, 35.86828485 ], [ -99.90490067, 35.86817102 ], [ -99.93760277, 35.86984784 ], [ -99.97030487, 35.87326994 ], [ -99.97392061, 35.87419837 ], [ -100.00300695, 35.88256507 ], [ -100.03570904, 35.89635789 ], [ -100.05382914, 35.90690047 ], [ -100.06841114, 35.91604985 ], [ -100.09753117, 35.93960256 ], [ -100.10111324, 35.94271336 ], [ -100.12908488, 35.97230466 ], [ -100.13381534, 35.97764648 ], [ -100.15402328, 36.00500676 ], [ -100.16651743, 36.02359359 ], [ -100.17456896, 36.03770885 ], [ -100.19203185, 36.07041095 ], [ -100.19921953, 36.08453953 ], [ -100.20772052, 36.10311304 ], [ -100.22185912, 36.13581514 ], [ -100.23192163, 36.16054855 ], [ -100.23479745, 36.16851722 ], [ -100.24569808, 36.20121933 ], [ -100.25582968, 36.23392141 ], [ -100.26462371, 36.26435986 ], [ -100.26520337, 36.26662352 ], [ -100.27191184, 36.29932562 ], [ -100.27771468, 36.3320277 ], [ -100.2819645, 36.36472981 ], [ -100.28452287, 36.39743189 ], [ -100.28507723, 36.430134 ] ] ] } },
{ "type": "Feature", "properties": { "Lower": 60.0 }, "geometry": { "type": "Polygon", "coordinates": [ [ [ -101.13743262, 39.11170579 ], [ -101.11487819, 39.14108866 ], [ -101.08217609, 39.12915695 ], [ -101.05389823, 39.11170579 ], [ -101.04947399, 39.10863039 ], [ -101.01906938, 39.07900371 ], [ -101.01677191, 39.07543849 ], [ -100.99756418, 39.0463016 ], [ -101.01677191, 39.02143701 ], [ -101.04947399, 39.01553542 ], [ -101.08217609, 39.0182377 ], [ -101.11487819, 39.02799329 ], [ -101.13133011, 39.0463016 ], [ -101.13686217, 39.07900371 ], [ -101.13743262, 39.11170579 ] ] ] } },
{ "type": "Feature", "properties": { "Lower": 60.0 }, "geometry": { "type": "Polygon", "coordinates": [ [ [ -99.27145108, 38.19604714 ], [ -99.25085876, 38.21244417 ], [ -99.22258861, 38.22874922 ], [ -99.21815666, 38.23056029 ], [ -99.18545457, 38.23324651 ], [ -99.16973497, 38.22874922 ], [ -99.15275249, 38.21461267 ], [ -99.14007253, 38.19604714 ], [ -99.12735541, 38.16334503 ], [ -99.12005039, 38.14662031 ], [ -99.1143875, 38.13064295 ], [ -99.11200566, 38.09794084 ], [ -99.12005039, 38.08957627 ], [ -99.15275249, 38.08277033 ], [ -99.18545457, 38.08923582 ], [ -99.20373518, 38.09794084 ], [ -99.21815666, 38.10546362 ], [ -99.24819731, 38.13064295 ], [ -99.25085876, 38.1329182 ], [ -99.26949111, 38.16334503 ], [ -99.27145108, 38.19604714 ] ] ] } },
{ "type": "Feature", "properties": { "Lower": 60.0 }, "geometry": { "type": "Polygon", "coordinates": [ [ [ -101.72203629, 40.15817284 ], [ -101.72052621, 40.19087492 ], [ -101.71063264, 40.22357703 ], [ -101.7035159, 40.23437852 ], [ -101.67309501, 40.25627913 ], [ -101.6708138, 40.25680279 ], [ -101.63811171, 40.25915104 ], [ -101.60540961, 40.25734506 ], [ -101.59949605, 40.25627913 ], [ -101.57270751, 40.24982468 ], [ -101.54000543, 40.23820548 ], [ -101.50730334, 40.22673518 ], [ -101.49980375, 40.22357703 ], [ -101.47460124, 40.20905395 ], [ -101.44189914, 40.1918773 ], [ -101.44004267, 40.19087492 ], [ -101.40919704, 40.1631763 ], [ -101.4029144, 40.15817284 ], [ -101.40919704, 40.1367455 ], [ -101.41434928, 40.12547074 ], [ -101.44189914, 40.11269115 ], [ -101.47460124, 40.10130172 ], [ -101.50730334, 40.09320708 ], [ -101.50914849, 40.09276865 ], [ -101.54000543, 40.08682365 ], [ -101.57270751, 40.0758518 ], [ -101.60540961, 40.07146734 ], [ -101.63811171, 40.07494594 ], [ -101.6708138, 40.08593845 ], [ -101.68325304, 40.09276865 ], [ -101.7035159, 40.11280241 ], [ -101.7127009, 40.12547074 ], [ -101.72203629, 40.15817284 ] ] ] } },
{ "type": "Feature", "properties": { "Lower": 60.0 }, "geometry": { "type": "Polygon", "coordinates": [ [ [ -98.70320049, 34.95853971 ], [ -98.70244289, 34.9912418 ], [ -98.69678557, 35.0239439 ], [ -98.69492314, 35.03055483 ], [ -98.68663716, 35.05664599 ], [ -98.67251681, 35.08934809 ], [ -98.66222104, 35.10697412 ], [ -98.65159924, 35.12205019 ], [ -98.62951897, 35.14558215 ], [ -98.6175273, 35.15475228 ], [ -98.59681687, 35.16681298 ], [ -98.56411477, 35.17803657 ], [ -98.53141267, 35.18228283 ], [ -98.49871058, 35.1783553 ], [ -98.48806107, 35.15475228 ], [ -98.4876594, 35.12205019 ], [ -98.49569575, 35.08934809 ], [ -98.48919862, 35.05664599 ], [ -98.48431245, 35.0239439 ], [ -98.48752365, 34.9912418 ], [ -98.49871058, 34.96583291 ], [ -98.5042858, 34.95853971 ], [ -98.53141267, 34.93590593 ], [ -98.55089914, 34.92583761 ], [ -98.56411477, 34.92025208 ], [ -98.59681687, 34.91148925 ], [ -98.62951897, 34.90774929 ], [ -98.66222104, 34.91102755 ], [ -98.69277169, 34.92583761 ], [ -98.69492314, 34.92940064 ], [ -98.70320049, 34.95853971 ] ] ] } },
{ "type": "Feature", "properties": { "Lower": 60.0 }, "geometry": { "type": "Polygon", "coordinates": [ [ [ -101.41469322, 39.37332256 ], [ -101.41288536, 39.40602465 ], [ -101.40919704, 39.41590601 ], [ -101.39994807, 39.43872675 ], [ -101.37649495, 39.46974634 ], [ -101.3750843, 39.47142883 ], [ -101.34379285, 39.49679911 ], [ -101.33301476, 39.50413094 ], [ -101.31109075, 39.51498072 ], [ -101.27838867, 39.53174853 ], [ -101.26812924, 39.53683302 ], [ -101.24568658, 39.54749825 ], [ -101.21298448, 39.55876426 ], [ -101.18028238, 39.55641619 ], [ -101.16552868, 39.53683302 ], [ -101.15780298, 39.50413094 ], [ -101.15743848, 39.47142883 ], [ -101.1614656, 39.43872675 ], [ -101.17263421, 39.40602465 ], [ -101.17665865, 39.37332256 ], [ -101.17313064, 39.34062046 ], [ -101.17122561, 39.30791835 ], [ -101.1708282, 39.27521627 ], [ -101.17207256, 39.24251417 ], [ -101.17893058, 39.20981208 ], [ -101.18028238, 39.20735878 ], [ -101.21298448, 39.20639265 ], [ -101.22582907, 39.20981208 ], [ -101.24568658, 39.21485073 ], [ -101.27838867, 39.22628496 ], [ -101.31109075, 39.24132698 ], [ -101.31307305, 39.24251417 ], [ -101.34379285, 39.26413429 ], [ -101.3570797, 39.27521627 ], [ -101.37649495, 39.29555413 ], [ -101.38696795, 39.30791835 ], [ -101.40618183, 39.34062046 ], [ -101.40919704, 39.35132685 ], [ -101.41469322, 39.37332256 ] ], [ [ -101.32524609, 39.40602465 ], [ -101.31109075, 39.43558984 ], [ -101.30923529, 39.43872675 ], [ -101.27838867, 39.46513322 ], [ -101.26693237, 39.47142883 ], [ -101.24568658, 39.47957805 ], [ -101.21298448, 39.48310486 ], [ -101.20309264, 39.47142883 ], [ -101.19167787, 39.43872675 ], [ -101.19777413, 39.40602465 ], [ -101.20110568, 39.37332256 ], [ -101.20185669, 39.34062046 ], [ -101.20988684, 39.30791835 ], [ -101.21298448, 39.30192415 ], [ -101.24568658, 39.29777585 ], [ -101.27303648, 39.30791835 ], [ -101.27838867, 39.31070512 ], [ -101.31087756, 39.34062046 ], [ -101.31109075, 39.34097153 ], [ -101.32522391, 39.37332256 ], [ -101.32524609, 39.40602465 ] ] ] } },
{ "type": "Feature", "properties": { "Lower": 60.0 }, "geometry": { "type": "Polygon", "coordinates": [ [ [ -97.89060617, 37.14958009 ], [ -97.88799963, 37.18228217 ], [ -97.87737076, 37.19355216 ], [ -97.86248162, 37.21498427 ], [ -97.84466868, 37.22926407 ], [ -97.82497586, 37.24768638 ], [ -97.81196658, 37.25518096 ], [ -97.77926449, 37.2748998 ], [ -97.77065892, 37.28038846 ], [ -97.74656239, 37.28974178 ], [ -97.71386029, 37.3009149 ], [ -97.68115819, 37.31049597 ], [ -97.66368704, 37.31309057 ], [ -97.6484561, 37.3148512 ], [ -97.615754, 37.31886669 ], [ -97.58305192, 37.32391762 ], [ -97.55034982, 37.32673581 ], [ -97.51764773, 37.32956498 ], [ -97.48494563, 37.33318005 ], [ -97.45224353, 37.33800116 ], [ -97.41954143, 37.3443788 ], [ -97.41168428, 37.34579265 ], [ -97.38683934, 37.3525632 ], [ -97.35413724, 37.36310113 ], [ -97.32143516, 37.37469572 ], [ -97.28873306, 37.37315599 ], [ -97.25603097, 37.34860019 ], [ -97.25378395, 37.34579265 ], [ -97.2471175, 37.31309057 ], [ -97.25603097, 37.28871634 ], [ -97.25994081, 37.28038846 ], [ -97.28873306, 37.24820736 ], [ -97.28890873, 37.24768638 ], [ -97.30218367, 37.21498427 ], [ -97.31157931, 37.18228217 ], [ -97.32040906, 37.14958009 ], [ -97.32143516, 37.14713038 ], [ -97.3346677, 37.11687798 ], [ -97.35413724, 37.09111532 ], [ -97.36002421, 37.0841759 ], [ -97.38683934, 37.06193467 ], [ -97.40204434, 37.05147379 ], [ -97.41954143, 37.04225381 ], [ -97.45224353, 37.02875809 ], [ -97.48494563, 37.01962205 ], [ -97.49021825, 37.01877171 ], [ -97.51764773, 37.01509786 ], [ -97.55034982, 37.01400624 ], [ -97.58305192, 37.01590803 ], [ -97.60274596, 37.01877171 ], [ -97.615754, 37.02068665 ], [ -97.6484561, 37.0281208 ], [ -97.68115819, 37.03737834 ], [ -97.71386029, 37.04842211 ], [ -97.72157928, 37.05147379 ], [ -97.74656239, 37.06176051 ], [ -97.77926449, 37.07655743 ], [ -97.79447216, 37.0841759 ], [ -97.81196658, 37.09396047 ], [ -97.84466868, 37.11452796 ], [ -97.8488326, 37.11687798 ], [ -97.87737076, 37.13934971 ], [ -97.89060617, 37.14958009 ] ], [ [ -97.82659575, 37.18228217 ], [ -97.81469701, 37.21498427 ], [ -97.81196658, 37.21750482 ], [ -97.78295548, 37.24768638 ], [ -97.77926449, 37.24983996 ], [ -97.74656239, 37.26880509 ], [ -97.72822273, 37.28038846 ], [ -97.71386029, 37.28515987 ], [ -97.68115819, 37.29369061 ], [ -97.6484561, 37.29815267 ], [ -97.615754, 37.30252765 ], [ -97.58305192, 37.30887777 ], [ -97.55034982, 37.30934852 ], [ -97.51764773, 37.30698025 ], [ -97.48494563, 37.30265251 ], [ -97.45224353, 37.29532924 ], [ -97.41954143, 37.28130856 ], [ -97.4180437, 37.28038846 ], [ -97.3979205, 37.24768638 ], [ -97.39465611, 37.21498427 ], [ -97.40013033, 37.18228217 ], [ -97.41544483, 37.14958009 ], [ -97.41954143, 37.14402709 ], [ -97.44386919, 37.11687798 ], [ -97.45224353, 37.11010701 ], [ -97.48494563, 37.09000745 ], [ -97.499147, 37.0841759 ], [ -97.51764773, 37.07828763 ], [ -97.55034982, 37.07274564 ], [ -97.58305192, 37.07141967 ], [ -97.615754, 37.07365255 ], [ -97.6484561, 37.07898065 ], [ -97.66931711, 37.0841759 ], [ -97.68115819, 37.08755905 ], [ -97.71386029, 37.09924818 ], [ -97.74656239, 37.11241116 ], [ -97.75613578, 37.11687798 ], [ -97.77926449, 37.12983088 ], [ -97.80758832, 37.14958009 ], [ -97.81196658, 37.15527637 ], [ -97.82659575, 37.18228217 ] ] ] } },
{ "type": "Feature", "properties": { "Lower": 60.0 }, "geometry": { "type": "Polygon", "coordinates": [ [ [ -98.5026955, 37.57470732 ], [ -98.5018538, 37.60740942 ], [ -98.49871058, 37.62584118 ], [ -98.4955316, 37.64011151 ], [ -98.48087694, 37.67281361 ], [ -98.46600848, 37.69493306 ], [ -98.4565435, 37.7055157 ], [ -98.43330638, 37.72774533 ], [ -98.41923487, 37.7382178 ], [ -98.40060428, 37.7514466 ], [ -98.3679022, 37.76956174 ], [ -98.36485074, 37.77091988 ], [ -98.33520011, 37.78447575 ], [ -98.30249801, 37.79504247 ], [ -98.26979591, 37.80186929 ], [ -98.25349547, 37.80362199 ], [ -98.23709381, 37.8056713 ], [ -98.20439172, 37.80619714 ], [ -98.18346741, 37.80362199 ], [ -98.17168962, 37.80208547 ], [ -98.13898752, 37.79162391 ], [ -98.10628544, 37.77197788 ], [ -98.10496101, 37.77091988 ], [ -98.07454113, 37.7382178 ], [ -98.07358335, 37.7367355 ], [ -98.05716223, 37.7055157 ], [ -98.04746035, 37.67281361 ], [ -98.04298469, 37.64011151 ], [ -98.04264952, 37.60740942 ], [ -98.04600818, 37.57470732 ], [ -98.05290144, 37.54200524 ], [ -98.06331893, 37.50930313 ], [ -98.07358335, 37.48579527 ], [ -98.07713474, 37.47660103 ], [ -98.09344895, 37.44389894 ], [ -98.10628544, 37.42188875 ], [ -98.11132068, 37.41119684 ], [ -98.12099262, 37.37849476 ], [ -98.12123393, 37.34579265 ], [ -98.11345712, 37.31309057 ], [ -98.10628544, 37.29699335 ], [ -98.09854701, 37.28038846 ], [ -98.08497559, 37.24768638 ], [ -98.07358335, 37.21939007 ], [ -98.0714094, 37.21498427 ], [ -98.06422418, 37.18228217 ], [ -98.07227321, 37.14958009 ], [ -98.07358335, 37.14865517 ], [ -98.10628544, 37.13603447 ], [ -98.13898752, 37.12848993 ], [ -98.17168962, 37.12383264 ], [ -98.20439172, 37.12227405 ], [ -98.23709381, 37.12471072 ], [ -98.26979591, 37.1334078 ], [ -98.30008491, 37.14958009 ], [ -98.30249801, 37.15089364 ], [ -98.33520011, 37.17814443 ], [ -98.33882589, 37.18228217 ], [ -98.365947, 37.21498427 ], [ -98.3679022, 37.21746618 ], [ -98.38748074, 37.24768638 ], [ -98.40060428, 37.26932328 ], [ -98.40646902, 37.28038846 ], [ -98.42322195, 37.31309057 ], [ -98.43330638, 37.33354745 ], [ -98.43895181, 37.34579265 ], [ -98.45374386, 37.37849476 ], [ -98.46600848, 37.40701483 ], [ -98.46774317, 37.41119684 ], [ -98.4801842, 37.44389894 ], [ -98.49015215, 37.47660103 ], [ -98.49545199, 37.50930313 ], [ -98.49871058, 37.53199157 ], [ -98.50015412, 37.54200524 ], [ -98.5026955, 37.57470732 ] ], [ [ -98.4736005, 37.57470732 ], [ -98.46890027, 37.60740942 ], [ -98.46600848, 37.61632381 ], [ -98.45510745, 37.64011151 ], [ -98.43330638, 37.67030309 ], [ -98.43087708, 37.67281361 ], [ -98.40060428, 37.69880173 ], [ -98.39054107, 37.7055157 ], [ -98.3679022, 37.7194041 ], [ -98.33520011, 37.73399469 ], [ -98.31934188, 37.7382178 ], [ -98.30249801, 37.74279074 ], [ -98.26979591, 37.74690426 ], [ -98.23709381, 37.74642589 ], [ -98.20439172, 37.74016284 ], [ -98.19930143, 37.7382178 ], [ -98.17168962, 37.7257773 ], [ -98.14490958, 37.7055157 ], [ -98.13898752, 37.69970754 ], [ -98.11953407, 37.67281361 ], [ -98.10628544, 37.64362456 ], [ -98.10493979, 37.64011151 ], [ -98.0974774, 37.60740942 ], [ -98.09545663, 37.57470732 ], [ -98.09808012, 37.54200524 ], [ -98.1048306, 37.50930313 ], [ -98.10628544, 37.50503686 ], [ -98.11491349, 37.47660103 ], [ -98.12759354, 37.44389894 ], [ -98.13898752, 37.41503287 ], [ -98.14023759, 37.41119684 ], [ -98.14563902, 37.37849476 ], [ -98.14248121, 37.34579265 ], [ -98.13898752, 37.33671255 ], [ -98.13119495, 37.31309057 ], [ -98.11842939, 37.28038846 ], [ -98.10668901, 37.24768638 ], [ -98.10628544, 37.2383551 ], [ -98.10529228, 37.21498427 ], [ -98.10628544, 37.21178307 ], [ -98.13307148, 37.18228217 ], [ -98.13898752, 37.17918031 ], [ -98.17168962, 37.17050631 ], [ -98.20439172, 37.16843182 ], [ -98.23709381, 37.17250943 ], [ -98.26551765, 37.18228217 ], [ -98.26979591, 37.18382984 ], [ -98.30249801, 37.20398291 ], [ -98.31466263, 37.21498427 ], [ -98.33520011, 37.23460501 ], [ -98.34570963, 37.24768638 ], [ -98.3679022, 37.27664784 ], [ -98.37027208, 37.28038846 ], [ -98.39046529, 37.31309057 ], [ -98.40060428, 37.33019596 ], [ -98.40868372, 37.34579265 ], [ -98.42516946, 37.37849476 ], [ -98.43330638, 37.39520237 ], [ -98.44050933, 37.41119684 ], [ -98.45363718, 37.44389894 ], [ -98.46411862, 37.47660103 ], [ -98.46600848, 37.48769241 ], [ -98.46945181, 37.50930313 ], [ -98.47309259, 37.54200524 ], [ -98.4736005, 37.57470732 ] ] ] } },
{ "type": "Feature", "properties": { "Lower": 60.0 }, "geometry": { "type": "Polygon", "coordinates": [ [ [ -97.89014259, 38.68657856 ], [ -97.88834474, 38.71928066 ], [ -97.88469456, 38.75198275 ], [ -97.87882363, 38.78468485 ], [ -97.87737076, 38.78999563 ], [ -97.86979146, 38.81738693 ], [ -97.85696151, 38.85008904 ], [ -97.84466868, 38.87226409 ], [ -97.83857092, 38.88279112 ], [ -97.81606565, 38.91549323 ], [ -97.81196658, 38.92019569 ], [ -97.78463294, 38.94819531 ], [ -97.77926449, 38.95198858 ], [ -97.74656239, 38.96984866 ], [ -97.7167908, 38.98089741 ], [ -97.71386029, 38.98188767 ], [ -97.68115819, 38.98943234 ], [ -97.6484561, 38.99629186 ], [ -97.615754, 39.00292444 ], [ -97.58305192, 39.0074497 ], [ -97.55034982, 39.00363579 ], [ -97.51884334, 38.98089741 ], [ -97.51764773, 38.9795291 ], [ -97.49594591, 38.94819531 ], [ -97.48494563, 38.93035379 ], [ -97.47520492, 38.91549323 ], [ -97.45575979, 38.88279112 ], [ -97.45224353, 38.87617392 ], [ -97.43793585, 38.85008904 ], [ -97.42264575, 38.81738693 ], [ -97.41954143, 38.80910597 ], [ -97.41044497, 38.78468485 ], [ -97.40200697, 38.75198275 ], [ -97.39695533, 38.71928066 ], [ -97.39490663, 38.68657856 ], [ -97.39533868, 38.65387645 ], [ -97.39750632, 38.62117437 ], [ -97.40053459, 38.58847227 ], [ -97.40357487, 38.55577018 ], [ -97.40590324, 38.52306808 ], [ -97.4066731, 38.49036599 ], [ -97.40502724, 38.45766389 ], [ -97.40012316, 38.42496181 ], [ -97.38936454, 38.3922597 ], [ -97.39782136, 38.3595576 ], [ -97.41954143, 38.34526964 ], [ -97.45224353, 38.35281457 ], [ -97.46252028, 38.3595576 ], [ -97.48494563, 38.37709954 ], [ -97.51133365, 38.3922597 ], [ -97.51764773, 38.39583696 ], [ -97.55034982, 38.41058571 ], [ -97.58305192, 38.4201525 ], [ -97.60762466, 38.42496181 ], [ -97.615754, 38.42663996 ], [ -97.6484561, 38.43127379 ], [ -97.68115819, 38.43545641 ], [ -97.71386029, 38.441406 ], [ -97.74656239, 38.45034622 ], [ -97.76550174, 38.45766389 ], [ -97.77926449, 38.46394081 ], [ -97.81196658, 38.48453299 ], [ -97.81907328, 38.49036599 ], [ -97.84466868, 38.51717899 ], [ -97.84912041, 38.52306808 ], [ -97.86798067, 38.55577018 ], [ -97.87737076, 38.58005643 ], [ -97.88009024, 38.58847227 ], [ -97.88688871, 38.62117437 ], [ -97.88986989, 38.65387645 ], [ -97.89014259, 38.68657856 ] ], [ [ -97.83669492, 38.71928066 ], [ -97.8361717, 38.75198275 ], [ -97.83237447, 38.78468485 ], [ -97.82534074, 38.81738693 ], [ -97.81422069, 38.85008904 ], [ -97.81196658, 38.85412898 ], [ -97.79480005, 38.88279112 ], [ -97.77926449, 38.90392572 ], [ -97.76959401, 38.91549323 ], [ -97.74656239, 38.93458553 ], [ -97.72055164, 38.94819531 ], [ -97.71386029, 38.95066173 ], [ -97.68115819, 38.95771266 ], [ -97.6484561, 38.96419003 ], [ -97.615754, 38.97146207 ], [ -97.58305192, 38.9757214 ], [ -97.55034982, 38.96029423 ], [ -97.53961879, 38.94819531 ], [ -97.51866172, 38.91549323 ], [ -97.51764773, 38.91358857 ], [ -97.50139748, 38.88279112 ], [ -97.48505445, 38.85008904 ], [ -97.48494563, 38.84984015 ], [ -97.47090007, 38.81738693 ], [ -97.45890364, 38.78468485 ], [ -97.45224353, 38.76073667 ], [ -97.44995054, 38.75198275 ], [ -97.44464491, 38.71928066 ], [ -97.44230986, 38.68657856 ], [ -97.44255691, 38.65387645 ], [ -97.445297, 38.62117437 ], [ -97.44993449, 38.58847227 ], [ -97.45224353, 38.57484226 ], [ -97.45732714, 38.55577018 ], [ -97.46753244, 38.52306808 ], [ -97.48299335, 38.49036599 ], [ -97.48494563, 38.48788552 ], [ -97.51764773, 38.47907023 ], [ -97.55034982, 38.48163042 ], [ -97.58305192, 38.48591782 ], [ -97.6132408, 38.49036599 ], [ -97.615754, 38.49076475 ], [ -97.6484561, 38.49693736 ], [ -97.68115819, 38.50581265 ], [ -97.71386029, 38.51841954 ], [ -97.72287964, 38.52306808 ], [ -97.74656239, 38.53731948 ], [ -97.76951279, 38.55577018 ], [ -97.77926449, 38.56518804 ], [ -97.79807278, 38.58847227 ], [ -97.81196658, 38.61138721 ], [ -97.81673336, 38.62117437 ], [ -97.82768877, 38.65387645 ], [ -97.83402981, 38.68657856 ], [ -97.83669492, 38.71928066 ] ] ] } },
{ "type": "Feature", "properties": { "Lower": 60.0 }, "geometry": { "type": "Polygon", "coordinates": [ [ [ -99.32637497, 40.15817284 ], [ -99.31626296, 40.17526463 ], [ -99.30646638, 40.19087492 ], [ -99.28356086, 40.20738484 ], [ -99.25966698, 40.22357703 ], [ -99.25085876, 40.22744059 ], [ -99.21815666, 40.24152941 ], [ -99.18545457, 40.2551483 ], [ -99.18277419, 40.25627913 ], [ -99.15275249, 40.26694017 ], [ -99.12005039, 40.27686401 ], [ -99.08734829, 40.28577269 ], [ -99.0754193, 40.28898122 ], [ -99.05464619, 40.29468728 ], [ -99.0219441, 40.30204929 ], [ -98.989242, 40.30772369 ], [ -98.9565399, 40.31286656 ], [ -98.9238378, 40.31829826 ], [ -98.9046863, 40.32168332 ], [ -98.89113573, 40.32407078 ], [ -98.85843363, 40.32826208 ], [ -98.82573153, 40.33085202 ], [ -98.79302943, 40.33235025 ], [ -98.76032734, 40.33250509 ], [ -98.72762524, 40.33096662 ], [ -98.69492314, 40.32693185 ], [ -98.6736695, 40.32168332 ], [ -98.66222104, 40.3166414 ], [ -98.63330997, 40.28898122 ], [ -98.62951897, 40.28305787 ], [ -98.612411, 40.25627913 ], [ -98.59738853, 40.22357703 ], [ -98.59681687, 40.22062372 ], [ -98.59014505, 40.19087492 ], [ -98.59534793, 40.15817284 ], [ -98.59681687, 40.15578603 ], [ -98.61396557, 40.12547074 ], [ -98.62951897, 40.10992282 ], [ -98.64603196, 40.09276865 ], [ -98.66222104, 40.08016428 ], [ -98.68800835, 40.06006655 ], [ -98.69492314, 40.05514602 ], [ -98.72674822, 40.02736446 ], [ -98.72762524, 40.02642616 ], [ -98.75396254, 39.99466236 ], [ -98.76032734, 39.98594926 ], [ -98.77720073, 39.96196028 ], [ -98.79302943, 39.93639869 ], [ -98.79767741, 39.92925817 ], [ -98.82006283, 39.89655607 ], [ -98.82573153, 39.88903011 ], [ -98.85252979, 39.86385398 ], [ -98.85843363, 39.85869729 ], [ -98.89113573, 39.8407464 ], [ -98.92322718, 39.83115188 ], [ -98.9238378, 39.83097589 ], [ -98.9565399, 39.82752344 ], [ -98.989242, 39.82894615 ], [ -99.00235353, 39.83115188 ], [ -99.0219441, 39.8345696 ], [ -99.05464619, 39.84396783 ], [ -99.08734829, 39.85685642 ], [ -99.10173113, 39.86385398 ], [ -99.12005039, 39.87332064 ], [ -99.15275249, 39.89226724 ], [ -99.15963863, 39.89655607 ], [ -99.18545457, 39.91417795 ], [ -99.20591186, 39.92925817 ], [ -99.21815666, 39.93950924 ], [ -99.24321433, 39.96196028 ], [ -99.25085876, 39.97012834 ], [ -99.27244687, 39.99466236 ], [ -99.28356086, 40.0108568 ], [ -99.2942697, 40.02736446 ], [ -99.30932337, 40.06006655 ], [ -99.31626296, 40.08439091 ], [ -99.31863701, 40.09276865 ], [ -99.32484978, 40.12547074 ], [ -99.32637497, 40.15817284 ] ], [ [ -99.26843327, 40.12547074 ], [ -99.26666962, 40.15817284 ], [ -99.25085876, 40.18011159 ], [ -99.2426637, 40.19087492 ], [ -99.21815666, 40.20763364 ], [ -99.19411566, 40.22357703 ], [ -99.18545457, 40.22736615 ], [ -99.15275249, 40.24150409 ], [ -99.12005039, 40.25541726 ], [ -99.11801504, 40.25627913 ], [ -99.08734829, 40.26586029 ], [ -99.05464619, 40.27512308 ], [ -99.0219441, 40.28385808 ], [ -99.00031143, 40.28898122 ], [ -98.989242, 40.29123741 ], [ -98.9565399, 40.29699956 ], [ -98.9238378, 40.30229952 ], [ -98.89113573, 40.30748031 ], [ -98.85843363, 40.31142045 ], [ -98.82573153, 40.31350391 ], [ -98.79302943, 40.31384185 ], [ -98.76032734, 40.31219288 ], [ -98.72762524, 40.30783099 ], [ -98.69492314, 40.29871075 ], [ -98.67827887, 40.28898122 ], [ -98.66222104, 40.26831284 ], [ -98.65452193, 40.25627913 ], [ -98.64033093, 40.22357703 ], [ -98.63531838, 40.19087492 ], [ -98.64171371, 40.15817284 ], [ -98.66106117, 40.12547074 ], [ -98.66222104, 40.12426766 ], [ -98.69299072, 40.09276865 ], [ -98.69492314, 40.09125407 ], [ -98.72762524, 40.06544526 ], [ -98.7337076, 40.06006655 ], [ -98.76032734, 40.03212051 ], [ -98.76438819, 40.02736446 ], [ -98.78909632, 39.99466236 ], [ -98.79302943, 39.98892315 ], [ -98.81140134, 39.96196028 ], [ -98.82573153, 39.9399041 ], [ -98.83526859, 39.92925817 ], [ -98.85843363, 39.90559693 ], [ -98.87262003, 39.89655607 ], [ -98.89113573, 39.88557375 ], [ -98.9238378, 39.87494272 ], [ -98.9565399, 39.87116508 ], [ -98.989242, 39.87294705 ], [ -99.0219441, 39.87939805 ], [ -99.05464619, 39.88996738 ], [ -99.06979969, 39.89655607 ], [ -99.08734829, 39.9048094 ], [ -99.12005039, 39.92379417 ], [ -99.12844538, 39.92925817 ], [ -99.15275249, 39.9469733 ], [ -99.1716319, 39.96196028 ], [ -99.18545457, 39.97473651 ], [ -99.20546673, 39.99466236 ], [ -99.21815666, 40.0102197 ], [ -99.23123512, 40.02736446 ], [ -99.24983134, 40.06006655 ], [ -99.25085876, 40.06269997 ], [ -99.26188637, 40.09276865 ], [ -99.26843327, 40.12547074 ] ] ] } },
{ "type": "Feature", "properties": { "Lower": 60.0 }, "geometry": { "type": "Polygon", "coordinates": [ [ [ -102.91349341, 34.03470437 ], [ -102.9216701, 34.04288104 ], [ -102.94619551, 34.06740462 ], [ -102.95437405, 34.07558314 ], [ -102.97889761, 34.10010477 ], [ -102.98707808, 34.10828523 ], [ -103.01159971, 34.13280496 ], [ -103.01978209, 34.14098733 ], [ -103.0443018, 34.16550534 ], [ -103.05248589, 34.17368942 ], [ -103.0770039, 34.19820611 ], [ -103.0851893, 34.20639152 ], [ -103.08518976, 34.23909363 ], [ -103.109706, 34.26360944 ], [ -103.11789227, 34.27179571 ], [ -103.14240808, 34.29631152 ], [ -103.15059437, 34.30449781 ], [ -103.15059437, 34.3371999 ], [ -103.15059429, 34.369902 ], [ -103.17511018, 34.39441822 ], [ -103.18329606, 34.40260408 ], [ -103.18329559, 34.43530619 ], [ -103.20781227, 34.45982369 ], [ -103.21599687, 34.46800827 ], [ -103.21599597, 34.50071038 ], [ -103.21599487, 34.53341248 ], [ -103.24051437, 34.55793341 ], [ -103.24869553, 34.56611457 ], [ -103.24869408, 34.59881667 ], [ -103.24869246, 34.63151875 ], [ -103.27321647, 34.65604458 ], [ -103.28139274, 34.66422086 ], [ -103.27321647, 34.67752687 ], [ -103.24051437, 34.67905436 ], [ -103.20781227, 34.68096168 ], [ -103.17511018, 34.68313782 ], [ -103.14240808, 34.68566973 ], [ -103.109706, 34.68831529 ], [ -103.0770039, 34.69077474 ], [ -103.0443018, 34.69302176 ], [ -103.01159971, 34.69502094 ], [ -102.97889761, 34.69658906 ], [ -102.97384391, 34.69692294 ], [ -102.94619551, 34.69858748 ], [ -102.91349341, 34.70017419 ], [ -102.88079132, 34.70168429 ], [ -102.84808924, 34.70312223 ], [ -102.81538714, 34.7045087 ], [ -102.78268504, 34.7058819 ], [ -102.74998295, 34.70713383 ], [ -102.71728085, 34.7082544 ], [ -102.68457875, 34.70912342 ], [ -102.65187665, 34.70962961 ], [ -102.61917456, 34.70947851 ], [ -102.58647248, 34.70795681 ], [ -102.55377038, 34.70333166 ], [ -102.53805426, 34.69692294 ], [ -102.52106828, 34.6736089 ], [ -102.51844707, 34.66422086 ], [ -102.52106828, 34.64506892 ], [ -102.5229262, 34.63151875 ], [ -102.53704392, 34.59881667 ], [ -102.55377038, 34.56981808 ], [ -102.5559035, 34.56611457 ], [ -102.58068798, 34.53341248 ], [ -102.58647248, 34.52749619 ], [ -102.61224679, 34.50071038 ], [ -102.61917456, 34.49256176 ], [ -102.64291197, 34.46800827 ], [ -102.65187665, 34.45414853 ], [ -102.66575576, 34.43530619 ], [ -102.68457875, 34.40381882 ], [ -102.68539941, 34.40260408 ], [ -102.70419227, 34.369902 ], [ -102.71728085, 34.3454425 ], [ -102.7222583, 34.3371999 ], [ -102.74026059, 34.30449781 ], [ -102.74998295, 34.28586334 ], [ -102.75829227, 34.27179571 ], [ -102.77620552, 34.23909363 ], [ -102.78268504, 34.22644809 ], [ -102.79412864, 34.20639152 ], [ -102.81166697, 34.17368942 ], [ -102.81538714, 34.16622493 ], [ -102.82917796, 34.14098733 ], [ -102.84621945, 34.10828523 ], [ -102.84808924, 34.10438099 ], [ -102.86302587, 34.07558314 ], [ -102.87947647, 34.04288104 ], [ -102.88079132, 34.04004713 ], [ -102.91349341, 34.03470437 ] ] ] } },
{ "type": "Feature", "properties": { "Lower": 60.0 }, "geometry": { "type": "Polygon", "coordinates": [ [ [ -96.39629917, 39.63493932 ], [ -96.39348262, 39.66764142 ], [ -96.3843132, 39.7003435 ], [ -96.37307439, 39.7196491 ], [ -96.36592359, 39.73304561 ], [ -96.34037229, 39.76014345 ], [ -96.33535527, 39.76574769 ], [ -96.30767019, 39.78680513 ], [ -96.29436892, 39.7984498 ], [ -96.27496812, 39.81186503 ], [ -96.26165563, 39.83115188 ], [ -96.24226602, 39.84664771 ], [ -96.20956392, 39.8515292 ], [ -96.17686182, 39.86278346 ], [ -96.17405943, 39.86385398 ], [ -96.14415973, 39.88684806 ], [ -96.13022312, 39.89655607 ], [ -96.11145763, 39.91419565 ], [ -96.0933585, 39.92925817 ], [ -96.07875553, 39.94376429 ], [ -96.05844499, 39.96196028 ], [ -96.04605343, 39.97466204 ], [ -96.02469165, 39.99466236 ], [ -96.01335136, 40.0065217 ], [ -95.99168224, 40.02736446 ], [ -95.98064926, 40.03899156 ], [ -95.95903233, 40.06006655 ], [ -95.94794716, 40.07170604 ], [ -95.92634452, 40.09276865 ], [ -95.91524506, 40.10428138 ], [ -95.89330883, 40.12547074 ], [ -95.88254297, 40.13639301 ], [ -95.85950159, 40.15817284 ], [ -95.84984087, 40.16766519 ], [ -95.82460919, 40.19087492 ], [ -95.81713877, 40.19794373 ], [ -95.78818441, 40.22357703 ], [ -95.78443667, 40.22695959 ], [ -95.75173457, 40.25485133 ], [ -95.74998647, 40.25627913 ], [ -95.7190325, 40.28176035 ], [ -95.70980638, 40.28898122 ], [ -95.6863304, 40.3074172 ], [ -95.66722989, 40.32168332 ], [ -95.6536283, 40.33180785 ], [ -95.62190554, 40.3543854 ], [ -95.6209262, 40.35507619 ], [ -95.58822411, 40.3778141 ], [ -95.55552201, 40.36256791 ], [ -95.54733952, 40.3543854 ], [ -95.52281991, 40.32987485 ], [ -95.49011781, 40.32987866 ], [ -95.48192246, 40.32168332 ], [ -95.45741574, 40.29718586 ], [ -95.45741574, 40.29716433 ], [ -95.49011781, 40.31159661 ], [ -95.52233734, 40.28898122 ], [ -95.52281991, 40.28864033 ], [ -95.55552201, 40.2652282 ], [ -95.56778598, 40.25627913 ], [ -95.58822411, 40.24136531 ], [ -95.61208858, 40.22357703 ], [ -95.6209262, 40.21701378 ], [ -95.6536283, 40.19220117 ], [ -95.65533324, 40.19087492 ], [ -95.6863304, 40.16702883 ], [ -95.6975083, 40.15817284 ], [ -95.7190325, 40.14142747 ], [ -95.73892005, 40.12547074 ], [ -95.75173457, 40.11545128 ], [ -95.77982841, 40.09276865 ], [ -95.78443667, 40.08917443 ], [ -95.81713877, 40.06282823 ], [ -95.82043699, 40.06006655 ], [ -95.84984087, 40.03664886 ], [ -95.86102951, 40.02736446 ], [ -95.88254297, 40.01062991 ], [ -95.90223931, 39.99466236 ], [ -95.91524506, 39.98494238 ], [ -95.94474609, 39.96196028 ], [ -95.94794716, 39.95971608 ], [ -95.98064926, 39.93578293 ], [ -95.9890806, 39.92925817 ], [ -96.01335136, 39.91312141 ], [ -96.03692706, 39.89655607 ], [ -96.04605343, 39.8914387 ], [ -96.07875553, 39.87213758 ], [ -96.09184157, 39.86385398 ], [ -96.11145763, 39.85624621 ], [ -96.14415973, 39.84435781 ], [ -96.17686182, 39.83401842 ], [ -96.18793397, 39.83115188 ], [ -96.20956392, 39.82814668 ], [ -96.24226602, 39.82664421 ], [ -96.26295445, 39.7984498 ], [ -96.27496812, 39.77822218 ], [ -96.28880181, 39.76574769 ], [ -96.30767019, 39.74215749 ], [ -96.31605148, 39.73304561 ], [ -96.3355582, 39.7003435 ], [ -96.34037229, 39.68665182 ], [ -96.34793587, 39.66764142 ], [ -96.35458423, 39.63493932 ], [ -96.35583603, 39.60223721 ], [ -96.34932744, 39.56953513 ], [ -96.34037229, 39.55058658 ], [ -96.33242492, 39.53683302 ], [ -96.30767019, 39.50434559 ], [ -96.3074751, 39.50413094 ], [ -96.27496812, 39.47299982 ], [ -96.27273029, 39.47142883 ], [ -96.24226602, 39.45225581 ], [ -96.21222559, 39.43872675 ], [ -96.20956392, 39.4375589 ], [ -96.17686182, 39.42619723 ], [ -96.14415973, 39.41483468 ], [ -96.12044263, 39.40602465 ], [ -96.11145763, 39.40225598 ], [ -96.07875553, 39.3883676 ], [ -96.04605343, 39.37426667 ], [ -96.04383443, 39.37332256 ], [ -96.01335136, 39.35915979 ], [ -95.98064926, 39.34419862 ], [ -95.9725829, 39.34062046 ], [ -95.94794716, 39.32882091 ], [ -95.91524506, 39.31370782 ], [ -95.90216572, 39.30791835 ], [ -95.88254297, 39.29858486 ], [ -95.84984087, 39.28379065 ], [ -95.82981377, 39.27521627 ], [ -95.81713877, 39.26935989 ], [ -95.78443667, 39.25519888 ], [ -95.75309563, 39.24251417 ], [ -95.75173457, 39.24191273 ], [ -95.7190325, 39.228551 ], [ -95.6863304, 39.21622076 ], [ -95.66786919, 39.20981208 ], [ -95.6536283, 39.20442603 ], [ -95.6209262, 39.19305539 ], [ -95.58822411, 39.18263947 ], [ -95.56963766, 39.17710998 ], [ -95.55552201, 39.17257775 ], [ -95.52281991, 39.16269199 ], [ -95.49011781, 39.1533521 ], [ -95.45793347, 39.14440789 ], [ -95.45741574, 39.14425581 ], [ -95.42471364, 39.13466733 ], [ -95.39201154, 39.12505808 ], [ -95.35930944, 39.11587564 ], [ -95.34450236, 39.11170579 ], [ -95.32660735, 39.10643745 ], [ -95.29390525, 39.09716629 ], [ -95.26120315, 39.08880248 ], [ -95.22850105, 39.08138102 ], [ -95.21637983, 39.07900371 ], [ -95.19579897, 39.07475623 ], [ -95.16309688, 39.06930085 ], [ -95.13039478, 39.06578363 ], [ -95.09769268, 39.06344817 ], [ -95.06499058, 39.06208075 ], [ -95.03228849, 39.06174243 ], [ -94.99958639, 39.06246558 ], [ -94.96688429, 39.06426602 ], [ -94.93418221, 39.067182 ], [ -94.90148012, 39.07122891 ], [ -94.86877802, 39.07637872 ], [ -94.85486258, 39.07900371 ], [ -94.83607592, 39.08239717 ], [ -94.80337382, 39.08922268 ], [ -94.77067173, 39.09704306 ], [ -94.73796963, 39.10581647 ], [ -94.71797451, 39.11170579 ], [ -94.70526753, 39.11527873 ], [ -94.69708809, 39.14440789 ], [ -94.69706658, 39.14440789 ], [ -94.69707097, 39.11170579 ], [ -94.67256545, 39.08719507 ], [ -94.66437409, 39.07900371 ], [ -94.66437756, 39.0463016 ], [ -94.63986336, 39.02178364 ], [ -94.63167921, 39.0135995 ], [ -94.63168155, 38.98089741 ], [ -94.60716126, 38.95637482 ], [ -94.59898176, 38.94819531 ], [ -94.59898309, 38.91549323 ], [ -94.59898408, 38.88279112 ], [ -94.57445916, 38.85826542 ], [ -94.56628279, 38.85008904 ], [ -94.5662832, 38.81738693 ], [ -94.54175706, 38.79286053 ], [ -94.53358137, 38.78468485 ], [ -94.53358149, 38.75198275 ], [ -94.54175706, 38.73156974 ], [ -94.57445916, 38.7360843 ], [ -94.60716126, 38.73960339 ], [ -94.62279573, 38.75198275 ], [ -94.63986336, 38.75645453 ], [ -94.67256545, 38.76065247 ], [ -94.70526753, 38.77072896 ], [ -94.73796963, 38.78122361 ], [ -94.74360151, 38.78468485 ], [ -94.77067173, 38.79305336 ], [ -94.80337382, 38.80335133 ], [ -94.83607592, 38.81601107 ], [ -94.83880413, 38.81738693 ], [ -94.86877802, 38.82576876 ], [ -94.90148012, 38.83639102 ], [ -94.93418221, 38.84852348 ], [ -94.93772608, 38.85008904 ], [ -94.96688429, 38.85857419 ], [ -94.99958639, 38.86924613 ], [ -95.03228849, 38.8808149 ], [ -95.03721759, 38.88279112 ], [ -95.06499058, 38.89108438 ], [ -95.09769268, 38.90153647 ], [ -95.13039478, 38.9126239 ], [ -95.13830734, 38.91549323 ], [ -95.16309688, 38.92277312 ], [ -95.19579897, 38.93301846 ], [ -95.22850105, 38.94390578 ], [ -95.24044737, 38.94819531 ], [ -95.26120315, 38.95474593 ], [ -95.29390525, 38.9648039 ], [ -95.32660735, 38.97393547 ], [ -95.35438293, 38.98089741 ], [ -95.35930944, 38.98201602 ], [ -95.39201154, 38.98828899 ], [ -95.42471364, 38.99485844 ], [ -95.45741574, 39.00237499 ], [ -95.49011781, 39.01133645 ], [ -95.49712401, 39.0135995 ], [ -95.52281991, 39.02095553 ], [ -95.55552201, 39.03219655 ], [ -95.58822411, 39.04551158 ], [ -95.5899038, 39.0463016 ], [ -95.6209262, 39.05931467 ], [ -95.6536283, 39.0751315 ], [ -95.66068178, 39.07900371 ], [ -95.6863304, 39.09160597 ], [ -95.7190325, 39.10961364 ], [ -95.72246105, 39.11170579 ], [ -95.75173457, 39.12772494 ], [ -95.77954868, 39.14440789 ], [ -95.78443667, 39.1470422 ], [ -95.81713877, 39.16615428 ], [ -95.83455514, 39.17710998 ], [ -95.84984087, 39.1857707 ], [ -95.88254297, 39.20548817 ], [ -95.88932246, 39.20981208 ], [ -95.91524506, 39.22474611 ], [ -95.94460093, 39.24251417 ], [ -95.94794716, 39.24435135 ], [ -95.98064926, 39.26309429 ], [ -96.00099693, 39.27521627 ], [ -96.01335136, 39.28195902 ], [ -96.04605343, 39.30042525 ], [ -96.0589325, 39.30791835 ], [ -96.07875553, 39.31844427 ], [ -96.11145763, 39.33613845 ], [ -96.11961471, 39.34062046 ], [ -96.14415973, 39.35269217 ], [ -96.17686182, 39.36858548 ], [ -96.18680358, 39.37332256 ], [ -96.20956392, 39.38276755 ], [ -96.24226602, 39.39776365 ], [ -96.25732831, 39.40602465 ], [ -96.27496812, 39.41528771 ], [ -96.30723104, 39.43872675 ], [ -96.30767019, 39.43908862 ], [ -96.33880839, 39.47142883 ], [ -96.34037229, 39.47325165 ], [ -96.36459355, 39.50413094 ], [ -96.37307439, 39.51807944 ], [ -96.3825585, 39.53683302 ], [ -96.39160545, 39.56953513 ], [ -96.39535015, 39.60223721 ], [ -96.39629917, 39.63493932 ] ] ] } },
{ "type": "Feature", "properties": { "Lower": 60.0 }, "geometry": { "type": "Polygon", "coordinates": [ [ [ -98.35292939, 40.12547074 ], [ -98.34289276, 40.15817284 ], [ -98.33520011, 40.16804623 ], [ -98.31656702, 40.19087492 ], [ -98.30249801, 40.20234419 ], [ -98.27419844, 40.22357703 ], [ -98.26979591, 40.22626228 ], [ -98.23709381, 40.23919936 ], [ -98.20439172, 40.24542794 ], [ -98.17168962, 40.24941444 ], [ -98.13898752, 40.25211774 ], [ -98.10628544, 40.25461421 ], [ -98.07358335, 40.25575127 ], [ -98.04088125, 40.2540374 ], [ -98.00817915, 40.2510734 ], [ -97.97547705, 40.24782178 ], [ -97.94277496, 40.24480536 ], [ -97.91007286, 40.24235548 ], [ -97.87737076, 40.24067358 ], [ -97.84466868, 40.23991148 ], [ -97.81196658, 40.24020344 ], [ -97.77926449, 40.24164216 ], [ -97.74656239, 40.24434341 ], [ -97.71386029, 40.24862784 ], [ -97.68115819, 40.25479224 ], [ -97.67493786, 40.25627913 ], [ -97.6484561, 40.26337453 ], [ -97.615754, 40.27441979 ], [ -97.58305192, 40.28791108 ], [ -97.58071074, 40.28898122 ], [ -97.55034982, 40.30413618 ], [ -97.51923012, 40.32168332 ], [ -97.51764773, 40.32264128 ], [ -97.48494563, 40.34347622 ], [ -97.46888014, 40.3543854 ], [ -97.45224353, 40.36624992 ], [ -97.42431861, 40.38708751 ], [ -97.41954143, 40.39078667 ], [ -97.38683934, 40.41677244 ], [ -97.38312693, 40.41978959 ], [ -97.35413724, 40.44395465 ], [ -97.34409018, 40.4524917 ], [ -97.32143516, 40.4721013 ], [ -97.30650257, 40.48519378 ], [ -97.28873306, 40.50098591 ], [ -97.26988239, 40.51789589 ], [ -97.25603097, 40.53042564 ], [ -97.23384308, 40.55059799 ], [ -97.22332887, 40.56019369 ], [ -97.19807438, 40.58330007 ], [ -97.19062677, 40.59010898 ], [ -97.16230471, 40.61600218 ], [ -97.15792467, 40.61999132 ], [ -97.1263982, 40.64870426 ], [ -97.12522257, 40.64979071 ], [ -97.09252048, 40.68022339 ], [ -97.0912585, 40.68140637 ], [ -97.0598184, 40.71135903 ], [ -97.05695693, 40.71410845 ], [ -97.0271163, 40.74315981 ], [ -97.02339484, 40.74681055 ], [ -96.9944142, 40.77554906 ], [ -96.99044398, 40.77951264 ], [ -96.96171211, 40.80843833 ], [ -96.957989, 40.81221474 ], [ -96.92901001, 40.8420358 ], [ -96.92621035, 40.84491685 ], [ -96.89630791, 40.87633273 ], [ -96.89507239, 40.87761893 ], [ -96.86447793, 40.91032103 ], [ -96.86360581, 40.91127436 ], [ -96.83371349, 40.94302312 ], [ -96.83090372, 40.94608857 ], [ -96.8028462, 40.97572522 ], [ -96.79820164, 40.98075867 ], [ -96.77206746, 41.00842731 ], [ -96.76549954, 41.01554529 ], [ -96.7414995, 41.04112941 ], [ -96.73279744, 41.05061139 ], [ -96.71124838, 41.07383149 ], [ -96.70009535, 41.08608385 ], [ -96.68126921, 41.1065336 ], [ -96.66739325, 41.12181009 ], [ -96.65138358, 41.1392357 ], [ -96.63469115, 41.1576344 ], [ -96.62162684, 41.17193779 ], [ -96.60198905, 41.19362066 ], [ -96.59196087, 41.20463989 ], [ -96.56928696, 41.22976831 ], [ -96.56243324, 41.23734197 ], [ -96.53658488, 41.2660284 ], [ -96.53296648, 41.27004408 ], [ -96.50388278, 41.27822418 ], [ -96.49570266, 41.27004408 ], [ -96.47118068, 41.24553178 ], [ -96.4629909, 41.23734197 ], [ -96.43847858, 41.2128391 ], [ -96.43847858, 41.2128176 ], [ -96.45294561, 41.20463989 ], [ -96.47118068, 41.18441747 ], [ -96.48249119, 41.17193779 ], [ -96.50388278, 41.1485972 ], [ -96.51247133, 41.1392357 ], [ -96.53658488, 41.11329764 ], [ -96.54287313, 41.1065336 ], [ -96.56928696, 41.07849053 ], [ -96.57366639, 41.07383149 ], [ -96.60198905, 41.04418148 ], [ -96.60489269, 41.04112941 ], [ -96.63469115, 41.01023545 ], [ -96.63642813, 41.00842731 ], [ -96.66739325, 40.97666089 ], [ -96.66830441, 40.97572522 ], [ -96.70009535, 40.94357775 ], [ -96.70064605, 40.94302312 ], [ -96.73279744, 40.91106571 ], [ -96.73354588, 40.91032103 ], [ -96.76549954, 40.87896969 ], [ -96.76686657, 40.87761893 ], [ -96.79820164, 40.84708126 ], [ -96.80039176, 40.84491685 ], [ -96.83090372, 40.81514183 ], [ -96.8338308, 40.81221474 ], [ -96.86360581, 40.7827529 ], [ -96.86676747, 40.77951264 ], [ -96.89630791, 40.74949599 ], [ -96.89895078, 40.74681055 ], [ -96.92901001, 40.7165538 ], [ -96.93146225, 40.71410845 ], [ -96.96171211, 40.68428006 ], [ -96.96465971, 40.68140637 ], [ -96.9944142, 40.65279616 ], [ -96.99872314, 40.64870426 ], [ -97.0271163, 40.62222613 ], [ -97.03387512, 40.61600218 ], [ -97.0598184, 40.59255474 ], [ -97.07011856, 40.58330007 ], [ -97.09252048, 40.56306478 ], [ -97.10632212, 40.55059799 ], [ -97.12522257, 40.53346476 ], [ -97.1424141, 40.51789589 ], [ -97.15792467, 40.50386182 ], [ -97.17867929, 40.48519378 ], [ -97.19062677, 40.47450448 ], [ -97.21545155, 40.4524917 ], [ -97.22332887, 40.44557403 ], [ -97.25310638, 40.41978959 ], [ -97.25603097, 40.41729435 ], [ -97.28873306, 40.38976049 ], [ -97.29196237, 40.38708751 ], [ -97.32143516, 40.36323984 ], [ -97.33272503, 40.3543854 ], [ -97.35413724, 40.33807615 ], [ -97.37660083, 40.32168332 ], [ -97.38683934, 40.314481 ], [ -97.41954143, 40.2926655 ], [ -97.42536152, 40.28898122 ], [ -97.45224353, 40.27283035 ], [ -97.48294031, 40.25627913 ], [ -97.48494563, 40.2552632 ], [ -97.51764773, 40.24004504 ], [ -97.55034982, 40.22734132 ], [ -97.56172854, 40.22357703 ], [ -97.58305192, 40.21679331 ], [ -97.615754, 40.20819616 ], [ -97.6484561, 40.20137376 ], [ -97.68115819, 40.19608918 ], [ -97.71386029, 40.19221489 ], [ -97.73085803, 40.19087492 ], [ -97.74656239, 40.18940819 ], [ -97.77926449, 40.18779927 ], [ -97.81196658, 40.18760686 ], [ -97.84466868, 40.18873079 ], [ -97.87422181, 40.19087492 ], [ -97.87737076, 40.19105521 ], [ -97.91007286, 40.19384231 ], [ -97.94277496, 40.19742552 ], [ -97.97547705, 40.20164682 ], [ -98.00817915, 40.20627463 ], [ -98.04088125, 40.2109054 ], [ -98.07358335, 40.21473224 ], [ -98.10628544, 40.2160678 ], [ -98.13898752, 40.21338066 ], [ -98.17168962, 40.20963139 ], [ -98.20439172, 40.20421375 ], [ -98.23709381, 40.19451072 ], [ -98.24330227, 40.19087492 ], [ -98.26979591, 40.16797085 ], [ -98.27898968, 40.15817284 ], [ -98.29477346, 40.12547074 ], [ -98.29545189, 40.09276865 ], [ -98.28442717, 40.06006655 ], [ -98.2746924, 40.02736446 ], [ -98.26979591, 40.0098596 ], [ -98.26485179, 39.99466236 ], [ -98.25472174, 39.96196028 ], [ -98.2454521, 39.92925817 ], [ -98.23709381, 39.90176672 ], [ -98.23485839, 39.89655607 ], [ -98.21891425, 39.86385398 ], [ -98.20439172, 39.83750044 ], [ -98.19932905, 39.83115188 ], [ -98.17168962, 39.79936299 ], [ -98.17047864, 39.7984498 ], [ -98.13898752, 39.77585263 ], [ -98.1157652, 39.76574769 ], [ -98.10628544, 39.76185291 ], [ -98.07358335, 39.75429048 ], [ -98.04088125, 39.75052282 ], [ -98.00817915, 39.74945977 ], [ -97.97547705, 39.75031472 ], [ -97.94277496, 39.7525598 ], [ -97.91007286, 39.75578733 ], [ -97.87737076, 39.75967165 ], [ -97.84466868, 39.76398839 ], [ -97.8323813, 39.76574769 ], [ -97.81196658, 39.76879605 ], [ -97.77926449, 39.77380069 ], [ -97.74656239, 39.77876482 ], [ -97.71386029, 39.78363789 ], [ -97.68115819, 39.78830666 ], [ -97.6484561, 39.79277576 ], [ -97.615754, 39.79690087 ], [ -97.60252626, 39.7984498 ], [ -97.58305192, 39.800876 ], [ -97.55034982, 39.80465117 ], [ -97.51764773, 39.80858415 ], [ -97.48494563, 39.81263795 ], [ -97.45224353, 39.81606116 ], [ -97.41954143, 39.81875123 ], [ -97.38683934, 39.82072512 ], [ -97.35413724, 39.82220248 ], [ -97.32143516, 39.82332119 ], [ -97.28873306, 39.82418257 ], [ -97.25603097, 39.82482847 ], [ -97.22332887, 39.82523965 ], [ -97.19062677, 39.82546073 ], [ -97.15792467, 39.82553127 ], [ -97.12522257, 39.82550553 ], [ -97.09252048, 39.82543864 ], [ -97.0598184, 39.82538996 ], [ -97.0271163, 39.8254359 ], [ -96.9944142, 39.82567016 ], [ -96.96171211, 39.82619579 ], [ -96.92901001, 39.82711707 ], [ -96.89630791, 39.82861932 ], [ -96.86360581, 39.83072269 ], [ -96.8586567, 39.83115188 ], [ -96.83090372, 39.83375098 ], [ -96.79820164, 39.83804217 ], [ -96.76549954, 39.84416395 ], [ -96.73279744, 39.85324621 ], [ -96.70879943, 39.86385398 ], [ -96.70009535, 39.86818118 ], [ -96.66739325, 39.89504026 ], [ -96.66619138, 39.89655607 ], [ -96.64400631, 39.92925817 ], [ -96.63469115, 39.94542307 ], [ -96.62728758, 39.96196028 ], [ -96.61352136, 39.99466236 ], [ -96.60198905, 40.0227007 ], [ -96.60033269, 40.02736446 ], [ -96.59006051, 40.06006655 ], [ -96.58091067, 40.09276865 ], [ -96.56928696, 40.12190933 ], [ -96.56764994, 40.12547074 ], [ -96.54734539, 40.15817284 ], [ -96.53658488, 40.1713266 ], [ -96.51930375, 40.19087492 ], [ -96.50388278, 40.20703599 ], [ -96.48838466, 40.22357703 ], [ -96.47118068, 40.24162794 ], [ -96.45713456, 40.25627913 ], [ -96.43847858, 40.27518606 ], [ -96.42301967, 40.28898122 ], [ -96.40577649, 40.30438401 ], [ -96.38449729, 40.32168332 ], [ -96.37307439, 40.33121212 ], [ -96.34338223, 40.3543854 ], [ -96.34037229, 40.3568244 ], [ -96.30767019, 40.38116294 ], [ -96.29905871, 40.38708751 ], [ -96.27496812, 40.40463865 ], [ -96.253304, 40.41978959 ], [ -96.24226602, 40.42794217 ], [ -96.20956392, 40.4515438 ], [ -96.20822221, 40.4524917 ], [ -96.17686182, 40.47570269 ], [ -96.164097, 40.48519378 ], [ -96.14415973, 40.50064864 ], [ -96.1221121, 40.51789589 ], [ -96.11145763, 40.52654333 ], [ -96.08219143, 40.55059799 ], [ -96.07875553, 40.55351209 ], [ -96.04605343, 40.58161171 ], [ -96.04412826, 40.58330007 ], [ -96.01335136, 40.61095404 ], [ -96.00787771, 40.61600218 ], [ -95.98064926, 40.64161679 ], [ -95.9733296, 40.64870426 ], [ -95.94794716, 40.67367765 ], [ -95.94034102, 40.68140637 ], [ -95.91524506, 40.70719114 ], [ -95.9070683, 40.71410845 ], [ -95.90704678, 40.71410845 ], [ -95.88254297, 40.68959295 ], [ -95.87435638, 40.68140637 ], [ -95.84984087, 40.65688051 ], [ -95.84166461, 40.64870426 ], [ -95.84984087, 40.64300112 ], [ -95.87401785, 40.61600218 ], [ -95.88254297, 40.60667273 ], [ -95.90511694, 40.58330007 ], [ -95.91524506, 40.57303169 ], [ -95.93865178, 40.55059799 ], [ -95.94794716, 40.54189987 ], [ -95.9751048, 40.51789589 ], [ -95.98064926, 40.51312441 ], [ -96.01335136, 40.48652977 ], [ -96.01504598, 40.48519378 ], [ -96.04605343, 40.46144089 ], [ -96.05840515, 40.4524917 ], [ -96.07875553, 40.43823151 ], [ -96.10667325, 40.41978959 ], [ -96.11145763, 40.41674308 ], [ -96.14415973, 40.39616766 ], [ -96.15905445, 40.38708751 ], [ -96.17686182, 40.3766909 ], [ -96.20956392, 40.35812769 ], [ -96.21597675, 40.3543854 ], [ -96.24226602, 40.33980313 ], [ -96.27496812, 40.32186005 ], [ -96.27526102, 40.32168332 ], [ -96.30767019, 40.3031873 ], [ -96.3306145, 40.28898122 ], [ -96.34037229, 40.28323735 ], [ -96.37307439, 40.26016763 ], [ -96.37798343, 40.25627913 ], [ -96.40577649, 40.23442969 ], [ -96.41773362, 40.22357703 ], [ -96.43847858, 40.20395021 ], [ -96.45059051, 40.19087492 ], [ -96.47118068, 40.16791408 ], [ -96.4800889, 40.15817284 ], [ -96.50388278, 40.1285696 ], [ -96.50613021, 40.12547074 ], [ -96.52485248, 40.09276865 ], [ -96.53658488, 40.0641142 ], [ -96.53799986, 40.06006655 ], [ -96.54558692, 40.02736446 ], [ -96.55393393, 39.99466236 ], [ -96.56138699, 39.96196028 ], [ -96.56853188, 39.92925817 ], [ -96.56928696, 39.92596558 ], [ -96.57714971, 39.89655607 ], [ -96.58904116, 39.86385398 ], [ -96.60198905, 39.83950534 ], [ -96.60756035, 39.83115188 ], [ -96.63469115, 39.80167171 ], [ -96.63863582, 39.7984498 ], [ -96.66739325, 39.77950364 ], [ -96.69974368, 39.76574769 ], [ -96.70009535, 39.76561661 ], [ -96.73279744, 39.75834267 ], [ -96.76549954, 39.7542888 ], [ -96.79820164, 39.751639 ], [ -96.83090372, 39.749835 ], [ -96.86360581, 39.74862204 ], [ -96.89630791, 39.74784295 ], [ -96.92901001, 39.74738403 ], [ -96.96171211, 39.74717993 ], [ -96.9944142, 39.7472358 ], [ -97.0271163, 39.74752193 ], [ -97.0598184, 39.74794716 ], [ -97.09252048, 39.74841524 ], [ -97.12522257, 39.7488591 ], [ -97.15792467, 39.74923871 ], [ -97.19062677, 39.74949807 ], [ -97.22332887, 39.74956413 ], [ -97.25603097, 39.74938136 ], [ -97.28873306, 39.74890192 ], [ -97.32143516, 39.74804226 ], [ -97.35413724, 39.74674994 ], [ -97.38683934, 39.74497784 ], [ -97.41954143, 39.74261496 ], [ -97.45224353, 39.73941498 ], [ -97.48494563, 39.73529218 ], [ -97.49957522, 39.73304561 ], [ -97.51764773, 39.73030762 ], [ -97.55034982, 39.7249586 ], [ -97.58305192, 39.71903183 ], [ -97.615754, 39.71254274 ], [ -97.6484561, 39.7055626 ], [ -97.67211054, 39.7003435 ], [ -97.68115819, 39.69833534 ], [ -97.71386029, 39.69111359 ], [ -97.74656239, 39.68385941 ], [ -97.77926449, 39.67672224 ], [ -97.81196658, 39.66986383 ], [ -97.82347726, 39.66764142 ], [ -97.84466868, 39.66363003 ], [ -97.87737076, 39.65815791 ], [ -97.91007286, 39.65359075 ], [ -97.94277496, 39.65017448 ], [ -97.97547705, 39.6481601 ], [ -98.00817915, 39.6479278 ], [ -98.04088125, 39.64993893 ], [ -98.07358335, 39.65481541 ], [ -98.10628544, 39.66350339 ], [ -98.11579367, 39.66764142 ], [ -98.13898752, 39.6780427 ], [ -98.17168962, 39.69842145 ], [ -98.17394062, 39.7003435 ], [ -98.20439172, 39.72802447 ], [ -98.20850681, 39.73304561 ], [ -98.23295446, 39.76574769 ], [ -98.23709381, 39.77186207 ], [ -98.25082074, 39.7984498 ], [ -98.26543635, 39.83115188 ], [ -98.26979591, 39.84241258 ], [ -98.2762668, 39.86385398 ], [ -98.28433588, 39.89655607 ], [ -98.29189087, 39.92925817 ], [ -98.30070286, 39.96196028 ], [ -98.30249801, 39.96805816 ], [ -98.30959891, 39.99466236 ], [ -98.31927542, 40.02736446 ], [ -98.33520011, 40.05971699 ], [ -98.33540358, 40.06006655 ], [ -98.34912695, 40.09276865 ], [ -98.35292939, 40.12547074 ] ] ] } },
{ "type": "Feature", "properties": { "Lower": 60.0 }, "geometry": { "type": "Polygon", "coordinates": [ [ [ -105.08002166, 39.53683302 ], [ -105.08001818, 39.56953513 ], [ -105.0800135, 39.60223721 ], [ -105.07243397, 39.63493932 ], [ -105.0718317, 39.63513631 ], [ -105.0391296, 39.64593899 ], [ -105.0064275, 39.6579978 ], [ -104.98280152, 39.66764142 ], [ -104.97372542, 39.6705624 ], [ -104.94102333, 39.68168904 ], [ -104.90832123, 39.69434145 ], [ -104.89433787, 39.7003435 ], [ -104.87561913, 39.70651401 ], [ -104.84291703, 39.71779125 ], [ -104.81021494, 39.73018887 ], [ -104.8032972, 39.73304561 ], [ -104.77751284, 39.74261138 ], [ -104.74481074, 39.75521666 ], [ -104.71889134, 39.76574769 ], [ -104.71210866, 39.76854323 ], [ -104.67940657, 39.78236718 ], [ -104.64670447, 39.79743683 ], [ -104.64466709, 39.7984498 ], [ -104.61400237, 39.81451823 ], [ -104.5886309, 39.83115188 ], [ -104.58130027, 39.8356288 ], [ -104.54859818, 39.85270216 ], [ -104.51937176, 39.86385398 ], [ -104.51589608, 39.86494302 ], [ -104.48319398, 39.87615406 ], [ -104.4504919, 39.88929779 ], [ -104.43043462, 39.89655607 ], [ -104.4177898, 39.90095961 ], [ -104.38508771, 39.90206729 ], [ -104.36984292, 39.89655607 ], [ -104.35238561, 39.8892961 ], [ -104.31968351, 39.87218232 ], [ -104.30557273, 39.86385398 ], [ -104.28698141, 39.85205315 ], [ -104.25704385, 39.83115188 ], [ -104.25427932, 39.82909807 ], [ -104.22157722, 39.80336506 ], [ -104.21565663, 39.7984498 ], [ -104.18887514, 39.7752223 ], [ -104.1783849, 39.76574769 ], [ -104.15617304, 39.74456782 ], [ -104.1444752, 39.73304561 ], [ -104.12347095, 39.71078102 ], [ -104.11382715, 39.7003435 ], [ -104.09076885, 39.67275601 ], [ -104.08653311, 39.66764142 ], [ -104.06329704, 39.63493932 ], [ -104.05806675, 39.62574393 ], [ -104.04465499, 39.60223721 ], [ -104.03127343, 39.56953513 ], [ -104.02573567, 39.53683302 ], [ -104.03853159, 39.50413094 ], [ -104.05806675, 39.48376749 ], [ -104.0733008, 39.47142883 ], [ -104.09076885, 39.46025418 ], [ -104.12347095, 39.44173639 ], [ -104.12924763, 39.43872675 ], [ -104.15617304, 39.42590647 ], [ -104.18887514, 39.41110818 ], [ -104.20059403, 39.40602465 ], [ -104.22157722, 39.39751683 ], [ -104.25427932, 39.38493106 ], [ -104.28698141, 39.37405527 ], [ -104.28974589, 39.37332256 ], [ -104.31968351, 39.36571986 ], [ -104.35238561, 39.35783123 ], [ -104.38508771, 39.35000751 ], [ -104.4177898, 39.34203633 ], [ -104.4234704, 39.34062046 ], [ -104.4504919, 39.33408893 ], [ -104.48319398, 39.32617928 ], [ -104.51589608, 39.31820932 ], [ -104.54859818, 39.31008296 ], [ -104.55722946, 39.30791835 ], [ -104.58130027, 39.30208371 ], [ -104.61400237, 39.29395441 ], [ -104.64670447, 39.28546477 ], [ -104.67940657, 39.27659517 ], [ -104.6843281, 39.27521627 ], [ -104.71210866, 39.26773922 ], [ -104.74481074, 39.25852698 ], [ -104.77751284, 39.24875304 ], [ -104.79728407, 39.24251417 ], [ -104.81021494, 39.23861103 ], [ -104.84291703, 39.2282923 ], [ -104.87561913, 39.21725938 ], [ -104.89643796, 39.20981208 ], [ -104.90832123, 39.2057589 ], [ -104.94102333, 39.19406253 ], [ -104.94920095, 39.20981208 ], [ -104.94920493, 39.24251417 ], [ -104.97372542, 39.26702994 ], [ -104.98191175, 39.27521627 ], [ -104.98191461, 39.30791835 ], [ -104.98191695, 39.34062046 ], [ -105.0064275, 39.36512874 ], [ -105.01462133, 39.37332256 ], [ -105.01462231, 39.40602465 ], [ -105.0391296, 39.43053167 ], [ -105.04732468, 39.43872675 ], [ -105.04732409, 39.47142883 ], [ -105.04732276, 39.50413094 ], [ -105.0718317, 39.52864307 ], [ -105.08002166, 39.53683302 ] ], [ [ -104.81992263, 39.53683302 ], [ -104.81021494, 39.55055413 ], [ -104.80049047, 39.56953513 ], [ -104.77751284, 39.5946138 ], [ -104.77208015, 39.60223721 ], [ -104.74481074, 39.62747567 ], [ -104.73835444, 39.63493932 ], [ -104.71210866, 39.65627617 ], [ -104.70085575, 39.66764142 ], [ -104.67940657, 39.68234005 ], [ -104.65799797, 39.7003435 ], [ -104.64670447, 39.70543225 ], [ -104.61400237, 39.72146967 ], [ -104.5930142, 39.73304561 ], [ -104.58130027, 39.73781135 ], [ -104.54859818, 39.75292253 ], [ -104.52769569, 39.76574769 ], [ -104.51589608, 39.77482843 ], [ -104.48515682, 39.7984498 ], [ -104.48319398, 39.79934948 ], [ -104.4504919, 39.80997976 ], [ -104.4177898, 39.81780536 ], [ -104.38508771, 39.80795193 ], [ -104.36624558, 39.7984498 ], [ -104.35238561, 39.79009389 ], [ -104.31968351, 39.76839149 ], [ -104.31599036, 39.76574769 ], [ -104.28698141, 39.74217615 ], [ -104.27597176, 39.73304561 ], [ -104.25427932, 39.71191355 ], [ -104.24268073, 39.7003435 ], [ -104.22157722, 39.67368461 ], [ -104.21685162, 39.66764142 ], [ -104.20116247, 39.63493932 ], [ -104.20453099, 39.60223721 ], [ -104.22157722, 39.58292351 ], [ -104.23772763, 39.56953513 ], [ -104.25427932, 39.55948905 ], [ -104.28698141, 39.5420143 ], [ -104.29772495, 39.53683302 ], [ -104.31968351, 39.52774217 ], [ -104.35238561, 39.51819236 ], [ -104.38508771, 39.51240006 ], [ -104.4177898, 39.50736209 ], [ -104.43805821, 39.50413094 ], [ -104.4504919, 39.50230737 ], [ -104.48319398, 39.49776239 ], [ -104.51589608, 39.49382937 ], [ -104.54859818, 39.49053585 ], [ -104.58130027, 39.48783416 ], [ -104.61400237, 39.48573487 ], [ -104.64670447, 39.48430667 ], [ -104.67940657, 39.48375661 ], [ -104.71210866, 39.48428378 ], [ -104.74481074, 39.48637039 ], [ -104.77751284, 39.49140923 ], [ -104.81021494, 39.50214832 ], [ -104.81396774, 39.50413094 ], [ -104.81992263, 39.53683302 ] ] ] } },
{ "type": "Feature", "properties": { "Lower": 60.0 }, "geometry": { "type": "Polygon", "coordinates": [ [ [ -100.28507723, 36.430134 ], [ -100.28336423, 36.46283608 ], [ -100.27924502, 36.49553819 ], [ -100.2723318, 36.52824027 ], [ -100.26462371, 36.55393281 ], [ -100.26228708, 36.56094237 ], [ -100.24775586, 36.59364446 ], [ -100.23192163, 36.62159243 ], [ -100.22888387, 36.62634656 ], [ -100.20265928, 36.65904867 ], [ -100.19921953, 36.66260195 ], [ -100.16812056, 36.69175075 ], [ -100.16651743, 36.69305157 ], [ -100.13381534, 36.71751993 ], [ -100.12415491, 36.72445285 ], [ -100.10111324, 36.74033478 ], [ -100.07710351, 36.75715494 ], [ -100.06841114, 36.76307725 ], [ -100.03570904, 36.78389506 ], [ -100.02490901, 36.78985704 ], [ -100.00300695, 36.80138153 ], [ -99.97030487, 36.81541013 ], [ -99.948289, 36.82255913 ], [ -99.93760277, 36.8259703 ], [ -99.90490067, 36.83287879 ], [ -99.87219858, 36.83616097 ], [ -99.83949648, 36.83551236 ], [ -99.80679438, 36.83090327 ], [ -99.77608243, 36.82255913 ], [ -99.77409228, 36.82198728 ], [ -99.74139018, 36.80940606 ], [ -99.70868809, 36.7930032 ], [ -99.70345559, 36.78985704 ], [ -99.67598601, 36.77244467 ], [ -99.65450824, 36.75715494 ], [ -99.64328391, 36.7487665 ], [ -99.61357848, 36.72445285 ], [ -99.61058181, 36.72190007 ], [ -99.57787972, 36.69256967 ], [ -99.5770344, 36.69175075 ], [ -99.54517762, 36.65977939 ], [ -99.54448425, 36.65904867 ], [ -99.51545794, 36.62634656 ], [ -99.51247552, 36.62282661 ], [ -99.48902861, 36.59364446 ], [ -99.47977342, 36.58080239 ], [ -99.46634095, 36.56094237 ], [ -99.44794928, 36.52824027 ], [ -99.44707133, 36.52631144 ], [ -99.43397768, 36.49553819 ], [ -99.42283613, 36.46283608 ], [ -99.41502622, 36.430134 ], [ -99.41436925, 36.42598955 ], [ -99.41014448, 36.39743189 ], [ -99.4091365, 36.36472981 ], [ -99.4100296, 36.3320277 ], [ -99.41197676, 36.29932562 ], [ -99.41436925, 36.27488077 ], [ -99.41525902, 36.26662352 ], [ -99.42040514, 36.23392141 ], [ -99.42707669, 36.20121933 ], [ -99.43504409, 36.16851722 ], [ -99.44443189, 36.13581514 ], [ -99.44707133, 36.12784082 ], [ -99.45615129, 36.10311304 ], [ -99.47053304, 36.07041095 ], [ -99.47977342, 36.05335662 ], [ -99.4894465, 36.03770885 ], [ -99.51247552, 36.00700348 ], [ -99.51420955, 36.00500676 ], [ -99.54517762, 35.97467777 ], [ -99.54800211, 35.97230466 ], [ -99.57787972, 35.95036709 ], [ -99.59494943, 35.93960256 ], [ -99.61058181, 35.9308137 ], [ -99.64328391, 35.91515191 ], [ -99.66350802, 35.90690047 ], [ -99.67598601, 35.90222113 ], [ -99.70868809, 35.8920784 ], [ -99.74139018, 35.88379729 ], [ -99.77409228, 35.87745363 ], [ -99.79714327, 35.87419837 ], [ -99.80679438, 35.87289986 ], [ -99.83949648, 35.86986324 ], [ -99.87219858, 35.86828485 ], [ -99.90490067, 35.86817102 ], [ -99.93760277, 35.86984784 ], [ -99.97030487, 35.87326994 ], [ -99.97392061, 35.87419837 ], [ -100.00300695, 35.88256507 ], [ -100.03570904, 35.89635789 ], [ -100.05382914, 35.90690047 ], [ -100.06841114, 35.91604985 ], [ -100.09753117, 35.93960256 ], [ -100.10111324, 35.94271336 ], [ -100.12908488, 35.97230466 ], [ -100.13381534, 35.97764648 ], [ -100.15402328, 36.00500676 ], [ -100.16651743, 36.02359359 ], [ -100.17456896, 36.03770885 ], [ -100.19203185, 36.07041095 ], [ -100.19921953, 36.08453953 ], [ -100.20772052, 36.10311304 ], [ -100.22185912, 36.13581514 ], [ -100.23192163, 36.16054855 ], [ -100.23479745, 36.16851722 ], [ -100.24569808, 36.20121933 ], [ -100.25582968, 36.23392141 ], [ -100.26462371, 36.26435986 ], [ -100.26520337, 36.26662352 ], [ -100.27191184, 36.29932562 ], [ -100.27771468, 36.3320277 ], [ -100.2819645, 36.36472981 ], [ -100.28452287, 36.39743189 ], [ -100.28507723, 36.430134 ] ] ] } },
{ "type": "Feature", "properties": { "Lower": 60.0 }, "geometry": { "type": "Polygon", "coordinates": [ [ [ -102.66005451, 33.7158601 ], [ -102.66005332, 33.74856218 ], [ -102.65187665, 33.78009516 ], [ -102.64917246, 33.78126429 ], [ -102.61917456, 33.79403175 ], [ -102.58647248, 33.80788154 ], [ -102.57320105, 33.81396637 ], [ -102.55377038, 33.82256918 ], [ -102.52106828, 33.83762175 ], [ -102.50236206, 33.84666848 ], [ -102.48836619, 33.8531543 ], [ -102.45566409, 33.86893683 ], [ -102.4347972, 33.87937058 ], [ -102.42296199, 33.8850409 ], [ -102.39025989, 33.90133433 ], [ -102.3694341, 33.91207266 ], [ -102.35755779, 33.91793963 ], [ -102.32485572, 33.93469782 ], [ -102.30587064, 33.94477477 ], [ -102.29215362, 33.95172926 ], [ -102.25945152, 33.96886415 ], [ -102.24366838, 33.97747685 ], [ -102.22674942, 33.98631777 ], [ -102.19404733, 34.00394303 ], [ -102.18298078, 34.01017896 ], [ -102.16134523, 34.02187544 ], [ -102.12864313, 34.04020498 ], [ -102.1240623, 34.04288104 ], [ -102.09594103, 34.05870343 ], [ -102.06731582, 34.07558314 ], [ -102.06323896, 34.07790726 ], [ -102.03053686, 34.09745754 ], [ -102.01342751, 34.10828523 ], [ -101.99783476, 34.11796592 ], [ -101.96513266, 34.13961829 ], [ -101.96317961, 34.14098733 ], [ -101.93243057, 34.16259515 ], [ -101.91791182, 34.17368942 ], [ -101.89972847, 34.18807881 ], [ -101.87904777, 34.20639152 ], [ -101.86702637, 34.21810986 ], [ -101.84825129, 34.23909363 ], [ -101.83432427, 34.25886897 ], [ -101.8267725, 34.27179571 ], [ -101.81558361, 34.30449781 ], [ -101.81434125, 34.3371999 ], [ -101.82273307, 34.369902 ], [ -101.83432427, 34.39211615 ], [ -101.83926943, 34.40260408 ], [ -101.86337101, 34.43530619 ], [ -101.86702637, 34.43939243 ], [ -101.89311432, 34.46800827 ], [ -101.89972847, 34.47607754 ], [ -101.92018008, 34.50071038 ], [ -101.93243057, 34.51946674 ], [ -101.94169284, 34.53341248 ], [ -101.95326101, 34.56611457 ], [ -101.9476692, 34.59881667 ], [ -101.93388623, 34.63151875 ], [ -101.93243057, 34.63425769 ], [ -101.91594405, 34.66422086 ], [ -101.89972847, 34.68963688 ], [ -101.89458666, 34.69692294 ], [ -101.86877365, 34.72962505 ], [ -101.86702637, 34.73168018 ], [ -101.83620293, 34.76232713 ], [ -101.83432427, 34.76411135 ], [ -101.80162219, 34.78347415 ], [ -101.77035544, 34.79502923 ], [ -101.7689201, 34.79553971 ], [ -101.736218, 34.80393276 ], [ -101.7035159, 34.80901122 ], [ -101.6708138, 34.80874139 ], [ -101.63811171, 34.80519608 ], [ -101.60540961, 34.79953294 ], [ -101.58343451, 34.79502923 ], [ -101.57270751, 34.79264546 ], [ -101.54000543, 34.78523644 ], [ -101.50730334, 34.77792877 ], [ -101.47460124, 34.77089995 ], [ -101.44189914, 34.76424725 ], [ -101.43189208, 34.76232713 ], [ -101.40919704, 34.75778148 ], [ -101.37649495, 34.75229593 ], [ -101.34379285, 34.74725059 ], [ -101.31109075, 34.74249097 ], [ -101.27838867, 34.73788962 ], [ -101.24568658, 34.73328326 ], [ -101.22108098, 34.72962505 ], [ -101.21298448, 34.72841387 ], [ -101.18028238, 34.72336342 ], [ -101.14758028, 34.71766621 ], [ -101.11487819, 34.71092041 ], [ -101.08217609, 34.70288528 ], [ -101.06109095, 34.69692294 ], [ -101.04947399, 34.69360383 ], [ -101.01677191, 34.68310419 ], [ -100.98406981, 34.67103463 ], [ -100.96750916, 34.66422086 ], [ -100.95136772, 34.65746378 ], [ -100.91866562, 34.64234579 ], [ -100.89758864, 34.63151875 ], [ -100.88596352, 34.62505599 ], [ -100.85326142, 34.60521325 ], [ -100.84361691, 34.59881667 ], [ -100.82055933, 34.58233496 ], [ -100.79970419, 34.56611457 ], [ -100.78785723, 34.55620294 ], [ -100.76254599, 34.53341248 ], [ -100.75515515, 34.5262436 ], [ -100.73067273, 34.50071038 ], [ -100.72245305, 34.49150593 ], [ -100.7027655, 34.46800827 ], [ -100.68975096, 34.45132121 ], [ -100.67798716, 34.43530619 ], [ -100.65704886, 34.40515918 ], [ -100.6553718, 34.40260408 ], [ -100.63470545, 34.369902 ], [ -100.62434676, 34.35290467 ], [ -100.61529417, 34.3371999 ], [ -100.59695027, 34.30449781 ], [ -100.59164466, 34.29487589 ], [ -100.57966452, 34.27179571 ], [ -100.56319037, 34.23909363 ], [ -100.55894257, 34.23062244 ], [ -100.54748562, 34.20639152 ], [ -100.53220907, 34.17368942 ], [ -100.52624047, 34.16104028 ], [ -100.51735046, 34.14098733 ], [ -100.50267835, 34.10828523 ], [ -100.49353839, 34.08858062 ], [ -100.4878634, 34.07558314 ], [ -100.47269889, 34.04288104 ], [ -100.46083629, 34.0200224 ], [ -100.45585767, 34.01017896 ], [ -100.43724145, 33.97747685 ], [ -100.42813419, 33.96322803 ], [ -100.416558, 33.94477477 ], [ -100.3954321, 33.91475379 ], [ -100.39357545, 33.91207266 ], [ -100.36854276, 33.87937058 ], [ -100.36273, 33.87249797 ], [ -100.34118556, 33.84666848 ], [ -100.3300279, 33.8344709 ], [ -100.3114853, 33.81396637 ], [ -100.2973258, 33.79961078 ], [ -100.27931211, 33.78126429 ], [ -100.26462371, 33.7674233 ], [ -100.24469832, 33.74856218 ], [ -100.23192163, 33.73733199 ], [ -100.20749286, 33.7158601 ], [ -100.19921953, 33.70908541 ], [ -100.16741294, 33.683158 ], [ -100.16651743, 33.68247357 ], [ -100.13381534, 33.65756072 ], [ -100.12441558, 33.65045591 ], [ -100.10111324, 33.63402449 ], [ -100.07751719, 33.61775381 ], [ -100.06841114, 33.61186946 ], [ -100.03570904, 33.59125118 ], [ -100.02576506, 33.58505172 ], [ -100.00300695, 33.57126722 ], [ -99.97433911, 33.55234962 ], [ -99.97030487, 33.54965088 ], [ -99.93760277, 33.52454295 ], [ -99.93235307, 33.51964751 ], [ -99.90490067, 33.49383845 ], [ -99.8992145, 33.48694543 ], [ -99.87219858, 33.45447352 ], [ -99.87205908, 33.45424333 ], [ -99.85231649, 33.42154124 ], [ -99.83949648, 33.40099475 ], [ -99.83458016, 33.38883914 ], [ -99.82239921, 33.35613706 ], [ -99.81346788, 33.32343495 ], [ -99.80679438, 33.29563294 ], [ -99.80522888, 33.29073287 ], [ -99.77409228, 33.27235856 ], [ -99.74139018, 33.26940161 ], [ -99.70868809, 33.27032442 ], [ -99.67598601, 33.27509629 ], [ -99.6495322, 33.29073287 ], [ -99.64328391, 33.29461614 ], [ -99.61402457, 33.32343495 ], [ -99.61058181, 33.3270593 ], [ -99.57787972, 33.35533194 ], [ -99.5750832, 33.35613706 ], [ -99.54517762, 33.36633549 ], [ -99.51247552, 33.36629185 ], [ -99.48380806, 33.35613706 ], [ -99.47977342, 33.35403061 ], [ -99.44707133, 33.32906011 ], [ -99.44081041, 33.32343495 ], [ -99.41436925, 33.29673165 ], [ -99.40861324, 33.29073287 ], [ -99.38166715, 33.26110621 ], [ -99.37882938, 33.25803076 ], [ -99.34962242, 33.22532866 ], [ -99.34896505, 33.2245671 ], [ -99.32025114, 33.19262657 ], [ -99.31626296, 33.18807198 ], [ -99.29041024, 33.15992447 ], [ -99.28356086, 33.15228635 ], [ -99.26006361, 33.12722239 ], [ -99.25085876, 33.11715987 ], [ -99.2296049, 33.09452028 ], [ -99.21815666, 33.08107266 ], [ -99.20181303, 33.0618182 ], [ -99.18545457, 33.04074195 ], [ -99.17635164, 33.02911609 ], [ -99.15275249, 32.99709301 ], [ -99.15225252, 32.99641401 ], [ -99.13062337, 32.96371191 ], [ -99.12005039, 32.94686769 ], [ -99.10987748, 32.9310098 ], [ -99.09025115, 32.89830772 ], [ -99.08734829, 32.89303757 ], [ -99.07193537, 32.86560561 ], [ -99.0551422, 32.83290353 ], [ -99.05464619, 32.83187695 ], [ -99.03865966, 32.80020143 ], [ -99.02382619, 32.76749934 ], [ -99.0219441, 32.76280314 ], [ -99.01036671, 32.73479724 ], [ -98.99828301, 32.70209515 ], [ -98.989242, 32.67366437 ], [ -98.98783057, 32.66939305 ], [ -98.97941237, 32.63669095 ], [ -98.97355767, 32.60398886 ], [ -98.97059446, 32.57128676 ], [ -98.97154313, 32.53858467 ], [ -98.97728975, 32.50588257 ], [ -98.98804283, 32.47318049 ], [ -98.989242, 32.47100102 ], [ -99.00932318, 32.44047838 ], [ -99.0219441, 32.42631027 ], [ -99.0415911, 32.4077763 ], [ -99.05464619, 32.39824708 ], [ -99.08734829, 32.37838365 ], [ -99.09375214, 32.37507419 ], [ -99.12005039, 32.36369773 ], [ -99.15275249, 32.3520236 ], [ -99.18545457, 32.34306864 ], [ -99.18799468, 32.34237209 ], [ -99.21815666, 32.33492467 ], [ -99.25085876, 32.32886018 ], [ -99.28356086, 32.3237898 ], [ -99.31626296, 32.31960508 ], [ -99.34896505, 32.31619569 ], [ -99.38166715, 32.31349852 ], [ -99.41436925, 32.3114186 ], [ -99.44707133, 32.31048956 ], [ -99.46359701, 32.30967 ], [ -99.47977342, 32.30893288 ], [ -99.51247552, 32.30905616 ], [ -99.52577391, 32.30967 ], [ -99.54517762, 32.31060018 ], [ -99.57787972, 32.31365616 ], [ -99.61058181, 32.32016598 ], [ -99.64328391, 32.3329241 ], [ -99.65783526, 32.34237209 ], [ -99.67598601, 32.35359841 ], [ -99.7026354, 32.37507419 ], [ -99.70868809, 32.37995183 ], [ -99.73513901, 32.4077763 ], [ -99.74139018, 32.41463058 ], [ -99.75454635, 32.44047838 ], [ -99.76717591, 32.47318049 ], [ -99.77409228, 32.49550263 ], [ -99.77636523, 32.50588257 ], [ -99.78357995, 32.53858467 ], [ -99.79278527, 32.57128676 ], [ -99.80511588, 32.60398886 ], [ -99.80679438, 32.60765696 ], [ -99.81733069, 32.63669095 ], [ -99.83194592, 32.66939305 ], [ -99.83949648, 32.68388198 ], [ -99.84889953, 32.70209515 ], [ -99.86855374, 32.73479724 ], [ -99.87219858, 32.74042715 ], [ -99.89327292, 32.76749934 ], [ -99.90490067, 32.78171895 ], [ -99.92235154, 32.80020143 ], [ -99.93760277, 32.81611895 ], [ -99.95558779, 32.83290353 ], [ -99.97030487, 32.84670534 ], [ -99.99238206, 32.86560561 ], [ -100.00300695, 32.8748139 ], [ -100.03237445, 32.89830772 ], [ -100.03570904, 32.90102231 ], [ -100.06841114, 32.92619911 ], [ -100.07501047, 32.9310098 ], [ -100.10111324, 32.95042365 ], [ -100.12007399, 32.96371191 ], [ -100.13381534, 32.97357743 ], [ -100.16651743, 32.99617596 ], [ -100.16688699, 32.99641401 ], [ -100.19921953, 33.02082078 ], [ -100.21187086, 33.02911609 ], [ -100.23192163, 33.04399842 ], [ -100.25970811, 33.0618182 ], [ -100.26462371, 33.06531843 ], [ -100.2973258, 33.08519744 ], [ -100.31537511, 33.09452028 ], [ -100.3300279, 33.10279386 ], [ -100.36273, 33.11823412 ], [ -100.38564092, 33.12722239 ], [ -100.3954321, 33.13140107 ], [ -100.42813419, 33.14264547 ], [ -100.46083629, 33.15152663 ], [ -100.49353839, 33.15829492 ], [ -100.50489571, 33.15992447 ], [ -100.52624047, 33.16323925 ], [ -100.55894257, 33.1664083 ], [ -100.59164466, 33.16782993 ], [ -100.62434676, 33.16756375 ], [ -100.65704886, 33.16581739 ], [ -100.68975096, 33.16260055 ], [ -100.70917745, 33.15992447 ], [ -100.72245305, 33.1581631 ], [ -100.75515515, 33.15263635 ], [ -100.78785723, 33.14587999 ], [ -100.82055933, 33.1380446 ], [ -100.85326142, 33.12906035 ], [ -100.85930761, 33.12722239 ], [ -100.88596352, 33.11939071 ], [ -100.91866562, 33.10880163 ], [ -100.95136772, 33.09727443 ], [ -100.95867902, 33.09452028 ], [ -100.98406981, 33.0852326 ], [ -101.01677191, 33.07245979 ], [ -101.04227016, 33.0618182 ], [ -101.04947399, 33.05887556 ], [ -101.08217609, 33.04453329 ], [ -101.1137376, 33.02911609 ], [ -101.11487819, 33.02857131 ], [ -101.14758028, 33.01281803 ], [ -101.17872976, 32.99641401 ], [ -101.18028238, 32.99560317 ], [ -101.21298448, 32.97855788 ], [ -101.24090112, 32.96371191 ], [ -101.24568658, 32.96117442 ], [ -101.27838867, 32.94388198 ], [ -101.30220276, 32.9310098 ], [ -101.31109075, 32.92623421 ], [ -101.34379285, 32.90857269 ], [ -101.36236263, 32.89830772 ], [ -101.37649495, 32.89051987 ], [ -101.40919704, 32.87215434 ], [ -101.42066666, 32.86560561 ], [ -101.44189914, 32.85352134 ], [ -101.47460124, 32.83433859 ], [ -101.47701733, 32.83290353 ], [ -101.50730334, 32.81497508 ], [ -101.53144213, 32.80020143 ], [ -101.54000543, 32.79497779 ], [ -101.57270751, 32.77457296 ], [ -101.5837409, 32.76749934 ], [ -101.60540961, 32.75370311 ], [ -101.63401569, 32.73479724 ], [ -101.63811171, 32.73209025 ], [ -101.6708138, 32.710014 ], [ -101.68223852, 32.70209515 ], [ -101.7035159, 32.68734705 ], [ -101.736218, 32.69391806 ], [ -101.7443951, 32.70209515 ], [ -101.7689201, 32.72661804 ], [ -101.7770993, 32.73479724 ], [ -101.80162219, 32.75931819 ], [ -101.80980333, 32.76749934 ], [ -101.83432427, 32.79201854 ], [ -101.84250717, 32.80020143 ], [ -101.86702637, 32.82471905 ], [ -101.87521085, 32.83290353 ], [ -101.89972847, 32.85741972 ], [ -101.90791437, 32.86560561 ], [ -101.90791513, 32.89830772 ], [ -101.93243057, 32.92282198 ], [ -101.94061842, 32.9310098 ], [ -101.96513266, 32.95552301 ], [ -101.97332157, 32.96371191 ], [ -101.99783476, 32.98822416 ], [ -102.00602459, 32.99641401 ], [ -102.03053686, 33.02092547 ], [ -102.03872748, 33.02911609 ], [ -102.06323896, 33.05362686 ], [ -102.07143026, 33.0618182 ], [ -102.09594103, 33.08632839 ], [ -102.10413295, 33.09452028 ], [ -102.12864313, 33.11903002 ], [ -102.13683549, 33.12722239 ], [ -102.16134523, 33.15173178 ], [ -102.16953792, 33.15992447 ], [ -102.16953804, 33.19262657 ], [ -102.19404733, 33.21713572 ], [ -102.20224028, 33.22532866 ], [ -102.22674942, 33.24983782 ], [ -102.23494237, 33.25803076 ], [ -102.25945152, 33.28254003 ], [ -102.26764433, 33.29073287 ], [ -102.29215362, 33.31524239 ], [ -102.30034618, 33.32343495 ], [ -102.32485572, 33.34794487 ], [ -102.33304788, 33.35613706 ], [ -102.35755779, 33.3806475 ], [ -102.36574944, 33.38883914 ], [ -102.39025989, 33.41335028 ], [ -102.39845085, 33.42154124 ], [ -102.39845036, 33.45424333 ], [ -102.42296199, 33.4787559 ], [ -102.43115152, 33.48694543 ], [ -102.45566409, 33.5114591 ], [ -102.46385251, 33.51964751 ], [ -102.48836619, 33.54416253 ], [ -102.49655328, 33.55234962 ], [ -102.52106828, 33.57686617 ], [ -102.52925381, 33.58505172 ], [ -102.55377038, 33.60957008 ], [ -102.56195409, 33.61775381 ], [ -102.58647248, 33.64227421 ], [ -102.59465416, 33.65045591 ], [ -102.61917456, 33.67497829 ], [ -102.62735427, 33.683158 ], [ -102.65187665, 33.70768225 ], [ -102.66005451, 33.7158601 ] ], [ [ -99.90831396, 33.15992447 ], [ -99.90490067, 33.1766904 ], [ -99.87219858, 33.18472255 ], [ -99.83949648, 33.18048942 ], [ -99.80679438, 33.17800307 ], [ -99.77409228, 33.17658186 ], [ -99.74139018, 33.17578642 ], [ -99.70868809, 33.17518981 ], [ -99.67598601, 33.17478956 ], [ -99.64524706, 33.15992447 ], [ -99.64328391, 33.15592581 ], [ -99.63781534, 33.12722239 ], [ -99.63345529, 33.09452028 ], [ -99.63359313, 33.0618182 ], [ -99.63804368, 33.02911609 ], [ -99.64328391, 33.00986049 ], [ -99.64510489, 32.99641401 ], [ -99.6515758, 32.96371191 ], [ -99.66054329, 32.9310098 ], [ -99.67374313, 32.89830772 ], [ -99.67598601, 32.89420531 ], [ -99.68063976, 32.86560561 ], [ -99.68822644, 32.83290353 ], [ -99.69921503, 32.80020143 ], [ -99.70868809, 32.77895982 ], [ -99.74139018, 32.77053649 ], [ -99.77409228, 32.79996081 ], [ -99.77427232, 32.80020143 ], [ -99.79745896, 32.83290353 ], [ -99.80679438, 32.84804728 ], [ -99.8160613, 32.86560561 ], [ -99.83120218, 32.89830772 ], [ -99.83949648, 32.91979914 ], [ -99.84470199, 32.9310098 ], [ -99.85728865, 32.96371191 ], [ -99.867295, 32.99641401 ], [ -99.87219858, 33.01815505 ], [ -99.87684028, 33.02911609 ], [ -99.88769486, 33.0618182 ], [ -99.89696184, 33.09452028 ], [ -99.90342892, 33.12722239 ], [ -99.90490067, 33.14763437 ], [ -99.90831396, 33.15992447 ] ] ] } },
{ "type": "Feature", "properties": { "Lower": 62.0 }, "geometry": { "type": "Polygon", "coordinates": [ [ [ -101.32524609, 39.40602465 ], [ -101.31109075, 39.43558984 ], [ -101.30923529, 39.43872675 ], [ -101.27838867, 39.46513322 ], [ -101.26693237, 39.47142883 ], [ -101.24568658, 39.47957805 ], [ -101.21298448, 39.48310486 ], [ -101.20309264, 39.47142883 ], [ -101.19167787, 39.43872675 ], [ -101.19777413, 39.40602465 ], [ -101.20110568, 39.37332256 ], [ -101.20185669, 39.34062046 ], [ -101.20988684, 39.30791835 ], [ -101.21298448, 39.30192415 ], [ -101.24568658, 39.29777585 ], [ -101.27303648, 39.30791835 ], [ -101.27838867, 39.31070512 ], [ -101.31087756, 39.34062046 ], [ -101.31109075, 39.34097153 ], [ -101.32522391, 39.37332256 ], [ -101.32524609, 39.40602465 ] ] ] } },
{ "type": "Feature", "properties": { "Lower": 62.0 }, "geometry": { "type": "Polygon", "coordinates": [ [ [ -99.90831396, 33.15992447 ], [ -99.90490067, 33.1766904 ], [ -99.87219858, 33.18472255 ], [ -99.83949648, 33.18048942 ], [ -99.80679438, 33.17800307 ], [ -99.77409228, 33.17658186 ], [ -99.74139018, 33.17578642 ], [ -99.70868809, 33.17518981 ], [ -99.67598601, 33.17478956 ], [ -99.64524706, 33.15992447 ], [ -99.64328391, 33.15592581 ], [ -99.63781534, 33.12722239 ], [ -99.63345529, 33.09452028 ], [ -99.63359313, 33.0618182 ], [ -99.63804368, 33.02911609 ], [ -99.64328391, 33.00986049 ], [ -99.64510489, 32.99641401 ], [ -99.6515758, 32.96371191 ], [ -99.66054329, 32.9310098 ], [ -99.67374313, 32.89830772 ], [ -99.67598601, 32.89420531 ], [ -99.68063976, 32.86560561 ], [ -99.68822644, 32.83290353 ], [ -99.69921503, 32.80020143 ], [ -99.70868809, 32.77895982 ], [ -99.74139018, 32.77053649 ], [ -99.77409228, 32.79996081 ], [ -99.77427232, 32.80020143 ], [ -99.79745896, 32.83290353 ], [ -99.80679438, 32.84804728 ], [ -99.8160613, 32.86560561 ], [ -99.83120218, 32.89830772 ], [ -99.83949648, 32.91979914 ], [ -99.84470199, 32.9310098 ], [ -99.85728865, 32.96371191 ], [ -99.867295, 32.99641401 ], [ -99.87219858, 33.01815505 ], [ -99.87684028, 33.02911609 ], [ -99.88769486, 33.0618182 ], [ -99.89696184, 33.09452028 ], [ -99.90342892, 33.12722239 ], [ -99.90490067, 33.14763437 ], [ -99.90831396, 33.15992447 ] ] ] } },
{ "type": "Feature", "properties": { "Lower": 62.0 }, "geometry": { "type": "Polygon", "coordinates": [ [ [ -97.82659575, 37.18228217 ], [ -97.81469701, 37.21498427 ], [ -97.81196658, 37.21750482 ], [ -97.78295548, 37.24768638 ], [ -97.77926449, 37.24983996 ], [ -97.74656239, 37.26880509 ], [ -97.72822273, 37.28038846 ], [ -97.71386029, 37.28515987 ], [ -97.68115819, 37.29369061 ], [ -97.6484561, 37.29815267 ], [ -97.615754, 37.30252765 ], [ -97.58305192, 37.30887777 ], [ -97.55034982, 37.30934852 ], [ -97.51764773, 37.30698025 ], [ -97.48494563, 37.30265251 ], [ -97.45224353, 37.29532924 ], [ -97.41954143, 37.28130856 ], [ -97.4180437, 37.28038846 ], [ -97.3979205, 37.24768638 ], [ -97.39465611, 37.21498427 ], [ -97.40013033, 37.18228217 ], [ -97.41544483, 37.14958009 ], [ -97.41954143, 37.14402709 ], [ -97.44386919, 37.11687798 ], [ -97.45224353, 37.11010701 ], [ -97.48494563, 37.09000745 ], [ -97.499147, 37.0841759 ], [ -97.51764773, 37.07828763 ], [ -97.55034982, 37.07274564 ], [ -97.58305192, 37.07141967 ], [ -97.615754, 37.07365255 ], [ -97.6484561, 37.07898065 ], [ -97.66931711, 37.0841759 ], [ -97.68115819, 37.08755905 ], [ -97.71386029, 37.09924818 ], [ -97.74656239, 37.11241116 ], [ -97.75613578, 37.11687798 ], [ -97.77926449, 37.12983088 ], [ -97.80758832, 37.14958009 ], [ -97.81196658, 37.15527637 ], [ -97.82659575, 37.18228217 ] ], [ [ -97.74705586, 37.21498427 ], [ -97.74656239, 37.21562493 ], [ -97.72454145, 37.24768638 ], [ -97.71386029, 37.25325453 ], [ -97.68115819, 37.26920537 ], [ -97.6524673, 37.28038846 ], [ -97.6484561, 37.28089154 ], [ -97.615754, 37.28373276 ], [ -97.58305192, 37.28340494 ], [ -97.55622924, 37.28038846 ], [ -97.55034982, 37.27759919 ], [ -97.51764773, 37.25775714 ], [ -97.50438998, 37.24768638 ], [ -97.50211487, 37.21498427 ], [ -97.51764773, 37.18708577 ], [ -97.52166377, 37.18228217 ], [ -97.55034982, 37.16419549 ], [ -97.58305192, 37.15368826 ], [ -97.615754, 37.15031679 ], [ -97.6484561, 37.15311385 ], [ -97.68115819, 37.16204841 ], [ -97.71386029, 37.17478363 ], [ -97.72716553, 37.18228217 ], [ -97.74656239, 37.21328545 ], [ -97.74705586, 37.21498427 ] ] ] } },
{ "type": "Feature", "properties": { "Lower": 62.0 }, "geometry": { "type": "Polygon", "coordinates": [ [ [ -104.81992263, 39.53683302 ], [ -104.81021494, 39.55055413 ], [ -104.80049047, 39.56953513 ], [ -104.77751284, 39.5946138 ], [ -104.77208015, 39.60223721 ], [ -104.74481074, 39.62747567 ], [ -104.73835444, 39.63493932 ], [ -104.71210866, 39.65627617 ], [ -104.70085575, 39.66764142 ], [ -104.67940657, 39.68234005 ], [ -104.65799797, 39.7003435 ], [ -104.64670447, 39.70543225 ], [ -104.61400237, 39.72146967 ], [ -104.5930142, 39.73304561 ], [ -104.58130027, 39.73781135 ], [ -104.54859818, 39.75292253 ], [ -104.52769569, 39.76574769 ], [ -104.51589608, 39.77482843 ], [ -104.48515682, 39.7984498 ], [ -104.48319398, 39.79934948 ], [ -104.4504919, 39.80997976 ], [ -104.4177898, 39.81780536 ], [ -104.38508771, 39.80795193 ], [ -104.36624558, 39.7984498 ], [ -104.35238561, 39.79009389 ], [ -104.31968351, 39.76839149 ], [ -104.31599036, 39.76574769 ], [ -104.28698141, 39.74217615 ], [ -104.27597176, 39.73304561 ], [ -104.25427932, 39.71191355 ], [ -104.24268073, 39.7003435 ], [ -104.22157722, 39.67368461 ], [ -104.21685162, 39.66764142 ], [ -104.20116247, 39.63493932 ], [ -104.20453099, 39.60223721 ], [ -104.22157722, 39.58292351 ], [ -104.23772763, 39.56953513 ], [ -104.25427932, 39.55948905 ], [ -104.28698141, 39.5420143 ], [ -104.29772495, 39.53683302 ], [ -104.31968351, 39.52774217 ], [ -104.35238561, 39.51819236 ], [ -104.38508771, 39.51240006 ], [ -104.4177898, 39.50736209 ], [ -104.43805821, 39.50413094 ], [ -104.4504919, 39.50230737 ], [ -104.48319398, 39.49776239 ], [ -104.51589608, 39.49382937 ], [ -104.54859818, 39.49053585 ], [ -104.58130027, 39.48783416 ], [ -104.61400237, 39.48573487 ], [ -104.64670447, 39.48430667 ], [ -104.67940657, 39.48375661 ], [ -104.71210866, 39.48428378 ], [ -104.74481074, 39.48637039 ], [ -104.77751284, 39.49140923 ], [ -104.81021494, 39.50214832 ], [ -104.81396774, 39.50413094 ], [ -104.81992263, 39.53683302 ] ] ] } },
{ "type": "Feature", "properties": { "Lower": 62.0 }, "geometry": { "type": "Polygon", "coordinates": [ [ [ -97.83669492, 38.71928066 ], [ -97.8361717, 38.75198275 ], [ -97.83237447, 38.78468485 ], [ -97.82534074, 38.81738693 ], [ -97.81422069, 38.85008904 ], [ -97.81196658, 38.85412898 ], [ -97.79480005, 38.88279112 ], [ -97.77926449, 38.90392572 ], [ -97.76959401, 38.91549323 ], [ -97.74656239, 38.93458553 ], [ -97.72055164, 38.94819531 ], [ -97.71386029, 38.95066173 ], [ -97.68115819, 38.95771266 ], [ -97.6484561, 38.96419003 ], [ -97.615754, 38.97146207 ], [ -97.58305192, 38.9757214 ], [ -97.55034982, 38.96029423 ], [ -97.53961879, 38.94819531 ], [ -97.51866172, 38.91549323 ], [ -97.51764773, 38.91358857 ], [ -97.50139748, 38.88279112 ], [ -97.48505445, 38.85008904 ], [ -97.48494563, 38.84984015 ], [ -97.47090007, 38.81738693 ], [ -97.45890364, 38.78468485 ], [ -97.45224353, 38.76073667 ], [ -97.44995054, 38.75198275 ], [ -97.44464491, 38.71928066 ], [ -97.44230986, 38.68657856 ], [ -97.44255691, 38.65387645 ], [ -97.445297, 38.62117437 ], [ -97.44993449, 38.58847227 ], [ -97.45224353, 38.57484226 ], [ -97.45732714, 38.55577018 ], [ -97.46753244, 38.52306808 ], [ -97.48299335, 38.49036599 ], [ -97.48494563, 38.48788552 ], [ -97.51764773, 38.47907023 ], [ -97.55034982, 38.48163042 ], [ -97.58305192, 38.48591782 ], [ -97.6132408, 38.49036599 ], [ -97.615754, 38.49076475 ], [ -97.6484561, 38.49693736 ], [ -97.68115819, 38.50581265 ], [ -97.71386029, 38.51841954 ], [ -97.72287964, 38.52306808 ], [ -97.74656239, 38.53731948 ], [ -97.76951279, 38.55577018 ], [ -97.77926449, 38.56518804 ], [ -97.79807278, 38.58847227 ], [ -97.81196658, 38.61138721 ], [ -97.81673336, 38.62117437 ], [ -97.82768877, 38.65387645 ], [ -97.83402981, 38.68657856 ], [ -97.83669492, 38.71928066 ] ], [ [ -97.7748661, 38.75198275 ], [ -97.77478962, 38.78468485 ], [ -97.77017455, 38.81738693 ], [ -97.76006573, 38.85008904 ], [ -97.74656239, 38.87277347 ], [ -97.7394955, 38.88279112 ], [ -97.71386029, 38.90689662 ], [ -97.69513023, 38.91549323 ], [ -97.68115819, 38.91924102 ], [ -97.6484561, 38.92489701 ], [ -97.615754, 38.93215044 ], [ -97.58305192, 38.9267695 ], [ -97.57154326, 38.91549323 ], [ -97.55034982, 38.88292437 ], [ -97.55028364, 38.88279112 ], [ -97.53723819, 38.85008904 ], [ -97.52481268, 38.81738693 ], [ -97.51764773, 38.79625496 ], [ -97.51403055, 38.78468485 ], [ -97.50668784, 38.75198275 ], [ -97.5033815, 38.71928066 ], [ -97.50531439, 38.68657856 ], [ -97.51310416, 38.65387645 ], [ -97.51764773, 38.64174424 ], [ -97.5305208, 38.62117437 ], [ -97.55034982, 38.59937211 ], [ -97.57326202, 38.58847227 ], [ -97.58305192, 38.58509109 ], [ -97.615754, 38.58206148 ], [ -97.6484561, 38.58592689 ], [ -97.65591086, 38.58847227 ], [ -97.68115819, 38.59853088 ], [ -97.71386029, 38.61957441 ], [ -97.715609, 38.62117437 ], [ -97.74398252, 38.65387645 ], [ -97.74656239, 38.65777528 ], [ -97.76009685, 38.68657856 ], [ -97.77001908, 38.71928066 ], [ -97.7748661, 38.75198275 ] ] ] } },
{ "type": "Feature", "properties": { "Lower": 62.0 }, "geometry": { "type": "Polygon", "coordinates": [ [ [ -98.4736005, 37.57470732 ], [ -98.46890027, 37.60740942 ], [ -98.46600848, 37.61632381 ], [ -98.45510745, 37.64011151 ], [ -98.43330638, 37.67030309 ], [ -98.43087708, 37.67281361 ], [ -98.40060428, 37.69880173 ], [ -98.39054107, 37.7055157 ], [ -98.3679022, 37.7194041 ], [ -98.33520011, 37.73399469 ], [ -98.31934188, 37.7382178 ], [ -98.30249801, 37.74279074 ], [ -98.26979591, 37.74690426 ], [ -98.23709381, 37.74642589 ], [ -98.20439172, 37.74016284 ], [ -98.19930143, 37.7382178 ], [ -98.17168962, 37.7257773 ], [ -98.14490958, 37.7055157 ], [ -98.13898752, 37.69970754 ], [ -98.11953407, 37.67281361 ], [ -98.10628544, 37.64362456 ], [ -98.10493979, 37.64011151 ], [ -98.0974774, 37.60740942 ], [ -98.09545663, 37.57470732 ], [ -98.09808012, 37.54200524 ], [ -98.1048306, 37.50930313 ], [ -98.10628544, 37.50503686 ], [ -98.11491349, 37.47660103 ], [ -98.12759354, 37.44389894 ], [ -98.13898752, 37.41503287 ], [ -98.14023759, 37.41119684 ], [ -98.14563902, 37.37849476 ], [ -98.14248121, 37.34579265 ], [ -98.13898752, 37.33671255 ], [ -98.13119495, 37.31309057 ], [ -98.11842939, 37.28038846 ], [ -98.10668901, 37.24768638 ], [ -98.10628544, 37.2383551 ], [ -98.10529228, 37.21498427 ], [ -98.10628544, 37.21178307 ], [ -98.13307148, 37.18228217 ], [ -98.13898752, 37.17918031 ], [ -98.17168962, 37.17050631 ], [ -98.20439172, 37.16843182 ], [ -98.23709381, 37.17250943 ], [ -98.26551765, 37.18228217 ], [ -98.26979591, 37.18382984 ], [ -98.30249801, 37.20398291 ], [ -98.31466263, 37.21498427 ], [ -98.33520011, 37.23460501 ], [ -98.34570963, 37.24768638 ], [ -98.3679022, 37.27664784 ], [ -98.37027208, 37.28038846 ], [ -98.39046529, 37.31309057 ], [ -98.40060428, 37.33019596 ], [ -98.40868372, 37.34579265 ], [ -98.42516946, 37.37849476 ], [ -98.43330638, 37.39520237 ], [ -98.44050933, 37.41119684 ], [ -98.45363718, 37.44389894 ], [ -98.46411862, 37.47660103 ], [ -98.46600848, 37.48769241 ], [ -98.46945181, 37.50930313 ], [ -98.47309259, 37.54200524 ], [ -98.4736005, 37.57470732 ] ], [ [ -98.44262515, 37.54200524 ], [ -98.43876548, 37.57470732 ], [ -98.43330638, 37.59187338 ], [ -98.42603389, 37.60740942 ], [ -98.40172876, 37.64011151 ], [ -98.40060428, 37.64127083 ], [ -98.3679022, 37.66684647 ], [ -98.35563837, 37.67281361 ], [ -98.33520011, 37.6818929 ], [ -98.30249801, 37.68929928 ], [ -98.26979591, 37.69068468 ], [ -98.23709381, 37.6853567 ], [ -98.20844632, 37.67281361 ], [ -98.20439172, 37.67061174 ], [ -98.17168962, 37.64115389 ], [ -98.17089421, 37.64011151 ], [ -98.15336523, 37.60740942 ], [ -98.14462989, 37.57470732 ], [ -98.14242834, 37.54200524 ], [ -98.14509971, 37.50930313 ], [ -98.15133753, 37.47660103 ], [ -98.15993086, 37.44389894 ], [ -98.16761949, 37.41119684 ], [ -98.17006357, 37.37849476 ], [ -98.1631697, 37.34579265 ], [ -98.15170168, 37.31309057 ], [ -98.13955233, 37.28038846 ], [ -98.14489224, 37.24768638 ], [ -98.17168962, 37.22412787 ], [ -98.20439172, 37.21740732 ], [ -98.23709381, 37.22124981 ], [ -98.26979591, 37.23395724 ], [ -98.29020789, 37.24768638 ], [ -98.30249801, 37.25628067 ], [ -98.32669723, 37.28038846 ], [ -98.33520011, 37.28904895 ], [ -98.35344804, 37.31309057 ], [ -98.3679022, 37.33247073 ], [ -98.37598493, 37.34579265 ], [ -98.39507663, 37.37849476 ], [ -98.40060428, 37.38834607 ], [ -98.41183761, 37.41119684 ], [ -98.42594965, 37.44389894 ], [ -98.43330638, 37.4666024 ], [ -98.43631449, 37.47660103 ], [ -98.44105297, 37.50930313 ], [ -98.44262515, 37.54200524 ] ] ] } },
{ "type": "Feature", "properties": { "Lower": 62.0 }, "geometry": { "type": "Polygon", "coordinates": [ [ [ -99.26843327, 40.12547074 ], [ -99.26666962, 40.15817284 ], [ -99.25085876, 40.18011159 ], [ -99.2426637, 40.19087492 ], [ -99.21815666, 40.20763364 ], [ -99.19411566, 40.22357703 ], [ -99.18545457, 40.22736615 ], [ -99.15275249, 40.24150409 ], [ -99.12005039, 40.25541726 ], [ -99.11801504, 40.25627913 ], [ -99.08734829, 40.26586029 ], [ -99.05464619, 40.27512308 ], [ -99.0219441, 40.28385808 ], [ -99.00031143, 40.28898122 ], [ -98.989242, 40.29123741 ], [ -98.9565399, 40.29699956 ], [ -98.9238378, 40.30229952 ], [ -98.89113573, 40.30748031 ], [ -98.85843363, 40.31142045 ], [ -98.82573153, 40.31350391 ], [ -98.79302943, 40.31384185 ], [ -98.76032734, 40.31219288 ], [ -98.72762524, 40.30783099 ], [ -98.69492314, 40.29871075 ], [ -98.67827887, 40.28898122 ], [ -98.66222104, 40.26831284 ], [ -98.65452193, 40.25627913 ], [ -98.64033093, 40.22357703 ], [ -98.63531838, 40.19087492 ], [ -98.64171371, 40.15817284 ], [ -98.66106117, 40.12547074 ], [ -98.66222104, 40.12426766 ], [ -98.69299072, 40.09276865 ], [ -98.69492314, 40.09125407 ], [ -98.72762524, 40.06544526 ], [ -98.7337076, 40.06006655 ], [ -98.76032734, 40.03212051 ], [ -98.76438819, 40.02736446 ], [ -98.78909632, 39.99466236 ], [ -98.79302943, 39.98892315 ], [ -98.81140134, 39.96196028 ], [ -98.82573153, 39.9399041 ], [ -98.83526859, 39.92925817 ], [ -98.85843363, 39.90559693 ], [ -98.87262003, 39.89655607 ], [ -98.89113573, 39.88557375 ], [ -98.9238378, 39.87494272 ], [ -98.9565399, 39.87116508 ], [ -98.989242, 39.87294705 ], [ -99.0219441, 39.87939805 ], [ -99.05464619, 39.88996738 ], [ -99.06979969, 39.89655607 ], [ -99.08734829, 39.9048094 ], [ -99.12005039, 39.92379417 ], [ -99.12844538, 39.92925817 ], [ -99.15275249, 39.9469733 ], [ -99.1716319, 39.96196028 ], [ -99.18545457, 39.97473651 ], [ -99.20546673, 39.99466236 ], [ -99.21815666, 40.0102197 ], [ -99.23123512, 40.02736446 ], [ -99.24983134, 40.06006655 ], [ -99.25085876, 40.06269997 ], [ -99.26188637, 40.09276865 ], [ -99.26843327, 40.12547074 ] ], [ [ -99.21250336, 40.12547074 ], [ -99.20805542, 40.15817284 ], [ -99.18545457, 40.18583144 ], [ -99.18116707, 40.19087492 ], [ -99.15275249, 40.20960487 ], [ -99.13136591, 40.22357703 ], [ -99.12005039, 40.22842931 ], [ -99.08734829, 40.24214951 ], [ -99.05464619, 40.2556728 ], [ -99.05310338, 40.25627913 ], [ -99.0219441, 40.26470229 ], [ -98.989242, 40.27241762 ], [ -98.9565399, 40.27915096 ], [ -98.9238378, 40.28546749 ], [ -98.90391665, 40.28898122 ], [ -98.89113573, 40.29077669 ], [ -98.85843363, 40.29348587 ], [ -98.82573153, 40.29413444 ], [ -98.79302943, 40.292832 ], [ -98.76032734, 40.28921282 ], [ -98.75912492, 40.28898122 ], [ -98.72762524, 40.27869654 ], [ -98.69904145, 40.25627913 ], [ -98.69492314, 40.24818544 ], [ -98.68374381, 40.22357703 ], [ -98.67904918, 40.19087492 ], [ -98.6863735, 40.15817284 ], [ -98.69492314, 40.14425355 ], [ -98.70719221, 40.12547074 ], [ -98.72762524, 40.10564323 ], [ -98.74171024, 40.09276865 ], [ -98.76032734, 40.07664856 ], [ -98.77669498, 40.06006655 ], [ -98.79302943, 40.04050375 ], [ -98.80343041, 40.02736446 ], [ -98.82573153, 39.99585777 ], [ -98.82670824, 39.99466236 ], [ -98.85382423, 39.96196028 ], [ -98.85843363, 39.95682542 ], [ -98.89113573, 39.93428678 ], [ -98.90438703, 39.92925817 ], [ -98.9238378, 39.92243074 ], [ -98.9565399, 39.91840296 ], [ -98.989242, 39.92047923 ], [ -99.0219441, 39.92771006 ], [ -99.02627269, 39.92925817 ], [ -99.05464619, 39.94049022 ], [ -99.08734829, 39.95783102 ], [ -99.0936981, 39.96196028 ], [ -99.12005039, 39.98143907 ], [ -99.13551897, 39.99466236 ], [ -99.15275249, 40.01217023 ], [ -99.16633857, 40.02736446 ], [ -99.18545457, 40.05478262 ], [ -99.1888635, 40.06006655 ], [ -99.20395654, 40.09276865 ], [ -99.21250336, 40.12547074 ] ] ] } },
{ "type": "Feature", "properties": { "Lower": 62.0 }, "geometry": { "type": "Polygon", "coordinates": [ [ [ -96.35583603, 39.60223721 ], [ -96.35458423, 39.63493932 ], [ -96.34793587, 39.66764142 ], [ -96.34037229, 39.68665182 ], [ -96.3355582, 39.7003435 ], [ -96.31605148, 39.73304561 ], [ -96.30767019, 39.74215749 ], [ -96.28880181, 39.76574769 ], [ -96.27496812, 39.77822218 ], [ -96.26295445, 39.7984498 ], [ -96.24226602, 39.82664421 ], [ -96.20956392, 39.82814668 ], [ -96.18793397, 39.83115188 ], [ -96.17686182, 39.83401842 ], [ -96.14415973, 39.84435781 ], [ -96.11145763, 39.85624621 ], [ -96.09184157, 39.86385398 ], [ -96.07875553, 39.87213758 ], [ -96.04605343, 39.8914387 ], [ -96.03692706, 39.89655607 ], [ -96.01335136, 39.91312141 ], [ -95.9890806, 39.92925817 ], [ -95.98064926, 39.93578293 ], [ -95.94794716, 39.95971608 ], [ -95.94474609, 39.96196028 ], [ -95.91524506, 39.98494238 ], [ -95.90223931, 39.99466236 ], [ -95.88254297, 40.01062991 ], [ -95.86102951, 40.02736446 ], [ -95.84984087, 40.03664886 ], [ -95.82043699, 40.06006655 ], [ -95.81713877, 40.06282823 ], [ -95.78443667, 40.08917443 ], [ -95.77982841, 40.09276865 ], [ -95.75173457, 40.11545128 ], [ -95.73892005, 40.12547074 ], [ -95.7190325, 40.14142747 ], [ -95.6975083, 40.15817284 ], [ -95.6863304, 40.16702883 ], [ -95.65533324, 40.19087492 ], [ -95.6536283, 40.19220117 ], [ -95.6209262, 40.21701378 ], [ -95.61208858, 40.22357703 ], [ -95.58822411, 40.24136531 ], [ -95.56778598, 40.25627913 ], [ -95.55552201, 40.2652282 ], [ -95.52281991, 40.28864033 ], [ -95.52233734, 40.28898122 ], [ -95.49011781, 40.31159661 ], [ -95.45741574, 40.29716433 ], [ -95.44923261, 40.28898122 ], [ -95.42471364, 40.26447123 ], [ -95.41652153, 40.25627913 ], [ -95.39201154, 40.23177752 ], [ -95.39201154, 40.23175602 ], [ -95.42471364, 40.2246486 ], [ -95.4262832, 40.22357703 ], [ -95.45741574, 40.20219653 ], [ -95.4738776, 40.19087492 ], [ -95.49011781, 40.17968345 ], [ -95.5212883, 40.15817284 ], [ -95.52281991, 40.15711693 ], [ -95.55552201, 40.13419598 ], [ -95.567867, 40.12547074 ], [ -95.58822411, 40.11121893 ], [ -95.6144012, 40.09276865 ], [ -95.6209262, 40.08824666 ], [ -95.6536283, 40.06525751 ], [ -95.66087348, 40.06006655 ], [ -95.6863304, 40.04232248 ], [ -95.70757674, 40.02736446 ], [ -95.7190325, 40.0195985 ], [ -95.75173457, 39.99720153 ], [ -95.75534767, 39.99466236 ], [ -95.78443667, 39.97535198 ], [ -95.80444724, 39.96196028 ], [ -95.81713877, 39.95408461 ], [ -95.84984087, 39.93358903 ], [ -95.85658184, 39.92925817 ], [ -95.88254297, 39.91436426 ], [ -95.91368352, 39.89655607 ], [ -95.91524506, 39.89579525 ], [ -95.94794716, 39.87949498 ], [ -95.97990505, 39.86385398 ], [ -95.98064926, 39.86357551 ], [ -96.01335136, 39.8512006 ], [ -96.04605343, 39.83978571 ], [ -96.0728383, 39.83115188 ], [ -96.07875553, 39.82982458 ], [ -96.11145763, 39.82283918 ], [ -96.14415973, 39.81698759 ], [ -96.17686182, 39.81277109 ], [ -96.20956392, 39.81270977 ], [ -96.24226602, 39.7994265 ], [ -96.24298269, 39.7984498 ], [ -96.26185215, 39.76574769 ], [ -96.27496812, 39.74214669 ], [ -96.28254359, 39.73304561 ], [ -96.30138819, 39.7003435 ], [ -96.30767019, 39.68349685 ], [ -96.31436195, 39.66764142 ], [ -96.32089174, 39.63493932 ], [ -96.31751588, 39.60223721 ], [ -96.30767019, 39.57898733 ], [ -96.30240242, 39.56953513 ], [ -96.27709307, 39.53683302 ], [ -96.27496812, 39.53451395 ], [ -96.24226602, 39.50761377 ], [ -96.23623161, 39.50413094 ], [ -96.20956392, 39.4899929 ], [ -96.17686182, 39.47742417 ], [ -96.15636945, 39.47142883 ], [ -96.14415973, 39.46796524 ], [ -96.11145763, 39.4583933 ], [ -96.07875553, 39.44819126 ], [ -96.05003239, 39.43872675 ], [ -96.04605343, 39.43728881 ], [ -96.01335136, 39.42549725 ], [ -95.98064926, 39.41353339 ], [ -95.96001225, 39.40602465 ], [ -95.94794716, 39.40132167 ], [ -95.91524506, 39.38897841 ], [ -95.88254297, 39.37686478 ], [ -95.87257175, 39.37332256 ], [ -95.84984087, 39.36479844 ], [ -95.81713877, 39.35309114 ], [ -95.78443667, 39.34181873 ], [ -95.78073967, 39.34062046 ], [ -95.75173457, 39.33078915 ], [ -95.7190325, 39.32025475 ], [ -95.6863304, 39.3102353 ], [ -95.67833807, 39.30791835 ], [ -95.6536283, 39.3004816 ], [ -95.6209262, 39.29114213 ], [ -95.58822411, 39.28216512 ], [ -95.56220463, 39.27521627 ], [ -95.55552201, 39.27337673 ], [ -95.52281991, 39.26462158 ], [ -95.49011781, 39.2559346 ], [ -95.45741574, 39.24716158 ], [ -95.44055851, 39.24251417 ], [ -95.42471364, 39.23807811 ], [ -95.39201154, 39.22911903 ], [ -95.35930944, 39.22143731 ], [ -95.32660735, 39.21457259 ], [ -95.30145899, 39.20981208 ], [ -95.29390525, 39.20836307 ], [ -95.26120315, 39.20280273 ], [ -95.22850105, 39.19789837 ], [ -95.19579897, 39.19379851 ], [ -95.16309688, 39.19086328 ], [ -95.13039478, 39.19005808 ], [ -95.09769268, 39.19041157 ], [ -95.06499058, 39.19167037 ], [ -95.03228849, 39.19386322 ], [ -94.99958639, 39.19699927 ], [ -94.96688429, 39.20106173 ], [ -94.93418221, 39.20600568 ], [ -94.91279199, 39.20981208 ], [ -94.90148012, 39.21188313 ], [ -94.86877802, 39.21868653 ], [ -94.83607592, 39.2262169 ], [ -94.80337382, 39.2345081 ], [ -94.77411614, 39.24251417 ], [ -94.77067173, 39.24347804 ], [ -94.76249149, 39.27521627 ], [ -94.76246999, 39.27521627 ], [ -94.73796963, 39.25070961 ], [ -94.7297742, 39.24251417 ], [ -94.72977914, 39.20981208 ], [ -94.70526753, 39.18529412 ], [ -94.69708341, 39.17710998 ], [ -94.69708809, 39.14440789 ], [ -94.70526753, 39.11527873 ], [ -94.71797451, 39.11170579 ], [ -94.73796963, 39.10581647 ], [ -94.77067173, 39.09704306 ], [ -94.80337382, 39.08922268 ], [ -94.83607592, 39.08239717 ], [ -94.85486258, 39.07900371 ], [ -94.86877802, 39.07637872 ], [ -94.90148012, 39.07122891 ], [ -94.93418221, 39.067182 ], [ -94.96688429, 39.06426602 ], [ -94.99958639, 39.06246558 ], [ -95.03228849, 39.06174243 ], [ -95.06499058, 39.06208075 ], [ -95.09769268, 39.06344817 ], [ -95.13039478, 39.06578363 ], [ -95.16309688, 39.06930085 ], [ -95.19579897, 39.07475623 ], [ -95.21637983, 39.07900371 ], [ -95.22850105, 39.08138102 ], [ -95.26120315, 39.08880248 ], [ -95.29390525, 39.09716629 ], [ -95.32660735, 39.10643745 ], [ -95.34450236, 39.11170579 ], [ -95.35930944, 39.11587564 ], [ -95.39201154, 39.12505808 ], [ -95.42471364, 39.13466733 ], [ -95.45741574, 39.14425581 ], [ -95.45793347, 39.14440789 ], [ -95.49011781, 39.1533521 ], [ -95.52281991, 39.16269199 ], [ -95.55552201, 39.17257775 ], [ -95.56963766, 39.17710998 ], [ -95.58822411, 39.18263947 ], [ -95.6209262, 39.19305539 ], [ -95.6536283, 39.20442603 ], [ -95.66786919, 39.20981208 ], [ -95.6863304, 39.21622076 ], [ -95.7190325, 39.228551 ], [ -95.75173457, 39.24191273 ], [ -95.75309563, 39.24251417 ], [ -95.78443667, 39.25519888 ], [ -95.81713877, 39.26935989 ], [ -95.82981377, 39.27521627 ], [ -95.84984087, 39.28379065 ], [ -95.88254297, 39.29858486 ], [ -95.90216572, 39.30791835 ], [ -95.91524506, 39.31370782 ], [ -95.94794716, 39.32882091 ], [ -95.9725829, 39.34062046 ], [ -95.98064926, 39.34419862 ], [ -96.01335136, 39.35915979 ], [ -96.04383443, 39.37332256 ], [ -96.04605343, 39.37426667 ], [ -96.07875553, 39.3883676 ], [ -96.11145763, 39.40225598 ], [ -96.12044263, 39.40602465 ], [ -96.14415973, 39.41483468 ], [ -96.17686182, 39.42619723 ], [ -96.20956392, 39.4375589 ], [ -96.21222559, 39.43872675 ], [ -96.24226602, 39.45225581 ], [ -96.27273029, 39.47142883 ], [ -96.27496812, 39.47299982 ], [ -96.3074751, 39.50413094 ], [ -96.30767019, 39.50434559 ], [ -96.33242492, 39.53683302 ], [ -96.34037229, 39.55058658 ], [ -96.34932744, 39.56953513 ], [ -96.35583603, 39.60223721 ] ] ] } },
{ "type": "Feature", "properties": { "Lower": 62.0 }, "geometry": { "type": "Polygon", "coordinates": [ [ [ -98.29545189, 40.09276865 ], [ -98.29477346, 40.12547074 ], [ -98.27898968, 40.15817284 ], [ -98.26979591, 40.16797085 ], [ -98.24330227, 40.19087492 ], [ -98.23709381, 40.19451072 ], [ -98.20439172, 40.20421375 ], [ -98.17168962, 40.20963139 ], [ -98.13898752, 40.21338066 ], [ -98.10628544, 40.2160678 ], [ -98.07358335, 40.21473224 ], [ -98.04088125, 40.2109054 ], [ -98.00817915, 40.20627463 ], [ -97.97547705, 40.20164682 ], [ -97.94277496, 40.19742552 ], [ -97.91007286, 40.19384231 ], [ -97.87737076, 40.19105521 ], [ -97.87422181, 40.19087492 ], [ -97.84466868, 40.18873079 ], [ -97.81196658, 40.18760686 ], [ -97.77926449, 40.18779927 ], [ -97.74656239, 40.18940819 ], [ -97.73085803, 40.19087492 ], [ -97.71386029, 40.19221489 ], [ -97.68115819, 40.19608918 ], [ -97.6484561, 40.20137376 ], [ -97.615754, 40.20819616 ], [ -97.58305192, 40.21679331 ], [ -97.56172854, 40.22357703 ], [ -97.55034982, 40.22734132 ], [ -97.51764773, 40.24004504 ], [ -97.48494563, 40.2552632 ], [ -97.48294031, 40.25627913 ], [ -97.45224353, 40.27283035 ], [ -97.42536152, 40.28898122 ], [ -97.41954143, 40.2926655 ], [ -97.38683934, 40.314481 ], [ -97.37660083, 40.32168332 ], [ -97.35413724, 40.33807615 ], [ -97.33272503, 40.3543854 ], [ -97.32143516, 40.36323984 ], [ -97.29196237, 40.38708751 ], [ -97.28873306, 40.38976049 ], [ -97.25603097, 40.41729435 ], [ -97.25310638, 40.41978959 ], [ -97.22332887, 40.44557403 ], [ -97.21545155, 40.4524917 ], [ -97.19062677, 40.47450448 ], [ -97.17867929, 40.48519378 ], [ -97.15792467, 40.50386182 ], [ -97.1424141, 40.51789589 ], [ -97.12522257, 40.53346476 ], [ -97.10632212, 40.55059799 ], [ -97.09252048, 40.56306478 ], [ -97.07011856, 40.58330007 ], [ -97.0598184, 40.59255474 ], [ -97.03387512, 40.61600218 ], [ -97.0271163, 40.62222613 ], [ -96.99872314, 40.64870426 ], [ -96.9944142, 40.65279616 ], [ -96.96465971, 40.68140637 ], [ -96.96171211, 40.68428006 ], [ -96.93146225, 40.71410845 ], [ -96.92901001, 40.7165538 ], [ -96.89895078, 40.74681055 ], [ -96.89630791, 40.74949599 ], [ -96.86676747, 40.77951264 ], [ -96.86360581, 40.7827529 ], [ -96.8338308, 40.81221474 ], [ -96.83090372, 40.81514183 ], [ -96.80039176, 40.84491685 ], [ -96.79820164, 40.84708126 ], [ -96.76686657, 40.87761893 ], [ -96.76549954, 40.87896969 ], [ -96.73354588, 40.91032103 ], [ -96.73279744, 40.91106571 ], [ -96.70064605, 40.94302312 ], [ -96.70009535, 40.94357775 ], [ -96.66830441, 40.97572522 ], [ -96.66739325, 40.97666089 ], [ -96.63642813, 41.00842731 ], [ -96.63469115, 41.01023545 ], [ -96.60489269, 41.04112941 ], [ -96.60198905, 41.04418148 ], [ -96.57366639, 41.07383149 ], [ -96.56928696, 41.07849053 ], [ -96.54287313, 41.1065336 ], [ -96.53658488, 41.11329764 ], [ -96.51247133, 41.1392357 ], [ -96.50388278, 41.1485972 ], [ -96.48249119, 41.17193779 ], [ -96.47118068, 41.18441747 ], [ -96.45294561, 41.20463989 ], [ -96.43847858, 41.2128176 ], [ -96.43030088, 41.20463989 ], [ -96.40577649, 41.18012422 ], [ -96.39759004, 41.17193779 ], [ -96.37307439, 41.14742972 ], [ -96.36488037, 41.1392357 ], [ -96.34037229, 41.11473403 ], [ -96.34037229, 41.11471252 ], [ -96.37307439, 41.10800536 ], [ -96.37437483, 41.1065336 ], [ -96.40363427, 41.07383149 ], [ -96.40577649, 41.07148376 ], [ -96.43355848, 41.04112941 ], [ -96.43847858, 41.03587749 ], [ -96.464314, 41.00842731 ], [ -96.47118068, 41.00129563 ], [ -96.49583942, 40.97572522 ], [ -96.50388278, 40.96758096 ], [ -96.5280985, 40.94302312 ], [ -96.53658488, 40.93462759 ], [ -96.56107884, 40.91032103 ], [ -96.56928696, 40.90234672 ], [ -96.59466143, 40.87761893 ], [ -96.60198905, 40.87063508 ], [ -96.62872657, 40.84491685 ], [ -96.63469115, 40.83930316 ], [ -96.66356085, 40.81221474 ], [ -96.66739325, 40.80869456 ], [ -96.69935858, 40.77951264 ], [ -96.70009535, 40.77885302 ], [ -96.73279744, 40.74937285 ], [ -96.73562319, 40.74681055 ], [ -96.76549954, 40.72016246 ], [ -96.77221117, 40.71410845 ], [ -96.79820164, 40.69101288 ], [ -96.80876226, 40.68140637 ], [ -96.83090372, 40.66148694 ], [ -96.844502, 40.64870426 ], [ -96.86360581, 40.63085542 ], [ -96.8787916, 40.61600218 ], [ -96.89630791, 40.59907554 ], [ -96.91296419, 40.58330007 ], [ -96.92901001, 40.56840694 ], [ -96.94869743, 40.55059799 ], [ -96.96171211, 40.53904284 ], [ -96.98578056, 40.51789589 ], [ -96.9944142, 40.51024842 ], [ -97.02266254, 40.48519378 ], [ -97.0271163, 40.4812204 ], [ -97.05948809, 40.4524917 ], [ -97.0598184, 40.45219822 ], [ -97.09252048, 40.42311235 ], [ -97.09629124, 40.41978959 ], [ -97.12522257, 40.39443468 ], [ -97.13372303, 40.38708751 ], [ -97.15792467, 40.36637332 ], [ -97.17222038, 40.3543854 ], [ -97.19062677, 40.33913208 ], [ -97.21229854, 40.32168332 ], [ -97.22332887, 40.31292439 ], [ -97.25482069, 40.28898122 ], [ -97.25603097, 40.28807446 ], [ -97.28873306, 40.26430099 ], [ -97.30047811, 40.25627913 ], [ -97.32143516, 40.24226177 ], [ -97.3521336, 40.22357703 ], [ -97.35413724, 40.22237221 ], [ -97.38683934, 40.20407604 ], [ -97.41447764, 40.19087492 ], [ -97.41954143, 40.18821619 ], [ -97.45224353, 40.17271379 ], [ -97.48494563, 40.15979393 ], [ -97.48958041, 40.15817284 ], [ -97.51764773, 40.14581218 ], [ -97.55034982, 40.13422765 ], [ -97.58160803, 40.12547074 ], [ -97.58305192, 40.1249233 ], [ -97.615754, 40.11482983 ], [ -97.6484561, 40.1074725 ], [ -97.68115819, 40.10241412 ], [ -97.71386029, 40.09933263 ], [ -97.74656239, 40.09794597 ], [ -97.77926449, 40.09814027 ], [ -97.81196658, 40.09983325 ], [ -97.84466868, 40.10296898 ], [ -97.87737076, 40.1075975 ], [ -97.91007286, 40.11376721 ], [ -97.94277496, 40.12164809 ], [ -97.95597223, 40.12547074 ], [ -97.97547705, 40.12930647 ], [ -98.00817915, 40.13661336 ], [ -98.04088125, 40.14473772 ], [ -98.07358335, 40.1532407 ], [ -98.09506285, 40.15817284 ], [ -98.10628544, 40.15980262 ], [ -98.13898752, 40.16078044 ], [ -98.15870969, 40.15817284 ], [ -98.17168962, 40.15561501 ], [ -98.20439172, 40.14298303 ], [ -98.22185471, 40.12547074 ], [ -98.23016446, 40.09276865 ], [ -98.22263224, 40.06006655 ], [ -98.21223805, 40.02736446 ], [ -98.20439172, 40.00374796 ], [ -98.19973379, 39.99466236 ], [ -98.18177157, 39.96196028 ], [ -98.17168962, 39.94523896 ], [ -98.1524502, 39.92925817 ], [ -98.13898752, 39.91847051 ], [ -98.10628544, 39.90480705 ], [ -98.07358335, 39.89730628 ], [ -98.06685087, 39.89655607 ], [ -98.04088125, 39.89402587 ], [ -98.00817915, 39.89277254 ], [ -97.97547705, 39.89270116 ], [ -97.94277496, 39.89323944 ], [ -97.91007286, 39.89408087 ], [ -97.87737076, 39.89554702 ], [ -97.86390594, 39.89655607 ], [ -97.84466868, 39.89847678 ], [ -97.81196658, 39.90236857 ], [ -97.77926449, 39.90642847 ], [ -97.74656239, 39.91020916 ], [ -97.71386029, 39.91344809 ], [ -97.68115819, 39.91593097 ], [ -97.6484561, 39.91758471 ], [ -97.615754, 39.91869364 ], [ -97.58305192, 39.9197404 ], [ -97.55034982, 39.92079154 ], [ -97.51764773, 39.92188072 ], [ -97.48494563, 39.92308727 ], [ -97.45224353, 39.92436082 ], [ -97.41954143, 39.92511724 ], [ -97.38683934, 39.92524581 ], [ -97.35413724, 39.92480051 ], [ -97.32143516, 39.92406662 ], [ -97.28873306, 39.92316671 ], [ -97.25603097, 39.92218893 ], [ -97.22332887, 39.9212125 ], [ -97.19062677, 39.92029225 ], [ -97.15792467, 39.91955107 ], [ -97.12522257, 39.91899381 ], [ -97.09252048, 39.91875229 ], [ -97.0598184, 39.9188377 ], [ -97.0271163, 39.91924576 ], [ -96.9944142, 39.91993402 ], [ -96.96171211, 39.9209267 ], [ -96.92901001, 39.92240499 ], [ -96.89630791, 39.92459184 ], [ -96.86360581, 39.92778096 ], [ -96.85310804, 39.92925817 ], [ -96.83090372, 39.93266577 ], [ -96.79820164, 39.93978754 ], [ -96.76549954, 39.9498005 ], [ -96.7384043, 39.96196028 ], [ -96.73279744, 39.96462606 ], [ -96.70009535, 39.98802031 ], [ -96.69416827, 39.99466236 ], [ -96.66739325, 40.02674214 ], [ -96.66704517, 40.02736446 ], [ -96.65057968, 40.06006655 ], [ -96.6362604, 40.09276865 ], [ -96.63469115, 40.0968892 ], [ -96.62574707, 40.12547074 ], [ -96.61264229, 40.15817284 ], [ -96.60198905, 40.17529738 ], [ -96.59128709, 40.19087492 ], [ -96.56928696, 40.21502956 ], [ -96.56113631, 40.22357703 ], [ -96.53658488, 40.24870492 ], [ -96.52927623, 40.25627913 ], [ -96.50388278, 40.28231852 ], [ -96.49746841, 40.28898122 ], [ -96.47118068, 40.31600295 ], [ -96.46546278, 40.32168332 ], [ -96.43847858, 40.34824299 ], [ -96.43163471, 40.3543854 ], [ -96.40577649, 40.37817384 ], [ -96.39534341, 40.38708751 ], [ -96.37307439, 40.40825471 ], [ -96.35909248, 40.41978959 ], [ -96.34037229, 40.43816554 ], [ -96.32338342, 40.4524917 ], [ -96.30767019, 40.46809588 ], [ -96.28795884, 40.48519378 ], [ -96.27496812, 40.49810727 ], [ -96.25255286, 40.51789589 ], [ -96.24226602, 40.52803435 ], [ -96.21713961, 40.55059799 ], [ -96.20956392, 40.55802693 ], [ -96.18187748, 40.58330007 ], [ -96.17686182, 40.58820515 ], [ -96.14688766, 40.61600218 ], [ -96.14415973, 40.61866674 ], [ -96.11224771, 40.64870426 ], [ -96.11145763, 40.6494764 ], [ -96.07875553, 40.68079759 ], [ -96.07811246, 40.68140637 ], [ -96.04605343, 40.71254811 ], [ -96.04444303, 40.71410845 ], [ -96.01335136, 40.74461289 ], [ -96.01113132, 40.74681055 ], [ -95.98064926, 40.77702393 ], [ -95.97247343, 40.77951264 ], [ -95.97245192, 40.77951264 ], [ -95.94794716, 40.75499918 ], [ -95.93975853, 40.74681055 ], [ -95.91524506, 40.72228521 ], [ -95.9070683, 40.71410845 ], [ -95.91524506, 40.70719114 ], [ -95.94034102, 40.68140637 ], [ -95.94794716, 40.67367765 ], [ -95.9733296, 40.64870426 ], [ -95.98064926, 40.64161679 ], [ -96.00787771, 40.61600218 ], [ -96.01335136, 40.61095404 ], [ -96.04412826, 40.58330007 ], [ -96.04605343, 40.58161171 ], [ -96.07875553, 40.55351209 ], [ -96.08219143, 40.55059799 ], [ -96.11145763, 40.52654333 ], [ -96.1221121, 40.51789589 ], [ -96.14415973, 40.50064864 ], [ -96.164097, 40.48519378 ], [ -96.17686182, 40.47570269 ], [ -96.20822221, 40.4524917 ], [ -96.20956392, 40.4515438 ], [ -96.24226602, 40.42794217 ], [ -96.253304, 40.41978959 ], [ -96.27496812, 40.40463865 ], [ -96.29905871, 40.38708751 ], [ -96.30767019, 40.38116294 ], [ -96.34037229, 40.3568244 ], [ -96.34338223, 40.3543854 ], [ -96.37307439, 40.33121212 ], [ -96.38449729, 40.32168332 ], [ -96.40577649, 40.30438401 ], [ -96.42301967, 40.28898122 ], [ -96.43847858, 40.27518606 ], [ -96.45713456, 40.25627913 ], [ -96.47118068, 40.24162794 ], [ -96.48838466, 40.22357703 ], [ -96.50388278, 40.20703599 ], [ -96.51930375, 40.19087492 ], [ -96.53658488, 40.1713266 ], [ -96.54734539, 40.15817284 ], [ -96.56764994, 40.12547074 ], [ -96.56928696, 40.12190933 ], [ -96.58091067, 40.09276865 ], [ -96.59006051, 40.06006655 ], [ -96.60033269, 40.02736446 ], [ -96.60198905, 40.0227007 ], [ -96.61352136, 39.99466236 ], [ -96.62728758, 39.96196028 ], [ -96.63469115, 39.94542307 ], [ -96.64400631, 39.92925817 ], [ -96.66619138, 39.89655607 ], [ -96.66739325, 39.89504026 ], [ -96.70009535, 39.86818118 ], [ -96.70879943, 39.86385398 ], [ -96.73279744, 39.85324621 ], [ -96.76549954, 39.84416395 ], [ -96.79820164, 39.83804217 ], [ -96.83090372, 39.83375098 ], [ -96.8586567, 39.83115188 ], [ -96.86360581, 39.83072269 ], [ -96.89630791, 39.82861932 ], [ -96.92901001, 39.82711707 ], [ -96.96171211, 39.82619579 ], [ -96.9944142, 39.82567016 ], [ -97.0271163, 39.8254359 ], [ -97.0598184, 39.82538996 ], [ -97.09252048, 39.82543864 ], [ -97.12522257, 39.82550553 ], [ -97.15792467, 39.82553127 ], [ -97.19062677, 39.82546073 ], [ -97.22332887, 39.82523965 ], [ -97.25603097, 39.82482847 ], [ -97.28873306, 39.82418257 ], [ -97.32143516, 39.82332119 ], [ -97.35413724, 39.82220248 ], [ -97.38683934, 39.82072512 ], [ -97.41954143, 39.81875123 ], [ -97.45224353, 39.81606116 ], [ -97.48494563, 39.81263795 ], [ -97.51764773, 39.80858415 ], [ -97.55034982, 39.80465117 ], [ -97.58305192, 39.800876 ], [ -97.60252626, 39.7984498 ], [ -97.615754, 39.79690087 ], [ -97.6484561, 39.79277576 ], [ -97.68115819, 39.78830666 ], [ -97.71386029, 39.78363789 ], [ -97.74656239, 39.77876482 ], [ -97.77926449, 39.77380069 ], [ -97.81196658, 39.76879605 ], [ -97.8323813, 39.76574769 ], [ -97.84466868, 39.76398839 ], [ -97.87737076, 39.75967165 ], [ -97.91007286, 39.75578733 ], [ -97.94277496, 39.7525598 ], [ -97.97547705, 39.75031472 ], [ -98.00817915, 39.74945977 ], [ -98.04088125, 39.75052282 ], [ -98.07358335, 39.75429048 ], [ -98.10628544, 39.76185291 ], [ -98.1157652, 39.76574769 ], [ -98.13898752, 39.77585263 ], [ -98.17047864, 39.7984498 ], [ -98.17168962, 39.79936299 ], [ -98.19932905, 39.83115188 ], [ -98.20439172, 39.83750044 ], [ -98.21891425, 39.86385398 ], [ -98.23485839, 39.89655607 ], [ -98.23709381, 39.90176672 ], [ -98.2454521, 39.92925817 ], [ -98.25472174, 39.96196028 ], [ -98.26485179, 39.99466236 ], [ -98.26979591, 40.0098596 ], [ -98.2746924, 40.02736446 ], [ -98.28442717, 40.06006655 ], [ -98.29545189, 40.09276865 ] ] ] } },
{ "type": "Feature", "properties": { "Lower": 64.0 }, "geometry": { "type": "Polygon", "coordinates": [ [ [ -97.74705586, 37.21498427 ], [ -97.74656239, 37.21562493 ], [ -97.72454145, 37.24768638 ], [ -97.71386029, 37.25325453 ], [ -97.68115819, 37.26920537 ], [ -97.6524673, 37.28038846 ], [ -97.6484561, 37.28089154 ], [ -97.615754, 37.28373276 ], [ -97.58305192, 37.28340494 ], [ -97.55622924, 37.28038846 ], [ -97.55034982, 37.27759919 ], [ -97.51764773, 37.25775714 ], [ -97.50438998, 37.24768638 ], [ -97.50211487, 37.21498427 ], [ -97.51764773, 37.18708577 ], [ -97.52166377, 37.18228217 ], [ -97.55034982, 37.16419549 ], [ -97.58305192, 37.15368826 ], [ -97.615754, 37.15031679 ], [ -97.6484561, 37.15311385 ], [ -97.68115819, 37.16204841 ], [ -97.71386029, 37.17478363 ], [ -97.72716553, 37.18228217 ], [ -97.74656239, 37.21328545 ], [ -97.74705586, 37.21498427 ] ] ] } },
{ "type": "Feature", "properties": { "Lower": 64.0 }, "geometry": { "type": "Polygon", "coordinates": [ [ [ -97.7748661, 38.75198275 ], [ -97.77478962, 38.78468485 ], [ -97.77017455, 38.81738693 ], [ -97.76006573, 38.85008904 ], [ -97.74656239, 38.87277347 ], [ -97.7394955, 38.88279112 ], [ -97.71386029, 38.90689662 ], [ -97.69513023, 38.91549323 ], [ -97.68115819, 38.91924102 ], [ -97.6484561, 38.92489701 ], [ -97.615754, 38.93215044 ], [ -97.58305192, 38.9267695 ], [ -97.57154326, 38.91549323 ], [ -97.55034982, 38.88292437 ], [ -97.55028364, 38.88279112 ], [ -97.53723819, 38.85008904 ], [ -97.52481268, 38.81738693 ], [ -97.51764773, 38.79625496 ], [ -97.51403055, 38.78468485 ], [ -97.50668784, 38.75198275 ], [ -97.5033815, 38.71928066 ], [ -97.50531439, 38.68657856 ], [ -97.51310416, 38.65387645 ], [ -97.51764773, 38.64174424 ], [ -97.5305208, 38.62117437 ], [ -97.55034982, 38.59937211 ], [ -97.57326202, 38.58847227 ], [ -97.58305192, 38.58509109 ], [ -97.615754, 38.58206148 ], [ -97.6484561, 38.58592689 ], [ -97.65591086, 38.58847227 ], [ -97.68115819, 38.59853088 ], [ -97.71386029, 38.61957441 ], [ -97.715609, 38.62117437 ], [ -97.74398252, 38.65387645 ], [ -97.74656239, 38.65777528 ], [ -97.76009685, 38.68657856 ], [ -97.77001908, 38.71928066 ], [ -97.7748661, 38.75198275 ] ] ] } },
{ "type": "Feature", "properties": { "Lower": 64.0 }, "geometry": { "type": "Polygon", "coordinates": [ [ [ -98.44262515, 37.54200524 ], [ -98.43876548, 37.57470732 ], [ -98.43330638, 37.59187338 ], [ -98.42603389, 37.60740942 ], [ -98.40172876, 37.64011151 ], [ -98.40060428, 37.64127083 ], [ -98.3679022, 37.66684647 ], [ -98.35563837, 37.67281361 ], [ -98.33520011, 37.6818929 ], [ -98.30249801, 37.68929928 ], [ -98.26979591, 37.69068468 ], [ -98.23709381, 37.6853567 ], [ -98.20844632, 37.67281361 ], [ -98.20439172, 37.67061174 ], [ -98.17168962, 37.64115389 ], [ -98.17089421, 37.64011151 ], [ -98.15336523, 37.60740942 ], [ -98.14462989, 37.57470732 ], [ -98.14242834, 37.54200524 ], [ -98.14509971, 37.50930313 ], [ -98.15133753, 37.47660103 ], [ -98.15993086, 37.44389894 ], [ -98.16761949, 37.41119684 ], [ -98.17006357, 37.37849476 ], [ -98.1631697, 37.34579265 ], [ -98.15170168, 37.31309057 ], [ -98.13955233, 37.28038846 ], [ -98.14489224, 37.24768638 ], [ -98.17168962, 37.22412787 ], [ -98.20439172, 37.21740732 ], [ -98.23709381, 37.22124981 ], [ -98.26979591, 37.23395724 ], [ -98.29020789, 37.24768638 ], [ -98.30249801, 37.25628067 ], [ -98.32669723, 37.28038846 ], [ -98.33520011, 37.28904895 ], [ -98.35344804, 37.31309057 ], [ -98.3679022, 37.33247073 ], [ -98.37598493, 37.34579265 ], [ -98.39507663, 37.37849476 ], [ -98.40060428, 37.38834607 ], [ -98.41183761, 37.41119684 ], [ -98.42594965, 37.44389894 ], [ -98.43330638, 37.4666024 ], [ -98.43631449, 37.47660103 ], [ -98.44105297, 37.50930313 ], [ -98.44262515, 37.54200524 ] ], [ [ -98.40665861, 37.50930313 ], [ -98.40298292, 37.54200524 ], [ -98.40060428, 37.54965287 ], [ -98.38818088, 37.57470732 ], [ -98.3679022, 37.60054978 ], [ -98.35807037, 37.60740942 ], [ -98.33520011, 37.62014772 ], [ -98.30249801, 37.62749926 ], [ -98.26979591, 37.62561702 ], [ -98.23709381, 37.61277675 ], [ -98.23042105, 37.60740942 ], [ -98.20439172, 37.57797957 ], [ -98.20254485, 37.57470732 ], [ -98.19131001, 37.54200524 ], [ -98.18756672, 37.50930313 ], [ -98.18899162, 37.47660103 ], [ -98.19397178, 37.44389894 ], [ -98.19907416, 37.41119684 ], [ -98.19742902, 37.37849476 ], [ -98.18808885, 37.34579265 ], [ -98.17868746, 37.31309057 ], [ -98.1988055, 37.28038846 ], [ -98.20439172, 37.27703572 ], [ -98.23709381, 37.27592392 ], [ -98.24948014, 37.28038846 ], [ -98.26979591, 37.2879204 ], [ -98.30249801, 37.31064343 ], [ -98.30489977, 37.31309057 ], [ -98.33520011, 37.34411011 ], [ -98.33645297, 37.34579265 ], [ -98.36003488, 37.37849476 ], [ -98.3679022, 37.38996851 ], [ -98.37956668, 37.41119684 ], [ -98.39491192, 37.44389894 ], [ -98.40060428, 37.4633884 ], [ -98.40402466, 37.47660103 ], [ -98.40665861, 37.50930313 ] ] ] } },
{ "type": "Feature", "properties": { "Lower": 64.0 }, "geometry": { "type": "Polygon", "coordinates": [ [ [ -99.21250336, 40.12547074 ], [ -99.20805542, 40.15817284 ], [ -99.18545457, 40.18583144 ], [ -99.18116707, 40.19087492 ], [ -99.15275249, 40.20960487 ], [ -99.13136591, 40.22357703 ], [ -99.12005039, 40.22842931 ], [ -99.08734829, 40.24214951 ], [ -99.05464619, 40.2556728 ], [ -99.05310338, 40.25627913 ], [ -99.0219441, 40.26470229 ], [ -98.989242, 40.27241762 ], [ -98.9565399, 40.27915096 ], [ -98.9238378, 40.28546749 ], [ -98.90391665, 40.28898122 ], [ -98.89113573, 40.29077669 ], [ -98.85843363, 40.29348587 ], [ -98.82573153, 40.29413444 ], [ -98.79302943, 40.292832 ], [ -98.76032734, 40.28921282 ], [ -98.75912492, 40.28898122 ], [ -98.72762524, 40.27869654 ], [ -98.69904145, 40.25627913 ], [ -98.69492314, 40.24818544 ], [ -98.68374381, 40.22357703 ], [ -98.67904918, 40.19087492 ], [ -98.6863735, 40.15817284 ], [ -98.69492314, 40.14425355 ], [ -98.70719221, 40.12547074 ], [ -98.72762524, 40.10564323 ], [ -98.74171024, 40.09276865 ], [ -98.76032734, 40.07664856 ], [ -98.77669498, 40.06006655 ], [ -98.79302943, 40.04050375 ], [ -98.80343041, 40.02736446 ], [ -98.82573153, 39.99585777 ], [ -98.82670824, 39.99466236 ], [ -98.85382423, 39.96196028 ], [ -98.85843363, 39.95682542 ], [ -98.89113573, 39.93428678 ], [ -98.90438703, 39.92925817 ], [ -98.9238378, 39.92243074 ], [ -98.9565399, 39.91840296 ], [ -98.989242, 39.92047923 ], [ -99.0219441, 39.92771006 ], [ -99.02627269, 39.92925817 ], [ -99.05464619, 39.94049022 ], [ -99.08734829, 39.95783102 ], [ -99.0936981, 39.96196028 ], [ -99.12005039, 39.98143907 ], [ -99.13551897, 39.99466236 ], [ -99.15275249, 40.01217023 ], [ -99.16633857, 40.02736446 ], [ -99.18545457, 40.05478262 ], [ -99.1888635, 40.06006655 ], [ -99.20395654, 40.09276865 ], [ -99.21250336, 40.12547074 ] ], [ [ -99.1504772, 40.12547074 ], [ -99.14553427, 40.15817284 ], [ -99.12005039, 40.18760049 ], [ -99.11717272, 40.19087492 ], [ -99.08734829, 40.20964986 ], [ -99.06524652, 40.22357703 ], [ -99.05464619, 40.22782472 ], [ -99.0219441, 40.24017581 ], [ -98.989242, 40.25155762 ], [ -98.97246347, 40.25627913 ], [ -98.9565399, 40.259278 ], [ -98.9238378, 40.26449518 ], [ -98.89113573, 40.26895232 ], [ -98.85843363, 40.27071044 ], [ -98.82573153, 40.26958279 ], [ -98.79302943, 40.26546909 ], [ -98.76032734, 40.2571542 ], [ -98.75835694, 40.25627913 ], [ -98.73164472, 40.22357703 ], [ -98.72762524, 40.20238961 ], [ -98.72573095, 40.19087492 ], [ -98.72762524, 40.18295242 ], [ -98.73416731, 40.15817284 ], [ -98.75753035, 40.12547074 ], [ -98.76032734, 40.12292113 ], [ -98.7929327, 40.09276865 ], [ -98.79302943, 40.0926704 ], [ -98.82186634, 40.06006655 ], [ -98.82573153, 40.05501387 ], [ -98.84863963, 40.02736446 ], [ -98.85843363, 40.01521933 ], [ -98.88441137, 39.99466236 ], [ -98.89113573, 39.98970088 ], [ -98.9238378, 39.97680003 ], [ -98.9565399, 39.97247572 ], [ -98.989242, 39.97545918 ], [ -99.0219441, 39.9848191 ], [ -99.04350656, 39.99466236 ], [ -99.05464619, 40.00066241 ], [ -99.08734829, 40.02407425 ], [ -99.09111329, 40.02736446 ], [ -99.12005039, 40.05889647 ], [ -99.12097479, 40.06006655 ], [ -99.13974642, 40.09276865 ], [ -99.1504772, 40.12547074 ] ] ] } },
{ "type": "Feature", "properties": { "Lower": 64.0 }, "geometry": { "type": "Polygon", "coordinates": [ [ [ -96.32089174, 39.63493932 ], [ -96.31436195, 39.66764142 ], [ -96.30767019, 39.68349685 ], [ -96.30138819, 39.7003435 ], [ -96.28254359, 39.73304561 ], [ -96.27496812, 39.74214669 ], [ -96.26185215, 39.76574769 ], [ -96.24298269, 39.7984498 ], [ -96.24226602, 39.7994265 ], [ -96.20956392, 39.81270977 ], [ -96.17686182, 39.81277109 ], [ -96.14415973, 39.81698759 ], [ -96.11145763, 39.82283918 ], [ -96.07875553, 39.82982458 ], [ -96.0728383, 39.83115188 ], [ -96.04605343, 39.83978571 ], [ -96.01335136, 39.8512006 ], [ -95.98064926, 39.86357551 ], [ -95.97990505, 39.86385398 ], [ -95.94794716, 39.87949498 ], [ -95.91524506, 39.89579525 ], [ -95.91368352, 39.89655607 ], [ -95.88254297, 39.91436426 ], [ -95.85658184, 39.92925817 ], [ -95.84984087, 39.93358903 ], [ -95.81713877, 39.95408461 ], [ -95.80444724, 39.96196028 ], [ -95.78443667, 39.97535198 ], [ -95.75534767, 39.99466236 ], [ -95.75173457, 39.99720153 ], [ -95.7190325, 40.0195985 ], [ -95.70757674, 40.02736446 ], [ -95.6863304, 40.04232248 ], [ -95.66087348, 40.06006655 ], [ -95.6536283, 40.06525751 ], [ -95.6209262, 40.08824666 ], [ -95.6144012, 40.09276865 ], [ -95.58822411, 40.11121893 ], [ -95.567867, 40.12547074 ], [ -95.55552201, 40.13419598 ], [ -95.52281991, 40.15711693 ], [ -95.5212883, 40.15817284 ], [ -95.49011781, 40.17968345 ], [ -95.4738776, 40.19087492 ], [ -95.45741574, 40.20219653 ], [ -95.4262832, 40.22357703 ], [ -95.42471364, 40.2246486 ], [ -95.39201154, 40.23175602 ], [ -95.38383255, 40.22357703 ], [ -95.35930944, 40.19906147 ], [ -95.3511229, 40.19087492 ], [ -95.32660735, 40.16636591 ], [ -95.31841428, 40.15817284 ], [ -95.29390525, 40.13366917 ], [ -95.29390525, 40.13364768 ], [ -95.31903968, 40.12547074 ], [ -95.32660735, 40.12111069 ], [ -95.35930944, 40.10192879 ], [ -95.37498683, 40.09276865 ], [ -95.39201154, 40.08276405 ], [ -95.42471364, 40.06378011 ], [ -95.43098278, 40.06006655 ], [ -95.45741574, 40.04445011 ], [ -95.4870625, 40.02736446 ], [ -95.49011781, 40.02561514 ], [ -95.52281991, 40.00649605 ], [ -95.54341758, 39.99466236 ], [ -95.55552201, 39.98784739 ], [ -95.58822411, 39.96945488 ], [ -95.60157521, 39.96196028 ], [ -95.6209262, 39.95147335 ], [ -95.6536283, 39.93412623 ], [ -95.66272299, 39.92925817 ], [ -95.6863304, 39.91734686 ], [ -95.7190325, 39.90143747 ], [ -95.72902111, 39.89655607 ], [ -95.75173457, 39.88647066 ], [ -95.78443667, 39.87254438 ], [ -95.80545176, 39.86385398 ], [ -95.81713877, 39.85969402 ], [ -95.84984087, 39.84832934 ], [ -95.88254297, 39.83789017 ], [ -95.9046656, 39.83115188 ], [ -95.91524506, 39.82832761 ], [ -95.94794716, 39.82019069 ], [ -95.98064926, 39.81346863 ], [ -96.01335136, 39.80798821 ], [ -96.04605343, 39.80329566 ], [ -96.07875553, 39.79907236 ], [ -96.08402885, 39.7984498 ], [ -96.11145763, 39.79564188 ], [ -96.14415973, 39.79342184 ], [ -96.17686182, 39.79284026 ], [ -96.20956392, 39.79668336 ], [ -96.24084485, 39.76574769 ], [ -96.24226602, 39.7631415 ], [ -96.25797862, 39.73304561 ], [ -96.2733089, 39.7003435 ], [ -96.27496812, 39.69524013 ], [ -96.28499124, 39.66764142 ], [ -96.28486809, 39.63493932 ], [ -96.27496812, 39.60853442 ], [ -96.27128384, 39.60223721 ], [ -96.24315879, 39.56953513 ], [ -96.24226602, 39.5686809 ], [ -96.20956392, 39.54750492 ], [ -96.18646386, 39.53683302 ], [ -96.17686182, 39.53274928 ], [ -96.14415973, 39.52311089 ], [ -96.11145763, 39.51403678 ], [ -96.07875553, 39.50467574 ], [ -96.07684441, 39.50413094 ], [ -96.04605343, 39.49593377 ], [ -96.01335136, 39.4870071 ], [ -95.98064926, 39.4777675 ], [ -95.95858679, 39.47142883 ], [ -95.94794716, 39.46832729 ], [ -95.91524506, 39.45902278 ], [ -95.88254297, 39.44968291 ], [ -95.84984087, 39.4403705 ], [ -95.84380384, 39.43872675 ], [ -95.81713877, 39.43134528 ], [ -95.78443667, 39.42263031 ], [ -95.75173457, 39.41412929 ], [ -95.71974238, 39.40602465 ], [ -95.7190325, 39.40584361 ], [ -95.6863304, 39.39809046 ], [ -95.6536283, 39.39057219 ], [ -95.6209262, 39.38321862 ], [ -95.58822411, 39.37591078 ], [ -95.57647589, 39.37332256 ], [ -95.55552201, 39.36886042 ], [ -95.52281991, 39.36231596 ], [ -95.49011781, 39.35591894 ], [ -95.45741574, 39.34970563 ], [ -95.42471364, 39.34361491 ], [ -95.40763455, 39.34062046 ], [ -95.39201154, 39.33801448 ], [ -95.35930944, 39.33414676 ], [ -95.32660735, 39.33115113 ], [ -95.29390525, 39.32861922 ], [ -95.26120315, 39.32647852 ], [ -95.22850105, 39.32485268 ], [ -95.19579897, 39.32412814 ], [ -95.16309688, 39.32533544 ], [ -95.13039478, 39.328003 ], [ -95.09769268, 39.3313227 ], [ -95.06499058, 39.33535179 ], [ -95.03228849, 39.34004026 ], [ -95.02874457, 39.34062046 ], [ -94.99958639, 39.34593901 ], [ -94.96688429, 39.35256399 ], [ -94.93418221, 39.35979348 ], [ -94.90148012, 39.36762113 ], [ -94.87911018, 39.37332256 ], [ -94.86877802, 39.37626171 ], [ -94.83607592, 39.38600827 ], [ -94.80337382, 39.39606495 ], [ -94.79519722, 39.40602465 ], [ -94.79517572, 39.40602465 ], [ -94.79517929, 39.37332256 ], [ -94.77067173, 39.34880974 ], [ -94.76248245, 39.34062046 ], [ -94.76248684, 39.30791835 ], [ -94.76249149, 39.27521627 ], [ -94.77067173, 39.24347804 ], [ -94.77411614, 39.24251417 ], [ -94.80337382, 39.2345081 ], [ -94.83607592, 39.2262169 ], [ -94.86877802, 39.21868653 ], [ -94.90148012, 39.21188313 ], [ -94.91279199, 39.20981208 ], [ -94.93418221, 39.20600568 ], [ -94.96688429, 39.20106173 ], [ -94.99958639, 39.19699927 ], [ -95.03228849, 39.19386322 ], [ -95.06499058, 39.19167037 ], [ -95.09769268, 39.19041157 ], [ -95.13039478, 39.19005808 ], [ -95.16309688, 39.19086328 ], [ -95.19579897, 39.19379851 ], [ -95.22850105, 39.19789837 ], [ -95.26120315, 39.20280273 ], [ -95.29390525, 39.20836307 ], [ -95.30145899, 39.20981208 ], [ -95.32660735, 39.21457259 ], [ -95.35930944, 39.22143731 ], [ -95.39201154, 39.22911903 ], [ -95.42471364, 39.23807811 ], [ -95.44055851, 39.24251417 ], [ -95.45741574, 39.24716158 ], [ -95.49011781, 39.2559346 ], [ -95.52281991, 39.26462158 ], [ -95.55552201, 39.27337673 ], [ -95.56220463, 39.27521627 ], [ -95.58822411, 39.28216512 ], [ -95.6209262, 39.29114213 ], [ -95.6536283, 39.3004816 ], [ -95.67833807, 39.30791835 ], [ -95.6863304, 39.3102353 ], [ -95.7190325, 39.32025475 ], [ -95.75173457, 39.33078915 ], [ -95.78073967, 39.34062046 ], [ -95.78443667, 39.34181873 ], [ -95.81713877, 39.35309114 ], [ -95.84984087, 39.36479844 ], [ -95.87257175, 39.37332256 ], [ -95.88254297, 39.37686478 ], [ -95.91524506, 39.38897841 ], [ -95.94794716, 39.40132167 ], [ -95.96001225, 39.40602465 ], [ -95.98064926, 39.41353339 ], [ -96.01335136, 39.42549725 ], [ -96.04605343, 39.43728881 ], [ -96.05003239, 39.43872675 ], [ -96.07875553, 39.44819126 ], [ -96.11145763, 39.4583933 ], [ -96.14415973, 39.46796524 ], [ -96.15636945, 39.47142883 ], [ -96.17686182, 39.47742417 ], [ -96.20956392, 39.4899929 ], [ -96.23623161, 39.50413094 ], [ -96.24226602, 39.50761377 ], [ -96.27496812, 39.53451395 ], [ -96.27709307, 39.53683302 ], [ -96.30240242, 39.56953513 ], [ -96.30767019, 39.57898733 ], [ -96.31751588, 39.60223721 ], [ -96.32089174, 39.63493932 ] ] ] } },
{ "type": "Feature", "properties": { "Lower": 64.0 }, "geometry": { "type": "Polygon", "coordinates": [ [ [ -98.23016446, 40.09276865 ], [ -98.22185471, 40.12547074 ], [ -98.20439172, 40.14298303 ], [ -98.17168962, 40.15561501 ], [ -98.15870969, 40.15817284 ], [ -98.13898752, 40.16078044 ], [ -98.10628544, 40.15980262 ], [ -98.09506285, 40.15817284 ], [ -98.07358335, 40.1532407 ], [ -98.04088125, 40.14473772 ], [ -98.00817915, 40.13661336 ], [ -97.97547705, 40.12930647 ], [ -97.95597223, 40.12547074 ], [ -97.94277496, 40.12164809 ], [ -97.91007286, 40.11376721 ], [ -97.87737076, 40.1075975 ], [ -97.84466868, 40.10296898 ], [ -97.81196658, 40.09983325 ], [ -97.77926449, 40.09814027 ], [ -97.74656239, 40.09794597 ], [ -97.71386029, 40.09933263 ], [ -97.68115819, 40.10241412 ], [ -97.6484561, 40.1074725 ], [ -97.615754, 40.11482983 ], [ -97.58305192, 40.1249233 ], [ -97.58160803, 40.12547074 ], [ -97.55034982, 40.13422765 ], [ -97.51764773, 40.14581218 ], [ -97.48958041, 40.15817284 ], [ -97.48494563, 40.15979393 ], [ -97.45224353, 40.17271379 ], [ -97.41954143, 40.18821619 ], [ -97.41447764, 40.19087492 ], [ -97.38683934, 40.20407604 ], [ -97.35413724, 40.22237221 ], [ -97.3521336, 40.22357703 ], [ -97.32143516, 40.24226177 ], [ -97.30047811, 40.25627913 ], [ -97.28873306, 40.26430099 ], [ -97.25603097, 40.28807446 ], [ -97.25482069, 40.28898122 ], [ -97.22332887, 40.31292439 ], [ -97.21229854, 40.32168332 ], [ -97.19062677, 40.33913208 ], [ -97.17222038, 40.3543854 ], [ -97.15792467, 40.36637332 ], [ -97.13372303, 40.38708751 ], [ -97.12522257, 40.39443468 ], [ -97.09629124, 40.41978959 ], [ -97.09252048, 40.42311235 ], [ -97.0598184, 40.45219822 ], [ -97.05948809, 40.4524917 ], [ -97.0271163, 40.4812204 ], [ -97.02266254, 40.48519378 ], [ -96.9944142, 40.51024842 ], [ -96.98578056, 40.51789589 ], [ -96.96171211, 40.53904284 ], [ -96.94869743, 40.55059799 ], [ -96.92901001, 40.56840694 ], [ -96.91296419, 40.58330007 ], [ -96.89630791, 40.59907554 ], [ -96.8787916, 40.61600218 ], [ -96.86360581, 40.63085542 ], [ -96.844502, 40.64870426 ], [ -96.83090372, 40.66148694 ], [ -96.80876226, 40.68140637 ], [ -96.79820164, 40.69101288 ], [ -96.77221117, 40.71410845 ], [ -96.76549954, 40.72016246 ], [ -96.73562319, 40.74681055 ], [ -96.73279744, 40.74937285 ], [ -96.70009535, 40.77885302 ], [ -96.69935858, 40.77951264 ], [ -96.66739325, 40.80869456 ], [ -96.66356085, 40.81221474 ], [ -96.63469115, 40.83930316 ], [ -96.62872657, 40.84491685 ], [ -96.60198905, 40.87063508 ], [ -96.59466143, 40.87761893 ], [ -96.56928696, 40.90234672 ], [ -96.56107884, 40.91032103 ], [ -96.53658488, 40.93462759 ], [ -96.5280985, 40.94302312 ], [ -96.50388278, 40.96758096 ], [ -96.49583942, 40.97572522 ], [ -96.47118068, 41.00129563 ], [ -96.464314, 41.00842731 ], [ -96.43847858, 41.03587749 ], [ -96.43355848, 41.04112941 ], [ -96.40577649, 41.07148376 ], [ -96.40363427, 41.07383149 ], [ -96.37437483, 41.1065336 ], [ -96.37307439, 41.10800536 ], [ -96.34037229, 41.11471252 ], [ -96.33219336, 41.1065336 ], [ -96.30767019, 41.08201566 ], [ -96.29948605, 41.07383149 ], [ -96.27496812, 41.04931755 ], [ -96.26677995, 41.04112941 ], [ -96.24226602, 41.01661823 ], [ -96.2340751, 41.00842731 ], [ -96.20956392, 40.98391778 ], [ -96.20137136, 40.97572522 ], [ -96.17686182, 40.95121625 ], [ -96.1686687, 40.94302312 ], [ -96.14415973, 40.91851366 ], [ -96.11145763, 40.91851311 ], [ -96.10326556, 40.91032103 ], [ -96.07875553, 40.88580892 ], [ -96.07056555, 40.87761893 ], [ -96.04605343, 40.85310358 ], [ -96.03786669, 40.84491685 ], [ -96.01335136, 40.82039687 ], [ -96.0051692, 40.81221474 ], [ -95.98064926, 40.78768847 ], [ -95.97247343, 40.77951264 ], [ -95.98064926, 40.77702393 ], [ -96.01113132, 40.74681055 ], [ -96.01335136, 40.74461289 ], [ -96.04444303, 40.71410845 ], [ -96.04605343, 40.71254811 ], [ -96.07811246, 40.68140637 ], [ -96.07875553, 40.68079759 ], [ -96.11145763, 40.6494764 ], [ -96.11224771, 40.64870426 ], [ -96.14415973, 40.61866674 ], [ -96.14688766, 40.61600218 ], [ -96.17686182, 40.58820515 ], [ -96.18187748, 40.58330007 ], [ -96.20956392, 40.55802693 ], [ -96.21713961, 40.55059799 ], [ -96.24226602, 40.52803435 ], [ -96.25255286, 40.51789589 ], [ -96.27496812, 40.49810727 ], [ -96.28795884, 40.48519378 ], [ -96.30767019, 40.46809588 ], [ -96.32338342, 40.4524917 ], [ -96.34037229, 40.43816554 ], [ -96.35909248, 40.41978959 ], [ -96.37307439, 40.40825471 ], [ -96.39534341, 40.38708751 ], [ -96.40577649, 40.37817384 ], [ -96.43163471, 40.3543854 ], [ -96.43847858, 40.34824299 ], [ -96.46546278, 40.32168332 ], [ -96.47118068, 40.31600295 ], [ -96.49746841, 40.28898122 ], [ -96.50388278, 40.28231852 ], [ -96.52927623, 40.25627913 ], [ -96.53658488, 40.24870492 ], [ -96.56113631, 40.22357703 ], [ -96.56928696, 40.21502956 ], [ -96.59128709, 40.19087492 ], [ -96.60198905, 40.17529738 ], [ -96.61264229, 40.15817284 ], [ -96.62574707, 40.12547074 ], [ -96.63469115, 40.0968892 ], [ -96.6362604, 40.09276865 ], [ -96.65057968, 40.06006655 ], [ -96.66704517, 40.02736446 ], [ -96.66739325, 40.02674214 ], [ -96.69416827, 39.99466236 ], [ -96.70009535, 39.98802031 ], [ -96.73279744, 39.96462606 ], [ -96.7384043, 39.96196028 ], [ -96.76549954, 39.9498005 ], [ -96.79820164, 39.93978754 ], [ -96.83090372, 39.93266577 ], [ -96.85310804, 39.92925817 ], [ -96.86360581, 39.92778096 ], [ -96.89630791, 39.92459184 ], [ -96.92901001, 39.92240499 ], [ -96.96171211, 39.9209267 ], [ -96.9944142, 39.91993402 ], [ -97.0271163, 39.91924576 ], [ -97.0598184, 39.9188377 ], [ -97.09252048, 39.91875229 ], [ -97.12522257, 39.91899381 ], [ -97.15792467, 39.91955107 ], [ -97.19062677, 39.92029225 ], [ -97.22332887, 39.9212125 ], [ -97.25603097, 39.92218893 ], [ -97.28873306, 39.92316671 ], [ -97.32143516, 39.92406662 ], [ -97.35413724, 39.92480051 ], [ -97.38683934, 39.92524581 ], [ -97.41954143, 39.92511724 ], [ -97.45224353, 39.92436082 ], [ -97.48494563, 39.92308727 ], [ -97.51764773, 39.92188072 ], [ -97.55034982, 39.92079154 ], [ -97.58305192, 39.9197404 ], [ -97.615754, 39.91869364 ], [ -97.6484561, 39.91758471 ], [ -97.68115819, 39.91593097 ], [ -97.71386029, 39.91344809 ], [ -97.74656239, 39.91020916 ], [ -97.77926449, 39.90642847 ], [ -97.81196658, 39.90236857 ], [ -97.84466868, 39.89847678 ], [ -97.86390594, 39.89655607 ], [ -97.87737076, 39.89554702 ], [ -97.91007286, 39.89408087 ], [ -97.94277496, 39.89323944 ], [ -97.97547705, 39.89270116 ], [ -98.00817915, 39.89277254 ], [ -98.04088125, 39.89402587 ], [ -98.06685087, 39.89655607 ], [ -98.07358335, 39.89730628 ], [ -98.10628544, 39.90480705 ], [ -98.13898752, 39.91847051 ], [ -98.1524502, 39.92925817 ], [ -98.17168962, 39.94523896 ], [ -98.18177157, 39.96196028 ], [ -98.19973379, 39.99466236 ], [ -98.20439172, 40.00374796 ], [ -98.21223805, 40.02736446 ], [ -98.22263224, 40.06006655 ], [ -98.23016446, 40.09276865 ] ], [ [ -97.15945539, 40.12547074 ], [ -97.15792467, 40.13321237 ], [ -97.15370855, 40.15817284 ], [ -97.12702146, 40.19087492 ], [ -97.12522257, 40.19237596 ], [ -97.09252048, 40.22214616 ], [ -97.09107465, 40.22357703 ], [ -97.0598184, 40.25012085 ], [ -97.05299453, 40.25627913 ], [ -97.0271163, 40.27808533 ], [ -97.01470415, 40.28898122 ], [ -96.9944142, 40.30618703 ], [ -96.97660204, 40.32168332 ], [ -96.96171211, 40.33440846 ], [ -96.93875923, 40.3543854 ], [ -96.92901001, 40.36275539 ], [ -96.90098496, 40.38708751 ], [ -96.89630791, 40.39110151 ], [ -96.86360581, 40.41924052 ], [ -96.86295952, 40.41978959 ], [ -96.83090372, 40.44685137 ], [ -96.82415515, 40.4524917 ], [ -96.79820164, 40.47377944 ], [ -96.78281312, 40.48519378 ], [ -96.76549954, 40.49798315 ], [ -96.73703631, 40.51789589 ], [ -96.73279744, 40.52087981 ], [ -96.70009535, 40.54221984 ], [ -96.68640587, 40.55059799 ], [ -96.66739325, 40.5625375 ], [ -96.63469115, 40.58223715 ], [ -96.63261623, 40.58330007 ], [ -96.60198905, 40.59984618 ], [ -96.56954398, 40.61600218 ], [ -96.56928696, 40.61613701 ], [ -96.53658488, 40.62670268 ], [ -96.50388278, 40.63115996 ], [ -96.47118068, 40.61776201 ], [ -96.46999971, 40.61600218 ], [ -96.46276921, 40.58330007 ], [ -96.46424918, 40.55059799 ], [ -96.46997858, 40.51789589 ], [ -96.47118068, 40.51379188 ], [ -96.47935141, 40.48519378 ], [ -96.49023895, 40.4524917 ], [ -96.50195592, 40.41978959 ], [ -96.50388278, 40.41573045 ], [ -96.51753542, 40.38708751 ], [ -96.53454471, 40.3543854 ], [ -96.53658488, 40.35193866 ], [ -96.55878274, 40.32168332 ], [ -96.56928696, 40.31094555 ], [ -96.58942378, 40.28898122 ], [ -96.60198905, 40.27617567 ], [ -96.62156021, 40.25627913 ], [ -96.63469115, 40.24280675 ], [ -96.65269745, 40.22357703 ], [ -96.66739325, 40.1999561 ], [ -96.6726546, 40.19087492 ], [ -96.68721666, 40.15817284 ], [ -96.70009535, 40.13346546 ], [ -96.70862294, 40.12547074 ], [ -96.73279744, 40.10427591 ], [ -96.75488588, 40.09276865 ], [ -96.76549954, 40.08755703 ], [ -96.79820164, 40.07754395 ], [ -96.83090372, 40.07065539 ], [ -96.86360581, 40.06593773 ], [ -96.89630791, 40.06291137 ], [ -96.92901001, 40.0618223 ], [ -96.96171211, 40.06239829 ], [ -96.9944142, 40.06457093 ], [ -97.0271163, 40.06837325 ], [ -97.0598184, 40.07394944 ], [ -97.09252048, 40.08181674 ], [ -97.12522257, 40.09222145 ], [ -97.1265515, 40.09276865 ], [ -97.15792467, 40.12334752 ], [ -97.15945539, 40.12547074 ] ] ] } },
{ "type": "Feature", "properties": { "Lower": 66.0 }, "geometry": { "type": "Polygon", "coordinates": [ [ [ -98.40665861, 37.50930313 ], [ -98.40298292, 37.54200524 ], [ -98.40060428, 37.54965287 ], [ -98.38818088, 37.57470732 ], [ -98.3679022, 37.60054978 ], [ -98.35807037, 37.60740942 ], [ -98.33520011, 37.62014772 ], [ -98.30249801, 37.62749926 ], [ -98.26979591, 37.62561702 ], [ -98.23709381, 37.61277675 ], [ -98.23042105, 37.60740942 ], [ -98.20439172, 37.57797957 ], [ -98.20254485, 37.57470732 ], [ -98.19131001, 37.54200524 ], [ -98.18756672, 37.50930313 ], [ -98.18899162, 37.47660103 ], [ -98.19397178, 37.44389894 ], [ -98.19907416, 37.41119684 ], [ -98.19742902, 37.37849476 ], [ -98.18808885, 37.34579265 ], [ -98.17868746, 37.31309057 ], [ -98.1988055, 37.28038846 ], [ -98.20439172, 37.27703572 ], [ -98.23709381, 37.27592392 ], [ -98.24948014, 37.28038846 ], [ -98.26979591, 37.2879204 ], [ -98.30249801, 37.31064343 ], [ -98.30489977, 37.31309057 ], [ -98.33520011, 37.34411011 ], [ -98.33645297, 37.34579265 ], [ -98.36003488, 37.37849476 ], [ -98.3679022, 37.38996851 ], [ -98.37956668, 37.41119684 ], [ -98.39491192, 37.44389894 ], [ -98.40060428, 37.4633884 ], [ -98.40402466, 37.47660103 ], [ -98.40665861, 37.50930313 ] ] ] } },
{ "type": "Feature", "properties": { "Lower": 66.0 }, "geometry": { "type": "Polygon", "coordinates": [ [ [ -99.1504772, 40.12547074 ], [ -99.14553427, 40.15817284 ], [ -99.12005039, 40.18760049 ], [ -99.11717272, 40.19087492 ], [ -99.08734829, 40.20964986 ], [ -99.06524652, 40.22357703 ], [ -99.05464619, 40.22782472 ], [ -99.0219441, 40.24017581 ], [ -98.989242, 40.25155762 ], [ -98.97246347, 40.25627913 ], [ -98.9565399, 40.259278 ], [ -98.9238378, 40.26449518 ], [ -98.89113573, 40.26895232 ], [ -98.85843363, 40.27071044 ], [ -98.82573153, 40.26958279 ], [ -98.79302943, 40.26546909 ], [ -98.76032734, 40.2571542 ], [ -98.75835694, 40.25627913 ], [ -98.73164472, 40.22357703 ], [ -98.72762524, 40.20238961 ], [ -98.72573095, 40.19087492 ], [ -98.72762524, 40.18295242 ], [ -98.73416731, 40.15817284 ], [ -98.75753035, 40.12547074 ], [ -98.76032734, 40.12292113 ], [ -98.7929327, 40.09276865 ], [ -98.79302943, 40.0926704 ], [ -98.82186634, 40.06006655 ], [ -98.82573153, 40.05501387 ], [ -98.84863963, 40.02736446 ], [ -98.85843363, 40.01521933 ], [ -98.88441137, 39.99466236 ], [ -98.89113573, 39.98970088 ], [ -98.9238378, 39.97680003 ], [ -98.9565399, 39.97247572 ], [ -98.989242, 39.97545918 ], [ -99.0219441, 39.9848191 ], [ -99.04350656, 39.99466236 ], [ -99.05464619, 40.00066241 ], [ -99.08734829, 40.02407425 ], [ -99.09111329, 40.02736446 ], [ -99.12005039, 40.05889647 ], [ -99.12097479, 40.06006655 ], [ -99.13974642, 40.09276865 ], [ -99.1504772, 40.12547074 ] ] ] } },
{ "type": "Feature", "properties": { "Lower": 66.0 }, "geometry": { "type": "Polygon", "coordinates": [ [ [ -97.15945539, 40.12547074 ], [ -97.15792467, 40.13321237 ], [ -97.15370855, 40.15817284 ], [ -97.12702146, 40.19087492 ], [ -97.12522257, 40.19237596 ], [ -97.09252048, 40.22214616 ], [ -97.09107465, 40.22357703 ], [ -97.0598184, 40.25012085 ], [ -97.05299453, 40.25627913 ], [ -97.0271163, 40.27808533 ], [ -97.01470415, 40.28898122 ], [ -96.9944142, 40.30618703 ], [ -96.97660204, 40.32168332 ], [ -96.96171211, 40.33440846 ], [ -96.93875923, 40.3543854 ], [ -96.92901001, 40.36275539 ], [ -96.90098496, 40.38708751 ], [ -96.89630791, 40.39110151 ], [ -96.86360581, 40.41924052 ], [ -96.86295952, 40.41978959 ], [ -96.83090372, 40.44685137 ], [ -96.82415515, 40.4524917 ], [ -96.79820164, 40.47377944 ], [ -96.78281312, 40.48519378 ], [ -96.76549954, 40.49798315 ], [ -96.73703631, 40.51789589 ], [ -96.73279744, 40.52087981 ], [ -96.70009535, 40.54221984 ], [ -96.68640587, 40.55059799 ], [ -96.66739325, 40.5625375 ], [ -96.63469115, 40.58223715 ], [ -96.63261623, 40.58330007 ], [ -96.60198905, 40.59984618 ], [ -96.56954398, 40.61600218 ], [ -96.56928696, 40.61613701 ], [ -96.53658488, 40.62670268 ], [ -96.50388278, 40.63115996 ], [ -96.47118068, 40.61776201 ], [ -96.46999971, 40.61600218 ], [ -96.46276921, 40.58330007 ], [ -96.46424918, 40.55059799 ], [ -96.46997858, 40.51789589 ], [ -96.47118068, 40.51379188 ], [ -96.47935141, 40.48519378 ], [ -96.49023895, 40.4524917 ], [ -96.50195592, 40.41978959 ], [ -96.50388278, 40.41573045 ], [ -96.51753542, 40.38708751 ], [ -96.53454471, 40.3543854 ], [ -96.53658488, 40.35193866 ], [ -96.55878274, 40.32168332 ], [ -96.56928696, 40.31094555 ], [ -96.58942378, 40.28898122 ], [ -96.60198905, 40.27617567 ], [ -96.62156021, 40.25627913 ], [ -96.63469115, 40.24280675 ], [ -96.65269745, 40.22357703 ], [ -96.66739325, 40.1999561 ], [ -96.6726546, 40.19087492 ], [ -96.68721666, 40.15817284 ], [ -96.70009535, 40.13346546 ], [ -96.70862294, 40.12547074 ], [ -96.73279744, 40.10427591 ], [ -96.75488588, 40.09276865 ], [ -96.76549954, 40.08755703 ], [ -96.79820164, 40.07754395 ], [ -96.83090372, 40.07065539 ], [ -96.86360581, 40.06593773 ], [ -96.89630791, 40.06291137 ], [ -96.92901001, 40.0618223 ], [ -96.96171211, 40.06239829 ], [ -96.9944142, 40.06457093 ], [ -97.0271163, 40.06837325 ], [ -97.0598184, 40.07394944 ], [ -97.09252048, 40.08181674 ], [ -97.12522257, 40.09222145 ], [ -97.1265515, 40.09276865 ], [ -97.15792467, 40.12334752 ], [ -97.15945539, 40.12547074 ] ] ] } },
{ "type": "Feature", "properties": { "Lower": 66.0 }, "geometry": { "type": "Polygon", "coordinates": [ [ [ -96.28499124, 39.66764142 ], [ -96.27496812, 39.69524013 ], [ -96.2733089, 39.7003435 ], [ -96.25797862, 39.73304561 ], [ -96.24226602, 39.7631415 ], [ -96.24084485, 39.76574769 ], [ -96.20956392, 39.79668336 ], [ -96.17686182, 39.79284026 ], [ -96.14415973, 39.79342184 ], [ -96.11145763, 39.79564188 ], [ -96.08402885, 39.7984498 ], [ -96.07875553, 39.79907236 ], [ -96.04605343, 39.80329566 ], [ -96.01335136, 39.80798821 ], [ -95.98064926, 39.81346863 ], [ -95.94794716, 39.82019069 ], [ -95.91524506, 39.82832761 ], [ -95.9046656, 39.83115188 ], [ -95.88254297, 39.83789017 ], [ -95.84984087, 39.84832934 ], [ -95.81713877, 39.85969402 ], [ -95.80545176, 39.86385398 ], [ -95.78443667, 39.87254438 ], [ -95.75173457, 39.88647066 ], [ -95.72902111, 39.89655607 ], [ -95.7190325, 39.90143747 ], [ -95.6863304, 39.91734686 ], [ -95.66272299, 39.92925817 ], [ -95.6536283, 39.93412623 ], [ -95.6209262, 39.95147335 ], [ -95.60157521, 39.96196028 ], [ -95.58822411, 39.96945488 ], [ -95.55552201, 39.98784739 ], [ -95.54341758, 39.99466236 ], [ -95.52281991, 40.00649605 ], [ -95.49011781, 40.02561514 ], [ -95.4870625, 40.02736446 ], [ -95.45741574, 40.04445011 ], [ -95.43098278, 40.06006655 ], [ -95.42471364, 40.06378011 ], [ -95.39201154, 40.08276405 ], [ -95.37498683, 40.09276865 ], [ -95.35930944, 40.10192879 ], [ -95.32660735, 40.12111069 ], [ -95.31903968, 40.12547074 ], [ -95.29390525, 40.13364768 ], [ -95.28572833, 40.12547074 ], [ -95.26120315, 40.1009497 ], [ -95.25302211, 40.09276865 ], [ -95.22850105, 40.0682504 ], [ -95.22031722, 40.06006655 ], [ -95.19579897, 40.03555006 ], [ -95.18761337, 40.02736446 ], [ -95.16309688, 40.00284903 ], [ -95.1549102, 39.99466236 ], [ -95.13039478, 39.9701476 ], [ -95.12220745, 39.96196028 ], [ -95.09769268, 39.93744596 ], [ -95.08950491, 39.92925817 ], [ -95.06499058, 39.90474425 ], [ -95.05680242, 39.89655607 ], [ -95.03228849, 39.87204257 ], [ -95.02409989, 39.86385398 ], [ -94.99958639, 39.83934101 ], [ -94.99139727, 39.83115188 ], [ -94.99139651, 39.7984498 ], [ -94.96688429, 39.77393804 ], [ -94.95869396, 39.76574769 ], [ -94.95869339, 39.73304561 ], [ -94.93418221, 39.70853447 ], [ -94.92599124, 39.7003435 ], [ -94.92599106, 39.66764142 ], [ -94.90148012, 39.6431299 ], [ -94.89328953, 39.63493932 ], [ -94.89328994, 39.60223721 ], [ -94.86877802, 39.57772394 ], [ -94.86058919, 39.56953513 ], [ -94.86059034, 39.53683302 ], [ -94.8605919, 39.50413094 ], [ -94.83607592, 39.47961209 ], [ -94.82789268, 39.47142883 ], [ -94.82789523, 39.43872675 ], [ -94.80337382, 39.41420126 ], [ -94.79519722, 39.40602465 ], [ -94.80337382, 39.39606495 ], [ -94.83607592, 39.38600827 ], [ -94.86877802, 39.37626171 ], [ -94.87911018, 39.37332256 ], [ -94.90148012, 39.36762113 ], [ -94.93418221, 39.35979348 ], [ -94.96688429, 39.35256399 ], [ -94.99958639, 39.34593901 ], [ -95.02874457, 39.34062046 ], [ -95.03228849, 39.34004026 ], [ -95.06499058, 39.33535179 ], [ -95.09769268, 39.3313227 ], [ -95.13039478, 39.328003 ], [ -95.16309688, 39.32533544 ], [ -95.19579897, 39.32412814 ], [ -95.22850105, 39.32485268 ], [ -95.26120315, 39.32647852 ], [ -95.29390525, 39.32861922 ], [ -95.32660735, 39.33115113 ], [ -95.35930944, 39.33414676 ], [ -95.39201154, 39.33801448 ], [ -95.40763455, 39.34062046 ], [ -95.42471364, 39.34361491 ], [ -95.45741574, 39.34970563 ], [ -95.49011781, 39.35591894 ], [ -95.52281991, 39.36231596 ], [ -95.55552201, 39.36886042 ], [ -95.57647589, 39.37332256 ], [ -95.58822411, 39.37591078 ], [ -95.6209262, 39.38321862 ], [ -95.6536283, 39.39057219 ], [ -95.6863304, 39.39809046 ], [ -95.7190325, 39.40584361 ], [ -95.71974238, 39.40602465 ], [ -95.75173457, 39.41412929 ], [ -95.78443667, 39.42263031 ], [ -95.81713877, 39.43134528 ], [ -95.84380384, 39.43872675 ], [ -95.84984087, 39.4403705 ], [ -95.88254297, 39.44968291 ], [ -95.91524506, 39.45902278 ], [ -95.94794716, 39.46832729 ], [ -95.95858679, 39.47142883 ], [ -95.98064926, 39.4777675 ], [ -96.01335136, 39.4870071 ], [ -96.04605343, 39.49593377 ], [ -96.07684441, 39.50413094 ], [ -96.07875553, 39.50467574 ], [ -96.11145763, 39.51403678 ], [ -96.14415973, 39.52311089 ], [ -96.17686182, 39.53274928 ], [ -96.18646386, 39.53683302 ], [ -96.20956392, 39.54750492 ], [ -96.24226602, 39.5686809 ], [ -96.24315879, 39.56953513 ], [ -96.27128384, 39.60223721 ], [ -96.27496812, 39.60853442 ], [ -96.28486809, 39.63493932 ], [ -96.28499124, 39.66764142 ] ] ] } }
]
}
