{
"type": "FeatureCollection",
"name": "26_SRW_Lactic",
"crs": { "type": "name", "properties": { "name": "urn:ogc:def:crs:EPSG::4269" } },
"features": [
{"type":"Feature","properties":{"Lower":70.6596},"geometry":{"type":"Polygon","coordinates":[[[-93.7510096,31.9685684],[-93.7510096,31.96868262],[-93.7159954,31.98143799],[-93.7045109,32.03244507],[-93.7000025,32.05190412],[-93.6926383,32.08345215],[-93.6805122,32.13445921],[-93.6680382,32.18546629],[-93.655296,32.23647337],[-93.6489954,32.26112687],[-93.64221,32.28748045],[-93.628785,32.33848754],[-93.6154323,32.38949462],[-93.6028856,32.4405017],[-93.5979884,32.46133792],[-93.5908112,32.49150875],[-93.5790842,32.54251584],[-93.5674413,32.59352292],[-93.5558049,32.64453],[-93.5469813,32.68274604],[-93.543996,32.69553709],[-93.5318319,32.74654417],[-93.5192704,32.79755122],[-93.5061385,32.8485583],[-93.4959742,32.88633624],[-93.49237,32.89956539],[-93.4777509,32.95057247],[-93.4623557,33.00157955],[-93.4461039,33.05258663],[-93.4449671,33.05597039],[-93.4287373,33.10359372],[-93.4102931,33.15460077],[-93.39396,33.19731306],[-93.3907418,33.20560785],[-93.3697531,33.25661493],[-93.3473743,33.30762202],[-93.342953,33.31709837],[-93.3231235,33.3586291],[-93.2968436,33.40963618],[-93.2919459,33.41849387],[-93.267996,33.46064327],[-93.2409388,33.50464886],[-93.2365115,33.51165032],[-93.2018485,33.5626574],[-93.1899317,33.57888624],[-93.1634433,33.61366448],[-93.1389247,33.64345289],[-93.1207843,33.66467157],[-93.0879176,33.70007219],[-93.0728448,33.71567865],[-93.0369105,33.74995767],[-93.0185624,33.76668573],[-92.9859034,33.79399731],[-92.9561267,33.81769278],[-92.9348964,33.83319523],[-92.8838893,33.86814414],[-92.8830544,33.86869987],[-92.8328822,33.89949124],[-92.7975177,33.91970695],[-92.7818751,33.92786919],[-92.730868,33.95306396],[-92.6927732,33.97071403],[-92.679861,33.97614447],[-92.6288539,33.99648578],[-92.5778468,34.01536698],[-92.5595712,34.02172111],[-92.5268397,34.03194965],[-92.4758326,34.04679062],[-92.4248256,34.06032615],[-92.3738185,34.07241211],[-92.3724359,34.0727282],[-92.3228114,34.08275004],[-92.2718043,34.0915863],[-92.2207972,34.09913898],[-92.1697902,34.10527792],[-92.1187831,34.10991016],[-92.067776,34.11281373],[-92.0167689,34.11372983],[-91.9657618,34.11236822],[-91.9147548,34.10978146],[-91.8637477,34.10667032],[-91.8127406,34.10338376],[-91.7617336,34.09997875],[-91.7107265,34.09654821],[-91.6597194,34.09316502],[-91.6087123,34.08994924],[-91.5577052,34.08697182],[-91.5066982,34.08427623],[-91.4556911,34.08171926],[-91.404684,34.07867521],[-91.3547935,34.0727282],[-91.3536769,34.07258663],[-91.3026698,34.05116374],[-91.2860234,34.02172111],[-91.2652128,33.97071403],[-91.2516628,33.93758214],[-91.2373779,33.91970695],[-91.2006557,33.8922936],[-91.1496486,33.88721603],[-91.0986415,33.88557669],[-91.0476345,33.87618743],[-91.0256004,33.86869987],[-90.9966274,33.85546644],[-90.9456203,33.82733455],[-90.9288763,33.81769278],[-90.8946132,33.79399111],[-90.8529837,33.76668573],[-90.8436061,33.75949539],[-90.7925991,33.72262891],[-90.7826021,33.71567865],[-90.741592,33.68321376],[-90.7175463,33.66467157],[-90.6905849,33.64131343],[-90.6580126,33.61366448],[-90.6395778,33.59623277],[-90.6035622,33.5626574],[-90.5885707,33.54724158],[-90.5536904,33.51165032],[-90.5375637,33.49360048],[-90.5080525,33.46064327],[-90.4865566,33.43445785],[-90.4662029,33.40963618],[-90.4355495,33.36912503],[-90.4276602,33.3586291],[-90.3920997,33.30762202],[-90.3845425,33.2959945],[-90.3591142,33.25661493],[-90.3335353,33.2141518],[-90.3284109,33.20560785],[-90.29934,33.15460077],[-90.2825283,33.12388966],[-90.2712847,33.10359372],[-90.2440848,33.05258663],[-90.2315212,33.0281263],[-90.2177356,33.00157955],[-90.1920479,32.95057247],[-90.1805141,32.92698442],[-90.1669878,32.89956539],[-90.1424934,32.8485583],[-90.1295071,32.82075295],[-90.1185732,32.79755122],[-90.0950335,32.74654417],[-90.0785,32.70987215],[-90.0719855,32.69553709],[-90.0492871,32.64453],[-90.0274929,32.5947393],[-90.0269574,32.59352292],[-90.0049524,32.54251584],[-89.9833067,32.49150875],[-89.9764858,32.47486375],[-89.962289,32.4405017],[-89.9419285,32.38949462],[-89.9254787,32.3469576],[-89.9221837,32.33848754],[-89.9031359,32.28748045],[-89.8847146,32.23647337],[-89.8744717,32.20707027],[-89.8669088,32.18546629],[-89.8497152,32.13445921],[-89.8331869,32.08345215],[-89.8234646,32.05226342],[-89.817279,32.03244507],[-89.8019995,31.98143799],[-89.7873096,31.93043091],[-89.7732336,31.87942382],[-89.7724575,31.86667196],[-89.7724575,31.86655774],[-89.8234646,31.86656384],[-89.8744717,31.86656988],[-89.9254787,31.86657586],[-89.9764858,31.86658174],[-90.0274929,31.86658753],[-90.0785,31.86659319],[-90.1295071,31.86659876],[-90.1805141,31.86660421],[-90.2315212,31.86660953],[-90.2825283,31.86661469],[-90.3335353,31.86661967],[-90.3845425,31.86662452],[-90.4355495,31.86662915],[-90.4865566,31.86663362],[-90.5375637,31.86663785],[-90.5885707,31.86664192],[-90.6395778,31.8666457],[-90.6905849,31.8666493],[-90.741592,31.86665262],[-90.7925991,31.86665562],[-90.8436061,31.86665831],[-90.8946132,31.86666069],[-90.9456203,31.86666282],[-90.9583813,31.87942382],[-90.9966274,31.91767166],[-91.0476345,31.91767316],[-91.0986415,31.91767441],[-91.1496486,31.91767544],[-91.2006557,31.91767626],[-91.2516628,31.91767694],[-91.3026698,31.91767751],[-91.3536769,31.91767791],[-91.404684,31.9176782],[-91.4556911,31.91767838],[-91.5066982,31.91767848],[-91.5577052,31.91767848],[-91.6087123,31.91767842],[-91.6597194,31.91767826],[-91.7107265,31.91767801],[-91.7617336,31.91767766],[-91.8127406,31.91767723],[-91.8637477,31.91767666],[-91.9147548,31.91767594],[-91.9657618,31.91767513],[-92.0167689,31.91767419],[-92.067776,31.91767313],[-92.1187831,31.91767197],[-92.1697902,31.91767069],[-92.2207972,31.91766928],[-92.2718043,31.91766771],[-92.3228114,31.91766605],[-92.3738185,31.91766421],[-92.4248256,31.91766227],[-92.4758326,31.91766014],[-92.4886034,31.93043091],[-92.5268397,31.96866463],[-92.5778468,31.96866219],[-92.6288539,31.96865959],[-92.679861,31.96865687],[-92.730868,31.96865396],[-92.7818751,31.96865089],[-92.8328822,31.9686477],[-92.8838893,31.96864432],[-92.9348964,31.96864081],[-92.9859034,31.96863718],[-93.0369105,31.96863343],[-93.0879176,31.96862952],[-93.1389247,31.96862548],[-93.1899317,31.96862132],[-93.2409388,31.96861703],[-93.2919459,31.96861259],[-93.342953,31.96860808],[-93.39396,31.96860342],[-93.4449671,31.96859866],[-93.4959742,31.96859384],[-93.5469813,31.9685889],[-93.5979884,31.96858389],[-93.6489954,31.96857879],[-93.7000025,31.96857363],[-93.7510096,31.9685684]]]}},
{"type":"Feature","properties":{"Lower":85.0},"geometry":{"type":"Polygon","coordinates":[[[-89.4154079,31.86666786],[-89.4154079,31.86662805],[-89.466415,31.86663441],[-89.5174221,31.86664073],[-89.5684292,31.86664702],[-89.6194363,31.86665331],[-89.6704433,31.86665957],[-89.7214504,31.86666579],[-89.7724575,31.86667196],[-89.7732336,31.87942382],[-89.7873096,31.93043091],[-89.8019995,31.98143799],[-89.817279,32.03244507],[-89.8234646,32.05226342],[-89.8331869,32.08345215],[-89.8497152,32.13445921],[-89.8669088,32.18546629],[-89.8744717,32.20707027],[-89.8847146,32.23647337],[-89.9031359,32.28748045],[-89.9221837,32.33848754],[-89.9254787,32.3469576],[-89.9419285,32.38949462],[-89.962289,32.4405017],[-89.9764858,32.47486375],[-89.9833067,32.49150875],[-90.0049524,32.54251584],[-90.0269574,32.59352292],[-90.0274929,32.5947393],[-90.0492871,32.64453],[-90.0719855,32.69553709],[-90.0785,32.70987215],[-90.0950335,32.74654417],[-90.1185732,32.79755122],[-90.1295071,32.82075295],[-90.1424934,32.8485583],[-90.1669878,32.89956539],[-90.1805141,32.92698442],[-90.1920479,32.95057247],[-90.2177356,33.00157955],[-90.2315212,33.0281263],[-90.2440848,33.05258663],[-90.2712847,33.10359372],[-90.2825283,33.12388966],[-90.29934,33.15460077],[-90.3284109,33.20560785],[-90.3335353,33.2141518],[-90.3591142,33.25661493],[-90.3845425,33.2959945],[-90.3920997,33.30762202],[-90.4276602,33.3586291],[-90.4355495,33.36912503],[-90.4662029,33.40963618],[-90.4865566,33.43445785],[-90.5080525,33.46064327],[-90.5375637,33.49360048],[-90.5536904,33.51165032],[-90.5885707,33.54724158],[-90.6035622,33.5626574],[-90.6395778,33.59623277],[-90.6580126,33.61366448],[-90.6905849,33.64131343],[-90.7175463,33.66467157],[-90.741592,33.68321376],[-90.7826021,33.71567865],[-90.7925991,33.72262891],[-90.8436061,33.75949539],[-90.8529837,33.76668573],[-90.8946132,33.79399111],[-90.9288763,33.81769278],[-90.9456203,33.82733455],[-90.9966274,33.85546644],[-91.0256004,33.86869987],[-91.0476345,33.87618743],[-91.0986415,33.88557669],[-91.1496486,33.88721603],[-91.2006557,33.8922936],[-91.2373779,33.91970695],[-91.2516628,33.93758214],[-91.2652128,33.97071403],[-91.2860234,34.02172111],[-91.3026698,34.05116374],[-91.3536769,34.07258663],[-91.3547935,34.0727282],[-91.404684,34.07867521],[-91.4556911,34.08171926],[-91.5066982,34.08427623],[-91.5577052,34.08697182],[-91.6087123,34.08994924],[-91.6597194,34.09316502],[-91.7107265,34.09654821],[-91.7617336,34.09997875],[-91.8127406,34.10338376],[-91.8637477,34.10667032],[-91.9147548,34.10978146],[-91.9657618,34.11236822],[-92.0167689,34.11372983],[-92.067776,34.11281373],[-92.1187831,34.10991016],[-92.1697902,34.10527792],[-92.2207972,34.09913898],[-92.2718043,34.0915863],[-92.3228114,34.08275004],[-92.3724359,34.0727282],[-92.3738185,34.07241211],[-92.4248256,34.06032615],[-92.4758326,34.04679062],[-92.5268397,34.03194965],[-92.5595712,34.02172111],[-92.5778468,34.01536698],[-92.6288539,33.99648578],[-92.679861,33.97614447],[-92.6927732,33.97071403],[-92.730868,33.95306396],[-92.7818751,33.92786919],[-92.7975177,33.91970695],[-92.8328822,33.89949124],[-92.8830544,33.86869987],[-92.8838893,33.86814414],[-92.9348964,33.83319523],[-92.9561267,33.81769278],[-92.9859034,33.79399731],[-93.0185624,33.76668573],[-93.0369105,33.74995767],[-93.0728448,33.71567865],[-93.0879176,33.70007219],[-93.1207843,33.66467157],[-93.1389247,33.64345289],[-93.1634433,33.61366448],[-93.1899317,33.57888624],[-93.2018485,33.5626574],[-93.2365115,33.51165032],[-93.2409388,33.50464886],[-93.267996,33.46064327],[-93.2919459,33.41849387],[-93.2968436,33.40963618],[-93.3231235,33.3586291],[-93.342953,33.31709837],[-93.3473743,33.30762202],[-93.3697531,33.25661493],[-93.3907418,33.20560785],[-93.39396,33.19731306],[-93.4102931,33.15460077],[-93.4287373,33.10359372],[-93.4449671,33.05597039],[-93.4461039,33.05258663],[-93.4623557,33.00157955],[-93.4777509,32.95057247],[-93.49237,32.89956539],[-93.4959742,32.88633624],[-93.5061385,32.8485583],[-93.5192704,32.79755122],[-93.5318319,32.74654417],[-93.543996,32.69553709],[-93.5469813,32.68274604],[-93.5558049,32.64453],[-93.5674413,32.59352292],[-93.5790842,32.54251584],[-93.5908112,32.49150875],[-93.5979884,32.46133792],[-93.6028856,32.4405017],[-93.6154323,32.38949462],[-93.628785,32.33848754],[-93.64221,32.28748045],[-93.6489954,32.26112687],[-93.655296,32.23647337],[-93.6680382,32.18546629],[-93.6805122,32.13445921],[-93.6926383,32.08345215],[-93.7000025,32.05190412],[-93.7045109,32.03244507],[-93.7159954,31.98143799],[-93.7510096,31.96868262],[-93.8020167,31.96867733],[-93.8530237,31.96867201],[-93.9040308,31.96866663],[-93.9550379,31.96866125],[-94.006045,31.96865583],[-94.0188271,31.98143799],[-94.0570521,32.01965619],[-94.1080591,32.01965074],[-94.1080591,32.01969055],[-94.0822678,32.03244507],[-94.0700102,32.08345215],[-94.0577893,32.13445921],[-94.0570521,32.1373021],[-94.044488,32.18546629],[-94.0311895,32.23647337],[-94.0175634,32.28748045],[-94.006045,32.33303366],[-94.004662,32.33848754],[-93.992932,32.38949462],[-93.9820167,32.4405017],[-93.9717017,32.49150875],[-93.9616225,32.54251584],[-93.9550379,32.57616935],[-93.9516228,32.59352292],[-93.9414713,32.64453],[-93.9309563,32.69553709],[-93.9200927,32.74654417],[-93.9086661,32.79755122],[-93.9040308,32.81709448],[-93.8965353,32.8485583],[-93.8837083,32.89956539],[-93.8701561,32.95057247],[-93.8557921,33.00157955],[-93.8530237,33.01084812],[-93.840484,33.05258663],[-93.8243001,33.10359372],[-93.8071901,33.15460077],[-93.8020167,33.16934192],[-93.7891759,33.20560785],[-93.7703415,33.25661493],[-93.7510096,33.30607042],[-93.7504005,33.30762202],[-93.7302116,33.3586291],[-93.7086901,33.40963618],[-93.7000025,33.4293482],[-93.6859969,33.46064327],[-93.6620105,33.51165032],[-93.6489954,33.53805012],[-93.6365941,33.5626574],[-93.6091008,33.61366448],[-93.5979884,33.63296315],[-93.5792156,33.66467157],[-93.5469813,33.71437421],[-93.5461153,33.71567865],[-93.5104014,33.76668573],[-93.4959742,33.78551645],[-93.4703847,33.81769278],[-93.4449671,33.84723091],[-93.425653,33.86869987],[-93.39396,33.90119282],[-93.3750418,33.91970695],[-93.342953,33.94863846],[-93.3170825,33.97071403],[-93.2919459,33.99043472],[-93.2494863,34.02172111],[-93.2409388,34.02750556],[-93.1899317,34.05996325],[-93.1684045,34.0727282],[-93.1389247,34.08875392],[-93.0879176,34.11426729],[-93.0675536,34.12373528],[-93.0369105,34.13677964],[-92.9859034,34.15668883],[-92.9348964,34.17440362],[-92.9338792,34.17474233],[-92.8838893,34.18996035],[-92.8328822,34.20351535],[-92.7818751,34.21549369],[-92.7331885,34.22574941],[-92.730868,34.22618845],[-92.679861,34.23444867],[-92.6288539,34.24166933],[-92.5778468,34.24766755],[-92.5268397,34.25253164],[-92.4758326,34.25624291],[-92.4248256,34.25885577],[-92.3738185,34.2603245],[-92.3228114,34.26067204],[-92.2718043,34.25980426],[-92.2207972,34.25769518],[-92.1697902,34.25429174],[-92.1187831,34.25007722],[-92.067776,34.24515658],[-92.0167689,34.23998609],[-91.9657618,34.2345994],[-91.9147548,34.22906423],[-91.885149,34.22574941],[-91.8637477,34.22331686],[-91.8127406,34.21735389],[-91.7617336,34.2113809],[-91.7107265,34.20543363],[-91.6597194,34.19958375],[-91.6087123,34.19389537],[-91.5577052,34.18843398],[-91.5066982,34.18319953],[-91.4556911,34.17812772],[-91.4239233,34.17474233],[-91.404684,34.17264521],[-91.3536769,34.16506048],[-91.3026698,34.1496925],[-91.2775175,34.12373528],[-91.2516628,34.08676607],[-91.2464229,34.0727282],[-91.2270661,34.02172111],[-91.2006557,33.97727642],[-91.1870586,33.97071403],[-91.1496486,33.95698768],[-91.0986415,33.95540022],[-91.0476345,33.95774903],[-90.9966274,33.95310129],[-90.9456203,33.93995921],[-90.8946132,33.92382311],[-90.8815334,33.91970695],[-90.8436061,33.9050639],[-90.7925991,33.88512642],[-90.7516292,33.86869987],[-90.741592,33.86397975],[-90.6905849,33.84028443],[-90.6437382,33.81769278],[-90.6395778,33.81539924],[-90.5885707,33.78731172],[-90.5524472,33.76668573],[-90.5375637,33.75711682],[-90.4865566,33.72362149],[-90.4747598,33.71567865],[-90.4355495,33.68630049],[-90.4075841,33.66467157],[-90.3845425,33.64494359],[-90.3490265,33.61366448],[-90.3335353,33.59864852],[-90.2973669,33.5626574],[-90.2825283,33.54648269],[-90.2513049,33.51165032],[-90.2315212,33.4875379],[-90.2099486,33.46064327],[-90.1805141,33.42085047],[-90.1722867,33.40963618],[-90.136857,33.3586291],[-90.1295071,33.34750803],[-90.1029932,33.30762202],[-90.0785,33.26895273],[-90.0706395,33.25661493],[-90.0394868,33.20560785],[-90.0274929,33.18519209],[-90.0093741,33.15460077],[-89.9802685,33.10359372],[-89.9764858,33.09672897],[-89.9519625,33.05258663],[-89.9254787,33.00336196],[-89.9245118,33.00157955],[-89.897609,32.95057247],[-89.8744717,32.90530584],[-89.8715132,32.89956539],[-89.8458435,32.8485583],[-89.8234646,32.80294201],[-89.8208011,32.79755122],[-89.7962084,32.74654417],[-89.7724575,32.69681809],[-89.7718457,32.69553709],[-89.7484641,32.64453],[-89.7252489,32.59352292],[-89.7214504,32.58503151],[-89.7022957,32.54251584],[-89.6797186,32.49150875],[-89.6704433,32.47019579],[-89.6574588,32.4405017],[-89.6355009,32.38949462],[-89.6194363,32.35178524],[-89.6137441,32.33848754],[-89.5926087,32.28748045],[-89.5722395,32.23647337],[-89.5684292,32.22654012],[-89.5525779,32.18546629],[-89.5336134,32.13445921],[-89.5174221,32.08918979],[-89.5153599,32.08345215],[-89.49779,32.03244507],[-89.4809662,31.98143799],[-89.466415,31.93558462],[-89.4647735,31.93043091],[-89.4492612,31.87942382],[-89.4154079,31.86666786]]]}},
{"type":"Feature","properties":{"Lower":90.0},"geometry":{"type":"Polygon","coordinates":[[[-83.5605894,40.09156341],[-83.549594,40.0981191],[-83.4985869,40.11003219],[-83.4475798,40.09512503],[-83.4451089,40.09156341],[-83.4323569,40.04055632],[-83.4475798,40.02719791],[-83.4985869,40.02953414],[-83.5458032,40.04055632],[-83.549594,40.04820677],[-83.5605894,40.09156341]]]}},
{"type":"Feature","properties":{"Lower":90.0},"geometry":{"type":"Polygon","coordinates":[[[-83.8331607,40.70364834],[-83.8317001,40.75465542],[-83.827776,40.8056625],[-83.822421,40.85666959],[-83.8160959,40.90767667],[-83.8091669,40.95868372],[-83.8046294,40.99067702],[-83.8010338,41.0096908],[-83.7905942,41.06069789],[-83.7774286,41.11170497],[-83.7594992,41.16271205],[-83.7536223,41.17697173],[-83.7145751,41.21371913],[-83.7026152,41.22177595],[-83.6516081,41.21773895],[-83.6452267,41.21371913],[-83.600601,41.19331855],[-83.5628814,41.16271205],[-83.549594,41.15421295],[-83.5040062,41.11170497],[-83.4985869,41.10756543],[-83.4517193,41.06069789],[-83.4475798,41.05723555],[-83.40118,41.0096908],[-83.3965727,41.0056549],[-83.3511601,40.95868372],[-83.3455656,40.95371088],[-83.3008495,40.90767667],[-83.2945586,40.90206552],[-83.2499508,40.85666959],[-83.2435515,40.85095429],[-83.1994019,40.8056625],[-83.1925444,40.79935615],[-83.1519242,40.75465542],[-83.1415373,40.74356774],[-83.1146964,40.70364834],[-83.0905303,40.65452386],[-83.0897201,40.65264125],[-83.0694022,40.6016342],[-83.0519181,40.55062712],[-83.0445221,40.49962004],[-83.0885436,40.44861295],[-83.0905303,40.4477724],[-83.1415373,40.42738943],[-83.1925444,40.40090576],[-83.1980925,40.39760587],[-83.2435515,40.37951939],[-83.2945586,40.35095563],[-83.3091071,40.34659879],[-83.3455656,40.33677312],[-83.3965727,40.31586227],[-83.4397946,40.29559171],[-83.4475798,40.2905329],[-83.4985869,40.28846426],[-83.5303469,40.29559171],[-83.549594,40.30316667],[-83.600601,40.33118381],[-83.6276286,40.34659879],[-83.6516081,40.36536714],[-83.6937299,40.39760587],[-83.7026152,40.40628507],[-83.7459978,40.44861295],[-83.7536223,40.45839845],[-83.7866763,40.49962004],[-83.8046294,40.53691691],[-83.8114188,40.55062712],[-83.8246066,40.6016342],[-83.8312022,40.65264125],[-83.8331607,40.70364834]]]}},
{"type":"Feature","properties":{"Lower":90.0},"geometry":{"type":"Polygon","coordinates":[[[-76.8826955,39.63249969],[-76.8723135,39.68350677],[-76.8676667,39.69719771],[-76.8548194,39.73451386],[-76.8367567,39.78552094],[-76.8183052,39.83652802],[-76.8166597,39.84084966],[-76.7981942,39.88753511],[-76.7779468,39.93854216],[-76.7656526,39.96869797],[-76.7560845,39.98954924],[-76.7321983,40.04055632],[-76.7146455,40.07576531],[-76.7053557,40.09156341],[-76.6765068,40.14257049],[-76.6636384,40.16414221],[-76.64304,40.19357757],[-76.6126313,40.2384005],[-76.6072149,40.24458465],[-76.5649832,40.29559171],[-76.5616243,40.29983558],[-76.5106172,40.34567574],[-76.5087779,40.34659879],[-76.4596101,40.37382362],[-76.408603,40.37888264],[-76.357596,40.35761884],[-76.3464769,40.34659879],[-76.3065889,40.30522336],[-76.3009671,40.29559171],[-76.2727401,40.24458465],[-76.2555818,40.21013264],[-76.2498933,40.19357757],[-76.234143,40.14257049],[-76.2204212,40.09156341],[-76.2085601,40.04055632],[-76.2045747,40.02010936],[-76.1995116,39.98954924],[-76.1927829,39.93854216],[-76.1879657,39.88753511],[-76.1851031,39.83652802],[-76.1843634,39.78552094],[-76.1857742,39.73451386],[-76.1887553,39.68350677],[-76.1931324,39.63249969],[-76.198826,39.58149264],[-76.2045747,39.54079289],[-76.206167,39.53048556],[-76.2161239,39.47947847],[-76.2299312,39.42847139],[-76.2509965,39.37746431],[-76.2555818,39.36940171],[-76.2899582,39.32645723],[-76.3065889,39.31428419],[-76.357596,39.30187955],[-76.408603,39.30845455],[-76.4596101,39.32224058],[-76.4726607,39.32645723],[-76.5106172,39.34045311],[-76.5616243,39.36012617],[-76.6028563,39.37746431],[-76.6126313,39.38202202],[-76.6636384,39.40680748],[-76.7037454,39.42847139],[-76.7146455,39.43470727],[-76.7656526,39.46581546],[-76.7859934,39.47947847],[-76.8166597,39.5018103],[-76.8528541,39.53048556],[-76.8676667,39.55697395],[-76.8793939,39.58149264],[-76.8826955,39.63249969]]]}},
{"type":"Feature","properties":{"Lower":90.0},"geometry":{"type":"Polygon","coordinates":[[[-88.887944,44.93723584],[-88.88699,44.98824292],[-88.8826434,45.03924997],[-88.8759942,45.09025705],[-88.8677611,45.14126414],[-88.858352,45.19227122],[-88.8543301,45.21205205],[-88.8476386,45.2432783],[-88.8370247,45.29428538],[-88.8308458,45.34529247],[-88.8255353,45.39629952],[-88.8201947,45.4473066],[-88.8147304,45.49831368],[-88.8092041,45.54932077],[-88.8543301,45.56207808],[-88.8543301,45.56211782],[-88.803323,45.56211159],[-88.7905322,45.54932077],[-88.752316,45.51109812],[-88.7013089,45.5110929],[-88.6503018,45.51108817],[-88.5992947,45.51108398],[-88.5482876,45.51108029],[-88.4972806,45.51107713],[-88.4845171,45.49831368],[-88.4462735,45.46006713],[-88.3952664,45.46006504],[-88.3442593,45.46006338],[-88.2932522,45.46006216],[-88.2422452,45.46006144],[-88.1912381,45.46006113],[-88.1784836,45.4473066],[-88.140231,45.40905389],[-88.0892239,45.40905389],[-88.0382168,45.40905407],[-87.9872098,45.40905457],[-87.9362027,45.40905542],[-87.8851956,45.40905667],[-87.8724385,45.39629952],[-87.8341885,45.35805244],[-87.7831814,45.3580546],[-87.7321744,45.35805697],[-87.6811673,45.35805951],[-87.6301602,45.35806214],[-87.5791531,45.35806483],[-87.5663808,45.34529247],[-87.528146,45.30706328],[-87.477139,45.30706607],[-87.4261319,45.30706882],[-87.3751248,45.30707145],[-87.3241178,45.30707399],[-87.2731107,45.30707643],[-87.2603196,45.29428538],[-87.2221036,45.25607454],[-87.2221036,45.25603477],[-87.2731107,45.28620995],[-87.3241178,45.24821713],[-87.3303938,45.2432783],[-87.3751248,45.20891081],[-87.3959492,45.19227122],[-87.4261319,45.16854627],[-87.45965,45.14126414],[-87.477139,45.12732064],[-87.5217166,45.09025705],[-87.528146,45.08503043],[-87.5791531,45.04161167],[-87.5817439,45.03924997],[-87.6301602,44.99681209],[-87.6393228,44.98824292],[-87.6811673,44.95070499],[-87.6951525,44.93723584],[-87.7321744,44.90329296],[-87.7493976,44.88622875],[-87.7831814,44.85440437],[-87.8019357,44.83522167],[-87.8341885,44.80393659],[-87.8528826,44.78421459],[-87.8851956,44.75195248],[-87.9023943,44.7332075],[-87.9362027,44.69854617],[-87.9507178,44.68220045],[-87.9872098,44.64378523],[-87.9980307,44.63119337],[-88.0382168,44.5879675],[-88.0447572,44.58018629],[-88.0892239,44.53209166],[-88.0916786,44.5291792],[-88.140231,44.47884692],[-88.14088,44.47817212],[-88.1912381,44.43739861],[-88.2422452,44.4325623],[-88.2932522,44.44307908],[-88.3442593,44.45371642],[-88.3952664,44.46519814],[-88.4462735,44.47739033],[-88.4493047,44.47817212],[-88.4972806,44.49207231],[-88.5482876,44.50924059],[-88.5970101,44.5291792],[-88.5992947,44.53051901],[-88.6503018,44.56164184],[-88.6799479,44.58018629],[-88.7013089,44.59746522],[-88.7439789,44.63119337],[-88.752316,44.63985154],[-88.7938938,44.68220045],[-88.803323,44.69509773],[-88.8313418,44.7332075],[-88.8543301,44.77708295],[-88.8580302,44.78421459],[-88.8749507,44.83522167],[-88.8844381,44.88622875],[-88.887944,44.93723584]]]}},
{"type":"Feature","properties":{"Lower":90.0},"geometry":{"type":"Polygon","coordinates":[[[-89.1093655,31.81566466],[-89.1093655,31.81562488],[-89.1603726,31.81563111],[-89.2113796,31.8156374],[-89.2623867,31.81564369],[-89.3133938,31.81564998],[-89.3644009,31.8156563],[-89.3771613,31.82841674],[-89.4154079,31.86666786],[-89.4492612,31.87942382],[-89.4647735,31.93043091],[-89.466415,31.93558462],[-89.4809662,31.98143799],[-89.49779,32.03244507],[-89.5153599,32.08345215],[-89.5174221,32.08918979],[-89.5336134,32.13445921],[-89.5525779,32.18546629],[-89.5684292,32.22654012],[-89.5722395,32.23647337],[-89.5926087,32.28748045],[-89.6137441,32.33848754],[-89.6194363,32.35178524],[-89.6355009,32.38949462],[-89.6574588,32.4405017],[-89.6704433,32.47019579],[-89.6797186,32.49150875],[-89.7022957,32.54251584],[-89.7214504,32.58503151],[-89.7252489,32.59352292],[-89.7484641,32.64453],[-89.7718457,32.69553709],[-89.7724575,32.69681809],[-89.7962084,32.74654417],[-89.8208011,32.79755122],[-89.8234646,32.80294201],[-89.8458435,32.8485583],[-89.8715132,32.89956539],[-89.8744717,32.90530584],[-89.897609,32.95057247],[-89.9245118,33.00157955],[-89.9254787,33.00336196],[-89.9519625,33.05258663],[-89.9764858,33.09672897],[-89.9802685,33.10359372],[-90.0093741,33.15460077],[-90.0274929,33.18519209],[-90.0394868,33.20560785],[-90.0706395,33.25661493],[-90.0785,33.26895273],[-90.1029932,33.30762202],[-90.1295071,33.34750803],[-90.136857,33.3586291],[-90.1722867,33.40963618],[-90.1805141,33.42085047],[-90.2099486,33.46064327],[-90.2315212,33.4875379],[-90.2513049,33.51165032],[-90.2825283,33.54648269],[-90.2973669,33.5626574],[-90.3335353,33.59864852],[-90.3490265,33.61366448],[-90.3845425,33.64494359],[-90.4075841,33.66467157],[-90.4355495,33.68630049],[-90.4747598,33.71567865],[-90.4865566,33.72362149],[-90.5375637,33.75711682],[-90.5524472,33.76668573],[-90.5885707,33.78731172],[-90.6395778,33.81539924],[-90.6437382,33.81769278],[-90.6905849,33.84028443],[-90.741592,33.86397975],[-90.7516292,33.86869987],[-90.7925991,33.88512642],[-90.8436061,33.9050639],[-90.8815334,33.91970695],[-90.8946132,33.92382311],[-90.9456203,33.93995921],[-90.9966274,33.95310129],[-91.0476345,33.95774903],[-91.0986415,33.95540022],[-91.1496486,33.95698768],[-91.1870586,33.97071403],[-91.2006557,33.97727642],[-91.2270661,34.02172111],[-91.2464229,34.0727282],[-91.2516628,34.08676607],[-91.2775175,34.12373528],[-91.3026698,34.1496925],[-91.3536769,34.16506048],[-91.404684,34.17264521],[-91.4239233,34.17474233],[-91.4556911,34.17812772],[-91.5066982,34.18319953],[-91.5577052,34.18843398],[-91.6087123,34.19389537],[-91.6597194,34.19958375],[-91.7107265,34.20543363],[-91.7617336,34.2113809],[-91.8127406,34.21735389],[-91.8637477,34.22331686],[-91.885149,34.22574941],[-91.9147548,34.22906423],[-91.9657618,34.2345994],[-92.0167689,34.23998609],[-92.067776,34.24515658],[-92.1187831,34.25007722],[-92.1697902,34.25429174],[-92.2207972,34.25769518],[-92.2718043,34.25980426],[-92.3228114,34.26067204],[-92.3738185,34.2603245],[-92.4248256,34.25885577],[-92.4758326,34.25624291],[-92.5268397,34.25253164],[-92.5778468,34.24766755],[-92.6288539,34.24166933],[-92.679861,34.23444867],[-92.730868,34.22618845],[-92.7331885,34.22574941],[-92.7818751,34.21549369],[-92.8328822,34.20351535],[-92.8838893,34.18996035],[-92.9338792,34.17474233],[-92.9348964,34.17440362],[-92.9859034,34.15668883],[-93.0369105,34.13677964],[-93.0675536,34.12373528],[-93.0879176,34.11426729],[-93.1389247,34.08875392],[-93.1684045,34.0727282],[-93.1899317,34.05996325],[-93.2409388,34.02750556],[-93.2494863,34.02172111],[-93.2919459,33.99043472],[-93.3170825,33.97071403],[-93.342953,33.94863846],[-93.3750418,33.91970695],[-93.39396,33.90119282],[-93.425653,33.86869987],[-93.4449671,33.84723091],[-93.4703847,33.81769278],[-93.4959742,33.78551645],[-93.5104014,33.76668573],[-93.5461153,33.71567865],[-93.5469813,33.71437421],[-93.5792156,33.66467157],[-93.5979884,33.63296315],[-93.6091008,33.61366448],[-93.6365941,33.5626574],[-93.6489954,33.53805012],[-93.6620105,33.51165032],[-93.6859969,33.46064327],[-93.7000025,33.4293482],[-93.7086901,33.40963618],[-93.7302116,33.3586291],[-93.7504005,33.30762202],[-93.7510096,33.30607042],[-93.7703415,33.25661493],[-93.7891759,33.20560785],[-93.8020167,33.16934192],[-93.8071901,33.15460077],[-93.8243001,33.10359372],[-93.840484,33.05258663],[-93.8530237,33.01084812],[-93.8557921,33.00157955],[-93.8701561,32.95057247],[-93.8837083,32.89956539],[-93.8965353,32.8485583],[-93.9040308,32.81709448],[-93.9086661,32.79755122],[-93.9200927,32.74654417],[-93.9309563,32.69553709],[-93.9414713,32.64453],[-93.9516228,32.59352292],[-93.9550379,32.57616935],[-93.9616225,32.54251584],[-93.9717017,32.49150875],[-93.9820167,32.4405017],[-93.992932,32.38949462],[-94.004662,32.33848754],[-94.006045,32.33303366],[-94.0175634,32.28748045],[-94.0311895,32.23647337],[-94.044488,32.18546629],[-94.0570521,32.1373021],[-94.0577893,32.13445921],[-94.0700102,32.08345215],[-94.0822678,32.03244507],[-94.1080591,32.01969055],[-94.1590662,32.01968507],[-94.2100733,32.01967963],[-94.2610804,32.01967421],[-94.3120875,32.0196688],[-94.3630945,32.01966342],[-94.4141016,32.01965807],[-94.4651087,32.01965278],[-94.4651087,32.01969252],[-94.4577259,32.03244507],[-94.4451433,32.08345215],[-94.4321361,32.13445921],[-94.4187116,32.18546629],[-94.4141016,32.20237844],[-94.4048897,32.23647337],[-94.3907333,32.28748045],[-94.3776793,32.33848754],[-94.3663113,32.38949462],[-94.3630945,32.4055077],[-94.3561059,32.4405017],[-94.34649,32.49150875],[-94.3371441,32.54251584],[-94.3276217,32.59352292],[-94.3178303,32.64453],[-94.3120875,32.67278957],[-94.307485,32.69553709],[-94.296519,32.74654417],[-94.2848104,32.79755122],[-94.2722112,32.8485583],[-94.2610804,32.89064783],[-94.2587323,32.89956539],[-94.2443703,32.95057247],[-94.2291654,33.00157955],[-94.2136443,33.05258663],[-94.2100733,33.06415935],[-94.1978878,33.10359372],[-94.1818262,33.15460077],[-94.165443,33.20560785],[-94.1590662,33.22498851],[-94.1486001,33.25661493],[-94.1312651,33.30762202],[-94.113421,33.3586291],[-94.1080591,33.37349896],[-94.0949135,33.40963618],[-94.0757173,33.46064327],[-94.0570521,33.50854926],[-94.0558312,33.51165032],[-94.0350165,33.5626574],[-94.0132768,33.61366448],[-94.006045,33.63002325],[-93.9905388,33.66467157],[-93.9666748,33.71567865],[-93.9550379,33.7392471],[-93.9411649,33.76668573],[-93.9135019,33.81769278],[-93.9040308,33.83402771],[-93.8833204,33.86869987],[-93.8530237,33.91560058],[-93.8502838,33.91970695],[-93.8138161,33.97071403],[-93.8020167,33.98599348],[-93.773249,34.02172111],[-93.7510096,34.0472255],[-93.7276901,34.0727282],[-93.7000025,34.10068757],[-93.6759136,34.12373528],[-93.6489954,34.14744102],[-93.6159591,34.17474233],[-93.5979884,34.18842995],[-93.5469813,34.22444031],[-93.5450065,34.22574941],[-93.4959742,34.25566108],[-93.4578899,34.2767565],[-93.4449671,34.28334076],[-93.39396,34.30725478],[-93.3448669,34.32776358],[-93.342953,34.32849796],[-93.2919459,34.34645091],[-93.2409388,34.36214578],[-93.1899317,34.37583449],[-93.1775818,34.37877066],[-93.1389247,34.38717298],[-93.0879176,34.3966641],[-93.0369105,34.40464146],[-92.9859034,34.41116207],[-92.9348964,34.41639292],[-92.8838893,34.42037878],[-92.8328822,34.42317408],[-92.7818751,34.42486715],[-92.730868,34.42543255],[-92.679861,34.42494613],[-92.6288539,34.42347512],[-92.5778468,34.42107552],[-92.5268397,34.41773998],[-92.4758326,34.41351038],[-92.4248256,34.40850068],[-92.3738185,34.40294951],[-92.3228114,34.39677331],[-92.2718043,34.39026136],[-92.2207972,34.38342923],[-92.1875741,34.37877066],[-92.1697902,34.3762907],[-92.1187831,34.36883387],[-92.067776,34.36118371],[-92.0167689,34.35336469],[-91.9657618,34.34543387],[-91.9147548,34.33740594],[-91.8637477,34.32932644],[-91.8540899,34.32776358],[-91.8127406,34.321088],[-91.7617336,34.31281774],[-91.7107265,34.30460794],[-91.6597194,34.29650372],[-91.6087123,34.28855509],[-91.5577052,34.28080732],[-91.5307551,34.2767565],[-91.5066982,34.2731418],[-91.4556911,34.26548159],[-91.404684,34.25766164],[-91.3536769,34.24864326],[-91.3026698,34.23497339],[-91.2888425,34.22574941],[-91.2516628,34.19634897],[-91.2400556,34.17474233],[-91.2187956,34.12373528],[-91.2006557,34.07493109],[-91.1991778,34.0727282],[-91.1496486,34.0285745],[-91.1154213,34.02172111],[-91.0986415,34.01888473],[-91.0476345,34.02015578],[-91.0323336,34.02172111],[-90.9966274,34.0253105],[-90.9456203,34.0242702],[-90.9115541,34.02172111],[-90.8946132,34.02005004],[-90.8436061,34.01377411],[-90.7925991,34.00617398],[-90.741592,33.99734896],[-90.6905849,33.98733119],[-90.6395778,33.97604937],[-90.6171837,33.97071403],[-90.5885707,33.96284545],[-90.5375637,33.94775119],[-90.4865566,33.93108093],[-90.4544546,33.91970695],[-90.4355495,33.91213912],[-90.3845425,33.89040633],[-90.3380664,33.86869987],[-90.3335353,33.86633334],[-90.2825283,33.83834931],[-90.2477017,33.81769278],[-90.2315212,33.80702612],[-90.1805141,33.77127683],[-90.1742913,33.76668573],[-90.1295071,33.73015418],[-90.112698,33.71567865],[-90.0785,33.6832828],[-90.0597622,33.66467157],[-90.0274929,33.62953393],[-90.0132483,33.61366448],[-89.9764858,33.57005978],[-89.9702944,33.5626574],[-89.9299051,33.51165032],[-89.9254787,33.50575866],[-89.8916274,33.46064327],[-89.8744717,33.436619],[-89.8551783,33.40963618],[-89.8234646,33.36309058],[-89.8204169,33.3586291],[-89.7868905,33.30762202],[-89.7724575,33.28475743],[-89.7546242,33.25661493],[-89.7235915,33.20560785],[-89.7214504,33.20197309],[-89.6934025,33.15460077],[-89.6704433,33.11443497],[-89.6642145,33.10359372],[-89.6358098,33.05258663],[-89.6194363,33.02220078],[-89.6082533,33.00157955],[-89.5813262,32.95057247],[-89.5684292,32.92544892],[-89.5550741,32.89956539],[-89.5294461,32.8485583],[-89.5174221,32.8241073],[-89.5042796,32.79755122],[-89.4796503,32.74654417],[-89.466415,32.71858736],[-89.4554472,32.69553709],[-89.4316573,32.64453],[-89.4154079,32.60902405],[-89.4082779,32.59352292],[-89.385267,32.54251584],[-89.3644009,32.49529872],[-89.3627154,32.49150875],[-89.3403781,32.4405017],[-89.3184493,32.38949462],[-89.3133938,32.37760888],[-89.2966698,32.33848754],[-89.275202,32.28748045],[-89.2623867,32.25647435],[-89.2540783,32.23647337],[-89.2336426,32.18546629],[-89.2140668,32.13445921],[-89.2113796,32.12714976],[-89.1952342,32.08345215],[-89.1771607,32.03244507],[-89.1603726,31.98295125],[-89.1598567,31.98143799],[-89.1432197,31.93043091],[-89.1273072,31.87942382],[-89.1121171,31.82841674],[-89.1093655,31.81566466]]]}},
{"type":"Feature","properties":{"Lower":95.0},"geometry":{"type":"Polygon","coordinates":[[[-90.0056411,38.20430153],[-89.9764858,38.21881252],[-89.9254787,38.21121334],[-89.918914,38.20430153],[-89.9254787,38.19653242],[-89.9728814,38.15329445],[-89.9764858,38.15183864],[-89.9796509,38.15329445],[-90.0056411,38.20430153]]]}},
{"type":"Feature","properties":{"Lower":95.0},"geometry":{"type":"Polygon","coordinates":[[[-76.0648146,37.38818827],[-76.0555866,37.43919535],[-76.0515535,37.45221308],[-76.034869,37.49020243],[-76.0104836,37.54120952],[-76.0005464,37.56054245],[-75.9707104,37.59221657],[-75.9495393,37.61279033],[-75.8985322,37.62165969],[-75.8475252,37.61067177],[-75.7984231,37.59221657],[-75.7965181,37.59132722],[-75.745511,37.55430779],[-75.7321224,37.54120952],[-75.6999152,37.49020243],[-75.694504,37.45743025],[-75.6916529,37.43919535],[-75.694504,37.43229168],[-75.7112372,37.38818827],[-75.745511,37.35437303],[-75.76093,37.33718118],[-75.7965181,37.31622036],[-75.8442144,37.2861741],[-75.8475252,37.28501142],[-75.8985322,37.27407882],[-75.9495393,37.27666809],[-76.0005464,37.27557581],[-76.0258471,37.2861741],[-76.0515535,37.31532589],[-76.0629852,37.33718118],[-76.0648146,37.38818827]]]}},
{"type":"Feature","properties":{"Lower":95.0},"geometry":{"type":"Polygon","coordinates":[[[-87.9129836,38.25530858],[-87.8999524,38.30631566],[-87.8851956,38.3199565],[-87.8341885,38.32511837],[-87.7831814,38.31895084],[-87.7430905,38.30631566],[-87.7321744,38.30327334],[-87.6811673,38.27882772],[-87.6483143,38.25530858],[-87.6301602,38.24375849],[-87.5853369,38.20430153],[-87.5791531,38.19942341],[-87.5354584,38.15329445],[-87.528146,38.14624839],[-87.4941179,38.10228736],[-87.477139,38.08059726],[-87.4582168,38.05128028],[-87.4261319,38.00187621],[-87.4252049,38.0002732],[-87.3977429,37.94926612],[-87.4261319,37.91957994],[-87.477139,37.90209942],[-87.528146,37.89964014],[-87.5791531,37.90687304],[-87.6301602,37.90536454],[-87.6811673,37.91297346],[-87.7321744,37.93375219],[-87.7547748,37.94926612],[-87.7831814,37.9740038],[-87.8060607,38.0002732],[-87.8341885,38.03999758],[-87.8410627,38.05128028],[-87.8673552,38.10228736],[-87.8851956,38.14347832],[-87.8891952,38.15329445],[-87.9047753,38.20430153],[-87.9129836,38.25530858]]]}},
{"type":"Feature","properties":{"Lower":95.0},"geometry":{"type":"Polygon","coordinates":[[[-88.752316,31.81566275],[-88.752316,31.81562301],[-88.803323,31.81562864],[-88.8543301,31.8156344],[-88.9053372,31.81564028],[-88.9563442,31.81564623],[-89.0073513,31.8156523],[-89.0583584,31.81565843],[-89.1093655,31.81566466],[-89.1121171,31.82841674],[-89.1273072,31.87942382],[-89.1432197,31.93043091],[-89.1598567,31.98143799],[-89.1603726,31.98295125],[-89.1771607,32.03244507],[-89.1952342,32.08345215],[-89.2113796,32.12714976],[-89.2140668,32.13445921],[-89.2336426,32.18546629],[-89.2540783,32.23647337],[-89.2623867,32.25647435],[-89.275202,32.28748045],[-89.2966698,32.33848754],[-89.3133938,32.37760888],[-89.3184493,32.38949462],[-89.3403781,32.4405017],[-89.3627154,32.49150875],[-89.3644009,32.49529872],[-89.385267,32.54251584],[-89.4082779,32.59352292],[-89.4154079,32.60902405],[-89.4316573,32.64453],[-89.4554472,32.69553709],[-89.466415,32.71858736],[-89.4796503,32.74654417],[-89.5042796,32.79755122],[-89.5174221,32.8241073],[-89.5294461,32.8485583],[-89.5550741,32.89956539],[-89.5684292,32.92544892],[-89.5813262,32.95057247],[-89.6082533,33.00157955],[-89.6194363,33.02220078],[-89.6358098,33.05258663],[-89.6642145,33.10359372],[-89.6704433,33.11443497],[-89.6934025,33.15460077],[-89.7214504,33.20197309],[-89.7235915,33.20560785],[-89.7546242,33.25661493],[-89.7724575,33.28475743],[-89.7868905,33.30762202],[-89.8204169,33.3586291],[-89.8234646,33.36309058],[-89.8551783,33.40963618],[-89.8744717,33.436619],[-89.8916274,33.46064327],[-89.9254787,33.50575866],[-89.9299051,33.51165032],[-89.9702944,33.5626574],[-89.9764858,33.57005978],[-90.0132483,33.61366448],[-90.0274929,33.62953393],[-90.0597622,33.66467157],[-90.0785,33.6832828],[-90.112698,33.71567865],[-90.1295071,33.73015418],[-90.1742913,33.76668573],[-90.1805141,33.77127683],[-90.2315212,33.80702612],[-90.2477017,33.81769278],[-90.2825283,33.83834931],[-90.3335353,33.86633334],[-90.3380664,33.86869987],[-90.3845425,33.89040633],[-90.4355495,33.91213912],[-90.4544546,33.91970695],[-90.4865566,33.93108093],[-90.5375637,33.94775119],[-90.5885707,33.96284545],[-90.6171837,33.97071403],[-90.6395778,33.97604937],[-90.6905849,33.98733119],[-90.741592,33.99734896],[-90.7925991,34.00617398],[-90.8436061,34.01377411],[-90.8946132,34.02005004],[-90.9115541,34.02172111],[-90.9456203,34.0242702],[-90.9966274,34.0253105],[-91.0323336,34.02172111],[-91.0476345,34.02015578],[-91.0986415,34.01888473],[-91.1154213,34.02172111],[-91.1496486,34.0285745],[-91.1991778,34.0727282],[-91.2006557,34.07493109],[-91.2187956,34.12373528],[-91.2400556,34.17474233],[-91.2516628,34.19634897],[-91.2888425,34.22574941],[-91.3026698,34.23497339],[-91.3536769,34.24864326],[-91.404684,34.25766164],[-91.4556911,34.26548159],[-91.5066982,34.2731418],[-91.5307551,34.2767565],[-91.5577052,34.28080732],[-91.6087123,34.28855509],[-91.6597194,34.29650372],[-91.7107265,34.30460794],[-91.7617336,34.31281774],[-91.8127406,34.321088],[-91.8540899,34.32776358],[-91.8637477,34.32932644],[-91.9147548,34.33740594],[-91.9657618,34.34543387],[-92.0167689,34.35336469],[-92.067776,34.36118371],[-92.1187831,34.36883387],[-92.1697902,34.3762907],[-92.1875741,34.37877066],[-92.2207972,34.38342923],[-92.2718043,34.39026136],[-92.3228114,34.39677331],[-92.3738185,34.40294951],[-92.4248256,34.40850068],[-92.4758326,34.41351038],[-92.5268397,34.41773998],[-92.5778468,34.42107552],[-92.6288539,34.42347512],[-92.679861,34.42494613],[-92.730868,34.42543255],[-92.7818751,34.42486715],[-92.8328822,34.42317408],[-92.8838893,34.42037878],[-92.9348964,34.41639292],[-92.9859034,34.41116207],[-93.0369105,34.40464146],[-93.0879176,34.3966641],[-93.1389247,34.38717298],[-93.1775818,34.37877066],[-93.1899317,34.37583449],[-93.2409388,34.36214578],[-93.2919459,34.34645091],[-93.342953,34.32849796],[-93.3448669,34.32776358],[-93.39396,34.30725478],[-93.4449671,34.28334076],[-93.4578899,34.2767565],[-93.4959742,34.25566108],[-93.5450065,34.22574941],[-93.5469813,34.22444031],[-93.5979884,34.18842995],[-93.6159591,34.17474233],[-93.6489954,34.14744102],[-93.6759136,34.12373528],[-93.7000025,34.10068757],[-93.7276901,34.0727282],[-93.7510096,34.0472255],[-93.773249,34.02172111],[-93.8020167,33.98599348],[-93.8138161,33.97071403],[-93.8502838,33.91970695],[-93.8530237,33.91560058],[-93.8833204,33.86869987],[-93.9040308,33.83402771],[-93.9135019,33.81769278],[-93.9411649,33.76668573],[-93.9550379,33.7392471],[-93.9666748,33.71567865],[-93.9905388,33.66467157],[-94.006045,33.63002325],[-94.0132768,33.61366448],[-94.0350165,33.5626574],[-94.0558312,33.51165032],[-94.0570521,33.50854926],[-94.0757173,33.46064327],[-94.0949135,33.40963618],[-94.1080591,33.37349896],[-94.113421,33.3586291],[-94.1312651,33.30762202],[-94.1486001,33.25661493],[-94.1590662,33.22498851],[-94.165443,33.20560785],[-94.1818262,33.15460077],[-94.1978878,33.10359372],[-94.2100733,33.06415935],[-94.2136443,33.05258663],[-94.2291654,33.00157955],[-94.2443703,32.95057247],[-94.2587323,32.89956539],[-94.2610804,32.89064783],[-94.2722112,32.8485583],[-94.2848104,32.79755122],[-94.296519,32.74654417],[-94.307485,32.69553709],[-94.3120875,32.67278957],[-94.3178303,32.64453],[-94.3276217,32.59352292],[-94.3371441,32.54251584],[-94.34649,32.49150875],[-94.3561059,32.4405017],[-94.3630945,32.4055077],[-94.3663113,32.38949462],[-94.3776793,32.33848754],[-94.3907333,32.28748045],[-94.4048897,32.23647337],[-94.4141016,32.20237844],[-94.4187116,32.18546629],[-94.4321361,32.13445921],[-94.4451433,32.08345215],[-94.4577259,32.03244507],[-94.4651087,32.01969252],[-94.5161158,32.01968726],[-94.5671229,32.01968207],[-94.6181299,32.0196769],[-94.669137,32.0196718],[-94.7201441,32.01966676],[-94.7711511,32.01966179],[-94.8221582,32.01965688],[-94.8731653,32.01965203],[-94.8731653,32.01969177],[-94.8570662,32.03244507],[-94.846118,32.08345215],[-94.8331137,32.13445921],[-94.8221582,32.17391291],[-94.8189971,32.18546629],[-94.8044846,32.23647337],[-94.789429,32.28748045],[-94.7739107,32.33848754],[-94.7711511,32.34820152],[-94.7597576,32.38949462],[-94.74791,32.4405017],[-94.7373303,32.49150875],[-94.7271504,32.54251584],[-94.7201441,32.57689425],[-94.7168079,32.59352292],[-94.7059625,32.64453],[-94.6941625,32.69553709],[-94.6812361,32.74654417],[-94.669137,32.79016855],[-94.6671236,32.79755122],[-94.6518243,32.8485583],[-94.6353054,32.89956539],[-94.6187323,32.95057247],[-94.6181299,32.95245808],[-94.6026215,33.00157955],[-94.5868177,33.05258663],[-94.5710888,33.10359372],[-94.5671229,33.11657818],[-94.5555603,33.15460077],[-94.5399698,33.20560785],[-94.5242877,33.25661493],[-94.5161158,33.28282676],[-94.5083969,33.30762202],[-94.4923034,33.3586291],[-94.4758668,33.40963618],[-94.4651087,33.44239707],[-94.4590992,33.46064327],[-94.4418986,33.51165032],[-94.4242833,33.5626574],[-94.4141016,33.59141834],[-94.4061784,33.61366448],[-94.3875362,33.66467157],[-94.368397,33.71567865],[-94.3630945,33.72950386],[-94.3486771,33.76668573],[-94.3283272,33.81769278],[-94.3120875,33.85676831],[-94.3070403,33.86869987],[-94.2842611,33.91970695],[-94.2610804,33.96806659],[-94.2597835,33.97071403],[-94.233318,34.02172111],[-94.2100733,34.06324487],[-94.2046132,34.0727282],[-94.1732454,34.12373528],[-94.1590662,34.14518173],[-94.1387751,34.17474233],[-94.1080591,34.21593363],[-94.1004028,34.22574941],[-94.0578969,34.2767565],[-94.0570521,34.27768793],[-94.0083011,34.32776358],[-94.006045,34.32992842],[-93.9550379,34.37577716],[-93.9514587,34.37877066],[-93.9040308,34.41547144],[-93.8838361,34.42977774],[-93.8530237,34.44991215],[-93.8020167,34.47986044],[-93.800308,34.48078483],[-93.7510096,34.50543401],[-93.7000025,34.52766604],[-93.6894908,34.53179188],[-93.6489954,34.54647839],[-93.5979884,34.56248352],[-93.5469813,34.57605661],[-93.5172358,34.58279896],[-93.4959742,34.58725125],[-93.4449671,34.59629622],[-93.39396,34.60346907],[-93.342953,34.60899439],[-93.2919459,34.61299296],[-93.2409388,34.61556426],[-93.1899317,34.61683012],[-93.1389247,34.61692528],[-93.0879176,34.61590804],[-93.0369105,34.61392824],[-92.9859034,34.61106641],[-92.9348964,34.60745672],[-92.8838893,34.60314707],[-92.8328822,34.59812182],[-92.7818751,34.59243894],[-92.730868,34.58620794],[-92.7056002,34.58279896],[-92.679861,34.57943971],[-92.6288539,34.57220996],[-92.5778468,34.56452544],[-92.5268397,34.5564609],[-92.4758326,34.54803424],[-92.4248256,34.53928476],[-92.3827093,34.53179188],[-92.3738185,34.5302487],[-92.3228114,34.52095404],[-92.2718043,34.51143973],[-92.2207972,34.50172137],[-92.1697902,34.49185348],[-92.1187831,34.48181649],[-92.1137098,34.48078483],[-92.067776,34.47162917],[-92.0167689,34.46134343],[-91.9657618,34.45100055],[-91.9147548,34.44059934],[-91.8637477,34.43018759],[-91.8617872,34.42977774],[-91.8127406,34.41970214],[-91.7617336,34.4092426],[-91.7107265,34.39886167],[-91.6597194,34.38857186],[-91.610679,34.37877066],[-91.6087123,34.37838395],[-91.5577052,34.36826825],[-91.5066982,34.35831059],[-91.4556911,34.34845819],[-91.404684,34.33848876],[-91.3542007,34.32776358],[-91.3536769,34.3276538],[-91.3026698,34.31377543],[-91.2516628,34.28535946],[-91.2451164,34.2767565],[-91.2128346,34.22574941],[-91.2006557,34.20085624],[-91.1891269,34.17474233],[-91.1630639,34.12373528],[-91.1496486,34.10608421],[-91.0986415,34.08482801],[-91.0476345,34.08091947],[-90.9966274,34.08456615],[-90.9456203,34.09033092],[-90.8946132,34.09594354],[-90.8436061,34.10013625],[-90.7925991,34.10281689],[-90.741592,34.10417854],[-90.6905849,34.10432599],[-90.6395778,34.10326231],[-90.5885707,34.10099521],[-90.5375637,34.09749789],[-90.4865566,34.0926736],[-90.4355495,34.08644407],[-90.3845425,34.07871399],[-90.3514426,34.0727282],[-90.3335353,34.06908014],[-90.2825283,34.05724259],[-90.2315212,34.04333955],[-90.1805141,34.0272039],[-90.1649114,34.02172111],[-90.1295071,34.00785986],[-90.0785,33.98544445],[-90.0483791,33.97071403],[-90.0274929,33.95938236],[-89.9764858,33.92908588],[-89.9619434,33.91970695],[-89.9254787,33.89367409],[-89.8931249,33.86869987],[-89.8744717,33.85278332],[-89.8355561,33.81769278],[-89.8234646,33.80595374],[-89.7839539,33.76668573],[-89.7724575,33.75455274],[-89.736183,33.71567865],[-89.7214504,33.6989647],[-89.6914504,33.66467157],[-89.6704433,33.63934871],[-89.6492961,33.61366448],[-89.6194363,33.5755257],[-89.6093914,33.5626574],[-89.5713414,33.51165032],[-89.5684292,33.50758522],[-89.5347521,33.46064327],[-89.5174221,33.43535164],[-89.4997757,33.40963618],[-89.466415,33.35941924],[-89.4658924,33.3586291],[-89.4337183,33.30762202],[-89.4154079,33.27771072],[-89.4024378,33.25661493],[-89.3722127,33.20560785],[-89.3644009,33.19199068],[-89.3428278,33.15460077],[-89.3144844,33.10359372],[-89.3133938,33.10157855],[-89.2867285,33.05258663],[-89.2623867,33.0061586],[-89.2599756,33.00157955],[-89.2336674,32.95057247],[-89.2113796,32.90580662],[-89.2082546,32.89956539],[-89.183182,32.8485583],[-89.1603726,32.80071236],[-89.158857,32.79755122],[-89.1348726,32.74654417],[-89.1114948,32.69553709],[-89.1093655,32.69083418],[-89.0882827,32.64453],[-89.0655683,32.59352292],[-89.0583584,32.57704949],[-89.0431385,32.54251584],[-89.0210934,32.49150875],[-89.0073513,32.45910132],[-88.9994095,32.4405017],[-88.9779872,32.38949462],[-88.9569753,32.33848754],[-88.9563442,32.3369478],[-88.9358182,32.28748045],[-88.9150099,32.23647337],[-88.9053372,32.21202287],[-88.8946849,32.18546629],[-88.8750753,32.13445921],[-88.8563627,32.08345215],[-88.8543301,32.07768645],[-88.8381365,32.03244507],[-88.8206819,31.98143799],[-88.8040976,31.93043091],[-88.803323,31.92794697],[-88.7879605,31.87942382],[-88.7725956,31.82841674],[-88.752316,31.81566275]]]}},
{"type":"Feature","properties":{"Lower":95.0},"geometry":{"type":"Polygon","coordinates":[[[-89.3024173,42.69292438],[-89.3004239,42.74393146],[-89.2958245,42.79493854],[-89.2878672,42.84594563],[-89.2762338,42.89695271],[-89.2623867,42.93634439],[-89.258158,42.94795979],[-89.2384173,42.99896684],[-89.2113796,43.04307433],[-89.2069733,43.04997393],[-89.1710462,43.10098101],[-89.1603726,43.1128235],[-89.1189347,43.15198809],[-89.1093655,43.15966604],[-89.0583584,43.19437685],[-89.0426125,43.20299518],[-89.0073513,43.21981627],[-88.9563442,43.23854838],[-88.9053372,43.25164644],[-88.8934669,43.25400226],[-88.8543301,43.26074058],[-88.803323,43.26596849],[-88.752316,43.26848193],[-88.7013089,43.26888673],[-88.6503018,43.26781827],[-88.5992947,43.26573091],[-88.5482876,43.26255425],[-88.4972806,43.25731648],[-88.4756317,43.25400226],[-88.4462735,43.24938735],[-88.3952664,43.23832295],[-88.3442593,43.22451545],[-88.2932522,43.2075706],[-88.2832757,43.20299518],[-88.2422452,43.18439746],[-88.1912381,43.1555602],[-88.1847799,43.15198809],[-88.140231,43.12543186],[-88.0892239,43.1051976],[-88.0672297,43.10098101],[-88.0382168,43.09498799],[-87.9872098,43.09482105],[-87.9362027,43.09927439],[-87.8851956,43.09809174],[-87.8341885,43.09266437],[-87.7831814,43.08479135],[-87.7321744,43.07553558],[-87.6811673,43.06566119],[-87.6301602,43.05572367],[-87.5984118,43.04997393],[-87.5791531,43.04619876],[-87.528146,43.03941738],[-87.477139,43.03548972],[-87.4261319,43.0340827],[-87.3751248,43.03553453],[-87.3241178,43.03998212],[-87.2731107,43.04779507],[-87.263069,43.04997393],[-87.2221036,43.0603282],[-87.1710965,43.07805775],[-87.1200894,43.09870996],[-87.1156599,43.10098101],[-87.0690824,43.12972302],[-87.0358117,43.15198809],[-87.0180753,43.16595759],[-86.9753664,43.20299518],[-86.9670682,43.21155527],[-86.9286642,43.25400226],[-86.9160611,43.27054362],[-86.890766,43.30500934],[-86.8650541,43.34812615],[-86.8604748,43.35601639],[-86.8354986,43.40702348],[-86.8174529,43.45803056],[-86.814047,43.46798763],[-86.7993857,43.50903764],[-86.7874113,43.56004472],[-86.7789828,43.61105181],[-86.7738483,43.66205889],[-86.7722061,43.71306594],[-86.7741437,43.76407302],[-86.7796988,43.81508011],[-86.7890089,43.86608719],[-86.8027977,43.91709427],[-86.814047,43.94834393],[-86.821456,43.96810136],[-86.8461734,44.01910841],[-86.8650541,44.05068971],[-86.8773346,44.07011549],[-86.9160611,44.11560151],[-86.9208683,44.12112257],[-86.9670682,44.16847371],[-86.971225,44.17212966],[-87.0180753,44.20667717],[-87.0435356,44.22313674],[-87.0690824,44.23699355],[-87.1200894,44.26061643],[-87.1547212,44.27414382],[-87.1710965,44.27963888],[-87.2221036,44.2944367],[-87.2731107,44.30622024],[-87.3241178,44.31571968],[-87.3751248,44.32293543],[-87.3941414,44.3251509],[-87.4261319,44.32846018],[-87.477139,44.33227434],[-87.528146,44.33487609],[-87.5791531,44.3366284],[-87.6301602,44.33740143],[-87.6811673,44.3374458],[-87.7321744,44.33693889],[-87.7831814,44.33577892],[-87.8341885,44.33409027],[-87.8851956,44.33173727],[-87.9362027,44.3285453],[-87.9722024,44.3251509],[-87.9872098,44.32392854],[-88.0382168,44.31655204],[-88.0892239,44.30314831],[-88.140231,44.28522127],[-88.1912381,44.28527832],[-88.2422452,44.29624477],[-88.2932522,44.30869162],[-88.3442593,44.32220249],[-88.3547724,44.3251509],[-88.3952664,44.33593357],[-88.4462735,44.34841316],[-88.4972806,44.35736764],[-88.5482876,44.36197692],[-88.5992947,44.36440849],[-88.6503018,44.36641252],[-88.7013089,44.369115],[-88.752316,44.3734392],[-88.7740893,44.37615796],[-88.803323,44.37985164],[-88.8543301,44.38971217],[-88.9053372,44.40482092],[-88.9563442,44.42638754],[-88.9578966,44.42716504],[-89.0073513,44.45618621],[-89.0370411,44.47817212],[-89.0583584,44.49695778],[-89.0896869,44.5291792],[-89.1093655,44.55387755],[-89.1281185,44.58018629],[-89.157035,44.63119337],[-89.1603726,44.63834895],[-89.1793773,44.68220045],[-89.1961353,44.7332075],[-89.2084512,44.78421459],[-89.2113796,44.80110117],[-89.2170207,44.83522167],[-89.2208149,44.88622875],[-89.2194825,44.93723584],[-89.2144694,44.98824292],[-89.2113796,45.00903141],[-89.2069671,45.03924997],[-89.197556,45.09025705],[-89.1867662,45.14126414],[-89.1750077,45.19227122],[-89.1623852,45.2432783],[-89.1603726,45.25085449],[-89.14881,45.29428538],[-89.1343672,45.34529247],[-89.1203621,45.39629952],[-89.1114028,45.4473066],[-89.1093655,45.46072854],[-89.1036546,45.49831368],[-89.0958989,45.54932077],[-89.0966105,45.60032785],[-89.0965707,45.60032785],[-89.0583584,45.56210658],[-89.0073513,45.56209904],[-88.9563442,45.56209175],[-88.9053372,45.56208471],[-88.8543301,45.56207808],[-88.8092041,45.54932077],[-88.8147304,45.49831368],[-88.8201947,45.4473066],[-88.8255353,45.39629952],[-88.8308458,45.34529247],[-88.8370247,45.29428538],[-88.8476386,45.2432783],[-88.8543301,45.21205205],[-88.858352,45.19227122],[-88.8677611,45.14126414],[-88.8759942,45.09025705],[-88.8826434,45.03924997],[-88.88699,44.98824292],[-88.887944,44.93723584],[-88.8844381,44.88622875],[-88.8749507,44.83522167],[-88.8580302,44.78421459],[-88.8543301,44.77708295],[-88.8313418,44.7332075],[-88.803323,44.69509773],[-88.7938938,44.68220045],[-88.752316,44.63985154],[-88.7439789,44.63119337],[-88.7013089,44.59746522],[-88.6799479,44.58018629],[-88.6503018,44.56164184],[-88.5992947,44.53051901],[-88.5970101,44.5291792],[-88.5482876,44.50924059],[-88.4972806,44.49207231],[-88.4493047,44.47817212],[-88.4462735,44.47739033],[-88.3952664,44.46519814],[-88.3442593,44.45371642],[-88.2932522,44.44307908],[-88.2422452,44.4325623],[-88.1912381,44.43739861],[-88.14088,44.47817212],[-88.140231,44.47884692],[-88.0916786,44.5291792],[-88.0892239,44.53209166],[-88.0447572,44.58018629],[-88.0382168,44.5879675],[-87.9980307,44.63119337],[-87.9872098,44.64378523],[-87.9507178,44.68220045],[-87.9362027,44.69854617],[-87.9023943,44.7332075],[-87.8851956,44.75195248],[-87.8528826,44.78421459],[-87.8341885,44.80393659],[-87.8019357,44.83522167],[-87.7831814,44.85440437],[-87.7493976,44.88622875],[-87.7321744,44.90329296],[-87.6951525,44.93723584],[-87.6811673,44.95070499],[-87.6393228,44.98824292],[-87.6301602,44.99681209],[-87.5817439,45.03924997],[-87.5791531,45.04161167],[-87.528146,45.08503043],[-87.5217166,45.09025705],[-87.477139,45.12732064],[-87.45965,45.14126414],[-87.4261319,45.16854627],[-87.3959492,45.19227122],[-87.3751248,45.20891081],[-87.3303938,45.2432783],[-87.3241178,45.24821713],[-87.2731107,45.28620995],[-87.2221036,45.25603477],[-87.1710965,45.25603667],[-87.1200894,45.25603836],[-87.0690824,45.2560399],[-87.0180753,45.25604131],[-86.9670682,45.25604256],[-86.9543039,45.2432783],[-86.9160611,45.20503857],[-86.8650541,45.20503951],[-86.814047,45.20504036],[-86.7630399,45.20504108],[-86.7120328,45.20504173],[-86.6610257,45.20504233],[-86.6482546,45.19227122],[-86.6100187,45.15403706],[-86.5590116,45.15403744],[-86.5080045,45.15403775],[-86.4569974,45.154038],[-86.4059903,45.15403822],[-86.3549833,45.15403837],[-86.342209,45.14126414],[-86.3039762,45.10303226],[-86.2529691,45.10303232],[-86.201962,45.10303232],[-86.1509549,45.10303229],[-86.0999479,45.10303226],[-86.0489408,45.1030322],[-86.0361657,45.09025705],[-85.9979337,45.05202555],[-85.9469267,45.0520254],[-85.8959196,45.05202527],[-85.8449125,45.05202508],[-85.7939054,45.05202493],[-85.7428983,45.05202477],[-85.7301236,45.03924997],[-85.6918913,45.00101781],[-85.6408842,45.00101763],[-85.5898771,45.00101741],[-85.53887,45.00101722],[-85.4878629,45.001017],[-85.4368559,45.00101681],[-85.424082,44.98824292],[-85.3858488,44.9500097],[-85.3348417,44.95000948],[-85.2838346,44.95000929],[-85.2328275,44.9500091],[-85.1818205,44.95000892],[-85.1308134,44.95000873],[-85.1180405,44.93723584],[-85.0798063,44.89900155],[-85.0287992,44.8990014],[-84.9777922,44.89900121],[-84.9267851,44.89900105],[-84.875778,44.89900089],[-84.8247709,44.89900074],[-84.8119989,44.88622875],[-84.7737638,44.84799356],[-84.7227568,44.84799344],[-84.6717497,44.84799331],[-84.6207426,44.84799322],[-84.5697355,44.84799312],[-84.5187284,44.84799303],[-84.5059571,44.83522167],[-84.4677214,44.79698588],[-84.4167143,44.79698582],[-84.3657072,44.79698579],[-84.3147002,44.79698576],[-84.2636931,44.79698573],[-84.212686,44.79698573],[-84.1999149,44.78421459],[-84.1616789,44.74597855],[-84.1106718,44.74597855],[-84.0596648,44.74597849],[-84.0086577,44.74597846],[-83.9576506,44.74597843],[-83.9066435,44.74597839],[-83.8938726,44.7332075],[-83.8556364,44.69497122],[-83.8046294,44.69497116],[-83.7536223,44.69497109],[-83.7026152,44.69497103],[-83.6516081,44.69497097],[-83.6388376,44.68220045],[-83.600601,44.64396373],[-83.549594,44.64396363],[-83.4985869,44.64396357],[-83.4475798,44.64396348],[-83.3965727,44.64396338],[-83.3455656,44.64396332],[-83.3327957,44.63119337],[-83.2945586,44.59295602],[-83.2435515,44.59295593],[-83.1925444,44.59295586],[-83.1415373,44.5929558],[-83.0905303,44.59295574],[-83.0395232,44.59295571],[-83.0267538,44.58018629],[-82.9885161,44.54194844],[-82.937509,44.5419484],[-82.886502,44.5419484],[-82.8354949,44.54194837],[-82.7844878,44.54194837],[-82.7334807,44.54194837],[-82.7207115,44.5291792],[-82.6824737,44.49094123],[-82.6314666,44.49094126],[-82.5804595,44.49094132],[-82.5294524,44.49094135],[-82.4784453,44.49094142],[-82.4274383,44.49094151],[-82.4146689,44.47817212],[-82.3764312,44.43993446],[-82.3254241,44.43993455],[-82.274417,44.43993465],[-82.2234099,44.43993477],[-82.1724029,44.4399349],[-82.1213958,44.43993502],[-82.1086258,44.42716504],[-82.0703887,44.38892806],[-82.0193816,44.38892822],[-81.9683745,44.38892838],[-81.9173675,44.38892853],[-81.8663604,44.38892869],[-81.8153533,44.38892885],[-81.8025824,44.37615796],[-81.7643462,44.33792195],[-81.7133391,44.33792214],[-81.6623321,44.3379223],[-81.611325,44.33792248],[-81.5603179,44.33792267],[-81.5093109,44.33792283],[-81.4965389,44.3251509],[-81.4583038,44.28691596],[-81.4072967,44.28691615],[-81.3562896,44.28691634],[-81.3052825,44.2869165],[-81.2542755,44.28691668],[-81.2032684,44.28691684],[-81.1904953,44.27414382],[-81.1522613,44.23591001],[-81.1012542,44.23591016],[-81.0502471,44.23591032],[-80.9992401,44.23591048],[-80.948233,44.23591063],[-80.8972259,44.23591076],[-80.8844519,44.22313674],[-80.8462188,44.18490389],[-80.7952117,44.18490402],[-80.7442047,44.18490418],[-80.6931976,44.1849043],[-80.6421905,44.1849044],[-80.5911834,44.18490452],[-80.5784086,44.17212966],[-80.5401764,44.13389763],[-80.4891693,44.13389772],[-80.4381622,44.13389781],[-80.3871551,44.13389791],[-80.336148,44.133898],[-80.285141,44.13389809],[-80.2723655,44.12112257],[-80.2341339,44.08289114],[-80.1831268,44.08289123],[-80.1321198,44.08289129],[-80.0811126,44.08289136],[-80.0301056,44.08289139],[-79.9790985,44.08289145],[-79.9663225,44.07011549],[-79.9280914,44.03188449],[-79.8770844,44.03188452],[-79.8260773,44.03188456],[-79.7750702,44.03188459],[-79.7240631,44.03188462],[-79.673056,44.03188465],[-79.6602798,44.01910841],[-79.622049,43.98087766],[-79.5710419,43.98087769],[-79.5200348,43.98087772],[-79.4690277,43.98087772],[-79.4180206,43.98087775],[-79.3670136,43.98087775],[-79.3542371,43.96810136],[-79.3160065,43.92987073],[-79.2649994,43.92987073],[-79.2139923,43.92987073],[-79.1629852,43.92987076],[-79.1119782,43.92987076],[-79.0609711,43.92987076],[-79.0481946,43.91709427],[-79.009964,43.87886371],[-78.9589569,43.87886371],[-78.9079498,43.87886371],[-78.8569428,43.87886368],[-78.8059357,43.87886368],[-78.7549286,43.87886368],[-78.7421521,43.86608719],[-78.7039215,43.82785663],[-78.6529145,43.82785663],[-78.6019074,43.8278566],[-78.5509003,43.8278566],[-78.4998932,43.82785657],[-78.4488862,43.82785657],[-78.4361097,43.81508011],[-78.3978791,43.77684952],[-78.346872,43.77684949],[-78.2958649,43.77684945],[-78.2448579,43.77684945],[-78.1938508,43.77684942],[-78.1428437,43.77684942],[-78.1300673,43.76407302],[-78.0918366,43.72584234],[-78.0408295,43.72584234],[-77.9898225,43.72584231],[-77.9388154,43.72584231],[-77.8878083,43.72584228],[-77.875032,43.71306594],[-77.8368012,43.67483523],[-77.7857941,43.67483519],[-77.7347871,43.67483516],[-77.68378,43.67483516],[-77.6327729,43.67483513],[-77.6199967,43.66205889],[-77.5817658,43.62382805],[-77.5307587,43.62382805],[-77.4797517,43.62382802],[-77.4669755,43.61105181],[-77.4287446,43.57282093],[-77.3777375,43.57282093],[-77.3649613,43.56004472],[-77.3267304,43.52181385],[-77.3139542,43.50903764],[-77.2757233,43.4708068],[-77.2247163,43.4708068],[-77.21194,43.45803056],[-77.1737092,43.41979975],[-77.1609329,43.40702348],[-77.1227021,43.36879276],[-77.1099258,43.35601639],[-77.0716951,43.3177858],[-77.0589186,43.30500934],[-77.020688,43.26677884],[-76.9696809,43.26677891],[-76.9569042,43.25400226],[-76.9186738,43.21577201],[-76.905897,43.20299518],[-76.8676667,43.16476515],[-76.8548897,43.15198809],[-76.8166597,43.11375832],[-76.8038824,43.10098101],[-76.7656526,43.06275151],[-76.7146455,43.06275167],[-76.7018678,43.04997393],[-76.6636384,43.0117449],[-76.6508604,42.99896684],[-76.6126313,42.96073816],[-76.599853,42.94795979],[-76.5616243,42.90973139],[-76.5488456,42.89695271],[-76.5106172,42.85872469],[-76.4596101,42.85872494],[-76.4468308,42.84594563],[-76.408603,42.80771829],[-76.3958233,42.79493854],[-76.357596,42.75671168],[-76.3448158,42.74393146],[-76.3065889,42.70570516],[-76.2555818,42.7057056],[-76.2428006,42.69292438],[-76.2045747,42.65469923],[-76.1917928,42.64191733],[-76.1535676,42.60369303],[-76.1407848,42.59091024],[-76.1025606,42.55268701],[-76.0897767,42.53990316],[-76.0515535,42.50168115],[-76.0005464,42.50168215],[-75.9877603,42.48889608],[-75.9495393,42.45067672],[-75.9367516,42.437889],[-75.8985322,42.39967161],[-75.8857426,42.38688191],[-75.8475252,42.34866684],[-75.8475252,42.3486271],[-75.8632136,42.33587483],[-75.8873656,42.28486778],[-75.8985322,42.25912507],[-75.9096956,42.2338607],[-75.9308413,42.18285361],[-75.9495393,42.13531663],[-75.9509158,42.13184653],[-75.9683539,42.08083945],[-75.9849714,42.02983237],[-75.9988621,41.97882528],[-76.0005464,41.97300847],[-76.0144502,41.92781823],[-76.0273727,41.87681115],[-76.0389886,41.82580407],[-76.0492291,41.77479698],[-76.0515535,41.76209638],[-76.0589508,41.7237899],[-76.0678445,41.67278282],[-76.0755743,41.62177577],[-76.082372,41.57076868],[-76.0883916,41.5197616],[-76.0938047,41.46875452],[-76.0986527,41.41774743],[-76.1025606,41.37486197],[-76.1033539,41.36674035],[-76.1086682,41.31573327],[-76.1142158,41.26472622],[-76.1208498,41.21371913],[-76.1292027,41.16271205],[-76.1396223,41.11170497],[-76.1529564,41.06069789],[-76.1535676,41.05936168],[-76.177211,41.0096908],[-76.1966455,40.95868372],[-76.2017077,40.90767667],[-76.1991765,40.85666959],[-76.1937976,40.8056625],[-76.1859565,40.75465542],[-76.1760536,40.70364834],[-76.1647049,40.65264125],[-76.1535676,40.60676216],[-76.1524973,40.6016342],[-76.140972,40.55062712],[-76.1290788,40.49962004],[-76.1169999,40.44861295],[-76.1048974,40.39760587],[-76.1025606,40.38778815],[-76.0937268,40.34659879],[-76.0829441,40.29559171],[-76.0724876,40.24458465],[-76.0624942,40.19357757],[-76.0530773,40.14257049],[-76.0515535,40.133698],[-76.0446933,40.09156341],[-76.0371163,40.04055632],[-76.0303762,39.98954924],[-76.0245741,39.93854216],[-76.0198228,39.88753511],[-76.0161744,39.83652802],[-76.0137663,39.78552094],[-76.0126564,39.73451386],[-76.0128838,39.68350677],[-76.0145567,39.63249969],[-76.0177921,39.58149264],[-76.0228041,39.53048556],[-76.0298994,39.47947847],[-76.0395181,39.42847139],[-76.0515535,39.38162369],[-76.0526189,39.37746431],[-76.0688523,39.32645723],[-76.0890497,39.27545014],[-76.1025606,39.24894116],[-76.1159473,39.22444309],[-76.1535676,39.18143171],[-76.1669167,39.17343601],[-76.2045747,39.16303705],[-76.2555818,39.16523681],[-76.2960617,39.17343601],[-76.3065889,39.17576003],[-76.357596,39.18681157],[-76.408603,39.1967396],[-76.4596101,39.20604938],[-76.5106172,39.21514214],[-76.5608331,39.22444309],[-76.5616243,39.22460253],[-76.6126313,39.23444547],[-76.6636384,39.24577164],[-76.7146455,39.25919855],[-76.7646666,39.27545014],[-76.7656526,39.27580519],[-76.8166597,39.29589964],[-76.8676667,39.32131885],[-76.8769526,39.32645723],[-76.9186738,39.35253299],[-76.9527781,39.37746431],[-76.9696809,39.39072349],[-77.0125065,39.42847139],[-77.020688,39.43553894],[-77.0656839,39.47947847],[-77.0716951,39.48944124],[-77.0940424,39.53048556],[-77.0914864,39.58149264],[-77.0737348,39.63249969],[-77.0716951,39.63732495],[-77.0543673,39.68350677],[-77.037101,39.73451386],[-77.0219891,39.78552094],[-77.020688,39.79184069],[-77.0128163,39.83652802],[-77.0056938,39.88753511],[-77.0003106,39.93854216],[-76.9967093,39.98954924],[-76.9948141,40.04055632],[-76.994728,40.09156341],[-76.9964346,40.14257049],[-77.000374,40.19357757],[-77.0067459,40.24458465],[-77.0158843,40.29559171],[-77.020688,40.31693386],[-77.0302147,40.34659879],[-77.0497591,40.39760587],[-77.0716951,40.4438852],[-77.0745323,40.44861295],[-77.1051705,40.49962004],[-77.1227021,40.52560336],[-77.1434626,40.55062712],[-77.1737092,40.58552793],[-77.1906866,40.6016342],[-77.2247163,40.63337541],[-77.2504751,40.65264125],[-77.2757233,40.67184786],[-77.3267304,40.7010546],[-77.3327991,40.70364834],[-77.3777375,40.72318875],[-77.4287446,40.74092869],[-77.4725009,40.75465542],[-77.4797517,40.75685221],[-77.5307587,40.76576738],[-77.5817658,40.77473335],[-77.6327729,40.78168145],[-77.68378,40.78728907],[-77.7347871,40.79140289],[-77.7857941,40.79452757],[-77.8368012,40.79602327],[-77.8878083,40.79661493],[-77.9388154,40.79614219],[-77.9898225,40.79462386],[-78.0408295,40.79205681],[-78.0918366,40.78822256],[-78.1428437,40.78319662],[-78.1938508,40.77738019],[-78.2448579,40.77036765],[-78.2958649,40.7631197],[-78.346872,40.75658394],[-78.356931,40.75465542],[-78.3978791,40.74712652],[-78.4488862,40.73867479],[-78.4998932,40.72931908],[-78.5509003,40.7196601],[-78.6019074,40.70916148],[-78.6267915,40.70364834],[-78.6529145,40.69824898],[-78.7039215,40.68723759],[-78.7549286,40.67539237],[-78.8059357,40.66274024],[-78.8445356,40.65264125],[-78.8569428,40.64960688],[-78.9079498,40.6363113],[-78.9589569,40.6219953],[-79.009964,40.60689522],[-79.0267053,40.6016342],[-79.0609711,40.59139284],[-79.1119782,40.57515914],[-79.1629852,40.55784685],[-79.1829534,40.55062712],[-79.2139923,40.53965244],[-79.2649994,40.51974741],[-79.3119605,40.49962004],[-79.3160065,40.49789586],[-79.3670136,40.47458529],[-79.4180206,40.45018805],[-79.420893,40.44861295],[-79.4690277,40.42155197],[-79.5098608,40.39760587],[-79.5200348,40.39163977],[-79.5710419,40.35977886],[-79.5906848,40.34659879],[-79.622049,40.3255551],[-79.6635164,40.29559171],[-79.673056,40.28865358],[-79.7240631,40.24949428],[-79.7300866,40.24458465],[-79.7750702,40.2076667],[-79.7912843,40.19357757],[-79.8260773,40.16313467],[-79.8485109,40.14257049],[-79.8770844,40.11619513],[-79.9024244,40.09156341],[-79.9280914,40.0666139],[-79.9537898,40.04055632],[-79.9790985,40.01489391],[-80.0032599,39.98954924],[-80.0301056,39.96158577],[-80.0515138,39.93854216],[-80.0811126,39.90775069],[-80.1002988,39.88753511],[-80.1321198,39.85530385],[-80.1503083,39.83652802],[-80.1831268,39.80431314],[-80.2020349,39.78552094],[-80.2341339,39.75511171],[-80.255743,39.73451386],[-80.285141,39.70818418],[-80.3125263,39.68350677],[-80.336148,39.66364051],[-80.3729515,39.63249969],[-80.3871551,39.62144499],[-80.4381622,39.58320677],[-80.4403778,39.58149264],[-80.4891693,39.54622648],[-80.5120752,39.53048556],[-80.5401764,39.5120664],[-80.5889329,39.47947847],[-80.5911834,39.47806385],[-80.6421905,39.44846877],[-80.6766933,39.42847139],[-80.6931976,39.41935238],[-80.7442047,39.39221879],[-80.773485,39.37746431],[-80.7952117,39.36708375],[-80.8462188,39.34422549],[-80.8890516,39.32645723],[-80.8972259,39.32327831],[-80.948233,39.30518454],[-80.9992401,39.2892127],[-81.0502471,39.27631611],[-81.0539274,39.27545014],[-81.1012542,39.26500356],[-81.1522613,39.2568544],[-81.2032684,39.25131266],[-81.2542755,39.24834222],[-81.3052825,39.24817784],[-81.3562896,39.25070564],[-81.4072967,39.25583923],[-81.4583038,39.26360943],[-81.5093109,39.27391817],[-81.5152064,39.27545014],[-81.5603179,39.28739412],[-81.611325,39.30339112],[-81.6623321,39.32160505],[-81.6739341,39.32645723],[-81.7133391,39.34300557],[-81.7643462,39.36660216],[-81.7852285,39.37746431],[-81.8153533,39.39310413],[-81.8663604,39.42142484],[-81.8779726,39.42847139],[-81.9173675,39.45224901],[-81.9599608,39.47947847],[-81.9683745,39.48481919],[-82.0193816,39.52020486],[-82.0330444,39.53048556],[-82.0703887,39.55826706],[-82.099634,39.58149264],[-82.1213958,39.59855378],[-82.1615777,39.63249969],[-82.1724029,39.64157227],[-82.217718,39.68350677],[-82.2234099,39.68876566],[-82.2663035,39.73451386],[-82.274417,39.74340706],[-82.3044844,39.78552094],[-82.3254241,39.82182802],[-82.3318994,39.83652802],[-82.3527603,39.88753511],[-82.3715286,39.93854216],[-82.3764312,39.96588127],[-82.379967,39.98954924],[-82.3779903,40.04055632],[-82.3764312,40.04696406],[-82.364929,40.09156341],[-82.3426674,40.14257049],[-82.3254241,40.17470561],[-82.3128559,40.19357757],[-82.274417,40.22690273],[-82.2564588,40.24458465],[-82.2622049,40.29559171],[-82.274417,40.32947284],[-82.2808207,40.34659879],[-82.3015491,40.39760587],[-82.3254241,40.44693441],[-82.32641,40.44861295],[-82.3536816,40.49962004],[-82.3764312,40.53783905],[-82.3867142,40.55062712],[-82.4274383,40.60053401],[-82.4287844,40.6016342],[-82.4784453,40.64657936],[-82.4913913,40.65264125],[-82.5294524,40.67372678],[-82.5804595,40.68675233],[-82.6314666,40.68735919],[-82.6796109,40.65264125],[-82.6824737,40.64217827],[-82.6844078,40.6016342],[-82.6824737,40.58326127],[-82.6797889,40.55062712],[-82.6824737,40.54416055],[-82.7130188,40.49962004],[-82.7334807,40.49384216],[-82.7844878,40.48526479],[-82.8354949,40.47755417],[-82.886502,40.46497313],[-82.937509,40.45025361],[-82.9412161,40.44861295],[-82.9885161,40.43211058],[-83.0395232,40.41606749],[-83.0905303,40.40036124],[-83.0969481,40.39760587],[-83.1415373,40.37730261],[-83.1925444,40.35644302],[-83.2151457,40.34659879],[-83.2435515,40.33052973],[-83.2945586,40.30093962],[-83.3081569,40.29559171],[-83.3455656,40.24485236],[-83.3460332,40.24458465],[-83.3455656,40.24051596],[-83.3434077,40.19357757],[-83.3247476,40.14257049],[-83.3076985,40.09156341],[-83.2945586,40.04624342],[-83.2928076,40.04055632],[-83.2809522,39.98954924],[-83.2744527,39.93854216],[-83.2945586,39.91555124],[-83.3455656,39.914599],[-83.3965727,39.92588849],[-83.427416,39.93854216],[-83.4475798,39.94607575],[-83.4985869,39.96414336],[-83.5450668,39.98954924],[-83.549594,39.99154503],[-83.600601,40.02991087],[-83.611084,40.04055632],[-83.6516081,40.07382847],[-83.6675329,40.09156341],[-83.6516081,40.11018862],[-83.6049218,40.14257049],[-83.600601,40.15124258],[-83.5691768,40.19357757],[-83.600601,40.21241727],[-83.6516081,40.2255362],[-83.7026152,40.23695537],[-83.7280764,40.24458465],[-83.7536223,40.25442253],[-83.8046294,40.27639267],[-83.8432736,40.29559171],[-83.8556364,40.30321467],[-83.9066435,40.33751942],[-83.9188442,40.34659879],[-83.9576506,40.38210596],[-83.9733846,40.39760587],[-84.0086577,40.44007123],[-84.0154733,40.44861295],[-84.0496527,40.49962004],[-84.0596648,40.51721969],[-84.0786696,40.55062712],[-84.1061215,40.6016342],[-84.1106718,40.61023808],[-84.1360553,40.65264125],[-84.1616789,40.69662519],[-84.1663244,40.70364834],[-84.1979516,40.75465542],[-84.212686,40.77828477],[-84.2317276,40.8056625],[-84.2636931,40.85058673],[-84.2685073,40.85666959],[-84.309159,40.90767667],[-84.3147002,40.9145006],[-84.3544271,40.95868372],[-84.3657072,40.97096535],[-84.4049836,41.0096908],[-84.4167143,41.02112345],[-84.4619267,41.06069789],[-84.4677214,41.06575819],[-84.5187284,41.10605614],[-84.5267485,41.11170497],[-84.5697355,41.14238231],[-84.60212,41.16271205],[-84.6207426,41.17472002],[-84.6717497,41.20440025],[-84.6896012,41.21371913],[-84.7227568,41.23199296],[-84.7737638,41.25666628],[-84.7928063,41.26472622],[-84.8247709,41.27902019],[-84.875778,41.29903103],[-84.9242138,41.31573327],[-84.9267851,41.31666827],[-84.9777922,41.33300833],[-85.0287992,41.34733566],[-85.0798063,41.3599831],[-85.1108732,41.36674035],[-85.1308134,41.37129493],[-85.1818205,41.38150582],[-85.2328275,41.39029016],[-85.2838346,41.39800081],[-85.3348417,41.40470339],[-85.3858488,41.41042538],[-85.4368559,41.41511962],[-85.4701009,41.41774743],[-85.4878629,41.4192232],[-85.53887,41.42245403],[-85.5898771,41.42521732],[-85.6408842,41.4273882],[-85.6918913,41.428361],[-85.7428983,41.42810981],[-85.7939054,41.42703164],[-85.8449125,41.42510138],[-85.8959196,41.42263547],[-85.9469267,41.41984089],[-85.9769662,41.41774743],[-85.9979337,41.41632158],[-86.0489408,41.41522964],[-86.0999479,41.41325819],[-86.1509549,41.41168241],[-86.201962,41.41053484],[-86.2529691,41.40981044],[-86.3039762,41.40933244],[-86.3549833,41.40911083],[-86.4059903,41.40911083],[-86.4569974,41.40955406],[-86.5080045,41.40981044],[-86.5590116,41.41031607],[-86.6100187,41.41078349],[-86.6610257,41.41105868],[-86.7120328,41.41135584],[-86.7630399,41.41164567],[-86.814047,41.41278245],[-86.8650541,41.41512722],[-86.8998146,41.41774743],[-86.9160611,41.41898682],[-86.9670682,41.42438546],[-87.0180753,41.43124253],[-87.0690824,41.43983552],[-87.1200894,41.44991391],[-87.1710965,41.46163083],[-87.1979051,41.46875452],[-87.2221036,41.47532232],[-87.2731107,41.49092593],[-87.3241178,41.5049235],[-87.3751248,41.51541906],[-87.4047181,41.5197616],[-87.4261319,41.52309745],[-87.477139,41.52833487],[-87.528146,41.53087666],[-87.5791531,41.53066124],[-87.6301602,41.52794934],[-87.6811673,41.52313256],[-87.7075271,41.5197616],[-87.7321744,41.51676083],[-87.7831814,41.50941669],[-87.8341885,41.5007701],[-87.8851956,41.48929226],[-87.9362027,41.4750333],[-87.9557008,41.46875452],[-87.9872098,41.45885975],[-88.0382168,41.44108276],[-88.0892239,41.42231437],[-88.1040502,41.41774743],[-88.140231,41.40670084],[-88.1912381,41.39367351],[-88.2422452,41.3832636],[-88.2932522,41.37572537],[-88.3442593,41.37127015],[-88.3952664,41.37004594],[-88.4462735,41.37214049],[-88.4972806,41.37914778],[-88.5482876,41.39108687],[-88.5992947,41.40768065],[-88.6236824,41.41774743],[-88.6503018,41.42955951],[-88.7013089,41.45665783],[-88.7210585,41.46875452],[-88.752316,41.48917526],[-88.7940232,41.5197616],[-88.803323,41.5270171],[-88.8543301,41.56868111],[-88.8566031,41.57076868],[-88.9053372,41.61810195],[-88.9088589,41.62177577],[-88.9526807,41.67278282],[-88.9563442,41.67724274],[-88.9922698,41.7237899],[-89.0073513,41.74479175],[-89.027801,41.77479698],[-89.0583584,41.82089472],[-89.0613803,41.82580407],[-89.088567,41.87681115],[-89.1093655,41.9164482],[-89.1151184,41.92781823],[-89.1390252,41.97882528],[-89.1603726,42.02394111],[-89.1629998,42.02983237],[-89.1817365,42.08083945],[-89.2004771,42.13184653],[-89.2113796,42.16435457],[-89.2174722,42.18285361],[-89.2331342,42.2338607],[-89.2471629,42.28486778],[-89.2597858,42.33587483],[-89.2623867,42.34761619],[-89.2710304,42.38688191],[-89.2804682,42.437889],[-89.2887172,42.48889608],[-89.2949856,42.53990316],[-89.2994642,42.59091024],[-89.3019973,42.64191733],[-89.3024173,42.69292438]],[[-76.8826955,39.63249969],[-76.8723135,39.68350677],[-76.8676667,39.69719771],[-76.8548194,39.73451386],[-76.8367567,39.78552094],[-76.8183052,39.83652802],[-76.8166597,39.84084966],[-76.7981942,39.88753511],[-76.7779468,39.93854216],[-76.7656526,39.96869797],[-76.7560845,39.98954924],[-76.7321983,40.04055632],[-76.7146455,40.07576531],[-76.7053557,40.09156341],[-76.6765068,40.14257049],[-76.6636384,40.16414221],[-76.64304,40.19357757],[-76.6126313,40.2384005],[-76.6072149,40.24458465],[-76.5649832,40.29559171],[-76.5616243,40.29983558],[-76.5106172,40.34567574],[-76.5087779,40.34659879],[-76.4596101,40.37382362],[-76.408603,40.37888264],[-76.357596,40.35761884],[-76.3464769,40.34659879],[-76.3065889,40.30522336],[-76.3009671,40.29559171],[-76.2727401,40.24458465],[-76.2555818,40.21013264],[-76.2498933,40.19357757],[-76.234143,40.14257049],[-76.2204212,40.09156341],[-76.2085601,40.04055632],[-76.2045747,40.02010936],[-76.1995116,39.98954924],[-76.1927829,39.93854216],[-76.1879657,39.88753511],[-76.1851031,39.83652802],[-76.1843634,39.78552094],[-76.1857742,39.73451386],[-76.1887553,39.68350677],[-76.1931324,39.63249969],[-76.198826,39.58149264],[-76.2045747,39.54079289],[-76.206167,39.53048556],[-76.2161239,39.47947847],[-76.2299312,39.42847139],[-76.2509965,39.37746431],[-76.2555818,39.36940171],[-76.2899582,39.32645723],[-76.3065889,39.31428419],[-76.357596,39.30187955],[-76.408603,39.30845455],[-76.4596101,39.32224058],[-76.4726607,39.32645723],[-76.5106172,39.34045311],[-76.5616243,39.36012617],[-76.6028563,39.37746431],[-76.6126313,39.38202202],[-76.6636384,39.40680748],[-76.7037454,39.42847139],[-76.7146455,39.43470727],[-76.7656526,39.46581546],[-76.7859934,39.47947847],[-76.8166597,39.5018103],[-76.8528541,39.53048556],[-76.8676667,39.55697395],[-76.8793939,39.58149264],[-76.8826955,39.63249969]],[[-83.8331607,40.70364834],[-83.8317001,40.75465542],[-83.827776,40.8056625],[-83.822421,40.85666959],[-83.8160959,40.90767667],[-83.8091669,40.95868372],[-83.8046294,40.99067702],[-83.8010338,41.0096908],[-83.7905942,41.06069789],[-83.7774286,41.11170497],[-83.7594992,41.16271205],[-83.7536223,41.17697173],[-83.7145751,41.21371913],[-83.7026152,41.22177595],[-83.6516081,41.21773895],[-83.6452267,41.21371913],[-83.600601,41.19331855],[-83.5628814,41.16271205],[-83.549594,41.15421295],[-83.5040062,41.11170497],[-83.4985869,41.10756543],[-83.4517193,41.06069789],[-83.4475798,41.05723555],[-83.40118,41.0096908],[-83.3965727,41.0056549],[-83.3511601,40.95868372],[-83.3455656,40.95371088],[-83.3008495,40.90767667],[-83.2945586,40.90206552],[-83.2499508,40.85666959],[-83.2435515,40.85095429],[-83.1994019,40.8056625],[-83.1925444,40.79935615],[-83.1519242,40.75465542],[-83.1415373,40.74356774],[-83.1146964,40.70364834],[-83.0905303,40.65452386],[-83.0897201,40.65264125],[-83.0694022,40.6016342],[-83.0519181,40.55062712],[-83.0445221,40.49962004],[-83.0885436,40.44861295],[-83.0905303,40.4477724],[-83.1415373,40.42738943],[-83.1925444,40.40090576],[-83.1980925,40.39760587],[-83.2435515,40.37951939],[-83.2945586,40.35095563],[-83.3091071,40.34659879],[-83.3455656,40.33677312],[-83.3965727,40.31586227],[-83.4397946,40.29559171],[-83.4475798,40.2905329],[-83.4985869,40.28846426],[-83.5303469,40.29559171],[-83.549594,40.30316667],[-83.600601,40.33118381],[-83.6276286,40.34659879],[-83.6516081,40.36536714],[-83.6937299,40.39760587],[-83.7026152,40.40628507],[-83.7459978,40.44861295],[-83.7536223,40.45839845],[-83.7866763,40.49962004],[-83.8046294,40.53691691],[-83.8114188,40.55062712],[-83.8246066,40.6016342],[-83.8312022,40.65264125],[-83.8331607,40.70364834]],[[-83.5605894,40.09156341],[-83.549594,40.0981191],[-83.4985869,40.11003219],[-83.4475798,40.09512503],[-83.4451089,40.09156341],[-83.4323569,40.04055632],[-83.4475798,40.02719791],[-83.4985869,40.02953414],[-83.5458032,40.04055632],[-83.549594,40.04820677],[-83.5605894,40.09156341]]]}},
{"type":"Feature","properties":{"Lower":100.0},"geometry":{"type":"Polygon","coordinates":[[[-89.8212829,38.71437229],[-89.8177708,38.76537938],[-89.8011844,38.81638646],[-89.7788716,38.86739354],[-89.7724575,38.87820397],[-89.7397503,38.91840059],[-89.7214504,38.93407509],[-89.6704433,38.92754934],[-89.6485903,38.91840059],[-89.6194363,38.90500735],[-89.5684292,38.87871348],[-89.5475057,38.86739354],[-89.5174221,38.84394187],[-89.4794711,38.81638646],[-89.466415,38.79710146],[-89.4385251,38.76537938],[-89.4279595,38.71437229],[-89.466415,38.6641777],[-89.4872234,38.66336521],[-89.5174221,38.6632488],[-89.5192589,38.66336521],[-89.5684292,38.66878294],[-89.5819623,38.66336521],[-89.6194363,38.64535671],[-89.6704433,38.61328731],[-89.6729275,38.61235813],[-89.7214504,38.57653214],[-89.7724575,38.57047034],[-89.7932899,38.61235813],[-89.813878,38.66336521],[-89.8212829,38.71437229]]]}},
{"type":"Feature","properties":{"Lower":100.0},"geometry":{"type":"Polygon","coordinates":[[[-90.0700355,38.15329445],[-90.0634778,38.20430153],[-90.0438319,38.25530858],[-90.0274929,38.27704537],[-89.9929351,38.30631566],[-89.9764858,38.32527487],[-89.9386268,38.35732275],[-89.9254787,38.37264382],[-89.8835055,38.40832983],[-89.8744717,38.41995537],[-89.8256237,38.45933691],[-89.8234646,38.4629968],[-89.7724575,38.49088664],[-89.7465455,38.45933691],[-89.7214504,38.44340757],[-89.693568,38.40832983],[-89.6704433,38.38374063],[-89.642987,38.35732275],[-89.6194363,38.33103257],[-89.5684292,38.30683519],[-89.5174221,38.3070891],[-89.466415,38.31570261],[-89.4154079,38.32613646],[-89.3710001,38.30631566],[-89.3644009,38.27002316],[-89.3626084,38.25530858],[-89.3644009,38.2203189],[-89.3657835,38.20430153],[-89.3849314,38.15329445],[-89.4154079,38.11455575],[-89.4312726,38.10228736],[-89.466415,38.08451156],[-89.5174221,38.07252615],[-89.5684292,38.07169852],[-89.6194363,38.07869366],[-89.6704433,38.08535703],[-89.7214504,38.07703091],[-89.7724575,38.05896493],[-89.7857715,38.05128028],[-89.8234646,38.03332104],[-89.8744717,38.00756756],[-89.8913253,38.0002732],[-89.9254787,37.98587677],[-89.9764858,37.97976906],[-90.0140767,38.0002732],[-90.0274929,38.00722284],[-90.0486615,38.05128028],[-90.064402,38.10228736],[-90.0700355,38.15329445]],[[-90.0056411,38.20430153],[-89.9764858,38.21881252],[-89.9254787,38.21121334],[-89.918914,38.20430153],[-89.9254787,38.19653242],[-89.9728814,38.15329445],[-89.9764858,38.15183864],[-89.9796509,38.15329445],[-90.0056411,38.20430153]]]}},
{"type":"Feature","properties":{"Lower":100.0},"geometry":{"type":"Polygon","coordinates":[[[-96.607406,32.07066061],[-96.607406,32.07070032],[-96.6066899,32.08345215],[-96.6036237,32.13445921],[-96.6000522,32.18546629],[-96.5964783,32.23647337],[-96.5929985,32.28748045],[-96.5895756,32.33848754],[-96.5862666,32.38949462],[-96.5830405,32.4405017],[-96.5798534,32.49150875],[-96.5767559,32.54251584],[-96.573596,32.59352292],[-96.5703469,32.64453],[-96.566861,32.69553709],[-96.5629604,32.74654417],[-96.5582905,32.79755122],[-96.5563989,32.81240762],[-96.5509993,32.8485583],[-96.5398203,32.89956539],[-96.5210588,32.95057247],[-96.5053918,32.96999716],[-96.4736252,33.00157955],[-96.4543847,33.00884062],[-96.4033776,33.02123972],[-96.3523706,33.02426965],[-96.3013635,33.01737881],[-96.2823815,33.00157955],[-96.274259,32.95057247],[-96.2769767,32.89956539],[-96.2857379,32.8485583],[-96.2958819,32.79755122],[-96.3013635,32.77243781],[-96.3106633,32.74654417],[-96.322703,32.69553709],[-96.3314297,32.64453],[-96.3391344,32.59352292],[-96.3466325,32.54251584],[-96.3523706,32.49856936],[-96.3537353,32.49150875],[-96.3606872,32.4405017],[-96.3655738,32.38949462],[-96.3689693,32.33848754],[-96.3712626,32.28748045],[-96.3725272,32.23647337],[-96.3727809,32.18546629],[-96.3720231,32.13445921],[-96.3702169,32.08345215],[-96.3523706,32.07069841],[-96.3523706,32.07065873],[-96.4033776,32.0706643],[-96.4543847,32.07066743],[-96.5053918,32.07066706],[-96.5563989,32.07066462],[-96.607406,32.07066061]]]}},
{"type":"Feature","properties":{"Lower":100.0},"geometry":{"type":"Polygon","coordinates":[[[-88.2071426,38.66336521],[-88.2018757,38.71437229],[-88.1912381,38.72322322],[-88.140231,38.76337698],[-88.1377116,38.76537938],[-88.0892239,38.80914686],[-88.0703451,38.81638646],[-88.0382168,38.82770518],[-87.9872098,38.83965087],[-87.9362027,38.84567706],[-87.8851956,38.84263236],[-87.8341885,38.82974131],[-87.8061034,38.81638646],[-87.7831814,38.80475485],[-87.7334045,38.76537938],[-87.7321744,38.76438398],[-87.6892139,38.71437229],[-87.6811673,38.70485977],[-87.6558585,38.66336521],[-87.6301602,38.6220325],[-87.6255676,38.61235813],[-87.5987235,38.56135108],[-87.5791531,38.52577894],[-87.5723289,38.51034399],[-87.5476207,38.45933691],[-87.528146,38.42083395],[-87.5227907,38.40832983],[-87.4987139,38.35732275],[-87.477139,38.31221846],[-87.4746131,38.30631566],[-87.4502102,38.25530858],[-87.4263153,38.20430153],[-87.4261319,38.2039595],[-87.401015,38.15329445],[-87.3781035,38.10228736],[-87.3751248,38.09627291],[-87.3536391,38.05128028],[-87.330308,38.0002732],[-87.3241178,37.98624984],[-87.3075098,37.94926612],[-87.3069254,37.89825903],[-87.3241178,37.88519762],[-87.3751248,37.86113474],[-87.4261319,37.84910261],[-87.4456845,37.84725198],[-87.477139,37.82492363],[-87.528146,37.80552751],[-87.556237,37.7962449],[-87.5791531,37.76905436],[-87.6012524,37.74523782],[-87.6301602,37.71576246],[-87.6811673,37.69570941],[-87.7321744,37.69595722],[-87.7831814,37.71560331],[-87.8124557,37.74523782],[-87.8341885,37.76115971],[-87.8587612,37.7962449],[-87.8851956,37.83300507],[-87.8923878,37.84725198],[-87.9195016,37.89825903],[-87.9362027,37.93143761],[-87.9441107,37.94926612],[-87.9668828,38.0002732],[-87.9872098,38.0486693],[-87.9882902,38.05128028],[-88.0096871,38.10228736],[-88.0301295,38.15329445],[-88.0382168,38.17376087],[-88.0510017,38.20430153],[-88.0719124,38.25530858],[-88.0884292,38.30631566],[-88.0892239,38.31050211],[-88.0995311,38.35732275],[-88.1101538,38.40832983],[-88.1227517,38.45933691],[-88.1379502,38.51034399],[-88.140231,38.51811279],[-88.1583343,38.56135108],[-88.1855255,38.61235813],[-88.1912381,38.62457648],[-88.2071426,38.66336521]],[[-87.9129836,38.25530858],[-87.8999524,38.30631566],[-87.8851956,38.3199565],[-87.8341885,38.32511837],[-87.7831814,38.31895084],[-87.7430905,38.30631566],[-87.7321744,38.30327334],[-87.6811673,38.27882772],[-87.6483143,38.25530858],[-87.6301602,38.24375849],[-87.5853369,38.20430153],[-87.5791531,38.19942341],[-87.5354584,38.15329445],[-87.528146,38.14624839],[-87.4941179,38.10228736],[-87.477139,38.08059726],[-87.4582168,38.05128028],[-87.4261319,38.00187621],[-87.4252049,38.0002732],[-87.3977429,37.94926612],[-87.4261319,37.91957994],[-87.477139,37.90209942],[-87.528146,37.89964014],[-87.5791531,37.90687304],[-87.6301602,37.90536454],[-87.6811673,37.91297346],[-87.7321744,37.93375219],[-87.7547748,37.94926612],[-87.7831814,37.9740038],[-87.8060607,38.0002732],[-87.8341885,38.03999758],[-87.8410627,38.05128028],[-87.8673552,38.10228736],[-87.8851956,38.14347832],[-87.8891952,38.15329445],[-87.9047753,38.20430153],[-87.9129836,38.25530858]]]}},
{"type":"Feature","properties":{"Lower":100.0},"geometry":{"type":"Polygon","coordinates":[[[-76.2259839,37.38818827],[-76.2227175,37.43919535],[-76.2133853,37.49020243],[-76.2045747,37.52220681],[-76.1984432,37.54120952],[-76.1799772,37.59221657],[-76.1610879,37.64322365],[-76.1535676,37.66311482],[-76.1401248,37.69423073],[-76.1182307,37.74523782],[-76.1025606,37.78166387],[-76.0949105,37.7962449],[-76.0675582,37.84725198],[-76.0515535,37.8771706],[-76.0361265,37.89825903],[-76.0005464,37.94754053],[-75.9984652,37.94926612],[-75.9495393,37.99078061],[-75.9170157,38.0002732],[-75.8985322,38.00591824],[-75.8568129,38.0002732],[-75.8475252,37.99905875],[-75.7965181,37.98301541],[-75.745511,37.96260788],[-75.7162646,37.94926612],[-75.694504,37.9393153],[-75.6434969,37.91448709],[-75.6114971,37.89825903],[-75.5924898,37.88851576],[-75.5414827,37.86448783],[-75.5001464,37.84725198],[-75.4904756,37.84314708],[-75.4394686,37.82298216],[-75.3884615,37.80361436],[-75.3675423,37.7962449],[-75.3374544,37.78478102],[-75.2864473,37.76728531],[-75.2354402,37.75022771],[-75.2200147,37.74523782],[-75.1844332,37.73297024],[-75.1334261,37.71625801],[-75.082419,37.70065205],[-75.0601629,37.69423073],[-75.0314119,37.68550792],[-75.0186592,37.69423073],[-75.0186195,37.69423073],[-75.0186249,37.64322365],[-75.0186297,37.59221657],[-75.0314119,37.57943432],[-75.0696421,37.54120952],[-75.0696452,37.49020243],[-75.0696473,37.43919535],[-75.0696482,37.38818827],[-75.082419,37.37541747],[-75.1206548,37.33718118],[-75.1206524,37.2861741],[-75.1206485,37.23516702],[-75.1206431,37.18415997],[-75.1334261,37.171377],[-75.1716416,37.13315288],[-75.1716813,37.13315288],[-75.1844332,37.13401894],[-75.2354402,37.14372232],[-75.2864473,37.15100839],[-75.3374544,37.15621064],[-75.3884615,37.15955215],[-75.4394686,37.16126581],[-75.4904756,37.16151872],[-75.5414827,37.1604808],[-75.5924898,37.15831158],[-75.6434969,37.15524285],[-75.694504,37.15166485],[-75.745511,37.1483285],[-75.7965181,37.14688231],[-75.8475252,37.15203993],[-75.8985322,37.1641486],[-75.9495393,37.17066997],[-76.0005464,37.16390999],[-76.0515535,37.16877544],[-76.0899355,37.18415997],[-76.1025606,37.19077684],[-76.1535676,37.22778075],[-76.1620928,37.23516702],[-76.2045747,37.28598384],[-76.2047158,37.2861741],[-76.2212435,37.33718118],[-76.2259839,37.38818827]],[[-76.0648146,37.38818827],[-76.0555866,37.43919535],[-76.0515535,37.45221308],[-76.034869,37.49020243],[-76.0104836,37.54120952],[-76.0005464,37.56054245],[-75.9707104,37.59221657],[-75.9495393,37.61279033],[-75.8985322,37.62165969],[-75.8475252,37.61067177],[-75.7984231,37.59221657],[-75.7965181,37.59132722],[-75.745511,37.55430779],[-75.7321224,37.54120952],[-75.6999152,37.49020243],[-75.694504,37.45743025],[-75.6916529,37.43919535],[-75.694504,37.43229168],[-75.7112372,37.38818827],[-75.745511,37.35437303],[-75.76093,37.33718118],[-75.7965181,37.31622036],[-75.8442144,37.2861741],[-75.8475252,37.28501142],[-75.8985322,37.27407882],[-75.9495393,37.27666809],[-76.0005464,37.27557581],[-76.0258471,37.2861741],[-76.0515535,37.31532589],[-76.0629852,37.33718118],[-76.0648146,37.38818827]]]}},
{"type":"Feature","properties":{"Lower":100.0},"geometry":{"type":"Polygon","coordinates":[[[-88.3442593,31.81566181],[-88.3442593,31.81562213],[-88.3952664,31.81562673],[-88.4462735,31.81563149],[-88.4972806,31.81563637],[-88.5482876,31.81564137],[-88.5992947,31.81564654],[-88.6503018,31.8156518],[-88.7013089,31.81565721],[-88.752316,31.81566275],[-88.7725956,31.82841674],[-88.7879605,31.87942382],[-88.803323,31.92794697],[-88.8040976,31.93043091],[-88.8206819,31.98143799],[-88.8381365,32.03244507],[-88.8543301,32.07768645],[-88.8563627,32.08345215],[-88.8750753,32.13445921],[-88.8946849,32.18546629],[-88.9053372,32.21202287],[-88.9150099,32.23647337],[-88.9358182,32.28748045],[-88.9563442,32.3369478],[-88.9569753,32.33848754],[-88.9779872,32.38949462],[-88.9994095,32.4405017],[-89.0073513,32.45910132],[-89.0210934,32.49150875],[-89.0431385,32.54251584],[-89.0583584,32.57704949],[-89.0655683,32.59352292],[-89.0882827,32.64453],[-89.1093655,32.69083418],[-89.1114948,32.69553709],[-89.1348726,32.74654417],[-89.158857,32.79755122],[-89.1603726,32.80071236],[-89.183182,32.8485583],[-89.2082546,32.89956539],[-89.2113796,32.90580662],[-89.2336674,32.95057247],[-89.2599756,33.00157955],[-89.2623867,33.0061586],[-89.2867285,33.05258663],[-89.3133938,33.10157855],[-89.3144844,33.10359372],[-89.3428278,33.15460077],[-89.3644009,33.19199068],[-89.3722127,33.20560785],[-89.4024378,33.25661493],[-89.4154079,33.27771072],[-89.4337183,33.30762202],[-89.4658924,33.3586291],[-89.466415,33.35941924],[-89.4997757,33.40963618],[-89.5174221,33.43535164],[-89.5347521,33.46064327],[-89.5684292,33.50758522],[-89.5713414,33.51165032],[-89.6093914,33.5626574],[-89.6194363,33.5755257],[-89.6492961,33.61366448],[-89.6704433,33.63934871],[-89.6914504,33.66467157],[-89.7214504,33.6989647],[-89.736183,33.71567865],[-89.7724575,33.75455274],[-89.7839539,33.76668573],[-89.8234646,33.80595374],[-89.8355561,33.81769278],[-89.8744717,33.85278332],[-89.8931249,33.86869987],[-89.9254787,33.89367409],[-89.9619434,33.91970695],[-89.9764858,33.92908588],[-90.0274929,33.95938236],[-90.0483791,33.97071403],[-90.0785,33.98544445],[-90.1295071,34.00785986],[-90.1649114,34.02172111],[-90.1805141,34.0272039],[-90.2315212,34.04333955],[-90.2825283,34.05724259],[-90.3335353,34.06908014],[-90.3514426,34.0727282],[-90.3845425,34.07871399],[-90.4355495,34.08644407],[-90.4865566,34.0926736],[-90.5375637,34.09749789],[-90.5885707,34.10099521],[-90.6395778,34.10326231],[-90.6905849,34.10432599],[-90.741592,34.10417854],[-90.7925991,34.10281689],[-90.8436061,34.10013625],[-90.8946132,34.09594354],[-90.9456203,34.09033092],[-90.9966274,34.08456615],[-91.0476345,34.08091947],[-91.0986415,34.08482801],[-91.1496486,34.10608421],[-91.1630639,34.12373528],[-91.1891269,34.17474233],[-91.2006557,34.20085624],[-91.2128346,34.22574941],[-91.2451164,34.2767565],[-91.2516628,34.28535946],[-91.3026698,34.31377543],[-91.3536769,34.3276538],[-91.3542007,34.32776358],[-91.404684,34.33848876],[-91.4556911,34.34845819],[-91.5066982,34.35831059],[-91.5577052,34.36826825],[-91.6087123,34.37838395],[-91.610679,34.37877066],[-91.6597194,34.38857186],[-91.7107265,34.39886167],[-91.7617336,34.4092426],[-91.8127406,34.41970214],[-91.8617872,34.42977774],[-91.8637477,34.43018759],[-91.9147548,34.44059934],[-91.9657618,34.45100055],[-92.0167689,34.46134343],[-92.067776,34.47162917],[-92.1137098,34.48078483],[-92.1187831,34.48181649],[-92.1697902,34.49185348],[-92.2207972,34.50172137],[-92.2718043,34.51143973],[-92.3228114,34.52095404],[-92.3738185,34.5302487],[-92.3827093,34.53179188],[-92.4248256,34.53928476],[-92.4758326,34.54803424],[-92.5268397,34.5564609],[-92.5778468,34.56452544],[-92.6288539,34.57220996],[-92.679861,34.57943971],[-92.7056002,34.58279896],[-92.730868,34.58620794],[-92.7818751,34.59243894],[-92.8328822,34.59812182],[-92.8838893,34.60314707],[-92.9348964,34.60745672],[-92.9859034,34.61106641],[-93.0369105,34.61392824],[-93.0879176,34.61590804],[-93.1389247,34.61692528],[-93.1899317,34.61683012],[-93.2409388,34.61556426],[-93.2919459,34.61299296],[-93.342953,34.60899439],[-93.39396,34.60346907],[-93.4449671,34.59629622],[-93.4959742,34.58725125],[-93.5172358,34.58279896],[-93.5469813,34.57605661],[-93.5979884,34.56248352],[-93.6489954,34.54647839],[-93.6894908,34.53179188],[-93.7000025,34.52766604],[-93.7510096,34.50543401],[-93.800308,34.48078483],[-93.8020167,34.47986044],[-93.8530237,34.44991215],[-93.8838361,34.42977774],[-93.9040308,34.41547144],[-93.9514587,34.37877066],[-93.9550379,34.37577716],[-94.006045,34.32992842],[-94.0083011,34.32776358],[-94.0570521,34.27768793],[-94.0578969,34.2767565],[-94.1004028,34.22574941],[-94.1080591,34.21593363],[-94.1387751,34.17474233],[-94.1590662,34.14518173],[-94.1732454,34.12373528],[-94.2046132,34.0727282],[-94.2100733,34.06324487],[-94.233318,34.02172111],[-94.2597835,33.97071403],[-94.2610804,33.96806659],[-94.2842611,33.91970695],[-94.3070403,33.86869987],[-94.3120875,33.85676831],[-94.3283272,33.81769278],[-94.3486771,33.76668573],[-94.3630945,33.72950386],[-94.368397,33.71567865],[-94.3875362,33.66467157],[-94.4061784,33.61366448],[-94.4141016,33.59141834],[-94.4242833,33.5626574],[-94.4418986,33.51165032],[-94.4590992,33.46064327],[-94.4651087,33.44239707],[-94.4758668,33.40963618],[-94.4923034,33.3586291],[-94.5083969,33.30762202],[-94.5161158,33.28282676],[-94.5242877,33.25661493],[-94.5399698,33.20560785],[-94.5555603,33.15460077],[-94.5671229,33.11657818],[-94.5710888,33.10359372],[-94.5868177,33.05258663],[-94.6026215,33.00157955],[-94.6181299,32.95245808],[-94.6187323,32.95057247],[-94.6353054,32.89956539],[-94.6518243,32.8485583],[-94.6671236,32.79755122],[-94.669137,32.79016855],[-94.6812361,32.74654417],[-94.6941625,32.69553709],[-94.7059625,32.64453],[-94.7168079,32.59352292],[-94.7201441,32.57689425],[-94.7271504,32.54251584],[-94.7373303,32.49150875],[-94.74791,32.4405017],[-94.7597576,32.38949462],[-94.7711511,32.34820152],[-94.7739107,32.33848754],[-94.789429,32.28748045],[-94.8044846,32.23647337],[-94.8189971,32.18546629],[-94.8221582,32.17391291],[-94.8331137,32.13445921],[-94.846118,32.08345215],[-94.8570662,32.03244507],[-94.8731653,32.01969177],[-94.9241724,32.01968701],[-94.9751795,32.01968241],[-95.0261865,32.01967787],[-95.0771936,32.01967349],[-95.1282007,32.01966924],[-95.1792078,32.01966511],[-95.2302149,32.01966113],[-95.2812219,32.01965731],[-95.332229,32.01965365],[-95.3832361,32.01965015],[-95.3832361,32.01968986],[-95.3330166,32.03244507],[-95.332229,32.03499056],[-95.3179997,32.08345215],[-95.3028226,32.13445921],[-95.2874508,32.18546629],[-95.2812219,32.2061134],[-95.272469,32.23647337],[-95.2572612,32.28748045],[-95.2400884,32.33848754],[-95.2302149,32.36585163],[-95.2219066,32.38949462],[-95.203314,32.4405017],[-95.1845216,32.49150875],[-95.1792078,32.50825768],[-95.1689952,32.54251584],[-95.1553678,32.59352292],[-95.1414668,32.64453],[-95.1282007,32.68799063],[-95.1259642,32.69553709],[-95.1085648,32.74654417],[-95.0884875,32.79755122],[-95.0771936,32.82282535],[-95.0661332,32.8485583],[-95.0423389,32.89956539],[-95.0261865,32.93660209],[-95.0203139,32.95057247],[-95.000424,33.00157955],[-94.9818661,33.05258663],[-94.9751795,33.07204743],[-94.964564,33.10359372],[-94.9480471,33.15460077],[-94.9320412,33.20560785],[-94.9241724,33.23134603],[-94.9165321,33.25661493],[-94.9012785,33.30762202],[-94.8861514,33.3586291],[-94.8731653,33.40247478],[-94.871061,33.40963618],[-94.8561806,33.46064327],[-94.841174,33.51165032],[-94.8261296,33.5626574],[-94.8221582,33.57615144],[-94.8111359,33.61366448],[-94.7961831,33.66467157],[-94.7812061,33.71567865],[-94.7711511,33.75003784],[-94.7662711,33.76668573],[-94.7516641,33.81769278],[-94.7371656,33.86869987],[-94.7224227,33.91970695],[-94.7201441,33.92744595],[-94.707289,33.97071403],[-94.691489,34.02172111],[-94.6749353,34.0727282],[-94.669137,34.09008915],[-94.6577013,34.12373528],[-94.6395015,34.17474233],[-94.6200878,34.22574941],[-94.6181299,34.23073505],[-94.5995383,34.2767565],[-94.577477,34.32776358],[-94.5671229,34.35025932],[-94.5534904,34.37877066],[-94.5272579,34.42977774],[-94.5161158,34.44995988],[-94.4981628,34.48078483],[-94.4660075,34.53179188],[-94.4651087,34.53310123],[-94.4276623,34.58279896],[-94.4141016,34.5995728],[-94.3836588,34.63380604],[-94.3630945,34.65553417],[-94.331808,34.68481313],[-94.3120875,34.70234235],[-94.268442,34.73582021],[-94.2610804,34.74127149],[-94.2100733,34.77401841],[-94.1860016,34.78682729],[-94.1590662,34.80077592],[-94.1080591,34.82285687],[-94.06418,34.83783434],[-94.0570521,34.84022903],[-94.006045,34.85470125],[-93.9550379,34.86582535],[-93.9040308,34.87400803],[-93.8530237,34.87984042],[-93.8020167,34.8837217],[-93.7510096,34.885788],[-93.7000025,34.88628975],[-93.6489954,34.88542772],[-93.5979884,34.88336349],[-93.5469813,34.88017131],[-93.4959742,34.87597534],[-93.4449671,34.87090083],[-93.39396,34.86499469],[-93.342953,34.8583264],[-93.2919459,34.85094742],[-93.2409388,34.84291974],[-93.2113824,34.83783434],[-93.1899317,34.8344345],[-93.1389247,34.8255929],[-93.0879176,34.81625912],[-93.0369105,34.80645917],[-92.9859034,34.79626146],[-92.9404829,34.78682729],[-92.9348964,34.78574156],[-92.8838893,34.7751704],[-92.8328822,34.76431128],[-92.7818751,34.75313579],[-92.730868,34.74170317],[-92.7056529,34.73582021],[-92.679861,34.7301124],[-92.6288539,34.71838396],[-92.5778468,34.70644139],[-92.5268397,34.69427624],[-92.4880556,34.68481313],[-92.4758326,34.68196007],[-92.4248256,34.66964301],[-92.3738185,34.65718878],[-92.3228114,34.64457926],[-92.2797394,34.63380604],[-92.2718043,34.63189555],[-92.2207972,34.61923982],[-92.1697902,34.60652207],[-92.1187831,34.59372486],[-92.0757013,34.58279896],[-92.067776,34.58085618],[-92.0167689,34.56808735],[-91.9657618,34.55528996],[-91.9147548,34.54244803],[-91.8726315,34.53179188],[-91.8637477,34.52961362],[-91.8127406,34.51690932],[-91.7617336,34.50423199],[-91.7107265,34.49157895],[-91.6671421,34.48078483],[-91.6597194,34.47900232],[-91.6087123,34.46659675],[-91.5577052,34.45428699],[-91.5066982,34.44207251],[-91.4556911,34.42987281],[-91.4553075,34.42977774],[-91.404684,34.41767067],[-91.3536769,34.40492635],[-91.3026698,34.39020385],[-91.2776946,34.37877066],[-91.2516628,34.36632274],[-91.2177332,34.32776358],[-91.2006557,34.30445141],[-91.1843351,34.2767565],[-91.1607068,34.22574941],[-91.1496486,34.20056349],[-91.1258055,34.17474233],[-91.0986415,34.15597238],[-91.0476345,34.1455596],[-90.9966274,34.14557606],[-90.9456203,34.1514367],[-90.8946132,34.16156013],[-90.8436061,34.17395206],[-90.839738,34.17474233],[-90.7925991,34.18482413],[-90.741592,34.19447657],[-90.6905849,34.20305312],[-90.6395778,34.2106228],[-90.5885707,34.21720947],[-90.5375637,34.22278767],[-90.5045748,34.22574941],[-90.4865566,34.2274897],[-90.4355495,34.23157007],[-90.3845425,34.23477008],[-90.3335353,34.23673768],[-90.2825283,34.23726768],[-90.2315212,34.23612252],[-90.1805141,34.23314845],[-90.1295071,34.22822264],[-90.1107682,34.22574941],[-90.0785,34.22118767],[-90.0274929,34.21181161],[-89.9764858,34.20006725],[-89.9254787,34.1857704],[-89.8918101,34.17474233],[-89.8744717,34.16867299],[-89.8234646,34.14849831],[-89.7724575,34.12509326],[-89.7697415,34.12373528],[-89.7214504,34.09720108],[-89.6819986,34.0727282],[-89.6704433,34.06479671],[-89.6194363,34.0268123],[-89.6129585,34.02172111],[-89.5684292,33.98439107],[-89.552648,33.97071403],[-89.5174221,33.93835107],[-89.4976236,33.91970695],[-89.466415,33.88873066],[-89.4465689,33.86869987],[-89.4154079,33.83558359],[-89.3987883,33.81769278],[-89.3644009,33.77884804],[-89.353712,33.76668573],[-89.3133938,33.71863373],[-89.3109277,33.71567865],[-89.2701822,33.66467157],[-89.2623867,33.6544803],[-89.2311665,33.61366448],[-89.2113796,33.58661783],[-89.1938813,33.5626574],[-89.1603726,33.51470353],[-89.1582353,33.51165032],[-89.1237735,33.46064327],[-89.1093655,33.43837966],[-89.0907319,33.40963618],[-89.0589728,33.3586291],[-89.0583584,33.35760908],[-89.0280937,33.30762202],[-89.0073513,33.27185517],[-88.9984677,33.25661493],[-88.9697273,33.20560785],[-88.9563442,33.18103061],[-88.9418549,33.15460077],[-88.9149375,33.10359372],[-88.9053372,33.08486069],[-88.8886584,33.05258663],[-88.8631924,33.00157955],[-88.8543301,32.98334249],[-88.8382995,32.95057247],[-88.8141195,32.89956539],[-88.803323,32.87621132],[-88.7903692,32.8485583],[-88.7670424,32.79755122],[-88.752316,32.76476561],[-88.743981,32.74654417],[-88.7210144,32.69553709],[-88.7013089,32.65081229],[-88.698485,32.64453],[-88.675688,32.59352292],[-88.6533366,32.54251584],[-88.6503018,32.53551137],[-88.6308848,32.49150875],[-88.6087945,32.4405017],[-88.5992947,32.41824924],[-88.5867693,32.38949462],[-88.5649008,32.33848754],[-88.5482876,32.29919656],[-88.543232,32.28748045],[-88.5218463,32.23647337],[-88.5014628,32.18546629],[-88.4972806,32.17452634],[-88.4816764,32.13445921],[-88.4627425,32.08345215],[-88.4462735,32.03678974],[-88.4447112,32.03244507],[-88.4270911,31.98143799],[-88.4104243,31.93043091],[-88.3952664,31.88133294],[-88.3946649,31.87942382],[-88.3792827,31.82841674],[-88.3442593,31.81566181]]]}},
{"type":"Feature","properties":{"Lower":100.0},"geometry":{"type":"Polygon","coordinates":[[[-97.3215051,34.3915235],[-97.3215051,34.39156318],[-97.2832892,34.42977774],[-97.2832884,34.48078483],[-97.270498,34.49357518],[-97.2322802,34.53179188],[-97.2322795,34.58279896],[-97.2194909,34.5955876],[-97.1812716,34.63380604],[-97.1812709,34.68481313],[-97.1684838,34.69760026],[-97.1302632,34.73582021],[-97.1174768,34.74860659],[-97.0792554,34.78682729],[-97.0792549,34.83783434],[-97.0664697,34.85061957],[-97.0282473,34.88884143],[-97.0282469,34.93984851],[-97.0154626,34.95263283],[-96.9772395,34.99085559],[-96.9644555,35.00363956],[-96.9262323,35.04186268],[-96.9262319,35.09286976],[-96.9134484,35.10565317],[-96.8752247,35.14387684],[-96.8752243,35.19488389],[-96.8624414,35.20766686],[-96.8242173,35.24589098],[-96.8242169,35.29689806],[-96.8114343,35.30968065],[-96.7732099,35.34790514],[-96.7604272,35.36068783],[-96.722203,35.39891222],[-96.7222025,35.44991931],[-96.7094201,35.46270168],[-96.6711956,35.50092639],[-96.6711951,35.55193344],[-96.658413,35.56471554],[-96.6201882,35.60294052],[-96.6201877,35.65394761],[-96.607406,35.66672936],[-96.5691808,35.70495469],[-96.5563989,35.71773656],[-96.5181738,35.75596177],[-96.5181733,35.80696886],[-96.5053918,35.81975035],[-96.4671663,35.85797591],[-96.4671659,35.90898299],[-96.4543847,35.92176418],[-96.4161589,35.95999007],[-96.4033776,35.97277129],[-96.3651518,36.01099716],[-96.3651514,36.06200424],[-96.3523706,36.07478511],[-96.3141444,36.11301132],[-96.3141441,36.1640184],[-96.3013635,36.17679896],[-96.263137,36.21502546],[-96.2631368,36.26603254],[-96.2503564,36.27881288],[-96.2121297,36.31703962],[-96.1993494,36.32981996],[-96.1611226,36.3680467],[-96.1611224,36.41905379],[-96.1483423,36.43183394],[-96.1101154,36.47006087],[-96.1101152,36.52106795],[-96.0973352,36.53384798],[-96.0591082,36.572075],[-96.0463281,36.58485509],[-96.0081012,36.62308209],[-96.0081011,36.67408917],[-95.995321,36.68686926],[-95.9570941,36.72509625],[-95.9570941,36.77610334],[-95.944314,36.78888352],[-95.9060872,36.82711042],[-95.9060873,36.87811747],[-95.8933069,36.8908979],[-95.8550804,36.92912455],[-95.8422998,36.94190521],[-95.8040737,36.98013164],[-95.8040739,37.03113872],[-95.7912927,37.04391987],[-95.7530672,37.0821458],[-95.7530676,37.13315288],[-95.7402856,37.14593485],[-95.7020612,37.18415997],[-95.7020618,37.23516702],[-95.6892786,37.24795024],[-95.6510557,37.2861741],[-95.6382715,37.29895835],[-95.60005,37.33718118],[-95.6000512,37.38818827],[-95.5872644,37.40097502],[-95.5490462,37.43919535],[-95.5490481,37.49020243],[-95.5362573,37.50299319],[-95.4980445,37.54120952],[-95.4980048,37.54120952],[-95.4995137,37.49020243],[-95.4852503,37.48373326],[-95.4342432,37.46245404],[-95.3832361,37.44429377],[-95.3675595,37.43919535],[-95.332229,37.42633706],[-95.2812219,37.40987173],[-95.2302149,37.39583014],[-95.1988488,37.38818827],[-95.1792078,37.38270385],[-95.1282007,37.36974727],[-95.0771936,37.35882532],[-95.0261865,37.34950024],[-94.9751795,37.34165396],[-94.9406761,37.33718118],[-94.9241724,37.33460672],[-94.8731653,37.3277008],[-94.8221582,37.32198613],[-94.7711511,37.31755006],[-94.7201441,37.31419021],[-94.669137,37.31176107],[-94.6181299,37.31003621],[-94.5671229,37.30892929],[-94.5161158,37.30793934],[-94.4651087,37.30637448],[-94.4141016,37.3025913],[-94.3630945,37.29330245],[-94.3480726,37.2861741],[-94.3120875,37.26612866],[-94.2610804,37.2546613],[-94.2100733,37.24825985],[-94.1590662,37.23573138],[-94.1568975,37.23516702],[-94.1080591,37.21419355],[-94.0570521,37.19248533],[-94.0381029,37.18415997],[-94.006045,37.15497905],[-93.9811556,37.13315288],[-93.9550379,37.08734742],[-93.9520893,37.0821458],[-93.9404825,37.03113872],[-93.9397066,36.98013164],[-93.9467195,36.92912455],[-93.9550379,36.89451921],[-93.9594626,36.87811747],[-93.9771799,36.82711042],[-93.9973222,36.77610334],[-94.006045,36.75540515],[-94.0201253,36.72509625],[-94.0446684,36.67408917],[-94.0570521,36.64863266],[-94.0712339,36.62308209],[-94.10067,36.572075],[-94.1080591,36.55965034],[-94.1356189,36.52106795],[-94.1590662,36.48723917],[-94.1723032,36.47006087],[-94.2084044,36.41905379],[-94.2100733,36.41673555],[-94.2497122,36.3680467],[-94.2610804,36.35304385],[-94.2915836,36.31703962],[-94.3120875,36.29158718],[-94.3348903,36.26603254],[-94.3630945,36.23329444],[-94.380434,36.21502546],[-94.4141016,36.17857993],[-94.4287979,36.1640184],[-94.4651087,36.12702028],[-94.4802616,36.11301132],[-94.5161158,36.07922697],[-94.5360172,36.06200424],[-94.5671229,36.03482425],[-94.5970525,36.01099716],[-94.6181299,35.9940529],[-94.6650791,35.95999007],[-94.669137,35.95701681],[-94.7201441,35.92368612],[-94.7453128,35.90898299],[-94.7711511,35.8938898],[-94.8221582,35.86703688],[-94.8414104,35.85797591],[-94.8731653,35.84317558],[-94.9241724,35.82174095],[-94.9635598,35.80696886],[-94.9751795,35.8026931],[-95.0261865,35.78557187],[-95.0771936,35.7698399],[-95.1195362,35.75596177],[-95.1282007,35.75334385],[-95.1792078,35.74269023],[-95.2302149,35.73005606],[-95.2812219,35.71821362],[-95.332229,35.70852236],[-95.3456707,35.70495469],[-95.3832361,35.69489226],[-95.4342432,35.68302104],[-95.4852503,35.6711464],[-95.5362573,35.658435],[-95.5534572,35.65394761],[-95.5872644,35.64542375],[-95.6382715,35.6315215],[-95.6892786,35.61662395],[-95.7321706,35.60294052],[-95.7402856,35.60045875],[-95.7912927,35.58343667],[-95.8422998,35.56495227],[-95.8749874,35.55193344],[-95.8933069,35.54481748],[-95.944314,35.52326375],[-95.9878411,35.50092639],[-95.995321,35.49733166],[-96.0463281,35.47419789],[-96.0904684,35.44991931],[-96.0973352,35.44623464],[-96.1483423,35.4165366],[-96.1755802,35.39891222],[-96.1993494,35.38378545],[-96.2470199,35.34790514],[-96.2503564,35.34553252],[-96.3013635,35.30852],[-96.3150572,35.29689806],[-96.3523706,35.26522992],[-96.3729174,35.24589098],[-96.4033776,35.21722129],[-96.4244748,35.19488389],[-96.4543847,35.16294754],[-96.4702323,35.14387684],[-96.5053918,35.10120489],[-96.5113747,35.09286976],[-96.547325,35.04186268],[-96.5563989,35.02872087],[-96.5788097,34.99085559],[-96.607406,34.94214922],[-96.6085418,34.93984851],[-96.6311207,34.88884143],[-96.6527472,34.83783434],[-96.658413,34.82346902],[-96.6722583,34.78682729],[-96.6893312,34.73582021],[-96.7042526,34.68481313],[-96.7094201,34.66448827],[-96.7192129,34.63380604],[-96.7339026,34.58279896],[-96.7466868,34.53179188],[-96.7580595,34.48078483],[-96.7604272,34.46889893],[-96.7723739,34.42977774],[-96.7872259,34.37877066],[-96.8018687,34.32776358],[-96.8114343,34.29707372],[-96.8282482,34.2767565],[-96.8624414,34.24670548],[-96.9134484,34.25353111],[-96.9644555,34.27214597],[-96.9730622,34.2767565],[-97.0154626,34.30069627],[-97.0664697,34.32476059],[-97.0728582,34.32776358],[-97.1174768,34.34852945],[-97.1684838,34.37120011],[-97.1857188,34.37877066],[-97.2194909,34.39360419],[-97.270498,34.41506416],[-97.3215051,34.3915235]]]}},
{"type":"Feature","properties":{"Lower":100.0},"geometry":{"type":"Polygon","coordinates":[[[-92.2718043,43.11373438],[-92.2718043,43.11377409],[-92.2335886,43.15198809],[-92.2335875,43.20299518],[-92.2207972,43.21578544],[-92.1825788,43.25400226],[-92.1697902,43.26679089],[-92.1315701,43.30500934],[-92.1315691,43.35601639],[-92.1187831,43.36880237],[-92.0805605,43.40702348],[-92.0805595,43.45803056],[-92.067776,43.470814],[-92.0295509,43.50903764],[-92.0167689,43.52181961],[-91.9785425,43.56004472],[-91.9785416,43.61105181],[-91.9657618,43.62383152],[-91.9275332,43.66205889],[-91.9275324,43.71306594],[-91.9147548,43.72584359],[-91.8765242,43.76407302],[-91.8765235,43.81508011],[-91.8637477,43.82785588],[-91.8255153,43.86608719],[-91.8127406,43.8788619],[-91.7745073,43.91709427],[-91.7745067,43.96810136],[-91.7617336,43.98087453],[-91.7234988,44.01910841],[-91.7234984,44.07011549],[-91.7107265,44.08288738],[-91.6724905,44.12112257],[-91.6724902,44.17212966],[-91.6597194,44.18490045],[-91.6214825,44.22313674],[-91.6087123,44.23590694],[-91.5704749,44.27414382],[-91.5704747,44.3251509],[-91.5577052,44.33792032],[-91.5194672,44.37615796],[-91.519467,44.42716504],[-91.5066982,44.43993393],[-91.4684596,44.47817212],[-91.4556911,44.4909407],[-91.4174523,44.5291792],[-91.4174523,44.58018629],[-91.404684,44.59295455],[-91.366445,44.63119337],[-91.3664451,44.68220045],[-91.3536769,44.69496859],[-91.3154379,44.7332075],[-91.3154381,44.78421459],[-91.3026698,44.79698279],[-91.264431,44.83522167],[-91.2516628,44.8479899],[-91.213424,44.88622875],[-91.2134242,44.93723584],[-91.2006557,44.95000438],[-91.1624175,44.98824292],[-91.1624179,45.03924997],[-91.1496486,45.05201926],[-91.1114117,45.09025705],[-91.0986415,45.10302719],[-91.0604066,45.14126414],[-91.0604095,45.19227122],[-91.0476345,45.2050463],[-91.0094145,45.2432783],[-91.009424,45.29428538],[-91.0093843,45.29428538],[-90.9966274,45.26666729],[-90.9618004,45.2432783],[-90.9456203,45.23229511],[-90.8946132,45.19711673],[-90.8879926,45.19227122],[-90.8436061,45.16043106],[-90.8178732,45.14126414],[-90.7925991,45.12295638],[-90.7490218,45.09025705],[-90.741592,45.08486232],[-90.6905849,45.04628272],[-90.6819647,45.03924997],[-90.6395778,45.00720704],[-90.6156716,44.98824292],[-90.5885707,44.9683054],[-90.5466933,44.93723584],[-90.5375637,44.93080872],[-90.4865566,44.89579867],[-90.4720077,44.88622875],[-90.4355495,44.8628392],[-90.3845425,44.84212362],[-90.3520163,44.83522167],[-90.3335353,44.83005898],[-90.2825283,44.81565623],[-90.2315212,44.80145375],[-90.1805141,44.78745418],[-90.167538,44.78421459],[-90.1295071,44.77099274],[-90.0785,44.7588508],[-90.0274929,44.74993644],[-89.9764858,44.74364792],[-89.9254787,44.74001598],[-89.8744717,44.73950494],[-89.8234646,44.74303659],[-89.7724575,44.75218693],[-89.7214504,44.76918726],[-89.6928017,44.78421459],[-89.6704433,44.79780507],[-89.6279429,44.83522167],[-89.6194363,44.84416657],[-89.5881464,44.88622875],[-89.5684292,44.91847277],[-89.5587584,44.93723584],[-89.5357656,44.98824292],[-89.5174221,45.03464094],[-89.5157487,45.03924997],[-89.497945,45.09025705],[-89.480929,45.14126414],[-89.466415,45.18554795],[-89.4642976,45.19227122],[-89.4479713,45.2432783],[-89.431341,45.29428538],[-89.4154079,45.3413358],[-89.4141051,45.34529247],[-89.3965766,45.39629952],[-89.3817355,45.4473066],[-89.3711087,45.49831368],[-89.3644009,45.53126899],[-89.3608673,45.54932077],[-89.3509119,45.60032785],[-89.3644009,45.61308156],[-89.3644009,45.61312127],[-89.3133938,45.61311389],[-89.2623867,45.61310631],[-89.2113796,45.61309855],[-89.1603726,45.6130907],[-89.1093655,45.61308284],[-89.0966105,45.60032785],[-89.0958989,45.54932077],[-89.1036546,45.49831368],[-89.1093655,45.46072854],[-89.1114028,45.4473066],[-89.1203621,45.39629952],[-89.1343672,45.34529247],[-89.14881,45.29428538],[-89.1603726,45.25085449],[-89.1623852,45.2432783],[-89.1750077,45.19227122],[-89.1867662,45.14126414],[-89.197556,45.09025705],[-89.2069671,45.03924997],[-89.2113796,45.00903141],[-89.2144694,44.98824292],[-89.2194825,44.93723584],[-89.2208149,44.88622875],[-89.2170207,44.83522167],[-89.2113796,44.80110117],[-89.2084512,44.78421459],[-89.1961353,44.7332075],[-89.1793773,44.68220045],[-89.1603726,44.63834895],[-89.157035,44.63119337],[-89.1281185,44.58018629],[-89.1093655,44.55387755],[-89.0896869,44.5291792],[-89.0583584,44.49695778],[-89.0370411,44.47817212],[-89.0073513,44.45618621],[-88.9578966,44.42716504],[-88.9563442,44.42638754],[-88.9053372,44.40482092],[-88.8543301,44.38971217],[-88.803323,44.37985164],[-88.7740893,44.37615796],[-88.752316,44.3734392],[-88.7013089,44.369115],[-88.6503018,44.36641252],[-88.5992947,44.36440849],[-88.5482876,44.36197692],[-88.4972806,44.35736764],[-88.4462735,44.34841316],[-88.3952664,44.33593357],[-88.3547724,44.3251509],[-88.3442593,44.32220249],[-88.2932522,44.30869162],[-88.2422452,44.29624477],[-88.1912381,44.28527832],[-88.140231,44.28522127],[-88.0892239,44.30314831],[-88.0382168,44.31655204],[-87.9872098,44.32392854],[-87.9722024,44.3251509],[-87.9362027,44.3285453],[-87.8851956,44.33173727],[-87.8341885,44.33409027],[-87.7831814,44.33577892],[-87.7321744,44.33693889],[-87.6811673,44.3374458],[-87.6301602,44.33740143],[-87.5791531,44.3366284],[-87.528146,44.33487609],[-87.477139,44.33227434],[-87.4261319,44.32846018],[-87.3941414,44.3251509],[-87.3751248,44.32293543],[-87.3241178,44.31571968],[-87.2731107,44.30622024],[-87.2221036,44.2944367],[-87.1710965,44.27963888],[-87.1547212,44.27414382],[-87.1200894,44.26061643],[-87.0690824,44.23699355],[-87.0435356,44.22313674],[-87.0180753,44.20667717],[-86.971225,44.17212966],[-86.9670682,44.16847371],[-86.9208683,44.12112257],[-86.9160611,44.11560151],[-86.8773346,44.07011549],[-86.8650541,44.05068971],[-86.8461734,44.01910841],[-86.821456,43.96810136],[-86.814047,43.94834393],[-86.8027977,43.91709427],[-86.7890089,43.86608719],[-86.7796988,43.81508011],[-86.7741437,43.76407302],[-86.7722061,43.71306594],[-86.7738483,43.66205889],[-86.7789828,43.61105181],[-86.7874113,43.56004472],[-86.7993857,43.50903764],[-86.814047,43.46798763],[-86.8174529,43.45803056],[-86.8354986,43.40702348],[-86.8604748,43.35601639],[-86.8650541,43.34812615],[-86.890766,43.30500934],[-86.9160611,43.27054362],[-86.9286642,43.25400226],[-86.9670682,43.21155527],[-86.9753664,43.20299518],[-87.0180753,43.16595759],[-87.0358117,43.15198809],[-87.0690824,43.12972302],[-87.1156599,43.10098101],[-87.1200894,43.09870996],[-87.1710965,43.07805775],[-87.2221036,43.0603282],[-87.263069,43.04997393],[-87.2731107,43.04779507],[-87.3241178,43.03998212],[-87.3751248,43.03553453],[-87.4261319,43.0340827],[-87.477139,43.03548972],[-87.528146,43.03941738],[-87.5791531,43.04619876],[-87.5984118,43.04997393],[-87.6301602,43.05572367],[-87.6811673,43.06566119],[-87.7321744,43.07553558],[-87.7831814,43.08479135],[-87.8341885,43.09266437],[-87.8851956,43.09809174],[-87.9362027,43.09927439],[-87.9872098,43.09482105],[-88.0382168,43.09498799],[-88.0672297,43.10098101],[-88.0892239,43.1051976],[-88.140231,43.12543186],[-88.1847799,43.15198809],[-88.1912381,43.1555602],[-88.2422452,43.18439746],[-88.2832757,43.20299518],[-88.2932522,43.2075706],[-88.3442593,43.22451545],[-88.3952664,43.23832295],[-88.4462735,43.24938735],[-88.4756317,43.25400226],[-88.4972806,43.25731648],[-88.5482876,43.26255425],[-88.5992947,43.26573091],[-88.6503018,43.26781827],[-88.7013089,43.26888673],[-88.752316,43.26848193],[-88.803323,43.26596849],[-88.8543301,43.26074058],[-88.8934669,43.25400226],[-88.9053372,43.25164644],[-88.9563442,43.23854838],[-89.0073513,43.21981627],[-89.0426125,43.20299518],[-89.0583584,43.19437685],[-89.1093655,43.15966604],[-89.1189347,43.15198809],[-89.1603726,43.1128235],[-89.1710462,43.10098101],[-89.2069733,43.04997393],[-89.2113796,43.04307433],[-89.2384173,42.99896684],[-89.258158,42.94795979],[-89.2623867,42.93634439],[-89.2762338,42.89695271],[-89.2878672,42.84594563],[-89.2958245,42.79493854],[-89.3004239,42.74393146],[-89.3024173,42.69292438],[-89.3019973,42.64191733],[-89.2994642,42.59091024],[-89.2949856,42.53990316],[-89.2887172,42.48889608],[-89.2804682,42.437889],[-89.2710304,42.38688191],[-89.2623867,42.34761619],[-89.2597858,42.33587483],[-89.2471629,42.28486778],[-89.2331342,42.2338607],[-89.2174722,42.18285361],[-89.2113796,42.16435457],[-89.2004771,42.13184653],[-89.1817365,42.08083945],[-89.1629998,42.02983237],[-89.1603726,42.02394111],[-89.1390252,41.97882528],[-89.1151184,41.92781823],[-89.1093655,41.9164482],[-89.088567,41.87681115],[-89.0613803,41.82580407],[-89.0583584,41.82089472],[-89.027801,41.77479698],[-89.0073513,41.74479175],[-88.9922698,41.7237899],[-88.9563442,41.67724274],[-88.9526807,41.67278282],[-88.9088589,41.62177577],[-88.9053372,41.61810195],[-88.8566031,41.57076868],[-88.8543301,41.56868111],[-88.803323,41.5270171],[-88.7940232,41.5197616],[-88.752316,41.48917526],[-88.7210585,41.46875452],[-88.7013089,41.45665783],[-88.6503018,41.42955951],[-88.6236824,41.41774743],[-88.5992947,41.40768065],[-88.5482876,41.39108687],[-88.4972806,41.37914778],[-88.4462735,41.37214049],[-88.3952664,41.37004594],[-88.3442593,41.37127015],[-88.2932522,41.37572537],[-88.2422452,41.3832636],[-88.1912381,41.39367351],[-88.140231,41.40670084],[-88.1040502,41.41774743],[-88.0892239,41.42231437],[-88.0382168,41.44108276],[-87.9872098,41.45885975],[-87.9557008,41.46875452],[-87.9362027,41.4750333],[-87.8851956,41.48929226],[-87.8341885,41.5007701],[-87.7831814,41.50941669],[-87.7321744,41.51676083],[-87.7075271,41.5197616],[-87.6811673,41.52313256],[-87.6301602,41.52794934],[-87.5791531,41.53066124],[-87.528146,41.53087666],[-87.477139,41.52833487],[-87.4261319,41.52309745],[-87.4047181,41.5197616],[-87.3751248,41.51541906],[-87.3241178,41.5049235],[-87.2731107,41.49092593],[-87.2221036,41.47532232],[-87.1979051,41.46875452],[-87.1710965,41.46163083],[-87.1200894,41.44991391],[-87.0690824,41.43983552],[-87.0180753,41.43124253],[-86.9670682,41.42438546],[-86.9160611,41.41898682],[-86.8998146,41.41774743],[-86.8650541,41.41512722],[-86.814047,41.41278245],[-86.7630399,41.41164567],[-86.7120328,41.41135584],[-86.6610257,41.41105868],[-86.6100187,41.41078349],[-86.5590116,41.41031607],[-86.5080045,41.40981044],[-86.4569974,41.40955406],[-86.4059903,41.40911083],[-86.3549833,41.40911083],[-86.3039762,41.40933244],[-86.2529691,41.40981044],[-86.201962,41.41053484],[-86.1509549,41.41168241],[-86.0999479,41.41325819],[-86.0489408,41.41522964],[-85.9979337,41.41632158],[-85.9769662,41.41774743],[-85.9469267,41.41984089],[-85.8959196,41.42263547],[-85.8449125,41.42510138],[-85.7939054,41.42703164],[-85.7428983,41.42810981],[-85.6918913,41.428361],[-85.6408842,41.4273882],[-85.5898771,41.42521732],[-85.53887,41.42245403],[-85.4878629,41.4192232],[-85.4701009,41.41774743],[-85.4368559,41.41511962],[-85.3858488,41.41042538],[-85.3348417,41.40470339],[-85.2838346,41.39800081],[-85.2328275,41.39029016],[-85.1818205,41.38150582],[-85.1308134,41.37129493],[-85.1108732,41.36674035],[-85.0798063,41.3599831],[-85.0287992,41.34733566],[-84.9777922,41.33300833],[-84.9267851,41.31666827],[-84.9242138,41.31573327],[-84.875778,41.29903103],[-84.8247709,41.27902019],[-84.7928063,41.26472622],[-84.7737638,41.25666628],[-84.7227568,41.23199296],[-84.6896012,41.21371913],[-84.6717497,41.20440025],[-84.6207426,41.17472002],[-84.60212,41.16271205],[-84.5697355,41.14238231],[-84.5267485,41.11170497],[-84.5187284,41.10605614],[-84.4677214,41.06575819],[-84.4619267,41.06069789],[-84.4167143,41.02112345],[-84.4049836,41.0096908],[-84.3657072,40.97096535],[-84.3544271,40.95868372],[-84.3147002,40.9145006],[-84.309159,40.90767667],[-84.2685073,40.85666959],[-84.2636931,40.85058673],[-84.2317276,40.8056625],[-84.212686,40.77828477],[-84.1979516,40.75465542],[-84.1663244,40.70364834],[-84.1616789,40.69662519],[-84.1360553,40.65264125],[-84.1106718,40.61023808],[-84.1061215,40.6016342],[-84.0786696,40.55062712],[-84.0596648,40.51721969],[-84.0496527,40.49962004],[-84.0154733,40.44861295],[-84.0086577,40.44007123],[-83.9733846,40.39760587],[-83.9576506,40.38210596],[-83.9188442,40.34659879],[-83.9066435,40.33751942],[-83.8556364,40.30321467],[-83.8432736,40.29559171],[-83.8046294,40.27639267],[-83.7536223,40.25442253],[-83.7280764,40.24458465],[-83.7026152,40.23695537],[-83.6516081,40.2255362],[-83.600601,40.21241727],[-83.5691768,40.19357757],[-83.600601,40.15124258],[-83.6049218,40.14257049],[-83.6516081,40.11018862],[-83.6675329,40.09156341],[-83.6516081,40.07382847],[-83.611084,40.04055632],[-83.600601,40.02991087],[-83.549594,39.99154503],[-83.5450668,39.98954924],[-83.4985869,39.96414336],[-83.4475798,39.94607575],[-83.427416,39.93854216],[-83.3965727,39.92588849],[-83.3455656,39.914599],[-83.2945586,39.91555124],[-83.2744527,39.93854216],[-83.2809522,39.98954924],[-83.2928076,40.04055632],[-83.2945586,40.04624342],[-83.3076985,40.09156341],[-83.3247476,40.14257049],[-83.3434077,40.19357757],[-83.3455656,40.24051596],[-83.3460332,40.24458465],[-83.3455656,40.24485236],[-83.3081569,40.29559171],[-83.2945586,40.30093962],[-83.2435515,40.33052973],[-83.2151457,40.34659879],[-83.1925444,40.35644302],[-83.1415373,40.37730261],[-83.0969481,40.39760587],[-83.0905303,40.40036124],[-83.0395232,40.41606749],[-82.9885161,40.43211058],[-82.9412161,40.44861295],[-82.937509,40.45025361],[-82.886502,40.46497313],[-82.8354949,40.47755417],[-82.7844878,40.48526479],[-82.7334807,40.49384216],[-82.7130188,40.49962004],[-82.6824737,40.54416055],[-82.6797889,40.55062712],[-82.6824737,40.58326127],[-82.6844078,40.6016342],[-82.6824737,40.64217827],[-82.6796109,40.65264125],[-82.6314666,40.68735919],[-82.5804595,40.68675233],[-82.5294524,40.67372678],[-82.4913913,40.65264125],[-82.4784453,40.64657936],[-82.4287844,40.6016342],[-82.4274383,40.60053401],[-82.3867142,40.55062712],[-82.3764312,40.53783905],[-82.3536816,40.49962004],[-82.32641,40.44861295],[-82.3254241,40.44693441],[-82.3015491,40.39760587],[-82.2808207,40.34659879],[-82.274417,40.32947284],[-82.2622049,40.29559171],[-82.2564588,40.24458465],[-82.274417,40.22690273],[-82.3128559,40.19357757],[-82.3254241,40.17470561],[-82.3426674,40.14257049],[-82.364929,40.09156341],[-82.3764312,40.04696406],[-82.3779903,40.04055632],[-82.379967,39.98954924],[-82.3764312,39.96588127],[-82.3715286,39.93854216],[-82.3527603,39.88753511],[-82.3318994,39.83652802],[-82.3254241,39.82182802],[-82.3044844,39.78552094],[-82.274417,39.74340706],[-82.2663035,39.73451386],[-82.2234099,39.68876566],[-82.217718,39.68350677],[-82.1724029,39.64157227],[-82.1615777,39.63249969],[-82.1213958,39.59855378],[-82.099634,39.58149264],[-82.0703887,39.55826706],[-82.0330444,39.53048556],[-82.0193816,39.52020486],[-81.9683745,39.48481919],[-81.9599608,39.47947847],[-81.9173675,39.45224901],[-81.8779726,39.42847139],[-81.8663604,39.42142484],[-81.8153533,39.39310413],[-81.7852285,39.37746431],[-81.7643462,39.36660216],[-81.7133391,39.34300557],[-81.6739341,39.32645723],[-81.6623321,39.32160505],[-81.611325,39.30339112],[-81.5603179,39.28739412],[-81.5152064,39.27545014],[-81.5093109,39.27391817],[-81.4583038,39.26360943],[-81.4072967,39.25583923],[-81.3562896,39.25070564],[-81.3052825,39.24817784],[-81.2542755,39.24834222],[-81.2032684,39.25131266],[-81.1522613,39.2568544],[-81.1012542,39.26500356],[-81.0539274,39.27545014],[-81.0502471,39.27631611],[-80.9992401,39.2892127],[-80.948233,39.30518454],[-80.8972259,39.32327831],[-80.8890516,39.32645723],[-80.8462188,39.34422549],[-80.7952117,39.36708375],[-80.773485,39.37746431],[-80.7442047,39.39221879],[-80.6931976,39.41935238],[-80.6766933,39.42847139],[-80.6421905,39.44846877],[-80.5911834,39.47806385],[-80.5889329,39.47947847],[-80.5401764,39.5120664],[-80.5120752,39.53048556],[-80.4891693,39.54622648],[-80.4403778,39.58149264],[-80.4381622,39.58320677],[-80.3871551,39.62144499],[-80.3729515,39.63249969],[-80.336148,39.66364051],[-80.3125263,39.68350677],[-80.285141,39.70818418],[-80.255743,39.73451386],[-80.2341339,39.75511171],[-80.2020349,39.78552094],[-80.1831268,39.80431314],[-80.1503083,39.83652802],[-80.1321198,39.85530385],[-80.1002988,39.88753511],[-80.0811126,39.90775069],[-80.0515138,39.93854216],[-80.0301056,39.96158577],[-80.0032599,39.98954924],[-79.9790985,40.01489391],[-79.9537898,40.04055632],[-79.9280914,40.0666139],[-79.9024244,40.09156341],[-79.8770844,40.11619513],[-79.8485109,40.14257049],[-79.8260773,40.16313467],[-79.7912843,40.19357757],[-79.7750702,40.2076667],[-79.7300866,40.24458465],[-79.7240631,40.24949428],[-79.673056,40.28865358],[-79.6635164,40.29559171],[-79.622049,40.3255551],[-79.5906848,40.34659879],[-79.5710419,40.35977886],[-79.5200348,40.39163977],[-79.5098608,40.39760587],[-79.4690277,40.42155197],[-79.420893,40.44861295],[-79.4180206,40.45018805],[-79.3670136,40.47458529],[-79.3160065,40.49789586],[-79.3119605,40.49962004],[-79.2649994,40.51974741],[-79.2139923,40.53965244],[-79.1829534,40.55062712],[-79.1629852,40.55784685],[-79.1119782,40.57515914],[-79.0609711,40.59139284],[-79.0267053,40.6016342],[-79.009964,40.60689522],[-78.9589569,40.6219953],[-78.9079498,40.6363113],[-78.8569428,40.64960688],[-78.8445356,40.65264125],[-78.8059357,40.66274024],[-78.7549286,40.67539237],[-78.7039215,40.68723759],[-78.6529145,40.69824898],[-78.6267915,40.70364834],[-78.6019074,40.70916148],[-78.5509003,40.7196601],[-78.4998932,40.72931908],[-78.4488862,40.73867479],[-78.3978791,40.74712652],[-78.356931,40.75465542],[-78.346872,40.75658394],[-78.2958649,40.7631197],[-78.2448579,40.77036765],[-78.1938508,40.77738019],[-78.1428437,40.78319662],[-78.0918366,40.78822256],[-78.0408295,40.79205681],[-77.9898225,40.79462386],[-77.9388154,40.79614219],[-77.8878083,40.79661493],[-77.8368012,40.79602327],[-77.7857941,40.79452757],[-77.7347871,40.79140289],[-77.68378,40.78728907],[-77.6327729,40.78168145],[-77.5817658,40.77473335],[-77.5307587,40.76576738],[-77.4797517,40.75685221],[-77.4725009,40.75465542],[-77.4287446,40.74092869],[-77.3777375,40.72318875],[-77.3327991,40.70364834],[-77.3267304,40.7010546],[-77.2757233,40.67184786],[-77.2504751,40.65264125],[-77.2247163,40.63337541],[-77.1906866,40.6016342],[-77.1737092,40.58552793],[-77.1434626,40.55062712],[-77.1227021,40.52560336],[-77.1051705,40.49962004],[-77.0745323,40.44861295],[-77.0716951,40.4438852],[-77.0497591,40.39760587],[-77.0302147,40.34659879],[-77.020688,40.31693386],[-77.0158843,40.29559171],[-77.0067459,40.24458465],[-77.000374,40.19357757],[-76.9964346,40.14257049],[-76.994728,40.09156341],[-76.9948141,40.04055632],[-76.9967093,39.98954924],[-77.0003106,39.93854216],[-77.0056938,39.88753511],[-77.0128163,39.83652802],[-77.020688,39.79184069],[-77.0219891,39.78552094],[-77.037101,39.73451386],[-77.0543673,39.68350677],[-77.0716951,39.63732495],[-77.0737348,39.63249969],[-77.0914864,39.58149264],[-77.0940424,39.53048556],[-77.0716951,39.48944124],[-77.0656839,39.47947847],[-77.020688,39.43553894],[-77.0125065,39.42847139],[-76.9696809,39.39072349],[-76.9527781,39.37746431],[-76.9186738,39.35253299],[-76.8769526,39.32645723],[-76.8676667,39.32131885],[-76.8166597,39.29589964],[-76.7656526,39.27580519],[-76.7646666,39.27545014],[-76.7146455,39.25919855],[-76.6636384,39.24577164],[-76.6126313,39.23444547],[-76.5616243,39.22460253],[-76.5608331,39.22444309],[-76.5106172,39.21514214],[-76.4596101,39.20604938],[-76.408603,39.1967396],[-76.357596,39.18681157],[-76.3065889,39.17576003],[-76.2960617,39.17343601],[-76.2555818,39.16523681],[-76.2045747,39.16303705],[-76.1669167,39.17343601],[-76.1535676,39.18143171],[-76.1159473,39.22444309],[-76.1025606,39.24894116],[-76.0890497,39.27545014],[-76.0688523,39.32645723],[-76.0526189,39.37746431],[-76.0515535,39.38162369],[-76.0395181,39.42847139],[-76.0298994,39.47947847],[-76.0228041,39.53048556],[-76.0177921,39.58149264],[-76.0145567,39.63249969],[-76.0128838,39.68350677],[-76.0126564,39.73451386],[-76.0137663,39.78552094],[-76.0161744,39.83652802],[-76.0198228,39.88753511],[-76.0245741,39.93854216],[-76.0303762,39.98954924],[-76.0371163,40.04055632],[-76.0446933,40.09156341],[-76.0515535,40.133698],[-76.0530773,40.14257049],[-76.0624942,40.19357757],[-76.0724876,40.24458465],[-76.0829441,40.29559171],[-76.0937268,40.34659879],[-76.1025606,40.38778815],[-76.1048974,40.39760587],[-76.1169999,40.44861295],[-76.1290788,40.49962004],[-76.140972,40.55062712],[-76.1524973,40.6016342],[-76.1535676,40.60676216],[-76.1647049,40.65264125],[-76.1760536,40.70364834],[-76.1859565,40.75465542],[-76.1937976,40.8056625],[-76.1991765,40.85666959],[-76.2017077,40.90767667],[-76.1966455,40.95868372],[-76.177211,41.0096908],[-76.1535676,41.05936168],[-76.1529564,41.06069789],[-76.1396223,41.11170497],[-76.1292027,41.16271205],[-76.1208498,41.21371913],[-76.1142158,41.26472622],[-76.1086682,41.31573327],[-76.1033539,41.36674035],[-76.1025606,41.37486197],[-76.0986527,41.41774743],[-76.0938047,41.46875452],[-76.0883916,41.5197616],[-76.082372,41.57076868],[-76.0755743,41.62177577],[-76.0678445,41.67278282],[-76.0589508,41.7237899],[-76.0515535,41.76209638],[-76.0492291,41.77479698],[-76.0389886,41.82580407],[-76.0273727,41.87681115],[-76.0144502,41.92781823],[-76.0005464,41.97300847],[-75.9988621,41.97882528],[-75.9849714,42.02983237],[-75.9683539,42.08083945],[-75.9509158,42.13184653],[-75.9495393,42.13531663],[-75.9308413,42.18285361],[-75.9096956,42.2338607],[-75.8985322,42.25912507],[-75.8873656,42.28486778],[-75.8632136,42.33587483],[-75.8475252,42.3486271],[-75.8347729,42.33587483],[-75.7965181,42.29762274],[-75.745511,42.29762478],[-75.732754,42.28486778],[-75.694504,42.24662117],[-75.6817435,42.2338607],[-75.6434969,42.19561806],[-75.6307324,42.18285361],[-75.5924898,42.14461558],[-75.5797207,42.13184653],[-75.5414827,42.09361372],[-75.4904756,42.09361735],[-75.4776978,42.08083945],[-75.4394686,42.04261659],[-75.4266843,42.02983237],[-75.3884615,41.99161661],[-75.3756702,41.97882528],[-75.3374544,41.94061738],[-75.3374544,41.94057767],[-75.3884615,41.97582458],[-75.4178823,41.92781823],[-75.4394686,41.890488],[-75.4473255,41.87681115],[-75.47573,41.82580407],[-75.4904756,41.79816122],[-75.5029003,41.77479698],[-75.5290215,41.7237899],[-75.5414827,41.69868268],[-75.5542994,41.67278282],[-75.5787296,41.62177577],[-75.5924898,41.59223066],[-75.6024437,41.57076868],[-75.6256926,41.5197616],[-75.6434969,41.479702],[-75.6483496,41.46875452],[-75.6710827,41.41774743],[-75.6933625,41.36674035],[-75.694504,41.3642511],[-75.7165682,41.31573327],[-75.7399195,41.26472622],[-75.745511,41.25341767],[-75.7648823,41.21371913],[-75.791188,41.16271205],[-75.7965181,41.15336516],[-75.8197044,41.11170497],[-75.8475252,41.06651319],[-75.8510042,41.06069789],[-75.8856449,41.0096908],[-75.8985322,40.98899459],[-75.9172169,40.95868372],[-75.9434218,40.90767667],[-75.9495393,40.89116369],[-75.9617489,40.85666959],[-75.9696783,40.8056625],[-75.9729691,40.75465542],[-75.973342,40.70364834],[-75.9716184,40.65264125],[-75.9682266,40.6016342],[-75.9635915,40.55062712],[-75.9579804,40.49962004],[-75.951602,40.44861295],[-75.9495393,40.43382139],[-75.944553,40.39760587],[-75.9369883,40.34659879],[-75.929044,40.29559171],[-75.920829,40.24458465],[-75.9124628,40.19357757],[-75.9040324,40.14257049],[-75.8985322,40.10972202],[-75.894996,40.09156341],[-75.8834638,40.04055632],[-75.8702636,39.98954924],[-75.855821,39.93854216],[-75.8475252,39.91017357],[-75.8392335,39.88753511],[-75.8208515,39.83652802],[-75.8024492,39.78552094],[-75.7965181,39.76822542],[-75.7826578,39.73451386],[-75.7625692,39.68350677],[-75.745511,39.63835633],[-75.7429156,39.63249969],[-75.7223447,39.58149264],[-75.7028877,39.53048556],[-75.694504,39.50633606],[-75.683667,39.47947847],[-75.6651796,39.42847139],[-75.6483066,39.37746431],[-75.6434969,39.36056345],[-75.6322995,39.32645723],[-75.6187648,39.27545014],[-75.6087321,39.22444309],[-75.6036339,39.17343601],[-75.6050159,39.12242893],[-75.6139999,39.07142184],[-75.6315986,39.02041476],[-75.6434969,38.99943147],[-75.6592535,38.96940768],[-75.694504,38.92964612],[-75.7038442,38.91840059],[-75.745511,38.88573979],[-75.7680188,38.86739354],[-75.7965181,38.85129178],[-75.8475252,38.83739422],[-75.8810572,38.86739354],[-75.8985322,38.88203124],[-75.9081538,38.91840059],[-75.9459228,38.96940768],[-75.9495393,38.97288222],[-76.0005464,39.01310381],[-76.0363538,39.02041476],[-76.0515535,39.02447288],[-76.1025606,39.03478024],[-76.1535676,39.04825691],[-76.2045747,39.0634217],[-76.236532,39.07142184],[-76.2555818,39.07615877],[-76.3065889,39.08386613],[-76.357596,39.08831835],[-76.408603,39.09030526],[-76.4596101,39.0904467],[-76.5106172,39.08932442],[-76.5616243,39.08739315],[-76.6126313,39.08505157],[-76.6636384,39.0825783],[-76.7146455,39.08028742],[-76.7656526,39.07830661],[-76.8166597,39.07669901],[-76.8676667,39.07558639],[-76.9186738,39.07497464],[-76.9696809,39.07487222],[-77.020688,39.07536631],[-77.0716951,39.07647842],[-77.1227021,39.07826793],[-77.1737092,39.08094782],[-77.2247163,39.08471019],[-77.2757233,39.08989125],[-77.3267304,39.09726632],[-77.3777375,39.1077814],[-77.4267494,39.12242893],[-77.4287446,39.12309399],[-77.4797517,39.147064],[-77.5307587,39.16877829],[-77.5440787,39.17343601],[-77.5817658,39.18928114],[-77.6327729,39.22359086],[-77.633863,39.22444309],[-77.68378,39.27003557],[-77.6896762,39.27545014],[-77.7347871,39.32313174],[-77.7379418,39.32645723],[-77.7795814,39.37746431],[-77.7857941,39.38564038],[-77.8206027,39.42847139],[-77.8368012,39.44862793],[-77.8637956,39.47947847],[-77.8878083,39.50651502],[-77.9111728,39.53048556],[-77.9388154,39.55802873],[-77.9650124,39.58149264],[-77.9898225,39.60316879],[-78.0276469,39.63249969],[-78.0408295,39.64244299],[-78.0918366,39.67642758],[-78.1039891,39.68350677],[-78.1428437,39.70570995],[-78.1938508,39.73050118],[-78.2034171,39.73451386],[-78.2448579,39.75168749],[-78.2958649,39.76912675],[-78.346872,39.78337666],[-78.3567306,39.78552094],[-78.3978791,39.79444566],[-78.4488862,39.80177385],[-78.4998932,39.80530997],[-78.5509003,39.80536567],[-78.6019074,39.80215503],[-78.6529145,39.7959709],[-78.7039215,39.78684973],[-78.709735,39.78552094],[-78.7549286,39.77519083],[-78.8059357,39.76091388],[-78.8569428,39.74428921],[-78.8832906,39.73451386],[-78.9079498,39.7253382],[-78.9589569,39.70425531],[-79.0047379,39.68350677],[-79.009964,39.68113127],[-79.0609711,39.65605851],[-79.1054571,39.63249969],[-79.1119782,39.62904631],[-79.1629852,39.6004474],[-79.1947991,39.58149264],[-79.2139923,39.57005702],[-79.2649994,39.53823157],[-79.2768337,39.53048556],[-79.3160065,39.50484552],[-79.3532116,39.47947847],[-79.3670136,39.47001073],[-79.4180206,39.43382585],[-79.4253017,39.42847139],[-79.4690277,39.39621633],[-79.4938265,39.37746431],[-79.5200348,39.35770732],[-79.5611537,39.32645723],[-79.5710419,39.31901097],[-79.622049,39.280616],[-79.628888,39.27545014],[-79.673056,39.24229056],[-79.6969252,39.22444309],[-79.7240631,39.20439505],[-79.7659707,39.17343601],[-79.7750702,39.16681329],[-79.8260773,39.12988482],[-79.8364725,39.12242893],[-79.8770844,39.09381103],[-79.9091217,39.07142184],[-79.9280914,39.05835608],[-79.9790985,39.02380296],[-79.9841808,39.02041476],[-80.0301056,38.99031684],[-80.0628573,38.96940768],[-80.0811126,38.95794752],[-80.1321198,38.92673025],[-80.1461447,38.91840059],[-80.1831268,38.89691102],[-80.2341339,38.86836969],[-80.2359405,38.86739354],[-80.285141,38.84143679],[-80.3335715,38.81638646],[-80.336148,38.81510768],[-80.3871551,38.79212487],[-80.4381622,38.76986855],[-80.4492188,38.76537938],[-80.4891693,38.74959392],[-80.5401764,38.73106214],[-80.5911834,38.71499365],[-80.5932345,38.71437229],[-80.6421905,38.69987911],[-80.6931976,38.68744296],[-80.7442047,38.67695],[-80.7952117,38.66871213],[-80.8398322,38.66336521],[-80.8462188,38.66263186],[-80.8972259,38.65899604],[-80.948233,38.65766413],[-80.9992401,38.65857628],[-81.0502471,38.66189701],[-81.0638015,38.66336521],[-81.1012542,38.66736791],[-81.1522613,38.67507324],[-81.2032684,38.68491262],[-81.2542755,38.69707045],[-81.3052825,38.71145239],[-81.3140738,38.71437229],[-81.3562896,38.72814659],[-81.4072967,38.74712232],[-81.4509023,38.76537938],[-81.4583038,38.76842561],[-81.5093109,38.79199785],[-81.5574466,38.81638646],[-81.5603179,38.81781504],[-81.611325,38.84590472],[-81.6473709,38.86739354],[-81.6623321,38.87613076],[-81.7133391,38.9085221],[-81.7277037,38.91840059],[-81.7643462,38.94306834],[-81.8009348,38.96940768],[-81.8153533,38.97958799],[-81.8663604,39.01804736],[-81.8693014,39.02041476],[-81.9173675,39.05833314],[-81.9329982,39.07142184],[-81.9683745,39.10046507],[-81.993663,39.12242893],[-82.0193816,39.14433717],[-82.0517185,39.17343601],[-82.0703887,39.18996467],[-82.1073088,39.22444309],[-82.1213958,39.23735461],[-82.1607421,39.27545014],[-82.1724029,39.28657816],[-82.2119207,39.32645723],[-82.2234099,39.3378726],[-82.2609736,39.37746431],[-82.274417,39.39152497],[-82.3075213,39.42847139],[-82.3254241,39.44842684],[-82.351191,39.47947847],[-82.3764312,39.51073148],[-82.3907909,39.53048556],[-82.4250107,39.58149264],[-82.4274383,39.58552619],[-82.4517551,39.63249969],[-82.4753889,39.68350677],[-82.4784453,39.69043216],[-82.4975879,39.73451386],[-82.5168171,39.78552094],[-82.5294524,39.83190676],[-82.5306202,39.83652802],[-82.544496,39.88753511],[-82.5592915,39.93854216],[-82.5741286,39.98954924],[-82.5804595,40.01328045],[-82.5895516,40.04055632],[-82.6053972,40.09156341],[-82.6221973,40.14257049],[-82.6314666,40.16830613],[-82.646779,40.19357757],[-82.6824737,40.2312186],[-82.7122186,40.24458465],[-82.7334807,40.25127259],[-82.7844878,40.26004078],[-82.8354949,40.26478738],[-82.886502,40.26755595],[-82.937509,40.26879098],[-82.9885161,40.26813558],[-83.0395232,40.26392066],[-83.0905303,40.25288539],[-83.1102442,40.24458465],[-83.1415373,40.21805048],[-83.1530572,40.19357757],[-83.1592719,40.14257049],[-83.1586104,40.09156341],[-83.1569177,40.04055632],[-83.1557648,39.98954924],[-83.1553559,39.93854216],[-83.1554884,39.88753511],[-83.1614723,39.83652802],[-83.1925444,39.81754087],[-83.2435515,39.8213488],[-83.2945586,39.83497117],[-83.3001452,39.83652802],[-83.3455656,39.84631145],[-83.3965727,39.85743283],[-83.4475798,39.86983246],[-83.4985869,39.88283799],[-83.5166302,39.88753511],[-83.549594,39.8952292],[-83.600601,39.91175573],[-83.6516081,39.93359241],[-83.6644443,39.93854216],[-83.7026152,39.95621025],[-83.7536223,39.97912982],[-83.7789877,39.98954924],[-83.8046294,40.0039032],[-83.8556364,40.02734045],[-83.8880757,40.04055632],[-83.9066435,40.05074972],[-83.9576506,40.0773951],[-83.982714,40.09156341],[-84.0086577,40.10984462],[-84.0514294,40.14257049],[-84.0596648,40.14822705],[-84.1106718,40.18973043],[-84.1149399,40.19357757],[-84.1616789,40.2336837],[-84.1721677,40.24458465],[-84.212686,40.28606147],[-84.2209693,40.29559171],[-84.2619473,40.34659879],[-84.2636931,40.34903578],[-84.2980972,40.39760587],[-84.3147002,40.42164344],[-84.3355688,40.44861295],[-84.3657072,40.48425475],[-84.3802102,40.49962004],[-84.4167143,40.53649336],[-84.4322301,40.55062712],[-84.4677214,40.58200455],[-84.4924527,40.6016342],[-84.5187284,40.62200925],[-84.5629371,40.65264125],[-84.5697355,40.65726318],[-84.6207426,40.68750605],[-84.6522413,40.70364834],[-84.6717497,40.71343918],[-84.7227568,40.73474935],[-84.7737638,40.75220522],[-84.7831656,40.75465542],[-84.8247709,40.76525274],[-84.875778,40.77454593],[-84.9267851,40.78026795],[-84.9777922,40.78247995],[-85.0287992,40.78150743],[-85.0798063,40.77742584],[-85.1308134,40.77074767],[-85.1818205,40.76117691],[-85.2096544,40.75465542],[-85.2328275,40.74918008],[-85.2838346,40.73476356],[-85.3348417,40.71716077],[-85.3678123,40.70364834],[-85.3858488,40.69616872],[-85.4368559,40.67121615],[-85.4684567,40.65264125],[-85.4878629,40.64093667],[-85.53887,40.60384945],[-85.5415562,40.6016342],[-85.5898771,40.56108456],[-85.6022522,40.55062712],[-85.6408842,40.51595443],[-85.6593391,40.49962004],[-85.6918913,40.46762871],[-85.7113776,40.44861295],[-85.7428983,40.4145655],[-85.7587111,40.39760587],[-85.7939054,40.35788943],[-85.8043569,40.34659879],[-85.8449125,40.30936506],[-85.8623824,40.29559171],[-85.8959196,40.27280595],[-85.9431873,40.24458465],[-85.9469267,40.24252753],[-85.9979337,40.21756425],[-86.0489408,40.19543067],[-86.0538963,40.19357757],[-86.0999479,40.17704356],[-86.1509549,40.16148861],[-86.201962,40.14874838],[-86.2338364,40.14257049],[-86.2529691,40.13891351],[-86.3039762,40.13235666],[-86.3549833,40.12901847],[-86.4059903,40.12909761],[-86.4569974,40.1333003],[-86.5080045,40.14128517],[-86.5126689,40.14257049],[-86.5590116,40.15770114],[-86.6100187,40.18067369],[-86.6318327,40.19357757],[-86.6610257,40.21483965],[-86.6924034,40.24458465],[-86.7120328,40.26993417],[-86.7282436,40.29559171],[-86.7527645,40.34659879],[-86.7630399,40.3659981],[-86.7797818,40.39760587],[-86.814047,40.44599609],[-86.8158662,40.44861295],[-86.8593856,40.49962004],[-86.8650541,40.50462035],[-86.9160611,40.54919913],[-86.9177181,40.55062712],[-86.9670682,40.58826199],[-86.9845214,40.6016342],[-87.0180753,40.62522137],[-87.0570815,40.65264125],[-87.0690824,40.66050637],[-87.1200894,40.69327125],[-87.1368854,40.70364834],[-87.1710965,40.7235789],[-87.2221036,40.75226089],[-87.2268777,40.75465542],[-87.2731107,40.77666415],[-87.3241178,40.79144228],[-87.3751248,40.79683101],[-87.4261319,40.79445675],[-87.477139,40.78615454],[-87.528146,40.77354829],[-87.5791531,40.75775685],[-87.5878718,40.75465542],[-87.6301602,40.73875906],[-87.6811673,40.71821722],[-87.7156473,40.70364834],[-87.7321744,40.69638373],[-87.7831814,40.67339601],[-87.8293394,40.65264125],[-87.8341885,40.65040454],[-87.8851956,40.62669908],[-87.9362027,40.60363782],[-87.9406326,40.6016342],[-87.9872098,40.5805673],[-88.0382168,40.55966837],[-88.0623823,40.55062712],[-88.0892239,40.54085067],[-88.140231,40.52392049],[-88.1912381,40.50866771],[-88.2247235,40.49962004],[-88.2422452,40.49500056],[-88.2932522,40.48263478],[-88.3442593,40.47156112],[-88.3952664,40.46174171],[-88.4462735,40.45316365],[-88.4771819,40.44861295],[-88.4972806,40.4456943],[-88.5482876,40.43936736],[-88.5992947,40.43476812],[-88.6503018,40.43285801],[-88.7013089,40.43370417],[-88.752316,40.43732797],[-88.803323,40.44375806],[-88.8308893,40.44861295],[-88.8543301,40.45293484],[-88.9053372,40.46509142],[-88.9563442,40.47990564],[-89.0073513,40.497586],[-89.0125321,40.49962004],[-89.0583584,40.51836689],[-89.1093655,40.54169042],[-89.1270488,40.55062712],[-89.1603726,40.56815928],[-89.2113796,40.59737368],[-89.2183129,40.6016342],[-89.2623867,40.62968113],[-89.2961594,40.65264125],[-89.3133938,40.66484017],[-89.3644009,40.70155081],[-89.3671151,40.70364834],[-89.4154079,40.74327237],[-89.4292127,40.75465542],[-89.466415,40.78644616],[-89.4880949,40.8056625],[-89.5174221,40.83251098],[-89.5431519,40.85666959],[-89.5684292,40.88121112],[-89.595154,40.90767667],[-89.6194363,40.93256862],[-89.6445418,40.95868372],[-89.6704433,40.98646391],[-89.6917904,41.0096908],[-89.7214504,41.0426467],[-89.7376194,41.06069789],[-89.7724575,41.10064924],[-89.7820528,41.11170497],[-89.8234646,41.16074965],[-89.8251294,41.16271205],[-89.8677708,41.21371913],[-89.8744717,41.22191323],[-89.9101491,41.26472622],[-89.9254787,41.28312171],[-89.9537306,41.31573327],[-89.9764858,41.34200001],[-89.9986893,41.36674035],[-90.0274929,41.39920708],[-90.0445534,41.41774743],[-90.0785,41.45485123],[-90.0916393,41.46875452],[-90.1295071,41.50929521],[-90.1396169,41.5197616],[-90.1805141,41.56312284],[-90.1879802,41.57076868],[-90.2315212,41.61590163],[-90.2373243,41.62177577],[-90.2825283,41.66838476],[-90.2869538,41.67278282],[-90.3335353,41.71995362],[-90.337421,41.7237899],[-90.3845425,41.77091135],[-90.3885303,41.77479698],[-90.4355495,41.82120602],[-90.4403341,41.82580407],[-90.4865566,41.87080862],[-90.4928487,41.87681115],[-90.5375637,41.92032654],[-90.5454806,41.92781823],[-90.5885707,41.96915076],[-90.5988764,41.97882528],[-90.6395778,42.01756091],[-90.6527576,42.02983237],[-90.6905849,42.06529504],[-90.7074149,42.08083945],[-90.741592,42.11284999],[-90.7623419,42.13184653],[-90.7925991,42.15974476],[-90.8180563,42.18285361],[-90.8436061,42.20621209],[-90.874572,42.2338607],[-90.8946132,42.25201411],[-90.9320815,42.28486778],[-90.9456203,42.29673906],[-90.9910057,42.33587483],[-90.9966274,42.3407578],[-91.0476345,42.38362132],[-91.0516101,42.38688191],[-91.0986415,42.42573423],[-91.1136177,42.437889],[-91.1496486,42.46713203],[-91.1769537,42.48889608],[-91.2006557,42.50778929],[-91.2420722,42.53990316],[-91.2516628,42.54739342],[-91.3026698,42.58651792],[-91.3084981,42.59091024],[-91.3536769,42.62495789],[-91.3766218,42.64191733],[-91.404684,42.66265916],[-91.4468739,42.69292438],[-91.4556911,42.69929595],[-91.5066982,42.73547323],[-91.5189851,42.74393146],[-91.5577052,42.77058605],[-91.594234,42.79493854],[-91.6087123,42.80459079],[-91.6597194,42.83797224],[-91.6722614,42.84594563],[-91.7107265,42.87039923],[-91.753458,42.89695271],[-91.7617336,42.90209519],[-91.8127406,42.93269887],[-91.8387959,42.94795979],[-91.8637477,42.96247078],[-91.9147548,42.99110571],[-91.9290655,42.99896684],[-91.9657618,43.01912482],[-92.0167689,43.04611849],[-92.0242715,43.04997393],[-92.067776,43.07217592],[-92.1187831,43.09750387],[-92.125786,43.10098101],[-92.1697902,43.1229831],[-92.2207972,43.14813266],[-92.2718043,43.11373438]],[[-88.4759317,43.96810136],[-88.4701299,44.01910841],[-88.4462735,44.06580675],[-88.4439524,44.07011549],[-88.3952664,44.11616247],[-88.3893812,44.12112257],[-88.3442593,44.14209857],[-88.2932522,44.14867989],[-88.2422452,44.1373199],[-88.1912381,44.12546164],[-88.1740128,44.12112257],[-88.140231,44.10806595],[-88.1026309,44.07011549],[-88.0892239,44.0527924],[-88.0618607,44.01910841],[-88.0382168,43.98307576],[-88.0267533,43.96810136],[-87.9969021,43.91709427],[-87.9872098,43.89645186],[-87.971191,43.86608719],[-87.9530362,43.81508011],[-87.9421552,43.76407302],[-87.9445621,43.71306594],[-87.9711728,43.66205889],[-87.9872098,43.64784061],[-88.0382168,43.63198274],[-88.0892239,43.63539263],[-88.140231,43.6443836],[-88.1912381,43.65838461],[-88.2001551,43.66205889],[-88.2422452,43.68019976],[-88.2932522,43.70638386],[-88.3031617,43.71306594],[-88.3442593,43.74486272],[-88.3649389,43.76407302],[-88.3952664,43.7971147],[-88.4101914,43.81508011],[-88.4440076,43.86608719],[-88.4462735,43.87112249],[-88.4661745,43.91709427],[-88.4759317,43.96810136]]]}},
{"type":"Feature","properties":{"Lower":105.0},"geometry":{"type":"Polygon","coordinates":[[[-88.4759317,43.96810136],[-88.4701299,44.01910841],[-88.4462735,44.06580675],[-88.4439524,44.07011549],[-88.3952664,44.11616247],[-88.3893812,44.12112257],[-88.3442593,44.14209857],[-88.2932522,44.14867989],[-88.2422452,44.1373199],[-88.1912381,44.12546164],[-88.1740128,44.12112257],[-88.140231,44.10806595],[-88.1026309,44.07011549],[-88.0892239,44.0527924],[-88.0618607,44.01910841],[-88.0382168,43.98307576],[-88.0267533,43.96810136],[-87.9969021,43.91709427],[-87.9872098,43.89645186],[-87.971191,43.86608719],[-87.9530362,43.81508011],[-87.9421552,43.76407302],[-87.9445621,43.71306594],[-87.9711728,43.66205889],[-87.9872098,43.64784061],[-88.0382168,43.63198274],[-88.0892239,43.63539263],[-88.140231,43.6443836],[-88.1912381,43.65838461],[-88.2001551,43.66205889],[-88.2422452,43.68019976],[-88.2932522,43.70638386],[-88.3031617,43.71306594],[-88.3442593,43.74486272],[-88.3649389,43.76407302],[-88.3952664,43.7971147],[-88.4101914,43.81508011],[-88.4440076,43.86608719],[-88.4462735,43.87112249],[-88.4661745,43.91709427],[-88.4759317,43.96810136]]]}},
{"type":"Feature","properties":{"Lower":105.0},"geometry":{"type":"Polygon","coordinates":[[[-91.0093843,45.29428538],[-90.9966274,45.30704232],[-90.9583935,45.34529247],[-90.9584021,45.39629952],[-90.9456203,45.40908136],[-90.907407,45.4473066],[-90.9073673,45.4473066],[-90.8946132,45.42912296],[-90.8521479,45.39629952],[-90.8436061,45.38994278],[-90.7925991,45.34816024],[-90.7893711,45.34529247],[-90.741592,45.30414757],[-90.7312608,45.29428538],[-90.6905849,45.25661281],[-90.6775872,45.2432783],[-90.6395778,45.20541265],[-90.6276378,45.19227122],[-90.5885707,45.15068506],[-90.5806037,45.14126414],[-90.5375637,45.09261872],[-90.5356918,45.09025705],[-90.4906496,45.03924997],[-90.4865566,45.03537166],[-90.4418937,44.98824292],[-90.4355495,44.98309412],[-90.3845425,44.94287168],[-90.3743399,44.93723584],[-90.3335353,44.92322312],[-90.2825283,44.91435138],[-90.2315212,44.90744912],[-90.1805141,44.91035194],[-90.1295071,44.92079389],[-90.0785,44.93501617],[-90.0714765,44.93723584],[-90.0274929,44.95769804],[-89.9764858,44.98481047],[-89.9706826,44.98824292],[-89.9254787,45.02540204],[-89.9102922,45.03924997],[-89.8744717,45.08275206],[-89.8687591,45.09025705],[-89.8379213,45.14126414],[-89.8234646,45.16997904],[-89.8128648,45.19227122],[-89.7914516,45.2432783],[-89.7724575,45.29080409],[-89.7711416,45.29428538],[-89.7527525,45.34529247],[-89.7367088,45.39629952],[-89.7238893,45.4473066],[-89.7214504,45.45720913],[-89.7121373,45.49831368],[-89.700568,45.54932077],[-89.688683,45.60032785],[-89.6765665,45.65133493],[-89.7086941,45.70234201],[-89.7086544,45.70234201],[-89.6704433,45.66412585],[-89.6194363,45.66412113],[-89.5684292,45.66411587],[-89.5174221,45.66411008],[-89.466415,45.66410382],[-89.4154079,45.66409712],[-89.4026457,45.65133493],[-89.3644009,45.61308156],[-89.3509119,45.60032785],[-89.3608673,45.54932077],[-89.3644009,45.53126899],[-89.3711087,45.49831368],[-89.3817355,45.4473066],[-89.3965766,45.39629952],[-89.4141051,45.34529247],[-89.4154079,45.3413358],[-89.431341,45.29428538],[-89.4479713,45.2432783],[-89.4642976,45.19227122],[-89.466415,45.18554795],[-89.480929,45.14126414],[-89.497945,45.09025705],[-89.5157487,45.03924997],[-89.5174221,45.03464094],[-89.5357656,44.98824292],[-89.5587584,44.93723584],[-89.5684292,44.91847277],[-89.5881464,44.88622875],[-89.6194363,44.84416657],[-89.6279429,44.83522167],[-89.6704433,44.79780507],[-89.6928017,44.78421459],[-89.7214504,44.76918726],[-89.7724575,44.75218693],[-89.8234646,44.74303659],[-89.8744717,44.73950494],[-89.9254787,44.74001598],[-89.9764858,44.74364792],[-90.0274929,44.74993644],[-90.0785,44.7588508],[-90.1295071,44.77099274],[-90.167538,44.78421459],[-90.1805141,44.78745418],[-90.2315212,44.80145375],[-90.2825283,44.81565623],[-90.3335353,44.83005898],[-90.3520163,44.83522167],[-90.3845425,44.84212362],[-90.4355495,44.8628392],[-90.4720077,44.88622875],[-90.4865566,44.89579867],[-90.5375637,44.93080872],[-90.5466933,44.93723584],[-90.5885707,44.9683054],[-90.6156716,44.98824292],[-90.6395778,45.00720704],[-90.6819647,45.03924997],[-90.6905849,45.04628272],[-90.741592,45.08486232],[-90.7490218,45.09025705],[-90.7925991,45.12295638],[-90.8178732,45.14126414],[-90.8436061,45.16043106],[-90.8879926,45.19227122],[-90.8946132,45.19711673],[-90.9456203,45.23229511],[-90.9618004,45.2432783],[-90.9966274,45.26666729],[-91.0093843,45.29428538]]]}},
{"type":"Feature","properties":{"Lower":105.0},"geometry":{"type":"Polygon","coordinates":[[[-97.6275475,33.88145304],[-97.6275475,33.88149272],[-97.5893234,33.91970695],[-97.5893179,33.97071403],[-97.5765405,33.98349146],[-97.5383038,34.02172111],[-97.5383003,34.0727282],[-97.5255334,34.08549518],[-97.487289,34.12373528],[-97.4745263,34.13649797],[-97.4362787,34.17474233],[-97.436277,34.22574941],[-97.4235192,34.23850719],[-97.3852677,34.2767565],[-97.3852666,34.32776358],[-97.3725122,34.34051798],[-97.3342579,34.37877066],[-97.3215051,34.3915235],[-97.270498,34.41506416],[-97.2194909,34.39360419],[-97.1857188,34.37877066],[-97.1684838,34.37120011],[-97.1174768,34.34852945],[-97.0728582,34.32776358],[-97.0664697,34.32476059],[-97.0154626,34.30069627],[-96.9730622,34.2767565],[-96.9644555,34.27214597],[-96.9134484,34.25353111],[-96.8624414,34.24670548],[-96.8282482,34.2767565],[-96.8114343,34.29707372],[-96.8018687,34.32776358],[-96.7872259,34.37877066],[-96.7723739,34.42977774],[-96.7604272,34.46889893],[-96.7580595,34.48078483],[-96.7466868,34.53179188],[-96.7339026,34.58279896],[-96.7192129,34.63380604],[-96.7094201,34.66448827],[-96.7042526,34.68481313],[-96.6893312,34.73582021],[-96.6722583,34.78682729],[-96.658413,34.82346902],[-96.6527472,34.83783434],[-96.6311207,34.88884143],[-96.6085418,34.93984851],[-96.607406,34.94214922],[-96.5788097,34.99085559],[-96.5563989,35.02872087],[-96.547325,35.04186268],[-96.5113747,35.09286976],[-96.5053918,35.10120489],[-96.4702323,35.14387684],[-96.4543847,35.16294754],[-96.4244748,35.19488389],[-96.4033776,35.21722129],[-96.3729174,35.24589098],[-96.3523706,35.26522992],[-96.3150572,35.29689806],[-96.3013635,35.30852],[-96.2503564,35.34553252],[-96.2470199,35.34790514],[-96.1993494,35.38378545],[-96.1755802,35.39891222],[-96.1483423,35.4165366],[-96.0973352,35.44623464],[-96.0904684,35.44991931],[-96.0463281,35.47419789],[-95.995321,35.49733166],[-95.9878411,35.50092639],[-95.944314,35.52326375],[-95.8933069,35.54481748],[-95.8749874,35.55193344],[-95.8422998,35.56495227],[-95.7912927,35.58343667],[-95.7402856,35.60045875],[-95.7321706,35.60294052],[-95.6892786,35.61662395],[-95.6382715,35.6315215],[-95.5872644,35.64542375],[-95.5534572,35.65394761],[-95.5362573,35.658435],[-95.4852503,35.6711464],[-95.4342432,35.68302104],[-95.3832361,35.69489226],[-95.3456707,35.70495469],[-95.332229,35.70852236],[-95.2812219,35.71821362],[-95.2302149,35.73005606],[-95.1792078,35.74269023],[-95.1282007,35.75334385],[-95.1195362,35.75596177],[-95.0771936,35.7698399],[-95.0261865,35.78557187],[-94.9751795,35.8026931],[-94.9635598,35.80696886],[-94.9241724,35.82174095],[-94.8731653,35.84317558],[-94.8414104,35.85797591],[-94.8221582,35.86703688],[-94.7711511,35.8938898],[-94.7453128,35.90898299],[-94.7201441,35.92368612],[-94.669137,35.95701681],[-94.6650791,35.95999007],[-94.6181299,35.9940529],[-94.5970525,36.01099716],[-94.5671229,36.03482425],[-94.5360172,36.06200424],[-94.5161158,36.07922697],[-94.4802616,36.11301132],[-94.4651087,36.12702028],[-94.4287979,36.1640184],[-94.4141016,36.17857993],[-94.380434,36.21502546],[-94.3630945,36.23329444],[-94.3348903,36.26603254],[-94.3120875,36.29158718],[-94.2915836,36.31703962],[-94.2610804,36.35304385],[-94.2497122,36.3680467],[-94.2100733,36.41673555],[-94.2084044,36.41905379],[-94.1723032,36.47006087],[-94.1590662,36.48723917],[-94.1356189,36.52106795],[-94.1080591,36.55965034],[-94.10067,36.572075],[-94.0712339,36.62308209],[-94.0570521,36.64863266],[-94.0446684,36.67408917],[-94.0201253,36.72509625],[-94.006045,36.75540515],[-93.9973222,36.77610334],[-93.9771799,36.82711042],[-93.9594626,36.87811747],[-93.9550379,36.89451921],[-93.9467195,36.92912455],[-93.9397066,36.98013164],[-93.9404825,37.03113872],[-93.9520893,37.0821458],[-93.9550379,37.08734742],[-93.9811556,37.13315288],[-94.006045,37.15497905],[-94.0381029,37.18415997],[-94.0570521,37.19248533],[-94.1080591,37.21419355],[-94.1568975,37.23516702],[-94.1590662,37.23573138],[-94.2100733,37.24825985],[-94.2610804,37.2546613],[-94.3120875,37.26612866],[-94.3480726,37.2861741],[-94.3630945,37.29330245],[-94.4141016,37.3025913],[-94.4651087,37.30637448],[-94.5161158,37.30793934],[-94.5671229,37.30892929],[-94.6181299,37.31003621],[-94.669137,37.31176107],[-94.7201441,37.31419021],[-94.7711511,37.31755006],[-94.8221582,37.32198613],[-94.8731653,37.3277008],[-94.9241724,37.33460672],[-94.9406761,37.33718118],[-94.9751795,37.34165396],[-95.0261865,37.34950024],[-95.0771936,37.35882532],[-95.1282007,37.36974727],[-95.1792078,37.38270385],[-95.1988488,37.38818827],[-95.2302149,37.39583014],[-95.2812219,37.40987173],[-95.332229,37.42633706],[-95.3675595,37.43919535],[-95.3832361,37.44429377],[-95.4342432,37.46245404],[-95.4852503,37.48373326],[-95.4995137,37.49020243],[-95.4980048,37.54120952],[-95.4852503,37.5539641],[-95.4470025,37.59221657],[-95.4470068,37.64322365],[-95.4342432,37.65598731],[-95.396008,37.69423073],[-95.3960154,37.74523782],[-95.3832361,37.75801712],[-95.3450226,37.7962449],[-95.344983,37.7962449],[-95.332229,37.78540521],[-95.2812219,37.76147389],[-95.243146,37.74523782],[-95.2302149,37.73918694],[-95.1792078,37.7165011],[-95.1282007,37.69637748],[-95.122905,37.69423073],[-95.0771936,37.67471483],[-95.0261865,37.65538517],[-94.9930302,37.64322365],[-94.9751795,37.63614552],[-94.9241724,37.61670306],[-94.8731653,37.59930048],[-94.8527608,37.59221657],[-94.8221582,37.58084271],[-94.7711511,37.56282786],[-94.7201441,37.54636101],[-94.7047762,37.54120952],[-94.669137,37.52829756],[-94.6181299,37.51039567],[-94.5671229,37.49334971],[-94.5590259,37.49020243],[-94.5161158,37.4726576],[-94.4651087,37.45102724],[-94.4423259,37.43919535],[-94.4141016,37.42439556],[-94.3630945,37.39703331],[-94.3466657,37.38818827],[-94.3120875,37.36890271],[-94.2610804,37.35818118],[-94.2100733,37.37395566],[-94.1590662,37.37925138],[-94.1080591,37.38188285],[-94.0570521,37.38291442],[-94.006045,37.38281213],[-93.9550379,37.38155975],[-93.9040308,37.37871004],[-93.8530237,37.37376333],[-93.8020167,37.36623859],[-93.7510096,37.35554282],[-93.7000025,37.34114339],[-93.6885448,37.33718118],[-93.6489954,37.3214166],[-93.5979884,37.29614779],[-93.5809332,37.2861741],[-93.5469813,37.26286034],[-93.5120193,37.23516702],[-93.4959742,37.21961069],[-93.4628392,37.18415997],[-93.4449671,37.1582627],[-93.4285722,37.13315288],[-93.4077231,37.0821458],[-93.396439,37.03113872],[-93.39396,37.00095593],[-93.392303,36.98013164],[-93.3928569,36.92912455],[-93.39396,36.91502531],[-93.3969605,36.87811747],[-93.4037935,36.82711042],[-93.4125608,36.77610334],[-93.4228594,36.72509625],[-93.4342613,36.67408917],[-93.4449671,36.62943397],[-93.4465744,36.62308209],[-93.4601257,36.572075],[-93.474041,36.52106795],[-93.4881569,36.47006087],[-93.4959742,36.44170999],[-93.5025422,36.41905379],[-93.5171813,36.3680467],[-93.5315927,36.31703962],[-93.5457725,36.26603254],[-93.5469813,36.26149107],[-93.5599986,36.21502546],[-93.5739498,36.1640184],[-93.5873632,36.11301132],[-93.5979884,36.0708424],[-93.6003452,36.06200424],[-93.6132559,36.01099716],[-93.6255824,35.95999007],[-93.6368132,35.90898299],[-93.6461448,35.85797591],[-93.6489954,35.83771292],[-93.6535369,35.80696886],[-93.6583971,35.75596177],[-93.660219,35.70495469],[-93.6587097,35.65394761],[-93.6532269,35.60294052],[-93.6489954,35.58141765],[-93.6432956,35.55193344],[-93.6280375,35.50092639],[-93.6062509,35.44991931],[-93.5979884,35.43540406],[-93.5773222,35.39891222],[-93.5469813,35.35789945],[-93.5395687,35.34790514],[-93.4959742,35.30107737],[-93.4920534,35.29689806],[-93.4449671,35.25593435],[-93.433302,35.24589098],[-93.39396,35.2175473],[-93.3619188,35.19488389],[-93.342953,35.1834437],[-93.2919459,35.15276417],[-93.2771186,35.14387684],[-93.2409388,35.12502319],[-93.1899317,35.09870431],[-93.1787419,35.09286976],[-93.1389247,35.07451285],[-93.0879176,35.05118159],[-93.067748,35.04186268],[-93.0369105,35.02907783],[-92.9859034,35.007881],[-92.9449138,34.99085559],[-92.9348964,34.98707586],[-92.8838893,34.96747862],[-92.8328822,34.9480345],[-92.8117087,34.93984851],[-92.7818751,34.92924922],[-92.730868,34.91096681],[-92.679861,34.89270772],[-92.6692954,34.88884143],[-92.6288539,34.87509555],[-92.5778468,34.85767532],[-92.5268397,34.84023435],[-92.519972,34.83783434],[-92.4758326,34.82337139],[-92.4248256,34.80658606],[-92.3738185,34.78975599],[-92.3650985,34.78682729],[-92.3228114,34.77342444],[-92.2718043,34.75716027],[-92.2207972,34.74086117],[-92.2052771,34.73582021],[-92.1697902,34.7248808],[-92.1187831,34.70905022],[-92.067776,34.6931915],[-92.0411546,34.68481313],[-92.0167689,34.67749742],[-91.9657618,34.66205826],[-91.9147548,34.64656993],[-91.8729079,34.63380604],[-91.8637477,34.63113492],[-91.8127406,34.61603237],[-91.7617336,34.60091617],[-91.7107265,34.58578915],[-91.700804,34.58279896],[-91.6597194,34.57097412],[-91.6087123,34.55625769],[-91.5577052,34.541538],[-91.5242768,34.53179188],[-91.5066982,34.52690378],[-91.4556911,34.51251083],[-91.404684,34.49795659],[-91.3536769,34.48294172],[-91.3470218,34.48078483],[-91.3026698,34.46698193],[-91.2516628,34.44533085],[-91.2342364,34.42977774],[-91.2006557,34.39620854],[-91.186488,34.37877066],[-91.1528395,34.32776358],[-91.1496486,34.32184291],[-91.1246911,34.2767565],[-91.0986415,34.23793053],[-91.0724903,34.22574941],[-91.0476345,34.21688553],[-90.9966274,34.21259274],[-90.9456203,34.21709021],[-90.9044864,34.22574941],[-90.8946132,34.22805451],[-90.8436061,34.24299189],[-90.7925991,34.25900479],[-90.741592,34.27545706],[-90.7371863,34.2767565],[-90.6905849,34.29157228],[-90.6395778,34.30744798],[-90.5885707,34.32380366],[-90.57542,34.32776358],[-90.5375637,34.34038814],[-90.4865566,34.35623697],[-90.4355495,34.37108617],[-90.4060557,34.37877066],[-90.3845425,34.38465218],[-90.3335353,34.39676239],[-90.2825283,34.40750491],[-90.2315212,34.41679682],[-90.1805141,34.4246051],[-90.137854,34.42977774],[-90.1295071,34.43081726],[-90.0785,34.43525831],[-90.0274929,34.43806312],[-89.9764858,34.43912773],[-89.9254787,34.43837865],[-89.8744717,34.43576682],[-89.8234646,34.43115397],[-89.8125203,34.42977774],[-89.7724575,34.42432278],[-89.7214504,34.41526074],[-89.6704433,34.40392482],[-89.6194363,34.39010114],[-89.583624,34.37877066],[-89.5684292,34.37358068],[-89.5174221,34.35402688],[-89.466415,34.33154807],[-89.4585097,34.32776358],[-89.4154079,34.30543288],[-89.3660161,34.2767565],[-89.3644009,34.27573281],[-89.3133938,34.24113072],[-89.2920532,34.22574941],[-89.2623867,34.20321926],[-89.2263064,34.17474233],[-89.2113796,34.16234501],[-89.1662562,34.12373528],[-89.1603726,34.11845805],[-89.1103661,34.0727282],[-89.1093655,34.07177117],[-89.0583584,34.02290539],[-89.0571543,34.02172111],[-89.0080881,33.97071403],[-89.0073513,33.96992179],[-88.9609805,33.91970695],[-88.9563442,33.91447591],[-88.9159604,33.86869987],[-88.9053372,33.85606291],[-88.8731558,33.81769278],[-88.8543301,33.79428214],[-88.8321384,33.76668573],[-88.803323,33.72913022],[-88.7929782,33.71567865],[-88.7555454,33.66467157],[-88.752316,33.66010926],[-88.7192909,33.61366448],[-88.7013089,33.58702176],[-88.6847525,33.5626574],[-88.651566,33.51165032],[-88.6503018,33.50962836],[-88.6193984,33.46064327],[-88.5992947,33.42723687],[-88.5886072,33.40963618],[-88.5587793,33.3586291],[-88.5482876,33.33991758],[-88.5299772,33.30762202],[-88.5021106,33.25661493],[-88.4972806,33.24751369],[-88.474593,33.20560785],[-88.4478627,33.15460077],[-88.4462735,33.1514973],[-88.4211348,33.10359372],[-88.3958525,33.05258663],[-88.3952664,33.0514222],[-88.3692633,33.00157955],[-88.3442593,32.9523694],[-88.3433338,32.95057247],[-88.3183679,32.89956539],[-88.2940777,32.8485583],[-88.2932522,32.84687005],[-88.2681842,32.79755122],[-88.2434333,32.74654417],[-88.2422452,32.74407169],[-88.2182632,32.69553709],[-88.1936208,32.64453],[-88.1912381,32.63953326],[-88.168617,32.59352292],[-88.1442037,32.54251584],[-88.140231,32.53409593],[-88.1196044,32.49150875],[-88.0954389,32.4405017],[-88.0892239,32.4269765],[-88.0716659,32.38949462],[-88.0490475,32.33848754],[-88.0382168,32.31293293],[-88.0271934,32.28748045],[-88.0061456,32.23647337],[-87.9872098,32.18761517],[-87.9863565,32.18546629],[-87.9668778,32.13445921],[-87.9485532,32.08345215],[-87.9362027,32.04700469],[-87.9311493,32.03244507],[-87.9143125,31.98143799],[-87.8985391,31.93043091],[-87.8851956,31.884326],[-87.8837426,31.87942382],[-87.8693833,31.82841674],[-87.8469417,31.77740966],[-87.8469814,31.77740966],[-87.8851956,31.81562632],[-87.9362027,31.81562973],[-87.9872098,31.8156333],[-88.0382168,31.81563696],[-88.0892239,31.81564078],[-88.140231,31.81564469],[-88.1912381,31.81564876],[-88.2422452,31.81565298],[-88.2932522,31.81565733],[-88.3442593,31.81566181],[-88.3792827,31.82841674],[-88.3946649,31.87942382],[-88.3952664,31.88133294],[-88.4104243,31.93043091],[-88.4270911,31.98143799],[-88.4447112,32.03244507],[-88.4462735,32.03678974],[-88.4627425,32.08345215],[-88.4816764,32.13445921],[-88.4972806,32.17452634],[-88.5014628,32.18546629],[-88.5218463,32.23647337],[-88.543232,32.28748045],[-88.5482876,32.29919656],[-88.5649008,32.33848754],[-88.5867693,32.38949462],[-88.5992947,32.41824924],[-88.6087945,32.4405017],[-88.6308848,32.49150875],[-88.6503018,32.53551137],[-88.6533366,32.54251584],[-88.675688,32.59352292],[-88.698485,32.64453],[-88.7013089,32.65081229],[-88.7210144,32.69553709],[-88.743981,32.74654417],[-88.752316,32.76476561],[-88.7670424,32.79755122],[-88.7903692,32.8485583],[-88.803323,32.87621132],[-88.8141195,32.89956539],[-88.8382995,32.95057247],[-88.8543301,32.98334249],[-88.8631924,33.00157955],[-88.8886584,33.05258663],[-88.9053372,33.08486069],[-88.9149375,33.10359372],[-88.9418549,33.15460077],[-88.9563442,33.18103061],[-88.9697273,33.20560785],[-88.9984677,33.25661493],[-89.0073513,33.27185517],[-89.0280937,33.30762202],[-89.0583584,33.35760908],[-89.0589728,33.3586291],[-89.0907319,33.40963618],[-89.1093655,33.43837966],[-89.1237735,33.46064327],[-89.1582353,33.51165032],[-89.1603726,33.51470353],[-89.1938813,33.5626574],[-89.2113796,33.58661783],[-89.2311665,33.61366448],[-89.2623867,33.6544803],[-89.2701822,33.66467157],[-89.3109277,33.71567865],[-89.3133938,33.71863373],[-89.353712,33.76668573],[-89.3644009,33.77884804],[-89.3987883,33.81769278],[-89.4154079,33.83558359],[-89.4465689,33.86869987],[-89.466415,33.88873066],[-89.4976236,33.91970695],[-89.5174221,33.93835107],[-89.552648,33.97071403],[-89.5684292,33.98439107],[-89.6129585,34.02172111],[-89.6194363,34.0268123],[-89.6704433,34.06479671],[-89.6819986,34.0727282],[-89.7214504,34.09720108],[-89.7697415,34.12373528],[-89.7724575,34.12509326],[-89.8234646,34.14849831],[-89.8744717,34.16867299],[-89.8918101,34.17474233],[-89.9254787,34.1857704],[-89.9764858,34.20006725],[-90.0274929,34.21181161],[-90.0785,34.22118767],[-90.1107682,34.22574941],[-90.1295071,34.22822264],[-90.1805141,34.23314845],[-90.2315212,34.23612252],[-90.2825283,34.23726768],[-90.3335353,34.23673768],[-90.3845425,34.23477008],[-90.4355495,34.23157007],[-90.4865566,34.2274897],[-90.5045748,34.22574941],[-90.5375637,34.22278767],[-90.5885707,34.21720947],[-90.6395778,34.2106228],[-90.6905849,34.20305312],[-90.741592,34.19447657],[-90.7925991,34.18482413],[-90.839738,34.17474233],[-90.8436061,34.17395206],[-90.8946132,34.16156013],[-90.9456203,34.1514367],[-90.9966274,34.14557606],[-91.0476345,34.1455596],[-91.0986415,34.15597238],[-91.1258055,34.17474233],[-91.1496486,34.20056349],[-91.1607068,34.22574941],[-91.1843351,34.2767565],[-91.2006557,34.30445141],[-91.2177332,34.32776358],[-91.2516628,34.36632274],[-91.2776946,34.37877066],[-91.3026698,34.39020385],[-91.3536769,34.40492635],[-91.404684,34.41767067],[-91.4553075,34.42977774],[-91.4556911,34.42987281],[-91.5066982,34.44207251],[-91.5577052,34.45428699],[-91.6087123,34.46659675],[-91.6597194,34.47900232],[-91.6671421,34.48078483],[-91.7107265,34.49157895],[-91.7617336,34.50423199],[-91.8127406,34.51690932],[-91.8637477,34.52961362],[-91.8726315,34.53179188],[-91.9147548,34.54244803],[-91.9657618,34.55528996],[-92.0167689,34.56808735],[-92.067776,34.58085618],[-92.0757013,34.58279896],[-92.1187831,34.59372486],[-92.1697902,34.60652207],[-92.2207972,34.61923982],[-92.2718043,34.63189555],[-92.2797394,34.63380604],[-92.3228114,34.64457926],[-92.3738185,34.65718878],[-92.4248256,34.66964301],[-92.4758326,34.68196007],[-92.4880556,34.68481313],[-92.5268397,34.69427624],[-92.5778468,34.70644139],[-92.6288539,34.71838396],[-92.679861,34.7301124],[-92.7056529,34.73582021],[-92.730868,34.74170317],[-92.7818751,34.75313579],[-92.8328822,34.76431128],[-92.8838893,34.7751704],[-92.9348964,34.78574156],[-92.9404829,34.78682729],[-92.9859034,34.79626146],[-93.0369105,34.80645917],[-93.0879176,34.81625912],[-93.1389247,34.8255929],[-93.1899317,34.8344345],[-93.2113824,34.83783434],[-93.2409388,34.84291974],[-93.2919459,34.85094742],[-93.342953,34.8583264],[-93.39396,34.86499469],[-93.4449671,34.87090083],[-93.4959742,34.87597534],[-93.5469813,34.88017131],[-93.5979884,34.88336349],[-93.6489954,34.88542772],[-93.7000025,34.88628975],[-93.7510096,34.885788],[-93.8020167,34.8837217],[-93.8530237,34.87984042],[-93.9040308,34.87400803],[-93.9550379,34.86582535],[-94.006045,34.85470125],[-94.0570521,34.84022903],[-94.06418,34.83783434],[-94.1080591,34.82285687],[-94.1590662,34.80077592],[-94.1860016,34.78682729],[-94.2100733,34.77401841],[-94.2610804,34.74127149],[-94.268442,34.73582021],[-94.3120875,34.70234235],[-94.331808,34.68481313],[-94.3630945,34.65553417],[-94.3836588,34.63380604],[-94.4141016,34.5995728],[-94.4276623,34.58279896],[-94.4651087,34.53310123],[-94.4660075,34.53179188],[-94.4981628,34.48078483],[-94.5161158,34.44995988],[-94.5272579,34.42977774],[-94.5534904,34.37877066],[-94.5671229,34.35025932],[-94.577477,34.32776358],[-94.5995383,34.2767565],[-94.6181299,34.23073505],[-94.6200878,34.22574941],[-94.6395015,34.17474233],[-94.6577013,34.12373528],[-94.669137,34.09008915],[-94.6749353,34.0727282],[-94.691489,34.02172111],[-94.707289,33.97071403],[-94.7201441,33.92744595],[-94.7224227,33.91970695],[-94.7371656,33.86869987],[-94.7516641,33.81769278],[-94.7662711,33.76668573],[-94.7711511,33.75003784],[-94.7812061,33.71567865],[-94.7961831,33.66467157],[-94.8111359,33.61366448],[-94.8221582,33.57615144],[-94.8261296,33.5626574],[-94.841174,33.51165032],[-94.8561806,33.46064327],[-94.871061,33.40963618],[-94.8731653,33.40247478],[-94.8861514,33.3586291],[-94.9012785,33.30762202],[-94.9165321,33.25661493],[-94.9241724,33.23134603],[-94.9320412,33.20560785],[-94.9480471,33.15460077],[-94.964564,33.10359372],[-94.9751795,33.07204743],[-94.9818661,33.05258663],[-95.000424,33.00157955],[-95.0203139,32.95057247],[-95.0261865,32.93660209],[-95.0423389,32.89956539],[-95.0661332,32.8485583],[-95.0771936,32.82282535],[-95.0884875,32.79755122],[-95.1085648,32.74654417],[-95.1259642,32.69553709],[-95.1282007,32.68799063],[-95.1414668,32.64453],[-95.1553678,32.59352292],[-95.1689952,32.54251584],[-95.1792078,32.50825768],[-95.1845216,32.49150875],[-95.203314,32.4405017],[-95.2219066,32.38949462],[-95.2302149,32.36585163],[-95.2400884,32.33848754],[-95.2572612,32.28748045],[-95.272469,32.23647337],[-95.2812219,32.2061134],[-95.2874508,32.18546629],[-95.3028226,32.13445921],[-95.3179997,32.08345215],[-95.332229,32.03499056],[-95.3330166,32.03244507],[-95.3832361,32.01968986],[-95.4342432,32.01968654],[-95.4852503,32.01968344],[-95.5362573,32.01968053],[-95.5872644,32.01967787],[-95.6000316,32.03244507],[-95.6382715,32.07068142],[-95.6892786,32.07067929],[-95.7402856,32.07067751],[-95.7912927,32.0706761],[-95.8422998,32.07067513],[-95.8933069,32.07067457],[-95.944314,32.07067447],[-95.995321,32.07067488],[-96.0463281,32.07067588],[-96.0973352,32.07067754],[-96.1483423,32.07067998],[-96.1993494,32.0706833],[-96.2503564,32.07068752],[-96.3013635,32.07069265],[-96.3523706,32.07069841],[-96.3702169,32.08345215],[-96.3720231,32.13445921],[-96.3727809,32.18546629],[-96.3725272,32.23647337],[-96.3712626,32.28748045],[-96.3689693,32.33848754],[-96.3655738,32.38949462],[-96.3606872,32.4405017],[-96.3537353,32.49150875],[-96.3523706,32.49856936],[-96.3466325,32.54251584],[-96.3391344,32.59352292],[-96.3314297,32.64453],[-96.322703,32.69553709],[-96.3106633,32.74654417],[-96.3013635,32.77243781],[-96.2958819,32.79755122],[-96.2857379,32.8485583],[-96.2769767,32.89956539],[-96.274259,32.95057247],[-96.2823815,33.00157955],[-96.3013635,33.01737881],[-96.3523706,33.02426965],[-96.4033776,33.02123972],[-96.4543847,33.00884062],[-96.4736252,33.00157955],[-96.5053918,32.96999716],[-96.5210588,32.95057247],[-96.5398203,32.89956539],[-96.5509993,32.8485583],[-96.5563989,32.81240762],[-96.5582905,32.79755122],[-96.5629604,32.74654417],[-96.566861,32.69553709],[-96.5703469,32.64453],[-96.573596,32.59352292],[-96.5767559,32.54251584],[-96.5798534,32.49150875],[-96.5830405,32.4405017],[-96.5862666,32.38949462],[-96.5895756,32.33848754],[-96.5929985,32.28748045],[-96.5964783,32.23647337],[-96.6000522,32.18546629],[-96.6036237,32.13445921],[-96.6066899,32.08345215],[-96.607406,32.07070032],[-96.658413,32.07069544],[-96.7094201,32.07068971],[-96.7604272,32.07068333],[-96.8114343,32.07067657],[-96.8624414,32.07066969],[-96.9134484,32.07066296],[-96.9644555,32.07065667],[-96.9644555,32.07069635],[-96.9317491,32.08345215],[-96.9299506,32.13445921],[-96.9279188,32.18546629],[-96.925609,32.23647337],[-96.9226815,32.28748045],[-96.9193199,32.33848754],[-96.9155677,32.38949462],[-96.9134484,32.41565256],[-96.9115707,32.4405017],[-96.9073768,32.49150875],[-96.9029732,32.54251584],[-96.898219,32.59352292],[-96.893118,32.64453],[-96.8871615,32.69553709],[-96.8797708,32.74654417],[-96.8702641,32.79755122],[-96.8624414,32.82902666],[-96.8578962,32.8485583],[-96.8415369,32.89956539],[-96.8186941,32.95057247],[-96.8114343,32.96225484],[-96.7869125,33.00157955],[-96.7604272,33.02855864],[-96.7335484,33.05258663],[-96.7094201,33.06860951],[-96.658413,33.09675783],[-96.6446452,33.10359372],[-96.607406,33.124637],[-96.5563989,33.14456772],[-96.5053918,33.15230168],[-96.4543847,33.14027544],[-96.4033776,33.12185146],[-96.3523706,33.10593789],[-96.3416995,33.10359372],[-96.3013635,33.09176465],[-96.2503564,33.08853519],[-96.2061931,33.05258663],[-96.2027375,33.00157955],[-96.1993494,32.97462058],[-96.1910901,32.95057247],[-96.1728786,32.89956539],[-96.1560332,32.8485583],[-96.1483423,32.82212417],[-96.1350108,32.79755122],[-96.1126136,32.74654417],[-96.0973352,32.71007868],[-96.0869274,32.69553709],[-96.0524351,32.64453],[-96.0463281,32.63525643],[-95.9973368,32.59352292],[-95.995321,32.59173973],[-95.944314,32.57095665],[-95.8933069,32.57105788],[-95.8422998,32.59208965],[-95.8404003,32.59352292],[-95.7912927,32.63143914],[-95.779213,32.64453],[-95.7402856,32.68772082],[-95.7344025,32.69553709],[-95.6956448,32.74654417],[-95.6892786,32.75554496],[-95.6641987,32.79755122],[-95.6382715,32.83798749],[-95.6314936,32.8485583],[-95.5872644,32.89644956],[-95.5844691,32.89956539],[-95.5362573,32.94154117],[-95.5268273,32.95057247],[-95.4852503,32.99269623],[-95.4778636,33.00157955],[-95.4442548,33.05258663],[-95.4342432,33.07128016],[-95.4179593,33.10359372],[-95.3958459,33.15460077],[-95.3832361,33.18777403],[-95.3766746,33.20560785],[-95.3596918,33.25661493],[-95.3441845,33.30762202],[-95.332229,33.3505312],[-95.3300109,33.3586291],[-95.3170844,33.40963618],[-95.3052253,33.46064327],[-95.2942335,33.51165032],[-95.2842218,33.5626574],[-95.2812219,33.58036752],[-95.2756276,33.61366448],[-95.2684513,33.66467157],[-95.2630091,33.71567865],[-95.25986,33.76668573],[-95.2596054,33.81769278],[-95.2619883,33.86869987],[-95.2675951,33.91970695],[-95.2756116,33.97071403],[-95.2812219,33.99742247],[-95.287233,34.02172111],[-95.3038784,34.0727282],[-95.3274556,34.12373528],[-95.332229,34.13175864],[-95.3662781,34.17474233],[-95.3832361,34.19208989],[-95.4289921,34.22574941],[-95.4342432,34.22914403],[-95.4852503,34.25237343],[-95.5362573,34.26596341],[-95.5872644,34.27203988],[-95.6382715,34.27158902],[-95.6892786,34.2654125],[-95.7402856,34.25378883],[-95.7912927,34.23654479],[-95.8155346,34.22574941],[-95.8422998,34.21405856],[-95.8933069,34.18697145],[-95.9131101,34.17474233],[-95.944314,34.15531833],[-95.9875244,34.12373528],[-95.995321,34.11794363],[-96.0463281,34.07409322],[-96.0477295,34.0727282],[-96.0973352,34.02357437],[-96.098941,34.02172111],[-96.1404566,33.97071403],[-96.1483423,33.96078525],[-96.1772152,33.91970695],[-96.1993494,33.88655869],[-96.2100136,33.86869987],[-96.2398439,33.81769278],[-96.2503564,33.80086412],[-96.269404,33.76668573],[-96.3013635,33.71863948],[-96.3030297,33.71567865],[-96.3485361,33.66467157],[-96.3523706,33.66228251],[-96.3846339,33.61366448],[-96.4033776,33.59322015],[-96.4192081,33.5626574],[-96.4493825,33.51165032],[-96.4543847,33.50425012],[-96.4911132,33.46064327],[-96.5053918,33.44585114],[-96.5563989,33.41579364],[-96.607406,33.42811204],[-96.6380557,33.46064327],[-96.6536736,33.51165032],[-96.658413,33.52825295],[-96.7094201,33.54943198],[-96.7604272,33.54920019],[-96.8114343,33.55576011],[-96.8414363,33.5626574],[-96.8624414,33.56443452],[-96.9134484,33.57127141],[-96.9644555,33.58166376],[-97.0154626,33.59657574],[-97.059149,33.61366448],[-97.0664697,33.61569498],[-97.1174768,33.6314309],[-97.1684838,33.65174612],[-97.19586,33.66467157],[-97.2194909,33.67343791],[-97.270498,33.69476139],[-97.3116614,33.71567865],[-97.3215051,33.71988131],[-97.3725122,33.74264269],[-97.4169031,33.76668573],[-97.4235192,33.76985839],[-97.4745263,33.79450757],[-97.5147924,33.81769278],[-97.5255334,33.8233233],[-97.5765405,33.85023487],[-97.6068018,33.86869987],[-97.6275475,33.88145304]]]}},
{"type":"Feature","properties":{"Lower":105.0},"geometry":{"type":"Polygon","coordinates":[[[-93.2919459,41.3284852],[-93.2919459,41.32852487],[-93.2537297,41.36674035],[-93.2537293,41.41774743],[-93.2409388,41.43053795],[-93.2027215,41.46875452],[-93.2027211,41.5197616],[-93.1899317,41.53255092],[-93.1517132,41.57076868],[-93.1517127,41.62177577],[-93.1389247,41.6345638],[-93.1007048,41.67278282],[-93.0879176,41.68557007],[-93.0496969,41.7237899],[-93.0496963,41.77479698],[-93.0369105,41.7875828],[-92.9986883,41.82580407],[-92.9986877,41.87681115],[-92.9859034,41.8895954],[-92.9476796,41.92781823],[-92.9476788,41.97882528],[-92.9348964,41.99160778],[-92.8966706,42.02983237],[-92.8838893,42.04261374],[-92.8456623,42.08083945],[-92.8456615,42.13184653],[-92.8328822,42.14462581],[-92.7946531,42.18285361],[-92.7946522,42.2338607],[-92.7818751,42.24663775],[-92.7436437,42.28486778],[-92.730868,42.29764343],[-92.6926352,42.33587483],[-92.6926342,42.38688191],[-92.679861,42.39965515],[-92.6416256,42.437889],[-92.6416246,42.48889608],[-92.6288539,42.50166675],[-92.5906159,42.53990316],[-92.5906148,42.59091024],[-92.5778468,42.60367829],[-92.5396061,42.64191733],[-92.5268397,42.65468371],[-92.4885974,42.69292438],[-92.4885963,42.74393146],[-92.4758326,42.75669509],[-92.4375875,42.79493854],[-92.4375864,42.84594563],[-92.4248256,42.85870641],[-92.3865776,42.89695271],[-92.3738185,42.9097118],[-92.3355688,42.94795979],[-92.3355676,42.99896684],[-92.3228114,43.01172309],[-92.2845588,43.04997393],[-92.2845577,43.10098101],[-92.2718043,43.11373438],[-92.2207972,43.14813266],[-92.1697902,43.1229831],[-92.125786,43.10098101],[-92.1187831,43.09750387],[-92.067776,43.07217592],[-92.0242715,43.04997393],[-92.0167689,43.04611849],[-91.9657618,43.01912482],[-91.9290655,42.99896684],[-91.9147548,42.99110571],[-91.8637477,42.96247078],[-91.8387959,42.94795979],[-91.8127406,42.93269887],[-91.7617336,42.90209519],[-91.753458,42.89695271],[-91.7107265,42.87039923],[-91.6722614,42.84594563],[-91.6597194,42.83797224],[-91.6087123,42.80459079],[-91.594234,42.79493854],[-91.5577052,42.77058605],[-91.5189851,42.74393146],[-91.5066982,42.73547323],[-91.4556911,42.69929595],[-91.4468739,42.69292438],[-91.404684,42.66265916],[-91.3766218,42.64191733],[-91.3536769,42.62495789],[-91.3084981,42.59091024],[-91.3026698,42.58651792],[-91.2516628,42.54739342],[-91.2420722,42.53990316],[-91.2006557,42.50778929],[-91.1769537,42.48889608],[-91.1496486,42.46713203],[-91.1136177,42.437889],[-91.0986415,42.42573423],[-91.0516101,42.38688191],[-91.0476345,42.38362132],[-90.9966274,42.3407578],[-90.9910057,42.33587483],[-90.9456203,42.29673906],[-90.9320815,42.28486778],[-90.8946132,42.25201411],[-90.874572,42.2338607],[-90.8436061,42.20621209],[-90.8180563,42.18285361],[-90.7925991,42.15974476],[-90.7623419,42.13184653],[-90.741592,42.11284999],[-90.7074149,42.08083945],[-90.6905849,42.06529504],[-90.6527576,42.02983237],[-90.6395778,42.01756091],[-90.5988764,41.97882528],[-90.5885707,41.96915076],[-90.5454806,41.92781823],[-90.5375637,41.92032654],[-90.4928487,41.87681115],[-90.4865566,41.87080862],[-90.4403341,41.82580407],[-90.4355495,41.82120602],[-90.3885303,41.77479698],[-90.3845425,41.77091135],[-90.337421,41.7237899],[-90.3335353,41.71995362],[-90.2869538,41.67278282],[-90.2825283,41.66838476],[-90.2373243,41.62177577],[-90.2315212,41.61590163],[-90.1879802,41.57076868],[-90.1805141,41.56312284],[-90.1396169,41.5197616],[-90.1295071,41.50929521],[-90.0916393,41.46875452],[-90.0785,41.45485123],[-90.0445534,41.41774743],[-90.0274929,41.39920708],[-89.9986893,41.36674035],[-89.9764858,41.34200001],[-89.9537306,41.31573327],[-89.9254787,41.28312171],[-89.9101491,41.26472622],[-89.8744717,41.22191323],[-89.8677708,41.21371913],[-89.8251294,41.16271205],[-89.8234646,41.16074965],[-89.7820528,41.11170497],[-89.7724575,41.10064924],[-89.7376194,41.06069789],[-89.7214504,41.0426467],[-89.6917904,41.0096908],[-89.6704433,40.98646391],[-89.6445418,40.95868372],[-89.6194363,40.93256862],[-89.595154,40.90767667],[-89.5684292,40.88121112],[-89.5431519,40.85666959],[-89.5174221,40.83251098],[-89.4880949,40.8056625],[-89.466415,40.78644616],[-89.4292127,40.75465542],[-89.4154079,40.74327237],[-89.3671151,40.70364834],[-89.3644009,40.70155081],[-89.3133938,40.66484017],[-89.2961594,40.65264125],[-89.2623867,40.62968113],[-89.2183129,40.6016342],[-89.2113796,40.59737368],[-89.1603726,40.56815928],[-89.1270488,40.55062712],[-89.1093655,40.54169042],[-89.0583584,40.51836689],[-89.0125321,40.49962004],[-89.0073513,40.497586],[-88.9563442,40.47990564],[-88.9053372,40.46509142],[-88.8543301,40.45293484],[-88.8308893,40.44861295],[-88.803323,40.44375806],[-88.752316,40.43732797],[-88.7013089,40.43370417],[-88.6503018,40.43285801],[-88.5992947,40.43476812],[-88.5482876,40.43936736],[-88.4972806,40.4456943],[-88.4771819,40.44861295],[-88.4462735,40.45316365],[-88.3952664,40.46174171],[-88.3442593,40.47156112],[-88.2932522,40.48263478],[-88.2422452,40.49500056],[-88.2247235,40.49962004],[-88.1912381,40.50866771],[-88.140231,40.52392049],[-88.0892239,40.54085067],[-88.0623823,40.55062712],[-88.0382168,40.55966837],[-87.9872098,40.5805673],[-87.9406326,40.6016342],[-87.9362027,40.60363782],[-87.8851956,40.62669908],[-87.8341885,40.65040454],[-87.8293394,40.65264125],[-87.7831814,40.67339601],[-87.7321744,40.69638373],[-87.7156473,40.70364834],[-87.6811673,40.71821722],[-87.6301602,40.73875906],[-87.5878718,40.75465542],[-87.5791531,40.75775685],[-87.528146,40.77354829],[-87.477139,40.78615454],[-87.4261319,40.79445675],[-87.3751248,40.79683101],[-87.3241178,40.79144228],[-87.2731107,40.77666415],[-87.2268777,40.75465542],[-87.2221036,40.75226089],[-87.1710965,40.7235789],[-87.1368854,40.70364834],[-87.1200894,40.69327125],[-87.0690824,40.66050637],[-87.0570815,40.65264125],[-87.0180753,40.62522137],[-86.9845214,40.6016342],[-86.9670682,40.58826199],[-86.9177181,40.55062712],[-86.9160611,40.54919913],[-86.8650541,40.50462035],[-86.8593856,40.49962004],[-86.8158662,40.44861295],[-86.814047,40.44599609],[-86.7797818,40.39760587],[-86.7630399,40.3659981],[-86.7527645,40.34659879],[-86.7282436,40.29559171],[-86.7120328,40.26993417],[-86.6924034,40.24458465],[-86.6610257,40.21483965],[-86.6318327,40.19357757],[-86.6100187,40.18067369],[-86.5590116,40.15770114],[-86.5126689,40.14257049],[-86.5080045,40.14128517],[-86.4569974,40.1333003],[-86.4059903,40.12909761],[-86.3549833,40.12901847],[-86.3039762,40.13235666],[-86.2529691,40.13891351],[-86.2338364,40.14257049],[-86.201962,40.14874838],[-86.1509549,40.16148861],[-86.0999479,40.17704356],[-86.0538963,40.19357757],[-86.0489408,40.19543067],[-85.9979337,40.21756425],[-85.9469267,40.24252753],[-85.9431873,40.24458465],[-85.8959196,40.27280595],[-85.8623824,40.29559171],[-85.8449125,40.30936506],[-85.8043569,40.34659879],[-85.7939054,40.35788943],[-85.7587111,40.39760587],[-85.7428983,40.4145655],[-85.7113776,40.44861295],[-85.6918913,40.46762871],[-85.6593391,40.49962004],[-85.6408842,40.51595443],[-85.6022522,40.55062712],[-85.5898771,40.56108456],[-85.5415562,40.6016342],[-85.53887,40.60384945],[-85.4878629,40.64093667],[-85.4684567,40.65264125],[-85.4368559,40.67121615],[-85.3858488,40.69616872],[-85.3678123,40.70364834],[-85.3348417,40.71716077],[-85.2838346,40.73476356],[-85.2328275,40.74918008],[-85.2096544,40.75465542],[-85.1818205,40.76117691],[-85.1308134,40.77074767],[-85.0798063,40.77742584],[-85.0287992,40.78150743],[-84.9777922,40.78247995],[-84.9267851,40.78026795],[-84.875778,40.77454593],[-84.8247709,40.76525274],[-84.7831656,40.75465542],[-84.7737638,40.75220522],[-84.7227568,40.73474935],[-84.6717497,40.71343918],[-84.6522413,40.70364834],[-84.6207426,40.68750605],[-84.5697355,40.65726318],[-84.5629371,40.65264125],[-84.5187284,40.62200925],[-84.4924527,40.6016342],[-84.4677214,40.58200455],[-84.4322301,40.55062712],[-84.4167143,40.53649336],[-84.3802102,40.49962004],[-84.3657072,40.48425475],[-84.3355688,40.44861295],[-84.3147002,40.42164344],[-84.2980972,40.39760587],[-84.2636931,40.34903578],[-84.2619473,40.34659879],[-84.2209693,40.29559171],[-84.212686,40.28606147],[-84.1721677,40.24458465],[-84.1616789,40.2336837],[-84.1149399,40.19357757],[-84.1106718,40.18973043],[-84.0596648,40.14822705],[-84.0514294,40.14257049],[-84.0086577,40.10984462],[-83.982714,40.09156341],[-83.9576506,40.0773951],[-83.9066435,40.05074972],[-83.8880757,40.04055632],[-83.8556364,40.02734045],[-83.8046294,40.0039032],[-83.7789877,39.98954924],[-83.7536223,39.97912982],[-83.7026152,39.95621025],[-83.6644443,39.93854216],[-83.6516081,39.93359241],[-83.600601,39.91175573],[-83.549594,39.8952292],[-83.5166302,39.88753511],[-83.4985869,39.88283799],[-83.4475798,39.86983246],[-83.3965727,39.85743283],[-83.3455656,39.84631145],[-83.3001452,39.83652802],[-83.2945586,39.83497117],[-83.2435515,39.8213488],[-83.1925444,39.81754087],[-83.1614723,39.83652802],[-83.1554884,39.88753511],[-83.1553559,39.93854216],[-83.1557648,39.98954924],[-83.1569177,40.04055632],[-83.1586104,40.09156341],[-83.1592719,40.14257049],[-83.1530572,40.19357757],[-83.1415373,40.21805048],[-83.1102442,40.24458465],[-83.0905303,40.25288539],[-83.0395232,40.26392066],[-82.9885161,40.26813558],[-82.937509,40.26879098],[-82.886502,40.26755595],[-82.8354949,40.26478738],[-82.7844878,40.26004078],[-82.7334807,40.25127259],[-82.7122186,40.24458465],[-82.6824737,40.2312186],[-82.646779,40.19357757],[-82.6314666,40.16830613],[-82.6221973,40.14257049],[-82.6053972,40.09156341],[-82.5895516,40.04055632],[-82.5804595,40.01328045],[-82.5741286,39.98954924],[-82.5592915,39.93854216],[-82.544496,39.88753511],[-82.5306202,39.83652802],[-82.5294524,39.83190676],[-82.5168171,39.78552094],[-82.4975879,39.73451386],[-82.4784453,39.69043216],[-82.4753889,39.68350677],[-82.4517551,39.63249969],[-82.4274383,39.58552619],[-82.4250107,39.58149264],[-82.3907909,39.53048556],[-82.3764312,39.51073148],[-82.351191,39.47947847],[-82.3254241,39.44842684],[-82.3075213,39.42847139],[-82.274417,39.39152497],[-82.2609736,39.37746431],[-82.2234099,39.3378726],[-82.2119207,39.32645723],[-82.1724029,39.28657816],[-82.1607421,39.27545014],[-82.1213958,39.23735461],[-82.1073088,39.22444309],[-82.0703887,39.18996467],[-82.0517185,39.17343601],[-82.0193816,39.14433717],[-81.993663,39.12242893],[-81.9683745,39.10046507],[-81.9329982,39.07142184],[-81.9173675,39.05833314],[-81.8693014,39.02041476],[-81.8663604,39.01804736],[-81.8153533,38.97958799],[-81.8009348,38.96940768],[-81.7643462,38.94306834],[-81.7277037,38.91840059],[-81.7133391,38.9085221],[-81.6623321,38.87613076],[-81.6473709,38.86739354],[-81.611325,38.84590472],[-81.5603179,38.81781504],[-81.5574466,38.81638646],[-81.5093109,38.79199785],[-81.4583038,38.76842561],[-81.4509023,38.76537938],[-81.4072967,38.74712232],[-81.3562896,38.72814659],[-81.3140738,38.71437229],[-81.3052825,38.71145239],[-81.2542755,38.69707045],[-81.2032684,38.68491262],[-81.1522613,38.67507324],[-81.1012542,38.66736791],[-81.0638015,38.66336521],[-81.0502471,38.66189701],[-80.9992401,38.65857628],[-80.948233,38.65766413],[-80.8972259,38.65899604],[-80.8462188,38.66263186],[-80.8398322,38.66336521],[-80.7952117,38.66871213],[-80.7442047,38.67695],[-80.6931976,38.68744296],[-80.6421905,38.69987911],[-80.5932345,38.71437229],[-80.5911834,38.71499365],[-80.5401764,38.73106214],[-80.4891693,38.74959392],[-80.4492188,38.76537938],[-80.4381622,38.76986855],[-80.3871551,38.79212487],[-80.336148,38.81510768],[-80.3335715,38.81638646],[-80.285141,38.84143679],[-80.2359405,38.86739354],[-80.2341339,38.86836969],[-80.1831268,38.89691102],[-80.1461447,38.91840059],[-80.1321198,38.92673025],[-80.0811126,38.95794752],[-80.0628573,38.96940768],[-80.0301056,38.99031684],[-79.9841808,39.02041476],[-79.9790985,39.02380296],[-79.9280914,39.05835608],[-79.9091217,39.07142184],[-79.8770844,39.09381103],[-79.8364725,39.12242893],[-79.8260773,39.12988482],[-79.7750702,39.16681329],[-79.7659707,39.17343601],[-79.7240631,39.20439505],[-79.6969252,39.22444309],[-79.673056,39.24229056],[-79.628888,39.27545014],[-79.622049,39.280616],[-79.5710419,39.31901097],[-79.5611537,39.32645723],[-79.5200348,39.35770732],[-79.4938265,39.37746431],[-79.4690277,39.39621633],[-79.4253017,39.42847139],[-79.4180206,39.43382585],[-79.3670136,39.47001073],[-79.3532116,39.47947847],[-79.3160065,39.50484552],[-79.2768337,39.53048556],[-79.2649994,39.53823157],[-79.2139923,39.57005702],[-79.1947991,39.58149264],[-79.1629852,39.6004474],[-79.1119782,39.62904631],[-79.1054571,39.63249969],[-79.0609711,39.65605851],[-79.009964,39.68113127],[-79.0047379,39.68350677],[-78.9589569,39.70425531],[-78.9079498,39.7253382],[-78.8832906,39.73451386],[-78.8569428,39.74428921],[-78.8059357,39.76091388],[-78.7549286,39.77519083],[-78.709735,39.78552094],[-78.7039215,39.78684973],[-78.6529145,39.7959709],[-78.6019074,39.80215503],[-78.5509003,39.80536567],[-78.4998932,39.80530997],[-78.4488862,39.80177385],[-78.3978791,39.79444566],[-78.3567306,39.78552094],[-78.346872,39.78337666],[-78.2958649,39.76912675],[-78.2448579,39.75168749],[-78.2034171,39.73451386],[-78.1938508,39.73050118],[-78.1428437,39.70570995],[-78.1039891,39.68350677],[-78.0918366,39.67642758],[-78.0408295,39.64244299],[-78.0276469,39.63249969],[-77.9898225,39.60316879],[-77.9650124,39.58149264],[-77.9388154,39.55802873],[-77.9111728,39.53048556],[-77.8878083,39.50651502],[-77.8637956,39.47947847],[-77.8368012,39.44862793],[-77.8206027,39.42847139],[-77.7857941,39.38564038],[-77.7795814,39.37746431],[-77.7379418,39.32645723],[-77.7347871,39.32313174],[-77.6896762,39.27545014],[-77.68378,39.27003557],[-77.633863,39.22444309],[-77.6327729,39.22359086],[-77.5817658,39.18928114],[-77.5440787,39.17343601],[-77.5307587,39.16877829],[-77.4797517,39.147064],[-77.4287446,39.12309399],[-77.4267494,39.12242893],[-77.3777375,39.1077814],[-77.3267304,39.09726632],[-77.2757233,39.08989125],[-77.2247163,39.08471019],[-77.1737092,39.08094782],[-77.1227021,39.07826793],[-77.0716951,39.07647842],[-77.020688,39.07536631],[-76.9696809,39.07487222],[-76.9186738,39.07497464],[-76.8676667,39.07558639],[-76.8166597,39.07669901],[-76.7656526,39.07830661],[-76.7146455,39.08028742],[-76.6636384,39.0825783],[-76.6126313,39.08505157],[-76.5616243,39.08739315],[-76.5106172,39.08932442],[-76.4596101,39.0904467],[-76.408603,39.09030526],[-76.357596,39.08831835],[-76.3065889,39.08386613],[-76.2555818,39.07615877],[-76.236532,39.07142184],[-76.2045747,39.0634217],[-76.1535676,39.04825691],[-76.1025606,39.03478024],[-76.0515535,39.02447288],[-76.0363538,39.02041476],[-76.0005464,39.01310381],[-75.9495393,38.97288222],[-75.9459228,38.96940768],[-75.9081538,38.91840059],[-75.8985322,38.88203124],[-75.8810572,38.86739354],[-75.8475252,38.83739422],[-75.7965181,38.85129178],[-75.7680188,38.86739354],[-75.745511,38.88573979],[-75.7038442,38.91840059],[-75.694504,38.92964612],[-75.6592535,38.96940768],[-75.6434969,38.99943147],[-75.6315986,39.02041476],[-75.6139999,39.07142184],[-75.6050159,39.12242893],[-75.6036339,39.17343601],[-75.6087321,39.22444309],[-75.6187648,39.27545014],[-75.6322995,39.32645723],[-75.6434969,39.36056345],[-75.6483066,39.37746431],[-75.6651796,39.42847139],[-75.683667,39.47947847],[-75.694504,39.50633606],[-75.7028877,39.53048556],[-75.7223447,39.58149264],[-75.7429156,39.63249969],[-75.745511,39.63835633],[-75.7625692,39.68350677],[-75.7826578,39.73451386],[-75.7965181,39.76822542],[-75.8024492,39.78552094],[-75.8208515,39.83652802],[-75.8392335,39.88753511],[-75.8475252,39.91017357],[-75.855821,39.93854216],[-75.8702636,39.98954924],[-75.8834638,40.04055632],[-75.894996,40.09156341],[-75.8985322,40.10972202],[-75.9040324,40.14257049],[-75.9124628,40.19357757],[-75.920829,40.24458465],[-75.929044,40.29559171],[-75.9369883,40.34659879],[-75.944553,40.39760587],[-75.9495393,40.43382139],[-75.951602,40.44861295],[-75.9579804,40.49962004],[-75.9635915,40.55062712],[-75.9682266,40.6016342],[-75.9716184,40.65264125],[-75.973342,40.70364834],[-75.9729691,40.75465542],[-75.9696783,40.8056625],[-75.9617489,40.85666959],[-75.9495393,40.89116369],[-75.9434218,40.90767667],[-75.9172169,40.95868372],[-75.8985322,40.98899459],[-75.8856449,41.0096908],[-75.8510042,41.06069789],[-75.8475252,41.06651319],[-75.8197044,41.11170497],[-75.7965181,41.15336516],[-75.791188,41.16271205],[-75.7648823,41.21371913],[-75.745511,41.25341767],[-75.7399195,41.26472622],[-75.7165682,41.31573327],[-75.694504,41.3642511],[-75.6933625,41.36674035],[-75.6710827,41.41774743],[-75.6483496,41.46875452],[-75.6434969,41.479702],[-75.6256926,41.5197616],[-75.6024437,41.57076868],[-75.5924898,41.59223066],[-75.5787296,41.62177577],[-75.5542994,41.67278282],[-75.5414827,41.69868268],[-75.5290215,41.7237899],[-75.5029003,41.77479698],[-75.4904756,41.79816122],[-75.47573,41.82580407],[-75.4473255,41.87681115],[-75.4394686,41.890488],[-75.4178823,41.92781823],[-75.3884615,41.97582458],[-75.3374544,41.94057767],[-75.2864473,41.94058283],[-75.2736827,41.92781823],[-75.2354402,41.88958479],[-75.2226666,41.87681115],[-75.1844332,41.83858738],[-75.1716498,41.82580407],[-75.1334261,41.7875904],[-75.1334261,41.78755076],[-75.1500905,41.77479698],[-75.1844332,41.72448632],[-75.1848966,41.7237899],[-75.2182398,41.67278282],[-75.2354402,41.64648006],[-75.251207,41.62177577],[-75.2835211,41.57076868],[-75.2864473,41.56620791],[-75.3153638,41.5197616],[-75.3374544,41.48421374],[-75.346764,41.46875452],[-75.3778861,41.41774743],[-75.3884615,41.40076099],[-75.4089374,41.36674035],[-75.4394686,41.31695888],[-75.4402027,41.31573327],[-75.4721925,41.26472622],[-75.4904756,41.23698705],[-75.5054144,41.21371913],[-75.54049,41.16271205],[-75.5414827,41.16137769],[-75.577891,41.11170497],[-75.5924898,41.09213192],[-75.615785,41.06069789],[-75.6434969,41.02288383],[-75.6530431,41.0096908],[-75.6888603,40.95868372],[-75.694504,40.95004167],[-75.7213412,40.90767667],[-75.745511,40.86255705],[-75.7485318,40.85666959],[-75.7675937,40.8056625],[-75.7787076,40.75465542],[-75.7858205,40.70364834],[-75.7898892,40.65264125],[-75.7914553,40.6016342],[-75.7908319,40.55062712],[-75.7883076,40.49962004],[-75.7840081,40.44861295],[-75.7781233,40.39760587],[-75.7702382,40.34659879],[-75.7588811,40.29559171],[-75.745511,40.25266991],[-75.7421778,40.24458465],[-75.71719,40.19357757],[-75.694504,40.15329617],[-75.6870605,40.14257049],[-75.6504327,40.09156341],[-75.6434969,40.08202507],[-75.6084954,40.04055632],[-75.5924898,40.0214844],[-75.5619583,39.98954924],[-75.5414827,39.9677564],[-75.5107089,39.93854216],[-75.4904756,39.91891341],[-75.4544298,39.88753511],[-75.4394686,39.87419221],[-75.3923887,39.83652802],[-75.3884615,39.83330736],[-75.3374544,39.79559705],[-75.3222451,39.78552094],[-75.2864473,39.76140292],[-75.2416006,39.73451386],[-75.2354402,39.73074851],[-75.1844332,39.70317207],[-75.1430743,39.68350677],[-75.1334261,39.67877811],[-75.082419,39.65590943],[-75.0314119,39.63472693],[-75.0256666,39.63249969],[-74.9804048,39.61427061],[-74.9293978,39.59472197],[-74.8938743,39.58149264],[-74.8783907,39.57543375],[-74.8273836,39.55590495],[-74.7763765,39.53620013],[-74.7618595,39.53048556],[-74.7253694,39.51506582],[-74.6743624,39.49254333],[-74.6616084,39.53048556],[-74.6615687,39.53048556],[-74.6615717,39.47947847],[-74.6615744,39.42847139],[-74.661577,39.37746431],[-74.6743624,39.3646789],[-74.7125875,39.32645723],[-74.7125893,39.27545014],[-74.7125907,39.22444309],[-74.7125918,39.17343601],[-74.7125924,39.12242893],[-74.7125926,39.07142184],[-74.7253694,39.05864504],[-74.7636003,39.02041476],[-74.7635995,38.96940768],[-74.7635983,38.91840059],[-74.7635968,38.86739354],[-74.7635949,38.81638646],[-74.7635928,38.76537938],[-74.7763765,38.75259563],[-74.8145978,38.71437229],[-74.8145952,38.66336521],[-74.8145927,38.61235813],[-74.8145906,38.56135108],[-74.8146302,38.56135108],[-74.8273836,38.59909269],[-74.8783907,38.59728333],[-74.9293978,38.59550174],[-74.9804048,38.59361306],[-75.0314119,38.5918886],[-75.082419,38.59059026],[-75.1334261,38.58944454],[-75.1844332,38.58866713],[-75.2354402,38.58797481],[-75.2864473,38.58725783],[-75.3374544,38.58652836],[-75.3884615,38.58549056],[-75.4394686,38.58382507],[-75.4904756,38.58226546],[-75.5414827,38.5807813],[-75.5924898,38.58045151],[-75.6434969,38.58329812],[-75.694504,38.58214843],[-75.7269161,38.56135108],[-75.7378956,38.51034399],[-75.7368819,38.45933691],[-75.7351311,38.40832983],[-75.7251632,38.35732275],[-75.7039225,38.30631566],[-75.694504,38.29421137],[-75.6448282,38.25530858],[-75.6434969,38.25443007],[-75.5924898,38.22917546],[-75.5414827,38.20668692],[-75.5353235,38.20430153],[-75.4904756,38.18857572],[-75.4394686,38.17151495],[-75.3884615,38.15450235],[-75.384574,38.15329445],[-75.3374544,38.14032747],[-75.2864473,38.12641358],[-75.2354402,38.11193523],[-75.2023919,38.10228736],[-75.1844332,38.09770371],[-75.1334261,38.08454974],[-75.082419,38.07079531],[-75.0314119,38.05623341],[-75.014479,38.05128028],[-74.9804048,38.04267832],[-74.9293978,38.0294013],[-74.9166444,38.05128028],[-74.9166047,38.05128028],[-74.9166085,38.0002732],[-74.9293978,37.98748391],[-74.9676215,37.94926612],[-74.967627,37.89825903],[-74.9676329,37.84725198],[-74.967639,37.7962449],[-74.9804048,37.78347898],[-75.0186536,37.74523782],[-75.0186592,37.69423073],[-75.0314119,37.68550792],[-75.0601629,37.69423073],[-75.082419,37.70065205],[-75.1334261,37.71625801],[-75.1844332,37.73297024],[-75.2200147,37.74523782],[-75.2354402,37.75022771],[-75.2864473,37.76728531],[-75.3374544,37.78478102],[-75.3675423,37.7962449],[-75.3884615,37.80361436],[-75.4394686,37.82298216],[-75.4904756,37.84314708],[-75.5001464,37.84725198],[-75.5414827,37.86448783],[-75.5924898,37.88851576],[-75.6114971,37.89825903],[-75.6434969,37.91448709],[-75.694504,37.9393153],[-75.7162646,37.94926612],[-75.745511,37.96260788],[-75.7965181,37.98301541],[-75.8475252,37.99905875],[-75.8568129,38.0002732],[-75.8985322,38.00591824],[-75.9170157,38.0002732],[-75.9495393,37.99078061],[-75.9984652,37.94926612],[-76.0005464,37.94754053],[-76.0361265,37.89825903],[-76.0515535,37.8771706],[-76.0675582,37.84725198],[-76.0949105,37.7962449],[-76.1025606,37.78166387],[-76.1182307,37.74523782],[-76.1401248,37.69423073],[-76.1535676,37.66311482],[-76.1610879,37.64322365],[-76.1799772,37.59221657],[-76.1984432,37.54120952],[-76.2045747,37.52220681],[-76.2133853,37.49020243],[-76.2227175,37.43919535],[-76.2259839,37.38818827],[-76.2212435,37.33718118],[-76.2047158,37.2861741],[-76.2045747,37.28598384],[-76.1620928,37.23516702],[-76.1535676,37.22778075],[-76.1025606,37.19077684],[-76.0899355,37.18415997],[-76.0515535,37.16877544],[-76.0005464,37.16390999],[-75.9495393,37.17066997],[-75.8985322,37.1641486],[-75.8475252,37.15203993],[-75.7965181,37.14688231],[-75.745511,37.1483285],[-75.694504,37.15166485],[-75.6434969,37.15524285],[-75.5924898,37.15831158],[-75.5414827,37.1604808],[-75.4904756,37.16151872],[-75.4394686,37.16126581],[-75.3884615,37.15955215],[-75.3374544,37.15621064],[-75.2864473,37.15100839],[-75.2354402,37.14372232],[-75.1844332,37.13401894],[-75.1716813,37.13315288],[-75.1716724,37.0821458],[-75.1716623,37.03113872],[-75.1716509,36.98013164],[-75.1844332,36.96734942],[-75.2226422,36.92912455],[-75.2226819,36.92912455],[-75.2354402,36.95554228],[-75.2864473,36.96801126],[-75.3374544,36.97932588],[-75.3412894,36.98013164],[-75.3884615,36.99012788],[-75.4394686,36.99985892],[-75.4904756,37.00862418],[-75.5414827,37.01659753],[-75.5924898,37.0239823],[-75.6434969,37.03101624],[-75.6442523,37.03113872],[-75.694504,37.03902983],[-75.745511,37.04813239],[-75.7965181,37.05988977],[-75.8475252,37.07390574],[-75.8801172,37.0821458],[-75.8985322,37.08678274],[-75.9495393,37.09480676],[-76.0005464,37.09272701],[-76.0515535,37.09394001],[-76.1025606,37.11119316],[-76.1431789,37.13315288],[-76.1535676,37.13950824],[-76.2045747,37.1774796],[-76.2124953,37.18415997],[-76.2555818,37.22616385],[-76.2643935,37.23516702],[-76.3017022,37.2861741],[-76.3065889,37.2992465],[-76.3208698,37.33718118],[-76.3277573,37.38818827],[-76.3264145,37.43919535],[-76.3192908,37.49020243],[-76.3080243,37.54120952],[-76.3065889,37.54639971],[-76.292927,37.59221657],[-76.2759331,37.64322365],[-76.2579102,37.69423073],[-76.2555818,37.7005302],[-76.2381304,37.74523782],[-76.2181689,37.7962449],[-76.2045747,37.83084574],[-76.1976353,37.84725198],[-76.1761168,37.89825903],[-76.1551505,37.94926612],[-76.1535676,37.95321264],[-76.1323322,38.0002732],[-76.1106684,38.05128028],[-76.1025606,38.07176767],[-76.088087,38.10228736],[-76.0665161,38.15329445],[-76.0515535,38.19428513],[-76.0468014,38.20430153],[-76.0271571,38.25530858],[-76.0127054,38.30631566],[-76.0032546,38.35732275],[-76.0005464,38.38398588],[-75.9972349,38.40832983],[-75.9954249,38.45933691],[-75.9961699,38.51034399],[-75.9793081,38.56135108],[-75.9621729,38.61235813],[-75.9579599,38.66336521],[-75.9614326,38.71437229],[-75.9763747,38.76537938],[-76.0003732,38.81638646],[-76.0005464,38.81689948],[-76.0304907,38.86739354],[-76.0515535,38.88598572],[-76.0883677,38.91840059],[-76.1025606,38.92603752],[-76.1535676,38.95129037],[-76.2045747,38.96618677],[-76.2369588,38.96940768],[-76.2555818,38.97097523],[-76.3065889,38.96987094],[-76.3119806,38.96940768],[-76.357596,38.96436208],[-76.408603,38.95637781],[-76.4596101,38.9471088],[-76.5106172,38.93721326],[-76.5616243,38.92698901],[-76.6036509,38.91840059],[-76.6126313,38.91640793],[-76.6636384,38.90511278],[-76.7146455,38.89367671],[-76.7656526,38.88210353],[-76.8166597,38.8703535],[-76.82962,38.86739354],[-76.8676667,38.85845612],[-76.9186738,38.84664091],[-76.9696809,38.83499791],[-77.020688,38.82355903],[-77.0543779,38.81638646],[-77.0716951,38.81269963],[-77.1227021,38.80271562],[-77.1737092,38.79371451],[-77.2247163,38.78596916],[-77.2757233,38.77984474],[-77.3267304,38.77574979],[-77.3777375,38.77422173],[-77.4287446,38.77579827],[-77.4797517,38.78126979],[-77.5307587,38.79149448],[-77.5817658,38.80720358],[-77.6050289,38.81638646],[-77.6327729,38.8285018],[-77.68378,38.85357825],[-77.7154981,38.86739354],[-77.7347871,38.87520486],[-77.7857941,38.89308209],[-77.8368012,38.90938334],[-77.8614241,38.91840059],[-77.8878083,38.92940069],[-77.9388154,38.95341024],[-77.9708099,38.96940768],[-77.9898225,38.97973272],[-78.0408295,39.0073336],[-78.0669443,39.02041476],[-78.0918366,39.03370023],[-78.1428437,39.05522977],[-78.19103,39.07142184],[-78.1938508,39.07242237],[-78.2448579,39.08595064],[-78.2958649,39.09594529],[-78.346872,39.10260776],[-78.3978791,39.10611919],[-78.4488862,39.10660902],[-78.4998932,39.10400016],[-78.5509003,39.0985687],[-78.6019074,39.09023138],[-78.6529145,39.07925131],[-78.6821535,39.07142184],[-78.7039215,39.06544607],[-78.7549286,39.0490509],[-78.8059357,39.03035086],[-78.8300864,39.02041476],[-78.8569428,39.00910694],[-78.9079498,38.98558886],[-78.9402184,38.96940768],[-78.9589569,38.95984277],[-79.009964,38.93217245],[-79.0337969,38.91840059],[-79.0609711,38.90236173],[-79.1119782,38.87070739],[-79.1170982,38.86739354],[-79.1629852,38.83665656],[-79.1921406,38.81638646],[-79.2139923,38.8007473],[-79.2627425,38.76537938],[-79.2649994,38.76370925],[-79.3160065,38.72584963],[-79.3316013,38.71437229],[-79.3670136,38.68796085],[-79.4002894,38.66336521],[-79.4180206,38.65008203],[-79.4690277,38.61339996],[-79.4704572,38.61235813],[-79.5200348,38.57536986],[-79.5398069,38.56135108],[-79.5710419,38.53905527],[-79.6124368,38.51034399],[-79.622049,38.50365456],[-79.673056,38.46929889],[-79.6884563,38.45933691],[-79.7240631,38.43622777],[-79.7691177,38.40832983],[-79.7750702,38.40465621],[-79.8260773,38.37440895],[-79.8564422,38.35732275],[-79.8770844,38.34574468],[-79.9280914,38.31877726],[-79.9531713,38.30631566],[-79.9790985,38.29343303],[-80.0301056,38.26975473],[-80.0633421,38.25530858],[-80.0811126,38.2473674],[-80.1321198,38.22616722],[-80.1831268,38.20661226],[-80.1896318,38.20430153],[-80.2341339,38.18810676],[-80.285141,38.17113584],[-80.336148,38.15585705],[-80.3455719,38.15329445],[-80.3871551,38.14175024],[-80.4381622,38.12930905],[-80.4891693,38.11849039],[-80.5401764,38.10931367],[-80.5841281,38.10228736],[-80.5911834,38.10115018],[-80.6421905,38.09572209],[-80.6931976,38.09135183],[-80.7442047,38.0886644],[-80.7952117,38.08789366],[-80.8462188,38.08929123],[-80.8972259,38.09312175],[-80.948233,38.09939616],[-80.9653569,38.10228736],[-80.9992401,38.10772565],[-81.0502471,38.11839075],[-81.1012542,38.13151028],[-81.1522613,38.14728656],[-81.1689687,38.15329445],[-81.2032684,38.16507717],[-81.2542755,38.18516524],[-81.2987143,38.20430153],[-81.3052825,38.20703824],[-81.3562896,38.2290843],[-81.4072967,38.25286536],[-81.4123769,38.25530858],[-81.4583038,38.27695537],[-81.5093109,38.30298398],[-81.5156096,38.30631566],[-81.5603179,38.32947637],[-81.6098786,38.35732275],[-81.611325,38.35812509],[-81.6623321,38.38748176],[-81.6960728,38.40832983],[-81.7133391,38.41894108],[-81.7643462,38.45228723],[-81.7746383,38.45933691],[-81.8153533,38.48722559],[-81.8467222,38.51034399],[-81.8663604,38.52485902],[-81.9126461,38.56135108],[-81.9173675,38.56509514],[-81.9683745,38.6079735],[-81.9733132,38.61235813],[-82.0193816,38.65392422],[-82.0292401,38.66336521],[-82.0703887,38.70369142],[-82.080725,38.71437229],[-82.1213958,38.75784719],[-82.1280962,38.76537938],[-82.1712657,38.81638646],[-82.1724029,38.8177221],[-82.2131579,38.86739354],[-82.2234099,38.8806041],[-82.2514283,38.91840059],[-82.274417,38.95082664],[-82.2870559,38.96940768],[-82.3205929,39.02041476],[-82.3254241,39.0277074],[-82.3531624,39.07142184],[-82.3764312,39.10966573],[-82.3838682,39.12242893],[-82.4144839,39.17343601],[-82.4274383,39.19410233],[-82.4453986,39.22444309],[-82.476832,39.27545014],[-82.4784453,39.277672],[-82.5118946,39.32645723],[-82.5294524,39.3529352],[-82.5454149,39.37746431],[-82.5756254,39.42847139],[-82.5804595,39.43721915],[-82.6055165,39.47947847],[-82.6314666,39.52949639],[-82.6320208,39.53048556],[-82.6578376,39.58149264],[-82.6767639,39.63249969],[-82.6824737,39.66161978],[-82.6870477,39.68350677],[-82.7013821,39.73451386],[-82.722354,39.78552094],[-82.7334807,39.80633315],[-82.7592452,39.83652802],[-82.7844878,39.86127741],[-82.8354949,39.88638778],[-82.8536607,39.88753511],[-82.886502,39.88941768],[-82.8921318,39.88753511],[-82.937509,39.86998599],[-82.970541,39.83652802],[-82.9885161,39.81187386],[-82.9985044,39.78552094],[-83.0105938,39.73451386],[-83.0303455,39.68350677],[-83.0395232,39.67699211],[-83.0862766,39.68350677],[-83.0905303,39.68392891],[-83.1415373,39.6914791],[-83.1925444,39.69617233],[-83.2435515,39.69817695],[-83.2945586,39.69783355],[-83.3455656,39.69609344],[-83.3965727,39.69359302],[-83.4475798,39.69070141],[-83.4985869,39.687847],[-83.549594,39.68535875],[-83.5917751,39.68350677],[-83.600601,39.68299889],[-83.6516081,39.68117164],[-83.7026152,39.67846005],[-83.7536223,39.6756544],[-83.8046294,39.67275997],[-83.8556364,39.66978489],[-83.9066435,39.66691906],[-83.9576506,39.66417515],[-84.0086577,39.66163399],[-84.0596648,39.65929707],[-84.1106718,39.65714205],[-84.1616789,39.65532507],[-84.212686,39.65395006],[-84.2636931,39.6528994],[-84.3147002,39.65232033],[-84.3657072,39.65219575],[-84.4167143,39.65262828],[-84.4677214,39.6536504],[-84.5187284,39.6552872],[-84.5697355,39.65763476],[-84.6207426,39.66094683],[-84.6717497,39.66524872],[-84.7227568,39.67049565],[-84.7737638,39.67666685],[-84.8164176,39.68350677],[-84.8247709,39.68500282],[-84.875778,39.69159885],[-84.9267851,39.69960369],[-84.9777922,39.7069029],[-85.0287992,39.71281174],[-85.0798063,39.71710822],[-85.1308134,39.71899139],[-85.1818205,39.71852562],[-85.2328275,39.7149593],[-85.2838346,39.70837429],[-85.3348417,39.69965698],[-85.3858488,39.6898186],[-85.4154952,39.68350677],[-85.4368559,39.67915538],[-85.4878629,39.66777377],[-85.53887,39.65616074],[-85.5898771,39.64432116],[-85.6408842,39.63410965],[-85.6471276,39.63249969],[-85.6918913,39.62065388],[-85.7428983,39.60867407],[-85.7939054,39.59662129],[-85.8449125,39.58467819],[-85.8575984,39.58149264],[-85.8959196,39.57165323],[-85.9469267,39.55830699],[-85.9979337,39.54463396],[-86.0489408,39.53163231],[-86.052603,39.53048556],[-86.0999479,39.51475105],[-86.1509549,39.49843562],[-86.201962,39.48153529],[-86.2077674,39.47947847],[-86.2529691,39.46268511],[-86.3039762,39.44333668],[-86.3418817,39.42847139],[-86.3549833,39.42306843],[-86.4059903,39.40097121],[-86.4569974,39.3788324],[-86.4601113,39.37746431],[-86.5080045,39.35525725],[-86.5590116,39.33125373],[-86.5689839,39.32645723],[-86.6100187,39.30556431],[-86.6610257,39.27867224],[-86.6668685,39.27545014],[-86.7120328,39.24898654],[-86.7517986,39.22444309],[-86.7630399,39.21707319],[-86.814047,39.18140367],[-86.8247004,39.17343601],[-86.8650541,39.14122566],[-86.8865495,39.12242893],[-86.9160611,39.09489392],[-86.9390927,39.07142184],[-86.9670682,39.04102041],[-86.9841816,39.02041476],[-87.0180753,38.97670398],[-87.0231715,38.96940768],[-87.0565543,38.91840059],[-87.0690824,38.89792791],[-87.0856643,38.86739354],[-87.1113423,38.81638646],[-87.1200894,38.79780621],[-87.1335231,38.76537938],[-87.1528848,38.71437229],[-87.1698741,38.66336521],[-87.1710965,38.65961858],[-87.1844345,38.61235813],[-87.1963909,38.56135108],[-87.2064457,38.51034399],[-87.2145032,38.45933691],[-87.220509,38.40832983],[-87.2221036,38.38763922],[-87.2238949,38.35732275],[-87.2249379,38.30631566],[-87.2240089,38.25530858],[-87.2221036,38.22184217],[-87.2209426,38.20430153],[-87.2155524,38.15329445],[-87.2084369,38.10228736],[-87.2001489,38.05128028],[-87.1905897,38.0002732],[-87.1798773,37.94926612],[-87.172605,37.89825903],[-87.2062423,37.84725198],[-87.2148898,37.7962449],[-87.2087929,37.74523782],[-87.2070987,37.69423073],[-87.2112126,37.64322365],[-87.2179064,37.59221657],[-87.2221036,37.56639068],[-87.2259905,37.54120952],[-87.235914,37.49020243],[-87.2467222,37.43919535],[-87.2575194,37.38818827],[-87.2674253,37.33718118],[-87.2731107,37.30332705],[-87.2765009,37.2861741],[-87.284948,37.23516702],[-87.2914633,37.18415997],[-87.2964176,37.13315288],[-87.3005373,37.0821458],[-87.304995,37.03113872],[-87.311041,36.98013164],[-87.319304,36.92912455],[-87.3241178,36.91641913],[-87.3447035,36.87811747],[-87.3751248,36.86730448],[-87.4261319,36.85801789],[-87.477139,36.85144486],[-87.528146,36.83680898],[-87.5574146,36.82711042],[-87.5791531,36.81959238],[-87.6301602,36.8043082],[-87.6811673,36.79102836],[-87.7321744,36.7802497],[-87.7573555,36.77610334],[-87.7831814,36.77229497],[-87.8341885,36.76400396],[-87.8851956,36.75368636],[-87.9362027,36.74113487],[-87.9872098,36.72664406],[-87.9939248,36.72509625],[-88.0382168,36.7159936],[-88.0892239,36.70860211],[-88.140231,36.70411062],[-88.1912381,36.70286422],[-88.2422452,36.70539516],[-88.2932522,36.71267033],[-88.3415892,36.72509625],[-88.3442593,36.72595124],[-88.3952664,36.74823634],[-88.4462735,36.77555274],[-88.4471828,36.77610334],[-88.4972806,36.816051],[-88.5099749,36.82711042],[-88.5482876,36.87361083],[-88.5518698,36.87811747],[-88.5798296,36.92912455],[-88.5970562,36.98013164],[-88.5992947,36.99408521],[-88.6050857,37.03113872],[-88.6059339,37.0821458],[-88.6017898,37.13315288],[-88.5992947,37.14956642],[-88.5941284,37.18415997],[-88.5832136,37.23516702],[-88.5681226,37.2861741],[-88.5482876,37.33536704],[-88.5475079,37.33718118],[-88.5224881,37.38818827],[-88.4972806,37.42811296],[-88.4898205,37.43919535],[-88.4500403,37.49020243],[-88.4462735,37.49456997],[-88.4045933,37.54120952],[-88.3952664,37.55081905],[-88.3531818,37.59221657],[-88.3442593,37.60079365],[-88.297576,37.64322365],[-88.2932522,37.64721715],[-88.2432367,37.69423073],[-88.2422452,37.69522231],[-88.196809,37.74523782],[-88.1912381,37.7530441],[-88.1666731,37.7962449],[-88.1497387,37.84725198],[-88.1436972,37.89825903],[-88.1468136,37.94926612],[-88.1572787,38.0002732],[-88.1715806,38.05128028],[-88.1880309,38.10228736],[-88.1912381,38.11075017],[-88.209996,38.15329445],[-88.2349497,38.20430153],[-88.2422452,38.21669666],[-88.2695474,38.25530858],[-88.2932522,38.29165597],[-88.3044834,38.30631566],[-88.3442593,38.35467043],[-88.3466748,38.35732275],[-88.3927794,38.40832983],[-88.3952664,38.4112589],[-88.4371023,38.45933691],[-88.4462735,38.47163315],[-88.4808251,38.51034399],[-88.4972806,38.53349644],[-88.5236627,38.56135108],[-88.5482876,38.59924874],[-88.5612218,38.61235813],[-88.5911628,38.66336521],[-88.5992947,38.69559099],[-88.6091728,38.71437229],[-88.6027057,38.76537938],[-88.5992947,38.76754835],[-88.5482876,38.80900485],[-88.5408142,38.81638646],[-88.4972806,38.82931795],[-88.4462735,38.8473272],[-88.3952664,38.86471531],[-88.3883031,38.86739354],[-88.3442593,38.88485451],[-88.298563,38.91840059],[-88.2932522,38.92343045],[-88.2526459,38.96940768],[-88.2422452,38.98316116],[-88.2163517,39.02041476],[-88.1912381,39.05965827],[-88.1836993,39.07142184],[-88.1522783,39.12242893],[-88.140231,39.14266679],[-88.116985,39.17343601],[-88.0892239,39.21485906],[-88.0815203,39.22444309],[-88.0458444,39.27545014],[-88.0382168,39.28812631],[-88.0121219,39.32645723],[-87.9872098,39.37252977],[-87.9841571,39.37746431],[-87.9667618,39.42847139],[-87.9638301,39.47947847],[-87.9803405,39.53048556],[-87.9872098,39.54060303],[-88.0239671,39.58149264],[-88.0382168,39.59494565],[-88.0863879,39.63249969],[-88.0892239,39.63452421],[-88.140231,39.66131211],[-88.1912381,39.67958597],[-88.2064505,39.68350677],[-88.2422452,39.69307788],[-88.2932522,39.7025746],[-88.3442593,39.70837307],[-88.3952664,39.71088416],[-88.4462735,39.71023556],[-88.4972806,39.7062311],[-88.5482876,39.69883382],[-88.5992947,39.68726179],[-88.61141,39.68350677],[-88.6503018,39.67105197],[-88.7013089,39.64837283],[-88.7336067,39.63249969],[-88.752316,39.62197569],[-88.803323,39.59221085],[-88.8220579,39.58149264],[-88.8543301,39.55800448],[-88.8915359,39.53048556],[-88.9053372,39.51548408],[-88.9410326,39.47947847],[-88.9563442,39.44596825],[-88.966004,39.42847139],[-88.9663554,39.37746431],[-88.9563442,39.36032425],[-88.9449397,39.32645723],[-88.9070568,39.27545014],[-88.9053372,39.27424962],[-88.8566257,39.22444309],[-88.8543301,39.2231425],[-88.803323,39.18350461],[-88.7948698,39.17343601],[-88.752316,39.15011039],[-88.7231996,39.12242893],[-88.702411,39.07142184],[-88.7149279,39.02041476],[-88.7275852,38.96940768],[-88.7365398,38.91840059],[-88.752316,38.87354346],[-88.7592234,38.86739354],[-88.7853979,38.81638646],[-88.7943974,38.76537938],[-88.7961665,38.71437229],[-88.8003814,38.66336521],[-88.803323,38.64836468],[-88.8075266,38.61235813],[-88.8171114,38.56135108],[-88.8289229,38.51034399],[-88.8418427,38.45933691],[-88.8543301,38.4148899],[-88.8559912,38.40832983],[-88.8793929,38.35732275],[-88.9053372,38.31338591],[-88.9093662,38.30631566],[-88.932011,38.25530858],[-88.949277,38.20430153],[-88.9563442,38.18502742],[-88.9666275,38.15329445],[-88.9862799,38.10228736],[-89.0073513,38.05781917],[-89.0101901,38.05128028],[-89.0374077,38.0002732],[-89.0583584,37.96813858],[-89.0704718,37.94926612],[-89.1088515,37.89825903],[-89.1093655,37.89765652],[-89.1545284,37.84725198],[-89.1603726,37.84133347],[-89.208713,37.7962449],[-89.2113796,37.79389844],[-89.2623867,37.75399371],[-89.2756775,37.74523782],[-89.3133938,37.72031203],[-89.3601035,37.69423073],[-89.3644009,37.69162582],[-89.4154079,37.66413371],[-89.4594255,37.64322365],[-89.466415,37.63950672],[-89.5174221,37.61682751],[-89.5684292,37.59850511],[-89.5929706,37.59221657],[-89.6194363,37.58524618],[-89.6704433,37.57793214],[-89.7214504,37.57626226],[-89.7724575,37.57969899],[-89.8215093,37.59221657],[-89.8234646,37.59278178],[-89.8744717,37.62446616],[-89.8916113,37.64322365],[-89.9254787,37.67743327],[-89.9348081,37.69423073],[-89.9552286,37.74523782],[-89.9712569,37.7962449],[-89.9764858,37.80242564],[-89.9951728,37.84725198],[-90.0274929,37.89538375],[-90.0291281,37.89825903],[-90.0656967,37.94926612],[-90.0785,37.97378362],[-90.0882065,38.0002732],[-90.0976311,38.05128028],[-90.1006738,38.10228736],[-90.0996834,38.15329445],[-90.0945223,38.20430153],[-90.0848957,38.25530858],[-90.0785,38.2677646],[-90.0499659,38.30631566],[-90.0274929,38.34141907],[-90.0135148,38.35732275],[-89.9800955,38.40832983],[-89.9764858,38.41568333],[-89.9506327,38.45933691],[-89.9317058,38.51034399],[-89.9254787,38.54509817],[-89.9223626,38.56135108],[-89.9222026,38.61235813],[-89.9254787,38.65806039],[-89.9259603,38.66336521],[-89.9293505,38.71437229],[-89.9261485,38.76537938],[-89.9254787,38.76850606],[-89.9176954,38.81638646],[-89.9044079,38.86739354],[-89.8750102,38.91840059],[-89.8744717,38.9190958],[-89.8397903,38.96940768],[-89.8234646,38.99283704],[-89.8030108,39.02041476],[-89.7724575,39.06332626],[-89.7638641,39.07142184],[-89.7245001,39.12242893],[-89.7214504,39.12772946],[-89.6704433,39.13665531],[-89.6194363,39.13050871],[-89.5684292,39.14097838],[-89.5174221,39.1705254],[-89.5137987,39.17343601],[-89.4807864,39.22444309],[-89.466415,39.25677939],[-89.4557457,39.27545014],[-89.456932,39.32645723],[-89.466415,39.34459919],[-89.4880123,39.37746431],[-89.5174221,39.40140117],[-89.5548858,39.42847139],[-89.5684292,39.43503923],[-89.6194363,39.45287058],[-89.6704433,39.47377216],[-89.6838295,39.47947847],[-89.7214504,39.49252261],[-89.7724575,39.51181415],[-89.8117973,39.53048556],[-89.8234646,39.53486605],[-89.8744717,39.55076332],[-89.9254787,39.57116459],[-89.9493964,39.58149264],[-89.9764858,39.59232794],[-90.0274929,39.61504555],[-90.063564,39.63249969],[-90.0785,39.63950125],[-90.1295071,39.66440835],[-90.1657564,39.68350677],[-90.1805141,39.69119946],[-90.2315212,39.71909062],[-90.2593454,39.73451386],[-90.2825283,39.74750552],[-90.3335353,39.77759991],[-90.3465908,39.78552094],[-90.3845425,39.80907594],[-90.4287666,39.83652802],[-90.4355495,39.84088837],[-90.4865566,39.87458215],[-90.5062248,39.88753511],[-90.5375637,39.90895728],[-90.580844,39.93854216],[-90.5885707,39.94403227],[-90.6395778,39.98002279],[-90.6531351,39.98954924],[-90.6905849,40.01659496],[-90.7237589,40.04055632],[-90.741592,40.05361836],[-90.7925991,40.08681584],[-90.7992253,40.09156341],[-90.8436061,40.12569983],[-90.8689121,40.14257049],[-90.8946132,40.15945996],[-90.9456203,40.18806753],[-90.9543602,40.19357757],[-90.9966274,40.2217984],[-91.0359297,40.24458465],[-91.0476345,40.25137069],[-91.0986415,40.27973938],[-91.127349,40.29559171],[-91.1496486,40.30790704],[-91.2006557,40.33575294],[-91.2207966,40.34659879],[-91.2516628,40.3632182],[-91.3026698,40.3904625],[-91.3163077,40.39760587],[-91.3536769,40.41718202],[-91.404684,40.44374804],[-91.4139591,40.44861295],[-91.4556911,40.470149],[-91.5066982,40.49333587],[-91.5181795,40.49962004],[-91.5577052,40.52272304],[-91.6087123,40.54513851],[-91.6187402,40.55062712],[-91.6597194,40.57457969],[-91.7107265,40.59679001],[-91.7195524,40.6016342],[-91.7617336,40.62599249],[-91.8127406,40.64688325],[-91.8240586,40.65264125],[-91.8637477,40.67427666],[-91.9147548,40.69731914],[-91.9292553,40.70364834],[-91.9657618,40.71929833],[-92.0167689,40.74039192],[-92.0511269,40.75465542],[-92.067776,40.76143833],[-92.1187831,40.7817732],[-92.1697902,40.79848148],[-92.1858471,40.8056625],[-92.2207972,40.82251542],[-92.2718043,40.8428466],[-92.307047,40.85666959],[-92.3228114,40.86273298],[-92.3738185,40.88285109],[-92.4248256,40.89928753],[-92.4429208,40.90767667],[-92.4758326,40.9238551],[-92.5268397,40.94458448],[-92.5620824,40.95868372],[-92.5778468,40.96486593],[-92.6288539,40.98586478],[-92.679861,41.00341887],[-92.6923875,41.0096908],[-92.730868,41.03087146],[-92.7818751,41.05487892],[-92.79424,41.06069789],[-92.8328822,41.07853099],[-92.8838893,41.10403074],[-92.8986676,41.11170497],[-92.9348964,41.13016355],[-92.9859034,41.15700489],[-92.9961375,41.16271205],[-93.0369105,41.1850174],[-93.0879176,41.20854155],[-93.0962527,41.21371913],[-93.1389247,41.24276377],[-93.1753001,41.26472622],[-93.1899317,41.2733969],[-93.2409388,41.30339347],[-93.2613738,41.31573327],[-93.2919459,41.3284852]],[[-88.2071426,38.66336521],[-88.2018757,38.71437229],[-88.1912381,38.72322322],[-88.140231,38.76337698],[-88.1377116,38.76537938],[-88.0892239,38.80914686],[-88.0703451,38.81638646],[-88.0382168,38.82770518],[-87.9872098,38.83965087],[-87.9362027,38.84567706],[-87.8851956,38.84263236],[-87.8341885,38.82974131],[-87.8061034,38.81638646],[-87.7831814,38.80475485],[-87.7334045,38.76537938],[-87.7321744,38.76438398],[-87.6892139,38.71437229],[-87.6811673,38.70485977],[-87.6558585,38.66336521],[-87.6301602,38.6220325],[-87.6255676,38.61235813],[-87.5987235,38.56135108],[-87.5791531,38.52577894],[-87.5723289,38.51034399],[-87.5476207,38.45933691],[-87.528146,38.42083395],[-87.5227907,38.40832983],[-87.4987139,38.35732275],[-87.477139,38.31221846],[-87.4746131,38.30631566],[-87.4502102,38.25530858],[-87.4263153,38.20430153],[-87.4261319,38.2039595],[-87.401015,38.15329445],[-87.3781035,38.10228736],[-87.3751248,38.09627291],[-87.3536391,38.05128028],[-87.330308,38.0002732],[-87.3241178,37.98624984],[-87.3075098,37.94926612],[-87.3069254,37.89825903],[-87.3241178,37.88519762],[-87.3751248,37.86113474],[-87.4261319,37.84910261],[-87.4456845,37.84725198],[-87.477139,37.82492363],[-87.528146,37.80552751],[-87.556237,37.7962449],[-87.5791531,37.76905436],[-87.6012524,37.74523782],[-87.6301602,37.71576246],[-87.6811673,37.69570941],[-87.7321744,37.69595722],[-87.7831814,37.71560331],[-87.8124557,37.74523782],[-87.8341885,37.76115971],[-87.8587612,37.7962449],[-87.8851956,37.83300507],[-87.8923878,37.84725198],[-87.9195016,37.89825903],[-87.9362027,37.93143761],[-87.9441107,37.94926612],[-87.9668828,38.0002732],[-87.9872098,38.0486693],[-87.9882902,38.05128028],[-88.0096871,38.10228736],[-88.0301295,38.15329445],[-88.0382168,38.17376087],[-88.0510017,38.20430153],[-88.0719124,38.25530858],[-88.0884292,38.30631566],[-88.0892239,38.31050211],[-88.0995311,38.35732275],[-88.1101538,38.40832983],[-88.1227517,38.45933691],[-88.1379502,38.51034399],[-88.140231,38.51811279],[-88.1583343,38.56135108],[-88.1855255,38.61235813],[-88.1912381,38.62457648],[-88.2071426,38.66336521]],[[-90.0700355,38.15329445],[-90.0634778,38.20430153],[-90.0438319,38.25530858],[-90.0274929,38.27704537],[-89.9929351,38.30631566],[-89.9764858,38.32527487],[-89.9386268,38.35732275],[-89.9254787,38.37264382],[-89.8835055,38.40832983],[-89.8744717,38.41995537],[-89.8256237,38.45933691],[-89.8234646,38.4629968],[-89.7724575,38.49088664],[-89.7465455,38.45933691],[-89.7214504,38.44340757],[-89.693568,38.40832983],[-89.6704433,38.38374063],[-89.642987,38.35732275],[-89.6194363,38.33103257],[-89.5684292,38.30683519],[-89.5174221,38.3070891],[-89.466415,38.31570261],[-89.4154079,38.32613646],[-89.3710001,38.30631566],[-89.3644009,38.27002316],[-89.3626084,38.25530858],[-89.3644009,38.2203189],[-89.3657835,38.20430153],[-89.3849314,38.15329445],[-89.4154079,38.11455575],[-89.4312726,38.10228736],[-89.466415,38.08451156],[-89.5174221,38.07252615],[-89.5684292,38.07169852],[-89.6194363,38.07869366],[-89.6704433,38.08535703],[-89.7214504,38.07703091],[-89.7724575,38.05896493],[-89.7857715,38.05128028],[-89.8234646,38.03332104],[-89.8744717,38.00756756],[-89.8913253,38.0002732],[-89.9254787,37.98587677],[-89.9764858,37.97976906],[-90.0140767,38.0002732],[-90.0274929,38.00722284],[-90.0486615,38.05128028],[-90.064402,38.10228736],[-90.0700355,38.15329445]],[[-89.5989714,38.51034399],[-89.586701,38.56135108],[-89.5684292,38.5835106],[-89.5217216,38.61235813],[-89.5174221,38.61351578],[-89.5098494,38.61235813],[-89.466415,38.60392349],[-89.4154079,38.58211062],[-89.3897426,38.56135108],[-89.3644009,38.52074301],[-89.3557244,38.51034399],[-89.3644009,38.46397407],[-89.3653505,38.45933691],[-89.4154079,38.43140824],[-89.466415,38.41495537],[-89.5174221,38.41359692],[-89.5684292,38.44185811],[-89.585528,38.45933691],[-89.5989714,38.51034399]],[[-89.8212829,38.71437229],[-89.8177708,38.76537938],[-89.8011844,38.81638646],[-89.7788716,38.86739354],[-89.7724575,38.87820397],[-89.7397503,38.91840059],[-89.7214504,38.93407509],[-89.6704433,38.92754934],[-89.6485903,38.91840059],[-89.6194363,38.90500735],[-89.5684292,38.87871348],[-89.5475057,38.86739354],[-89.5174221,38.84394187],[-89.4794711,38.81638646],[-89.466415,38.79710146],[-89.4385251,38.76537938],[-89.4279595,38.71437229],[-89.466415,38.6641777],[-89.4872234,38.66336521],[-89.5174221,38.6632488],[-89.5192589,38.66336521],[-89.5684292,38.66878294],[-89.5819623,38.66336521],[-89.6194363,38.64535671],[-89.6704433,38.61328731],[-89.6729275,38.61235813],[-89.7214504,38.57653214],[-89.7724575,38.57047034],[-89.7932899,38.61235813],[-89.813878,38.66336521],[-89.8212829,38.71437229]]]}},
{"type":"Feature","properties":{"Lower":110.0},"geometry":{"type":"Polygon","coordinates":[[[-89.5989714,38.51034399],[-89.586701,38.56135108],[-89.5684292,38.5835106],[-89.5217216,38.61235813],[-89.5174221,38.61351578],[-89.5098494,38.61235813],[-89.466415,38.60392349],[-89.4154079,38.58211062],[-89.3897426,38.56135108],[-89.3644009,38.52074301],[-89.3557244,38.51034399],[-89.3644009,38.46397407],[-89.3653505,38.45933691],[-89.4154079,38.43140824],[-89.466415,38.41495537],[-89.5174221,38.41359692],[-89.5684292,38.44185811],[-89.585528,38.45933691],[-89.5989714,38.51034399]]]}},
{"type":"Feature","properties":{"Lower":110.0},"geometry":{"type":"Polygon","coordinates":[[[-75.7378956,38.51034399],[-75.7269161,38.56135108],[-75.694504,38.58214843],[-75.6434969,38.58329812],[-75.5924898,38.58045151],[-75.5414827,38.5807813],[-75.4904756,38.58226546],[-75.4394686,38.58382507],[-75.3884615,38.58549056],[-75.3374544,38.58652836],[-75.2864473,38.58725783],[-75.2354402,38.58797481],[-75.1844332,38.58866713],[-75.1334261,38.58944454],[-75.082419,38.59059026],[-75.0314119,38.5918886],[-74.9804048,38.59361306],[-74.9293978,38.59550174],[-74.8783907,38.59728333],[-74.8273836,38.59909269],[-74.8146302,38.56135108],[-74.8146283,38.51034399],[-74.8146268,38.45933691],[-74.8273836,38.44658004],[-74.8656325,38.40832983],[-74.8656315,38.35732275],[-74.865631,38.30631566],[-74.8656309,38.25530858],[-74.8656312,38.20430153],[-74.8783907,38.191542],[-74.9166395,38.15329445],[-74.9166414,38.10228736],[-74.9166444,38.05128028],[-74.9293978,38.0294013],[-74.9804048,38.04267832],[-75.014479,38.05128028],[-75.0314119,38.05623341],[-75.082419,38.07079531],[-75.1334261,38.08454974],[-75.1844332,38.09770371],[-75.2023919,38.10228736],[-75.2354402,38.11193523],[-75.2864473,38.12641358],[-75.3374544,38.14032747],[-75.384574,38.15329445],[-75.3884615,38.15450235],[-75.4394686,38.17151495],[-75.4904756,38.18857572],[-75.5353235,38.20430153],[-75.5414827,38.20668692],[-75.5924898,38.22917546],[-75.6434969,38.25443007],[-75.6448282,38.25530858],[-75.694504,38.29421137],[-75.7039225,38.30631566],[-75.7251632,38.35732275],[-75.7351311,38.40832983],[-75.7368819,38.45933691],[-75.7378956,38.51034399]]]}},
{"type":"Feature","properties":{"Lower":110.0},"geometry":{"type":"Polygon","coordinates":[[[-90.9073673,45.4473066],[-90.8946132,45.46006069],[-90.8563686,45.49831368],[-90.8436061,45.51107613],[-90.8053669,45.54932077],[-90.7925991,45.56208859],[-90.7543631,45.60032785],[-90.741592,45.61309893],[-90.7033578,45.65133493],[-90.6905849,45.66410779],[-90.6395778,45.66410829],[-90.6013447,45.70234201],[-90.5885707,45.71511594],[-90.5375637,45.71511607],[-90.4993307,45.75334907],[-90.4865566,45.76612321],[-90.4355495,45.76612321],[-90.3845425,45.76612321],[-90.3335353,45.76612318],[-90.2825283,45.76612309],[-90.2315212,45.76612287],[-90.1805141,45.76612255],[-90.1295071,45.76612202],[-90.0785,45.76612127],[-90.0274929,45.76612027],[-90.0147217,45.75334907],[-89.9764858,45.71511156],[-89.9254787,45.71510981],[-89.8744717,45.71510762],[-89.8234646,45.71510502],[-89.7724575,45.71510195],[-89.7214504,45.71509839],[-89.7086941,45.70234201],[-89.6765665,45.65133493],[-89.688683,45.60032785],[-89.700568,45.54932077],[-89.7121373,45.49831368],[-89.7214504,45.45720913],[-89.7238893,45.4473066],[-89.7367088,45.39629952],[-89.7527525,45.34529247],[-89.7711416,45.29428538],[-89.7724575,45.29080409],[-89.7914516,45.2432783],[-89.8128648,45.19227122],[-89.8234646,45.16997904],[-89.8379213,45.14126414],[-89.8687591,45.09025705],[-89.8744717,45.08275206],[-89.9102922,45.03924997],[-89.9254787,45.02540204],[-89.9706826,44.98824292],[-89.9764858,44.98481047],[-90.0274929,44.95769804],[-90.0714765,44.93723584],[-90.0785,44.93501617],[-90.1295071,44.92079389],[-90.1805141,44.91035194],[-90.2315212,44.90744912],[-90.2825283,44.91435138],[-90.3335353,44.92322312],[-90.3743399,44.93723584],[-90.3845425,44.94287168],[-90.4355495,44.98309412],[-90.4418937,44.98824292],[-90.4865566,45.03537166],[-90.4906496,45.03924997],[-90.5356918,45.09025705],[-90.5375637,45.09261872],[-90.5806037,45.14126414],[-90.5885707,45.15068506],[-90.6276378,45.19227122],[-90.6395778,45.20541265],[-90.6775872,45.2432783],[-90.6905849,45.25661281],[-90.7312608,45.29428538],[-90.741592,45.30414757],[-90.7893711,45.34529247],[-90.7925991,45.34816024],[-90.8436061,45.38994278],[-90.8521479,45.39629952],[-90.8946132,45.42912296],[-90.9073673,45.4473066]]]}},
{"type":"Feature","properties":{"Lower":110.0},"geometry":{"type":"Polygon","coordinates":[[[-75.7914553,40.6016342],[-75.7898892,40.65264125],[-75.7858205,40.70364834],[-75.7787076,40.75465542],[-75.7675937,40.8056625],[-75.7485318,40.85666959],[-75.745511,40.86255705],[-75.7213412,40.90767667],[-75.694504,40.95004167],[-75.6888603,40.95868372],[-75.6530431,41.0096908],[-75.6434969,41.02288383],[-75.615785,41.06069789],[-75.5924898,41.09213192],[-75.577891,41.11170497],[-75.5414827,41.16137769],[-75.54049,41.16271205],[-75.5054144,41.21371913],[-75.4904756,41.23698705],[-75.4721925,41.26472622],[-75.4402027,41.31573327],[-75.4394686,41.31695888],[-75.4089374,41.36674035],[-75.3884615,41.40076099],[-75.3778861,41.41774743],[-75.346764,41.46875452],[-75.3374544,41.48421374],[-75.3153638,41.5197616],[-75.2864473,41.56620791],[-75.2835211,41.57076868],[-75.251207,41.62177577],[-75.2354402,41.64648006],[-75.2182398,41.67278282],[-75.1848966,41.7237899],[-75.1844332,41.72448632],[-75.1500905,41.77479698],[-75.1334261,41.78755076],[-75.1206723,41.77479698],[-75.082419,41.736554],[-75.0314119,41.73656001],[-75.0186418,41.7237899],[-74.9804048,41.68556297],[-74.9676247,41.67278282],[-74.9293978,41.63456531],[-74.9166082,41.62177577],[-74.8783907,41.58356648],[-74.8783907,41.58352687],[-74.9293978,41.59671921],[-74.9487805,41.57076868],[-74.9804048,41.53018944],[-74.9882882,41.5197616],[-75.0283682,41.46875452],[-75.0314119,41.46501956],[-75.0684331,41.41774743],[-75.082419,41.40073608],[-75.1091989,41.36674035],[-75.1334261,41.33737809],[-75.1504217,41.31573327],[-75.1844332,41.27407815],[-75.1916677,41.26472622],[-75.2320224,41.21371913],[-75.2354402,41.2094675],[-75.2703607,41.16271205],[-75.2864473,41.1416443],[-75.3078771,41.11170497],[-75.3374544,41.07112213],[-75.3447566,41.06069789],[-75.3812823,41.0096908],[-75.3884615,41.00020165],[-75.4190274,40.95868372],[-75.4394686,40.93146542],[-75.4564213,40.90767667],[-75.4894459,40.85666959],[-75.4904756,40.85471441],[-75.5143504,40.8056625],[-75.5314868,40.75465542],[-75.5414827,40.71058055],[-75.5428823,40.70364834],[-75.5484561,40.65264125],[-75.5493855,40.6016342],[-75.5420117,40.55062712],[-75.5414827,40.54902668],[-75.5175425,40.49962004],[-75.4904756,40.46016793],[-75.4797945,40.44861295],[-75.4394686,40.41131708],[-75.4212812,40.39760587],[-75.3884615,40.37414018],[-75.3441561,40.34659879],[-75.3374544,40.34252299],[-75.2864473,40.31532616],[-75.2457569,40.29559171],[-75.2354402,40.29066211],[-75.1844332,40.26881736],[-75.1334261,40.24847529],[-75.1225608,40.24458465],[-75.082419,40.23050942],[-75.0314119,40.21433042],[-74.9804048,40.19972677],[-74.9564033,40.19357757],[-74.9293978,40.18686228],[-74.8783907,40.17459051],[-74.8273836,40.16205588],[-74.7763765,40.14894806],[-74.7528799,40.14257049],[-74.7253694,40.1353906],[-74.6743624,40.12118759],[-74.6233553,40.10555863],[-74.5823099,40.09156341],[-74.5723482,40.08828877],[-74.5595963,40.09156341],[-74.5595566,40.09156341],[-74.5595595,40.04055632],[-74.5595624,39.98954924],[-74.5595655,39.93854216],[-74.5723482,39.92575947],[-74.6105769,39.88753511],[-74.6105802,39.83652802],[-74.6105835,39.78552094],[-74.6105869,39.73451386],[-74.6105903,39.68350677],[-74.6105937,39.63249969],[-74.6233553,39.61973806],[-74.6616053,39.58149264],[-74.6616084,39.53048556],[-74.6743624,39.49254333],[-74.7253694,39.51506582],[-74.7618595,39.53048556],[-74.7763765,39.53620013],[-74.8273836,39.55590495],[-74.8783907,39.57543375],[-74.8938743,39.58149264],[-74.9293978,39.59472197],[-74.9804048,39.61427061],[-75.0256666,39.63249969],[-75.0314119,39.63472693],[-75.082419,39.65590943],[-75.1334261,39.67877811],[-75.1430743,39.68350677],[-75.1844332,39.70317207],[-75.2354402,39.73074851],[-75.2416006,39.73451386],[-75.2864473,39.76140292],[-75.3222451,39.78552094],[-75.3374544,39.79559705],[-75.3884615,39.83330736],[-75.3923887,39.83652802],[-75.4394686,39.87419221],[-75.4544298,39.88753511],[-75.4904756,39.91891341],[-75.5107089,39.93854216],[-75.5414827,39.9677564],[-75.5619583,39.98954924],[-75.5924898,40.0214844],[-75.6084954,40.04055632],[-75.6434969,40.08202507],[-75.6504327,40.09156341],[-75.6870605,40.14257049],[-75.694504,40.15329617],[-75.71719,40.19357757],[-75.7421778,40.24458465],[-75.745511,40.25266991],[-75.7588811,40.29559171],[-75.7702382,40.34659879],[-75.7781233,40.39760587],[-75.7840081,40.44861295],[-75.7883076,40.49962004],[-75.7908319,40.55062712],[-75.7914553,40.6016342]]]}},
{"type":"Feature","properties":{"Lower":110.0},"geometry":{"type":"Polygon","coordinates":[[[-98.0993957,32.8485583],[-98.0993957,32.89956539],[-98.0866112,32.91234983],[-98.0483886,32.95057247],[-98.0483886,33.00157955],[-98.0483885,33.05258663],[-98.0483885,33.10359372],[-98.0483884,33.15460077],[-98.0356041,33.16738499],[-97.9973809,33.20560785],[-97.9973806,33.25661493],[-97.9845971,33.26939847],[-97.9463727,33.30762202],[-97.946372,33.3586291],[-97.93359,33.37141107],[-97.8953633,33.40963618],[-97.8825829,33.42241659],[-97.8443541,33.46064327],[-97.8443524,33.51165032],[-97.8315758,33.5244269],[-97.7933422,33.5626574],[-97.7933399,33.61366448],[-97.7805688,33.62643565],[-97.7423292,33.66467157],[-97.7423272,33.71567865],[-97.7295617,33.72844416],[-97.691317,33.76668573],[-97.6785546,33.77944811],[-97.6403053,33.81769278],[-97.6403007,33.86869987],[-97.6275475,33.88145304],[-97.6068018,33.86869987],[-97.5765405,33.85023487],[-97.5255334,33.8233233],[-97.5147924,33.81769278],[-97.4745263,33.79450757],[-97.4235192,33.76985839],[-97.4169031,33.76668573],[-97.3725122,33.74264269],[-97.3215051,33.71988131],[-97.3116614,33.71567865],[-97.270498,33.69476139],[-97.2194909,33.67343791],[-97.19586,33.66467157],[-97.1684838,33.65174612],[-97.1174768,33.6314309],[-97.0664697,33.61569498],[-97.059149,33.61366448],[-97.0154626,33.59657574],[-96.9644555,33.58166376],[-96.9134484,33.57127141],[-96.8624414,33.56443452],[-96.8414363,33.5626574],[-96.8114343,33.55576011],[-96.7604272,33.54920019],[-96.7094201,33.54943198],[-96.658413,33.52825295],[-96.6536736,33.51165032],[-96.6380557,33.46064327],[-96.607406,33.42811204],[-96.5563989,33.41579364],[-96.5053918,33.44585114],[-96.4911132,33.46064327],[-96.4543847,33.50425012],[-96.4493825,33.51165032],[-96.4192081,33.5626574],[-96.4033776,33.59322015],[-96.3846339,33.61366448],[-96.3523706,33.66228251],[-96.3485361,33.66467157],[-96.3030297,33.71567865],[-96.3013635,33.71863948],[-96.269404,33.76668573],[-96.2503564,33.80086412],[-96.2398439,33.81769278],[-96.2100136,33.86869987],[-96.1993494,33.88655869],[-96.1772152,33.91970695],[-96.1483423,33.96078525],[-96.1404566,33.97071403],[-96.098941,34.02172111],[-96.0973352,34.02357437],[-96.0477295,34.0727282],[-96.0463281,34.07409322],[-95.995321,34.11794363],[-95.9875244,34.12373528],[-95.944314,34.15531833],[-95.9131101,34.17474233],[-95.8933069,34.18697145],[-95.8422998,34.21405856],[-95.8155346,34.22574941],[-95.7912927,34.23654479],[-95.7402856,34.25378883],[-95.6892786,34.2654125],[-95.6382715,34.27158902],[-95.5872644,34.27203988],[-95.5362573,34.26596341],[-95.4852503,34.25237343],[-95.4342432,34.22914403],[-95.4289921,34.22574941],[-95.3832361,34.19208989],[-95.3662781,34.17474233],[-95.332229,34.13175864],[-95.3274556,34.12373528],[-95.3038784,34.0727282],[-95.287233,34.02172111],[-95.2812219,33.99742247],[-95.2756116,33.97071403],[-95.2675951,33.91970695],[-95.2619883,33.86869987],[-95.2596054,33.81769278],[-95.25986,33.76668573],[-95.2630091,33.71567865],[-95.2684513,33.66467157],[-95.2756276,33.61366448],[-95.2812219,33.58036752],[-95.2842218,33.5626574],[-95.2942335,33.51165032],[-95.3052253,33.46064327],[-95.3170844,33.40963618],[-95.3300109,33.3586291],[-95.332229,33.3505312],[-95.3441845,33.30762202],[-95.3596918,33.25661493],[-95.3766746,33.20560785],[-95.3832361,33.18777403],[-95.3958459,33.15460077],[-95.4179593,33.10359372],[-95.4342432,33.07128016],[-95.4442548,33.05258663],[-95.4778636,33.00157955],[-95.4852503,32.99269623],[-95.5268273,32.95057247],[-95.5362573,32.94154117],[-95.5844691,32.89956539],[-95.5872644,32.89644956],[-95.6314936,32.8485583],[-95.6382715,32.83798749],[-95.6641987,32.79755122],[-95.6892786,32.75554496],[-95.6956448,32.74654417],[-95.7344025,32.69553709],[-95.7402856,32.68772082],[-95.779213,32.64453],[-95.7912927,32.63143914],[-95.8404003,32.59352292],[-95.8422998,32.59208965],[-95.8933069,32.57105788],[-95.944314,32.57095665],[-95.995321,32.59173973],[-95.9973368,32.59352292],[-96.0463281,32.63525643],[-96.0524351,32.64453],[-96.0869274,32.69553709],[-96.0973352,32.71007868],[-96.1126136,32.74654417],[-96.1350108,32.79755122],[-96.1483423,32.82212417],[-96.1560332,32.8485583],[-96.1728786,32.89956539],[-96.1910901,32.95057247],[-96.1993494,32.97462058],[-96.2027375,33.00157955],[-96.2061931,33.05258663],[-96.2503564,33.08853519],[-96.3013635,33.09176465],[-96.3416995,33.10359372],[-96.3523706,33.10593789],[-96.4033776,33.12185146],[-96.4543847,33.14027544],[-96.5053918,33.15230168],[-96.5563989,33.14456772],[-96.607406,33.124637],[-96.6446452,33.10359372],[-96.658413,33.09675783],[-96.7094201,33.06860951],[-96.7335484,33.05258663],[-96.7604272,33.02855864],[-96.7869125,33.00157955],[-96.8114343,32.96225484],[-96.8186941,32.95057247],[-96.8415369,32.89956539],[-96.8578962,32.8485583],[-96.8624414,32.82902666],[-96.8702641,32.79755122],[-96.8797708,32.74654417],[-96.8871615,32.69553709],[-96.893118,32.64453],[-96.898219,32.59352292],[-96.9029732,32.54251584],[-96.9073768,32.49150875],[-96.9115707,32.4405017],[-96.9134484,32.41565256],[-96.9155677,32.38949462],[-96.9193199,32.33848754],[-96.9226815,32.28748045],[-96.925609,32.23647337],[-96.9279188,32.18546629],[-96.9299506,32.13445921],[-96.9317491,32.08345215],[-96.9644555,32.07069635],[-97.0154626,32.07069065],[-97.0664697,32.07068564],[-97.1174768,32.07068142],[-97.1302475,32.08345215],[-97.1684838,32.1216849],[-97.2194909,32.12168212],[-97.270498,32.1216799],[-97.3215051,32.12167824],[-97.3725122,32.12167702],[-97.4235192,32.12167614],[-97.4745263,32.12167555],[-97.5255334,32.12167517],[-97.5383174,32.13445921],[-97.5765405,32.172682],[-97.6275475,32.17268191],[-97.6403319,32.18546629],[-97.6785546,32.22368896],[-97.7295617,32.22368893],[-97.7423461,32.23647337],[-97.7805688,32.27469601],[-97.7933532,32.28748045],[-97.8315758,32.3257031],[-97.8443603,32.33848754],[-97.8825829,32.37671018],[-97.8953674,32.38949462],[-97.93359,32.42771726],[-97.9463745,32.4405017],[-97.9845971,32.47872435],[-97.9973815,32.49150875],[-97.9973815,32.54251584],[-97.9973815,32.59352292],[-98.0356041,32.63174556],[-98.0483886,32.64453],[-98.0483886,32.69553709],[-98.0483886,32.74654417],[-98.0483886,32.79755122],[-98.0866112,32.83577386],[-98.0993957,32.8485583]],[[-96.4987824,33.30762202],[-96.488333,33.3586291],[-96.4543847,33.40547186],[-96.4515907,33.40963618],[-96.4062521,33.46064327],[-96.4033776,33.46486201],[-96.3752062,33.51165032],[-96.3523706,33.54100604],[-96.3013635,33.552822],[-96.2503564,33.55416061],[-96.1993494,33.55508932],[-96.1483423,33.55554113],[-96.0973352,33.55404004],[-96.0463281,33.54780209],[-95.995321,33.531616],[-95.9628385,33.51165032],[-95.944314,33.48166226],[-95.9327764,33.46064327],[-95.9224221,33.40963618],[-95.9215343,33.3586291],[-95.9274594,33.30762202],[-95.9435989,33.25661493],[-95.944314,33.25553098],[-95.9840734,33.20560785],[-95.995321,33.20068893],[-96.0463281,33.19367564],[-96.0881067,33.20560785],[-96.0973352,33.20756381],[-96.0993313,33.20560785],[-96.1483423,33.17729324],[-96.1740465,33.15460077],[-96.1993494,33.14286126],[-96.2503564,33.12829084],[-96.3013635,33.13134771],[-96.3523706,33.1474312],[-96.3678107,33.15460077],[-96.4033776,33.17572663],[-96.445907,33.20560785],[-96.4543847,33.21689837],[-96.48818,33.25661493],[-96.4987824,33.30762202]]]}},
{"type":"Feature","properties":{"Lower":110.0},"geometry":{"type":"Polygon","coordinates":[[[-95.3449949,37.84725198],[-95.332229,37.86001783],[-95.2940046,37.89825903],[-95.2812219,37.91104175],[-95.2430126,37.94926612],[-95.242973,37.94926612],[-95.2302149,37.91759998],[-95.1860361,37.89825903],[-95.1792078,37.89534705],[-95.1282007,37.87380374],[-95.0771936,37.85148938],[-95.0676576,37.84725198],[-95.0261865,37.82966863],[-94.9751795,37.80709291],[-94.951753,37.7962449],[-94.9241724,37.78427207],[-94.8731653,37.76088627],[-94.841525,37.74523782],[-94.8221582,37.73648705],[-94.7711511,37.71163957],[-94.7391324,37.69423073],[-94.7201441,37.6851569],[-94.669137,37.65786419],[-94.6456309,37.64322365],[-94.6181299,37.62912866],[-94.5671229,37.59758482],[-94.5595705,37.59221657],[-94.5161158,37.56971764],[-94.4741885,37.54120952],[-94.4651087,37.53681231],[-94.4141016,37.51350856],[-94.3722929,37.49020243],[-94.3630945,37.48580466],[-94.3120875,37.462929],[-94.2610804,37.45086724],[-94.2100733,37.47305032],[-94.1590662,37.48968932],[-94.1572741,37.49020243],[-94.1080591,37.51261462],[-94.0570521,37.5308753],[-94.022817,37.54120952],[-94.006045,37.5493542],[-93.9550379,37.56850495],[-93.9040308,37.58310084],[-93.8619333,37.59221657],[-93.8530237,37.59467906],[-93.8020167,37.60486329],[-93.7510096,37.6113006],[-93.7000025,37.61415163],[-93.6489954,37.61340911],[-93.5979884,37.60879661],[-93.5469813,37.59976584],[-93.5193859,37.59221657],[-93.4959742,37.58612266],[-93.4449671,37.56693561],[-93.3956975,37.54120952],[-93.39396,37.54028772],[-93.342953,37.50674079],[-93.3221536,37.49020243],[-93.2919459,37.46527415],[-93.2642187,37.43919535],[-93.2409388,37.41613647],[-93.2154565,37.38818827],[-93.1899317,37.35820162],[-93.1733046,37.33718118],[-93.1389247,37.2898711],[-93.1363889,37.2861741],[-93.1041414,37.23516702],[-93.0879176,37.20561775],[-93.0765682,37.18415997],[-93.0544197,37.13315288],[-93.0373416,37.0821458],[-93.0369105,37.08045151],[-93.0243291,37.03113872],[-93.0179126,36.98013164],[-93.0169316,36.92912455],[-93.0197378,36.87811747],[-93.0248596,36.82711042],[-93.0317356,36.77610334],[-93.0369105,36.74394822],[-93.0399697,36.72509625],[-93.0492371,36.67408917],[-93.0591015,36.62308209],[-93.0694446,36.572075],[-93.0799292,36.52106795],[-93.0879176,36.48246654],[-93.0905247,36.47006087],[-93.101119,36.41905379],[-93.1114599,36.3680467],[-93.1214105,36.31703962],[-93.1309114,36.26603254],[-93.1389247,36.22010144],[-93.1398295,36.21502546],[-93.1482099,36.1640184],[-93.1556967,36.11301132],[-93.1622025,36.06200424],[-93.1676486,36.01099716],[-93.1719073,35.95999007],[-93.1748711,35.90898299],[-93.1763797,35.85797591],[-93.176054,35.80696886],[-93.1737761,35.75596177],[-93.1690922,35.70495469],[-93.1615038,35.65394761],[-93.149971,35.60294052],[-93.1389247,35.56789242],[-93.1339684,35.55193344],[-93.1131456,35.50092639],[-93.0879176,35.45278532],[-93.0864305,35.44991931],[-93.0537053,35.39891222],[-93.0369105,35.37747813],[-93.013931,35.34790514],[-92.9859034,35.31782571],[-92.9665324,35.29689806],[-92.9348964,35.26794195],[-92.9109627,35.24589098],[-92.8838893,35.22447844],[-92.8466541,35.19488389],[-92.8328822,35.18538182],[-92.7818751,35.14993679],[-92.7732193,35.14387684],[-92.730868,35.11791827],[-92.6901297,35.09286976],[-92.679861,35.08730755],[-92.6288539,35.05932346],[-92.5971865,35.04186268],[-92.5778468,35.03240069],[-92.5268397,35.00721799],[-92.4938752,34.99085559],[-92.4758326,34.98274946],[-92.4248256,34.95968942],[-92.3808513,34.93984851],[-92.3738185,34.93691437],[-92.3228114,34.91538668],[-92.2718043,34.89393509],[-92.2598314,34.88884143],[-92.2207972,34.87337904],[-92.1697902,34.85311639],[-92.1314834,34.83783434],[-92.1187831,34.83309226],[-92.067776,34.8138486],[-92.0167689,34.79456241],[-91.9965363,34.78682729],[-91.9657618,34.77576746],[-91.9147548,34.75731176],[-91.8637477,34.73878051],[-91.8557314,34.73582021],[-91.8127406,34.72086696],[-91.7617336,34.70302641],[-91.7107265,34.68507952],[-91.7099835,34.68481313],[-91.6597194,34.66783879],[-91.6087123,34.65051189],[-91.5600427,34.63380604],[-91.5577052,34.63304985],[-91.5066982,34.61622056],[-91.4556911,34.59920132],[-91.4075305,34.58279896],[-91.404684,34.58188793],[-91.3536769,34.56496902],[-91.3026698,34.54719253],[-91.2654818,34.53179188],[-91.2516628,34.52620301],[-91.2006557,34.48564864],[-91.1952317,34.48078483],[-91.1496486,34.43219108],[-91.1474587,34.42977774],[-91.109564,34.37877066],[-91.0986415,34.35935026],[-91.0746523,34.32776358],[-91.0476345,34.303531],[-90.9966274,34.292186],[-90.9456203,34.29494133],[-90.8946132,34.30752205],[-90.8436061,34.32309046],[-90.8295125,34.32776358],[-90.7925991,34.34194046],[-90.741592,34.36228797],[-90.7025997,34.37877066],[-90.6905849,34.38508421],[-90.6395778,34.41093016],[-90.5992541,34.42977774],[-90.5885707,34.43543903],[-90.5375637,34.46044435],[-90.4921021,34.48078483],[-90.4865566,34.48353697],[-90.4355495,34.50624212],[-90.3845425,34.52734495],[-90.3727821,34.53179188],[-90.3335353,34.54742315],[-90.2825283,34.56613618],[-90.2338262,34.58279896],[-90.2315212,34.58362788],[-90.1805141,34.59983798],[-90.1295071,34.61479777],[-90.0785,34.62854866],[-90.0565808,34.63380604],[-90.0274929,34.64108348],[-89.9764858,34.65233329],[-89.9254787,34.66236824],[-89.8744717,34.67117402],[-89.8234646,34.67869419],[-89.7756735,34.68481313],[-89.7724575,34.68523887],[-89.7214504,34.6898811],[-89.6704433,34.69338155],[-89.6194363,34.69554961],[-89.5684292,34.69625805],[-89.5174221,34.69549438],[-89.466415,34.69317958],[-89.4154079,34.68930356],[-89.3734791,34.68481313],[-89.3644009,34.68376964],[-89.3133938,34.67638359],[-89.2623867,34.66722151],[-89.2113796,34.65612225],[-89.1603726,34.64308306],[-89.1284118,34.63380604],[-89.1093655,34.62781062],[-89.0583584,34.6101362],[-89.0073513,34.59007533],[-88.9903253,34.58279896],[-88.9563442,34.56688239],[-88.9053372,34.54028388],[-88.8904017,34.53179188],[-88.8543301,34.50913489],[-88.8119803,34.48078483],[-88.803323,34.47472221],[-88.752316,34.43801271],[-88.7411229,34.42977774],[-88.7013089,34.39957768],[-88.6744263,34.37877066],[-88.6503018,34.35937792],[-88.6115926,34.32776358],[-88.5992947,34.317386],[-88.551523,34.2767565],[-88.5482876,34.27390052],[-88.4972806,34.22845712],[-88.4942453,34.22574941],[-88.4462735,34.18152293],[-88.4389482,34.17474233],[-88.3952664,34.13258461],[-88.3860605,34.12373528],[-88.3442593,34.08176501],[-88.3351855,34.0727282],[-88.2932522,34.02901788],[-88.2862236,34.02172111],[-88.2422452,33.97404481],[-88.2391347,33.97071403],[-88.1935224,33.91970695],[-88.1912381,33.91701514],[-88.1495737,33.86869987],[-88.140231,33.85733208],[-88.1071163,33.81769278],[-88.0892239,33.79516516],[-88.0661294,33.76668573],[-88.0382168,33.73058218],[-88.0263967,33.71567865],[-87.9887381,33.66467157],[-87.9872098,33.66261156],[-87.9490073,33.61366448],[-87.9362027,33.59598159],[-87.9113208,33.5626574],[-87.8851956,33.5261477],[-87.8744396,33.51165032],[-87.8379025,33.46064327],[-87.8341885,33.45526518],[-87.8015064,33.40963618],[-87.7831814,33.38319386],[-87.7654995,33.3586291],[-87.7321744,33.31039065],[-87.7301848,33.30762202],[-87.6944798,33.25661493],[-87.6811673,33.23707687],[-87.65885,33.20560785],[-87.6301602,33.16395514],[-87.6234069,33.15460077],[-87.587453,33.10359372],[-87.5791531,33.09152144],[-87.5512208,33.05258663],[-87.528146,33.01941644],[-87.5151737,33.00157955],[-87.4797434,32.95057247],[-87.477139,32.94674003],[-87.443981,32.89956539],[-87.4261319,32.87240398],[-87.4100954,32.8485583],[-87.3777732,32.79755122],[-87.3751248,32.79310401],[-87.3467611,32.74654417],[-87.3241178,32.70674825],[-87.3175887,32.69553709],[-87.2894103,32.64453],[-87.2731107,32.61300609],[-87.2627424,32.59352292],[-87.2374472,32.54251584],[-87.2221036,32.50939618],[-87.2135756,32.49150875],[-87.1907622,32.4405017],[-87.1710965,32.39591732],[-87.1682646,32.38949462],[-87.1492654,32.33848754],[-87.1304692,32.28748045],[-87.1200894,32.25732908],[-87.1126665,32.23647337],[-87.095922,32.18546629],[-87.0806668,32.13445921],[-87.0690824,32.09221415],[-87.0665858,32.08345215],[-87.0530707,32.03244507],[-87.0410527,31.98143799],[-87.0303599,31.93043091],[-87.0207404,31.87942382],[-87.0180753,31.86359487],[-87.0119001,31.82841674],[-87.0040599,31.77740966],[-86.9670682,31.76465682],[-86.9670682,31.76461717],[-87.0180753,31.76461868],[-87.0690824,31.76462027],[-87.1200894,31.76462193],[-87.1710965,31.76462371],[-87.2221036,31.76462559],[-87.2731107,31.76462756],[-87.3241178,31.76462966],[-87.3751248,31.76463182],[-87.4261319,31.7646341],[-87.477139,31.76463651],[-87.528146,31.76463902],[-87.5791531,31.76464165],[-87.6301602,31.76464437],[-87.6811673,31.76464722],[-87.7321744,31.76465019],[-87.7831814,31.76465326],[-87.8341885,31.76465648],[-87.8469417,31.77740966],[-87.8693833,31.82841674],[-87.8837426,31.87942382],[-87.8851956,31.884326],[-87.8985391,31.93043091],[-87.9143125,31.98143799],[-87.9311493,32.03244507],[-87.9362027,32.04700469],[-87.9485532,32.08345215],[-87.9668778,32.13445921],[-87.9863565,32.18546629],[-87.9872098,32.18761517],[-88.0061456,32.23647337],[-88.0271934,32.28748045],[-88.0382168,32.31293293],[-88.0490475,32.33848754],[-88.0716659,32.38949462],[-88.0892239,32.4269765],[-88.0954389,32.4405017],[-88.1196044,32.49150875],[-88.140231,32.53409593],[-88.1442037,32.54251584],[-88.168617,32.59352292],[-88.1912381,32.63953326],[-88.1936208,32.64453],[-88.2182632,32.69553709],[-88.2422452,32.74407169],[-88.2434333,32.74654417],[-88.2681842,32.79755122],[-88.2932522,32.84687005],[-88.2940777,32.8485583],[-88.3183679,32.89956539],[-88.3433338,32.95057247],[-88.3442593,32.9523694],[-88.3692633,33.00157955],[-88.3952664,33.0514222],[-88.3958525,33.05258663],[-88.4211348,33.10359372],[-88.4462735,33.1514973],[-88.4478627,33.15460077],[-88.474593,33.20560785],[-88.4972806,33.24751369],[-88.5021106,33.25661493],[-88.5299772,33.30762202],[-88.5482876,33.33991758],[-88.5587793,33.3586291],[-88.5886072,33.40963618],[-88.5992947,33.42723687],[-88.6193984,33.46064327],[-88.6503018,33.50962836],[-88.651566,33.51165032],[-88.6847525,33.5626574],[-88.7013089,33.58702176],[-88.7192909,33.61366448],[-88.752316,33.66010926],[-88.7555454,33.66467157],[-88.7929782,33.71567865],[-88.803323,33.72913022],[-88.8321384,33.76668573],[-88.8543301,33.79428214],[-88.8731558,33.81769278],[-88.9053372,33.85606291],[-88.9159604,33.86869987],[-88.9563442,33.91447591],[-88.9609805,33.91970695],[-89.0073513,33.96992179],[-89.0080881,33.97071403],[-89.0571543,34.02172111],[-89.0583584,34.02290539],[-89.1093655,34.07177117],[-89.1103661,34.0727282],[-89.1603726,34.11845805],[-89.1662562,34.12373528],[-89.2113796,34.16234501],[-89.2263064,34.17474233],[-89.2623867,34.20321926],[-89.2920532,34.22574941],[-89.3133938,34.24113072],[-89.3644009,34.27573281],[-89.3660161,34.2767565],[-89.4154079,34.30543288],[-89.4585097,34.32776358],[-89.466415,34.33154807],[-89.5174221,34.35402688],[-89.5684292,34.37358068],[-89.583624,34.37877066],[-89.6194363,34.39010114],[-89.6704433,34.40392482],[-89.7214504,34.41526074],[-89.7724575,34.42432278],[-89.8125203,34.42977774],[-89.8234646,34.43115397],[-89.8744717,34.43576682],[-89.9254787,34.43837865],[-89.9764858,34.43912773],[-90.0274929,34.43806312],[-90.0785,34.43525831],[-90.1295071,34.43081726],[-90.137854,34.42977774],[-90.1805141,34.4246051],[-90.2315212,34.41679682],[-90.2825283,34.40750491],[-90.3335353,34.39676239],[-90.3845425,34.38465218],[-90.4060557,34.37877066],[-90.4355495,34.37108617],[-90.4865566,34.35623697],[-90.5375637,34.34038814],[-90.57542,34.32776358],[-90.5885707,34.32380366],[-90.6395778,34.30744798],[-90.6905849,34.29157228],[-90.7371863,34.2767565],[-90.741592,34.27545706],[-90.7925991,34.25900479],[-90.8436061,34.24299189],[-90.8946132,34.22805451],[-90.9044864,34.22574941],[-90.9456203,34.21709021],[-90.9966274,34.21259274],[-91.0476345,34.21688553],[-91.0724903,34.22574941],[-91.0986415,34.23793053],[-91.1246911,34.2767565],[-91.1496486,34.32184291],[-91.1528395,34.32776358],[-91.186488,34.37877066],[-91.2006557,34.39620854],[-91.2342364,34.42977774],[-91.2516628,34.44533085],[-91.3026698,34.46698193],[-91.3470218,34.48078483],[-91.3536769,34.48294172],[-91.404684,34.49795659],[-91.4556911,34.51251083],[-91.5066982,34.52690378],[-91.5242768,34.53179188],[-91.5577052,34.541538],[-91.6087123,34.55625769],[-91.6597194,34.57097412],[-91.700804,34.58279896],[-91.7107265,34.58578915],[-91.7617336,34.60091617],[-91.8127406,34.61603237],[-91.8637477,34.63113492],[-91.8729079,34.63380604],[-91.9147548,34.64656993],[-91.9657618,34.66205826],[-92.0167689,34.67749742],[-92.0411546,34.68481313],[-92.067776,34.6931915],[-92.1187831,34.70905022],[-92.1697902,34.7248808],[-92.2052771,34.73582021],[-92.2207972,34.74086117],[-92.2718043,34.75716027],[-92.3228114,34.77342444],[-92.3650985,34.78682729],[-92.3738185,34.78975599],[-92.4248256,34.80658606],[-92.4758326,34.82337139],[-92.519972,34.83783434],[-92.5268397,34.84023435],[-92.5778468,34.85767532],[-92.6288539,34.87509555],[-92.6692954,34.88884143],[-92.679861,34.89270772],[-92.730868,34.91096681],[-92.7818751,34.92924922],[-92.8117087,34.93984851],[-92.8328822,34.9480345],[-92.8838893,34.96747862],[-92.9348964,34.98707586],[-92.9449138,34.99085559],[-92.9859034,35.007881],[-93.0369105,35.02907783],[-93.067748,35.04186268],[-93.0879176,35.05118159],[-93.1389247,35.07451285],[-93.1787419,35.09286976],[-93.1899317,35.09870431],[-93.2409388,35.12502319],[-93.2771186,35.14387684],[-93.2919459,35.15276417],[-93.342953,35.1834437],[-93.3619188,35.19488389],[-93.39396,35.2175473],[-93.433302,35.24589098],[-93.4449671,35.25593435],[-93.4920534,35.29689806],[-93.4959742,35.30107737],[-93.5395687,35.34790514],[-93.5469813,35.35789945],[-93.5773222,35.39891222],[-93.5979884,35.43540406],[-93.6062509,35.44991931],[-93.6280375,35.50092639],[-93.6432956,35.55193344],[-93.6489954,35.58141765],[-93.6532269,35.60294052],[-93.6587097,35.65394761],[-93.660219,35.70495469],[-93.6583971,35.75596177],[-93.6535369,35.80696886],[-93.6489954,35.83771292],[-93.6461448,35.85797591],[-93.6368132,35.90898299],[-93.6255824,35.95999007],[-93.6132559,36.01099716],[-93.6003452,36.06200424],[-93.5979884,36.0708424],[-93.5873632,36.11301132],[-93.5739498,36.1640184],[-93.5599986,36.21502546],[-93.5469813,36.26149107],[-93.5457725,36.26603254],[-93.5315927,36.31703962],[-93.5171813,36.3680467],[-93.5025422,36.41905379],[-93.4959742,36.44170999],[-93.4881569,36.47006087],[-93.474041,36.52106795],[-93.4601257,36.572075],[-93.4465744,36.62308209],[-93.4449671,36.62943397],[-93.4342613,36.67408917],[-93.4228594,36.72509625],[-93.4125608,36.77610334],[-93.4037935,36.82711042],[-93.3969605,36.87811747],[-93.39396,36.91502531],[-93.3928569,36.92912455],[-93.392303,36.98013164],[-93.39396,37.00095593],[-93.396439,37.03113872],[-93.4077231,37.0821458],[-93.4285722,37.13315288],[-93.4449671,37.1582627],[-93.4628392,37.18415997],[-93.4959742,37.21961069],[-93.5120193,37.23516702],[-93.5469813,37.26286034],[-93.5809332,37.2861741],[-93.5979884,37.29614779],[-93.6489954,37.3214166],[-93.6885448,37.33718118],[-93.7000025,37.34114339],[-93.7510096,37.35554282],[-93.8020167,37.36623859],[-93.8530237,37.37376333],[-93.9040308,37.37871004],[-93.9550379,37.38155975],[-94.006045,37.38281213],[-94.0570521,37.38291442],[-94.1080591,37.38188285],[-94.1590662,37.37925138],[-94.2100733,37.37395566],[-94.2610804,37.35818118],[-94.3120875,37.36890271],[-94.3466657,37.38818827],[-94.3630945,37.39703331],[-94.4141016,37.42439556],[-94.4423259,37.43919535],[-94.4651087,37.45102724],[-94.5161158,37.4726576],[-94.5590259,37.49020243],[-94.5671229,37.49334971],[-94.6181299,37.51039567],[-94.669137,37.52829756],[-94.7047762,37.54120952],[-94.7201441,37.54636101],[-94.7711511,37.56282786],[-94.8221582,37.58084271],[-94.8527608,37.59221657],[-94.8731653,37.59930048],[-94.9241724,37.61670306],[-94.9751795,37.63614552],[-94.9930302,37.64322365],[-95.0261865,37.65538517],[-95.0771936,37.67471483],[-95.122905,37.69423073],[-95.1282007,37.69637748],[-95.1792078,37.7165011],[-95.2302149,37.73918694],[-95.243146,37.74523782],[-95.2812219,37.76147389],[-95.332229,37.78540521],[-95.344983,37.7962449],[-95.3449949,37.84725198]]]}},
{"type":"Feature","properties":{"Lower":110.0},"geometry":{"type":"Polygon","coordinates":[[[-93.2919459,41.3284852],[-93.2613738,41.31573327],[-93.2409388,41.30339347],[-93.1899317,41.2733969],[-93.1753001,41.26472622],[-93.1389247,41.24276377],[-93.0962527,41.21371913],[-93.0879176,41.20854155],[-93.0369105,41.1850174],[-92.9961375,41.16271205],[-92.9859034,41.15700489],[-92.9348964,41.13016355],[-92.8986676,41.11170497],[-92.8838893,41.10403074],[-92.8328822,41.07853099],[-92.79424,41.06069789],[-92.7818751,41.05487892],[-92.730868,41.03087146],[-92.6923875,41.0096908],[-92.679861,41.00341887],[-92.6288539,40.98586478],[-92.5778468,40.96486593],[-92.5620824,40.95868372],[-92.5268397,40.94458448],[-92.4758326,40.9238551],[-92.4429208,40.90767667],[-92.4248256,40.89928753],[-92.3738185,40.88285109],[-92.3228114,40.86273298],[-92.307047,40.85666959],[-92.2718043,40.8428466],[-92.2207972,40.82251542],[-92.1858471,40.8056625],[-92.1697902,40.79848148],[-92.1187831,40.7817732],[-92.067776,40.76143833],[-92.0511269,40.75465542],[-92.0167689,40.74039192],[-91.9657618,40.71929833],[-91.9292553,40.70364834],[-91.9147548,40.69731914],[-91.8637477,40.67427666],[-91.8240586,40.65264125],[-91.8127406,40.64688325],[-91.7617336,40.62599249],[-91.7195524,40.6016342],[-91.7107265,40.59679001],[-91.6597194,40.57457969],[-91.6187402,40.55062712],[-91.6087123,40.54513851],[-91.5577052,40.52272304],[-91.5181795,40.49962004],[-91.5066982,40.49333587],[-91.4556911,40.470149],[-91.4139591,40.44861295],[-91.404684,40.44374804],[-91.3536769,40.41718202],[-91.3163077,40.39760587],[-91.3026698,40.3904625],[-91.2516628,40.3632182],[-91.2207966,40.34659879],[-91.2006557,40.33575294],[-91.1496486,40.30790704],[-91.127349,40.29559171],[-91.0986415,40.27973938],[-91.0476345,40.25137069],[-91.0359297,40.24458465],[-90.9966274,40.2217984],[-90.9543602,40.19357757],[-90.9456203,40.18806753],[-90.8946132,40.15945996],[-90.8689121,40.14257049],[-90.8436061,40.12569983],[-90.7992253,40.09156341],[-90.7925991,40.08681584],[-90.741592,40.05361836],[-90.7237589,40.04055632],[-90.6905849,40.01659496],[-90.6531351,39.98954924],[-90.6395778,39.98002279],[-90.5885707,39.94403227],[-90.580844,39.93854216],[-90.5375637,39.90895728],[-90.5062248,39.88753511],[-90.4865566,39.87458215],[-90.4355495,39.84088837],[-90.4287666,39.83652802],[-90.3845425,39.80907594],[-90.3465908,39.78552094],[-90.3335353,39.77759991],[-90.2825283,39.74750552],[-90.2593454,39.73451386],[-90.2315212,39.71909062],[-90.1805141,39.69119946],[-90.1657564,39.68350677],[-90.1295071,39.66440835],[-90.0785,39.63950125],[-90.063564,39.63249969],[-90.0274929,39.61504555],[-89.9764858,39.59232794],[-89.9493964,39.58149264],[-89.9254787,39.57116459],[-89.8744717,39.55076332],[-89.8234646,39.53486605],[-89.8117973,39.53048556],[-89.7724575,39.51181415],[-89.7214504,39.49252261],[-89.6838295,39.47947847],[-89.6704433,39.47377216],[-89.6194363,39.45287058],[-89.5684292,39.43503923],[-89.5548858,39.42847139],[-89.5174221,39.40140117],[-89.4880123,39.37746431],[-89.466415,39.34459919],[-89.456932,39.32645723],[-89.4557457,39.27545014],[-89.466415,39.25677939],[-89.4807864,39.22444309],[-89.5137987,39.17343601],[-89.5174221,39.1705254],[-89.5684292,39.14097838],[-89.6194363,39.13050871],[-89.6704433,39.13665531],[-89.7214504,39.12772946],[-89.7245001,39.12242893],[-89.7638641,39.07142184],[-89.7724575,39.06332626],[-89.8030108,39.02041476],[-89.8234646,38.99283704],[-89.8397903,38.96940768],[-89.8744717,38.9190958],[-89.8750102,38.91840059],[-89.9044079,38.86739354],[-89.9176954,38.81638646],[-89.9254787,38.76850606],[-89.9261485,38.76537938],[-89.9293505,38.71437229],[-89.9259603,38.66336521],[-89.9254787,38.65806039],[-89.9222026,38.61235813],[-89.9223626,38.56135108],[-89.9254787,38.54509817],[-89.9317058,38.51034399],[-89.9506327,38.45933691],[-89.9764858,38.41568333],[-89.9800955,38.40832983],[-90.0135148,38.35732275],[-90.0274929,38.34141907],[-90.0499659,38.30631566],[-90.0785,38.2677646],[-90.0848957,38.25530858],[-90.0945223,38.20430153],[-90.0996834,38.15329445],[-90.1006738,38.10228736],[-90.0976311,38.05128028],[-90.0882065,38.0002732],[-90.0785,37.97378362],[-90.0656967,37.94926612],[-90.0291281,37.89825903],[-90.0274929,37.89538375],[-89.9951728,37.84725198],[-89.9764858,37.80242564],[-89.9712569,37.7962449],[-89.9552286,37.74523782],[-89.9348081,37.69423073],[-89.9254787,37.67743327],[-89.8916113,37.64322365],[-89.8744717,37.62446616],[-89.8234646,37.59278178],[-89.8215093,37.59221657],[-89.7724575,37.57969899],[-89.7214504,37.57626226],[-89.6704433,37.57793214],[-89.6194363,37.58524618],[-89.5929706,37.59221657],[-89.5684292,37.59850511],[-89.5174221,37.61682751],[-89.466415,37.63950672],[-89.4594255,37.64322365],[-89.4154079,37.66413371],[-89.3644009,37.69162582],[-89.3601035,37.69423073],[-89.3133938,37.72031203],[-89.2756775,37.74523782],[-89.2623867,37.75399371],[-89.2113796,37.79389844],[-89.208713,37.7962449],[-89.1603726,37.84133347],[-89.1545284,37.84725198],[-89.1093655,37.89765652],[-89.1088515,37.89825903],[-89.0704718,37.94926612],[-89.0583584,37.96813858],[-89.0374077,38.0002732],[-89.0101901,38.05128028],[-89.0073513,38.05781917],[-88.9862799,38.10228736],[-88.9666275,38.15329445],[-88.9563442,38.18502742],[-88.949277,38.20430153],[-88.932011,38.25530858],[-88.9093662,38.30631566],[-88.9053372,38.31338591],[-88.8793929,38.35732275],[-88.8559912,38.40832983],[-88.8543301,38.4148899],[-88.8418427,38.45933691],[-88.8289229,38.51034399],[-88.8171114,38.56135108],[-88.8075266,38.61235813],[-88.803323,38.64836468],[-88.8003814,38.66336521],[-88.7961665,38.71437229],[-88.7943974,38.76537938],[-88.7853979,38.81638646],[-88.7592234,38.86739354],[-88.752316,38.87354346],[-88.7365398,38.91840059],[-88.7275852,38.96940768],[-88.7149279,39.02041476],[-88.702411,39.07142184],[-88.7231996,39.12242893],[-88.752316,39.15011039],[-88.7948698,39.17343601],[-88.803323,39.18350461],[-88.8543301,39.2231425],[-88.8566257,39.22444309],[-88.9053372,39.27424962],[-88.9070568,39.27545014],[-88.9449397,39.32645723],[-88.9563442,39.36032425],[-88.9663554,39.37746431],[-88.966004,39.42847139],[-88.9563442,39.44596825],[-88.9410326,39.47947847],[-88.9053372,39.51548408],[-88.8915359,39.53048556],[-88.8543301,39.55800448],[-88.8220579,39.58149264],[-88.803323,39.59221085],[-88.752316,39.62197569],[-88.7336067,39.63249969],[-88.7013089,39.64837283],[-88.6503018,39.67105197],[-88.61141,39.68350677],[-88.5992947,39.68726179],[-88.5482876,39.69883382],[-88.4972806,39.7062311],[-88.4462735,39.71023556],[-88.3952664,39.71088416],[-88.3442593,39.70837307],[-88.2932522,39.7025746],[-88.2422452,39.69307788],[-88.2064505,39.68350677],[-88.1912381,39.67958597],[-88.140231,39.66131211],[-88.0892239,39.63452421],[-88.0863879,39.63249969],[-88.0382168,39.59494565],[-88.0239671,39.58149264],[-87.9872098,39.54060303],[-87.9803405,39.53048556],[-87.9638301,39.47947847],[-87.9667618,39.42847139],[-87.9841571,39.37746431],[-87.9872098,39.37252977],[-88.0121219,39.32645723],[-88.0382168,39.28812631],[-88.0458444,39.27545014],[-88.0815203,39.22444309],[-88.0892239,39.21485906],[-88.116985,39.17343601],[-88.140231,39.14266679],[-88.1522783,39.12242893],[-88.1836993,39.07142184],[-88.1912381,39.05965827],[-88.2163517,39.02041476],[-88.2422452,38.98316116],[-88.2526459,38.96940768],[-88.2932522,38.92343045],[-88.298563,38.91840059],[-88.3442593,38.88485451],[-88.3883031,38.86739354],[-88.3952664,38.86471531],[-88.4462735,38.8473272],[-88.4972806,38.82931795],[-88.5408142,38.81638646],[-88.5482876,38.80900485],[-88.5992947,38.76754835],[-88.6027057,38.76537938],[-88.6091728,38.71437229],[-88.5992947,38.69559099],[-88.5911628,38.66336521],[-88.5612218,38.61235813],[-88.5482876,38.59924874],[-88.5236627,38.56135108],[-88.4972806,38.53349644],[-88.4808251,38.51034399],[-88.4462735,38.47163315],[-88.4371023,38.45933691],[-88.3952664,38.4112589],[-88.3927794,38.40832983],[-88.3466748,38.35732275],[-88.3442593,38.35467043],[-88.3044834,38.30631566],[-88.2932522,38.29165597],[-88.2695474,38.25530858],[-88.2422452,38.21669666],[-88.2349497,38.20430153],[-88.209996,38.15329445],[-88.1912381,38.11075017],[-88.1880309,38.10228736],[-88.1715806,38.05128028],[-88.1572787,38.0002732],[-88.1468136,37.94926612],[-88.1436972,37.89825903],[-88.1497387,37.84725198],[-88.1666731,37.7962449],[-88.1912381,37.7530441],[-88.196809,37.74523782],[-88.2422452,37.69522231],[-88.2432367,37.69423073],[-88.2932522,37.64721715],[-88.297576,37.64322365],[-88.3442593,37.60079365],[-88.3531818,37.59221657],[-88.3952664,37.55081905],[-88.4045933,37.54120952],[-88.4462735,37.49456997],[-88.4500403,37.49020243],[-88.4898205,37.43919535],[-88.4972806,37.42811296],[-88.5224881,37.38818827],[-88.5475079,37.33718118],[-88.5482876,37.33536704],[-88.5681226,37.2861741],[-88.5832136,37.23516702],[-88.5941284,37.18415997],[-88.5992947,37.14956642],[-88.6017898,37.13315288],[-88.6059339,37.0821458],[-88.6050857,37.03113872],[-88.5992947,36.99408521],[-88.5970562,36.98013164],[-88.5798296,36.92912455],[-88.5518698,36.87811747],[-88.5482876,36.87361083],[-88.5099749,36.82711042],[-88.4972806,36.816051],[-88.4471828,36.77610334],[-88.4462735,36.77555274],[-88.3952664,36.74823634],[-88.3442593,36.72595124],[-88.3415892,36.72509625],[-88.2932522,36.71267033],[-88.2422452,36.70539516],[-88.1912381,36.70286422],[-88.140231,36.70411062],[-88.0892239,36.70860211],[-88.0382168,36.7159936],[-87.9939248,36.72509625],[-87.9872098,36.72664406],[-87.9362027,36.74113487],[-87.8851956,36.75368636],[-87.8341885,36.76400396],[-87.7831814,36.77229497],[-87.7573555,36.77610334],[-87.7321744,36.7802497],[-87.6811673,36.79102836],[-87.6301602,36.8043082],[-87.5791531,36.81959238],[-87.5574146,36.82711042],[-87.528146,36.83680898],[-87.477139,36.85144486],[-87.4261319,36.85801789],[-87.3751248,36.86730448],[-87.3447035,36.87811747],[-87.3241178,36.91641913],[-87.319304,36.92912455],[-87.311041,36.98013164],[-87.304995,37.03113872],[-87.3005373,37.0821458],[-87.2964176,37.13315288],[-87.2914633,37.18415997],[-87.284948,37.23516702],[-87.2765009,37.2861741],[-87.2731107,37.30332705],[-87.2674253,37.33718118],[-87.2575194,37.38818827],[-87.2467222,37.43919535],[-87.235914,37.49020243],[-87.2259905,37.54120952],[-87.2221036,37.56639068],[-87.2179064,37.59221657],[-87.2112126,37.64322365],[-87.2070987,37.69423073],[-87.2087929,37.74523782],[-87.2148898,37.7962449],[-87.2062423,37.84725198],[-87.172605,37.89825903],[-87.1798773,37.94926612],[-87.1905897,38.0002732],[-87.2001489,38.05128028],[-87.2084369,38.10228736],[-87.2155524,38.15329445],[-87.2209426,38.20430153],[-87.2221036,38.22184217],[-87.2240089,38.25530858],[-87.2249379,38.30631566],[-87.2238949,38.35732275],[-87.2221036,38.38763922],[-87.220509,38.40832983],[-87.2145032,38.45933691],[-87.2064457,38.51034399],[-87.1963909,38.56135108],[-87.1844345,38.61235813],[-87.1710965,38.65961858],[-87.1698741,38.66336521],[-87.1528848,38.71437229],[-87.1335231,38.76537938],[-87.1200894,38.79780621],[-87.1113423,38.81638646],[-87.0856643,38.86739354],[-87.0690824,38.89792791],[-87.0565543,38.91840059],[-87.0231715,38.96940768],[-87.0180753,38.97670398],[-86.9841816,39.02041476],[-86.9670682,39.04102041],[-86.9390927,39.07142184],[-86.9160611,39.09489392],[-86.8865495,39.12242893],[-86.8650541,39.14122566],[-86.8247004,39.17343601],[-86.814047,39.18140367],[-86.7630399,39.21707319],[-86.7517986,39.22444309],[-86.7120328,39.24898654],[-86.6668685,39.27545014],[-86.6610257,39.27867224],[-86.6100187,39.30556431],[-86.5689839,39.32645723],[-86.5590116,39.33125373],[-86.5080045,39.35525725],[-86.4601113,39.37746431],[-86.4569974,39.3788324],[-86.4059903,39.40097121],[-86.3549833,39.42306843],[-86.3418817,39.42847139],[-86.3039762,39.44333668],[-86.2529691,39.46268511],[-86.2077674,39.47947847],[-86.201962,39.48153529],[-86.1509549,39.49843562],[-86.0999479,39.51475105],[-86.052603,39.53048556],[-86.0489408,39.53163231],[-85.9979337,39.54463396],[-85.9469267,39.55830699],[-85.8959196,39.57165323],[-85.8575984,39.58149264],[-85.8449125,39.58467819],[-85.7939054,39.59662129],[-85.7428983,39.60867407],[-85.6918913,39.62065388],[-85.6471276,39.63249969],[-85.6408842,39.63410965],[-85.5898771,39.64432116],[-85.53887,39.65616074],[-85.4878629,39.66777377],[-85.4368559,39.67915538],[-85.4154952,39.68350677],[-85.3858488,39.6898186],[-85.3348417,39.69965698],[-85.2838346,39.70837429],[-85.2328275,39.7149593],[-85.1818205,39.71852562],[-85.1308134,39.71899139],[-85.0798063,39.71710822],[-85.0287992,39.71281174],[-84.9777922,39.7069029],[-84.9267851,39.69960369],[-84.875778,39.69159885],[-84.8247709,39.68500282],[-84.8164176,39.68350677],[-84.7737638,39.67666685],[-84.7227568,39.67049565],[-84.6717497,39.66524872],[-84.6207426,39.66094683],[-84.5697355,39.65763476],[-84.5187284,39.6552872],[-84.4677214,39.6536504],[-84.4167143,39.65262828],[-84.3657072,39.65219575],[-84.3147002,39.65232033],[-84.2636931,39.6528994],[-84.212686,39.65395006],[-84.1616789,39.65532507],[-84.1106718,39.65714205],[-84.0596648,39.65929707],[-84.0086577,39.66163399],[-83.9576506,39.66417515],[-83.9066435,39.66691906],[-83.8556364,39.66978489],[-83.8046294,39.67275997],[-83.7536223,39.6756544],[-83.7026152,39.67846005],[-83.6516081,39.68117164],[-83.600601,39.68299889],[-83.5917751,39.68350677],[-83.549594,39.68535875],[-83.4985869,39.687847],[-83.4475798,39.69070141],[-83.3965727,39.69359302],[-83.3455656,39.69609344],[-83.2945586,39.69783355],[-83.2435515,39.69817695],[-83.1925444,39.69617233],[-83.1415373,39.6914791],[-83.0905303,39.68392891],[-83.0862766,39.68350677],[-83.0395232,39.67699211],[-83.0303455,39.68350677],[-83.0105938,39.73451386],[-82.9985044,39.78552094],[-82.9885161,39.81187386],[-82.970541,39.83652802],[-82.937509,39.86998599],[-82.8921318,39.88753511],[-82.886502,39.88941768],[-82.8536607,39.88753511],[-82.8354949,39.88638778],[-82.7844878,39.86127741],[-82.7592452,39.83652802],[-82.7334807,39.80633315],[-82.722354,39.78552094],[-82.7013821,39.73451386],[-82.6870477,39.68350677],[-82.6824737,39.66161978],[-82.6767639,39.63249969],[-82.6578376,39.58149264],[-82.6320208,39.53048556],[-82.6314666,39.52949639],[-82.6055165,39.47947847],[-82.5804595,39.43721915],[-82.5756254,39.42847139],[-82.5454149,39.37746431],[-82.5294524,39.3529352],[-82.5118946,39.32645723],[-82.4784453,39.277672],[-82.476832,39.27545014],[-82.4453986,39.22444309],[-82.4274383,39.19410233],[-82.4144839,39.17343601],[-82.3838682,39.12242893],[-82.3764312,39.10966573],[-82.3531624,39.07142184],[-82.3254241,39.0277074],[-82.3205929,39.02041476],[-82.2870559,38.96940768],[-82.274417,38.95082664],[-82.2514283,38.91840059],[-82.2234099,38.8806041],[-82.2131579,38.86739354],[-82.1724029,38.8177221],[-82.1712657,38.81638646],[-82.1280962,38.76537938],[-82.1213958,38.75784719],[-82.080725,38.71437229],[-82.0703887,38.70369142],[-82.0292401,38.66336521],[-82.0193816,38.65392422],[-81.9733132,38.61235813],[-81.9683745,38.6079735],[-81.9173675,38.56509514],[-81.9126461,38.56135108],[-81.8663604,38.52485902],[-81.8467222,38.51034399],[-81.8153533,38.48722559],[-81.7746383,38.45933691],[-81.7643462,38.45228723],[-81.7133391,38.41894108],[-81.6960728,38.40832983],[-81.6623321,38.38748176],[-81.611325,38.35812509],[-81.6098786,38.35732275],[-81.5603179,38.32947637],[-81.5156096,38.30631566],[-81.5093109,38.30298398],[-81.4583038,38.27695537],[-81.4123769,38.25530858],[-81.4072967,38.25286536],[-81.3562896,38.2290843],[-81.3052825,38.20703824],[-81.2987143,38.20430153],[-81.2542755,38.18516524],[-81.2032684,38.16507717],[-81.1689687,38.15329445],[-81.1522613,38.14728656],[-81.1012542,38.13151028],[-81.0502471,38.11839075],[-80.9992401,38.10772565],[-80.9653569,38.10228736],[-80.948233,38.09939616],[-80.8972259,38.09312175],[-80.8462188,38.08929123],[-80.7952117,38.08789366],[-80.7442047,38.0886644],[-80.6931976,38.09135183],[-80.6421905,38.09572209],[-80.5911834,38.10115018],[-80.5841281,38.10228736],[-80.5401764,38.10931367],[-80.4891693,38.11849039],[-80.4381622,38.12930905],[-80.3871551,38.14175024],[-80.3455719,38.15329445],[-80.336148,38.15585705],[-80.285141,38.17113584],[-80.2341339,38.18810676],[-80.1896318,38.20430153],[-80.1831268,38.20661226],[-80.1321198,38.22616722],[-80.0811126,38.2473674],[-80.0633421,38.25530858],[-80.0301056,38.26975473],[-79.9790985,38.29343303],[-79.9531713,38.30631566],[-79.9280914,38.31877726],[-79.8770844,38.34574468],[-79.8564422,38.35732275],[-79.8260773,38.37440895],[-79.7750702,38.40465621],[-79.7691177,38.40832983],[-79.7240631,38.43622777],[-79.6884563,38.45933691],[-79.673056,38.46929889],[-79.622049,38.50365456],[-79.6124368,38.51034399],[-79.5710419,38.53905527],[-79.5398069,38.56135108],[-79.5200348,38.57536986],[-79.4704572,38.61235813],[-79.4690277,38.61339996],[-79.4180206,38.65008203],[-79.4002894,38.66336521],[-79.3670136,38.68796085],[-79.3316013,38.71437229],[-79.3160065,38.72584963],[-79.2649994,38.76370925],[-79.2627425,38.76537938],[-79.2139923,38.8007473],[-79.1921406,38.81638646],[-79.1629852,38.83665656],[-79.1170982,38.86739354],[-79.1119782,38.87070739],[-79.0609711,38.90236173],[-79.0337969,38.91840059],[-79.009964,38.93217245],[-78.9589569,38.95984277],[-78.9402184,38.96940768],[-78.9079498,38.98558886],[-78.8569428,39.00910694],[-78.8300864,39.02041476],[-78.8059357,39.03035086],[-78.7549286,39.0490509],[-78.7039215,39.06544607],[-78.6821535,39.07142184],[-78.6529145,39.07925131],[-78.6019074,39.09023138],[-78.5509003,39.0985687],[-78.4998932,39.10400016],[-78.4488862,39.10660902],[-78.3978791,39.10611919],[-78.346872,39.10260776],[-78.2958649,39.09594529],[-78.2448579,39.08595064],[-78.1938508,39.07242237],[-78.19103,39.07142184],[-78.1428437,39.05522977],[-78.0918366,39.03370023],[-78.0669443,39.02041476],[-78.0408295,39.0073336],[-77.9898225,38.97973272],[-77.9708099,38.96940768],[-77.9388154,38.95341024],[-77.8878083,38.92940069],[-77.8614241,38.91840059],[-77.8368012,38.90938334],[-77.7857941,38.89308209],[-77.7347871,38.87520486],[-77.7154981,38.86739354],[-77.68378,38.85357825],[-77.6327729,38.8285018],[-77.6050289,38.81638646],[-77.5817658,38.80720358],[-77.5307587,38.79149448],[-77.4797517,38.78126979],[-77.4287446,38.77579827],[-77.3777375,38.77422173],[-77.3267304,38.77574979],[-77.2757233,38.77984474],[-77.2247163,38.78596916],[-77.1737092,38.79371451],[-77.1227021,38.80271562],[-77.0716951,38.81269963],[-77.0543779,38.81638646],[-77.020688,38.82355903],[-76.9696809,38.83499791],[-76.9186738,38.84664091],[-76.8676667,38.85845612],[-76.82962,38.86739354],[-76.8166597,38.8703535],[-76.7656526,38.88210353],[-76.7146455,38.89367671],[-76.6636384,38.90511278],[-76.6126313,38.91640793],[-76.6036509,38.91840059],[-76.5616243,38.92698901],[-76.5106172,38.93721326],[-76.4596101,38.9471088],[-76.408603,38.95637781],[-76.357596,38.96436208],[-76.3119806,38.96940768],[-76.3065889,38.96987094],[-76.2555818,38.97097523],[-76.2369588,38.96940768],[-76.2045747,38.96618677],[-76.1535676,38.95129037],[-76.1025606,38.92603752],[-76.0883677,38.91840059],[-76.0515535,38.88598572],[-76.0304907,38.86739354],[-76.0005464,38.81689948],[-76.0003732,38.81638646],[-75.9763747,38.76537938],[-75.9614326,38.71437229],[-75.9579599,38.66336521],[-75.9621729,38.61235813],[-75.9793081,38.56135108],[-75.9961699,38.51034399],[-75.9954249,38.45933691],[-75.9972349,38.40832983],[-76.0005464,38.38398588],[-76.0032546,38.35732275],[-76.0127054,38.30631566],[-76.0271571,38.25530858],[-76.0468014,38.20430153],[-76.0515535,38.19428513],[-76.0665161,38.15329445],[-76.088087,38.10228736],[-76.1025606,38.07176767],[-76.1106684,38.05128028],[-76.1323322,38.0002732],[-76.1535676,37.95321264],[-76.1551505,37.94926612],[-76.1761168,37.89825903],[-76.1976353,37.84725198],[-76.2045747,37.83084574],[-76.2181689,37.7962449],[-76.2381304,37.74523782],[-76.2555818,37.7005302],[-76.2579102,37.69423073],[-76.2759331,37.64322365],[-76.292927,37.59221657],[-76.3065889,37.54639971],[-76.3080243,37.54120952],[-76.3192908,37.49020243],[-76.3264145,37.43919535],[-76.3277573,37.38818827],[-76.3208698,37.33718118],[-76.3065889,37.2992465],[-76.3017022,37.2861741],[-76.2643935,37.23516702],[-76.2555818,37.22616385],[-76.2124953,37.18415997],[-76.2045747,37.1774796],[-76.1535676,37.13950824],[-76.1431789,37.13315288],[-76.1025606,37.11119316],[-76.0515535,37.09394001],[-76.0005464,37.09272701],[-75.9495393,37.09480676],[-75.8985322,37.08678274],[-75.8801172,37.0821458],[-75.8475252,37.07390574],[-75.7965181,37.05988977],[-75.745511,37.04813239],[-75.694504,37.03902983],[-75.6442523,37.03113872],[-75.6434969,37.03101624],[-75.5924898,37.0239823],[-75.5414827,37.01659753],[-75.4904756,37.00862418],[-75.4394686,36.99985892],[-75.3884615,36.99012788],[-75.3412894,36.98013164],[-75.3374544,36.97932588],[-75.2864473,36.96801126],[-75.2354402,36.95554228],[-75.2226819,36.92912455],[-75.2226686,36.87811747],[-75.2226551,36.82711042],[-75.2354402,36.81432532],[-75.2736461,36.77610334],[-75.2736857,36.77610334],[-75.2864473,36.81770936],[-75.3153233,36.82711042],[-75.3374544,36.83346424],[-75.3884615,36.84807368],[-75.4394686,36.86349123],[-75.4843767,36.87811747],[-75.4904756,36.87979517],[-75.5414827,36.89424383],[-75.5924898,36.90931912],[-75.6434969,36.9257448],[-75.6523016,36.92912455],[-75.694504,36.9425791],[-75.745511,36.95997107],[-75.7965181,36.97902409],[-75.799512,36.98013164],[-75.8475252,36.99496022],[-75.8985322,37.00909873],[-75.9495393,37.01904447],[-76.0005464,37.02217817],[-76.0515535,37.02709744],[-76.0631241,37.03113872],[-76.1025606,37.04329327],[-76.1535676,37.06990673],[-76.1719382,37.0821458],[-76.2045747,37.10434147],[-76.2415097,37.13315288],[-76.2555818,37.14505659],[-76.2989062,37.18415997],[-76.3065889,37.19200346],[-76.3510463,37.23516702],[-76.357596,37.24368853],[-76.3911318,37.2861741],[-76.408603,37.32840586],[-76.4123648,37.33718118],[-76.4205915,37.38818827],[-76.4197861,37.43919535],[-76.4128946,37.49020243],[-76.408603,37.51033625],[-76.402179,37.54120952],[-76.3890833,37.59221657],[-76.3737217,37.64322365],[-76.357596,37.69062132],[-76.3563538,37.69423073],[-76.3376619,37.74523782],[-76.3181777,37.7962449],[-76.3065889,37.82580734],[-76.2981664,37.84725198],[-76.2784089,37.89825903],[-76.2591931,37.94926612],[-76.2555818,37.95967111],[-76.2415534,38.0002732],[-76.2258398,38.05128028],[-76.2112876,38.10228736],[-76.2045747,38.13103216],[-76.1994729,38.15329445],[-76.1905925,38.20430153],[-76.1836606,38.25530858],[-76.1784629,38.30631566],[-76.1738704,38.35732275],[-76.1675105,38.40832983],[-76.1539336,38.45933691],[-76.1535676,38.46003362],[-76.12904,38.51034399],[-76.1025606,38.53815676],[-76.0871101,38.56135108],[-76.0515535,38.58947295],[-76.038652,38.61235813],[-76.0333114,38.66336521],[-76.0461031,38.71437229],[-76.0515535,38.72450548],[-76.1025606,38.75243669],[-76.1535676,38.75962272],[-76.2045747,38.75905882],[-76.2555818,38.75461517],[-76.3065889,38.74807268],[-76.357596,38.74030946],[-76.408603,38.73237513],[-76.4596101,38.72436257],[-76.5106172,38.71620931],[-76.5212142,38.71437229],[-76.5616243,38.70713191],[-76.6126313,38.6976142],[-76.6636384,38.68769778],[-76.7146455,38.6773139],[-76.7656526,38.66644681],[-76.7790503,38.66336521],[-76.8166597,38.65459652],[-76.8676667,38.64216437],[-76.9186738,38.62938572],[-76.9696809,38.61632234],[-76.9848405,38.61235813],[-77.020688,38.60287915],[-77.0716951,38.58940671],[-77.1227021,38.57606087],[-77.1737092,38.56287773],[-77.1798807,38.56135108],[-77.2247163,38.54999174],[-77.2757233,38.53758714],[-77.3267304,38.52585029],[-77.3777375,38.5149022],[-77.4014821,38.51034399],[-77.4287446,38.50477202],[-77.4797517,38.49532897],[-77.5307587,38.48571994],[-77.5817658,38.47563501],[-77.6327729,38.4649055],[-77.6583592,38.45933691],[-77.68378,38.45194561],[-77.7347871,38.43501364],[-77.7857941,38.41290735],[-77.7952581,38.40832983],[-77.8328628,38.35732275],[-77.8368012,38.33453796],[-77.8423929,38.30631566],[-77.8528642,38.25530858],[-77.8686781,38.20430153],[-77.8878083,38.15791258],[-77.8905861,38.15329445],[-77.9249599,38.10228736],[-77.9388154,38.08302734],[-77.9671609,38.05128028],[-77.9898225,38.02615038],[-78.0156996,38.0002732],[-78.0408295,37.97539141],[-78.0688784,37.94926612],[-78.0918366,37.92788243],[-78.1265696,37.89825903],[-78.1428437,37.88410052],[-78.1900865,37.84725198],[-78.1938508,37.84431593],[-78.2448579,37.80797743],[-78.2617846,37.7962449],[-78.2958649,37.77314527],[-78.3370385,37.74523782],[-78.346872,37.73878811],[-78.3978791,37.70564323],[-78.4154059,37.69423073],[-78.4488862,37.67292353],[-78.4939517,37.64322365],[-78.4998932,37.63947812],[-78.5509003,37.60701455],[-78.5734854,37.59221657],[-78.6019074,37.57441382],[-78.6529145,37.54415361],[-78.6572812,37.54120952],[-78.7039215,37.50939468],[-78.7340339,37.49020243],[-78.7549286,37.47757824],[-78.8059357,37.44637937],[-78.8175787,37.43919535],[-78.8569428,37.41565925],[-78.902888,37.38818827],[-78.9079498,37.38528129],[-78.9589569,37.3554838],[-78.9902872,37.33718118],[-79.009964,37.32601853],[-79.0609711,37.29669316],[-79.0790294,37.2861741],[-79.1119782,37.26786923],[-79.1629852,37.23909634],[-79.1699925,37.23516702],[-79.2139923,37.21094683],[-79.2581817,37.18415997],[-79.2649994,37.18034471],[-79.3160065,37.15466781],[-79.3555088,37.13315288],[-79.3670136,37.12694266],[-79.4180206,37.09895582],[-79.44916,37.0821458],[-79.4690277,37.07151528],[-79.5200348,37.04388786],[-79.5440436,37.03113872],[-79.5710419,37.01680206],[-79.622049,36.98980529],[-79.6407295,36.98013164],[-79.673056,36.96323963],[-79.7240631,36.93719376],[-79.7400549,36.92912455],[-79.7750702,36.9111251],[-79.8260773,36.88559092],[-79.8416228,36.87811747],[-79.8770844,36.8605635],[-79.9280914,36.83599474],[-79.9472126,36.82711042],[-79.9790985,36.81133879],[-80.0301056,36.78788015],[-80.0571895,36.77610334],[-80.0811126,36.76484486],[-80.1321198,36.74285278],[-80.1712961,36.72509625],[-80.1831268,36.71960749],[-80.2341339,36.70310981],[-80.285141,36.68581626],[-80.3176279,36.67408917],[-80.336148,36.66740999],[-80.3871551,36.65776667],[-80.4381622,36.64722664],[-80.4891693,36.63921395],[-80.5401764,36.63397441],[-80.5911834,36.63248155],[-80.6421905,36.63348768],[-80.6931976,36.63736355],[-80.7442047,36.64352035],[-80.7952117,36.65193387],[-80.8462188,36.65973749],[-80.8972259,36.66503721],[-80.948233,36.66574149],[-80.9992401,36.66818984],[-81.0279316,36.67408917],[-81.0502471,36.67845593],[-81.1012542,36.68081119],[-81.1522613,36.68121518],[-81.2032684,36.68599556],[-81.2542755,36.69290634],[-81.3052825,36.70095739],[-81.3562896,36.71102252],[-81.4072967,36.71909604],[-81.4277067,36.72509625],[-81.4583038,36.73422222],[-81.5093109,36.74740501],[-81.5603179,36.76095481],[-81.611325,36.77272499],[-81.6209007,36.77610334],[-81.6623321,36.79124926],[-81.7133391,36.80718971],[-81.7643462,36.82336488],[-81.7751158,36.82711042],[-81.8153533,36.84080589],[-81.8663604,36.85826216],[-81.9173675,36.87383023],[-81.9280742,36.87811747],[-81.9683745,36.8947402],[-82.0193816,36.91335981],[-82.0611533,36.92912455],[-82.0703887,36.93261004],[-82.1213958,36.95242063],[-82.1724029,36.97256765],[-82.1913955,36.98013164],[-82.2234099,36.99288078],[-82.274417,37.01380652],[-82.3175633,37.03113872],[-82.3254241,37.03432367],[-82.3764312,37.05589477],[-82.4274383,37.07771968],[-82.437417,37.0821458],[-82.4784453,37.10034418],[-82.5294524,37.12361044],[-82.5499932,37.13315288],[-82.5804595,37.14730629],[-82.6314666,37.1717935],[-82.6563896,37.18415997],[-82.6824737,37.19710325],[-82.7334807,37.22278917],[-82.7570169,37.23516702],[-82.7844878,37.24972279],[-82.8354949,37.27745545],[-82.8510315,37.2861741],[-82.886502,37.30622305],[-82.937509,37.33379477],[-82.943015,37.33718118],[-82.9885161,37.36636348],[-83.0237348,37.38818827],[-83.0395232,37.39797229],[-83.0905303,37.43060456],[-83.1036854,37.43919535],[-83.1415373,37.46408452],[-83.181258,37.49020243],[-83.1925444,37.49767485],[-83.2435515,37.53204976],[-83.2572003,37.54120952],[-83.2945586,37.56645139],[-83.3323141,37.59221657],[-83.3455656,37.60125976],[-83.3965727,37.63592134],[-83.4071437,37.64322365],[-83.4475798,37.67115655],[-83.4813034,37.69423073],[-83.4985869,37.70613465],[-83.549594,37.74103907],[-83.5557336,37.74523782],[-83.600601,37.77572502],[-83.6310871,37.7962449],[-83.6516081,37.81014571],[-83.7026152,37.84415959],[-83.7072683,37.84725198],[-83.7536223,37.87825186],[-83.7844013,37.89825903],[-83.8046294,37.91140719],[-83.8556364,37.94408615],[-83.8638546,37.94926612],[-83.9066435,37.97607288],[-83.9464187,38.0002732],[-83.9576506,38.0071073],[-84.0086577,38.03733272],[-84.0329959,38.05128028],[-84.0596648,38.06647533],[-84.1106718,38.09461977],[-84.1250385,38.10228736],[-84.1616789,38.12184264],[-84.212686,38.14750774],[-84.2247194,38.15329445],[-84.2636931,38.17193462],[-84.3147002,38.19523812],[-84.3359596,38.20430153],[-84.3657072,38.21691727],[-84.4167143,38.23724651],[-84.4622907,38.25530858],[-84.4677214,38.25739644],[-84.5187284,38.27371115],[-84.5697355,38.28969895],[-84.6207426,38.3039892],[-84.6297946,38.30631566],[-84.6717497,38.31714968],[-84.7227568,38.32940834],[-84.7737638,38.34053019],[-84.8247709,38.3505772],[-84.8627175,38.35732275],[-84.875778,38.35970801],[-84.9267851,38.3684063],[-84.9777922,38.37604976],[-85.0287992,38.38254093],[-85.0798063,38.38816059],[-85.1308134,38.39272371],[-85.1818205,38.39613238],[-85.2328275,38.39818169],[-85.2838346,38.39910961],[-85.3348417,38.39866688],[-85.3858488,38.39695081],[-85.4368559,38.39380892],[-85.4878629,38.38917266],[-85.53887,38.38332278],[-85.5898771,38.37608631],[-85.6408842,38.3672202],[-85.6850676,38.35732275],[-85.6918913,38.35585887],[-85.7428983,38.34528292],[-85.7939054,38.33187247],[-85.8449125,38.31661511],[-85.8755424,38.30631566],[-85.8959196,38.2996388],[-85.9469267,38.28119286],[-85.9979337,38.26046257],[-86.0095553,38.25530858],[-86.0489408,38.23835791],[-86.0999479,38.21416319],[-86.1188634,38.20430153],[-86.1509549,38.18805613],[-86.201962,38.15977595],[-86.2126005,38.15329445],[-86.2529691,38.12959544],[-86.2953922,38.10228736],[-86.3039762,38.09701777],[-86.3549833,38.06239941],[-86.3698468,38.05128028],[-86.4059903,38.02591396],[-86.4387876,38.0002732],[-86.4569974,37.98713524],[-86.503822,37.94926612],[-86.5080045,37.94624817],[-86.5590116,37.90470846],[-86.5657775,37.89825903],[-86.6100187,37.86211192],[-86.6251827,37.84725198],[-86.6610257,37.81811575],[-86.6817748,37.7962449],[-86.7120328,37.77054809],[-86.7363258,37.74523782],[-86.7630399,37.72028872],[-86.7905869,37.69423073],[-86.814047,37.67323677],[-86.8475326,37.64322365],[-86.8650541,37.62816078],[-86.9075385,37.59221657],[-86.9160611,37.58531631],[-86.9670682,37.54805946],[-86.9764251,37.54120952],[-87.0180753,37.51183158],[-87.0369272,37.49020243],[-87.0690824,37.45232229],[-87.0766544,37.43919535],[-87.1043015,37.38818827],[-87.1200894,37.35488173],[-87.1264855,37.33718118],[-87.1427823,37.2861741],[-87.1562193,37.23516702],[-87.1672234,37.18415997],[-87.1710965,37.1631503],[-87.1762148,37.13315288],[-87.1839137,37.0821458],[-87.1909744,37.03113872],[-87.1982629,36.98013164],[-87.2075717,36.92912455],[-87.2221036,36.88514525],[-87.2245682,36.87811747],[-87.2731107,36.83393839],[-87.2876335,36.82711042],[-87.3241178,36.81812355],[-87.3751248,36.77995282],[-87.3828993,36.77610334],[-87.4261319,36.75307891],[-87.477139,36.7270672],[-87.4815709,36.72509625],[-87.528146,36.70653719],[-87.5791531,36.69271329],[-87.6301602,36.6808983],[-87.6616358,36.67408917],[-87.6811673,36.67014233],[-87.7321744,36.66064911],[-87.7831814,36.64962965],[-87.8341885,36.63688013],[-87.8834985,36.62308209],[-87.8851956,36.62261332],[-87.9362027,36.60766373],[-87.9872098,36.59192202],[-88.0382168,36.57579328],[-88.0520497,36.572075],[-88.0892239,36.56211643],[-88.140231,36.55094611],[-88.1912381,36.54202198],[-88.2422452,36.53547533],[-88.2932522,36.53166258],[-88.3442593,36.53118912],[-88.3952664,36.53481665],[-88.4462735,36.54225656],[-88.4972806,36.55359473],[-88.5482876,36.56939962],[-88.5555041,36.572075],[-88.5992947,36.58953622],[-88.6503018,36.6140362],[-88.6674632,36.62308209],[-88.7013089,36.64174001],[-88.752316,36.67111247],[-88.7578307,36.67408917],[-88.803323,36.69967889],[-88.8533329,36.72509625],[-88.8543301,36.72565045],[-88.9053372,36.74534704],[-88.9563442,36.75702828],[-89.0073513,36.75031772],[-89.027708,36.72509625],[-89.047135,36.67408917],[-89.0568164,36.62308209],[-89.0583584,36.61138864],[-89.0614217,36.572075],[-89.070276,36.52106795],[-89.1093655,36.50304922],[-89.1603726,36.50829903],[-89.2040159,36.52106795],[-89.2113796,36.52274153],[-89.2623867,36.54383738],[-89.3010918,36.572075],[-89.3133938,36.57969465],[-89.3637487,36.62308209],[-89.3644009,36.62359135],[-89.4132186,36.67408917],[-89.4154079,36.67637558],[-89.4565259,36.72509625],[-89.4637295,36.77610334],[-89.4154079,36.7909342],[-89.3644009,36.80157562],[-89.3133938,36.80715854],[-89.2623867,36.82043788],[-89.243021,36.82711042],[-89.2113796,36.84996245],[-89.1692892,36.87811747],[-89.1603726,36.92037676],[-89.156903,36.92912455],[-89.1603726,36.940956],[-89.162983,36.98013164],[-89.1787657,37.03113872],[-89.2113796,37.06186144],[-89.2623867,37.07812442],[-89.2740441,37.0821458],[-89.3133938,37.10503069],[-89.3644009,37.12728175],[-89.3785614,37.13315288],[-89.4154079,37.15269636],[-89.466415,37.17545912],[-89.4869839,37.18415997],[-89.5174221,37.19812293],[-89.5684292,37.21996276],[-89.6062621,37.23516702],[-89.6194363,37.24071396],[-89.6704433,37.2633363],[-89.7119695,37.2861741],[-89.7214504,37.29139938],[-89.7724575,37.32951425],[-89.7807099,37.33718118],[-89.8234646,37.37516037],[-89.8361584,37.38818827],[-89.8744717,37.42656706],[-89.8879871,37.43919535],[-89.9254787,37.4811747],[-89.9392703,37.49020243],[-89.9764858,37.52515369],[-90.008441,37.54120952],[-90.0274929,37.55455357],[-90.0785,37.57813441],[-90.1121374,37.59221657],[-90.1295071,37.60118929],[-90.1805141,37.62919813],[-90.2023363,37.64322365],[-90.2315212,37.66581398],[-90.2597346,37.69423073],[-90.2825283,37.72325994],[-90.2973756,37.74523782],[-90.3267296,37.7962449],[-90.3335353,37.81020986],[-90.349834,37.84725198],[-90.3678525,37.89825903],[-90.3794056,37.94926612],[-90.3845425,37.99400778],[-90.3851938,38.0002732],[-90.3845425,38.02054583],[-90.3831306,38.05128028],[-90.3560771,38.10228736],[-90.3335353,38.11254603],[-90.2825283,38.10546277],[-90.2754816,38.10228736],[-90.2315212,38.08244983],[-90.1805141,38.06153951],[-90.1436716,38.10228736],[-90.1295071,38.11539124],[-90.1256495,38.15329445],[-90.1211506,38.20430153],[-90.1164569,38.25530858],[-90.0983324,38.30631566],[-90.0785,38.34456613],[-90.0714576,38.35732275],[-90.054723,38.40832983],[-90.042114,38.45933691],[-90.0383973,38.51034399],[-90.0466377,38.56135108],[-90.0657768,38.61235813],[-90.0785,38.63765482],[-90.0983897,38.66336521],[-90.1295071,38.69635929],[-90.1534379,38.71437229],[-90.1805141,38.73490149],[-90.2185187,38.76537938],[-90.2315212,38.77889372],[-90.2647728,38.81638646],[-90.2825283,38.84746933],[-90.2948939,38.86739354],[-90.2825283,38.88990458],[-90.2684166,38.91840059],[-90.2651532,38.96940768],[-90.2825283,38.98535226],[-90.3294126,39.02041476],[-90.3335353,39.02239222],[-90.3845425,39.04457772],[-90.4355495,39.06577577],[-90.4498436,39.07142184],[-90.4865566,39.08341805],[-90.5375637,39.09786307],[-90.5885707,39.10997156],[-90.6395778,39.12064542],[-90.6494334,39.12242893],[-90.6905849,39.12875984],[-90.741592,39.13576885],[-90.7925991,39.14221933],[-90.8436061,39.1482648],[-90.8946132,39.15393722],[-90.9456203,39.1593383],[-90.9966274,39.16470261],[-91.0476345,39.17019754],[-91.0749478,39.17343601],[-91.0986415,39.176125],[-91.1496486,39.18304892],[-91.2006557,39.1912632],[-91.2516628,39.200937],[-91.3026698,39.21203695],[-91.3536769,39.22419816],[-91.3544707,39.22444309],[-91.404684,39.24108259],[-91.4556911,39.25821752],[-91.5040584,39.27545014],[-91.5066982,39.27646869],[-91.5577052,39.29719003],[-91.6087123,39.31564355],[-91.6597194,39.31262939],[-91.7107265,39.29303872],[-91.7422189,39.27545014],[-91.7617336,39.2651],[-91.8127406,39.23421791],[-91.8326434,39.22444309],[-91.8637477,39.20910954],[-91.9147548,39.19027416],[-91.9657618,39.17490227],[-91.9720114,39.17343601],[-92.0167689,39.16333759],[-92.067776,39.15364782],[-92.1187831,39.1453561],[-92.1697902,39.13829152],[-92.2207972,39.13230241],[-92.2718043,39.12738111],[-92.3228114,39.12348406],[-92.3421056,39.12242893],[-92.3738185,39.12076233],[-92.4248256,39.11906958],[-92.4758326,39.11831814],[-92.5268397,39.11857374],[-92.5778468,39.11996533],[-92.620402,39.12242893],[-92.6288539,39.12296773],[-92.679861,39.12637789],[-92.730868,39.13155965],[-92.7818751,39.13809835],[-92.8328822,39.14597169],[-92.8838893,39.15533435],[-92.9348964,39.16612588],[-92.9654804,39.17343601],[-92.9859034,39.17862095],[-93.0369105,39.19281585],[-93.0879176,39.20848481],[-93.1351535,39.22444309],[-93.1389247,39.22577473],[-93.1899317,39.24479339],[-93.2409388,39.26525472],[-93.2649606,39.27545014],[-93.2919459,39.28724632],[-93.342953,39.31072847],[-93.3755975,39.32645723],[-93.39396,39.33546859],[-93.4449671,39.36139456],[-93.4754993,39.37746431],[-93.4959742,39.38841029],[-93.5469813,39.41664069],[-93.5678824,39.42847139],[-93.5979884,39.44567444],[-93.6489954,39.47548203],[-93.6556774,39.47947847],[-93.7000025,39.50607335],[-93.7400529,39.53048556],[-93.7510096,39.53718532],[-93.8020167,39.56894092],[-93.8218481,39.58149264],[-93.8530237,39.60116204],[-93.9022019,39.63249969],[-93.9040308,39.63366889],[-93.9550379,39.66664888],[-93.9809727,39.68350677],[-94.006045,39.69980365],[-94.0570521,39.73313879],[-94.0591307,39.73451386],[-94.1080591,39.76688249],[-94.1362341,39.78552094],[-94.1590662,39.80057871],[-94.1718187,39.78552094],[-94.1718584,39.78552094],[-94.1718558,39.83652802],[-94.1590662,39.84931763],[-94.1208447,39.88753511],[-94.1208423,39.93854216],[-94.1080591,39.95132528],[-94.0698316,39.98954924],[-94.0698297,40.04055632],[-94.0570521,40.05333394],[-94.0188197,40.09156341],[-94.006045,40.10433815],[-93.9678101,40.14257049],[-93.9678087,40.19357757],[-93.9550379,40.20634837],[-93.9167996,40.24458465],[-93.9167984,40.29559171],[-93.9040308,40.30835928],[-93.8657896,40.34659879],[-93.8657887,40.39760587],[-93.8530237,40.41037079],[-93.8147802,40.44861295],[-93.8020167,40.46137646],[-93.7637718,40.49962004],[-93.7637711,40.55062712],[-93.7510096,40.56338862],[-93.712763,40.6016342],[-93.7127624,40.65264125],[-93.7000025,40.6654011],[-93.6617543,40.70364834],[-93.6489954,40.71640724],[-93.6107464,40.75465542],[-93.6107459,40.8056625],[-93.5979884,40.81842006],[-93.5597381,40.85666959],[-93.5597377,40.90767667],[-93.5469813,40.92043301],[-93.5087299,40.95868372],[-93.5087295,41.0096908],[-93.4959742,41.02244608],[-93.4577218,41.06069789],[-93.4449671,41.0734525],[-93.406714,41.11170497],[-93.4067136,41.16271205],[-93.39396,41.17546564],[-93.3557059,41.21371913],[-93.3557055,41.26472622],[-93.342953,41.27747877],[-93.3046978,41.31573327],[-93.2919459,41.3284852]],[[-88.6398024,39.07142184],[-88.6147316,39.12242893],[-88.5992947,39.16359385],[-88.5852688,39.17343601],[-88.5482876,39.20861915],[-88.5155169,39.22444309],[-88.4972806,39.2344926],[-88.4462735,39.25234661],[-88.3952664,39.26073835],[-88.3442593,39.25697547],[-88.300383,39.22444309],[-88.3163099,39.17343601],[-88.3442593,39.12786546],[-88.3479333,39.12242893],[-88.3858417,39.07142184],[-88.3952664,39.05985069],[-88.4306327,39.02041476],[-88.4462735,39.006914],[-88.4972806,38.98228252],[-88.5482876,38.98318936],[-88.5992947,38.99765526],[-88.6313453,39.02041476],[-88.6398024,39.07142184]]]}},
{"type":"Feature","properties":{"Lower":115.0},"geometry":{"type":"Polygon","coordinates":[[[-88.6398024,39.07142184],[-88.6147316,39.12242893],[-88.5992947,39.16359385],[-88.5852688,39.17343601],[-88.5482876,39.20861915],[-88.5155169,39.22444309],[-88.4972806,39.2344926],[-88.4462735,39.25234661],[-88.3952664,39.26073835],[-88.3442593,39.25697547],[-88.300383,39.22444309],[-88.3163099,39.17343601],[-88.3442593,39.12786546],[-88.3479333,39.12242893],[-88.3858417,39.07142184],[-88.3952664,39.05985069],[-88.4306327,39.02041476],[-88.4462735,39.006914],[-88.4972806,38.98228252],[-88.5482876,38.98318936],[-88.5992947,38.99765526],[-88.6313453,39.02041476],[-88.6398024,39.07142184]]]}},
{"type":"Feature","properties":{"Lower":115.0},"geometry":{"type":"Polygon","coordinates":[[[-96.4987824,33.30762202],[-96.488333,33.3586291],[-96.4543847,33.40547186],[-96.4515907,33.40963618],[-96.4062521,33.46064327],[-96.4033776,33.46486201],[-96.3752062,33.51165032],[-96.3523706,33.54100604],[-96.3013635,33.552822],[-96.2503564,33.55416061],[-96.1993494,33.55508932],[-96.1483423,33.55554113],[-96.0973352,33.55404004],[-96.0463281,33.54780209],[-95.995321,33.531616],[-95.9628385,33.51165032],[-95.944314,33.48166226],[-95.9327764,33.46064327],[-95.9224221,33.40963618],[-95.9215343,33.3586291],[-95.9274594,33.30762202],[-95.9435989,33.25661493],[-95.944314,33.25553098],[-95.9840734,33.20560785],[-95.995321,33.20068893],[-96.0463281,33.19367564],[-96.0881067,33.20560785],[-96.0973352,33.20756381],[-96.0993313,33.20560785],[-96.1483423,33.17729324],[-96.1740465,33.15460077],[-96.1993494,33.14286126],[-96.2503564,33.12829084],[-96.3013635,33.13134771],[-96.3523706,33.1474312],[-96.3678107,33.15460077],[-96.4033776,33.17572663],[-96.445907,33.20560785],[-96.4543847,33.21689837],[-96.48818,33.25661493],[-96.4987824,33.30762202]],[[-96.4295835,33.30762202],[-96.4195137,33.3586291],[-96.4033776,33.38143632],[-96.377038,33.40963618],[-96.3523706,33.43971668],[-96.3360312,33.46064327],[-96.3013635,33.48662227],[-96.2503564,33.4721733],[-96.2282827,33.46064327],[-96.1993494,33.44013672],[-96.1690349,33.40963618],[-96.1483423,33.36286358],[-96.1463258,33.3586291],[-96.1320363,33.30762202],[-96.1267375,33.25661493],[-96.1483423,33.23513747],[-96.1685598,33.20560785],[-96.1993494,33.17599953],[-96.2503564,33.16123476],[-96.3013635,33.16751623],[-96.3523706,33.19103797],[-96.374345,33.20560785],[-96.4033776,33.24004763],[-96.4165274,33.25661493],[-96.4295835,33.30762202]]]}},
{"type":"Feature","properties":{"Lower":115.0},"geometry":{"type":"Polygon","coordinates":[[[-75.5493855,40.6016342],[-75.5484561,40.65264125],[-75.5428823,40.70364834],[-75.5414827,40.71058055],[-75.5314868,40.75465542],[-75.5143504,40.8056625],[-75.4904756,40.85471441],[-75.4894459,40.85666959],[-75.4564213,40.90767667],[-75.4394686,40.93146542],[-75.4190274,40.95868372],[-75.3884615,41.00020165],[-75.3812823,41.0096908],[-75.3447566,41.06069789],[-75.3374544,41.07112213],[-75.3078771,41.11170497],[-75.2864473,41.1416443],[-75.2703607,41.16271205],[-75.2354402,41.2094675],[-75.2320224,41.21371913],[-75.1916677,41.26472622],[-75.1844332,41.27407815],[-75.1504217,41.31573327],[-75.1334261,41.33737809],[-75.1091989,41.36674035],[-75.082419,41.40073608],[-75.0684331,41.41774743],[-75.0314119,41.46501956],[-75.0283682,41.46875452],[-74.9882882,41.5197616],[-74.9804048,41.53018944],[-74.9487805,41.57076868],[-74.9293978,41.59671921],[-74.8783907,41.58352687],[-74.8656325,41.57076868],[-74.8273836,41.53252582],[-74.7763765,41.5325283],[-74.7636098,41.5197616],[-74.7253694,41.48152425],[-74.7125997,41.46875452],[-74.6743624,41.43051883],[-74.661591,41.41774743],[-74.6233553,41.37951246],[-74.6105832,41.36674035],[-74.5723482,41.32850557],[-74.5595759,41.31573327],[-74.5595759,41.26472622],[-74.5213411,41.22649143],[-74.5085688,41.21371913],[-74.5085688,41.16271205],[-74.4703341,41.12447727],[-74.4575618,41.11170497],[-74.4575618,41.06069789],[-74.4575618,41.0096908],[-74.4575618,40.95868372],[-74.4575618,40.90767667],[-74.4575618,40.85666959],[-74.4575619,40.8056625],[-74.4575621,40.75465542],[-74.4575625,40.70364834],[-74.457563,40.65264125],[-74.4575637,40.6016342],[-74.4575645,40.55062712],[-74.4703341,40.53785754],[-74.5085728,40.49962004],[-74.5085741,40.44861295],[-74.5085756,40.39760587],[-74.5085772,40.34659879],[-74.508579,40.29559171],[-74.508581,40.24458465],[-74.5213411,40.23182456],[-74.5595911,40.19357757],[-74.5595936,40.14257049],[-74.5595963,40.09156341],[-74.5723482,40.08828877],[-74.5823099,40.09156341],[-74.6233553,40.10555863],[-74.6743624,40.12118759],[-74.7253694,40.1353906],[-74.7528799,40.14257049],[-74.7763765,40.14894806],[-74.8273836,40.16205588],[-74.8783907,40.17459051],[-74.9293978,40.18686228],[-74.9564033,40.19357757],[-74.9804048,40.19972677],[-75.0314119,40.21433042],[-75.082419,40.23050942],[-75.1225608,40.24458465],[-75.1334261,40.24847529],[-75.1844332,40.26881736],[-75.2354402,40.29066211],[-75.2457569,40.29559171],[-75.2864473,40.31532616],[-75.3374544,40.34252299],[-75.3441561,40.34659879],[-75.3884615,40.37414018],[-75.4212812,40.39760587],[-75.4394686,40.41131708],[-75.4797945,40.44861295],[-75.4904756,40.46016793],[-75.5175425,40.49962004],[-75.5414827,40.54902668],[-75.5420117,40.55062712],[-75.5493855,40.6016342]]]}},
{"type":"Feature","properties":{"Lower":115.0},"geometry":{"type":"Polygon","coordinates":[[[-77.7945822,35.50092639],[-77.7857941,35.52594643],[-77.7759332,35.55193344],[-77.744137,35.60294052],[-77.7347871,35.61607807],[-77.705457,35.65394761],[-77.68378,35.67980817],[-77.6610289,35.70495469],[-77.6327729,35.73321066],[-77.6079169,35.75596177],[-77.5817658,35.77671444],[-77.5359643,35.80696886],[-77.5307587,35.80984085],[-77.4797517,35.83251251],[-77.4287446,35.85217384],[-77.4117631,35.85797591],[-77.3777375,35.86830934],[-77.3267304,35.88264168],[-77.2757233,35.89661831],[-77.2360753,35.90898299],[-77.2247163,35.91181781],[-77.1737092,35.92117668],[-77.1227021,35.93159204],[-77.0716951,35.94395706],[-77.0278039,35.95999007],[-77.020688,35.96213135],[-76.9696809,35.98081383],[-76.9186738,36.00294463],[-76.9023714,36.01099716],[-76.8676667,36.0256065],[-76.8166597,36.05058454],[-76.7967006,36.06200424],[-76.7656526,36.0775048],[-76.7146455,36.1076389],[-76.7053421,36.11301132],[-76.6636384,36.13570865],[-76.6126313,36.15927735],[-76.6000379,36.1640184],[-76.5616243,36.17771994],[-76.5106172,36.19441105],[-76.4596101,36.21063954],[-76.444086,36.21502546],[-76.408603,36.22511167],[-76.357596,36.23450594],[-76.3065889,36.23765428],[-76.2555818,36.23622066],[-76.2045747,36.23115228],[-76.1535676,36.22319736],[-76.1128551,36.21502546],[-76.1025606,36.21275575],[-76.0515535,36.20041696],[-76.0005464,36.18590809],[-75.9495393,36.16885853],[-75.9371558,36.1640184],[-75.8985322,36.14844837],[-75.8475252,36.12358646],[-75.8282279,36.11301132],[-75.7965181,36.09553524],[-75.745511,36.06778625],[-75.7364002,36.06200424],[-75.694504,36.03428269],[-75.6572478,36.01099716],[-75.6434969,35.99824517],[-75.6434969,35.99820555],[-75.6817146,35.95999007],[-75.6817161,35.90898299],[-75.694504,35.89619514],[-75.7327257,35.85797591],[-75.7327273,35.80696886],[-75.745511,35.7941851],[-75.7837368,35.75596177],[-75.7965181,35.74318049],[-75.8347462,35.70495469],[-75.8347475,35.65394761],[-75.8475252,35.64116996],[-75.8857564,35.60294052],[-75.8857574,35.55193344],[-75.8985322,35.53915864],[-75.9367658,35.50092639],[-75.9495393,35.4881529],[-75.987774,35.44991931],[-75.9877745,35.39891222],[-76.0005464,35.3861403],[-76.0387822,35.34790514],[-76.0387825,35.29689806],[-76.0515535,35.28412707],[-76.0897899,35.24589098],[-76.1025606,35.23312034],[-76.1407972,35.19488389],[-76.1407972,35.14387684],[-76.1535676,35.13110645],[-76.1918044,35.09286976],[-76.2045747,35.0800994],[-76.2428114,35.04186268],[-76.2555818,35.02909232],[-76.2938184,34.99085559],[-76.3065889,34.97808511],[-76.357596,34.97808498],[-76.3958321,34.93984851],[-76.408603,34.92707759],[-76.4596101,34.92707731],[-76.4978455,34.88884143],[-76.5106172,34.87606979],[-76.5616243,34.87606938],[-76.5998587,34.83783434],[-76.6126313,34.82506167],[-76.6636384,34.82506108],[-76.7018713,34.78682729],[-76.7146455,34.77405309],[-76.7656526,34.77405221],[-76.8166597,34.77405121],[-76.854889,34.73582021],[-76.8676667,34.72304247],[-76.9186738,34.72304106],[-76.9568994,34.68481313],[-76.9696809,34.67203166],[-77.020688,34.67202978],[-77.0589086,34.63380604],[-77.0716951,34.62101963],[-77.1227021,34.62101735],[-77.1609168,34.58279896],[-77.1609564,34.58279896],[-77.1737092,34.62114718],[-77.1805695,34.63380604],[-77.2085206,34.68481313],[-77.2247163,34.71378967],[-77.2373703,34.73582021],[-77.2669814,34.78682729],[-77.2757233,34.80181306],[-77.2975258,34.83783434],[-77.3267304,34.88491634],[-77.3292802,34.88884143],[-77.3626705,34.93984851],[-77.3777375,34.962121],[-77.3983901,34.99085559],[-77.4287446,35.03181548],[-77.4367249,35.04186268],[-77.4755982,35.09286976],[-77.4797517,35.09786306],[-77.5229794,35.14387684],[-77.5307587,35.15247274],[-77.571899,35.19488389],[-77.5817658,35.20481014],[-77.6246561,35.24589098],[-77.6327729,35.25357287],[-77.6791338,35.29689806],[-77.68378,35.30134584],[-77.7279167,35.34790514],[-77.7347871,35.35670976],[-77.7614096,35.39891222],[-77.7857941,35.44345361],[-77.7889094,35.44991931],[-77.7945822,35.50092639]]]}},
{"type":"Feature","properties":{"Lower":115.0},"geometry":{"type":"Polygon","coordinates":[[[-95.2429826,38.0002732],[-95.2302149,38.01304096],[-95.1919874,38.05128028],[-95.1919948,38.10228736],[-95.1792078,38.11507437],[-95.1409953,38.15329445],[-95.1409557,38.15329445],[-95.1282007,38.12280035],[-95.0771936,38.10780101],[-95.0560157,38.10228736],[-95.0261865,38.09522748],[-94.9751795,38.08436276],[-94.9241724,38.07476149],[-94.8731653,38.06726272],[-94.8221582,38.06317059],[-94.7711511,38.06362421],[-94.7201441,38.06935177],[-94.669137,38.08102272],[-94.6181299,38.09816247],[-94.6080991,38.10228736],[-94.5671229,38.12157111],[-94.5161158,38.14869909],[-94.5077983,38.15329445],[-94.4651087,38.17901222],[-94.4235424,38.20430153],[-94.4141016,38.21061624],[-94.3630945,38.24451981],[-94.3466326,38.25530858],[-94.3120875,38.28128386],[-94.2784532,38.30631566],[-94.2610804,38.32161671],[-94.2205398,38.35732275],[-94.2100733,38.36887212],[-94.1746808,38.40832983],[-94.1590662,38.43199648],[-94.1413919,38.45933691],[-94.1213859,38.51034399],[-94.1128458,38.56135108],[-94.1142034,38.61235813],[-94.1236339,38.66336521],[-94.1401025,38.71437229],[-94.1590662,38.75657867],[-94.1626801,38.76537938],[-94.1893138,38.81638646],[-94.2100733,38.85019972],[-94.2199422,38.86739354],[-94.2541165,38.91840059],[-94.2610804,38.92765129],[-94.2908422,38.96940768],[-94.3120875,38.99621331],[-94.3302999,39.02041476],[-94.3630945,39.06025124],[-94.3718484,39.07142184],[-94.4141016,39.11813214],[-94.4176451,39.12242893],[-94.4607127,39.17343601],[-94.4651087,39.17805899],[-94.5075109,39.22444309],[-94.5161158,39.23719514],[-94.5161158,39.23723476],[-94.4778967,39.27545014],[-94.4778948,39.32645723],[-94.4651087,39.33924329],[-94.4268836,39.37746431],[-94.4268814,39.42847139],[-94.4141016,39.44125117],[-94.37587,39.47947847],[-94.3630945,39.4922539],[-94.3248585,39.53048556],[-94.3248559,39.58149264],[-94.3120875,39.59426109],[-94.2738443,39.63249969],[-94.2738417,39.68350677],[-94.2610804,39.69626812],[-94.2228302,39.73451386],[-94.2100733,39.74727073],[-94.1718187,39.78552094],[-94.1590662,39.80057871],[-94.1362341,39.78552094],[-94.1080591,39.76688249],[-94.0591307,39.73451386],[-94.0570521,39.73313879],[-94.006045,39.69980365],[-93.9809727,39.68350677],[-93.9550379,39.66664888],[-93.9040308,39.63366889],[-93.9022019,39.63249969],[-93.8530237,39.60116204],[-93.8218481,39.58149264],[-93.8020167,39.56894092],[-93.7510096,39.53718532],[-93.7400529,39.53048556],[-93.7000025,39.50607335],[-93.6556774,39.47947847],[-93.6489954,39.47548203],[-93.5979884,39.44567444],[-93.5678824,39.42847139],[-93.5469813,39.41664069],[-93.4959742,39.38841029],[-93.4754993,39.37746431],[-93.4449671,39.36139456],[-93.39396,39.33546859],[-93.3755975,39.32645723],[-93.342953,39.31072847],[-93.2919459,39.28724632],[-93.2649606,39.27545014],[-93.2409388,39.26525472],[-93.1899317,39.24479339],[-93.1389247,39.22577473],[-93.1351535,39.22444309],[-93.0879176,39.20848481],[-93.0369105,39.19281585],[-92.9859034,39.17862095],[-92.9654804,39.17343601],[-92.9348964,39.16612588],[-92.8838893,39.15533435],[-92.8328822,39.14597169],[-92.7818751,39.13809835],[-92.730868,39.13155965],[-92.679861,39.12637789],[-92.6288539,39.12296773],[-92.620402,39.12242893],[-92.5778468,39.11996533],[-92.5268397,39.11857374],[-92.4758326,39.11831814],[-92.4248256,39.11906958],[-92.3738185,39.12076233],[-92.3421056,39.12242893],[-92.3228114,39.12348406],[-92.2718043,39.12738111],[-92.2207972,39.13230241],[-92.1697902,39.13829152],[-92.1187831,39.1453561],[-92.067776,39.15364782],[-92.0167689,39.16333759],[-91.9720114,39.17343601],[-91.9657618,39.17490227],[-91.9147548,39.19027416],[-91.8637477,39.20910954],[-91.8326434,39.22444309],[-91.8127406,39.23421791],[-91.7617336,39.2651],[-91.7422189,39.27545014],[-91.7107265,39.29303872],[-91.6597194,39.31262939],[-91.6087123,39.31564355],[-91.5577052,39.29719003],[-91.5066982,39.27646869],[-91.5040584,39.27545014],[-91.4556911,39.25821752],[-91.404684,39.24108259],[-91.3544707,39.22444309],[-91.3536769,39.22419816],[-91.3026698,39.21203695],[-91.2516628,39.200937],[-91.2006557,39.1912632],[-91.1496486,39.18304892],[-91.0986415,39.176125],[-91.0749478,39.17343601],[-91.0476345,39.17019754],[-90.9966274,39.16470261],[-90.9456203,39.1593383],[-90.8946132,39.15393722],[-90.8436061,39.1482648],[-90.7925991,39.14221933],[-90.741592,39.13576885],[-90.6905849,39.12875984],[-90.6494334,39.12242893],[-90.6395778,39.12064542],[-90.5885707,39.10997156],[-90.5375637,39.09786307],[-90.4865566,39.08341805],[-90.4498436,39.07142184],[-90.4355495,39.06577577],[-90.3845425,39.04457772],[-90.3335353,39.02239222],[-90.3294126,39.02041476],[-90.2825283,38.98535226],[-90.2651532,38.96940768],[-90.2684166,38.91840059],[-90.2825283,38.88990458],[-90.2948939,38.86739354],[-90.2825283,38.84746933],[-90.2647728,38.81638646],[-90.2315212,38.77889372],[-90.2185187,38.76537938],[-90.1805141,38.73490149],[-90.1534379,38.71437229],[-90.1295071,38.69635929],[-90.0983897,38.66336521],[-90.0785,38.63765482],[-90.0657768,38.61235813],[-90.0466377,38.56135108],[-90.0383973,38.51034399],[-90.042114,38.45933691],[-90.054723,38.40832983],[-90.0714576,38.35732275],[-90.0785,38.34456613],[-90.0983324,38.30631566],[-90.1164569,38.25530858],[-90.1211506,38.20430153],[-90.1256495,38.15329445],[-90.1295071,38.11539124],[-90.1436716,38.10228736],[-90.1805141,38.06153951],[-90.2315212,38.08244983],[-90.2754816,38.10228736],[-90.2825283,38.10546277],[-90.3335353,38.11254603],[-90.3560771,38.10228736],[-90.3831306,38.05128028],[-90.3845425,38.02054583],[-90.3851938,38.0002732],[-90.3845425,37.99400778],[-90.3794056,37.94926612],[-90.3678525,37.89825903],[-90.349834,37.84725198],[-90.3335353,37.81020986],[-90.3267296,37.7962449],[-90.2973756,37.74523782],[-90.2825283,37.72325994],[-90.2597346,37.69423073],[-90.2315212,37.66581398],[-90.2023363,37.64322365],[-90.1805141,37.62919813],[-90.1295071,37.60118929],[-90.1121374,37.59221657],[-90.0785,37.57813441],[-90.0274929,37.55455357],[-90.008441,37.54120952],[-89.9764858,37.52515369],[-89.9392703,37.49020243],[-89.9254787,37.4811747],[-89.8879871,37.43919535],[-89.8744717,37.42656706],[-89.8361584,37.38818827],[-89.8234646,37.37516037],[-89.7807099,37.33718118],[-89.7724575,37.32951425],[-89.7214504,37.29139938],[-89.7119695,37.2861741],[-89.6704433,37.2633363],[-89.6194363,37.24071396],[-89.6062621,37.23516702],[-89.5684292,37.21996276],[-89.5174221,37.19812293],[-89.4869839,37.18415997],[-89.466415,37.17545912],[-89.4154079,37.15269636],[-89.3785614,37.13315288],[-89.3644009,37.12728175],[-89.3133938,37.10503069],[-89.2740441,37.0821458],[-89.2623867,37.07812442],[-89.2113796,37.06186144],[-89.1787657,37.03113872],[-89.162983,36.98013164],[-89.1603726,36.940956],[-89.156903,36.92912455],[-89.1603726,36.92037676],[-89.1692892,36.87811747],[-89.2113796,36.84996245],[-89.243021,36.82711042],[-89.2623867,36.82043788],[-89.3133938,36.80715854],[-89.3644009,36.80157562],[-89.4154079,36.7909342],[-89.4637295,36.77610334],[-89.4565259,36.72509625],[-89.4154079,36.67637558],[-89.4132186,36.67408917],[-89.3644009,36.62359135],[-89.3637487,36.62308209],[-89.3133938,36.57969465],[-89.3010918,36.572075],[-89.2623867,36.54383738],[-89.2113796,36.52274153],[-89.2040159,36.52106795],[-89.1603726,36.50829903],[-89.1093655,36.50304922],[-89.070276,36.52106795],[-89.0614217,36.572075],[-89.0583584,36.61138864],[-89.0568164,36.62308209],[-89.047135,36.67408917],[-89.027708,36.72509625],[-89.0073513,36.75031772],[-88.9563442,36.75702828],[-88.9053372,36.74534704],[-88.8543301,36.72565045],[-88.8533329,36.72509625],[-88.803323,36.69967889],[-88.7578307,36.67408917],[-88.752316,36.67111247],[-88.7013089,36.64174001],[-88.6674632,36.62308209],[-88.6503018,36.6140362],[-88.5992947,36.58953622],[-88.5555041,36.572075],[-88.5482876,36.56939962],[-88.4972806,36.55359473],[-88.4462735,36.54225656],[-88.3952664,36.53481665],[-88.3442593,36.53118912],[-88.2932522,36.53166258],[-88.2422452,36.53547533],[-88.1912381,36.54202198],[-88.140231,36.55094611],[-88.0892239,36.56211643],[-88.0520497,36.572075],[-88.0382168,36.57579328],[-87.9872098,36.59192202],[-87.9362027,36.60766373],[-87.8851956,36.62261332],[-87.8834985,36.62308209],[-87.8341885,36.63688013],[-87.7831814,36.64962965],[-87.7321744,36.66064911],[-87.6811673,36.67014233],[-87.6616358,36.67408917],[-87.6301602,36.6808983],[-87.5791531,36.69271329],[-87.528146,36.70653719],[-87.4815709,36.72509625],[-87.477139,36.7270672],[-87.4261319,36.75307891],[-87.3828993,36.77610334],[-87.3751248,36.77995282],[-87.3241178,36.81812355],[-87.2876335,36.82711042],[-87.2731107,36.83393839],[-87.2245682,36.87811747],[-87.2221036,36.88514525],[-87.2075717,36.92912455],[-87.1982629,36.98013164],[-87.1909744,37.03113872],[-87.1839137,37.0821458],[-87.1762148,37.13315288],[-87.1710965,37.1631503],[-87.1672234,37.18415997],[-87.1562193,37.23516702],[-87.1427823,37.2861741],[-87.1264855,37.33718118],[-87.1200894,37.35488173],[-87.1043015,37.38818827],[-87.0766544,37.43919535],[-87.0690824,37.45232229],[-87.0369272,37.49020243],[-87.0180753,37.51183158],[-86.9764251,37.54120952],[-86.9670682,37.54805946],[-86.9160611,37.58531631],[-86.9075385,37.59221657],[-86.8650541,37.62816078],[-86.8475326,37.64322365],[-86.814047,37.67323677],[-86.7905869,37.69423073],[-86.7630399,37.72028872],[-86.7363258,37.74523782],[-86.7120328,37.77054809],[-86.6817748,37.7962449],[-86.6610257,37.81811575],[-86.6251827,37.84725198],[-86.6100187,37.86211192],[-86.5657775,37.89825903],[-86.5590116,37.90470846],[-86.5080045,37.94624817],[-86.503822,37.94926612],[-86.4569974,37.98713524],[-86.4387876,38.0002732],[-86.4059903,38.02591396],[-86.3698468,38.05128028],[-86.3549833,38.06239941],[-86.3039762,38.09701777],[-86.2953922,38.10228736],[-86.2529691,38.12959544],[-86.2126005,38.15329445],[-86.201962,38.15977595],[-86.1509549,38.18805613],[-86.1188634,38.20430153],[-86.0999479,38.21416319],[-86.0489408,38.23835791],[-86.0095553,38.25530858],[-85.9979337,38.26046257],[-85.9469267,38.28119286],[-85.8959196,38.2996388],[-85.8755424,38.30631566],[-85.8449125,38.31661511],[-85.7939054,38.33187247],[-85.7428983,38.34528292],[-85.6918913,38.35585887],[-85.6850676,38.35732275],[-85.6408842,38.3672202],[-85.5898771,38.37608631],[-85.53887,38.38332278],[-85.4878629,38.38917266],[-85.4368559,38.39380892],[-85.3858488,38.39695081],[-85.3348417,38.39866688],[-85.2838346,38.39910961],[-85.2328275,38.39818169],[-85.1818205,38.39613238],[-85.1308134,38.39272371],[-85.0798063,38.38816059],[-85.0287992,38.38254093],[-84.9777922,38.37604976],[-84.9267851,38.3684063],[-84.875778,38.35970801],[-84.8627175,38.35732275],[-84.8247709,38.3505772],[-84.7737638,38.34053019],[-84.7227568,38.32940834],[-84.6717497,38.31714968],[-84.6297946,38.30631566],[-84.6207426,38.3039892],[-84.5697355,38.28969895],[-84.5187284,38.27371115],[-84.4677214,38.25739644],[-84.4622907,38.25530858],[-84.4167143,38.23724651],[-84.3657072,38.21691727],[-84.3359596,38.20430153],[-84.3147002,38.19523812],[-84.2636931,38.17193462],[-84.2247194,38.15329445],[-84.212686,38.14750774],[-84.1616789,38.12184264],[-84.1250385,38.10228736],[-84.1106718,38.09461977],[-84.0596648,38.06647533],[-84.0329959,38.05128028],[-84.0086577,38.03733272],[-83.9576506,38.0071073],[-83.9464187,38.0002732],[-83.9066435,37.97607288],[-83.8638546,37.94926612],[-83.8556364,37.94408615],[-83.8046294,37.91140719],[-83.7844013,37.89825903],[-83.7536223,37.87825186],[-83.7072683,37.84725198],[-83.7026152,37.84415959],[-83.6516081,37.81014571],[-83.6310871,37.7962449],[-83.600601,37.77572502],[-83.5557336,37.74523782],[-83.549594,37.74103907],[-83.4985869,37.70613465],[-83.4813034,37.69423073],[-83.4475798,37.67115655],[-83.4071437,37.64322365],[-83.3965727,37.63592134],[-83.3455656,37.60125976],[-83.3323141,37.59221657],[-83.2945586,37.56645139],[-83.2572003,37.54120952],[-83.2435515,37.53204976],[-83.1925444,37.49767485],[-83.181258,37.49020243],[-83.1415373,37.46408452],[-83.1036854,37.43919535],[-83.0905303,37.43060456],[-83.0395232,37.39797229],[-83.0237348,37.38818827],[-82.9885161,37.36636348],[-82.943015,37.33718118],[-82.937509,37.33379477],[-82.886502,37.30622305],[-82.8510315,37.2861741],[-82.8354949,37.27745545],[-82.7844878,37.24972279],[-82.7570169,37.23516702],[-82.7334807,37.22278917],[-82.6824737,37.19710325],[-82.6563896,37.18415997],[-82.6314666,37.1717935],[-82.5804595,37.14730629],[-82.5499932,37.13315288],[-82.5294524,37.12361044],[-82.4784453,37.10034418],[-82.437417,37.0821458],[-82.4274383,37.07771968],[-82.3764312,37.05589477],[-82.3254241,37.03432367],[-82.3175633,37.03113872],[-82.274417,37.01380652],[-82.2234099,36.99288078],[-82.1913955,36.98013164],[-82.1724029,36.97256765],[-82.1213958,36.95242063],[-82.0703887,36.93261004],[-82.0611533,36.92912455],[-82.0193816,36.91335981],[-81.9683745,36.8947402],[-81.9280742,36.87811747],[-81.9173675,36.87383023],[-81.8663604,36.85826216],[-81.8153533,36.84080589],[-81.7751158,36.82711042],[-81.7643462,36.82336488],[-81.7133391,36.80718971],[-81.6623321,36.79124926],[-81.6209007,36.77610334],[-81.611325,36.77272499],[-81.5603179,36.76095481],[-81.5093109,36.74740501],[-81.4583038,36.73422222],[-81.4277067,36.72509625],[-81.4072967,36.71909604],[-81.3562896,36.71102252],[-81.3052825,36.70095739],[-81.2542755,36.69290634],[-81.2032684,36.68599556],[-81.1522613,36.68121518],[-81.1012542,36.68081119],[-81.0502471,36.67845593],[-81.0279316,36.67408917],[-80.9992401,36.66818984],[-80.948233,36.66574149],[-80.8972259,36.66503721],[-80.8462188,36.65973749],[-80.7952117,36.65193387],[-80.7442047,36.64352035],[-80.6931976,36.63736355],[-80.6421905,36.63348768],[-80.5911834,36.63248155],[-80.5401764,36.63397441],[-80.4891693,36.63921395],[-80.4381622,36.64722664],[-80.3871551,36.65776667],[-80.336148,36.66740999],[-80.3176279,36.67408917],[-80.285141,36.68581626],[-80.2341339,36.70310981],[-80.1831268,36.71960749],[-80.1712961,36.72509625],[-80.1321198,36.74285278],[-80.0811126,36.76484486],[-80.0571895,36.77610334],[-80.0301056,36.78788015],[-79.9790985,36.81133879],[-79.9472126,36.82711042],[-79.9280914,36.83599474],[-79.8770844,36.8605635],[-79.8416228,36.87811747],[-79.8260773,36.88559092],[-79.7750702,36.9111251],[-79.7400549,36.92912455],[-79.7240631,36.93719376],[-79.673056,36.96323963],[-79.6407295,36.98013164],[-79.622049,36.98980529],[-79.5710419,37.01680206],[-79.5440436,37.03113872],[-79.5200348,37.04388786],[-79.4690277,37.07151528],[-79.44916,37.0821458],[-79.4180206,37.09895582],[-79.3670136,37.12694266],[-79.3555088,37.13315288],[-79.3160065,37.15466781],[-79.2649994,37.18034471],[-79.2581817,37.18415997],[-79.2139923,37.21094683],[-79.1699925,37.23516702],[-79.1629852,37.23909634],[-79.1119782,37.26786923],[-79.0790294,37.2861741],[-79.0609711,37.29669316],[-79.009964,37.32601853],[-78.9902872,37.33718118],[-78.9589569,37.3554838],[-78.9079498,37.38528129],[-78.902888,37.38818827],[-78.8569428,37.41565925],[-78.8175787,37.43919535],[-78.8059357,37.44637937],[-78.7549286,37.47757824],[-78.7340339,37.49020243],[-78.7039215,37.50939468],[-78.6572812,37.54120952],[-78.6529145,37.54415361],[-78.6019074,37.57441382],[-78.5734854,37.59221657],[-78.5509003,37.60701455],[-78.4998932,37.63947812],[-78.4939517,37.64322365],[-78.4488862,37.67292353],[-78.4154059,37.69423073],[-78.3978791,37.70564323],[-78.346872,37.73878811],[-78.3370385,37.74523782],[-78.2958649,37.77314527],[-78.2617846,37.7962449],[-78.2448579,37.80797743],[-78.1938508,37.84431593],[-78.1900865,37.84725198],[-78.1428437,37.88410052],[-78.1265696,37.89825903],[-78.0918366,37.92788243],[-78.0688784,37.94926612],[-78.0408295,37.97539141],[-78.0156996,38.0002732],[-77.9898225,38.02615038],[-77.9671609,38.05128028],[-77.9388154,38.08302734],[-77.9249599,38.10228736],[-77.8905861,38.15329445],[-77.8878083,38.15791258],[-77.8686781,38.20430153],[-77.8528642,38.25530858],[-77.8423929,38.30631566],[-77.8368012,38.33453796],[-77.8328628,38.35732275],[-77.7952581,38.40832983],[-77.7857941,38.41290735],[-77.7347871,38.43501364],[-77.68378,38.45194561],[-77.6583592,38.45933691],[-77.6327729,38.4649055],[-77.5817658,38.47563501],[-77.5307587,38.48571994],[-77.4797517,38.49532897],[-77.4287446,38.50477202],[-77.4014821,38.51034399],[-77.3777375,38.5149022],[-77.3267304,38.52585029],[-77.2757233,38.53758714],[-77.2247163,38.54999174],[-77.1798807,38.56135108],[-77.1737092,38.56287773],[-77.1227021,38.57606087],[-77.0716951,38.58940671],[-77.020688,38.60287915],[-76.9848405,38.61235813],[-76.9696809,38.61632234],[-76.9186738,38.62938572],[-76.8676667,38.64216437],[-76.8166597,38.65459652],[-76.7790503,38.66336521],[-76.7656526,38.66644681],[-76.7146455,38.6773139],[-76.6636384,38.68769778],[-76.6126313,38.6976142],[-76.5616243,38.70713191],[-76.5212142,38.71437229],[-76.5106172,38.71620931],[-76.4596101,38.72436257],[-76.408603,38.73237513],[-76.357596,38.74030946],[-76.3065889,38.74807268],[-76.2555818,38.75461517],[-76.2045747,38.75905882],[-76.1535676,38.75962272],[-76.1025606,38.75243669],[-76.0515535,38.72450548],[-76.0461031,38.71437229],[-76.0333114,38.66336521],[-76.038652,38.61235813],[-76.0515535,38.58947295],[-76.0871101,38.56135108],[-76.1025606,38.53815676],[-76.12904,38.51034399],[-76.1535676,38.46003362],[-76.1539336,38.45933691],[-76.1675105,38.40832983],[-76.1738704,38.35732275],[-76.1784629,38.30631566],[-76.1836606,38.25530858],[-76.1905925,38.20430153],[-76.1994729,38.15329445],[-76.2045747,38.13103216],[-76.2112876,38.10228736],[-76.2258398,38.05128028],[-76.2415534,38.0002732],[-76.2555818,37.95967111],[-76.2591931,37.94926612],[-76.2784089,37.89825903],[-76.2981664,37.84725198],[-76.3065889,37.82580734],[-76.3181777,37.7962449],[-76.3376619,37.74523782],[-76.3563538,37.69423073],[-76.357596,37.69062132],[-76.3737217,37.64322365],[-76.3890833,37.59221657],[-76.402179,37.54120952],[-76.408603,37.51033625],[-76.4128946,37.49020243],[-76.4197861,37.43919535],[-76.4205915,37.38818827],[-76.4123648,37.33718118],[-76.408603,37.32840586],[-76.3911318,37.2861741],[-76.357596,37.24368853],[-76.3510463,37.23516702],[-76.3065889,37.19200346],[-76.2989062,37.18415997],[-76.2555818,37.14505659],[-76.2415097,37.13315288],[-76.2045747,37.10434147],[-76.1719382,37.0821458],[-76.1535676,37.06990673],[-76.1025606,37.04329327],[-76.0631241,37.03113872],[-76.0515535,37.02709744],[-76.0005464,37.02217817],[-75.9495393,37.01904447],[-75.8985322,37.00909873],[-75.8475252,36.99496022],[-75.799512,36.98013164],[-75.7965181,36.97902409],[-75.745511,36.95997107],[-75.694504,36.9425791],[-75.6523016,36.92912455],[-75.6434969,36.9257448],[-75.5924898,36.90931912],[-75.5414827,36.89424383],[-75.4904756,36.87979517],[-75.4843767,36.87811747],[-75.4394686,36.86349123],[-75.3884615,36.84807368],[-75.3374544,36.83346424],[-75.3153233,36.82711042],[-75.2864473,36.81770936],[-75.2736857,36.77610334],[-75.2736756,36.72509625],[-75.2736671,36.67408917],[-75.2736606,36.62308209],[-75.2864473,36.61029542],[-75.3246622,36.572075],[-75.3247018,36.572075],[-75.3374544,36.58234863],[-75.3884615,36.60002881],[-75.436881,36.62308209],[-75.4394686,36.62402766],[-75.4904756,36.64340926],[-75.5414827,36.6705977],[-75.5471801,36.67408917],[-75.5924898,36.69632524],[-75.6365508,36.72509625],[-75.6434969,36.72874121],[-75.694504,36.7604909],[-75.7143741,36.77610334],[-75.745511,36.79531983],[-75.7849886,36.82711042],[-75.7965181,36.83357752],[-75.8475252,36.8678619],[-75.8602235,36.87811747],[-75.8985322,36.89238882],[-75.9495393,36.91010223],[-76.0005464,36.92154521],[-76.0139659,36.92912455],[-76.0515535,36.93925151],[-76.1025606,36.96600886],[-76.1205756,36.98013164],[-76.1535676,36.99837358],[-76.1990478,37.03113872],[-76.2045747,37.03476074],[-76.2555818,37.07320753],[-76.2662972,37.0821458],[-76.3065889,37.11602716],[-76.3277104,37.13315288],[-76.357596,37.15834659],[-76.3894909,37.18415997],[-76.408603,37.20231413],[-76.4426955,37.23516702],[-76.4596101,37.2565057],[-76.483674,37.2861741],[-76.5078443,37.33718118],[-76.5106172,37.35177088],[-76.518322,37.38818827],[-76.5187107,37.43919535],[-76.5125484,37.49020243],[-76.5106172,37.49945313],[-76.5026416,37.54120952],[-76.4897061,37.59221657],[-76.4740093,37.64322365],[-76.4596101,37.68365006],[-76.4561602,37.69423073],[-76.4383665,37.74523782],[-76.4196388,37.7962449],[-76.408603,37.82859825],[-76.4024605,37.84725198],[-76.3896923,37.89825903],[-76.3804215,37.94926612],[-76.3755721,38.0002732],[-76.3759469,38.05128028],[-76.3823267,38.10228736],[-76.395301,38.15329445],[-76.408603,38.18876642],[-76.4159589,38.20430153],[-76.4466105,38.25530858],[-76.4596101,38.27354796],[-76.4909349,38.30631566],[-76.5106172,38.32516782],[-76.5577717,38.35732275],[-76.5616243,38.35966204],[-76.6126313,38.38165763],[-76.6636384,38.39493415],[-76.7146455,38.40180283],[-76.7656526,38.40364704],[-76.8166597,38.4012241],[-76.8676667,38.39572614],[-76.9186738,38.38801455],[-76.9696809,38.3784774],[-77.020688,38.36731083],[-77.0609547,38.35732275],[-77.0716951,38.35457577],[-77.1227021,38.33974086],[-77.1737092,38.323248],[-77.2210346,38.30631566],[-77.2247163,38.30488793],[-77.2757233,38.28212517],[-77.3207008,38.25530858],[-77.3267304,38.25045221],[-77.3727345,38.20430153],[-77.3777375,38.19718184],[-77.4041297,38.15329445],[-77.4240014,38.10228736],[-77.4287446,38.08398909],[-77.4364045,38.05128028],[-77.4444013,38.0002732],[-77.4510904,37.94926612],[-77.4582309,37.89825903],[-77.4655752,37.84725198],[-77.4731058,37.7962449],[-77.4797517,37.75072239],[-77.4806284,37.74523782],[-77.4887126,37.69423073],[-77.4987004,37.64322365],[-77.5119769,37.59221657],[-77.5284017,37.54120952],[-77.5307587,37.53479323],[-77.5501663,37.49020243],[-77.5746638,37.43919535],[-77.5817658,37.42524143],[-77.6030242,37.38818827],[-77.6327729,37.33993276],[-77.6346016,37.33718118],[-77.6663528,37.2861741],[-77.68378,37.25824055],[-77.6993309,37.23516702],[-77.7323121,37.18415997],[-77.7347871,37.18015664],[-77.766082,37.13315288],[-77.7857941,37.10244381],[-77.7997885,37.0821458],[-77.8335932,37.03113872],[-77.8368012,37.02606177],[-77.8679936,36.98013164],[-77.8878083,36.94969831],[-77.9022378,36.92912455],[-77.9365898,36.87811747],[-77.9388154,36.87463558],[-77.9719228,36.82711042],[-77.9898225,36.80026047],[-78.0073019,36.77610334],[-78.0408295,36.72842866],[-78.0433918,36.72509625],[-78.0813722,36.67408917],[-78.0918366,36.6600706],[-78.1223102,36.62308209],[-78.1428437,36.5983133],[-78.1669699,36.572075],[-78.1938508,36.54284239],[-78.2160421,36.52106795],[-78.2448579,36.49296767],[-78.2706474,36.47006087],[-78.2958649,36.44766321],[-78.3307607,36.41905379],[-78.346872,36.40592575],[-78.3933043,36.3680467],[-78.3978791,36.36449375],[-78.4488862,36.33033238],[-78.4680372,36.31703962],[-78.4998932,36.29453046],[-78.539886,36.26603254],[-78.5509003,36.25768405],[-78.6019074,36.21905932],[-78.6065092,36.21502546],[-78.6529145,36.16978799],[-78.6588789,36.1640184],[-78.7039215,36.1183567],[-78.7089565,36.11301132],[-78.7549286,36.06587053],[-78.7583233,36.06200424],[-78.7986543,36.01099716],[-78.8059357,36.00229246],[-78.8400338,35.95999007],[-78.8569428,35.93901267],[-78.8802997,35.90898299],[-78.9079498,35.87369853],[-78.9198533,35.85797591],[-78.9589569,35.81188193],[-78.9627961,35.80696886],[-79.0032718,35.75596177],[-79.009964,35.74915151],[-79.0552272,35.70495469],[-79.0609711,35.70006493],[-79.1119782,35.65777319],[-79.1167661,35.65394761],[-79.1629852,35.62147524],[-79.1905494,35.60294052],[-79.2139923,35.58914054],[-79.2649994,35.56021124],[-79.2800647,35.55193344],[-79.3160065,35.53274727],[-79.3670136,35.50497484],[-79.374449,35.50092639],[-79.4180206,35.4771177],[-79.4652763,35.44991931],[-79.4690277,35.44785702],[-79.5200348,35.42331432],[-79.5663678,35.39891222],[-79.5710419,35.39659696],[-79.622049,35.37508107],[-79.673056,35.35349301],[-79.6872122,35.34790514],[-79.7240631,35.33354777],[-79.7750702,35.31488315],[-79.8260773,35.29918093],[-79.8328979,35.29689806],[-79.8770844,35.28162903],[-79.9280914,35.26708484],[-79.9790985,35.25377405],[-80.0130819,35.24589098],[-80.0301056,35.2419667],[-80.0811126,35.23161233],[-80.1321198,35.22254019],[-80.1831268,35.21480945],[-80.2341339,35.20848138],[-80.285141,35.20335555],[-80.336148,35.19940371],[-80.3871551,35.19669747],[-80.4381622,35.19650658],[-80.4622028,35.19488389],[-80.4891693,35.19309357],[-80.5172918,35.19488389],[-80.5401764,35.19633288],[-80.5911834,35.19633566],[-80.6421905,35.19867815],[-80.6931976,35.20179952],[-80.7442047,35.20553485],[-80.7952117,35.21009256],[-80.8462188,35.21519417],[-80.8972259,35.2202305],[-80.948233,35.22513963],[-80.9992401,35.22977513],[-81.0502471,35.23399397],[-81.1012542,35.23788167],[-81.1522613,35.24243712],[-81.1774861,35.24589098],[-81.2032684,35.24956488],[-81.2542755,35.25891218],[-81.3052825,35.26984928],[-81.3562896,35.2823461],[-81.4072967,35.2950637],[-81.4130806,35.29689806],[-81.4583038,35.31245899],[-81.5093109,35.32988679],[-81.5550167,35.34790514],[-81.5603179,35.35003021],[-81.611325,35.36881092],[-81.6623321,35.39007444],[-81.6829129,35.39891222],[-81.7133391,35.41246659],[-81.7643462,35.43594104],[-81.7941675,35.44991931],[-81.8153533,35.46020332],[-81.8663604,35.48545981],[-81.8969971,35.50092639],[-81.9173675,35.51155438],[-81.9683745,35.53837206],[-81.994106,35.55193344],[-82.0193816,35.56557737],[-82.0703887,35.59279226],[-82.0896242,35.60294052],[-82.1213958,35.62011742],[-82.1724029,35.64733349],[-82.184965,35.65394761],[-82.2234099,35.67455313],[-82.274417,35.70170821],[-82.2805567,35.70495469],[-82.3254241,35.72911358],[-82.3723621,35.75596177],[-82.3764312,35.75823786],[-82.4274383,35.78408293],[-82.4698965,35.80696886],[-82.4784453,35.81164651],[-82.5294524,35.83962572],[-82.5631165,35.85797591],[-82.5804595,35.86757405],[-82.6314666,35.89599784],[-82.6546101,35.90898299],[-82.6824737,35.92479789],[-82.7334807,35.95374731],[-82.7443324,35.95999007],[-82.7844878,35.98327113],[-82.8319913,36.01099716],[-82.8354949,36.01306618],[-82.886502,36.04338916],[-82.917609,36.06200424],[-82.937509,36.07396023],[-82.9885161,36.10521008],[-83.0010879,36.11301132],[-83.0395232,36.13714843],[-83.0815064,36.1640184],[-83.0905303,36.16986378],[-83.1415373,36.20356983],[-83.1586516,36.21502546],[-83.1925444,36.23799043],[-83.2329591,36.26603254],[-83.2435515,36.27341227],[-83.2945586,36.30957731],[-83.3049041,36.31703962],[-83.3455656,36.34648969],[-83.3746671,36.3680467],[-83.3965727,36.38434042],[-83.4422283,36.41905379],[-83.4475798,36.4231396],[-83.4985869,36.46271722],[-83.5079019,36.47006087],[-83.549594,36.50306728],[-83.5718621,36.52106795],[-83.600601,36.54429863],[-83.6342698,36.572075],[-83.6516081,36.58637893],[-83.6956528,36.62308209],[-83.7026152,36.62888419],[-83.7536223,36.67007286],[-83.7582646,36.67408917],[-83.8046294,36.71554327],[-83.8157291,36.72509625],[-83.8556364,36.75930258],[-83.8750525,36.77610334],[-83.9066435,36.80321783],[-83.93435,36.82711042],[-83.9576506,36.84696257],[-83.9942173,36.87811747],[-84.0086577,36.89027496],[-84.0545869,36.92912455],[-84.0596648,36.93333635],[-84.1106718,36.97550042],[-84.1162678,36.98013164],[-84.1616789,37.01700731],[-84.1792444,37.03113872],[-84.212686,37.05754628],[-84.2442805,37.0821458],[-84.2636931,37.09693283],[-84.3121613,37.13315288],[-84.3147002,37.13500993],[-84.3657072,37.17163901],[-84.383648,37.18415997],[-84.4167143,37.20653826],[-84.4605435,37.23516702],[-84.4677214,37.23977799],[-84.5187284,37.27177001],[-84.542762,37.2861741],[-84.5697355,37.30223572],[-84.6207426,37.33154478],[-84.6309728,37.33718118],[-84.6717497,37.35943509],[-84.7227568,37.38586033],[-84.7275011,37.38818827],[-84.7737638,37.41067893],[-84.8247709,37.4338485],[-84.837323,37.43919535],[-84.875778,37.45538107],[-84.9267851,37.47514062],[-84.9695863,37.49020243],[-84.9777922,37.49306485],[-85.0287992,37.50937359],[-85.0798063,37.52372811],[-85.1308134,37.5363606],[-85.1537973,37.54120952],[-85.1818205,37.5470732],[-85.2328275,37.55617313],[-85.2838346,37.56335737],[-85.3348417,37.56877466],[-85.3858488,37.57251904],[-85.4368559,37.57466594],[-85.4878629,37.57516913],[-85.53887,37.57423689],[-85.5898771,37.57185037],[-85.6408842,37.56799196],[-85.6918913,37.5629551],[-85.7428983,37.55655847],[-85.7939054,37.54898626],[-85.8343451,37.54120952],[-85.8449125,37.5393055],[-85.8959196,37.53121327],[-85.9469267,37.52150041],[-85.9979337,37.51124975],[-86.0489408,37.5006866],[-86.0937589,37.49020243],[-86.0999479,37.48884676],[-86.1509549,37.47922518],[-86.201962,37.46864805],[-86.2529691,37.4581968],[-86.3039762,37.44803742],[-86.3497862,37.43919535],[-86.3549833,37.43823294],[-86.4059903,37.42909098],[-86.4569974,37.42029791],[-86.5080045,37.4120003],[-86.5590116,37.40410177],[-86.6100187,37.39652859],[-86.6610257,37.3890552],[-86.6667336,37.38818827],[-86.7120328,37.3815861],[-86.7630399,37.37411196],[-86.814047,37.36153018],[-86.8474559,37.33718118],[-86.8650541,37.32537058],[-86.9160611,37.2908925],[-86.9243986,37.2861741],[-86.9670682,37.26163194],[-86.9948338,37.23516702],[-87.0180753,37.20939229],[-87.0317862,37.18415997],[-87.0545472,37.13315288],[-87.0690824,37.09274262],[-87.071875,37.0821458],[-87.0837068,37.03113872],[-87.094909,36.98013164],[-87.107892,36.92912455],[-87.1200894,36.89813988],[-87.1268114,36.87811747],[-87.161981,36.82711042],[-87.1710965,36.8191013],[-87.2221036,36.79568045],[-87.2731107,36.78744924],[-87.3083928,36.77610334],[-87.31272,36.72509625],[-87.3145379,36.67408917],[-87.3241178,36.65964474],[-87.3751248,36.62357633],[-87.3764773,36.62308209],[-87.4261319,36.60894426],[-87.477139,36.59740931],[-87.528146,36.5882381],[-87.5791531,36.58043701],[-87.6301602,36.5728874],[-87.634977,36.572075],[-87.6811673,36.56380819],[-87.7321744,36.55246904],[-87.7831814,36.53882501],[-87.8341885,36.52364745],[-87.8425904,36.52106795],[-87.8851956,36.50714467],[-87.9362027,36.49061754],[-87.9872098,36.47404927],[-87.9991421,36.47006087],[-88.0382168,36.45631192],[-88.0892239,36.4385344],[-88.140231,36.42139496],[-88.1480258,36.41905379],[-88.1912381,36.40498355],[-88.2422452,36.38968702],[-88.2932522,36.37508834],[-88.3193705,36.3680467],[-88.3442593,36.36034022],[-88.3952664,36.34436844],[-88.4462735,36.32606307],[-88.4694406,36.31703962],[-88.4972806,36.30349758],[-88.5482876,36.27523354],[-88.5633977,36.26603254],[-88.5992947,36.23687393],[-88.6220895,36.21502546],[-88.6381401,36.1640184],[-88.6503018,36.12788015],[-88.6566078,36.11301132],[-88.677034,36.06200424],[-88.6964288,36.01099716],[-88.7013089,35.99764444],[-88.7199416,35.95999007],[-88.74737,35.90898299],[-88.752316,35.89994358],[-88.7857518,35.85797591],[-88.803323,35.83496972],[-88.8330327,35.80696886],[-88.8543301,35.78534146],[-88.8938088,35.75596177],[-88.9053372,35.74696374],[-88.9563442,35.71792892],[-88.9899726,35.70495469],[-89.0073513,35.69797473],[-89.0583584,35.68524176],[-89.1093655,35.6795731],[-89.1603726,35.67997133],[-89.2113796,35.68674426],[-89.2623867,35.69981478],[-89.2756042,35.70495469],[-89.3133938,35.71988779],[-89.3644009,35.74874536],[-89.3737582,35.75596177],[-89.4154079,35.79138202],[-89.4290787,35.80696886],[-89.4624163,35.85797591],[-89.466415,35.86453132],[-89.4885543,35.90898299],[-89.5030626,35.95999007],[-89.5100661,36.01099716],[-89.5097608,36.06200424],[-89.5017413,36.11301132],[-89.4873302,36.1640184],[-89.4704982,36.21502546],[-89.466415,36.2302784],[-89.4566466,36.26603254],[-89.4488432,36.31703962],[-89.4477024,36.3680467],[-89.4529711,36.41905379],[-89.463731,36.47006087],[-89.466415,36.47786221],[-89.478976,36.52106795],[-89.4976872,36.572075],[-89.5167088,36.62308209],[-89.5174221,36.6247418],[-89.537601,36.67408917],[-89.5583948,36.72509625],[-89.5684292,36.74446605],[-89.5845659,36.77610334],[-89.5684292,36.79199484],[-89.5174221,36.82183911],[-89.5017825,36.82711042],[-89.466415,36.84988904],[-89.4154079,36.8689348],[-89.3644009,36.8760589],[-89.3268365,36.87811747],[-89.3133938,36.8851649],[-89.2623867,36.91972118],[-89.2576603,36.92912455],[-89.2623867,36.93908018],[-89.3133938,36.93868358],[-89.3644009,36.93829382],[-89.4154079,36.95661122],[-89.4481133,36.98013164],[-89.466415,36.98940324],[-89.5174221,37.02017317],[-89.5351075,37.03113872],[-89.5684292,37.04848268],[-89.6194363,37.07362454],[-89.6391967,37.0821458],[-89.6704433,37.09455886],[-89.7214504,37.11948514],[-89.738126,37.13315288],[-89.7724575,37.16076741],[-89.7955454,37.18415997],[-89.8234646,37.21197251],[-89.8558924,37.23516702],[-89.8744717,37.25092162],[-89.9254787,37.25315258],[-89.9764858,37.24183099],[-90.0171771,37.23516702],[-90.0274929,37.23329148],[-90.0785,37.22857931],[-90.1295071,37.22858385],[-90.1805141,37.23376898],[-90.1869568,37.23516702],[-90.2315212,37.24482346],[-90.2825283,37.2621488],[-90.3335353,37.28533426],[-90.3349399,37.2861741],[-90.3845425,37.31715858],[-90.4116545,37.33718118],[-90.4355495,37.35570864],[-90.4728021,37.38818827],[-90.4865566,37.40160983],[-90.5209994,37.43919535],[-90.5375637,37.46002537],[-90.5602814,37.49020243],[-90.5885707,37.53322709],[-90.5936871,37.54120952],[-90.6228863,37.59221657],[-90.6395778,37.62554883],[-90.6483623,37.64322365],[-90.670706,37.69423073],[-90.6896386,37.74523782],[-90.6905849,37.74820056],[-90.705908,37.7962449],[-90.7190619,37.84725198],[-90.73011,37.89825903],[-90.7394849,37.94926612],[-90.741592,37.96234327],[-90.7479054,38.0002732],[-90.7552746,38.05128028],[-90.7617589,38.10228736],[-90.7669809,38.15329445],[-90.770561,38.20430153],[-90.7716629,38.25530858],[-90.7691608,38.30631566],[-90.7611459,38.35732275],[-90.7477719,38.40832983],[-90.741592,38.43389793],[-90.7348113,38.45933691],[-90.7295792,38.51034399],[-90.7406098,38.56135108],[-90.741592,38.56326003],[-90.7649793,38.61235813],[-90.7925991,38.65127134],[-90.8009206,38.66336521],[-90.8436061,38.71321581],[-90.8445934,38.71437229],[-90.8933422,38.76537938],[-90.8946132,38.76660837],[-90.9456203,38.81543403],[-90.9466259,38.81638646],[-90.9966274,38.85937832],[-91.0060666,38.86739354],[-91.0476345,38.89806325],[-91.0757289,38.91840059],[-91.0986415,38.93208239],[-91.1496486,38.961834],[-91.1628029,38.96940768],[-91.2006557,38.98765043],[-91.2516628,39.01150206],[-91.2712294,39.02041476],[-91.3026698,39.03320274],[-91.3536769,39.05302165],[-91.4033578,39.07142184],[-91.404684,39.07188792],[-91.4556911,39.088401],[-91.5066982,39.10371718],[-91.5577052,39.11773913],[-91.6087123,39.11830628],[-91.6597194,39.10386382],[-91.7107265,39.08249294],[-91.7328165,39.07142184],[-91.7617336,39.05689499],[-91.8127406,39.02903156],[-91.8280361,39.02041476],[-91.8637477,39.00059888],[-91.9147548,38.97259038],[-91.9213972,38.96940768],[-91.9657618,38.94746845],[-92.0167689,38.92484698],[-92.032727,38.91840059],[-92.067776,38.90346671],[-92.1187831,38.88286009],[-92.15812,38.86739354],[-92.1697902,38.86208102],[-92.2207972,38.84021853],[-92.2718043,38.81875636],[-92.2777714,38.81638646],[-92.3228114,38.79610025],[-92.3738185,38.77372289],[-92.3937926,38.76537938],[-92.4248256,38.75079601],[-92.4758326,38.72767861],[-92.5062252,38.71437229],[-92.5268397,38.7042188],[-92.5778468,38.68019816],[-92.6145342,38.66336521],[-92.6288539,38.65590237],[-92.679861,38.63047453],[-92.7169641,38.61235813],[-92.730868,38.60452071],[-92.7818751,38.5768298],[-92.8110659,38.56135108],[-92.8328822,38.54765091],[-92.8838893,38.5162145],[-92.8937458,38.51034399],[-92.9348964,38.48017923],[-92.9635058,38.45933691],[-92.9859034,38.43812522],[-93.0177602,38.40832983],[-93.0369105,38.38295471],[-93.0566274,38.35732275],[-93.0804705,38.30631566],[-93.0879176,38.27354586],[-93.0921834,38.25530858],[-93.0947099,38.20430153],[-93.0919448,38.15329445],[-93.0879176,38.13743433],[-93.0802969,38.10228736],[-93.067643,38.05128028],[-93.0523314,38.0002732],[-93.0369105,37.95549336],[-93.0350441,37.94926612],[-93.0177557,37.89825903],[-93.0003158,37.84725198],[-92.9859034,37.8041239],[-92.9835308,37.7962449],[-92.9643319,37.74523782],[-92.9413854,37.69423073],[-92.9348964,37.68152061],[-92.9161358,37.64322365],[-92.8896749,37.59221657],[-92.8838893,37.58155769],[-92.8626895,37.54120952],[-92.8358618,37.49020243],[-92.8328822,37.48455949],[-92.8094372,37.43919535],[-92.7840774,37.38818827],[-92.7818751,37.38364411],[-92.7596608,37.33718118],[-92.7368646,37.2861741],[-92.730868,37.27087149],[-92.7171226,37.23516702],[-92.7008691,37.18415997],[-92.6878896,37.13315288],[-92.679861,37.09276731],[-92.6777525,37.0821458],[-92.6701432,37.03113872],[-92.6649971,36.98013164],[-92.6620663,36.92912455],[-92.6614971,36.87811747],[-92.664894,36.82711042],[-92.6721437,36.77610334],[-92.679861,36.73303712],[-92.6812557,36.72509625],[-92.691106,36.67408917],[-92.7015481,36.62308209],[-92.7124327,36.572075],[-92.7234704,36.52106795],[-92.730868,36.48694427],[-92.7344877,36.47006087],[-92.7452419,36.41905379],[-92.755656,36.3680467],[-92.7656636,36.31703962],[-92.7749885,36.26603254],[-92.7818751,36.22510353],[-92.7835593,36.21502546],[-92.7912268,36.1640184],[-92.7978186,36.11301132],[-92.8032063,36.06200424],[-92.8072623,36.01099716],[-92.8097989,35.95999007],[-92.8107291,35.90898299],[-92.8097678,35.85797591],[-92.8068145,35.80696886],[-92.8014719,35.75596177],[-92.7935076,35.70495469],[-92.783209,35.65394761],[-92.7818751,35.64935563],[-92.768317,35.60294052],[-92.7503733,35.55193344],[-92.730868,35.50794162],[-92.7277829,35.50092639],[-92.7003966,35.44991931],[-92.679861,35.41824932],[-92.6674244,35.39891222],[-92.6288539,35.3493157],[-92.627779,35.34790514],[-92.5831495,35.29689806],[-92.5778468,35.29176331],[-92.5308584,35.24589098],[-92.5268397,35.24248062],[-92.4758326,35.19880792],[-92.471301,35.19488389],[-92.4248256,35.15964552],[-92.4042174,35.14387684],[-92.3738185,35.1234249],[-92.3288707,35.09286976],[-92.3228114,35.08924254],[-92.2718043,35.0583852],[-92.2447222,35.04186268],[-92.2207972,35.02904916],[-92.1697902,35.00164956],[-92.1497707,34.99085559],[-92.1187831,34.97583359],[-92.067776,34.95100272],[-92.0450635,34.93984851],[-92.0167689,34.92703237],[-91.9657618,34.90379099],[-91.9332826,34.88884143],[-91.9147548,34.88093698],[-91.8637477,34.85897717],[-91.8151146,34.83783434],[-91.8127406,34.83687456],[-91.7617336,34.81598731],[-91.7107265,34.79486761],[-91.6916019,34.78682729],[-91.6597194,34.77435509],[-91.6087123,34.7541198],[-91.5634796,34.73582021],[-91.5577052,34.73364526],[-91.5066982,34.71407635],[-91.4556911,34.69404946],[-91.4328515,34.68481313],[-91.404684,34.67426203],[-91.3536769,34.65462298],[-91.3026698,34.63437351],[-91.3013054,34.63380604],[-91.2516628,34.61416143],[-91.2039039,34.58279896],[-91.2006557,34.58054453],[-91.1496486,34.54530425],[-91.1295658,34.53179188],[-91.0986415,34.50554689],[-91.0700292,34.48078483],[-91.0476345,34.45355361],[-91.0254088,34.42977774],[-90.9966274,34.40711935],[-90.9456203,34.40568529],[-90.8946132,34.42110762],[-90.8713638,34.42977774],[-90.8436061,34.44510482],[-90.7925991,34.47527028],[-90.7829591,34.48078483],[-90.741592,34.5089088],[-90.7022574,34.53179188],[-90.6905849,34.53963543],[-90.6395778,34.57072227],[-90.6172072,34.58279896],[-90.5885707,34.60053837],[-90.5375637,34.62816457],[-90.5262512,34.63380604],[-90.4865566,34.65663643],[-90.4355495,34.68194774],[-90.429355,34.68481313],[-90.3845425,34.70888505],[-90.3335353,34.73253819],[-90.3259234,34.73582021],[-90.2825283,34.75776106],[-90.2315212,34.78021778],[-90.2151332,34.78682729],[-90.1805141,34.80341394],[-90.1295071,34.82510855],[-90.0960687,34.83783434],[-90.0785,34.84589278],[-90.0274929,34.86716822],[-89.9764858,34.88583325],[-89.9675267,34.88884143],[-89.9254787,34.90609974],[-89.8744717,34.92468378],[-89.8272324,34.93984851],[-89.8234646,34.94136102],[-89.7724575,34.96022497],[-89.7214504,34.97668475],[-89.6747863,34.99085559],[-89.6704433,34.99250836],[-89.6194363,35.00840925],[-89.5684292,35.02332987],[-89.5174221,35.03645865],[-89.4937167,35.04186268],[-89.466415,35.05008759],[-89.4154079,35.06359427],[-89.3644009,35.07529075],[-89.3133938,35.08544027],[-89.2700726,35.09286976],[-89.2623867,35.09467069],[-89.2113796,35.10469295],[-89.1603726,35.11292299],[-89.1093655,35.11948235],[-89.0583584,35.12438735],[-89.0073513,35.12771068],[-88.9563442,35.12965813],[-88.9053372,35.1299458],[-88.8543301,35.12901146],[-88.803323,35.12642917],[-88.752316,35.12264302],[-88.7013089,35.11730114],[-88.6503018,35.1105008],[-88.5992947,35.10247779],[-88.5482876,35.09529636],[-88.5371737,35.09286976],[-88.4972806,35.08529608],[-88.4462735,35.07634911],[-88.3952664,35.06674265],[-88.3442593,35.05672631],[-88.2932522,35.04624014],[-88.27192,35.04186268],[-88.2422452,35.03597753],[-88.1912381,35.02581699],[-88.140231,35.01574257],[-88.0892239,35.00599955],[-88.0382168,34.99641546],[-88.0078497,34.99085559],[-87.9872098,34.98682702],[-87.9362027,34.97749001],[-87.8851956,34.96890661],[-87.8341885,34.96104372],[-87.7831814,34.9537962],[-87.7321744,34.9470892],[-87.6811673,34.94148719],[-87.662353,34.93984851],[-87.6301602,34.93681702],[-87.5791531,34.93304085],[-87.528146,34.93007316],[-87.477139,34.92772535],[-87.4261319,34.92575033],[-87.3751248,34.92355464],[-87.3241178,34.92063496],[-87.2731107,34.91657859],[-87.2221036,34.91121972],[-87.1710965,34.90358033],[-87.1200894,34.8914847],[-87.1145233,34.88884143],[-87.0690824,34.86696232],[-87.0265709,34.83783434],[-87.0180753,34.83184702],[-86.9725135,34.78682729],[-86.9670682,34.78152259],[-86.9264222,34.73582021],[-86.9160611,34.72569153],[-86.8671063,34.68481313],[-86.8650541,34.68370705],[-86.814047,34.66259242],[-86.7630399,34.64857289],[-86.7120328,34.63740137],[-86.6944545,34.63380604],[-86.6610257,34.62679063],[-86.6100187,34.61724844],[-86.5590116,34.608845],[-86.5080045,34.60123821],[-86.4569974,34.59410422],[-86.4059903,34.58726264],[-86.3714689,34.58279896],[-86.3549833,34.58028349],[-86.3039762,34.56124135],[-86.2529691,34.53240534],[-86.2519562,34.53179188],[-86.201962,34.49973352],[-86.1714905,34.48078483],[-86.1509549,34.46706598],[-86.0999479,34.43604414],[-86.0887534,34.42977774],[-86.0489408,34.40565991],[-86.0013868,34.37877066],[-85.9979337,34.37664675],[-85.9469267,34.34739802],[-85.9111137,34.32776358],[-85.8959196,34.31876726],[-85.8449125,34.29014116],[-85.8202025,34.2767565],[-85.7939054,34.26109333],[-85.7428983,34.23274014],[-85.7298936,34.22574941],[-85.6918913,34.20262491],[-85.6421366,34.17474233],[-85.6408842,34.17393372],[-85.5898771,34.14282804],[-85.5562036,34.12373528],[-85.53887,34.11262529],[-85.4878629,34.08177355],[-85.4721402,34.0727282],[-85.4368559,34.05009496],[-85.3898507,34.02172111],[-85.3858488,34.01903747],[-85.3348417,33.98623084],[-85.3095811,33.97071403],[-85.2838346,33.95328902],[-85.2328275,33.92125485],[-85.2303943,33.91970695],[-85.1818205,33.88535166],[-85.1566522,33.86869987],[-85.1308134,33.85005312],[-85.084242,33.81769278],[-85.0798063,33.81432608],[-85.0287992,33.77645683],[-85.0152542,33.76668573],[-84.9777922,33.73745136],[-84.9492068,33.71567865],[-84.9267851,33.69726725],[-84.88622,33.66467157],[-84.875778,33.6556688],[-84.8275355,33.61366448],[-84.8247709,33.61116378],[-84.7737638,33.5673537],[-84.7684092,33.5626574],[-84.7227568,33.52030338],[-84.7132821,33.51165032],[-84.6717497,33.47187971],[-84.6599031,33.46064327],[-84.6207426,33.42197661],[-84.6081234,33.40963618],[-84.5697355,33.37087343],[-84.5574912,33.3586291],[-84.5187284,33.31909419],[-84.5074439,33.30762202],[-84.4677214,33.2668328],[-84.457705,33.25661493],[-84.4167143,33.21479834],[-84.4077053,33.20560785],[-84.3657072,33.16333182],[-84.357062,33.15460077],[-84.3147002,33.11278796],[-84.3054761,33.10359372],[-84.2636931,33.06337753],[-84.2527307,33.05258663],[-84.212686,33.0151562],[-84.1986941,33.00157955],[-84.1616789,32.9679568],[-84.1429414,32.95057247],[-84.1106718,32.92104389],[-84.0864757,32.89956539],[-84.0596648,32.87467493],[-84.0300712,32.8485583],[-84.0086577,32.82875234],[-83.9731974,32.79755122],[-83.9576506,32.78327189],[-83.9156567,32.74654417],[-83.9066435,32.73837952],[-83.8588616,32.69553709],[-83.8556364,32.6926562],[-83.8046294,32.64958414],[-83.7989564,32.64453],[-83.7536223,32.6018107],[-83.744945,32.59352292],[-83.7026152,32.55061762],[-83.6948311,32.54251584],[-83.653725,32.49150875],[-83.6516081,32.48820207],[-83.6221359,32.4405017],[-83.600601,32.40308635],[-83.5931837,32.38949462],[-83.5659738,32.33848754],[-83.549594,32.30785059],[-83.5392496,32.28748045],[-83.513286,32.23647337],[-83.4985869,32.2082205],[-83.4873558,32.18546629],[-83.4617529,32.13445921],[-83.4475798,32.10696938],[-83.4361284,32.08345215],[-83.4104567,32.03244507],[-83.3965727,32.00615783],[-83.3843351,31.98143799],[-83.3581455,31.93043091],[-83.3455656,31.90717472],[-83.2945586,31.9176761],[-83.2945586,31.91763648],[-83.3327749,31.87942382],[-83.3455656,31.86663309],[-83.3965727,31.8666351],[-83.4347936,31.82841674],[-83.4475798,31.81563055],[-83.4985869,31.81563186],[-83.5368107,31.77740966],[-83.549594,31.76462634],[-83.600601,31.76462709],[-83.6388264,31.72640261],[-83.6516081,31.71362092],[-83.7026152,31.71362129],[-83.7536223,31.71362158],[-83.7918488,31.67539552],[-83.8046294,31.6626149],[-83.8556364,31.66261509],[-83.9066435,31.66261524],[-83.9576506,31.6626154],[-84.0086577,31.66261559],[-84.0596648,31.66261581],[-84.1106718,31.66261606],[-84.1616789,31.66261631],[-84.212686,31.66261662],[-84.2636931,31.66261693],[-84.3147002,31.66261731],[-84.3657072,31.66261772],[-84.4167143,31.66261815],[-84.4677214,31.66261862],[-84.5187284,31.66261912],[-84.5697355,31.66261969],[-84.6207426,31.66262028],[-84.6717497,31.66262091],[-84.7227568,31.66262153],[-84.7355307,31.67539552],[-84.7737638,31.71362921],[-84.8247709,31.71362993],[-84.875778,31.71363062],[-84.9267851,31.71363131],[-84.9777922,31.71363193],[-85.0287992,31.71363253],[-85.0798063,31.71363312],[-85.1308134,31.71363366],[-85.1818205,31.71363419],[-85.2328275,31.71363466],[-85.2838346,31.71363506],[-85.3348417,31.71363547],[-85.3858488,31.71363581],[-85.4368559,31.7136361],[-85.4878629,31.71363635],[-85.53887,31.71363657],[-85.5898771,31.71363675],[-85.6408842,31.71363688],[-85.6918913,31.713637],[-85.7428983,31.71363713],[-85.7939054,31.71363719],[-85.8449125,31.71363729],[-85.8959196,31.71363735],[-85.9469267,31.71363744],[-85.9979337,31.7136375],[-86.0489408,31.71363763],[-86.0999479,31.71363775],[-86.1509549,31.71363791],[-86.201962,31.7136381],[-86.2529691,31.71363835],[-86.2657334,31.72640261],[-86.3039762,31.76464565],[-86.3549833,31.76464603],[-86.4059903,31.76464643],[-86.4569974,31.7646469],[-86.5080045,31.76464747],[-86.5590116,31.76464812],[-86.6100187,31.76464887],[-86.6610257,31.76464972],[-86.7120328,31.76465066],[-86.7630399,31.76465169],[-86.814047,31.76465285],[-86.8650541,31.76465407],[-86.9160611,31.76465541],[-86.9670682,31.76465682],[-87.0040599,31.77740966],[-87.0119001,31.82841674],[-87.0180753,31.86359487],[-87.0207404,31.87942382],[-87.0303599,31.93043091],[-87.0410527,31.98143799],[-87.0530707,32.03244507],[-87.0665858,32.08345215],[-87.0690824,32.09221415],[-87.0806668,32.13445921],[-87.095922,32.18546629],[-87.1126665,32.23647337],[-87.1200894,32.25732908],[-87.1304692,32.28748045],[-87.1492654,32.33848754],[-87.1682646,32.38949462],[-87.1710965,32.39591732],[-87.1907622,32.4405017],[-87.2135756,32.49150875],[-87.2221036,32.50939618],[-87.2374472,32.54251584],[-87.2627424,32.59352292],[-87.2731107,32.61300609],[-87.2894103,32.64453],[-87.3175887,32.69553709],[-87.3241178,32.70674825],[-87.3467611,32.74654417],[-87.3751248,32.79310401],[-87.3777732,32.79755122],[-87.4100954,32.8485583],[-87.4261319,32.87240398],[-87.443981,32.89956539],[-87.477139,32.94674003],[-87.4797434,32.95057247],[-87.5151737,33.00157955],[-87.528146,33.01941644],[-87.5512208,33.05258663],[-87.5791531,33.09152144],[-87.587453,33.10359372],[-87.6234069,33.15460077],[-87.6301602,33.16395514],[-87.65885,33.20560785],[-87.6811673,33.23707687],[-87.6944798,33.25661493],[-87.7301848,33.30762202],[-87.7321744,33.31039065],[-87.7654995,33.3586291],[-87.7831814,33.38319386],[-87.8015064,33.40963618],[-87.8341885,33.45526518],[-87.8379025,33.46064327],[-87.8744396,33.51165032],[-87.8851956,33.5261477],[-87.9113208,33.5626574],[-87.9362027,33.59598159],[-87.9490073,33.61366448],[-87.9872098,33.66261156],[-87.9887381,33.66467157],[-88.0263967,33.71567865],[-88.0382168,33.73058218],[-88.0661294,33.76668573],[-88.0892239,33.79516516],[-88.1071163,33.81769278],[-88.140231,33.85733208],[-88.1495737,33.86869987],[-88.1912381,33.91701514],[-88.1935224,33.91970695],[-88.2391347,33.97071403],[-88.2422452,33.97404481],[-88.2862236,34.02172111],[-88.2932522,34.02901788],[-88.3351855,34.0727282],[-88.3442593,34.08176501],[-88.3860605,34.12373528],[-88.3952664,34.13258461],[-88.4389482,34.17474233],[-88.4462735,34.18152293],[-88.4942453,34.22574941],[-88.4972806,34.22845712],[-88.5482876,34.27390052],[-88.551523,34.2767565],[-88.5992947,34.317386],[-88.6115926,34.32776358],[-88.6503018,34.35937792],[-88.6744263,34.37877066],[-88.7013089,34.39957768],[-88.7411229,34.42977774],[-88.752316,34.43801271],[-88.803323,34.47472221],[-88.8119803,34.48078483],[-88.8543301,34.50913489],[-88.8904017,34.53179188],[-88.9053372,34.54028388],[-88.9563442,34.56688239],[-88.9903253,34.58279896],[-89.0073513,34.59007533],[-89.0583584,34.6101362],[-89.1093655,34.62781062],[-89.1284118,34.63380604],[-89.1603726,34.64308306],[-89.2113796,34.65612225],[-89.2623867,34.66722151],[-89.3133938,34.67638359],[-89.3644009,34.68376964],[-89.3734791,34.68481313],[-89.4154079,34.68930356],[-89.466415,34.69317958],[-89.5174221,34.69549438],[-89.5684292,34.69625805],[-89.6194363,34.69554961],[-89.6704433,34.69338155],[-89.7214504,34.6898811],[-89.7724575,34.68523887],[-89.7756735,34.68481313],[-89.8234646,34.67869419],[-89.8744717,34.67117402],[-89.9254787,34.66236824],[-89.9764858,34.65233329],[-90.0274929,34.64108348],[-90.0565808,34.63380604],[-90.0785,34.62854866],[-90.1295071,34.61479777],[-90.1805141,34.59983798],[-90.2315212,34.58362788],[-90.2338262,34.58279896],[-90.2825283,34.56613618],[-90.3335353,34.54742315],[-90.3727821,34.53179188],[-90.3845425,34.52734495],[-90.4355495,34.50624212],[-90.4865566,34.48353697],[-90.4921021,34.48078483],[-90.5375637,34.46044435],[-90.5885707,34.43543903],[-90.5992541,34.42977774],[-90.6395778,34.41093016],[-90.6905849,34.38508421],[-90.7025997,34.37877066],[-90.741592,34.36228797],[-90.7925991,34.34194046],[-90.8295125,34.32776358],[-90.8436061,34.32309046],[-90.8946132,34.30752205],[-90.9456203,34.29494133],[-90.9966274,34.292186],[-91.0476345,34.303531],[-91.0746523,34.32776358],[-91.0986415,34.35935026],[-91.109564,34.37877066],[-91.1474587,34.42977774],[-91.1496486,34.43219108],[-91.1952317,34.48078483],[-91.2006557,34.48564864],[-91.2516628,34.52620301],[-91.2654818,34.53179188],[-91.3026698,34.54719253],[-91.3536769,34.56496902],[-91.404684,34.58188793],[-91.4075305,34.58279896],[-91.4556911,34.59920132],[-91.5066982,34.61622056],[-91.5577052,34.63304985],[-91.5600427,34.63380604],[-91.6087123,34.65051189],[-91.6597194,34.66783879],[-91.7099835,34.68481313],[-91.7107265,34.68507952],[-91.7617336,34.70302641],[-91.8127406,34.72086696],[-91.8557314,34.73582021],[-91.8637477,34.73878051],[-91.9147548,34.75731176],[-91.9657618,34.77576746],[-91.9965363,34.78682729],[-92.0167689,34.79456241],[-92.067776,34.8138486],[-92.1187831,34.83309226],[-92.1314834,34.83783434],[-92.1697902,34.85311639],[-92.2207972,34.87337904],[-92.2598314,34.88884143],[-92.2718043,34.89393509],[-92.3228114,34.91538668],[-92.3738185,34.93691437],[-92.3808513,34.93984851],[-92.4248256,34.95968942],[-92.4758326,34.98274946],[-92.4938752,34.99085559],[-92.5268397,35.00721799],[-92.5778468,35.03240069],[-92.5971865,35.04186268],[-92.6288539,35.05932346],[-92.679861,35.08730755],[-92.6901297,35.09286976],[-92.730868,35.11791827],[-92.7732193,35.14387684],[-92.7818751,35.14993679],[-92.8328822,35.18538182],[-92.8466541,35.19488389],[-92.8838893,35.22447844],[-92.9109627,35.24589098],[-92.9348964,35.26794195],[-92.9665324,35.29689806],[-92.9859034,35.31782571],[-93.013931,35.34790514],[-93.0369105,35.37747813],[-93.0537053,35.39891222],[-93.0864305,35.44991931],[-93.0879176,35.45278532],[-93.1131456,35.50092639],[-93.1339684,35.55193344],[-93.1389247,35.56789242],[-93.149971,35.60294052],[-93.1615038,35.65394761],[-93.1690922,35.70495469],[-93.1737761,35.75596177],[-93.176054,35.80696886],[-93.1763797,35.85797591],[-93.1748711,35.90898299],[-93.1719073,35.95999007],[-93.1676486,36.01099716],[-93.1622025,36.06200424],[-93.1556967,36.11301132],[-93.1482099,36.1640184],[-93.1398295,36.21502546],[-93.1389247,36.22010144],[-93.1309114,36.26603254],[-93.1214105,36.31703962],[-93.1114599,36.3680467],[-93.101119,36.41905379],[-93.0905247,36.47006087],[-93.0879176,36.48246654],[-93.0799292,36.52106795],[-93.0694446,36.572075],[-93.0591015,36.62308209],[-93.0492371,36.67408917],[-93.0399697,36.72509625],[-93.0369105,36.74394822],[-93.0317356,36.77610334],[-93.0248596,36.82711042],[-93.0197378,36.87811747],[-93.0169316,36.92912455],[-93.0179126,36.98013164],[-93.0243291,37.03113872],[-93.0369105,37.08045151],[-93.0373416,37.0821458],[-93.0544197,37.13315288],[-93.0765682,37.18415997],[-93.0879176,37.20561775],[-93.1041414,37.23516702],[-93.1363889,37.2861741],[-93.1389247,37.2898711],[-93.1733046,37.33718118],[-93.1899317,37.35820162],[-93.2154565,37.38818827],[-93.2409388,37.41613647],[-93.2642187,37.43919535],[-93.2919459,37.46527415],[-93.3221536,37.49020243],[-93.342953,37.50674079],[-93.39396,37.54028772],[-93.3956975,37.54120952],[-93.4449671,37.56693561],[-93.4959742,37.58612266],[-93.5193859,37.59221657],[-93.5469813,37.59976584],[-93.5979884,37.60879661],[-93.6489954,37.61340911],[-93.7000025,37.61415163],[-93.7510096,37.6113006],[-93.8020167,37.60486329],[-93.8530237,37.59467906],[-93.8619333,37.59221657],[-93.9040308,37.58310084],[-93.9550379,37.56850495],[-94.006045,37.5493542],[-94.022817,37.54120952],[-94.0570521,37.5308753],[-94.1080591,37.51261462],[-94.1572741,37.49020243],[-94.1590662,37.48968932],[-94.2100733,37.47305032],[-94.2610804,37.45086724],[-94.3120875,37.462929],[-94.3630945,37.48580466],[-94.3722929,37.49020243],[-94.4141016,37.51350856],[-94.4651087,37.53681231],[-94.4741885,37.54120952],[-94.5161158,37.56971764],[-94.5595705,37.59221657],[-94.5671229,37.59758482],[-94.6181299,37.62912866],[-94.6456309,37.64322365],[-94.669137,37.65786419],[-94.7201441,37.6851569],[-94.7391324,37.69423073],[-94.7711511,37.71163957],[-94.8221582,37.73648705],[-94.841525,37.74523782],[-94.8731653,37.76088627],[-94.9241724,37.78427207],[-94.951753,37.7962449],[-94.9751795,37.80709291],[-95.0261865,37.82966863],[-95.0676576,37.84725198],[-95.0771936,37.85148938],[-95.1282007,37.87380374],[-95.1792078,37.89534705],[-95.1860361,37.89825903],[-95.2302149,37.91759998],[-95.242973,37.94926612],[-95.2429826,38.0002732]]]}},
{"type":"Feature","properties":{"Lower":120.0},"geometry":{"type":"Polygon","coordinates":[[[-96.4295835,33.30762202],[-96.4195137,33.3586291],[-96.4033776,33.38143632],[-96.377038,33.40963618],[-96.3523706,33.43971668],[-96.3360312,33.46064327],[-96.3013635,33.48662227],[-96.2503564,33.4721733],[-96.2282827,33.46064327],[-96.1993494,33.44013672],[-96.1690349,33.40963618],[-96.1483423,33.36286358],[-96.1463258,33.3586291],[-96.1320363,33.30762202],[-96.1267375,33.25661493],[-96.1483423,33.23513747],[-96.1685598,33.20560785],[-96.1993494,33.17599953],[-96.2503564,33.16123476],[-96.3013635,33.16751623],[-96.3523706,33.19103797],[-96.374345,33.20560785],[-96.4033776,33.24004763],[-96.4165274,33.25661493],[-96.4295835,33.30762202]],[[-96.2820319,33.30762202],[-96.2503564,33.34268915],[-96.1993494,33.30857773],[-96.1987854,33.30762202],[-96.192083,33.25661493],[-96.1993494,33.24613803],[-96.2503564,33.24738993],[-96.2671159,33.25661493],[-96.2820319,33.30762202]]]}},
{"type":"Feature","properties":{"Lower":120.0},"geometry":{"type":"Polygon","coordinates":[[[-95.1409557,38.15329445],[-95.1282007,38.16604944],[-95.0899529,38.20430153],[-95.0899557,38.25530858],[-95.0771936,38.26807068],[-95.0389504,38.30631566],[-95.0389521,38.35732275],[-95.0261865,38.37008835],[-94.9879457,38.40832983],[-94.987947,38.45933691],[-94.9751795,38.47210445],[-94.93694,38.51034399],[-94.9241724,38.52311163],[-94.8859327,38.56135108],[-94.8859335,38.61235813],[-94.8731653,38.62512633],[-94.8349258,38.66336521],[-94.8349263,38.71437229],[-94.8221582,38.72714031],[-94.7839181,38.76537938],[-94.7839182,38.81638646],[-94.7711511,38.8291535],[-94.7329096,38.86739354],[-94.7201441,38.88015902],[-94.6819007,38.91840059],[-94.6819001,38.96940768],[-94.669137,38.98217078],[-94.6308907,39.02041476],[-94.6308897,39.07142184],[-94.6181299,39.08418159],[-94.5798797,39.12242893],[-94.5671229,39.1351858],[-94.5288695,39.17343601],[-94.5288678,39.22444309],[-94.5161158,39.23719514],[-94.5075109,39.22444309],[-94.4651087,39.17805899],[-94.4607127,39.17343601],[-94.4176451,39.12242893],[-94.4141016,39.11813214],[-94.3718484,39.07142184],[-94.3630945,39.06025124],[-94.3302999,39.02041476],[-94.3120875,38.99621331],[-94.2908422,38.96940768],[-94.2610804,38.92765129],[-94.2541165,38.91840059],[-94.2199422,38.86739354],[-94.2100733,38.85019972],[-94.1893138,38.81638646],[-94.1626801,38.76537938],[-94.1590662,38.75657867],[-94.1401025,38.71437229],[-94.1236339,38.66336521],[-94.1142034,38.61235813],[-94.1128458,38.56135108],[-94.1213859,38.51034399],[-94.1413919,38.45933691],[-94.1590662,38.43199648],[-94.1746808,38.40832983],[-94.2100733,38.36887212],[-94.2205398,38.35732275],[-94.2610804,38.32161671],[-94.2784532,38.30631566],[-94.3120875,38.28128386],[-94.3466326,38.25530858],[-94.3630945,38.24451981],[-94.4141016,38.21061624],[-94.4235424,38.20430153],[-94.4651087,38.17901222],[-94.5077983,38.15329445],[-94.5161158,38.14869909],[-94.5671229,38.12157111],[-94.6080991,38.10228736],[-94.6181299,38.09816247],[-94.669137,38.08102272],[-94.7201441,38.06935177],[-94.7711511,38.06362421],[-94.8221582,38.06317059],[-94.8731653,38.06726272],[-94.9241724,38.07476149],[-94.9751795,38.08436276],[-95.0261865,38.09522748],[-95.0560157,38.10228736],[-95.0771936,38.10780101],[-95.1282007,38.12280035],[-95.1409557,38.15329445]]]}},
{"type":"Feature","properties":{"Lower":120.0},"geometry":{"type":"Polygon","coordinates":[[[-93.0947099,38.20430153],[-93.0921834,38.25530858],[-93.0879176,38.27354586],[-93.0804705,38.30631566],[-93.0566274,38.35732275],[-93.0369105,38.38295471],[-93.0177602,38.40832983],[-92.9859034,38.43812522],[-92.9635058,38.45933691],[-92.9348964,38.48017923],[-92.8937458,38.51034399],[-92.8838893,38.5162145],[-92.8328822,38.54765091],[-92.8110659,38.56135108],[-92.7818751,38.5768298],[-92.730868,38.60452071],[-92.7169641,38.61235813],[-92.679861,38.63047453],[-92.6288539,38.65590237],[-92.6145342,38.66336521],[-92.5778468,38.68019816],[-92.5268397,38.7042188],[-92.5062252,38.71437229],[-92.4758326,38.72767861],[-92.4248256,38.75079601],[-92.3937926,38.76537938],[-92.3738185,38.77372289],[-92.3228114,38.79610025],[-92.2777714,38.81638646],[-92.2718043,38.81875636],[-92.2207972,38.84021853],[-92.1697902,38.86208102],[-92.15812,38.86739354],[-92.1187831,38.88286009],[-92.067776,38.90346671],[-92.032727,38.91840059],[-92.0167689,38.92484698],[-91.9657618,38.94746845],[-91.9213972,38.96940768],[-91.9147548,38.97259038],[-91.8637477,39.00059888],[-91.8280361,39.02041476],[-91.8127406,39.02903156],[-91.7617336,39.05689499],[-91.7328165,39.07142184],[-91.7107265,39.08249294],[-91.6597194,39.10386382],[-91.6087123,39.11830628],[-91.5577052,39.11773913],[-91.5066982,39.10371718],[-91.4556911,39.088401],[-91.404684,39.07188792],[-91.4033578,39.07142184],[-91.3536769,39.05302165],[-91.3026698,39.03320274],[-91.2712294,39.02041476],[-91.2516628,39.01150206],[-91.2006557,38.98765043],[-91.1628029,38.96940768],[-91.1496486,38.961834],[-91.0986415,38.93208239],[-91.0757289,38.91840059],[-91.0476345,38.89806325],[-91.0060666,38.86739354],[-90.9966274,38.85937832],[-90.9466259,38.81638646],[-90.9456203,38.81543403],[-90.8946132,38.76660837],[-90.8933422,38.76537938],[-90.8445934,38.71437229],[-90.8436061,38.71321581],[-90.8009206,38.66336521],[-90.7925991,38.65127134],[-90.7649793,38.61235813],[-90.741592,38.56326003],[-90.7406098,38.56135108],[-90.7295792,38.51034399],[-90.7348113,38.45933691],[-90.741592,38.43389793],[-90.7477719,38.40832983],[-90.7611459,38.35732275],[-90.7691608,38.30631566],[-90.7716629,38.25530858],[-90.770561,38.20430153],[-90.7669809,38.15329445],[-90.7617589,38.10228736],[-90.7552746,38.05128028],[-90.7479054,38.0002732],[-90.741592,37.96234327],[-90.7394849,37.94926612],[-90.73011,37.89825903],[-90.7190619,37.84725198],[-90.705908,37.7962449],[-90.6905849,37.74820056],[-90.6896386,37.74523782],[-90.670706,37.69423073],[-90.6483623,37.64322365],[-90.6395778,37.62554883],[-90.6228863,37.59221657],[-90.5936871,37.54120952],[-90.5885707,37.53322709],[-90.5602814,37.49020243],[-90.5375637,37.46002537],[-90.5209994,37.43919535],[-90.4865566,37.40160983],[-90.4728021,37.38818827],[-90.4355495,37.35570864],[-90.4116545,37.33718118],[-90.3845425,37.31715858],[-90.3349399,37.2861741],[-90.3335353,37.28533426],[-90.2825283,37.2621488],[-90.2315212,37.24482346],[-90.1869568,37.23516702],[-90.1805141,37.23376898],[-90.1295071,37.22858385],[-90.0785,37.22857931],[-90.0274929,37.23329148],[-90.0171771,37.23516702],[-89.9764858,37.24183099],[-89.9254787,37.25315258],[-89.8744717,37.25092162],[-89.8558924,37.23516702],[-89.8234646,37.21197251],[-89.7955454,37.18415997],[-89.7724575,37.16076741],[-89.738126,37.13315288],[-89.7214504,37.11948514],[-89.6704433,37.09455886],[-89.6391967,37.0821458],[-89.6194363,37.07362454],[-89.5684292,37.04848268],[-89.5351075,37.03113872],[-89.5174221,37.02017317],[-89.466415,36.98940324],[-89.4481133,36.98013164],[-89.4154079,36.95661122],[-89.3644009,36.93829382],[-89.3133938,36.93868358],[-89.2623867,36.93908018],[-89.2576603,36.92912455],[-89.2623867,36.91972118],[-89.3133938,36.8851649],[-89.3268365,36.87811747],[-89.3644009,36.8760589],[-89.4154079,36.8689348],[-89.466415,36.84988904],[-89.5017825,36.82711042],[-89.5174221,36.82183911],[-89.5684292,36.79199484],[-89.5845659,36.77610334],[-89.5684292,36.74446605],[-89.5583948,36.72509625],[-89.537601,36.67408917],[-89.5174221,36.6247418],[-89.5167088,36.62308209],[-89.4976872,36.572075],[-89.478976,36.52106795],[-89.466415,36.47786221],[-89.463731,36.47006087],[-89.4529711,36.41905379],[-89.4477024,36.3680467],[-89.4488432,36.31703962],[-89.4566466,36.26603254],[-89.466415,36.2302784],[-89.4704982,36.21502546],[-89.4873302,36.1640184],[-89.5017413,36.11301132],[-89.5097608,36.06200424],[-89.5100661,36.01099716],[-89.5030626,35.95999007],[-89.4885543,35.90898299],[-89.466415,35.86453132],[-89.4624163,35.85797591],[-89.4290787,35.80696886],[-89.4154079,35.79138202],[-89.3737582,35.75596177],[-89.3644009,35.74874536],[-89.3133938,35.71988779],[-89.2756042,35.70495469],[-89.2623867,35.69981478],[-89.2113796,35.68674426],[-89.1603726,35.67997133],[-89.1093655,35.6795731],[-89.0583584,35.68524176],[-89.0073513,35.69797473],[-88.9899726,35.70495469],[-88.9563442,35.71792892],[-88.9053372,35.74696374],[-88.8938088,35.75596177],[-88.8543301,35.78534146],[-88.8330327,35.80696886],[-88.803323,35.83496972],[-88.7857518,35.85797591],[-88.752316,35.89994358],[-88.74737,35.90898299],[-88.7199416,35.95999007],[-88.7013089,35.99764444],[-88.6964288,36.01099716],[-88.677034,36.06200424],[-88.6566078,36.11301132],[-88.6503018,36.12788015],[-88.6381401,36.1640184],[-88.6220895,36.21502546],[-88.5992947,36.23687393],[-88.5633977,36.26603254],[-88.5482876,36.27523354],[-88.4972806,36.30349758],[-88.4694406,36.31703962],[-88.4462735,36.32606307],[-88.3952664,36.34436844],[-88.3442593,36.36034022],[-88.3193705,36.3680467],[-88.2932522,36.37508834],[-88.2422452,36.38968702],[-88.1912381,36.40498355],[-88.1480258,36.41905379],[-88.140231,36.42139496],[-88.0892239,36.4385344],[-88.0382168,36.45631192],[-87.9991421,36.47006087],[-87.9872098,36.47404927],[-87.9362027,36.49061754],[-87.8851956,36.50714467],[-87.8425904,36.52106795],[-87.8341885,36.52364745],[-87.7831814,36.53882501],[-87.7321744,36.55246904],[-87.6811673,36.56380819],[-87.634977,36.572075],[-87.6301602,36.5728874],[-87.5791531,36.58043701],[-87.528146,36.5882381],[-87.477139,36.59740931],[-87.4261319,36.60894426],[-87.3764773,36.62308209],[-87.3751248,36.62357633],[-87.3241178,36.65964474],[-87.3145379,36.67408917],[-87.31272,36.72509625],[-87.3083928,36.77610334],[-87.2731107,36.78744924],[-87.2221036,36.79568045],[-87.1710965,36.8191013],[-87.161981,36.82711042],[-87.1268114,36.87811747],[-87.1200894,36.89813988],[-87.107892,36.92912455],[-87.094909,36.98013164],[-87.0837068,37.03113872],[-87.071875,37.0821458],[-87.0690824,37.09274262],[-87.0545472,37.13315288],[-87.0317862,37.18415997],[-87.0180753,37.20939229],[-86.9948338,37.23516702],[-86.9670682,37.26163194],[-86.9243986,37.2861741],[-86.9160611,37.2908925],[-86.8650541,37.32537058],[-86.8474559,37.33718118],[-86.814047,37.36153018],[-86.7630399,37.37411196],[-86.7120328,37.3815861],[-86.6667336,37.38818827],[-86.6610257,37.3890552],[-86.6100187,37.39652859],[-86.5590116,37.40410177],[-86.5080045,37.4120003],[-86.4569974,37.42029791],[-86.4059903,37.42909098],[-86.3549833,37.43823294],[-86.3497862,37.43919535],[-86.3039762,37.44803742],[-86.2529691,37.4581968],[-86.201962,37.46864805],[-86.1509549,37.47922518],[-86.0999479,37.48884676],[-86.0937589,37.49020243],[-86.0489408,37.5006866],[-85.9979337,37.51124975],[-85.9469267,37.52150041],[-85.8959196,37.53121327],[-85.8449125,37.5393055],[-85.8343451,37.54120952],[-85.7939054,37.54898626],[-85.7428983,37.55655847],[-85.6918913,37.5629551],[-85.6408842,37.56799196],[-85.5898771,37.57185037],[-85.53887,37.57423689],[-85.4878629,37.57516913],[-85.4368559,37.57466594],[-85.3858488,37.57251904],[-85.3348417,37.56877466],[-85.2838346,37.56335737],[-85.2328275,37.55617313],[-85.1818205,37.5470732],[-85.1537973,37.54120952],[-85.1308134,37.5363606],[-85.0798063,37.52372811],[-85.0287992,37.50937359],[-84.9777922,37.49306485],[-84.9695863,37.49020243],[-84.9267851,37.47514062],[-84.875778,37.45538107],[-84.837323,37.43919535],[-84.8247709,37.4338485],[-84.7737638,37.41067893],[-84.7275011,37.38818827],[-84.7227568,37.38586033],[-84.6717497,37.35943509],[-84.6309728,37.33718118],[-84.6207426,37.33154478],[-84.5697355,37.30223572],[-84.542762,37.2861741],[-84.5187284,37.27177001],[-84.4677214,37.23977799],[-84.4605435,37.23516702],[-84.4167143,37.20653826],[-84.383648,37.18415997],[-84.3657072,37.17163901],[-84.3147002,37.13500993],[-84.3121613,37.13315288],[-84.2636931,37.09693283],[-84.2442805,37.0821458],[-84.212686,37.05754628],[-84.1792444,37.03113872],[-84.1616789,37.01700731],[-84.1162678,36.98013164],[-84.1106718,36.97550042],[-84.0596648,36.93333635],[-84.0545869,36.92912455],[-84.0086577,36.89027496],[-83.9942173,36.87811747],[-83.9576506,36.84696257],[-83.93435,36.82711042],[-83.9066435,36.80321783],[-83.8750525,36.77610334],[-83.8556364,36.75930258],[-83.8157291,36.72509625],[-83.8046294,36.71554327],[-83.7582646,36.67408917],[-83.7536223,36.67007286],[-83.7026152,36.62888419],[-83.6956528,36.62308209],[-83.6516081,36.58637893],[-83.6342698,36.572075],[-83.600601,36.54429863],[-83.5718621,36.52106795],[-83.549594,36.50306728],[-83.5079019,36.47006087],[-83.4985869,36.46271722],[-83.4475798,36.4231396],[-83.4422283,36.41905379],[-83.3965727,36.38434042],[-83.3746671,36.3680467],[-83.3455656,36.34648969],[-83.3049041,36.31703962],[-83.2945586,36.30957731],[-83.2435515,36.27341227],[-83.2329591,36.26603254],[-83.1925444,36.23799043],[-83.1586516,36.21502546],[-83.1415373,36.20356983],[-83.0905303,36.16986378],[-83.0815064,36.1640184],[-83.0395232,36.13714843],[-83.0010879,36.11301132],[-82.9885161,36.10521008],[-82.937509,36.07396023],[-82.917609,36.06200424],[-82.886502,36.04338916],[-82.8354949,36.01306618],[-82.8319913,36.01099716],[-82.7844878,35.98327113],[-82.7443324,35.95999007],[-82.7334807,35.95374731],[-82.6824737,35.92479789],[-82.6546101,35.90898299],[-82.6314666,35.89599784],[-82.5804595,35.86757405],[-82.5631165,35.85797591],[-82.5294524,35.83962572],[-82.4784453,35.81164651],[-82.4698965,35.80696886],[-82.4274383,35.78408293],[-82.3764312,35.75823786],[-82.3723621,35.75596177],[-82.3254241,35.72911358],[-82.2805567,35.70495469],[-82.274417,35.70170821],[-82.2234099,35.67455313],[-82.184965,35.65394761],[-82.1724029,35.64733349],[-82.1213958,35.62011742],[-82.0896242,35.60294052],[-82.0703887,35.59279226],[-82.0193816,35.56557737],[-81.994106,35.55193344],[-81.9683745,35.53837206],[-81.9173675,35.51155438],[-81.8969971,35.50092639],[-81.8663604,35.48545981],[-81.8153533,35.46020332],[-81.7941675,35.44991931],[-81.7643462,35.43594104],[-81.7133391,35.41246659],[-81.6829129,35.39891222],[-81.6623321,35.39007444],[-81.611325,35.36881092],[-81.5603179,35.35003021],[-81.5550167,35.34790514],[-81.5093109,35.32988679],[-81.4583038,35.31245899],[-81.4130806,35.29689806],[-81.4072967,35.2950637],[-81.3562896,35.2823461],[-81.3052825,35.26984928],[-81.2542755,35.25891218],[-81.2032684,35.24956488],[-81.1774861,35.24589098],[-81.1522613,35.24243712],[-81.1012542,35.23788167],[-81.0502471,35.23399397],[-80.9992401,35.22977513],[-80.948233,35.22513963],[-80.8972259,35.2202305],[-80.8462188,35.21519417],[-80.7952117,35.21009256],[-80.7442047,35.20553485],[-80.6931976,35.20179952],[-80.6421905,35.19867815],[-80.5911834,35.19633566],[-80.5401764,35.19633288],[-80.5172918,35.19488389],[-80.4891693,35.19309357],[-80.4622028,35.19488389],[-80.4381622,35.19650658],[-80.3871551,35.19669747],[-80.336148,35.19940371],[-80.285141,35.20335555],[-80.2341339,35.20848138],[-80.1831268,35.21480945],[-80.1321198,35.22254019],[-80.0811126,35.23161233],[-80.0301056,35.2419667],[-80.0130819,35.24589098],[-79.9790985,35.25377405],[-79.9280914,35.26708484],[-79.8770844,35.28162903],[-79.8328979,35.29689806],[-79.8260773,35.29918093],[-79.7750702,35.31488315],[-79.7240631,35.33354777],[-79.6872122,35.34790514],[-79.673056,35.35349301],[-79.622049,35.37508107],[-79.5710419,35.39659696],[-79.5663678,35.39891222],[-79.5200348,35.42331432],[-79.4690277,35.44785702],[-79.4652763,35.44991931],[-79.4180206,35.4771177],[-79.374449,35.50092639],[-79.3670136,35.50497484],[-79.3160065,35.53274727],[-79.2800647,35.55193344],[-79.2649994,35.56021124],[-79.2139923,35.58914054],[-79.1905494,35.60294052],[-79.1629852,35.62147524],[-79.1167661,35.65394761],[-79.1119782,35.65777319],[-79.0609711,35.70006493],[-79.0552272,35.70495469],[-79.009964,35.74915151],[-79.0032718,35.75596177],[-78.9627961,35.80696886],[-78.9589569,35.81188193],[-78.9198533,35.85797591],[-78.9079498,35.87369853],[-78.8802997,35.90898299],[-78.8569428,35.93901267],[-78.8400338,35.95999007],[-78.8059357,36.00229246],[-78.7986543,36.01099716],[-78.7583233,36.06200424],[-78.7549286,36.06587053],[-78.7089565,36.11301132],[-78.7039215,36.1183567],[-78.6588789,36.1640184],[-78.6529145,36.16978799],[-78.6065092,36.21502546],[-78.6019074,36.21905932],[-78.5509003,36.25768405],[-78.539886,36.26603254],[-78.4998932,36.29453046],[-78.4680372,36.31703962],[-78.4488862,36.33033238],[-78.3978791,36.36449375],[-78.3933043,36.3680467],[-78.346872,36.40592575],[-78.3307607,36.41905379],[-78.2958649,36.44766321],[-78.2706474,36.47006087],[-78.2448579,36.49296767],[-78.2160421,36.52106795],[-78.1938508,36.54284239],[-78.1669699,36.572075],[-78.1428437,36.5983133],[-78.1223102,36.62308209],[-78.0918366,36.6600706],[-78.0813722,36.67408917],[-78.0433918,36.72509625],[-78.0408295,36.72842866],[-78.0073019,36.77610334],[-77.9898225,36.80026047],[-77.9719228,36.82711042],[-77.9388154,36.87463558],[-77.9365898,36.87811747],[-77.9022378,36.92912455],[-77.8878083,36.94969831],[-77.8679936,36.98013164],[-77.8368012,37.02606177],[-77.8335932,37.03113872],[-77.7997885,37.0821458],[-77.7857941,37.10244381],[-77.766082,37.13315288],[-77.7347871,37.18015664],[-77.7323121,37.18415997],[-77.6993309,37.23516702],[-77.68378,37.25824055],[-77.6663528,37.2861741],[-77.6346016,37.33718118],[-77.6327729,37.33993276],[-77.6030242,37.38818827],[-77.5817658,37.42524143],[-77.5746638,37.43919535],[-77.5501663,37.49020243],[-77.5307587,37.53479323],[-77.5284017,37.54120952],[-77.5119769,37.59221657],[-77.4987004,37.64322365],[-77.4887126,37.69423073],[-77.4806284,37.74523782],[-77.4797517,37.75072239],[-77.4731058,37.7962449],[-77.4655752,37.84725198],[-77.4582309,37.89825903],[-77.4510904,37.94926612],[-77.4444013,38.0002732],[-77.4364045,38.05128028],[-77.4287446,38.08398909],[-77.4240014,38.10228736],[-77.4041297,38.15329445],[-77.3777375,38.19718184],[-77.3727345,38.20430153],[-77.3267304,38.25045221],[-77.3207008,38.25530858],[-77.2757233,38.28212517],[-77.2247163,38.30488793],[-77.2210346,38.30631566],[-77.1737092,38.323248],[-77.1227021,38.33974086],[-77.0716951,38.35457577],[-77.0609547,38.35732275],[-77.020688,38.36731083],[-76.9696809,38.3784774],[-76.9186738,38.38801455],[-76.8676667,38.39572614],[-76.8166597,38.4012241],[-76.7656526,38.40364704],[-76.7146455,38.40180283],[-76.6636384,38.39493415],[-76.6126313,38.38165763],[-76.5616243,38.35966204],[-76.5577717,38.35732275],[-76.5106172,38.32516782],[-76.4909349,38.30631566],[-76.4596101,38.27354796],[-76.4466105,38.25530858],[-76.4159589,38.20430153],[-76.408603,38.18876642],[-76.395301,38.15329445],[-76.3823267,38.10228736],[-76.3759469,38.05128028],[-76.3755721,38.0002732],[-76.3804215,37.94926612],[-76.3896923,37.89825903],[-76.4024605,37.84725198],[-76.408603,37.82859825],[-76.4196388,37.7962449],[-76.4383665,37.74523782],[-76.4561602,37.69423073],[-76.4596101,37.68365006],[-76.4740093,37.64322365],[-76.4897061,37.59221657],[-76.5026416,37.54120952],[-76.5106172,37.49945313],[-76.5125484,37.49020243],[-76.5187107,37.43919535],[-76.518322,37.38818827],[-76.5106172,37.35177088],[-76.5078443,37.33718118],[-76.483674,37.2861741],[-76.4596101,37.2565057],[-76.4426955,37.23516702],[-76.408603,37.20231413],[-76.3894909,37.18415997],[-76.357596,37.15834659],[-76.3277104,37.13315288],[-76.3065889,37.11602716],[-76.2662972,37.0821458],[-76.2555818,37.07320753],[-76.2045747,37.03476074],[-76.1990478,37.03113872],[-76.1535676,36.99837358],[-76.1205756,36.98013164],[-76.1025606,36.96600886],[-76.0515535,36.93925151],[-76.0139659,36.92912455],[-76.0005464,36.92154521],[-75.9495393,36.91010223],[-75.8985322,36.89238882],[-75.8602235,36.87811747],[-75.8475252,36.8678619],[-75.7965181,36.83357752],[-75.7849886,36.82711042],[-75.745511,36.79531983],[-75.7143741,36.77610334],[-75.694504,36.7604909],[-75.6434969,36.72874121],[-75.6365508,36.72509625],[-75.5924898,36.69632524],[-75.5471801,36.67408917],[-75.5414827,36.6705977],[-75.4904756,36.64340926],[-75.4394686,36.62402766],[-75.436881,36.62308209],[-75.3884615,36.60002881],[-75.3374544,36.58234863],[-75.3247018,36.572075],[-75.3246992,36.52106795],[-75.3374544,36.5083128],[-75.3757043,36.47006087],[-75.3757035,36.41905379],[-75.3884615,36.40629582],[-75.4267102,36.3680467],[-75.4267103,36.31703962],[-75.4394686,36.30428134],[-75.4777178,36.26603254],[-75.4904756,36.25327473],[-75.5287257,36.21502546],[-75.5287264,36.1640184],[-75.5414827,36.15126206],[-75.5797349,36.11301132],[-75.5797359,36.06200424],[-75.5924898,36.04925031],[-75.6307449,36.01099716],[-75.6434969,35.99824517],[-75.6572478,36.01099716],[-75.694504,36.03428269],[-75.7364002,36.06200424],[-75.745511,36.06778625],[-75.7965181,36.09553524],[-75.8282279,36.11301132],[-75.8475252,36.12358646],[-75.8985322,36.14844837],[-75.9371558,36.1640184],[-75.9495393,36.16885853],[-76.0005464,36.18590809],[-76.0515535,36.20041696],[-76.1025606,36.21275575],[-76.1128551,36.21502546],[-76.1535676,36.22319736],[-76.2045747,36.23115228],[-76.2555818,36.23622066],[-76.3065889,36.23765428],[-76.357596,36.23450594],[-76.408603,36.22511167],[-76.444086,36.21502546],[-76.4596101,36.21063954],[-76.5106172,36.19441105],[-76.5616243,36.17771994],[-76.6000379,36.1640184],[-76.6126313,36.15927735],[-76.6636384,36.13570865],[-76.7053421,36.11301132],[-76.7146455,36.1076389],[-76.7656526,36.0775048],[-76.7967006,36.06200424],[-76.8166597,36.05058454],[-76.8676667,36.0256065],[-76.9023714,36.01099716],[-76.9186738,36.00294463],[-76.9696809,35.98081383],[-77.020688,35.96213135],[-77.0278039,35.95999007],[-77.0716951,35.94395706],[-77.1227021,35.93159204],[-77.1737092,35.92117668],[-77.2247163,35.91181781],[-77.2360753,35.90898299],[-77.2757233,35.89661831],[-77.3267304,35.88264168],[-77.3777375,35.86830934],[-77.4117631,35.85797591],[-77.4287446,35.85217384],[-77.4797517,35.83251251],[-77.5307587,35.80984085],[-77.5359643,35.80696886],[-77.5817658,35.77671444],[-77.6079169,35.75596177],[-77.6327729,35.73321066],[-77.6610289,35.70495469],[-77.68378,35.67980817],[-77.705457,35.65394761],[-77.7347871,35.61607807],[-77.744137,35.60294052],[-77.7759332,35.55193344],[-77.7857941,35.52594643],[-77.7945822,35.50092639],[-77.7889094,35.44991931],[-77.7857941,35.44345361],[-77.7614096,35.39891222],[-77.7347871,35.35670976],[-77.7279167,35.34790514],[-77.68378,35.30134584],[-77.6791338,35.29689806],[-77.6327729,35.25357287],[-77.6246561,35.24589098],[-77.5817658,35.20481014],[-77.571899,35.19488389],[-77.5307587,35.15247274],[-77.5229794,35.14387684],[-77.4797517,35.09786306],[-77.4755982,35.09286976],[-77.4367249,35.04186268],[-77.4287446,35.03181548],[-77.3983901,34.99085559],[-77.3777375,34.962121],[-77.3626705,34.93984851],[-77.3292802,34.88884143],[-77.3267304,34.88491634],[-77.2975258,34.83783434],[-77.2757233,34.80181306],[-77.2669814,34.78682729],[-77.2373703,34.73582021],[-77.2247163,34.71378967],[-77.2085206,34.68481313],[-77.1805695,34.63380604],[-77.1737092,34.62114718],[-77.1609564,34.58279896],[-77.1737092,34.57004622],[-77.2247163,34.57004369],[-77.2757233,34.57004112],[-77.3139684,34.53179188],[-77.3267304,34.51902988],[-77.3777375,34.51902728],[-77.4159757,34.48078483],[-77.4287446,34.46801591],[-77.4797517,34.46801341],[-77.5179831,34.42977774],[-77.5307587,34.41700213],[-77.5817658,34.41699981],[-77.619991,34.37877066],[-77.6327729,34.36598879],[-77.68378,34.36598675],[-77.7347871,34.36598488],[-77.7730051,34.32776358],[-77.7857941,34.31497451],[-77.8368012,34.31497307],[-77.8750153,34.2767565],[-77.8878083,34.26396348],[-77.9388154,34.26396282],[-77.9770273,34.22574941],[-77.9898225,34.21295424],[-78.0408295,34.21295393],[-78.0790399,34.17474233],[-78.0918366,34.16194562],[-78.1428437,34.16194537],[-78.1938508,34.16194515],[-78.2320594,34.12373528],[-78.2448579,34.11093688],[-78.2958649,34.11093663],[-78.3340722,34.0727282],[-78.346872,34.05992836],[-78.3978791,34.05992811],[-78.4360848,34.02172111],[-78.4488862,34.00891981],[-78.4998932,34.00891956],[-78.5509003,34.00891934],[-78.5891043,33.97071403],[-78.6019074,33.957911],[-78.6529145,33.95791078],[-78.691117,33.91970695],[-78.7039215,33.90690242],[-78.7549286,33.9069022],[-78.7931296,33.86869987],[-78.8059357,33.8558938],[-78.8569428,33.85589358],[-78.8951422,33.81769278],[-78.9079498,33.80488512],[-78.9589569,33.80488487],[-79.009964,33.80488465],[-79.0481615,33.76668573],[-79.0609711,33.75387607],[-79.1119782,33.75387582],[-79.1501738,33.71567865],[-79.1629852,33.70286717],[-79.2139923,33.70286689],[-79.252186,33.66467157],[-79.2649994,33.65185812],[-79.3160065,33.6518578],[-79.354198,33.61366448],[-79.3670136,33.60084894],[-79.4180206,33.60084853],[-79.4690277,33.60084812],[-79.5072165,33.5626574],[-79.5200348,33.54983913],[-79.5710419,33.54983866],[-79.6092282,33.51165032],[-79.622049,33.49882955],[-79.673056,33.49882901],[-79.7112397,33.46064327],[-79.7240631,33.44781983],[-79.7750702,33.44781924],[-79.8260773,33.44781864],[-79.8642575,33.40963618],[-79.8770844,33.39680937],[-79.9280914,33.39680868],[-79.9662688,33.3586291],[-79.9790985,33.34579938],[-80.0301056,33.34579869],[-80.06828,33.30762202],[-80.0683591,33.30762202],[-80.0629349,33.3586291],[-80.0811126,33.36689911],[-80.1321198,33.39061865],[-80.1725841,33.40963618],[-80.1831268,33.41440064],[-80.2341339,33.43794178],[-80.2777968,33.46064327],[-80.285141,33.46417103],[-80.336148,33.48541718],[-80.3868921,33.51165032],[-80.3871551,33.5117763],[-80.4381622,33.53298434],[-80.4891693,33.55698598],[-80.5009929,33.5626574],[-80.5401764,33.58087522],[-80.5911834,33.60499621],[-80.6092346,33.61366448],[-80.6421905,33.6290176],[-80.6931976,33.65311374],[-80.7171383,33.66467157],[-80.7442047,33.67725035],[-80.7952117,33.70125778],[-80.8254431,33.71567865],[-80.8462188,33.72526765],[-80.8972259,33.74915113],[-80.9340948,33.76668573],[-80.948233,33.77319771],[-80.9992401,33.79672861],[-81.0443913,33.81769278],[-81.0502471,33.82031794],[-81.1012542,33.84318262],[-81.1522613,33.86621568],[-81.1577864,33.86869987],[-81.2032684,33.88838557],[-81.2542755,33.91023786],[-81.2766492,33.91970695],[-81.3052825,33.93134507],[-81.3562896,33.95171039],[-81.4010027,33.97071403],[-81.4072967,33.97318344],[-81.4583038,33.98982917],[-81.5093109,34.00742273],[-81.5513378,34.02172111],[-81.5603179,34.02463601],[-81.611325,34.04069005],[-81.6623321,34.05647091],[-81.7100904,34.0727282],[-81.7133391,34.07374934],[-81.7643462,34.08675171],[-81.8153533,34.10086719],[-81.8663604,34.11437071],[-81.9090356,34.12373528],[-81.9173675,34.1254557],[-81.9683745,34.13405973],[-82.0193816,34.14075133],[-82.0703887,34.14563827],[-82.1213958,34.14871535],[-82.1724029,34.14988715],[-82.2234099,34.14863981],[-82.274417,34.14712205],[-82.3254241,34.14599178],[-82.3764312,34.14505569],[-82.4274383,34.14446572],[-82.4784453,34.14394476],[-82.5294524,34.14363452],[-82.5804595,34.14295835],[-82.6314666,34.14123295],[-82.6824737,34.13846842],[-82.7334807,34.13440548],[-82.7844878,34.12882109],[-82.8354949,34.12384987],[-82.8360555,34.12373528],[-82.886502,34.11219664],[-82.937509,34.1004581],[-82.9885161,34.0857739],[-83.02566,34.0727282],[-83.0395232,34.06730364],[-83.0905303,34.04362222],[-83.1287473,34.02172111],[-83.1415373,34.01325196],[-83.1925444,33.97587284],[-83.1980061,33.97071403],[-83.2382826,33.91970695],[-83.2435515,33.91188659],[-83.2685659,33.86869987],[-83.2893239,33.81769278],[-83.2945586,33.79874099],[-83.3023768,33.76668573],[-83.309294,33.71567865],[-83.3114402,33.66467157],[-83.3092738,33.61366448],[-83.3029538,33.5626574],[-83.2946547,33.51165032],[-83.2945586,33.51133298],[-83.2790414,33.46064327],[-83.2622272,33.40963618],[-83.244225,33.3586291],[-83.2435515,33.35720011],[-83.2199012,33.30762202],[-83.1943099,33.25661493],[-83.1925444,33.2535968],[-83.1649342,33.20560785],[-83.1415373,33.16831542],[-83.133095,33.15460077],[-83.0981522,33.10359372],[-83.0905303,33.09379055],[-83.0586571,33.05258663],[-83.0395232,33.03181398],[-83.0113877,33.00157955],[-82.9885161,32.98256884],[-82.9489013,32.95057247],[-82.937509,32.94127161],[-82.889712,32.89956539],[-82.886502,32.89627391],[-82.8443493,32.8485583],[-82.8354949,32.83435242],[-82.8160827,32.79755122],[-82.7971862,32.74654417],[-82.7844878,32.7121764],[-82.7781893,32.69553709],[-82.7587899,32.64453],[-82.7396224,32.59352292],[-82.7334807,32.57729968],[-82.7199749,32.54251584],[-82.700211,32.49150875],[-82.6824737,32.44492923],[-82.6807319,32.4405017],[-82.6604582,32.38949462],[-82.640563,32.33848754],[-82.6314666,32.31514323],[-82.6203222,32.28748045],[-82.5999331,32.23647337],[-82.5804595,32.22371988],[-82.5804595,32.2236408],[-82.6186404,32.18546629],[-82.6314666,32.17264013],[-82.6824737,32.17264505],[-82.7206668,32.13445921],[-82.7334807,32.12164532],[-82.7844878,32.12165067],[-82.8354949,32.12165608],[-82.8737067,32.08345215],[-82.886502,32.07065689],[-82.937509,32.07066224],[-82.9757338,32.03244507],[-82.9885161,32.01966279],[-83.0395232,32.0196677],[-83.0777597,31.98143799],[-83.0905303,31.96866741],[-83.1415373,31.96867154],[-83.1797836,31.93043091],[-83.1925444,31.91767003],[-83.2435515,31.91767325],[-83.2945586,31.9176761],[-83.3455656,31.90717472],[-83.3581455,31.93043091],[-83.3843351,31.98143799],[-83.3965727,32.00615783],[-83.4104567,32.03244507],[-83.4361284,32.08345215],[-83.4475798,32.10696938],[-83.4617529,32.13445921],[-83.4873558,32.18546629],[-83.4985869,32.2082205],[-83.513286,32.23647337],[-83.5392496,32.28748045],[-83.549594,32.30785059],[-83.5659738,32.33848754],[-83.5931837,32.38949462],[-83.600601,32.40308635],[-83.6221359,32.4405017],[-83.6516081,32.48820207],[-83.653725,32.49150875],[-83.6948311,32.54251584],[-83.7026152,32.55061762],[-83.744945,32.59352292],[-83.7536223,32.6018107],[-83.7989564,32.64453],[-83.8046294,32.64958414],[-83.8556364,32.6926562],[-83.8588616,32.69553709],[-83.9066435,32.73837952],[-83.9156567,32.74654417],[-83.9576506,32.78327189],[-83.9731974,32.79755122],[-84.0086577,32.82875234],[-84.0300712,32.8485583],[-84.0596648,32.87467493],[-84.0864757,32.89956539],[-84.1106718,32.92104389],[-84.1429414,32.95057247],[-84.1616789,32.9679568],[-84.1986941,33.00157955],[-84.212686,33.0151562],[-84.2527307,33.05258663],[-84.2636931,33.06337753],[-84.3054761,33.10359372],[-84.3147002,33.11278796],[-84.357062,33.15460077],[-84.3657072,33.16333182],[-84.4077053,33.20560785],[-84.4167143,33.21479834],[-84.457705,33.25661493],[-84.4677214,33.2668328],[-84.5074439,33.30762202],[-84.5187284,33.31909419],[-84.5574912,33.3586291],[-84.5697355,33.37087343],[-84.6081234,33.40963618],[-84.6207426,33.42197661],[-84.6599031,33.46064327],[-84.6717497,33.47187971],[-84.7132821,33.51165032],[-84.7227568,33.52030338],[-84.7684092,33.5626574],[-84.7737638,33.5673537],[-84.8247709,33.61116378],[-84.8275355,33.61366448],[-84.875778,33.6556688],[-84.88622,33.66467157],[-84.9267851,33.69726725],[-84.9492068,33.71567865],[-84.9777922,33.73745136],[-85.0152542,33.76668573],[-85.0287992,33.77645683],[-85.0798063,33.81432608],[-85.084242,33.81769278],[-85.1308134,33.85005312],[-85.1566522,33.86869987],[-85.1818205,33.88535166],[-85.2303943,33.91970695],[-85.2328275,33.92125485],[-85.2838346,33.95328902],[-85.3095811,33.97071403],[-85.3348417,33.98623084],[-85.3858488,34.01903747],[-85.3898507,34.02172111],[-85.4368559,34.05009496],[-85.4721402,34.0727282],[-85.4878629,34.08177355],[-85.53887,34.11262529],[-85.5562036,34.12373528],[-85.5898771,34.14282804],[-85.6408842,34.17393372],[-85.6421366,34.17474233],[-85.6918913,34.20262491],[-85.7298936,34.22574941],[-85.7428983,34.23274014],[-85.7939054,34.26109333],[-85.8202025,34.2767565],[-85.8449125,34.29014116],[-85.8959196,34.31876726],[-85.9111137,34.32776358],[-85.9469267,34.34739802],[-85.9979337,34.37664675],[-86.0013868,34.37877066],[-86.0489408,34.40565991],[-86.0887534,34.42977774],[-86.0999479,34.43604414],[-86.1509549,34.46706598],[-86.1714905,34.48078483],[-86.201962,34.49973352],[-86.2519562,34.53179188],[-86.2529691,34.53240534],[-86.3039762,34.56124135],[-86.3549833,34.58028349],[-86.3714689,34.58279896],[-86.4059903,34.58726264],[-86.4569974,34.59410422],[-86.5080045,34.60123821],[-86.5590116,34.608845],[-86.6100187,34.61724844],[-86.6610257,34.62679063],[-86.6944545,34.63380604],[-86.7120328,34.63740137],[-86.7630399,34.64857289],[-86.814047,34.66259242],[-86.8650541,34.68370705],[-86.8671063,34.68481313],[-86.9160611,34.72569153],[-86.9264222,34.73582021],[-86.9670682,34.78152259],[-86.9725135,34.78682729],[-87.0180753,34.83184702],[-87.0265709,34.83783434],[-87.0690824,34.86696232],[-87.1145233,34.88884143],[-87.1200894,34.8914847],[-87.1710965,34.90358033],[-87.2221036,34.91121972],[-87.2731107,34.91657859],[-87.3241178,34.92063496],[-87.3751248,34.92355464],[-87.4261319,34.92575033],[-87.477139,34.92772535],[-87.528146,34.93007316],[-87.5791531,34.93304085],[-87.6301602,34.93681702],[-87.662353,34.93984851],[-87.6811673,34.94148719],[-87.7321744,34.9470892],[-87.7831814,34.9537962],[-87.8341885,34.96104372],[-87.8851956,34.96890661],[-87.9362027,34.97749001],[-87.9872098,34.98682702],[-88.0078497,34.99085559],[-88.0382168,34.99641546],[-88.0892239,35.00599955],[-88.140231,35.01574257],[-88.1912381,35.02581699],[-88.2422452,35.03597753],[-88.27192,35.04186268],[-88.2932522,35.04624014],[-88.3442593,35.05672631],[-88.3952664,35.06674265],[-88.4462735,35.07634911],[-88.4972806,35.08529608],[-88.5371737,35.09286976],[-88.5482876,35.09529636],[-88.5992947,35.10247779],[-88.6503018,35.1105008],[-88.7013089,35.11730114],[-88.752316,35.12264302],[-88.803323,35.12642917],[-88.8543301,35.12901146],[-88.9053372,35.1299458],[-88.9563442,35.12965813],[-89.0073513,35.12771068],[-89.0583584,35.12438735],[-89.1093655,35.11948235],[-89.1603726,35.11292299],[-89.2113796,35.10469295],[-89.2623867,35.09467069],[-89.2700726,35.09286976],[-89.3133938,35.08544027],[-89.3644009,35.07529075],[-89.4154079,35.06359427],[-89.466415,35.05008759],[-89.4937167,35.04186268],[-89.5174221,35.03645865],[-89.5684292,35.02332987],[-89.6194363,35.00840925],[-89.6704433,34.99250836],[-89.6747863,34.99085559],[-89.7214504,34.97668475],[-89.7724575,34.96022497],[-89.8234646,34.94136102],[-89.8272324,34.93984851],[-89.8744717,34.92468378],[-89.9254787,34.90609974],[-89.9675267,34.88884143],[-89.9764858,34.88583325],[-90.0274929,34.86716822],[-90.0785,34.84589278],[-90.0960687,34.83783434],[-90.1295071,34.82510855],[-90.1805141,34.80341394],[-90.2151332,34.78682729],[-90.2315212,34.78021778],[-90.2825283,34.75776106],[-90.3259234,34.73582021],[-90.3335353,34.73253819],[-90.3845425,34.70888505],[-90.429355,34.68481313],[-90.4355495,34.68194774],[-90.4865566,34.65663643],[-90.5262512,34.63380604],[-90.5375637,34.62816457],[-90.5885707,34.60053837],[-90.6172072,34.58279896],[-90.6395778,34.57072227],[-90.6905849,34.53963543],[-90.7022574,34.53179188],[-90.741592,34.5089088],[-90.7829591,34.48078483],[-90.7925991,34.47527028],[-90.8436061,34.44510482],[-90.8713638,34.42977774],[-90.8946132,34.42110762],[-90.9456203,34.40568529],[-90.9966274,34.40711935],[-91.0254088,34.42977774],[-91.0476345,34.45355361],[-91.0700292,34.48078483],[-91.0986415,34.50554689],[-91.1295658,34.53179188],[-91.1496486,34.54530425],[-91.2006557,34.58054453],[-91.2039039,34.58279896],[-91.2516628,34.61416143],[-91.3013054,34.63380604],[-91.3026698,34.63437351],[-91.3536769,34.65462298],[-91.404684,34.67426203],[-91.4328515,34.68481313],[-91.4556911,34.69404946],[-91.5066982,34.71407635],[-91.5577052,34.73364526],[-91.5634796,34.73582021],[-91.6087123,34.7541198],[-91.6597194,34.77435509],[-91.6916019,34.78682729],[-91.7107265,34.79486761],[-91.7617336,34.81598731],[-91.8127406,34.83687456],[-91.8151146,34.83783434],[-91.8637477,34.85897717],[-91.9147548,34.88093698],[-91.9332826,34.88884143],[-91.9657618,34.90379099],[-92.0167689,34.92703237],[-92.0450635,34.93984851],[-92.067776,34.95100272],[-92.1187831,34.97583359],[-92.1497707,34.99085559],[-92.1697902,35.00164956],[-92.2207972,35.02904916],[-92.2447222,35.04186268],[-92.2718043,35.0583852],[-92.3228114,35.08924254],[-92.3288707,35.09286976],[-92.3738185,35.1234249],[-92.4042174,35.14387684],[-92.4248256,35.15964552],[-92.471301,35.19488389],[-92.4758326,35.19880792],[-92.5268397,35.24248062],[-92.5308584,35.24589098],[-92.5778468,35.29176331],[-92.5831495,35.29689806],[-92.627779,35.34790514],[-92.6288539,35.3493157],[-92.6674244,35.39891222],[-92.679861,35.41824932],[-92.7003966,35.44991931],[-92.7277829,35.50092639],[-92.730868,35.50794162],[-92.7503733,35.55193344],[-92.768317,35.60294052],[-92.7818751,35.64935563],[-92.783209,35.65394761],[-92.7935076,35.70495469],[-92.8014719,35.75596177],[-92.8068145,35.80696886],[-92.8097678,35.85797591],[-92.8107291,35.90898299],[-92.8097989,35.95999007],[-92.8072623,36.01099716],[-92.8032063,36.06200424],[-92.7978186,36.11301132],[-92.7912268,36.1640184],[-92.7835593,36.21502546],[-92.7818751,36.22510353],[-92.7749885,36.26603254],[-92.7656636,36.31703962],[-92.755656,36.3680467],[-92.7452419,36.41905379],[-92.7344877,36.47006087],[-92.730868,36.48694427],[-92.7234704,36.52106795],[-92.7124327,36.572075],[-92.7015481,36.62308209],[-92.691106,36.67408917],[-92.6812557,36.72509625],[-92.679861,36.73303712],[-92.6721437,36.77610334],[-92.664894,36.82711042],[-92.6614971,36.87811747],[-92.6620663,36.92912455],[-92.6649971,36.98013164],[-92.6701432,37.03113872],[-92.6777525,37.0821458],[-92.679861,37.09276731],[-92.6878896,37.13315288],[-92.7008691,37.18415997],[-92.7171226,37.23516702],[-92.730868,37.27087149],[-92.7368646,37.2861741],[-92.7596608,37.33718118],[-92.7818751,37.38364411],[-92.7840774,37.38818827],[-92.8094372,37.43919535],[-92.8328822,37.48455949],[-92.8358618,37.49020243],[-92.8626895,37.54120952],[-92.8838893,37.58155769],[-92.8896749,37.59221657],[-92.9161358,37.64322365],[-92.9348964,37.68152061],[-92.9413854,37.69423073],[-92.9643319,37.74523782],[-92.9835308,37.7962449],[-92.9859034,37.8041239],[-93.0003158,37.84725198],[-93.0177557,37.89825903],[-93.0350441,37.94926612],[-93.0369105,37.95549336],[-93.0523314,38.0002732],[-93.067643,38.05128028],[-93.0802969,38.10228736],[-93.0879176,38.13743433],[-93.0919448,38.15329445],[-93.0947099,38.20430153]],[[-76.8943057,36.82711042],[-76.8894055,36.87811747],[-76.8820215,36.92912455],[-76.8676856,36.98013164],[-76.8676667,36.98018102],[-76.8470134,37.03113872],[-76.8311372,37.0821458],[-76.8166597,37.12612658],[-76.8128286,37.13315288],[-76.7723986,37.18415997],[-76.7656526,37.19008655],[-76.7146455,37.19293673],[-76.6959588,37.18415997],[-76.6636384,37.17297872],[-76.6126313,37.14446647],[-76.5954518,37.13315288],[-76.5616243,37.11337919],[-76.5106172,37.08326111],[-76.5088713,37.0821458],[-76.4596101,37.05098592],[-76.4274841,37.03113872],[-76.408603,37.01790663],[-76.3626768,36.98013164],[-76.357596,36.97404518],[-76.3229195,36.92912455],[-76.3222886,36.87811747],[-76.3426,36.82711042],[-76.357596,36.80507453],[-76.3816707,36.77610334],[-76.408603,36.74841267],[-76.4326973,36.72509625],[-76.4596101,36.69930025],[-76.4877074,36.67408917],[-76.5106172,36.65253563],[-76.5487114,36.62308209],[-76.5616243,36.61359222],[-76.6126313,36.58847821],[-76.6636384,36.57283733],[-76.6727487,36.572075],[-76.7146455,36.5685351],[-76.7361119,36.572075],[-76.7656526,36.57832156],[-76.8166597,36.61109439],[-76.8271732,36.62308209],[-76.859032,36.67408917],[-76.8676667,36.69228364],[-76.8803956,36.72509625],[-76.8938643,36.77610334],[-76.8943057,36.82711042]],[[-92.0717994,35.75596177],[-92.0696832,35.80696886],[-92.067776,35.82739989],[-92.0647125,35.85797591],[-92.0569996,35.90898299],[-92.0467864,35.95999007],[-92.0343292,36.01099716],[-92.019869,36.06200424],[-92.0167689,36.07189828],[-92.0028656,36.11301132],[-91.9838548,36.1640184],[-91.9657618,36.20873184],[-91.9629729,36.21502546],[-91.9390665,36.26603254],[-91.9163014,36.31703962],[-91.9147548,36.32066477],[-91.8931751,36.3680467],[-91.8691504,36.41905379],[-91.8637477,36.43029821],[-91.8427474,36.47006087],[-91.8147454,36.52106795],[-91.8127406,36.52462241],[-91.7827942,36.572075],[-91.7617336,36.60405641],[-91.7474643,36.62308209],[-91.7107265,36.66989655],[-91.7068589,36.67408917],[-91.6597194,36.72282201],[-91.6570643,36.72509625],[-91.6087123,36.76451556],[-91.5905651,36.77610334],[-91.5577052,36.79596828],[-91.5066982,36.81862749],[-91.4783512,36.82711042],[-91.4556911,36.83356175],[-91.404684,36.84146448],[-91.3536769,36.84347651],[-91.3026698,36.8401646],[-91.2516628,36.83201858],[-91.2317341,36.82711042],[-91.2006557,36.819612],[-91.1496486,36.80332107],[-91.0986415,36.78354862],[-91.0822263,36.77610334],[-91.0476345,36.76041448],[-90.9966274,36.73408306],[-90.9810139,36.72509625],[-90.9456203,36.70439519],[-90.8983787,36.67408917],[-90.8946132,36.67160668],[-90.8436061,36.63467756],[-90.8287268,36.62308209],[-90.7925991,36.59347552],[-90.7685833,36.572075],[-90.741592,36.54632544],[-90.7164111,36.52106795],[-90.6905849,36.49382575],[-90.6690443,36.47006087],[-90.6395778,36.43566594],[-90.6259439,36.41905379],[-90.5885707,36.37000204],[-90.5871487,36.3680467],[-90.5531999,36.31703962],[-90.5375637,36.29072284],[-90.5239418,36.26603254],[-90.4999913,36.21502546],[-90.4865566,36.17987424],[-90.4807612,36.1640184],[-90.4663774,36.11301132],[-90.4569456,36.06200424],[-90.4526793,36.01099716],[-90.4533507,35.95999007],[-90.4589756,35.90898299],[-90.4690683,35.85797591],[-90.4831798,35.80696886],[-90.4865566,35.797853],[-90.5019105,35.75596177],[-90.524096,35.70495469],[-90.5375637,35.67849381],[-90.5499203,35.65394761],[-90.5791425,35.60294052],[-90.5885707,35.58835315],[-90.6117918,35.55193344],[-90.6395778,35.51175891],[-90.6470062,35.50092639],[-90.6852393,35.44991931],[-90.6905849,35.44334365],[-90.7264609,35.39891222],[-90.741592,35.38120946],[-90.7701224,35.34790514],[-90.7925991,35.32276081],[-90.8157962,35.29689806],[-90.8436061,35.26702391],[-90.8633687,35.24589098],[-90.8946132,35.21346621],[-90.9126421,35.19488389],[-90.9456203,35.16175404],[-90.9635387,35.14387684],[-90.9966274,35.11149757],[-91.0157962,35.09286976],[-91.0476345,35.06234331],[-91.06912,35.04186268],[-91.0986415,35.01393982],[-91.1223546,34.99085559],[-91.1496486,34.96072275],[-91.1635532,34.93984851],[-91.1948925,34.88884143],[-91.2006557,34.88100044],[-91.2516628,34.85613618],[-91.3026698,34.87069217],[-91.3424557,34.88884143],[-91.3536769,34.89447868],[-91.404684,34.92193617],[-91.4393072,34.93984851],[-91.4556911,34.94924907],[-91.5066982,34.97752547],[-91.5315506,34.99085559],[-91.5577052,35.00641806],[-91.6087123,35.03575269],[-91.6194886,35.04186268],[-91.6597194,35.06724587],[-91.7015058,35.09286976],[-91.7107265,35.09957172],[-91.7617336,35.13736136],[-91.7704426,35.14387684],[-91.8127406,35.18197822],[-91.8272861,35.19488389],[-91.8637477,35.23284077],[-91.8765274,35.24589098],[-91.9147548,35.29207477],[-91.918837,35.29689806],[-91.9550389,35.34790514],[-91.9657618,35.36596922],[-91.9856204,35.39891222],[-92.0111917,35.44991931],[-92.0167689,35.46380094],[-92.0317286,35.50092639],[-92.047655,35.55193344],[-92.0593488,35.60294052],[-92.067776,35.65367214],[-92.0678206,35.65394761],[-92.0709735,35.70495469],[-92.0717994,35.75596177]],[[-87.4349439,36.11301132],[-87.4261319,36.13625333],[-87.4181189,36.1640184],[-87.3897543,36.21502546],[-87.3751248,36.23413396],[-87.3555262,36.26603254],[-87.3241178,36.30940686],[-87.3193653,36.31703962],[-87.2807547,36.3680467],[-87.2731107,36.37671003],[-87.2389012,36.41905379],[-87.2221036,36.43628416],[-87.1897565,36.47006087],[-87.1710965,36.48288543],[-87.1200894,36.51537463],[-87.1106783,36.52106795],[-87.0690824,36.53195893],[-87.0180753,36.546917],[-86.9670682,36.56331545],[-86.953072,36.572075],[-86.9160611,36.61190704],[-86.8951183,36.62308209],[-86.8650541,36.63298392],[-86.851165,36.62308209],[-86.814047,36.5844962],[-86.8020174,36.572075],[-86.7636851,36.52106795],[-86.7630399,36.52003407],[-86.719275,36.47006087],[-86.7120328,36.45977335],[-86.6703134,36.41905379],[-86.6610257,36.40792852],[-86.6100187,36.36909336],[-86.6079391,36.3680467],[-86.5590116,36.337606],[-86.5080045,36.31921469],[-86.5007254,36.31703962],[-86.4569974,36.30167158],[-86.4059903,36.29012956],[-86.3549833,36.28038594],[-86.3039762,36.271141],[-86.2764534,36.26603254],[-86.2529691,36.26117301],[-86.201962,36.24983402],[-86.1509549,36.23772203],[-86.0999479,36.22477077],[-86.0644174,36.21502546],[-86.0489408,36.21035322],[-85.9979337,36.19380174],[-85.9469267,36.17448689],[-85.9236324,36.1640184],[-85.8959196,36.1498624],[-85.8449125,36.11982105],[-85.834586,36.11301132],[-85.7939054,36.08266878],[-85.7686943,36.06200424],[-85.7428983,36.03767114],[-85.7164754,36.01099716],[-85.6918913,35.98208967],[-85.6742488,35.95999007],[-85.6408842,35.91683715],[-85.6355649,35.90898299],[-85.6119839,35.85797591],[-85.5898771,35.81424619],[-85.5865643,35.80696886],[-85.5749407,35.75596177],[-85.565042,35.70495469],[-85.5611655,35.65394761],[-85.5633074,35.60294052],[-85.5726852,35.55193344],[-85.5854583,35.50092639],[-85.5898771,35.49264152],[-85.6151795,35.44991931],[-85.6408842,35.41118769],[-85.6491062,35.39891222],[-85.6885924,35.34790514],[-85.6918913,35.34479238],[-85.7422161,35.29689806],[-85.7428983,35.29634274],[-85.7939054,35.25801686],[-85.8079832,35.24589098],[-85.8449125,35.21831175],[-85.8747659,35.19488389],[-85.8959196,35.1803111],[-85.9411007,35.14387684],[-85.9469267,35.13992822],[-85.9979337,35.10506158],[-86.0128188,35.09286976],[-86.0489408,35.06658653],[-86.0785562,35.04186268],[-86.0999479,35.02598822],[-86.1405585,34.99085559],[-86.1509549,34.98306684],[-86.1985692,34.93984851],[-86.201962,34.9375033],[-86.2529691,34.90567128],[-86.3039762,34.90257914],[-86.3549833,34.91643261],[-86.4059903,34.91026035],[-86.4569974,34.91815925],[-86.4834984,34.93984851],[-86.5080045,34.97727788],[-86.5153123,34.99085559],[-86.5408939,35.04186268],[-86.5590116,35.0742549],[-86.5686702,35.09286976],[-86.5965376,35.14387684],[-86.6100187,35.16684945],[-86.6254278,35.19488389],[-86.6560607,35.24589098],[-86.6610257,35.25385726],[-86.6866199,35.29689806],[-86.7120328,35.33542312],[-86.7201121,35.34790514],[-86.7548096,35.39891222],[-86.7630399,35.41042464],[-86.791463,35.44991931],[-86.814047,35.47931762],[-86.8312543,35.50092639],[-86.8650541,35.54150363],[-86.8743591,35.55193344],[-86.9160611,35.597672],[-86.9213297,35.60294052],[-86.9670682,35.64880131],[-86.9728715,35.65394761],[-87.0180753,35.69572427],[-87.0294065,35.70495469],[-87.0690824,35.73950602],[-87.0906563,35.75596177],[-87.1200894,35.78071688],[-87.1559632,35.80696886],[-87.1710965,35.81949491],[-87.2221036,35.85486565],[-87.2268922,35.85797591],[-87.2731107,35.8952587],[-87.2937876,35.90898299],[-87.3241178,35.93464503],[-87.3573019,35.95999007],[-87.3751248,35.97919584],[-87.4069262,36.01099716],[-87.4261319,36.04853405],[-87.4330773,36.06200424],[-87.4349439,36.11301132]]]}},
{"type":"Feature","properties":{"Lower":130.0},"geometry":{"type":"Polygon","coordinates":[[[-96.2820319,33.30762202],[-96.2503564,33.34268915],[-96.1993494,33.30857773],[-96.1987854,33.30762202],[-96.192083,33.25661493],[-96.1993494,33.24613803],[-96.2503564,33.24738993],[-96.2671159,33.25661493],[-96.2820319,33.30762202]]]}},
{"type":"Feature","properties":{"Lower":130.0},"geometry":{"type":"Polygon","coordinates":[[[-76.8943057,36.82711042],[-76.8894055,36.87811747],[-76.8820215,36.92912455],[-76.8676856,36.98013164],[-76.8676667,36.98018102],[-76.8470134,37.03113872],[-76.8311372,37.0821458],[-76.8166597,37.12612658],[-76.8128286,37.13315288],[-76.7723986,37.18415997],[-76.7656526,37.19008655],[-76.7146455,37.19293673],[-76.6959588,37.18415997],[-76.6636384,37.17297872],[-76.6126313,37.14446647],[-76.5954518,37.13315288],[-76.5616243,37.11337919],[-76.5106172,37.08326111],[-76.5088713,37.0821458],[-76.4596101,37.05098592],[-76.4274841,37.03113872],[-76.408603,37.01790663],[-76.3626768,36.98013164],[-76.357596,36.97404518],[-76.3229195,36.92912455],[-76.3222886,36.87811747],[-76.3426,36.82711042],[-76.357596,36.80507453],[-76.3816707,36.77610334],[-76.408603,36.74841267],[-76.4326973,36.72509625],[-76.4596101,36.69930025],[-76.4877074,36.67408917],[-76.5106172,36.65253563],[-76.5487114,36.62308209],[-76.5616243,36.61359222],[-76.6126313,36.58847821],[-76.6636384,36.57283733],[-76.6727487,36.572075],[-76.7146455,36.5685351],[-76.7361119,36.572075],[-76.7656526,36.57832156],[-76.8166597,36.61109439],[-76.8271732,36.62308209],[-76.859032,36.67408917],[-76.8676667,36.69228364],[-76.8803956,36.72509625],[-76.8938643,36.77610334],[-76.8943057,36.82711042]]]}},
{"type":"Feature","properties":{"Lower":130.0},"geometry":{"type":"Polygon","coordinates":[[[-87.4349439,36.11301132],[-87.4261319,36.13625333],[-87.4181189,36.1640184],[-87.3897543,36.21502546],[-87.3751248,36.23413396],[-87.3555262,36.26603254],[-87.3241178,36.30940686],[-87.3193653,36.31703962],[-87.2807547,36.3680467],[-87.2731107,36.37671003],[-87.2389012,36.41905379],[-87.2221036,36.43628416],[-87.1897565,36.47006087],[-87.1710965,36.48288543],[-87.1200894,36.51537463],[-87.1106783,36.52106795],[-87.0690824,36.53195893],[-87.0180753,36.546917],[-86.9670682,36.56331545],[-86.953072,36.572075],[-86.9160611,36.61190704],[-86.8951183,36.62308209],[-86.8650541,36.63298392],[-86.851165,36.62308209],[-86.814047,36.5844962],[-86.8020174,36.572075],[-86.7636851,36.52106795],[-86.7630399,36.52003407],[-86.719275,36.47006087],[-86.7120328,36.45977335],[-86.6703134,36.41905379],[-86.6610257,36.40792852],[-86.6100187,36.36909336],[-86.6079391,36.3680467],[-86.5590116,36.337606],[-86.5080045,36.31921469],[-86.5007254,36.31703962],[-86.4569974,36.30167158],[-86.4059903,36.29012956],[-86.3549833,36.28038594],[-86.3039762,36.271141],[-86.2764534,36.26603254],[-86.2529691,36.26117301],[-86.201962,36.24983402],[-86.1509549,36.23772203],[-86.0999479,36.22477077],[-86.0644174,36.21502546],[-86.0489408,36.21035322],[-85.9979337,36.19380174],[-85.9469267,36.17448689],[-85.9236324,36.1640184],[-85.8959196,36.1498624],[-85.8449125,36.11982105],[-85.834586,36.11301132],[-85.7939054,36.08266878],[-85.7686943,36.06200424],[-85.7428983,36.03767114],[-85.7164754,36.01099716],[-85.6918913,35.98208967],[-85.6742488,35.95999007],[-85.6408842,35.91683715],[-85.6355649,35.90898299],[-85.6119839,35.85797591],[-85.5898771,35.81424619],[-85.5865643,35.80696886],[-85.5749407,35.75596177],[-85.565042,35.70495469],[-85.5611655,35.65394761],[-85.5633074,35.60294052],[-85.5726852,35.55193344],[-85.5854583,35.50092639],[-85.5898771,35.49264152],[-85.6151795,35.44991931],[-85.6408842,35.41118769],[-85.6491062,35.39891222],[-85.6885924,35.34790514],[-85.6918913,35.34479238],[-85.7422161,35.29689806],[-85.7428983,35.29634274],[-85.7939054,35.25801686],[-85.8079832,35.24589098],[-85.8449125,35.21831175],[-85.8747659,35.19488389],[-85.8959196,35.1803111],[-85.9411007,35.14387684],[-85.9469267,35.13992822],[-85.9979337,35.10506158],[-86.0128188,35.09286976],[-86.0489408,35.06658653],[-86.0785562,35.04186268],[-86.0999479,35.02598822],[-86.1405585,34.99085559],[-86.1509549,34.98306684],[-86.1985692,34.93984851],[-86.201962,34.9375033],[-86.2529691,34.90567128],[-86.3039762,34.90257914],[-86.3549833,34.91643261],[-86.4059903,34.91026035],[-86.4569974,34.91815925],[-86.4834984,34.93984851],[-86.5080045,34.97727788],[-86.5153123,34.99085559],[-86.5408939,35.04186268],[-86.5590116,35.0742549],[-86.5686702,35.09286976],[-86.5965376,35.14387684],[-86.6100187,35.16684945],[-86.6254278,35.19488389],[-86.6560607,35.24589098],[-86.6610257,35.25385726],[-86.6866199,35.29689806],[-86.7120328,35.33542312],[-86.7201121,35.34790514],[-86.7548096,35.39891222],[-86.7630399,35.41042464],[-86.791463,35.44991931],[-86.814047,35.47931762],[-86.8312543,35.50092639],[-86.8650541,35.54150363],[-86.8743591,35.55193344],[-86.9160611,35.597672],[-86.9213297,35.60294052],[-86.9670682,35.64880131],[-86.9728715,35.65394761],[-87.0180753,35.69572427],[-87.0294065,35.70495469],[-87.0690824,35.73950602],[-87.0906563,35.75596177],[-87.1200894,35.78071688],[-87.1559632,35.80696886],[-87.1710965,35.81949491],[-87.2221036,35.85486565],[-87.2268922,35.85797591],[-87.2731107,35.8952587],[-87.2937876,35.90898299],[-87.3241178,35.93464503],[-87.3573019,35.95999007],[-87.3751248,35.97919584],[-87.4069262,36.01099716],[-87.4261319,36.04853405],[-87.4330773,36.06200424],[-87.4349439,36.11301132]]]}},
{"type":"Feature","properties":{"Lower":130.0},"geometry":{"type":"Polygon","coordinates":[[[-92.0717994,35.75596177],[-92.0696832,35.80696886],[-92.067776,35.82739989],[-92.0647125,35.85797591],[-92.0569996,35.90898299],[-92.0467864,35.95999007],[-92.0343292,36.01099716],[-92.019869,36.06200424],[-92.0167689,36.07189828],[-92.0028656,36.11301132],[-91.9838548,36.1640184],[-91.9657618,36.20873184],[-91.9629729,36.21502546],[-91.9390665,36.26603254],[-91.9163014,36.31703962],[-91.9147548,36.32066477],[-91.8931751,36.3680467],[-91.8691504,36.41905379],[-91.8637477,36.43029821],[-91.8427474,36.47006087],[-91.8147454,36.52106795],[-91.8127406,36.52462241],[-91.7827942,36.572075],[-91.7617336,36.60405641],[-91.7474643,36.62308209],[-91.7107265,36.66989655],[-91.7068589,36.67408917],[-91.6597194,36.72282201],[-91.6570643,36.72509625],[-91.6087123,36.76451556],[-91.5905651,36.77610334],[-91.5577052,36.79596828],[-91.5066982,36.81862749],[-91.4783512,36.82711042],[-91.4556911,36.83356175],[-91.404684,36.84146448],[-91.3536769,36.84347651],[-91.3026698,36.8401646],[-91.2516628,36.83201858],[-91.2317341,36.82711042],[-91.2006557,36.819612],[-91.1496486,36.80332107],[-91.0986415,36.78354862],[-91.0822263,36.77610334],[-91.0476345,36.76041448],[-90.9966274,36.73408306],[-90.9810139,36.72509625],[-90.9456203,36.70439519],[-90.8983787,36.67408917],[-90.8946132,36.67160668],[-90.8436061,36.63467756],[-90.8287268,36.62308209],[-90.7925991,36.59347552],[-90.7685833,36.572075],[-90.741592,36.54632544],[-90.7164111,36.52106795],[-90.6905849,36.49382575],[-90.6690443,36.47006087],[-90.6395778,36.43566594],[-90.6259439,36.41905379],[-90.5885707,36.37000204],[-90.5871487,36.3680467],[-90.5531999,36.31703962],[-90.5375637,36.29072284],[-90.5239418,36.26603254],[-90.4999913,36.21502546],[-90.4865566,36.17987424],[-90.4807612,36.1640184],[-90.4663774,36.11301132],[-90.4569456,36.06200424],[-90.4526793,36.01099716],[-90.4533507,35.95999007],[-90.4589756,35.90898299],[-90.4690683,35.85797591],[-90.4831798,35.80696886],[-90.4865566,35.797853],[-90.5019105,35.75596177],[-90.524096,35.70495469],[-90.5375637,35.67849381],[-90.5499203,35.65394761],[-90.5791425,35.60294052],[-90.5885707,35.58835315],[-90.6117918,35.55193344],[-90.6395778,35.51175891],[-90.6470062,35.50092639],[-90.6852393,35.44991931],[-90.6905849,35.44334365],[-90.7264609,35.39891222],[-90.741592,35.38120946],[-90.7701224,35.34790514],[-90.7925991,35.32276081],[-90.8157962,35.29689806],[-90.8436061,35.26702391],[-90.8633687,35.24589098],[-90.8946132,35.21346621],[-90.9126421,35.19488389],[-90.9456203,35.16175404],[-90.9635387,35.14387684],[-90.9966274,35.11149757],[-91.0157962,35.09286976],[-91.0476345,35.06234331],[-91.06912,35.04186268],[-91.0986415,35.01393982],[-91.1223546,34.99085559],[-91.1496486,34.96072275],[-91.1635532,34.93984851],[-91.1948925,34.88884143],[-91.2006557,34.88100044],[-91.2516628,34.85613618],[-91.3026698,34.87069217],[-91.3424557,34.88884143],[-91.3536769,34.89447868],[-91.404684,34.92193617],[-91.4393072,34.93984851],[-91.4556911,34.94924907],[-91.5066982,34.97752547],[-91.5315506,34.99085559],[-91.5577052,35.00641806],[-91.6087123,35.03575269],[-91.6194886,35.04186268],[-91.6597194,35.06724587],[-91.7015058,35.09286976],[-91.7107265,35.09957172],[-91.7617336,35.13736136],[-91.7704426,35.14387684],[-91.8127406,35.18197822],[-91.8272861,35.19488389],[-91.8637477,35.23284077],[-91.8765274,35.24589098],[-91.9147548,35.29207477],[-91.918837,35.29689806],[-91.9550389,35.34790514],[-91.9657618,35.36596922],[-91.9856204,35.39891222],[-92.0111917,35.44991931],[-92.0167689,35.46380094],[-92.0317286,35.50092639],[-92.047655,35.55193344],[-92.0593488,35.60294052],[-92.067776,35.65367214],[-92.0678206,35.65394761],[-92.0709735,35.70495469],[-92.0717994,35.75596177]]]}},
{"type":"Feature","properties":{"Lower":130.0},"geometry":{"type":"Polygon","coordinates":[[[-83.3114402,33.66467157],[-83.309294,33.71567865],[-83.3023768,33.76668573],[-83.2945586,33.79874099],[-83.2893239,33.81769278],[-83.2685659,33.86869987],[-83.2435515,33.91188659],[-83.2382826,33.91970695],[-83.1980061,33.97071403],[-83.1925444,33.97587284],[-83.1415373,34.01325196],[-83.1287473,34.02172111],[-83.0905303,34.04362222],[-83.0395232,34.06730364],[-83.02566,34.0727282],[-82.9885161,34.0857739],[-82.937509,34.1004581],[-82.886502,34.11219664],[-82.8360555,34.12373528],[-82.8354949,34.12384987],[-82.7844878,34.12882109],[-82.7334807,34.13440548],[-82.6824737,34.13846842],[-82.6314666,34.14123295],[-82.5804595,34.14295835],[-82.5294524,34.14363452],[-82.4784453,34.14394476],[-82.4274383,34.14446572],[-82.3764312,34.14505569],[-82.3254241,34.14599178],[-82.274417,34.14712205],[-82.2234099,34.14863981],[-82.1724029,34.14988715],[-82.1213958,34.14871535],[-82.0703887,34.14563827],[-82.0193816,34.14075133],[-81.9683745,34.13405973],[-81.9173675,34.1254557],[-81.9090356,34.12373528],[-81.8663604,34.11437071],[-81.8153533,34.10086719],[-81.7643462,34.08675171],[-81.7133391,34.07374934],[-81.7100904,34.0727282],[-81.6623321,34.05647091],[-81.611325,34.04069005],[-81.5603179,34.02463601],[-81.5513378,34.02172111],[-81.5093109,34.00742273],[-81.4583038,33.98982917],[-81.4072967,33.97318344],[-81.4010027,33.97071403],[-81.3562896,33.95171039],[-81.3052825,33.93134507],[-81.2766492,33.91970695],[-81.2542755,33.91023786],[-81.2032684,33.88838557],[-81.1577864,33.86869987],[-81.1522613,33.86621568],[-81.1012542,33.84318262],[-81.0502471,33.82031794],[-81.0443913,33.81769278],[-80.9992401,33.79672861],[-80.948233,33.77319771],[-80.9340948,33.76668573],[-80.8972259,33.74915113],[-80.8462188,33.72526765],[-80.8254431,33.71567865],[-80.7952117,33.70125778],[-80.7442047,33.67725035],[-80.7171383,33.66467157],[-80.6931976,33.65311374],[-80.6421905,33.6290176],[-80.6092346,33.61366448],[-80.5911834,33.60499621],[-80.5401764,33.58087522],[-80.5009929,33.5626574],[-80.4891693,33.55698598],[-80.4381622,33.53298434],[-80.3871551,33.5117763],[-80.3868921,33.51165032],[-80.336148,33.48541718],[-80.285141,33.46417103],[-80.2777968,33.46064327],[-80.2341339,33.43794178],[-80.1831268,33.41440064],[-80.1725841,33.40963618],[-80.1321198,33.39061865],[-80.0811126,33.36689911],[-80.0629349,33.3586291],[-80.0683591,33.30762202],[-80.0811126,33.29486849],[-80.1321198,33.29486774],[-80.1703704,33.25661493],[-80.1831268,33.2438585],[-80.2341339,33.24385775],[-80.285141,33.24385703],[-80.323388,33.20560785],[-80.336148,33.19284782],[-80.3871551,33.1928471],[-80.4253995,33.15460077],[-80.4381622,33.14183805],[-80.4891693,33.14183733],[-80.527411,33.10359372],[-80.5401764,33.0908284],[-80.5911834,33.09082774],[-80.6294229,33.05258663],[-80.6421905,33.03981897],[-80.6931976,33.03981834],[-80.7442047,33.03981771],[-80.7824414,33.00157955],[-80.7952117,32.98880916],[-80.8462188,32.9888086],[-80.8844537,32.95057247],[-80.8972259,32.93780023],[-80.948233,32.93779973],[-80.9864662,32.89956539],[-80.9992401,32.88679152],[-81.0502471,32.88679112],[-81.088479,32.8485583],[-81.1012542,32.83578306],[-81.1522613,32.83578272],[-81.2032684,32.83578234],[-81.2414988,32.79755122],[-81.2542755,32.78477454],[-81.3052825,32.78477426],[-81.3435121,32.74654417],[-81.3562896,32.73376664],[-81.4072967,32.73376639],[-81.4455256,32.69553709],[-81.4583038,32.6827589],[-81.5093109,32.68275875],[-81.5603179,32.68275859],[-81.5985463,32.64453],[-81.611325,32.63175126],[-81.6623321,32.63175116],[-81.7005602,32.59352292],[-81.7133391,32.58074396],[-81.7643462,32.58074389],[-81.8025742,32.54251584],[-81.8153533,32.52973675],[-81.8663604,32.52973672],[-81.9045883,32.49150875],[-81.9173675,32.47872963],[-81.9683745,32.47872963],[-82.0193816,32.4787297],[-82.0576098,32.4405017],[-82.0703887,32.4277228],[-82.1213958,32.42772308],[-82.1596251,32.38949462],[-82.1724029,32.37671691],[-82.2234099,32.376718],[-82.2616425,32.33848754],[-82.274417,32.32571305],[-82.3254241,32.32571502],[-82.363662,32.28748045],[-82.3764312,32.27471132],[-82.4274383,32.27471423],[-82.4784453,32.27471754],[-82.5166947,32.23647337],[-82.5294524,32.22371569],[-82.5804595,32.22371988],[-82.5999331,32.23647337],[-82.6203222,32.28748045],[-82.6314666,32.31514323],[-82.640563,32.33848754],[-82.6604582,32.38949462],[-82.6807319,32.4405017],[-82.6824737,32.44492923],[-82.700211,32.49150875],[-82.7199749,32.54251584],[-82.7334807,32.57729968],[-82.7396224,32.59352292],[-82.7587899,32.64453],[-82.7781893,32.69553709],[-82.7844878,32.7121764],[-82.7971862,32.74654417],[-82.8160827,32.79755122],[-82.8354949,32.83435242],[-82.8443493,32.8485583],[-82.886502,32.89627391],[-82.889712,32.89956539],[-82.937509,32.94127161],[-82.9489013,32.95057247],[-82.9885161,32.98256884],[-83.0113877,33.00157955],[-83.0395232,33.03181398],[-83.0586571,33.05258663],[-83.0905303,33.09379055],[-83.0981522,33.10359372],[-83.133095,33.15460077],[-83.1415373,33.16831542],[-83.1649342,33.20560785],[-83.1925444,33.2535968],[-83.1943099,33.25661493],[-83.2199012,33.30762202],[-83.2435515,33.35720011],[-83.244225,33.3586291],[-83.2622272,33.40963618],[-83.2790414,33.46064327],[-83.2945586,33.51133298],[-83.2946547,33.51165032],[-83.3029538,33.5626574],[-83.3092738,33.61366448],[-83.3114402,33.66467157]]]}}
]
}
